2017-10-01,10:33,0,491,349,22.9,96.4,43,18,32,19
2017-10-01,10:33,0,489,343,23.0,90.9,43,18,32,19
2017-10-01,10:34,0,486,344,23.0,91.9,43,18,32,18
2017-10-01,10:34,0,481,338,23.0,92.8,43,18,32,19
2017-10-01,10:34,0,479,338,23.0,93.2,43,18,32,18
2017-10-01,10:34,0,473,335,23.1,94.2,43,18,32,19
2017-10-01,10:34,0,471,339,23.1,94.1,43,18,32,19
2017-10-01,10:34,0,468,335,23.1,93.9,43,18,33,19
2017-10-01,10:34,0,467,343,23.1,93.4,43,18,33,18
2017-10-01,10:35,0,467,344,23.1,93.8,43,18,33,19
2017-10-01,10:35,0,464,342,23.1,94.2,43,18,33,18
2017-10-01,10:35,0,464,347,23.1,94.5,43,18,33,18
2017-10-01,10:35,0,464,339,23.1,94.8,42,18,33,18
2017-10-01,10:35,0,466,343,23.1,95.0,43,18,33,18
2017-10-01,10:35,0,462,342,23.0,94.6,42,18,33,18
2017-10-01,10:35,0,463,338,23.1,94.8,42,18,33,18
2017-10-01,10:35,0,458,343,23.0,94.9,42,18,33,18
2017-10-01,10:36,0,453,336,23.1,95.3,42,18,34,19
2017-10-01,10:36,0,457,346,23.0,95.2,42,18,33,18
2017-10-01,10:36,0,457,342,23.0,95.1,42,18,34,19
2017-10-01,10:36,0,458,344,23.0,94.8,42,18,34,18
2017-10-01,10:36,0,454,338,23.0,94.0,42,18,34,19
2017-10-01,10:36,0,454,349,23.0,94.0,42,18,34,19
2017-10-01,10:36,0,459,346,23.0,94.2,43,18,34,18
2017-10-01,10:36,0,461,348,23.0,94.9,42,18,34,19
2017-10-01,10:37,0,462,347,23.0,95.0,42,18,34,18
2017-10-01,10:37,0,460,339,23.0,95.0,42,18,34,18
2017-10-01,10:37,0,470,341,23.0,95.0,42,18,34,19
2017-10-01,10:37,0,463,348,23.0,95.0,42,18,35,19
2017-10-01,10:37,0,465,339,23.0,95.0,42,18,34,19
2017-10-01,10:37,0,462,341,23.0,95.4,42,18,34,18
2017-10-01,10:37,0,465,340,22.9,95.1,42,18,35,19
2017-10-01,10:37,0,466,343,22.9,95.2,42,19,35,18
2017-10-01,10:38,0,464,339,22.9,95.7,42,18,35,18
2017-10-01,10:38,0,466,348,22.9,95.9,42,18,35,19
2017-10-01,10:38,0,468,348,23.0,95.9,42,18,35,18
2017-10-01,10:38,0,462,339,22.9,95.9,42,18,35,18
2017-10-01,10:38,0,463,349,22.9,95.8,42,18,35,19
2017-10-01,10:38,0,465,345,22.9,95.9,42,18,35,18
2017-10-01,10:38,0,458,341,22.9,95.9,42,18,35,19
2017-10-01,10:39,0,463,347,22.9,95.9,42,18,35,18
2017-10-01,10:39,0,464,345,22.9,96.3,42,18,35,19
2017-10-01,10:39,1,460,348,22.9,96.4,42,18,36,18
2017-10-01,10:39,0,458,343,22.9,96.3,42,18,35,18
2017-10-01,10:39,0,457,350,22.9,96.3,42,18,36,19
2017-10-01,10:39,0,457,348,22.9,96.3,42,18,36,18
2017-10-01,10:39,0,456,341,22.9,96.5,41,18,36,19
2017-10-01,10:39,0,457,346,22.9,96.6,42,18,36,18
2017-10-01,10:40,0,457,347,22.9,96.5,41,18,36,19
2017-10-01,10:40,0,448,346,22.9,96.6,41,18,36,18
2017-10-01,10:40,0,453,347,22.8,96.6,41,19,36,18
2017-10-01,10:40,0,450,353,22.9,96.8,41,18,36,18
2017-10-01,10:40,0,410,534,22.8,96.6,41,18,36,19
2017-10-01,10:40,0,494,535,22.8,96.7,41,18,36,19
2017-10-01,10:40,0,495,534,22.8,96.6,41,18,36,18
2017-10-01,10:40,0,492,537,22.8,96.4,41,18,37,19
2017-10-01,10:41,0,493,534,22.8,96.2,41,18,37,18
2017-10-01,10:41,0,488,535,22.8,96.0,41,18,37,19
2017-10-01,10:41,0,489,532,22.8,96.4,41,18,37,19
2017-10-01,10:41,0,487,533,22.8,96.8,41,18,37,19
2017-10-01,10:41,0,459,535,22.8,96.8,41,18,37,18
2017-10-01,10:41,0,459,532,22.8,96.8,41,18,37,18
2017-10-01,10:41,0,445,532,22.8,96.9,41,18,37,19
2017-10-01,10:42,0,445,535,22.8,96.8,41,18,37,19
2017-10-01,10:42,0,436,529,22.8,96.8,41,18,37,18
2017-10-01,10:42,0,439,528,22.8,97.0,41,18,37,19
2017-10-01,10:42,0,429,527,22.8,97.2,41,18,37,19
2017-10-01,10:42,0,435,534,22.8,97.2,40,18,37,18
2017-10-01,10:42,0,440,530,22.8,97.2,40,18,38,18
2017-10-01,10:42,0,449,355,22.8,97.1,41,18,38,18
2017-10-01,10:42,0,456,358,22.7,97.1,40,18,38,18
2017-10-01,10:43,0,471,358,22.7,97.1,40,18,38,18
2017-10-01,10:43,0,465,357,22.7,97.2,40,18,38,18
2017-10-01,10:43,0,464,356,22.7,97.4,40,18,38,18
2017-10-01,10:43,0,475,357,22.7,97.1,40,18,38,19
2017-10-01,10:43,0,469,351,22.7,97.3,40,18,38,18
2017-10-01,10:43,0,487,357,22.7,97.5,40,18,38,18
2017-10-01,10:43,0,489,355,22.7,97.1,40,18,38,18
2017-10-01,10:43,0,528,353,22.7,97.1,40,18,38,19
2017-10-01,10:44,0,526,349,22.7,97.1,40,18,38,19
2017-10-01,10:44,0,430,347,22.7,97.1,40,18,39,18
2017-10-01,10:44,0,425,351,22.7,96.9,40,18,39,19
2017-10-01,10:44,0,415,352,22.7,96.8,40,18,39,18
2017-10-01,10:44,0,444,350,22.7,96.5,40,18,39,18
2017-10-01,10:44,0,414,353,22.7,96.4,40,18,39,18
2017-10-01,10:44,0,401,348,22.7,96.8,40,18,39,19
2017-10-01,10:45,0,393,351,22.7,97.4,40,18,39,18
2017-10-01,10:45,0,392,352,22.7,97.9,40,18,39,19
2017-10-01,10:45,0,400,354,22.7,97.6,40,18,39,19
2017-10-01,10:45,0,391,352,22.7,96.8,40,18,39,19
2017-10-01,10:45,0,393,357,22.7,96.7,40,18,39,18
2017-10-01,10:45,0,383,357,22.7,96.8,40,18,39,18
2017-10-01,10:45,0,381,359,22.7,97.1,40,18,39,19
2017-10-01,10:45,0,377,359,22.7,97.6,40,18,40,19
2017-10-01,10:46,0,379,355,22.7,97.6,40,18,40,19
2017-10-01,10:46,0,446,358,22.7,97.7,40,18,40,19
2017-10-01,10:46,0,427,359,22.7,97.1,40,18,40,19
2017-10-01,10:46,0,473,360,22.7,96.8,40,18,40,19
2017-10-01,10:46,0,441,358,22.7,96.7,40,18,40,19
2017-10-01,10:46,0,432,364,22.6,96.6,40,18,40,19
2017-10-01,10:46,0,431,360,22.7,96.8,40,18,40,19
2017-10-01,10:46,0,461,359,22.6,96.5,40,18,40,19
2017-10-01,10:47,0,456,360,22.6,96.3,40,18,40,19
2017-10-01,10:47,0,453,367,22.6,96.6,40,18,40,19
2017-10-01,10:47,0,462,366,22.6,96.7,40,18,40,19
2017-10-01,10:47,0,446,358,22.6,96.6,40,18,40,19
2017-10-01,10:47,0,441,364,22.7,96.8,40,18,40,19
2017-10-01,10:47,0,461,365,22.7,97.1,40,18,40,18
2017-10-01,10:47,0,421,362,22.7,96.9,40,18,40,18
2017-10-01,10:48,1,405,360,22.6,96.7,40,18,40,19
2017-10-01,10:48,0,404,359,22.7,96.8,40,18,41,18
2017-10-01,10:48,0,399,363,22.7,97.0,40,18,41,19
2017-10-01,10:48,1,395,363,22.7,96.8,40,18,41,19
2017-10-01,10:48,0,402,365,22.7,96.8,40,18,41,19
2017-10-01,10:48,0,388,366,22.6,96.9,40,18,41,19
2017-10-01,10:48,0,437,365,22.7,97.1,40,18,41,19
2017-10-01,10:48,0,413,361,22.7,97.4,40,18,41,19
2017-10-01,10:49,0,453,363,22.6,97.2,40,18,41,19
2017-10-01,10:49,0,458,365,22.7,97.1,40,18,41,18
2017-10-01,10:49,0,462,360,22.6,96.7,40,18,41,18
2017-10-01,10:49,0,462,366,22.7,96.8,40,18,41,19
2017-10-01,10:49,0,460,359,22.7,97.1,40,18,41,19
2017-10-01,10:49,0,465,364,22.7,97.4,40,18,41,18
2017-10-01,10:49,0,471,360,22.7,97.2,40,18,41,19
2017-10-01,10:49,0,475,365,22.7,96.8,40,18,41,19
2017-10-01,10:50,0,485,362,22.6,96.4,41,18,41,18
2017-10-01,10:50,0,484,361,22.7,96.3,40,18,41,19
2017-10-01,10:50,0,485,365,22.6,96.0,40,18,41,19
2017-10-01,10:50,0,488,359,22.6,95.9,40,18,41,18
2017-10-01,10:50,0,482,367,22.6,96.2,40,18,41,19
2017-10-01,10:50,0,479,360,22.6,96.1,40,18,41,19
2017-10-01,10:50,0,475,366,22.6,95.9,40,18,41,18
2017-10-01,10:51,0,478,358,22.6,95.7,40,18,41,18
2017-10-01,10:51,0,473,364,22.6,95.6,41,18,41,19
2017-10-01,10:51,0,471,363,22.6,95.8,40,18,41,19
2017-10-01,10:51,0,483,365,22.6,95.9,40,19,41,18
2017-10-01,10:51,0,482,363,22.7,96.1,40,18,41,19
2017-10-01,10:51,0,485,366,22.7,96.1,41,18,41,18
2017-10-01,10:51,0,491,369,22.6,95.9,40,18,41,18
2017-10-01,10:51,0,490,358,22.7,96.0,40,18,41,19
2017-10-01,10:52,0,491,363,22.7,96.4,40,19,41,18
2017-10-01,10:52,0,489,361,22.7,97.0,40,18,41,19
2017-10-01,10:52,0,485,362,22.7,97.1,40,18,41,19
2017-10-01,10:52,0,479,360,22.7,96.8,40,19,41,18
2017-10-01,10:52,0,477,364,22.7,96.5,41,18,41,19
2017-10-01,10:52,0,476,360,22.7,96.2,40,18,41,18
2017-10-01,10:52,0,478,358,22.7,96.2,41,18,41,18
2017-10-01,10:52,0,480,363,22.7,96.1,40,18,41,18
2017-10-01,10:53,0,480,357,22.7,96.1,41,19,41,18
2017-10-01,10:53,0,489,358,22.7,96.2,41,18,41,18
2017-10-01,10:53,0,487,356,22.7,96.1,41,18,41,19
2017-10-01,10:53,0,488,361,22.7,96.0,41,18,40,19
2017-10-01,10:53,0,484,361,22.7,95.9,41,19,41,18
2017-10-01,10:53,0,485,363,22.6,95.8,41,18,41,19
2017-10-01,10:53,0,482,361,22.6,95.7,41,18,41,18
2017-10-01,10:54,0,481,363,22.7,96.0,41,19,41,19
2017-10-01,10:54,0,476,354,22.6,95.8,40,19,41,19
2017-10-01,10:54,0,472,362,22.6,95.6,41,18,41,19
2017-10-01,10:54,0,469,363,22.7,95.9,41,19,41,18
2017-10-01,12:02,0,538,389,22.6,95.8,29,18,29,18
2017-10-01,12:02,0,536,393,23.3,99.9,29,18,29,18
2017-10-01,12:02,0,537,395,23.2,99.9,29,18,29,18
2017-10-01,12:02,0,534,394,23.3,99.9,29,18,29,19
2017-10-01,12:02,0,531,390,23.3,99.9,29,18,29,18
2017-10-01,12:02,0,547,388,23.3,99.9,29,18,29,18
2017-10-01,12:03,0,556,390,23.2,99.9,29,18,29,18
2017-10-01,12:03,0,564,392,23.2,99.9,29,18,29,18
2017-10-01,12:03,0,561,395,23.3,99.9,29,18,29,18
2017-10-01,12:03,0,565,394,23.3,99.9,29,18,30,18
2017-10-01,12:03,0,490,394,23.3,99.9,29,18,30,19
2017-10-01,12:03,0,565,393,23.3,99.9,29,18,30,18
2017-10-01,12:03,0,562,394,23.3,99.9,29,18,30,18
2017-10-01,12:04,0,562,394,23.3,99.9,29,18,30,18
2017-10-01,12:04,0,562,388,23.3,99.9,29,18,30,18
2017-10-01,12:04,0,555,392,23.3,99.9,29,18,30,19
2017-10-01,12:04,0,561,391,23.3,99.9,29,18,30,18
2017-10-01,12:04,0,565,394,23.3,99.9,29,18,30,18
2017-10-01,12:04,0,562,392,23.3,99.9,29,18,30,18
2017-10-01,12:04,0,565,393,23.3,99.9,29,18,30,19
2017-10-01,12:04,0,564,390,23.3,99.9,29,18,30,18
2017-10-01,12:05,0,563,392,23.4,99.9,29,18,30,18
2017-10-01,12:05,0,563,394,23.3,99.9,29,18,31,18
2017-10-01,12:05,0,564,392,23.4,99.9,29,18,30,18
2017-10-01,12:05,0,565,393,23.3,99.9,29,18,31,18
2017-10-01,12:05,0,562,394,23.4,99.9,29,18,30,18
2017-10-01,12:05,1,560,388,23.4,99.9,29,18,31,18
2017-10-01,12:05,0,553,4,23.3,99.9,29,18,31,18
2017-10-01,12:05,0,552,0,23.4,99.9,29,18,31,18
2017-10-01,12:06,0,554,384,23.4,99.9,29,18,31,18
2017-10-01,12:06,0,561,391,23.3,99.9,29,18,31,18
2017-10-01,12:06,0,560,388,23.4,99.9,29,18,31,18
2017-10-01,12:06,0,555,390,23.3,99.9,29,18,31,18
2017-10-01,12:06,0,554,389,23.3,99.9,29,18,31,18
2017-10-01,12:06,0,557,387,23.3,99.9,30,18,31,18
2017-10-01,12:06,0,558,385,23.2,96.9,31,18,31,18
2017-10-01,12:07,0,558,386,23.2,93.8,32,18,31,18
2017-10-01,12:07,0,552,387,23.2,93.5,32,18,31,18
2017-10-01,12:07,0,550,386,23.2,92.8,33,18,32,18
2017-10-01,12:07,0,508,391,23.3,91.1,33,17,32,18
2017-10-01,12:07,0,527,395,23.3,93.6,33,18,31,18
2017-10-01,12:07,0,558,392,23.3,94.7,33,18,32,18
2017-10-01,12:07,0,563,394,23.3,96.1,33,17,31,18
2017-10-01,12:07,0,566,394,23.3,97.1,34,18,31,18
2017-10-01,12:08,0,558,392,23.4,97.0,34,18,32,18
2017-10-01,12:08,0,562,391,23.4,97.6,34,17,32,19
2017-10-01,12:08,0,561,391,23.4,99.6,34,17,32,18
2017-10-01,12:08,0,556,391,23.4,99.0,33,18,32,18
2017-10-01,12:08,0,517,395,23.4,98.0,34,18,32,18
2017-10-01,12:08,0,554,392,23.4,98.0,34,18,32,18
2017-10-01,12:08,0,511,390,23.3,97.8,34,17,32,19
2017-10-01,12:08,0,558,394,23.4,97.6,34,18,32,18
2017-10-01,12:09,0,557,391,23.4,98.3,34,18,32,18
2017-10-01,12:09,0,555,394,23.4,98.8,34,18,32,18
2017-10-01,12:09,0,550,392,23.4,98.8,34,18,32,19
2017-10-01,12:09,0,547,14,23.4,99.4,34,18,32,18
2017-10-01,12:09,0,550,1,23.4,99.2,34,18,32,18
2017-10-01,12:09,0,544,0,23.3,98.8,34,18,32,19
2017-10-01,12:09,0,549,2,23.4,97.9,34,18,32,18
2017-10-01,12:10,0,544,1,23.3,98.2,34,18,32,18
2017-10-01,12:10,0,544,0,23.3,98.3,34,18,33,19
2017-10-01,12:10,0,542,2,23.4,98.7,34,18,32,18
2017-10-01,12:10,0,541,2,23.3,98.7,33,18,33,18
2017-10-01,12:10,0,540,2,23.3,98.2,33,18,33,18
2017-10-01,12:10,0,539,0,23.3,98.0,33,18,33,19
2017-10-01,12:10,0,537,2,23.3,98.0,33,18,33,19
2017-10-01,12:10,0,537,2,23.3,98.4,33,18,33,19
2017-10-01,12:11,0,536,3,23.3,98.7,34,18,33,19
2017-10-01,12:11,0,530,3,23.2,98.4,34,18,33,19
2017-10-01,12:11,0,529,2,23.3,98.3,33,18,33,18
2017-10-01,12:11,0,526,1,23.2,98.8,33,18,33,18
2017-10-01,12:11,0,528,1,23.2,99.0,33,18,33,18
2017-10-01,12:11,0,522,3,23.2,98.9,33,18,33,18
2017-10-01,12:11,0,521,2,23.2,98.1,33,18,33,18
2017-10-01,12:11,0,519,1,23.2,98.3,33,18,33,18
2017-10-01,12:12,0,516,0,23.2,98.6,34,18,33,18
2017-10-01,12:12,0,512,1,23.2,98.8,33,18,33,18
2017-10-01,12:12,0,511,1,23.2,98.9,33,18,33,18
2017-10-01,12:12,0,504,1,23.2,98.9,33,18,33,18
2017-10-01,12:12,0,500,2,23.2,98.9,33,18,33,19
2017-10-01,12:12,0,499,0,23.2,99.3,33,18,33,18
2017-10-01,12:12,0,499,1,23.2,99.3,33,18,33,18
2017-10-01,12:13,0,497,3,23.2,99.4,33,18,34,18
2017-10-01,12:13,0,495,0,23.2,99.3,33,18,33,18
2017-10-01,12:13,0,495,4,23.1,99.3,34,18,34,19
2017-10-01,12:13,0,494,2,23.1,99.2,33,18,34,18
2017-10-01,12:13,0,490,0,23.2,99.7,33,18,34,18
2017-10-01,12:13,0,484,0,23.1,99.9,33,18,34,18
2017-10-01,12:13,0,481,2,23.1,99.9,33,18,34,18
2017-10-01,12:13,0,479,0,23.1,99.9,33,18,34,18
2017-10-01,12:14,0,476,1,23.1,99.9,34,18,34,19
2017-10-01,12:14,0,475,0,23.1,99.9,33,18,34,18
2017-10-01,12:14,0,478,0,23.1,99.9,33,18,34,18
2017-10-01,12:14,0,468,0,23.1,99.9,34,18,34,18
2017-10-01,12:14,0,473,2,23.1,99.9,34,18,34,18
2017-10-01,12:14,0,471,0,23.0,99.9,34,18,34,18
2017-10-01,12:14,0,470,2,23.0,99.9,33,18,34,18
2017-10-01,12:14,0,468,2,23.0,99.9,34,18,34,19
2017-10-01,12:15,0,467,0,23.0,99.9,34,18,34,18
2017-10-01,12:15,0,463,1,23.0,99.9,33,18,35,19
2017-10-01,12:15,0,460,2,23.1,99.9,34,18,34,18
2017-10-01,12:15,0,456,3,23.0,99.9,34,18,34,18
2017-10-01,12:15,0,453,1,23.0,99.8,34,18,35,18
2017-10-01,12:15,0,449,1,23.0,99.6,34,18,35,19
2017-10-01,12:15,0,450,1,23.0,99.7,34,18,35,18
2017-10-01,12:16,0,446,0,23.0,99.9,34,18,35,18
2017-10-01,12:16,0,444,0,23.0,99.7,34,18,35,18
2017-10-01,12:16,0,444,3,23.0,99.9,34,18,35,18
2017-10-01,12:16,0,442,3,23.0,99.9,34,18,35,18
2017-10-01,12:16,0,439,0,23.0,99.9,34,18,35,18
2017-10-01,12:16,0,436,2,23.0,99.9,34,18,35,18
2017-10-01,12:16,0,431,0,23.0,99.9,34,18,35,19
2017-10-01,12:16,0,431,2,23.0,99.9,34,18,35,19
2017-10-01,12:17,1,427,1,23.0,99.9,34,18,35,19
2017-10-01,12:17,0,422,3,23.0,99.9,34,18,35,18
2017-10-01,12:17,0,422,0,22.9,99.9,34,18,36,18
2017-10-01,12:17,0,420,0,22.9,99.6,34,18,36,19
2017-10-01,12:17,0,421,1,22.9,99.7,34,18,36,19
2017-10-01,12:17,0,417,0,22.9,99.8,34,18,36,18
2017-10-01,12:17,0,416,1,22.9,99.9,34,18,36,19
2017-10-01,12:17,0,413,3,22.9,99.9,34,18,36,18
2017-10-01,12:18,0,411,0,22.9,99.9,34,18,36,19
2017-10-01,12:18,0,409,3,22.9,99.1,34,18,36,19
2017-10-01,12:18,0,404,0,22.9,99.4,34,18,36,18
2017-10-01,12:18,0,402,1,22.9,99.9,34,18,36,18
2017-10-01,12:18,0,402,2,22.9,99.9,34,18,36,19
2017-10-01,12:18,0,402,0,22.9,99.9,34,18,36,18
2017-10-01,12:18,0,395,0,22.9,99.9,34,18,36,19
2017-10-01,12:19,0,390,0,22.9,99.9,34,18,36,18
2017-10-01,12:19,0,388,1,22.8,99.3,35,18,36,18
2017-10-01,12:19,0,380,0,22.9,99.3,34,18,37,19
2017-10-01,12:19,0,377,1,22.8,99.4,35,18,36,19
2017-10-01,12:19,0,372,0,22.9,99.9,34,18,37,18
2017-10-01,12:19,0,378,0,22.8,98.9,35,18,37,19
2017-10-01,12:19,0,367,0,22.8,99.3,35,18,37,18
2017-10-01,12:19,0,370,0,22.8,99.9,35,18,37,19
2017-10-01,12:20,0,371,2,22.8,99.9,35,18,37,18
2017-10-01,12:20,0,366,0,22.8,99.9,35,18,37,18
2017-10-01,12:20,0,363,0,22.9,99.9,35,18,37,18
2017-10-01,12:20,0,362,0,22.9,99.9,35,18,37,19
2017-10-01,12:20,0,359,0,22.9,99.9,35,18,37,19
2017-10-01,12:20,0,362,0,22.8,99.9,35,18,37,19
2017-10-01,12:20,0,361,2,22.8,99.9,35,18,37,19
2017-10-01,12:20,0,363,0,22.8,99.9,35,18,37,18
2017-10-01,12:21,0,366,1,22.8,99.9,35,18,37,18
2017-10-01,12:21,0,372,1,22.8,99.9,35,18,37,18
2017-10-01,12:21,0,370,0,22.8,99.9,35,18,38,19
2017-10-01,12:21,0,371,0,22.8,99.9,35,18,37,19
2017-10-01,12:21,0,372,0,22.8,99.9,35,18,38,19
2017-10-01,12:21,0,372,0,22.8,99.9,35,18,38,19
2017-10-01,12:21,0,372,0,22.8,99.9,35,18,38,19
2017-10-01,12:22,0,369,0,22.8,99.9,35,18,37,19
2017-10-01,12:22,0,374,0,22.8,99.9,35,18,38,18
2017-10-01,12:22,0,374,0,22.8,99.9,35,18,38,18
2017-10-01,12:22,0,374,0,22.8,99.9,35,18,38,18
2017-10-01,12:22,0,375,0,22.8,99.9,35,18,38,18
2017-10-01,12:22,0,371,2,22.8,99.9,35,18,38,19
2017-10-01,12:22,0,371,0,22.8,99.9,35,18,38,19
2017-10-01,12:22,0,375,0,22.8,99.9,35,18,38,18
2017-10-01,12:23,0,377,0,22.8,99.9,36,18,38,18
2017-10-01,12:23,0,386,2,22.8,99.9,35,18,38,18
2017-10-01,12:23,0,386,0,22.8,99.9,35,18,38,18
2017-10-01,12:23,0,388,0,22.8,99.9,36,18,38,19
2017-10-01,12:23,0,388,0,22.7,99.9,36,18,38,19
2017-10-01,12:23,0,395,0,22.8,99.8,36,18,39,18
2017-10-01,12:23,0,396,2,22.8,99.9,36,18,39,18
2017-10-01,12:23,0,397,0,22.7,99.9,36,18,39,19
2017-10-01,12:24,0,399,0,22.7,99.9,36,18,39,18
2017-10-01,12:24,0,400,0,22.8,99.9,36,18,39,19
2017-10-01,12:24,0,402,0,22.7,99.9,36,18,39,19
2017-10-01,12:24,0,403,0,22.7,99.9,36,18,39,18
2017-10-01,12:24,0,402,3,22.7,99.9,36,18,39,18
2017-10-01,12:24,0,402,0,22.7,99.8,36,18,39,19
2017-10-01,12:24,0,407,0,22.7,99.9,36,18,39,19
2017-10-01,12:25,0,404,0,22.7,99.9,36,18,39,19
2017-10-01,12:25,0,409,0,22.7,99.9,36,18,39,18
2017-10-01,12:25,0,410,1,22.7,99.4,36,18,39,18
2017-10-01,12:25,0,412,1,22.7,99.2,36,18,39,18
2017-10-01,12:25,0,415,1,22.7,98.9,36,18,39,18
2017-10-01,12:25,0,411,1,22.7,99.1,36,18,39,18
2017-10-01,12:25,0,412,0,22.7,99.7,36,18,39,19
2017-10-01,12:25,0,413,0,22.6,99.7,36,18,40,19
2017-10-01,12:26,0,412,1,22.6,99.8,36,18,40,18
2017-10-01,12:26,0,413,0,22.6,99.3,36,18,40,19
2017-10-01,12:26,0,412,0,22.6,99.5,37,18,40,19
2017-10-01,12:26,1,413,1,22.6,99.6,36,18,40,19
2017-10-01,12:26,0,411,0,22.6,99.6,37,18,40,19
2017-10-01,12:26,0,408,0,22.6,99.3,37,18,40,18
2017-10-01,12:26,0,403,0,22.6,98.8,37,18,40,19
2017-10-01,12:26,0,403,0,22.6,99.0,37,18,40,18
2017-10-01,12:27,0,400,0,22.6,99.2,37,18,40,19
2017-10-01,12:27,0,397,0,22.6,99.3,37,18,41,19
2017-10-01,12:27,0,401,0,22.6,99.0,37,18,40,19
2017-10-01,12:27,0,399,0,22.6,97.9,37,18,41,19
2017-10-01,12:27,0,398,1,22.5,97.8,37,18,40,19
2017-10-01,12:27,0,398,0,22.6,98.1,37,18,40,18
2017-10-01,12:27,0,397,0,22.6,98.3,37,18,41,19
2017-10-01,12:27,0,400,0,22.6,98.7,37,18,41,18
2017-10-01,12:28,0,401,1,22.6,98.6,37,18,41,19
2017-10-01,12:28,0,401,0,22.6,98.6,37,18,41,18
2017-10-01,12:28,0,400,0,22.5,98.0,37,18,41,18
2017-10-01,12:28,0,396,0,22.5,98.0,37,18,41,18
2017-10-01,12:28,0,391,0,22.5,98.7,37,18,41,18
2017-10-01,12:28,0,394,0,22.5,98.8,37,18,41,18
2017-10-01,12:28,0,391,3,22.5,98.4,37,18,41,18
2017-10-01,12:29,0,395,2,22.5,98.0,37,18,41,19
2017-10-01,12:29,0,390,1,22.6,98.0,37,18,41,19
2017-10-01,12:29,0,387,0,22.6,97.9,37,18,41,19
2017-10-01,12:29,0,383,0,22.5,98.1,37,18,41,18
2017-10-01,12:29,0,384,0,22.5,98.1,38,18,41,19
2017-10-01,12:29,0,384,0,22.5,97.8,38,18,41,19
2017-10-01,12:29,0,382,0,22.6,97.8,38,18,41,18
2017-10-01,12:29,0,381,0,22.5,98.1,38,18,41,18
2017-10-01,12:30,0,376,0,22.5,98.7,38,18,41,19
2017-10-01,12:30,0,368,0,22.5,98.5,38,18,41,19
2017-10-01,12:30,0,366,0,22.5,98.4,38,18,42,19
2017-10-01,12:30,0,364,2,22.5,98.4,38,18,41,19
2017-10-01,12:30,0,359,0,22.5,98.5,38,19,41,19
2017-10-01,12:30,0,360,1,22.5,98.5,38,18,41,19
2017-10-01,12:30,0,357,0,22.5,98.3,38,18,41,18
2017-10-01,12:30,0,358,1,22.5,98.3,38,18,41,19
2017-10-01,12:31,0,352,0,22.5,98.2,38,18,41,19
2017-10-01,12:31,0,345,0,22.5,98.2,38,18,41,18
2017-10-01,12:31,0,349,0,22.5,98.1,38,18,41,18
2017-10-01,12:31,0,344,0,22.5,98.2,38,18,41,19
2017-10-01,12:31,0,344,0,22.5,98.1,38,18,42,19
2017-10-01,12:31,0,340,0,22.5,98.8,38,18,41,19
2017-10-01,12:31,0,337,0,22.5,99.2,38,18,41,18
2017-10-01,12:32,0,333,0,22.5,99.1,38,19,41,18
2017-10-01,12:32,0,331,0,22.5,99.1,39,18,41,19
2017-10-01,12:32,0,328,1,22.5,98.7,39,18,41,19
2017-10-01,12:32,0,325,0,22.5,98.3,39,18,41,19
2017-10-01,12:32,0,325,0,22.4,98.1,38,18,41,19
2017-10-01,12:32,0,318,0,22.5,98.6,39,18,41,18
2017-10-01,12:32,0,314,0,22.4,98.0,39,18,41,18
2017-10-01,12:32,0,313,0,22.4,97.8,38,18,41,18
2017-10-01,12:33,0,315,0,22.4,98.0,38,19,41,18
2017-10-01,12:33,0,312,0,22.4,98.6,38,18,41,18
2017-10-01,12:33,0,309,0,22.4,98.4,38,18,42,18
2017-10-01,12:33,0,307,0,22.4,98.2,38,19,41,18
2017-10-01,12:33,0,309,0,22.4,98.6,39,19,41,18
2017-10-01,12:33,0,310,0,22.4,98.9,39,18,41,19
2017-10-01,12:33,0,307,0,22.4,99.2,39,18,41,19
2017-10-01,12:33,0,308,0,22.5,99.0,39,18,41,19
2017-10-01,12:34,0,310,0,22.4,99.2,39,18,41,18
2017-10-01,12:34,0,309,0,22.4,98.7,38,19,41,18
2017-10-01,12:34,0,309,0,22.4,99.0,39,19,41,18
2017-10-01,12:34,0,306,0,22.4,98.9,38,19,41,18
2017-10-01,12:34,0,306,0,22.4,98.9,39,19,41,18
2017-10-01,12:34,0,305,0,22.4,98.9,39,19,41,18
2017-10-01,12:34,0,311,0,22.4,98.9,39,18,41,19
2017-10-01,12:35,0,312,1,22.4,98.7,39,19,41,18
2017-10-01,12:35,0,311,0,22.4,98.9,39,18,41,19
2017-10-01,12:35,0,316,0,22.4,98.4,39,19,41,19
2017-10-01,12:35,0,314,0,22.4,98.3,39,18,41,19
2017-10-01,12:35,0,322,0,22.4,98.2,39,19,41,18
2017-10-01,12:35,0,312,0,22.4,98.6,39,19,41,19
2017-10-01,12:35,0,320,0,22.4,98.7,39,19,41,18
2017-10-01,12:35,0,323,0,22.4,98.5,39,19,41,19
2017-10-01,12:36,0,326,0,22.4,98.1,39,19,41,19
2017-10-01,12:36,0,332,0,22.4,97.5,39,19,41,18
2017-10-01,12:36,0,331,0,22.3,97.4,39,19,41,19
2017-10-01,12:36,0,335,3,22.3,97.4,39,19,41,19
2017-10-01,12:36,0,339,0,22.3,97.4,39,19,41,19
2017-10-01,12:36,0,341,0,22.4,97.1,39,19,41,19
2017-10-01,12:36,0,348,0,22.3,96.9,39,19,41,18
2017-10-01,12:36,0,346,0,22.3,96.8,39,19,41,19
2017-10-01,12:37,0,348,0,22.3,96.6,39,19,41,18
2017-10-01,12:37,0,350,0,22.3,96.9,39,19,41,19
2017-10-01,12:37,0,356,0,22.3,96.8,39,19,41,18
2017-10-01,12:37,0,364,0,22.3,96.8,39,19,40,19
2017-10-01,12:37,0,370,0,22.3,96.8,39,19,41,18
2017-10-01,12:37,0,380,0,22.3,97.2,39,19,41,19
2017-10-01,12:37,0,385,0,22.3,97.2,39,19,41,18
2017-10-01,12:38,0,389,0,22.3,97.1,39,19,41,19
2017-10-01,12:38,0,392,0,22.3,97.7,39,19,41,19
2017-10-01,12:38,0,397,0,22.3,98.2,39,19,40,19
2017-10-01,12:38,0,401,0,22.4,98.3,39,19,41,18
2017-10-01,12:38,0,409,1,22.3,97.7,39,19,41,19
2017-10-01,12:38,0,413,0,22.3,97.4,39,19,41,18
2017-10-01,12:38,0,416,0,22.3,97.2,39,19,41,19
2017-10-01,12:38,0,420,1,22.3,97.1,39,19,40,18
2017-10-01,12:39,0,425,1,22.3,97.2,39,19,41,19
2017-10-01,12:39,0,430,0,22.3,97.2,39,19,41,19
2017-10-01,12:39,0,436,0,22.3,97.0,39,19,40,19
2017-10-01,12:39,0,442,0,22.3,96.1,39,19,41,19
2017-10-01,12:39,0,446,2,22.3,96.6,39,19,40,18
2017-10-01,12:39,0,450,1,22.3,97.3,39,19,40,19
2017-10-01,12:39,0,450,0,22.3,97.2,39,19,41,18
2017-10-01,12:39,0,460,1,22.3,96.2,39,19,40,19
2017-10-01,12:40,0,457,0,22.3,95.6,39,19,41,19
2017-10-01,12:40,0,462,0,22.3,95.8,39,19,41,19
2017-10-01,12:40,0,467,1,22.3,96.3,39,19,40,18
2017-10-01,12:40,0,468,1,22.3,96.4,39,19,40,19
2017-10-01,12:40,0,470,0,22.3,96.2,39,19,40,19
2017-10-01,12:40,0,470,0,22.3,96.2,39,19,40,19
2017-10-01,12:40,0,475,0,22.3,96.2,39,19,40,19
2017-10-01,12:41,0,474,1,22.3,95.9,39,19,40,19
2017-10-01,12:41,0,480,0,22.3,95.9,39,19,40,19
2017-10-01,12:41,0,481,0,22.3,95.6,39,19,40,19
2017-10-01,12:41,0,480,0,22.3,95.5,39,19,40,19
2017-10-01,12:41,0,484,0,22.3,95.4,39,19,41,19
2017-10-01,12:41,0,484,1,22.3,95.1,39,19,40,19
2017-10-01,12:41,0,484,0,22.3,95.1,39,19,41,19
2017-10-01,12:41,0,484,1,22.3,95.7,39,19,40,18
2017-10-01,12:42,0,485,1,22.3,96.1,39,19,40,19
2017-10-01,12:42,0,483,3,22.3,96.3,39,19,40,19
2017-10-01,12:42,0,483,0,22.3,96.4,39,19,40,18
2017-10-01,12:42,0,484,0,22.3,96.4,39,19,40,19
2017-10-01,12:42,0,481,0,22.3,96.1,39,19,40,19
2017-10-01,12:42,0,484,1,22.3,95.7,39,19,40,18
2017-10-01,12:42,0,488,1,22.3,95.1,39,19,40,18
2017-10-01,12:42,0,487,0,22.2,94.8,39,19,40,19
2017-10-01,12:43,0,488,0,22.3,95.0,39,19,40,19
2017-10-01,12:43,0,494,0,22.3,95.2,39,19,40,19
2017-10-01,12:43,0,490,0,22.3,95.6,39,19,40,19
2017-10-01,12:43,0,494,0,22.2,94.9,39,19,40,19
2017-10-01,12:43,0,494,0,22.2,94.7,39,19,40,19
2017-10-01,12:43,0,494,1,22.2,94.9,39,19,40,18
2017-10-01,12:43,0,499,1,22.2,95.1,39,19,40,18
2017-10-01,12:44,0,496,0,22.2,94.7,39,19,40,19
2017-10-01,12:44,0,499,2,22.2,94.5,39,19,40,18
2017-10-01,12:44,0,495,0,22.2,94.5,39,19,40,19
2017-10-01,12:44,0,490,1,22.2,93.8,39,19,40,19
2017-10-01,12:44,0,496,1,22.2,93.9,39,19,40,19
2017-10-01,12:44,0,496,2,22.3,94.1,39,19,40,19
2017-10-01,12:44,0,497,0,22.2,93.6,39,19,40,19
2017-10-01,12:44,0,498,1,22.2,93.8,39,19,40,19
2017-10-01,12:45,0,497,1,22.3,93.9,39,19,40,18
2017-10-01,12:45,0,503,3,22.2,93.8,39,19,40,19
2017-10-01,12:45,0,503,0,22.2,93.2,39,19,40,19
2017-10-01,12:45,0,507,0,22.2,93.1,39,19,40,19
2017-10-01,12:45,0,508,1,22.2,93.2,39,19,40,19
2017-10-01,12:45,0,506,0,22.2,93.0,39,19,40,19
2017-10-01,12:45,0,506,0,22.2,92.9,39,19,40,19
2017-10-01,12:45,0,508,2,22.2,92.5,39,19,40,19
2017-10-01,12:46,0,509,2,22.2,92.3,39,19,40,18
2017-10-01,12:46,0,509,2,22.2,93.0,39,20,40,19
2017-10-01,12:46,0,513,3,22.2,93.2,39,19,40,19
2017-10-01,12:46,0,510,1,22.2,93.1,39,19,40,19
2017-10-01,12:46,0,513,1,22.2,92.8,39,19,40,19
2017-10-01,12:46,0,514,0,22.2,92.8,39,19,40,19
2017-10-01,12:46,0,513,0,22.2,92.8,39,19,39,19
2017-10-01,12:47,0,513,1,22.2,92.2,39,19,40,19
2017-10-01,12:47,0,510,1,22.2,93.0,39,19,40,19
2017-10-01,12:47,0,513,2,22.2,93.4,39,19,40,19
2017-10-01,12:47,0,513,0,22.2,93.2,39,19,40,19
2017-10-01,12:47,0,513,3,22.2,93.0,39,19,40,19
2017-10-01,12:47,0,514,2,22.2,93.4,39,19,40,19
2017-10-01,12:47,0,515,1,22.2,93.5,39,19,40,19
2017-10-01,12:47,0,512,2,22.2,93.6,39,19,39,19
2017-10-01,12:48,0,510,1,22.2,93.0,39,20,40,18
2017-10-01,12:48,0,509,1,22.1,91.3,39,19,40,18
2017-10-01,12:48,0,508,0,22.2,92.8,39,19,40,19
2017-10-01,12:48,0,505,2,22.1,92.9,40,19,40,19
2017-10-01,12:48,0,505,2,22.1,92.8,39,19,40,19
2017-10-01,12:48,0,501,2,22.2,92.8,39,19,40,19
2017-10-01,12:48,0,500,2,22.1,93.0,39,19,40,19
2017-10-01,12:48,0,498,0,22.1,93.2,39,19,40,19
2017-10-01,12:49,0,496,2,22.1,92.9,39,19,40,19
2017-10-01,12:49,0,495,0,22.1,92.5,39,19,40,19
2017-10-01,12:49,0,491,0,22.1,92.4,39,20,40,19
2017-10-01,12:49,0,489,1,22.1,92.1,40,19,40,18
2017-10-01,12:49,0,488,2,22.1,92.1,39,19,40,19
2017-10-01,12:49,0,486,0,22.1,92.1,40,19,40,19
2017-10-01,12:49,0,485,2,22.1,92.0,40,19,40,18
2017-10-01,12:50,0,482,0,22.1,92.0,39,19,40,18
2017-10-01,12:50,0,480,2,22.1,92.0,40,19,40,19
2017-10-01,12:50,0,483,2,22.1,91.7,40,19,40,19
2017-10-01,12:50,0,475,0,22.1,91.2,40,20,40,19
2017-10-01,12:50,0,472,2,22.1,91.1,39,19,41,18
2017-10-01,12:50,0,472,2,22.1,92.2,40,19,41,19
2017-10-01,12:50,0,469,3,22.1,92.3,40,19,40,19
2017-10-01,12:50,0,469,0,22.1,92.4,40,19,41,19
2017-10-01,12:51,0,467,0,22.1,92.1,39,19,41,18
2017-10-01,12:51,0,464,2,22.1,91.3,40,19,41,18
2017-10-01,12:51,0,465,1,22.1,91.4,39,19,41,18
2017-10-01,12:51,0,463,1,22.1,91.4,40,19,41,18
2017-10-01,12:51,0,460,1,22.1,92.0,39,19,41,18
2017-10-01,12:51,0,461,0,22.1,92.1,40,20,41,19
2017-10-01,12:51,0,459,0,22.1,91.6,39,20,41,19
2017-10-01,12:51,0,457,0,22.1,91.4,40,20,41,19
2017-10-01,12:52,0,457,1,22.1,91.6,39,19,41,18
2017-10-01,12:52,0,456,1,22.1,90.7,39,19,41,18
2017-10-01,12:52,0,462,1,22.1,90.8,40,19,41,18
2017-10-01,12:52,0,459,2,22.1,91.3,40,19,41,19
2017-10-01,12:52,0,460,2,22.1,92.2,40,19,41,19
2017-10-01,12:52,0,461,0,22.1,92.3,40,19,41,18
2017-10-01,12:52,0,461,2,22.1,91.7,40,19,41,19
2017-10-01,12:52,0,464,3,22.1,91.3,40,19,41,18
2017-10-01,12:53,0,466,2,22.1,91.4,40,19,41,18
2017-10-01,12:53,0,469,2,22.1,91.4,40,19,41,18
2017-10-01,12:53,0,466,2,22.1,90.9,40,19,41,19
2017-10-01,12:53,0,470,0,22.1,90.6,40,19,41,19
2017-10-01,12:53,0,469,0,22.1,89.8,40,20,41,19
2017-10-01,12:53,0,471,0,22.1,89.6,40,19,41,19
2017-10-01,12:53,0,472,0,22.1,89.6,40,19,41,18
2017-10-01,12:54,0,477,3,22.1,89.5,40,19,41,19
2017-10-01,12:54,0,479,0,22.1,89.6,40,19,41,18
2017-10-01,12:54,0,479,0,22.1,89.7,40,19,41,19
2017-10-01,12:54,0,480,1,22.1,89.1,40,19,41,18
2017-10-01,12:54,0,479,0,22.1,89.3,40,19,41,19
2017-10-01,12:54,0,480,0,22.1,89.8,40,19,41,18
2017-10-01,12:54,0,480,1,22.0,89.5,40,19,41,19
2017-10-01,12:54,0,480,0,22.0,89.8,40,19,41,18
2017-10-01,12:55,0,477,0,22.1,90.7,40,20,41,18
2017-10-01,12:55,0,481,0,22.1,90.7,40,20,41,18
2017-10-01,12:55,0,481,1,22.1,90.2,40,19,41,19
2017-10-01,12:55,1,486,2,22.0,89.7,40,19,41,19
2017-10-01,12:55,0,483,2,22.1,89.8,40,19,41,19
2017-10-01,12:55,0,482,2,22.1,90.5,40,19,41,19
2017-10-01,12:55,0,480,2,22.1,90.7,40,19,41,19
2017-10-01,12:55,0,477,1,22.0,90.5,40,20,41,18
2017-10-01,12:56,0,470,0,22.0,90.3,40,20,41,18
2017-10-01,12:56,0,473,1,22.0,89.6,40,19,41,19
2017-10-01,12:56,0,470,3,22.0,89.4,40,20,41,18
2017-10-01,12:56,0,469,0,22.0,89.0,40,19,41,19
2017-10-01,12:56,0,467,3,22.0,89.4,40,20,41,19
2017-10-01,12:56,0,466,2,22.0,89.0,40,19,41,19
2017-10-01,12:56,0,465,0,22.0,88.7,40,20,41,19
2017-10-01,12:57,0,466,2,22.0,89.0,40,20,41,19
2017-10-01,12:57,0,463,0,22.0,88.5,40,19,41,19
2017-10-01,12:57,0,463,0,22.0,88.2,40,19,41,19
2017-10-01,12:57,0,462,1,22.0,88.5,40,20,41,18
2017-10-01,12:57,0,463,1,22.0,89.1,40,19,41,19
2017-10-01,12:57,0,467,0,22.0,89.2,40,19,41,19
2017-10-01,12:57,0,468,0,22.0,88.3,40,20,41,18
2017-10-01,12:57,0,473,2,22.0,88.7,40,19,41,18
2017-10-01,12:58,0,477,0,22.0,88.6,40,19,41,19
2017-10-01,12:58,0,479,0,22.0,88.5,40,19,41,19
2017-10-01,12:58,0,484,2,22.0,89.1,40,20,41,19
2017-10-01,12:58,0,484,2,22.0,89.2,40,19,41,18
2017-10-01,12:58,0,478,0,22.0,89.4,40,19,41,19
2017-10-01,12:58,0,480,0,22.0,89.6,40,20,41,19
2017-10-01,12:58,0,483,1,22.0,89.4,40,20,41,18
2017-10-01,12:58,0,478,0,22.0,89.5,40,19,41,19
2017-10-01,12:59,0,480,2,22.0,88.9,40,20,41,18
2017-10-01,12:59,0,474,1,22.0,89.1,40,19,41,19
2017-10-01,12:59,0,471,1,22.0,88.8,40,20,40,18
2017-10-01,12:59,0,471,2,22.0,89.6,40,19,40,18
2017-10-01,12:59,0,470,1,22.0,90.0,40,20,41,19
2017-10-01,12:59,0,467,0,22.0,89.6,40,19,41,19
2017-10-01,12:59,0,471,0,22.0,89.4,40,20,41,19
2017-10-01,13:00,0,473,4,22.0,89.6,40,20,41,19
2017-10-01,13:00,0,476,2,22.0,90.5,40,20,40,19
2017-10-01,13:00,0,472,0,22.0,90.4,40,20,41,19
2017-10-01,13:00,0,478,0,22.0,90.2,40,20,41,19
2017-10-01,13:00,0,478,0,22.0,89.3,40,20,40,18
2017-10-01,13:00,0,478,0,22.0,89.3,40,20,41,19
2017-10-01,13:00,0,477,0,22.0,89.4,40,20,41,19
2017-10-01,13:00,0,476,0,22.0,89.8,40,20,40,18
2017-10-01,13:01,0,476,2,22.0,89.6,40,20,40,19
2017-10-01,13:01,0,475,2,22.0,89.0,40,20,41,18
2017-10-01,13:01,0,474,3,22.0,89.0,40,20,41,19
2017-10-01,13:01,0,473,3,22.0,89.2,40,20,40,18
2017-10-01,13:01,0,470,1,22.0,89.9,40,20,41,19
2017-10-01,13:01,0,464,2,22.0,89.2,40,20,41,19
2017-10-01,13:01,0,464,0,22.0,88.8,40,20,40,18
2017-10-01,13:01,0,463,1,22.0,88.8,40,20,40,19
2017-10-01,13:02,0,459,0,22.0,88.9,40,20,41,19
2017-10-01,13:02,0,467,2,22.0,88.5,40,20,40,18
2017-10-01,13:02,0,468,1,22.0,88.8,41,20,40,19
2017-10-01,13:02,0,466,1,22.0,88.9,40,20,40,19
2017-10-01,13:02,0,469,0,22.0,89.4,40,20,41,19
2017-10-01,13:02,0,471,1,22.0,89.4,40,20,40,18
2017-10-01,13:02,0,471,1,22.0,89.3,40,20,40,18
2017-10-01,13:03,0,475,0,22.0,89.7,40,20,40,19
2017-10-01,13:03,0,476,0,22.0,89.6,40,19,40,19
2017-10-01,13:03,0,480,0,22.0,88.5,40,20,40,19
2017-10-01,13:03,0,480,1,22.0,88.0,40,20,40,19
2017-10-01,13:03,0,482,0,22.0,88.1,40,20,40,19
2017-10-01,13:03,0,484,1,22.0,88.1,40,20,40,19
2017-10-01,13:03,0,486,2,22.0,88.0,40,20,40,19
2017-10-01,13:03,0,489,1,22.0,88.4,40,20,40,19
2017-10-01,13:04,0,492,2,22.0,88.2,40,20,40,18
2017-10-01,13:04,0,495,2,22.0,88.3,40,20,40,19
2017-10-01,13:04,0,495,1,22.0,88.3,40,20,40,19
2017-10-01,13:04,0,497,1,22.0,88.5,40,20,40,19
2017-10-01,13:04,0,499,1,21.9,88.4,40,20,40,19
2017-10-01,13:04,0,502,2,22.0,88.3,40,20,40,19
2017-10-01,13:04,0,503,2,22.0,87.8,40,20,40,18
2017-10-01,13:04,0,506,2,21.9,87.9,40,20,40,19
2017-10-01,13:05,0,509,4,21.9,87.8,40,20,40,18
2017-10-01,13:05,0,510,1,22.0,87.9,40,20,40,19
2017-10-01,13:05,0,517,2,21.9,87.8,40,20,40,19
2017-10-01,13:05,0,516,1,22.0,88.0,40,20,40,19
2017-10-01,13:05,0,523,0,21.9,88.2,40,20,40,19
2017-10-01,13:05,0,527,2,21.9,88.7,40,20,40,19
2017-10-01,13:05,0,524,2,21.9,88.0,40,20,40,19
2017-10-01,13:06,0,525,0,21.9,88.1,40,20,40,19
2017-10-01,13:06,0,526,0,21.9,88.3,40,20,40,19
2017-10-01,13:06,0,527,1,21.9,88.5,40,20,40,19
2017-10-01,13:06,0,526,4,21.9,88.5,40,20,40,19
2017-10-01,13:06,0,525,1,21.9,88.7,40,20,40,19
2017-10-01,13:06,0,522,2,21.9,88.7,40,20,40,19
2017-10-01,13:06,0,523,2,21.9,88.7,40,20,40,18
2017-10-01,13:06,0,519,1,21.9,88.5,40,20,40,19
2017-10-01,13:07,0,522,4,21.9,88.5,40,20,40,19
2017-10-01,13:07,0,518,2,21.9,87.3,40,20,40,19
2017-10-01,13:07,0,514,2,21.9,87.1,40,20,40,19
2017-10-01,13:07,0,510,2,21.9,86.9,40,20,40,19
2017-10-01,13:07,0,506,1,21.9,87.7,40,20,40,19
2017-10-01,13:07,0,502,2,21.9,87.8,40,20,40,19
2017-10-01,13:07,0,498,1,21.9,87.5,40,20,40,19
2017-10-01,13:07,0,495,2,21.9,87.1,40,20,40,19
2017-10-01,13:08,0,492,3,21.9,86.6,40,20,40,19
2017-10-01,13:08,0,487,1,21.9,86.6,40,20,40,19
2017-10-01,13:08,0,484,2,21.9,87.0,40,20,40,19
2017-10-01,13:08,0,481,1,21.9,86.7,40,20,40,19
2017-10-01,13:08,0,477,2,21.9,87.2,40,20,40,19
2017-10-01,13:08,0,470,1,21.9,86.9,40,20,41,19
2017-10-01,13:08,0,465,2,21.9,87.9,40,20,40,19
2017-10-01,13:09,0,462,2,21.9,87.9,40,20,40,18
2017-10-01,13:09,0,456,1,21.9,87.6,40,20,40,19
2017-10-01,13:09,0,456,0,21.9,85.3,40,20,40,19
2017-10-01,13:09,0,455,1,21.9,84.2,40,20,40,19
2017-10-01,13:09,0,449,2,21.9,85.1,40,20,40,19
2017-10-01,13:09,0,443,0,21.9,85.3,40,20,40,19
2017-10-01,13:09,0,441,2,21.9,87.3,40,20,40,19
2017-10-01,13:09,1,437,1,21.9,87.7,40,20,40,19
2017-10-01,13:10,0,432,0,21.9,87.3,40,20,40,19
2017-10-01,13:10,0,429,1,21.9,87.0,40,20,40,19
2017-10-01,13:10,0,426,0,21.9,87.4,40,20,40,19
2017-10-01,13:10,0,421,2,21.9,88.3,40,20,40,18
2017-10-01,13:10,0,411,1,21.9,88.3,40,20,40,19
2017-10-01,13:10,0,417,0,21.9,87.6,40,20,40,19
2017-10-01,13:10,0,411,0,21.9,86.5,40,20,40,19
2017-10-01,13:10,0,411,0,21.9,87.3,40,20,40,19
2017-10-01,13:11,0,410,1,21.9,87.2,40,20,40,19
2017-10-01,13:11,0,409,0,21.9,86.9,40,20,40,19
2017-10-01,13:11,0,411,0,21.9,86.7,40,20,40,19
2017-10-01,13:11,0,411,1,21.9,87.3,40,20,40,19
2017-10-01,13:11,0,411,1,21.9,88.8,40,20,40,19
2017-10-01,13:11,0,409,0,21.9,88.7,41,20,40,19
2017-10-01,13:11,0,405,1,21.9,88.7,40,20,40,18
2017-10-01,13:12,0,402,0,21.9,89.0,40,20,40,19
2017-10-01,13:12,0,403,1,21.9,88.7,40,20,40,19
2017-10-01,13:12,0,402,1,21.9,88.0,41,20,39,19
2017-10-01,13:12,0,398,2,21.9,87.5,40,20,40,19
2017-10-01,13:12,0,397,0,21.9,87.1,41,20,40,18
2017-10-01,13:12,0,399,0,21.9,87.4,41,20,40,19
2017-10-01,13:12,0,396,0,21.9,87.0,40,20,39,19
2017-10-01,13:12,0,398,1,21.9,87.4,40,20,40,19
2017-10-01,13:13,0,397,0,21.9,87.3,40,20,40,19
2017-10-01,13:13,0,394,0,21.9,87.6,40,20,40,19
2017-10-01,13:13,0,392,0,21.9,87.4,40,20,40,19
2017-10-01,13:13,0,389,0,21.9,87.5,41,20,40,19
2017-10-01,13:13,0,386,3,21.9,87.8,40,20,40,18
2017-10-01,13:13,0,379,0,21.9,87.3,40,20,40,19
2017-10-01,13:13,0,380,0,21.9,87.4,40,20,40,19
2017-10-01,13:13,0,379,0,21.9,87.8,40,20,40,19
2017-10-01,13:14,1,374,0,21.9,88.1,40,20,40,19
2017-10-01,13:14,0,374,1,21.8,87.6,41,20,39,19
2017-10-01,13:14,0,363,0,21.9,86.9,40,20,40,18
2017-10-01,13:14,0,364,0,21.8,86.5,41,20,39,19
2017-10-01,13:14,0,364,0,21.8,85.9,40,20,39,19
2017-10-01,13:14,0,360,0,21.9,86.2,40,20,39,19
2017-10-01,13:14,0,365,0,21.8,86.8,40,20,40,19
2017-10-01,13:15,0,359,0,21.8,87.0,41,20,39,19
2017-10-01,13:15,0,366,0,21.8,87.4,40,20,39,18
2017-10-01,13:15,0,368,1,21.8,86.8,40,20,39,19
2017-10-01,13:15,0,371,1,21.8,85.2,40,20,40,19
2017-10-01,13:15,0,366,2,21.8,84.3,40,20,40,19
2017-10-01,13:15,0,366,0,21.8,85.2,40,20,40,19
2017-10-01,13:15,0,364,0,21.8,86.5,40,20,40,19
2017-10-01,13:15,0,361,0,21.9,86.9,40,20,39,19
2017-10-01,13:16,0,358,0,21.8,86.2,40,20,40,19
2017-10-01,13:16,0,356,0,21.8,86.6,40,20,40,19
2017-10-01,13:16,0,353,0,21.8,87.3,40,20,40,18
2017-10-01,13:16,0,352,1,21.8,87.0,40,20,40,18
2017-10-01,13:16,0,348,0,21.8,86.8,40,20,40,19
2017-10-01,13:16,0,347,0,21.8,86.9,40,20,40,19
2017-10-01,13:16,0,343,0,21.8,87.2,40,20,39,19
2017-10-01,13:16,0,346,0,21.8,87.3,40,20,39,18
2017-10-01,13:17,0,350,1,21.9,87.0,40,20,40,19
2017-10-01,13:17,0,344,0,21.8,87.1,40,20,39,18
2017-10-01,13:17,0,347,1,21.8,86.8,40,20,40,19
2017-10-01,13:17,0,345,0,21.8,86.4,40,20,39,18
2017-10-01,13:17,0,349,2,21.9,87.1,40,20,40,19
2017-10-01,13:17,0,343,0,21.8,86.9,40,20,39,18
2017-10-01,13:17,0,348,0,21.8,86.9,40,20,40,19
2017-10-01,13:18,0,343,0,21.8,86.8,40,20,40,19
2017-10-01,13:18,0,346,0,21.8,86.8,40,20,39,19
2017-10-01,13:18,0,344,0,21.8,86.6,41,20,39,18
2017-10-01,13:18,0,348,1,21.8,86.7,40,20,40,18
2017-10-01,13:18,0,348,0,21.8,85.3,40,20,39,19
2017-10-01,13:18,0,349,0,21.8,86.6,41,20,39,18
2017-10-01,13:18,0,348,0,21.8,85.8,40,20,39,19
2017-10-01,13:18,0,350,2,21.8,85.8,40,20,40,19
2017-10-01,13:19,0,348,0,21.8,86.1,40,20,40,19
2017-10-01,13:19,0,347,0,21.8,86.4,40,20,40,19
2017-10-01,13:19,0,345,1,21.8,86.0,40,20,40,19
2017-10-01,13:19,0,346,0,21.8,85.9,40,20,40,19
2017-10-01,13:19,0,342,0,21.8,85.2,41,20,39,19
2017-10-01,13:19,0,334,0,21.8,85.3,40,20,40,19
2017-10-01,13:19,0,338,1,21.8,85.4,41,20,40,18
2017-10-01,13:19,0,338,0,21.8,85.3,40,20,40,19
2017-10-01,13:20,0,336,0,21.8,85.7,40,20,40,19
2017-10-01,13:20,0,337,0,21.8,85.5,40,20,40,19
2017-10-01,13:20,0,337,0,21.8,85.9,41,20,40,19
2017-10-01,13:20,0,336,0,21.8,86.5,40,20,41,19
2017-10-01,13:20,0,339,0,21.8,86.6,40,20,40,19
2017-10-01,13:20,0,337,0,21.8,87.8,40,20,40,19
2017-10-01,13:20,0,336,0,21.8,87.6,40,20,41,18
2017-10-01,13:20,0,336,0,21.8,86.8,41,20,41,18
2017-10-01,13:21,0,330,0,21.8,84.5,40,20,41,19
2017-10-01,13:21,0,331,0,21.8,83.7,40,20,41,19
2017-10-01,13:21,0,329,2,21.8,85.7,40,20,41,18
2017-10-01,13:21,0,327,0,21.8,87.3,40,20,41,18
2017-10-01,13:21,0,324,2,21.8,86.6,41,20,41,19
2017-10-01,13:21,0,323,0,21.8,86.4,41,20,41,19
2017-10-01,13:21,0,319,0,21.8,86.8,41,20,41,19
2017-10-01,13:22,0,317,0,21.8,86.1,41,20,41,19
2017-10-01,13:22,0,323,0,21.8,83.2,40,20,41,19
2017-10-01,13:22,0,318,0,21.8,83.6,40,20,42,19
2017-10-01,13:22,0,316,0,21.8,84.6,41,20,41,19
2017-10-01,13:22,0,315,0,21.8,84.7,41,20,42,19
2017-10-01,13:22,0,313,0,21.8,86.0,41,20,42,19
2017-10-01,13:22,0,313,0,21.8,86.2,40,20,42,19
2017-10-01,13:22,0,311,0,21.8,85.8,41,19,42,19
2017-10-01,13:23,0,311,0,21.8,85.5,41,20,42,19
2017-10-01,13:23,0,311,0,21.8,85.3,41,20,42,18
2017-10-01,13:23,0,312,0,21.8,85.5,41,19,42,19
2017-10-01,13:23,0,311,0,21.8,86.7,41,19,42,19
2017-10-01,13:23,0,312,0,21.8,87.3,41,19,42,19
2017-10-01,13:23,0,315,0,21.8,86.5,41,20,42,18
2017-10-01,13:23,0,317,0,21.8,85.8,41,20,42,18
2017-10-01,13:23,0,317,0,21.8,85.8,41,20,43,19
2017-10-01,13:24,0,318,0,21.8,85.1,41,20,43,19
2017-10-01,13:24,0,319,0,21.8,84.2,41,20,43,19
2017-10-01,13:24,0,320,0,21.8,84.9,41,20,43,19
2017-10-01,13:24,0,320,0,21.8,86.3,41,20,43,19
2017-10-01,13:24,0,318,0,21.8,85.4,41,19,43,19
2017-10-01,13:24,0,318,0,21.8,85.3,41,19,43,19
2017-10-01,13:24,0,315,0,21.8,84.6,41,19,43,19
2017-10-01,13:25,0,320,1,21.8,85.6,41,20,43,19
2017-10-01,13:25,0,322,0,21.8,85.3,41,20,43,19
2017-10-01,13:25,0,323,0,21.8,84.7,41,20,43,18
2017-10-01,13:25,0,328,0,21.8,84.6,41,19,43,19
2017-10-01,13:25,0,326,0,21.8,84.2,41,20,44,19
2017-10-01,13:25,0,325,0,21.7,84.4,41,19,43,19
2017-10-01,13:25,0,324,0,21.8,84.7,41,19,43,19
2017-10-01,13:25,0,323,0,21.8,85.9,41,20,43,19
2017-10-01,13:26,0,324,0,21.8,85.5,42,20,43,19
2017-10-01,13:26,0,321,0,21.8,85.5,41,19,43,19
2017-10-01,13:26,0,315,0,21.7,85.1,41,19,43,18
2017-10-01,13:26,0,327,0,21.7,84.9,41,19,43,19
2017-10-01,13:26,0,319,0,21.8,85.8,41,20,43,19
2017-10-01,13:26,0,321,0,21.7,85.8,41,19,43,19
2017-10-01,13:26,0,321,0,21.7,85.9,42,19,44,19
2017-10-01,13:26,0,321,0,21.8,86.2,41,19,43,19
2017-10-01,13:27,0,325,0,21.7,85.5,42,20,43,19
2017-10-01,13:27,0,319,0,21.7,85.2,42,19,43,19
2017-10-01,13:27,0,322,0,21.7,85.2,42,19,43,19
2017-10-01,13:27,0,321,0,21.7,85.0,42,19,44,19
2017-10-01,13:27,0,318,0,21.7,84.5,42,19,44,19
2017-10-01,13:27,0,315,0,21.7,85.0,42,19,44,19
2017-10-01,13:27,0,315,0,21.7,84.8,41,20,43,19
2017-10-01,13:28,0,314,0,21.7,82.8,42,19,43,19
2017-10-01,13:28,0,314,0,21.7,82.3,42,19,44,19
2017-10-01,13:28,0,312,0,21.7,83.6,42,19,43,19
2017-10-01,13:28,0,307,0,21.7,83.6,42,20,43,19
2017-10-01,13:28,0,309,2,21.7,83.3,42,19,43,19
2017-10-01,13:28,0,314,0,21.7,83.0,42,19,44,19
2017-10-01,13:28,0,311,0,21.7,83.1,42,19,43,19
2017-10-01,13:28,0,309,0,21.7,84.9,42,19,43,19
2017-10-01,13:29,0,307,0,21.7,85.5,42,19,44,19
2017-10-01,13:29,0,310,0,21.7,84.3,42,19,43,19
2017-10-01,13:29,0,309,0,21.7,82.2,42,19,43,19
2017-10-01,13:29,0,306,0,21.7,81.1,42,20,43,19
2017-10-01,13:29,0,305,0,21.7,81.2,42,19,44,19
2017-10-01,13:29,0,308,0,21.7,81.8,42,19,43,19
2017-10-01,13:29,0,307,0,21.8,82.3,42,19,44,19
2017-10-01,13:29,0,309,0,21.8,83.8,42,19,43,19
2017-10-01,13:30,0,307,0,21.8,85.7,42,19,43,19
2017-10-01,13:30,0,309,0,21.8,86.2,42,19,44,19
2017-10-01,13:30,0,309,0,21.7,82.6,42,19,43,19
2017-10-01,13:30,0,309,0,21.7,82.1,42,19,44,19
2017-10-01,13:30,0,309,0,21.8,82.6,42,19,44,19
2017-10-01,13:30,0,307,0,21.8,82.0,42,19,43,19
2017-10-01,13:30,0,309,0,21.7,82.1,42,19,43,19
2017-10-01,13:31,0,306,0,21.8,83.1,42,19,43,19
2017-10-01,13:31,0,300,1,21.8,84.5,42,19,43,18
2017-10-01,13:31,0,298,0,21.8,84.8,42,19,44,19
2017-10-01,13:31,0,296,0,21.8,85.6,42,19,43,19
2017-10-01,13:31,0,296,0,21.7,84.2,42,19,43,19
2017-10-01,13:31,0,300,0,21.7,84.2,42,19,43,19
2017-10-01,13:31,0,297,0,21.7,85.6,42,20,43,19
2017-10-01,13:31,0,299,0,21.7,85.5,42,19,43,19
2017-10-01,13:32,0,300,0,21.7,85.2,42,20,43,19
2017-10-01,13:32,0,303,0,21.7,84.7,42,19,43,19
2017-10-01,13:32,0,304,0,21.7,85.4,42,20,43,19
2017-10-01,13:32,0,307,0,21.7,85.2,42,19,43,19
2017-10-01,13:32,0,308,0,21.7,85.0,42,19,43,19
2017-10-01,13:32,0,312,0,21.7,85.0,42,19,43,19
2017-10-01,13:32,0,313,0,21.7,84.7,42,19,44,19
2017-10-01,13:32,0,313,0,21.7,84.2,42,19,43,19
2017-10-01,13:33,0,315,0,21.7,84.5,42,20,43,19
2017-10-01,13:33,0,317,0,21.7,84.3,42,19,43,19
2017-10-01,13:33,0,317,0,21.7,84.8,42,20,43,19
2017-10-01,13:33,0,320,0,21.7,84.8,42,19,43,19
2017-10-01,13:33,0,319,0,21.7,85.5,42,19,43,18
2017-10-01,13:33,0,322,0,21.7,85.0,42,19,43,19
2017-10-01,13:33,0,322,0,21.7,83.6,42,20,43,19
2017-10-01,13:34,0,318,0,21.7,82.0,42,20,44,19
2017-10-01,13:34,0,320,0,21.7,81.7,42,20,43,19
2017-10-01,13:34,0,317,0,21.7,81.4,42,20,43,18
2017-10-01,13:34,0,316,0,21.7,84.6,42,19,43,19
2017-10-01,13:34,0,316,2,21.7,84.6,42,20,44,19
2017-10-01,13:34,0,317,0,21.7,85.1,42,19,43,19
2017-10-01,13:34,0,316,0,21.7,84.7,42,20,43,19
2017-10-01,13:34,0,316,0,21.7,84.2,42,20,43,19
2017-10-01,13:35,0,316,0,21.7,83.3,42,20,43,19
2017-10-01,13:35,0,311,0,21.7,84.4,42,20,43,19
2017-10-01,13:35,0,314,0,21.7,82.6,42,19,43,19
2017-10-01,13:35,0,315,0,21.7,81.8,42,20,43,19
2017-10-01,13:35,0,312,0,21.7,81.5,42,20,43,18
2017-10-01,13:35,0,313,0,21.7,82.9,42,19,43,19
2017-10-01,13:35,0,311,0,21.7,83.6,42,20,43,19
2017-10-01,13:35,0,313,0,21.7,83.5,42,19,43,19
2017-10-01,13:36,0,308,0,21.7,84.0,42,19,43,19
2017-10-01,13:36,0,314,0,21.7,84.0,42,20,43,19
2017-10-01,13:36,0,311,0,21.7,84.0,42,20,43,19
2017-10-01,13:36,0,313,2,21.7,83.9,42,20,43,19
2017-10-01,13:36,0,309,0,21.7,84.4,42,20,43,19
2017-10-01,13:36,0,309,0,21.7,85.9,42,19,43,19
2017-10-01,13:36,0,312,0,21.7,85.0,43,20,43,19
2017-10-01,13:37,0,311,0,21.7,84.4,42,20,43,19
2017-10-01,13:37,0,314,0,21.7,82.4,42,20,43,19
2017-10-01,13:37,0,308,0,21.7,82.4,42,20,43,19
2017-10-01,13:37,0,312,0,21.7,81.3,42,20,43,19
2017-10-01,13:37,0,311,0,21.7,81.8,42,20,43,19
2017-10-01,13:37,0,307,0,21.7,83.5,42,20,43,19
2017-10-01,13:37,0,306,0,21.7,82.8,42,20,43,19
2017-10-01,13:37,0,304,0,21.7,83.0,42,20,43,19
2017-10-01,13:38,0,302,0,21.7,84.1,42,20,43,19
2017-10-01,13:38,0,308,0,21.7,84.1,42,20,43,19
2017-10-01,13:38,0,311,0,21.7,83.8,42,20,43,19
2017-10-01,13:38,0,314,1,21.7,83.8,42,20,43,19
2017-10-01,13:38,0,315,0,21.7,81.8,42,20,43,19
2017-10-01,13:38,0,321,0,21.7,80.6,42,20,43,19
2017-10-01,13:38,0,321,1,21.7,80.3,42,20,43,19
2017-10-01,13:38,0,319,0,21.7,80.0,42,20,43,19
2017-10-01,13:39,0,321,1,21.7,80.0,42,20,43,19
2017-10-01,13:39,0,324,1,21.7,79.7,42,20,43,19
2017-10-01,13:39,0,329,0,21.7,80.1,42,20,43,19
2017-10-01,13:39,0,333,1,21.7,80.2,42,20,43,19
2017-10-01,13:39,0,337,0,21.7,81.0,42,20,43,19
2017-10-01,13:39,0,338,0,21.7,81.1,42,20,43,19
2017-10-01,13:39,0,338,0,21.7,81.4,42,20,43,19
2017-10-01,13:40,0,340,0,21.7,82.1,42,20,43,19
2017-10-01,13:40,0,339,0,21.7,81.7,42,20,43,19
2017-10-01,13:40,0,343,0,21.7,81.8,42,20,43,19
2017-10-01,13:40,0,352,0,21.7,82.2,42,20,43,19
2017-10-01,13:40,0,357,0,21.7,81.7,42,20,43,18
2017-10-01,13:40,0,359,0,21.7,81.4,42,20,43,19
2017-10-01,13:40,0,363,0,21.7,82.3,42,20,43,19
2017-10-01,13:40,0,362,0,21.7,80.8,42,20,43,19
2017-10-01,13:41,0,364,0,21.7,80.2,42,20,43,19
2017-10-01,13:41,0,365,0,21.7,79.6,42,20,42,19
2017-10-01,13:41,0,362,0,21.7,79.2,42,20,43,18
2017-10-01,13:41,0,365,0,21.7,79.2,42,20,43,19
2017-10-01,13:41,0,365,0,21.7,79.0,42,20,42,19
2017-10-01,13:41,0,367,0,21.7,80.0,42,20,43,19
2017-10-01,13:41,0,367,0,21.7,80.1,42,20,43,19
2017-10-01,13:41,0,372,0,21.7,80.1,42,20,43,19
2017-10-01,13:42,0,376,2,21.7,79.8,42,20,43,19
2017-10-01,13:42,0,380,0,21.7,79.8,42,20,43,19
2017-10-01,13:42,0,385,0,21.7,80.4,42,20,43,19
2017-10-01,13:42,0,393,0,21.7,80.4,42,20,43,19
2017-10-01,13:42,0,395,0,21.7,81.1,42,20,43,19
2017-10-01,13:42,0,397,0,21.7,81.2,42,20,43,18
2017-10-01,13:42,0,402,0,21.7,81.3,42,20,43,19
2017-10-01,13:43,0,402,0,21.7,81.0,42,20,43,19
2017-10-01,13:43,0,399,0,21.7,80.2,42,20,43,19
2017-10-01,13:43,0,396,0,21.7,80.0,42,20,43,19
2017-10-01,13:43,0,396,0,21.7,79.1,42,20,42,19
2017-10-01,13:43,0,393,0,21.7,79.3,42,20,43,19
2017-10-01,13:43,0,391,0,21.7,79.3,42,20,43,19
2017-10-01,13:43,0,387,0,21.7,78.9,42,20,43,18
2017-10-01,13:43,0,384,0,21.7,78.5,42,20,43,19
2017-10-01,13:44,0,380,1,21.7,78.7,42,20,42,19
2017-10-01,13:44,0,378,0,21.7,79.3,42,20,42,19
2017-10-01,13:44,0,372,0,21.7,81.4,42,20,43,19
2017-10-01,13:44,0,374,2,21.7,82.0,42,20,42,19
2017-10-01,13:44,0,368,0,21.7,81.7,42,20,43,19
2017-10-01,13:44,0,370,0,21.7,82.5,42,20,43,19
2017-10-01,13:44,0,366,0,21.7,82.4,42,20,43,19
2017-10-01,13:44,0,370,2,21.7,80.7,42,20,42,19
2017-10-01,13:45,0,364,0,21.7,79.7,42,20,42,19
2017-10-01,13:45,0,362,0,21.7,79.3,42,20,42,19
2017-10-01,13:45,0,365,0,21.7,78.9,42,20,42,19
2017-10-01,13:45,0,367,0,21.7,78.4,42,20,42,19
2017-10-01,13:45,0,363,1,21.7,78.2,42,20,42,19
2017-10-01,13:45,0,367,0,21.7,78.3,42,20,43,19
2017-10-01,13:45,0,364,0,21.7,78.8,42,20,43,18
2017-10-01,13:46,0,364,0,21.7,78.9,42,20,42,19
2017-10-01,13:46,0,357,0,21.7,79.2,42,20,42,19
2017-10-01,13:46,0,355,0,21.7,79.8,42,20,43,19
2017-10-01,13:46,0,357,0,21.7,79.4,43,20,42,19
2017-10-01,13:46,0,351,0,21.7,78.9,42,20,43,19
2017-10-01,13:46,0,348,0,21.7,78.7,42,20,43,19
2017-10-01,13:46,0,348,0,21.7,80.7,43,20,42,19
2017-10-01,13:46,0,345,0,21.7,80.2,42,20,42,19
2017-10-01,13:47,0,347,0,21.7,79.1,42,20,42,19
2017-10-01,13:47,0,350,0,21.7,78.7,42,20,42,19
2017-10-01,13:47,0,348,0,21.7,78.6,42,20,42,19
2017-10-01,13:47,0,349,0,21.7,78.8,42,20,43,19
2017-10-01,13:47,0,348,0,21.7,79.1,42,20,42,19
2017-10-01,13:47,0,346,0,21.7,78.7,42,20,42,19
2017-10-01,13:47,0,344,0,21.7,81.4,42,20,43,19
2017-10-01,13:47,0,349,0,21.7,82.2,42,20,42,18
2017-10-01,13:48,0,345,0,21.7,81.0,42,20,42,19
2017-10-01,13:48,0,344,1,21.7,79.0,42,20,42,19
2017-10-01,13:48,0,350,0,21.7,78.4,42,20,42,19
2017-10-01,13:48,0,350,1,21.7,78.2,42,20,42,19
2017-10-01,13:48,0,357,1,21.7,78.1,42,20,43,19
2017-10-01,13:48,0,350,0,21.7,78.1,42,20,42,18
2017-10-01,13:48,0,357,0,21.7,79.0,42,20,42,19
2017-10-01,13:48,0,359,0,21.7,79.1,42,20,42,19
2017-10-01,13:49,0,358,0,21.7,78.7,42,20,42,19
2017-10-01,13:49,0,361,2,21.7,78.1,42,20,43,19
2017-10-01,13:49,0,364,0,21.7,77.8,43,20,42,19
2017-10-01,13:49,0,358,0,21.7,78.2,42,20,42,19
2017-10-01,13:49,0,360,0,21.7,78.2,42,20,43,19
2017-10-01,13:49,0,362,0,21.7,78.8,42,20,42,19
2017-10-01,13:49,0,363,0,21.7,79.6,42,20,42,19
2017-10-01,13:50,0,364,0,21.7,79.3,43,20,42,18
2017-10-01,13:50,0,363,0,21.7,79.3,42,20,42,19
2017-10-01,13:50,0,362,0,21.7,80.5,42,20,43,19
2017-10-01,13:50,0,361,0,21.7,81.1,42,20,42,19
2017-10-01,13:50,0,358,0,21.7,82.1,42,20,42,19
2017-10-01,13:50,0,357,1,21.7,81.7,42,20,42,18
2017-10-01,13:50,0,354,0,21.7,80.8,42,20,42,19
2017-10-01,13:50,0,358,0,21.7,79.2,42,20,42,19
2017-10-01,13:51,0,356,0,21.7,78.9,42,20,42,19
2017-10-01,13:51,0,361,0,21.7,78.7,42,20,42,19
2017-10-01,13:51,0,367,0,21.7,78.5,42,20,42,19
2017-10-01,13:51,0,366,0,21.7,78.4,42,21,42,18
2017-10-01,13:51,0,367,1,21.7,78.6,42,20,42,19
2017-10-01,13:51,0,370,0,21.7,78.9,42,20,42,19
2017-10-01,13:51,0,373,0,21.7,79.1,42,20,42,19
2017-10-01,13:51,0,375,0,21.7,79.1,42,20,42,19
2017-10-01,13:52,0,375,0,21.7,78.4,42,20,42,19
2017-10-01,13:52,0,372,0,21.7,78.5,42,20,42,19
2017-10-01,13:52,0,372,0,21.7,78.5,42,20,42,19
2017-10-01,13:52,0,366,0,21.7,78.5,42,20,42,19
2017-10-01,13:52,0,363,0,21.7,78.0,42,21,42,19
2017-10-01,13:52,0,356,0,21.7,77.9,42,20,42,19
2017-10-01,13:52,0,359,0,21.7,78.5,42,20,42,19
2017-10-01,13:53,0,355,0,21.7,78.4,42,20,42,19
2017-10-01,13:53,0,355,0,21.7,78.6,42,20,42,19
2017-10-01,13:53,0,357,0,21.7,78.4,42,20,42,19
2017-10-01,13:53,0,362,0,21.7,78.3,42,21,42,18
2017-10-01,13:53,0,369,0,21.7,78.1,42,21,42,19
2017-10-01,13:53,0,378,0,21.7,78.5,42,20,42,19
2017-10-01,13:53,0,377,0,21.7,78.3,42,20,42,19
2017-10-01,13:53,0,382,0,21.7,77.8,42,20,42,19
2017-10-01,13:54,0,383,0,21.7,78.0,42,21,42,19
2017-10-01,13:54,0,380,0,21.7,77.8,42,20,42,19
2017-10-01,13:54,0,374,0,21.7,77.8,42,20,42,19
2017-10-01,13:54,0,377,1,21.7,77.7,42,20,42,19
2017-10-01,13:54,0,377,0,21.7,77.4,42,20,42,19
2017-10-01,13:54,0,374,0,21.7,77.3,42,21,42,18
2017-10-01,13:54,0,375,0,21.7,77.2,42,20,42,19
2017-10-01,13:54,0,378,0,21.7,77.9,42,20,42,19
2017-10-01,13:55,0,371,1,21.7,78.1,42,20,42,19
2017-10-01,13:55,0,380,0,21.7,79.3,42,20,42,19
2017-10-01,13:55,0,380,1,21.7,79.2,42,20,42,19
2017-10-01,13:55,0,382,0,21.7,79.6,42,20,42,19
2017-10-01,13:55,0,384,0,21.7,78.5,42,20,42,19
2017-10-01,13:55,0,390,0,21.7,78.5,42,20,42,19
2017-10-01,13:55,0,385,0,21.7,78.2,42,20,42,19
2017-10-01,13:56,0,383,0,21.7,77.6,42,20,42,19
2017-10-01,13:56,0,388,0,21.7,77.6,42,21,42,19
2017-10-01,13:56,0,390,0,21.7,77.7,42,20,42,19
2017-10-01,13:56,0,388,0,21.7,77.3,42,20,42,19
2017-10-01,13:56,0,385,1,21.7,77.6,42,20,42,18
2017-10-01,13:56,0,371,0,21.7,77.7,42,20,42,19
2017-10-01,13:56,0,366,2,21.7,77.9,42,20,42,18
2017-10-01,13:56,0,365,0,21.7,77.7,42,20,42,19
2017-10-01,13:57,0,366,0,21.7,78.4,42,21,42,19
2017-10-01,13:57,0,370,0,21.7,78.4,42,20,42,19
2017-10-01,13:57,0,375,0,21.7,77.8,42,20,42,19
2017-10-01,13:57,0,374,0,21.7,78.8,42,20,42,19
2017-10-01,13:57,0,376,0,21.7,79.8,43,20,42,18
2017-10-01,13:57,0,370,0,21.7,79.1,42,20,42,19
2017-10-01,13:57,0,377,0,21.7,78.9,42,20,42,18
2017-10-01,13:57,0,382,0,21.7,78.1,42,20,42,19
2017-10-01,13:58,0,383,0,21.7,77.7,42,21,42,18
2017-10-01,13:58,0,385,0,21.7,77.5,42,20,42,19
2017-10-01,13:58,0,385,2,21.7,77.4,43,20,41,19
2017-10-01,13:58,0,383,0,21.7,77.5,42,20,42,19
2017-10-01,13:58,0,386,0,21.7,77.4,42,20,42,19
2017-10-01,13:58,0,388,0,21.7,77.5,42,20,42,19
2017-10-01,13:58,0,393,1,21.7,77.9,42,20,42,19
2017-10-01,13:59,0,393,1,21.7,79.5,43,20,42,19
2017-10-01,13:59,0,399,0,21.7,79.5,42,20,41,19
2017-10-01,13:59,0,395,0,21.7,79.4,42,20,42,19
2017-10-01,13:59,0,394,0,21.7,80.3,42,20,42,19
2017-10-01,13:59,1,394,0,21.7,79.4,42,20,42,19
2017-10-01,13:59,0,392,0,21.7,78.1,42,20,42,19
2017-10-01,13:59,0,394,0,21.7,77.8,42,20,42,19
2017-10-01,13:59,0,396,0,21.7,77.7,42,20,42,19
2017-10-01,14:00,0,405,1,21.7,77.8,43,21,42,19
2017-10-01,14:00,0,406,0,21.7,77.7,43,20,42,19
2017-10-01,14:00,0,408,1,21.7,77.6,42,20,42,19
2017-10-01,14:00,0,404,0,21.7,77.6,42,20,42,19
2017-10-01,14:00,0,407,1,21.7,77.5,42,20,42,19
2017-10-01,14:00,0,410,1,21.7,77.5,42,21,41,19
2017-10-01,14:00,0,413,0,21.7,77.6,42,20,42,19
2017-10-01,14:00,0,409,0,21.7,77.8,42,20,42,19
2017-10-01,14:01,0,405,0,21.7,78.4,42,20,42,19
2017-10-01,14:01,0,402,0,21.7,78.7,42,20,42,19
2017-10-01,14:01,0,400,0,21.7,79.0,42,20,42,19
2017-10-01,14:01,0,401,0,21.7,78.7,42,20,41,19
2017-10-01,14:01,0,411,0,21.7,78.0,42,21,42,19
2017-10-01,14:01,0,416,0,21.7,77.7,42,21,41,19
2017-10-01,14:01,0,415,0,21.7,78.2,42,21,42,19
2017-10-01,14:02,0,418,0,21.7,77.9,42,20,41,19
2017-10-01,14:02,0,419,0,21.7,78.4,42,20,42,19
2017-10-01,14:02,0,416,1,21.7,77.9,42,21,41,19
2017-10-01,14:02,0,414,0,21.7,77.5,42,20,42,19
2017-10-01,14:02,0,409,1,21.7,77.3,42,20,41,19
2017-10-01,14:02,0,403,0,21.7,77.5,42,21,41,19
2017-10-01,14:02,0,398,0,21.7,77.7,42,20,42,19
2017-10-01,14:02,0,398,0,21.7,77.6,42,20,41,19
2017-10-01,14:03,0,392,1,21.7,78.1,42,21,42,19
2017-10-01,14:03,0,395,1,21.7,77.8,43,20,41,19
2017-10-01,14:03,0,393,0,21.7,77.6,42,20,41,19
2017-10-01,14:03,0,401,0,21.7,77.5,42,21,41,18
2017-10-01,14:03,0,403,0,21.7,77.5,42,20,42,19
2017-10-01,14:03,0,405,0,21.7,77.1,42,21,41,19
2017-10-01,14:03,0,405,1,21.7,76.6,42,20,41,19
2017-10-01,14:03,0,405,0,21.7,77.3,42,21,41,19
2017-10-01,14:04,0,400,0,21.7,77.4,42,21,41,19
2017-10-01,14:04,0,395,0,21.7,77.3,42,20,42,19
2017-10-01,14:04,0,402,0,21.7,77.3,42,21,41,19
2017-10-01,14:04,0,401,1,21.7,77.5,42,20,41,19
2017-10-01,14:04,0,402,0,21.7,77.6,42,21,41,19
2017-10-01,14:04,0,403,2,21.7,77.5,42,20,41,19
2017-10-01,14:04,0,402,2,21.7,77.8,42,21,41,19
2017-10-01,14:05,0,401,0,21.7,78.1,42,21,41,19
2017-10-01,14:05,0,395,0,21.7,77.9,42,21,41,19
2017-10-01,14:05,0,391,0,21.7,77.5,42,21,42,19
2017-10-01,14:05,0,392,0,21.7,77.3,42,21,41,19
2017-10-01,14:05,0,394,0,21.7,76.9,42,21,41,19
2017-10-01,14:05,0,391,0,21.7,77.1,42,21,42,19
2017-10-01,14:05,0,400,0,21.7,77.1,42,20,41,19
2017-10-01,14:05,0,398,0,21.7,77.0,42,21,41,19
2017-10-01,14:06,0,394,0,21.7,76.7,42,21,41,19
2017-10-01,14:06,0,399,0,21.7,76.7,42,20,41,19
2017-10-01,14:06,0,395,0,21.7,77.1,42,20,41,19
2017-10-01,14:06,0,392,2,21.7,77.4,42,20,41,19
2017-10-01,14:06,0,391,0,21.7,78.1,42,21,41,19
2017-10-01,14:06,0,391,0,21.7,77.4,42,21,41,19
2017-10-01,14:06,0,386,0,21.7,76.9,42,21,41,19
2017-10-01,14:06,0,384,0,21.7,77.2,42,21,42,19
2017-10-01,14:07,0,393,0,21.7,76.9,42,21,41,19
2017-10-01,14:07,0,395,2,21.7,77.0,42,20,41,19
2017-10-01,14:07,0,399,0,21.7,77.0,42,21,41,19
2017-10-01,14:07,0,398,0,21.7,77.0,42,21,41,19
2017-10-01,14:07,0,398,0,21.7,76.8,42,21,41,19
2017-10-01,14:07,0,392,2,21.7,76.6,42,21,41,19
2017-10-01,14:07,0,392,0,21.7,76.8,42,20,41,19
2017-10-01,14:08,0,393,0,21.7,76.7,42,20,41,19
2017-10-01,14:08,0,388,0,21.7,76.8,42,21,41,19
2017-10-01,14:08,0,386,0,21.7,77.0,42,21,41,19
2017-10-01,14:08,0,389,0,21.7,77.1,42,20,41,19
2017-10-01,14:08,0,391,0,21.7,77.1,42,21,41,19
2017-10-01,14:08,0,383,0,21.7,76.9,42,21,42,19
2017-10-01,14:08,0,383,1,21.7,76.8,42,20,41,19
2017-10-01,14:08,0,378,1,21.7,76.5,42,21,41,19
2017-10-01,14:09,0,377,0,21.7,76.5,42,21,41,19
2017-10-01,14:09,0,375,0,21.7,76.6,42,21,41,19
2017-10-01,14:09,0,377,0,21.7,76.9,42,20,41,19
2017-10-01,14:09,0,376,1,21.7,76.9,42,20,41,19
2017-10-01,14:09,0,381,2,21.7,77.1,43,21,41,19
2017-10-01,14:09,0,383,0,21.7,76.8,42,20,41,19
2017-10-01,14:09,0,382,0,21.7,76.9,42,20,41,19
2017-10-01,14:09,0,386,1,21.7,76.7,42,21,41,18
2017-10-01,14:10,0,382,1,21.7,76.6,42,20,41,19
2017-10-01,14:10,0,381,0,21.7,76.6,43,21,41,19
2017-10-01,14:10,0,382,0,21.7,76.6,43,21,41,18
2017-10-01,14:10,0,382,1,21.7,76.6,42,20,41,19
2017-10-01,14:10,0,382,0,21.7,76.6,42,21,41,19
2017-10-01,14:10,0,386,2,21.7,76.7,42,21,41,19
2017-10-01,14:10,0,383,0,21.7,76.6,42,20,41,19
2017-10-01,14:11,0,382,0,21.7,76.5,43,20,41,19
2017-10-01,14:11,0,383,0,21.7,76.6,42,21,41,19
2017-10-01,14:11,0,382,0,21.7,76.5,42,21,41,19
2017-10-01,14:11,0,386,0,21.7,76.3,42,20,41,19
2017-10-01,14:11,0,387,0,21.7,76.5,42,21,41,19
2017-10-01,14:11,0,385,0,21.7,76.4,42,21,41,18
2017-10-01,14:11,0,383,1,21.7,76.7,42,20,41,19
2017-10-01,14:11,0,379,0,21.7,77.2,42,21,41,19
2017-10-01,14:12,0,382,0,21.7,77.8,43,20,41,19
2017-10-01,14:12,0,379,0,21.7,77.9,42,20,41,19
2017-10-01,14:12,0,378,0,21.7,78.2,42,21,41,19
2017-10-01,14:12,0,382,1,21.7,77.7,42,21,41,18
2017-10-01,14:12,0,378,0,21.7,77.2,42,20,41,19
2017-10-01,14:12,0,376,0,21.7,77.8,42,21,41,19
2017-10-01,14:12,0,382,0,21.7,77.3,43,21,41,19
2017-10-01,14:12,0,374,0,21.7,76.6,42,21,41,19
2017-10-01,14:13,0,378,0,21.7,76.5,43,21,41,19
2017-10-01,14:13,0,371,0,21.7,76.5,42,21,41,19
2017-10-01,14:13,0,373,0,21.7,76.7,42,21,41,19
2017-10-01,14:13,0,374,1,21.7,76.4,42,21,41,19
2017-10-01,14:13,0,382,0,21.7,76.7,43,20,41,19
2017-10-01,14:13,0,384,0,21.7,76.8,42,21,41,19
2017-10-01,14:13,0,388,0,21.7,77.3,42,21,41,19
2017-10-01,14:13,0,390,0,21.7,77.2,42,21,41,19
2017-10-01,14:14,0,392,0,21.7,77.3,42,21,41,19
2017-10-01,14:14,0,398,0,21.7,77.2,42,21,41,19
2017-10-01,14:14,0,397,0,21.7,77.8,42,21,41,19
2017-10-01,14:14,0,401,0,21.7,77.4,42,21,41,19
2017-10-01,14:14,0,404,0,21.7,77.0,42,20,41,19
2017-10-01,14:14,0,399,0,21.7,77.2,42,20,41,19
2017-10-01,14:14,0,403,1,21.7,77.1,42,20,41,19
2017-10-01,14:15,0,402,1,21.7,76.7,42,20,41,19
2017-10-01,14:15,0,405,1,21.7,76.5,42,20,41,19
2017-10-01,14:15,0,404,0,21.7,76.4,42,20,41,19
2017-10-01,14:15,0,402,0,21.7,76.5,42,20,41,19
2017-10-01,14:15,0,397,0,21.7,76.6,42,20,41,19
2017-10-01,14:15,0,390,0,21.7,76.6,42,21,41,19
2017-10-01,14:15,0,386,2,21.7,76.7,42,20,41,19
2017-10-01,14:15,0,385,0,21.7,76.7,42,21,41,19
2017-10-01,14:16,0,382,1,21.7,76.8,42,20,41,19
2017-10-01,14:16,0,382,0,21.7,76.7,42,21,41,18
2017-10-01,14:16,0,383,0,21.7,76.4,42,20,41,19
2017-10-01,14:16,0,380,0,21.7,76.4,43,21,41,19
2017-10-01,14:16,0,379,0,21.7,76.4,42,21,41,19
2017-10-01,14:16,0,380,1,21.6,76.2,43,21,41,19
2017-10-01,14:16,0,381,0,21.7,76.5,42,21,41,19
2017-10-01,14:16,0,387,0,21.7,76.7,42,20,41,19
2017-10-01,14:17,0,385,0,21.7,76.5,42,21,41,19
2017-10-01,14:17,0,381,0,21.7,77.4,42,21,41,19
2017-10-01,14:17,0,378,0,21.7,77.5,42,20,41,19
2017-10-01,14:17,0,376,0,21.6,77.1,42,21,40,19
2017-10-01,14:17,0,382,0,21.7,76.9,42,21,41,19
2017-10-01,14:17,0,388,0,21.7,76.6,42,21,41,19
2017-10-01,14:17,0,391,0,21.7,76.5,42,21,41,19
2017-10-01,14:18,0,392,0,21.7,76.2,42,21,41,19
2017-10-01,14:18,0,392,0,21.7,76.1,42,21,41,19
2017-10-01,14:18,0,390,0,21.7,76.2,42,21,41,19
2017-10-01,14:18,0,392,0,21.7,76.4,42,21,41,19
2017-10-01,14:18,0,392,0,21.7,76.6,42,21,41,18
2017-10-01,14:18,0,388,0,21.7,76.7,42,21,41,19
2017-10-01,14:18,0,393,0,21.7,77.0,42,21,41,19
2017-10-01,14:18,0,392,0,21.7,76.8,42,20,40,19
2017-10-01,14:19,0,398,0,21.7,77.0,42,21,41,19
2017-10-01,14:19,0,397,0,21.7,77.1,42,21,41,19
2017-10-01,14:19,0,396,0,21.7,77.3,42,21,41,19
2017-10-01,14:19,0,393,0,21.6,77.1,42,21,41,19
2017-10-01,14:19,0,395,0,21.7,77.4,42,21,41,19
2017-10-01,14:19,0,390,0,21.6,77.0,42,21,41,19
2017-10-01,14:19,0,391,0,21.6,77.1,42,21,41,19
2017-10-01,14:19,0,386,0,21.6,76.8,42,21,41,19
2017-10-01,14:20,0,389,0,21.6,76.4,42,21,41,19
2017-10-01,14:20,0,391,0,21.6,76.7,42,21,41,19
2017-10-01,14:20,1,397,0,21.6,77.0,42,20,41,19
2017-10-01,14:20,0,401,1,21.6,76.9,42,21,40,19
2017-10-01,14:20,0,406,1,21.6,76.5,43,20,41,19
2017-10-01,14:20,0,404,0,21.6,76.4,42,21,41,19
2017-10-01,14:20,0,403,0,21.6,76.4,42,21,40,18
2017-10-01,14:21,0,407,1,21.6,76.5,42,21,40,19
2017-10-01,14:21,0,411,0,21.6,76.2,42,21,41,19
2017-10-01,14:21,0,417,0,21.6,76.4,42,21,41,19
2017-10-01,14:21,0,416,0,21.6,76.3,42,21,41,19
2017-10-01,14:21,0,411,0,21.6,76.2,43,21,41,19
2017-10-01,14:21,0,403,1,21.6,76.4,43,21,40,19
2017-10-01,14:21,0,401,0,21.6,76.9,43,21,40,19
2017-10-01,14:21,0,401,0,21.6,76.7,42,21,41,19
2017-10-01,14:22,0,401,0,21.6,76.4,42,21,41,19
2017-10-01,14:22,0,400,0,21.6,76.5,42,21,41,19
2017-10-01,14:22,0,400,0,21.6,76.4,42,20,41,19
2017-10-01,14:22,0,405,0,21.6,76.3,42,20,41,19
2017-10-01,14:22,0,401,1,21.6,76.5,43,21,40,19
2017-10-01,14:22,0,407,1,21.6,76.8,43,21,41,19
2017-10-01,14:22,0,402,2,21.6,77.0,42,21,40,19
2017-10-01,14:22,0,406,2,21.6,77.1,42,21,40,19
2017-10-01,14:23,0,409,0,21.6,76.7,42,21,40,19
2017-10-01,14:23,0,411,0,21.6,76.5,42,21,40,19
2017-10-01,14:23,0,415,2,21.6,76.8,42,21,40,19
2017-10-01,14:23,0,416,2,21.6,77.0,42,21,40,19
2017-10-01,14:23,0,418,2,21.6,76.8,42,21,41,19
2017-10-01,14:23,0,413,0,21.6,76.3,42,20,41,19
2017-10-01,14:23,0,412,0,21.6,76.3,42,20,40,19
2017-10-01,14:24,0,410,1,21.6,76.5,42,20,41,19
2017-10-01,14:24,0,406,0,21.6,76.3,42,20,41,19
2017-10-01,14:24,0,402,0,21.6,76.2,42,21,41,19
2017-10-01,14:24,0,401,0,21.6,76.3,42,21,41,19
2017-10-01,14:24,0,403,1,21.6,76.1,43,21,40,19
2017-10-01,14:24,0,406,1,21.6,76.1,42,21,40,19
2017-10-01,14:24,0,401,2,21.6,76.1,42,21,40,19
2017-10-01,14:24,0,392,0,21.6,76.1,42,21,40,19
2017-10-01,14:25,0,386,0,21.6,76.1,42,21,40,19
2017-10-01,14:25,0,383,0,21.6,76.1,42,21,41,19
2017-10-01,14:25,0,379,1,21.6,76.1,42,21,40,19
2017-10-01,14:25,0,379,1,21.6,76.0,42,21,40,19
2017-10-01,14:25,0,382,0,21.6,75.9,42,21,40,19
2017-10-01,14:25,0,374,0,21.6,75.2,42,21,41,19
2017-10-01,14:25,0,377,0,21.6,75.3,42,21,41,19
2017-10-01,14:25,0,373,0,21.6,75.7,42,20,41,19
2017-10-01,14:26,0,368,0,21.6,75.9,42,21,41,19
2017-10-01,14:26,0,364,0,21.6,75.8,42,21,40,19
2017-10-01,14:26,0,363,0,21.6,75.6,42,21,41,19
2017-10-01,14:26,0,364,0,21.6,75.7,42,20,41,19
2017-10-01,14:26,0,366,0,21.6,75.7,43,21,41,19
2017-10-01,14:26,0,367,0,21.6,75.7,42,21,40,19
2017-10-01,14:26,0,369,1,21.6,76.0,42,21,41,19
2017-10-01,14:27,0,370,1,21.6,76.6,42,21,41,19
2017-10-01,14:27,0,369,0,21.6,77.2,42,21,40,19
2017-10-01,14:27,0,376,0,21.6,77.6,42,21,40,18
2017-10-01,14:27,0,380,1,21.6,76.9,42,21,40,19
2017-10-01,14:27,0,382,1,21.6,76.4,42,21,40,19
2017-10-01,14:27,0,380,0,21.6,76.7,43,21,40,19
2017-10-01,14:27,0,374,0,21.6,76.4,43,21,40,19
2017-10-01,14:27,0,376,0,21.6,75.9,43,21,40,19
2017-10-01,14:28,0,377,1,21.6,75.9,42,20,40,19
2017-10-01,14:28,0,371,0,21.6,75.9,42,21,40,19
2017-10-01,14:28,0,367,0,21.6,76.1,42,21,40,19
2017-10-01,14:28,0,365,0,21.6,76.1,43,21,40,19
2017-10-01,14:28,0,363,0,21.6,76.1,43,21,40,19
2017-10-01,14:28,0,362,1,21.6,76.3,43,21,40,19
2017-10-01,14:28,0,360,0,21.6,76.1,42,21,40,19
2017-10-01,14:28,0,363,0,21.6,76.4,43,21,40,19
2017-10-01,14:29,0,355,0,21.6,76.7,42,21,40,19
2017-10-01,14:29,0,349,0,21.6,76.5,42,21,40,19
2017-10-01,14:29,0,341,0,21.6,76.4,42,21,40,19
2017-10-01,14:29,0,337,0,21.6,76.7,42,21,40,19
2017-10-01,14:29,0,332,0,21.6,76.5,43,21,40,19
2017-10-01,14:29,0,330,0,21.6,76.3,42,21,40,19
2017-10-01,14:29,0,328,0,21.6,76.4,42,21,40,19
2017-10-01,14:30,0,326,0,21.6,76.2,42,21,40,19
2017-10-01,14:30,0,324,0,21.6,76.1,43,20,40,19
2017-10-01,14:30,0,319,0,21.6,76.2,42,21,40,19
2017-10-01,14:30,0,323,0,21.6,76.1,43,21,40,19
2017-10-01,14:30,0,320,1,21.6,75.9,42,21,40,19
2017-10-01,14:30,0,320,0,21.6,76.0,42,20,40,19
2017-10-01,14:30,0,322,0,21.6,75.9,43,21,40,19
2017-10-01,14:30,0,318,1,21.6,76.2,42,21,40,19
2017-10-01,14:31,0,317,0,21.6,76.0,42,21,40,19
2017-10-01,14:31,0,314,0,21.6,76.2,43,21,40,19
2017-10-01,14:31,0,310,1,21.6,76.3,42,21,40,19
2017-10-01,14:31,0,307,0,21.6,76.1,42,21,40,19
2017-10-01,14:31,0,313,0,21.6,76.0,42,21,40,19
2017-10-01,14:31,0,312,0,21.6,75.9,42,21,40,19
2017-10-01,14:31,0,312,0,21.6,75.7,42,21,40,19
2017-10-01,14:31,0,318,0,21.6,75.8,42,21,40,19
2017-10-01,14:32,0,319,0,21.6,75.9,42,21,40,19
2017-10-01,14:32,0,323,1,21.6,75.7,42,21,40,19
2017-10-01,14:32,0,327,0,21.6,75.7,42,21,40,19
2017-10-01,14:32,0,328,0,21.6,75.7,42,21,40,19
2017-10-01,14:32,0,330,0,21.6,75.9,42,21,40,19
2017-10-01,14:32,0,329,0,21.6,75.8,42,21,40,19
2017-10-01,14:32,0,324,0,21.6,75.7,42,21,40,18
2017-10-01,14:33,0,322,0,21.6,75.6,42,20,40,19
2017-10-01,14:33,0,319,0,21.6,75.6,42,21,40,19
2017-10-01,14:33,0,319,0,21.6,75.6,42,21,40,19
2017-10-01,14:33,0,320,0,21.6,75.8,42,21,40,19
2017-10-01,14:33,0,326,2,21.6,75.8,42,21,40,19
2017-10-01,14:33,0,316,0,21.6,75.6,42,21,41,19
2017-10-01,14:33,0,316,0,21.6,75.6,42,20,40,19
2017-10-01,14:33,0,315,0,21.6,75.8,42,21,40,19
2017-10-01,14:34,0,311,0,21.6,75.9,42,21,40,19
2017-10-01,14:34,0,309,0,21.6,75.7,42,21,40,19
2017-10-01,14:34,0,314,0,21.6,75.6,42,21,40,19
2017-10-01,14:34,0,313,0,21.6,75.6,42,21,40,19
2017-10-01,14:34,0,313,0,21.6,75.4,42,21,40,18
2017-10-01,14:34,0,314,1,21.6,75.6,42,21,40,19
2017-10-01,14:34,0,313,0,21.6,75.5,42,21,40,19
2017-10-01,14:34,0,311,0,21.6,75.9,42,21,40,19
2017-10-01,14:35,0,309,0,21.6,75.9,42,21,40,19
2017-10-01,14:35,0,309,0,21.6,76.0,42,21,40,19
2017-10-01,14:35,0,309,0,21.6,75.9,42,21,40,19
2017-10-01,14:35,0,310,0,21.6,75.7,42,21,40,19
2017-10-01,14:35,0,307,0,21.6,75.8,42,21,40,19
2017-10-01,14:35,0,308,0,21.6,75.7,42,20,40,19
2017-10-01,14:35,0,307,0,21.6,75.7,42,21,40,18
2017-10-01,14:36,0,304,0,21.6,75.6,42,21,40,19
2017-10-01,14:36,0,303,0,21.6,75.5,42,20,40,19
2017-10-01,14:36,0,301,0,21.6,75.5,42,21,40,19
2017-10-01,14:36,0,295,0,21.6,75.6,42,21,40,19
2017-10-01,14:36,0,299,0,21.6,75.6,42,21,40,19
2017-10-01,14:36,0,293,0,21.6,75.6,42,21,40,19
2017-10-01,14:36,0,296,0,21.6,75.4,42,21,40,19
2017-10-01,14:36,0,287,0,21.6,75.4,42,21,40,19
2017-10-01,14:37,0,280,0,21.6,75.4,42,21,40,19
2017-10-01,14:37,0,282,0,21.6,75.3,43,21,40,19
2017-10-01,14:37,0,286,0,21.6,75.3,42,21,40,19
2017-10-01,14:37,0,283,0,21.6,75.3,42,21,40,19
2017-10-01,14:37,0,286,0,21.6,75.4,42,21,40,19
2017-10-01,14:37,0,287,0,21.6,75.3,42,21,40,19
2017-10-01,14:37,0,286,0,21.6,75.5,42,21,40,19
2017-10-01,14:37,0,281,0,21.6,75.3,42,21,40,19
2017-10-01,14:38,0,280,0,21.6,75.4,42,21,40,19
2017-10-01,14:38,0,281,0,21.6,75.4,42,21,40,19
2017-10-01,14:38,0,269,1,21.6,75.2,42,21,40,19
2017-10-01,14:38,0,271,0,21.6,75.1,42,21,40,19
2017-10-01,14:38,0,268,0,21.6,75.2,42,20,40,19
2017-10-01,14:38,0,268,0,21.6,75.2,42,21,40,19
2017-10-01,14:38,0,268,0,21.6,75.3,42,21,40,19
2017-10-01,14:39,0,267,0,21.6,75.3,42,21,40,19
2017-10-01,14:39,0,267,0,21.6,75.3,42,20,40,19
2017-10-01,14:39,0,265,0,21.7,75.2,42,21,40,19
2017-10-01,14:39,0,262,0,21.6,75.2,42,21,40,19
2017-10-01,14:39,0,261,0,21.6,75.1,42,21,40,19
2017-10-01,14:39,0,258,0,21.6,75.1,42,21,40,19
2017-10-01,14:39,0,255,0,21.6,75.1,43,21,40,19
2017-10-01,14:39,1,255,0,21.6,75.3,42,21,40,19
2017-10-01,14:40,0,250,0,21.7,75.3,42,21,40,19
2017-10-01,14:40,0,257,0,21.6,75.2,42,21,40,19
2017-10-01,14:40,0,261,0,21.6,75.4,42,21,40,19
2017-10-01,14:40,0,262,0,21.6,75.4,42,21,40,19
2017-10-01,14:40,0,255,0,21.7,75.3,43,21,40,19
2017-10-01,14:40,0,263,0,21.7,75.3,42,21,40,19
2017-10-01,14:40,0,257,0,21.7,75.2,42,21,40,19
2017-10-01,14:40,0,255,0,21.7,75.1,42,21,40,19
2017-10-01,14:41,0,255,0,21.7,75.1,42,21,40,19
2017-10-01,14:41,0,248,0,21.7,75.1,42,21,40,19
2017-10-01,14:41,0,251,0,21.7,75.3,42,21,40,19
2017-10-01,14:41,0,249,0,21.6,75.0,42,21,40,19
2017-10-01,14:41,0,252,0,21.6,75.3,42,21,40,19
2017-10-01,14:41,0,254,0,21.6,75.5,42,21,40,18
2017-10-01,14:41,0,253,0,21.6,76.2,42,21,40,19
2017-10-01,14:41,0,254,0,21.6,76.1,42,21,40,19
2017-10-01,14:42,0,255,0,21.6,76.5,42,21,40,19
2017-10-01,14:42,0,257,0,21.6,76.3,42,21,40,19
2017-10-01,14:42,0,258,0,21.6,75.9,42,21,40,19
2017-10-01,14:42,0,263,0,21.6,75.5,42,21,39,19
2017-10-01,14:42,0,270,1,21.6,75.3,43,21,40,19
2017-10-01,14:42,0,268,0,21.6,75.3,42,21,40,19
2017-10-01,14:42,0,272,0,21.6,75.3,42,21,40,19
2017-10-01,14:43,0,272,0,21.6,75.3,42,21,40,19
2017-10-01,14:43,0,273,0,21.6,75.3,42,21,40,19
2017-10-01,14:43,0,273,0,21.6,75.3,42,21,40,19
2017-10-01,14:43,0,271,0,21.6,75.1,42,21,40,19
2017-10-01,14:43,0,262,0,21.6,75.3,42,21,40,19
2017-10-01,14:43,0,264,0,21.6,75.5,42,21,40,19
2017-10-01,14:43,0,259,0,21.6,75.5,42,21,40,19
2017-10-01,14:43,0,251,0,21.6,75.1,42,21,40,19
2017-10-01,14:44,0,254,0,21.6,75.2,42,21,40,19
2017-10-01,14:44,0,248,0,21.6,75.2,42,21,40,19
2017-10-01,14:44,0,248,1,21.6,75.8,42,21,39,19
2017-10-01,14:44,0,249,0,21.6,75.8,43,21,39,19
2017-10-01,14:44,0,252,0,21.6,75.6,42,21,40,19
2017-10-01,14:44,0,247,0,21.6,75.6,42,20,40,19
2017-10-01,14:44,0,249,0,21.6,75.3,42,20,40,19
2017-10-01,14:44,0,250,0,21.6,75.2,42,20,40,19
2017-10-01,14:45,0,247,0,21.6,75.1,42,21,40,19
2017-10-01,14:45,0,251,0,21.6,75.4,42,21,40,19
2017-10-01,14:45,0,243,1,21.6,75.6,42,21,40,19
2017-10-01,14:45,0,239,0,21.6,75.7,42,21,40,19
2017-10-01,14:45,0,241,0,21.6,75.8,42,21,40,19
2017-10-01,14:45,0,241,0,21.6,75.9,42,21,40,19
2017-10-01,14:45,0,238,0,21.6,75.8,42,21,40,19
2017-10-01,14:46,0,241,0,21.6,75.8,42,21,40,19
2017-10-01,14:46,0,240,0,21.6,75.5,42,20,40,19
2017-10-01,14:46,0,244,0,21.6,75.3,42,21,40,19
2017-10-01,14:46,0,239,0,21.6,75.3,42,21,40,19
2017-10-01,14:46,0,243,0,21.6,75.6,42,20,40,19
2017-10-01,14:46,0,246,0,21.6,75.5,42,21,39,19
2017-10-01,14:46,0,248,0,21.6,75.3,42,21,40,19
2017-10-01,14:46,0,247,0,21.6,75.2,42,21,40,19
2017-10-01,14:47,0,253,0,21.6,75.1,42,21,39,19
2017-10-01,14:47,0,257,0,21.6,75.2,42,21,39,19
2017-10-01,14:47,0,252,0,21.6,75.5,42,21,40,19
2017-10-01,14:47,0,259,0,21.6,75.5,42,21,40,19
2017-10-01,14:47,0,265,0,21.6,75.3,42,21,39,19
2017-10-01,14:47,0,264,1,21.6,75.3,42,21,40,19
2017-10-01,14:47,0,266,0,21.6,75.3,42,21,40,19
2017-10-01,14:47,0,266,0,21.6,75.6,42,21,40,19
2017-10-01,14:48,0,263,0,21.6,75.4,42,21,40,19
2017-10-01,14:48,0,269,0,21.6,75.3,42,21,39,19
2017-10-01,14:48,0,270,0,21.6,75.1,42,21,40,19
2017-10-01,14:48,0,273,0,21.6,75.2,42,21,39,19
2017-10-01,14:48,0,277,0,21.6,74.9,42,21,40,19
2017-10-01,14:48,0,285,0,21.6,74.9,42,21,40,19
2017-10-01,14:48,0,291,0,21.6,74.9,42,21,40,19
2017-10-01,14:49,0,296,0,21.6,75.3,42,21,40,19
2017-10-01,14:49,0,297,0,21.6,75.2,42,21,40,19
2017-10-01,14:49,0,295,0,21.6,75.4,42,21,39,19
2017-10-01,14:49,0,294,0,21.6,75.8,42,21,39,18
2017-10-01,14:49,0,300,0,21.6,75.8,42,21,40,19
2017-10-01,14:49,0,300,0,21.6,75.6,42,21,40,19
2017-10-01,14:49,0,301,0,21.6,75.6,42,21,40,19
2017-10-01,14:49,0,300,0,21.6,75.5,42,21,40,18
2017-10-01,14:50,0,303,0,21.6,75.4,42,21,39,19
2017-10-01,14:50,0,301,0,21.6,75.3,42,21,40,19
2017-10-01,14:50,0,302,0,21.6,75.3,42,21,40,19
2017-10-01,14:50,0,309,0,21.6,75.2,42,20,39,19
2017-10-01,14:50,0,310,0,21.6,75.3,42,21,39,19
2017-10-01,14:50,0,305,0,21.6,75.3,42,21,40,19
2017-10-01,14:50,0,313,0,21.6,75.3,42,21,40,19
2017-10-01,14:50,0,320,0,21.6,75.2,42,21,39,19
2017-10-01,14:51,0,319,0,21.6,75.1,42,21,39,19
2017-10-01,14:51,0,324,0,21.6,75.3,42,21,40,19
2017-10-01,14:51,0,320,0,21.6,75.2,42,21,39,19
2017-10-01,14:51,0,324,0,21.6,75.1,42,21,40,19
2017-10-01,14:51,0,328,0,21.6,75.2,42,21,40,19
2017-10-01,14:51,0,331,0,21.6,75.2,42,20,40,19
2017-10-01,14:51,0,329,0,21.6,75.2,42,21,39,19
2017-10-01,14:52,0,325,0,21.6,75.1,42,21,40,19
2017-10-01,14:52,0,325,0,21.6,75.0,42,21,40,19
2017-10-01,14:52,0,324,0,21.6,75.1,42,21,39,19
2017-10-01,14:52,0,324,0,21.6,75.3,42,21,40,19
2017-10-01,14:52,0,335,0,21.6,75.2,42,21,40,19
2017-10-01,14:52,0,341,0,21.6,75.3,42,20,40,19
2017-10-01,14:52,0,348,0,21.6,75.3,42,21,40,19
2017-10-01,14:52,0,357,0,21.6,75.2,42,21,40,19
2017-10-01,14:53,0,367,1,21.6,75.1,42,21,40,19
2017-10-01,14:53,0,374,0,21.6,75.2,42,21,40,19
2017-10-01,14:53,0,380,0,21.6,75.0,42,21,40,19
2017-10-01,14:53,0,382,0,21.6,74.9,42,21,40,19
2017-10-01,14:53,0,387,0,21.6,74.7,42,20,40,19
2017-10-01,14:53,0,389,1,21.6,74.8,42,21,40,19
2017-10-01,14:53,0,388,1,21.6,75.0,42,21,41,19
2017-10-01,14:53,0,389,0,21.6,75.1,42,21,40,19
2017-10-01,14:54,0,396,2,21.6,74.9,42,20,40,19
2017-10-01,14:54,0,390,0,21.6,75.0,42,21,40,19
2017-10-01,14:54,0,385,0,21.6,75.1,42,21,41,19
2017-10-01,14:54,0,390,0,21.6,75.3,42,20,40,19
2017-10-01,14:54,0,393,0,21.6,75.3,42,21,41,19
2017-10-01,14:54,0,396,0,21.6,75.1,42,20,40,19
2017-10-01,14:54,0,390,0,21.6,75.0,42,21,41,19
2017-10-01,14:55,0,393,0,21.6,74.9,42,20,41,19
2017-10-01,14:55,0,389,0,21.6,74.9,42,21,41,19
2017-10-01,14:55,0,390,0,21.6,74.9,42,21,41,19
2017-10-01,14:55,0,392,0,21.6,74.9,42,21,41,19
2017-10-01,14:55,0,383,0,21.6,74.9,42,21,41,19
2017-10-01,14:55,0,381,0,21.6,74.9,42,20,41,19
2017-10-01,14:55,0,378,0,21.6,75.0,42,21,41,19
2017-10-01,14:55,0,370,2,21.6,74.9,42,21,41,19
2017-10-01,14:56,0,368,0,21.6,75.0,42,21,41,19
2017-10-01,14:56,0,370,0,21.6,74.9,42,20,41,19
2017-10-01,14:56,0,370,0,21.6,74.9,42,21,41,19
2017-10-01,14:56,0,370,0,21.6,74.9,42,20,41,19
2017-10-01,14:56,0,368,0,21.6,75.1,42,21,41,19
2017-10-01,14:56,0,366,0,21.6,75.1,42,20,41,19
2017-10-01,14:56,0,367,0,21.6,75.1,42,21,41,19
2017-10-01,14:56,0,376,0,21.6,75.2,42,20,41,18
2017-10-01,14:57,0,371,0,21.6,75.0,42,20,41,19
2017-10-01,14:57,0,369,0,21.6,74.9,42,21,41,19
2017-10-01,14:57,0,370,0,21.6,75.0,42,20,41,19
2017-10-01,14:57,0,370,0,21.6,75.0,42,21,41,19
2017-10-01,14:57,0,370,0,21.6,74.9,42,20,41,19
2017-10-01,14:57,0,377,1,21.6,74.9,42,21,41,19
2017-10-01,14:57,0,371,0,21.6,74.7,42,20,41,19
2017-10-01,14:58,0,376,1,21.6,74.5,42,21,42,19
2017-10-01,14:58,0,378,0,21.6,74.6,42,20,41,19
2017-10-01,14:58,0,379,0,21.6,74.8,42,21,42,19
2017-10-01,14:58,0,381,0,21.6,74.7,42,21,41,19
2017-10-01,14:58,0,381,1,21.6,74.6,42,21,41,19
2017-10-01,14:58,0,379,0,21.6,74.7,42,20,42,19
2017-10-01,14:58,0,376,1,21.6,74.7,42,21,41,19
2017-10-01,14:58,0,373,0,21.6,75.0,42,21,41,19
2017-10-01,14:59,0,373,0,21.6,75.0,42,21,42,19
2017-10-01,14:59,0,376,0,21.6,74.7,42,20,41,19
2017-10-01,14:59,0,374,0,21.6,75.1,42,21,41,19
2017-10-01,14:59,0,370,0,21.6,75.0,42,21,42,19
2017-10-01,14:59,0,370,0,21.6,74.4,42,21,41,19
2017-10-01,14:59,0,361,0,21.6,74.8,42,20,42,19
2017-10-01,14:59,0,359,1,21.6,75.1,42,21,41,18
2017-10-01,14:59,0,352,0,21.6,75.4,42,20,42,19
2017-10-01,15:00,0,346,0,21.6,75.3,42,21,41,19
2017-10-01,15:00,0,343,0,21.6,75.1,42,20,41,19
2017-10-01,15:00,0,337,1,21.6,74.9,42,20,42,19
2017-10-01,15:00,0,332,0,21.6,75.2,42,21,41,19
2017-10-01,15:00,0,330,0,21.6,75.6,42,20,41,19
2017-10-01,15:00,0,325,0,21.6,75.3,42,20,42,19
2017-10-01,15:00,0,324,0,21.6,75.1,42,20,41,19
2017-10-01,15:01,0,325,1,21.6,75.1,42,20,41,19
2017-10-01,15:01,0,320,2,21.6,75.1,42,21,41,19
2017-10-01,15:01,0,317,0,21.6,75.0,42,20,41,19
2017-10-01,15:01,0,315,0,21.6,75.0,42,21,42,19
2017-10-01,15:01,0,316,0,21.6,74.9,43,20,41,19
2017-10-01,15:01,0,313,0,21.6,74.8,42,20,41,19
2017-10-01,15:01,0,311,0,21.6,74.9,42,21,42,19
2017-10-01,15:01,0,321,1,21.6,74.9,42,21,42,19
2017-10-01,15:02,0,318,0,21.6,74.9,42,21,41,18
2017-10-01,15:02,0,321,0,21.6,74.9,42,20,41,19
2017-10-01,15:02,0,321,0,21.6,75.0,42,20,41,19
2017-10-01,15:02,0,322,0,21.6,74.7,42,20,42,19
2017-10-01,15:02,0,322,1,21.6,74.5,42,20,41,19
2017-10-01,15:02,0,316,0,21.6,74.6,42,20,41,19
2017-10-01,15:02,0,314,0,21.6,74.7,42,21,42,19
2017-10-01,15:02,0,314,0,21.6,74.7,42,21,42,19
2017-10-01,15:03,0,316,0,21.6,74.8,42,21,41,18
2017-10-01,15:03,0,317,0,21.6,74.8,42,21,41,19
2017-10-01,15:03,0,313,0,21.6,74.6,42,20,41,19
2017-10-01,15:03,0,310,0,21.6,75.0,42,20,41,19
2017-10-01,15:03,0,317,0,21.6,75.1,42,21,42,19
2017-10-01,15:03,0,315,0,21.6,75.3,42,21,42,19
2017-10-01,15:03,0,308,0,21.6,75.1,42,20,41,19
2017-10-01,15:04,0,293,0,21.6,74.9,42,20,42,19
2017-10-01,15:04,0,294,0,21.6,74.8,42,21,42,19
2017-10-01,15:04,0,293,0,21.6,74.9,42,21,41,19
2017-10-01,15:04,0,288,0,21.6,74.7,42,21,42,19
2017-10-01,15:04,0,285,0,21.6,74.7,42,21,41,19
2017-10-01,15:04,0,279,0,21.6,74.9,43,21,41,19
2017-10-01,15:04,0,282,0,21.6,74.8,42,20,41,19
2017-10-01,15:04,0,279,0,21.6,74.7,42,20,41,19
2017-10-01,15:05,0,281,0,21.6,74.7,42,20,41,19
2017-10-01,15:05,0,287,0,21.6,74.8,42,20,41,19
2017-10-01,15:05,0,293,0,21.6,74.9,42,21,41,19
2017-10-01,15:05,0,294,0,21.6,74.9,42,20,41,19
2017-10-01,15:05,0,298,0,21.6,75.1,42,21,41,19
2017-10-01,15:05,0,298,0,21.6,75.1,42,21,42,19
2017-10-01,15:05,0,291,0,21.6,74.7,42,21,41,19
2017-10-01,15:05,0,290,0,21.6,74.8,42,20,41,19
2017-10-01,15:06,0,291,0,21.6,75.0,42,21,41,19
2017-10-01,15:06,0,284,0,21.6,75.1,42,20,41,19
2017-10-01,15:06,0,288,0,21.6,75.2,42,21,41,19
2017-10-01,15:06,0,289,0,21.6,75.2,42,21,41,19
2017-10-01,15:06,0,292,0,21.6,75.0,42,21,41,18
2017-10-01,15:06,0,294,0,21.6,74.9,42,21,41,18
2017-10-01,15:06,0,293,0,21.6,74.8,42,21,41,19
2017-10-01,15:06,0,287,0,21.6,75.1,42,21,41,19
2017-10-01,15:07,0,290,1,21.6,75.0,42,21,41,19
2017-10-01,15:07,0,282,0,21.6,74.9,42,21,41,19
2017-10-01,15:07,0,281,0,21.5,74.9,42,21,41,19
2017-10-01,15:07,0,282,0,21.6,75.0,42,21,41,19
2017-10-01,15:07,0,283,0,21.6,75.1,42,20,41,19
2017-10-01,15:07,0,278,0,21.6,74.9,42,21,41,19
2017-10-01,15:07,0,278,0,21.6,75.0,42,21,41,19
2017-10-01,15:08,0,280,0,21.6,75.0,42,21,41,19
2017-10-01,15:08,0,275,0,21.6,75.0,42,20,41,19
2017-10-01,15:08,0,277,0,21.6,75.0,42,20,41,19
2017-10-01,15:08,0,274,0,21.6,74.9,42,20,41,19
2017-10-01,15:08,0,278,0,21.6,75.0,42,20,41,19
2017-10-01,15:08,0,274,0,21.6,75.0,42,21,41,19
2017-10-01,15:08,0,278,0,21.6,74.9,42,21,41,19
2017-10-01,15:08,0,271,0,21.6,75.0,42,21,41,19
2017-10-01,15:09,0,275,0,21.6,75.0,42,21,41,18
2017-10-01,15:09,0,268,1,21.6,75.0,42,21,41,19
2017-10-01,15:09,0,267,0,21.6,75.0,42,21,41,19
2017-10-01,15:09,0,262,0,21.6,75.0,42,21,41,19
2017-10-01,15:09,0,257,0,21.6,74.8,42,21,41,19
2017-10-01,15:09,0,257,0,21.6,74.8,42,21,41,18
2017-10-01,15:09,0,256,0,21.6,74.9,42,21,41,19
2017-10-01,15:09,0,254,0,21.6,75.0,42,21,41,19
2017-10-01,15:10,0,258,0,21.6,74.9,42,21,41,19
2017-10-01,15:10,0,260,0,21.6,74.8,42,21,41,19
2017-10-01,15:10,0,264,0,21.6,74.8,42,21,41,19
2017-10-01,15:10,0,262,0,21.6,74.8,42,20,41,19
2017-10-01,15:10,0,269,0,21.6,74.9,42,21,41,19
2017-10-01,15:10,0,267,0,21.6,74.6,42,21,41,19
2017-10-01,15:10,0,269,0,21.6,74.7,42,21,41,19
2017-10-01,15:11,0,261,0,21.6,74.8,42,21,41,18
2017-10-01,15:11,0,253,0,21.6,74.8,42,21,41,19
2017-10-01,15:11,0,243,0,21.6,74.7,42,20,41,19
2017-10-01,15:11,0,243,1,21.6,74.9,42,21,41,19
2017-10-01,15:11,0,242,0,21.6,75.1,42,21,41,19
2017-10-01,15:11,0,239,0,21.6,74.9,42,21,41,19
2017-10-01,15:11,0,230,0,21.6,75.2,42,21,41,19
2017-10-01,15:11,0,236,0,21.6,75.0,42,21,41,19
2017-10-01,15:12,0,233,0,21.6,75.0,42,20,41,19
2017-10-01,15:12,0,235,0,21.6,74.6,42,20,41,19
2017-10-01,15:12,0,241,0,21.6,74.7,42,21,41,19
2017-10-01,15:12,0,240,0,21.6,74.9,42,21,41,19
2017-10-01,15:12,0,247,0,21.6,74.7,42,21,41,19
2017-10-01,15:12,0,244,0,21.6,74.8,42,21,41,19
2017-10-01,15:12,0,247,0,21.6,74.9,42,21,41,19
2017-10-01,15:12,0,241,0,21.6,75.1,42,21,41,19
2017-10-01,15:13,0,237,0,21.6,74.9,42,21,41,19
2017-10-01,15:13,0,241,0,21.6,74.6,42,21,41,18
2017-10-01,15:13,0,242,0,21.6,74.6,42,20,41,19
2017-10-01,15:13,0,245,0,21.6,74.7,42,21,41,19
2017-10-01,15:13,0,241,0,21.5,74.9,42,21,41,19
2017-10-01,15:13,0,245,0,21.5,74.9,42,21,41,19
2017-10-01,15:13,0,240,0,21.6,75.0,42,21,41,19
2017-10-01,15:14,0,241,0,21.6,74.9,42,21,41,19
2017-10-01,15:14,0,240,0,21.6,74.9,42,21,41,19
2017-10-01,15:14,0,233,0,21.6,75.0,42,21,41,19
2017-10-01,15:14,1,234,0,21.6,75.0,42,21,41,19
2017-10-01,15:14,0,234,0,21.5,74.9,42,21,41,19
2017-10-01,15:14,0,229,0,21.6,74.8,42,21,41,19
2017-10-01,15:14,0,228,0,21.6,74.7,42,21,40,19
2017-10-01,15:14,0,227,0,21.6,74.7,42,21,41,19
2017-10-01,15:15,0,228,0,21.6,74.8,42,20,41,19
2017-10-01,15:15,0,225,0,21.6,74.7,42,21,41,19
2017-10-01,15:15,0,219,0,21.6,74.5,42,21,41,19
2017-10-01,15:15,0,219,0,21.6,74.7,42,21,41,19
2017-10-01,15:15,0,218,1,21.6,74.7,42,21,41,19
2017-10-01,15:15,0,220,0,21.6,74.7,42,21,41,19
2017-10-01,15:15,0,223,0,21.6,74.7,42,21,41,19
2017-10-01,15:15,0,224,0,21.6,74.7,42,21,40,19
2017-10-01,15:16,0,226,0,21.6,74.8,42,21,41,19
2017-10-01,15:16,0,227,0,21.5,74.6,42,21,41,19
2017-10-01,15:16,0,226,0,21.6,74.5,42,21,41,19
2017-10-01,15:16,0,225,0,21.6,75.1,42,20,41,19
2017-10-01,15:16,0,222,0,21.6,74.7,42,21,41,19
2017-10-01,15:16,0,223,1,21.6,74.6,42,21,41,19
2017-10-01,15:16,0,221,0,21.6,74.7,42,21,41,19
2017-10-01,15:17,0,214,0,21.6,74.7,42,21,41,19
2017-10-01,15:17,0,218,0,21.6,74.9,42,21,40,19
2017-10-01,15:17,0,210,0,21.5,74.8,42,21,41,19
2017-10-01,15:17,0,210,0,21.6,74.8,42,21,41,19
2017-10-01,15:17,0,210,0,21.6,74.9,42,21,41,19
2017-10-01,15:17,0,215,0,21.6,74.9,42,20,41,19
2017-10-01,15:17,0,215,0,21.5,74.7,42,21,41,19
2017-10-01,15:17,0,216,0,21.6,74.4,42,21,41,18
2017-10-01,15:18,0,212,0,21.6,74.7,42,21,41,19
2017-10-01,15:18,0,221,0,21.6,74.7,42,21,41,19
2017-10-01,15:18,0,217,0,21.6,74.9,42,21,41,19
2017-10-01,15:18,0,222,0,21.6,74.9,42,21,41,19
2017-10-01,15:18,0,219,0,21.6,74.9,42,21,41,19
2017-10-01,15:18,0,222,0,21.6,75.1,42,21,41,19
2017-10-01,15:18,0,220,0,21.5,75.1,42,21,41,19
2017-10-01,15:18,0,219,0,21.5,75.0,42,21,40,19
2017-10-01,15:19,0,219,0,21.5,74.9,42,21,41,19
2017-10-01,15:19,0,221,1,21.5,74.9,42,21,41,19
2017-10-01,15:19,0,222,0,21.5,74.9,42,21,41,19
2017-10-01,15:19,0,223,0,21.6,74.7,42,21,41,19
2017-10-01,15:19,0,224,0,21.6,74.8,42,21,41,19
2017-10-01,15:19,0,226,0,21.5,74.9,42,21,41,19
2017-10-01,15:19,0,228,0,21.5,74.7,42,21,41,19
2017-10-01,15:20,0,226,0,21.5,74.9,42,21,41,19
2017-10-01,15:20,0,229,0,21.5,74.8,42,20,41,19
2017-10-01,15:20,0,232,0,21.5,74.9,42,21,40,19
2017-10-01,15:20,0,232,0,21.5,75.1,42,21,41,19
2017-10-01,15:20,0,231,0,21.5,75.2,42,21,41,19
2017-10-01,15:20,0,233,0,21.5,75.3,42,21,41,19
2017-10-01,15:20,0,233,0,21.5,74.9,42,21,41,19
2017-10-01,15:20,0,229,0,21.5,75.3,42,21,41,19
2017-10-01,15:21,0,228,0,21.5,75.3,42,21,41,19
2017-10-01,15:21,0,225,0,21.5,75.2,42,21,41,19
2017-10-01,15:21,0,227,0,21.5,75.2,42,21,41,19
2017-10-01,15:21,0,225,0,21.5,75.2,42,21,41,19
2017-10-01,15:21,0,223,0,21.5,75.0,42,21,41,19
2017-10-01,15:21,0,227,0,21.5,75.0,42,21,40,19
2017-10-01,15:21,0,219,0,21.5,75.0,42,21,41,18
2017-10-01,15:21,0,216,0,21.5,75.2,42,21,41,19
2017-10-01,15:22,0,225,0,21.5,74.9,42,21,41,19
2017-10-01,15:22,0,225,0,21.5,74.9,42,21,41,19
2017-10-01,15:22,0,231,0,21.5,74.9,42,21,40,19
2017-10-01,15:22,0,232,0,21.5,74.9,42,21,41,19
2017-10-01,15:22,0,231,0,21.5,75.0,42,20,40,19
2017-10-01,15:22,0,235,0,21.5,74.9,42,21,40,19
2017-10-01,15:22,0,226,0,21.5,74.9,42,21,41,19
2017-10-01,15:23,0,227,0,21.5,74.8,42,20,40,19
2017-10-01,15:23,0,231,0,21.5,74.7,42,21,41,19
2017-10-01,15:23,0,227,0,21.5,74.4,42,21,41,19
2017-10-01,15:23,0,232,0,21.5,74.6,42,21,41,19
2017-10-01,15:23,0,233,0,21.5,75.0,42,21,40,19
2017-10-01,15:23,0,238,0,21.5,75.2,42,21,41,19
2017-10-01,15:23,0,240,0,21.5,75.2,42,21,40,19
2017-10-01,15:23,0,235,1,21.5,75.1,42,21,40,19
2017-10-01,15:24,0,237,0,21.5,74.8,42,21,40,19
2017-10-01,15:24,0,234,0,21.5,74.9,42,21,40,19
2017-10-01,15:24,0,231,0,21.5,75.1,42,21,41,19
2017-10-01,15:24,0,234,0,21.5,74.9,42,21,41,19
2017-10-01,15:24,1,237,0,21.5,75.1,42,21,40,19
2017-10-01,15:24,0,242,0,21.5,74.8,42,21,40,19
2017-10-01,15:24,0,248,0,21.5,74.7,42,21,41,19
2017-10-01,15:24,0,252,0,21.5,74.7,42,21,41,19
2017-10-01,15:25,0,259,0,21.5,74.8,42,21,40,19
2017-10-01,15:25,0,261,0,21.5,74.8,42,21,40,18
2017-10-01,15:25,0,263,0,21.5,74.8,42,21,41,19
2017-10-01,15:25,0,269,0,21.5,74.7,42,21,40,19
2017-10-01,15:25,0,267,0,21.5,74.6,42,21,40,19
2017-10-01,15:25,0,275,0,21.5,74.4,42,21,40,19
2017-10-01,15:25,0,281,0,21.5,74.7,42,21,41,19
2017-10-01,15:26,0,277,1,21.5,74.7,42,21,40,19
2017-10-01,15:26,0,274,0,21.5,74.7,42,21,40,19
2017-10-01,15:26,0,266,0,21.5,74.7,42,21,41,19
2017-10-01,15:26,0,267,0,21.5,74.7,42,21,40,19
2017-10-01,15:26,0,270,0,21.6,74.7,42,21,40,19
2017-10-01,15:26,0,266,0,21.6,74.6,42,21,40,19
2017-10-01,15:26,0,270,0,21.6,74.6,42,21,41,19
2017-10-01,15:26,0,274,0,21.6,74.6,42,20,40,19
2017-10-01,15:27,0,279,0,21.5,74.6,42,21,40,19
2017-10-01,15:27,0,285,0,21.6,74.5,42,21,41,19
2017-10-01,15:27,0,288,0,21.6,74.5,42,21,41,19
2017-10-01,15:27,0,290,0,21.6,74.4,42,21,40,19
2017-10-01,15:27,0,291,1,21.5,74.5,42,21,40,19
2017-10-01,15:27,0,294,0,21.6,74.5,42,21,40,19
2017-10-01,15:27,0,296,0,21.5,74.4,42,21,40,19
2017-10-01,15:27,0,296,0,21.6,74.4,42,21,40,19
2017-10-01,15:28,0,293,0,21.6,74.5,42,21,40,19
2017-10-01,15:28,0,295,0,21.6,74.5,42,20,40,19
2017-10-01,15:28,0,296,0,21.5,74.6,42,21,41,19
2017-10-01,15:28,0,300,0,21.6,74.6,42,21,41,19
2017-10-01,15:28,0,301,1,21.6,74.5,42,21,40,19
2017-10-01,15:28,0,303,0,21.6,74.7,42,21,41,19
2017-10-01,15:28,0,299,0,21.6,74.8,42,21,40,19
2017-10-01,15:29,0,308,0,21.5,74.9,42,21,40,19
2017-10-01,15:29,0,306,0,21.5,74.7,42,21,40,19
2017-10-01,15:29,0,304,0,21.5,74.7,42,21,41,19
2017-10-01,15:29,0,304,0,21.5,74.5,42,21,40,19
2017-10-01,15:29,0,300,0,21.5,74.8,42,21,40,19
2017-10-01,15:29,0,307,0,21.5,74.9,42,21,41,19
2017-10-01,15:29,0,312,0,21.5,74.9,42,21,40,19
2017-10-01,15:29,0,313,0,21.5,74.9,42,21,40,19
2017-10-01,15:30,0,311,0,21.5,75.0,42,21,40,19
2017-10-01,15:30,0,305,0,21.5,75.1,42,21,40,19
2017-10-01,15:30,0,301,0,21.5,74.9,42,21,40,19
2017-10-01,15:30,0,304,0,21.5,74.9,43,21,40,19
2017-10-01,15:30,0,296,0,21.5,74.7,42,20,40,19
2017-10-01,15:30,0,302,0,21.5,74.9,42,21,40,19
2017-10-01,15:30,0,307,0,21.5,75.2,42,21,40,19
2017-10-01,15:30,0,304,0,21.5,75.0,42,21,40,19
2017-10-01,15:31,0,303,0,21.5,74.8,42,21,40,19
2017-10-01,15:31,1,303,0,21.5,74.8,42,21,40,19
2017-10-01,15:31,0,300,0,21.5,74.6,42,21,40,19
2017-10-01,15:31,0,296,0,21.5,74.5,42,21,40,19
2017-10-01,15:31,0,294,0,21.5,74.6,42,21,40,19
2017-10-01,15:31,0,294,0,21.5,74.5,42,21,40,19
2017-10-01,15:31,0,294,0,21.5,74.7,42,21,40,19
2017-10-01,15:31,0,300,0,21.5,74.6,42,21,40,19
2017-10-01,15:32,0,297,0,21.5,74.6,42,21,40,19
2017-10-01,15:32,0,297,0,21.5,74.5,42,21,41,19
2017-10-01,15:32,0,295,0,21.5,74.6,42,21,40,19
2017-10-01,15:32,0,292,0,21.5,74.3,42,21,40,19
2017-10-01,15:32,0,292,0,21.5,74.6,42,21,40,19
2017-10-01,15:32,0,284,0,21.5,74.6,42,21,40,19
2017-10-01,15:32,0,287,0,21.5,74.6,42,21,40,19
2017-10-01,15:33,0,286,0,21.5,74.4,42,21,40,19
2017-10-01,15:33,0,288,0,21.5,74.4,42,21,40,19
2017-10-01,15:33,0,282,0,21.5,74.5,42,21,40,19
2017-10-01,15:33,0,278,0,21.5,74.7,42,21,40,19
2017-10-01,15:33,0,273,0,21.5,74.6,42,21,40,19
2017-10-01,15:33,0,267,0,21.5,74.4,42,21,40,19
2017-10-01,15:33,0,265,0,21.5,74.5,42,21,40,19
2017-10-01,15:33,0,260,0,21.5,74.6,42,21,40,19
2017-10-01,15:34,0,258,0,21.5,74.6,42,21,40,19
2017-10-01,15:34,0,261,0,21.5,74.6,42,21,40,19
2017-10-01,15:34,0,259,0,21.5,74.7,42,21,41,19
2017-10-01,15:34,0,261,0,21.5,74.5,42,21,40,19
2017-10-01,15:34,0,266,0,21.5,74.6,42,21,40,19
2017-10-01,15:34,0,272,0,21.5,74.4,42,21,40,19
2017-10-01,15:34,0,273,0,21.5,74.3,42,21,40,19
2017-10-01,15:34,0,268,1,21.5,74.3,42,21,40,19
2017-10-01,15:35,0,270,0,21.5,74.3,42,21,40,19
2017-10-01,15:35,0,265,0,21.5,74.0,42,21,40,19
2017-10-01,15:35,0,266,1,21.5,74.3,42,21,40,19
2017-10-01,15:35,0,267,0,21.5,74.3,42,21,40,19
2017-10-01,15:35,0,269,0,21.5,74.1,42,21,40,19
2017-10-01,15:35,0,266,0,21.5,74.4,42,21,40,19
2017-10-01,15:35,0,272,0,21.5,74.6,42,21,40,19
2017-10-01,15:36,1,271,0,21.5,74.8,42,21,40,19
2017-10-01,15:36,0,271,0,21.5,74.8,42,21,40,18
2017-10-01,15:36,0,268,0,21.5,74.6,42,21,40,19
2017-10-01,15:36,0,269,0,21.5,74.4,42,21,40,19
2017-10-01,15:36,0,269,0,21.5,74.6,42,21,40,19
2017-10-01,15:36,0,275,0,21.5,74.5,42,20,40,19
2017-10-01,15:36,0,281,0,21.5,74.5,42,20,40,19
2017-10-01,15:36,0,285,0,21.5,74.4,42,21,40,19
2017-10-01,15:37,0,282,0,21.5,74.4,42,21,40,19
2017-10-01,15:37,0,281,0,21.5,74.3,42,21,40,19
2017-10-01,15:37,0,281,0,21.5,74.3,42,21,40,19
2017-10-01,15:37,0,279,0,21.5,74.3,42,21,40,19
2017-10-01,15:37,0,276,0,21.5,74.5,42,21,40,19
2017-10-01,15:37,0,274,0,21.5,74.6,42,21,40,19
2017-10-01,15:37,0,268,0,21.5,74.6,42,21,40,19
2017-10-01,15:37,0,270,0,21.5,74.6,42,21,40,19
2017-10-01,15:38,0,273,0,21.5,74.5,42,21,40,19
2017-10-01,15:38,0,271,0,21.5,74.6,42,21,40,19
2017-10-01,15:38,0,274,0,21.5,74.5,42,21,40,19
2017-10-01,15:38,0,276,0,21.5,74.4,42,21,40,19
2017-10-01,15:38,0,272,0,21.5,74.2,42,21,40,19
2017-10-01,15:38,0,273,0,21.5,74.2,42,21,40,19
2017-10-01,15:38,0,270,0,21.5,74.3,42,21,40,19
2017-10-01,15:39,0,276,1,21.5,74.4,42,21,40,19
2017-10-01,15:39,0,270,0,21.5,74.4,42,21,40,19
2017-10-01,15:39,0,270,0,21.5,74.2,42,21,40,19
2017-10-01,15:39,0,266,0,21.5,74.3,42,20,40,19
2017-10-01,15:39,0,260,0,21.5,74.4,42,21,40,19
2017-10-01,15:39,0,258,1,21.5,74.4,42,21,40,19
2017-10-01,15:39,0,256,0,21.5,74.4,42,21,40,19
2017-10-01,15:39,0,258,0,21.5,74.3,42,21,40,19
2017-10-01,15:40,0,257,0,21.5,74.3,42,21,40,19
2017-10-01,15:40,0,261,0,21.5,74.3,42,21,40,19
2017-10-01,15:40,0,266,0,21.5,74.3,42,21,40,19
2017-10-01,15:40,0,269,0,21.5,74.4,42,21,40,19
2017-10-01,15:40,0,269,0,21.5,74.4,42,21,40,19
2017-10-01,15:40,0,259,0,21.5,74.3,42,21,40,19
2017-10-01,15:40,0,259,0,21.5,74.4,42,21,40,19
2017-10-01,15:40,0,262,0,21.5,74.3,42,21,40,19
2017-10-01,15:41,0,265,0,21.5,74.2,42,21,40,19
2017-10-01,15:41,0,270,0,21.5,74.3,43,21,40,19
2017-10-01,15:41,0,272,0,21.5,74.3,43,21,40,19
2017-10-01,15:41,0,271,0,21.5,74.3,42,21,40,19
2017-10-01,15:41,0,270,0,21.5,74.3,42,21,40,19
2017-10-01,15:41,0,277,0,21.5,74.1,42,21,40,19
2017-10-01,15:41,0,283,0,21.6,74.2,42,21,40,19
2017-10-01,15:42,0,274,0,21.6,74.2,42,21,40,19
2017-10-01,15:42,0,273,0,21.5,74.3,42,20,40,19
2017-10-01,15:42,0,271,0,21.5,74.3,42,21,40,19
2017-10-01,15:42,0,274,0,21.5,74.3,42,21,40,19
2017-10-01,15:42,0,269,0,21.5,74.3,42,21,40,19
2017-10-01,15:42,0,263,1,21.5,74.2,42,21,40,19
2017-10-01,15:42,0,260,0,21.5,74.3,42,21,40,19
2017-10-01,15:42,0,258,0,21.5,74.3,42,21,40,19
2017-10-01,15:43,0,255,0,21.5,74.3,42,21,40,19
2017-10-01,15:43,0,254,0,21.5,74.3,42,21,40,19
2017-10-01,15:43,0,256,0,21.5,74.4,42,21,40,19
2017-10-01,15:43,0,258,0,21.5,74.3,42,21,40,19
2017-10-01,15:43,0,257,0,21.5,74.3,42,21,40,19
2017-10-01,15:43,0,253,1,21.5,74.2,42,21,40,19
2017-10-01,15:43,0,251,0,21.5,74.4,42,21,40,19
2017-10-01,15:43,0,246,0,21.5,74.5,42,21,40,19
2017-10-01,15:44,0,254,1,21.5,74.4,42,21,40,19
2017-10-01,15:44,0,247,0,21.5,74.4,42,21,40,19
2017-10-01,15:44,0,251,0,21.5,74.4,42,21,40,19
2017-10-01,15:44,0,240,0,21.5,74.4,42,21,40,19
2017-10-01,15:44,0,245,0,21.5,74.4,42,21,40,19
2017-10-01,15:44,0,248,0,21.5,74.2,42,21,40,19
2017-10-01,15:44,0,254,0,21.5,74.2,42,21,39,19
2017-10-01,15:45,0,255,0,21.5,74.1,42,21,40,19
2017-10-01,15:45,0,256,0,21.5,74.2,42,21,40,19
2017-10-01,15:45,0,250,1,21.5,74.2,42,21,40,19
2017-10-01,15:45,0,242,0,21.5,74.2,42,21,40,19
2017-10-01,15:45,0,240,0,21.6,74.2,42,21,40,19
2017-10-01,15:45,0,240,0,21.6,74.3,42,21,40,19
2017-10-01,15:45,0,236,0,21.5,74.3,42,21,40,19
2017-10-01,15:45,0,239,0,21.6,74.2,42,21,40,19
2017-10-01,15:46,0,235,0,21.6,74.1,42,20,40,19
2017-10-01,15:46,0,238,0,21.6,73.8,42,20,40,19
2017-10-01,15:46,0,235,0,21.6,74.0,42,21,40,19
2017-10-01,15:46,0,232,0,21.6,74.0,42,21,40,19
2017-10-01,15:46,0,229,0,21.6,74.0,42,21,40,19
2017-10-01,15:46,0,226,0,21.6,74.0,43,21,40,19
2017-10-01,15:46,0,225,0,21.6,74.0,42,21,40,19
2017-10-01,15:46,0,224,0,21.6,73.9,42,21,40,19
2017-10-01,15:47,0,220,0,21.6,73.9,42,21,40,19
2017-10-01,15:47,0,219,0,21.6,74.0,42,21,40,19
2017-10-01,15:47,0,213,0,21.6,74.1,42,21,40,19
2017-10-01,15:47,0,208,0,21.6,74.2,42,21,40,19
2017-10-01,15:47,0,209,0,21.6,74.2,42,21,40,19
2017-10-01,15:47,1,207,0,21.6,74.3,42,21,40,19
2017-10-01,15:47,0,208,0,21.6,74.3,42,21,40,19
2017-10-01,15:48,0,209,0,21.6,74.2,42,21,40,19
2017-10-01,15:48,0,211,0,21.6,74.1,42,21,39,19
2017-10-01,15:48,0,211,0,21.6,74.2,42,21,40,19
2017-10-01,15:48,0,212,0,21.6,74.2,42,21,40,19
2017-10-01,15:48,0,211,0,21.6,74.3,42,21,40,19
2017-10-01,15:48,0,210,0,21.6,74.3,42,21,39,19
2017-10-01,15:48,0,213,0,21.6,74.2,42,21,40,19
2017-10-01,15:48,0,219,0,21.6,74.1,42,21,40,19
2017-10-01,15:49,0,221,0,21.5,73.9,42,21,40,19
2017-10-01,15:49,0,225,0,21.6,74.1,42,21,40,19
2017-10-01,15:49,0,229,0,21.6,74.2,42,21,40,19
2017-10-01,15:49,0,224,0,21.6,74.2,42,21,40,19
2017-10-01,15:49,0,225,0,21.6,74.2,42,21,40,19
2017-10-01,15:49,0,224,1,21.6,74.2,42,21,39,19
2017-10-01,15:49,0,226,0,21.5,74.2,42,21,40,19
2017-10-01,15:49,0,223,0,21.5,74.1,42,21,40,19
2017-10-01,15:50,0,219,0,21.6,73.9,42,21,39,19
2017-10-01,15:50,0,216,0,21.6,74.1,42,21,40,19
2017-10-01,15:50,0,210,0,21.5,74.1,42,21,40,19
2017-10-01,15:50,0,207,0,21.6,74.1,42,21,39,19
2017-10-01,15:50,0,204,1,21.5,74.1,42,21,39,19
2017-10-01,15:50,0,204,0,21.6,74.1,42,21,40,19
2017-10-01,15:50,0,200,0,21.6,74.2,42,21,40,19
2017-10-01,15:51,0,202,0,21.6,74.2,42,21,40,19
2017-10-01,15:51,0,201,0,21.6,74.0,42,21,40,19
2017-10-01,15:51,0,205,0,21.5,74.1,42,21,40,19
2017-10-01,15:51,0,205,0,21.5,74.3,42,21,40,19
2017-10-01,15:51,0,202,0,21.5,74.4,42,21,40,19
2017-10-01,15:51,0,202,0,21.6,74.4,42,21,39,19
2017-10-01,15:51,0,201,0,21.6,74.3,42,21,40,19
2017-10-01,15:51,0,202,0,21.5,74.2,42,21,40,19
2017-10-01,15:52,0,199,0,21.6,74.3,42,21,39,19
2017-10-01,15:52,0,196,0,21.5,74.3,42,21,40,19
2017-10-01,15:52,0,197,0,21.6,74.1,42,21,40,19
2017-10-01,15:52,0,195,0,21.5,74.0,42,21,40,19
2017-10-01,15:52,0,191,0,21.6,74.1,42,21,40,19
2017-10-01,15:52,0,191,0,21.6,74.1,42,21,40,19
2017-10-01,15:52,0,190,0,21.6,74.1,42,21,40,19
2017-10-01,15:52,0,191,0,21.6,73.9,42,21,39,19
2017-10-01,15:53,0,194,0,21.5,74.1,42,21,39,19
2017-10-01,15:53,0,195,0,21.6,74.2,42,21,39,19
2017-10-01,15:53,0,187,0,21.6,74.2,42,21,39,19
2017-10-01,15:53,0,187,0,21.6,74.2,42,21,40,19
2017-10-01,15:53,0,184,0,21.5,74.2,42,20,39,19
2017-10-01,15:53,0,185,0,21.6,74.1,42,21,39,19
2017-10-01,15:53,0,178,0,21.6,74.1,42,21,40,19
2017-10-01,15:54,0,175,0,21.6,74.1,42,21,40,19
2017-10-01,15:54,0,165,0,21.6,74.1,42,21,39,19
2017-10-01,15:54,0,167,0,21.6,73.9,42,21,39,19
2017-10-01,15:54,0,171,0,21.6,73.8,42,21,40,19
2017-10-01,15:54,0,166,0,21.6,73.7,42,21,40,19
2017-10-01,15:54,0,173,0,21.6,73.7,42,21,40,19
2017-10-01,15:54,0,172,0,21.6,73.8,42,21,40,19
2017-10-01,15:54,0,171,0,21.5,73.8,42,21,40,19
2017-10-01,15:55,0,169,0,21.6,74.0,42,21,41,19
2017-10-01,15:55,0,171,0,21.6,74.1,42,21,41,19
2017-10-01,15:55,0,166,0,21.6,74.2,42,20,41,19
2017-10-01,15:55,0,165,0,21.6,74.1,42,21,41,19
2017-10-01,15:55,0,166,0,21.6,73.9,42,21,41,19
2017-10-01,15:55,0,165,0,21.6,73.9,42,21,41,19
2017-10-01,15:55,0,164,0,21.5,74.0,42,20,41,19
2017-10-01,15:55,0,164,0,21.5,74.1,42,21,41,19
2017-10-01,15:56,0,169,0,21.6,74.1,42,20,41,19
2017-10-01,15:56,0,165,0,21.5,74.2,42,20,41,19
2017-10-01,15:56,0,161,0,21.6,74.1,42,21,42,19
2017-10-01,15:56,0,163,0,21.6,73.8,42,21,41,19
2017-10-01,15:56,0,163,0,21.6,74.0,42,21,42,19
2017-10-01,15:56,0,168,0,21.5,73.7,42,20,42,19
2017-10-01,15:56,0,159,0,21.5,74.0,42,20,42,19
2017-10-01,15:56,0,166,0,21.5,74.0,42,20,42,19
2017-10-01,15:57,0,157,0,21.5,74.1,42,20,42,19
2017-10-01,15:57,0,157,0,21.5,74.2,42,20,42,19
2017-10-01,15:57,0,163,0,21.5,74.3,42,20,42,19
2017-10-01,15:57,0,158,0,21.5,74.3,42,20,42,19
2017-10-01,15:57,0,157,0,21.6,74.3,42,20,42,19
2017-10-01,15:57,0,160,0,21.6,74.3,42,20,42,19
2017-10-01,15:57,0,159,0,21.5,74.3,42,20,42,19
2017-10-01,15:58,0,161,0,21.5,74.2,42,20,42,19
2017-10-01,15:58,0,158,0,21.5,74.3,42,21,42,19
2017-10-01,15:58,0,161,0,21.6,74.4,42,20,43,19
2017-10-01,15:58,0,161,0,21.6,74.4,42,20,42,19
2017-10-01,15:58,0,164,0,21.6,74.3,42,20,42,19
2017-10-01,15:58,0,163,0,21.5,74.2,42,20,43,19
2017-10-01,15:58,0,161,0,21.5,74.1,42,21,43,19
2017-10-01,15:58,0,160,0,21.5,74.0,42,20,43,19
2017-10-01,15:59,0,161,0,21.6,74.1,42,20,43,19
2017-10-01,15:59,0,155,0,21.6,74.2,42,20,43,19
2017-10-01,15:59,0,160,0,21.6,74.2,42,20,43,19
2017-10-01,15:59,0,164,0,21.6,74.2,42,20,43,19
2017-10-01,15:59,0,159,0,21.6,74.2,42,20,43,19
2017-10-01,15:59,0,161,0,21.5,74.2,42,20,43,19
2017-10-01,15:59,0,164,0,21.6,74.2,42,20,42,19
2017-10-01,16:00,0,171,0,21.6,74.2,43,20,43,19
2017-10-01,16:00,0,164,0,21.6,74.3,43,20,42,19
2017-10-01,16:00,0,164,0,21.6,74.2,42,20,42,19
2017-10-01,16:00,0,164,0,21.6,74.2,42,20,43,18
2017-10-01,16:00,0,163,0,21.6,74.2,42,20,43,19
2017-10-01,16:00,0,169,0,21.6,74.2,42,20,43,19
2017-10-01,16:00,0,173,0,21.6,74.3,42,20,42,19
2017-10-01,16:00,0,172,0,21.6,74.2,42,20,43,19
2017-10-01,16:01,0,176,0,21.6,74.2,42,20,43,19
2017-10-01,16:01,0,181,0,21.6,74.1,42,20,43,19
2017-10-01,16:01,0,180,0,21.6,74.0,42,20,43,19
2017-10-01,16:01,0,185,0,21.5,74.1,42,20,43,19
2017-10-01,16:01,0,181,0,21.5,74.1,42,20,43,19
2017-10-01,16:01,0,183,0,21.5,74.1,42,21,43,19
2017-10-01,16:01,0,184,0,21.6,74.1,42,20,43,19
2017-10-01,16:01,0,184,0,21.6,74.1,42,20,43,19
2017-10-01,16:02,0,184,0,21.5,74.1,42,20,43,19
2017-10-01,16:02,0,189,0,21.6,74.1,42,20,43,19
2017-10-01,16:02,0,185,0,21.5,74.2,42,20,43,19
2017-10-01,16:02,0,188,0,21.6,74.3,42,20,43,19
2017-10-01,16:02,0,188,0,21.5,74.4,42,20,43,19
2017-10-01,16:02,0,188,0,21.5,74.4,42,20,43,19
2017-10-01,16:02,0,189,0,21.5,74.2,42,20,43,19
2017-10-01,16:02,0,189,0,21.6,74.2,42,20,43,19
2017-10-01,16:03,0,192,0,21.5,74.2,42,20,42,19
2017-10-01,16:03,0,190,0,21.6,74.2,43,20,43,19
2017-10-01,16:03,0,191,0,21.6,74.1,42,20,43,19
2017-10-01,16:03,0,197,0,21.5,74.2,42,20,43,19
2017-10-01,16:03,0,195,0,21.5,74.2,42,20,43,19
2017-10-01,16:03,0,197,0,21.6,74.1,42,20,43,19
2017-10-01,16:03,0,198,0,21.6,74.1,43,20,43,19
2017-10-01,16:04,0,201,0,21.6,74.1,43,20,43,19
2017-10-01,16:04,0,195,0,21.5,74.1,42,21,43,19
2017-10-01,16:04,0,189,0,21.6,74.2,42,20,43,19
2017-10-01,16:04,0,196,0,21.6,74.3,42,20,43,19
2017-10-01,16:04,0,195,0,21.5,74.1,42,20,43,19
2017-10-01,16:04,0,193,0,21.5,74.1,42,21,43,19
2017-10-01,16:04,0,188,0,21.5,74.3,42,20,43,19
2017-10-01,16:04,0,189,0,21.5,74.0,43,20,43,19
2017-10-01,16:05,0,188,0,21.5,74.1,42,20,43,19
2017-10-01,16:05,0,188,0,21.6,74.1,43,20,43,19
2017-10-01,16:05,0,188,0,21.6,74.1,42,21,43,19
2017-10-01,16:05,0,188,0,21.5,74.2,42,20,43,19
2017-10-01,16:05,0,185,0,21.5,74.3,42,20,43,19
2017-10-01,16:05,0,187,0,21.5,74.1,43,21,43,18
2017-10-01,16:05,0,187,0,21.5,74.2,42,20,43,19
2017-10-01,16:05,0,190,0,21.5,74.3,42,20,43,19
2017-10-01,16:06,0,190,0,21.5,74.4,42,20,43,19
2017-10-01,16:06,0,191,0,21.5,74.5,42,20,43,19
2017-10-01,16:06,0,191,0,21.5,74.3,42,20,43,19
2017-10-01,16:06,0,190,0,21.5,74.2,42,20,43,19
2017-10-01,16:06,0,188,0,21.5,74.3,42,20,43,19
2017-10-01,16:06,0,189,0,21.5,74.3,42,20,43,19
2017-10-01,16:06,0,183,0,21.5,74.3,42,21,43,19
2017-10-01,16:07,0,184,0,21.5,74.3,43,21,43,19
2017-10-01,16:07,0,185,0,21.5,74.3,43,21,43,19
2017-10-01,16:07,0,183,0,21.5,74.2,43,21,43,19
2017-10-01,16:07,0,188,0,21.5,74.1,42,20,43,19
2017-10-01,16:07,0,195,0,21.5,74.0,42,20,43,19
2017-10-01,16:07,0,202,0,21.5,74.1,43,20,43,19
2017-10-01,16:07,0,205,0,21.5,74.3,42,21,43,19
2017-10-01,16:07,0,200,0,21.5,74.2,42,21,43,19
2017-10-01,16:08,0,207,0,21.5,74.0,42,20,43,19
2017-10-01,16:08,0,210,0,21.5,74.1,43,21,43,19
2017-10-01,16:08,0,213,0,21.5,74.2,43,21,43,19
2017-10-01,16:08,0,211,0,21.5,74.1,43,20,43,19
2017-10-01,16:08,0,209,0,21.5,74.1,43,20,43,19
2017-10-01,16:08,0,209,0,21.5,74.1,43,20,43,19
2017-10-01,16:08,0,205,0,21.5,73.9,42,20,43,19
2017-10-01,16:08,0,204,0,21.5,73.8,43,20,43,19
2017-10-01,16:09,0,205,0,21.5,74.0,42,20,43,19
2017-10-01,16:09,0,207,0,21.5,74.1,42,20,43,19
2017-10-01,16:09,0,210,0,21.5,74.2,42,20,43,19
2017-10-01,16:09,0,212,0,21.5,74.2,42,21,43,19
2017-10-01,16:09,0,211,0,21.5,74.1,43,20,43,19
2017-10-01,16:09,0,207,0,21.5,74.1,42,20,43,19
2017-10-01,16:09,0,206,0,21.5,74.2,42,21,43,19
2017-10-01,16:10,0,211,0,21.5,74.2,42,20,42,19
2017-10-01,16:10,0,215,0,21.5,74.4,42,21,43,18
2017-10-01,16:10,0,222,0,21.5,74.4,42,21,43,19
2017-10-01,16:10,0,222,0,21.5,74.3,42,20,43,19
2017-10-01,16:10,0,225,0,21.5,74.3,42,21,43,19
2017-10-01,16:10,0,223,0,21.5,74.2,42,21,42,19
2017-10-01,16:10,0,225,0,21.5,74.2,42,21,43,19
2017-10-01,16:10,0,220,0,21.5,74.2,42,20,43,19
2017-10-01,16:11,0,219,0,21.5,74.2,42,21,43,19
2017-10-01,16:11,0,213,0,21.5,74.4,42,21,43,19
2017-10-01,16:11,0,220,0,21.5,74.3,43,20,43,19
2017-10-01,16:11,0,212,0,21.5,74.3,43,21,42,19
2017-10-01,16:11,0,216,0,21.5,74.1,43,21,43,19
2017-10-01,16:11,0,209,0,21.5,74.2,42,20,42,19
2017-10-01,16:11,0,211,0,21.5,74.2,42,21,43,19
2017-10-01,16:11,0,210,0,21.5,74.3,43,20,42,19
2017-10-01,16:12,0,210,0,21.5,74.3,42,21,43,19
2017-10-01,16:12,0,209,0,21.5,74.3,43,21,43,19
2017-10-01,16:12,0,211,0,21.5,74.2,42,21,43,19
2017-10-01,16:12,0,212,0,21.5,74.3,43,20,43,19
2017-10-01,16:12,0,207,0,21.5,74.2,42,21,43,19
2017-10-01,16:12,0,213,0,21.5,74.1,42,21,43,19
2017-10-01,16:12,0,213,0,21.5,74.1,43,21,43,19
2017-10-01,16:13,0,214,0,21.5,74.0,42,20,43,19
2017-10-01,16:13,0,210,0,21.5,73.9,43,21,43,19
2017-10-01,16:13,0,217,0,21.5,74.0,42,20,43,19
2017-10-01,16:13,0,211,0,21.5,74.1,42,21,43,19
2017-10-01,16:13,0,212,0,21.5,73.9,42,20,43,19
2017-10-01,16:13,0,207,0,21.5,73.8,43,21,43,19
2017-10-01,16:13,0,203,0,21.5,74.0,42,21,43,19
2017-10-01,16:13,0,197,0,21.5,74.2,43,20,42,19
2017-10-01,16:14,0,197,0,21.5,74.3,42,20,43,19
2017-10-01,16:14,0,192,0,21.5,74.4,42,21,42,19
2017-10-01,16:14,0,195,0,21.5,74.6,42,21,42,19
2017-10-01,16:14,0,202,0,21.5,74.5,42,21,42,19
2017-10-01,16:14,0,197,0,21.5,74.7,42,20,43,19
2017-10-01,16:14,0,198,0,21.5,74.7,43,21,43,19
2017-10-01,16:14,0,195,0,21.5,74.4,42,21,43,19
2017-10-01,16:14,0,190,0,21.5,74.4,42,20,43,19
2017-10-01,16:15,0,189,0,21.5,74.4,42,21,43,19
2017-10-01,16:15,0,188,0,21.5,74.3,42,21,43,19
2017-10-01,16:15,0,185,0,21.5,74.4,42,20,43,19
2017-10-01,16:15,1,182,0,21.5,74.3,42,20,42,19
2017-10-01,16:15,0,185,0,21.5,74.4,43,21,42,19
2017-10-01,16:15,0,187,0,21.5,74.4,42,21,43,19
2017-10-01,16:15,0,188,0,21.5,74.4,42,21,43,19
2017-10-01,16:16,0,185,0,21.5,74.4,43,21,42,19
2017-10-01,16:16,0,189,0,21.5,74.4,43,20,42,19
2017-10-01,16:16,0,185,0,21.5,74.2,43,21,42,19
2017-10-01,16:16,0,184,0,21.5,74.3,43,21,42,19
2017-10-01,16:16,0,181,0,21.5,74.3,42,21,42,19
2017-10-01,16:16,0,184,0,21.5,74.3,43,21,43,19
2017-10-01,16:16,0,188,0,21.5,74.3,42,21,42,19
2017-10-01,16:16,0,191,0,21.5,74.2,42,21,43,19
2017-10-01,16:17,0,191,0,21.5,74.0,42,21,43,19
2017-10-01,16:17,0,195,0,21.5,74.0,42,21,42,19
2017-10-01,16:17,0,196,0,21.5,74.0,43,21,42,19
2017-10-01,16:17,0,197,0,21.5,74.1,43,21,42,19
2017-10-01,16:17,0,197,0,21.5,74.1,42,21,42,19
2017-10-01,16:17,0,196,0,21.5,74.2,42,21,42,19
2017-10-01,16:17,0,194,1,21.5,74.2,42,21,42,19
2017-10-01,16:17,0,195,0,21.5,74.2,42,21,42,19
2017-10-01,16:18,0,198,0,21.5,74.2,42,21,42,19
2017-10-01,16:18,0,196,0,21.5,74.3,42,21,43,19
2017-10-01,16:18,0,198,0,21.5,74.1,42,21,42,19
2017-10-01,16:18,0,194,0,21.5,74.3,42,21,42,19
2017-10-01,16:18,0,188,0,21.5,74.2,42,21,42,19
2017-10-01,16:18,0,187,0,21.5,74.1,42,21,43,19
2017-10-01,16:18,0,189,0,21.5,74.2,43,21,42,19
2017-10-01,16:19,0,191,0,21.5,74.2,43,21,42,19
2017-10-01,16:19,0,194,0,21.5,74.2,42,21,42,19
2017-10-01,16:19,0,198,0,21.5,74.2,42,21,43,19
2017-10-01,16:19,0,198,0,21.5,74.2,43,21,42,19
2017-10-01,16:19,0,197,0,21.5,74.1,42,21,42,19
2017-10-01,16:19,0,198,0,21.5,74.1,42,21,42,19
2017-10-01,16:19,0,189,0,21.5,74.2,43,21,42,19
2017-10-01,16:19,0,190,0,21.5,74.2,43,21,42,19
2017-10-01,16:20,0,191,0,21.5,74.1,43,21,43,19
2017-10-01,16:20,0,190,0,21.5,74.3,43,21,42,19
2017-10-01,16:20,0,187,0,21.5,74.2,43,21,43,19
2017-10-01,16:20,0,188,0,21.5,74.1,42,21,43,19
2017-10-01,16:20,0,193,0,21.5,74.2,43,21,42,18
2017-10-01,16:20,0,197,0,21.5,74.2,43,21,42,19
2017-10-01,16:20,0,203,0,21.5,74.2,43,21,42,19
2017-10-01,16:20,0,196,0,21.5,74.2,43,21,42,19
2017-10-01,16:21,0,192,1,21.5,74.2,43,21,42,19
2017-10-01,16:21,0,192,0,21.5,74.3,43,21,42,19
2017-10-01,16:21,0,187,0,21.5,74.2,43,21,42,18
2017-10-01,16:21,0,189,0,21.5,74.2,43,21,42,19
2017-10-01,16:21,0,188,0,21.5,74.2,42,21,42,19
2017-10-01,16:21,0,190,0,21.5,74.1,43,21,42,19
2017-10-01,16:21,0,194,0,21.5,74.1,42,21,42,19
2017-10-01,16:22,0,199,0,21.5,73.8,43,21,42,19
2017-10-01,16:22,0,200,0,21.5,74.0,43,21,42,18
2017-10-01,16:22,0,199,0,21.5,74.0,43,21,42,19
2017-10-01,16:22,0,196,0,21.5,74.1,43,21,42,19
2017-10-01,16:22,0,195,0,21.5,74.0,42,21,42,19
2017-10-01,16:22,0,186,0,21.5,74.1,42,21,42,19
2017-10-01,16:22,0,186,0,21.5,74.1,43,21,42,19
2017-10-01,16:22,0,191,0,21.5,74.1,43,21,42,19
2017-10-01,16:23,0,191,0,21.5,74.2,43,21,42,19
2017-10-01,16:23,0,193,0,21.5,74.2,43,21,42,19
2017-10-01,16:23,0,188,0,21.5,74.2,43,21,42,19
2017-10-01,16:23,0,196,0,21.5,74.0,42,20,42,19
2017-10-01,16:23,0,198,0,21.5,73.9,43,21,42,19
2017-10-01,16:23,0,198,0,21.5,74.1,43,21,42,19
2017-10-01,16:23,0,199,0,21.5,74.1,43,21,42,19
2017-10-01,16:23,0,204,0,21.5,74.3,43,21,42,19
2017-10-01,16:24,0,203,0,21.5,74.6,43,21,42,19
2017-10-01,16:24,0,198,0,21.5,74.7,43,21,42,19
2017-10-01,16:24,0,198,0,21.5,74.7,43,21,42,19
2017-10-01,16:24,0,196,0,21.5,74.4,43,21,42,19
2017-10-01,16:24,0,195,0,21.5,74.4,43,21,42,19
2017-10-01,16:24,0,194,0,21.5,74.4,43,21,42,19
2017-10-01,16:24,0,195,0,21.5,74.3,43,21,42,19
2017-10-01,16:25,0,195,0,21.5,74.2,43,21,42,19
2017-10-01,16:25,0,195,0,21.5,74.2,43,21,42,19
2017-10-01,16:25,0,194,1,21.5,73.9,43,21,42,19
2017-10-01,16:25,0,195,0,21.5,73.9,43,21,42,19
2017-10-01,16:25,0,195,0,21.5,74.0,43,21,42,19
2017-10-01,16:25,0,200,0,21.5,74.1,43,21,42,19
2017-10-01,16:25,0,196,0,21.5,74.1,43,21,42,19
2017-10-01,16:25,0,193,0,21.5,74.1,43,21,42,19
2017-10-01,16:26,0,198,0,21.5,74.0,43,21,42,19
2017-10-01,16:26,0,204,0,21.5,74.1,43,21,42,19
2017-10-01,16:26,0,204,0,21.5,74.1,43,21,42,19
2017-10-01,16:26,0,204,0,21.5,74.2,42,21,42,19
2017-10-01,16:26,0,201,0,21.5,74.1,43,21,42,19
2017-10-01,16:26,0,200,0,21.5,74.1,43,21,42,19
2017-10-01,16:26,0,202,0,21.5,74.2,43,20,42,19
2017-10-01,16:26,0,204,0,21.5,74.3,43,21,42,19
2017-10-01,16:27,0,204,0,21.5,74.2,43,21,41,19
2017-10-01,16:27,0,206,0,21.5,74.2,43,21,42,19
2017-10-01,16:27,0,203,0,21.5,74.2,43,21,42,19
2017-10-01,16:27,0,198,0,21.5,74.2,43,21,42,19
2017-10-01,16:27,0,200,0,21.5,74.2,43,21,42,19
2017-10-01,16:27,0,201,0,21.5,74.2,43,21,42,19
2017-10-01,16:27,0,198,1,21.5,74.1,43,21,42,19
2017-10-01,16:27,0,198,0,21.5,74.2,43,21,42,19
2017-10-01,16:28,0,197,0,21.5,74.0,43,21,42,19
2017-10-01,16:28,0,196,0,21.5,74.1,43,21,42,19
2017-10-01,16:28,0,192,0,21.5,74.1,43,21,42,19
2017-10-01,16:28,0,197,0,21.5,73.9,43,21,42,19
2017-10-01,16:28,0,194,0,21.5,74.0,43,21,42,19
2017-10-01,16:28,0,194,1,21.5,74.0,43,21,42,19
2017-10-01,16:28,0,196,0,21.5,74.0,43,21,42,19
2017-10-01,16:29,0,190,0,21.5,74.1,43,21,42,19
2017-10-01,16:29,0,191,0,21.5,74.1,43,21,42,19
2017-10-01,16:29,0,188,0,21.5,74.1,43,21,42,19
2017-10-01,16:29,0,187,0,21.5,74.2,43,21,42,19
2017-10-01,16:29,0,179,0,21.5,74.2,43,21,41,19
2017-10-01,16:29,0,183,0,21.5,74.3,42,21,42,19
2017-10-01,16:29,0,180,0,21.5,74.2,43,21,42,19
2017-10-01,16:29,0,181,0,21.5,74.1,43,21,42,19
2017-10-01,16:30,0,178,0,21.5,74.1,43,21,42,19
2017-10-01,16:30,0,179,0,21.5,74.2,43,21,42,19
2017-10-01,16:30,0,175,0,21.5,74.1,43,21,42,19
2017-10-01,16:30,0,176,0,21.5,74.1,43,21,42,19
2017-10-01,16:30,0,177,0,21.5,74.0,43,21,42,19
2017-10-01,16:30,0,179,0,21.5,74.1,43,21,42,19
2017-10-01,16:30,0,177,0,21.5,73.9,43,21,42,19
2017-10-01,16:30,0,179,0,21.5,74.0,43,21,42,19
2017-10-01,16:31,0,178,0,21.5,74.0,43,21,42,19
2017-10-01,16:31,0,177,0,21.5,74.0,43,21,42,19
2017-10-01,16:31,0,175,0,21.5,73.9,43,21,42,19
2017-10-01,16:31,0,174,0,21.5,73.9,43,21,41,19
2017-10-01,16:31,0,181,0,21.5,73.9,43,21,42,19
2017-10-01,16:31,0,178,0,21.5,74.0,43,21,41,19
2017-10-01,16:31,0,185,0,21.5,74.0,43,21,42,19
2017-10-01,16:32,0,184,0,21.5,74.0,43,21,42,19
2017-10-01,16:32,0,185,1,21.5,74.0,43,21,42,19
2017-10-01,16:32,0,180,0,21.5,74.1,43,21,42,19
2017-10-01,16:32,0,179,0,21.5,74.0,43,21,42,19
2017-10-01,16:32,0,180,0,21.5,74.0,43,21,42,19
2017-10-01,16:32,0,180,0,21.5,73.8,43,21,42,19
2017-10-01,16:32,0,182,0,21.5,74.0,43,21,42,19
2017-10-01,16:32,0,180,0,21.5,74.0,43,21,42,19
2017-10-01,16:33,0,180,0,21.5,74.0,42,21,42,19
2017-10-01,16:33,0,180,0,21.5,74.0,43,21,42,19
2017-10-01,16:33,0,180,0,21.5,74.0,43,21,42,19
2017-10-01,16:33,0,184,0,21.5,74.1,43,21,42,19
2017-10-01,16:33,0,184,0,21.5,74.1,43,21,42,19
2017-10-01,16:33,0,184,0,21.5,74.1,43,21,42,19
2017-10-01,16:33,0,189,0,21.5,74.0,43,21,42,19
2017-10-01,16:33,0,185,0,21.5,74.1,43,21,41,19
2017-10-01,16:34,0,192,0,21.5,74.1,43,21,42,19
2017-10-01,16:34,0,194,0,21.5,74.0,43,21,42,19
2017-10-01,16:34,0,194,0,21.5,73.9,43,21,41,19
2017-10-01,16:34,0,200,0,21.5,74.0,43,21,42,19
2017-10-01,16:34,0,196,0,21.5,74.1,43,21,42,19
2017-10-01,16:34,0,188,0,21.5,74.0,43,21,41,19
2017-10-01,16:34,0,191,0,21.5,74.0,43,21,41,19
2017-10-01,16:35,0,190,0,21.5,74.0,43,21,41,19
2017-10-01,16:35,0,188,0,21.5,74.0,43,21,42,19
2017-10-01,16:35,0,179,0,21.5,74.0,43,21,41,19
2017-10-01,16:35,0,186,0,21.5,73.9,43,21,42,19
2017-10-01,16:35,0,182,0,21.5,73.9,43,21,42,19
2017-10-01,16:35,0,178,0,21.5,74.0,43,21,41,19
2017-10-01,16:35,0,177,0,21.5,74.0,43,21,41,19
2017-10-01,16:35,0,181,0,21.5,74.0,43,21,41,19
2017-10-01,16:36,0,179,0,21.5,74.0,43,21,42,19
2017-10-01,16:36,0,176,0,21.5,74.0,43,21,41,19
2017-10-01,16:36,0,176,0,21.5,74.0,43,21,41,19
2017-10-01,16:36,0,183,0,21.5,74.0,43,21,42,19
2017-10-01,16:36,0,176,0,21.5,74.0,43,21,41,19
2017-10-01,16:36,0,185,0,21.5,74.0,43,20,42,19
2017-10-01,16:36,0,184,0,21.5,74.0,43,21,42,19
2017-10-01,16:36,0,186,0,21.5,73.8,43,21,41,19
2017-10-01,16:37,0,190,0,21.5,73.8,43,21,41,19
2017-10-01,16:37,0,191,0,21.5,73.8,43,21,41,19
2017-10-01,16:37,0,195,0,21.5,73.9,43,21,42,19
2017-10-01,16:37,0,192,0,21.5,73.9,43,21,42,19
2017-10-01,16:37,0,182,0,21.5,74.0,43,21,41,19
2017-10-01,16:37,0,184,0,21.5,74.0,43,21,41,19
2017-10-01,16:37,0,183,0,21.5,74.0,43,21,42,19
2017-10-01,16:38,0,177,0,21.5,73.9,43,21,42,19
2017-10-01,16:38,0,170,0,21.5,74.1,43,21,41,19
2017-10-01,16:38,0,173,0,21.5,74.0,43,21,41,19
2017-10-01,16:38,0,173,0,21.5,74.1,43,21,42,19
2017-10-01,16:38,0,173,0,21.5,74.2,43,21,41,19
2017-10-01,16:38,0,175,0,21.5,74.3,43,21,41,19
2017-10-01,16:38,0,176,0,21.5,74.3,43,21,41,19
2017-10-01,16:38,0,175,0,21.5,74.2,43,21,42,19
2017-10-01,16:39,0,173,0,21.5,74.2,43,21,41,19
2017-10-01,16:39,0,173,0,21.5,74.2,43,21,41,19
2017-10-01,16:39,0,174,0,21.5,74.2,42,21,41,19
2017-10-01,16:39,0,172,0,21.5,74.2,43,21,42,19
2017-10-01,16:39,0,170,0,21.5,73.9,43,20,41,19
2017-10-01,16:39,0,169,0,21.5,74.0,43,21,41,19
2017-10-01,16:39,0,167,0,21.5,74.2,43,21,41,19
2017-10-01,16:39,0,163,0,21.5,74.3,43,21,41,19
2017-10-01,16:40,0,161,0,21.5,74.2,43,21,41,19
2017-10-01,16:40,0,168,0,21.5,74.3,43,21,41,19
2017-10-01,16:40,0,167,0,21.5,74.3,43,21,41,18
2017-10-01,16:40,0,168,0,21.5,74.3,43,20,41,19
2017-10-01,16:40,0,160,1,21.5,74.2,43,21,41,19
2017-10-01,16:40,0,161,0,21.5,74.2,42,21,41,19
2017-10-01,16:40,0,161,0,21.5,74.2,43,20,41,19
2017-10-01,16:41,0,158,0,21.5,74.2,43,21,41,19
2017-10-01,16:41,0,165,0,21.5,74.3,43,21,41,19
2017-10-01,16:41,0,159,0,21.5,74.2,43,21,41,19
2017-10-01,16:41,0,163,0,21.5,74.2,43,21,41,19
2017-10-01,16:41,0,156,0,21.5,74.1,43,21,41,19
2017-10-01,16:41,0,166,0,21.5,74.1,43,21,41,19
2017-10-01,16:41,0,159,0,21.5,74.2,43,21,41,19
2017-10-01,16:41,0,170,0,21.5,74.0,43,21,41,19
2017-10-01,16:42,0,166,0,21.5,74.0,43,21,41,19
2017-10-01,16:42,0,169,0,21.5,74.1,43,21,41,19
2017-10-01,16:42,0,165,0,21.5,74.1,42,21,42,19
2017-10-01,16:42,0,161,0,21.5,74.2,43,21,41,19
2017-10-01,16:42,0,168,0,21.5,74.1,43,21,41,19
2017-10-01,16:42,0,167,0,21.5,74.0,43,21,41,19
2017-10-01,16:42,0,164,0,21.5,73.9,42,21,41,19
2017-10-01,16:42,0,165,0,21.5,74.0,43,21,42,19
2017-10-01,16:43,0,163,1,21.5,73.9,43,21,41,19
2017-10-01,16:43,0,162,0,21.5,74.0,43,21,41,19
2017-10-01,16:43,0,165,0,21.5,74.0,43,21,41,19
2017-10-01,16:43,0,165,0,21.5,74.1,43,21,41,19
2017-10-01,16:43,0,166,0,21.5,74.0,43,21,41,19
2017-10-01,16:43,0,162,0,21.5,74.1,42,21,41,19
2017-10-01,16:43,0,172,0,21.5,74.1,43,21,41,19
2017-10-01,16:44,0,177,0,21.5,74.0,43,21,41,19
2017-10-01,16:44,0,181,0,21.5,74.0,43,21,41,19
2017-10-01,16:44,0,183,0,21.5,74.1,43,21,41,19
2017-10-01,16:44,0,182,0,21.5,74.0,43,21,41,19
2017-10-01,16:44,0,180,0,21.5,74.0,43,21,41,19
2017-10-01,16:44,0,181,0,21.5,74.1,43,21,41,19
2017-10-01,16:44,0,182,0,21.5,74.1,43,21,41,19
2017-10-01,16:44,0,181,0,21.5,74.1,43,21,41,19
2017-10-01,16:45,0,179,0,21.5,74.0,43,21,41,19
2017-10-01,16:45,0,186,0,21.5,74.0,43,21,41,19
2017-10-01,16:45,0,181,0,21.5,74.0,42,21,41,19
2017-10-01,16:45,0,177,0,21.5,74.0,43,21,41,19
2017-10-01,16:45,0,169,0,21.5,74.0,42,21,41,19
2017-10-01,16:45,0,171,0,21.5,74.1,43,21,41,19
2017-10-01,16:45,0,165,0,21.5,74.0,43,21,41,19
2017-10-01,16:45,0,169,0,21.5,74.0,43,21,41,19
2017-10-01,16:46,0,172,0,21.5,73.9,43,21,41,19
2017-10-01,16:46,0,174,0,21.5,73.9,43,21,41,19
2017-10-01,16:46,0,180,0,21.5,73.8,43,21,41,19
2017-10-01,16:46,0,181,0,21.5,73.8,43,21,41,19
2017-10-01,16:46,0,186,0,21.5,73.8,42,21,41,19
2017-10-01,16:46,0,187,0,21.5,73.8,43,21,41,19
2017-10-01,16:46,0,188,0,21.5,73.9,43,21,41,19
2017-10-01,16:47,0,183,0,21.5,73.8,43,21,41,19
2017-10-01,16:47,0,181,0,21.5,73.8,43,21,41,19
2017-10-01,16:47,0,174,0,21.5,73.7,43,21,41,19
2017-10-01,16:47,0,167,0,21.5,73.6,43,21,41,19
2017-10-01,16:47,0,154,0,21.5,73.8,43,21,41,19
2017-10-01,16:47,0,153,0,21.5,73.9,42,21,41,19
2017-10-01,16:47,0,151,0,21.5,74.0,43,21,41,19
2017-10-01,16:47,0,151,0,21.5,74.0,43,21,41,19
2017-10-01,16:48,0,149,0,21.5,74.0,43,21,41,19
2017-10-01,16:48,0,156,0,21.5,74.0,43,21,41,19
2017-10-01,16:48,0,152,0,21.5,74.1,43,21,41,19
2017-10-01,16:48,0,154,0,21.5,73.6,43,21,41,19
2017-10-01,16:48,0,147,0,21.5,73.7,43,21,41,19
2017-10-01,16:48,0,144,0,21.5,73.8,43,21,41,19
2017-10-01,16:48,0,142,0,21.5,73.9,43,21,41,19
2017-10-01,16:48,0,145,0,21.5,74.0,43,21,41,19
2017-10-01,16:49,0,144,0,21.5,74.1,43,21,41,19
2017-10-01,16:49,0,147,0,21.5,74.0,43,21,41,19
2017-10-01,16:49,0,145,0,21.5,74.0,42,21,41,19
2017-10-01,16:49,0,144,0,21.5,74.0,42,21,41,19
2017-10-01,16:49,0,150,0,21.5,74.1,42,21,41,19
2017-10-01,16:49,0,152,0,21.5,74.0,43,21,41,19
2017-10-01,16:49,0,150,0,21.5,74.1,43,21,41,18
2017-10-01,16:50,0,152,0,21.5,74.1,43,21,41,19
2017-10-01,16:50,0,150,0,21.5,74.1,43,21,41,19
2017-10-01,16:50,0,150,0,21.5,74.1,43,21,41,19
2017-10-01,16:50,0,155,0,21.5,74.1,43,21,41,19
2017-10-01,16:50,0,153,0,21.5,74.1,43,21,41,18
2017-10-01,16:50,0,149,0,21.5,74.1,43,21,41,19
2017-10-01,16:50,0,144,0,21.5,74.1,43,20,41,19
2017-10-01,16:50,0,142,0,21.5,74.1,42,21,41,19
2017-10-01,16:51,0,142,0,21.5,74.1,43,21,41,19
2017-10-01,16:51,0,148,0,21.5,74.0,43,21,41,19
2017-10-01,16:51,0,145,0,21.5,74.0,43,21,41,19
2017-10-01,16:51,0,146,0,21.5,74.1,43,21,41,19
2017-10-01,16:51,0,145,0,21.5,74.1,43,21,41,19
2017-10-01,16:51,0,146,0,21.5,74.1,43,21,41,19
2017-10-01,16:51,0,147,0,21.5,74.2,42,21,41,19
2017-10-01,16:51,0,146,0,21.5,74.2,43,21,41,19
2017-10-01,16:52,0,141,0,21.5,74.1,43,21,41,19
2017-10-01,16:52,0,144,0,21.5,74.1,43,21,41,19
2017-10-01,16:52,0,146,0,21.5,74.1,42,21,41,19
2017-10-01,16:52,0,143,0,21.5,74.1,43,21,41,19
2017-10-01,16:52,0,143,0,21.5,74.1,43,21,41,19
2017-10-01,16:52,0,141,0,21.5,74.0,42,21,41,19
2017-10-01,16:52,0,141,1,21.5,74.0,43,21,41,19
2017-10-01,16:52,0,143,0,21.5,74.0,43,21,41,19
2017-10-01,16:53,0,144,0,21.5,73.9,42,21,41,19
2017-10-01,16:53,0,148,0,21.5,73.8,43,21,41,19
2017-10-01,16:53,0,145,0,21.5,73.9,43,21,41,19
2017-10-01,16:53,0,146,0,21.5,73.8,43,21,41,19
2017-10-01,16:53,0,146,0,21.5,73.8,42,21,41,19
2017-10-01,16:53,0,144,0,21.5,73.8,42,21,41,19
2017-10-01,16:53,0,148,1,21.5,73.8,42,21,41,19
2017-10-01,16:54,0,137,0,21.5,73.7,42,21,41,19
2017-10-01,16:54,0,139,0,21.5,73.6,43,21,41,19
2017-10-01,16:54,0,138,0,21.5,73.9,43,21,41,19
2017-10-01,16:54,0,141,0,21.5,74.0,43,21,41,19
2017-10-01,16:54,0,142,0,21.5,74.0,43,21,41,19
2017-10-01,16:54,0,141,0,21.5,74.1,43,21,41,19
2017-10-01,16:54,0,148,0,21.5,74.0,43,21,41,19
2017-10-01,16:54,0,139,0,21.5,74.1,43,21,41,19
2017-10-01,16:55,0,138,0,21.5,74.0,43,21,41,19
2017-10-01,16:55,0,135,0,21.5,74.0,42,21,41,19
2017-10-01,16:55,0,132,0,21.5,74.0,43,21,41,19
2017-10-01,16:55,0,134,0,21.5,74.0,43,21,41,19
2017-10-01,16:55,0,131,0,21.5,74.0,43,21,41,19
2017-10-01,16:55,0,132,0,21.5,73.9,43,21,41,19
2017-10-01,16:55,0,125,0,21.5,73.9,43,21,41,19
2017-10-01,16:55,0,121,0,21.5,73.8,43,21,41,19
2017-10-01,16:56,0,120,0,21.5,73.9,43,21,41,19
2017-10-01,16:56,0,121,0,21.5,73.8,43,21,40,19
2017-10-01,16:56,0,123,0,21.5,73.9,43,21,40,19
2017-10-01,16:56,0,118,1,21.5,74.0,43,21,41,19
2017-10-01,16:56,0,120,0,21.5,74.0,43,21,41,19
2017-10-01,16:56,0,125,0,21.5,73.9,43,21,41,19
2017-10-01,16:56,0,126,0,21.5,73.9,42,21,41,19
2017-10-01,16:57,0,122,0,21.5,73.8,42,21,41,19
2017-10-01,16:57,0,120,0,21.5,73.9,42,21,41,19
2017-10-01,16:57,0,118,0,21.5,73.8,42,21,41,19
2017-10-01,16:57,0,110,0,21.5,73.8,42,21,41,19
2017-10-01,16:57,0,114,0,21.5,73.9,42,21,41,19
2017-10-01,16:57,0,114,0,21.5,74.0,42,21,40,19
2017-10-01,16:57,0,119,0,21.5,73.9,42,21,41,19
2017-10-01,16:57,0,120,0,21.5,73.8,42,21,41,19
2017-10-01,16:58,0,120,0,21.5,73.8,42,21,41,19
2017-10-01,16:58,0,118,0,21.5,73.8,42,21,41,19
2017-10-01,16:58,0,120,0,21.5,73.9,42,21,41,19
2017-10-01,16:58,0,114,0,21.5,73.8,43,21,41,19
2017-10-01,16:58,0,111,0,21.5,73.6,43,21,41,19
2017-10-01,16:58,0,111,0,21.5,73.8,43,21,41,19
2017-10-01,16:58,0,108,0,21.5,73.8,43,21,41,19
2017-10-01,16:58,0,110,0,21.5,74.0,42,21,41,19
2017-10-01,16:59,0,108,0,21.5,73.9,43,21,40,19
2017-10-01,16:59,0,111,0,21.5,73.9,42,21,41,19
2017-10-01,16:59,0,103,0,21.5,73.9,42,21,41,19
2017-10-01,16:59,0,108,0,21.5,73.9,43,21,41,19
2017-10-01,16:59,0,108,0,21.5,73.8,43,21,41,19
2017-10-01,16:59,0,105,0,21.5,73.8,43,21,41,19
2017-10-01,16:59,0,106,0,21.5,73.8,42,21,41,19
2017-10-01,17:00,0,109,0,21.5,73.8,43,21,41,19
2017-10-01,17:00,0,103,0,21.5,73.9,43,21,40,19
2017-10-01,17:00,0,102,0,21.5,74.0,42,21,41,19
2017-10-01,17:00,0,100,0,21.5,74.0,42,21,41,19
2017-10-01,17:00,0,95,0,21.5,74.0,42,21,41,19
2017-10-01,17:00,0,100,0,21.5,73.9,42,21,40,19
2017-10-01,17:00,0,102,0,21.5,73.8,43,21,40,19
2017-10-01,17:00,0,110,0,21.5,73.7,42,21,41,19
2017-10-01,17:01,0,111,0,21.5,73.8,42,21,41,19
2017-10-01,17:01,0,111,0,21.5,73.7,43,21,40,19
2017-10-01,17:01,0,111,0,21.5,73.7,42,21,40,19
2017-10-01,17:01,0,113,0,21.5,73.7,43,21,41,19
2017-10-01,17:01,0,111,0,21.5,73.8,42,21,41,19
2017-10-01,17:01,0,107,0,21.5,73.8,42,21,41,19
2017-10-01,17:01,0,111,0,21.5,73.9,43,21,40,19
2017-10-01,17:01,0,114,0,21.5,73.9,43,21,41,19
2017-10-01,17:02,0,116,0,21.5,73.9,42,21,41,19
2017-10-01,17:02,0,120,0,21.5,73.9,42,21,40,19
2017-10-01,17:02,0,121,0,21.5,73.8,42,21,40,19
2017-10-01,17:02,0,120,0,21.5,73.9,43,21,40,19
2017-10-01,17:02,0,122,0,21.5,73.9,42,21,40,19
2017-10-01,17:02,0,119,0,21.5,73.9,42,21,41,19
2017-10-01,17:02,0,118,0,21.5,73.8,42,21,40,19
2017-10-01,17:03,0,120,0,21.5,73.8,42,21,40,19
2017-10-01,17:03,0,122,0,21.5,73.9,42,21,41,19
2017-10-01,17:03,0,120,0,21.5,73.8,42,21,41,19
2017-10-01,17:03,0,117,0,21.5,73.6,42,21,40,19
2017-10-01,17:03,0,116,0,21.5,73.6,42,21,41,19
2017-10-01,17:03,0,120,0,21.5,73.4,42,21,41,19
2017-10-01,17:03,0,121,0,21.5,73.6,42,21,41,19
2017-10-01,17:03,0,117,0,21.5,73.7,42,21,41,19
2017-10-01,17:04,0,127,0,21.5,73.7,42,21,40,19
2017-10-01,17:04,0,120,0,21.5,73.8,42,21,41,19
2017-10-01,17:04,0,124,0,21.5,73.7,42,21,41,19
2017-10-01,17:04,0,124,0,21.5,73.8,43,21,40,19
2017-10-01,17:04,0,123,0,21.5,74.0,43,21,40,19
2017-10-01,17:04,0,121,0,21.5,74.0,42,21,40,19
2017-10-01,17:04,0,121,0,21.5,74.1,42,21,40,19
2017-10-01,17:04,0,125,0,21.5,74.1,42,21,40,19
2017-10-01,17:05,0,126,1,21.5,74.1,43,21,40,19
2017-10-01,17:05,0,127,0,21.5,74.0,42,21,41,19
2017-10-01,17:05,0,124,0,21.5,73.8,42,21,41,19
2017-10-01,17:05,0,122,0,21.5,73.4,42,21,40,19
2017-10-01,17:05,0,117,0,21.5,73.7,43,21,40,19
2017-10-01,17:05,0,117,0,21.5,73.9,42,21,40,19
2017-10-01,17:05,0,115,0,21.5,73.9,42,21,40,19
2017-10-01,17:06,0,115,0,21.5,73.9,42,21,40,19
2017-10-01,17:06,0,115,0,21.5,73.9,42,21,40,19
2017-10-01,17:06,0,111,0,21.5,73.9,42,21,41,19
2017-10-01,17:06,0,108,0,21.5,73.8,42,21,41,19
2017-10-01,17:06,0,110,0,21.5,73.8,43,21,40,18
2017-10-01,17:06,0,113,0,21.5,73.6,42,21,40,19
2017-10-01,17:06,0,117,0,21.5,73.6,42,21,41,19
2017-10-01,17:06,0,118,0,21.5,74.0,42,21,41,19
2017-10-01,17:07,0,115,0,21.5,74.1,42,21,40,19
2017-10-01,17:07,0,116,0,21.5,74.0,42,21,40,19
2017-10-01,17:07,0,115,0,21.5,74.0,42,21,40,19
2017-10-01,17:07,0,116,0,21.5,74.0,42,21,41,19
2017-10-01,17:07,0,118,0,21.5,74.0,43,21,41,19
2017-10-01,17:07,0,115,0,21.5,74.0,42,21,41,19
2017-10-01,17:07,0,112,0,21.5,74.0,42,21,41,19
2017-10-01,17:07,0,106,0,21.5,74.0,43,21,41,19
2017-10-01,17:08,0,107,0,21.5,74.0,43,21,40,19
2017-10-01,17:08,0,113,0,21.5,74.0,43,21,41,19
2017-10-01,17:08,0,112,0,21.5,73.9,43,21,41,19
2017-10-01,17:08,0,113,0,21.5,73.7,42,21,41,19
2017-10-01,17:08,0,112,0,21.5,73.7,42,21,40,19
2017-10-01,17:08,0,117,0,21.5,73.8,43,21,40,19
2017-10-01,17:08,0,117,0,21.5,73.8,42,21,40,19
2017-10-01,17:09,0,114,0,21.5,73.7,42,21,40,19
2017-10-01,17:09,0,119,0,21.5,73.8,42,21,40,19
2017-10-01,17:09,0,117,0,21.5,73.7,43,21,40,19
2017-10-01,17:09,0,115,0,21.5,73.5,42,21,41,19
2017-10-01,17:09,0,120,0,21.5,73.7,42,21,40,19
2017-10-01,17:09,0,118,0,21.5,73.8,43,21,40,19
2017-10-01,17:09,0,119,0,21.5,73.8,43,21,40,19
2017-10-01,17:09,0,121,0,21.5,73.7,43,21,40,19
2017-10-01,17:10,0,118,0,21.5,73.6,42,21,41,19
2017-10-01,17:10,0,107,0,21.5,73.5,43,21,40,19
2017-10-01,17:10,0,112,0,21.5,73.8,42,21,40,19
2017-10-01,17:10,0,111,0,21.5,74.0,42,21,40,19
2017-10-01,17:10,0,115,0,21.5,74.0,42,21,40,19
2017-10-01,17:10,0,108,0,21.5,74.0,42,21,40,19
2017-10-01,17:10,0,109,0,21.5,74.1,43,21,40,19
2017-10-01,17:10,0,108,0,21.5,74.1,43,21,40,19
2017-10-01,17:11,0,109,0,21.5,74.0,42,21,40,19
2017-10-01,17:11,0,111,0,21.5,74.0,42,21,40,19
2017-10-01,17:11,0,114,0,21.5,74.0,42,21,40,18
2017-10-01,17:11,0,109,0,21.5,73.9,42,21,40,19
2017-10-01,17:11,0,113,0,21.5,74.0,42,21,40,19
2017-10-01,17:11,0,112,0,21.5,73.8,43,21,40,19
2017-10-01,17:11,0,110,0,21.5,73.8,42,21,40,19
2017-10-01,17:12,0,113,0,21.5,73.8,43,21,40,19
2017-10-01,17:12,0,112,0,21.5,73.8,42,21,40,19
2017-10-01,17:12,0,119,0,21.5,73.8,43,21,40,19
2017-10-01,17:12,0,122,0,21.5,73.8,42,21,40,19
2017-10-01,17:12,0,117,0,21.5,73.7,43,21,40,19
2017-10-01,17:12,0,107,0,21.5,73.8,43,21,40,19
2017-10-01,17:12,0,105,0,21.5,73.9,43,21,40,19
2017-10-01,17:12,0,104,0,21.5,73.9,43,21,41,19
2017-10-01,17:13,0,107,0,21.5,74.0,42,21,40,19
2017-10-01,17:13,0,107,0,21.5,74.1,42,21,40,19
2017-10-01,17:13,0,107,0,21.5,74.1,43,21,40,19
2017-10-01,17:13,0,112,0,21.5,74.1,42,21,40,19
2017-10-01,17:13,0,107,0,21.5,74.1,43,21,40,19
2017-10-01,17:13,0,119,0,21.5,74.0,42,21,40,19
2017-10-01,17:13,0,112,0,21.5,73.9,42,21,40,19
2017-10-01,17:13,0,120,0,21.5,73.9,43,21,40,19
2017-10-01,17:14,0,117,0,21.5,73.9,42,21,40,19
2017-10-01,17:14,0,117,0,21.5,73.9,42,21,40,19
2017-10-01,17:14,0,112,0,21.5,73.9,42,21,40,19
2017-10-01,17:14,0,109,0,21.5,73.9,42,21,40,19
2017-10-01,17:14,0,113,0,21.5,73.8,43,21,40,19
2017-10-01,17:14,0,113,0,21.5,73.8,42,21,40,19
2017-10-01,17:14,0,109,0,21.5,73.8,43,21,40,19
2017-10-01,17:15,0,106,1,21.5,73.8,42,21,40,19
2017-10-01,17:15,0,103,0,21.5,73.8,42,21,40,19
2017-10-01,17:15,0,102,0,21.5,73.7,42,21,40,19
2017-10-01,17:15,0,103,0,21.5,73.5,43,21,41,19
2017-10-01,17:15,0,103,0,21.5,73.6,43,21,40,19
2017-10-01,17:15,0,104,0,21.5,73.5,43,21,40,19
2017-10-01,17:15,0,105,0,21.5,73.4,42,21,40,19
2017-10-01,17:15,0,103,0,21.5,73.5,42,21,40,19
2017-10-01,17:16,0,101,0,21.5,73.7,42,21,40,19
2017-10-01,17:16,0,103,0,21.5,73.4,43,21,40,19
2017-10-01,17:16,0,103,0,21.5,73.6,42,21,40,19
2017-10-01,17:16,0,104,0,21.5,73.8,43,21,40,19
2017-10-01,17:16,0,109,0,21.5,73.9,42,21,40,19
2017-10-01,17:16,0,111,0,21.5,74.0,42,21,40,19
2017-10-01,17:16,0,109,0,21.5,74.2,42,21,40,19
2017-10-01,17:16,0,109,0,21.5,74.4,42,21,40,19
2017-10-01,17:17,0,106,0,21.4,74.2,42,21,40,19
2017-10-01,17:17,0,105,0,21.5,74.7,42,21,40,19
2017-10-01,17:17,0,104,0,21.4,74.6,42,21,40,19
2017-10-01,17:17,0,107,0,21.5,74.7,42,21,40,19
2017-10-01,17:17,0,99,0,21.5,74.6,42,21,40,19
2017-10-01,17:17,0,104,0,21.5,74.6,42,21,40,19
2017-10-01,17:17,0,106,0,21.4,74.7,42,21,40,19
2017-10-01,17:18,0,107,0,21.4,75.1,42,21,40,19
2017-10-01,17:18,0,107,0,21.4,74.9,42,21,40,19
2017-10-01,17:18,0,101,0,21.4,74.5,42,21,40,19
2017-10-01,17:18,0,99,0,21.4,74.4,42,21,40,19
2017-10-01,17:18,0,97,0,21.4,74.5,42,21,40,19
2017-10-01,17:18,0,98,0,21.4,74.8,42,21,40,19
2017-10-01,17:18,0,90,0,21.4,74.8,43,21,40,19
2017-10-01,17:18,0,100,0,21.4,75.1,43,21,40,19
2017-10-01,17:19,0,92,0,21.4,75.0,42,21,40,19
2017-10-01,17:19,0,98,0,21.4,74.9,42,21,40,19
2017-10-01,17:19,0,91,0,21.4,74.8,42,21,40,19
2017-10-01,17:19,0,98,0,21.4,74.8,42,21,40,19
2017-10-01,17:19,0,94,0,21.4,74.8,42,21,40,19
2017-10-01,17:19,0,92,0,21.4,74.7,42,21,40,19
2017-10-01,17:19,0,92,0,21.4,75.0,42,21,40,19
2017-10-01,17:19,0,90,0,21.4,74.9,42,21,40,19
2017-10-01,17:20,0,92,0,21.4,74.9,43,21,40,19
2017-10-01,17:20,0,86,0,21.4,75.2,43,21,40,19
2017-10-01,17:20,0,95,0,21.4,75.1,42,21,40,19
2017-10-01,17:20,0,90,0,21.4,74.9,43,21,40,19
2017-10-01,17:20,0,88,0,21.4,74.9,42,21,40,19
2017-10-01,17:20,0,87,0,21.3,74.8,42,21,40,19
2017-10-01,17:20,0,79,0,21.4,74.8,42,21,40,19
2017-10-01,17:20,0,83,0,21.4,74.9,43,21,40,19
2017-10-01,17:21,0,79,0,21.3,75.0,42,21,40,19
2017-10-01,17:21,0,83,0,21.4,75.1,42,21,40,19
2017-10-01,17:21,0,84,0,21.3,75.1,42,21,40,19
2017-10-01,17:21,0,76,0,21.4,75.0,42,21,40,19
2017-10-01,17:21,0,77,0,21.4,74.9,42,21,40,19
2017-10-01,17:21,0,75,0,21.4,75.0,43,21,40,19
2017-10-01,17:21,0,70,0,21.3,74.9,42,21,40,19
2017-10-01,17:22,0,69,0,21.3,75.0,42,21,40,19
2017-10-01,17:22,0,70,0,21.3,74.8,42,21,40,19
2017-10-01,17:22,0,69,0,21.3,74.9,42,21,40,19
2017-10-01,17:22,0,70,0,21.3,75.0,42,21,40,19
2017-10-01,17:22,0,72,0,21.3,74.8,42,21,40,19
2017-10-01,17:22,0,73,0,21.3,74.7,42,21,40,19
2017-10-01,17:22,0,61,0,21.3,75.0,42,21,40,19
2017-10-01,17:22,0,69,0,21.3,74.9,42,21,40,19
2017-10-01,17:23,0,60,0,21.3,75.1,42,21,40,19
2017-10-01,17:23,0,63,0,21.3,75.2,42,21,40,19
2017-10-01,17:23,0,60,0,21.3,75.3,42,21,40,19
2017-10-01,17:23,0,61,0,21.3,75.1,43,21,40,19
2017-10-01,17:23,0,59,0,21.3,75.3,42,21,40,19
2017-10-01,17:23,0,64,0,21.3,75.4,43,21,40,19
2017-10-01,17:23,0,62,0,21.3,75.4,42,21,40,19
2017-10-01,17:23,0,59,0,21.3,75.5,42,21,40,19
2017-10-01,17:24,0,59,0,21.3,75.6,42,21,40,19
2017-10-01,17:24,0,61,0,21.3,75.5,43,21,40,19
2017-10-01,17:24,0,56,0,21.3,75.2,43,21,40,19
2017-10-01,17:24,0,56,0,21.3,75.5,43,21,40,19
2017-10-01,17:24,0,53,0,21.3,75.3,43,21,40,19
2017-10-01,17:24,0,53,0,21.3,75.4,42,21,40,19
2017-10-01,17:24,0,53,0,21.3,75.6,43,21,40,19
2017-10-01,17:25,0,56,0,21.3,75.4,42,21,40,19
2017-10-01,17:25,0,52,0,21.3,75.1,43,21,40,19
2017-10-01,17:25,0,56,0,21.3,75.2,43,21,40,19
2017-10-01,17:25,0,55,0,21.3,75.0,43,21,39,19
2017-10-01,17:25,0,48,0,21.3,75.3,42,21,40,19
2017-10-01,17:25,0,58,0,21.3,75.3,42,21,40,19
2017-10-01,17:25,0,51,0,21.3,75.2,42,21,40,19
2017-10-01,17:25,0,52,0,21.3,75.3,42,21,40,19
2017-10-01,17:26,0,52,0,21.3,75.3,43,21,40,19
2017-10-01,17:26,0,52,0,21.3,75.2,43,21,40,19
2017-10-01,17:26,0,52,0,21.3,75.4,42,21,40,19
2017-10-01,17:26,0,52,0,21.3,75.3,42,21,40,19
2017-10-01,17:26,0,52,0,21.3,75.2,42,21,40,19
2017-10-01,17:26,0,52,0,21.3,75.3,43,21,40,19
2017-10-01,17:26,0,50,0,21.3,75.2,42,21,40,19
2017-10-01,17:26,0,48,0,21.3,75.1,42,21,40,19
2017-10-01,17:27,0,44,0,21.3,75.1,42,21,40,19
2017-10-01,17:27,0,43,0,21.3,75.0,42,21,40,19
2017-10-01,17:27,0,46,0,21.3,75.5,42,21,40,19
2017-10-01,17:27,0,44,0,21.3,75.6,42,21,40,19
2017-10-01,17:27,0,47,0,21.3,75.6,42,21,40,19
2017-10-01,17:27,0,45,0,21.3,75.6,42,21,40,19
2017-10-01,17:27,0,48,0,21.3,75.3,42,21,40,19
2017-10-01,17:28,0,49,0,21.3,75.1,43,21,40,19
2017-10-01,17:28,0,54,0,21.3,75.1,42,21,39,19
2017-10-01,17:28,0,55,0,21.3,75.2,42,21,40,19
2017-10-01,17:28,0,47,0,21.3,75.2,42,21,40,19
2017-10-01,17:28,0,46,0,21.3,75.3,42,21,40,19
2017-10-01,17:28,0,43,0,21.3,75.4,42,21,40,19
2017-10-01,17:28,0,44,0,21.3,75.3,42,21,40,19
2017-10-01,17:28,0,44,0,21.3,75.2,42,21,40,19
2017-10-01,17:29,0,47,0,21.3,75.1,42,21,40,19
2017-10-01,17:29,0,48,0,21.3,75.1,42,21,40,19
2017-10-01,17:29,0,46,0,21.3,75.0,42,21,40,19
2017-10-01,17:29,0,45,0,21.3,75.2,42,21,40,19
2017-10-01,17:29,0,45,0,21.3,75.2,42,21,40,19
2017-10-01,17:29,0,51,0,21.3,75.3,42,21,40,19
2017-10-01,17:29,0,53,0,21.3,75.2,42,21,40,19
2017-10-01,17:29,0,49,0,21.3,75.1,42,21,40,19
2017-10-01,17:30,0,52,0,21.3,75.2,42,21,40,19
2017-10-01,17:30,0,51,0,21.3,75.2,42,21,40,19
2017-10-01,17:30,0,52,0,21.3,75.2,43,21,40,19
2017-10-01,17:30,0,51,0,21.3,75.3,42,21,40,19
2017-10-01,17:30,0,51,0,21.3,75.3,42,21,40,19
2017-10-01,17:30,0,53,0,21.3,75.3,42,21,40,19
2017-10-01,17:30,0,52,0,21.3,75.4,42,21,40,19
2017-10-01,17:31,0,49,0,21.3,75.4,42,21,40,19
2017-10-01,17:31,0,49,0,21.3,75.4,42,21,40,19
2017-10-01,17:31,0,49,0,21.3,75.4,42,21,40,19
2017-10-01,17:31,0,48,0,21.3,75.2,42,21,40,19
2017-10-01,17:31,0,47,0,21.3,75.2,42,21,40,19
2017-10-01,17:31,0,47,0,21.3,75.2,42,21,40,19
2017-10-01,17:31,0,44,0,21.3,75.4,42,21,40,19
2017-10-01,17:31,0,37,0,21.3,75.4,42,21,40,19
2017-10-01,17:32,0,49,0,21.3,75.4,42,21,39,19
2017-10-01,17:32,0,39,0,21.3,75.5,42,21,40,19
2017-10-01,17:32,0,44,0,21.3,75.4,42,21,40,19
2017-10-01,17:32,0,44,0,21.3,75.1,42,21,40,19
2017-10-01,17:32,0,42,0,21.3,75.0,42,21,40,19
2017-10-01,17:32,0,46,0,21.3,75.1,42,21,40,19
2017-10-01,17:32,0,42,0,21.3,75.4,42,21,40,19
2017-10-01,17:32,0,42,0,21.3,75.5,42,21,40,19
2017-10-01,17:33,0,41,0,21.3,75.5,42,21,40,19
2017-10-01,17:33,0,43,0,21.3,75.4,42,21,40,19
2017-10-01,17:33,0,43,0,21.3,75.2,42,21,40,19
2017-10-01,17:33,0,43,0,21.3,75.1,42,21,40,19
2017-10-01,17:33,0,43,0,21.3,75.3,42,21,39,19
2017-10-01,17:33,0,43,0,21.3,75.4,42,21,40,19
2017-10-01,17:33,0,43,0,21.3,75.5,42,21,40,19
2017-10-01,17:34,0,45,0,21.3,75.2,42,21,39,19
2017-10-01,17:34,0,43,0,21.3,75.2,42,21,40,19
2017-10-01,17:34,0,41,0,21.3,75.1,42,21,40,19
2017-10-01,17:34,0,45,0,21.3,75.2,42,21,40,19
2017-10-01,17:34,0,42,0,21.3,75.3,42,21,40,19
2017-10-01,17:34,0,40,0,21.3,75.4,42,21,40,19
2017-10-01,17:34,0,42,0,21.3,75.3,42,21,40,19
2017-10-01,17:34,0,36,0,21.3,75.1,42,21,40,19
2017-10-01,17:35,0,41,0,21.3,75.1,42,21,40,19
2017-10-01,17:35,0,41,0,21.3,75.2,43,21,40,19
2017-10-01,17:35,0,43,0,21.3,75.2,42,21,40,19
2017-10-01,17:35,0,44,0,21.3,75.2,42,21,40,19
2017-10-01,17:35,0,48,0,21.3,75.3,42,21,40,19
2017-10-01,17:35,0,43,0,21.3,75.7,43,21,40,19
2017-10-01,17:35,0,42,0,21.3,75.7,42,21,40,19
2017-10-01,17:35,0,43,0,21.3,75.3,42,21,40,19
2017-10-01,17:36,0,47,0,21.3,75.3,42,21,40,19
2017-10-01,17:36,0,41,0,21.3,75.1,42,21,40,19
2017-10-01,17:36,0,41,0,21.3,75.1,42,21,40,19
2017-10-01,17:36,0,39,0,21.3,75.1,42,21,40,19
2017-10-01,17:36,0,39,0,21.3,75.1,42,21,40,19
2017-10-01,17:36,0,38,0,21.3,75.4,42,21,40,19
2017-10-01,17:36,0,39,0,21.3,75.3,42,21,40,19
2017-10-01,17:37,0,43,0,21.3,75.2,42,21,40,19
2017-10-01,17:37,0,38,0,21.3,75.1,42,21,40,19
2017-10-01,17:37,0,44,0,21.3,75.2,42,21,40,19
2017-10-01,17:37,0,35,0,21.3,75.2,42,21,40,19
2017-10-01,17:37,0,39,0,21.3,75.2,43,21,39,19
2017-10-01,17:37,0,37,0,21.3,75.4,42,21,39,19
2017-10-01,17:37,0,34,0,21.3,75.3,42,21,40,19
2017-10-01,17:37,0,38,0,21.3,75.2,42,21,40,19
2017-10-01,17:38,0,36,0,21.3,75.1,42,21,39,19
2017-10-01,17:38,0,34,0,21.3,75.0,42,21,40,19
2017-10-01,17:38,0,31,0,21.3,75.1,42,21,40,19
2017-10-01,17:38,0,35,0,21.3,75.1,42,21,40,19
2017-10-01,17:38,0,29,0,21.3,74.9,42,21,40,19
2017-10-01,17:38,0,28,0,21.3,75.2,42,21,40,19
2017-10-01,17:38,0,35,0,21.3,75.2,42,21,40,19
2017-10-01,17:38,0,35,0,21.3,75.4,42,21,40,19
2017-10-01,17:39,0,35,0,21.3,75.1,42,21,40,19
2017-10-01,17:39,1,36,0,21.3,75.2,42,21,40,19
2017-10-01,17:39,0,30,0,21.3,75.1,42,21,40,19
2017-10-01,17:39,0,32,0,21.3,74.9,42,21,40,19
2017-10-01,17:39,0,34,0,21.3,75.2,43,21,39,19
2017-10-01,17:39,0,29,0,21.3,75.1,42,21,39,19
2017-10-01,17:39,0,28,0,21.3,75.2,42,21,40,19
2017-10-01,17:40,0,27,0,21.3,75.4,42,21,39,19
2017-10-01,17:40,0,29,0,21.3,75.5,43,21,40,19
2017-10-01,17:40,0,25,0,21.3,75.4,42,21,40,19
2017-10-01,17:40,0,28,0,21.3,75.2,42,21,40,19
2017-10-01,17:40,0,26,0,21.3,74.9,42,21,40,19
2017-10-01,17:40,0,27,0,21.3,75.0,42,21,40,19
2017-10-01,17:40,0,30,0,21.3,75.1,42,21,40,19
2017-10-01,17:40,0,29,0,21.3,74.9,42,21,40,19
2017-10-01,17:41,0,25,0,21.3,75.1,43,21,40,19
2017-10-01,17:41,0,30,0,21.3,75.3,42,21,39,19
2017-10-01,17:41,0,27,0,21.3,75.5,42,21,40,19
2017-10-01,17:41,0,26,0,21.3,75.5,42,21,39,19
2017-10-01,17:41,0,27,0,21.3,75.5,42,21,40,19
2017-10-01,17:41,0,28,0,21.3,75.4,42,21,40,19
2017-10-01,17:41,0,29,0,21.3,75.5,42,21,39,19
2017-10-01,17:41,0,25,0,21.3,75.3,42,21,40,19
2017-10-01,17:42,0,22,0,21.3,75.3,42,21,39,19
2017-10-01,17:42,0,27,0,21.3,75.4,42,21,40,19
2017-10-01,17:42,0,315,413,21.3,75.3,42,21,39,19
2017-10-01,17:42,0,320,421,21.3,75.3,42,21,40,19
2017-10-01,17:42,0,319,419,21.3,75.2,42,21,39,19
2017-10-01,17:42,1,324,420,21.3,75.9,42,21,40,19
2017-10-01,17:42,0,324,420,21.3,76.5,42,21,40,19
2017-10-01,17:43,0,315,419,21.3,76.6,42,21,40,19
2017-10-01,17:43,0,280,419,21.4,76.5,42,21,39,19
2017-10-01,17:43,0,280,419,21.4,76.0,42,21,39,19
2017-10-01,17:43,0,281,418,21.4,75.4,42,21,40,19
2017-10-01,17:43,0,273,417,21.4,75.2,42,21,39,19
2017-10-01,17:43,0,279,417,21.4,75.1,42,21,40,19
2017-10-01,17:43,0,279,415,21.4,75.0,42,21,40,19
2017-10-01,17:43,0,280,415,21.4,74.8,42,21,39,19
2017-10-01,17:44,0,277,416,21.5,74.9,42,21,39,19
2017-10-01,17:44,0,279,416,21.5,74.8,42,21,40,19
2017-10-01,17:44,0,280,415,21.5,74.5,42,21,40,19
2017-10-01,17:44,0,276,415,21.5,74.3,42,21,39,19
2017-10-01,17:44,0,279,415,21.5,74.3,42,21,39,19
2017-10-01,17:44,0,276,414,21.5,74.3,42,21,39,19
2017-10-01,17:44,0,275,414,21.5,74.3,42,21,39,19
2017-10-01,17:44,0,276,414,21.5,74.1,42,21,39,19
2017-10-01,17:45,0,277,411,21.5,74.2,42,21,40,19
2017-10-01,17:45,0,13,0,21.5,74.3,42,20,40,19
2017-10-01,17:45,0,15,0,21.5,74.0,42,21,39,19
2017-10-01,17:45,0,11,0,21.5,73.7,42,21,39,19
2017-10-01,17:45,0,13,0,21.5,73.8,42,21,39,19
2017-10-01,17:45,0,15,0,21.6,73.9,42,21,39,19
2017-10-01,17:45,0,13,0,21.5,74.0,42,21,40,19
2017-10-01,17:45,0,11,0,21.5,73.9,42,21,40,19
2017-10-01,17:46,0,9,0,21.5,73.8,42,21,39,19
2017-10-01,17:46,0,9,0,21.5,73.8,42,21,40,19
2017-10-01,17:46,0,12,0,21.6,73.8,42,21,40,19
2017-10-01,17:46,0,12,0,21.6,73.7,42,21,39,19
2017-10-01,17:46,0,17,0,21.6,73.7,42,21,39,19
2017-10-01,17:46,0,14,0,21.6,73.5,42,21,39,19
2017-10-01,17:46,0,11,0,21.6,73.4,42,21,39,19
2017-10-01,17:47,0,12,0,21.6,73.5,42,21,39,19
2017-10-01,17:47,0,10,0,21.6,73.4,42,21,39,19
2017-10-01,17:47,0,7,0,21.6,73.4,42,21,40,19
2017-10-01,17:47,0,10,0,21.6,73.5,42,21,40,19
2017-10-01,17:47,0,8,0,21.6,73.5,42,21,39,19
2017-10-01,17:47,0,10,0,21.6,73.5,42,21,39,19
2017-10-01,17:47,0,6,0,21.6,73.5,42,21,39,19
2017-10-01,17:47,0,12,0,21.6,73.5,42,21,39,19
2017-10-01,17:48,0,8,0,21.6,73.4,42,21,39,19
2017-10-01,17:48,0,9,0,21.6,73.4,42,21,39,19
2017-10-01,17:48,0,10,0,21.6,73.4,42,21,39,19
2017-10-01,17:48,0,8,0,21.6,73.4,42,21,39,19
2017-10-01,17:48,0,9,0,21.6,73.4,42,21,39,19
2017-10-01,17:48,0,8,0,21.6,73.2,42,21,39,19
2017-10-01,17:48,0,11,0,21.6,73.3,42,21,39,19
2017-10-01,17:48,0,11,0,21.6,73.2,42,21,39,19
2017-10-01,17:49,0,16,0,21.6,73.2,42,21,39,19
2017-10-01,17:49,0,13,0,21.6,73.3,42,21,39,19
2017-10-01,17:49,0,9,0,21.6,73.3,42,21,39,19
2017-10-01,17:49,0,554,2,21.6,73.1,42,21,39,19
2017-10-01,17:49,0,569,16,21.6,73.1,42,21,39,19
2017-10-01,17:49,0,566,17,21.6,73.2,42,21,39,19
2017-10-01,17:49,0,567,22,21.7,73.3,42,21,39,19
2017-10-01,17:50,0,569,21,21.6,73.3,42,21,39,19
2017-10-01,17:50,0,568,21,21.6,73.2,42,21,39,19
2017-10-01,17:50,0,569,22,21.6,73.1,42,21,39,19
2017-10-01,17:50,0,568,22,21.7,73.1,42,21,39,19
2017-10-01,17:50,0,569,21,21.7,73.3,42,21,39,19
2017-10-01,17:50,0,568,25,21.7,73.2,42,21,39,19
2017-10-01,17:50,0,568,24,21.7,73.1,42,21,39,19
2017-10-01,17:50,0,568,22,21.7,73.2,42,20,40,19
2017-10-01,17:51,0,568,25,21.7,73.2,42,21,40,19
2017-10-01,17:51,0,571,24,21.7,73.2,42,20,40,19
2017-10-01,17:51,0,568,23,21.7,73.2,42,20,40,19
2017-10-01,17:51,0,569,23,21.7,73.2,42,21,40,19
2017-10-01,17:51,0,568,24,21.7,73.1,42,20,40,19
2017-10-01,17:51,0,567,24,21.7,73.0,42,20,40,19
2017-10-01,17:51,0,568,25,21.7,73.0,42,21,40,19
2017-10-01,17:51,0,569,24,21.6,72.9,42,20,40,19
2017-10-01,17:52,0,568,23,21.7,73.0,42,21,41,19
2017-10-01,17:52,0,568,25,21.7,73.0,42,20,40,19
2017-10-01,17:52,0,567,23,21.7,73.0,42,20,41,19
2017-10-01,17:52,0,567,24,21.6,72.8,42,20,41,19
2017-10-01,17:52,0,569,23,21.6,72.8,42,20,41,19
2017-10-01,17:52,0,571,24,21.7,72.8,42,20,41,19
2017-10-01,17:52,0,572,25,21.7,72.8,42,20,41,19
2017-10-01,17:53,0,569,25,21.6,72.8,42,20,41,19
2017-10-01,17:53,0,568,24,21.7,72.9,42,20,41,19
2017-10-01,17:53,0,569,23,21.7,73.0,42,20,41,19
2017-10-01,17:53,0,567,24,21.7,73.0,42,20,42,19
2017-10-01,17:53,0,568,23,21.6,72.9,42,20,42,19
2017-10-01,17:53,0,569,25,21.7,72.9,42,20,42,19
2017-10-01,17:53,0,569,24,21.6,72.8,42,19,42,19
2017-10-01,17:53,0,569,24,21.7,73.0,42,20,42,19
2017-10-01,17:54,0,569,25,21.7,73.1,42,20,42,19
2017-10-01,17:54,0,569,25,21.7,73.1,42,20,42,19
2017-10-01,17:54,0,568,23,21.7,73.1,42,20,42,19
2017-10-01,17:54,0,569,24,21.7,73.1,42,20,42,19
2017-10-01,17:54,0,567,25,21.7,73.0,42,20,43,19
2017-10-01,17:54,0,569,25,21.7,72.9,42,20,43,19
2017-10-01,17:54,0,570,25,21.7,72.6,42,20,43,19
2017-10-01,17:54,0,570,23,21.7,72.7,42,20,43,19
2017-10-01,17:55,0,573,25,21.7,72.9,42,19,43,19
2017-10-01,17:55,0,569,27,21.7,73.0,42,20,43,19
2017-10-01,17:55,0,565,22,21.7,72.9,42,19,43,19
2017-10-01,17:55,0,569,25,21.7,73.0,42,20,43,19
2017-10-01,17:55,0,570,25,21.7,73.1,42,19,43,19
2017-10-01,17:55,0,569,27,21.7,73.0,42,20,43,19
2017-10-01,17:55,0,569,25,21.7,73.0,42,20,43,19
2017-10-01,17:56,0,567,26,21.7,72.9,42,20,43,19
2017-10-01,17:56,0,573,25,21.7,72.9,42,20,43,19
2017-10-01,17:56,0,570,25,21.7,72.7,42,20,43,19
2017-10-01,17:56,0,571,24,21.7,72.6,42,20,43,19
2017-10-01,17:56,0,568,24,21.6,72.6,42,20,44,19
2017-10-01,17:56,0,569,24,21.7,72.9,42,20,44,19
2017-10-01,17:56,0,570,24,21.6,72.8,43,20,44,19
2017-10-01,17:56,0,569,23,21.6,72.7,42,20,44,19
2017-10-01,17:57,0,570,24,21.7,72.8,42,20,44,19
2017-10-01,17:57,0,569,27,21.7,72.9,43,20,44,19
2017-10-01,17:57,0,570,25,21.7,72.9,43,20,43,19
2017-10-01,17:57,0,570,25,21.6,72.8,43,20,44,19
2017-10-01,17:57,0,570,25,21.6,72.8,43,20,44,19
2017-10-01,17:57,0,570,23,21.7,72.9,43,20,43,19
2017-10-01,17:57,0,569,25,21.6,72.8,43,20,44,19
2017-10-01,17:57,0,569,25,21.7,73.0,43,20,44,19
2017-10-01,17:58,0,572,26,21.6,72.8,43,20,44,19
2017-10-01,17:58,0,569,26,21.6,72.8,43,20,44,19
2017-10-01,17:58,0,573,25,21.7,72.9,43,20,44,19
2017-10-01,17:58,0,569,26,21.7,72.9,43,20,44,19
2017-10-01,17:58,0,569,26,21.6,72.9,43,20,44,19
2017-10-01,17:58,0,568,24,21.6,72.9,43,20,44,19
2017-10-01,17:58,0,569,26,21.6,72.9,43,20,44,19
2017-10-01,17:59,0,569,24,21.6,72.9,43,20,44,19
2017-10-01,17:59,0,573,24,21.6,72.8,43,20,44,19
2017-10-01,17:59,0,571,23,21.6,72.5,43,20,44,19
2017-10-01,17:59,0,566,26,21.7,72.6,43,20,44,19
2017-10-01,17:59,0,571,25,21.6,72.6,43,20,44,19
2017-10-01,17:59,0,569,25,21.7,72.4,43,20,44,19
2017-10-01,17:59,0,571,25,21.6,72.6,43,20,44,19
2017-10-01,17:59,0,569,26,21.7,72.9,43,20,44,19
2017-10-01,18:00,0,570,23,21.6,72.8,43,20,44,19
2017-10-01,18:00,0,569,24,21.6,72.7,43,20,44,19
2017-10-01,18:00,0,572,24,21.6,72.8,43,20,44,19
2017-10-01,18:00,0,566,24,21.6,72.9,43,20,44,19
2017-10-01,18:00,0,569,25,21.6,72.8,43,20,44,19
2017-10-01,18:00,0,572,25,21.6,72.8,43,20,44,19
2017-10-01,18:00,0,569,25,21.6,72.9,43,20,44,19
2017-10-01,18:00,0,571,25,21.6,72.9,43,20,44,19
2017-10-01,18:01,0,567,25,21.6,73.0,43,20,44,19
2017-10-01,18:01,0,569,25,21.6,72.9,43,20,44,19
2017-10-01,18:01,0,567,23,21.6,72.8,43,20,44,19
2017-10-01,18:01,0,567,23,21.6,72.7,43,20,44,19
2017-10-01,18:01,0,567,24,21.6,72.8,43,20,44,19
2017-10-01,18:01,0,569,24,21.6,72.9,43,20,44,19
2017-10-01,18:01,0,569,24,21.6,73.0,43,20,44,19
2017-10-01,18:02,0,569,24,21.6,72.7,43,20,44,19
2017-10-01,18:02,0,569,24,21.6,72.8,43,20,44,19
2017-10-01,18:02,0,570,25,21.6,72.9,43,20,44,19
2017-10-01,18:02,0,569,23,21.6,72.9,43,20,44,19
2017-10-01,18:02,0,569,25,21.6,72.9,43,20,44,19
2017-10-01,18:02,0,570,24,21.6,72.9,43,20,44,19
2017-10-01,18:02,0,569,24,21.6,72.9,43,20,44,19
2017-10-01,18:02,0,569,26,21.7,73.1,43,20,44,19
2017-10-01,18:03,0,572,26,21.6,72.9,43,20,44,19
2017-10-01,18:03,0,569,25,21.6,72.8,43,20,44,19
2017-10-01,18:03,0,573,24,21.6,72.8,43,20,44,19
2017-10-01,18:03,0,570,23,21.6,72.9,43,20,44,19
2017-10-01,18:03,0,573,26,21.7,73.0,43,20,44,19
2017-10-01,18:03,0,568,24,21.6,72.8,43,20,44,19
2017-10-01,18:03,0,572,24,21.6,72.9,43,20,44,19
2017-10-01,18:03,0,570,25,21.7,73.0,43,20,44,19
2017-10-01,18:04,0,564,23,21.7,72.9,43,20,44,19
2017-10-01,18:04,0,569,24,21.6,72.8,43,20,44,19
2017-10-01,18:04,0,566,25,21.7,72.9,43,20,44,19
2017-10-01,18:04,0,566,23,21.6,72.8,43,20,44,19
2017-10-01,18:04,0,565,24,21.7,72.9,43,20,44,19
2017-10-01,18:04,0,573,26,21.7,72.9,43,20,44,19
2017-10-01,18:04,0,570,22,21.6,72.6,43,20,44,19
2017-10-01,18:05,0,568,24,21.6,72.7,43,20,44,19
2017-10-01,18:05,0,570,22,21.6,72.8,43,20,44,19
2017-10-01,18:05,0,569,24,21.6,72.8,43,20,44,19
2017-10-01,18:05,0,569,26,21.7,72.8,43,20,44,19
2017-10-01,18:05,1,571,27,21.7,72.9,43,20,44,19
2017-10-01,18:05,0,570,25,21.7,72.8,43,20,44,19
2017-10-01,18:05,0,567,24,21.7,72.6,43,20,44,19
2017-10-01,18:05,0,569,24,21.7,72.6,43,21,44,19
2017-10-01,18:06,0,570,24,21.7,72.5,45,21,44,19
2017-10-01,18:06,0,571,25,21.6,72.4,46,21,44,19
2017-10-01,18:06,0,568,25,21.6,72.6,47,22,44,19
2017-10-01,18:06,0,569,25,21.7,72.7,47,22,44,19
2017-10-01,18:06,0,566,25,21.6,72.6,48,22,44,19
2017-10-01,18:06,0,566,25,21.6,72.7,48,21,44,19
2017-10-01,18:06,0,567,24,21.6,72.5,48,22,44,19
2017-10-01,18:06,0,570,23,21.6,72.6,48,22,44,19
2017-10-01,18:07,0,570,23,21.6,72.6,48,22,44,19
2017-10-01,18:07,0,570,23,21.7,72.7,48,22,44,19
2017-10-01,18:07,0,567,25,21.6,72.6,48,22,44,19
2017-10-01,18:07,0,567,23,21.6,72.6,48,22,44,19
2017-10-01,18:07,0,567,24,21.7,72.8,48,21,44,19
2017-10-01,18:07,0,572,24,21.7,72.8,48,22,44,19
2017-10-01,18:07,0,570,26,21.7,72.8,48,22,44,19
2017-10-01,18:08,0,572,25,21.6,72.7,48,22,44,19
2017-10-01,18:08,0,565,24,21.7,72.8,48,22,44,19
2017-10-01,18:08,0,569,24,21.7,72.8,48,22,44,19
2017-10-01,18:08,0,570,25,21.6,72.7,48,22,44,19
2017-10-01,18:08,0,569,26,21.6,72.6,48,22,44,19
2017-10-01,18:08,0,567,24,21.7,72.8,48,22,44,19
2017-10-01,18:08,0,570,22,21.7,72.8,48,21,44,19
2017-10-01,18:08,0,570,25,21.7,72.8,48,22,44,19
2017-10-01,18:09,0,568,24,21.7,72.6,48,22,44,19
2017-10-01,18:09,0,570,24,21.7,72.6,48,21,44,19
2017-10-01,18:09,0,569,25,21.7,72.7,48,22,43,19
2017-10-01,18:09,0,568,24,21.7,72.8,47,22,44,19
2017-10-01,18:09,0,571,25,21.7,72.8,47,22,44,19
2017-10-01,18:09,0,570,25,21.7,72.8,47,22,44,19
2017-10-01,18:09,0,570,25,21.7,72.8,47,22,44,19
2017-10-01,18:09,0,570,26,21.7,72.8,47,22,44,19
2017-10-01,18:10,0,566,24,21.7,72.7,47,22,44,19
2017-10-01,18:10,0,570,26,21.7,72.8,47,21,44,19
2017-10-01,18:10,0,569,25,21.7,72.8,47,22,44,19
2017-10-01,18:10,1,572,26,21.7,72.8,47,22,44,19
2017-10-01,18:10,0,570,24,21.7,72.6,47,22,44,19
2017-10-01,18:10,0,570,23,21.7,72.7,47,21,44,19
2017-10-01,18:10,0,569,24,21.7,72.6,47,22,44,19
2017-10-01,18:10,0,570,23,21.7,72.5,47,22,44,19
2017-10-01,18:11,0,572,25,21.7,72.5,47,22,44,19
2017-10-01,18:11,0,567,25,21.7,72.5,47,22,44,19
2017-10-01,18:11,0,573,25,21.7,72.6,47,21,44,19
2017-10-01,18:11,0,570,24,21.7,72.6,46,21,44,19
2017-10-01,18:11,1,571,25,21.7,72.6,47,21,43,19
2017-10-01,18:11,0,570,24,21.7,72.7,46,22,44,19
2017-10-01,18:11,0,570,25,21.7,72.7,47,21,44,19
2017-10-01,18:12,0,570,26,21.7,72.5,46,22,44,19
2017-10-01,18:12,0,568,24,21.7,72.7,46,22,44,19
2017-10-01,18:12,0,569,25,21.7,72.7,46,22,44,19
2017-10-01,18:12,0,570,25,21.7,72.7,46,21,43,19
2017-10-01,18:12,0,570,24,21.7,72.6,46,22,44,19
2017-10-01,18:12,0,570,23,21.7,72.7,46,21,44,19
2017-10-01,18:12,0,569,26,21.7,72.7,46,22,43,19
2017-10-01,18:12,0,570,24,21.7,72.7,46,22,43,19
2017-10-01,18:13,0,567,25,21.7,72.8,46,22,44,19
2017-10-01,18:13,0,570,23,21.7,72.7,46,22,44,19
2017-10-01,18:13,0,568,25,21.7,72.6,46,21,44,19
2017-10-01,18:13,0,569,27,21.7,72.7,46,22,43,19
2017-10-01,18:13,0,570,24,21.7,72.7,46,22,43,19
2017-10-01,18:13,0,570,24,21.7,72.6,46,22,43,19
2017-10-01,18:13,0,354,6,21.7,72.6,46,21,43,19
2017-10-01,18:13,0,342,2,21.7,72.6,46,22,44,19
2017-10-01,18:14,0,348,0,21.7,72.6,46,21,44,19
2017-10-01,18:14,0,349,0,21.7,72.6,46,21,44,19
2017-10-01,18:14,0,349,0,21.7,72.7,46,21,43,19
2017-10-01,18:14,0,348,0,21.7,72.7,46,22,44,19
2017-10-01,18:14,0,347,0,21.7,72.7,46,21,43,19
2017-10-01,18:14,0,348,0,21.7,72.6,46,21,43,19
2017-10-01,18:14,0,348,3,21.7,72.7,46,21,43,19
2017-10-01,18:15,0,348,0,21.7,72.6,46,21,43,19
2017-10-01,18:15,1,349,0,21.7,72.7,45,21,43,19
2017-10-01,18:15,0,350,1,21.7,72.6,45,21,44,19
2017-10-01,18:15,0,349,1,21.7,72.6,45,21,43,19
2017-10-01,18:15,0,350,1,21.7,72.7,45,21,43,19
2017-10-01,18:15,0,347,0,21.7,72.7,45,21,43,19
2017-10-01,18:15,0,348,0,21.7,72.7,45,21,43,19
2017-10-01,18:15,0,349,0,21.7,72.8,45,21,43,19
2017-10-01,18:16,0,349,0,21.7,72.8,46,21,43,19
2017-10-01,18:16,0,349,0,21.7,72.8,45,21,43,19
2017-10-01,18:16,0,350,0,21.8,72.8,45,21,43,19
2017-10-01,18:16,0,352,0,21.8,72.8,45,21,44,19
2017-10-01,18:16,0,347,0,21.7,72.8,45,21,43,19
2017-10-01,18:16,0,351,0,21.7,72.7,45,21,43,19
2017-10-01,18:16,0,350,0,21.7,72.7,45,21,43,19
2017-10-01,18:16,0,352,0,21.8,72.6,45,21,43,19
2017-10-01,18:17,0,351,0,21.7,72.7,45,21,44,19
2017-10-01,18:17,0,349,0,21.7,72.6,45,21,43,19
2017-10-01,18:17,0,349,2,21.8,72.6,45,22,43,19
2017-10-01,18:17,0,354,0,21.7,72.7,45,21,43,19
2017-10-01,18:17,0,345,0,21.8,72.7,45,22,43,19
2017-10-01,18:17,0,350,0,21.7,72.8,45,21,43,19
2017-10-01,18:17,0,347,0,21.7,72.8,45,22,43,19
2017-10-01,18:18,0,348,0,21.7,72.8,45,21,43,19
2017-10-01,18:18,0,351,0,21.7,72.8,45,21,43,19
2017-10-01,18:18,0,346,0,21.7,72.7,45,21,43,19
2017-10-01,18:18,0,348,2,21.7,72.8,45,21,43,19
2017-10-01,18:18,0,347,0,21.7,72.8,45,21,43,19
2017-10-01,18:18,0,348,0,21.7,72.7,45,21,43,19
2017-10-01,18:18,0,347,1,21.7,72.7,45,21,43,19
2017-10-01,18:18,0,350,0,21.7,72.7,45,21,43,19
2017-10-01,18:19,0,348,0,21.7,72.7,45,21,43,19
2017-10-01,18:19,0,347,0,21.8,72.8,45,22,43,19
2017-10-01,18:19,0,348,0,21.8,72.8,45,21,43,19
2017-10-01,18:19,0,347,0,21.7,72.6,45,21,43,19
2017-10-01,18:19,0,350,0,21.7,72.6,45,21,43,19
2017-10-01,18:19,0,345,0,21.7,72.6,45,21,43,19
2017-10-01,18:19,0,347,0,21.8,72.8,45,21,43,19
2017-10-01,18:19,0,350,0,21.7,72.8,45,21,43,19
2017-10-01,18:20,0,350,0,21.7,72.7,45,22,43,19
2017-10-01,18:20,0,352,0,21.7,72.8,45,21,43,19
2017-10-01,18:20,0,348,0,21.8,72.7,45,21,43,19
2017-10-01,18:20,0,347,0,21.8,72.7,45,21,43,19
2017-10-01,18:20,0,349,0,21.8,72.7,45,21,43,19
2017-10-01,18:20,0,348,0,21.8,72.7,45,21,43,19
2017-10-01,18:20,0,349,0,21.8,72.7,44,21,43,19
2017-10-01,18:21,0,348,0,21.8,72.6,45,21,43,19
2017-10-01,18:21,0,346,0,21.7,72.7,45,21,43,19
2017-10-01,18:21,0,349,0,21.7,72.6,45,21,43,19
2017-10-01,18:21,0,349,0,21.7,72.6,44,21,43,19
2017-10-01,18:21,0,348,0,21.8,72.7,45,21,43,19
2017-10-01,18:21,0,349,0,21.8,72.7,45,21,43,19
2017-10-01,18:21,0,348,0,21.7,72.7,45,21,43,19
2017-10-01,18:21,0,341,0,21.8,72.8,45,21,43,19
2017-10-01,18:22,0,349,0,21.7,72.9,44,21,43,19
2017-10-01,18:22,0,350,1,21.8,72.8,44,21,43,19
2017-10-01,18:22,0,347,0,21.8,72.9,45,21,43,19
2017-10-01,18:22,0,347,0,21.8,72.9,45,21,43,19
2017-10-01,18:22,0,348,1,21.8,72.8,45,21,43,19
2017-10-01,18:22,0,349,0,21.8,72.7,45,21,43,19
2017-10-01,18:22,0,348,1,21.8,72.7,45,21,43,19
2017-10-01,18:22,0,349,0,21.8,72.8,44,21,43,19
2017-10-01,18:23,0,349,1,21.7,72.7,45,21,43,19
2017-10-01,18:23,0,353,0,21.7,72.8,45,21,43,19
2017-10-01,18:23,0,345,0,21.8,72.8,44,21,43,19
2017-10-01,18:23,0,348,0,21.8,72.8,45,21,43,19
2017-10-01,18:23,0,348,0,21.8,72.8,45,21,43,19
2017-10-01,18:23,0,347,0,21.8,72.9,44,21,43,19
2017-10-01,18:23,0,348,1,21.7,72.9,44,21,43,19
2017-10-01,18:24,0,349,0,21.8,72.8,45,21,43,19
2017-10-01,18:24,0,348,0,21.8,72.8,45,21,43,19
2017-10-01,18:24,0,348,0,21.8,72.8,45,21,43,19
2017-10-01,18:24,0,352,0,21.8,72.8,45,21,43,19
2017-10-01,18:24,0,348,0,21.8,72.8,44,21,43,19
2017-10-01,18:24,0,349,0,21.8,72.8,45,21,43,19
2017-10-01,18:24,0,348,0,21.8,72.8,44,21,43,19
2017-10-01,18:24,0,348,0,21.8,72.9,45,21,43,19
2017-10-01,18:25,0,350,0,21.8,72.8,45,21,43,19
2017-10-01,18:25,0,343,0,21.8,72.8,45,21,43,19
2017-10-01,18:25,0,348,1,21.8,72.7,44,21,43,19
2017-10-01,18:25,0,350,0,21.8,72.8,44,21,43,19
2017-10-01,18:25,0,349,0,21.8,72.7,44,21,43,19
2017-10-01,18:25,0,346,0,21.8,72.6,44,21,43,19
2017-10-01,18:25,0,349,0,21.8,72.7,45,21,43,19
2017-10-01,18:25,0,348,0,21.8,72.8,45,21,43,19
2017-10-01,18:26,0,349,1,21.8,72.8,44,21,43,19
2017-10-01,18:26,0,351,0,21.8,72.8,44,21,43,19
2017-10-01,18:26,0,354,2,21.8,72.9,44,21,43,19
2017-10-01,18:26,0,348,0,21.8,72.8,44,21,43,19
2017-10-01,18:26,0,349,0,21.8,72.8,44,21,43,19
2017-10-01,18:26,0,347,0,21.8,72.8,44,21,43,19
2017-10-01,18:26,0,349,0,21.8,72.9,44,21,43,19
2017-10-01,18:27,0,348,1,21.8,72.9,44,21,42,19
2017-10-01,18:27,0,354,1,21.8,73.0,45,21,42,19
2017-10-01,18:27,0,350,1,21.8,73.0,44,21,43,19
2017-10-01,18:27,0,352,1,21.8,73.0,44,21,43,19
2017-10-01,18:27,0,350,0,21.8,73.0,44,21,43,19
2017-10-01,18:27,0,351,0,21.8,72.9,44,21,43,19
2017-10-01,18:27,0,348,0,21.8,73.0,44,21,43,19
2017-10-01,18:27,0,348,0,21.8,72.9,44,21,43,19
2017-10-01,18:28,0,348,1,21.8,72.9,44,21,43,19
2017-10-01,18:28,0,350,0,21.8,73.0,44,21,43,19
2017-10-01,18:28,1,353,0,21.8,73.1,44,21,43,19
2017-10-01,18:28,0,353,0,21.8,73.0,44,21,43,19
2017-10-01,18:28,0,345,0,21.8,73.0,44,21,43,19
2017-10-01,18:28,0,347,0,21.8,73.0,44,21,43,19
2017-10-01,18:28,0,349,0,21.8,73.0,44,21,43,19
2017-10-01,18:28,0,349,0,21.8,73.0,44,21,43,19
2017-10-01,18:29,0,348,1,21.8,73.0,44,22,43,19
2017-10-01,18:29,0,346,0,21.8,73.2,44,21,43,19
2017-10-01,18:29,0,348,0,21.8,73.2,44,21,43,19
2017-10-01,18:29,0,344,0,21.8,73.2,44,21,43,19
2017-10-01,18:29,0,350,0,21.8,73.2,44,21,43,19
2017-10-01,18:29,0,348,1,21.8,73.2,44,21,42,19
2017-10-01,18:29,0,349,0,21.8,73.3,44,21,43,19
2017-10-01,18:30,0,349,0,21.8,73.3,44,21,43,19
2017-10-01,18:30,0,348,1,21.8,73.3,44,21,43,19
2017-10-01,18:30,0,346,0,21.8,73.3,44,21,43,19
2017-10-01,18:30,0,345,2,21.8,73.2,44,21,43,19
2017-10-01,18:30,0,347,0,21.8,73.3,44,21,43,19
2017-10-01,18:30,0,349,0,21.8,73.3,44,21,43,19
2017-10-01,18:30,0,348,1,21.8,73.3,46,21,43,19
2017-10-01,18:30,0,351,0,21.9,73.3,47,22,42,19
2017-10-01,18:31,0,346,0,21.8,73.2,47,21,43,19
2017-10-01,18:31,0,348,0,21.8,73.3,48,21,43,19
2017-10-01,18:31,0,346,0,21.8,73.2,49,21,43,19
2017-10-01,18:31,0,344,0,21.8,73.2,49,21,43,19
2017-10-01,18:31,0,349,0,21.8,73.2,49,21,43,19
2017-10-01,18:31,0,349,0,21.8,73.2,49,21,43,19
2017-10-01,18:31,0,347,0,21.9,73.4,49,21,43,19
2017-10-01,18:31,0,351,1,21.9,73.3,50,21,42,19
2017-10-01,18:32,0,351,0,21.8,73.2,50,21,43,19
2017-10-01,18:32,0,351,0,21.8,73.1,50,21,42,19
2017-10-01,18:32,0,354,1,21.8,73.2,50,21,42,19
2017-10-01,18:32,0,348,2,21.8,73.2,49,21,42,19
2017-10-01,18:32,0,348,0,21.8,73.1,50,21,42,19
2017-10-01,18:32,0,350,0,21.8,73.1,50,21,42,19
2017-10-01,18:32,0,348,0,21.8,73.2,49,21,42,19
2017-10-01,18:33,0,349,0,21.8,73.2,49,21,43,19
2017-10-01,18:33,0,345,0,21.8,73.2,50,21,42,19
2017-10-01,18:33,0,352,2,21.8,73.1,50,21,42,19
2017-10-01,18:33,0,348,0,21.8,73.1,49,21,42,19
2017-10-01,18:33,0,348,0,21.9,73.3,49,21,42,19
2017-10-01,18:33,0,350,0,21.9,73.3,49,21,42,19
2017-10-01,18:33,0,350,0,21.8,73.2,49,21,43,19
2017-10-01,18:33,0,347,0,21.8,73.3,49,21,42,19
2017-10-01,18:34,0,348,2,21.8,73.3,49,21,42,19
2017-10-01,18:34,0,351,0,21.8,73.3,49,21,42,19
2017-10-01,18:34,0,350,0,21.8,73.3,50,21,42,19
2017-10-01,18:34,0,352,0,21.8,73.3,49,21,42,19
2017-10-01,18:34,0,345,0,21.8,73.2,49,21,42,19
2017-10-01,18:34,0,348,1,21.8,73.2,50,21,42,19
2017-10-01,18:34,0,352,0,21.8,73.1,49,21,42,19
2017-10-01,18:34,0,349,0,21.8,73.1,50,21,42,19
2017-10-01,18:35,0,348,0,21.9,73.3,50,21,42,19
2017-10-01,18:35,0,351,1,21.8,73.3,49,21,42,19
2017-10-01,18:35,0,344,0,21.9,73.3,49,21,42,19
2017-10-01,18:35,0,349,2,21.8,73.2,50,21,42,19
2017-10-01,18:35,0,349,0,21.8,73.2,49,21,42,19
2017-10-01,18:35,0,348,0,21.9,73.3,49,21,42,19
2017-10-01,18:35,0,347,0,21.9,73.4,49,21,42,19
2017-10-01,18:35,0,349,0,21.9,73.3,49,21,42,18
2017-10-01,18:36,0,351,0,21.9,73.4,49,21,42,19
2017-10-01,18:36,0,348,0,21.9,73.3,49,21,42,19
2017-10-01,18:36,0,349,0,21.9,73.3,49,21,42,19
2017-10-01,18:36,0,349,1,21.9,73.3,49,21,42,19
2017-10-01,18:36,0,349,0,21.9,73.4,49,21,42,19
2017-10-01,18:36,0,350,0,21.9,73.4,49,21,42,19
2017-10-01,18:36,0,349,0,21.9,73.3,49,21,42,19
2017-10-01,18:37,0,348,0,21.9,73.2,49,21,42,19
2017-10-01,18:37,0,350,0,21.9,73.1,50,21,42,19
2017-10-01,18:37,0,347,1,21.9,73.1,50,20,42,19
2017-10-01,18:37,0,347,0,21.9,73.1,50,20,42,19
2017-10-01,18:37,0,354,1,21.9,73.2,50,19,42,19
2017-10-01,18:37,0,348,0,21.9,73.3,50,19,42,19
2017-10-01,18:37,0,350,0,21.9,73.3,50,19,42,19
2017-10-01,18:37,0,349,1,21.9,73.3,50,19,42,19
2017-10-01,18:38,0,348,0,21.9,73.4,50,19,41,19
2017-10-01,18:38,0,347,0,21.9,73.4,50,19,42,19
2017-10-01,18:38,0,349,0,21.9,73.3,50,19,41,19
2017-10-01,18:38,0,351,0,21.9,73.4,50,19,42,19
2017-10-01,18:38,0,346,1,21.9,73.1,50,19,42,19
2017-10-01,18:38,0,346,0,21.9,73.2,50,19,42,19
2017-10-01,18:38,0,349,0,21.9,73.3,50,19,42,19
2017-10-01,18:38,0,351,0,21.9,73.4,50,19,41,19
2017-10-01,18:39,0,349,0,21.9,73.4,50,19,42,19
2017-10-01,18:39,0,347,1,21.9,73.4,50,19,41,19
2017-10-01,18:39,0,347,0,21.9,73.4,50,19,41,19
2017-10-01,18:39,0,350,0,21.9,73.5,50,19,42,19
2017-10-01,18:39,0,349,1,21.9,73.4,50,19,41,19
2017-10-01,18:39,0,349,0,21.9,73.3,50,19,41,19
2017-10-01,18:39,0,351,0,21.9,73.3,50,19,42,19
2017-10-01,18:40,0,345,1,21.9,73.3,50,19,41,19
2017-10-01,18:40,0,349,0,21.9,73.3,50,19,42,19
2017-10-01,18:40,0,349,0,21.9,73.4,50,19,42,19
2017-10-01,18:40,0,349,0,21.9,73.4,50,19,41,19
2017-10-01,18:40,0,352,0,21.9,73.4,50,19,42,19
2017-10-01,18:40,0,350,0,21.9,73.3,50,19,42,19
2017-10-01,18:40,0,348,0,22.0,73.3,50,19,42,19
2017-10-01,18:40,0,349,0,21.9,73.4,50,19,42,19
2017-10-01,18:41,0,348,0,21.9,73.4,50,19,42,19
2017-10-01,18:41,0,350,0,22.0,73.5,50,19,42,19
2017-10-01,18:41,0,350,0,22.0,73.4,50,19,42,19
2017-10-01,18:41,0,348,2,22.0,73.4,50,19,42,19
2017-10-01,18:41,0,353,0,22.0,73.3,50,19,42,19
2017-10-01,18:41,0,349,0,22.0,73.4,50,19,43,19
2017-10-01,18:41,0,347,0,22.0,73.3,50,19,43,19
2017-10-01,18:41,0,349,1,22.0,73.4,50,19,43,19
2017-10-01,18:42,0,351,0,22.0,73.5,50,19,43,19
2017-10-01,18:42,0,349,0,22.0,73.4,50,19,43,19
2017-10-01,18:42,0,350,0,22.0,73.5,51,19,43,19
2017-10-01,18:42,0,352,0,22.0,73.5,51,19,43,19
2017-10-01,18:42,0,350,0,22.0,73.4,51,19,43,19
2017-10-01,18:42,0,345,0,22.0,73.4,51,19,44,19
2017-10-01,18:42,0,346,0,22.0,73.4,51,19,43,19
2017-10-01,18:43,0,350,0,22.1,73.5,51,19,43,19
2017-10-01,18:43,0,350,0,22.1,73.4,51,19,44,19
2017-10-01,18:43,0,349,0,22.1,73.4,51,19,44,19
2017-10-01,18:43,0,350,1,22.1,73.3,51,19,44,19
2017-10-01,18:43,0,349,0,22.1,73.3,51,19,44,19
2017-10-01,18:43,0,350,0,22.1,73.3,51,19,44,19
2017-10-01,18:43,0,349,0,22.1,73.3,51,19,44,19
2017-10-01,18:43,0,350,0,22.1,73.4,50,19,44,19
2017-10-01,18:44,0,350,0,22.1,73.2,50,19,44,19
2017-10-01,18:44,0,350,0,22.1,73.3,51,19,44,19
2017-10-01,18:44,0,350,0,22.1,73.3,51,19,44,19
2017-10-01,18:44,0,350,0,22.1,73.3,51,19,45,19
2017-10-01,18:44,0,351,0,22.1,73.3,51,19,45,19
2017-10-01,18:44,0,348,0,22.1,73.3,51,19,45,19
2017-10-01,18:44,0,345,0,22.1,73.3,51,19,45,19
2017-10-01,18:44,0,349,0,22.1,73.3,52,19,45,19
2017-10-01,18:45,0,349,1,22.1,73.3,52,19,45,19
2017-10-01,18:45,0,350,0,22.1,73.2,51,19,45,19
2017-10-01,18:45,0,350,0,22.1,73.2,51,19,45,19
2017-10-01,18:45,0,350,0,22.1,73.2,51,19,45,19
2017-10-01,18:45,0,350,0,22.1,73.1,51,19,45,19
2017-10-01,18:45,0,347,0,22.1,73.1,51,19,45,19
2017-10-01,18:45,0,347,0,22.1,73.0,52,19,45,19
2017-10-01,18:46,0,351,0,22.1,73.1,52,19,45,19
2017-10-01,18:46,0,348,0,22.1,73.1,52,19,45,19
2017-10-01,18:46,0,346,0,22.1,73.1,52,19,45,19
2017-10-01,18:46,0,348,0,22.1,73.1,52,19,45,19
2017-10-01,18:46,0,349,1,22.1,73.2,52,18,45,19
2017-10-01,18:46,0,351,0,22.1,73.2,52,18,45,19
2017-10-01,18:46,0,350,0,22.1,73.2,52,18,45,19
2017-10-01,18:46,0,345,0,22.1,73.2,52,18,45,19
2017-10-01,18:47,0,348,0,22.1,73.2,52,18,45,19
2017-10-01,18:47,0,349,0,22.1,73.3,52,17,45,19
2017-10-01,18:47,0,350,0,22.1,73.1,52,18,45,19
2017-10-01,18:47,0,346,0,22.1,73.2,52,18,45,19
2017-10-01,18:47,0,352,0,22.1,73.2,52,18,45,19
2017-10-01,18:47,0,349,0,22.1,73.0,52,18,45,19
2017-10-01,18:47,0,346,0,22.1,73.1,52,18,45,19
2017-10-01,18:47,0,348,0,22.1,73.2,52,18,45,19
2017-10-01,18:48,0,351,1,22.1,73.2,52,18,45,19
2017-10-01,18:48,0,349,0,22.1,73.2,52,18,44,19
2017-10-01,18:48,0,350,0,22.1,73.2,52,18,44,19
2017-10-01,18:48,0,350,0,22.1,73.2,51,18,44,19
2017-10-01,18:48,0,345,0,22.1,73.2,52,18,44,19
2017-10-01,18:48,0,349,0,22.1,73.2,52,18,44,19
2017-10-01,18:48,0,349,1,22.1,73.2,51,18,44,19
2017-10-01,18:49,0,352,0,22.1,73.0,51,18,44,19
2017-10-01,18:49,0,350,0,22.2,73.1,51,18,44,19
2017-10-01,18:49,0,349,0,22.1,73.1,51,18,43,19
2017-10-01,18:49,0,352,0,22.1,73.1,51,18,44,19
2017-10-01,18:49,0,350,1,22.1,72.9,51,18,44,19
2017-10-01,18:49,0,348,0,22.1,72.9,51,18,43,19
2017-10-01,18:49,0,349,2,22.1,73.1,51,18,43,19
2017-10-01,18:49,0,352,0,22.1,73.1,51,18,43,19
2017-10-01,18:50,0,350,0,22.1,73.1,51,18,43,19
2017-10-01,18:50,0,348,1,22.1,73.0,51,18,43,19
2017-10-01,18:50,0,350,0,22.1,73.0,51,18,43,19
2017-10-01,18:50,0,350,1,22.1,73.1,51,18,43,19
2017-10-01,18:50,0,349,1,22.1,72.9,51,18,43,19
2017-10-01,18:50,0,349,0,22.1,72.9,50,18,43,19
2017-10-01,18:50,0,349,0,22.1,72.9,51,18,43,19
2017-10-01,18:50,0,352,0,22.1,72.9,50,18,43,19
2017-10-01,18:51,0,350,0,22.1,73.0,50,18,43,19
2017-10-01,18:51,0,350,0,22.1,73.0,50,18,43,19
2017-10-01,18:51,0,350,0,22.1,73.0,50,18,43,19
2017-10-01,18:51,0,350,0,22.1,73.1,50,18,43,19
2017-10-01,18:51,0,351,0,22.1,73.0,50,18,43,19
2017-10-01,18:51,0,350,0,22.1,73.0,50,18,42,19
2017-10-01,18:51,0,350,0,22.1,73.0,50,18,42,19
2017-10-01,18:52,0,348,0,22.1,73.1,50,18,42,19
2017-10-01,18:52,0,348,0,22.1,72.9,50,18,42,19
2017-10-01,18:52,0,351,0,22.1,73.0,50,18,42,19
2017-10-01,18:52,0,346,0,22.2,73.1,50,18,42,19
2017-10-01,18:52,0,346,0,22.1,73.1,50,18,42,19
2017-10-01,18:52,0,349,0,22.2,73.1,50,18,42,19
2017-10-01,18:52,0,349,0,22.1,73.1,50,18,42,19
2017-10-01,18:52,0,350,0,22.1,73.1,50,18,42,19
2017-10-01,18:53,0,350,0,22.1,73.0,50,18,42,19
2017-10-01,18:53,0,350,0,22.2,73.0,50,19,42,19
2017-10-01,18:53,0,350,0,22.2,73.1,49,18,42,19
2017-10-01,18:53,0,344,0,22.2,73.0,50,19,42,19
2017-10-01,18:53,0,347,1,22.2,73.0,49,18,42,19
2017-10-01,18:53,0,352,0,22.2,73.0,49,18,42,19
2017-10-01,18:53,0,350,0,22.2,73.0,49,18,42,19
2017-10-01,18:53,0,350,0,22.2,73.0,50,19,42,19
2017-10-01,18:54,0,351,2,22.2,73.0,49,18,42,19
2017-10-01,18:54,0,349,0,22.2,72.8,49,18,42,19
2017-10-01,18:54,0,347,0,22.2,72.8,49,18,42,19
2017-10-01,18:54,0,352,0,22.2,72.9,49,18,42,19
2017-10-01,18:54,0,349,0,22.2,72.8,49,18,42,19
2017-10-01,18:54,0,350,1,22.2,72.9,49,18,42,19
2017-10-01,18:54,0,352,0,22.2,72.9,49,18,41,19
2017-10-01,18:55,0,350,0,22.2,72.9,49,19,42,19
2017-10-01,18:55,0,348,1,22.2,72.6,49,18,41,19
2017-10-01,18:55,0,352,0,22.2,72.6,49,18,41,19
2017-10-01,18:55,0,468,396,22.2,72.6,49,19,42,19
2017-10-01,18:55,0,468,413,22.2,72.8,49,19,41,19
2017-10-01,18:55,0,469,415,22.2,72.9,49,18,41,19
2017-10-01,18:55,0,467,415,22.2,72.8,49,19,42,19
2017-10-01,18:55,0,468,415,22.2,73.5,49,19,41,19
2017-10-01,18:56,0,481,416,22.2,74.0,49,18,41,19
2017-10-01,18:56,0,475,415,22.2,73.5,49,19,42,19
2017-10-01,18:56,0,479,413,22.2,73.2,48,19,42,19
2017-10-01,18:56,0,475,413,22.2,73.0,49,19,42,19
2017-10-01,18:56,0,481,413,22.2,73.0,49,19,41,19
2017-10-01,18:56,0,477,413,22.2,73.0,50,19,41,19
2017-10-01,18:56,0,478,413,22.2,72.8,50,18,42,19
2017-10-01,18:56,0,477,413,22.2,72.8,50,18,41,19
2017-10-01,18:57,0,477,412,22.2,72.8,51,18,41,19
2017-10-01,18:57,0,478,410,22.2,72.8,51,18,41,19
2017-10-01,18:57,0,477,411,22.2,72.8,51,19,41,19
2017-10-01,18:57,0,473,411,22.3,73.0,51,19,41,19
2017-10-01,18:57,0,476,411,22.2,72.9,51,18,41,19
2017-10-01,18:57,0,476,409,22.2,72.9,51,19,41,19
2017-10-01,18:57,0,476,410,22.3,73.0,51,18,41,19
2017-10-01,18:58,0,476,408,22.3,72.9,51,19,41,19
2017-10-01,18:58,0,351,9,22.3,72.9,51,18,41,19
2017-10-01,18:58,0,352,1,22.3,72.8,51,19,41,19
2017-10-01,18:58,0,351,0,22.3,72.8,51,19,41,19
2017-10-01,18:58,0,352,1,22.3,72.8,51,19,42,19
2017-10-01,18:58,0,349,1,22.3,72.8,51,19,42,19
2017-10-01,18:58,0,349,0,22.3,72.8,51,19,42,19
2017-10-01,18:58,0,350,0,22.3,72.7,51,19,42,19
2017-10-01,18:59,0,351,0,22.3,72.6,51,19,42,19
2017-10-01,18:59,0,351,0,22.3,72.6,50,19,42,19
2017-10-01,18:59,0,350,2,22.3,72.6,50,19,42,19
2017-10-01,18:59,0,348,0,22.3,72.6,50,19,42,19
2017-10-01,18:59,0,351,0,22.3,72.5,50,19,42,19
2017-10-01,18:59,0,350,1,22.3,72.6,50,19,42,19
2017-10-01,18:59,0,352,1,22.3,72.5,50,19,43,19
2017-10-01,18:59,0,350,1,22.3,72.5,50,19,43,19
2017-10-01,19:00,0,350,1,22.4,72.5,51,19,43,19
2017-10-01,19:00,0,350,2,22.4,72.4,51,19,43,19
2017-10-01,19:00,0,350,0,22.4,72.3,51,19,43,19
2017-10-01,19:00,0,347,0,22.4,72.4,51,19,43,19
2017-10-01,19:00,0,349,0,22.4,72.4,52,19,43,19
2017-10-01,19:00,0,348,1,22.4,72.4,52,19,43,19
2017-10-01,19:00,0,351,1,22.4,72.4,51,19,43,19
2017-10-01,19:00,0,435,402,22.4,72.4,52,19,43,19
2017-10-01,19:01,0,448,417,22.4,72.3,52,19,43,19
2017-10-01,19:01,0,458,416,22.4,72.2,52,19,43,19
2017-10-01,19:01,0,462,417,22.4,72.2,52,19,43,19
2017-10-01,19:01,0,360,417,22.4,72.2,52,19,44,19
2017-10-01,19:01,0,359,417,22.4,72.1,52,19,44,19
2017-10-01,19:01,0,354,415,22.4,72.0,52,19,44,19
2017-10-01,19:01,0,358,416,22.4,72.1,52,19,44,19
2017-10-01,19:02,0,360,414,22.3,72.1,52,19,43,19
2017-10-01,19:02,0,360,415,22.3,72.1,52,19,44,19
2017-10-01,19:02,0,359,414,22.3,72.1,52,19,44,19
2017-10-01,19:02,0,359,413,22.3,72.1,52,19,44,19
2017-10-01,19:02,0,359,415,22.3,72.2,52,19,43,19
2017-10-01,19:02,0,364,414,22.3,72.3,52,19,44,19
2017-10-01,19:02,0,357,414,22.3,72.3,52,19,44,19
2017-10-01,19:02,0,359,413,22.2,72.2,53,19,44,19
2017-10-01,19:03,0,359,413,22.2,72.3,53,19,44,19
2017-10-01,19:03,0,354,0,22.2,72.3,52,18,44,19
2017-10-01,19:03,0,356,0,22.2,72.5,53,18,44,19
2017-10-01,19:03,0,352,0,22.2,72.5,53,18,43,19
2017-10-01,19:03,0,353,0,22.2,72.6,52,18,44,19
2017-10-01,19:03,0,354,0,22.2,72.8,53,18,43,19
2017-10-01,19:03,0,354,0,22.1,72.8,53,17,43,19
2017-10-01,19:03,0,353,0,22.1,72.8,52,18,43,19
2017-10-01,19:04,0,352,0,22.1,72.7,53,18,43,19
2017-10-01,19:04,0,353,0,22.1,72.9,52,17,43,19
2017-10-01,19:04,0,351,0,22.1,73.0,52,18,43,19
2017-10-01,19:04,0,356,0,22.1,73.1,52,18,42,19
2017-10-01,19:04,0,353,0,22.1,73.2,52,17,42,19
2017-10-01,19:04,0,353,0,22.1,73.3,52,18,42,19
2017-10-01,19:04,0,354,0,22.1,73.4,52,18,41,19
2017-10-01,19:05,0,349,0,22.0,73.3,52,17,41,19
2017-10-01,19:05,0,353,0,22.0,73.3,52,18,41,19
2017-10-01,19:05,0,354,0,22.0,73.4,52,18,41,19
2017-10-01,19:05,0,353,0,22.1,73.5,52,18,40,19
2017-10-01,19:05,0,352,0,22.0,73.5,52,18,40,19
2017-10-01,19:05,0,355,0,22.0,73.5,52,18,40,19
2017-10-01,19:05,0,354,0,22.0,73.6,52,18,40,19
2017-10-01,19:05,0,353,0,22.0,73.5,52,18,39,19
2017-10-01,19:06,0,353,0,22.0,73.7,52,18,39,19
2017-10-01,19:06,0,353,0,22.0,73.7,52,18,39,19
2017-10-01,19:06,0,350,0,22.0,73.7,52,18,39,19
2017-10-01,19:06,0,354,0,22.0,73.7,52,18,39,19
2017-10-01,19:06,0,354,0,22.0,73.6,52,18,39,19
2017-10-01,19:06,0,353,0,22.0,73.6,52,18,39,19
2017-10-01,19:06,0,352,0,22.0,73.6,52,18,39,19
2017-10-01,19:06,0,352,0,22.0,73.7,52,18,39,19
2017-10-01,19:07,0,353,0,22.0,73.8,52,18,39,19
2017-10-01,19:07,0,352,0,22.0,73.8,52,18,39,19
2017-10-01,19:07,0,353,0,21.9,73.9,52,18,39,19
2017-10-01,19:07,0,353,0,21.9,73.9,52,18,39,19
2017-10-01,19:07,0,354,0,22.0,74.1,52,18,39,19
2017-10-01,19:07,0,353,0,22.0,74.1,52,18,39,19
2017-10-01,19:07,0,356,0,21.9,73.8,52,18,39,19
2017-10-01,19:08,0,357,0,21.9,74.0,52,18,39,19
2017-10-01,19:08,0,354,0,22.0,74.0,52,18,40,19
2017-10-01,19:08,0,352,0,21.9,74.1,52,18,39,19
2017-10-01,19:08,0,353,0,21.9,74.0,52,18,39,19
2017-10-01,19:08,0,352,0,21.9,73.9,52,18,40,19
2017-10-01,19:08,0,353,0,21.9,74.0,52,18,40,19
2017-10-01,19:08,0,348,0,21.9,74.2,52,18,40,19
2017-10-01,19:08,0,354,0,21.9,74.2,52,18,40,19
2017-10-01,19:09,0,351,0,21.9,74.2,52,18,40,19
2017-10-01,19:09,0,353,0,21.9,74.3,52,18,40,19
2017-10-01,19:09,0,353,0,21.9,74.4,52,18,40,19
2017-10-01,19:09,0,354,0,21.9,74.4,52,18,40,19
2017-10-01,19:09,0,353,0,21.9,74.5,52,18,40,19
2017-10-01,19:09,0,350,0,21.9,74.5,51,18,41,19
2017-10-01,19:09,0,353,0,21.9,74.6,51,18,41,19
2017-10-01,19:09,0,356,0,21.9,74.6,51,18,41,19
2017-10-01,19:10,0,355,0,21.9,74.6,51,18,41,19
2017-10-01,19:10,0,351,0,21.9,74.5,51,18,42,19
2017-10-01,19:10,0,352,0,21.9,74.5,51,18,42,19
2017-10-01,19:10,0,352,0,21.9,74.5,51,18,42,19
2017-10-01,19:10,0,356,0,21.9,74.4,52,18,42,19
2017-10-01,19:10,0,354,0,21.9,74.5,52,18,42,19
2017-10-01,19:10,0,354,0,21.9,74.4,52,19,42,19
2017-10-01,19:11,0,353,1,21.9,74.4,53,18,42,19
2017-10-01,19:11,0,353,0,21.9,74.4,53,18,42,19
2017-10-01,19:11,0,350,0,21.9,74.5,53,18,43,19
2017-10-01,19:11,0,349,0,21.9,74.7,53,18,42,19
2017-10-01,19:11,0,353,0,21.9,74.6,53,18,43,19
2017-10-01,19:11,0,353,0,21.9,74.7,53,18,43,19
2017-10-01,19:11,0,356,0,21.9,74.8,53,18,43,19
2017-10-01,19:11,0,352,0,21.9,74.9,53,18,43,19
2017-10-01,19:12,0,355,0,21.9,74.8,53,18,42,19
2017-10-01,19:12,0,352,0,22.0,74.9,53,18,42,19
2017-10-01,19:12,0,353,0,21.9,74.8,53,18,42,19
2017-10-01,19:12,0,357,0,22.0,74.8,53,18,42,19
2017-10-01,19:12,0,357,0,22.0,74.8,53,18,42,19
2017-10-01,19:12,0,355,0,22.0,74.8,53,18,42,19
2017-10-01,19:12,0,352,0,21.9,74.7,53,18,42,19
2017-10-01,19:12,0,352,0,21.9,74.6,53,18,41,19
2017-10-01,19:13,0,352,0,21.9,74.6,53,18,41,19
2017-10-01,19:13,0,353,0,21.9,74.5,53,18,41,19
2017-10-01,19:13,0,351,0,21.9,74.7,53,18,41,19
2017-10-01,19:13,0,353,0,22.0,74.7,53,18,41,19
2017-10-01,19:13,0,355,0,21.9,74.8,53,18,40,19
2017-10-01,19:13,0,353,0,21.9,74.8,53,18,41,19
2017-10-01,19:13,0,357,0,22.0,74.8,53,18,41,19
2017-10-01,19:14,0,354,0,21.9,74.7,53,18,40,19
2017-10-01,19:14,0,356,0,22.0,74.7,52,18,40,19
2017-10-01,19:14,0,352,0,21.9,74.8,52,18,41,19
2017-10-01,19:14,0,356,0,21.9,74.9,52,18,40,19
2017-10-01,19:14,0,355,0,22.0,75.0,52,18,41,19
2017-10-01,19:14,0,352,0,22.0,75.1,52,18,41,19
2017-10-01,19:14,0,352,0,21.9,75.0,52,18,41,19
2017-10-01,19:14,0,353,0,22.0,74.6,52,18,41,19
2017-10-01,19:15,0,352,0,22.0,74.7,52,18,41,19
2017-10-01,19:15,0,354,0,22.0,74.8,52,18,41,19
2017-10-01,19:15,0,349,0,22.0,74.9,52,18,41,19
2017-10-01,19:15,0,352,0,21.9,74.8,52,18,41,19
2017-10-01,19:15,0,353,0,22.0,74.8,52,18,42,19
2017-10-01,19:15,0,355,0,21.9,74.8,52,18,42,19
2017-10-01,19:15,0,352,0,21.9,74.8,52,18,42,19
2017-10-01,19:15,0,353,0,21.9,75.0,52,18,41,19
2017-10-01,19:16,0,354,0,22.0,75.0,52,18,42,19
2017-10-01,19:16,0,352,0,22.0,75.0,52,18,42,19
2017-10-01,19:16,0,355,0,22.0,74.7,52,18,42,19
2017-10-01,19:16,0,353,0,21.9,74.7,52,18,42,19
2017-10-01,19:16,0,354,0,22.0,74.9,52,18,42,19
2017-10-01,19:16,0,354,0,22.0,75.1,52,18,43,19
2017-10-01,19:16,0,353,0,22.0,74.9,52,18,43,19
2017-10-01,19:17,0,356,0,22.0,74.9,52,18,43,19
2017-10-01,19:17,0,354,0,22.0,75.0,52,18,43,19
2017-10-01,19:17,0,353,0,22.0,74.9,52,18,43,19
2017-10-01,19:17,0,353,0,22.0,74.9,52,18,43,19
2017-10-01,19:17,0,357,0,22.0,74.9,52,19,43,19
2017-10-01,19:17,0,354,0,22.0,75.0,52,18,43,19
2017-10-01,19:17,0,354,0,22.0,75.1,51,18,43,19
2017-10-01,19:17,0,356,0,22.0,75.1,51,18,44,19
2017-10-01,19:18,0,352,0,22.0,75.1,51,18,44,19
2017-10-01,19:18,0,353,0,22.0,75.0,51,18,44,19
2017-10-01,19:18,0,348,0,22.0,75.0,51,18,44,19
2017-10-01,19:18,0,352,0,22.0,75.1,51,19,45,19
2017-10-01,19:18,0,354,0,22.0,75.1,51,18,44,19
2017-10-01,19:18,0,350,0,22.0,75.1,51,18,44,19
2017-10-01,19:18,0,354,0,22.0,75.0,51,18,44,20
2017-10-01,19:18,0,352,0,22.0,75.1,51,19,45,19
2017-10-01,19:19,0,354,0,22.0,75.0,51,18,44,19
2017-10-01,19:19,0,352,0,22.0,75.1,51,19,45,19
2017-10-01,19:19,0,353,0,22.0,75.0,51,18,45,19
2017-10-01,19:19,0,356,0,22.0,75.0,51,18,44,19
2017-10-01,19:19,0,353,0,22.0,75.1,51,19,45,19
2017-10-01,19:19,0,352,0,22.0,75.0,51,18,45,19
2017-10-01,19:19,0,353,0,22.0,74.8,51,19,45,19
2017-10-01,19:20,0,349,0,22.0,74.9,50,18,45,19
2017-10-01,19:20,0,357,0,22.0,75.0,51,18,45,19
2017-10-01,19:20,0,352,0,22.0,75.0,51,19,45,19
2017-10-01,19:20,0,349,0,22.1,75.2,51,18,45,19
2017-10-01,19:20,0,353,0,22.0,74.9,51,19,45,19
2017-10-01,19:20,0,352,0,22.0,75.0,50,19,45,19
2017-10-01,19:20,0,349,0,22.0,75.1,50,19,45,19
2017-10-01,19:20,0,353,0,22.0,75.2,50,19,45,19
2017-10-01,19:21,0,353,0,22.0,75.2,50,18,45,19
2017-10-01,19:21,0,353,0,22.1,75.2,50,19,45,19
2017-10-01,19:21,0,353,0,22.0,75.1,50,19,45,19
2017-10-01,19:21,0,349,0,22.0,75.0,50,19,45,19
2017-10-01,19:21,0,354,0,22.0,75.0,50,19,45,19
2017-10-01,19:21,0,355,0,22.0,75.1,50,18,45,19
2017-10-01,19:21,0,353,0,22.1,75.2,50,19,45,19
2017-10-01,19:21,0,349,0,22.0,75.0,50,19,45,19
2017-10-01,19:22,0,352,0,22.0,75.0,50,19,45,19
2017-10-01,19:22,0,352,0,22.0,75.1,50,19,45,19
2017-10-01,19:22,0,352,0,22.1,75.0,50,19,45,19
2017-10-01,19:22,0,354,0,22.0,74.9,50,19,45,19
2017-10-01,19:22,0,354,0,22.1,75.0,50,19,45,19
2017-10-01,19:22,0,353,0,22.0,74.8,50,19,45,19
2017-10-01,19:22,0,352,0,22.0,74.8,50,19,45,19
2017-10-01,19:23,0,357,0,22.0,74.7,50,19,45,19
2017-10-01,19:23,0,350,0,22.0,74.9,50,19,45,19
2017-10-01,19:23,0,353,0,22.1,75.0,50,18,45,19
2017-10-01,19:23,0,353,0,22.0,75.0,50,19,45,19
2017-10-01,19:23,0,353,0,22.0,75.0,50,19,45,19
2017-10-01,19:23,0,354,0,22.0,75.1,50,19,45,19
2017-10-01,19:23,0,348,0,22.1,75.1,50,19,45,19
2017-10-01,19:23,0,350,0,22.0,75.1,50,19,45,19
2017-10-01,19:24,0,353,0,22.0,75.1,50,19,45,19
2017-10-01,19:24,0,353,0,22.1,75.2,50,19,45,19
2017-10-01,19:24,0,351,0,22.1,75.2,50,19,45,19
2017-10-01,19:24,0,354,0,22.1,75.2,50,19,45,19
2017-10-01,19:24,0,354,0,22.1,75.2,50,19,45,19
2017-10-01,19:24,0,353,0,22.1,75.1,50,19,45,19
2017-10-01,19:24,0,350,0,22.1,75.0,50,19,45,19
2017-10-01,19:24,0,351,0,22.1,74.9,50,19,45,19
2017-10-01,19:25,0,353,0,22.1,75.0,50,19,45,19
2017-10-01,19:25,0,354,0,22.1,75.0,50,19,45,19
2017-10-01,19:25,0,354,0,22.0,74.8,49,19,45,19
2017-10-01,19:25,0,349,0,22.1,75.0,50,19,45,19
2017-10-01,19:25,0,353,0,22.1,75.0,49,19,45,19
2017-10-01,19:25,0,353,0,22.0,75.0,50,19,45,19
2017-10-01,19:25,0,355,0,22.1,75.0,50,19,45,19
2017-10-01,19:26,0,353,0,22.0,74.8,50,19,45,19
2017-10-01,19:26,0,355,0,22.0,74.5,49,19,45,19
2017-10-01,19:26,0,352,1,22.0,74.8,50,19,45,19
2017-10-01,19:26,0,350,0,22.0,74.9,49,19,45,19
2017-10-01,19:26,0,353,0,22.1,75.1,50,19,45,19
2017-10-01,19:26,0,352,0,22.1,75.2,51,19,45,19
2017-10-01,19:26,0,353,0,22.1,74.9,51,19,45,19
2017-10-01,19:26,0,352,0,22.1,74.9,52,19,45,19
2017-10-01,19:27,0,351,0,22.0,74.8,52,19,45,19
2017-10-01,19:27,0,352,0,22.0,74.8,52,19,45,19
2017-10-01,19:27,0,353,0,22.0,74.9,52,19,45,19
2017-10-01,19:27,0,353,0,22.0,74.9,52,19,45,19
2017-10-01,19:27,0,354,0,22.1,75.0,52,19,44,19
2017-10-01,19:27,0,352,0,22.0,74.8,52,19,44,19
2017-10-01,19:27,0,352,0,22.0,74.7,52,19,44,19
2017-10-01,19:27,0,353,0,22.0,74.7,52,19,45,19
2017-10-01,19:28,0,354,0,22.0,75.0,52,19,44,19
2017-10-01,19:28,0,352,0,22.1,75.1,52,19,45,19
2017-10-01,19:28,0,347,0,22.0,74.9,52,19,44,19
2017-10-01,19:28,0,353,0,22.0,75.0,52,19,44,19
2017-10-01,19:28,0,354,0,22.1,75.0,52,19,44,19
2017-10-01,19:28,0,352,0,22.0,75.0,52,19,45,19
2017-10-01,19:28,0,353,0,22.0,75.0,52,19,44,19
2017-10-01,19:28,0,352,0,22.0,75.1,52,19,44,19
2017-10-01,19:29,0,353,0,22.0,75.1,53,19,44,19
2017-10-01,19:29,0,356,0,22.0,75.1,53,19,44,19
2017-10-01,19:29,0,353,0,22.0,75.0,53,19,44,19
2017-10-01,19:29,0,353,0,22.0,75.0,53,19,44,19
2017-10-01,19:29,0,352,0,22.0,75.1,53,19,44,19
2017-10-01,19:29,0,353,0,22.0,75.1,53,19,44,19
2017-10-01,19:29,0,353,0,22.1,75.1,53,19,44,19
2017-10-01,19:30,0,355,0,22.1,75.2,53,19,44,19
2017-10-01,19:30,0,348,0,22.1,75.2,53,19,44,19
2017-10-01,19:30,0,353,0,22.1,75.2,53,19,44,19
2017-10-01,19:30,0,352,0,22.1,75.2,53,19,44,19
2017-10-01,19:30,0,353,0,22.1,75.2,53,19,44,19
2017-10-01,19:30,0,353,0,22.1,75.1,53,19,44,19
2017-10-01,19:30,0,353,0,22.1,75.1,53,19,44,19
2017-10-01,19:30,0,347,0,22.1,75.2,53,19,44,19
2017-10-01,19:31,0,350,0,22.1,75.1,52,19,44,19
2017-10-01,19:31,0,351,0,22.1,75.1,52,19,44,19
2017-10-01,19:31,0,349,0,22.1,75.0,52,19,44,19
2017-10-01,19:31,0,352,0,22.1,75.0,52,19,43,19
2017-10-01,19:31,0,352,0,22.1,75.0,52,19,44,19
2017-10-01,19:31,0,349,0,22.1,75.0,52,19,44,19
2017-10-01,19:31,0,352,0,22.1,75.1,52,19,43,19
2017-10-01,19:31,0,352,0,22.1,75.0,52,19,44,19
2017-10-01,19:32,0,353,0,22.1,75.1,52,19,43,19
2017-10-01,19:32,0,352,0,22.1,75.0,52,19,43,19
2017-10-01,19:32,0,356,0,22.1,75.0,52,19,44,19
2017-10-01,19:32,0,352,0,22.1,74.8,52,19,44,19
2017-10-01,19:32,0,355,0,22.1,74.9,52,19,44,19
2017-10-01,19:32,0,351,0,22.2,74.9,52,19,43,19
2017-10-01,19:32,0,352,0,22.1,74.8,51,19,43,19
2017-10-01,19:33,0,352,0,22.2,74.7,51,19,43,19
2017-10-01,19:33,0,352,0,22.1,74.7,51,19,43,19
2017-10-01,19:33,0,356,0,22.1,74.8,51,20,43,19
2017-10-01,19:33,0,354,0,22.1,74.7,51,20,43,19
2017-10-01,19:33,0,354,0,22.1,74.8,51,20,43,19
2017-10-01,19:33,0,352,0,22.1,74.8,51,20,43,19
2017-10-01,19:33,0,354,0,22.1,74.7,51,19,43,19
2017-10-01,19:33,0,353,0,22.1,74.8,51,20,43,19
2017-10-01,19:34,0,352,0,22.1,74.9,51,19,43,19
2017-10-01,19:34,0,353,0,22.1,75.0,51,19,43,19
2017-10-01,19:34,0,347,0,22.1,74.9,51,19,43,19
2017-10-01,19:34,0,352,0,22.1,75.0,51,19,43,19
2017-10-01,19:34,0,352,0,22.1,75.0,51,20,43,19
2017-10-01,19:34,0,353,0,22.1,74.9,51,20,43,19
2017-10-01,19:34,0,349,0,22.1,74.9,51,20,43,19
2017-10-01,19:34,0,353,0,22.1,74.7,51,19,43,19
2017-10-01,19:35,0,348,0,22.2,74.7,51,19,43,19
2017-10-01,19:35,0,349,0,22.2,74.7,50,19,43,19
2017-10-01,19:35,0,353,0,22.1,74.7,50,19,43,19
2017-10-01,19:35,0,353,0,22.1,74.7,51,19,43,19
2017-10-01,19:35,0,351,0,22.1,74.6,50,20,43,19
2017-10-01,19:35,0,353,0,22.1,74.6,50,20,43,19
2017-10-01,19:35,0,352,0,22.1,74.6,51,19,43,19
2017-10-01,19:36,0,352,0,22.1,74.7,50,19,43,19
2017-10-01,19:36,0,347,0,22.1,74.7,50,19,43,19
2017-10-01,19:36,0,352,0,22.1,74.5,50,19,43,19
2017-10-01,19:36,0,350,0,22.1,74.6,50,20,43,19
2017-10-01,19:36,0,353,0,22.1,74.6,50,19,43,19
2017-10-01,19:36,0,352,0,22.1,74.7,50,20,43,19
2017-10-01,19:36,0,350,0,22.1,74.7,50,19,43,19
2017-10-01,19:36,0,353,0,22.1,74.9,50,19,43,19
2017-10-01,19:37,0,352,0,22.1,75.0,50,20,43,19
2017-10-01,19:37,0,356,0,22.1,75.1,50,20,43,19
2017-10-01,19:37,0,354,0,22.1,75.1,50,20,43,19
2017-10-01,19:37,0,357,0,22.1,75.0,50,19,43,19
2017-10-01,19:37,0,352,0,22.1,75.0,50,20,43,19
2017-10-01,19:37,0,354,0,22.1,74.9,50,20,43,19
2017-10-01,19:37,0,352,0,22.1,75.0,50,20,43,19
2017-10-01,19:37,0,352,0,22.1,74.9,50,20,43,19
2017-10-01,19:38,0,356,0,22.1,75.0,50,20,42,19
2017-10-01,19:38,0,353,0,22.1,74.9,50,20,43,19
2017-10-01,19:38,0,352,0,22.1,74.9,50,20,43,19
2017-10-01,19:38,0,349,0,22.1,75.0,49,20,43,19
2017-10-01,19:38,0,355,0,22.1,75.0,50,20,43,19
2017-10-01,19:38,0,352,0,22.1,75.1,50,20,42,19
2017-10-01,19:38,0,350,0,22.1,75.0,50,20,43,19
2017-10-01,19:39,0,353,0,22.1,75.0,49,19,42,19
2017-10-01,19:39,0,355,0,22.1,74.6,50,20,42,19
2017-10-01,19:39,0,352,0,22.1,74.7,50,20,42,19
2017-10-01,19:39,0,352,0,22.1,74.8,49,20,43,19
2017-10-01,19:39,0,350,0,22.1,74.8,49,20,42,19
2017-10-01,19:39,0,346,0,22.1,74.9,49,20,43,19
2017-10-01,19:39,0,353,0,22.1,75.0,49,20,43,19
2017-10-01,19:39,0,351,0,22.1,75.0,49,20,42,19
2017-10-01,19:40,0,351,0,22.1,75.0,49,20,42,19
2017-10-01,19:40,0,352,0,22.1,75.0,49,20,42,19
2017-10-01,19:40,0,352,0,22.1,75.0,49,20,42,19
2017-10-01,19:40,0,353,0,22.1,75.0,49,20,42,19
2017-10-01,19:40,0,352,0,22.2,75.0,49,20,42,19
2017-10-01,19:40,0,352,0,22.2,75.0,49,20,43,19
2017-10-01,19:40,0,352,0,22.1,75.0,49,20,42,19
2017-10-01,19:40,0,348,0,22.2,74.9,49,20,42,19
2017-10-01,19:41,0,352,0,22.1,74.9,49,20,42,19
2017-10-01,19:41,0,355,0,22.2,74.8,49,19,42,19
2017-10-01,19:41,0,355,0,22.2,74.9,49,20,42,19
2017-10-01,19:41,0,352,0,22.1,74.8,49,20,42,19
2017-10-01,19:41,0,351,0,22.2,74.9,49,20,42,19
2017-10-01,19:41,0,352,0,22.2,74.8,49,20,42,19
2017-10-01,19:41,0,355,0,22.2,74.8,49,20,42,19
2017-10-01,19:42,0,352,0,22.2,74.6,49,20,42,19
2017-10-01,19:42,0,352,0,22.2,74.6,49,20,42,19
2017-10-01,19:42,0,353,0,22.2,74.4,49,19,42,19
2017-10-01,19:42,0,351,0,22.2,74.4,49,20,42,19
2017-10-01,19:42,0,352,0,22.1,74.5,49,20,42,19
2017-10-01,19:42,0,353,0,22.2,74.5,49,20,42,19
2017-10-01,19:42,0,353,0,22.1,74.6,49,20,42,19
2017-10-01,19:42,0,356,0,22.1,74.6,49,20,42,19
2017-10-01,19:43,0,352,0,22.1,74.5,49,20,42,19
2017-10-01,19:43,0,351,0,22.1,74.5,49,20,42,19
2017-10-01,19:43,0,351,0,22.1,74.6,49,20,42,19
2017-10-01,19:43,0,351,0,22.1,74.7,49,20,42,19
2017-10-01,19:43,0,354,0,22.1,74.8,49,20,42,19
2017-10-01,19:43,0,351,0,22.2,74.8,49,20,42,19
2017-10-01,19:43,0,350,0,22.1,74.8,49,20,42,19
2017-10-01,19:43,0,352,0,22.2,74.7,49,20,42,19
2017-10-01,19:44,0,353,0,22.1,74.5,50,20,42,19
2017-10-01,19:44,0,353,0,22.1,74.7,51,20,42,19
2017-10-01,19:44,0,351,0,22.2,74.8,52,20,42,19
2017-10-01,19:44,0,350,0,22.1,74.8,52,20,42,19
2017-10-01,19:44,0,352,0,22.2,74.8,52,20,42,19
2017-10-01,19:44,0,353,0,22.1,74.6,52,20,42,19
2017-10-01,19:44,0,354,0,22.1,74.6,53,20,42,19
2017-10-01,19:45,0,353,0,22.1,74.8,53,20,42,19
2017-10-01,19:45,0,352,0,22.2,74.9,53,20,42,19
2017-10-01,19:45,0,348,0,22.2,75.0,53,20,42,19
2017-10-01,19:45,0,349,0,22.2,74.9,53,20,42,19
2017-10-01,19:45,0,352,0,22.2,74.8,53,20,42,19
2017-10-01,19:45,0,351,0,22.2,74.7,53,20,42,19
2017-10-01,19:45,0,351,0,22.2,74.8,53,20,42,19
2017-10-01,19:45,0,351,0,22.2,74.7,53,20,41,19
2017-10-01,19:46,0,351,0,22.2,74.8,53,20,41,19
2017-10-01,19:46,0,348,0,22.2,74.9,53,20,41,19
2017-10-01,19:46,0,349,0,22.2,74.8,53,20,42,19
2017-10-01,19:46,0,351,0,22.2,74.7,54,20,42,19
2017-10-01,19:46,0,350,0,22.2,74.5,54,20,41,19
2017-10-01,19:46,0,351,0,22.2,74.3,54,20,42,19
2017-10-01,19:46,0,354,0,22.2,74.3,54,20,41,19
2017-10-01,19:46,0,352,0,22.2,74.5,54,20,42,19
2017-10-01,19:47,0,351,0,22.2,74.3,54,20,41,19
2017-10-01,19:47,0,352,0,22.2,74.4,54,20,41,19
2017-10-01,19:47,0,349,0,22.2,74.4,53,20,42,19
2017-10-01,19:47,0,351,0,22.2,74.4,54,20,41,19
2017-10-01,19:47,0,349,0,22.2,74.4,54,20,42,19
2017-10-01,19:47,0,356,0,22.2,74.3,54,20,41,19
2017-10-01,19:47,0,349,0,22.2,74.4,54,20,42,19
2017-10-01,19:48,0,350,0,22.2,74.5,54,20,41,19
2017-10-01,19:48,0,352,0,22.2,74.5,54,20,42,19
2017-10-01,19:48,0,357,1,22.2,74.6,53,20,42,19
2017-10-01,19:48,0,352,0,22.2,74.7,53,20,42,19
2017-10-01,19:48,0,353,0,22.1,74.8,53,20,42,19
2017-10-01,19:48,0,347,0,22.2,74.7,54,20,41,19
2017-10-01,19:48,0,350,0,22.2,74.6,53,20,42,19
2017-10-01,19:48,0,352,0,22.2,74.7,53,20,42,19
2017-10-01,19:49,0,351,0,22.1,74.7,53,20,42,19
2017-10-01,19:49,0,352,0,22.1,74.8,53,20,42,19
2017-10-01,19:49,0,354,0,22.2,74.8,53,20,43,19
2017-10-01,19:49,0,353,0,22.2,74.9,53,20,43,19
2017-10-01,19:49,0,351,0,22.2,74.8,53,20,43,19
2017-10-01,19:49,0,352,0,22.2,74.8,53,20,43,19
2017-10-01,19:49,0,350,0,22.2,74.7,53,21,43,19
2017-10-01,19:49,0,352,0,22.2,74.7,52,20,43,19
2017-10-01,19:50,0,353,0,22.1,74.5,53,20,43,19
2017-10-01,19:50,0,350,0,22.1,74.4,52,20,44,19
2017-10-01,19:50,0,346,0,22.1,74.6,52,20,44,19
2017-10-01,19:50,0,354,0,22.1,74.7,53,20,44,19
2017-10-01,19:50,0,351,0,22.1,74.8,52,20,44,19
2017-10-01,19:50,0,353,0,22.1,74.9,53,20,44,19
2017-10-01,19:50,0,354,0,22.1,74.9,52,20,44,19
2017-10-01,19:51,0,352,0,22.2,74.8,52,20,44,19
2017-10-01,19:51,0,351,0,22.1,74.6,52,20,44,19
2017-10-01,19:51,0,354,0,22.1,74.7,52,20,44,19
2017-10-01,19:51,0,353,0,22.1,74.8,52,20,45,19
2017-10-01,19:51,0,354,0,22.2,75.0,52,20,45,19
2017-10-01,19:51,0,352,0,22.2,74.9,52,20,45,19
2017-10-01,19:51,0,352,0,22.2,74.9,52,20,45,19
2017-10-01,19:51,0,352,0,22.2,74.9,52,20,45,19
2017-10-01,19:52,0,351,0,22.2,74.8,52,20,45,19
2017-10-01,19:52,0,352,0,22.2,74.8,52,20,45,19
2017-10-01,19:52,0,352,0,22.2,74.9,52,21,45,19
2017-10-01,19:52,0,351,0,22.2,74.9,51,20,45,19
2017-10-01,19:52,0,349,0,22.2,74.9,52,20,45,19
2017-10-01,19:52,0,352,0,22.2,74.9,52,20,45,19
2017-10-01,19:52,0,352,0,22.2,74.8,52,20,45,19
2017-10-01,19:52,0,352,0,22.2,74.7,51,20,45,19
2017-10-01,19:53,0,355,0,22.2,74.7,52,20,45,19
2017-10-01,19:53,0,352,0,22.2,74.8,51,20,45,19
2017-10-01,19:53,0,351,0,22.2,74.8,51,20,45,19
2017-10-01,19:53,0,352,0,22.2,74.7,51,20,45,19
2017-10-01,19:53,0,351,0,22.2,74.4,51,20,45,19
2017-10-01,19:53,0,352,0,22.2,74.3,51,20,45,19
2017-10-01,19:53,0,353,0,22.2,74.3,51,20,45,19
2017-10-01,19:54,0,351,0,22.2,74.3,51,20,45,19
2017-10-01,19:54,0,351,0,22.2,74.4,51,20,45,19
2017-10-01,19:54,0,351,0,22.2,74.4,51,20,46,19
2017-10-01,19:54,0,353,0,22.2,74.3,51,20,46,19
2017-10-01,19:54,0,353,0,22.2,74.4,51,20,46,19
2017-10-01,19:54,0,351,0,22.2,74.5,51,20,46,19
2017-10-01,19:54,0,351,0,22.2,74.7,51,20,46,19
2017-10-01,19:54,0,351,0,22.2,74.8,51,20,45,19
2017-10-01,19:55,0,351,0,22.2,74.8,51,21,45,19
2017-10-01,19:55,0,354,0,22.2,74.8,51,20,46,19
2017-10-01,19:55,0,351,0,22.2,74.9,51,20,45,19
2017-10-01,19:55,0,351,0,22.2,74.8,51,20,45,19
2017-10-01,19:55,0,351,0,22.2,74.6,51,20,45,19
2017-10-01,19:55,0,350,0,22.2,74.7,51,20,46,19
2017-10-01,19:55,0,351,0,22.2,74.7,51,20,45,19
2017-10-01,19:55,0,351,0,22.2,74.8,50,20,46,19
2017-10-01,19:56,0,347,0,22.2,74.9,50,20,45,19
2017-10-01,19:56,0,351,0,22.2,74.9,51,20,45,19
2017-10-01,19:56,0,351,0,22.2,74.9,51,20,45,19
2017-10-01,19:56,0,351,0,22.2,74.9,51,20,45,19
2017-10-01,19:56,0,351,1,22.2,75.0,51,20,45,19
2017-10-01,19:56,0,351,0,22.2,74.9,51,20,45,19
2017-10-01,19:56,0,350,0,22.2,74.9,50,20,46,19
2017-10-01,19:56,0,352,0,22.2,74.9,50,20,46,19
2017-10-01,19:57,0,353,0,22.2,74.9,50,20,45,19
2017-10-01,19:57,0,348,0,22.2,74.9,50,20,46,19
2017-10-01,19:57,0,355,0,22.2,75.0,50,21,45,19
2017-10-01,19:57,0,350,0,22.2,74.9,50,20,46,19
2017-10-01,19:57,0,353,0,22.3,75.0,50,20,45,19
2017-10-01,19:57,0,351,0,22.3,75.0,50,21,45,19
2017-10-01,19:57,0,349,0,22.3,75.0,50,20,45,19
2017-10-01,19:58,0,350,0,22.3,74.9,50,20,45,19
2017-10-01,19:58,0,350,0,22.3,74.9,50,20,45,19
2017-10-01,19:58,0,357,0,22.3,75.0,50,21,45,19
2017-10-01,19:58,0,352,0,22.3,74.8,50,20,45,19
2017-10-01,19:58,0,350,0,22.3,74.9,50,20,45,19
2017-10-01,19:58,0,352,0,22.3,74.9,50,20,45,19
2017-10-01,19:58,0,347,0,22.3,74.8,51,20,45,19
2017-10-01,19:58,1,356,0,22.3,74.7,51,20,45,19
2017-10-01,19:59,0,352,0,22.3,74.7,52,20,45,19
2017-10-01,19:59,0,352,0,22.3,74.8,52,20,45,19
2017-10-01,19:59,0,348,0,22.3,74.8,52,20,45,19
2017-10-01,19:59,0,347,0,22.3,74.8,52,20,45,19
2017-10-01,19:59,0,351,0,22.3,75.0,52,20,45,19
2017-10-01,19:59,0,347,0,22.3,75.1,52,20,45,19
2017-10-01,19:59,0,350,0,22.3,75.3,52,21,45,19
2017-10-01,19:59,0,353,0,22.3,75.2,52,21,45,19
2017-10-01,20:00,0,352,0,22.3,75.2,52,20,45,19
2017-10-01,20:00,0,348,0,22.3,75.2,52,21,45,19
2017-10-01,20:00,0,354,0,22.3,75.3,52,21,45,19
2017-10-01,20:00,0,353,0,22.3,75.3,52,21,45,19
2017-10-01,20:00,0,351,0,22.3,75.4,52,21,45,19
2017-10-01,20:00,0,352,0,22.4,75.3,52,21,45,19
2017-10-01,20:00,0,352,0,22.3,75.3,52,20,45,19
2017-10-01,20:01,0,352,0,22.4,75.3,52,21,45,19
2017-10-01,20:01,0,352,0,22.4,75.4,52,21,45,19
2017-10-01,20:01,0,351,0,22.4,75.4,51,21,45,19
2017-10-01,20:01,0,349,0,22.4,75.5,51,20,45,19
2017-10-01,20:01,0,352,0,22.4,75.5,51,20,45,19
2017-10-01,20:01,0,352,0,22.4,75.5,51,21,45,19
2017-10-01,20:01,0,353,0,22.4,75.5,51,21,45,19
2017-10-01,20:01,0,353,0,22.4,75.3,51,20,45,19
2017-10-01,20:02,0,352,0,22.4,75.3,51,21,45,19
2017-10-01,20:02,0,347,0,22.4,75.3,51,21,45,19
2017-10-01,20:02,0,354,0,22.4,75.3,51,21,45,19
2017-10-01,20:02,0,351,0,22.4,75.2,51,20,45,19
2017-10-01,20:02,0,352,0,22.4,75.1,51,21,44,19
2017-10-01,20:02,0,352,0,22.4,75.1,51,21,45,19
2017-10-01,20:02,0,354,0,22.4,75.1,51,21,45,19
2017-10-01,20:02,0,351,0,22.4,75.3,51,21,45,19
2017-10-01,20:03,0,350,0,22.5,75.5,51,20,44,19
2017-10-01,20:03,0,351,0,22.4,75.5,50,20,44,19
2017-10-01,20:03,0,351,0,22.4,75.6,51,21,45,19
2017-10-01,20:03,0,345,0,22.5,75.5,50,21,44,19
2017-10-01,20:03,0,348,0,22.4,75.3,50,21,45,19
2017-10-01,20:03,0,350,0,22.5,75.3,50,21,45,19
2017-10-01,20:03,0,352,0,22.4,75.2,51,21,44,19
2017-10-01,20:04,0,351,0,22.5,75.5,50,20,45,19
2017-10-01,20:04,0,351,0,22.5,75.6,50,21,45,19
2017-10-01,20:04,0,350,0,22.5,75.5,50,21,45,19
2017-10-01,20:04,0,353,0,22.5,75.5,50,21,45,19
2017-10-01,20:04,0,350,0,22.5,75.6,50,21,45,19
2017-10-01,20:04,0,349,0,22.5,75.7,50,21,45,19
2017-10-01,20:04,0,352,0,22.5,75.7,50,21,45,19
2017-10-01,20:04,0,352,0,22.5,75.6,50,21,45,19
2017-10-01,20:05,0,352,0,22.5,75.6,50,20,45,19
2017-10-01,20:05,0,350,0,22.5,75.5,50,21,45,19
2017-10-01,20:05,0,352,0,22.5,75.5,50,21,44,19
2017-10-01,20:05,0,352,0,22.5,75.5,50,20,45,19
2017-10-01,20:05,0,352,0,22.5,75.5,50,21,45,19
2017-10-01,20:05,0,351,0,22.5,75.6,50,21,45,19
2017-10-01,20:05,0,351,0,22.5,75.6,50,21,44,19
2017-10-01,20:05,0,352,0,22.5,75.6,50,20,44,20
2017-10-01,20:06,0,352,0,22.5,75.8,49,21,45,19
2017-10-01,20:06,0,351,0,22.5,75.7,50,21,45,19
2017-10-01,20:06,0,351,0,22.5,75.8,50,21,44,19
2017-10-01,20:06,0,351,0,22.5,75.5,50,20,44,19
2017-10-01,20:06,0,349,0,22.5,75.4,50,20,45,20
2017-10-01,20:06,0,352,0,22.5,75.5,50,21,45,19
2017-10-01,20:06,0,352,0,22.5,75.5,50,21,44,19
2017-10-01,20:07,0,352,0,22.5,75.6,50,21,44,19
2017-10-01,20:07,0,351,0,22.5,75.7,50,20,45,19
2017-10-01,20:07,0,349,0,22.5,75.7,50,21,44,19
2017-10-01,20:07,0,352,0,22.5,75.7,50,21,44,19
2017-10-01,20:07,0,352,0,22.5,76.0,49,21,44,19
2017-10-01,20:07,0,354,0,22.5,75.8,50,21,44,19
2017-10-01,20:07,0,352,0,22.5,75.9,49,21,44,19
2017-10-01,20:07,0,352,0,22.5,75.9,49,21,44,19
2017-10-01,20:08,0,352,0,22.5,75.9,49,21,44,19
2017-10-01,20:08,0,346,0,22.5,76.0,50,21,44,19
2017-10-01,20:08,0,355,0,22.5,76.1,50,20,44,19
2017-10-01,20:08,0,352,0,22.5,76.1,49,21,44,19
2017-10-01,20:08,0,346,0,22.5,76.2,50,21,44,19
2017-10-01,20:08,0,351,0,22.5,76.1,49,21,44,19
2017-10-01,20:08,0,351,0,22.5,76.0,49,20,44,19
2017-10-01,20:08,0,351,0,22.5,75.6,49,20,44,19
2017-10-01,20:09,0,351,0,22.5,75.9,49,20,44,19
2017-10-01,20:09,0,351,0,22.5,76.0,49,21,44,19
2017-10-01,20:09,0,351,0,22.5,76.2,49,21,44,19
2017-10-01,20:09,0,352,0,22.5,76.2,49,21,44,19
2017-10-01,20:09,0,350,0,22.5,76.0,49,21,44,19
2017-10-01,20:09,0,351,0,22.5,75.6,49,21,44,19
2017-10-01,20:09,0,352,0,22.5,75.8,49,21,44,19
2017-10-01,20:10,0,352,0,22.5,76.0,49,21,44,19
2017-10-01,20:10,0,347,0,22.5,76.0,49,21,44,19
2017-10-01,20:10,0,353,0,22.5,76.2,49,20,44,19
2017-10-01,20:10,0,349,0,22.5,76.3,49,21,44,19
2017-10-01,20:10,0,352,0,22.5,76.3,49,21,44,19
2017-10-01,20:10,0,354,0,22.5,76.4,49,21,44,19
2017-10-01,20:10,0,350,0,22.5,76.4,49,21,44,19
2017-10-01,20:10,0,355,0,22.5,76.4,49,21,44,19
2017-10-01,20:11,0,351,0,22.5,76.4,49,20,44,19
2017-10-01,20:11,0,351,0,22.5,76.3,49,21,44,19
2017-10-01,20:11,0,351,0,22.5,76.3,49,20,44,19
2017-10-01,20:11,0,352,0,22.5,76.4,49,21,44,19
2017-10-01,20:11,0,353,0,22.5,76.6,49,21,44,19
2017-10-01,20:11,0,350,0,22.5,76.6,49,21,44,19
2017-10-01,20:11,0,351,0,22.5,77.0,49,20,44,19
2017-10-01,20:11,0,348,0,22.5,76.8,49,21,44,19
2017-10-01,20:12,0,352,0,22.5,76.8,49,21,44,19
2017-10-01,20:12,0,352,0,22.6,76.7,49,21,44,19
2017-10-01,20:12,0,352,0,22.5,76.8,49,21,44,19
2017-10-01,20:12,0,353,0,22.5,76.7,49,20,44,19
2017-10-01,20:12,0,351,1,22.6,76.9,49,21,44,19
2017-10-01,20:12,0,349,0,22.6,76.9,49,21,43,19
2017-10-01,20:12,0,353,0,22.6,76.8,49,21,44,19
2017-10-01,20:13,0,352,0,22.6,76.9,49,21,44,19
2017-10-01,20:13,0,354,0,22.6,76.9,49,20,44,19
2017-10-01,20:13,0,348,0,22.6,76.8,49,21,44,19
2017-10-01,20:13,0,355,0,22.6,76.9,49,21,44,19
2017-10-01,20:13,0,349,0,22.6,76.9,49,21,43,19
2017-10-01,20:13,0,351,0,22.5,76.9,49,21,44,19
2017-10-01,20:13,0,350,0,22.6,77.0,49,21,43,19
2017-10-01,20:13,0,354,0,22.6,76.7,49,21,44,19
2017-10-01,20:14,0,352,0,22.6,76.5,48,21,44,19
2017-10-01,20:14,0,355,0,22.6,76.5,49,21,43,19
2017-10-01,20:14,0,351,0,22.6,76.7,49,21,43,19
2017-10-01,20:14,0,353,0,22.6,76.7,49,21,43,19
2017-10-01,20:14,0,352,0,22.6,76.9,48,21,44,19
2017-10-01,20:14,0,354,0,22.5,76.8,49,21,43,19
2017-10-01,20:14,0,352,0,22.5,76.7,49,21,43,19
2017-10-01,20:14,0,350,0,22.5,76.8,49,21,43,19
2017-10-01,20:15,0,349,0,22.5,76.6,48,21,43,19
2017-10-01,20:15,0,351,0,22.5,76.6,49,21,44,19
2017-10-01,20:15,0,349,0,22.5,76.6,48,21,44,19
2017-10-01,20:15,0,346,0,22.5,76.4,48,21,43,19
2017-10-01,20:15,0,352,0,22.5,76.4,49,21,43,19
2017-10-01,20:15,0,352,0,22.5,76.6,49,21,43,19
2017-10-01,20:15,0,350,0,22.5,76.9,49,21,43,19
2017-10-01,20:16,0,352,0,22.5,77.1,48,21,43,19
2017-10-01,20:16,0,352,0,22.5,77.2,49,21,43,19
2017-10-01,20:16,0,355,0,22.5,77.2,49,21,43,19
2017-10-01,20:16,0,351,0,22.5,77.1,49,21,44,19
2017-10-01,20:16,0,352,0,22.5,77.2,48,21,43,19
2017-10-01,20:16,0,350,0,22.5,77.2,48,21,43,19
2017-10-01,20:16,0,352,0,22.5,77.2,49,21,43,19
2017-10-01,20:16,0,355,0,22.5,77.2,48,21,43,19
2017-10-01,20:17,0,350,0,22.5,77.2,49,21,43,19
2017-10-01,20:17,0,349,0,22.5,77.2,48,21,43,19
2017-10-01,20:17,0,350,0,22.5,77.1,49,21,43,19
2017-10-01,20:17,0,351,0,22.5,77.3,49,21,43,19
2017-10-01,20:17,0,346,0,22.5,77.2,48,21,43,19
2017-10-01,20:17,0,351,0,22.6,77.3,49,21,43,19
2017-10-01,20:17,0,347,0,22.5,77.3,48,21,43,19
2017-10-01,20:17,0,352,0,22.5,77.4,48,21,43,19
2017-10-01,20:18,0,353,0,22.6,77.3,48,21,43,19
2017-10-01,20:18,0,351,0,22.6,77.2,48,21,43,19
2017-10-01,20:18,1,352,0,22.5,77.2,48,21,43,19
2017-10-01,20:18,0,351,0,22.6,77.0,48,21,43,19
2017-10-01,20:18,0,352,0,22.5,77.0,48,21,43,19
2017-10-01,20:18,0,352,0,22.5,77.0,48,21,43,19
2017-10-01,20:18,0,351,0,22.5,77.1,48,21,43,19
2017-10-01,20:19,0,355,0,22.5,77.3,48,21,43,19
2017-10-01,20:19,0,355,0,22.5,77.2,48,21,43,19
2017-10-01,20:19,0,351,0,22.5,77.1,48,21,43,19
2017-10-01,20:19,0,352,0,22.6,77.1,48,21,43,19
2017-10-01,20:19,0,353,0,22.5,77.3,48,21,43,19
2017-10-01,20:19,0,351,0,22.6,77.3,48,21,43,19
2017-10-01,20:19,0,352,0,22.6,77.3,48,21,43,19
2017-10-01,20:19,0,351,0,22.6,77.1,48,21,43,19
2017-10-01,20:20,0,352,0,22.5,77.1,48,21,43,19
2017-10-01,20:20,0,351,0,22.5,77.0,49,21,43,19
2017-10-01,20:20,0,353,0,22.5,77.0,49,21,43,19
2017-10-01,20:20,0,350,0,22.5,77.0,50,21,43,19
2017-10-01,20:20,0,352,0,22.5,76.9,50,21,43,19
2017-10-01,20:20,0,348,0,22.5,76.8,50,21,43,19
2017-10-01,20:20,0,352,0,22.5,77.0,51,21,43,19
2017-10-01,20:20,0,352,0,22.5,77.0,51,21,43,19
2017-10-01,20:21,0,351,0,22.5,77.0,51,21,43,19
2017-10-01,20:21,0,352,0,22.5,77.0,51,21,43,19
2017-10-01,20:21,0,353,0,22.5,77.1,51,21,43,19
2017-10-01,20:21,0,352,0,22.5,77.2,51,21,43,19
2017-10-01,20:21,0,348,0,22.5,77.3,51,21,43,19
2017-10-01,20:21,0,352,0,22.5,77.3,51,21,43,19
2017-10-01,20:21,0,355,0,22.5,77.2,51,21,43,19
2017-10-01,20:22,0,354,0,22.5,77.1,50,21,43,19
2017-10-01,20:22,0,349,0,22.5,76.7,51,21,43,19
2017-10-01,20:22,0,352,0,22.5,76.8,50,21,43,19
2017-10-01,20:22,0,351,0,22.5,77.1,50,21,43,19
2017-10-01,20:22,0,351,0,22.5,77.3,52,21,43,19
2017-10-01,20:22,0,353,0,22.5,77.2,52,21,43,19
2017-10-01,20:22,0,350,0,22.5,77.3,53,21,43,19
2017-10-01,20:22,0,353,0,22.5,77.2,53,21,43,19
2017-10-01,20:23,0,352,0,22.5,77.0,53,21,43,19
2017-10-01,20:23,0,352,0,22.5,77.0,53,21,43,19
2017-10-01,20:23,0,352,0,22.5,76.9,54,21,43,19
2017-10-01,20:23,0,350,0,22.5,77.0,53,21,43,19
2017-10-01,20:23,0,352,0,22.5,77.0,54,21,42,19
2017-10-01,20:23,0,351,0,22.5,77.0,54,21,43,19
2017-10-01,20:23,0,351,0,22.5,77.1,54,21,43,19
2017-10-01,20:23,0,351,0,22.5,77.2,54,22,43,19
2017-10-01,20:24,0,346,0,22.5,77.3,53,21,43,19
2017-10-01,20:24,0,352,0,22.5,77.4,54,21,43,19
2017-10-01,20:24,0,353,0,22.5,77.4,53,21,43,19
2017-10-01,20:24,0,349,0,22.5,77.2,53,21,43,19
2017-10-01,20:24,0,347,0,22.5,77.1,53,21,43,19
2017-10-01,20:24,0,351,0,22.5,77.1,53,21,43,19
2017-10-01,20:24,0,350,0,22.5,77.2,53,21,43,19
2017-10-01,20:25,0,348,0,22.5,77.2,53,21,42,19
2017-10-01,20:25,0,351,0,22.5,77.0,53,21,42,19
2017-10-01,20:25,0,351,0,22.5,77.1,53,21,42,19
2017-10-01,20:25,0,357,0,22.5,77.0,53,21,42,19
2017-10-01,20:25,0,351,0,22.5,77.0,53,21,42,19
2017-10-01,20:25,0,355,0,22.5,77.1,53,21,42,19
2017-10-01,20:25,1,352,0,22.5,77.1,53,21,42,19
2017-10-01,20:25,0,357,0,22.5,77.0,53,21,42,19
2017-10-01,20:26,0,351,0,22.5,77.0,53,21,42,19
2017-10-01,20:26,0,351,0,22.5,77.1,53,21,42,19
2017-10-01,20:26,0,351,0,22.5,77.3,53,21,42,19
2017-10-01,20:26,0,351,0,22.5,77.2,53,21,42,19
2017-10-01,20:26,0,353,0,22.5,77.2,52,21,42,19
2017-10-01,20:26,0,349,0,22.5,77.3,52,21,42,19
2017-10-01,20:26,0,348,0,22.5,77.3,53,21,42,19
2017-10-01,20:26,0,351,0,22.5,77.3,53,21,42,19
2017-10-01,20:27,0,355,0,22.5,77.4,52,21,42,19
2017-10-01,20:27,0,351,0,22.5,77.4,52,21,42,19
2017-10-01,20:27,0,353,0,22.5,77.4,52,21,42,19
2017-10-01,20:27,0,351,0,22.5,77.4,52,21,42,19
2017-10-01,20:27,0,354,0,22.5,77.5,52,21,42,19
2017-10-01,20:27,0,352,0,22.5,77.4,52,21,42,19
2017-10-01,20:27,0,348,0,22.5,77.5,52,21,42,19
2017-10-01,20:28,0,351,0,22.5,77.5,52,21,42,19
2017-10-01,20:28,0,349,0,22.5,77.5,52,21,42,19
2017-10-01,20:28,0,350,0,22.5,77.4,52,21,42,19
2017-10-01,20:28,0,352,0,22.5,77.4,52,21,42,19
2017-10-01,20:28,0,352,0,22.5,77.1,52,21,42,19
2017-10-01,20:28,0,352,0,22.5,77.0,52,21,42,19
2017-10-01,20:28,0,352,0,22.6,76.9,52,21,42,19
2017-10-01,20:28,0,351,0,22.6,76.9,52,21,42,19
2017-10-01,20:29,0,352,0,22.5,76.9,51,21,42,19
2017-10-01,20:29,0,353,0,22.5,77.1,52,21,42,19
2017-10-01,20:29,0,352,0,22.5,77.3,51,21,42,19
2017-10-01,20:29,0,353,0,22.5,77.3,51,21,42,19
2017-10-01,20:29,0,354,0,22.5,77.3,51,21,42,19
2017-10-01,20:29,0,353,0,22.5,77.2,51,21,42,19
2017-10-01,20:29,0,351,0,22.5,77.2,51,21,42,19
2017-10-01,20:29,0,354,0,22.6,77.2,51,21,42,19
2017-10-01,20:30,0,349,0,22.5,77.1,51,21,42,19
2017-10-01,20:30,0,352,0,22.5,77.1,51,21,42,19
2017-10-01,20:30,0,352,0,22.5,77.3,51,21,42,19
2017-10-01,20:30,0,351,0,22.5,77.3,51,21,42,19
2017-10-01,20:30,0,351,0,22.5,77.4,51,21,42,19
2017-10-01,20:30,0,354,0,22.5,77.4,51,21,42,19
2017-10-01,20:30,0,353,0,22.6,77.2,51,21,42,19
2017-10-01,20:30,0,351,0,22.5,77.1,51,21,42,19
2017-10-01,20:31,0,351,0,22.6,77.2,51,21,41,19
2017-10-01,20:31,0,352,0,22.6,77.2,51,21,42,19
2017-10-01,20:31,0,351,0,22.5,77.3,51,21,42,19
2017-10-01,20:31,0,355,0,22.6,77.2,52,21,42,19
2017-10-01,20:31,0,353,0,22.6,77.2,51,21,42,19
2017-10-01,20:31,0,352,0,22.6,77.2,51,21,42,19
2017-10-01,20:31,0,351,1,22.5,77.1,52,21,42,19
2017-10-01,20:32,0,352,0,22.5,77.1,52,21,42,19
2017-10-01,20:32,0,351,0,22.5,77.0,52,21,41,19
2017-10-01,20:32,0,351,0,22.5,77.0,52,21,42,19
2017-10-01,20:32,0,352,0,22.5,77.0,51,21,42,19
2017-10-01,20:32,0,352,0,22.5,77.1,51,21,42,19
2017-10-01,20:32,0,345,0,22.5,77.1,52,21,42,19
2017-10-01,20:32,0,354,0,22.5,77.1,51,21,42,19
2017-10-01,20:32,0,351,0,22.5,77.2,51,21,41,19
2017-10-01,20:33,0,352,0,22.5,77.2,51,21,42,19
2017-10-01,20:33,0,353,0,22.5,77.2,51,21,42,19
2017-10-01,20:33,0,355,0,22.5,77.1,51,21,41,19
2017-10-01,20:33,0,354,0,22.5,77.1,51,21,42,19
2017-10-01,20:33,0,352,0,22.5,77.1,51,21,41,19
2017-10-01,20:33,0,353,0,22.5,77.1,51,21,41,19
2017-10-01,20:33,0,352,0,22.5,77.1,51,22,41,19
2017-10-01,20:33,0,348,0,22.5,77.0,51,22,41,19
2017-10-01,20:34,0,353,0,22.5,77.0,51,21,41,19
2017-10-01,20:34,0,352,0,22.5,77.1,51,21,41,19
2017-10-01,20:34,0,351,0,22.5,77.2,51,21,41,19
2017-10-01,20:34,0,352,0,22.5,77.1,51,21,42,19
2017-10-01,20:34,0,352,0,22.5,77.1,51,21,42,19
2017-10-01,20:34,0,355,0,22.5,76.9,51,21,41,19
2017-10-01,20:34,0,351,0,22.5,76.8,52,22,41,19
2017-10-01,20:35,0,350,0,22.5,77.1,53,21,41,19
2017-10-01,20:35,0,351,0,22.5,76.7,53,22,41,19
2017-10-01,20:35,0,352,0,22.5,76.7,53,22,41,19
2017-10-01,20:35,0,351,0,22.5,76.6,53,21,41,19
2017-10-01,20:35,0,357,0,22.5,76.6,53,22,41,19
2017-10-01,20:35,0,347,0,22.5,76.8,53,22,42,19
2017-10-01,20:35,0,349,0,22.5,76.9,53,21,41,19
2017-10-01,20:35,0,349,0,22.5,76.7,53,22,41,19
2017-10-01,20:36,0,354,0,22.5,76.9,53,22,41,19
2017-10-01,20:36,0,352,0,22.5,76.9,53,21,41,19
2017-10-01,20:36,0,351,0,22.5,77.0,53,22,41,19
2017-10-01,20:36,0,352,0,22.5,76.9,53,21,41,19
2017-10-01,20:36,0,348,0,22.5,76.8,53,22,41,19
2017-10-01,20:36,0,351,0,22.5,76.6,53,22,41,19
2017-10-01,20:36,0,352,0,22.5,76.8,53,21,41,19
2017-10-01,20:36,0,345,0,22.5,76.7,53,21,41,19
2017-10-01,20:37,0,351,0,22.5,76.7,53,22,41,19
2017-10-01,20:37,1,354,0,22.5,76.7,53,21,41,19
2017-10-01,20:37,0,348,0,22.5,76.7,53,21,41,19
2017-10-01,20:37,0,355,0,22.5,76.7,53,21,41,19
2017-10-01,20:37,0,351,0,22.5,76.8,52,21,41,19
2017-10-01,20:37,0,351,0,22.5,76.8,53,22,41,19
2017-10-01,20:37,0,352,0,22.5,76.9,52,21,41,19
2017-10-01,20:38,0,347,0,22.5,76.8,52,21,41,19
2017-10-01,20:38,0,351,0,22.5,76.8,52,22,41,19
2017-10-01,20:38,0,352,0,22.5,76.8,52,22,41,19
2017-10-01,20:38,0,352,0,22.5,76.9,52,21,41,19
2017-10-01,20:38,0,351,0,22.5,77.0,52,22,41,19
2017-10-01,20:38,0,352,0,22.5,76.7,52,21,41,19
2017-10-01,20:38,0,349,0,22.5,76.7,52,22,41,19
2017-10-01,20:38,0,354,0,22.5,76.8,52,22,41,19
2017-10-01,20:39,0,352,0,22.5,76.7,52,21,41,19
2017-10-01,20:39,0,354,0,22.5,76.7,52,22,41,19
2017-10-01,20:39,0,351,0,22.5,76.6,52,22,41,19
2017-10-01,20:39,0,351,0,22.5,76.6,52,22,41,19
2017-10-01,20:39,0,350,0,22.5,76.7,52,21,41,19
2017-10-01,20:39,0,352,0,22.5,76.8,52,21,41,19
2017-10-01,20:39,0,353,0,22.5,76.8,51,22,41,19
2017-10-01,20:39,0,354,0,22.5,76.9,51,22,41,19
2017-10-01,20:40,0,351,0,22.5,76.8,51,21,41,19
2017-10-01,20:40,0,349,0,22.5,76.8,51,21,41,19
2017-10-01,20:40,0,353,0,22.5,76.7,51,22,41,19
2017-10-01,20:40,0,351,1,22.5,76.5,51,21,41,19
2017-10-01,20:40,0,349,0,22.6,76.5,51,21,41,19
2017-10-01,20:40,0,347,0,22.5,76.5,51,21,41,19
2017-10-01,20:40,0,348,0,22.6,76.6,51,21,41,19
2017-10-01,20:41,0,352,0,22.5,76.5,51,21,41,19
2017-10-01,20:41,0,352,0,22.5,76.3,51,21,41,19
2017-10-01,20:41,0,351,0,22.5,76.2,51,21,41,19
2017-10-01,20:41,0,351,0,22.5,76.4,51,21,41,19
2017-10-01,20:41,0,352,0,22.5,76.4,51,22,41,19
2017-10-01,20:41,0,351,0,22.5,76.5,51,21,41,19
2017-10-01,20:41,0,355,0,22.5,76.5,51,22,41,19
2017-10-01,20:41,0,352,0,22.5,76.6,51,21,41,19
2017-10-01,20:42,0,351,0,22.5,76.5,51,21,41,19
2017-10-01,20:42,0,352,0,22.5,76.6,51,21,41,19
2017-10-01,20:42,0,351,0,22.5,76.6,51,21,40,19
2017-10-01,20:42,0,348,0,22.5,76.6,51,21,41,19
2017-10-01,20:42,0,351,0,22.5,76.6,51,22,41,19
2017-10-01,20:42,0,350,0,22.6,76.6,50,21,41,19
2017-10-01,20:42,0,353,0,22.6,76.6,51,21,40,19
2017-10-01,20:42,0,352,0,22.5,76.5,50,21,41,19
2017-10-01,20:43,0,350,0,22.5,76.5,50,21,41,19
2017-10-01,20:43,0,352,0,22.5,76.4,50,21,41,19
2017-10-01,20:43,0,351,0,22.5,76.4,50,22,41,19
2017-10-01,20:43,0,349,0,22.5,76.4,50,21,41,19
2017-10-01,20:43,0,351,0,22.5,76.4,50,21,41,19
2017-10-01,20:43,0,351,0,22.5,76.3,50,22,41,19
2017-10-01,20:43,0,350,0,22.5,76.4,50,21,41,19
2017-10-01,20:44,0,352,0,22.5,76.4,50,21,41,19
2017-10-01,20:44,0,353,0,22.5,76.4,50,21,40,19
2017-10-01,20:44,0,351,0,22.5,76.4,50,21,41,19
2017-10-01,20:44,0,352,0,22.5,76.4,50,21,41,19
2017-10-01,20:44,0,351,0,22.5,76.4,50,21,41,19
2017-10-01,20:44,0,353,0,22.5,76.4,50,21,40,19
2017-10-01,20:44,0,351,0,22.5,76.3,50,22,41,19
2017-10-01,20:44,0,353,0,22.5,76.2,50,21,40,19
2017-10-01,20:45,0,348,0,22.5,76.1,50,21,41,19
2017-10-01,20:45,0,352,0,22.5,76.1,50,21,41,19
2017-10-01,20:45,0,348,0,22.5,76.2,50,21,41,19
2017-10-01,20:45,0,350,0,22.5,76.2,50,21,40,19
2017-10-01,20:45,0,352,0,22.5,76.2,50,21,41,19
2017-10-01,20:45,0,352,0,22.5,76.3,50,21,41,19
2017-10-01,20:45,0,351,0,22.5,76.4,50,21,40,19
2017-10-01,20:45,0,351,0,22.5,76.4,50,21,41,19
2017-10-01,20:46,0,352,0,22.5,76.3,50,21,41,19
2017-10-01,20:46,0,349,0,22.5,76.2,50,22,41,19
2017-10-01,20:46,0,349,0,22.5,76.3,50,22,41,19
2017-10-01,20:46,0,351,0,22.5,76.3,50,21,41,19
2017-10-01,20:46,0,352,0,22.5,76.3,50,21,40,19
2017-10-01,20:46,0,349,0,22.5,76.4,50,21,41,19
2017-10-01,20:46,0,347,0,22.5,76.3,50,21,40,19
2017-10-01,20:47,0,354,0,22.5,76.1,50,21,41,19
2017-10-01,20:47,0,352,0,22.5,76.3,49,22,41,19
2017-10-01,20:47,0,352,0,22.5,76.2,50,21,40,19
2017-10-01,20:47,0,353,0,22.5,76.3,50,21,41,19
2017-10-01,20:47,0,352,0,22.5,76.2,49,22,41,19
2017-10-01,20:47,0,353,0,22.5,76.2,49,21,41,19
2017-10-01,20:47,0,351,0,22.5,76.2,49,21,41,19
2017-10-01,20:47,0,348,0,22.5,76.1,49,21,40,19
2017-10-01,20:48,0,354,0,22.5,76.4,49,21,41,19
2017-10-01,20:48,0,350,0,22.5,76.4,49,22,40,19
2017-10-01,20:48,0,350,0,22.5,76.4,49,21,41,19
2017-10-01,20:48,0,352,0,22.5,76.5,49,21,40,19
2017-10-01,20:48,0,352,0,22.5,76.5,49,21,41,19
2017-10-01,20:48,0,356,0,22.5,76.5,49,21,41,19
2017-10-01,20:48,0,351,0,22.5,76.4,49,21,41,19
2017-10-01,20:48,0,351,0,22.5,76.2,49,21,41,19
2017-10-01,20:49,0,352,0,22.5,76.2,49,21,41,19
2017-10-01,20:49,0,352,0,22.5,76.3,49,21,40,19
2017-10-01,20:49,0,350,0,22.5,76.3,49,21,40,19
2017-10-01,20:49,0,351,0,22.5,76.3,49,21,41,19
2017-10-01,20:49,0,356,0,22.5,76.4,49,21,40,19
2017-10-01,20:49,0,347,0,22.5,76.2,49,21,40,19
2017-10-01,20:49,0,352,0,22.5,76.3,49,21,40,19
2017-10-01,20:50,0,353,0,22.5,76.3,49,21,40,19
2017-10-01,20:50,0,350,0,22.5,76.3,49,21,40,19
2017-10-01,20:50,0,349,0,22.5,76.3,49,21,40,19
2017-10-01,20:50,0,351,0,22.5,76.2,49,21,40,19
2017-10-01,20:50,0,351,0,22.5,76.2,49,21,40,19
2017-10-01,20:50,0,352,0,22.5,76.1,49,21,40,19
2017-10-01,20:50,0,352,0,22.5,76.0,49,21,40,19
2017-10-01,20:50,0,355,0,22.5,76.1,49,21,40,19
2017-10-01,20:51,0,352,0,22.5,76.1,49,21,41,19
2017-10-01,20:51,0,353,0,22.5,76.0,49,21,40,19
2017-10-01,20:51,0,352,0,22.5,76.0,49,21,40,19
2017-10-01,20:51,0,349,0,22.4,75.9,49,21,40,19
2017-10-01,20:51,0,352,0,22.4,76.0,49,21,40,19
2017-10-01,20:51,0,353,0,22.4,76.0,49,21,41,19
2017-10-01,20:51,0,351,0,22.4,76.0,49,21,40,19
2017-10-01,20:51,0,351,0,22.4,76.1,49,21,40,20
2017-10-01,20:52,0,349,0,22.4,76.1,49,21,40,19
2017-10-01,20:52,0,347,0,22.4,76.1,49,21,40,19
2017-10-01,20:52,0,352,0,22.5,76.3,49,21,40,19
2017-10-01,20:52,0,354,0,22.4,76.1,49,21,40,19
2017-10-01,20:52,0,351,0,22.5,76.3,49,21,40,19
2017-10-01,20:52,0,350,0,22.5,76.3,49,21,40,19
2017-10-01,20:52,0,354,0,22.5,76.3,49,21,40,19
2017-10-01,20:53,0,351,0,22.5,76.2,49,21,40,19
2017-10-01,20:53,0,351,0,22.5,76.2,49,21,40,19
2017-10-01,20:53,0,350,0,22.5,76.2,49,22,40,19
2017-10-01,20:53,0,349,0,22.5,76.1,49,21,40,19
2017-10-01,20:53,0,346,0,22.5,76.1,48,21,40,19
2017-10-01,20:53,0,352,0,22.5,76.2,48,21,40,19
2017-10-01,20:53,0,351,0,22.5,76.1,49,21,40,19
2017-10-01,20:53,0,351,0,22.5,76.1,49,21,40,19
2017-10-01,20:54,0,351,0,22.5,76.0,48,21,41,19
2017-10-01,20:54,0,353,0,22.5,76.0,49,21,40,19
2017-10-01,20:54,0,351,0,22.5,76.0,48,21,40,19
2017-10-01,20:54,0,350,0,22.5,76.0,48,21,41,19
2017-10-01,20:54,0,354,0,22.5,76.0,48,21,41,19
2017-10-01,20:54,0,352,0,22.5,76.0,48,21,41,19
2017-10-01,20:54,0,352,0,22.5,76.0,48,21,41,19
2017-10-01,20:54,0,351,0,22.5,75.7,48,21,41,19
2017-10-01,20:55,0,354,0,22.5,75.8,49,21,41,19
2017-10-01,20:55,0,352,0,22.5,75.9,48,21,41,19
2017-10-01,20:55,0,349,0,22.5,75.8,48,21,42,19
2017-10-01,20:55,0,349,0,22.5,75.8,48,21,41,19
2017-10-01,20:55,0,351,0,22.5,75.9,48,21,41,20
2017-10-01,20:55,0,351,0,22.5,75.8,48,21,42,19
2017-10-01,20:55,0,353,0,22.5,75.8,48,21,42,19
2017-10-01,20:56,0,351,0,22.5,75.7,48,21,42,19
2017-10-01,20:56,0,350,0,22.5,75.8,48,21,43,19
2017-10-01,20:56,0,353,0,22.5,75.8,48,21,42,19
2017-10-01,20:56,0,352,0,22.5,75.9,48,21,42,19
2017-10-01,20:56,0,351,0,22.5,75.8,48,21,42,19
2017-10-01,20:56,0,348,0,22.5,75.7,48,21,42,19
2017-10-01,20:56,0,350,0,22.5,75.8,48,21,43,19
2017-10-01,20:56,0,353,0,22.5,75.8,48,21,43,19
2017-10-01,20:57,0,350,0,22.5,75.8,48,21,43,19
2017-10-01,20:57,0,351,1,22.5,75.8,48,21,43,19
2017-10-01,20:57,0,350,0,22.5,75.8,48,21,43,19
2017-10-01,20:57,0,355,0,22.5,75.8,48,21,43,19
2017-10-01,20:57,0,352,0,22.5,75.8,48,21,43,19
2017-10-01,20:57,0,350,0,22.5,75.7,48,21,43,19
2017-10-01,20:57,0,353,0,22.5,75.7,48,21,43,19
2017-10-01,20:57,0,354,0,22.5,75.5,48,21,43,19
2017-10-01,20:58,0,353,0,22.5,75.5,48,21,43,19
2017-10-01,20:58,0,354,0,22.5,75.5,48,21,43,19
2017-10-01,20:58,0,355,0,22.5,75.6,48,21,43,19
2017-10-01,20:58,0,349,0,22.5,75.6,48,21,43,19
2017-10-01,20:58,0,352,0,22.5,75.6,48,21,43,19
2017-10-01,20:58,0,351,0,22.5,75.7,48,21,43,19
2017-10-01,20:58,0,351,0,22.5,75.7,48,21,44,19
2017-10-01,20:58,0,350,0,22.5,75.7,48,21,44,19
2017-10-01,20:59,0,349,0,22.5,75.7,48,21,43,19
2017-10-01,20:59,0,347,0,22.5,75.7,48,20,44,19
2017-10-01,20:59,0,351,0,22.5,75.7,48,21,43,19
2017-10-01,20:59,0,355,0,22.5,75.8,48,21,43,19
2017-10-01,20:59,0,346,0,22.5,75.7,48,21,44,19
2017-10-01,20:59,0,355,0,22.5,75.6,48,21,43,19
2017-10-01,20:59,0,350,0,22.5,75.6,48,21,44,19
2017-10-01,21:00,0,355,0,22.5,75.6,48,21,43,19
2017-10-01,21:00,0,352,0,22.5,75.6,48,21,43,19
2017-10-01,21:00,0,349,0,22.5,75.5,48,21,44,19
2017-10-01,21:00,0,347,0,22.5,75.5,48,21,44,19
2017-10-01,21:00,0,352,0,22.5,75.6,48,21,43,19
2017-10-01,21:00,0,349,0,22.5,75.6,48,21,44,19
2017-10-01,21:00,0,350,0,22.5,75.6,48,21,44,19
2017-10-01,21:00,0,349,0,22.5,75.6,48,21,44,19
2017-10-01,21:01,0,351,0,22.5,75.6,48,21,44,19
2017-10-01,21:01,0,349,0,22.5,75.5,48,21,44,19
2017-10-01,21:01,0,352,0,22.5,75.5,48,21,44,19
2017-10-01,21:01,0,351,0,22.6,75.5,48,21,44,19
2017-10-01,21:01,0,351,0,22.5,75.5,48,21,44,19
2017-10-01,21:01,0,347,0,22.5,75.5,48,21,44,19
2017-10-01,21:01,0,351,0,22.5,75.5,48,21,44,19
2017-10-01,21:01,0,351,0,22.5,75.4,48,21,44,19
2017-10-01,21:02,0,352,0,22.5,75.4,48,21,44,19
2017-10-01,21:02,0,350,0,22.5,75.4,48,21,43,19
2017-10-01,21:02,0,351,0,22.5,75.4,48,21,44,19
2017-10-01,21:02,0,351,0,22.5,75.4,48,21,44,19
2017-10-01,21:02,0,351,0,22.5,75.4,48,21,44,19
2017-10-01,21:02,0,348,0,22.5,75.4,48,21,44,19
2017-10-01,21:02,0,352,0,22.5,75.4,48,21,43,19
2017-10-01,21:03,0,354,0,22.5,75.4,48,21,43,19
2017-10-01,21:03,0,351,0,22.5,75.3,48,21,43,19
2017-10-01,21:03,0,350,0,22.5,75.1,48,21,44,19
2017-10-01,21:03,0,355,0,22.5,75.1,48,21,44,19
2017-10-01,21:03,0,351,0,22.5,75.2,48,21,44,19
2017-10-01,21:03,0,353,0,22.5,75.3,48,21,43,19
2017-10-01,21:03,0,351,0,22.5,75.3,48,21,43,19
2017-10-01,21:03,0,351,0,22.5,75.3,48,21,43,19
2017-10-01,21:04,0,354,0,22.5,75.4,48,21,44,19
2017-10-01,21:04,0,351,0,22.5,75.4,48,21,44,19
2017-10-01,21:04,0,352,0,22.5,75.4,48,21,43,19
2017-10-01,21:04,0,352,1,22.6,75.4,48,21,44,19
2017-10-01,21:04,0,352,0,22.5,75.3,47,21,44,19
2017-10-01,21:04,0,349,0,22.5,75.3,48,21,44,19
2017-10-01,21:04,0,352,0,22.5,75.4,48,21,44,19
2017-10-01,21:04,0,350,0,22.6,75.4,48,21,44,19
2017-10-01,21:05,0,355,0,22.6,75.4,48,21,44,19
2017-10-01,21:05,0,347,0,22.5,75.3,48,21,44,19
2017-10-01,21:05,0,351,0,22.6,75.3,48,21,43,19
2017-10-01,21:05,0,350,0,22.5,75.2,48,21,44,19
2017-10-01,21:05,0,354,0,22.6,75.3,48,21,44,19
2017-10-01,21:05,0,355,0,22.5,75.3,48,21,44,19
2017-10-01,21:05,0,349,0,22.6,75.2,48,21,44,19
2017-10-01,21:06,0,355,0,22.6,75.1,48,21,44,19
2017-10-01,21:06,0,350,0,22.5,75.2,48,21,44,19
2017-10-01,21:06,0,349,0,22.5,75.2,48,21,43,19
2017-10-01,21:06,0,351,0,22.5,75.2,48,21,44,19
2017-10-01,21:06,0,353,0,22.5,75.3,48,21,44,19
2017-10-01,21:06,0,350,0,22.6,75.3,47,21,44,19
2017-10-01,21:06,0,351,0,22.5,75.3,48,21,44,19
2017-10-01,21:06,0,346,0,22.5,75.3,48,21,43,19
2017-10-01,21:07,0,351,0,22.6,75.3,48,21,44,19
2017-10-01,21:07,0,354,0,22.5,75.3,48,21,44,19
2017-10-01,21:07,0,353,0,22.6,75.3,48,21,44,19
2017-10-01,21:07,0,348,0,22.5,75.2,48,21,43,19
2017-10-01,21:07,0,351,0,22.6,75.2,48,21,44,19
2017-10-01,21:07,0,350,0,22.5,75.2,48,21,44,19
2017-10-01,21:07,0,347,0,22.6,75.2,48,21,43,19
2017-10-01,21:07,0,351,0,22.6,75.1,47,21,44,19
2017-10-01,21:08,0,351,0,22.6,75.1,48,21,43,19
2017-10-01,21:08,0,352,0,22.6,75.2,48,21,44,19
2017-10-01,21:08,0,355,0,22.5,75.2,48,21,44,19
2017-10-01,21:08,0,352,0,22.5,75.2,48,21,43,19
2017-10-01,21:08,0,354,0,22.5,75.3,48,21,44,19
2017-10-01,21:08,0,349,0,22.5,75.2,48,21,43,19
2017-10-01,21:08,0,349,0,22.5,75.2,48,21,44,19
2017-10-01,21:09,0,354,0,22.5,75.3,48,21,43,19
2017-10-01,21:09,0,352,0,22.6,75.2,48,21,43,19
2017-10-01,21:09,0,347,0,22.6,75.2,48,21,43,19
2017-10-01,21:09,0,350,0,22.6,75.2,48,21,43,19
2017-10-01,21:09,0,351,0,22.6,75.2,48,21,43,19
2017-10-01,21:09,0,352,0,22.6,75.2,48,21,43,19
2017-10-01,21:09,0,352,0,22.5,75.2,47,21,43,19
2017-10-01,21:09,0,351,0,22.6,75.2,48,21,43,19
2017-10-01,21:10,0,352,0,22.6,75.2,48,21,43,19
2017-10-01,21:10,0,351,0,22.6,75.2,48,21,43,19
2017-10-01,21:10,0,352,0,22.6,75.2,48,21,43,19
2017-10-01,21:10,0,352,0,22.6,75.2,48,21,43,19
2017-10-01,21:10,0,352,0,22.6,75.1,48,21,43,19
2017-10-01,21:10,0,352,0,22.6,75.2,48,21,43,19
2017-10-01,21:10,0,351,0,22.6,75.1,48,21,43,19
2017-10-01,21:10,0,351,0,22.6,75.1,48,21,43,19
2017-10-01,21:11,0,351,0,22.6,75.1,48,21,43,19
2017-10-01,21:11,0,350,0,22.6,75.0,48,21,43,19
2017-10-01,21:11,0,348,0,22.6,75.1,47,21,43,19
2017-10-01,21:11,0,352,0,22.6,75.1,48,21,43,19
2017-10-01,21:11,0,352,0,22.6,75.0,48,21,43,19
2017-10-01,21:11,0,351,0,22.6,75.0,48,21,43,19
2017-10-01,21:11,0,351,0,22.6,75.0,48,21,43,19
2017-10-01,21:12,0,349,0,22.6,74.9,48,21,43,19
2017-10-01,21:12,0,351,0,22.6,74.9,48,21,43,19
2017-10-01,21:12,0,350,0,22.6,74.9,47,21,43,19
2017-10-01,21:12,0,351,0,22.6,74.9,47,21,43,19
2017-10-01,21:12,0,352,0,22.6,74.9,47,21,43,19
2017-10-01,21:12,0,350,0,22.6,74.9,48,21,43,19
2017-10-01,21:12,0,348,0,22.6,75.0,47,21,43,19
2017-10-01,21:12,0,352,0,22.6,74.9,48,21,43,19
2017-10-01,21:13,0,353,0,22.6,74.9,48,21,43,19
2017-10-01,21:13,0,354,0,22.6,74.8,47,21,43,19
2017-10-01,21:13,0,351,0,22.6,74.9,48,21,43,19
2017-10-01,21:13,0,351,0,22.6,74.9,48,21,43,19
2017-10-01,21:13,0,351,0,22.6,74.9,48,21,43,19
2017-10-01,21:13,0,357,0,22.6,74.9,48,21,43,19
2017-10-01,21:13,0,350,0,22.6,74.9,47,21,43,19
2017-10-01,21:13,0,352,0,22.6,74.8,47,21,43,19
2017-10-01,21:14,0,347,0,22.6,74.9,48,21,43,20
2017-10-01,21:14,0,355,0,22.6,74.8,48,21,43,19
2017-10-01,21:14,0,352,0,22.6,74.9,47,21,43,19
2017-10-01,21:14,0,354,0,22.6,74.9,48,21,43,19
2017-10-01,21:14,0,352,0,22.6,74.9,48,21,43,19
2017-10-01,21:14,0,350,0,22.6,74.9,48,21,43,19
2017-10-01,21:14,0,348,0,22.6,74.9,48,21,43,19
2017-10-01,21:15,0,348,0,22.6,74.9,47,21,43,20
2017-10-01,21:15,0,351,0,22.6,74.9,47,21,43,19
2017-10-01,21:15,0,352,0,22.6,74.8,48,21,43,19
2017-10-01,21:15,0,354,0,22.6,74.8,47,21,43,19
2017-10-01,21:15,0,355,0,22.6,74.8,48,21,43,19
2017-10-01,21:15,0,352,0,22.6,74.8,47,21,43,19
2017-10-01,21:15,0,351,0,22.6,74.8,47,21,43,19
2017-10-01,21:15,0,351,0,22.6,74.7,47,21,43,19
2017-10-01,21:16,0,352,0,22.6,74.6,47,21,43,19
2017-10-01,21:16,0,346,0,22.6,74.7,47,21,43,19
2017-10-01,21:16,0,349,0,22.6,74.7,47,21,43,20
2017-10-01,21:16,0,354,0,22.6,74.6,47,21,43,19
2017-10-01,21:16,0,347,0,22.6,74.7,47,21,43,19
2017-10-01,21:16,0,350,0,22.6,74.7,47,21,43,19
2017-10-01,21:16,0,351,0,22.6,74.7,47,21,43,19
2017-10-01,21:16,0,345,0,22.7,74.8,47,21,43,19
2017-10-01,21:17,0,350,0,22.6,74.7,47,21,43,19
2017-10-01,21:17,0,352,0,22.6,74.8,47,21,43,19
2017-10-01,21:17,0,348,0,22.6,74.8,48,21,43,19
2017-10-01,21:17,0,354,0,22.6,74.8,47,21,43,19
2017-10-01,21:17,0,353,0,22.6,74.8,47,21,43,19
2017-10-01,21:17,0,351,0,22.6,74.9,47,21,43,19
2017-10-01,21:17,0,353,0,22.6,74.8,47,21,43,19
2017-10-01,21:18,0,349,0,22.6,74.8,47,21,43,19
2017-10-01,21:18,0,354,0,22.6,74.7,47,21,43,19
2017-10-01,21:18,0,352,0,22.6,74.8,47,21,43,19
2017-10-01,21:18,0,350,0,22.6,74.8,47,21,43,19
2017-10-01,21:18,0,352,0,22.6,74.8,47,21,43,19
2017-10-01,21:18,0,357,0,22.6,74.8,47,21,43,19
2017-10-01,21:18,0,351,0,22.6,74.7,47,21,43,19
2017-10-01,21:18,0,352,0,22.6,74.8,47,21,43,19
2017-10-01,21:19,0,354,0,22.6,74.8,47,21,43,19
2017-10-01,21:19,0,352,0,22.6,74.8,47,21,43,19
2017-10-01,21:19,0,352,0,22.6,74.7,47,21,43,19
2017-10-01,21:19,0,350,0,22.6,74.7,47,21,43,19
2017-10-01,21:19,0,352,0,22.6,74.8,47,21,43,19
2017-10-01,21:19,0,354,0,22.6,74.8,47,21,43,19
2017-10-01,21:19,0,351,0,22.6,74.9,47,21,43,19
2017-10-01,21:19,0,352,0,22.6,74.9,48,21,43,19
2017-10-01,21:20,0,351,0,22.6,74.9,47,21,43,19
2017-10-01,21:20,0,352,0,22.6,74.8,47,21,43,19
2017-10-01,21:20,0,353,0,22.6,74.9,48,21,43,19
2017-10-01,21:20,0,355,0,22.6,74.8,47,21,42,19
2017-10-01,21:20,0,352,0,22.6,74.7,47,21,43,19
2017-10-01,21:20,0,350,0,22.6,74.8,47,21,43,19
2017-10-01,21:20,0,353,0,22.6,74.7,47,21,43,19
2017-10-01,21:21,0,350,0,22.6,74.7,47,21,43,19
2017-10-01,21:21,0,350,0,22.6,74.7,47,21,43,19
2017-10-01,21:21,0,351,0,22.6,74.7,47,21,43,19
2017-10-01,21:21,0,350,0,22.5,74.8,48,21,43,19
2017-10-01,21:21,0,352,0,22.5,74.8,47,21,43,19
2017-10-01,21:21,0,350,0,22.5,74.8,47,21,43,19
2017-10-01,21:21,0,350,0,22.5,74.9,47,21,43,19
2017-10-01,21:21,0,350,0,22.6,74.9,48,21,43,19
2017-10-01,21:22,0,352,0,22.5,74.9,47,21,42,19
2017-10-01,21:22,0,350,0,22.5,74.9,47,21,43,19
2017-10-01,21:22,0,355,0,22.5,74.9,47,21,43,19
2017-10-01,21:22,0,352,0,22.5,74.9,48,21,42,19
2017-10-01,21:22,0,349,0,22.5,74.9,47,21,43,19
2017-10-01,21:22,0,350,0,22.6,74.8,47,21,43,19
2017-10-01,21:22,0,351,0,22.5,74.8,47,21,43,19
2017-10-01,21:22,0,353,0,22.5,74.8,47,21,42,19
2017-10-01,21:23,0,351,0,22.5,74.8,47,21,42,19
2017-10-01,21:23,0,352,0,22.5,74.9,47,21,42,19
2017-10-01,21:23,0,352,0,22.5,74.8,47,21,42,19
2017-10-01,21:23,0,350,0,22.6,74.9,47,21,42,19
2017-10-01,21:23,0,352,0,22.6,74.8,47,21,43,19
2017-10-01,21:23,0,347,0,22.6,74.8,47,21,43,19
2017-10-01,21:23,0,351,0,22.5,74.8,47,21,42,19
2017-10-01,21:23,0,354,0,22.6,74.8,47,21,42,19
2017-10-01,21:24,0,353,0,22.5,74.8,47,21,42,19
2017-10-01,21:24,0,352,0,22.5,74.8,48,21,42,19
2017-10-01,21:24,0,352,0,22.6,74.8,47,21,43,19
2017-10-01,21:24,0,352,0,22.6,74.8,47,21,43,19
2017-10-01,21:24,0,354,0,22.5,74.8,47,21,42,19
2017-10-01,21:24,0,352,0,22.5,74.8,47,21,42,19
2017-10-01,21:24,0,351,0,22.5,74.8,47,21,43,19
2017-10-01,21:25,0,351,0,22.5,74.8,47,21,42,19
2017-10-01,21:25,0,352,0,22.5,74.8,47,21,42,19
2017-10-01,21:25,0,351,0,22.5,74.8,47,21,43,19
2017-10-01,21:25,0,351,0,22.5,74.7,47,21,42,19
2017-10-01,21:25,0,350,0,22.5,74.8,47,21,43,19
2017-10-01,21:25,0,351,0,22.5,74.8,47,21,42,19
2017-10-01,21:25,0,355,0,22.5,74.8,47,21,42,19
2017-10-01,21:25,0,351,0,22.5,74.8,47,21,42,19
2017-10-01,21:26,0,352,0,22.5,74.8,47,21,42,19
2017-10-01,21:26,0,355,0,22.5,74.8,47,21,42,19
2017-10-01,21:26,0,354,0,22.5,74.8,47,21,42,19
2017-10-01,21:26,0,351,0,22.5,74.8,47,22,42,19
2017-10-01,21:26,0,354,0,22.5,74.8,47,21,42,19
2017-10-01,21:26,0,351,0,22.5,74.8,47,21,42,19
2017-10-01,21:26,0,351,0,22.5,74.7,47,21,42,19
2017-10-01,21:26,0,348,0,22.5,74.8,47,21,42,19
2017-10-01,21:27,0,352,0,22.5,74.7,47,21,42,19
2017-10-01,21:27,0,352,0,22.6,74.6,47,21,42,19
2017-10-01,21:27,0,352,0,22.5,74.5,47,21,42,19
2017-10-01,21:27,0,347,0,22.5,74.6,47,21,42,19
2017-10-01,21:27,0,355,0,22.5,74.7,47,21,42,19
2017-10-01,21:27,0,351,0,22.5,74.8,47,21,42,19
2017-10-01,21:27,0,351,0,22.5,74.7,47,21,42,19
2017-10-01,21:28,0,351,0,22.5,74.7,47,21,42,19
2017-10-01,21:28,0,349,0,22.5,74.7,47,21,42,20
2017-10-01,21:28,0,352,0,22.5,74.7,47,21,42,19
2017-10-01,21:28,0,352,0,22.5,74.5,47,21,42,19
2017-10-01,21:28,0,347,0,22.5,74.6,47,21,43,19
2017-10-01,21:28,0,351,0,22.5,74.6,47,21,42,19
2017-10-01,21:28,0,351,0,22.5,74.6,47,21,42,19
2017-10-01,21:28,0,351,0,22.5,74.7,47,21,42,19
2017-10-01,21:29,0,351,0,22.5,74.6,47,21,42,19
2017-10-01,21:29,0,350,0,22.5,74.5,47,21,42,19
2017-10-01,21:29,0,354,0,22.5,74.6,47,21,42,19
2017-10-01,21:29,0,355,0,22.5,74.7,47,21,42,19
2017-10-01,21:29,0,352,0,22.5,74.8,47,21,43,19
2017-10-01,21:29,0,352,0,22.5,74.8,47,21,42,19
2017-10-01,21:29,0,351,0,22.5,74.7,47,21,42,19
2017-10-01,21:29,0,350,0,22.5,74.7,47,22,42,19
2017-10-01,21:30,0,351,0,22.5,74.7,47,21,42,19
2017-10-01,21:30,0,350,0,22.5,74.7,47,21,42,19
2017-10-01,21:30,0,352,0,22.6,74.7,47,21,42,19
2017-10-01,21:30,0,351,0,22.6,74.7,47,21,42,19
2017-10-01,21:30,0,351,0,22.5,74.7,47,21,42,19
2017-10-01,21:30,0,355,0,22.5,74.7,47,21,42,19
2017-10-01,21:30,0,355,0,22.5,74.7,47,21,42,19
2017-10-01,21:31,0,351,0,22.5,74.6,47,21,42,19
2017-10-01,21:31,0,351,0,22.6,74.6,47,21,42,19
2017-10-01,21:31,0,351,0,22.5,74.7,47,21,42,19
2017-10-01,21:31,0,352,0,22.5,74.6,47,21,42,19
2017-10-01,21:31,0,350,0,22.6,74.7,47,21,42,19
2017-10-01,21:31,0,352,0,22.5,74.7,47,22,42,19
2017-10-01,21:31,0,353,0,22.5,74.5,47,21,42,19
2017-10-01,21:31,0,352,0,22.5,74.3,47,21,42,19
2017-10-01,21:32,0,350,0,22.5,74.4,47,21,42,19
2017-10-01,21:32,0,354,0,22.5,74.4,47,21,42,19
2017-10-01,21:32,0,351,0,22.5,74.4,47,21,42,19
2017-10-01,21:32,0,352,0,22.5,74.4,47,21,42,19
2017-10-01,21:32,0,351,0,22.5,74.5,47,21,42,19
2017-10-01,21:32,0,348,0,22.5,74.6,47,22,42,19
2017-10-01,21:32,0,356,0,22.5,74.5,47,21,42,19
2017-10-01,21:32,0,347,0,22.5,74.5,47,21,42,19
2017-10-01,21:33,0,354,0,22.5,74.6,47,21,42,19
2017-10-01,21:33,0,351,0,22.5,74.6,47,21,42,20
2017-10-01,21:33,0,346,0,22.5,74.6,47,21,42,19
2017-10-01,21:33,0,350,0,22.5,74.6,47,21,42,19
2017-10-01,21:33,0,352,0,22.5,74.6,47,21,42,19
2017-10-01,21:33,0,350,0,22.5,74.6,47,21,42,19
2017-10-01,21:33,0,355,0,22.5,74.6,47,21,42,19
2017-10-01,21:34,0,351,0,22.5,74.6,47,21,42,19
2017-10-01,21:34,0,348,0,22.5,74.7,47,21,42,19
2017-10-01,21:34,0,346,0,22.5,74.7,47,21,42,19
2017-10-01,21:34,0,350,1,22.5,74.7,47,21,42,19
2017-10-01,21:34,0,350,0,22.5,74.7,47,21,42,19
2017-10-01,21:34,0,355,0,22.5,74.7,47,21,42,19
2017-10-01,21:34,0,353,0,22.5,74.7,47,21,42,19
2017-10-01,21:34,0,352,0,22.5,74.6,47,21,42,19
2017-10-01,21:35,0,350,0,22.5,74.6,47,21,42,19
2017-10-01,21:35,0,350,0,22.5,74.6,47,21,42,19
2017-10-01,21:35,0,350,0,22.5,74.7,47,21,42,19
2017-10-01,21:35,0,351,0,22.5,74.7,47,21,42,19
2017-10-01,21:35,0,354,0,22.5,74.6,47,21,42,19
2017-10-01,21:35,0,352,0,22.5,74.6,47,21,42,19
2017-10-01,21:35,0,351,0,22.5,74.5,47,21,42,19
2017-10-01,21:35,0,351,0,22.4,74.4,47,21,42,19
2017-10-01,21:36,0,351,0,22.4,74.4,47,21,42,19
2017-10-01,21:36,0,352,0,22.4,74.6,47,21,42,19
2017-10-01,21:36,0,352,0,22.4,74.6,47,21,42,19
2017-10-01,21:36,0,351,0,22.5,74.8,47,22,42,19
2017-10-01,21:36,0,351,0,22.5,74.7,47,21,42,19
2017-10-01,21:36,0,353,0,22.5,74.7,47,21,42,19
2017-10-01,21:36,0,351,0,22.5,74.6,47,21,42,19
2017-10-01,21:37,0,351,0,22.5,74.5,47,21,42,19
2017-10-01,21:37,0,351,0,22.5,74.5,47,21,42,19
2017-10-01,21:37,0,349,0,22.5,74.6,47,21,42,19
2017-10-01,21:37,0,350,0,22.5,74.5,47,21,42,19
2017-10-01,21:37,0,350,0,22.5,74.5,47,21,42,19
2017-10-01,21:37,0,352,0,22.5,74.5,47,21,42,19
2017-10-01,21:37,0,350,0,22.5,74.5,47,21,42,19
2017-10-01,21:37,0,351,0,22.5,74.4,47,21,42,19
2017-10-01,21:38,0,348,0,22.5,74.5,47,21,42,19
2017-10-01,21:38,0,351,0,22.5,74.3,47,21,42,19
2017-10-01,21:38,0,350,0,22.5,74.4,47,21,42,19
2017-10-01,21:38,0,351,0,22.4,74.4,47,21,42,19
2017-10-01,21:38,0,355,0,22.4,74.4,47,21,42,19
2017-10-01,21:38,0,351,0,22.4,74.5,47,21,42,20
2017-10-01,21:38,0,350,0,22.4,74.6,47,21,42,19
2017-10-01,21:38,0,351,0,22.4,74.6,47,21,42,19
2017-10-01,21:39,0,351,0,22.4,74.7,47,21,42,19
2017-10-01,21:39,0,350,0,22.4,74.6,47,21,42,19
2017-10-01,21:39,0,347,0,22.5,74.8,47,21,42,19
2017-10-01,21:39,0,352,0,22.4,74.6,47,21,42,19
2017-10-01,21:39,0,351,0,22.4,74.6,47,22,42,19
2017-10-01,21:39,0,352,0,22.4,74.6,47,21,42,19
2017-10-01,21:39,0,350,0,22.5,74.7,47,21,42,19
2017-10-01,21:40,0,350,1,22.5,74.7,47,22,42,19
2017-10-01,21:40,0,351,0,22.4,74.5,47,21,42,19
2017-10-01,21:40,0,351,0,22.5,74.6,47,21,42,19
2017-10-01,21:40,0,351,0,22.5,74.6,47,21,42,19
2017-10-01,21:40,0,351,1,22.5,74.6,47,22,42,19
2017-10-01,21:40,0,349,0,22.4,74.4,47,21,42,19
2017-10-01,21:40,0,351,0,22.4,74.4,47,21,42,19
2017-10-01,21:40,0,351,0,22.4,74.4,47,21,42,19
2017-10-01,21:41,0,351,0,22.5,74.5,47,21,42,19
2017-10-01,21:41,0,351,0,22.4,74.4,47,21,42,19
2017-10-01,21:41,0,352,0,22.4,74.4,47,21,42,19
2017-10-01,21:41,0,352,0,22.4,74.4,47,21,41,19
2017-10-01,21:41,0,350,0,22.4,74.5,47,21,41,19
2017-10-01,21:41,0,352,0,22.4,74.5,47,21,42,19
2017-10-01,21:41,0,351,0,22.4,74.4,47,21,41,19
2017-10-01,21:41,0,476,410,22.4,74.5,47,21,42,19
2017-10-01,21:42,0,481,414,22.4,74.3,47,21,42,19
2017-10-01,21:42,0,477,416,22.4,74.4,47,21,42,20
2017-10-01,21:42,0,473,419,22.4,74.2,47,21,41,19
2017-10-01,21:42,0,476,417,22.4,74.7,47,21,42,19
2017-10-01,21:42,0,475,417,22.4,74.8,47,21,42,19
2017-10-01,21:42,0,478,416,22.4,74.9,47,21,41,19
2017-10-01,21:42,0,476,415,22.4,74.8,47,21,42,19
2017-10-01,21:43,0,473,415,22.5,75.2,47,22,41,19
2017-10-01,21:43,0,470,414,22.5,75.2,47,22,42,19
2017-10-01,21:43,0,476,410,22.6,75.3,49,22,42,19
2017-10-01,21:43,0,471,410,22.6,75.2,50,21,42,19
2017-10-01,21:43,0,475,408,22.6,75.1,51,20,42,19
2017-10-01,21:43,0,475,409,22.7,74.8,52,20,41,19
2017-10-01,21:43,0,471,411,22.7,75.6,52,20,41,19
2017-10-01,21:43,0,476,411,22.7,75.6,52,19,42,19
2017-10-01,21:44,0,473,412,22.7,75.2,53,19,41,19
2017-10-01,21:44,0,469,411,22.8,74.9,53,19,41,19
2017-10-01,21:44,0,476,410,22.8,74.6,53,19,41,19
2017-10-01,21:44,0,477,411,22.8,74.7,53,19,41,19
2017-10-01,21:44,0,477,411,22.9,74.4,53,19,41,19
2017-10-01,21:44,0,479,411,22.9,73.9,53,19,41,19
2017-10-01,21:44,0,475,407,22.9,73.6,53,19,41,19
2017-10-01,21:44,0,359,413,22.9,73.4,53,19,41,19
2017-10-01,21:45,0,427,413,23.0,73.2,53,19,41,19
2017-10-01,21:45,0,427,412,23.0,73.2,53,19,41,19
2017-10-01,21:45,1,415,411,23.1,73.2,54,19,41,19
2017-10-01,21:45,0,401,412,23.1,73.0,53,19,41,19
2017-10-01,21:45,0,369,414,23.1,73.2,53,19,41,19
2017-10-01,21:45,0,354,413,23.0,73.0,53,19,41,19
2017-10-01,21:45,0,352,414,23.0,73.0,53,19,41,19
2017-10-01,21:46,0,360,412,23.0,73.0,53,19,41,19
2017-10-01,21:46,0,405,412,23.0,72.9,53,19,41,19
2017-10-01,21:46,0,411,414,23.0,72.9,53,19,42,19
2017-10-01,21:46,0,346,413,23.0,72.9,53,19,41,19
2017-10-01,21:46,0,352,414,23.0,73.0,53,19,42,19
2017-10-01,21:46,0,347,412,22.9,73.0,53,19,42,19
2017-10-01,21:46,0,356,412,22.9,72.9,53,19,42,19
2017-10-01,21:46,0,352,413,22.9,72.9,53,19,42,19
2017-10-01,21:47,0,352,412,22.9,72.9,53,19,42,19
2017-10-01,21:47,0,351,0,22.9,73.0,53,19,42,19
2017-10-01,21:47,0,350,0,22.9,72.9,53,19,42,19
2017-10-01,21:47,0,350,0,22.8,73.1,52,19,42,19
2017-10-01,21:47,0,353,0,22.8,73.3,52,19,43,19
2017-10-01,21:47,0,351,0,22.8,73.5,52,19,43,19
2017-10-01,21:47,0,350,0,22.8,73.5,52,19,43,19
2017-10-01,21:47,0,350,0,22.8,73.6,52,19,43,19
2017-10-01,21:48,0,350,0,22.8,73.9,52,19,43,19
2017-10-01,21:48,0,352,0,22.7,73.9,53,19,43,19
2017-10-01,21:48,0,350,0,22.7,74.0,53,19,43,19
2017-10-01,21:48,0,453,365,22.7,74.0,53,19,43,19
2017-10-01,21:48,0,453,405,22.7,74.3,53,19,43,19
2017-10-01,21:48,0,457,406,22.7,74.3,53,19,43,19
2017-10-01,21:48,0,449,406,22.7,74.3,53,19,43,19
2017-10-01,21:48,0,470,406,22.7,74.9,53,19,43,19
2017-10-01,21:49,0,468,407,22.7,75.0,53,19,43,19
2017-10-01,21:49,0,468,407,22.7,74.4,53,19,44,19
2017-10-01,21:49,0,471,407,22.7,74.1,53,19,43,19
2017-10-01,21:49,0,471,405,22.7,73.7,53,19,43,19
2017-10-01,21:49,0,470,406,22.7,73.7,53,19,44,19
2017-10-01,21:49,0,472,404,22.7,73.6,53,19,43,19
2017-10-01,21:49,0,470,406,22.7,73.3,53,19,43,19
2017-10-01,21:50,0,472,405,22.7,73.2,53,19,43,19
2017-10-01,21:50,1,471,405,22.8,73.4,53,19,44,19
2017-10-01,21:50,0,471,404,22.8,73.2,53,19,43,19
2017-10-01,21:50,0,471,404,22.8,73.1,53,19,44,19
2017-10-01,21:50,0,469,406,22.8,73.0,53,19,43,19
2017-10-01,21:50,0,468,405,22.8,73.0,53,19,43,19
2017-10-01,21:50,0,471,405,22.8,72.9,53,19,43,19
2017-10-01,21:50,0,467,405,22.8,72.8,53,19,43,19
2017-10-01,21:51,0,467,403,22.8,72.7,53,19,44,19
2017-10-01,21:51,0,345,2,22.8,72.7,52,19,44,19
2017-10-01,21:51,0,343,0,22.9,72.6,53,19,44,19
2017-10-01,21:51,0,343,0,22.9,72.6,52,19,44,19
2017-10-01,21:51,0,340,0,22.9,72.4,52,19,44,19
2017-10-01,21:51,0,344,0,22.9,72.4,52,19,43,19
2017-10-01,21:51,0,343,2,22.9,72.2,52,19,44,19
2017-10-01,21:51,0,344,1,23.0,72.3,52,19,44,19
2017-10-01,21:52,0,343,2,23.0,72.1,52,20,43,19
2017-10-01,21:52,0,345,0,23.0,72.1,52,19,44,19
2017-10-01,21:52,0,347,0,23.0,72.0,52,19,43,19
2017-10-01,21:52,0,341,0,23.0,71.9,52,19,43,19
2017-10-01,21:52,0,344,0,23.0,71.8,52,19,44,19
2017-10-01,21:52,0,347,0,23.0,71.7,52,19,43,19
2017-10-01,21:52,0,344,0,23.0,71.6,52,19,44,19
2017-10-01,21:53,0,343,0,23.1,71.6,52,19,44,19
2017-10-01,21:53,0,344,0,23.1,71.6,52,19,43,19
2017-10-01,21:53,0,339,0,23.1,71.5,52,19,44,19
2017-10-01,21:53,0,347,0,23.1,71.5,52,19,43,19
2017-10-01,21:53,0,341,0,23.1,71.2,52,19,44,19
2017-10-01,21:53,0,344,0,23.1,71.2,52,19,44,19
2017-10-01,21:53,0,343,2,23.1,71.1,52,19,43,19
2017-10-01,21:53,0,343,0,23.1,71.2,51,19,44,19
2017-10-01,21:54,0,344,1,23.1,71.2,51,19,43,19
2017-10-01,21:54,0,344,0,23.1,71.2,51,19,44,19
2017-10-01,21:54,0,344,0,23.1,71.2,51,19,43,19
2017-10-01,21:54,0,343,0,23.1,71.1,51,19,44,19
2017-10-01,21:54,0,346,1,23.1,71.0,51,20,43,19
2017-10-01,21:54,0,343,0,23.1,71.1,51,20,43,19
2017-10-01,21:54,0,343,1,23.1,71.1,51,19,43,19
2017-10-01,21:54,0,340,0,23.1,71.1,51,19,43,19
2017-10-01,21:55,0,342,1,23.1,71.1,51,19,43,19
2017-10-01,21:55,0,345,0,23.1,71.0,51,20,44,19
2017-10-01,21:55,0,342,0,23.2,71.0,51,20,43,19
2017-10-01,21:55,0,343,0,23.2,71.0,51,20,43,19
2017-10-01,21:55,0,343,0,23.2,71.0,51,20,43,19
2017-10-01,21:55,0,343,0,23.2,71.0,51,20,43,19
2017-10-01,21:55,0,341,0,23.2,70.9,51,20,43,19
2017-10-01,21:56,0,342,0,23.2,70.9,50,20,43,19
2017-10-01,21:56,0,343,1,23.2,70.9,51,20,43,19
2017-10-01,21:56,0,343,1,23.2,70.8,51,20,43,19
2017-10-01,21:56,0,343,0,23.1,70.9,51,20,43,19
2017-10-01,21:56,0,345,0,23.2,70.8,50,20,43,19
2017-10-01,21:56,0,337,0,23.1,70.8,50,20,43,19
2017-10-01,21:56,0,344,0,23.1,70.8,50,19,43,20
2017-10-01,21:56,0,344,1,23.2,70.8,51,19,43,19
2017-10-01,21:57,0,343,0,23.2,70.8,50,20,43,19
2017-10-01,21:57,0,340,0,23.2,70.8,50,20,43,19
2017-10-01,21:57,0,344,1,23.1,70.8,50,19,43,19
2017-10-01,21:57,0,345,0,23.2,70.8,50,20,43,19
2017-10-01,21:57,0,5,1,23.2,70.8,50,20,43,19
2017-10-01,21:57,0,179,0,23.2,70.8,50,20,43,19
2017-10-01,21:57,0,0,0,23.1,70.6,50,20,43,19
2017-10-01,21:57,0,2,0,23.2,70.7,50,20,43,19
2017-10-01,21:58,0,0,0,23.1,70.8,50,20,43,19
2017-10-01,21:58,0,0,0,23.1,70.8,50,20,43,19
2017-10-01,21:58,0,0,0,23.1,70.9,50,20,43,19
2017-10-01,21:58,0,0,0,23.1,70.7,50,20,43,19
2017-10-01,21:58,0,0,0,23.1,70.8,50,20,43,19
2017-10-01,21:58,0,1,0,23.1,70.8,50,20,43,19
2017-10-01,21:58,0,0,0,23.1,70.8,50,19,43,20
2017-10-01,21:59,0,0,0,23.1,70.8,50,20,43,19
2017-10-01,21:59,0,0,0,23.1,70.7,50,19,43,20
2017-10-01,21:59,0,2,0,23.1,70.7,50,20,43,19
2017-10-01,21:59,0,0,0,23.1,70.7,50,20,43,19
2017-10-01,21:59,0,0,0,23.1,70.8,50,20,43,19
2017-10-01,21:59,0,0,0,23.1,70.7,50,20,43,19
2017-10-01,21:59,0,4,0,23.1,70.7,50,20,43,19
2017-10-01,21:59,0,0,0,23.1,70.5,50,20,43,19
2017-10-01,22:00,0,0,0,23.1,70.6,50,20,43,19
2017-10-01,22:00,0,0,0,23.1,70.7,50,20,43,19
2017-10-01,22:00,0,0,0,23.1,70.8,50,19,43,19
2017-10-01,22:00,0,0,0,23.1,70.8,50,20,43,19
2017-10-01,22:00,0,0,0,23.1,70.8,50,20,43,19
2017-10-01,22:00,0,0,0,23.1,70.7,50,20,43,19
2017-10-01,22:00,0,0,0,23.1,70.7,50,20,43,19
2017-10-01,22:00,0,0,0,23.2,70.7,50,20,43,19
2017-10-01,22:01,0,0,0,23.2,70.7,50,20,43,19
2017-10-01,22:01,0,0,0,23.2,70.7,50,20,43,19
2017-10-01,22:01,0,0,0,23.2,70.7,50,20,43,19
2017-10-01,22:01,0,0,0,23.2,70.7,50,20,43,19
2017-10-01,22:01,0,2,0,23.2,70.6,50,20,43,19
2017-10-01,22:01,0,0,0,23.2,70.6,49,20,43,19
2017-10-01,22:01,0,0,0,23.2,70.6,50,20,43,19
2017-10-01,22:02,0,0,0,23.2,70.6,49,20,43,19
2017-10-01,22:02,0,0,0,23.2,70.6,49,20,43,19
2017-10-01,22:02,0,1,0,23.2,70.5,50,20,43,19
2017-10-01,22:02,0,0,0,23.2,70.5,50,20,43,19
2017-10-01,22:02,0,4,0,23.2,70.3,49,20,42,19
2017-10-01,22:02,0,0,0,23.2,70.3,49,20,43,19
2017-10-01,22:02,0,0,0,23.2,70.4,49,20,43,19
2017-10-01,22:02,0,0,0,23.2,70.5,49,20,43,19
2017-10-01,22:03,0,0,0,23.2,70.5,49,20,42,19
2017-10-01,22:03,0,0,0,23.2,70.4,49,20,43,19
2017-10-01,22:03,0,0,0,23.2,70.4,50,20,43,19
2017-10-01,22:03,0,0,0,23.2,70.3,49,20,43,19
2017-10-01,22:03,0,0,0,23.2,70.4,49,20,43,19
2017-10-01,22:03,0,0,0,23.2,70.4,49,20,42,19
2017-10-01,22:03,0,0,0,23.2,70.4,49,20,43,19
2017-10-01,22:03,0,0,0,23.2,70.4,49,20,42,19
2017-10-01,22:04,0,0,0,23.2,70.4,49,20,42,19
2017-10-01,22:04,0,1,0,23.2,70.4,49,20,42,19
2017-10-01,22:04,0,0,0,23.2,70.4,49,20,43,19
2017-10-01,22:04,0,0,0,23.2,70.4,49,20,43,19
2017-10-01,22:04,0,0,0,23.2,70.3,49,20,42,19
2017-10-01,22:04,0,0,0,23.2,70.3,49,20,43,19
2017-10-01,22:04,0,0,0,23.2,70.3,49,20,43,19
2017-10-01,22:05,0,0,0,23.2,70.3,49,20,42,19
2017-10-01,22:05,0,0,0,23.1,70.4,49,20,42,19
2017-10-01,22:05,0,0,0,23.2,70.4,49,20,43,19
2017-10-01,22:05,0,0,0,23.1,70.3,49,20,42,19
2017-10-01,22:05,0,0,0,23.2,70.3,49,20,43,19
2017-10-01,22:05,0,0,0,23.1,70.3,49,20,43,19
2017-10-01,22:05,0,0,0,23.1,70.3,49,20,43,19
2017-10-01,22:05,0,0,0,23.1,70.3,49,20,42,19
2017-10-01,22:06,0,0,0,23.2,70.2,49,20,43,19
2017-10-01,22:06,0,0,0,23.1,70.3,49,21,42,19
2017-10-01,22:06,0,0,0,23.1,70.2,49,20,42,19
2017-10-01,22:06,0,0,0,23.1,70.3,49,20,43,19
2017-10-01,22:06,0,0,0,23.1,70.4,49,20,42,19
2017-10-01,22:06,0,0,0,23.1,70.4,49,20,43,19
2017-10-01,22:06,0,0,0,23.1,70.4,49,20,42,19
2017-10-01,22:06,0,0,0,23.1,70.3,49,20,43,19
2017-10-01,22:07,0,0,0,23.1,70.3,49,20,42,19
2017-10-01,22:07,0,0,0,23.1,70.4,49,21,42,19
2017-10-01,22:07,0,0,0,23.1,70.5,49,20,42,19
2017-10-01,22:07,0,1,0,23.1,70.3,49,20,43,19
2017-10-01,22:07,0,0,0,23.1,70.3,49,20,43,19
2017-10-01,22:07,0,0,0,23.1,70.5,48,20,42,19
2017-10-01,22:07,0,0,0,23.1,70.5,49,20,42,19
2017-10-01,22:08,0,0,0,23.1,70.5,49,20,42,19
2017-10-01,22:08,0,0,0,23.1,70.5,49,20,42,19
2017-10-01,22:08,0,0,0,23.1,70.5,49,20,42,19
2017-10-01,22:08,0,0,0,23.1,70.5,49,20,42,20
2017-10-01,22:08,0,0,0,23.1,70.5,49,20,42,19
2017-10-01,22:08,0,0,0,23.1,70.4,49,20,42,19
2017-10-01,22:08,0,0,0,23.1,70.5,48,20,42,19
2017-10-01,22:08,0,0,0,23.1,70.4,49,20,42,19
2017-10-01,22:09,0,1,0,23.1,70.5,49,20,42,19
2017-10-01,22:09,0,0,0,23.1,70.5,48,21,42,19
2017-10-01,22:09,0,0,0,23.1,70.5,48,20,42,19
2017-10-01,22:09,0,0,0,23.1,70.5,48,20,42,19
2017-10-01,22:09,0,0,0,23.1,70.6,49,20,42,19
2017-10-01,22:09,0,1,0,23.1,70.5,48,20,42,19
2017-10-01,22:09,0,0,0,23.1,70.5,48,21,42,19
2017-10-01,22:09,0,0,0,23.1,70.5,48,20,42,19
2017-10-01,22:10,0,0,0,23.1,70.5,48,20,42,19
2017-10-01,22:10,0,0,0,23.0,70.4,48,21,42,19
2017-10-01,22:10,0,1,0,23.1,70.4,48,20,42,19
2017-10-01,22:10,0,0,0,23.1,70.4,48,20,42,19
2017-10-01,22:10,0,0,0,23.1,70.3,48,20,42,19
2017-10-01,22:10,0,0,0,23.1,70.3,48,20,42,20
2017-10-01,22:10,0,0,0,23.1,70.4,48,20,43,19
2017-10-01,22:11,0,1,0,23.1,70.4,48,21,42,19
2017-10-01,22:11,0,0,0,23.1,70.4,48,20,42,19
2017-10-01,22:11,0,0,0,23.0,70.3,48,20,42,19
2017-10-01,22:11,0,0,0,23.1,70.4,48,20,42,19
2017-10-01,22:11,0,0,0,23.0,70.4,48,20,42,19
2017-10-01,22:11,0,2,0,23.1,70.5,48,20,42,19
2017-10-01,22:11,0,1,0,23.0,70.4,48,21,42,19
2017-10-01,22:11,0,0,0,23.0,70.4,49,20,42,19
2017-10-01,22:12,0,0,0,23.0,70.4,48,20,42,19
2017-10-01,22:12,0,0,0,23.0,70.3,48,21,42,19
2017-10-01,22:12,0,0,0,23.0,70.3,48,20,42,19
2017-10-01,22:12,0,0,0,23.0,70.2,48,20,42,19
2017-10-01,22:12,0,0,0,23.0,70.2,48,20,42,19
2017-10-01,22:12,0,0,0,23.1,70.4,48,20,42,19
2017-10-01,22:12,0,0,0,23.0,70.3,48,21,42,19
2017-10-01,22:12,0,0,0,23.0,70.3,48,21,42,19
2017-10-01,22:13,0,0,0,23.0,70.3,48,21,42,19
2017-10-01,22:13,0,0,0,23.0,70.3,48,20,42,19
2017-10-01,22:13,0,0,0,23.0,70.1,48,20,42,19
2017-10-01,22:13,0,0,0,23.0,70.3,48,21,42,19
2017-10-01,22:13,0,0,0,23.0,70.3,48,21,42,19
2017-10-01,22:13,0,0,0,23.0,70.3,48,21,42,19
2017-10-01,22:13,0,0,0,23.0,70.3,48,20,42,19
2017-10-01,22:13,0,0,0,23.0,70.4,48,20,42,19
2017-10-01,22:14,0,0,0,23.0,70.2,48,21,42,19
2017-10-01,22:14,0,0,0,23.0,70.3,48,20,42,19
2017-10-01,22:14,0,0,0,23.0,70.3,48,21,42,19
2017-10-01,22:14,0,4,0,23.0,70.4,48,21,42,19
2017-10-01,22:14,0,0,0,23.0,70.2,48,21,42,19
2017-10-01,22:14,0,0,0,23.0,70.3,48,20,42,19
2017-10-01,22:14,0,0,0,23.0,70.3,48,20,42,19
2017-10-01,22:15,0,1,0,23.0,70.3,48,21,42,19
2017-10-01,22:15,0,0,0,23.0,70.3,48,20,42,19
2017-10-01,22:15,0,0,0,23.0,70.4,48,21,42,19
2017-10-01,22:15,0,0,0,23.0,70.3,48,20,42,19
2017-10-01,22:15,0,0,0,23.0,70.4,48,21,42,19
2017-10-01,22:15,0,0,0,23.0,70.4,48,20,42,19
2017-10-01,22:15,0,0,0,23.0,70.3,48,20,42,19
2017-10-01,22:15,0,0,0,23.0,70.3,48,21,42,19
2017-10-01,22:16,0,2,0,23.0,70.3,48,21,42,19
2017-10-01,22:16,0,0,0,23.0,70.2,48,21,42,19
2017-10-01,22:16,0,0,0,23.0,70.2,48,21,42,19
2017-10-01,22:16,0,0,0,23.0,70.3,48,20,42,19
2017-10-01,22:16,0,1,0,23.0,70.3,48,20,42,19
2017-10-01,22:16,0,0,0,23.0,70.2,48,20,42,19
2017-10-01,22:16,0,0,0,23.0,70.2,48,21,42,19
2017-10-01,22:16,0,2,0,23.0,70.2,48,21,42,19
2017-10-01,22:17,0,0,0,23.0,70.2,48,21,42,19
2017-10-01,22:17,0,0,0,23.0,70.2,48,20,42,19
2017-10-01,22:17,0,0,0,23.0,70.2,48,21,42,19
2017-10-01,22:17,0,0,0,23.0,70.2,48,21,42,19
2017-10-01,22:17,0,0,0,23.0,70.2,48,21,42,19
2017-10-01,22:17,0,0,0,23.0,70.2,48,20,42,20
2017-10-01,22:17,0,0,0,23.0,70.2,48,20,41,19
2017-10-01,22:18,0,0,0,23.0,70.2,48,21,42,19
2017-10-01,22:18,0,1,0,23.0,70.2,48,21,42,19
2017-10-01,22:18,0,0,0,23.0,70.2,48,21,42,19
2017-10-01,22:18,0,0,0,23.0,70.0,48,21,42,19
2017-10-01,22:18,0,1,0,23.0,70.1,48,20,42,19
2017-10-01,22:18,0,0,0,23.0,70.2,48,21,41,19
2017-10-01,22:18,0,0,0,23.0,70.2,48,21,42,19
2017-10-01,22:18,0,0,0,23.0,70.2,48,21,41,19
2017-10-01,22:19,0,2,0,23.0,70.2,48,21,42,19
2017-10-01,22:19,0,0,0,23.0,70.3,48,20,41,19
2017-10-01,22:19,0,0,0,22.9,70.3,48,20,41,19
2017-10-01,22:19,0,0,0,22.9,70.3,48,21,42,19
2017-10-01,22:19,0,0,0,22.9,70.3,48,21,42,19
2017-10-01,22:19,0,4,0,22.9,70.3,48,21,42,19
2017-10-01,22:19,0,0,0,23.0,70.3,48,20,41,19
2017-10-01,22:19,0,0,0,22.9,70.3,48,21,42,20
2017-10-01,22:20,0,4,0,23.0,70.3,48,20,42,19
2017-10-01,22:20,0,0,0,23.0,70.2,48,21,41,20
2017-10-01,22:20,0,3,0,23.0,70.2,48,20,41,19
2017-10-01,22:20,0,0,0,23.0,70.2,48,20,42,19
2017-10-01,22:20,0,0,0,22.9,70.2,48,21,41,19
2017-10-01,22:20,0,0,0,22.9,70.2,48,21,41,19
2017-10-01,22:20,0,0,0,22.9,70.2,48,21,41,19
2017-10-01,22:21,0,0,0,22.9,70.2,48,21,41,19
2017-10-01,22:21,0,0,0,23.0,70.2,48,21,41,19
2017-10-01,22:21,0,0,0,22.9,70.1,48,20,42,19
2017-10-01,22:21,0,0,0,23.0,70.2,48,21,42,19
2017-10-01,22:21,0,0,0,22.9,70.2,48,20,41,19
2017-10-01,22:21,0,0,0,22.9,70.2,48,21,42,19
2017-10-01,22:21,0,0,0,22.9,70.2,48,21,41,19
2017-10-01,22:21,0,0,0,22.9,70.2,48,20,41,19
2017-10-01,22:22,0,0,0,22.9,70.1,48,21,42,19
2017-10-01,22:22,0,0,0,22.9,70.2,48,21,41,19
2017-10-01,22:22,0,0,0,22.9,70.2,48,20,42,19
2017-10-01,22:22,0,0,0,22.9,70.2,48,21,41,19
2017-10-01,22:22,0,0,0,22.9,70.2,48,20,41,19
2017-10-01,22:22,0,0,0,22.9,70.2,48,21,41,19
2017-10-01,22:22,0,4,0,22.9,70.2,48,20,41,19
2017-10-01,22:22,0,0,0,22.9,70.2,48,21,41,19
2017-10-01,22:23,0,0,0,22.9,70.2,48,20,42,19
2017-10-01,22:23,0,0,0,22.9,70.2,48,21,41,19
2017-10-01,22:23,0,0,0,22.9,70.2,48,20,42,19
2017-10-01,22:23,0,0,0,22.9,70.2,48,21,41,19
2017-10-01,22:23,0,3,0,22.9,70.2,48,20,41,19
2017-10-01,22:23,0,0,0,22.9,70.2,48,21,41,19
2017-10-01,22:23,0,0,0,22.9,70.2,48,20,41,19
2017-10-01,22:24,0,0,0,22.9,70.2,48,20,41,19
2017-10-01,22:24,0,0,0,22.9,70.2,48,20,41,20
2017-10-01,22:24,0,2,0,22.9,70.2,48,21,41,19
2017-10-01,22:24,0,0,0,22.9,70.2,48,21,41,19
2017-10-01,22:24,0,0,0,22.9,70.1,48,21,41,19
2017-10-01,22:24,0,0,0,22.9,70.2,48,21,42,19
2017-10-01,22:24,0,0,0,22.9,70.2,47,21,42,19
2017-10-01,22:24,0,0,0,22.9,70.2,48,21,41,19
2017-10-01,22:25,0,0,0,22.9,70.2,48,21,41,19
2017-10-01,22:25,0,0,1,22.9,70.0,48,21,41,19
2017-10-01,22:25,0,0,0,22.9,70.0,47,21,41,19
2017-10-01,22:25,0,0,0,22.9,70.0,47,21,41,19
2017-10-01,22:25,0,0,0,22.9,70.1,47,21,42,19
2017-10-01,22:25,0,2,0,22.9,70.0,48,21,41,19
2017-10-01,22:25,0,0,0,22.9,70.0,47,21,41,19
2017-10-01,22:25,0,0,0,22.9,70.1,47,21,41,19
2017-10-01,22:26,0,0,0,22.9,70.0,47,21,41,19
2017-10-01,22:26,0,0,0,22.9,70.2,48,21,41,19
2017-10-01,22:26,0,0,0,22.8,70.2,48,21,41,19
2017-10-01,22:26,0,0,0,22.8,70.3,48,21,41,19
2017-10-01,22:26,0,0,0,22.9,70.2,47,21,41,19
2017-10-01,22:26,0,0,0,22.8,70.3,48,21,41,19
2017-10-01,22:26,0,0,0,22.8,70.2,48,21,41,19
2017-10-01,22:27,0,0,0,22.8,70.2,47,21,41,19
2017-10-01,22:27,0,0,0,22.8,70.2,48,21,41,19
2017-10-01,22:27,0,0,0,22.8,70.2,47,21,41,19
2017-10-01,22:27,0,0,0,22.8,70.2,48,21,41,19
2017-10-01,22:27,0,0,0,22.9,70.3,47,21,41,19
2017-10-01,22:27,0,0,0,22.9,70.3,47,21,41,19
2017-10-01,22:27,0,0,0,22.9,70.2,48,21,41,20
2017-10-01,22:27,0,0,0,22.8,70.1,47,21,41,19
2017-10-01,22:28,0,0,0,22.8,70.1,47,20,41,19
2017-10-01,22:28,0,0,0,22.8,70.2,47,21,41,19
2017-10-01,22:28,0,0,0,22.8,70.1,48,21,41,19
2017-10-01,22:28,0,0,0,22.8,70.1,47,21,41,19
2017-10-01,22:28,0,0,0,22.8,70.1,48,21,41,19
2017-10-01,22:28,0,0,0,22.8,70.1,47,21,41,19
2017-10-01,22:28,0,0,0,22.9,70.2,47,21,41,19
2017-10-01,22:28,0,0,0,22.9,70.2,47,21,41,19
2017-10-01,22:29,0,0,0,22.9,70.2,47,21,41,19
2017-10-01,22:29,0,0,0,22.9,70.2,47,21,41,19
2017-10-01,22:29,0,0,0,22.9,70.1,47,21,41,19
2017-10-01,22:29,0,0,0,22.9,70.1,47,20,41,19
2017-10-01,22:29,0,0,0,22.9,70.1,48,21,41,19
2017-10-01,22:29,0,0,0,22.8,70.0,47,21,41,19
2017-10-01,22:29,0,0,0,22.9,70.1,47,21,41,19
2017-10-01,22:30,0,0,0,22.9,70.1,48,21,41,19
2017-10-01,22:30,0,0,0,22.9,70.1,47,21,41,19
2017-10-01,22:30,0,0,0,22.9,70.2,47,21,41,19
2017-10-01,22:30,0,0,0,22.8,70.0,47,21,41,19
2017-10-01,22:30,0,0,0,22.9,70.1,48,21,41,19
2017-10-01,22:30,0,0,0,22.9,70.1,47,21,41,19
2017-10-01,22:30,0,1,0,22.9,70.1,47,21,41,19
2017-10-01,22:30,0,0,0,22.9,70.1,47,21,41,19
2017-10-01,22:31,0,0,0,22.9,70.1,47,21,41,19
2017-10-01,22:31,0,0,0,22.9,70.1,47,21,41,19
2017-10-01,22:31,0,0,0,22.9,70.1,48,21,41,19
2017-10-01,22:31,0,0,0,22.9,70.0,47,21,41,19
2017-10-01,22:31,0,0,0,22.9,70.0,47,21,41,19
2017-10-01,22:31,0,0,0,22.9,70.0,47,21,41,19
2017-10-01,22:31,0,0,0,22.9,70.0,48,21,41,19
2017-10-01,22:31,0,0,0,22.9,70.0,47,21,41,19
2017-10-01,22:32,0,1,0,22.9,69.9,47,21,41,19
2017-10-01,22:32,0,0,0,22.9,69.9,47,21,41,19
2017-10-01,22:32,0,0,0,22.9,69.9,47,21,41,19
2017-10-01,22:32,0,1,0,22.9,69.9,47,21,41,19
2017-10-01,22:32,0,0,0,22.9,69.9,47,21,41,19
2017-10-01,22:32,0,1,0,22.9,69.9,47,21,41,19
2017-10-01,22:32,0,0,0,22.9,69.8,47,21,41,19
2017-10-01,22:33,0,0,0,22.9,69.7,47,21,41,19
2017-10-01,22:33,0,0,0,22.9,69.7,47,21,41,19
2017-10-01,22:33,0,0,0,22.9,69.8,47,21,41,19
2017-10-01,22:33,0,0,0,22.9,69.9,47,21,41,19
2017-10-01,22:33,0,0,0,22.9,69.9,47,21,41,19
2017-10-01,22:33,0,0,0,22.8,69.8,47,21,41,19
2017-10-01,22:33,0,0,0,22.8,69.9,47,21,41,19
2017-10-01,22:33,0,0,0,22.8,69.8,47,21,41,19
2017-10-01,22:34,0,0,0,22.8,69.8,47,21,41,19
2017-10-01,22:34,0,0,0,22.8,69.8,47,21,41,19
2017-10-01,22:34,0,0,0,22.8,69.8,47,21,41,19
2017-10-01,22:34,0,0,0,22.8,69.9,47,21,41,19
2017-10-01,22:34,0,0,0,22.8,70.0,47,21,41,19
2017-10-01,22:34,0,0,0,22.8,69.9,47,21,41,19
2017-10-01,22:34,0,0,0,22.8,69.9,47,21,41,19
2017-10-01,22:34,0,0,0,22.8,69.9,47,21,41,19
2017-10-01,22:35,0,0,0,22.8,69.9,47,21,41,19
2017-10-01,22:35,0,0,0,22.8,69.9,47,21,41,19
2017-10-01,22:35,0,2,0,22.9,70.0,47,21,41,19
2017-10-01,22:35,0,0,0,22.8,69.9,47,21,41,19
2017-10-01,22:35,0,0,0,22.8,70.0,47,21,41,19
2017-10-01,22:35,0,0,0,22.8,70.0,47,21,40,19
2017-10-01,22:35,0,0,0,22.8,70.0,47,21,41,19
2017-10-01,22:36,0,2,0,22.8,70.0,47,21,41,19
2017-10-01,22:36,0,1,0,22.8,70.0,47,21,41,19
2017-10-01,22:36,0,1,0,22.8,69.9,47,21,41,19
2017-10-01,22:36,0,0,0,22.9,70.0,47,21,41,19
2017-10-01,22:36,0,0,0,22.8,69.9,47,21,41,19
2017-10-01,22:36,0,0,0,22.8,69.9,47,21,41,19
2017-10-01,22:36,0,1,0,22.8,69.8,47,21,41,20
2017-10-01,22:36,0,0,0,22.8,69.8,47,21,41,19
2017-10-01,22:37,0,0,0,22.8,69.9,47,21,41,19
2017-10-01,22:37,0,0,0,22.8,69.8,47,21,41,19
2017-10-01,22:37,0,0,0,22.8,69.8,47,21,41,19
2017-10-01,22:37,0,0,0,22.8,69.8,47,21,41,19
2017-10-01,22:37,0,0,0,22.8,69.8,47,21,40,19
2017-10-01,22:37,1,0,0,22.8,69.8,47,21,41,19
2017-10-01,22:37,0,0,0,22.8,69.7,47,21,41,19
2017-10-01,22:37,0,0,0,22.8,69.8,47,21,41,19
2017-10-01,22:38,0,0,0,22.8,69.8,47,21,41,19
2017-10-01,22:38,0,0,0,22.8,69.8,47,21,41,19
2017-10-01,22:38,0,0,0,22.8,69.8,47,21,41,19
2017-10-01,22:38,0,0,0,22.8,69.8,47,21,40,19
2017-10-01,22:38,0,0,0,22.8,69.7,47,21,41,19
2017-10-01,22:38,0,0,0,22.8,69.8,47,21,41,20
2017-10-01,22:38,0,5,0,22.8,69.7,47,21,41,19
2017-10-01,22:38,0,0,0,22.8,69.8,47,21,41,19
2017-10-01,22:39,0,0,0,22.8,69.9,47,21,41,19
2017-10-01,22:39,0,0,0,22.8,69.9,47,21,41,19
2017-10-01,22:39,0,0,0,22.8,69.9,47,21,41,19
2017-10-01,22:39,0,0,0,22.8,69.8,47,21,41,19
2017-10-01,22:39,0,0,0,22.8,69.8,47,21,41,19
2017-10-01,22:39,0,0,0,22.8,69.8,47,21,41,19
2017-10-01,22:39,0,0,0,22.8,69.8,47,21,41,19
2017-10-01,22:40,0,0,0,22.8,69.8,47,21,41,19
2017-10-01,22:40,0,0,0,22.8,69.8,47,21,41,19
2017-10-01,22:40,0,0,0,22.8,69.7,47,21,40,19
2017-10-01,22:40,0,0,0,22.8,69.8,47,21,41,19
2017-10-01,22:40,0,2,0,22.8,69.8,47,21,41,19
2017-10-01,22:40,0,0,0,22.8,69.9,47,21,40,19
2017-10-01,22:40,0,2,0,22.8,69.8,47,21,40,19
2017-10-01,22:40,0,0,0,22.8,69.9,47,21,40,19
2017-10-01,22:41,0,0,0,22.8,69.9,47,21,40,19
2017-10-01,22:41,0,0,0,22.8,69.8,47,21,41,19
2017-10-01,22:41,0,0,0,22.8,69.9,47,21,40,19
2017-10-01,22:41,0,0,0,22.8,69.9,47,21,40,19
2017-10-01,22:41,0,0,0,22.8,70.0,47,21,41,19
2017-10-01,22:41,0,1,0,22.8,70.0,47,21,41,19
2017-10-01,22:41,0,0,0,22.8,70.0,47,21,41,19
2017-10-01,22:41,0,0,0,22.8,70.0,47,21,41,20
2017-10-01,22:42,0,0,0,22.8,70.0,47,21,41,19
2017-10-01,22:42,0,0,0,22.8,70.0,47,21,41,19
2017-10-01,22:42,0,0,0,22.8,69.9,47,21,40,19
2017-10-01,22:42,0,0,0,22.8,69.9,47,21,41,19
2017-10-01,22:42,0,0,0,22.8,69.8,47,21,40,19
2017-10-01,22:42,0,0,0,22.8,69.9,47,21,41,19
2017-10-01,22:42,0,0,0,22.7,70.0,47,21,40,19
2017-10-01,22:43,0,0,0,22.7,70.1,47,21,41,19
2017-10-01,22:43,0,0,0,22.7,70.1,47,21,40,19
2017-10-01,22:43,0,0,0,22.8,70.0,47,21,40,19
2017-10-01,22:43,0,0,0,22.7,70.0,47,21,41,19
2017-10-01,22:43,0,3,0,22.8,70.0,47,21,40,19
2017-10-01,22:43,0,0,0,22.7,70.1,47,21,41,19
2017-10-01,22:43,0,1,0,22.7,70.1,47,21,40,19
2017-10-01,22:43,0,0,0,22.7,70.1,47,21,40,19
2017-10-01,22:44,0,0,0,22.7,70.1,47,21,41,19
2017-10-01,22:44,0,0,0,22.7,70.1,47,21,40,19
2017-10-01,22:44,0,0,0,22.7,70.1,47,21,41,19
2017-10-01,22:44,0,1,0,22.8,70.1,47,21,40,19
2017-10-01,22:44,0,0,0,22.7,70.0,47,21,41,19
2017-10-01,22:44,0,1,0,22.7,70.0,47,21,40,19
2017-10-01,22:44,0,0,0,22.8,69.9,47,21,40,19
2017-10-01,22:44,0,1,0,22.7,70.0,47,21,41,19
2017-10-01,22:45,0,0,0,22.7,69.9,47,21,41,19
2017-10-01,22:45,0,0,0,22.8,69.9,47,21,40,19
2017-10-01,22:45,1,0,0,22.8,69.8,47,21,40,19
2017-10-01,22:45,0,0,0,22.8,69.9,47,21,41,19
2017-10-01,22:45,0,0,0,22.7,69.9,47,21,40,19
2017-10-01,22:45,0,0,0,22.8,69.9,47,21,40,19
2017-10-01,22:45,0,0,0,22.7,70.0,47,21,41,19
2017-10-01,22:46,0,5,0,22.8,70.0,47,21,40,19
2017-10-01,22:46,0,0,0,22.8,70.0,47,21,40,19
2017-10-01,22:46,0,0,0,22.7,70.0,47,21,40,19
2017-10-01,22:46,0,0,0,22.8,70.0,47,21,40,19
2017-10-01,22:46,0,0,0,22.8,69.9,47,21,41,19
2017-10-01,22:46,0,1,0,22.7,69.9,47,21,40,19
2017-10-01,22:46,0,0,0,22.7,69.9,47,21,41,19
2017-10-01,22:46,0,0,0,22.7,69.9,47,21,40,19
2017-10-01,22:47,0,0,0,22.7,69.9,47,21,40,19
2017-10-01,22:47,0,0,0,22.7,69.9,47,21,41,19
2017-10-01,22:47,0,0,0,22.7,70.0,47,21,40,19
2017-10-01,22:47,0,0,0,22.8,69.9,47,21,40,19
2017-10-01,22:47,0,0,0,22.7,69.9,47,21,41,19
2017-10-01,22:47,0,2,0,22.7,69.9,47,21,40,19
2017-10-01,22:47,0,0,0,22.7,69.8,47,21,41,19
2017-10-01,22:47,0,0,0,22.7,69.9,47,21,40,19
2017-10-01,22:48,0,0,0,22.7,70.0,47,21,40,19
2017-10-01,22:48,0,0,0,22.7,69.9,47,21,40,19
2017-10-01,22:48,0,0,0,22.8,69.9,47,21,40,19
2017-10-01,22:48,0,0,0,22.7,69.9,47,21,40,19
2017-10-01,22:48,0,0,0,22.8,69.9,47,21,40,20
2017-10-01,22:48,0,0,0,22.7,69.8,47,21,40,19
2017-10-01,22:48,0,5,0,22.7,69.8,47,21,40,19
2017-10-01,22:49,0,0,0,22.7,69.9,47,21,40,19
2017-10-01,22:49,0,2,0,22.7,69.8,47,21,40,19
2017-10-01,22:49,0,1,0,22.7,69.9,47,21,40,19
2017-10-01,22:49,0,2,0,22.7,69.9,47,21,40,19
2017-10-01,22:49,0,0,0,22.7,69.8,47,21,40,19
2017-10-01,22:49,0,2,0,22.7,69.9,47,21,40,19
2017-10-01,22:49,0,0,0,22.7,70.0,47,21,40,19
2017-10-01,22:49,0,0,0,22.7,70.0,47,21,40,19
2017-10-01,22:50,0,0,0,22.7,70.0,47,21,41,19
2017-10-01,22:50,0,0,0,22.7,70.0,47,21,40,19
2017-10-01,22:50,0,0,0,22.7,70.0,47,21,40,19
2017-10-01,22:50,0,2,0,22.7,70.0,47,21,40,19
2017-10-01,22:50,0,0,0,22.7,70.0,47,21,40,19
2017-10-01,22:50,0,0,0,22.7,70.0,47,21,40,19
2017-10-01,22:50,0,1,0,22.7,70.0,47,21,40,19
2017-10-01,22:50,0,0,0,22.7,70.0,47,21,40,19
2017-10-01,22:51,0,0,0,22.7,69.9,47,21,40,19
2017-10-01,22:51,0,0,0,22.7,69.9,47,21,40,19
2017-10-01,22:51,0,0,0,22.7,69.9,47,21,40,19
2017-10-01,22:51,0,0,0,22.7,70.0,47,21,40,19
2017-10-01,22:51,0,0,0,22.7,70.0,47,21,40,19
2017-10-01,22:51,0,0,0,22.7,70.0,47,21,40,19
2017-10-01,22:51,0,0,0,22.7,69.9,47,21,40,19
2017-10-01,22:52,0,2,0,22.7,69.9,47,21,40,19
2017-10-01,22:52,0,0,0,22.7,69.9,47,21,41,19
2017-10-01,22:52,0,0,0,22.7,69.9,47,21,40,19
2017-10-01,22:52,0,5,0,22.7,69.9,47,21,40,19
2017-10-01,22:52,0,0,0,22.7,69.9,47,21,40,19
2017-10-01,22:52,0,0,0,22.7,69.9,47,21,40,19
2017-10-01,22:52,0,0,0,22.7,69.9,47,21,40,19
2017-10-01,22:52,0,0,0,22.7,69.9,47,21,40,19
2017-10-01,22:53,0,0,0,22.7,69.9,47,21,40,19
2017-10-01,22:53,0,3,0,22.7,69.8,47,21,40,19
2017-10-01,22:53,1,0,0,22.7,69.9,47,21,40,19
2017-10-01,22:53,0,0,0,22.7,69.9,47,21,40,19
2017-10-01,22:53,0,0,0,22.7,70.0,47,21,40,19
2017-10-01,22:53,0,0,0,22.7,69.9,47,21,40,19
2017-10-01,22:53,0,0,0,22.7,69.8,47,21,40,19
2017-10-01,22:53,0,0,0,22.7,69.8,47,21,40,19
2017-10-01,22:54,0,0,0,22.7,69.9,47,21,40,19
2017-10-01,22:54,0,0,0,22.7,69.8,47,21,40,19
2017-10-01,22:54,0,0,0,22.7,69.9,47,21,40,19
2017-10-01,22:54,0,0,0,22.7,69.9,47,21,40,19
2017-10-01,22:54,0,0,0,22.7,69.9,47,21,40,20
2017-10-01,22:54,0,0,0,22.7,69.9,47,21,40,20
2017-10-01,22:54,0,0,0,22.7,69.8,47,21,40,19
2017-10-01,22:55,0,0,0,22.7,69.8,47,21,40,19
2017-10-01,22:55,0,0,0,22.7,69.8,47,21,40,19
2017-10-01,22:55,0,0,0,22.7,69.8,47,21,40,19
2017-10-01,22:55,0,0,0,22.7,69.8,47,21,40,19
2017-10-01,22:55,0,0,0,22.7,69.8,46,21,40,19
2017-10-01,22:55,0,0,0,22.7,69.8,47,21,40,19
2017-10-01,22:55,0,0,0,22.7,69.8,47,21,40,20
2017-10-01,22:55,0,0,0,22.7,69.8,47,21,40,20
2017-10-01,22:56,0,3,0,22.7,69.8,47,21,40,19
2017-10-01,22:56,0,0,0,22.7,69.8,47,21,40,19
2017-10-01,22:56,0,0,0,22.7,69.8,47,21,40,19
2017-10-01,22:56,0,0,0,22.7,69.8,47,21,40,19
2017-10-01,22:56,0,0,0,22.7,69.8,47,21,40,19
2017-10-01,22:56,0,0,0,22.7,69.8,47,21,40,19
2017-10-01,22:56,0,0,0,22.7,69.7,47,21,40,19
2017-10-01,22:56,0,0,0,22.7,69.7,47,21,40,19
2017-10-01,22:57,0,0,0,22.7,69.8,46,21,40,19
2017-10-01,22:57,0,0,0,22.7,69.8,47,21,40,19
2017-10-01,22:57,0,0,0,22.7,69.8,46,21,40,19
2017-10-01,22:57,0,0,0,22.7,69.8,47,21,40,20
2017-10-01,22:57,0,0,0,22.7,69.8,47,21,40,19
2017-10-01,22:57,0,0,0,22.7,69.7,47,21,40,19
2017-10-01,22:57,0,0,0,22.7,69.8,47,21,41,19
2017-10-01,22:58,0,0,0,22.7,69.8,47,21,41,19
2017-10-01,22:58,0,0,0,22.7,69.8,47,21,41,20
2017-10-01,22:58,0,0,0,22.7,69.8,47,21,41,20
2017-10-01,22:58,0,2,0,22.6,69.7,47,21,41,19
2017-10-01,22:58,0,3,0,22.6,69.7,47,21,41,19
2017-10-01,22:58,0,0,0,22.7,69.8,47,21,41,19
2017-10-01,22:58,0,0,0,22.7,69.8,47,21,41,19
2017-10-01,22:58,0,0,0,22.7,69.7,46,21,42,19
2017-10-01,22:59,0,0,0,22.6,69.7,47,21,42,19
2017-10-01,22:59,0,0,0,22.6,69.7,46,21,42,19
2017-10-01,22:59,0,0,0,22.6,69.7,46,21,42,19
2017-10-01,22:59,0,0,0,22.6,69.7,47,21,42,19
2017-10-01,22:59,0,0,0,22.6,69.7,47,21,42,19
2017-10-01,22:59,0,0,0,22.7,69.8,47,21,43,19
2017-10-01,22:59,0,0,0,22.6,69.7,47,21,43,19
2017-10-01,22:59,0,0,0,22.6,69.7,47,21,43,19
2017-10-01,23:00,0,0,0,22.7,69.8,47,20,43,19
2017-10-01,23:00,0,0,0,22.7,69.8,47,20,43,20
2017-10-01,23:00,0,1,0,22.7,69.7,47,21,43,19
2017-10-01,23:00,0,0,0,22.6,69.6,47,21,43,19
2017-10-01,23:00,0,0,0,22.6,69.6,47,21,44,19
2017-10-01,23:00,0,0,0,22.6,69.6,46,21,44,19
2017-10-01,23:00,0,0,0,22.7,69.7,47,21,44,19
2017-10-01,23:01,0,0,0,22.6,69.6,46,21,44,19
2017-10-01,23:01,0,0,0,22.7,69.7,46,21,45,19
2017-10-01,23:01,0,0,0,22.7,69.7,46,21,45,19
2017-10-01,23:01,0,0,0,22.7,69.7,46,21,44,19
2017-10-01,23:01,0,0,0,22.7,69.7,46,21,45,19
2017-10-01,23:01,0,0,0,22.7,69.7,46,21,44,19
2017-10-01,23:01,0,0,0,22.7,69.6,47,21,45,19
2017-10-01,23:01,0,0,0,22.7,69.6,47,21,45,19
2017-10-01,23:02,0,0,0,22.7,69.6,46,21,45,19
2017-10-01,23:02,0,0,0,22.6,69.6,46,21,45,19
2017-10-01,23:02,0,0,0,22.7,69.7,47,21,45,19
2017-10-01,23:02,0,0,0,22.6,69.6,47,21,45,19
2017-10-01,23:02,0,0,0,22.6,69.6,47,21,45,19
2017-10-01,23:02,0,0,0,22.6,69.6,47,20,45,20
2017-10-01,23:02,0,0,1,22.7,69.7,47,20,45,19
2017-10-01,23:02,0,0,0,22.7,69.6,46,20,45,19
2017-10-01,23:03,0,0,1,22.7,69.6,47,21,45,19
2017-10-01,23:03,0,0,0,22.7,69.6,46,20,46,19
2017-10-01,23:03,0,0,0,22.7,69.6,46,20,45,19
2017-10-01,23:03,0,0,0,22.7,69.6,47,21,45,19
2017-10-01,23:03,0,0,0,22.6,69.4,47,21,45,19
2017-10-01,23:03,0,0,0,22.6,69.4,47,21,46,19
2017-10-01,23:03,0,0,0,22.6,69.4,47,21,45,19
2017-10-01,23:03,0,0,0,22.7,69.7,46,20,45,19
2017-10-01,23:04,0,0,0,22.6,69.6,46,20,45,19
2017-10-01,23:04,0,1,0,22.7,69.7,47,20,46,19
2017-10-01,23:04,0,0,0,22.6,69.6,46,20,46,20
2017-10-01,23:04,0,0,0,22.6,69.6,46,20,46,19
2017-10-01,23:04,0,0,0,22.6,69.7,47,20,46,19
2017-10-01,23:04,0,0,0,22.6,69.5,47,20,46,19
2017-10-01,23:04,0,0,0,22.6,69.5,46,20,46,19
2017-10-01,23:05,0,0,0,22.6,69.6,46,20,46,20
2017-10-01,23:05,0,0,0,22.6,69.5,47,20,46,19
2017-10-01,23:05,0,4,0,22.6,69.5,46,20,46,20
2017-10-01,23:05,0,0,0,22.6,69.5,46,21,46,19
2017-10-01,23:05,0,0,0,22.6,69.6,46,20,46,20
2017-10-01,23:05,0,0,0,22.6,69.5,47,21,46,19
2017-10-01,23:05,0,0,0,22.6,69.5,46,20,46,20
2017-10-01,23:05,0,0,0,22.6,69.5,46,21,46,19
2017-10-01,23:06,0,0,0,22.6,69.6,47,20,46,20
2017-10-01,23:06,0,4,0,22.6,69.6,47,21,46,19
2017-10-01,23:06,0,0,0,22.6,69.7,46,20,46,19
2017-10-01,23:06,0,0,0,22.6,69.6,46,21,46,19
2017-10-01,23:06,0,3,0,22.6,69.7,47,21,46,19
2017-10-01,23:06,0,0,0,22.6,69.6,46,20,46,19
2017-10-01,23:06,0,0,0,22.6,69.5,46,21,46,19
2017-10-01,23:06,0,2,0,22.6,69.4,47,21,46,19
2017-10-01,23:07,0,0,0,22.6,69.5,46,20,46,19
2017-10-01,23:07,0,1,0,22.6,69.5,47,20,46,19
2017-10-01,23:07,0,0,0,22.6,69.4,47,20,46,19
2017-10-01,23:07,0,0,0,22.6,69.5,47,21,46,19
2017-10-01,23:07,0,0,0,22.6,69.5,47,20,46,19
2017-10-01,23:07,0,0,0,22.6,69.5,46,21,46,19
2017-10-01,23:07,0,4,0,22.6,69.4,47,21,46,19
2017-10-01,23:08,0,0,0,22.6,69.5,47,20,46,19
2017-10-01,23:08,0,0,0,22.6,69.5,47,21,46,19
2017-10-01,23:08,0,0,0,22.6,69.4,46,20,46,19
2017-10-01,23:08,0,0,0,22.6,69.4,47,21,46,19
2017-10-01,23:08,0,0,0,22.6,69.5,47,21,46,19
2017-10-01,23:08,0,0,0,22.6,69.5,46,21,46,20
2017-10-01,23:08,0,0,0,22.6,69.5,47,21,46,19
2017-10-01,23:08,0,0,0,22.6,69.6,47,21,45,19
2017-10-01,23:09,0,0,0,22.6,69.6,46,20,46,19
2017-10-01,23:09,0,0,0,22.6,69.6,47,21,46,19
2017-10-01,23:09,0,0,0,22.6,69.4,47,21,46,19
2017-10-01,23:09,0,0,0,22.6,69.5,47,21,45,19
2017-10-01,23:09,0,0,0,22.6,69.6,47,21,46,20
2017-10-01,23:09,0,0,0,22.6,69.5,47,21,46,19
2017-10-01,23:09,0,0,0,22.6,69.4,47,21,45,20
2017-10-01,23:09,0,0,0,22.6,69.3,46,21,46,19
2017-10-01,23:10,0,4,0,22.6,69.4,47,21,46,19
2017-10-01,23:10,0,0,0,22.6,69.5,47,21,46,19
2017-10-01,23:10,0,0,0,22.6,69.5,46,21,46,19
2017-10-01,23:10,0,0,0,22.6,69.4,47,21,46,19
2017-10-01,23:10,0,0,0,22.6,69.4,47,21,46,19
2017-10-01,23:10,0,0,0,22.6,69.4,46,21,46,19
2017-10-01,23:10,0,0,0,22.6,69.4,47,21,46,19
2017-10-01,23:11,0,0,0,22.6,69.4,47,21,45,19
2017-10-01,23:11,0,0,0,22.6,69.4,47,21,46,20
2017-10-01,23:11,0,0,0,22.6,69.4,47,21,46,19
2017-10-01,23:11,0,0,0,22.6,69.4,47,21,46,19
2017-10-01,23:11,0,0,0,22.6,69.4,47,21,46,19
2017-10-01,23:11,0,0,0,22.6,69.3,47,21,46,19
2017-10-01,23:11,0,0,0,22.6,69.4,47,21,46,19
2017-10-01,23:11,0,0,0,22.6,69.3,47,21,46,19
2017-10-01,23:12,0,0,0,22.6,69.3,46,21,46,19
2017-10-01,23:12,0,1,0,22.6,69.4,46,21,46,19
2017-10-01,23:12,0,0,0,22.6,69.4,46,21,46,19
2017-10-01,23:12,0,0,0,22.6,69.4,47,21,46,19
2017-10-01,23:12,0,0,0,22.6,69.4,46,21,46,19
2017-10-01,23:12,0,0,0,22.6,69.4,47,21,46,19
2017-10-01,23:12,0,0,0,22.6,69.3,47,21,46,19
2017-10-01,23:12,0,1,0,22.6,69.3,47,21,45,19
2017-10-01,23:13,0,0,0,22.6,69.4,46,21,46,19
2017-10-01,23:13,0,0,0,22.6,69.4,46,21,46,19
2017-10-01,23:13,0,0,0,22.6,69.4,46,21,46,19
2017-10-01,23:13,0,3,0,22.6,69.4,47,21,46,19
2017-10-01,23:13,0,0,0,22.6,69.3,47,20,46,20
2017-10-01,23:13,0,0,0,22.6,69.4,46,21,46,19
2017-10-01,23:13,0,0,0,22.6,69.3,47,21,45,19
2017-10-01,23:14,0,0,0,22.6,69.4,46,21,46,19
2017-10-01,23:14,0,1,0,22.6,69.4,47,21,45,19
2017-10-01,23:14,0,0,0,22.6,69.4,47,21,46,19
2017-10-01,23:14,0,0,0,22.6,69.4,46,21,46,19
2017-10-01,23:14,0,0,0,22.6,69.3,46,21,46,19
2017-10-01,23:14,0,0,0,22.6,69.3,47,21,45,19
2017-10-01,23:14,0,0,0,22.6,69.3,47,21,45,19
2017-10-01,23:14,0,0,0,22.6,69.2,47,21,45,19
2017-10-01,23:15,0,1,0,22.6,69.2,47,21,45,20
2017-10-01,23:15,0,0,0,22.6,69.2,46,21,46,19
2017-10-01,23:15,0,1,0,22.6,69.2,47,21,45,19
2017-10-01,23:15,0,0,0,22.6,69.2,47,21,45,19
2017-10-01,23:15,0,0,0,22.6,69.2,47,21,45,19
2017-10-01,23:15,0,0,0,22.6,69.2,47,21,45,19
2017-10-01,23:15,0,0,0,22.6,69.2,47,21,45,19
2017-10-01,23:15,0,1,0,22.6,69.3,47,21,45,19
2017-10-01,23:16,0,3,0,22.6,69.3,46,21,45,19
2017-10-01,23:16,0,0,0,22.6,69.4,46,21,45,19
2017-10-01,23:16,0,0,0,22.6,69.3,46,21,45,19
2017-10-01,23:16,0,0,0,22.6,69.3,46,21,45,20
2017-10-01,23:16,0,0,0,22.6,69.3,47,21,46,19
2017-10-01,23:16,0,0,0,22.6,69.3,47,21,45,19
2017-10-01,23:16,0,0,0,22.6,69.3,47,21,45,19
2017-10-01,23:17,0,0,0,22.6,69.3,47,21,45,19
2017-10-01,23:17,0,5,0,22.6,69.3,46,21,46,19
2017-10-01,23:17,0,0,0,22.6,69.2,46,20,45,20
2017-10-01,23:17,0,0,0,22.6,69.3,47,21,45,19
2017-10-01,23:17,0,1,0,22.6,69.3,46,21,46,19
2017-10-01,23:17,0,0,0,22.6,69.3,46,21,45,20
2017-10-01,23:17,0,0,0,22.6,69.4,46,21,45,19
2017-10-01,23:17,0,0,0,22.6,69.4,46,21,45,19
2017-10-01,23:18,0,0,0,22.6,69.4,46,21,45,19
2017-10-01,23:18,0,0,0,22.5,69.4,47,21,45,19
2017-10-01,23:18,0,0,0,22.6,69.4,46,21,45,19
2017-10-01,23:18,0,0,0,22.6,69.4,46,21,45,19
2017-10-01,23:18,0,0,0,22.6,69.4,46,21,45,19
2017-10-01,23:18,0,1,0,22.6,69.4,47,21,45,19
2017-10-01,23:18,0,0,0,22.6,69.4,46,21,45,20
2017-10-01,23:18,0,0,0,22.6,69.4,46,21,45,19
2017-10-01,23:19,0,0,0,22.6,69.5,46,21,45,19
2017-10-01,23:19,0,3,0,22.6,69.4,46,21,45,19
2017-10-01,23:19,0,0,0,22.6,69.4,46,21,45,19
2017-10-01,23:19,0,0,0,22.6,69.3,46,21,45,19
2017-10-01,23:19,0,0,0,22.6,69.3,46,21,45,19
2017-10-01,23:19,0,0,0,22.6,69.3,46,21,45,19
2017-10-01,23:19,0,0,0,22.6,69.3,46,21,45,19
2017-10-01,23:20,0,0,0,22.6,69.3,47,21,45,19
2017-10-01,23:20,0,0,0,22.6,69.3,46,21,45,19
2017-10-01,23:20,0,0,0,22.6,69.4,46,21,45,20
2017-10-01,23:20,0,0,0,22.5,69.3,46,21,45,19
2017-10-01,23:20,0,0,0,22.6,69.3,46,21,45,19
2017-10-01,23:20,0,3,0,22.6,69.4,47,21,45,19
2017-10-01,23:20,0,0,0,22.6,69.3,47,21,45,19
2017-10-01,23:20,0,0,0,22.5,69.4,47,21,45,20
2017-10-01,23:21,0,0,0,22.5,69.4,47,21,45,19
2017-10-01,23:21,0,0,0,22.6,69.4,46,21,45,19
2017-10-01,23:21,0,0,0,22.5,69.4,46,21,45,19
2017-10-01,23:21,0,0,0,22.5,69.4,46,21,45,19
2017-10-01,23:21,0,0,0,22.5,69.4,46,21,45,19
2017-10-01,23:21,0,0,0,22.5,69.4,47,21,45,19
2017-10-01,23:21,0,0,0,22.5,69.4,47,21,45,19
2017-10-01,23:21,0,0,0,22.6,69.4,47,21,45,19
2017-10-01,23:22,0,0,0,22.5,69.5,47,21,45,19
2017-10-01,23:22,0,0,0,22.5,69.4,47,21,45,20
2017-10-01,23:22,0,0,0,22.5,69.3,47,21,45,19
2017-10-01,23:22,0,0,0,22.6,69.4,46,21,45,19
2017-10-01,23:22,0,0,0,22.5,69.4,46,21,45,19
2017-10-01,23:22,0,0,0,22.6,69.3,46,21,45,19
2017-10-01,23:22,0,0,0,22.6,69.3,47,21,45,19
2017-10-01,23:23,0,0,0,22.6,69.3,46,21,45,19
2017-10-01,23:23,0,0,0,22.6,69.3,46,21,45,19
2017-10-01,23:23,0,0,0,22.6,69.3,46,21,45,19
2017-10-01,23:23,0,0,0,22.5,69.3,47,21,45,19
2017-10-01,23:23,0,0,0,22.5,69.4,46,21,45,19
2017-10-01,23:23,0,0,0,22.5,69.4,46,21,45,20
2017-10-01,23:23,0,0,0,22.5,69.4,46,21,45,20
2017-10-01,23:23,0,0,0,22.6,69.5,46,21,45,19
2017-10-01,23:24,0,0,0,22.5,69.4,47,21,45,19
2017-10-01,23:24,0,0,0,22.5,69.4,46,21,45,19
2017-10-01,23:24,0,0,0,22.5,69.5,46,21,45,20
2017-10-01,23:24,0,0,0,22.5,69.4,46,21,45,20
2017-10-01,23:24,0,0,0,22.5,69.5,46,21,45,19
2017-10-01,23:24,0,0,0,22.5,69.5,46,21,45,19
2017-10-01,23:24,0,0,1,22.5,69.4,47,21,45,19
2017-10-01,23:24,0,0,0,22.5,69.4,46,21,45,19
2017-10-01,23:25,0,0,0,22.5,69.4,47,21,45,19
2017-10-01,23:25,0,0,0,22.5,69.4,47,21,45,19
2017-10-01,23:25,0,0,0,22.5,69.5,46,21,45,19
2017-10-01,23:25,0,0,0,22.5,69.4,46,21,45,19
2017-10-01,23:25,0,0,0,22.5,69.4,46,21,45,19
2017-10-01,23:25,0,0,0,22.5,69.4,46,21,45,20
2017-10-01,23:25,0,0,0,22.5,69.5,46,21,45,19
2017-10-01,23:26,0,0,0,22.5,69.5,47,21,45,19
2017-10-01,23:26,0,2,0,22.5,69.5,47,21,45,19
2017-10-01,23:26,0,1,0,22.5,69.4,47,21,45,19
2017-10-01,23:26,0,3,0,22.5,69.4,47,21,45,19
2017-10-01,23:26,0,0,0,22.5,69.5,47,21,44,19
2017-10-01,23:26,0,0,0,22.5,69.5,46,21,45,19
2017-10-01,23:26,0,0,0,22.5,69.5,47,21,44,19
2017-10-01,23:26,0,0,0,22.5,69.6,47,21,45,19
2017-10-01,23:27,0,0,0,22.5,69.6,47,21,44,19
2017-10-01,23:27,0,0,0,22.5,69.5,47,21,45,19
2017-10-01,23:27,0,0,0,22.5,69.4,47,21,45,19
2017-10-01,23:27,0,1,0,22.5,69.4,47,21,45,19
2017-10-01,23:27,0,0,0,22.5,69.4,47,21,44,19
2017-10-01,23:27,0,0,0,22.5,69.4,46,21,44,19
2017-10-01,23:27,0,0,0,22.5,69.4,46,21,45,20
2017-10-01,23:27,0,0,0,22.5,69.4,46,21,45,19
2017-10-01,23:28,0,2,0,22.5,69.5,46,21,44,19
2017-10-01,23:28,0,0,0,22.5,69.4,46,21,45,20
2017-10-01,23:28,0,1,0,22.5,69.5,46,21,44,19
2017-10-01,23:28,0,1,0,22.5,69.5,46,21,44,19
2017-10-01,23:28,0,0,0,22.5,69.6,46,21,45,20
2017-10-01,23:28,0,0,0,22.5,69.6,46,21,45,19
2017-10-01,23:28,0,0,0,22.5,69.6,47,21,44,20
2017-10-01,23:29,0,0,0,22.5,69.6,46,21,45,19
2017-10-01,23:29,0,0,0,22.5,69.5,46,21,44,19
2017-10-01,23:29,0,0,0,22.5,69.6,46,21,45,19
2017-10-01,23:29,0,4,0,22.5,69.6,46,21,44,19
2017-10-01,23:29,0,0,0,22.5,69.7,46,21,44,20
2017-10-01,23:29,0,0,0,22.5,69.6,47,21,44,19
2017-10-01,23:29,0,0,0,22.5,69.6,46,21,45,20
2017-10-01,23:29,0,0,0,22.5,69.7,47,21,44,19
2017-10-01,23:30,0,0,0,22.5,69.7,47,21,44,19
2017-10-01,23:30,0,0,0,22.5,69.6,46,21,45,19
2017-10-01,23:30,0,0,0,22.5,69.5,46,21,44,19
2017-10-01,23:30,0,0,0,22.5,69.6,47,21,44,19
2017-10-01,23:30,0,0,0,22.5,69.6,46,21,44,20
2017-10-01,23:30,0,0,0,22.5,69.7,46,21,44,20
2017-10-01,23:30,0,1,0,22.5,69.6,47,21,44,19
2017-10-01,23:30,0,0,0,22.5,69.5,47,21,44,19
2017-10-01,23:31,0,0,0,22.5,69.5,46,21,44,19
2017-10-01,23:31,0,4,0,22.5,69.5,47,21,44,19
2017-10-01,23:31,0,0,0,22.5,69.6,46,21,44,19
2017-10-01,23:31,0,0,0,22.5,69.6,47,21,44,19
2017-10-01,23:31,0,0,0,22.5,69.4,47,21,44,19
2017-10-01,23:31,0,0,0,22.5,69.5,46,21,45,19
2017-10-01,23:31,0,0,0,22.5,69.5,46,21,44,19
2017-10-01,23:32,0,0,0,22.5,69.4,46,21,44,19
2017-10-01,23:32,0,0,0,22.5,69.4,46,21,44,19
2017-10-01,23:32,0,0,0,22.5,69.5,46,21,44,19
2017-10-01,23:32,0,0,0,22.5,69.4,46,21,45,19
2017-10-01,23:32,0,0,0,22.5,69.4,47,21,44,19
2017-10-01,23:32,0,0,0,22.5,69.4,46,21,45,19
2017-10-01,23:32,0,2,0,22.5,69.4,46,21,44,19
2017-10-01,23:32,0,0,0,22.5,69.3,46,21,44,19
2017-10-01,23:33,0,1,0,22.5,69.4,46,21,44,19
2017-10-01,23:33,0,0,0,22.5,69.4,46,21,44,20
2017-10-01,23:33,0,0,0,22.5,69.5,46,21,44,19
2017-10-01,23:33,0,0,0,22.5,69.5,46,21,44,20
2017-10-01,23:33,0,0,0,22.5,69.5,46,21,44,19
2017-10-01,23:33,0,0,0,22.5,69.6,46,21,44,20
2017-10-01,23:33,0,0,0,22.5,69.6,46,21,44,19
2017-10-01,23:33,0,0,0,22.4,69.4,47,21,44,20
2017-10-01,23:34,0,0,0,22.5,69.6,46,21,44,19
2017-10-01,23:34,0,0,0,22.4,69.5,46,21,44,19
2017-10-01,23:34,0,0,0,22.5,69.6,46,21,44,20
2017-10-01,23:34,0,0,0,22.5,69.6,46,21,44,20
2017-10-01,23:34,0,0,0,22.4,69.5,46,21,44,19
2017-10-01,23:34,0,0,0,22.4,69.5,47,21,44,20
2017-10-01,23:34,0,0,0,22.4,69.5,46,21,44,19
2017-10-01,23:35,0,0,0,22.5,69.5,46,21,44,19
2017-10-01,23:35,0,0,0,22.5,69.5,47,21,44,19
2017-10-01,23:35,0,0,0,22.5,69.6,46,21,44,19
2017-10-01,23:35,0,4,0,22.4,69.4,46,21,44,19
2017-10-01,23:35,0,0,0,22.4,69.4,46,21,44,19
2017-10-01,23:35,0,3,0,22.4,69.4,46,21,44,19
2017-10-01,23:35,0,0,0,22.4,69.3,46,21,44,19
2017-10-01,23:35,0,2,0,22.5,69.4,46,21,44,19
2017-10-01,23:36,0,0,0,22.5,69.5,46,21,44,19
2017-10-01,23:36,1,0,0,22.4,69.4,46,21,44,19
2017-10-01,23:36,0,1,0,22.4,69.4,46,21,44,19
2017-10-01,23:36,0,0,0,22.5,69.5,46,21,44,19
2017-10-01,23:36,0,0,0,22.4,69.4,46,21,44,19
2017-10-01,23:36,0,0,0,22.4,69.4,46,21,44,20
2017-10-01,23:36,0,3,0,22.4,69.5,47,21,44,19
2017-10-01,23:36,0,0,0,22.4,69.4,46,21,44,19
2017-10-01,23:37,0,0,0,22.4,69.5,46,21,44,20
2017-10-01,23:37,0,0,0,22.4,69.5,46,21,44,19
2017-10-01,23:37,0,0,0,22.4,69.6,46,21,44,19
2017-10-01,23:37,0,0,0,22.4,69.5,46,21,44,20
2017-10-01,23:37,0,0,0,22.4,69.4,46,21,44,19
2017-10-01,23:37,0,0,0,22.4,69.4,46,21,44,19
2017-10-01,23:37,0,0,0,22.4,69.4,46,21,44,20
2017-10-01,23:38,0,0,0,22.4,69.5,46,21,44,19
2017-10-01,23:38,0,4,0,22.4,69.5,46,21,44,19
2017-10-01,23:38,0,0,0,22.4,69.5,46,21,44,19
2017-10-01,23:38,0,0,0,22.4,69.6,46,21,44,20
2017-10-01,23:38,0,1,0,22.4,69.6,46,21,44,19
2017-10-01,23:38,0,3,0,22.4,69.5,46,21,43,19
2017-10-01,23:38,0,0,0,22.4,69.6,46,21,44,19
2017-10-01,23:38,0,0,0,22.4,69.6,46,21,44,19
2017-10-01,23:39,0,0,0,22.4,69.5,46,21,44,19
2017-10-01,23:39,0,0,0,22.4,69.5,46,21,44,19
2017-10-01,23:39,0,0,0,22.4,69.5,47,21,44,19
2017-10-01,23:39,0,0,0,22.4,69.5,47,21,44,19
2017-10-01,23:39,0,1,0,22.4,69.4,47,21,44,19
2017-10-01,23:39,0,0,0,22.4,69.5,46,21,44,20
2017-10-01,23:39,0,0,0,22.4,69.5,46,21,44,19
2017-10-01,23:39,0,0,0,22.4,69.4,46,21,44,19
2017-10-01,23:40,0,0,0,22.4,69.4,46,21,44,20
2017-10-01,23:40,0,0,0,22.4,69.4,46,21,44,20
2017-10-01,23:40,0,0,0,22.4,69.4,46,21,44,20
2017-10-01,23:40,0,0,0,22.4,69.3,46,21,44,20
2017-10-01,23:40,0,2,0,22.4,69.4,46,21,44,20
2017-10-01,23:40,0,0,0,22.4,69.4,46,21,44,19
2017-10-01,23:40,0,0,0,22.4,69.4,46,21,44,19
2017-10-01,23:40,0,0,0,22.4,69.2,46,21,44,19
2017-10-01,23:41,0,0,0,22.4,69.2,46,21,44,20
2017-10-01,23:41,0,0,0,22.4,69.3,46,21,44,19
2017-10-01,23:41,0,3,0,22.4,69.2,46,21,43,19
2017-10-01,23:41,0,0,0,22.4,69.2,47,21,44,19
2017-10-01,23:41,0,0,0,22.4,69.3,47,22,44,19
2017-10-01,23:41,0,0,0,22.4,69.2,47,21,44,19
2017-10-01,23:41,0,0,0,22.4,69.2,46,21,44,19
2017-10-01,23:42,0,0,0,22.4,69.3,46,21,44,20
2017-10-01,23:42,0,0,0,22.4,69.3,46,21,44,19
2017-10-01,23:42,0,0,0,22.4,69.3,47,21,44,20
2017-10-01,23:42,0,2,0,22.4,69.3,47,21,44,19
2017-10-01,23:42,0,0,0,22.4,69.3,47,21,43,19
2017-10-01,23:42,0,2,0,22.4,69.2,46,21,43,19
2017-10-01,23:42,0,0,0,22.4,69.2,47,21,43,19
2017-10-01,23:42,0,0,0,22.4,69.1,47,21,43,19
2017-10-01,23:43,0,0,0,22.4,69.0,47,21,43,19
2017-10-01,23:43,0,0,0,22.4,69.0,47,21,43,19
2017-10-01,23:43,0,0,0,22.4,68.9,46,21,43,19
2017-10-01,23:43,0,0,0,22.4,69.0,47,21,43,19
2017-10-01,23:43,0,0,0,22.4,69.0,46,21,43,19
2017-10-01,23:43,0,0,0,22.4,69.1,46,21,43,19
2017-10-01,23:43,0,0,0,22.4,69.0,46,21,43,19
2017-10-01,23:43,0,0,0,22.4,69.0,46,21,43,19
2017-10-01,23:44,0,0,0,22.4,69.1,46,21,44,19
2017-10-01,23:44,0,1,0,22.4,69.1,46,21,44,19
2017-10-01,23:44,0,0,0,22.4,69.1,46,21,43,19
2017-10-01,23:44,0,0,0,22.4,69.0,46,21,43,19
2017-10-01,23:44,0,0,0,22.4,68.9,46,21,43,19
2017-10-01,23:44,0,2,0,22.4,68.9,46,21,43,19
2017-10-01,23:44,0,0,0,22.4,68.9,46,21,43,19
2017-10-01,23:45,0,0,0,22.4,69.0,46,21,43,19
2017-10-01,23:45,0,0,0,22.4,68.9,46,21,43,19
2017-10-01,23:45,0,0,0,22.4,69.0,46,21,44,20
2017-10-01,23:45,0,1,0,22.4,68.9,46,21,43,19
2017-10-01,23:45,0,0,0,22.4,68.9,46,21,43,19
2017-10-01,23:45,0,0,0,22.4,68.9,46,21,44,19
2017-10-01,23:45,0,0,0,22.4,68.9,47,21,43,19
2017-10-01,23:45,0,4,0,22.4,68.9,46,21,43,19
2017-10-01,23:46,0,0,0,22.4,69.0,46,21,44,19
2017-10-01,23:46,0,0,0,22.4,69.0,46,21,43,20
2017-10-01,23:46,0,0,0,22.4,69.0,46,21,43,19
2017-10-01,23:46,0,0,0,22.4,68.9,46,21,43,19
2017-10-01,23:46,0,0,0,22.4,68.9,46,21,43,19
2017-10-01,23:46,0,0,0,22.4,68.9,46,21,43,19
2017-10-01,23:46,0,2,0,22.4,69.0,46,21,43,19
2017-10-01,23:46,0,1,0,22.3,69.1,46,21,43,19
2017-10-01,23:47,0,0,0,22.3,69.2,46,21,44,19
2017-10-01,23:47,0,0,0,22.3,69.1,46,21,44,20
2017-10-01,23:47,0,1,0,22.3,69.0,46,21,43,19
2017-10-01,23:47,0,0,0,22.4,69.1,46,21,43,19
2017-10-01,23:47,0,0,0,22.4,69.1,46,21,43,19
2017-10-01,23:47,0,0,0,22.3,69.0,46,21,44,19
2017-10-01,23:47,0,0,0,22.3,68.9,46,21,43,19
2017-10-01,23:48,0,2,0,22.3,68.8,46,21,43,19
2017-10-01,23:48,0,0,0,22.4,69.0,46,21,43,19
2017-10-01,23:48,0,0,0,22.4,68.9,46,21,44,19
2017-10-01,23:48,0,0,0,22.3,68.9,46,21,43,19
2017-10-01,23:48,0,0,0,22.3,68.9,46,21,43,19
2017-10-01,23:48,0,0,0,22.4,68.9,46,21,43,19
2017-10-01,23:48,0,0,0,22.4,69.0,46,21,43,19
2017-10-01,23:48,0,0,0,22.4,69.0,46,21,43,20
2017-10-01,23:49,0,3,0,22.4,68.9,46,21,43,19
2017-10-01,23:49,0,0,0,22.4,69.0,46,21,43,19
2017-10-01,23:49,0,0,0,22.4,69.0,46,21,44,19
2017-10-01,23:49,0,0,0,22.4,68.9,46,21,43,20
2017-10-01,23:49,0,0,0,22.4,68.9,46,21,43,19
2017-10-01,23:49,0,0,0,22.4,68.9,46,21,43,20
2017-10-01,23:49,0,0,0,22.4,68.9,46,21,43,19
2017-10-01,23:49,0,0,0,22.4,68.8,46,21,43,19
2017-10-01,23:50,0,0,0,22.3,68.8,46,21,43,19
2017-10-01,23:50,0,0,0,22.3,68.8,46,21,43,19
2017-10-01,23:50,0,0,0,22.4,68.9,46,21,43,19
2017-10-01,23:50,0,0,0,22.4,68.9,46,21,43,19
2017-10-01,23:50,0,0,0,22.3,69.0,46,21,43,19
2017-10-01,23:50,0,0,0,22.4,68.9,46,21,43,19
2017-10-01,23:50,0,0,0,22.3,69.1,46,21,43,19
2017-10-01,23:51,1,0,0,22.3,69.2,46,21,43,20
2017-10-01,23:51,0,0,0,22.3,69.2,46,21,43,19
2017-10-01,23:51,0,0,0,22.3,69.1,46,21,43,19
2017-10-01,23:51,0,0,0,22.3,69.1,46,21,43,19
2017-10-01,23:51,0,0,0,22.3,69.1,46,21,43,19
2017-10-01,23:51,0,0,0,22.3,69.1,46,21,43,19
2017-10-01,23:51,0,0,0,22.3,69.1,46,21,43,20
2017-10-01,23:51,0,0,0,22.3,68.9,46,21,43,19
2017-10-01,23:52,0,0,0,22.3,68.9,46,21,43,19
2017-10-01,23:52,0,0,0,22.3,69.1,46,21,43,19
2017-10-01,23:52,0,0,0,22.3,69.1,46,21,43,19
2017-10-01,23:52,0,3,0,22.3,69.0,46,21,43,19
2017-10-01,23:52,0,0,0,22.3,69.0,46,21,44,19
2017-10-01,23:52,0,0,0,22.3,69.0,46,21,43,19
2017-10-01,23:52,0,0,0,22.3,69.0,46,21,43,19
2017-10-01,23:52,0,0,0,22.3,69.1,46,21,43,19
2017-10-01,23:53,0,0,0,22.3,69.1,46,21,43,19
2017-10-01,23:53,0,0,0,22.3,69.1,46,21,43,19
2017-10-01,23:53,0,2,0,22.3,69.1,46,21,43,20
2017-10-01,23:53,0,0,0,22.3,69.0,46,21,43,19
2017-10-01,23:53,0,0,0,22.3,69.1,46,21,43,19
2017-10-01,23:53,0,0,0,22.3,69.0,46,21,43,19
2017-10-01,23:53,0,0,0,22.3,69.0,46,21,43,19
2017-10-01,23:54,0,0,0,22.3,68.9,46,21,43,19
2017-10-01,23:54,0,0,0,22.3,69.1,46,21,43,19
2017-10-01,23:54,0,0,0,22.3,69.1,46,21,43,19
2017-10-01,23:54,0,246,415,22.3,68.9,46,21,43,20
2017-10-01,23:54,0,295,421,22.3,68.9,46,21,43,20
2017-10-01,23:54,0,294,422,22.3,68.8,47,21,43,19
2017-10-01,23:54,0,294,424,22.3,68.9,46,22,43,19
2017-10-01,23:54,0,308,419,22.3,69.8,46,21,43,19
2017-10-01,23:55,0,328,418,22.4,70.4,46,21,43,20
2017-10-01,23:55,0,329,418,22.4,70.1,47,21,43,19
2017-10-01,23:55,0,326,416,22.4,69.7,46,21,43,19
2017-10-01,23:55,0,328,417,22.4,69.5,46,21,43,19
2017-10-01,23:55,0,326,416,22.4,69.3,46,21,43,19
2017-10-01,23:55,0,327,415,22.4,69.3,46,21,43,19
2017-10-01,23:55,0,325,415,22.4,69.3,46,21,43,19
2017-10-01,23:55,0,321,414,22.4,69.3,46,21,43,19
2017-10-01,23:56,0,326,414,22.4,69.2,46,22,43,19
2017-10-01,23:56,0,324,413,22.4,69.2,46,21,43,19
2017-10-01,23:56,0,325,415,22.3,69.4,46,21,43,19
2017-10-01,23:56,0,327,414,22.4,69.1,46,21,43,20
2017-10-01,23:56,0,321,414,22.4,68.7,46,21,43,19
2017-10-01,23:56,0,324,412,22.4,68.8,46,21,43,19
2017-10-01,23:56,0,324,411,22.4,68.9,46,21,43,19
2017-10-01,23:57,0,322,412,22.3,69.0,46,21,43,19
2017-10-01,23:57,0,0,1,22.3,68.9,46,21,43,19
2017-10-01,23:57,0,0,0,22.3,68.9,46,21,43,19
2017-10-01,23:57,0,0,0,22.4,68.9,46,21,43,19
2017-10-01,23:57,0,0,0,22.3,69.0,46,21,43,19
2017-10-01,23:57,0,0,0,22.4,68.9,46,21,43,19
2017-10-01,23:57,0,0,0,22.4,69.0,46,21,43,19
2017-10-01,23:57,0,0,0,22.3,68.9,46,21,43,19
2017-10-01,23:58,0,0,0,22.3,68.8,46,21,43,19
2017-10-01,23:58,0,0,0,22.3,68.8,46,22,43,19
2017-10-01,23:58,0,0,0,22.3,68.9,46,21,43,19
2017-10-01,23:58,0,0,0,22.4,68.9,46,21,43,19
2017-10-01,23:58,0,6,0,22.4,68.7,46,21,43,20
2017-10-01,23:58,0,0,0,22.4,68.8,46,21,43,20
2017-10-01,23:58,0,0,0,22.3,68.8,46,21,43,19
2017-10-01,23:58,0,0,0,22.4,68.8,46,21,43,19
2017-10-01,23:59,0,0,0,22.3,68.9,46,21,43,19
2017-10-01,23:59,0,0,0,22.4,68.9,46,21,43,20
2017-10-01,23:59,0,0,0,22.4,68.8,46,21,43,19
2017-10-01,23:59,0,0,0,22.4,68.8,46,21,43,19
2017-10-01,23:59,0,0,0,22.4,68.7,46,21,43,19
2017-10-01,23:59,0,0,0,22.4,68.7,46,21,43,19
2017-10-01,23:59,0,0,0,22.4,68.7,46,21,43,19
