2017-12-31,00:00,DoorMotion,DoorMotionCount,DoorOpened,DoorOpenedCount,0,HallwayLightStatus,,,HallwayTemperatureReading,HallwayHumidityReading,75.10,BathroomLightStatus,BathroomLightCommanded,57.9,17.8,BathroomFanStatus,HackerspaceLightReading,HackerspaceLightStatus,HackerspaceLightCommanded,HackerspaceTemperatureReading,HackerspaceHumidityReading,0,LoftLightStatus,4,0,22.70,6.60,126,43,15,39,HotWaterStatus,ColdWaterStatus,DayWaterElementStatus,NightWaterElementStatus,6.5,3.25,3.205,3.265
2017-12-31,00:00,DoorMotion,DoorMotionCount,DoorOpened,DoorOpenedCount,0,HallwayLightStatus,,,HallwayTemperatureReading,HallwayHumidityReading,75.50,BathroomLightStatus,BathroomLightCommanded,57.8,17.7,BathroomFanStatus,HackerspaceLightReading,HackerspaceLightStatus,HackerspaceLightCommanded,HackerspaceTemperatureReading,HackerspaceHumidityReading,0,LoftLightStatus,4,0,22.80,6.58,124,43,16,39,HotWaterStatus,ColdWaterStatus,DayWaterElementStatus,NightWaterElementStatus,6.5,3.335,3.24,3.305
2017-12-31,00:00,DoorMotion,DoorMotionCount,DoorOpened,DoorOpenedCount,0,HallwayLightStatus,,,HallwayTemperatureReading,HallwayHumidityReading,75.20,BathroomLightStatus,BathroomLightCommanded,58.0,17.7,BathroomFanStatus,HackerspaceLightReading,HackerspaceLightStatus,HackerspaceLightCommanded,HackerspaceTemperatureReading,HackerspaceHumidityReading,0,LoftLightStatus,66,0,22.80,7.93,123,43,16,39,HotWaterStatus,ColdWaterStatus,DayWaterElementStatus,NightWaterElementStatus,6.5,3.97,3.96,3.925
2017-12-31,00:00,DoorMotion,DoorMotionCount,DoorOpened,DoorOpenedCount,0,HallwayLightStatus,,,HallwayTemperatureReading,HallwayHumidityReading,75.20,BathroomLightStatus,BathroomLightCommanded,57.9,17.7,BathroomFanStatus,HackerspaceLightReading,HackerspaceLightStatus,HackerspaceLightCommanded,HackerspaceTemperatureReading,HackerspaceHumidityReading,0,LoftLightStatus,121,0,22.80,5.44,122,43,15,39,HotWaterStatus,ColdWaterStatus,DayWaterElementStatus,NightWaterElementStatus,6.5,2.675,2.67,2.715
2017-12-31,00:01,DoorMotion,DoorMotionCount,DoorOpened,DoorOpenedCount,0,HallwayLightStatus,,,HallwayTemperatureReading,HallwayHumidityReading,75.40,BathroomLightStatus,BathroomLightCommanded,57.9,17.7,BathroomFanStatus,HackerspaceLightReading,HackerspaceLightStatus,HackerspaceLightCommanded,HackerspaceTemperatureReading,HackerspaceHumidityReading,0,LoftLightStatus,92,0,22.80,5.43,122,43,15,39,HotWaterStatus,ColdWaterStatus,DayWaterElementStatus,NightWaterElementStatus,6.5,2.635,2.69,2.725
2017-12-31,00:01,DoorMotion,DoorMotionCount,DoorOpened,DoorOpenedCount,0,HallwayLightStatus,,,HallwayTemperatureReading,HallwayHumidityReading,74.80,BathroomLightStatus,BathroomLightCommanded,57.8,17.7,BathroomFanStatus,HackerspaceLightReading,HackerspaceLightStatus,HackerspaceLightCommanded,HackerspaceTemperatureReading,HackerspaceHumidityReading,0,LoftLightStatus,97,0,22.80,5.38,123,43,15,39,HotWaterStatus,ColdWaterStatus,DayWaterElementStatus,NightWaterElementStatus,6.5,2.73,2.65,2.725
2017-12-31,00:01,DoorMotion,DoorMotionCount,DoorOpened,DoorOpenedCount,0,HallwayLightStatus,,,HallwayTemperatureReading,HallwayHumidityReading,76.70,BathroomLightStatus,BathroomLightCommanded,57.8,18.0,BathroomFanStatus,HackerspaceLightReading,HackerspaceLightStatus,HackerspaceLightCommanded,HackerspaceTemperatureReading,HackerspaceHumidityReading,0,LoftLightStatus,90,0,22.80,5.34,122,43,15,39,HotWaterStatus,ColdWaterStatus,DayWaterElementStatus,NightWaterElementStatus,6.5,2.67,2.765,2.67
2017-12-31,00:02,DoorMotion,DoorMotionCount,DoorOpened,DoorOpenedCount,0,HallwayLightStatus,,,HallwayTemperatureReading,HallwayHumidityReading,76.30,BathroomLightStatus,BathroomLightCommanded,57.9,18.1,BathroomFanStatus,HackerspaceLightReading,HackerspaceLightStatus,HackerspaceLightCommanded,HackerspaceTemperatureReading,HackerspaceHumidityReading,0,LoftLightStatus,105,0,22.80,5.46,122,43,16,39,HotWaterStatus,ColdWaterStatus,DayWaterElementStatus,NightWaterElementStatus,6.5,2.65,2.65,2.77
2017-12-31,00:02,DoorMotion,DoorMotionCount,DoorOpened,DoorOpenedCount,0,HallwayLightStatus,,,HallwayTemperatureReading,HallwayHumidityReading,77.50,BathroomLightStatus,BathroomLightCommanded,57.9,18.2,BathroomFanStatus,HackerspaceLightReading,HackerspaceLightStatus,HackerspaceLightCommanded,HackerspaceTemperatureReading,HackerspaceHumidityReading,0,LoftLightStatus,97,0,22.80,5.47,121,43,15,39,HotWaterStatus,ColdWaterStatus,DayWaterElementStatus,NightWaterElementStatus,6.5,2.655,2.655,2.685
2017-12-31,00:02,DoorMotion,DoorMotionCount,DoorOpened,DoorOpenedCount,0,HallwayLightStatus,,,HallwayTemperatureReading,HallwayHumidityReading,77.80,BathroomLightStatus,BathroomLightCommanded,57.9,18.4,BathroomFanStatus,HackerspaceLightReading,HackerspaceLightStatus,HackerspaceLightCommanded,HackerspaceTemperatureReading,HackerspaceHumidityReading,0,LoftLightStatus,98,0,22.70,5.35,2,43,15,39,HotWaterStatus,ColdWaterStatus,DayWaterElementStatus,NightWaterElementStatus,6.5,2.73,2.76,2.625
2017-12-31,00:02,DoorMotion,DoorMotionCount,DoorOpened,DoorOpenedCount,0,HallwayLightStatus,,,HallwayTemperatureReading,HallwayHumidityReading,77.30,BathroomLightStatus,BathroomLightCommanded,57.8,18.5,BathroomFanStatus,HackerspaceLightReading,HackerspaceLightStatus,HackerspaceLightCommanded,HackerspaceTemperatureReading,HackerspaceHumidityReading,0,LoftLightStatus,96,0,22.70,5.38,0,43,15,39,HotWaterStatus,ColdWaterStatus,DayWaterElementStatus,NightWaterElementStatus,6.5,2.74,2.79,2.69
2017-12-31,00:03,DoorMotion,DoorMotionCount,DoorOpened,DoorOpenedCount,0,HallwayLightStatus,,,HallwayTemperatureReading,HallwayHumidityReading,76.90,BathroomLightStatus,BathroomLightCommanded,58.0,18.6,BathroomFanStatus,HackerspaceLightReading,HackerspaceLightStatus,HackerspaceLightCommanded,HackerspaceTemperatureReading,HackerspaceHumidityReading,0,LoftLightStatus,100,0,22.70,5.35,0,43,15,39,HotWaterStatus,ColdWaterStatus,DayWaterElementStatus,NightWaterElementStatus,6.5,2.63,2.62,2.675
2017-12-31,00:03,DoorMotion,DoorMotionCount,DoorOpened,DoorOpenedCount,0,HallwayLightStatus,,,HallwayTemperatureReading,HallwayHumidityReading,76.80,BathroomLightStatus,BathroomLightCommanded,58.1,18.7,BathroomFanStatus,HackerspaceLightReading,HackerspaceLightStatus,HackerspaceLightCommanded,HackerspaceTemperatureReading,HackerspaceHumidityReading,0,LoftLightStatus,92,0,22.70,5.30,0,43,16,39,HotWaterStatus,ColdWaterStatus,DayWaterElementStatus,NightWaterElementStatus,6.5,2.63,2.635,2.62
2017-12-31,00:03,DoorMotion,DoorMotionCount,DoorOpened,DoorOpenedCount,0,HallwayLightStatus,,,HallwayTemperatureReading,HallwayHumidityReading,76.50,BathroomLightStatus,BathroomLightCommanded,58.2,18.8,BathroomFanStatus,HackerspaceLightReading,HackerspaceLightStatus,HackerspaceLightCommanded,HackerspaceTemperatureReading,HackerspaceHumidityReading,0,LoftLightStatus,90,0,22.70,5.30,1,43,16,39,HotWaterStatus,ColdWaterStatus,DayWaterElementStatus,NightWaterElementStatus,6.5,2.78,2.64,2.625
2017-12-31,00:04,DoorMotion,DoorMotionCount,DoorOpened,DoorOpenedCount,0,HallwayLightStatus,,,HallwayTemperatureReading,HallwayHumidityReading,76.00,BathroomLightStatus,BathroomLightCommanded,57.6,18.8,BathroomFanStatus,HackerspaceLightReading,HackerspaceLightStatus,HackerspaceLightCommanded,HackerspaceTemperatureReading,HackerspaceHumidityReading,0,LoftLightStatus,101,0,22.70,5.29,0,43,16,39,HotWaterStatus,ColdWaterStatus,DayWaterElementStatus,NightWaterElementStatus,6.5,2.675,2.645,2.655
2017-12-31,00:04,DoorMotion,DoorMotionCount,DoorOpened,DoorOpenedCount,0,HallwayLightStatus,,,HallwayTemperatureReading,HallwayHumidityReading,75.60,BathroomLightStatus,BathroomLightCommanded,57.6,18.9,BathroomFanStatus,HackerspaceLightReading,HackerspaceLightStatus,HackerspaceLightCommanded,HackerspaceTemperatureReading,HackerspaceHumidityReading,0,LoftLightStatus,100,0,22.70,5.34,0,43,16,39,HotWaterStatus,ColdWaterStatus,DayWaterElementStatus,NightWaterElementStatus,6.5,2.63,2.65,2.67
2017-12-31,00:04,DoorMotion,DoorMotionCount,DoorOpened,DoorOpenedCount,0,HallwayLightStatus,,,HallwayTemperatureReading,HallwayHumidityReading,75.30,BathroomLightStatus,BathroomLightCommanded,57.6,19.0,BathroomFanStatus,HackerspaceLightReading,HackerspaceLightStatus,HackerspaceLightCommanded,HackerspaceTemperatureReading,HackerspaceHumidityReading,0,LoftLightStatus,96,0,22.60,5.35,0,43,16,39,HotWaterStatus,ColdWaterStatus,DayWaterElementStatus,NightWaterElementStatus,6.5,2.635,2.66,2.615
2017-12-31,00:04,DoorMotion,DoorMotionCount,DoorOpened,DoorOpenedCount,0,HallwayLightStatus,,,HallwayTemperatureReading,HallwayHumidityReading,75.00,BathroomLightStatus,BathroomLightCommanded,57.2,19.1,BathroomFanStatus,HackerspaceLightReading,HackerspaceLightStatus,HackerspaceLightCommanded,HackerspaceTemperatureReading,HackerspaceHumidityReading,0,LoftLightStatus,90,0,22.60,5.25,0,43,16,39,HotWaterStatus,ColdWaterStatus,DayWaterElementStatus,NightWaterElementStatus,6.5,2.66,2.7,2.585
2017-12-31,00:05,DoorMotion,DoorMotionCount,DoorOpened,DoorOpenedCount,0,HallwayLightStatus,,,HallwayTemperatureReading,HallwayHumidityReading,74.70,BathroomLightStatus,BathroomLightCommanded,57.3,19.1,BathroomFanStatus,HackerspaceLightReading,HackerspaceLightStatus,HackerspaceLightCommanded,HackerspaceTemperatureReading,HackerspaceHumidityReading,0,LoftLightStatus,105,0,22.60,5.21,0,43,16,39,HotWaterStatus,ColdWaterStatus,DayWaterElementStatus,NightWaterElementStatus,6.5,2.68,2.63,2.6
2017-12-31,00:05,DoorMotion,DoorMotionCount,DoorOpened,DoorOpenedCount,0,HallwayLightStatus,,,HallwayTemperatureReading,HallwayHumidityReading,74.30,BathroomLightStatus,BathroomLightCommanded,57.2,19.2,BathroomFanStatus,HackerspaceLightReading,HackerspaceLightStatus,HackerspaceLightCommanded,HackerspaceTemperatureReading,HackerspaceHumidityReading,0,LoftLightStatus,91,0,22.60,5.37,0,43,16,39,HotWaterStatus,ColdWaterStatus,DayWaterElementStatus,NightWaterElementStatus,6.5,2.62,2.62,2.625
2017-12-31,00:05,DoorMotion,DoorMotionCount,DoorOpened,DoorOpenedCount,1,HallwayLightStatus,,,HallwayTemperatureReading,HallwayHumidityReading,74.10,BathroomLightStatus,BathroomLightCommanded,56.8,19.2,BathroomFanStatus,HackerspaceLightReading,HackerspaceLightStatus,HackerspaceLightCommanded,HackerspaceTemperatureReading,HackerspaceHumidityReading,0,LoftLightStatus,100,0,22.60,5.22,0,43,16,39,HotWaterStatus,ColdWaterStatus,DayWaterElementStatus,NightWaterElementStatus,6.5,2.605,2.63,2.66
2017-12-31,00:06,DoorMotion,DoorMotionCount,DoorOpened,DoorOpenedCount,0,HallwayLightStatus,,,HallwayTemperatureReading,HallwayHumidityReading,74.20,BathroomLightStatus,BathroomLightCommanded,57.0,19.3,BathroomFanStatus,HackerspaceLightReading,HackerspaceLightStatus,HackerspaceLightCommanded,HackerspaceTemperatureReading,HackerspaceHumidityReading,0,LoftLightStatus,95,0,22.60,5.23,0,43,15,39,HotWaterStatus,ColdWaterStatus,DayWaterElementStatus,NightWaterElementStatus,6.5,2.62,2.63,2.63
2017-12-31,00:06,DoorMotion,DoorMotionCount,DoorOpened,DoorOpenedCount,0,HallwayLightStatus,,,HallwayTemperatureReading,HallwayHumidityReading,73.80,BathroomLightStatus,BathroomLightCommanded,56.7,19.3,BathroomFanStatus,HackerspaceLightReading,HackerspaceLightStatus,HackerspaceLightCommanded,HackerspaceTemperatureReading,HackerspaceHumidityReading,0,LoftLightStatus,100,0,22.60,5.27,0,43,16,39,HotWaterStatus,ColdWaterStatus,DayWaterElementStatus,NightWaterElementStatus,6.5,2.62,2.63,2.625
2017-12-31,00:06,DoorMotion,DoorMotionCount,DoorOpened,DoorOpenedCount,0,HallwayLightStatus,,,HallwayTemperatureReading,HallwayHumidityReading,73.50,BathroomLightStatus,BathroomLightCommanded,56.8,19.3,BathroomFanStatus,HackerspaceLightReading,HackerspaceLightStatus,HackerspaceLightCommanded,HackerspaceTemperatureReading,HackerspaceHumidityReading,0,LoftLightStatus,95,0,22.60,5.35,0,43,15,39,HotWaterStatus,ColdWaterStatus,DayWaterElementStatus,NightWaterElementStatus,6.5,2.62,2.675,2.66
2017-12-31,00:06,DoorMotion,DoorMotionCount,DoorOpened,DoorOpenedCount,0,HallwayLightStatus,,,HallwayTemperatureReading,HallwayHumidityReading,73.30,BathroomLightStatus,BathroomLightCommanded,57.1,19.4,BathroomFanStatus,HackerspaceLightReading,HackerspaceLightStatus,HackerspaceLightCommanded,HackerspaceTemperatureReading,HackerspaceHumidityReading,0,LoftLightStatus,103,0,22.60,5.32,0,43,15,39,HotWaterStatus,ColdWaterStatus,DayWaterElementStatus,NightWaterElementStatus,6.5,2.625,2.67,2.64
2017-12-31,00:07,DoorMotion,DoorMotionCount,DoorOpened,DoorOpenedCount,0,HallwayLightStatus,,,HallwayTemperatureReading,HallwayHumidityReading,73.00,BathroomLightStatus,BathroomLightCommanded,57.1,19.4,BathroomFanStatus,HackerspaceLightReading,HackerspaceLightStatus,HackerspaceLightCommanded,HackerspaceTemperatureReading,HackerspaceHumidityReading,0,LoftLightStatus,121,0,22.50,5.29,0,44,15,39,HotWaterStatus,ColdWaterStatus,DayWaterElementStatus,NightWaterElementStatus,6.5,2.695,2.635,2.61
2017-12-31,00:07,DoorMotion,DoorMotionCount,DoorOpened,DoorOpenedCount,0,HallwayLightStatus,,,HallwayTemperatureReading,HallwayHumidityReading,72.70,BathroomLightStatus,BathroomLightCommanded,56.8,19.4,BathroomFanStatus,HackerspaceLightReading,HackerspaceLightStatus,HackerspaceLightCommanded,HackerspaceTemperatureReading,HackerspaceHumidityReading,360,LoftLightStatus,90,0,22.50,5.38,1,43,16,39,HotWaterStatus,ColdWaterStatus,DayWaterElementStatus,NightWaterElementStatus,6.5,2.67,2.7,2.67
2017-12-31,00:07,DoorMotion,DoorMotionCount,DoorOpened,DoorOpenedCount,0,HallwayLightStatus,,,HallwayTemperatureReading,HallwayHumidityReading,72.60,BathroomLightStatus,BathroomLightCommanded,56.9,19.4,BathroomFanStatus,HackerspaceLightReading,HackerspaceLightStatus,HackerspaceLightCommanded,HackerspaceTemperatureReading,HackerspaceHumidityReading,370,LoftLightStatus,97,0,22.50,5.43,1,43,15,39,HotWaterStatus,ColdWaterStatus,DayWaterElementStatus,NightWaterElementStatus,6.5,2.68,2.69,2.67
2017-12-31,00:08,DoorMotion,DoorMotionCount,DoorOpened,DoorOpenedCount,0,HallwayLightStatus,,,HallwayTemperatureReading,HallwayHumidityReading,72.40,BathroomLightStatus,BathroomLightCommanded,57.1,19.4,BathroomFanStatus,HackerspaceLightReading,HackerspaceLightStatus,HackerspaceLightCommanded,HackerspaceTemperatureReading,HackerspaceHumidityReading,370,LoftLightStatus,99,0,22.50,5.37,0,43,16,39,HotWaterStatus,ColdWaterStatus,DayWaterElementStatus,NightWaterElementStatus,6.5,2.655,2.645,2.67
2017-12-31,00:08,DoorMotion,DoorMotionCount,DoorOpened,DoorOpenedCount,0,HallwayLightStatus,,,HallwayTemperatureReading,HallwayHumidityReading,72.10,BathroomLightStatus,BathroomLightCommanded,56.5,19.3,BathroomFanStatus,HackerspaceLightReading,HackerspaceLightStatus,HackerspaceLightCommanded,HackerspaceTemperatureReading,HackerspaceHumidityReading,370,LoftLightStatus,92,0,22.50,5.24,1,43,15,39,HotWaterStatus,ColdWaterStatus,DayWaterElementStatus,NightWaterElementStatus,6.5,2.665,2.66,2.69
2017-12-31,00:08,DoorMotion,DoorMotionCount,DoorOpened,DoorOpenedCount,0,HallwayLightStatus,,,HallwayTemperatureReading,HallwayHumidityReading,72.40,BathroomLightStatus,BathroomLightCommanded,56.2,19.3,BathroomFanStatus,HackerspaceLightReading,HackerspaceLightStatus,HackerspaceLightCommanded,HackerspaceTemperatureReading,HackerspaceHumidityReading,367,LoftLightStatus,105,0,22.50,5.71,1,43,15,39,HotWaterStatus,ColdWaterStatus,DayWaterElementStatus,NightWaterElementStatus,6.5,2.685,2.73,2.65
2017-12-31,00:08,DoorMotion,DoorMotionCount,DoorOpened,DoorOpenedCount,0,HallwayLightStatus,,,HallwayTemperatureReading,HallwayHumidityReading,72.60,BathroomLightStatus,BathroomLightCommanded,56.5,19.2,BathroomFanStatus,HackerspaceLightReading,HackerspaceLightStatus,HackerspaceLightCommanded,HackerspaceTemperatureReading,HackerspaceHumidityReading,367,LoftLightStatus,100,0,22.50,5.27,2,43,15,39,HotWaterStatus,ColdWaterStatus,DayWaterElementStatus,NightWaterElementStatus,6.5,2.635,2.635,2.665
2017-12-31,00:09,DoorMotion,DoorMotionCount,DoorOpened,DoorOpenedCount,0,HallwayLightStatus,,,HallwayTemperatureReading,HallwayHumidityReading,72.90,BathroomLightStatus,BathroomLightCommanded,56.3,19.2,BathroomFanStatus,HackerspaceLightReading,HackerspaceLightStatus,HackerspaceLightCommanded,HackerspaceTemperatureReading,HackerspaceHumidityReading,367,LoftLightStatus,104,0,22.50,5.38,0,43,15,38,HotWaterStatus,ColdWaterStatus,DayWaterElementStatus,NightWaterElementStatus,6.5,2.695,2.685,2.675
2017-12-31,00:09,DoorMotion,DoorMotionCount,DoorOpened,DoorOpenedCount,0,HallwayLightStatus,,,HallwayTemperatureReading,HallwayHumidityReading,73.10,BathroomLightStatus,BathroomLightCommanded,56.4,19.2,BathroomFanStatus,HackerspaceLightReading,HackerspaceLightStatus,HackerspaceLightCommanded,HackerspaceTemperatureReading,HackerspaceHumidityReading,366,LoftLightStatus,101,0,22.50,5.31,0,43,15,39,HotWaterStatus,ColdWaterStatus,DayWaterElementStatus,NightWaterElementStatus,6.5,2.655,2.67,2.615
2017-12-31,00:09,DoorMotion,DoorMotionCount,DoorOpened,DoorOpenedCount,0,HallwayLightStatus,,,HallwayTemperatureReading,HallwayHumidityReading,73.30,BathroomLightStatus,BathroomLightCommanded,56.2,19.1,BathroomFanStatus,HackerspaceLightReading,HackerspaceLightStatus,HackerspaceLightCommanded,HackerspaceTemperatureReading,HackerspaceHumidityReading,364,LoftLightStatus,91,0,22.50,5.36,1,43,15,39,HotWaterStatus,ColdWaterStatus,DayWaterElementStatus,NightWaterElementStatus,6.5,2.685,2.67,2.695
2017-12-31,00:10,DoorMotion,DoorMotionCount,DoorOpened,DoorOpenedCount,0,HallwayLightStatus,,,HallwayTemperatureReading,HallwayHumidityReading,73.60,BathroomLightStatus,BathroomLightCommanded,56.4,19.1,BathroomFanStatus,HackerspaceLightReading,HackerspaceLightStatus,HackerspaceLightCommanded,HackerspaceTemperatureReading,HackerspaceHumidityReading,365,LoftLightStatus,100,0,22.40,4.95,0,43,15,39,HotWaterStatus,ColdWaterStatus,DayWaterElementStatus,NightWaterElementStatus,6.5,2.46,2.475,2.5
2017-12-31,00:10,DoorMotion,DoorMotionCount,DoorOpened,DoorOpenedCount,0,HallwayLightStatus,,,HallwayTemperatureReading,HallwayHumidityReading,73.90,BathroomLightStatus,BathroomLightCommanded,56.4,19.1,BathroomFanStatus,HackerspaceLightReading,HackerspaceLightStatus,HackerspaceLightCommanded,HackerspaceTemperatureReading,HackerspaceHumidityReading,364,LoftLightStatus,94,0,22.40,4.95,0,43,15,39,HotWaterStatus,ColdWaterStatus,DayWaterElementStatus,NightWaterElementStatus,6.5,2.43,2.475,2.48
2017-12-31,00:10,DoorMotion,DoorMotionCount,DoorOpened,DoorOpenedCount,0,HallwayLightStatus,,,HallwayTemperatureReading,HallwayHumidityReading,74.10,BathroomLightStatus,BathroomLightCommanded,56.3,19.0,BathroomFanStatus,HackerspaceLightReading,HackerspaceLightStatus,HackerspaceLightCommanded,HackerspaceTemperatureReading,HackerspaceHumidityReading,362,LoftLightStatus,4,0,22.40,3.51,0,43,15,39,HotWaterStatus,ColdWaterStatus,DayWaterElementStatus,NightWaterElementStatus,6.5,2.465,2.5,1.745
2017-12-31,00:10,DoorMotion,DoorMotionCount,DoorOpened,DoorOpenedCount,0,HallwayLightStatus,,,HallwayTemperatureReading,HallwayHumidityReading,74.30,BathroomLightStatus,BathroomLightCommanded,56.1,19.0,BathroomFanStatus,HackerspaceLightReading,HackerspaceLightStatus,HackerspaceLightCommanded,HackerspaceTemperatureReading,HackerspaceHumidityReading,363,LoftLightStatus,1,0,22.40,3.42,2,43,15,39,HotWaterStatus,ColdWaterStatus,DayWaterElementStatus,NightWaterElementStatus,6.5,1.74,1.745,1.745
2017-12-31,00:11,DoorMotion,DoorMotionCount,DoorOpened,DoorOpenedCount,0,HallwayLightStatus,,,HallwayTemperatureReading,HallwayHumidityReading,74.50,BathroomLightStatus,BathroomLightCommanded,56.0,19.0,BathroomFanStatus,HackerspaceLightReading,HackerspaceLightStatus,HackerspaceLightCommanded,HackerspaceTemperatureReading,HackerspaceHumidityReading,0,LoftLightStatus,8,0,22.40,3.44,0,43,15,39,HotWaterStatus,ColdWaterStatus,DayWaterElementStatus,NightWaterElementStatus,6.5,1.775,1.725,1.705
2017-12-31,00:11,DoorMotion,DoorMotionCount,DoorOpened,DoorOpenedCount,0,HallwayLightStatus,,,HallwayTemperatureReading,HallwayHumidityReading,74.60,BathroomLightStatus,BathroomLightCommanded,56.1,19.0,BathroomFanStatus,HackerspaceLightReading,HackerspaceLightStatus,HackerspaceLightCommanded,HackerspaceTemperatureReading,HackerspaceHumidityReading,0,LoftLightStatus,1,0,22.40,3.46,2,43,15,38,HotWaterStatus,ColdWaterStatus,DayWaterElementStatus,NightWaterElementStatus,6.5,1.715,1.725,1.715
2017-12-31,00:11,DoorMotion,DoorMotionCount,DoorOpened,DoorOpenedCount,0,HallwayLightStatus,,,HallwayTemperatureReading,HallwayHumidityReading,74.80,BathroomLightStatus,BathroomLightCommanded,56.2,19.0,BathroomFanStatus,HackerspaceLightReading,HackerspaceLightStatus,HackerspaceLightCommanded,HackerspaceTemperatureReading,HackerspaceHumidityReading,0,LoftLightStatus,1,0,22.40,3.53,0,43,15,39,HotWaterStatus,ColdWaterStatus,DayWaterElementStatus,NightWaterElementStatus,6.5,1.735,1.72,1.73
2017-12-31,00:12,DoorMotion,DoorMotionCount,DoorOpened,DoorOpenedCount,0,HallwayLightStatus,,,HallwayTemperatureReading,HallwayHumidityReading,75.00,BathroomLightStatus,BathroomLightCommanded,56.1,18.9,BathroomFanStatus,HackerspaceLightReading,HackerspaceLightStatus,HackerspaceLightCommanded,HackerspaceTemperatureReading,HackerspaceHumidityReading,362,LoftLightStatus,8,0,22.40,3.52,0,43,15,39,HotWaterStatus,ColdWaterStatus,DayWaterElementStatus,NightWaterElementStatus,6.5,1.75,1.77,1.755
2017-12-31,00:12,DoorMotion,DoorMotionCount,DoorOpened,DoorOpenedCount,0,HallwayLightStatus,,,HallwayTemperatureReading,HallwayHumidityReading,75.10,BathroomLightStatus,BathroomLightCommanded,56.1,18.9,BathroomFanStatus,HackerspaceLightReading,HackerspaceLightStatus,HackerspaceLightCommanded,HackerspaceTemperatureReading,HackerspaceHumidityReading,363,LoftLightStatus,5,0,22.30,3.56,0,43,15,39,HotWaterStatus,ColdWaterStatus,DayWaterElementStatus,NightWaterElementStatus,6.5,1.81,1.755,1.76
2017-12-31,00:12,DoorMotion,DoorMotionCount,DoorOpened,DoorOpenedCount,0,HallwayLightStatus,,,HallwayTemperatureReading,HallwayHumidityReading,75.20,BathroomLightStatus,BathroomLightCommanded,55.9,18.9,BathroomFanStatus,HackerspaceLightReading,HackerspaceLightStatus,HackerspaceLightCommanded,HackerspaceTemperatureReading,HackerspaceHumidityReading,363,LoftLightStatus,9,0,22.30,3.48,0,43,15,38,HotWaterStatus,ColdWaterStatus,DayWaterElementStatus,NightWaterElementStatus,6.5,1.74,1.805,1.75
2017-12-31,00:12,DoorMotion,DoorMotionCount,DoorOpened,DoorOpenedCount,0,HallwayLightStatus,,,HallwayTemperatureReading,HallwayHumidityReading,75.50,BathroomLightStatus,BathroomLightCommanded,55.9,18.9,BathroomFanStatus,HackerspaceLightReading,HackerspaceLightStatus,HackerspaceLightCommanded,HackerspaceTemperatureReading,HackerspaceHumidityReading,361,LoftLightStatus,0,0,22.30,3.45,2,44,15,40,HotWaterStatus,ColdWaterStatus,DayWaterElementStatus,NightWaterElementStatus,6.5,1.775,1.745,1.72
2017-12-31,00:13,DoorMotion,DoorMotionCount,DoorOpened,DoorOpenedCount,0,HallwayLightStatus,,,HallwayTemperatureReading,HallwayHumidityReading,75.50,BathroomLightStatus,BathroomLightCommanded,55.8,18.9,BathroomFanStatus,HackerspaceLightReading,HackerspaceLightStatus,HackerspaceLightCommanded,HackerspaceTemperatureReading,HackerspaceHumidityReading,362,LoftLightStatus,0,0,22.30,3.52,0,43,16,39,HotWaterStatus,ColdWaterStatus,DayWaterElementStatus,NightWaterElementStatus,7.0,1.74,1.75,1.75
2017-12-31,00:13,DoorMotion,DoorMotionCount,DoorOpened,DoorOpenedCount,0,HallwayLightStatus,,,HallwayTemperatureReading,HallwayHumidityReading,75.60,BathroomLightStatus,BathroomLightCommanded,55.8,18.9,BathroomFanStatus,HackerspaceLightReading,HackerspaceLightStatus,HackerspaceLightCommanded,HackerspaceTemperatureReading,HackerspaceHumidityReading,362,LoftLightStatus,1,0,22.30,3.58,0,43,15,39,HotWaterStatus,ColdWaterStatus,DayWaterElementStatus,NightWaterElementStatus,6.5,1.775,1.765,1.745
2017-12-31,00:13,DoorMotion,DoorMotionCount,DoorOpened,DoorOpenedCount,0,HallwayLightStatus,,,HallwayTemperatureReading,HallwayHumidityReading,75.70,BathroomLightStatus,BathroomLightCommanded,55.9,18.9,BathroomFanStatus,HackerspaceLightReading,HackerspaceLightStatus,HackerspaceLightCommanded,HackerspaceTemperatureReading,HackerspaceHumidityReading,359,LoftLightStatus,4,0,22.30,3.52,0,43,15,39,HotWaterStatus,ColdWaterStatus,DayWaterElementStatus,NightWaterElementStatus,6.5,1.76,1.76,1.775
2017-12-31,00:14,DoorMotion,DoorMotionCount,DoorOpened,DoorOpenedCount,0,HallwayLightStatus,,,HallwayTemperatureReading,HallwayHumidityReading,75.80,BathroomLightStatus,BathroomLightCommanded,56.0,18.9,BathroomFanStatus,HackerspaceLightReading,HackerspaceLightStatus,HackerspaceLightCommanded,HackerspaceTemperatureReading,HackerspaceHumidityReading,361,LoftLightStatus,3,0,22.30,3.58,0,43,17,38,HotWaterStatus,ColdWaterStatus,DayWaterElementStatus,NightWaterElementStatus,6.5,1.76,1.76,1.77
2017-12-31,00:14,DoorMotion,DoorMotionCount,DoorOpened,DoorOpenedCount,0,HallwayLightStatus,,,HallwayTemperatureReading,HallwayHumidityReading,76.00,BathroomLightStatus,BathroomLightCommanded,56.0,18.9,BathroomFanStatus,HackerspaceLightReading,HackerspaceLightStatus,HackerspaceLightCommanded,HackerspaceTemperatureReading,HackerspaceHumidityReading,360,LoftLightStatus,0,0,22.30,3.52,0,43,15,38,HotWaterStatus,ColdWaterStatus,DayWaterElementStatus,NightWaterElementStatus,6.5,1.745,1.75,1.755
2017-12-31,00:14,DoorMotion,DoorMotionCount,DoorOpened,DoorOpenedCount,0,HallwayLightStatus,,,HallwayTemperatureReading,HallwayHumidityReading,75.90,BathroomLightStatus,BathroomLightCommanded,56.0,18.9,BathroomFanStatus,HackerspaceLightReading,HackerspaceLightStatus,HackerspaceLightCommanded,HackerspaceTemperatureReading,HackerspaceHumidityReading,359,LoftLightStatus,0,0,22.30,3.54,0,43,15,38,HotWaterStatus,ColdWaterStatus,DayWaterElementStatus,NightWaterElementStatus,6.5,1.725,1.78,1.755
2017-12-31,00:14,DoorMotion,DoorMotionCount,DoorOpened,DoorOpenedCount,0,HallwayLightStatus,,,HallwayTemperatureReading,HallwayHumidityReading,75.90,BathroomLightStatus,BathroomLightCommanded,55.9,18.9,BathroomFanStatus,HackerspaceLightReading,HackerspaceLightStatus,HackerspaceLightCommanded,HackerspaceTemperatureReading,HackerspaceHumidityReading,359,LoftLightStatus,0,0,22.30,3.52,1,43,16,39,HotWaterStatus,ColdWaterStatus,DayWaterElementStatus,NightWaterElementStatus,6.5,1.735,1.745,1.745
2017-12-31,00:15,DoorMotion,DoorMotionCount,DoorOpened,DoorOpenedCount,0,HallwayLightStatus,,,HallwayTemperatureReading,HallwayHumidityReading,76.00,BathroomLightStatus,BathroomLightCommanded,55.8,18.9,BathroomFanStatus,HackerspaceLightReading,HackerspaceLightStatus,HackerspaceLightCommanded,HackerspaceTemperatureReading,HackerspaceHumidityReading,357,LoftLightStatus,4,0,22.30,3.50,1,43,15,38,HotWaterStatus,ColdWaterStatus,DayWaterElementStatus,NightWaterElementStatus,6.5,1.81,1.75,1.765
2017-12-31,00:15,DoorMotion,DoorMotionCount,DoorOpened,DoorOpenedCount,0,HallwayLightStatus,,,HallwayTemperatureReading,HallwayHumidityReading,76.00,BathroomLightStatus,BathroomLightCommanded,55.8,18.9,BathroomFanStatus,HackerspaceLightReading,HackerspaceLightStatus,HackerspaceLightCommanded,HackerspaceTemperatureReading,HackerspaceHumidityReading,357,LoftLightStatus,0,0,22.20,3.50,1,43,16,38,HotWaterStatus,ColdWaterStatus,DayWaterElementStatus,NightWaterElementStatus,6.5,1.755,1.755,1.76
2017-12-31,00:15,DoorMotion,DoorMotionCount,DoorOpened,DoorOpenedCount,0,HallwayLightStatus,,,HallwayTemperatureReading,HallwayHumidityReading,76.10,BathroomLightStatus,BathroomLightCommanded,55.8,18.9,BathroomFanStatus,HackerspaceLightReading,HackerspaceLightStatus,HackerspaceLightCommanded,HackerspaceTemperatureReading,HackerspaceHumidityReading,356,LoftLightStatus,0,0,22.20,3.50,0,43,15,39,HotWaterStatus,ColdWaterStatus,DayWaterElementStatus,NightWaterElementStatus,6.5,1.745,1.77,1.75
2017-12-31,00:16,DoorMotion,DoorMotionCount,DoorOpened,DoorOpenedCount,0,HallwayLightStatus,,,HallwayTemperatureReading,HallwayHumidityReading,76.10,BathroomLightStatus,BathroomLightCommanded,55.8,18.9,BathroomFanStatus,HackerspaceLightReading,HackerspaceLightStatus,HackerspaceLightCommanded,HackerspaceTemperatureReading,HackerspaceHumidityReading,356,LoftLightStatus,4,0,22.20,3.62,0,43,15,38,HotWaterStatus,ColdWaterStatus,DayWaterElementStatus,NightWaterElementStatus,6.5,1.745,1.75,1.92
2017-12-31,00:16,DoorMotion,DoorMotionCount,DoorOpened,DoorOpenedCount,0,HallwayLightStatus,,,HallwayTemperatureReading,HallwayHumidityReading,76.10,BathroomLightStatus,BathroomLightCommanded,55.8,18.9,BathroomFanStatus,HackerspaceLightReading,HackerspaceLightStatus,HackerspaceLightCommanded,HackerspaceTemperatureReading,HackerspaceHumidityReading,358,LoftLightStatus,4,0,22.20,3.54,0,43,15,38,HotWaterStatus,ColdWaterStatus,DayWaterElementStatus,NightWaterElementStatus,6.5,1.775,1.77,1.785
2017-12-31,00:16,DoorMotion,DoorMotionCount,DoorOpened,DoorOpenedCount,0,HallwayLightStatus,,,HallwayTemperatureReading,HallwayHumidityReading,76.20,BathroomLightStatus,BathroomLightCommanded,55.7,18.8,BathroomFanStatus,HackerspaceLightReading,HackerspaceLightStatus,HackerspaceLightCommanded,HackerspaceTemperatureReading,HackerspaceHumidityReading,356,LoftLightStatus,1,0,22.20,3.53,1,43,15,39,HotWaterStatus,ColdWaterStatus,DayWaterElementStatus,NightWaterElementStatus,6.5,1.765,1.745,1.795
2017-12-31,00:16,DoorMotion,DoorMotionCount,DoorOpened,DoorOpenedCount,0,HallwayLightStatus,,,HallwayTemperatureReading,HallwayHumidityReading,76.20,BathroomLightStatus,BathroomLightCommanded,55.7,18.9,BathroomFanStatus,HackerspaceLightReading,HackerspaceLightStatus,HackerspaceLightCommanded,HackerspaceTemperatureReading,HackerspaceHumidityReading,356,LoftLightStatus,9,0,22.20,3.49,1,43,15,39,HotWaterStatus,ColdWaterStatus,DayWaterElementStatus,NightWaterElementStatus,6.5,1.755,1.785,1.75
2017-12-31,00:17,DoorMotion,DoorMotionCount,DoorOpened,DoorOpenedCount,0,HallwayLightStatus,,,HallwayTemperatureReading,HallwayHumidityReading,76.30,BathroomLightStatus,BathroomLightCommanded,55.8,18.9,BathroomFanStatus,HackerspaceLightReading,HackerspaceLightStatus,HackerspaceLightCommanded,HackerspaceTemperatureReading,HackerspaceHumidityReading,356,LoftLightStatus,5,0,22.20,3.61,1,43,15,39,HotWaterStatus,ColdWaterStatus,DayWaterElementStatus,NightWaterElementStatus,6.5,1.75,1.785,1.73
2017-12-31,00:17,DoorMotion,DoorMotionCount,DoorOpened,DoorOpenedCount,0,HallwayLightStatus,,,HallwayTemperatureReading,HallwayHumidityReading,76.30,BathroomLightStatus,BathroomLightCommanded,55.7,18.9,BathroomFanStatus,HackerspaceLightReading,HackerspaceLightStatus,HackerspaceLightCommanded,HackerspaceTemperatureReading,HackerspaceHumidityReading,354,LoftLightStatus,0,0,22.20,3.53,1,43,15,39,HotWaterStatus,ColdWaterStatus,DayWaterElementStatus,NightWaterElementStatus,6.5,1.78,1.76,1.75
2017-12-31,00:17,DoorMotion,DoorMotionCount,DoorOpened,DoorOpenedCount,0,HallwayLightStatus,,,HallwayTemperatureReading,HallwayHumidityReading,76.20,BathroomLightStatus,BathroomLightCommanded,55.8,18.9,BathroomFanStatus,HackerspaceLightReading,HackerspaceLightStatus,HackerspaceLightCommanded,HackerspaceTemperatureReading,HackerspaceHumidityReading,354,LoftLightStatus,5,0,22.20,3.51,0,43,15,38,HotWaterStatus,ColdWaterStatus,DayWaterElementStatus,NightWaterElementStatus,6.5,1.75,1.74,1.79
2017-12-31,00:18,DoorMotion,DoorMotionCount,DoorOpened,DoorOpenedCount,0,HallwayLightStatus,,,HallwayTemperatureReading,HallwayHumidityReading,76.20,BathroomLightStatus,BathroomLightCommanded,55.7,18.9,BathroomFanStatus,HackerspaceLightReading,HackerspaceLightStatus,HackerspaceLightCommanded,HackerspaceTemperatureReading,HackerspaceHumidityReading,354,LoftLightStatus,4,0,22.20,3.48,0,43,16,38,HotWaterStatus,ColdWaterStatus,DayWaterElementStatus,NightWaterElementStatus,6.5,1.74,1.74,1.74
2017-12-31,00:18,DoorMotion,DoorMotionCount,DoorOpened,DoorOpenedCount,0,HallwayLightStatus,,,HallwayTemperatureReading,HallwayHumidityReading,76.30,BathroomLightStatus,BathroomLightCommanded,55.5,18.9,BathroomFanStatus,HackerspaceLightReading,HackerspaceLightStatus,HackerspaceLightCommanded,HackerspaceTemperatureReading,HackerspaceHumidityReading,22,LoftLightStatus,1,0,22.20,3.48,0,43,15,38,HotWaterStatus,ColdWaterStatus,DayWaterElementStatus,NightWaterElementStatus,6.5,1.705,1.75,1.7
2017-12-31,00:18,DoorMotion,DoorMotionCount,DoorOpened,DoorOpenedCount,0,HallwayLightStatus,,,HallwayTemperatureReading,HallwayHumidityReading,76.40,BathroomLightStatus,BathroomLightCommanded,55.5,18.9,BathroomFanStatus,HackerspaceLightReading,HackerspaceLightStatus,HackerspaceLightCommanded,HackerspaceTemperatureReading,HackerspaceHumidityReading,0,LoftLightStatus,4,0,22.20,3.41,0,43,16,38,HotWaterStatus,ColdWaterStatus,DayWaterElementStatus,NightWaterElementStatus,6.5,1.74,1.72,1.7
2017-12-31,00:19,DoorMotion,DoorMotionCount,DoorOpened,DoorOpenedCount,0,HallwayLightStatus,,,HallwayTemperatureReading,HallwayHumidityReading,76.30,BathroomLightStatus,BathroomLightCommanded,55.6,18.9,BathroomFanStatus,HackerspaceLightReading,HackerspaceLightStatus,HackerspaceLightCommanded,HackerspaceTemperatureReading,HackerspaceHumidityReading,351,LoftLightStatus,4,0,22.20,3.48,0,43,16,38,HotWaterStatus,ColdWaterStatus,DayWaterElementStatus,NightWaterElementStatus,6.5,1.815,1.765,1.79
2017-12-31,00:19,DoorMotion,DoorMotionCount,DoorOpened,DoorOpenedCount,0,HallwayLightStatus,,,HallwayTemperatureReading,HallwayHumidityReading,76.40,BathroomLightStatus,BathroomLightCommanded,55.4,18.9,BathroomFanStatus,HackerspaceLightReading,HackerspaceLightStatus,HackerspaceLightCommanded,HackerspaceTemperatureReading,HackerspaceHumidityReading,355,LoftLightStatus,9,0,22.20,3.53,0,43,15,39,HotWaterStatus,ColdWaterStatus,DayWaterElementStatus,NightWaterElementStatus,6.5,1.715,1.755,1.735
2017-12-31,00:19,DoorMotion,DoorMotionCount,DoorOpened,DoorOpenedCount,0,HallwayLightStatus,,,HallwayTemperatureReading,HallwayHumidityReading,76.50,BathroomLightStatus,BathroomLightCommanded,55.5,18.9,BathroomFanStatus,HackerspaceLightReading,HackerspaceLightStatus,HackerspaceLightCommanded,HackerspaceTemperatureReading,HackerspaceHumidityReading,355,LoftLightStatus,25,0,22.10,3.58,0,43,16,38,HotWaterStatus,ColdWaterStatus,DayWaterElementStatus,NightWaterElementStatus,6.5,1.725,1.795,1.74
2017-12-31,00:19,DoorMotion,DoorMotionCount,DoorOpened,DoorOpenedCount,0,HallwayLightStatus,,,HallwayTemperatureReading,HallwayHumidityReading,76.60,BathroomLightStatus,BathroomLightCommanded,55.3,18.9,BathroomFanStatus,HackerspaceLightReading,HackerspaceLightStatus,HackerspaceLightCommanded,HackerspaceTemperatureReading,HackerspaceHumidityReading,357,LoftLightStatus,3,0,22.10,3.48,0,43,15,38,HotWaterStatus,ColdWaterStatus,DayWaterElementStatus,NightWaterElementStatus,6.5,1.725,1.73,1.74
2017-12-31,00:20,DoorMotion,DoorMotionCount,DoorOpened,DoorOpenedCount,0,HallwayLightStatus,,,HallwayTemperatureReading,HallwayHumidityReading,76.60,BathroomLightStatus,BathroomLightCommanded,55.4,18.9,BathroomFanStatus,HackerspaceLightReading,HackerspaceLightStatus,HackerspaceLightCommanded,HackerspaceTemperatureReading,HackerspaceHumidityReading,355,LoftLightStatus,8,0,22.10,3.47,0,43,16,38,HotWaterStatus,ColdWaterStatus,DayWaterElementStatus,NightWaterElementStatus,6.5,1.795,1.75,1.75
2017-12-31,00:20,DoorMotion,DoorMotionCount,DoorOpened,DoorOpenedCount,0,HallwayLightStatus,,,HallwayTemperatureReading,HallwayHumidityReading,76.50,BathroomLightStatus,BathroomLightCommanded,55.5,18.9,BathroomFanStatus,HackerspaceLightReading,HackerspaceLightStatus,HackerspaceLightCommanded,HackerspaceTemperatureReading,HackerspaceHumidityReading,354,LoftLightStatus,0,0,22.10,3.46,0,43,16,38,HotWaterStatus,ColdWaterStatus,DayWaterElementStatus,NightWaterElementStatus,6.5,1.73,1.74,1.73
2017-12-31,00:20,DoorMotion,DoorMotionCount,DoorOpened,DoorOpenedCount,0,HallwayLightStatus,,,HallwayTemperatureReading,HallwayHumidityReading,76.50,BathroomLightStatus,BathroomLightCommanded,55.5,18.9,BathroomFanStatus,HackerspaceLightReading,HackerspaceLightStatus,HackerspaceLightCommanded,HackerspaceTemperatureReading,HackerspaceHumidityReading,355,LoftLightStatus,4,0,22.10,3.46,0,43,16,38,HotWaterStatus,ColdWaterStatus,DayWaterElementStatus,NightWaterElementStatus,6.5,1.75,1.785,1.725
2017-12-31,00:21,DoorMotion,DoorMotionCount,DoorOpened,DoorOpenedCount,0,HallwayLightStatus,,,HallwayTemperatureReading,HallwayHumidityReading,76.40,BathroomLightStatus,BathroomLightCommanded,55.5,18.9,BathroomFanStatus,HackerspaceLightReading,HackerspaceLightStatus,HackerspaceLightCommanded,HackerspaceTemperatureReading,HackerspaceHumidityReading,355,LoftLightStatus,2,0,22.10,3.47,1,44,15,38,HotWaterStatus,ColdWaterStatus,DayWaterElementStatus,NightWaterElementStatus,6.5,1.73,1.765,1.735
2017-12-31,00:21,DoorMotion,DoorMotionCount,DoorOpened,DoorOpenedCount,0,HallwayLightStatus,,,HallwayTemperatureReading,HallwayHumidityReading,76.40,BathroomLightStatus,BathroomLightCommanded,55.5,18.9,BathroomFanStatus,HackerspaceLightReading,HackerspaceLightStatus,HackerspaceLightCommanded,HackerspaceTemperatureReading,HackerspaceHumidityReading,355,LoftLightStatus,0,0,22.10,3.48,0,43,16,38,HotWaterStatus,ColdWaterStatus,DayWaterElementStatus,NightWaterElementStatus,6.5,1.795,1.73,1.73
2017-12-31,00:21,DoorMotion,DoorMotionCount,DoorOpened,DoorOpenedCount,0,HallwayLightStatus,,,HallwayTemperatureReading,HallwayHumidityReading,76.50,BathroomLightStatus,BathroomLightCommanded,55.5,18.9,BathroomFanStatus,HackerspaceLightReading,HackerspaceLightStatus,HackerspaceLightCommanded,HackerspaceTemperatureReading,HackerspaceHumidityReading,355,LoftLightStatus,0,0,22.10,3.45,0,43,16,38,HotWaterStatus,ColdWaterStatus,DayWaterElementStatus,NightWaterElementStatus,6.5,1.73,1.74,1.72
2017-12-31,00:21,DoorMotion,DoorMotionCount,DoorOpened,DoorOpenedCount,0,HallwayLightStatus,,,HallwayTemperatureReading,HallwayHumidityReading,76.50,BathroomLightStatus,BathroomLightCommanded,55.7,18.9,BathroomFanStatus,HackerspaceLightReading,HackerspaceLightStatus,HackerspaceLightCommanded,HackerspaceTemperatureReading,HackerspaceHumidityReading,355,LoftLightStatus,0,0,22.10,3.47,0,43,16,38,HotWaterStatus,ColdWaterStatus,DayWaterElementStatus,NightWaterElementStatus,6.5,1.715,1.735,1.75
2017-12-31,00:22,DoorMotion,DoorMotionCount,DoorOpened,DoorOpenedCount,0,HallwayLightStatus,,,HallwayTemperatureReading,HallwayHumidityReading,76.60,BathroomLightStatus,BathroomLightCommanded,55.7,18.9,BathroomFanStatus,HackerspaceLightReading,HackerspaceLightStatus,HackerspaceLightCommanded,HackerspaceTemperatureReading,HackerspaceHumidityReading,355,LoftLightStatus,2,0,22.10,3.41,0,43,16,38,HotWaterStatus,ColdWaterStatus,DayWaterElementStatus,NightWaterElementStatus,6.5,1.775,1.77,1.73
2017-12-31,00:22,DoorMotion,DoorMotionCount,DoorOpened,DoorOpenedCount,0,HallwayLightStatus,,,HallwayTemperatureReading,HallwayHumidityReading,76.60,BathroomLightStatus,BathroomLightCommanded,55.5,18.9,BathroomFanStatus,HackerspaceLightReading,HackerspaceLightStatus,HackerspaceLightCommanded,HackerspaceTemperatureReading,HackerspaceHumidityReading,354,LoftLightStatus,5,0,22.10,3.49,2,43,16,39,HotWaterStatus,ColdWaterStatus,DayWaterElementStatus,NightWaterElementStatus,6.5,1.77,1.76,1.72
2017-12-31,00:22,DoorMotion,DoorMotionCount,DoorOpened,DoorOpenedCount,0,HallwayLightStatus,,,HallwayTemperatureReading,HallwayHumidityReading,76.70,BathroomLightStatus,BathroomLightCommanded,55.6,18.9,BathroomFanStatus,HackerspaceLightReading,HackerspaceLightStatus,HackerspaceLightCommanded,HackerspaceTemperatureReading,HackerspaceHumidityReading,354,LoftLightStatus,0,0,22.10,3.45,0,43,16,38,HotWaterStatus,ColdWaterStatus,DayWaterElementStatus,NightWaterElementStatus,6.5,1.71,1.73,1.74
2017-12-31,00:23,DoorMotion,DoorMotionCount,DoorOpened,DoorOpenedCount,0,HallwayLightStatus,,,HallwayTemperatureReading,HallwayHumidityReading,76.80,BathroomLightStatus,BathroomLightCommanded,55.7,18.9,BathroomFanStatus,HackerspaceLightReading,HackerspaceLightStatus,HackerspaceLightCommanded,HackerspaceTemperatureReading,HackerspaceHumidityReading,355,LoftLightStatus,4,0,22.10,3.47,0,44,16,38,HotWaterStatus,ColdWaterStatus,DayWaterElementStatus,NightWaterElementStatus,6.5,1.725,1.725,1.745
2017-12-31,00:23,DoorMotion,DoorMotionCount,DoorOpened,DoorOpenedCount,0,HallwayLightStatus,,,HallwayTemperatureReading,HallwayHumidityReading,76.80,BathroomLightStatus,BathroomLightCommanded,55.5,18.9,BathroomFanStatus,HackerspaceLightReading,HackerspaceLightStatus,HackerspaceLightCommanded,HackerspaceTemperatureReading,HackerspaceHumidityReading,354,LoftLightStatus,0,0,22.10,3.48,0,43,16,38,HotWaterStatus,ColdWaterStatus,DayWaterElementStatus,NightWaterElementStatus,6.5,1.735,1.73,1.715
2017-12-31,00:23,DoorMotion,DoorMotionCount,DoorOpened,DoorOpenedCount,0,HallwayLightStatus,,,HallwayTemperatureReading,HallwayHumidityReading,76.80,BathroomLightStatus,BathroomLightCommanded,55.4,18.9,BathroomFanStatus,HackerspaceLightReading,HackerspaceLightStatus,HackerspaceLightCommanded,HackerspaceTemperatureReading,HackerspaceHumidityReading,353,LoftLightStatus,8,0,22.10,3.54,0,43,16,38,HotWaterStatus,ColdWaterStatus,DayWaterElementStatus,NightWaterElementStatus,6.5,1.735,1.745,1.71
2017-12-31,00:23,DoorMotion,DoorMotionCount,DoorOpened,DoorOpenedCount,0,HallwayLightStatus,,,HallwayTemperatureReading,HallwayHumidityReading,77.00,BathroomLightStatus,BathroomLightCommanded,55.4,18.9,BathroomFanStatus,HackerspaceLightReading,HackerspaceLightStatus,HackerspaceLightCommanded,HackerspaceTemperatureReading,HackerspaceHumidityReading,348,LoftLightStatus,1,0,22.10,32.03,0,45,16,38,HotWaterStatus,ColdWaterStatus,DayWaterElementStatus,NightWaterElementStatus,6.5,16.085,16.025,16.05
2017-12-31,00:24,DoorMotion,DoorMotionCount,DoorOpened,DoorOpenedCount,0,HallwayLightStatus,,,HallwayTemperatureReading,HallwayHumidityReading,76.80,BathroomLightStatus,BathroomLightCommanded,55.4,19.0,BathroomFanStatus,HackerspaceLightReading,HackerspaceLightStatus,HackerspaceLightCommanded,HackerspaceTemperatureReading,HackerspaceHumidityReading,347,LoftLightStatus,9,0,22.10,32.50,1,48,16,39,HotWaterStatus,ColdWaterStatus,DayWaterElementStatus,NightWaterElementStatus,6.5,16.025,16.055,15.97
2017-12-31,00:24,DoorMotion,DoorMotionCount,DoorOpened,DoorOpenedCount,0,HallwayLightStatus,,,HallwayTemperatureReading,HallwayHumidityReading,77.60,BathroomLightStatus,BathroomLightCommanded,55.3,19.0,BathroomFanStatus,HackerspaceLightReading,HackerspaceLightStatus,HackerspaceLightCommanded,HackerspaceTemperatureReading,HackerspaceHumidityReading,351,LoftLightStatus,33.64,0,22.10,84,148,49,14,38,HotWaterStatus,ColdWaterStatus,DayWaterElementStatus,NightWaterElementStatus,6.5,16.65,16.84,16.845
2017-12-31,00:24,DoorMotion,DoorMotionCount,DoorOpened,DoorOpenedCount,0,HallwayLightStatus,,,HallwayTemperatureReading,HallwayHumidityReading,77.30,BathroomLightStatus,BathroomLightCommanded,55.3,19.0,BathroomFanStatus,HackerspaceLightReading,HackerspaceLightStatus,HackerspaceLightCommanded,HackerspaceTemperatureReading,HackerspaceHumidityReading,351,LoftLightStatus,38,0,22.10,33.82,154,50,15,38,HotWaterStatus,ColdWaterStatus,DayWaterElementStatus,NightWaterElementStatus,6.5,16.855,16.895,16.78
2017-12-31,00:25,DoorMotion,DoorMotionCount,DoorOpened,DoorOpenedCount,1,HallwayLightStatus,,,HallwayTemperatureReading,HallwayHumidityReading,76.10,BathroomLightStatus,BathroomLightCommanded,55.3,19.0,BathroomFanStatus,HackerspaceLightReading,HackerspaceLightStatus,HackerspaceLightCommanded,HackerspaceTemperatureReading,HackerspaceHumidityReading,352,LoftLightStatus,33.86,0,22.10,60,154,50,14,38,HotWaterStatus,ColdWaterStatus,DayWaterElementStatus,NightWaterElementStatus,6.5,16.74,16.665,16.575
2017-12-31,00:25,DoorMotion,DoorMotionCount,DoorOpened,DoorOpenedCount,0,HallwayLightStatus,,,HallwayTemperatureReading,HallwayHumidityReading,75.60,BathroomLightStatus,BathroomLightCommanded,59.2,19.0,BathroomFanStatus,HackerspaceLightReading,HackerspaceLightStatus,HackerspaceLightCommanded,HackerspaceTemperatureReading,HackerspaceHumidityReading,353,LoftLightStatus,61,0,22.10,34.03,152,50,14,38,HotWaterStatus,ColdWaterStatus,DayWaterElementStatus,NightWaterElementStatus,6.5,16.665,16.94,16.9
2017-12-31,00:25,DoorMotion,DoorMotionCount,DoorOpened,DoorOpenedCount,0,HallwayLightStatus,,,HallwayTemperatureReading,HallwayHumidityReading,74.80,BathroomLightStatus,BathroomLightCommanded,58.0,19.0,BathroomFanStatus,HackerspaceLightReading,HackerspaceLightStatus,HackerspaceLightCommanded,HackerspaceTemperatureReading,HackerspaceHumidityReading,353,LoftLightStatus,33.54,0,22.10,88,154,50,14,38,HotWaterStatus,ColdWaterStatus,DayWaterElementStatus,NightWaterElementStatus,6.5,16.785,16.76,16.81
2017-12-31,00:25,DoorMotion,DoorMotionCount,DoorOpened,DoorOpenedCount,0,HallwayLightStatus,,,HallwayTemperatureReading,HallwayHumidityReading,74.60,BathroomLightStatus,BathroomLightCommanded,57.2,19.0,BathroomFanStatus,HackerspaceLightReading,HackerspaceLightStatus,HackerspaceLightCommanded,HackerspaceTemperatureReading,HackerspaceHumidityReading,352,LoftLightStatus,102,0,22.20,33.76,154,51,14,38,HotWaterStatus,ColdWaterStatus,DayWaterElementStatus,NightWaterElementStatus,6.5,16.79,16.79,16.82
2017-12-31,00:26,DoorMotion,DoorMotionCount,DoorOpened,DoorOpenedCount,0,HallwayLightStatus,,,HallwayTemperatureReading,HallwayHumidityReading,74.90,BathroomLightStatus,BathroomLightCommanded,59.2,19.0,BathroomFanStatus,HackerspaceLightReading,HackerspaceLightStatus,HackerspaceLightCommanded,HackerspaceTemperatureReading,HackerspaceHumidityReading,352,LoftLightStatus,34.48,0,22.20,109,154,51,14,39,HotWaterStatus,ColdWaterStatus,DayWaterElementStatus,NightWaterElementStatus,6.5,17.265,17.38,17.205
2017-12-31,00:26,DoorMotion,DoorMotionCount,DoorOpened,DoorOpenedCount,0,HallwayLightStatus,,,HallwayTemperatureReading,HallwayHumidityReading,73.90,BathroomLightStatus,BathroomLightCommanded,57.1,19.0,BathroomFanStatus,HackerspaceLightReading,HackerspaceLightStatus,HackerspaceLightCommanded,HackerspaceTemperatureReading,HackerspaceHumidityReading,0,LoftLightStatus,109,0,22.20,34.56,0,51,14,39,HotWaterStatus,ColdWaterStatus,DayWaterElementStatus,NightWaterElementStatus,6.5,17.18,17.285,17.25
2017-12-31,00:26,DoorMotion,DoorMotionCount,DoorOpened,DoorOpenedCount,0,HallwayLightStatus,,,HallwayTemperatureReading,HallwayHumidityReading,74.00,BathroomLightStatus,BathroomLightCommanded,56.5,19.0,BathroomFanStatus,HackerspaceLightReading,HackerspaceLightStatus,HackerspaceLightCommanded,HackerspaceTemperatureReading,HackerspaceHumidityReading,0,LoftLightStatus,34.62,0,22.20,109,0,51,14,39,HotWaterStatus,ColdWaterStatus,DayWaterElementStatus,NightWaterElementStatus,6.5,17.085,17.37,17.405
2017-12-31,00:27,DoorMotion,DoorMotionCount,DoorOpened,DoorOpenedCount,0,HallwayLightStatus,,,HallwayTemperatureReading,HallwayHumidityReading,73.90,BathroomLightStatus,BathroomLightCommanded,56.1,19.0,BathroomFanStatus,HackerspaceLightReading,HackerspaceLightStatus,HackerspaceLightCommanded,HackerspaceTemperatureReading,HackerspaceHumidityReading,0,LoftLightStatus,111,0,22.20,34.13,0,51,13,40,HotWaterStatus,ColdWaterStatus,DayWaterElementStatus,NightWaterElementStatus,6.5,17.245,17.025,17.235
2017-12-31,00:27,DoorMotion,DoorMotionCount,DoorOpened,DoorOpenedCount,0,HallwayLightStatus,,,HallwayTemperatureReading,HallwayHumidityReading,73.70,BathroomLightStatus,BathroomLightCommanded,56.0,19.0,BathroomFanStatus,HackerspaceLightReading,HackerspaceLightStatus,HackerspaceLightCommanded,HackerspaceTemperatureReading,HackerspaceHumidityReading,0,LoftLightStatus,34.56,0,22.20,114,0,51,14,39,HotWaterStatus,ColdWaterStatus,DayWaterElementStatus,NightWaterElementStatus,6.5,16.87,17.315,17.015
2017-12-31,00:27,DoorMotion,DoorMotionCount,DoorOpened,DoorOpenedCount,0,HallwayLightStatus,,,HallwayTemperatureReading,HallwayHumidityReading,73.40,BathroomLightStatus,BathroomLightCommanded,56.2,19.0,BathroomFanStatus,HackerspaceLightReading,HackerspaceLightStatus,HackerspaceLightCommanded,HackerspaceTemperatureReading,HackerspaceHumidityReading,0,LoftLightStatus,99,0,22.10,34.34,0,50,13,40,HotWaterStatus,ColdWaterStatus,DayWaterElementStatus,NightWaterElementStatus,6.5,17.15,17.345,17.415
2017-12-31,00:27,DoorMotion,DoorMotionCount,DoorOpened,DoorOpenedCount,0,HallwayLightStatus,,,HallwayTemperatureReading,HallwayHumidityReading,73.30,BathroomLightStatus,BathroomLightCommanded,56.1,19.0,BathroomFanStatus,HackerspaceLightReading,HackerspaceLightStatus,HackerspaceLightCommanded,HackerspaceTemperatureReading,HackerspaceHumidityReading,0,LoftLightStatus,34.17,0,22.10,120,0,50,14,40,HotWaterStatus,ColdWaterStatus,DayWaterElementStatus,NightWaterElementStatus,6.5,16.965,17.075,17.13
2017-12-31,00:28,DoorMotion,DoorMotionCount,DoorOpened,DoorOpenedCount,0,HallwayLightStatus,,,HallwayTemperatureReading,HallwayHumidityReading,73.30,BathroomLightStatus,BathroomLightCommanded,56.2,19.0,BathroomFanStatus,HackerspaceLightReading,HackerspaceLightStatus,HackerspaceLightCommanded,HackerspaceTemperatureReading,HackerspaceHumidityReading,0,LoftLightStatus,102,0,22.10,33.76,2,50,14,41,HotWaterStatus,ColdWaterStatus,DayWaterElementStatus,NightWaterElementStatus,6.5,16.985,17.155,17.045
2017-12-31,00:28,DoorMotion,DoorMotionCount,DoorOpened,DoorOpenedCount,0,HallwayLightStatus,,,HallwayTemperatureReading,HallwayHumidityReading,73.10,BathroomLightStatus,BathroomLightCommanded,55.9,19.0,BathroomFanStatus,HackerspaceLightReading,HackerspaceLightStatus,HackerspaceLightCommanded,HackerspaceTemperatureReading,HackerspaceHumidityReading,0,LoftLightStatus,33.90,0,22.10,109,0,50,14,41,HotWaterStatus,ColdWaterStatus,DayWaterElementStatus,NightWaterElementStatus,6.5,16.995,17.12,16.925
2017-12-31,00:28,DoorMotion,DoorMotionCount,DoorOpened,DoorOpenedCount,0,HallwayLightStatus,,,HallwayTemperatureReading,HallwayHumidityReading,73.10,BathroomLightStatus,BathroomLightCommanded,55.8,19.1,BathroomFanStatus,HackerspaceLightReading,HackerspaceLightStatus,HackerspaceLightCommanded,HackerspaceTemperatureReading,HackerspaceHumidityReading,0,LoftLightStatus,108,0,22.10,34.13,0,50,14,41,HotWaterStatus,ColdWaterStatus,DayWaterElementStatus,NightWaterElementStatus,6.5,16.9,17.005,16.965
2017-12-31,00:29,DoorMotion,DoorMotionCount,DoorOpened,DoorOpenedCount,0,HallwayLightStatus,,,HallwayTemperatureReading,HallwayHumidityReading,73.00,BathroomLightStatus,BathroomLightCommanded,55.8,19.0,BathroomFanStatus,HackerspaceLightReading,HackerspaceLightStatus,HackerspaceLightCommanded,HackerspaceTemperatureReading,HackerspaceHumidityReading,0,LoftLightStatus,33.84,0,22.10,102,0,50,14,41,HotWaterStatus,ColdWaterStatus,DayWaterElementStatus,NightWaterElementStatus,6.5,16.975,16.995,16.85
2017-12-31,00:29,DoorMotion,DoorMotionCount,DoorOpened,DoorOpenedCount,0,HallwayLightStatus,,,HallwayTemperatureReading,HallwayHumidityReading,72.90,BathroomLightStatus,BathroomLightCommanded,55.9,19.0,BathroomFanStatus,HackerspaceLightReading,HackerspaceLightStatus,HackerspaceLightCommanded,HackerspaceTemperatureReading,HackerspaceHumidityReading,0,LoftLightStatus,10,0,22.10,32.60,0,50,14,42,HotWaterStatus,ColdWaterStatus,DayWaterElementStatus,NightWaterElementStatus,6.5,16.975,16.995,16.545
2017-12-31,00:29,DoorMotion,DoorMotionCount,DoorOpened,DoorOpenedCount,0,HallwayLightStatus,,,HallwayTemperatureReading,HallwayHumidityReading,72.60,BathroomLightStatus,BathroomLightCommanded,55.8,19.0,BathroomFanStatus,HackerspaceLightReading,HackerspaceLightStatus,HackerspaceLightCommanded,HackerspaceTemperatureReading,HackerspaceHumidityReading,0,LoftLightStatus,32.98,0,22.00,3,0,49,14,42,HotWaterStatus,ColdWaterStatus,DayWaterElementStatus,NightWaterElementStatus,6.5,16.505,16.54,16.46
2017-12-31,00:29,DoorMotion,DoorMotionCount,DoorOpened,DoorOpenedCount,0,HallwayLightStatus,,,HallwayTemperatureReading,HallwayHumidityReading,72.40,BathroomLightStatus,BathroomLightCommanded,55.7,19.0,BathroomFanStatus,HackerspaceLightReading,HackerspaceLightStatus,HackerspaceLightCommanded,HackerspaceTemperatureReading,HackerspaceHumidityReading,0,LoftLightStatus,0,0,22.00,32.69,0,49,14,42,HotWaterStatus,ColdWaterStatus,DayWaterElementStatus,NightWaterElementStatus,6.5,16.05,16.275,16.12
2017-12-31,00:30,DoorMotion,DoorMotionCount,DoorOpened,DoorOpenedCount,0,HallwayLightStatus,,,HallwayTemperatureReading,HallwayHumidityReading,72.50,BathroomLightStatus,BathroomLightCommanded,55.8,19.1,BathroomFanStatus,HackerspaceLightReading,HackerspaceLightStatus,HackerspaceLightCommanded,HackerspaceTemperatureReading,HackerspaceHumidityReading,0,LoftLightStatus,32.60,0,22.00,4,1,50,14,42,HotWaterStatus,ColdWaterStatus,DayWaterElementStatus,NightWaterElementStatus,6.5,16.155,16.095,16.15
2017-12-31,00:30,DoorMotion,DoorMotionCount,DoorOpened,DoorOpenedCount,0,HallwayLightStatus,,,HallwayTemperatureReading,HallwayHumidityReading,72.40,BathroomLightStatus,BathroomLightCommanded,55.9,19.0,BathroomFanStatus,HackerspaceLightReading,HackerspaceLightStatus,HackerspaceLightCommanded,HackerspaceTemperatureReading,HackerspaceHumidityReading,0,LoftLightStatus,9,0,22.00,32.27,0,49,14,43,HotWaterStatus,ColdWaterStatus,DayWaterElementStatus,NightWaterElementStatus,6.5,16.015,16.135,16.11
2017-12-31,00:30,DoorMotion,DoorMotionCount,DoorOpened,DoorOpenedCount,0,HallwayLightStatus,,,HallwayTemperatureReading,HallwayHumidityReading,72.40,BathroomLightStatus,BathroomLightCommanded,55.7,19.1,BathroomFanStatus,HackerspaceLightReading,HackerspaceLightStatus,HackerspaceLightCommanded,HackerspaceTemperatureReading,HackerspaceHumidityReading,0,LoftLightStatus,32.92,0,22.00,4,0,49,14,43,HotWaterStatus,ColdWaterStatus,DayWaterElementStatus,NightWaterElementStatus,6.5,16.06,16.13,16.375
2017-12-31,00:31,DoorMotion,DoorMotionCount,DoorOpened,DoorOpenedCount,0,HallwayLightStatus,,,HallwayTemperatureReading,HallwayHumidityReading,72.30,BathroomLightStatus,BathroomLightCommanded,55.9,19.0,BathroomFanStatus,HackerspaceLightReading,HackerspaceLightStatus,HackerspaceLightCommanded,HackerspaceTemperatureReading,HackerspaceHumidityReading,0,LoftLightStatus,2,0,22.00,32.90,0,49,14,43,HotWaterStatus,ColdWaterStatus,DayWaterElementStatus,NightWaterElementStatus,6.5,16.26,16.535,16.35
2017-12-31,00:31,DoorMotion,DoorMotionCount,DoorOpened,DoorOpenedCount,0,HallwayLightStatus,,,HallwayTemperatureReading,HallwayHumidityReading,72.20,BathroomLightStatus,BathroomLightCommanded,55.7,19.0,BathroomFanStatus,HackerspaceLightReading,HackerspaceLightStatus,HackerspaceLightCommanded,HackerspaceTemperatureReading,HackerspaceHumidityReading,0,LoftLightStatus,2,0,22.00,4.15,0,49,14,43,HotWaterStatus,ColdWaterStatus,DayWaterElementStatus,NightWaterElementStatus,6.5,1.995,2.0,1.94
2017-12-31,00:31,DoorMotion,DoorMotionCount,DoorOpened,DoorOpenedCount,0,HallwayLightStatus,,,HallwayTemperatureReading,HallwayHumidityReading,72.10,BathroomLightStatus,BathroomLightCommanded,55.9,19.0,BathroomFanStatus,HackerspaceLightReading,HackerspaceLightStatus,HackerspaceLightCommanded,HackerspaceTemperatureReading,HackerspaceHumidityReading,0,LoftLightStatus,0,0,22.00,3.85,0,49,14,43,HotWaterStatus,ColdWaterStatus,DayWaterElementStatus,NightWaterElementStatus,7.0,1.915,1.945,1.93
2017-12-31,00:31,DoorMotion,DoorMotionCount,DoorOpened,DoorOpenedCount,0,HallwayLightStatus,,,HallwayTemperatureReading,HallwayHumidityReading,72.10,BathroomLightStatus,BathroomLightCommanded,56.0,19.0,BathroomFanStatus,HackerspaceLightReading,HackerspaceLightStatus,HackerspaceLightCommanded,HackerspaceTemperatureReading,HackerspaceHumidityReading,0,LoftLightStatus,0,0,22.00,4.09,2,49,14,44,HotWaterStatus,ColdWaterStatus,DayWaterElementStatus,NightWaterElementStatus,6.5,1.935,2.005,1.925
2017-12-31,00:32,DoorMotion,DoorMotionCount,DoorOpened,DoorOpenedCount,0,HallwayLightStatus,,,HallwayTemperatureReading,HallwayHumidityReading,72.10,BathroomLightStatus,BathroomLightCommanded,56.0,19.0,BathroomFanStatus,HackerspaceLightReading,HackerspaceLightStatus,HackerspaceLightCommanded,HackerspaceTemperatureReading,HackerspaceHumidityReading,0,LoftLightStatus,5,0,22.00,4.12,0,49,14,44,HotWaterStatus,ColdWaterStatus,DayWaterElementStatus,NightWaterElementStatus,6.5,2.025,2.125,2.04
2017-12-31,00:32,DoorMotion,DoorMotionCount,DoorOpened,DoorOpenedCount,0,HallwayLightStatus,,,HallwayTemperatureReading,HallwayHumidityReading,72.10,BathroomLightStatus,BathroomLightCommanded,56.1,19.0,BathroomFanStatus,HackerspaceLightReading,HackerspaceLightStatus,HackerspaceLightCommanded,HackerspaceTemperatureReading,HackerspaceHumidityReading,0,LoftLightStatus,0,0,21.90,3.82,0,49,14,44,HotWaterStatus,ColdWaterStatus,DayWaterElementStatus,NightWaterElementStatus,6.5,1.905,1.89,1.89
2017-12-31,00:32,DoorMotion,DoorMotionCount,DoorOpened,DoorOpenedCount,0,HallwayLightStatus,,,HallwayTemperatureReading,HallwayHumidityReading,72.00,BathroomLightStatus,BathroomLightCommanded,56.1,19.0,BathroomFanStatus,HackerspaceLightReading,HackerspaceLightStatus,HackerspaceLightCommanded,HackerspaceTemperatureReading,HackerspaceHumidityReading,0,LoftLightStatus,0,0,22.00,3.85,0,49,14,44,HotWaterStatus,ColdWaterStatus,DayWaterElementStatus,NightWaterElementStatus,6.5,1.925,1.985,2.015
2017-12-31,00:33,DoorMotion,DoorMotionCount,DoorOpened,DoorOpenedCount,0,HallwayLightStatus,,,HallwayTemperatureReading,HallwayHumidityReading,72.00,BathroomLightStatus,BathroomLightCommanded,56.1,19.0,BathroomFanStatus,HackerspaceLightReading,HackerspaceLightStatus,HackerspaceLightCommanded,HackerspaceTemperatureReading,HackerspaceHumidityReading,0,LoftLightStatus,0,0,21.90,3.75,1,48,14,44,HotWaterStatus,ColdWaterStatus,DayWaterElementStatus,NightWaterElementStatus,6.5,1.905,1.93,1.9
2017-12-31,00:33,DoorMotion,DoorMotionCount,DoorOpened,DoorOpenedCount,0,HallwayLightStatus,,,HallwayTemperatureReading,HallwayHumidityReading,72.10,BathroomLightStatus,BathroomLightCommanded,55.9,19.1,BathroomFanStatus,HackerspaceLightReading,HackerspaceLightStatus,HackerspaceLightCommanded,HackerspaceTemperatureReading,HackerspaceHumidityReading,0,LoftLightStatus,0,0,21.90,3.82,0,48,14,45,HotWaterStatus,ColdWaterStatus,DayWaterElementStatus,NightWaterElementStatus,6.5,1.88,1.965,1.87
2017-12-31,00:33,DoorMotion,DoorMotionCount,DoorOpened,DoorOpenedCount,0,HallwayLightStatus,,,HallwayTemperatureReading,HallwayHumidityReading,71.90,BathroomLightStatus,BathroomLightCommanded,56.0,19.0,BathroomFanStatus,HackerspaceLightReading,HackerspaceLightStatus,HackerspaceLightCommanded,HackerspaceTemperatureReading,HackerspaceHumidityReading,0,LoftLightStatus,9,0,21.90,3.92,0,49,14,45,HotWaterStatus,ColdWaterStatus,DayWaterElementStatus,NightWaterElementStatus,7.0,1.9,1.885,1.89
2017-12-31,00:33,DoorMotion,DoorMotionCount,DoorOpened,DoorOpenedCount,0,HallwayLightStatus,,,HallwayTemperatureReading,HallwayHumidityReading,72.00,BathroomLightStatus,BathroomLightCommanded,56.1,19.1,BathroomFanStatus,HackerspaceLightReading,HackerspaceLightStatus,HackerspaceLightCommanded,HackerspaceTemperatureReading,HackerspaceHumidityReading,0,LoftLightStatus,4,0,21.90,3.78,0,49,14,45,HotWaterStatus,ColdWaterStatus,DayWaterElementStatus,NightWaterElementStatus,6.5,1.915,1.89,1.94
2017-12-31,00:34,DoorMotion,DoorMotionCount,DoorOpened,DoorOpenedCount,0,HallwayLightStatus,,,HallwayTemperatureReading,HallwayHumidityReading,71.90,BathroomLightStatus,BathroomLightCommanded,55.9,19.1,BathroomFanStatus,HackerspaceLightReading,HackerspaceLightStatus,HackerspaceLightCommanded,HackerspaceTemperatureReading,HackerspaceHumidityReading,0,LoftLightStatus,4,0,21.90,3.79,0,48,14,45,HotWaterStatus,ColdWaterStatus,DayWaterElementStatus,NightWaterElementStatus,6.5,1.9,1.915,1.9
2017-12-31,00:34,DoorMotion,DoorMotionCount,DoorOpened,DoorOpenedCount,0,HallwayLightStatus,,,HallwayTemperatureReading,HallwayHumidityReading,71.80,BathroomLightStatus,BathroomLightCommanded,56.0,19.1,BathroomFanStatus,HackerspaceLightReading,HackerspaceLightStatus,HackerspaceLightCommanded,HackerspaceTemperatureReading,HackerspaceHumidityReading,0,LoftLightStatus,0,0,21.90,3.82,0,48,14,45,HotWaterStatus,ColdWaterStatus,DayWaterElementStatus,NightWaterElementStatus,6.5,1.87,1.97,1.94
2017-12-31,00:34,DoorMotion,DoorMotionCount,DoorOpened,DoorOpenedCount,0,HallwayLightStatus,,,HallwayTemperatureReading,HallwayHumidityReading,71.70,BathroomLightStatus,BathroomLightCommanded,56.0,19.1,BathroomFanStatus,HackerspaceLightReading,HackerspaceLightStatus,HackerspaceLightCommanded,HackerspaceTemperatureReading,HackerspaceHumidityReading,0,LoftLightStatus,2,0,21.90,4.18,0,48,14,46,HotWaterStatus,ColdWaterStatus,DayWaterElementStatus,NightWaterElementStatus,6.5,2.23,2.235,2.01
2017-12-31,00:35,DoorMotion,DoorMotionCount,DoorOpened,DoorOpenedCount,0,HallwayLightStatus,,,HallwayTemperatureReading,HallwayHumidityReading,71.70,BathroomLightStatus,BathroomLightCommanded,56.1,19.1,BathroomFanStatus,HackerspaceLightReading,HackerspaceLightStatus,HackerspaceLightCommanded,HackerspaceTemperatureReading,HackerspaceHumidityReading,0,LoftLightStatus,9,0,21.90,4.12,0,48,14,45,HotWaterStatus,ColdWaterStatus,DayWaterElementStatus,NightWaterElementStatus,6.5,1.97,1.89,1.9
2017-12-31,00:35,DoorMotion,DoorMotionCount,DoorOpened,DoorOpenedCount,0,HallwayLightStatus,,,HallwayTemperatureReading,HallwayHumidityReading,71.70,BathroomLightStatus,BathroomLightCommanded,56.1,19.1,BathroomFanStatus,HackerspaceLightReading,HackerspaceLightStatus,HackerspaceLightCommanded,HackerspaceTemperatureReading,HackerspaceHumidityReading,0,LoftLightStatus,0,0,21.90,3.78,1,48,14,45,HotWaterStatus,ColdWaterStatus,DayWaterElementStatus,NightWaterElementStatus,6.5,2.02,1.9,2.08
2017-12-31,00:35,DoorMotion,DoorMotionCount,DoorOpened,DoorOpenedCount,0,HallwayLightStatus,,,HallwayTemperatureReading,HallwayHumidityReading,71.70,BathroomLightStatus,BathroomLightCommanded,56.1,19.1,BathroomFanStatus,HackerspaceLightReading,HackerspaceLightStatus,HackerspaceLightCommanded,HackerspaceTemperatureReading,HackerspaceHumidityReading,0,LoftLightStatus,0,0,21.90,3.79,1,48,14,45,HotWaterStatus,ColdWaterStatus,DayWaterElementStatus,NightWaterElementStatus,6.5,1.89,2.025,1.905
2017-12-31,00:35,DoorMotion,DoorMotionCount,DoorOpened,DoorOpenedCount,0,HallwayLightStatus,,,HallwayTemperatureReading,HallwayHumidityReading,71.70,BathroomLightStatus,BathroomLightCommanded,55.9,19.1,BathroomFanStatus,HackerspaceLightReading,HackerspaceLightStatus,HackerspaceLightCommanded,HackerspaceTemperatureReading,HackerspaceHumidityReading,0,LoftLightStatus,4,0,21.90,3.99,0,48,14,45,HotWaterStatus,ColdWaterStatus,DayWaterElementStatus,NightWaterElementStatus,7.0,1.885,1.94,1.89
2017-12-31,00:36,DoorMotion,DoorMotionCount,DoorOpened,DoorOpenedCount,0,HallwayLightStatus,,,HallwayTemperatureReading,HallwayHumidityReading,71.70,BathroomLightStatus,BathroomLightCommanded,56.0,19.1,BathroomFanStatus,HackerspaceLightReading,HackerspaceLightStatus,HackerspaceLightCommanded,HackerspaceTemperatureReading,HackerspaceHumidityReading,0,LoftLightStatus,9,0,21.90,3.80,0,48,14,45,HotWaterStatus,ColdWaterStatus,DayWaterElementStatus,NightWaterElementStatus,6.5,2.025,2.01,1.905
2017-12-31,00:36,DoorMotion,DoorMotionCount,DoorOpened,DoorOpenedCount,0,HallwayLightStatus,,,HallwayTemperatureReading,HallwayHumidityReading,71.70,BathroomLightStatus,BathroomLightCommanded,55.9,19.1,BathroomFanStatus,HackerspaceLightReading,HackerspaceLightStatus,HackerspaceLightCommanded,HackerspaceTemperatureReading,HackerspaceHumidityReading,0,LoftLightStatus,0,0,21.90,3.79,0,48,14,46,HotWaterStatus,ColdWaterStatus,DayWaterElementStatus,NightWaterElementStatus,6.5,1.865,1.895,1.96
2017-12-31,00:36,DoorMotion,DoorMotionCount,DoorOpened,DoorOpenedCount,0,HallwayLightStatus,,,HallwayTemperatureReading,HallwayHumidityReading,71.60,BathroomLightStatus,BathroomLightCommanded,55.8,19.1,BathroomFanStatus,HackerspaceLightReading,HackerspaceLightStatus,HackerspaceLightCommanded,HackerspaceTemperatureReading,HackerspaceHumidityReading,0,LoftLightStatus,4,0,21.90,3.84,0,48,14,45,HotWaterStatus,ColdWaterStatus,DayWaterElementStatus,NightWaterElementStatus,6.5,1.865,2.03,1.875
2017-12-31,00:37,DoorMotion,DoorMotionCount,DoorOpened,DoorOpenedCount,0,HallwayLightStatus,,,HallwayTemperatureReading,HallwayHumidityReading,71.70,BathroomLightStatus,BathroomLightCommanded,55.9,19.1,BathroomFanStatus,HackerspaceLightReading,HackerspaceLightStatus,HackerspaceLightCommanded,HackerspaceTemperatureReading,HackerspaceHumidityReading,0,LoftLightStatus,2,0,21.90,3.95,0,48,14,45,HotWaterStatus,ColdWaterStatus,DayWaterElementStatus,NightWaterElementStatus,6.5,1.89,1.995,1.895
2017-12-31,00:37,DoorMotion,DoorMotionCount,DoorOpened,DoorOpenedCount,0,HallwayLightStatus,,,HallwayTemperatureReading,HallwayHumidityReading,71.60,BathroomLightStatus,BathroomLightCommanded,55.8,19.1,BathroomFanStatus,HackerspaceLightReading,HackerspaceLightStatus,HackerspaceLightCommanded,HackerspaceTemperatureReading,HackerspaceHumidityReading,0,LoftLightStatus,0,0,21.90,3.80,0,48,14,46,HotWaterStatus,ColdWaterStatus,DayWaterElementStatus,NightWaterElementStatus,6.5,2.04,1.94,1.875
2017-12-31,00:37,DoorMotion,DoorMotionCount,DoorOpened,DoorOpenedCount,0,HallwayLightStatus,,,HallwayTemperatureReading,HallwayHumidityReading,71.60,BathroomLightStatus,BathroomLightCommanded,55.8,19.1,BathroomFanStatus,HackerspaceLightReading,HackerspaceLightStatus,HackerspaceLightCommanded,HackerspaceTemperatureReading,HackerspaceHumidityReading,0,LoftLightStatus,10,0,21.90,3.80,0,48,14,45,HotWaterStatus,ColdWaterStatus,DayWaterElementStatus,NightWaterElementStatus,6.5,1.965,1.895,2.0
2017-12-31,00:37,DoorMotion,DoorMotionCount,DoorOpened,DoorOpenedCount,0,HallwayLightStatus,,,HallwayTemperatureReading,HallwayHumidityReading,71.50,BathroomLightStatus,BathroomLightCommanded,55.7,19.1,BathroomFanStatus,HackerspaceLightReading,HackerspaceLightStatus,HackerspaceLightCommanded,HackerspaceTemperatureReading,HackerspaceHumidityReading,0,LoftLightStatus,0,0,21.90,3.80,0,48,14,45,HotWaterStatus,ColdWaterStatus,DayWaterElementStatus,NightWaterElementStatus,6.5,1.895,1.895,1.89
2017-12-31,00:38,DoorMotion,DoorMotionCount,DoorOpened,DoorOpenedCount,0,HallwayLightStatus,,,HallwayTemperatureReading,HallwayHumidityReading,71.50,BathroomLightStatus,BathroomLightCommanded,55.9,19.1,BathroomFanStatus,HackerspaceLightReading,HackerspaceLightStatus,HackerspaceLightCommanded,HackerspaceTemperatureReading,HackerspaceHumidityReading,0,LoftLightStatus,0,0,21.90,3.82,0,47,14,45,HotWaterStatus,ColdWaterStatus,DayWaterElementStatus,NightWaterElementStatus,6.5,1.95,2.055,1.995
2017-12-31,00:38,DoorMotion,DoorMotionCount,DoorOpened,DoorOpenedCount,0,HallwayLightStatus,,,HallwayTemperatureReading,HallwayHumidityReading,71.60,BathroomLightStatus,BathroomLightCommanded,55.9,19.1,BathroomFanStatus,HackerspaceLightReading,HackerspaceLightStatus,HackerspaceLightCommanded,HackerspaceTemperatureReading,HackerspaceHumidityReading,0,LoftLightStatus,9,0,21.90,3.82,0,48,14,45,HotWaterStatus,ColdWaterStatus,DayWaterElementStatus,NightWaterElementStatus,6.5,1.98,1.89,1.885
2017-12-31,00:38,DoorMotion,DoorMotionCount,DoorOpened,DoorOpenedCount,0,HallwayLightStatus,,,HallwayTemperatureReading,HallwayHumidityReading,71.50,BathroomLightStatus,BathroomLightCommanded,56.0,19.1,BathroomFanStatus,HackerspaceLightReading,HackerspaceLightStatus,HackerspaceLightCommanded,HackerspaceTemperatureReading,HackerspaceHumidityReading,0,LoftLightStatus,4,0,21.90,3.81,0,48,14,45,HotWaterStatus,ColdWaterStatus,DayWaterElementStatus,NightWaterElementStatus,6.5,1.93,2.005,1.905
2017-12-31,00:39,DoorMotion,DoorMotionCount,DoorOpened,DoorOpenedCount,0,HallwayLightStatus,,,HallwayTemperatureReading,HallwayHumidityReading,71.50,BathroomLightStatus,BathroomLightCommanded,55.8,19.1,BathroomFanStatus,HackerspaceLightReading,HackerspaceLightStatus,HackerspaceLightCommanded,HackerspaceTemperatureReading,HackerspaceHumidityReading,0,LoftLightStatus,9,0,21.90,3.91,0,48,14,45,HotWaterStatus,ColdWaterStatus,DayWaterElementStatus,NightWaterElementStatus,6.5,1.9,1.885,1.885
2017-12-31,00:39,DoorMotion,DoorMotionCount,DoorOpened,DoorOpenedCount,0,HallwayLightStatus,,,HallwayTemperatureReading,HallwayHumidityReading,71.50,BathroomLightStatus,BathroomLightCommanded,56.0,19.1,BathroomFanStatus,HackerspaceLightReading,HackerspaceLightStatus,HackerspaceLightCommanded,HackerspaceTemperatureReading,HackerspaceHumidityReading,0,LoftLightStatus,0,0,21.90,3.88,1,49,14,45,HotWaterStatus,ColdWaterStatus,DayWaterElementStatus,NightWaterElementStatus,7.0,1.875,2.035,2.175
2017-12-31,00:39,DoorMotion,DoorMotionCount,DoorOpened,DoorOpenedCount,0,HallwayLightStatus,,,HallwayTemperatureReading,HallwayHumidityReading,71.50,BathroomLightStatus,BathroomLightCommanded,55.9,19.1,BathroomFanStatus,HackerspaceLightReading,HackerspaceLightStatus,HackerspaceLightCommanded,HackerspaceTemperatureReading,HackerspaceHumidityReading,0,LoftLightStatus,1,0,21.90,3.91,0,47,14,45,HotWaterStatus,ColdWaterStatus,DayWaterElementStatus,NightWaterElementStatus,6.5,2.03,2.015,1.935
2017-12-31,00:39,DoorMotion,DoorMotionCount,DoorOpened,DoorOpenedCount,0,HallwayLightStatus,,,HallwayTemperatureReading,HallwayHumidityReading,71.50,BathroomLightStatus,BathroomLightCommanded,56.0,19.1,BathroomFanStatus,HackerspaceLightReading,HackerspaceLightStatus,HackerspaceLightCommanded,HackerspaceTemperatureReading,HackerspaceHumidityReading,0,LoftLightStatus,8,0,21.80,3.91,0,48,14,45,HotWaterStatus,ColdWaterStatus,DayWaterElementStatus,NightWaterElementStatus,6.5,2.045,1.88,1.885
2017-12-31,00:40,DoorMotion,DoorMotionCount,DoorOpened,DoorOpenedCount,0,HallwayLightStatus,,,HallwayTemperatureReading,HallwayHumidityReading,71.40,BathroomLightStatus,BathroomLightCommanded,55.8,19.0,BathroomFanStatus,HackerspaceLightReading,HackerspaceLightStatus,HackerspaceLightCommanded,HackerspaceTemperatureReading,HackerspaceHumidityReading,0,LoftLightStatus,3,0,21.90,3.86,2,47,14,45,HotWaterStatus,ColdWaterStatus,DayWaterElementStatus,NightWaterElementStatus,6.5,2.07,2.13,2.055
2017-12-31,00:40,DoorMotion,DoorMotionCount,DoorOpened,DoorOpenedCount,0,HallwayLightStatus,,,HallwayTemperatureReading,HallwayHumidityReading,71.50,BathroomLightStatus,BathroomLightCommanded,55.9,19.1,BathroomFanStatus,HackerspaceLightReading,HackerspaceLightStatus,HackerspaceLightCommanded,HackerspaceTemperatureReading,HackerspaceHumidityReading,0,LoftLightStatus,1,0,21.80,3.74,0,47,14,46,HotWaterStatus,ColdWaterStatus,DayWaterElementStatus,NightWaterElementStatus,7.0,1.865,1.895,1.935
2017-12-31,00:40,DoorMotion,DoorMotionCount,DoorOpened,DoorOpenedCount,0,HallwayLightStatus,,,HallwayTemperatureReading,HallwayHumidityReading,71.50,BathroomLightStatus,BathroomLightCommanded,55.8,19.1,BathroomFanStatus,HackerspaceLightReading,HackerspaceLightStatus,HackerspaceLightCommanded,HackerspaceTemperatureReading,HackerspaceHumidityReading,0,LoftLightStatus,4,0,21.80,3.85,0,48,14,45,HotWaterStatus,ColdWaterStatus,DayWaterElementStatus,NightWaterElementStatus,7.0,1.895,1.89,1.89
2017-12-31,00:41,DoorMotion,DoorMotionCount,DoorOpened,DoorOpenedCount,0,HallwayLightStatus,,,HallwayTemperatureReading,HallwayHumidityReading,71.50,BathroomLightStatus,BathroomLightCommanded,55.8,19.1,BathroomFanStatus,HackerspaceLightReading,HackerspaceLightStatus,HackerspaceLightCommanded,HackerspaceTemperatureReading,HackerspaceHumidityReading,0,LoftLightStatus,0,0,21.80,3.98,1,47,14,45,HotWaterStatus,ColdWaterStatus,DayWaterElementStatus,NightWaterElementStatus,6.5,1.91,1.925,1.925
2017-12-31,00:41,DoorMotion,DoorMotionCount,DoorOpened,DoorOpenedCount,0,HallwayLightStatus,,,HallwayTemperatureReading,HallwayHumidityReading,71.50,BathroomLightStatus,BathroomLightCommanded,55.9,19.1,BathroomFanStatus,HackerspaceLightReading,HackerspaceLightStatus,HackerspaceLightCommanded,HackerspaceTemperatureReading,HackerspaceHumidityReading,0,LoftLightStatus,2,0,21.80,3.79,0,47,14,45,HotWaterStatus,ColdWaterStatus,DayWaterElementStatus,NightWaterElementStatus,6.5,1.895,1.89,1.89
2017-12-31,00:41,DoorMotion,DoorMotionCount,DoorOpened,DoorOpenedCount,0,HallwayLightStatus,,,HallwayTemperatureReading,HallwayHumidityReading,71.50,BathroomLightStatus,BathroomLightCommanded,55.9,19.1,BathroomFanStatus,HackerspaceLightReading,HackerspaceLightStatus,HackerspaceLightCommanded,HackerspaceTemperatureReading,HackerspaceHumidityReading,0,LoftLightStatus,0,0,21.80,3.77,0,48,14,45,HotWaterStatus,ColdWaterStatus,DayWaterElementStatus,NightWaterElementStatus,7.0,1.89,1.875,1.91
2017-12-31,00:42,DoorMotion,DoorMotionCount,DoorOpened,DoorOpenedCount,0,HallwayLightStatus,,,HallwayTemperatureReading,HallwayHumidityReading,71.50,BathroomLightStatus,BathroomLightCommanded,55.9,19.1,BathroomFanStatus,HackerspaceLightReading,HackerspaceLightStatus,HackerspaceLightCommanded,HackerspaceTemperatureReading,HackerspaceHumidityReading,0,LoftLightStatus,9,0,21.80,3.80,0,47,14,45,HotWaterStatus,ColdWaterStatus,DayWaterElementStatus,NightWaterElementStatus,6.5,1.885,1.91,1.88
2017-12-31,00:42,DoorMotion,DoorMotionCount,DoorOpened,DoorOpenedCount,0,HallwayLightStatus,,,HallwayTemperatureReading,HallwayHumidityReading,71.50,BathroomLightStatus,BathroomLightCommanded,55.7,19.1,BathroomFanStatus,HackerspaceLightReading,HackerspaceLightStatus,HackerspaceLightCommanded,HackerspaceTemperatureReading,HackerspaceHumidityReading,0,LoftLightStatus,2,0,21.80,3.88,0,47,14,45,HotWaterStatus,ColdWaterStatus,DayWaterElementStatus,NightWaterElementStatus,6.5,1.895,2.02,1.875
2017-12-31,00:42,DoorMotion,DoorMotionCount,DoorOpened,DoorOpenedCount,0,HallwayLightStatus,,,HallwayTemperatureReading,HallwayHumidityReading,71.50,BathroomLightStatus,BathroomLightCommanded,55.7,19.1,BathroomFanStatus,HackerspaceLightReading,HackerspaceLightStatus,HackerspaceLightCommanded,HackerspaceTemperatureReading,HackerspaceHumidityReading,0,LoftLightStatus,9,0,21.80,3.83,1,47,14,45,HotWaterStatus,ColdWaterStatus,DayWaterElementStatus,NightWaterElementStatus,6.5,1.925,1.9,1.995
2017-12-31,00:42,DoorMotion,DoorMotionCount,DoorOpened,DoorOpenedCount,0,HallwayLightStatus,,,HallwayTemperatureReading,HallwayHumidityReading,71.50,BathroomLightStatus,BathroomLightCommanded,55.8,19.1,BathroomFanStatus,HackerspaceLightReading,HackerspaceLightStatus,HackerspaceLightCommanded,HackerspaceTemperatureReading,HackerspaceHumidityReading,0,LoftLightStatus,4,0,21.80,3.85,0,47,14,45,HotWaterStatus,ColdWaterStatus,DayWaterElementStatus,NightWaterElementStatus,6.5,1.895,1.91,1.955
2017-12-31,00:43,DoorMotion,DoorMotionCount,DoorOpened,DoorOpenedCount,0,HallwayLightStatus,,,HallwayTemperatureReading,HallwayHumidityReading,71.40,BathroomLightStatus,BathroomLightCommanded,55.8,19.1,BathroomFanStatus,HackerspaceLightReading,HackerspaceLightStatus,HackerspaceLightCommanded,HackerspaceTemperatureReading,HackerspaceHumidityReading,0,LoftLightStatus,0,0,21.80,3.79,0,48,14,45,HotWaterStatus,ColdWaterStatus,DayWaterElementStatus,NightWaterElementStatus,7.0,1.96,1.905,1.915
2017-12-31,00:43,DoorMotion,DoorMotionCount,DoorOpened,DoorOpenedCount,0,HallwayLightStatus,,,HallwayTemperatureReading,HallwayHumidityReading,71.40,BathroomLightStatus,BathroomLightCommanded,55.9,19.1,BathroomFanStatus,HackerspaceLightReading,HackerspaceLightStatus,HackerspaceLightCommanded,HackerspaceTemperatureReading,HackerspaceHumidityReading,0,LoftLightStatus,0,0,21.80,4.08,0,47,14,45,HotWaterStatus,ColdWaterStatus,DayWaterElementStatus,NightWaterElementStatus,6.5,1.895,1.965,1.88
2017-12-31,00:43,DoorMotion,DoorMotionCount,DoorOpened,DoorOpenedCount,0,HallwayLightStatus,,,HallwayTemperatureReading,HallwayHumidityReading,71.40,BathroomLightStatus,BathroomLightCommanded,56.0,19.1,BathroomFanStatus,HackerspaceLightReading,HackerspaceLightStatus,HackerspaceLightCommanded,HackerspaceTemperatureReading,HackerspaceHumidityReading,0,LoftLightStatus,0,0,21.80,3.91,0,47,14,45,HotWaterStatus,ColdWaterStatus,DayWaterElementStatus,NightWaterElementStatus,6.5,1.935,1.865,1.875
2017-12-31,00:44,DoorMotion,DoorMotionCount,DoorOpened,DoorOpenedCount,0,HallwayLightStatus,,,HallwayTemperatureReading,HallwayHumidityReading,71.40,BathroomLightStatus,BathroomLightCommanded,55.8,19.1,BathroomFanStatus,HackerspaceLightReading,HackerspaceLightStatus,HackerspaceLightCommanded,HackerspaceTemperatureReading,HackerspaceHumidityReading,0,LoftLightStatus,1,0,21.80,3.82,0,47,14,45,HotWaterStatus,ColdWaterStatus,DayWaterElementStatus,NightWaterElementStatus,6.5,1.94,1.895,1.96
2017-12-31,00:44,DoorMotion,DoorMotionCount,DoorOpened,DoorOpenedCount,0,HallwayLightStatus,,,HallwayTemperatureReading,HallwayHumidityReading,71.40,BathroomLightStatus,BathroomLightCommanded,55.7,19.1,BathroomFanStatus,HackerspaceLightReading,HackerspaceLightStatus,HackerspaceLightCommanded,HackerspaceTemperatureReading,HackerspaceHumidityReading,0,LoftLightStatus,0,0,21.80,4.02,0,47,14,45,HotWaterStatus,ColdWaterStatus,DayWaterElementStatus,NightWaterElementStatus,7.0,1.94,1.92,1.91
2017-12-31,00:44,DoorMotion,DoorMotionCount,DoorOpened,DoorOpenedCount,0,HallwayLightStatus,,,HallwayTemperatureReading,HallwayHumidityReading,71.30,BathroomLightStatus,BathroomLightCommanded,55.7,19.1,BathroomFanStatus,HackerspaceLightReading,HackerspaceLightStatus,HackerspaceLightCommanded,HackerspaceTemperatureReading,HackerspaceHumidityReading,0,LoftLightStatus,4,0,21.80,3.93,0,47,14,45,HotWaterStatus,ColdWaterStatus,DayWaterElementStatus,NightWaterElementStatus,6.5,1.905,1.98,1.88
2017-12-31,00:44,DoorMotion,DoorMotionCount,DoorOpened,DoorOpenedCount,0,HallwayLightStatus,,,HallwayTemperatureReading,HallwayHumidityReading,71.40,BathroomLightStatus,BathroomLightCommanded,55.8,19.1,BathroomFanStatus,HackerspaceLightReading,HackerspaceLightStatus,HackerspaceLightCommanded,HackerspaceTemperatureReading,HackerspaceHumidityReading,0,LoftLightStatus,9,0,21.80,4.11,0,47,14,45,HotWaterStatus,ColdWaterStatus,DayWaterElementStatus,NightWaterElementStatus,6.5,1.945,1.935,1.905
2017-12-31,00:45,DoorMotion,DoorMotionCount,DoorOpened,DoorOpenedCount,0,HallwayLightStatus,,,HallwayTemperatureReading,HallwayHumidityReading,71.40,BathroomLightStatus,BathroomLightCommanded,55.9,19.1,BathroomFanStatus,HackerspaceLightReading,HackerspaceLightStatus,HackerspaceLightCommanded,HackerspaceTemperatureReading,HackerspaceHumidityReading,0,LoftLightStatus,0,0,21.80,3.78,0,47,14,45,HotWaterStatus,ColdWaterStatus,DayWaterElementStatus,NightWaterElementStatus,6.5,2.095,1.905,2.02
2017-12-31,00:45,DoorMotion,DoorMotionCount,DoorOpened,DoorOpenedCount,0,HallwayLightStatus,,,HallwayTemperatureReading,HallwayHumidityReading,71.40,BathroomLightStatus,BathroomLightCommanded,55.8,19.1,BathroomFanStatus,HackerspaceLightReading,HackerspaceLightStatus,HackerspaceLightCommanded,HackerspaceTemperatureReading,HackerspaceHumidityReading,0,LoftLightStatus,9,0,21.80,3.77,0,47,14,45,HotWaterStatus,ColdWaterStatus,DayWaterElementStatus,NightWaterElementStatus,6.5,1.915,2.185,1.94
2017-12-31,00:45,DoorMotion,DoorMotionCount,DoorOpened,DoorOpenedCount,0,HallwayLightStatus,,,HallwayTemperatureReading,HallwayHumidityReading,71.30,BathroomLightStatus,BathroomLightCommanded,55.8,19.0,BathroomFanStatus,HackerspaceLightReading,HackerspaceLightStatus,HackerspaceLightCommanded,HackerspaceTemperatureReading,HackerspaceHumidityReading,0,LoftLightStatus,0,0,21.80,3.84,1,47,14,45,HotWaterStatus,ColdWaterStatus,DayWaterElementStatus,NightWaterElementStatus,6.5,1.89,1.915,1.86
2017-12-31,00:46,DoorMotion,DoorMotionCount,DoorOpened,DoorOpenedCount,0,HallwayLightStatus,,,HallwayTemperatureReading,HallwayHumidityReading,71.40,BathroomLightStatus,BathroomLightCommanded,55.9,19.1,BathroomFanStatus,HackerspaceLightReading,HackerspaceLightStatus,HackerspaceLightCommanded,HackerspaceTemperatureReading,HackerspaceHumidityReading,0,LoftLightStatus,0,0,21.80,3.95,0,47,14,45,HotWaterStatus,ColdWaterStatus,DayWaterElementStatus,NightWaterElementStatus,6.5,1.91,1.875,1.89
2017-12-31,00:46,DoorMotion,DoorMotionCount,DoorOpened,DoorOpenedCount,0,HallwayLightStatus,,,HallwayTemperatureReading,HallwayHumidityReading,71.40,BathroomLightStatus,BathroomLightCommanded,55.9,19.1,BathroomFanStatus,HackerspaceLightReading,HackerspaceLightStatus,HackerspaceLightCommanded,HackerspaceTemperatureReading,HackerspaceHumidityReading,0,LoftLightStatus,4,0,21.80,3.76,0,47,14,45,HotWaterStatus,ColdWaterStatus,DayWaterElementStatus,NightWaterElementStatus,6.5,1.955,1.875,1.93
2017-12-31,00:46,DoorMotion,DoorMotionCount,DoorOpened,DoorOpenedCount,0,HallwayLightStatus,,,HallwayTemperatureReading,HallwayHumidityReading,71.40,BathroomLightStatus,BathroomLightCommanded,55.8,19.1,BathroomFanStatus,HackerspaceLightReading,HackerspaceLightStatus,HackerspaceLightCommanded,HackerspaceTemperatureReading,HackerspaceHumidityReading,0,LoftLightStatus,9,0,21.80,3.76,0,47,14,44,HotWaterStatus,ColdWaterStatus,DayWaterElementStatus,NightWaterElementStatus,6.5,1.925,1.95,1.915
2017-12-31,00:46,DoorMotion,DoorMotionCount,DoorOpened,DoorOpenedCount,0,HallwayLightStatus,,,HallwayTemperatureReading,HallwayHumidityReading,71.30,BathroomLightStatus,BathroomLightCommanded,55.7,19.1,BathroomFanStatus,HackerspaceLightReading,HackerspaceLightStatus,HackerspaceLightCommanded,HackerspaceTemperatureReading,HackerspaceHumidityReading,0,LoftLightStatus,5,0,21.80,3.76,0,47,14,45,HotWaterStatus,ColdWaterStatus,DayWaterElementStatus,NightWaterElementStatus,6.5,1.875,1.93,1.935
2017-12-31,00:47,DoorMotion,DoorMotionCount,DoorOpened,DoorOpenedCount,0,HallwayLightStatus,,,HallwayTemperatureReading,HallwayHumidityReading,71.40,BathroomLightStatus,BathroomLightCommanded,55.8,19.1,BathroomFanStatus,HackerspaceLightReading,HackerspaceLightStatus,HackerspaceLightCommanded,HackerspaceTemperatureReading,HackerspaceHumidityReading,0,LoftLightStatus,8,0,21.80,3.92,0,46,15,45,HotWaterStatus,ColdWaterStatus,DayWaterElementStatus,NightWaterElementStatus,6.5,1.87,1.96,1.875
2017-12-31,00:47,DoorMotion,DoorMotionCount,DoorOpened,DoorOpenedCount,0,HallwayLightStatus,,,HallwayTemperatureReading,HallwayHumidityReading,71.30,BathroomLightStatus,BathroomLightCommanded,55.8,19.1,BathroomFanStatus,HackerspaceLightReading,HackerspaceLightStatus,HackerspaceLightCommanded,HackerspaceTemperatureReading,HackerspaceHumidityReading,0,LoftLightStatus,0,0,21.80,3.76,0,47,14,45,HotWaterStatus,ColdWaterStatus,DayWaterElementStatus,NightWaterElementStatus,6.5,1.99,1.91,1.895
2017-12-31,00:47,DoorMotion,DoorMotionCount,DoorOpened,DoorOpenedCount,0,HallwayLightStatus,,,HallwayTemperatureReading,HallwayHumidityReading,71.20,BathroomLightStatus,BathroomLightCommanded,55.8,19.0,BathroomFanStatus,HackerspaceLightReading,HackerspaceLightStatus,HackerspaceLightCommanded,HackerspaceTemperatureReading,HackerspaceHumidityReading,0,LoftLightStatus,0,0,21.80,3.81,0,47,14,45,HotWaterStatus,ColdWaterStatus,DayWaterElementStatus,NightWaterElementStatus,7.0,1.935,1.865,2.02
2017-12-31,00:48,DoorMotion,DoorMotionCount,DoorOpened,DoorOpenedCount,0,HallwayLightStatus,,,HallwayTemperatureReading,HallwayHumidityReading,71.30,BathroomLightStatus,BathroomLightCommanded,55.7,19.1,BathroomFanStatus,HackerspaceLightReading,HackerspaceLightStatus,HackerspaceLightCommanded,HackerspaceTemperatureReading,HackerspaceHumidityReading,0,LoftLightStatus,0,0,21.80,3.94,0,47,14,44,HotWaterStatus,ColdWaterStatus,DayWaterElementStatus,NightWaterElementStatus,6.5,1.89,1.94,1.88
2017-12-31,00:48,DoorMotion,DoorMotionCount,DoorOpened,DoorOpenedCount,0,HallwayLightStatus,,,HallwayTemperatureReading,HallwayHumidityReading,71.30,BathroomLightStatus,BathroomLightCommanded,55.8,19.1,BathroomFanStatus,HackerspaceLightReading,HackerspaceLightStatus,HackerspaceLightCommanded,HackerspaceTemperatureReading,HackerspaceHumidityReading,0,LoftLightStatus,0,0,21.80,3.89,0,47,15,44,HotWaterStatus,ColdWaterStatus,DayWaterElementStatus,NightWaterElementStatus,6.5,1.87,1.945,1.895
2017-12-31,00:48,DoorMotion,DoorMotionCount,DoorOpened,DoorOpenedCount,0,HallwayLightStatus,,,HallwayTemperatureReading,HallwayHumidityReading,71.30,BathroomLightStatus,BathroomLightCommanded,55.8,19.1,BathroomFanStatus,HackerspaceLightReading,HackerspaceLightStatus,HackerspaceLightCommanded,HackerspaceTemperatureReading,HackerspaceHumidityReading,0,LoftLightStatus,5,0,21.80,3.78,0,46,14,44,HotWaterStatus,ColdWaterStatus,DayWaterElementStatus,NightWaterElementStatus,6.5,1.995,1.895,1.87
2017-12-31,00:48,DoorMotion,DoorMotionCount,DoorOpened,DoorOpenedCount,0,HallwayLightStatus,,,HallwayTemperatureReading,HallwayHumidityReading,71.20,BathroomLightStatus,BathroomLightCommanded,55.8,19.0,BathroomFanStatus,HackerspaceLightReading,HackerspaceLightStatus,HackerspaceLightCommanded,HackerspaceTemperatureReading,HackerspaceHumidityReading,0,LoftLightStatus,0,0,21.80,3.89,1,47,14,44,HotWaterStatus,ColdWaterStatus,DayWaterElementStatus,NightWaterElementStatus,7.0,1.955,1.895,1.965
2017-12-31,00:49,DoorMotion,DoorMotionCount,DoorOpened,DoorOpenedCount,0,HallwayLightStatus,,,HallwayTemperatureReading,HallwayHumidityReading,71.20,BathroomLightStatus,BathroomLightCommanded,55.7,19.0,BathroomFanStatus,HackerspaceLightReading,HackerspaceLightStatus,HackerspaceLightCommanded,HackerspaceTemperatureReading,HackerspaceHumidityReading,0,LoftLightStatus,4,0,21.80,3.89,0,47,15,45,HotWaterStatus,ColdWaterStatus,DayWaterElementStatus,NightWaterElementStatus,6.5,2.35,2.1,2.285
2017-12-31,00:49,DoorMotion,DoorMotionCount,DoorOpened,DoorOpenedCount,0,HallwayLightStatus,,,HallwayTemperatureReading,HallwayHumidityReading,71.20,BathroomLightStatus,BathroomLightCommanded,55.7,19.0,BathroomFanStatus,HackerspaceLightReading,HackerspaceLightStatus,HackerspaceLightCommanded,HackerspaceTemperatureReading,HackerspaceHumidityReading,0,LoftLightStatus,4,0,21.80,3.88,1,46,15,44,HotWaterStatus,ColdWaterStatus,DayWaterElementStatus,NightWaterElementStatus,6.5,1.91,1.99,1.86
2017-12-31,00:49,DoorMotion,DoorMotionCount,DoorOpened,DoorOpenedCount,0,HallwayLightStatus,,,HallwayTemperatureReading,HallwayHumidityReading,71.20,BathroomLightStatus,BathroomLightCommanded,55.7,19.0,BathroomFanStatus,HackerspaceLightReading,HackerspaceLightStatus,HackerspaceLightCommanded,HackerspaceTemperatureReading,HackerspaceHumidityReading,0,LoftLightStatus,0,0,21.80,3.78,0,47,15,45,HotWaterStatus,ColdWaterStatus,DayWaterElementStatus,NightWaterElementStatus,6.5,1.89,1.95,1.895
2017-12-31,00:50,DoorMotion,DoorMotionCount,DoorOpened,DoorOpenedCount,0,HallwayLightStatus,,,HallwayTemperatureReading,HallwayHumidityReading,71.20,BathroomLightStatus,BathroomLightCommanded,55.8,19.0,BathroomFanStatus,HackerspaceLightReading,HackerspaceLightStatus,HackerspaceLightCommanded,HackerspaceTemperatureReading,HackerspaceHumidityReading,0,LoftLightStatus,0,0,21.80,3.81,0,47,15,44,HotWaterStatus,ColdWaterStatus,DayWaterElementStatus,NightWaterElementStatus,6.5,1.97,1.91,1.95
2017-12-31,00:50,DoorMotion,DoorMotionCount,DoorOpened,DoorOpenedCount,0,HallwayLightStatus,,,HallwayTemperatureReading,HallwayHumidityReading,71.20,BathroomLightStatus,BathroomLightCommanded,55.8,19.0,BathroomFanStatus,HackerspaceLightReading,HackerspaceLightStatus,HackerspaceLightCommanded,HackerspaceTemperatureReading,HackerspaceHumidityReading,0,LoftLightStatus,1,0,21.80,3.76,0,47,14,45,HotWaterStatus,ColdWaterStatus,DayWaterElementStatus,NightWaterElementStatus,6.5,1.9,1.89,1.885
2017-12-31,00:50,DoorMotion,DoorMotionCount,DoorOpened,DoorOpenedCount,0,HallwayLightStatus,,,HallwayTemperatureReading,HallwayHumidityReading,71.20,BathroomLightStatus,BathroomLightCommanded,55.7,19.0,BathroomFanStatus,HackerspaceLightReading,HackerspaceLightStatus,HackerspaceLightCommanded,HackerspaceTemperatureReading,HackerspaceHumidityReading,0,LoftLightStatus,8,0,21.80,3.83,0,46,15,44,HotWaterStatus,ColdWaterStatus,DayWaterElementStatus,NightWaterElementStatus,6.5,1.905,1.965,1.875
2017-12-31,00:50,DoorMotion,DoorMotionCount,DoorOpened,DoorOpenedCount,0,HallwayLightStatus,,,HallwayTemperatureReading,HallwayHumidityReading,71.20,BathroomLightStatus,BathroomLightCommanded,55.7,19.0,BathroomFanStatus,HackerspaceLightReading,HackerspaceLightStatus,HackerspaceLightCommanded,HackerspaceTemperatureReading,HackerspaceHumidityReading,0,LoftLightStatus,0,0,21.80,3.83,0,46,15,44,HotWaterStatus,ColdWaterStatus,DayWaterElementStatus,NightWaterElementStatus,7.0,1.94,1.96,1.905
2017-12-31,00:51,DoorMotion,DoorMotionCount,DoorOpened,DoorOpenedCount,0,HallwayLightStatus,,,HallwayTemperatureReading,HallwayHumidityReading,71.30,BathroomLightStatus,BathroomLightCommanded,55.7,19.0,BathroomFanStatus,HackerspaceLightReading,HackerspaceLightStatus,HackerspaceLightCommanded,HackerspaceTemperatureReading,HackerspaceHumidityReading,0,LoftLightStatus,0,0,21.80,3.86,0,46,14,44,HotWaterStatus,ColdWaterStatus,DayWaterElementStatus,NightWaterElementStatus,6.5,1.96,1.885,1.995
2017-12-31,00:51,DoorMotion,DoorMotionCount,DoorOpened,DoorOpenedCount,0,HallwayLightStatus,,,HallwayTemperatureReading,HallwayHumidityReading,71.30,BathroomLightStatus,BathroomLightCommanded,55.8,19.0,BathroomFanStatus,HackerspaceLightReading,HackerspaceLightStatus,HackerspaceLightCommanded,HackerspaceTemperatureReading,HackerspaceHumidityReading,0,LoftLightStatus,9,0,21.80,3.82,0,46,15,44,HotWaterStatus,ColdWaterStatus,DayWaterElementStatus,NightWaterElementStatus,6.5,1.885,1.87,1.92
2017-12-31,00:51,DoorMotion,DoorMotionCount,DoorOpened,DoorOpenedCount,0,HallwayLightStatus,,,HallwayTemperatureReading,HallwayHumidityReading,71.30,BathroomLightStatus,BathroomLightCommanded,55.7,19.0,BathroomFanStatus,HackerspaceLightReading,HackerspaceLightStatus,HackerspaceLightCommanded,HackerspaceTemperatureReading,HackerspaceHumidityReading,0,LoftLightStatus,11,0,21.80,3.74,0,47,15,44,HotWaterStatus,ColdWaterStatus,DayWaterElementStatus,NightWaterElementStatus,6.5,1.865,1.92,1.88
2017-12-31,00:52,DoorMotion,DoorMotionCount,DoorOpened,DoorOpenedCount,0,HallwayLightStatus,,,HallwayTemperatureReading,HallwayHumidityReading,71.30,BathroomLightStatus,BathroomLightCommanded,55.7,19.0,BathroomFanStatus,HackerspaceLightReading,HackerspaceLightStatus,HackerspaceLightCommanded,HackerspaceTemperatureReading,HackerspaceHumidityReading,0,LoftLightStatus,0,0,21.80,3.80,0,46,15,44,HotWaterStatus,ColdWaterStatus,DayWaterElementStatus,NightWaterElementStatus,6.5,1.9,1.875,1.865
2017-12-31,00:52,DoorMotion,DoorMotionCount,DoorOpened,DoorOpenedCount,0,HallwayLightStatus,,,HallwayTemperatureReading,HallwayHumidityReading,71.30,BathroomLightStatus,BathroomLightCommanded,55.7,19.0,BathroomFanStatus,HackerspaceLightReading,HackerspaceLightStatus,HackerspaceLightCommanded,HackerspaceTemperatureReading,HackerspaceHumidityReading,0,LoftLightStatus,8,0,21.80,3.77,0,46,15,45,HotWaterStatus,ColdWaterStatus,DayWaterElementStatus,NightWaterElementStatus,6.5,1.98,1.9,1.875
2017-12-31,00:52,DoorMotion,DoorMotionCount,DoorOpened,DoorOpenedCount,0,HallwayLightStatus,,,HallwayTemperatureReading,HallwayHumidityReading,71.30,BathroomLightStatus,BathroomLightCommanded,55.7,19.0,BathroomFanStatus,HackerspaceLightReading,HackerspaceLightStatus,HackerspaceLightCommanded,HackerspaceTemperatureReading,HackerspaceHumidityReading,0,LoftLightStatus,9,0,21.80,3.80,0,46,15,44,HotWaterStatus,ColdWaterStatus,DayWaterElementStatus,NightWaterElementStatus,7.0,2.275,2.09,2.035
2017-12-31,00:52,DoorMotion,DoorMotionCount,DoorOpened,DoorOpenedCount,0,HallwayLightStatus,,,HallwayTemperatureReading,HallwayHumidityReading,71.30,BathroomLightStatus,BathroomLightCommanded,55.7,19.0,BathroomFanStatus,HackerspaceLightReading,HackerspaceLightStatus,HackerspaceLightCommanded,HackerspaceTemperatureReading,HackerspaceHumidityReading,0,LoftLightStatus,4,0,21.80,3.75,0,46,15,44,HotWaterStatus,ColdWaterStatus,DayWaterElementStatus,NightWaterElementStatus,6.5,1.835,2.04,1.855
2017-12-31,00:53,DoorMotion,DoorMotionCount,DoorOpened,DoorOpenedCount,0,HallwayLightStatus,,,HallwayTemperatureReading,HallwayHumidityReading,71.20,BathroomLightStatus,BathroomLightCommanded,55.7,19.0,BathroomFanStatus,HackerspaceLightReading,HackerspaceLightStatus,HackerspaceLightCommanded,HackerspaceTemperatureReading,HackerspaceHumidityReading,0,LoftLightStatus,40,0,21.80,4.44,0,46,15,44,HotWaterStatus,ColdWaterStatus,DayWaterElementStatus,NightWaterElementStatus,7.0,1.89,1.965,1.84
2017-12-31,00:53,DoorMotion,DoorMotionCount,DoorOpened,DoorOpenedCount,0,HallwayLightStatus,,,HallwayTemperatureReading,HallwayHumidityReading,71.20,BathroomLightStatus,BathroomLightCommanded,55.6,19.0,BathroomFanStatus,HackerspaceLightReading,HackerspaceLightStatus,HackerspaceLightCommanded,HackerspaceTemperatureReading,HackerspaceHumidityReading,0,LoftLightStatus,2,0,21.80,3.86,0,46,15,44,HotWaterStatus,ColdWaterStatus,DayWaterElementStatus,NightWaterElementStatus,7.0,1.93,1.935,1.865
2017-12-31,00:53,DoorMotion,DoorMotionCount,DoorOpened,DoorOpenedCount,0,HallwayLightStatus,,,HallwayTemperatureReading,HallwayHumidityReading,71.20,BathroomLightStatus,BathroomLightCommanded,55.7,19.0,BathroomFanStatus,HackerspaceLightReading,HackerspaceLightStatus,HackerspaceLightCommanded,HackerspaceTemperatureReading,HackerspaceHumidityReading,0,LoftLightStatus,0,0,21.80,3.81,0,46,15,44,HotWaterStatus,ColdWaterStatus,DayWaterElementStatus,NightWaterElementStatus,6.5,1.995,2.01,1.915
2017-12-31,00:54,DoorMotion,DoorMotionCount,DoorOpened,DoorOpenedCount,0,HallwayLightStatus,,,HallwayTemperatureReading,HallwayHumidityReading,71.20,BathroomLightStatus,BathroomLightCommanded,55.7,19.0,BathroomFanStatus,HackerspaceLightReading,HackerspaceLightStatus,HackerspaceLightCommanded,HackerspaceTemperatureReading,HackerspaceHumidityReading,0,LoftLightStatus,0,0,21.80,3.78,0,47,15,44,HotWaterStatus,ColdWaterStatus,DayWaterElementStatus,NightWaterElementStatus,6.5,1.915,1.885,1.89
2017-12-31,00:54,DoorMotion,DoorMotionCount,DoorOpened,DoorOpenedCount,0,HallwayLightStatus,,,HallwayTemperatureReading,HallwayHumidityReading,71.20,BathroomLightStatus,BathroomLightCommanded,55.9,19.0,BathroomFanStatus,HackerspaceLightReading,HackerspaceLightStatus,HackerspaceLightCommanded,HackerspaceTemperatureReading,HackerspaceHumidityReading,0,LoftLightStatus,0,0,21.80,3.79,0,46,16,44,HotWaterStatus,ColdWaterStatus,DayWaterElementStatus,NightWaterElementStatus,7.0,1.86,1.895,1.88
2017-12-31,00:54,DoorMotion,DoorMotionCount,DoorOpened,DoorOpenedCount,0,HallwayLightStatus,,,HallwayTemperatureReading,HallwayHumidityReading,71.20,BathroomLightStatus,BathroomLightCommanded,55.7,19.0,BathroomFanStatus,HackerspaceLightReading,HackerspaceLightStatus,HackerspaceLightCommanded,HackerspaceTemperatureReading,HackerspaceHumidityReading,0,LoftLightStatus,0,0,21.80,3.86,0,46,15,44,HotWaterStatus,ColdWaterStatus,DayWaterElementStatus,NightWaterElementStatus,6.5,1.885,1.905,1.87
2017-12-31,00:54,DoorMotion,DoorMotionCount,DoorOpened,DoorOpenedCount,0,HallwayLightStatus,,,HallwayTemperatureReading,HallwayHumidityReading,71.10,BathroomLightStatus,BathroomLightCommanded,55.7,19.0,BathroomFanStatus,HackerspaceLightReading,HackerspaceLightStatus,HackerspaceLightCommanded,HackerspaceTemperatureReading,HackerspaceHumidityReading,0,LoftLightStatus,0,0,21.80,3.80,0,46,15,44,HotWaterStatus,ColdWaterStatus,DayWaterElementStatus,NightWaterElementStatus,6.5,1.885,2.01,1.91
2017-12-31,00:55,DoorMotion,DoorMotionCount,DoorOpened,DoorOpenedCount,0,HallwayLightStatus,,,HallwayTemperatureReading,HallwayHumidityReading,71.10,BathroomLightStatus,BathroomLightCommanded,55.7,19.0,BathroomFanStatus,HackerspaceLightReading,HackerspaceLightStatus,HackerspaceLightCommanded,HackerspaceTemperatureReading,HackerspaceHumidityReading,0,LoftLightStatus,8,0,21.70,3.78,0,46,15,44,HotWaterStatus,ColdWaterStatus,DayWaterElementStatus,NightWaterElementStatus,6.5,1.905,2.045,1.9
2017-12-31,00:55,DoorMotion,DoorMotionCount,DoorOpened,DoorOpenedCount,0,HallwayLightStatus,,,HallwayTemperatureReading,HallwayHumidityReading,71.10,BathroomLightStatus,BathroomLightCommanded,55.6,19.0,BathroomFanStatus,HackerspaceLightReading,HackerspaceLightStatus,HackerspaceLightCommanded,HackerspaceTemperatureReading,HackerspaceHumidityReading,0,LoftLightStatus,1,0,21.80,3.79,0,46,15,44,HotWaterStatus,ColdWaterStatus,DayWaterElementStatus,NightWaterElementStatus,6.5,1.88,1.945,1.89
2017-12-31,00:55,DoorMotion,DoorMotionCount,DoorOpened,DoorOpenedCount,0,HallwayLightStatus,,,HallwayTemperatureReading,HallwayHumidityReading,71.00,BathroomLightStatus,BathroomLightCommanded,55.6,19.0,BathroomFanStatus,HackerspaceLightReading,HackerspaceLightStatus,HackerspaceLightCommanded,HackerspaceTemperatureReading,HackerspaceHumidityReading,0,LoftLightStatus,0,0,21.70,3.91,0,46,15,44,HotWaterStatus,ColdWaterStatus,DayWaterElementStatus,NightWaterElementStatus,6.5,1.865,1.925,1.89
2017-12-31,00:56,DoorMotion,DoorMotionCount,DoorOpened,DoorOpenedCount,0,HallwayLightStatus,,,HallwayTemperatureReading,HallwayHumidityReading,71.00,BathroomLightStatus,BathroomLightCommanded,55.6,19.0,BathroomFanStatus,HackerspaceLightReading,HackerspaceLightStatus,HackerspaceLightCommanded,HackerspaceTemperatureReading,HackerspaceHumidityReading,0,LoftLightStatus,0,0,21.80,3.78,0,46,15,44,HotWaterStatus,ColdWaterStatus,DayWaterElementStatus,NightWaterElementStatus,6.5,1.905,1.875,1.875
2017-12-31,00:56,DoorMotion,DoorMotionCount,DoorOpened,DoorOpenedCount,0,HallwayLightStatus,,,HallwayTemperatureReading,HallwayHumidityReading,71.00,BathroomLightStatus,BathroomLightCommanded,56.1,19.0,BathroomFanStatus,HackerspaceLightReading,HackerspaceLightStatus,HackerspaceLightCommanded,HackerspaceTemperatureReading,HackerspaceHumidityReading,0,LoftLightStatus,0,0,21.70,3.75,0,46,15,44,HotWaterStatus,ColdWaterStatus,DayWaterElementStatus,NightWaterElementStatus,7.0,1.87,1.865,1.945
2017-12-31,00:56,DoorMotion,DoorMotionCount,DoorOpened,DoorOpenedCount,0,HallwayLightStatus,,,HallwayTemperatureReading,HallwayHumidityReading,71.10,BathroomLightStatus,BathroomLightCommanded,55.8,19.0,BathroomFanStatus,HackerspaceLightReading,HackerspaceLightStatus,HackerspaceLightCommanded,HackerspaceTemperatureReading,HackerspaceHumidityReading,0,LoftLightStatus,0,0,21.70,3.79,0,46,15,44,HotWaterStatus,ColdWaterStatus,DayWaterElementStatus,NightWaterElementStatus,6.5,1.895,1.915,1.875
2017-12-31,00:56,DoorMotion,DoorMotionCount,DoorOpened,DoorOpenedCount,0,HallwayLightStatus,,,HallwayTemperatureReading,HallwayHumidityReading,71.00,BathroomLightStatus,BathroomLightCommanded,55.8,19.0,BathroomFanStatus,HackerspaceLightReading,HackerspaceLightStatus,HackerspaceLightCommanded,HackerspaceTemperatureReading,HackerspaceHumidityReading,0,LoftLightStatus,9,0,21.70,3.87,0,47,15,44,HotWaterStatus,ColdWaterStatus,DayWaterElementStatus,NightWaterElementStatus,6.5,1.875,1.88,1.865
2017-12-31,00:57,DoorMotion,DoorMotionCount,DoorOpened,DoorOpenedCount,0,HallwayLightStatus,,,HallwayTemperatureReading,HallwayHumidityReading,71.00,BathroomLightStatus,BathroomLightCommanded,55.6,19.0,BathroomFanStatus,HackerspaceLightReading,HackerspaceLightStatus,HackerspaceLightCommanded,HackerspaceTemperatureReading,HackerspaceHumidityReading,0,LoftLightStatus,8,0,21.70,3.82,0,46,15,43,HotWaterStatus,ColdWaterStatus,DayWaterElementStatus,NightWaterElementStatus,6.5,1.915,1.875,1.875
2017-12-31,00:57,DoorMotion,DoorMotionCount,DoorOpened,DoorOpenedCount,0,HallwayLightStatus,,,HallwayTemperatureReading,HallwayHumidityReading,71.10,BathroomLightStatus,BathroomLightCommanded,55.8,19.0,BathroomFanStatus,HackerspaceLightReading,HackerspaceLightStatus,HackerspaceLightCommanded,HackerspaceTemperatureReading,HackerspaceHumidityReading,0,LoftLightStatus,0,0,21.70,3.77,0,46,15,43,HotWaterStatus,ColdWaterStatus,DayWaterElementStatus,NightWaterElementStatus,6.5,1.98,1.855,2.0
2017-12-31,00:57,DoorMotion,DoorMotionCount,DoorOpened,DoorOpenedCount,0,HallwayLightStatus,,,HallwayTemperatureReading,HallwayHumidityReading,71.10,BathroomLightStatus,BathroomLightCommanded,55.7,19.0,BathroomFanStatus,HackerspaceLightReading,HackerspaceLightStatus,HackerspaceLightCommanded,HackerspaceTemperatureReading,HackerspaceHumidityReading,0,LoftLightStatus,4,0,21.70,3.82,0,47,15,44,HotWaterStatus,ColdWaterStatus,DayWaterElementStatus,NightWaterElementStatus,6.5,2.075,2.065,2.065
2017-12-31,00:58,DoorMotion,DoorMotionCount,DoorOpened,DoorOpenedCount,0,HallwayLightStatus,,,HallwayTemperatureReading,HallwayHumidityReading,71.10,BathroomLightStatus,BathroomLightCommanded,55.6,19.0,BathroomFanStatus,HackerspaceLightReading,HackerspaceLightStatus,HackerspaceLightCommanded,HackerspaceTemperatureReading,HackerspaceHumidityReading,0,LoftLightStatus,0,0,21.70,3.81,0,46,15,44,HotWaterStatus,ColdWaterStatus,DayWaterElementStatus,NightWaterElementStatus,7.0,1.875,1.945,1.875
2017-12-31,00:58,DoorMotion,DoorMotionCount,DoorOpened,DoorOpenedCount,0,HallwayLightStatus,,,HallwayTemperatureReading,HallwayHumidityReading,71.10,BathroomLightStatus,BathroomLightCommanded,55.5,19.0,BathroomFanStatus,HackerspaceLightReading,HackerspaceLightStatus,HackerspaceLightCommanded,HackerspaceTemperatureReading,HackerspaceHumidityReading,0,LoftLightStatus,8,0,21.70,4.14,0,46,15,43,HotWaterStatus,ColdWaterStatus,DayWaterElementStatus,NightWaterElementStatus,6.5,1.895,2.01,1.935
2017-12-31,00:58,DoorMotion,DoorMotionCount,DoorOpened,DoorOpenedCount,0,HallwayLightStatus,,,HallwayTemperatureReading,HallwayHumidityReading,71.10,BathroomLightStatus,BathroomLightCommanded,55.7,19.0,BathroomFanStatus,HackerspaceLightReading,HackerspaceLightStatus,HackerspaceLightCommanded,HackerspaceTemperatureReading,HackerspaceHumidityReading,0,LoftLightStatus,8,0,21.70,3.95,0,46,15,44,HotWaterStatus,ColdWaterStatus,DayWaterElementStatus,NightWaterElementStatus,6.5,1.94,1.895,1.93
2017-12-31,00:58,DoorMotion,DoorMotionCount,DoorOpened,DoorOpenedCount,0,HallwayLightStatus,,,HallwayTemperatureReading,HallwayHumidityReading,71.20,BathroomLightStatus,BathroomLightCommanded,55.6,19.0,BathroomFanStatus,HackerspaceLightReading,HackerspaceLightStatus,HackerspaceLightCommanded,HackerspaceTemperatureReading,HackerspaceHumidityReading,0,LoftLightStatus,4,0,21.70,3.81,0,46,15,44,HotWaterStatus,ColdWaterStatus,DayWaterElementStatus,NightWaterElementStatus,6.5,1.945,1.875,1.965
2017-12-31,00:59,DoorMotion,DoorMotionCount,DoorOpened,DoorOpenedCount,0,HallwayLightStatus,,,HallwayTemperatureReading,HallwayHumidityReading,71.10,BathroomLightStatus,BathroomLightCommanded,55.5,19.0,BathroomFanStatus,HackerspaceLightReading,HackerspaceLightStatus,HackerspaceLightCommanded,HackerspaceTemperatureReading,HackerspaceHumidityReading,0,LoftLightStatus,0,0,21.70,3.75,0,46,15,43,HotWaterStatus,ColdWaterStatus,DayWaterElementStatus,NightWaterElementStatus,6.5,1.85,1.91,1.98
2017-12-31,00:59,DoorMotion,DoorMotionCount,DoorOpened,DoorOpenedCount,0,HallwayLightStatus,,,HallwayTemperatureReading,HallwayHumidityReading,71.20,BathroomLightStatus,BathroomLightCommanded,55.6,19.1,BathroomFanStatus,HackerspaceLightReading,HackerspaceLightStatus,HackerspaceLightCommanded,HackerspaceTemperatureReading,HackerspaceHumidityReading,0,LoftLightStatus,0,0,21.70,3.98,0,46,15,44,HotWaterStatus,ColdWaterStatus,DayWaterElementStatus,NightWaterElementStatus,7.0,1.87,1.865,1.855
2017-12-31,00:59,DoorMotion,DoorMotionCount,DoorOpened,DoorOpenedCount,0,HallwayLightStatus,,,HallwayTemperatureReading,HallwayHumidityReading,71.10,BathroomLightStatus,BathroomLightCommanded,55.6,19.0,BathroomFanStatus,HackerspaceLightReading,HackerspaceLightStatus,HackerspaceLightCommanded,HackerspaceTemperatureReading,HackerspaceHumidityReading,0,LoftLightStatus,18,0,21.70,3.88,1,46,15,44,HotWaterStatus,ColdWaterStatus,DayWaterElementStatus,NightWaterElementStatus,6.5,1.965,1.94,2.03
2017-12-31,01:00,DoorMotion,DoorMotionCount,DoorOpened,DoorOpenedCount,0,HallwayLightStatus,,,HallwayTemperatureReading,HallwayHumidityReading,71.10,BathroomLightStatus,BathroomLightCommanded,55.7,19.0,BathroomFanStatus,HackerspaceLightReading,HackerspaceLightStatus,HackerspaceLightCommanded,HackerspaceTemperatureReading,HackerspaceHumidityReading,0,LoftLightStatus,1,0,21.70,4.55,0,46,15,43,HotWaterStatus,ColdWaterStatus,DayWaterElementStatus,NightWaterElementStatus,6.5,2.265,2.345,2.31
2017-12-31,01:00,DoorMotion,DoorMotionCount,DoorOpened,DoorOpenedCount,0,HallwayLightStatus,,,HallwayTemperatureReading,HallwayHumidityReading,71.10,BathroomLightStatus,BathroomLightCommanded,55.6,19.0,BathroomFanStatus,HackerspaceLightReading,HackerspaceLightStatus,HackerspaceLightCommanded,HackerspaceTemperatureReading,HackerspaceHumidityReading,0,LoftLightStatus,3,0,21.70,4.36,0,46,15,43,HotWaterStatus,ColdWaterStatus,DayWaterElementStatus,NightWaterElementStatus,6.5,2.31,2.33,2.245
2017-12-31,01:00,DoorMotion,DoorMotionCount,DoorOpened,DoorOpenedCount,0,HallwayLightStatus,,,HallwayTemperatureReading,HallwayHumidityReading,71.20,BathroomLightStatus,BathroomLightCommanded,55.5,19.0,BathroomFanStatus,HackerspaceLightReading,HackerspaceLightStatus,HackerspaceLightCommanded,HackerspaceTemperatureReading,HackerspaceHumidityReading,0,LoftLightStatus,105,0,21.70,5.25,0,46,15,44,HotWaterStatus,ColdWaterStatus,DayWaterElementStatus,NightWaterElementStatus,6.5,2.6,2.715,2.615
2017-12-31,01:00,DoorMotion,DoorMotionCount,DoorOpened,DoorOpenedCount,0,HallwayLightStatus,,,HallwayTemperatureReading,HallwayHumidityReading,71.20,BathroomLightStatus,BathroomLightCommanded,55.5,19.0,BathroomFanStatus,HackerspaceLightReading,HackerspaceLightStatus,HackerspaceLightCommanded,HackerspaceTemperatureReading,HackerspaceHumidityReading,352,LoftLightStatus,89,0,21.70,5.38,292,46,15,43,HotWaterStatus,ColdWaterStatus,DayWaterElementStatus,NightWaterElementStatus,6.5,2.595,2.645,2.645
2017-12-31,01:01,DoorMotion,DoorMotionCount,DoorOpened,DoorOpenedCount,0,HallwayLightStatus,,,HallwayTemperatureReading,HallwayHumidityReading,71.10,BathroomLightStatus,BathroomLightCommanded,55.7,19.0,BathroomFanStatus,HackerspaceLightReading,HackerspaceLightStatus,HackerspaceLightCommanded,HackerspaceTemperatureReading,HackerspaceHumidityReading,366,LoftLightStatus,109,0,21.70,5.40,297,46,15,44,HotWaterStatus,ColdWaterStatus,DayWaterElementStatus,NightWaterElementStatus,7.0,2.68,2.67,2.655
2017-12-31,01:01,DoorMotion,DoorMotionCount,DoorOpened,DoorOpenedCount,0,HallwayLightStatus,,,HallwayTemperatureReading,HallwayHumidityReading,72.50,BathroomLightStatus,BathroomLightCommanded,55.7,19.0,BathroomFanStatus,HackerspaceLightReading,HackerspaceLightStatus,HackerspaceLightCommanded,HackerspaceTemperatureReading,HackerspaceHumidityReading,369,LoftLightStatus,105,0,21.70,5.43,329,46,15,43,HotWaterStatus,ColdWaterStatus,DayWaterElementStatus,NightWaterElementStatus,6.5,2.66,2.78,2.635
2017-12-31,01:01,DoorMotion,DoorMotionCount,DoorOpened,DoorOpenedCount,0,HallwayLightStatus,,,HallwayTemperatureReading,HallwayHumidityReading,72.60,BathroomLightStatus,BathroomLightCommanded,55.8,19.1,BathroomFanStatus,HackerspaceLightReading,HackerspaceLightStatus,HackerspaceLightCommanded,HackerspaceTemperatureReading,HackerspaceHumidityReading,369,LoftLightStatus,102,0,21.70,5.45,330,46,15,43,HotWaterStatus,ColdWaterStatus,DayWaterElementStatus,NightWaterElementStatus,6.5,2.725,2.65,2.7
2017-12-31,01:02,DoorMotion,DoorMotionCount,DoorOpened,DoorOpenedCount,0,HallwayLightStatus,,,HallwayTemperatureReading,HallwayHumidityReading,71.40,BathroomLightStatus,BathroomLightCommanded,55.9,19.0,BathroomFanStatus,HackerspaceLightReading,HackerspaceLightStatus,HackerspaceLightCommanded,HackerspaceTemperatureReading,HackerspaceHumidityReading,368,LoftLightStatus,103,0,21.70,35.31,329,46,15,43,HotWaterStatus,ColdWaterStatus,DayWaterElementStatus,NightWaterElementStatus,6.5,2.715,17.58,17.58
2017-12-31,01:02,DoorMotion,DoorMotionCount,DoorOpened,DoorOpenedCount,0,HallwayLightStatus,,,HallwayTemperatureReading,HallwayHumidityReading,71.10,BathroomLightStatus,BathroomLightCommanded,56.0,19.0,BathroomFanStatus,HackerspaceLightReading,HackerspaceLightStatus,HackerspaceLightCommanded,HackerspaceTemperatureReading,HackerspaceHumidityReading,367,LoftLightStatus,35.45,0,21.70,109,330,46,15,43,HotWaterStatus,ColdWaterStatus,DayWaterElementStatus,NightWaterElementStatus,6.5,17.96,17.845,17.6
2017-12-31,01:02,DoorMotion,DoorMotionCount,DoorOpened,DoorOpenedCount,0,HallwayLightStatus,,,HallwayTemperatureReading,HallwayHumidityReading,71.00,BathroomLightStatus,BathroomLightCommanded,55.8,19.0,BathroomFanStatus,HackerspaceLightReading,HackerspaceLightStatus,HackerspaceLightCommanded,HackerspaceTemperatureReading,HackerspaceHumidityReading,365,LoftLightStatus,102,0,21.70,35.83,325,46,15,43,HotWaterStatus,ColdWaterStatus,DayWaterElementStatus,NightWaterElementStatus,6.5,17.58,17.695,17.77
2017-12-31,01:02,DoorMotion,DoorMotionCount,DoorOpened,DoorOpenedCount,0,HallwayLightStatus,,,HallwayTemperatureReading,HallwayHumidityReading,70.90,BathroomLightStatus,BathroomLightCommanded,55.6,19.0,BathroomFanStatus,HackerspaceLightReading,HackerspaceLightStatus,HackerspaceLightCommanded,HackerspaceTemperatureReading,HackerspaceHumidityReading,365,LoftLightStatus,35.34,0,21.70,109,325,46,15,43,HotWaterStatus,ColdWaterStatus,DayWaterElementStatus,NightWaterElementStatus,6.5,17.86,17.725,17.81
