2017-10-12,00:00,0,on/off,on/off,0,20.6,69.0,on,48,20,40,18,,,,
2017-10-12,00:00,0,on/off,on/off,0,20.6,69.0,on,48,20,40,18,,,,
2017-10-12,00:00,0,on/off,on/off,0,20.6,69.0,on,48,20,40,18,,,,
2017-10-12,00:00,0,on/off,on/off,0,20.6,69.0,on,48,20,40,18,,,,
2017-10-12,00:00,0,on/off,on/off,0,20.6,69.1,on,48,20,40,18,,,,
2017-10-12,00:00,0,on/off,on/off,0,20.6,69.1,on,48,20,40,18,,,,
2017-10-12,00:00,0,on/off,on/off,0,20.6,69.1,on,48,20,40,18,,,,
2017-10-12,00:00,3,on/off,on/off,0,20.6,69.1,on,48,20,40,18,,,,
2017-10-12,00:00,0,on/off,on/off,0,20.6,69.0,on,48,20,40,18,,,,
2017-10-12,00:00,0,on/off,on/off,0,20.6,69.0,on,48,20,40,18,,,,
2017-10-12,00:00,0,on/off,on/off,0,20.6,69.0,on,48,20,40,18,,,,
2017-10-12,00:00,0,on/off,on/off,0,20.6,69.0,on,48,20,40,18,,,,
2017-10-12,00:00,0,on/off,on/off,0,20.6,69.2,on,48,20,40,18,,,,
2017-10-12,00:00,0,on/off,on/off,0,20.6,69.2,on,48,20,40,18,,,,
2017-10-12,00:00,0,on/off,on/off,0,20.6,69.2,on,48,20,40,18,,,,
2017-10-12,00:00,1,on/off,on/off,0,20.6,69.2,on,48,20,40,18,,,,
2017-10-12,00:00,5,on/off,on/off,0,20.6,69.2,on,48,20,40,18,,,,
2017-10-12,00:00,0,on/off,on/off,0,20.6,69.2,on,48,20,40,18,,,,
2017-10-12,00:00,0,on/off,on/off,0,20.6,69.2,on,48,20,40,18,,,,
2017-10-12,00:00,0,on/off,on/off,0,20.6,69.2,on,48,20,40,18,,,,
2017-10-12,00:00,0,on/off,on/off,0,20.6,69.0,on,48,20,40,18,,,,
2017-10-12,00:00,0,on/off,on/off,0,20.6,69.0,on,48,20,40,18,,,,
2017-10-12,00:00,0,on/off,on/off,0,20.6,69.0,on,48,20,40,18,,,,
2017-10-12,00:00,0,on/off,on/off,0,20.6,69.0,on,48,20,40,18,,,,
2017-10-12,00:01,0,on/off,on/off,0,20.6,69.0,on,48,20,40,18,,,,
2017-10-12,00:01,0,on/off,on/off,0,20.6,69.0,on,48,20,40,18,,,,
2017-10-12,00:01,0,on/off,on/off,0,20.6,69.0,on,48,20,40,18,,,,
2017-10-12,00:01,0,on/off,on/off,0,20.6,69.0,on,48,20,40,18,,,,
2017-10-12,00:01,0,on/off,on/off,0,20.6,68.9,on,48,20,40,18,,,,
2017-10-12,00:01,1,on/off,on/off,0,20.6,68.9,on,48,21,40,18,,,,
2017-10-12,00:01,0,on/off,on/off,0,20.6,68.9,on,48,20,40,18,,,,
2017-10-12,00:01,0,on/off,on/off,0,20.6,68.9,on,48,20,40,18,,,,
2017-10-12,00:01,0,on/off,on/off,0,20.6,68.9,on,48,21,39,18,,,,
2017-10-12,00:01,0,on/off,on/off,0,20.6,68.9,on,48,20,40,18,,,,
2017-10-12,00:01,0,on/off,on/off,0,20.6,68.9,on,48,20,40,18,,,,
2017-10-12,00:01,0,on/off,on/off,0,20.6,68.9,on,48,20,40,18,,,,
2017-10-12,00:01,0,on/off,on/off,0,20.6,68.9,on,48,20,40,18,,,,
2017-10-12,00:01,0,on/off,on/off,0,20.6,68.9,on,48,20,40,18,,,,
2017-10-12,00:01,0,on/off,on/off,0,20.6,68.9,on,48,21,40,18,,,,
2017-10-12,00:01,0,on/off,on/off,0,20.6,68.9,on,48,20,40,19,,,,
2017-10-12,00:01,0,on/off,on/off,0,20.6,68.8,on,48,20,40,18,,,,
2017-10-12,00:01,0,on/off,on/off,0,20.6,68.8,on,48,21,40,18,,,,
2017-10-12,00:01,0,on/off,on/off,0,20.6,68.8,on,48,20,39,18,,,,
2017-10-12,00:01,0,on/off,on/off,0,20.6,68.8,on,48,20,40,18,,,,
2017-10-12,00:02,0,on/off,on/off,0,20.6,68.8,on,48,21,40,18,,,,
2017-10-12,00:02,0,on/off,on/off,0,20.6,68.8,on,48,20,40,18,,,,
2017-10-12,00:02,0,on/off,on/off,0,20.6,68.8,on,48,20,40,18,,,,
2017-10-12,00:02,0,on/off,on/off,0,20.6,68.8,on,48,20,40,18,,,,
2017-10-12,00:02,0,on/off,on/off,0,20.6,68.8,on,48,20,40,18,,,,
2017-10-12,00:02,0,on/off,on/off,0,20.6,68.8,on,48,20,40,18,,,,
2017-10-12,00:02,0,on/off,on/off,0,20.6,68.8,on,48,20,40,18,,,,
2017-10-12,00:02,0,on/off,on/off,1,20.6,68.8,on,48,20,40,18,,,,
2017-10-12,00:02,3,on/off,on/off,0,20.6,68.9,on,48,21,40,18,,,,
2017-10-12,00:02,0,on/off,on/off,0,20.6,68.9,on,48,20,40,18,,,,
2017-10-12,00:02,0,on/off,on/off,0,20.6,68.9,on,48,20,40,18,,,,
2017-10-12,00:02,0,on/off,on/off,0,20.6,68.9,on,48,20,39,18,,,,
2017-10-12,00:02,0,on/off,on/off,0,20.6,68.9,on,48,20,40,18,,,,
2017-10-12,00:02,1,on/off,on/off,0,20.6,68.9,on,48,21,40,18,,,,
2017-10-12,00:02,0,on/off,on/off,0,20.6,68.9,on,48,20,40,18,,,,
2017-10-12,00:02,0,on/off,on/off,0,20.6,68.9,on,49,20,40,18,,,,
2017-10-12,00:02,0,on/off,on/off,0,20.7,69.0,on,48,20,40,18,,,,
2017-10-12,00:02,0,on/off,on/off,0,20.7,69.0,on,48,20,40,18,,,,
2017-10-12,00:02,3,on/off,on/off,0,20.7,69.0,on,48,21,40,18,,,,
2017-10-12,00:02,0,on/off,on/off,0,20.7,69.0,on,48,20,40,18,,,,
2017-10-12,00:02,0,on/off,on/off,0,20.6,68.9,on,48,21,40,18,,,,
2017-10-12,00:02,0,on/off,on/off,0,20.6,68.9,on,48,21,40,18,,,,
2017-10-12,00:02,0,on/off,on/off,0,20.6,68.9,on,48,21,40,18,,,,
2017-10-12,00:02,0,on/off,on/off,0,20.6,68.9,on,48,20,40,18,,,,
2017-10-12,00:03,0,on/off,on/off,0,20.6,68.7,on,48,21,40,18,,,,
2017-10-12,00:03,0,on/off,on/off,0,20.6,68.7,on,48,21,40,18,,,,
2017-10-12,00:03,0,on/off,on/off,0,20.6,68.7,on,48,20,40,18,,,,
2017-10-12,00:03,0,on/off,on/off,0,20.6,68.7,on,48,20,39,18,,,,
2017-10-12,00:03,0,on/off,on/off,0,20.7,69.0,on,48,20,40,18,,,,
2017-10-12,00:03,0,on/off,on/off,0,20.7,69.0,on,48,20,40,18,,,,
2017-10-12,00:03,0,on/off,on/off,0,20.7,69.0,on,48,20,40,18,,,,
2017-10-12,00:03,0,on/off,on/off,0,20.7,69.0,on,48,20,39,18,,,,
2017-10-12,00:03,0,on/off,on/off,0,20.7,68.8,on,48,20,40,18,,,,
2017-10-12,00:03,0,on/off,on/off,0,20.7,68.8,on,48,20,40,18,,,,
2017-10-12,00:03,0,on/off,on/off,0,20.7,68.8,on,48,21,40,18,,,,
2017-10-12,00:03,0,on/off,on/off,0,20.7,68.8,on,48,20,39,18,,,,
2017-10-12,00:03,0,on/off,on/off,0,20.7,68.8,on,48,20,40,18,,,,
2017-10-12,00:03,0,on/off,on/off,0,20.7,68.8,on,48,20,40,18,,,,
2017-10-12,00:03,0,on/off,on/off,0,20.7,68.8,on,48,20,40,18,,,,
2017-10-12,00:03,5,on/off,on/off,0,20.7,68.8,on,48,20,40,18,,,,
2017-10-12,00:03,4,on/off,on/off,0,20.7,68.8,on,48,20,40,18,,,,
2017-10-12,00:03,0,on/off,on/off,0,20.7,68.8,on,48,20,40,18,,,,
2017-10-12,00:03,0,on/off,on/off,0,20.7,68.8,on,48,21,40,18,,,,
2017-10-12,00:03,0,on/off,on/off,0,20.7,68.8,on,48,20,40,18,,,,
2017-10-12,00:04,0,on/off,on/off,0,20.7,68.9,on,48,20,40,18,,,,
2017-10-12,00:04,0,on/off,on/off,0,20.7,68.9,on,48,20,40,18,,,,
2017-10-12,00:04,0,on/off,on/off,0,20.7,68.9,on,48,20,40,18,,,,
2017-10-12,00:04,0,on/off,on/off,0,20.7,68.9,on,48,20,40,18,,,,
2017-10-12,00:04,0,on/off,on/off,0,20.7,68.8,on,48,20,40,18,,,,
2017-10-12,00:04,0,on/off,on/off,0,20.7,68.8,on,48,20,40,18,,,,
2017-10-12,00:04,0,on/off,on/off,0,20.7,68.8,on,48,20,40,18,,,,
2017-10-12,00:04,0,on/off,on/off,0,20.7,68.8,on,48,21,39,18,,,,
2017-10-12,00:04,0,on/off,on/off,0,20.7,68.8,on,48,20,40,18,,,,
2017-10-12,00:04,5,on/off,on/off,0,20.7,68.8,on,48,21,39,18,,,,
2017-10-12,00:04,0,on/off,on/off,0,20.7,68.8,on,48,20,40,18,,,,
2017-10-12,00:04,0,on/off,on/off,0,20.7,68.8,on,48,20,39,18,,,,
2017-10-12,00:04,0,on/off,on/off,0,20.6,68.6,on,48,20,40,18,,,,
2017-10-12,00:04,0,on/off,on/off,0,20.6,68.6,on,48,20,40,18,,,,
2017-10-12,00:04,0,on/off,on/off,0,20.6,68.6,on,48,20,40,18,,,,
2017-10-12,00:04,0,on/off,on/off,0,20.6,68.6,on,48,20,40,18,,,,
2017-10-12,00:04,1,on/off,on/off,0,20.7,68.8,on,48,21,39,18,,,,
2017-10-12,00:04,1,on/off,on/off,0,20.7,68.8,on,48,20,40,18,,,,
2017-10-12,00:04,0,on/off,on/off,0,20.7,68.8,on,48,20,40,18,,,,
2017-10-12,00:04,0,on/off,on/off,0,20.7,68.8,on,48,20,40,18,,,,
2017-10-12,00:04,0,on/off,on/off,0,20.7,68.8,on,48,20,40,18,,,,
2017-10-12,00:04,0,on/off,on/off,0,20.7,68.8,on,48,20,39,18,,,,
2017-10-12,00:04,0,on/off,on/off,0,20.7,68.8,on,48,20,40,18,,,,
2017-10-12,00:04,0,on/off,on/off,0,20.7,68.8,on,48,20,40,18,,,,
2017-10-12,00:05,0,on/off,on/off,0,20.6,68.7,on,48,20,40,18,,,,
2017-10-12,00:05,0,on/off,on/off,0,20.6,68.7,on,48,20,40,18,,,,
2017-10-12,00:05,1,on/off,on/off,0,20.6,68.7,on,48,20,40,18,,,,
2017-10-12,00:05,0,on/off,on/off,0,20.6,68.7,on,48,20,40,18,,,,
2017-10-12,00:05,0,on/off,on/off,0,20.6,68.7,on,48,20,40,18,,,,
2017-10-12,00:05,0,on/off,on/off,0,20.6,68.7,on,48,20,40,18,,,,
2017-10-12,00:05,0,on/off,on/off,0,20.6,68.7,on,48,20,40,18,,,,
2017-10-12,00:05,4,on/off,on/off,0,20.6,68.7,on,48,20,40,18,,,,
2017-10-12,00:05,0,on/off,on/off,0,20.6,68.7,on,48,20,40,18,,,,
2017-10-12,00:05,2,on/off,on/off,0,20.6,68.7,on,48,21,40,18,,,,
2017-10-12,00:05,0,on/off,on/off,0,20.6,68.7,on,48,20,40,18,,,,
2017-10-12,00:05,0,on/off,on/off,0,20.6,68.7,on,48,20,39,18,,,,
2017-10-12,00:05,0,on/off,on/off,0,20.7,68.8,on,48,20,40,18,,,,
2017-10-12,00:05,0,on/off,on/off,0,20.7,68.8,on,48,21,40,18,,,,
2017-10-12,00:05,0,on/off,on/off,0,20.7,68.8,on,48,20,40,18,,,,
2017-10-12,00:05,0,on/off,on/off,0,20.7,68.8,on,48,20,40,18,,,,
2017-10-12,00:05,0,on/off,on/off,0,20.6,68.9,on,48,20,40,18,,,,
2017-10-12,00:05,0,on/off,on/off,0,20.6,68.9,on,48,20,40,18,,,,
2017-10-12,00:05,1,on/off,on/off,0,20.6,68.9,on,48,20,40,18,,,,
2017-10-12,00:05,3,on/off,on/off,0,20.6,68.9,on,48,20,40,18,,,,
2017-10-12,00:06,0,on/off,on/off,0,20.6,68.8,on,48,20,39,18,,,,
2017-10-12,00:06,0,on/off,on/off,0,20.6,68.8,on,48,20,40,18,,,,
2017-10-12,00:06,0,on/off,on/off,0,20.6,68.8,on,48,20,40,18,,,,
2017-10-12,00:06,0,on/off,on/off,0,20.6,68.8,on,48,20,40,18,,,,
2017-10-12,00:06,4,on/off,on/off,0,20.6,68.7,on,48,20,40,18,,,,
2017-10-12,00:06,0,on/off,on/off,0,20.6,68.7,on,48,20,40,18,,,,
2017-10-12,00:06,0,on/off,on/off,0,20.6,68.7,on,48,20,39,18,,,,
2017-10-12,00:06,0,on/off,on/off,0,20.6,68.7,on,48,20,40,18,,,,
2017-10-12,00:06,0,on/off,on/off,0,20.6,68.5,on,48,21,40,18,,,,
2017-10-12,00:06,0,on/off,on/off,0,20.6,68.5,on,48,20,40,18,,,,
2017-10-12,00:06,0,on/off,on/off,0,20.6,68.5,on,48,20,40,18,,,,
2017-10-12,00:06,0,on/off,on/off,0,20.6,68.5,on,48,20,39,18,,,,
2017-10-12,00:06,0,on/off,on/off,0,20.6,68.7,on,48,20,39,18,,,,
2017-10-12,00:06,2,on/off,on/off,0,20.6,68.7,on,48,20,40,18,,,,
2017-10-12,00:06,0,on/off,on/off,0,20.6,68.7,on,48,20,40,18,,,,
2017-10-12,00:06,0,on/off,on/off,0,20.6,68.7,on,48,20,40,18,,,,
2017-10-12,00:06,0,on/off,on/off,0,20.6,68.7,on,48,20,40,18,,,,
2017-10-12,00:06,6,on/off,on/off,0,20.6,68.7,on,48,21,40,18,,,,
2017-10-12,00:06,0,on/off,on/off,0,20.6,68.7,on,48,20,40,18,,,,
2017-10-12,00:06,0,on/off,on/off,0,20.6,68.7,on,48,20,40,18,,,,
2017-10-12,00:06,0,on/off,on/off,0,20.6,68.8,on,48,20,40,18,,,,
2017-10-12,00:06,0,on/off,on/off,0,20.6,68.8,on,48,20,39,18,,,,
2017-10-12,00:06,0,on/off,on/off,0,20.6,68.8,on,48,20,40,18,,,,
2017-10-12,00:06,0,on/off,on/off,0,20.6,68.8,on,48,20,40,18,,,,
2017-10-12,00:07,0,on/off,on/off,0,20.7,68.8,on,48,20,39,18,,,,
2017-10-12,00:07,0,on/off,on/off,0,20.7,68.8,on,48,20,40,18,,,,
2017-10-12,00:07,0,on/off,on/off,0,20.7,68.8,on,48,20,39,18,,,,
2017-10-12,00:07,0,on/off,on/off,0,20.7,68.8,on,48,20,40,18,,,,
2017-10-12,00:07,0,on/off,on/off,0,20.7,68.8,on,48,20,40,18,,,,
2017-10-12,00:07,0,on/off,on/off,0,20.7,68.8,on,48,20,40,18,,,,
2017-10-12,00:07,0,on/off,on/off,0,20.7,68.8,on,48,20,40,18,,,,
2017-10-12,00:07,1,on/off,on/off,0,20.7,68.8,on,48,21,40,18,,,,
2017-10-12,00:07,5,on/off,on/off,0,20.7,68.7,on,48,21,40,18,,,,
2017-10-12,00:07,0,on/off,on/off,0,20.7,68.7,on,48,20,40,18,,,,
2017-10-12,00:07,0,on/off,on/off,0,20.7,68.7,on,48,20,40,18,,,,
2017-10-12,00:07,0,on/off,on/off,0,20.7,68.7,on,48,20,40,18,,,,
2017-10-12,00:07,0,on/off,on/off,0,20.7,68.8,on,48,20,40,18,,,,
2017-10-12,00:07,0,on/off,on/off,0,20.7,68.8,on,48,20,40,18,,,,
2017-10-12,00:07,0,on/off,on/off,0,20.7,68.8,on,48,20,40,18,,,,
2017-10-12,00:07,2,on/off,on/off,0,20.7,68.8,on,48,21,40,18,,,,
2017-10-12,00:07,0,on/off,on/off,0,20.7,68.7,on,48,20,40,18,,,,
2017-10-12,00:07,1,on/off,on/off,0,20.7,68.7,on,48,20,40,18,,,,
2017-10-12,00:07,0,on/off,on/off,0,20.7,68.7,on,48,20,39,18,,,,
2017-10-12,00:07,1,on/off,on/off,0,20.7,68.7,on,48,20,40,18,,,,
2017-10-12,00:08,1,on/off,on/off,0,20.6,68.6,on,48,20,39,18,,,,
2017-10-12,00:08,0,on/off,on/off,0,20.6,68.6,on,48,20,40,18,,,,
2017-10-12,00:08,0,on/off,on/off,0,20.6,68.6,on,48,20,39,18,,,,
2017-10-12,00:08,0,on/off,on/off,0,20.6,68.6,on,48,20,40,18,,,,
2017-10-12,00:08,0,on/off,on/off,0,20.6,68.6,on,48,20,40,18,,,,
2017-10-12,00:08,2,on/off,on/off,0,20.6,68.6,on,48,21,39,18,,,,
2017-10-12,00:08,0,on/off,on/off,0,20.6,68.6,on,48,20,40,18,,,,
2017-10-12,00:08,0,on/off,on/off,0,20.6,68.6,on,48,20,39,18,,,,
2017-10-12,00:08,0,on/off,on/off,0,20.6,68.7,on,48,20,40,18,,,,
2017-10-12,00:08,0,on/off,on/off,0,20.6,68.7,on,48,20,40,18,,,,
2017-10-12,00:08,0,on/off,on/off,0,20.6,68.7,on,48,20,40,18,,,,
2017-10-12,00:08,2,on/off,on/off,0,20.6,68.7,on,48,21,40,18,,,,
2017-10-12,00:08,0,on/off,on/off,0,20.6,68.6,on,48,20,40,18,,,,
2017-10-12,00:08,0,on/off,on/off,0,20.6,68.6,on,48,20,40,18,,,,
2017-10-12,00:08,0,on/off,on/off,0,20.6,68.6,on,48,20,40,18,,,,
2017-10-12,00:08,2,on/off,on/off,0,20.6,68.6,on,48,20,40,18,,,,
2017-10-12,00:08,0,on/off,on/off,0,20.6,68.7,on,48,20,40,18,,,,
2017-10-12,00:08,0,on/off,on/off,0,20.6,68.7,on,48,20,39,18,,,,
2017-10-12,00:08,0,on/off,on/off,0,20.6,68.7,on,48,20,40,18,,,,
2017-10-12,00:08,2,on/off,on/off,0,20.6,68.7,on,48,20,40,18,,,,
2017-10-12,00:08,0,on/off,on/off,0,20.6,68.7,on,48,20,39,18,,,,
2017-10-12,00:08,0,on/off,on/off,0,20.6,68.7,on,48,20,40,18,,,,
2017-10-12,00:08,0,on/off,on/off,0,20.6,68.7,on,48,20,40,18,,,,
2017-10-12,00:08,3,on/off,on/off,0,20.6,68.7,on,48,21,40,18,,,,
2017-10-12,00:09,0,on/off,on/off,0,20.6,68.8,on,48,20,40,18,,,,
2017-10-12,00:09,0,on/off,on/off,0,20.6,68.8,on,48,20,40,18,,,,
2017-10-12,00:09,0,on/off,on/off,0,20.6,68.8,on,48,20,39,18,,,,
2017-10-12,00:09,0,on/off,on/off,0,20.6,68.8,on,48,20,39,18,,,,
2017-10-12,00:09,0,on/off,on/off,0,20.6,68.6,on,48,20,40,18,,,,
2017-10-12,00:09,0,on/off,on/off,0,20.6,68.6,on,48,20,39,18,,,,
2017-10-12,00:09,0,on/off,on/off,0,20.6,68.6,on,48,20,40,18,,,,
2017-10-12,00:09,0,on/off,on/off,0,20.6,68.6,on,48,20,39,18,,,,
2017-10-12,00:09,0,on/off,on/off,0,20.6,68.6,on,48,20,40,18,,,,
2017-10-12,00:09,0,on/off,on/off,0,20.6,68.6,on,48,21,40,18,,,,
2017-10-12,00:09,4,on/off,on/off,0,20.6,68.6,on,48,20,39,18,,,,
2017-10-12,00:09,1,on/off,on/off,0,20.6,68.6,on,48,20,39,18,,,,
2017-10-12,00:09,0,on/off,on/off,0,20.6,68.5,on,48,20,40,18,,,,
2017-10-12,00:09,1,on/off,on/off,0,20.6,68.5,on,48,20,40,18,,,,
2017-10-12,00:09,0,on/off,on/off,0,20.6,68.5,on,48,20,40,18,,,,
2017-10-12,00:09,0,on/off,on/off,0,20.6,68.5,on,48,20,39,18,,,,
2017-10-12,00:09,0,on/off,on/off,0,20.6,68.5,on,48,20,40,18,,,,
2017-10-12,00:09,0,on/off,on/off,0,20.6,68.5,on,48,20,39,18,,,,
2017-10-12,00:09,0,on/off,on/off,0,20.6,68.5,on,48,20,40,18,,,,
2017-10-12,00:09,0,on/off,on/off,0,20.6,68.5,on,48,20,40,18,,,,
2017-10-12,00:10,0,on/off,on/off,0,20.6,68.5,on,48,20,40,18,,,,
2017-10-12,00:10,0,on/off,on/off,0,20.6,68.5,on,48,20,39,18,,,,
2017-10-12,00:10,2,on/off,on/off,0,20.6,68.5,on,48,20,40,18,,,,
2017-10-12,00:10,2,on/off,on/off,0,20.6,68.5,on,48,20,40,18,,,,
2017-10-12,00:10,0,on/off,on/off,0,20.6,68.5,on,48,20,40,18,,,,
2017-10-12,00:10,0,on/off,on/off,0,20.6,68.5,on,48,21,39,18,,,,
2017-10-12,00:10,0,on/off,on/off,0,20.6,68.5,on,48,20,40,18,,,,
2017-10-12,00:10,0,on/off,on/off,0,20.6,68.5,on,48,20,40,18,,,,
2017-10-12,00:10,0,on/off,on/off,0,20.6,68.6,on,48,20,40,18,,,,
2017-10-12,00:10,0,on/off,on/off,0,20.6,68.6,on,48,20,40,18,,,,
2017-10-12,00:10,3,on/off,on/off,0,20.6,68.6,on,48,20,40,18,,,,
2017-10-12,00:10,0,on/off,on/off,0,20.6,68.6,on,48,20,40,18,,,,
2017-10-12,00:10,0,on/off,on/off,0,20.6,68.6,on,48,20,40,18,,,,
2017-10-12,00:10,0,on/off,on/off,0,20.6,68.6,on,48,20,39,18,,,,
2017-10-12,00:10,0,on/off,on/off,0,20.6,68.6,on,48,20,40,18,,,,
2017-10-12,00:10,0,on/off,on/off,0,20.6,68.6,on,48,20,39,18,,,,
2017-10-12,00:10,0,on/off,on/off,0,20.6,68.6,on,48,20,40,18,,,,
2017-10-12,00:10,1,on/off,on/off,0,20.6,68.6,on,48,20,39,18,,,,
2017-10-12,00:10,0,on/off,on/off,0,20.6,68.6,on,48,20,40,18,,,,
2017-10-12,00:10,0,on/off,on/off,0,20.6,68.6,on,48,20,40,18,,,,
2017-10-12,00:10,0,on/off,on/off,0,20.6,68.7,on,48,21,39,18,,,,
2017-10-12,00:10,0,on/off,on/off,0,20.6,68.7,on,48,20,39,18,,,,
2017-10-12,00:10,0,on/off,on/off,0,20.6,68.7,on,48,20,39,18,,,,
2017-10-12,00:10,0,on/off,on/off,0,20.6,68.7,on,48,20,40,18,,,,
2017-10-12,00:11,0,on/off,on/off,0,20.6,68.5,on,48,20,39,18,,,,
2017-10-12,00:11,0,on/off,on/off,0,20.6,68.5,on,48,20,40,18,,,,
2017-10-12,00:11,0,on/off,on/off,0,20.6,68.5,on,48,20,39,18,,,,
2017-10-12,00:11,0,on/off,on/off,1,20.6,68.5,on,48,20,40,18,,,,
2017-10-12,00:11,0,on/off,on/off,0,20.6,68.5,on,48,20,40,18,,,,
2017-10-12,00:11,0,on/off,on/off,0,20.6,68.5,on,48,20,39,18,,,,
2017-10-12,00:11,0,on/off,on/off,0,20.6,68.5,on,48,20,40,18,,,,
2017-10-12,00:11,0,on/off,on/off,0,20.6,68.5,on,48,20,40,18,,,,
2017-10-12,00:11,0,on/off,on/off,0,20.6,68.8,on,48,20,39,18,,,,
2017-10-12,00:11,0,on/off,on/off,0,20.6,68.8,on,48,20,40,18,,,,
2017-10-12,00:11,0,on/off,on/off,0,20.6,68.8,on,48,20,40,18,,,,
2017-10-12,00:11,2,on/off,on/off,0,20.6,68.8,on,48,21,39,18,,,,
2017-10-12,00:11,3,on/off,on/off,0,20.6,68.8,on,48,20,40,18,,,,
2017-10-12,00:11,0,on/off,on/off,0,20.6,68.8,on,48,20,40,18,,,,
2017-10-12,00:11,0,on/off,on/off,0,20.6,68.8,on,48,20,39,18,,,,
2017-10-12,00:11,0,on/off,on/off,0,20.6,68.8,on,48,20,40,18,,,,
2017-10-12,00:11,0,on/off,on/off,0,20.6,68.7,on,48,20,39,18,,,,
2017-10-12,00:11,0,on/off,on/off,0,20.6,68.7,on,48,20,39,18,,,,
2017-10-12,00:11,0,on/off,on/off,0,20.6,68.7,on,48,20,39,18,,,,
2017-10-12,00:11,0,on/off,on/off,0,20.6,68.7,on,48,20,40,18,,,,
2017-10-12,00:12,0,on/off,on/off,0,20.6,68.7,on,48,20,40,18,,,,
2017-10-12,00:12,0,on/off,on/off,0,20.6,68.7,on,48,20,40,18,,,,
2017-10-12,00:12,0,on/off,on/off,0,20.6,68.7,on,48,20,40,18,,,,
2017-10-12,00:12,2,on/off,on/off,0,20.6,68.7,on,48,20,40,18,,,,
2017-10-12,00:12,5,on/off,on/off,0,20.6,68.7,on,48,20,39,18,,,,
2017-10-12,00:12,0,on/off,on/off,0,20.6,68.7,on,48,20,40,18,,,,
2017-10-12,00:12,0,on/off,on/off,0,20.6,68.7,on,48,20,39,18,,,,
2017-10-12,00:12,0,on/off,on/off,0,20.6,68.7,on,48,20,40,18,,,,
2017-10-12,00:12,2,on/off,on/off,0,20.6,68.7,on,48,20,40,18,,,,
2017-10-12,00:12,0,on/off,on/off,0,20.6,68.7,on,48,20,39,18,,,,
2017-10-12,00:12,0,on/off,on/off,0,20.6,68.7,on,48,20,40,18,,,,
2017-10-12,00:12,0,on/off,on/off,0,20.6,68.7,on,48,20,40,18,,,,
2017-10-12,00:12,0,on/off,on/off,0,20.6,68.7,on,48,20,39,18,,,,
2017-10-12,00:12,2,on/off,on/off,0,20.6,68.7,on,48,20,39,18,,,,
2017-10-12,00:12,0,on/off,on/off,0,20.6,68.7,on,48,20,40,18,,,,
2017-10-12,00:12,0,on/off,on/off,0,20.6,68.7,on,48,20,40,18,,,,
2017-10-12,00:12,0,on/off,on/off,0,20.6,68.8,on,48,20,40,18,,,,
2017-10-12,00:12,0,on/off,on/off,0,20.6,68.8,on,48,20,40,18,,,,
2017-10-12,00:12,0,on/off,on/off,0,20.6,68.8,on,48,20,39,18,,,,
2017-10-12,00:12,5,on/off,on/off,0,20.6,68.8,on,48,21,40,18,,,,
2017-10-12,00:12,0,on/off,on/off,0,20.6,68.5,on,48,20,39,18,,,,
2017-10-12,00:12,0,on/off,on/off,0,20.6,68.5,on,48,20,40,18,,,,
2017-10-12,00:12,0,on/off,on/off,0,20.6,68.5,on,48,21,40,18,,,,
2017-10-12,00:12,0,on/off,on/off,0,20.6,68.5,on,48,20,40,19,,,,
2017-10-12,00:13,0,on/off,on/off,0,20.6,68.5,on,48,20,40,18,,,,
2017-10-12,00:13,0,on/off,on/off,0,20.6,68.5,on,48,20,40,18,,,,
2017-10-12,00:13,0,on/off,on/off,0,20.6,68.5,on,48,20,40,18,,,,
2017-10-12,00:13,0,on/off,on/off,0,20.6,68.5,on,48,20,39,18,,,,
2017-10-12,00:13,0,on/off,on/off,0,20.6,68.7,on,48,20,40,18,,,,
2017-10-12,00:13,0,on/off,on/off,0,20.6,68.7,on,48,20,40,18,,,,
2017-10-12,00:13,0,on/off,on/off,0,20.6,68.7,on,48,20,40,18,,,,
2017-10-12,00:13,0,on/off,on/off,0,20.6,68.7,on,48,20,40,18,,,,
2017-10-12,00:13,0,on/off,on/off,0,20.6,68.6,on,48,20,40,18,,,,
2017-10-12,00:13,1,on/off,on/off,0,20.6,68.6,on,48,20,40,18,,,,
2017-10-12,00:13,0,on/off,on/off,0,20.6,68.6,on,48,20,39,18,,,,
2017-10-12,00:13,0,on/off,on/off,0,20.6,68.6,on,48,21,40,18,,,,
2017-10-12,00:13,0,on/off,on/off,0,20.6,68.7,on,48,20,40,18,,,,
2017-10-12,00:13,0,on/off,on/off,0,20.6,68.7,on,48,20,40,18,,,,
2017-10-12,00:13,0,on/off,on/off,0,20.6,68.7,on,48,20,40,18,,,,
2017-10-12,00:13,0,on/off,on/off,0,20.6,68.7,on,48,20,40,18,,,,
2017-10-12,00:13,0,on/off,on/off,0,20.6,68.7,on,48,20,40,18,,,,
2017-10-12,00:13,0,on/off,on/off,0,20.6,68.7,on,48,20,40,18,,,,
2017-10-12,00:13,0,on/off,on/off,0,20.6,68.7,on,48,20,40,18,,,,
2017-10-12,00:13,0,on/off,on/off,0,20.6,68.7,on,48,20,39,18,,,,
2017-10-12,00:13,0,on/off,on/off,0,20.6,68.8,on,48,20,40,18,,,,
2017-10-12,00:13,0,on/off,on/off,0,20.6,68.8,on,48,20,40,18,,,,
2017-10-12,00:13,0,on/off,on/off,0,20.6,68.8,on,48,20,40,18,,,,
2017-10-12,00:13,0,on/off,on/off,0,20.6,68.8,on,48,20,40,18,,,,
2017-10-12,00:14,3,on/off,on/off,0,20.6,68.8,on,48,20,39,18,,,,
2017-10-12,00:14,1,on/off,on/off,0,20.6,68.8,on,48,20,39,18,,,,
2017-10-12,00:14,0,on/off,on/off,0,20.6,68.8,on,48,20,39,18,,,,
2017-10-12,00:14,0,on/off,on/off,0,20.6,68.8,on,48,20,40,18,,,,
2017-10-12,00:14,0,on/off,on/off,0,20.6,68.8,on,48,20,40,18,,,,
2017-10-12,00:14,0,on/off,on/off,0,20.6,68.8,on,48,20,40,18,,,,
2017-10-12,00:14,1,on/off,on/off,0,20.6,68.8,on,48,20,40,18,,,,
2017-10-12,00:14,0,on/off,on/off,1,20.6,68.8,on,48,21,40,18,,,,
2017-10-12,00:14,0,on/off,on/off,0,20.6,68.8,on,48,20,40,19,,,,
2017-10-12,00:14,0,on/off,on/off,0,20.6,68.8,on,48,20,39,18,,,,
2017-10-12,00:14,0,on/off,on/off,0,20.6,68.8,on,48,20,40,18,,,,
2017-10-12,00:14,0,on/off,on/off,1,20.6,68.8,on,48,20,39,18,,,,
2017-10-12,00:14,0,on/off,on/off,0,20.6,68.6,on,48,20,39,18,,,,
2017-10-12,00:14,4,on/off,on/off,0,20.6,68.6,on,48,20,39,18,,,,
2017-10-12,00:14,0,on/off,on/off,0,20.6,68.6,on,48,20,40,18,,,,
2017-10-12,00:14,0,on/off,on/off,0,20.6,68.6,on,48,20,40,18,,,,
2017-10-12,00:14,0,on/off,on/off,0,20.6,68.6,on,48,20,40,18,,,,
2017-10-12,00:14,0,on/off,on/off,0,20.6,68.6,on,48,20,40,18,,,,
2017-10-12,00:14,0,on/off,on/off,0,20.6,68.6,on,48,20,39,18,,,,
2017-10-12,00:14,0,on/off,on/off,0,20.6,68.6,on,48,20,40,18,,,,
2017-10-12,00:15,0,on/off,on/off,0,20.6,68.9,on,48,21,39,18,,,,
2017-10-12,00:15,0,on/off,on/off,0,20.6,68.9,on,48,20,39,18,,,,
2017-10-12,00:15,0,on/off,on/off,0,20.6,68.9,on,48,20,39,18,,,,
2017-10-12,00:15,0,on/off,on/off,0,20.6,68.9,on,48,20,39,18,,,,
2017-10-12,00:15,0,on/off,on/off,0,20.6,68.9,on,48,20,39,18,,,,
2017-10-12,00:15,0,on/off,on/off,0,20.6,68.9,on,48,20,39,18,,,,
2017-10-12,00:15,0,on/off,on/off,0,20.6,68.9,on,48,20,40,18,,,,
2017-10-12,00:15,0,on/off,on/off,0,20.6,68.9,on,48,20,40,18,,,,
2017-10-12,00:15,0,on/off,on/off,0,20.6,68.8,on,48,20,40,18,,,,
2017-10-12,00:15,0,on/off,on/off,0,20.6,68.8,on,48,20,40,18,,,,
2017-10-12,00:15,0,on/off,on/off,0,20.6,68.8,on,48,20,40,18,,,,
2017-10-12,00:15,0,on/off,on/off,0,20.6,68.8,on,48,20,40,18,,,,
2017-10-12,00:15,0,on/off,on/off,0,20.6,68.8,on,48,20,39,18,,,,
2017-10-12,00:15,0,on/off,on/off,0,20.6,68.8,on,48,20,40,18,,,,
2017-10-12,00:15,0,on/off,on/off,0,20.6,68.8,on,48,20,40,18,,,,
2017-10-12,00:15,0,on/off,on/off,0,20.6,68.8,on,48,20,40,18,,,,
2017-10-12,00:15,1,on/off,on/off,0,20.6,69.3,on,48,20,40,18,,,,
2017-10-12,00:15,0,on/off,on/off,0,20.6,69.3,on,48,20,40,19,,,,
2017-10-12,00:15,0,on/off,on/off,0,20.6,69.3,on,48,20,39,18,,,,
2017-10-12,00:15,1,on/off,on/off,0,20.6,69.3,on,48,20,39,18,,,,
2017-10-12,00:15,0,on/off,on/off,0,20.6,69.0,on,48,20,39,18,,,,
2017-10-12,00:15,0,on/off,on/off,0,20.6,69.0,on,48,20,39,18,,,,
2017-10-12,00:15,0,on/off,on/off,0,20.6,69.0,on,48,20,40,18,,,,
2017-10-12,00:15,0,on/off,on/off,0,20.6,69.0,on,48,20,40,18,,,,
2017-10-12,00:16,0,on/off,on/off,0,20.6,69.0,on,48,20,39,18,,,,
2017-10-12,00:16,4,on/off,on/off,0,20.6,69.0,on,48,20,39,18,,,,
2017-10-12,00:16,1,on/off,on/off,0,20.6,69.0,on,48,21,40,18,,,,
2017-10-12,00:16,0,on/off,on/off,0,20.6,69.0,on,48,20,40,18,,,,
2017-10-12,00:16,0,on/off,on/off,0,20.6,69.0,on,48,20,39,18,,,,
2017-10-12,00:16,0,on/off,on/off,0,20.6,69.0,on,48,21,39,18,,,,
2017-10-12,00:16,0,on/off,on/off,0,20.6,69.0,on,48,20,39,18,,,,
2017-10-12,00:16,0,on/off,on/off,0,20.6,69.0,on,48,20,40,18,,,,
2017-10-12,00:16,0,on/off,on/off,0,20.6,68.9,on,48,20,40,18,,,,
2017-10-12,00:16,0,on/off,on/off,0,20.6,68.9,on,48,20,40,18,,,,
2017-10-12,00:16,0,on/off,on/off,0,20.6,68.9,on,48,20,40,18,,,,
2017-10-12,00:16,0,on/off,on/off,0,20.6,68.9,on,48,20,40,18,,,,
2017-10-12,00:16,0,on/off,on/off,0,20.6,68.9,on,48,20,40,18,,,,
2017-10-12,00:16,3,on/off,on/off,0,20.6,68.9,on,48,20,39,18,,,,
2017-10-12,00:16,3,on/off,on/off,0,20.6,68.9,on,48,20,39,18,,,,
2017-10-12,00:16,0,on/off,on/off,0,20.6,68.9,on,48,20,40,18,,,,
2017-10-12,00:16,0,on/off,on/off,0,20.6,69.0,on,48,20,40,18,,,,
2017-10-12,00:16,0,on/off,on/off,0,20.6,69.0,on,48,20,39,18,,,,
2017-10-12,00:16,0,on/off,on/off,0,20.6,69.0,on,48,20,40,18,,,,
2017-10-12,00:16,0,on/off,on/off,0,20.6,69.0,on,48,20,39,18,,,,
2017-10-12,00:17,0,on/off,on/off,0,20.6,69.1,on,48,20,39,18,,,,
2017-10-12,00:17,0,on/off,on/off,0,20.6,69.1,on,48,20,40,18,,,,
2017-10-12,00:17,0,on/off,on/off,0,20.6,69.1,on,48,20,39,18,,,,
2017-10-12,00:17,3,on/off,on/off,0,20.6,69.1,on,48,21,39,18,,,,
2017-10-12,00:17,2,on/off,on/off,0,20.6,69.2,on,48,21,39,18,,,,
2017-10-12,00:17,0,on/off,on/off,0,20.6,69.2,on,48,20,39,18,,,,
2017-10-12,00:17,0,on/off,on/off,0,20.6,69.2,on,48,20,39,18,,,,
2017-10-12,00:17,0,on/off,on/off,0,20.6,69.2,on,48,20,40,18,,,,
2017-10-12,00:17,0,on/off,on/off,0,20.6,69.1,on,48,20,40,18,,,,
2017-10-12,00:17,0,on/off,on/off,0,20.6,69.1,on,48,20,39,18,,,,
2017-10-12,00:17,0,on/off,on/off,0,20.6,69.1,on,48,20,39,18,,,,
2017-10-12,00:17,0,on/off,on/off,0,20.6,69.1,on,48,20,40,18,,,,
2017-10-12,00:17,0,on/off,on/off,0,20.6,69.0,on,48,20,39,18,,,,
2017-10-12,00:17,0,on/off,on/off,0,20.6,69.0,on,48,21,39,18,,,,
2017-10-12,00:17,0,on/off,on/off,0,20.6,69.0,on,48,20,40,18,,,,
2017-10-12,00:17,0,on/off,on/off,0,20.6,69.0,on,48,20,39,18,,,,
2017-10-12,00:17,0,on/off,on/off,0,20.6,69.0,on,48,20,39,18,,,,
2017-10-12,00:17,0,on/off,on/off,0,20.6,69.0,on,48,21,39,18,,,,
2017-10-12,00:17,0,on/off,on/off,0,20.6,69.0,on,48,20,40,18,,,,
2017-10-12,00:17,0,on/off,on/off,0,20.6,69.0,on,48,20,39,18,,,,
2017-10-12,00:17,0,on/off,on/off,0,20.6,69.0,on,48,20,39,18,,,,
2017-10-12,00:17,0,on/off,on/off,0,20.6,69.0,on,48,20,39,18,,,,
2017-10-12,00:17,4,on/off,on/off,0,20.6,69.0,on,48,20,39,18,,,,
2017-10-12,00:17,0,on/off,on/off,0,20.6,69.0,on,48,20,39,18,,,,
2017-10-12,00:18,0,on/off,on/off,0,20.6,68.9,on,48,20,39,18,,,,
2017-10-12,00:18,0,on/off,on/off,0,20.6,68.9,on,48,20,39,18,,,,
2017-10-12,00:18,1,on/off,on/off,0,20.6,68.9,on,48,21,39,18,,,,
2017-10-12,00:18,0,on/off,on/off,0,20.6,68.9,on,48,20,39,18,,,,
2017-10-12,00:18,0,on/off,on/off,0,20.6,68.8,on,48,20,39,18,,,,
2017-10-12,00:18,0,on/off,on/off,0,20.6,68.8,on,48,20,40,18,,,,
2017-10-12,00:18,0,on/off,on/off,0,20.6,68.8,on,48,20,39,18,,,,
2017-10-12,00:18,0,on/off,on/off,1,20.6,68.8,on,48,20,40,18,,,,
2017-10-12,00:18,0,on/off,on/off,0,20.6,68.8,on,48,20,39,18,,,,
2017-10-12,00:18,0,on/off,on/off,0,20.6,68.8,on,48,20,39,18,,,,
2017-10-12,00:18,0,on/off,on/off,0,20.6,68.8,on,48,20,40,18,,,,
2017-10-12,00:18,0,on/off,on/off,0,20.6,68.8,on,48,20,40,18,,,,
2017-10-12,00:18,1,on/off,on/off,0,20.6,68.7,on,48,21,40,18,,,,
2017-10-12,00:18,0,on/off,on/off,0,20.6,68.7,on,48,20,39,18,,,,
2017-10-12,00:18,0,on/off,on/off,0,20.6,68.7,on,48,20,39,18,,,,
2017-10-12,00:18,0,on/off,on/off,0,20.6,68.7,on,48,20,40,18,,,,
2017-10-12,00:18,0,on/off,on/off,0,20.6,68.8,on,48,20,39,18,,,,
2017-10-12,00:18,0,on/off,on/off,0,20.6,68.8,on,48,20,40,18,,,,
2017-10-12,00:18,0,on/off,on/off,0,20.6,68.8,on,48,21,40,18,,,,
2017-10-12,00:18,0,on/off,on/off,0,20.6,68.8,on,48,20,39,18,,,,
2017-10-12,00:19,0,on/off,on/off,0,20.6,69.0,on,48,20,39,18,,,,
2017-10-12,00:19,0,on/off,on/off,0,20.6,69.0,on,48,20,39,18,,,,
2017-10-12,00:19,0,on/off,on/off,0,20.6,69.0,on,48,20,39,18,,,,
2017-10-12,00:19,0,on/off,on/off,0,20.6,69.0,on,48,20,39,18,,,,
2017-10-12,00:19,0,on/off,on/off,0,20.6,69.0,on,48,20,39,18,,,,
2017-10-12,00:19,0,on/off,on/off,0,20.6,69.0,on,48,20,39,18,,,,
2017-10-12,00:19,0,on/off,on/off,0,20.6,69.0,on,48,20,40,18,,,,
2017-10-12,00:19,0,on/off,on/off,0,20.6,69.0,on,48,20,39,18,,,,
2017-10-12,00:19,0,on/off,on/off,0,20.6,69.0,on,48,21,39,18,,,,
2017-10-12,00:19,0,on/off,on/off,0,20.6,69.0,on,48,21,39,18,,,,
2017-10-12,00:19,0,on/off,on/off,0,20.6,69.0,on,48,20,39,18,,,,
2017-10-12,00:19,0,on/off,on/off,0,20.6,69.0,on,48,20,40,18,,,,
2017-10-12,00:19,0,on/off,on/off,0,20.6,68.9,on,48,20,39,18,,,,
2017-10-12,00:19,0,on/off,on/off,0,20.6,68.9,on,48,20,39,18,,,,
2017-10-12,00:19,0,on/off,on/off,0,20.6,68.9,on,48,20,40,18,,,,
2017-10-12,00:19,4,on/off,on/off,0,20.6,68.9,on,48,20,40,18,,,,
2017-10-12,00:19,0,on/off,on/off,0,20.6,68.7,on,48,20,39,18,,,,
2017-10-12,00:19,0,on/off,on/off,0,20.6,68.7,on,48,20,39,18,,,,
2017-10-12,00:19,0,on/off,on/off,0,20.6,68.7,on,48,20,39,18,,,,
2017-10-12,00:19,0,on/off,on/off,0,20.6,68.7,on,48,20,39,18,,,,
2017-10-12,00:19,0,on/off,on/off,0,20.6,68.7,on,48,20,40,18,,,,
2017-10-12,00:19,0,on/off,on/off,1,20.6,68.7,on,48,20,39,18,,,,
2017-10-12,00:19,0,on/off,on/off,0,20.6,68.7,on,48,20,40,18,,,,
2017-10-12,00:19,0,on/off,on/off,0,20.6,68.7,on,48,20,39,18,,,,
2017-10-12,00:20,0,on/off,on/off,0,20.6,68.9,on,48,20,39,18,,,,
2017-10-12,00:20,0,on/off,on/off,0,20.6,68.9,on,48,20,40,18,,,,
2017-10-12,00:20,3,on/off,on/off,0,20.6,68.9,on,48,20,40,18,,,,
2017-10-12,00:20,2,on/off,on/off,0,20.6,68.9,on,48,20,39,18,,,,
2017-10-12,00:20,0,on/off,on/off,0,20.6,68.7,on,48,20,39,18,,,,
2017-10-12,00:20,0,on/off,on/off,0,20.6,68.7,on,48,20,40,18,,,,
2017-10-12,00:20,0,on/off,on/off,0,20.6,68.7,on,48,20,39,18,,,,
2017-10-12,00:20,0,on/off,on/off,0,20.6,68.7,on,48,20,40,18,,,,
2017-10-12,00:20,0,on/off,on/off,0,20.6,68.8,on,48,20,40,18,,,,
2017-10-12,00:20,0,on/off,on/off,0,20.6,68.8,on,48,20,40,18,,,,
2017-10-12,00:20,0,on/off,on/off,0,20.6,68.8,on,48,20,40,19,,,,
2017-10-12,00:20,0,on/off,on/off,0,20.6,68.8,on,48,21,39,18,,,,
2017-10-12,00:20,0,on/off,on/off,0,20.6,68.9,on,48,21,40,18,,,,
2017-10-12,00:20,0,on/off,on/off,0,20.6,68.9,on,48,20,39,18,,,,
2017-10-12,00:20,0,on/off,on/off,0,20.6,68.9,on,48,20,39,18,,,,
2017-10-12,00:20,1,on/off,on/off,0,20.6,68.9,on,48,20,40,18,,,,
2017-10-12,00:20,0,on/off,on/off,0,20.6,68.9,on,48,20,39,18,,,,
2017-10-12,00:20,0,on/off,on/off,0,20.6,68.9,on,48,20,39,18,,,,
2017-10-12,00:20,0,on/off,on/off,0,20.6,68.9,on,48,20,40,18,,,,
2017-10-12,00:20,0,on/off,on/off,0,20.6,68.9,on,48,20,40,18,,,,
2017-10-12,00:21,0,on/off,on/off,0,20.6,69.0,on,48,20,39,18,,,,
2017-10-12,00:21,0,on/off,on/off,0,20.6,69.0,on,48,20,39,18,,,,
2017-10-12,00:21,0,on/off,on/off,0,20.6,69.0,on,48,20,39,18,,,,
2017-10-12,00:21,3,on/off,on/off,0,20.6,69.0,on,48,20,40,18,,,,
2017-10-12,00:21,0,on/off,on/off,0,20.6,69.0,on,48,20,39,18,,,,
2017-10-12,00:21,0,on/off,on/off,0,20.6,69.0,on,48,20,39,18,,,,
2017-10-12,00:21,0,on/off,on/off,0,20.6,69.0,on,48,20,40,18,,,,
2017-10-12,00:21,0,on/off,on/off,0,20.6,69.0,on,48,21,39,18,,,,
2017-10-12,00:21,0,on/off,on/off,0,20.6,68.9,on,48,20,40,18,,,,
2017-10-12,00:21,0,on/off,on/off,0,20.6,68.9,on,48,20,39,18,,,,
2017-10-12,00:21,2,on/off,on/off,0,20.6,68.9,on,48,21,39,18,,,,
2017-10-12,00:21,0,on/off,on/off,0,20.6,68.9,on,48,20,39,18,,,,
2017-10-12,00:21,0,on/off,on/off,0,20.6,68.8,on,48,20,40,18,,,,
2017-10-12,00:21,0,on/off,on/off,0,20.6,68.8,on,48,20,40,18,,,,
2017-10-12,00:21,0,on/off,on/off,0,20.6,68.8,on,48,21,39,18,,,,
2017-10-12,00:21,0,on/off,on/off,0,20.6,68.8,on,48,20,39,18,,,,
2017-10-12,00:21,0,on/off,on/off,0,20.6,68.8,on,48,20,39,18,,,,
2017-10-12,00:21,0,on/off,on/off,0,20.6,68.8,on,48,20,39,18,,,,
2017-10-12,00:21,0,on/off,on/off,0,20.6,68.8,on,48,20,39,18,,,,
2017-10-12,00:21,5,on/off,on/off,0,20.6,68.8,on,48,20,40,18,,,,
2017-10-12,00:21,0,on/off,on/off,0,20.6,68.9,on,48,20,40,18,,,,
2017-10-12,00:21,0,on/off,on/off,0,20.6,68.9,on,48,21,39,18,,,,
2017-10-12,00:21,0,on/off,on/off,0,20.6,68.9,on,48,21,39,18,,,,
2017-10-12,00:21,0,on/off,on/off,0,20.6,68.9,on,48,20,39,18,,,,
2017-10-12,00:22,0,on/off,on/off,0,20.6,68.9,on,48,20,39,18,,,,
2017-10-12,00:22,0,on/off,on/off,0,20.6,68.9,on,48,20,39,18,,,,
2017-10-12,00:22,0,on/off,on/off,0,20.6,68.9,on,48,20,40,18,,,,
2017-10-12,00:22,1,on/off,on/off,0,20.6,68.9,on,48,20,39,18,,,,
2017-10-12,00:22,0,on/off,on/off,0,20.6,69.2,on,48,21,40,18,,,,
2017-10-12,00:22,0,on/off,on/off,0,20.6,69.2,on,48,21,40,18,,,,
2017-10-12,00:22,2,on/off,on/off,1,20.6,69.2,on,48,21,40,18,,,,
2017-10-12,00:22,0,on/off,on/off,0,20.6,69.2,on,48,20,39,18,,,,
2017-10-12,00:22,5,on/off,on/off,0,20.6,69.0,on,48,20,40,18,,,,
2017-10-12,00:22,0,on/off,on/off,0,20.6,69.0,on,48,21,39,18,,,,
2017-10-12,00:22,0,on/off,on/off,0,20.6,69.0,on,48,20,39,18,,,,
2017-10-12,00:22,0,on/off,on/off,0,20.6,69.0,on,48,20,40,18,,,,
2017-10-12,00:22,3,on/off,on/off,0,20.6,69.2,on,48,20,39,18,,,,
2017-10-12,00:22,0,on/off,on/off,0,20.6,69.2,on,48,20,39,18,,,,
2017-10-12,00:22,0,on/off,on/off,0,20.6,69.2,on,48,20,39,18,,,,
2017-10-12,00:22,0,on/off,on/off,0,20.6,69.2,on,48,20,40,18,,,,
2017-10-12,00:22,0,on/off,on/off,0,20.6,69.3,on,48,20,39,18,,,,
2017-10-12,00:22,0,on/off,on/off,0,20.6,69.3,on,48,20,39,18,,,,
2017-10-12,00:22,0,on/off,on/off,0,20.6,69.3,on,48,20,39,18,,,,
2017-10-12,00:22,0,on/off,on/off,0,20.6,69.3,on,48,20,39,19,,,,
2017-10-12,00:23,0,on/off,on/off,0,20.5,69.2,on,48,21,40,18,,,,
2017-10-12,00:23,0,on/off,on/off,0,20.5,69.2,on,48,20,39,18,,,,
2017-10-12,00:23,0,on/off,on/off,0,20.5,69.2,on,48,21,39,18,,,,
2017-10-12,00:23,0,on/off,on/off,0,20.5,69.2,on,48,20,39,18,,,,
2017-10-12,00:23,0,on/off,on/off,0,20.6,69.0,on,48,20,39,18,,,,
2017-10-12,00:23,0,on/off,on/off,0,20.6,69.0,on,48,20,40,18,,,,
2017-10-12,00:23,4,on/off,on/off,0,20.6,69.0,on,48,21,40,18,,,,
2017-10-12,00:23,0,on/off,on/off,0,20.6,69.0,on,48,20,39,18,,,,
2017-10-12,00:23,0,on/off,on/off,0,20.6,69.1,on,48,20,39,18,,,,
2017-10-12,00:23,0,on/off,on/off,0,20.6,69.1,on,48,20,39,18,,,,
2017-10-12,00:23,2,on/off,on/off,0,20.6,69.1,on,48,20,39,18,,,,
2017-10-12,00:23,3,on/off,on/off,0,20.6,69.1,on,48,20,40,18,,,,
2017-10-12,00:23,5,on/off,on/off,0,20.5,69.1,on,48,21,39,18,,,,
2017-10-12,00:23,0,on/off,on/off,0,20.5,69.1,on,48,20,39,18,,,,
2017-10-12,00:23,4,on/off,on/off,0,20.5,69.1,on,48,20,39,18,,,,
2017-10-12,00:23,0,on/off,on/off,0,20.5,69.1,on,48,20,39,18,,,,
2017-10-12,00:23,1,on/off,on/off,0,20.6,68.9,on,48,20,39,18,,,,
2017-10-12,00:23,0,on/off,on/off,0,20.6,68.9,on,48,20,39,18,,,,
2017-10-12,00:23,0,on/off,on/off,0,20.6,68.9,on,48,20,39,18,,,,
2017-10-12,00:23,0,on/off,on/off,0,20.6,68.9,on,48,20,40,18,,,,
2017-10-12,00:23,0,on/off,on/off,0,20.5,69.0,on,48,20,39,18,,,,
2017-10-12,00:23,0,on/off,on/off,0,20.5,69.0,on,48,20,40,18,,,,
2017-10-12,00:23,0,on/off,on/off,0,20.5,69.0,on,48,20,39,18,,,,
2017-10-12,00:23,0,on/off,on/off,0,20.5,69.0,on,48,20,39,18,,,,
2017-10-12,00:24,0,on/off,on/off,0,20.5,69.2,on,48,20,39,18,,,,
2017-10-12,00:24,0,on/off,on/off,0,20.5,69.2,on,48,20,39,18,,,,
2017-10-12,00:24,0,on/off,on/off,0,20.5,69.2,on,48,20,39,18,,,,
2017-10-12,00:24,3,on/off,on/off,0,20.5,69.2,on,48,20,39,18,,,,
2017-10-12,00:24,0,on/off,on/off,0,20.5,69.2,on,48,20,39,18,,,,
2017-10-12,00:24,0,on/off,on/off,0,20.5,69.2,on,48,20,39,18,,,,
2017-10-12,00:24,0,on/off,on/off,0,20.5,69.2,on,48,20,39,18,,,,
2017-10-12,00:24,0,on/off,on/off,0,20.5,69.2,on,48,21,39,18,,,,
2017-10-12,00:24,0,on/off,on/off,0,20.5,69.1,on,48,20,39,18,,,,
2017-10-12,00:24,0,on/off,on/off,0,20.5,69.1,on,48,21,39,18,,,,
2017-10-12,00:24,0,on/off,on/off,0,20.5,69.1,on,48,20,39,18,,,,
2017-10-12,00:24,0,on/off,on/off,0,20.5,69.1,on,48,20,40,18,,,,
2017-10-12,00:24,0,on/off,on/off,0,20.5,69.2,on,48,20,39,18,,,,
2017-10-12,00:24,0,on/off,on/off,0,20.5,69.2,on,48,20,39,18,,,,
2017-10-12,00:24,0,on/off,on/off,0,20.5,69.2,on,48,20,39,18,,,,
2017-10-12,00:24,0,on/off,on/off,0,20.5,69.2,on,48,20,39,18,,,,
2017-10-12,00:24,1,on/off,on/off,0,20.5,69.2,on,48,20,39,18,,,,
2017-10-12,00:24,0,on/off,on/off,0,20.5,69.2,on,48,20,39,18,,,,
2017-10-12,00:24,0,on/off,on/off,0,20.5,69.2,on,48,20,39,18,,,,
2017-10-12,00:24,0,on/off,on/off,0,20.5,69.2,on,48,20,40,18,,,,
2017-10-12,00:25,0,on/off,on/off,0,20.5,69.2,on,48,20,39,18,,,,
2017-10-12,00:25,0,on/off,on/off,0,20.5,69.2,on,48,20,39,18,,,,
2017-10-12,00:25,0,on/off,on/off,0,20.5,69.2,on,48,20,39,18,,,,
2017-10-12,00:25,0,on/off,on/off,0,20.5,69.2,on,48,20,39,18,,,,
2017-10-12,00:25,0,on/off,on/off,0,20.5,69.2,on,48,20,39,18,,,,
2017-10-12,00:25,0,on/off,on/off,0,20.5,69.2,on,48,20,39,18,,,,
2017-10-12,00:25,0,on/off,on/off,0,20.5,69.2,on,48,20,39,18,,,,
2017-10-12,00:25,0,on/off,on/off,0,20.5,69.2,on,48,20,39,18,,,,
2017-10-12,00:25,0,on/off,on/off,0,20.5,69.1,on,48,20,39,18,,,,
2017-10-12,00:25,0,on/off,on/off,0,20.5,69.1,on,48,20,39,18,,,,
2017-10-12,00:25,0,on/off,on/off,0,20.5,69.1,on,48,20,39,18,,,,
2017-10-12,00:25,0,on/off,on/off,0,20.5,69.1,on,48,20,40,18,,,,
2017-10-12,00:25,0,on/off,on/off,0,20.5,69.0,on,48,20,39,18,,,,
2017-10-12,00:25,0,on/off,on/off,0,20.5,69.0,on,48,20,39,18,,,,
2017-10-12,00:25,0,on/off,on/off,0,20.5,69.0,on,48,20,39,18,,,,
2017-10-12,00:25,0,on/off,on/off,0,20.5,69.0,on,47,20,40,18,,,,
2017-10-12,00:25,0,on/off,on/off,0,20.5,69.1,on,48,20,39,18,,,,
2017-10-12,00:25,0,on/off,on/off,0,20.5,69.1,on,48,20,39,18,,,,
2017-10-12,00:25,1,on/off,on/off,0,20.5,69.1,on,48,21,39,18,,,,
2017-10-12,00:25,0,on/off,on/off,0,20.5,69.1,on,48,20,40,18,,,,
2017-10-12,00:25,0,on/off,on/off,0,20.5,69.1,on,48,20,39,18,,,,
2017-10-12,00:25,0,on/off,on/off,0,20.5,69.1,on,48,21,40,18,,,,
2017-10-12,00:25,0,on/off,on/off,0,20.5,69.1,on,48,20,39,18,,,,
2017-10-12,00:25,0,on/off,on/off,0,20.5,69.1,on,48,20,39,18,,,,
2017-10-12,00:26,0,on/off,on/off,0,20.5,69.2,on,48,20,39,18,,,,
2017-10-12,00:26,0,on/off,on/off,0,20.5,69.2,on,48,20,39,18,,,,
2017-10-12,00:26,0,on/off,on/off,0,20.5,69.2,on,48,20,39,18,,,,
2017-10-12,00:26,6,on/off,on/off,0,20.5,69.2,on,48,20,39,18,,,,
2017-10-12,00:26,0,on/off,on/off,0,20.5,69.0,on,48,20,39,18,,,,
2017-10-12,00:26,0,on/off,on/off,0,20.5,69.0,on,48,20,39,18,,,,
2017-10-12,00:26,1,on/off,on/off,0,20.5,69.0,on,48,20,40,18,,,,
2017-10-12,00:26,0,on/off,on/off,0,20.5,69.0,on,48,21,39,18,,,,
2017-10-12,00:26,0,on/off,on/off,0,20.5,69.2,on,48,20,39,18,,,,
2017-10-12,00:26,0,on/off,on/off,0,20.5,69.2,on,48,20,39,18,,,,
2017-10-12,00:26,0,on/off,on/off,0,20.5,69.2,on,48,20,39,18,,,,
2017-10-12,00:26,0,on/off,on/off,0,20.5,69.2,on,48,20,39,18,,,,
2017-10-12,00:26,0,on/off,on/off,0,20.5,69.0,on,48,20,39,18,,,,
2017-10-12,00:26,0,on/off,on/off,0,20.5,69.0,on,48,20,39,18,,,,
2017-10-12,00:26,0,on/off,on/off,0,20.5,69.0,on,48,20,40,18,,,,
2017-10-12,00:26,0,on/off,on/off,0,20.5,69.0,on,48,21,39,18,,,,
2017-10-12,00:26,0,on/off,on/off,0,20.5,68.9,on,48,20,39,18,,,,
2017-10-12,00:26,0,on/off,on/off,0,20.5,68.9,on,48,20,39,18,,,,
2017-10-12,00:26,0,on/off,on/off,0,20.5,68.9,on,48,20,39,18,,,,
2017-10-12,00:26,0,on/off,on/off,0,20.5,68.9,on,48,20,39,18,,,,
2017-10-12,00:26,0,on/off,on/off,0,20.5,69.0,on,48,20,39,18,,,,
2017-10-12,00:26,3,on/off,on/off,0,20.5,69.0,on,48,20,39,18,,,,
2017-10-12,00:26,0,on/off,on/off,0,20.5,69.0,on,48,21,39,18,,,,
2017-10-12,00:26,0,on/off,on/off,0,20.5,69.0,on,48,20,39,18,,,,
2017-10-12,00:27,0,on/off,on/off,0,20.5,69.2,on,48,20,39,18,,,,
2017-10-12,00:27,0,on/off,on/off,0,20.5,69.2,on,48,20,39,18,,,,
2017-10-12,00:27,0,on/off,on/off,0,20.5,69.2,on,48,20,39,18,,,,
2017-10-12,00:27,0,on/off,on/off,0,20.5,69.2,on,48,20,40,18,,,,
2017-10-12,00:27,0,on/off,on/off,0,20.5,69.2,on,48,21,39,18,,,,
2017-10-12,00:27,0,on/off,on/off,0,20.5,69.2,on,48,20,39,18,,,,
2017-10-12,00:27,0,on/off,on/off,0,20.5,69.2,on,48,20,39,18,,,,
2017-10-12,00:27,0,on/off,on/off,0,20.5,69.2,on,48,20,39,18,,,,
2017-10-12,00:27,0,on/off,on/off,0,20.5,69.2,on,48,20,39,18,,,,
2017-10-12,00:27,0,on/off,on/off,0,20.5,69.2,on,48,20,39,18,,,,
2017-10-12,00:27,0,on/off,on/off,0,20.5,69.2,on,48,20,39,18,,,,
2017-10-12,00:27,0,on/off,on/off,0,20.5,69.2,on,47,20,39,18,,,,
2017-10-12,00:27,0,on/off,on/off,0,20.5,69.2,on,48,20,39,18,,,,
2017-10-12,00:27,0,on/off,on/off,0,20.5,69.2,on,48,20,39,18,,,,
2017-10-12,00:27,0,on/off,on/off,0,20.5,69.2,on,48,20,39,18,,,,
2017-10-12,00:27,0,on/off,on/off,0,20.5,69.2,on,48,21,39,18,,,,
2017-10-12,00:27,0,on/off,on/off,0,20.5,69.2,on,48,20,39,18,,,,
2017-10-12,00:27,0,on/off,on/off,0,20.5,69.2,on,48,20,39,18,,,,
2017-10-12,00:27,0,on/off,on/off,0,20.5,69.2,on,48,20,39,18,,,,
2017-10-12,00:27,3,on/off,on/off,0,20.5,69.2,on,48,20,39,18,,,,
2017-10-12,00:28,0,on/off,on/off,0,20.5,69.1,on,48,21,39,18,,,,
2017-10-12,00:28,1,on/off,on/off,0,20.5,69.1,on,48,20,39,18,,,,
2017-10-12,00:28,0,on/off,on/off,0,20.5,69.1,on,48,20,39,18,,,,
2017-10-12,00:28,0,on/off,on/off,0,20.5,69.1,on,48,20,39,18,,,,
2017-10-12,00:28,0,on/off,on/off,0,20.5,69.0,on,48,20,39,18,,,,
2017-10-12,00:28,1,on/off,on/off,0,20.5,69.0,on,48,20,39,18,,,,
2017-10-12,00:28,0,on/off,on/off,0,20.5,69.0,on,48,20,39,18,,,,
2017-10-12,00:28,1,on/off,on/off,0,20.5,69.0,on,48,20,39,18,,,,
2017-10-12,00:28,0,on/off,on/off,0,20.5,68.9,on,48,20,39,18,,,,
2017-10-12,00:28,0,on/off,on/off,0,20.5,68.9,on,48,20,39,18,,,,
2017-10-12,00:28,0,on/off,on/off,0,20.5,68.9,on,48,20,40,18,,,,
2017-10-12,00:28,0,on/off,on/off,0,20.5,68.9,on,48,20,39,18,,,,
2017-10-12,00:28,0,on/off,on/off,0,20.5,68.9,on,48,20,39,18,,,,
2017-10-12,00:28,0,on/off,on/off,0,20.5,68.9,on,48,20,39,18,,,,
2017-10-12,00:28,0,on/off,on/off,0,20.5,68.9,on,48,20,39,19,,,,
2017-10-12,00:28,0,on/off,on/off,0,20.5,68.9,on,48,20,40,18,,,,
2017-10-12,00:28,0,on/off,on/off,0,20.5,69.0,on,48,21,39,18,,,,
2017-10-12,00:28,0,on/off,on/off,0,20.5,69.0,on,48,20,40,18,,,,
2017-10-12,00:28,0,on/off,on/off,0,20.5,69.0,on,48,20,40,18,,,,
2017-10-12,00:28,0,on/off,on/off,0,20.5,69.0,on,48,20,39,18,,,,
2017-10-12,00:28,0,on/off,on/off,0,20.5,69.0,on,48,20,39,18,,,,
2017-10-12,00:28,0,on/off,on/off,0,20.5,69.0,on,48,20,39,18,,,,
2017-10-12,00:28,0,on/off,on/off,0,20.5,69.0,on,48,20,40,18,,,,
2017-10-12,00:28,0,on/off,on/off,0,20.5,69.0,on,48,20,39,18,,,,
2017-10-12,00:29,2,on/off,on/off,0,20.5,69.0,on,48,20,40,19,,,,
2017-10-12,00:29,6,on/off,on/off,0,20.5,69.0,on,48,20,39,18,,,,
2017-10-12,00:29,0,on/off,on/off,0,20.5,69.0,on,48,21,39,18,,,,
2017-10-12,00:29,0,on/off,on/off,0,20.5,69.0,on,48,20,39,18,,,,
2017-10-12,00:29,0,on/off,on/off,0,20.5,69.1,on,48,20,39,18,,,,
2017-10-12,00:29,0,on/off,on/off,0,20.5,69.1,on,48,20,39,18,,,,
2017-10-12,00:29,0,on/off,on/off,0,20.5,69.1,on,48,20,39,18,,,,
2017-10-12,00:29,0,on/off,on/off,0,20.5,69.1,on,48,20,39,18,,,,
2017-10-12,00:29,0,on/off,on/off,0,20.6,69.1,on,48,20,39,18,,,,
2017-10-12,00:29,0,on/off,on/off,0,20.6,69.1,on,48,21,39,18,,,,
2017-10-12,00:29,0,on/off,on/off,0,20.6,69.1,on,48,20,39,18,,,,
2017-10-12,00:29,3,on/off,on/off,0,20.6,69.1,on,48,20,39,18,,,,
2017-10-12,00:29,0,on/off,on/off,0,20.5,68.9,on,48,20,39,18,,,,
2017-10-12,00:29,0,on/off,on/off,0,20.5,68.9,on,48,20,40,18,,,,
2017-10-12,00:29,0,on/off,on/off,0,20.5,68.9,on,48,20,39,18,,,,
2017-10-12,00:29,0,on/off,on/off,0,20.5,68.9,on,48,20,39,18,,,,
2017-10-12,00:29,0,on/off,on/off,0,20.5,68.9,on,48,20,39,18,,,,
2017-10-12,00:29,3,on/off,on/off,0,20.5,68.9,on,48,20,39,18,,,,
2017-10-12,00:29,0,on/off,on/off,0,20.5,68.9,on,48,21,39,18,,,,
2017-10-12,00:29,0,on/off,on/off,0,20.5,68.9,on,48,20,39,18,,,,
2017-10-12,00:30,3,on/off,on/off,0,20.5,68.9,on,48,20,39,18,,,,
2017-10-12,00:30,0,on/off,on/off,0,20.5,68.9,on,48,20,39,18,,,,
2017-10-12,00:30,0,on/off,on/off,0,20.5,68.9,on,48,20,39,18,,,,
2017-10-12,00:30,0,on/off,on/off,0,20.5,68.9,on,48,20,39,18,,,,
2017-10-12,00:30,0,on/off,on/off,0,20.5,68.9,on,48,20,39,18,,,,
2017-10-12,00:30,0,on/off,on/off,0,20.5,68.9,on,48,20,40,18,,,,
2017-10-12,00:30,0,on/off,on/off,0,20.5,68.9,on,48,21,39,18,,,,
2017-10-12,00:30,2,on/off,on/off,0,20.5,68.9,on,48,20,39,18,,,,
2017-10-12,00:30,0,on/off,on/off,0,20.6,68.8,on,48,20,39,18,,,,
2017-10-12,00:30,5,on/off,on/off,0,20.6,68.8,on,48,20,39,18,,,,
2017-10-12,00:30,0,on/off,on/off,0,20.6,68.8,on,48,20,39,18,,,,
2017-10-12,00:30,0,on/off,on/off,0,20.6,68.8,on,48,20,39,18,,,,
2017-10-12,00:30,0,on/off,on/off,0,20.5,68.9,on,48,20,39,18,,,,
2017-10-12,00:30,0,on/off,on/off,0,20.5,68.9,on,48,20,39,18,,,,
2017-10-12,00:30,0,on/off,on/off,0,20.5,68.9,on,48,20,39,18,,,,
2017-10-12,00:30,0,on/off,on/off,0,20.5,68.9,on,48,20,39,18,,,,
2017-10-12,00:30,3,on/off,on/off,0,20.6,68.8,on,48,20,39,18,,,,
2017-10-12,00:30,1,on/off,on/off,0,20.6,68.8,on,48,20,39,18,,,,
2017-10-12,00:30,0,on/off,on/off,0,20.6,68.8,on,48,20,39,18,,,,
2017-10-12,00:30,0,on/off,on/off,0,20.6,68.8,on,48,20,40,18,,,,
2017-10-12,00:30,0,on/off,on/off,0,20.5,68.7,on,48,20,39,18,,,,
2017-10-12,00:30,0,on/off,on/off,0,20.5,68.7,on,48,20,39,18,,,,
2017-10-12,00:30,0,on/off,on/off,1,20.5,68.7,on,48,21,39,18,,,,
2017-10-12,00:30,3,on/off,on/off,0,20.5,68.7,on,48,20,39,18,,,,
2017-10-12,00:31,0,on/off,on/off,0,20.5,68.9,on,48,20,39,18,,,,
2017-10-12,00:31,1,on/off,on/off,0,20.5,68.9,on,48,20,39,18,,,,
2017-10-12,00:31,5,on/off,on/off,0,20.5,68.9,on,48,20,39,18,,,,
2017-10-12,00:31,0,on/off,on/off,0,20.5,68.9,on,48,20,39,18,,,,
2017-10-12,00:31,0,on/off,on/off,0,20.5,68.8,on,48,20,39,18,,,,
2017-10-12,00:31,0,on/off,on/off,0,20.5,68.8,on,48,20,39,18,,,,
2017-10-12,00:31,2,on/off,on/off,0,20.5,68.8,on,48,20,39,18,,,,
2017-10-12,00:31,0,on/off,on/off,0,20.5,68.8,on,48,20,39,18,,,,
2017-10-12,00:31,0,on/off,on/off,0,20.5,68.9,on,48,21,39,18,,,,
2017-10-12,00:31,0,on/off,on/off,0,20.5,68.9,on,48,20,39,18,,,,
2017-10-12,00:31,0,on/off,on/off,0,20.5,68.9,on,48,20,39,18,,,,
2017-10-12,00:31,0,on/off,on/off,0,20.5,68.9,on,48,20,39,18,,,,
2017-10-12,00:31,0,on/off,on/off,0,20.5,68.9,on,48,20,39,18,,,,
2017-10-12,00:31,0,on/off,on/off,0,20.5,68.9,on,48,20,39,18,,,,
2017-10-12,00:31,0,on/off,on/off,0,20.5,68.9,on,48,20,39,18,,,,
2017-10-12,00:31,0,on/off,on/off,0,20.5,68.9,on,48,20,39,18,,,,
2017-10-12,00:31,0,on/off,on/off,0,20.5,68.8,on,48,20,39,18,,,,
2017-10-12,00:31,0,on/off,on/off,0,20.5,68.8,on,48,20,39,18,,,,
2017-10-12,00:31,0,on/off,on/off,0,20.5,68.8,on,48,20,39,18,,,,
2017-10-12,00:31,0,on/off,on/off,0,20.5,68.8,on,48,20,39,18,,,,
2017-10-12,00:32,0,on/off,on/off,0,20.5,68.9,on,48,20,39,18,,,,
2017-10-12,00:32,0,on/off,on/off,0,20.5,68.9,on,48,20,39,18,,,,
2017-10-12,00:32,0,on/off,on/off,0,20.5,68.9,on,48,20,39,18,,,,
2017-10-12,00:32,0,on/off,on/off,0,20.5,68.9,on,48,20,39,18,,,,
2017-10-12,00:32,0,on/off,on/off,0,20.5,68.9,on,48,21,39,18,,,,
2017-10-12,00:32,0,on/off,on/off,0,20.5,68.9,on,48,20,39,18,,,,
2017-10-12,00:32,0,on/off,on/off,0,20.5,68.9,on,48,20,39,18,,,,
2017-10-12,00:32,0,on/off,on/off,0,20.5,68.9,on,48,20,40,18,,,,
2017-10-12,00:32,2,on/off,on/off,0,20.5,68.9,on,48,20,39,18,,,,
2017-10-12,00:32,1,on/off,on/off,0,20.5,68.9,on,48,20,39,18,,,,
2017-10-12,00:32,0,on/off,on/off,0,20.5,68.9,on,48,21,39,18,,,,
2017-10-12,00:32,0,on/off,on/off,0,20.5,68.9,on,48,20,39,18,,,,
2017-10-12,00:32,0,on/off,on/off,0,20.5,68.9,on,48,20,39,18,,,,
2017-10-12,00:32,0,on/off,on/off,0,20.5,68.9,on,48,20,39,18,,,,
2017-10-12,00:32,0,on/off,on/off,0,20.5,68.9,on,48,20,39,18,,,,
2017-10-12,00:32,0,on/off,on/off,0,20.5,68.9,on,48,20,39,18,,,,
2017-10-12,00:32,0,on/off,on/off,0,20.5,69.8,on,47,20,39,18,,,,
2017-10-12,00:32,0,on/off,on/off,0,20.5,69.8,on,48,20,39,18,,,,
2017-10-12,00:32,0,on/off,on/off,0,20.5,69.8,on,48,20,39,18,,,,
2017-10-12,00:32,0,on/off,on/off,0,20.5,69.8,on,48,21,39,18,,,,
2017-10-12,00:32,1,on/off,on/off,0,20.5,69.6,on,48,20,39,18,,,,
2017-10-12,00:32,0,on/off,on/off,1,20.5,69.6,on,48,21,39,18,,,,
2017-10-12,00:32,0,on/off,on/off,0,20.5,69.6,on,48,20,39,18,,,,
2017-10-12,00:32,0,on/off,on/off,0,20.5,69.6,on,48,20,40,18,,,,
2017-10-12,00:33,0,on/off,on/off,0,20.5,69.1,on,48,21,39,18,,,,
2017-10-12,00:33,0,on/off,on/off,0,20.5,69.1,on,48,20,39,18,,,,
2017-10-12,00:33,0,on/off,on/off,0,20.5,69.1,on,48,20,39,18,,,,
2017-10-12,00:33,0,on/off,on/off,0,20.5,69.1,on,48,20,39,18,,,,
2017-10-12,00:33,0,on/off,on/off,0,20.5,69.1,on,48,20,39,18,,,,
2017-10-12,00:33,0,on/off,on/off,0,20.5,69.1,on,48,20,39,18,,,,
2017-10-12,00:33,0,on/off,on/off,0,20.5,69.1,on,48,20,39,18,,,,
2017-10-12,00:33,0,on/off,on/off,0,20.5,69.1,on,48,20,39,18,,,,
2017-10-12,00:33,2,on/off,on/off,0,20.5,69.2,on,48,20,39,18,,,,
2017-10-12,00:33,0,on/off,on/off,0,20.5,69.2,on,48,20,39,18,,,,
2017-10-12,00:33,0,on/off,on/off,0,20.5,69.2,on,48,20,39,18,,,,
2017-10-12,00:33,0,on/off,on/off,0,20.5,69.2,on,48,20,39,18,,,,
2017-10-12,00:33,0,on/off,on/off,0,20.5,69.1,on,48,20,39,18,,,,
2017-10-12,00:33,3,on/off,on/off,0,20.5,69.1,on,48,20,39,18,,,,
2017-10-12,00:33,0,on/off,on/off,0,20.5,69.1,on,48,20,39,18,,,,
2017-10-12,00:33,0,on/off,on/off,0,20.5,69.1,on,48,20,39,18,,,,
2017-10-12,00:33,0,on/off,on/off,0,20.5,69.1,on,48,20,39,18,,,,
2017-10-12,00:33,0,on/off,on/off,0,20.5,69.1,on,48,20,39,18,,,,
2017-10-12,00:33,0,on/off,on/off,0,20.5,69.1,on,48,20,39,18,,,,
2017-10-12,00:33,0,on/off,on/off,0,20.5,69.1,on,48,20,39,18,,,,
2017-10-12,00:34,0,on/off,on/off,0,20.5,69.1,on,48,20,39,18,,,,
2017-10-12,00:34,0,on/off,on/off,0,20.5,69.1,on,48,20,39,18,,,,
2017-10-12,00:34,2,on/off,on/off,0,20.5,69.1,on,48,20,39,18,,,,
2017-10-12,00:34,0,on/off,on/off,0,20.5,69.1,on,48,20,39,18,,,,
2017-10-12,00:34,0,on/off,on/off,0,20.5,69.0,on,48,20,39,18,,,,
2017-10-12,00:34,0,on/off,on/off,0,20.5,69.0,on,48,20,39,18,,,,
2017-10-12,00:34,0,on/off,on/off,0,20.5,69.0,on,48,20,39,18,,,,
2017-10-12,00:34,0,on/off,on/off,0,20.5,69.0,on,48,20,39,18,,,,
2017-10-12,00:34,1,on/off,on/off,0,20.5,69.1,on,48,20,39,18,,,,
2017-10-12,00:34,0,on/off,on/off,0,20.5,69.1,on,48,20,39,18,,,,
2017-10-12,00:34,0,on/off,on/off,0,20.5,69.1,on,48,20,39,18,,,,
2017-10-12,00:34,0,on/off,on/off,0,20.5,69.1,on,48,20,39,18,,,,
2017-10-12,00:34,0,on/off,on/off,0,20.5,69.0,on,48,20,39,18,,,,
2017-10-12,00:34,0,on/off,on/off,0,20.5,69.0,on,48,20,39,18,,,,
2017-10-12,00:34,0,on/off,on/off,0,20.5,69.0,on,48,20,39,18,,,,
2017-10-12,00:34,0,on/off,on/off,0,20.5,69.0,on,48,20,39,18,,,,
2017-10-12,00:34,0,on/off,on/off,0,20.5,69.0,on,48,20,39,18,,,,
2017-10-12,00:34,0,on/off,on/off,0,20.5,69.0,on,48,20,39,18,,,,
2017-10-12,00:34,0,on/off,on/off,0,20.5,69.0,on,48,20,39,18,,,,
2017-10-12,00:34,0,on/off,on/off,0,20.5,69.0,on,48,21,39,18,,,,
2017-10-12,00:34,0,on/off,on/off,0,20.5,69.1,on,48,20,39,18,,,,
2017-10-12,00:34,0,on/off,on/off,0,20.5,69.1,on,48,20,39,18,,,,
2017-10-12,00:34,0,on/off,on/off,0,20.5,69.1,on,48,20,39,18,,,,
2017-10-12,00:34,0,on/off,on/off,0,20.5,69.1,on,48,20,39,18,,,,
2017-10-12,00:35,1,on/off,on/off,0,20.5,69.1,on,48,20,39,18,,,,
2017-10-12,00:35,0,on/off,on/off,0,20.5,69.1,on,48,20,39,18,,,,
2017-10-12,00:35,0,on/off,on/off,0,20.5,69.1,on,48,20,39,18,,,,
2017-10-12,00:35,0,on/off,on/off,0,20.5,69.1,on,48,20,39,18,,,,
2017-10-12,00:35,0,on/off,on/off,0,20.5,69.3,on,48,20,39,18,,,,
2017-10-12,00:35,1,on/off,on/off,0,20.5,69.3,on,48,20,39,18,,,,
2017-10-12,00:35,4,on/off,on/off,0,20.5,69.3,on,48,21,39,18,,,,
2017-10-12,00:35,0,on/off,on/off,0,20.5,69.3,on,48,20,39,18,,,,
2017-10-12,00:35,0,on/off,on/off,0,20.5,69.2,on,48,20,39,18,,,,
2017-10-12,00:35,1,on/off,on/off,0,20.5,69.2,on,48,20,39,18,,,,
2017-10-12,00:35,0,on/off,on/off,0,20.5,69.2,on,48,20,39,18,,,,
2017-10-12,00:35,0,on/off,on/off,0,20.5,69.2,on,48,20,40,18,,,,
2017-10-12,00:35,0,on/off,on/off,0,20.5,69.0,on,48,20,39,18,,,,
2017-10-12,00:35,0,on/off,on/off,0,20.5,69.0,on,48,20,39,18,,,,
2017-10-12,00:35,0,on/off,on/off,0,20.5,69.0,on,48,20,39,18,,,,
2017-10-12,00:35,0,on/off,on/off,0,20.5,69.0,on,48,20,39,18,,,,
2017-10-12,00:35,0,on/off,on/off,0,20.5,69.0,on,48,20,39,18,,,,
2017-10-12,00:35,0,on/off,on/off,0,20.5,69.0,on,48,20,39,18,,,,
2017-10-12,00:35,0,on/off,on/off,0,20.5,69.0,on,48,20,40,18,,,,
2017-10-12,00:35,0,on/off,on/off,0,20.5,69.0,on,48,21,39,18,,,,
2017-10-12,00:36,0,on/off,on/off,0,20.5,69.0,on,48,20,39,18,,,,
2017-10-12,00:36,0,on/off,on/off,0,20.5,69.0,on,48,20,39,18,,,,
2017-10-12,00:36,0,on/off,on/off,0,20.5,69.0,on,48,20,39,18,,,,
2017-10-12,00:36,0,on/off,on/off,0,20.5,69.0,on,48,20,39,18,,,,
2017-10-12,00:36,1,on/off,on/off,0,20.5,69.1,on,48,20,39,18,,,,
2017-10-12,00:36,0,on/off,on/off,0,20.5,69.1,on,48,20,39,18,,,,
2017-10-12,00:36,0,on/off,on/off,0,20.5,69.1,on,48,21,39,18,,,,
2017-10-12,00:36,0,on/off,on/off,0,20.5,69.1,on,48,20,39,18,,,,
2017-10-12,00:36,0,on/off,on/off,0,20.5,69.2,on,48,20,39,18,,,,
2017-10-12,00:36,0,on/off,on/off,0,20.5,69.2,on,48,20,39,18,,,,
2017-10-12,00:36,0,on/off,on/off,0,20.5,69.2,on,48,20,39,18,,,,
2017-10-12,00:36,0,on/off,on/off,0,20.5,69.2,on,48,20,39,18,,,,
2017-10-12,00:36,0,on/off,on/off,0,20.5,69.3,on,48,20,39,18,,,,
2017-10-12,00:36,0,on/off,on/off,0,20.5,69.3,on,48,20,39,18,,,,
2017-10-12,00:36,0,on/off,on/off,0,20.5,69.3,on,48,21,39,18,,,,
2017-10-12,00:36,2,on/off,on/off,0,20.5,69.3,on,48,20,39,18,,,,
2017-10-12,00:36,0,on/off,on/off,0,20.5,69.2,on,48,20,39,18,,,,
2017-10-12,00:36,1,on/off,on/off,0,20.5,69.2,on,48,20,39,18,,,,
2017-10-12,00:36,1,on/off,on/off,0,20.5,69.2,on,48,20,39,18,,,,
2017-10-12,00:36,0,on/off,on/off,0,20.5,69.2,on,48,20,39,18,,,,
2017-10-12,00:36,0,on/off,on/off,0,20.5,69.2,on,48,20,39,18,,,,
2017-10-12,00:36,0,on/off,on/off,0,20.5,69.2,on,47,20,40,18,,,,
2017-10-12,00:36,0,on/off,on/off,0,20.5,69.2,on,48,20,39,18,,,,
2017-10-12,00:36,4,on/off,on/off,0,20.5,69.2,on,48,20,39,18,,,,
2017-10-12,00:37,0,on/off,on/off,0,20.5,69.3,on,48,20,39,18,,,,
2017-10-12,00:37,3,on/off,on/off,0,20.5,69.3,on,48,20,39,18,,,,
2017-10-12,00:37,3,on/off,on/off,0,20.5,69.3,on,48,20,39,18,,,,
2017-10-12,00:37,0,on/off,on/off,0,20.5,69.3,on,48,20,39,18,,,,
2017-10-12,00:37,0,on/off,on/off,0,20.4,69.3,on,48,20,40,18,,,,
2017-10-12,00:37,0,on/off,on/off,0,20.4,69.3,on,48,20,39,18,,,,
2017-10-12,00:37,0,on/off,on/off,0,20.4,69.3,on,48,20,39,18,,,,
2017-10-12,00:37,0,on/off,on/off,0,20.4,69.3,on,48,21,39,18,,,,
2017-10-12,00:37,0,on/off,on/off,0,20.5,69.3,on,48,20,39,18,,,,
2017-10-12,00:37,0,on/off,on/off,0,20.5,69.3,on,48,20,39,18,,,,
2017-10-12,00:37,0,on/off,on/off,0,20.5,69.3,on,48,20,39,18,,,,
2017-10-12,00:37,0,on/off,on/off,0,20.5,69.3,on,48,20,39,18,,,,
2017-10-12,00:37,0,on/off,on/off,0,20.5,69.4,on,48,20,39,18,,,,
2017-10-12,00:37,0,on/off,on/off,0,20.5,69.4,on,48,20,39,18,,,,
2017-10-12,00:37,0,on/off,on/off,0,20.5,69.4,on,48,20,39,18,,,,
2017-10-12,00:37,0,on/off,on/off,0,20.5,69.4,on,48,20,39,18,,,,
2017-10-12,00:37,0,on/off,on/off,0,20.5,69.2,on,48,20,39,18,,,,
2017-10-12,00:37,5,on/off,on/off,0,20.5,69.2,on,48,20,39,18,,,,
2017-10-12,00:37,0,on/off,on/off,0,20.5,69.2,on,48,20,39,18,,,,
2017-10-12,00:37,0,on/off,on/off,0,20.5,69.2,on,47,20,39,18,,,,
2017-10-12,00:38,0,on/off,on/off,0,20.5,69.1,on,48,20,39,19,,,,
2017-10-12,00:38,0,on/off,on/off,0,20.5,69.1,on,48,20,40,18,,,,
2017-10-12,00:38,0,on/off,on/off,0,20.5,69.1,on,48,20,39,18,,,,
2017-10-12,00:38,0,on/off,on/off,0,20.5,69.1,on,48,20,39,18,,,,
2017-10-12,00:38,0,on/off,on/off,0,20.5,69.1,on,48,20,39,18,,,,
2017-10-12,00:38,0,on/off,on/off,0,20.5,69.1,on,48,20,39,18,,,,
2017-10-12,00:38,5,on/off,on/off,0,20.5,69.1,on,48,20,39,18,,,,
2017-10-12,00:38,0,on/off,on/off,0,20.5,69.1,on,48,20,39,18,,,,
2017-10-12,00:38,0,on/off,on/off,0,20.5,69.1,on,48,20,39,18,,,,
2017-10-12,00:38,0,on/off,on/off,0,20.5,69.1,on,48,20,39,18,,,,
2017-10-12,00:38,6,on/off,on/off,0,20.5,69.1,on,48,20,39,18,,,,
2017-10-12,00:38,0,on/off,on/off,0,20.5,69.1,on,48,20,39,18,,,,
2017-10-12,00:38,0,on/off,on/off,0,20.5,69.1,on,48,20,39,18,,,,
2017-10-12,00:38,0,on/off,on/off,0,20.5,69.1,on,48,20,39,18,,,,
2017-10-12,00:38,0,on/off,on/off,0,20.5,69.1,on,48,20,39,18,,,,
2017-10-12,00:38,0,on/off,on/off,0,20.5,69.1,on,48,20,39,18,,,,
2017-10-12,00:38,0,on/off,on/off,0,20.5,69.1,on,48,20,39,18,,,,
2017-10-12,00:38,0,on/off,on/off,0,20.5,69.1,on,48,20,39,18,,,,
2017-10-12,00:38,5,on/off,on/off,0,20.5,69.1,on,48,20,39,18,,,,
2017-10-12,00:38,0,on/off,on/off,0,20.5,69.1,on,47,20,39,18,,,,
2017-10-12,00:38,0,on/off,on/off,0,20.5,69.2,on,48,21,39,18,,,,
2017-10-12,00:38,0,on/off,on/off,0,20.5,69.2,on,48,20,39,18,,,,
2017-10-12,00:38,1,on/off,on/off,0,20.5,69.2,on,48,20,39,18,,,,
2017-10-12,00:38,0,on/off,on/off,0,20.5,69.2,on,47,20,39,18,,,,
2017-10-12,00:39,0,on/off,on/off,0,20.5,69.3,on,48,20,39,18,,,,
2017-10-12,00:39,0,on/off,on/off,0,20.5,69.3,on,48,20,39,18,,,,
2017-10-12,00:39,0,on/off,on/off,0,20.5,69.3,on,48,20,39,18,,,,
2017-10-12,00:39,0,on/off,on/off,0,20.5,69.3,on,47,20,39,18,,,,
2017-10-12,00:39,0,on/off,on/off,0,20.5,69.1,on,48,20,39,18,,,,
2017-10-12,00:39,0,on/off,on/off,0,20.5,69.1,on,48,20,39,18,,,,
2017-10-12,00:39,0,on/off,on/off,0,20.5,69.1,on,48,20,39,18,,,,
2017-10-12,00:39,0,on/off,on/off,0,20.5,69.1,on,47,20,39,18,,,,
2017-10-12,00:39,0,on/off,on/off,0,20.5,69.1,on,47,21,39,18,,,,
2017-10-12,00:39,0,on/off,on/off,0,20.5,69.1,on,48,20,39,18,,,,
2017-10-12,00:39,0,on/off,on/off,0,20.5,69.1,on,47,20,39,18,,,,
2017-10-12,00:39,4,on/off,on/off,0,20.5,69.1,on,48,20,39,18,,,,
2017-10-12,00:39,3,on/off,on/off,0,20.5,69.1,on,48,20,39,18,,,,
2017-10-12,00:39,0,on/off,on/off,0,20.5,69.1,on,48,20,39,18,,,,
2017-10-12,00:39,0,on/off,on/off,0,20.5,69.1,on,48,20,40,18,,,,
2017-10-12,00:39,0,on/off,on/off,0,20.5,69.1,on,48,20,39,18,,,,
2017-10-12,00:39,0,on/off,on/off,0,20.5,69.1,on,48,20,39,18,,,,
2017-10-12,00:39,0,on/off,on/off,0,20.5,69.1,on,48,20,39,18,,,,
2017-10-12,00:39,0,on/off,on/off,0,20.5,69.1,on,48,20,39,18,,,,
2017-10-12,00:39,0,on/off,on/off,0,20.5,69.1,on,48,20,39,18,,,,
2017-10-12,00:39,0,on/off,on/off,1,20.5,69.1,on,48,20,39,18,,,,
2017-10-12,00:39,0,on/off,on/off,0,20.5,69.1,on,48,20,39,18,,,,
2017-10-12,00:39,0,on/off,on/off,0,20.5,69.1,on,48,20,39,18,,,,
2017-10-12,00:39,2,on/off,on/off,0,20.5,69.1,on,48,20,39,18,,,,
2017-10-12,00:40,0,on/off,on/off,0,20.5,69.1,on,48,20,39,18,,,,
2017-10-12,00:40,4,on/off,on/off,0,20.5,69.1,on,48,20,39,18,,,,
2017-10-12,00:40,0,on/off,on/off,0,20.5,69.1,on,48,20,39,18,,,,
2017-10-12,00:40,0,on/off,on/off,0,20.5,69.1,on,48,20,39,18,,,,
2017-10-12,00:40,0,on/off,on/off,0,20.5,69.1,on,48,20,39,18,,,,
2017-10-12,00:40,0,on/off,on/off,0,20.5,69.1,on,48,20,39,18,,,,
2017-10-12,00:40,0,on/off,on/off,0,20.5,69.1,on,48,20,39,18,,,,
2017-10-12,00:40,0,on/off,on/off,0,20.5,69.1,on,48,21,39,18,,,,
2017-10-12,00:40,4,on/off,on/off,0,20.4,69.1,on,48,20,39,18,,,,
2017-10-12,00:40,0,on/off,on/off,0,20.4,69.1,on,47,20,39,18,,,,
2017-10-12,00:40,0,on/off,on/off,0,20.4,69.1,on,48,20,39,18,,,,
2017-10-12,00:40,0,on/off,on/off,0,20.4,69.1,on,48,20,39,18,,,,
2017-10-12,00:40,0,on/off,on/off,0,20.4,69.1,on,48,20,39,18,,,,
2017-10-12,00:40,5,on/off,on/off,0,20.4,69.1,on,48,20,39,18,,,,
2017-10-12,00:40,2,on/off,on/off,0,20.4,69.1,on,48,20,39,18,,,,
2017-10-12,00:40,2,on/off,on/off,0,20.4,69.1,on,48,20,39,18,,,,
2017-10-12,00:40,0,on/off,on/off,0,20.4,69.3,on,48,20,39,18,,,,
2017-10-12,00:40,5,on/off,on/off,0,20.4,69.3,on,48,21,39,18,,,,
2017-10-12,00:40,1,on/off,on/off,0,20.4,69.3,on,48,20,39,18,,,,
2017-10-12,00:40,0,on/off,on/off,0,20.4,69.3,on,48,20,39,18,,,,
2017-10-12,00:41,0,on/off,on/off,0,20.4,69.2,on,48,20,39,18,,,,
2017-10-12,00:41,0,on/off,on/off,0,20.4,69.2,on,48,20,39,18,,,,
2017-10-12,00:41,1,on/off,on/off,0,20.4,69.2,on,48,20,39,18,,,,
2017-10-12,00:41,0,on/off,on/off,0,20.4,69.2,on,48,20,39,18,,,,
2017-10-12,00:41,0,on/off,on/off,0,20.4,69.3,on,48,20,39,18,,,,
2017-10-12,00:41,0,on/off,on/off,0,20.4,69.3,on,48,20,39,18,,,,
2017-10-12,00:41,0,on/off,on/off,0,20.4,69.3,on,48,20,39,18,,,,
2017-10-12,00:41,0,on/off,on/off,0,20.4,69.3,on,48,20,39,18,,,,
2017-10-12,00:41,0,on/off,on/off,0,20.4,69.2,on,48,21,39,18,,,,
2017-10-12,00:41,0,on/off,on/off,0,20.4,69.2,on,48,20,39,18,,,,
2017-10-12,00:41,4,on/off,on/off,0,20.4,69.2,on,48,20,39,18,,,,
2017-10-12,00:41,0,on/off,on/off,0,20.4,69.2,on,48,20,39,18,,,,
2017-10-12,00:41,0,on/off,on/off,0,20.4,69.2,on,48,20,39,18,,,,
2017-10-12,00:41,0,on/off,on/off,0,20.4,69.2,on,48,20,39,18,,,,
2017-10-12,00:41,0,on/off,on/off,0,20.4,69.2,on,48,20,39,18,,,,
2017-10-12,00:41,0,on/off,on/off,0,20.4,69.2,on,48,20,39,18,,,,
2017-10-12,00:41,0,on/off,on/off,0,20.5,69.3,on,48,20,39,18,,,,
2017-10-12,00:41,0,on/off,on/off,0,20.5,69.3,on,48,20,39,18,,,,
2017-10-12,00:41,0,on/off,on/off,0,20.5,69.3,on,48,21,39,18,,,,
2017-10-12,00:41,0,on/off,on/off,0,20.5,69.3,on,48,21,39,18,,,,
2017-10-12,00:41,0,on/off,on/off,0,20.4,69.1,on,48,20,39,18,,,,
2017-10-12,00:41,0,on/off,on/off,0,20.4,69.1,on,48,20,39,18,,,,
2017-10-12,00:41,0,on/off,on/off,0,20.4,69.1,on,48,20,39,18,,,,
2017-10-12,00:41,0,on/off,on/off,0,20.4,69.1,on,48,20,39,18,,,,
2017-10-12,00:42,0,on/off,on/off,0,20.4,69.4,on,48,20,39,18,,,,
2017-10-12,00:42,0,on/off,on/off,0,20.4,69.4,on,48,20,39,18,,,,
2017-10-12,00:42,0,on/off,on/off,0,20.4,69.4,on,48,20,39,18,,,,
2017-10-12,00:42,0,on/off,on/off,0,20.4,69.4,on,48,20,39,18,,,,
2017-10-12,00:42,0,on/off,on/off,0,20.4,69.4,on,48,20,39,18,,,,
2017-10-12,00:42,0,on/off,on/off,0,20.4,69.4,on,48,20,39,18,,,,
2017-10-12,00:42,0,on/off,on/off,0,20.4,69.4,on,48,20,39,18,,,,
2017-10-12,00:42,0,on/off,on/off,0,20.4,69.4,on,48,20,39,18,,,,
2017-10-12,00:42,0,on/off,on/off,0,20.4,69.2,on,47,20,40,18,,,,
2017-10-12,00:42,0,on/off,on/off,0,20.4,69.2,on,48,20,39,18,,,,
2017-10-12,00:42,2,on/off,on/off,0,20.4,69.2,on,48,20,39,18,,,,
2017-10-12,00:42,0,on/off,on/off,0,20.4,69.2,on,48,20,39,18,,,,
2017-10-12,00:42,0,on/off,on/off,0,20.4,69.2,on,47,20,39,18,,,,
2017-10-12,00:42,0,on/off,on/off,0,20.4,69.2,on,48,20,39,18,,,,
2017-10-12,00:42,2,on/off,on/off,0,20.4,69.2,on,48,20,39,18,,,,
2017-10-12,00:42,0,on/off,on/off,0,20.4,69.2,on,48,20,39,18,,,,
2017-10-12,00:42,0,on/off,on/off,0,20.4,69.3,on,48,20,39,18,,,,
2017-10-12,00:42,0,on/off,on/off,0,20.4,69.3,on,48,20,39,18,,,,
2017-10-12,00:42,0,on/off,on/off,0,20.4,69.3,on,47,20,39,18,,,,
2017-10-12,00:42,4,on/off,on/off,0,20.4,69.3,on,48,20,39,18,,,,
2017-10-12,00:43,0,on/off,on/off,0,20.4,70.0,on,48,20,39,18,,,,
2017-10-12,00:43,0,on/off,on/off,0,20.4,70.0,on,48,20,39,18,,,,
2017-10-12,00:43,0,on/off,on/off,0,20.4,70.0,on,47,20,39,18,,,,
2017-10-12,00:43,3,on/off,on/off,0,20.4,70.0,on,48,21,39,18,,,,
2017-10-12,00:43,0,on/off,on/off,0,20.4,70.7,on,47,20,39,18,,,,
2017-10-12,00:43,0,on/off,on/off,0,20.4,70.7,on,48,20,39,18,,,,
2017-10-12,00:43,0,on/off,on/off,0,20.4,70.7,on,48,20,39,18,,,,
2017-10-12,00:43,0,on/off,on/off,0,20.4,70.7,on,48,20,39,18,,,,
2017-10-12,00:43,0,on/off,on/off,0,20.4,69.7,on,48,20,39,18,,,,
2017-10-12,00:43,0,on/off,on/off,0,20.4,69.7,on,48,20,39,18,,,,
2017-10-12,00:43,2,on/off,on/off,0,20.4,69.7,on,48,20,39,18,,,,
2017-10-12,00:43,0,on/off,on/off,0,20.4,69.7,on,48,20,39,18,,,,
2017-10-12,00:43,1,on/off,on/off,0,20.4,69.6,on,48,20,39,18,,,,
2017-10-12,00:43,0,on/off,on/off,0,20.4,69.6,on,48,20,39,18,,,,
2017-10-12,00:43,4,on/off,on/off,0,20.4,69.6,on,48,20,39,18,,,,
2017-10-12,00:43,0,on/off,on/off,0,20.4,69.6,on,48,20,39,18,,,,
2017-10-12,00:43,0,on/off,on/off,0,20.4,69.8,on,48,20,39,18,,,,
2017-10-12,00:43,0,on/off,on/off,0,20.4,69.8,on,48,20,39,18,,,,
2017-10-12,00:43,0,on/off,on/off,0,20.4,69.8,on,48,20,39,18,,,,
2017-10-12,00:43,0,on/off,on/off,0,20.4,69.8,on,48,20,39,18,,,,
2017-10-12,00:43,0,on/off,on/off,0,20.4,70.4,on,48,20,40,18,,,,
2017-10-12,00:43,0,on/off,on/off,0,20.4,70.4,on,48,20,39,18,,,,
2017-10-12,00:43,0,on/off,on/off,0,20.4,70.4,on,48,20,39,18,,,,
2017-10-12,00:43,0,on/off,on/off,0,20.4,70.4,on,48,20,39,18,,,,
2017-10-12,00:44,0,on/off,on/off,0,20.4,70.3,on,48,20,39,18,,,,
2017-10-12,00:44,0,on/off,on/off,0,20.4,70.3,on,48,20,39,18,,,,
2017-10-12,00:44,0,on/off,on/off,0,20.4,70.3,on,47,20,39,18,,,,
2017-10-12,00:44,0,on/off,on/off,0,20.4,70.3,on,47,20,39,18,,,,
2017-10-12,00:44,0,on/off,on/off,0,20.4,71.2,on,48,21,39,18,,,,
2017-10-12,00:44,0,on/off,on/off,0,20.4,71.2,on,47,20,39,18,,,,
2017-10-12,00:44,0,on/off,on/off,0,20.4,71.2,on,48,20,39,19,,,,
2017-10-12,00:44,0,on/off,on/off,0,20.4,71.2,on,48,20,39,18,,,,
2017-10-12,00:44,0,on/off,on/off,0,20.4,71.1,on,48,21,39,18,,,,
2017-10-12,00:44,0,on/off,on/off,0,20.4,71.1,on,48,20,39,18,,,,
2017-10-12,00:44,0,on/off,on/off,0,20.4,71.1,on,48,20,39,18,,,,
2017-10-12,00:44,0,on/off,on/off,0,20.4,71.1,on,47,20,39,18,,,,
2017-10-12,00:44,0,on/off,on/off,0,20.4,71.1,on,47,21,39,18,,,,
2017-10-12,00:44,0,on/off,on/off,0,20.4,71.1,on,48,20,39,18,,,,
2017-10-12,00:44,0,on/off,on/off,0,20.4,71.1,on,48,20,39,18,,,,
2017-10-12,00:44,0,on/off,on/off,0,20.4,71.1,on,47,20,39,18,,,,
2017-10-12,00:44,0,on/off,on/off,0,20.4,71.7,on,48,21,39,18,,,,
2017-10-12,00:44,1,on/off,on/off,0,20.4,71.7,on,48,20,39,18,,,,
2017-10-12,00:44,0,on/off,on/off,0,20.4,71.7,on,48,20,39,18,,,,
2017-10-12,00:44,0,on/off,on/off,0,20.4,71.7,on,47,20,39,18,,,,
2017-10-12,00:45,0,on/off,on/off,0,20.4,71.0,on,47,20,39,18,,,,
2017-10-12,00:45,0,on/off,on/off,0,20.4,71.0,on,47,21,39,18,,,,
2017-10-12,00:45,0,on/off,on/off,0,20.4,71.0,on,48,20,39,18,,,,
2017-10-12,00:45,0,on/off,on/off,0,20.4,71.0,on,47,20,39,18,,,,
2017-10-12,00:45,0,on/off,on/off,0,20.4,70.6,on,48,20,39,18,,,,
2017-10-12,00:45,0,on/off,on/off,0,20.4,70.6,on,47,20,39,18,,,,
2017-10-12,00:45,0,on/off,on/off,0,20.4,70.6,on,47,20,39,18,,,,
2017-10-12,00:45,0,on/off,on/off,0,20.4,70.6,on,47,20,39,18,,,,
2017-10-12,00:45,0,on/off,on/off,0,20.4,70.4,on,48,20,39,18,,,,
2017-10-12,00:45,0,on/off,on/off,0,20.4,70.4,on,47,20,39,18,,,,
2017-10-12,00:45,0,on/off,on/off,0,20.4,70.4,on,48,20,39,18,,,,
2017-10-12,00:45,0,on/off,on/off,0,20.4,70.4,on,47,20,39,18,,,,
2017-10-12,00:45,0,on/off,on/off,0,20.3,70.1,on,48,20,39,18,,,,
2017-10-12,00:45,0,on/off,on/off,0,20.3,70.1,on,48,20,39,18,,,,
2017-10-12,00:45,5,on/off,on/off,0,20.3,70.1,on,48,20,39,18,,,,
2017-10-12,00:45,0,on/off,on/off,0,20.3,70.1,on,47,20,39,18,,,,
2017-10-12,00:45,0,on/off,on/off,0,20.4,70.4,on,47,20,39,18,,,,
2017-10-12,00:45,3,on/off,on/off,0,20.4,70.4,on,48,20,39,18,,,,
2017-10-12,00:45,0,on/off,on/off,0,20.4,70.4,on,47,20,39,18,,,,
2017-10-12,00:45,0,on/off,on/off,0,20.4,70.4,on,48,20,39,18,,,,
2017-10-12,00:45,0,on/off,on/off,0,20.4,71.2,on,48,20,39,18,,,,
2017-10-12,00:45,0,on/off,on/off,0,20.4,71.2,on,48,20,39,18,,,,
2017-10-12,00:45,0,on/off,on/off,0,20.4,71.2,on,48,20,39,18,,,,
2017-10-12,00:45,0,on/off,on/off,0,20.4,71.2,on,47,20,39,18,,,,
2017-10-12,00:46,0,on/off,on/off,0,20.3,70.8,on,48,20,39,18,,,,
2017-10-12,00:46,0,on/off,on/off,0,20.3,70.8,on,48,20,39,18,,,,
2017-10-12,00:46,0,on/off,on/off,0,20.3,70.8,on,48,21,39,18,,,,
2017-10-12,00:46,0,on/off,on/off,0,20.3,70.8,on,48,20,39,18,,,,
2017-10-12,00:46,1,on/off,on/off,0,20.3,70.6,on,48,20,39,18,,,,
2017-10-12,00:46,1,on/off,on/off,0,20.3,70.6,on,48,20,39,18,,,,
2017-10-12,00:46,0,on/off,on/off,0,20.3,70.6,on,48,20,39,18,,,,
2017-10-12,00:46,0,on/off,on/off,0,20.3,70.6,on,47,20,39,18,,,,
2017-10-12,00:46,0,on/off,on/off,0,20.3,70.3,on,47,21,39,18,,,,
2017-10-12,00:46,0,on/off,on/off,0,20.3,70.3,on,48,20,39,18,,,,
2017-10-12,00:46,0,on/off,on/off,0,20.3,70.3,on,48,20,39,18,,,,
2017-10-12,00:46,2,on/off,on/off,0,20.3,70.3,on,48,20,39,18,,,,
2017-10-12,00:46,0,on/off,on/off,0,20.3,70.3,on,48,20,39,18,,,,
2017-10-12,00:46,0,on/off,on/off,0,20.3,70.3,on,48,20,39,18,,,,
2017-10-12,00:46,0,on/off,on/off,0,20.3,70.3,on,48,20,39,18,,,,
2017-10-12,00:46,2,on/off,on/off,0,20.3,70.3,on,48,20,39,18,,,,
2017-10-12,00:46,0,on/off,on/off,0,20.3,70.2,on,48,20,39,18,,,,
2017-10-12,00:46,0,on/off,on/off,0,20.3,70.2,on,47,20,39,18,,,,
2017-10-12,00:46,0,on/off,on/off,0,20.3,70.2,on,47,20,39,18,,,,
2017-10-12,00:46,0,on/off,on/off,0,20.3,70.2,on,47,20,39,18,,,,
2017-10-12,00:47,0,on/off,on/off,0,20.4,70.1,on,48,20,39,18,,,,
2017-10-12,00:47,0,on/off,on/off,0,20.4,70.1,on,48,20,39,18,,,,
2017-10-12,00:47,0,on/off,on/off,0,20.4,70.1,on,48,20,39,18,,,,
2017-10-12,00:47,0,on/off,on/off,0,20.4,70.1,on,48,20,39,18,,,,
2017-10-12,00:47,0,on/off,on/off,0,20.4,69.9,on,48,21,39,18,,,,
2017-10-12,00:47,0,on/off,on/off,0,20.4,69.9,on,48,20,39,18,,,,
2017-10-12,00:47,0,on/off,on/off,0,20.4,69.9,on,48,20,39,18,,,,
2017-10-12,00:47,5,on/off,on/off,0,20.4,69.9,on,48,20,39,18,,,,
2017-10-12,00:47,0,on/off,on/off,0,20.4,69.7,on,47,20,39,18,,,,
2017-10-12,00:47,0,on/off,on/off,0,20.4,69.7,on,48,20,39,18,,,,
2017-10-12,00:47,0,on/off,on/off,0,20.4,69.7,on,48,20,39,18,,,,
2017-10-12,00:47,0,on/off,on/off,0,20.4,69.7,on,47,20,39,18,,,,
2017-10-12,00:47,2,on/off,on/off,0,20.4,69.8,on,48,20,39,18,,,,
2017-10-12,00:47,0,on/off,on/off,0,20.4,69.8,on,48,20,39,18,,,,
2017-10-12,00:47,5,on/off,on/off,0,20.4,69.8,on,48,21,39,18,,,,
2017-10-12,00:47,0,on/off,on/off,0,20.4,69.8,on,48,20,39,18,,,,
2017-10-12,00:47,0,on/off,on/off,0,20.4,69.6,on,48,20,39,18,,,,
2017-10-12,00:47,4,on/off,on/off,0,20.4,69.6,on,48,21,39,18,,,,
2017-10-12,00:47,0,on/off,on/off,0,20.4,69.6,on,48,20,39,18,,,,
2017-10-12,00:47,0,on/off,on/off,0,20.4,69.6,on,48,20,39,18,,,,
2017-10-12,00:47,0,on/off,on/off,0,20.4,69.7,on,47,20,39,18,,,,
2017-10-12,00:47,0,on/off,on/off,0,20.4,69.7,on,47,20,39,18,,,,
2017-10-12,00:47,3,on/off,on/off,0,20.4,69.7,on,48,21,39,18,,,,
2017-10-12,00:47,0,on/off,on/off,0,20.4,69.7,on,48,20,39,18,,,,
2017-10-12,00:48,3,on/off,on/off,0,20.4,69.7,on,48,21,39,18,,,,
2017-10-12,00:48,0,on/off,on/off,0,20.4,69.7,on,48,20,39,18,,,,
2017-10-12,00:48,0,on/off,on/off,0,20.4,69.7,on,48,20,39,18,,,,
2017-10-12,00:48,0,on/off,on/off,0,20.4,69.7,on,47,20,39,18,,,,
2017-10-12,00:48,0,on/off,on/off,0,20.4,69.6,on,48,20,39,18,,,,
2017-10-12,00:48,0,on/off,on/off,0,20.4,69.6,on,48,20,39,18,,,,
2017-10-12,00:48,2,on/off,on/off,0,20.4,69.6,on,48,21,39,18,,,,
2017-10-12,00:48,0,on/off,on/off,0,20.4,69.6,on,48,20,39,18,,,,
2017-10-12,00:48,0,on/off,on/off,0,20.4,69.7,on,48,21,39,18,,,,
2017-10-12,00:48,0,on/off,on/off,0,20.4,69.7,on,48,20,39,18,,,,
2017-10-12,00:48,0,on/off,on/off,0,20.4,69.7,on,48,20,39,18,,,,
2017-10-12,00:48,0,on/off,on/off,0,20.4,69.7,on,48,20,39,18,,,,
2017-10-12,00:48,0,on/off,on/off,0,20.4,69.8,on,48,20,39,18,,,,
2017-10-12,00:48,0,on/off,on/off,0,20.4,69.8,on,48,20,39,18,,,,
2017-10-12,00:48,0,on/off,on/off,0,20.4,69.8,on,48,20,39,18,,,,
2017-10-12,00:48,2,on/off,on/off,0,20.4,69.8,on,47,20,39,18,,,,
2017-10-12,00:48,0,on/off,on/off,0,20.4,69.7,on,48,20,39,18,,,,
2017-10-12,00:48,0,on/off,on/off,0,20.4,69.7,on,48,20,39,18,,,,
2017-10-12,00:48,0,on/off,on/off,0,20.4,69.7,on,48,20,39,18,,,,
2017-10-12,00:48,0,on/off,on/off,0,20.4,69.7,on,48,21,39,18,,,,
2017-10-12,00:49,1,on/off,on/off,0,20.4,69.7,on,48,20,39,18,,,,
2017-10-12,00:49,2,on/off,on/off,0,20.4,69.7,on,48,20,39,18,,,,
2017-10-12,00:49,0,on/off,on/off,0,20.4,69.7,on,48,20,39,18,,,,
2017-10-12,00:49,0,on/off,on/off,0,20.4,69.7,on,48,20,39,18,,,,
2017-10-12,00:49,0,on/off,on/off,0,20.4,69.6,on,48,20,39,18,,,,
2017-10-12,00:49,0,on/off,on/off,0,20.4,69.6,on,48,20,39,18,,,,
2017-10-12,00:49,0,on/off,on/off,0,20.4,69.6,on,48,20,39,18,,,,
2017-10-12,00:49,6,on/off,on/off,0,20.4,69.6,on,48,20,39,18,,,,
2017-10-12,00:49,5,on/off,on/off,0,20.4,69.5,on,48,21,39,18,,,,
2017-10-12,00:49,0,on/off,on/off,0,20.4,69.5,on,48,20,39,18,,,,
2017-10-12,00:49,0,on/off,on/off,0,20.4,69.5,on,48,20,39,18,,,,
2017-10-12,00:49,0,on/off,on/off,0,20.4,69.5,on,48,20,39,18,,,,
2017-10-12,00:49,0,on/off,on/off,0,20.4,69.5,on,48,20,39,18,,,,
2017-10-12,00:49,0,on/off,on/off,0,20.4,69.5,on,48,21,39,18,,,,
2017-10-12,00:49,0,on/off,on/off,0,20.4,69.5,on,48,20,39,18,,,,
2017-10-12,00:49,0,on/off,on/off,0,20.4,69.5,on,48,20,39,18,,,,
2017-10-12,00:49,0,on/off,on/off,0,20.4,69.6,on,48,20,39,18,,,,
2017-10-12,00:49,0,on/off,on/off,0,20.4,69.6,on,48,20,39,18,,,,
2017-10-12,00:49,0,on/off,on/off,0,20.4,69.6,on,48,20,39,18,,,,
2017-10-12,00:49,0,on/off,on/off,0,20.4,69.6,on,48,20,39,18,,,,
2017-10-12,00:49,0,on/off,on/off,0,20.4,69.6,on,48,20,39,18,,,,
2017-10-12,00:49,0,on/off,on/off,0,20.4,69.6,on,48,20,39,18,,,,
2017-10-12,00:49,0,on/off,on/off,0,20.4,69.6,on,48,20,39,18,,,,
2017-10-12,00:49,0,on/off,on/off,0,20.4,69.6,on,48,20,39,18,,,,
2017-10-12,00:50,0,on/off,on/off,0,20.4,69.4,on,48,20,39,18,,,,
2017-10-12,00:50,0,on/off,on/off,0,20.4,69.4,on,48,20,39,18,,,,
2017-10-12,00:50,0,on/off,on/off,0,20.4,69.4,on,48,20,39,18,,,,
2017-10-12,00:50,0,on/off,on/off,0,20.4,69.4,on,47,20,39,18,,,,
2017-10-12,00:50,0,on/off,on/off,0,20.4,69.5,on,48,20,39,18,,,,
2017-10-12,00:50,0,on/off,on/off,0,20.4,69.5,on,48,20,39,18,,,,
2017-10-12,00:50,0,on/off,on/off,0,20.4,69.5,on,48,20,39,18,,,,
2017-10-12,00:50,0,on/off,on/off,0,20.4,69.5,on,48,20,39,18,,,,
2017-10-12,00:50,0,on/off,on/off,0,20.4,69.4,on,47,20,39,18,,,,
2017-10-12,00:50,0,on/off,on/off,0,20.4,69.4,on,48,20,39,18,,,,
2017-10-12,00:50,0,on/off,on/off,0,20.4,69.4,on,48,20,39,18,,,,
2017-10-12,00:50,2,on/off,on/off,0,20.4,69.4,on,48,21,39,18,,,,
2017-10-12,00:50,0,on/off,on/off,0,20.4,69.4,on,48,20,39,18,,,,
2017-10-12,00:50,0,on/off,on/off,0,20.4,69.4,on,48,20,39,18,,,,
2017-10-12,00:50,0,on/off,on/off,1,20.4,69.4,on,48,20,39,18,,,,
2017-10-12,00:50,0,on/off,on/off,0,20.4,69.4,on,48,20,39,18,,,,
2017-10-12,00:50,0,on/off,on/off,0,20.4,69.5,on,48,20,39,18,,,,
2017-10-12,00:50,0,on/off,on/off,0,20.4,69.5,on,48,20,39,18,,,,
2017-10-12,00:50,2,on/off,on/off,0,20.4,69.5,on,48,20,39,18,,,,
2017-10-12,00:50,0,on/off,on/off,0,20.4,69.5,on,48,20,39,18,,,,
2017-10-12,00:51,0,on/off,on/off,0,20.5,69.6,on,48,20,39,18,,,,
2017-10-12,00:51,0,on/off,on/off,0,20.5,69.6,on,47,20,39,18,,,,
2017-10-12,00:51,0,on/off,on/off,0,20.5,69.6,on,48,20,39,18,,,,
2017-10-12,00:51,0,on/off,on/off,0,20.5,69.6,on,48,20,38,18,,,,
2017-10-12,00:51,0,on/off,on/off,0,20.4,69.4,on,48,20,39,18,,,,
2017-10-12,00:51,0,on/off,on/off,0,20.4,69.4,on,48,20,39,18,,,,
2017-10-12,00:51,0,on/off,on/off,0,20.4,69.4,on,48,20,39,18,,,,
2017-10-12,00:51,0,on/off,on/off,0,20.4,69.4,on,48,20,39,18,,,,
2017-10-12,00:51,0,on/off,on/off,0,20.4,69.4,on,48,20,39,18,,,,
2017-10-12,00:51,0,on/off,on/off,0,20.4,69.4,on,48,20,39,18,,,,
2017-10-12,00:51,0,on/off,on/off,0,20.4,69.4,on,48,20,39,18,,,,
2017-10-12,00:51,0,on/off,on/off,0,20.4,69.4,on,48,20,39,18,,,,
2017-10-12,00:51,0,on/off,on/off,0,20.4,69.3,on,47,20,39,18,,,,
2017-10-12,00:51,0,on/off,on/off,0,20.4,69.3,on,48,20,39,18,,,,
2017-10-12,00:51,5,on/off,on/off,0,20.4,69.3,on,48,21,39,18,,,,
2017-10-12,00:51,0,on/off,on/off,0,20.4,69.3,on,48,20,39,18,,,,
2017-10-12,00:51,4,on/off,on/off,0,20.4,69.2,on,48,20,39,18,,,,
2017-10-12,00:51,0,on/off,on/off,0,20.4,69.2,on,48,21,39,18,,,,
2017-10-12,00:51,0,on/off,on/off,0,20.4,69.2,on,48,20,39,18,,,,
2017-10-12,00:51,0,on/off,on/off,0,20.4,69.2,on,48,20,39,18,,,,
2017-10-12,00:51,0,on/off,on/off,0,20.4,69.3,on,48,20,39,18,,,,
2017-10-12,00:51,0,on/off,on/off,0,20.4,69.3,on,48,20,39,18,,,,
2017-10-12,00:51,0,on/off,on/off,0,20.4,69.3,on,48,20,39,18,,,,
2017-10-12,00:51,0,on/off,on/off,0,20.4,69.3,on,47,20,39,18,,,,
2017-10-12,00:52,0,on/off,on/off,0,20.4,69.1,on,48,20,39,18,,,,
2017-10-12,00:52,0,on/off,on/off,0,20.4,69.1,on,47,20,39,18,,,,
2017-10-12,00:52,5,on/off,on/off,0,20.4,69.1,on,48,20,39,18,,,,
2017-10-12,00:52,0,on/off,on/off,0,20.4,69.1,on,48,20,39,18,,,,
2017-10-12,00:52,6,on/off,on/off,0,20.4,69.1,on,48,20,39,18,,,,
2017-10-12,00:52,0,on/off,on/off,0,20.4,69.1,on,48,20,39,18,,,,
2017-10-12,00:52,0,on/off,on/off,0,20.4,69.1,on,48,20,39,18,,,,
2017-10-12,00:52,0,on/off,on/off,0,20.4,69.1,on,47,20,39,18,,,,
2017-10-12,00:52,0,on/off,on/off,0,20.4,69.3,on,48,20,39,18,,,,
2017-10-12,00:52,0,on/off,on/off,0,20.4,69.3,on,48,20,39,18,,,,
2017-10-12,00:52,0,on/off,on/off,0,20.4,69.3,on,47,20,39,18,,,,
2017-10-12,00:52,0,on/off,on/off,0,20.4,69.3,on,47,20,39,18,,,,
2017-10-12,00:52,0,on/off,on/off,0,20.4,69.4,on,48,20,39,18,,,,
2017-10-12,00:52,0,on/off,on/off,0,20.4,69.4,on,48,20,39,18,,,,
2017-10-12,00:52,0,on/off,on/off,0,20.4,69.4,on,47,20,39,18,,,,
2017-10-12,00:52,0,on/off,on/off,0,20.4,69.4,on,47,20,39,18,,,,
2017-10-12,00:52,0,on/off,on/off,0,20.4,70.1,on,48,21,39,18,,,,
2017-10-12,00:52,0,on/off,on/off,0,20.4,70.1,on,48,20,39,18,,,,
2017-10-12,00:52,0,on/off,on/off,0,20.4,70.1,on,48,20,39,18,,,,
2017-10-12,00:52,0,on/off,on/off,0,20.4,70.1,on,47,20,39,18,,,,
2017-10-12,00:52,0,on/off,on/off,0,20.4,69.7,on,48,20,39,18,,,,
2017-10-12,00:52,0,on/off,on/off,0,20.4,69.7,on,47,20,39,18,,,,
2017-10-12,00:52,0,on/off,on/off,0,20.4,69.7,on,48,20,39,18,,,,
2017-10-12,00:52,0,on/off,on/off,0,20.4,69.7,on,47,20,39,18,,,,
2017-10-12,00:53,1,on/off,on/off,0,20.4,69.6,on,48,20,39,18,,,,
2017-10-12,00:53,4,on/off,on/off,0,20.4,69.6,on,47,21,39,18,,,,
2017-10-12,00:53,0,on/off,on/off,0,20.4,69.6,on,48,20,39,18,,,,
2017-10-12,00:53,0,on/off,on/off,0,20.4,69.6,on,48,20,39,18,,,,
2017-10-12,00:53,0,on/off,on/off,0,20.4,69.4,on,47,20,39,18,,,,
2017-10-12,00:53,0,on/off,on/off,0,20.4,69.4,on,48,20,39,18,,,,
2017-10-12,00:53,0,on/off,on/off,0,20.4,69.4,on,48,20,39,18,,,,
2017-10-12,00:53,0,on/off,on/off,0,20.4,69.4,on,47,20,39,18,,,,
2017-10-12,00:53,0,on/off,on/off,0,20.4,69.7,on,48,20,39,18,,,,
2017-10-12,00:53,0,on/off,on/off,0,20.4,69.7,on,48,20,39,18,,,,
2017-10-12,00:53,0,on/off,on/off,0,20.4,69.7,on,48,20,39,18,,,,
2017-10-12,00:53,0,on/off,on/off,0,20.4,69.7,on,47,21,39,18,,,,
2017-10-12,00:53,0,on/off,on/off,0,20.4,69.7,on,47,20,39,18,,,,
2017-10-12,00:53,0,on/off,on/off,0,20.4,69.7,on,48,20,39,18,,,,
2017-10-12,00:53,0,on/off,on/off,0,20.4,69.7,on,48,20,39,18,,,,
2017-10-12,00:53,0,on/off,on/off,0,20.4,69.7,on,48,20,39,18,,,,
2017-10-12,00:53,0,on/off,on/off,0,20.4,69.5,on,47,20,39,18,,,,
2017-10-12,00:53,4,on/off,on/off,0,20.4,69.5,on,47,21,39,18,,,,
2017-10-12,00:53,0,on/off,on/off,0,20.4,69.5,on,47,20,39,18,,,,
2017-10-12,00:53,2,on/off,on/off,0,20.4,69.5,on,47,20,39,18,,,,
2017-10-12,00:54,0,on/off,on/off,0,20.4,70.7,on,47,20,39,18,,,,
2017-10-12,00:54,3,on/off,on/off,0,20.4,70.7,on,48,21,39,18,,,,
2017-10-12,00:54,0,on/off,on/off,0,20.4,70.7,on,48,20,39,18,,,,
2017-10-12,00:54,0,on/off,on/off,0,20.4,70.7,on,48,20,39,18,,,,
2017-10-12,00:54,1,on/off,on/off,0,20.4,71.2,on,47,20,39,18,,,,
2017-10-12,00:54,0,on/off,on/off,0,20.4,71.2,on,48,20,39,18,,,,
2017-10-12,00:54,0,on/off,on/off,0,20.4,71.2,on,48,20,39,18,,,,
2017-10-12,00:54,0,on/off,on/off,0,20.4,71.2,on,47,20,39,18,,,,
2017-10-12,00:54,0,on/off,on/off,0,20.4,70.1,on,48,20,39,18,,,,
2017-10-12,00:54,0,on/off,on/off,0,20.4,70.1,on,47,20,39,18,,,,
2017-10-12,00:54,0,on/off,on/off,0,20.4,70.1,on,47,20,39,18,,,,
2017-10-12,00:54,0,on/off,on/off,0,20.4,70.1,on,48,21,39,18,,,,
2017-10-12,00:54,0,on/off,on/off,0,20.4,69.9,on,48,20,39,18,,,,
2017-10-12,00:54,0,on/off,on/off,0,20.4,69.9,on,47,20,39,18,,,,
2017-10-12,00:54,1,on/off,on/off,0,20.4,69.9,on,48,20,39,18,,,,
2017-10-12,00:54,0,on/off,on/off,0,20.4,69.9,on,47,20,39,18,,,,
2017-10-12,00:54,0,on/off,on/off,0,20.4,70.1,on,48,20,39,18,,,,
2017-10-12,00:54,0,on/off,on/off,0,20.4,70.1,on,48,21,39,18,,,,
2017-10-12,00:54,0,on/off,on/off,0,20.4,70.1,on,48,20,39,18,,,,
2017-10-12,00:54,0,on/off,on/off,0,20.4,70.1,on,47,20,39,18,,,,
2017-10-12,00:54,0,on/off,on/off,0,20.4,70.0,on,48,20,39,18,,,,
2017-10-12,00:54,0,on/off,on/off,0,20.4,70.0,on,48,20,39,18,,,,
2017-10-12,00:54,0,on/off,on/off,0,20.4,70.0,on,47,20,39,18,,,,
2017-10-12,00:54,0,on/off,on/off,1,20.4,70.0,on,47,20,39,18,,,,
2017-10-12,00:55,0,on/off,on/off,0,20.4,69.9,on,47,20,39,18,,,,
2017-10-12,00:55,0,on/off,on/off,0,20.4,69.9,on,48,20,39,18,,,,
2017-10-12,00:55,0,on/off,on/off,0,20.4,69.9,on,47,20,39,18,,,,
2017-10-12,00:55,0,on/off,on/off,0,20.4,69.9,on,48,20,39,18,,,,
2017-10-12,00:55,0,on/off,on/off,0,20.4,69.5,on,48,20,39,18,,,,
2017-10-12,00:55,0,on/off,on/off,0,20.4,69.5,on,48,20,39,18,,,,
2017-10-12,00:55,0,on/off,on/off,0,20.4,69.5,on,48,20,39,18,,,,
2017-10-12,00:55,0,on/off,on/off,0,20.4,69.5,on,48,20,39,18,,,,
2017-10-12,00:55,0,on/off,on/off,0,20.4,69.7,on,48,21,39,18,,,,
2017-10-12,00:55,0,on/off,on/off,0,20.4,69.7,on,48,20,39,18,,,,
2017-10-12,00:55,0,on/off,on/off,0,20.4,69.7,on,47,21,39,18,,,,
2017-10-12,00:55,0,on/off,on/off,0,20.4,69.7,on,48,20,39,18,,,,
2017-10-12,00:55,6,on/off,on/off,0,20.4,69.7,on,48,21,39,18,,,,
2017-10-12,00:55,0,on/off,on/off,0,20.4,69.7,on,48,20,39,18,,,,
2017-10-12,00:55,0,on/off,on/off,0,20.4,69.7,on,48,20,39,18,,,,
2017-10-12,00:55,0,on/off,on/off,0,20.4,69.7,on,47,20,39,18,,,,
2017-10-12,00:55,0,on/off,on/off,0,20.4,69.4,on,47,20,39,18,,,,
2017-10-12,00:55,0,on/off,on/off,0,20.4,69.4,on,47,20,39,18,,,,
2017-10-12,00:55,0,on/off,on/off,0,20.4,69.4,on,48,20,39,18,,,,
2017-10-12,00:55,0,on/off,on/off,0,20.4,69.4,on,48,20,39,18,,,,
2017-10-12,00:56,0,on/off,on/off,0,20.4,69.5,on,48,20,39,18,,,,
2017-10-12,00:56,0,on/off,on/off,0,20.4,69.5,on,48,20,39,18,,,,
2017-10-12,00:56,0,on/off,on/off,0,20.4,69.5,on,48,20,39,18,,,,
2017-10-12,00:56,0,on/off,on/off,0,20.4,69.5,on,48,20,38,18,,,,
2017-10-12,00:56,0,on/off,on/off,0,20.4,69.5,on,48,20,39,18,,,,
2017-10-12,00:56,4,on/off,on/off,0,20.4,69.5,on,48,21,39,18,,,,
2017-10-12,00:56,0,on/off,on/off,0,20.4,69.5,on,47,20,39,18,,,,
2017-10-12,00:56,0,on/off,on/off,0,20.4,69.5,on,48,20,39,18,,,,
2017-10-12,00:56,0,on/off,on/off,0,20.4,69.5,on,48,20,39,18,,,,
2017-10-12,00:56,0,on/off,on/off,0,20.4,69.5,on,48,20,39,18,,,,
2017-10-12,00:56,0,on/off,on/off,0,20.4,69.5,on,48,20,39,18,,,,
2017-10-12,00:56,0,on/off,on/off,1,20.4,69.5,on,48,20,39,18,,,,
2017-10-12,00:56,0,on/off,on/off,0,20.4,69.6,on,48,20,39,18,,,,
2017-10-12,00:56,0,on/off,on/off,0,20.4,69.6,on,48,20,39,18,,,,
2017-10-12,00:56,0,on/off,on/off,0,20.4,69.6,on,48,20,39,18,,,,
2017-10-12,00:56,0,on/off,on/off,0,20.4,69.6,on,48,20,39,18,,,,
2017-10-12,00:56,4,on/off,on/off,0,20.4,69.9,on,48,20,39,18,,,,
2017-10-12,00:56,0,on/off,on/off,0,20.4,69.9,on,48,21,39,18,,,,
2017-10-12,00:56,0,on/off,on/off,0,20.4,69.9,on,48,20,39,18,,,,
2017-10-12,00:56,0,on/off,on/off,0,20.4,69.9,on,48,20,39,18,,,,
2017-10-12,00:56,0,on/off,on/off,0,20.4,69.7,on,48,20,39,18,,,,
2017-10-12,00:56,0,on/off,on/off,0,20.4,69.7,on,48,20,39,18,,,,
2017-10-12,00:56,0,on/off,on/off,0,20.4,69.7,on,48,20,39,18,,,,
2017-10-12,00:56,0,on/off,on/off,0,20.4,69.7,on,48,20,39,18,,,,
2017-10-12,00:57,0,on/off,on/off,0,20.4,69.8,on,48,20,39,18,,,,
2017-10-12,00:57,0,on/off,on/off,0,20.4,69.8,on,48,20,39,18,,,,
2017-10-12,00:57,0,on/off,on/off,0,20.4,69.8,on,48,20,39,18,,,,
2017-10-12,00:57,0,on/off,on/off,0,20.4,69.8,on,48,20,39,18,,,,
2017-10-12,00:57,0,on/off,on/off,0,20.4,69.7,on,48,20,39,18,,,,
2017-10-12,00:57,0,on/off,on/off,0,20.4,69.7,on,48,20,39,18,,,,
2017-10-12,00:57,0,on/off,on/off,0,20.4,69.7,on,48,20,39,18,,,,
2017-10-12,00:57,1,on/off,on/off,0,20.4,69.7,on,47,21,39,18,,,,
2017-10-12,00:57,0,on/off,on/off,0,20.4,69.7,on,48,20,39,18,,,,
2017-10-12,00:57,0,on/off,on/off,0,20.4,69.7,on,47,20,39,18,,,,
2017-10-12,00:57,0,on/off,on/off,1,20.4,69.7,on,48,20,39,18,,,,
2017-10-12,00:57,0,on/off,on/off,0,20.4,69.7,on,48,20,39,18,,,,
2017-10-12,00:57,0,on/off,on/off,0,20.3,70.1,on,47,20,39,18,,,,
2017-10-12,00:57,0,on/off,on/off,0,20.3,70.1,on,48,20,39,18,,,,
2017-10-12,00:57,0,on/off,on/off,0,20.3,70.1,on,48,20,39,18,,,,
2017-10-12,00:57,0,on/off,on/off,0,20.3,70.1,on,48,20,39,18,,,,
2017-10-12,00:57,0,on/off,on/off,0,20.4,69.8,on,48,21,39,18,,,,
2017-10-12,00:57,0,on/off,on/off,0,20.4,69.8,on,48,20,39,18,,,,
2017-10-12,00:57,0,on/off,on/off,0,20.4,69.8,on,48,20,39,18,,,,
2017-10-12,00:57,0,on/off,on/off,0,20.4,69.8,on,48,21,39,18,,,,
2017-10-12,00:58,0,on/off,on/off,0,20.4,69.6,on,48,21,39,18,,,,
2017-10-12,00:58,0,on/off,on/off,0,20.4,69.6,on,48,20,39,18,,,,
2017-10-12,00:58,0,on/off,on/off,0,20.4,69.6,on,48,20,39,18,,,,
2017-10-12,00:58,0,on/off,on/off,0,20.4,69.6,on,48,20,39,18,,,,
2017-10-12,00:58,0,on/off,on/off,0,20.4,69.7,on,47,20,39,18,,,,
2017-10-12,00:58,0,on/off,on/off,0,20.4,69.7,on,47,20,39,18,,,,
2017-10-12,00:58,1,on/off,on/off,0,20.4,69.7,on,48,20,39,18,,,,
2017-10-12,00:58,0,on/off,on/off,0,20.4,69.7,on,48,20,39,18,,,,
2017-10-12,00:58,0,on/off,on/off,0,20.4,69.7,on,48,20,39,18,,,,
2017-10-12,00:58,0,on/off,on/off,0,20.4,69.7,on,48,20,39,18,,,,
2017-10-12,00:58,0,on/off,on/off,0,20.4,69.7,on,48,20,39,18,,,,
2017-10-12,00:58,0,on/off,on/off,0,20.4,69.7,on,48,20,39,18,,,,
2017-10-12,00:58,0,on/off,on/off,0,20.4,69.6,on,48,20,39,18,,,,
2017-10-12,00:58,0,on/off,on/off,0,20.4,69.6,on,48,21,39,18,,,,
2017-10-12,00:58,0,on/off,on/off,1,20.4,69.6,on,48,20,39,18,,,,
2017-10-12,00:58,4,on/off,on/off,0,20.4,69.6,on,48,21,39,18,,,,
2017-10-12,00:58,2,on/off,on/off,0,20.4,70.1,on,48,20,39,18,,,,
2017-10-12,00:58,0,on/off,on/off,0,20.4,70.1,on,48,20,39,18,,,,
2017-10-12,00:58,0,on/off,on/off,0,20.4,70.1,on,48,20,39,18,,,,
2017-10-12,00:58,0,on/off,on/off,0,20.4,70.1,on,47,20,39,18,,,,
2017-10-12,00:58,0,on/off,on/off,0,20.4,69.8,on,48,20,39,18,,,,
2017-10-12,00:58,0,on/off,on/off,0,20.4,69.8,on,48,20,39,18,,,,
2017-10-12,00:58,0,on/off,on/off,0,20.4,69.8,on,48,20,39,18,,,,
2017-10-12,00:58,4,on/off,on/off,0,20.4,69.8,on,48,20,39,18,,,,
2017-10-12,00:59,0,on/off,on/off,0,20.4,69.6,on,48,20,39,18,,,,
2017-10-12,00:59,0,on/off,on/off,0,20.4,69.6,on,47,20,39,18,,,,
2017-10-12,00:59,0,on/off,on/off,0,20.4,69.6,on,48,20,39,18,,,,
2017-10-12,00:59,2,on/off,on/off,0,20.4,69.6,on,48,20,39,18,,,,
2017-10-12,00:59,0,on/off,on/off,0,20.4,69.3,on,48,20,39,18,,,,
2017-10-12,00:59,0,on/off,on/off,0,20.4,69.3,on,48,20,39,18,,,,
2017-10-12,00:59,0,on/off,on/off,0,20.4,69.3,on,48,20,39,18,,,,
2017-10-12,00:59,0,on/off,on/off,0,20.4,69.3,on,48,20,39,18,,,,
2017-10-12,00:59,0,on/off,on/off,0,20.4,69.3,on,48,20,39,18,,,,
2017-10-12,00:59,0,on/off,on/off,0,20.4,69.3,on,48,20,39,18,,,,
2017-10-12,00:59,1,on/off,on/off,0,20.4,69.3,on,48,20,39,18,,,,
2017-10-12,00:59,2,on/off,on/off,0,20.4,69.3,on,48,20,39,18,,,,
2017-10-12,00:59,6,on/off,on/off,0,20.4,69.3,on,48,21,39,18,,,,
2017-10-12,00:59,0,on/off,on/off,0,20.4,69.3,on,48,20,39,18,,,,
2017-10-12,00:59,0,on/off,on/off,0,20.4,69.3,on,48,20,39,18,,,,
2017-10-12,00:59,0,on/off,on/off,0,20.4,69.3,on,48,20,39,18,,,,
2017-10-12,00:59,0,on/off,on/off,0,20.4,69.4,on,47,20,39,18,,,,
2017-10-12,00:59,0,on/off,on/off,0,20.4,69.4,on,48,20,39,18,,,,
2017-10-12,00:59,0,on/off,on/off,0,20.4,69.4,on,48,20,39,18,,,,
2017-10-12,00:59,0,on/off,on/off,0,20.4,69.4,on,48,20,39,18,,,,
2017-10-12,01:00,0,on/off,on/off,0,20.4,69.4,on,48,20,39,18,,,,
2017-10-12,01:00,0,on/off,on/off,0,20.4,69.4,on,48,20,39,18,,,,
2017-10-12,01:00,0,on/off,on/off,0,20.4,69.4,on,48,20,38,18,,,,
2017-10-12,01:00,0,on/off,on/off,0,20.4,69.4,on,48,20,39,18,,,,
2017-10-12,01:00,0,on/off,on/off,0,20.4,69.5,on,48,20,39,18,,,,
2017-10-12,01:00,0,on/off,on/off,0,20.4,69.5,on,48,20,39,18,,,,
2017-10-12,01:00,0,on/off,on/off,0,20.4,69.5,on,48,20,39,18,,,,
2017-10-12,01:00,0,on/off,on/off,0,20.4,69.5,on,48,20,39,18,,,,
2017-10-12,01:00,0,on/off,on/off,0,20.4,69.5,on,48,20,39,18,,,,
2017-10-12,01:00,0,on/off,on/off,0,20.4,69.5,on,47,20,39,18,,,,
2017-10-12,01:00,0,on/off,on/off,0,20.4,69.5,on,48,20,39,18,,,,
2017-10-12,01:00,0,on/off,on/off,0,20.4,69.5,on,48,20,39,18,,,,
2017-10-12,01:00,4,on/off,on/off,0,20.4,69.5,on,48,20,39,18,,,,
2017-10-12,01:00,0,on/off,on/off,0,20.4,69.5,on,48,20,39,18,,,,
2017-10-12,01:00,0,on/off,on/off,0,20.4,69.5,on,48,20,39,18,,,,
2017-10-12,01:00,0,on/off,on/off,0,20.4,69.5,on,48,20,39,18,,,,
2017-10-12,01:00,1,on/off,on/off,0,20.4,69.4,on,48,20,39,18,,,,
2017-10-12,01:00,0,on/off,on/off,0,20.4,69.4,on,48,21,39,18,,,,
2017-10-12,01:00,0,on/off,on/off,0,20.4,69.4,on,48,20,39,18,,,,
2017-10-12,01:00,0,on/off,on/off,0,20.4,69.4,on,48,20,39,18,,,,
2017-10-12,01:00,0,on/off,on/off,0,20.4,69.2,on,48,20,39,18,,,,
2017-10-12,01:00,0,on/off,on/off,0,20.4,69.2,on,48,20,39,18,,,,
2017-10-12,01:00,0,on/off,on/off,0,20.4,69.2,on,48,20,39,18,,,,
2017-10-12,01:00,0,on/off,on/off,0,20.4,69.2,on,48,20,39,18,,,,
2017-10-12,01:01,4,on/off,on/off,0,20.4,69.1,on,48,20,39,18,,,,
2017-10-12,01:01,0,on/off,on/off,0,20.4,69.1,on,48,20,39,18,,,,
2017-10-12,01:01,0,on/off,on/off,0,20.4,69.1,on,48,21,39,18,,,,
2017-10-12,01:01,0,on/off,on/off,0,20.4,69.1,on,48,20,39,18,,,,
2017-10-12,01:01,0,on/off,on/off,0,20.4,69.7,on,47,20,39,18,,,,
2017-10-12,01:01,0,on/off,on/off,0,20.4,69.7,on,48,20,39,18,,,,
2017-10-12,01:01,0,on/off,on/off,0,20.4,69.7,on,48,20,39,18,,,,
2017-10-12,01:01,0,on/off,on/off,0,20.4,69.7,on,48,20,39,18,,,,
2017-10-12,01:01,0,on/off,on/off,1,20.4,69.6,on,47,20,39,18,,,,
2017-10-12,01:01,0,on/off,on/off,0,20.4,69.6,on,48,20,39,18,,,,
2017-10-12,01:01,0,on/off,on/off,0,20.4,69.6,on,48,20,39,18,,,,
2017-10-12,01:01,0,on/off,on/off,0,20.4,69.6,on,48,20,39,18,,,,
2017-10-12,01:01,0,on/off,on/off,0,20.4,71.2,on,48,20,39,18,,,,
2017-10-12,01:01,0,on/off,on/off,0,20.4,71.2,on,47,20,39,18,,,,
2017-10-12,01:01,0,on/off,on/off,0,20.4,71.2,on,48,20,39,18,,,,
2017-10-12,01:01,0,on/off,on/off,0,20.4,71.2,on,48,20,39,18,,,,
2017-10-12,01:01,1,on/off,on/off,0,20.4,71.4,on,47,21,39,18,,,,
2017-10-12,01:01,0,on/off,on/off,0,20.4,71.4,on,47,20,39,18,,,,
2017-10-12,01:01,0,on/off,on/off,0,20.4,71.4,on,48,20,39,18,,,,
2017-10-12,01:01,0,on/off,on/off,0,20.4,71.4,on,48,20,39,18,,,,
2017-10-12,01:02,0,on/off,on/off,0,20.4,72.6,on,48,20,39,18,,,,
2017-10-12,01:02,0,on/off,on/off,0,20.4,72.6,on,48,20,39,18,,,,
2017-10-12,01:02,0,on/off,on/off,0,20.4,72.6,on,48,20,39,18,,,,
2017-10-12,01:02,0,on/off,on/off,0,20.4,72.6,on,48,20,39,18,,,,
2017-10-12,01:02,0,on/off,on/off,0,20.4,72.8,on,48,20,39,18,,,,
2017-10-12,01:02,0,on/off,on/off,0,20.4,72.8,on,47,20,39,18,,,,
2017-10-12,01:02,0,on/off,on/off,0,20.4,72.8,on,48,20,39,18,,,,
2017-10-12,01:02,0,on/off,on/off,0,20.4,72.8,on,48,20,39,18,,,,
2017-10-12,01:02,1,on/off,on/off,0,20.3,73.3,on,48,20,39,18,,,,
2017-10-12,01:02,0,on/off,on/off,0,20.3,73.3,on,48,21,39,18,,,,
2017-10-12,01:02,1,on/off,on/off,0,20.3,73.3,on,48,20,39,18,,,,
2017-10-12,01:02,0,on/off,on/off,0,20.3,73.3,on,47,20,39,18,,,,
2017-10-12,01:02,0,on/off,on/off,0,20.3,70.8,on,47,20,39,18,,,,
2017-10-12,01:02,0,on/off,on/off,0,20.3,70.8,on,47,20,39,18,,,,
2017-10-12,01:02,0,on/off,on/off,0,20.3,70.8,on,48,21,39,18,,,,
2017-10-12,01:02,0,on/off,on/off,0,20.3,70.8,on,48,20,39,18,,,,
2017-10-12,01:02,0,on/off,on/off,0,20.3,70.3,on,47,21,39,18,,,,
2017-10-12,01:02,0,on/off,on/off,1,20.3,70.3,on,48,21,39,18,,,,
2017-10-12,01:02,0,on/off,on/off,0,20.3,70.3,on,47,20,39,18,,,,
2017-10-12,01:02,3,on/off,on/off,0,20.3,70.3,on,47,20,39,18,,,,
2017-10-12,01:02,0,on/off,on/off,0,20.3,70.1,on,48,20,39,18,,,,
2017-10-12,01:02,0,on/off,on/off,0,20.3,70.1,on,47,20,39,18,,,,
2017-10-12,01:02,0,on/off,on/off,0,20.3,70.1,on,48,20,39,18,,,,
2017-10-12,01:02,0,on/off,on/off,0,20.3,70.1,on,47,21,39,18,,,,
2017-10-12,01:03,0,on/off,on/off,0,20.3,70.2,on,47,20,39,18,,,,
2017-10-12,01:03,0,on/off,on/off,0,20.3,70.2,on,47,20,38,18,,,,
2017-10-12,01:03,0,on/off,on/off,0,20.3,70.2,on,48,20,39,18,,,,
2017-10-12,01:03,0,on/off,on/off,0,20.3,70.2,on,47,20,39,18,,,,
2017-10-12,01:03,0,on/off,on/off,0,20.3,70.0,on,48,20,39,18,,,,
2017-10-12,01:03,0,on/off,on/off,0,20.3,70.0,on,48,20,39,18,,,,
2017-10-12,01:03,0,on/off,on/off,0,20.3,70.0,on,48,20,39,18,,,,
2017-10-12,01:03,0,on/off,on/off,0,20.3,70.0,on,47,20,39,18,,,,
2017-10-12,01:03,4,on/off,on/off,0,20.3,70.3,on,48,20,38,18,,,,
2017-10-12,01:03,0,on/off,on/off,0,20.3,70.3,on,48,20,39,18,,,,
2017-10-12,01:03,0,on/off,on/off,0,20.3,70.3,on,48,20,39,18,,,,
2017-10-12,01:03,0,on/off,on/off,0,20.3,70.3,on,48,20,39,18,,,,
2017-10-12,01:03,0,on/off,on/off,0,20.3,69.8,on,48,20,39,18,,,,
2017-10-12,01:03,0,on/off,on/off,0,20.3,69.8,on,47,21,39,18,,,,
2017-10-12,01:03,0,on/off,on/off,0,20.3,69.8,on,48,21,39,18,,,,
2017-10-12,01:03,3,on/off,on/off,0,20.3,69.8,on,48,21,39,18,,,,
2017-10-12,01:03,0,on/off,on/off,0,20.3,69.8,on,48,20,39,18,,,,
2017-10-12,01:03,0,on/off,on/off,0,20.3,69.8,on,48,20,39,18,,,,
2017-10-12,01:03,0,on/off,on/off,0,20.3,69.8,on,48,20,39,18,,,,
2017-10-12,01:03,0,on/off,on/off,1,20.3,69.8,on,48,20,39,18,,,,
2017-10-12,01:04,0,on/off,on/off,0,20.3,69.7,on,48,21,39,18,,,,
2017-10-12,01:04,0,on/off,on/off,0,20.3,69.7,on,48,21,39,18,,,,
2017-10-12,01:04,0,on/off,on/off,0,20.3,69.7,on,48,20,39,18,,,,
2017-10-12,01:04,0,on/off,on/off,0,20.3,69.7,on,48,20,39,18,,,,
2017-10-12,01:04,0,on/off,on/off,0,20.3,69.7,on,47,20,39,18,,,,
2017-10-12,01:04,0,on/off,on/off,0,20.3,69.7,on,48,21,39,18,,,,
2017-10-12,01:04,0,on/off,on/off,0,20.3,69.7,on,48,20,39,18,,,,
2017-10-12,01:04,0,on/off,on/off,0,20.3,69.7,on,48,20,39,18,,,,
2017-10-12,01:04,0,on/off,on/off,0,20.3,69.6,on,48,20,39,18,,,,
2017-10-12,01:04,2,on/off,on/off,0,20.3,69.6,on,48,21,39,18,,,,
2017-10-12,01:04,0,on/off,on/off,0,20.3,69.6,on,48,20,39,18,,,,
2017-10-12,01:04,0,on/off,on/off,0,20.3,69.6,on,47,20,39,18,,,,
2017-10-12,01:04,0,on/off,on/off,0,20.3,69.7,on,48,20,39,18,,,,
2017-10-12,01:04,0,on/off,on/off,0,20.3,69.7,on,48,20,39,18,,,,
2017-10-12,01:04,0,on/off,on/off,0,20.3,69.7,on,48,20,39,18,,,,
2017-10-12,01:04,0,on/off,on/off,0,20.3,69.7,on,48,20,39,18,,,,
2017-10-12,01:04,0,on/off,on/off,0,20.3,69.4,on,48,20,39,18,,,,
2017-10-12,01:04,0,on/off,on/off,0,20.3,69.4,on,48,20,39,18,,,,
2017-10-12,01:04,0,on/off,on/off,0,20.3,69.4,on,48,20,39,18,,,,
2017-10-12,01:04,0,on/off,on/off,0,20.3,69.4,on,48,20,39,18,,,,
2017-10-12,01:04,0,on/off,on/off,0,20.3,69.6,on,47,20,39,18,,,,
2017-10-12,01:04,0,on/off,on/off,0,20.3,69.6,on,47,20,39,18,,,,
2017-10-12,01:04,0,on/off,on/off,0,20.3,69.6,on,48,21,39,18,,,,
2017-10-12,01:04,3,on/off,on/off,0,20.3,69.6,on,48,21,38,18,,,,
2017-10-12,01:05,1,on/off,on/off,0,20.4,69.4,on,48,20,38,18,,,,
2017-10-12,01:05,0,on/off,on/off,0,20.4,69.4,on,48,20,39,18,,,,
2017-10-12,01:05,0,on/off,on/off,0,20.4,69.4,on,48,20,39,18,,,,
2017-10-12,01:05,0,on/off,on/off,0,20.4,69.4,on,48,20,39,18,,,,
2017-10-12,01:05,0,on/off,on/off,0,20.3,69.3,on,48,20,39,18,,,,
2017-10-12,01:05,0,on/off,on/off,0,20.3,69.3,on,48,20,39,18,,,,
2017-10-12,01:05,0,on/off,on/off,0,20.3,69.3,on,48,20,39,18,,,,
2017-10-12,01:05,0,on/off,on/off,1,20.3,69.3,on,48,20,39,18,,,,
2017-10-12,01:05,0,on/off,on/off,0,20.4,69.3,on,48,20,39,18,,,,
2017-10-12,01:05,0,on/off,on/off,0,20.4,69.3,on,48,20,39,18,,,,
2017-10-12,01:05,2,on/off,on/off,0,20.4,69.3,on,48,20,39,18,,,,
2017-10-12,01:05,0,on/off,on/off,0,20.4,69.3,on,48,21,39,18,,,,
2017-10-12,01:05,0,on/off,on/off,0,20.4,69.6,on,47,20,39,18,,,,
2017-10-12,01:05,0,on/off,on/off,0,20.4,69.6,on,48,20,39,18,,,,
2017-10-12,01:05,0,on/off,on/off,0,20.4,69.6,on,48,20,39,18,,,,
2017-10-12,01:05,4,on/off,on/off,0,20.4,69.6,on,48,21,39,18,,,,
2017-10-12,01:05,0,on/off,on/off,0,20.4,69.5,on,47,20,39,18,,,,
2017-10-12,01:05,0,on/off,on/off,0,20.4,69.5,on,47,21,39,18,,,,
2017-10-12,01:05,0,on/off,on/off,0,20.4,69.5,on,48,20,39,18,,,,
2017-10-12,01:05,0,on/off,on/off,0,20.4,69.5,on,47,20,38,18,,,,
2017-10-12,01:05,0,on/off,on/off,0,20.3,69.8,on,47,20,39,18,,,,
2017-10-12,01:05,0,on/off,on/off,0,20.3,69.8,on,48,20,39,18,,,,
2017-10-12,01:05,4,on/off,on/off,0,20.3,69.8,on,48,21,39,18,,,,
2017-10-12,01:05,0,on/off,on/off,0,20.3,69.8,on,48,20,39,18,,,,
2017-10-12,01:06,0,on/off,on/off,0,20.3,70.0,on,47,21,39,18,,,,
2017-10-12,01:06,0,on/off,on/off,0,20.3,70.0,on,47,20,39,18,,,,
2017-10-12,01:06,0,on/off,on/off,0,20.3,70.0,on,48,20,39,18,,,,
2017-10-12,01:06,0,on/off,on/off,0,20.3,70.0,on,48,20,39,18,,,,
2017-10-12,01:06,0,on/off,on/off,0,20.3,70.2,on,47,20,39,18,,,,
2017-10-12,01:06,0,on/off,on/off,0,20.3,70.2,on,48,21,39,18,,,,
2017-10-12,01:06,0,on/off,on/off,0,20.3,70.2,on,48,20,39,18,,,,
2017-10-12,01:06,0,on/off,on/off,0,20.3,70.2,on,48,20,39,18,,,,
2017-10-12,01:06,0,on/off,on/off,0,20.3,72.2,on,48,20,39,18,,,,
2017-10-12,01:06,0,on/off,on/off,0,20.3,72.2,on,48,20,39,18,,,,
2017-10-12,01:06,0,on/off,on/off,0,20.3,72.2,on,48,20,39,18,,,,
2017-10-12,01:06,0,on/off,on/off,0,20.3,72.2,on,48,20,39,18,,,,
2017-10-12,01:06,0,on/off,on/off,0,20.3,72.2,on,47,20,39,18,,,,
2017-10-12,01:06,0,on/off,on/off,0,20.3,72.2,on,48,20,39,18,,,,
2017-10-12,01:06,0,on/off,on/off,0,20.3,72.2,on,48,21,39,18,,,,
2017-10-12,01:06,0,on/off,on/off,0,20.3,72.2,on,48,20,39,18,,,,
2017-10-12,01:06,3,on/off,on/off,0,20.3,71.8,on,48,20,39,18,,,,
2017-10-12,01:06,0,on/off,on/off,0,20.3,71.8,on,48,20,39,18,,,,
2017-10-12,01:06,0,on/off,on/off,0,20.3,71.8,on,48,20,39,18,,,,
2017-10-12,01:06,0,on/off,on/off,0,20.3,71.8,on,48,20,39,18,,,,
2017-10-12,01:07,0,on/off,on/off,0,20.3,71.8,on,48,20,39,18,,,,
2017-10-12,01:07,0,on/off,on/off,0,20.3,71.8,on,48,20,39,18,,,,
2017-10-12,01:07,0,on/off,on/off,0,20.3,71.8,on,47,20,39,18,,,,
2017-10-12,01:07,1,on/off,on/off,0,20.3,71.8,on,48,20,39,18,,,,
2017-10-12,01:07,2,on/off,on/off,0,20.3,70.7,on,48,20,39,18,,,,
2017-10-12,01:07,0,on/off,on/off,0,20.3,70.7,on,48,21,39,18,,,,
2017-10-12,01:07,0,on/off,on/off,0,20.3,70.7,on,48,20,39,18,,,,
2017-10-12,01:07,0,on/off,on/off,0,20.3,70.7,on,48,20,39,18,,,,
2017-10-12,01:07,0,on/off,on/off,0,20.3,70.5,on,48,21,39,18,,,,
2017-10-12,01:07,2,on/off,on/off,0,20.3,70.5,on,48,20,39,18,,,,
2017-10-12,01:07,1,on/off,on/off,0,20.3,70.5,on,48,20,39,18,,,,
2017-10-12,01:07,0,on/off,on/off,0,20.3,70.5,on,48,20,39,18,,,,
2017-10-12,01:07,0,on/off,on/off,0,20.3,70.6,on,47,21,39,18,,,,
2017-10-12,01:07,0,on/off,on/off,0,20.3,70.6,on,48,20,39,18,,,,
2017-10-12,01:07,4,on/off,on/off,0,20.3,70.6,on,48,20,38,18,,,,
2017-10-12,01:07,0,on/off,on/off,0,20.3,70.6,on,48,20,39,18,,,,
2017-10-12,01:07,0,on/off,on/off,0,20.3,70.1,on,48,20,39,18,,,,
2017-10-12,01:07,0,on/off,on/off,0,20.3,70.1,on,48,20,39,18,,,,
2017-10-12,01:07,0,on/off,on/off,0,20.3,70.1,on,48,20,39,18,,,,
2017-10-12,01:07,0,on/off,on/off,0,20.3,70.1,on,48,20,39,18,,,,
2017-10-12,01:07,0,on/off,on/off,0,20.3,70.3,on,47,21,39,18,,,,
2017-10-12,01:07,0,on/off,on/off,0,20.3,70.3,on,48,21,39,18,,,,
2017-10-12,01:07,0,on/off,on/off,0,20.3,70.3,on,47,20,39,18,,,,
2017-10-12,01:07,0,on/off,on/off,0,20.3,70.3,on,48,20,39,18,,,,
2017-10-12,01:08,0,on/off,on/off,0,20.3,70.2,on,48,20,39,18,,,,
2017-10-12,01:08,0,on/off,on/off,0,20.3,70.2,on,48,20,39,18,,,,
2017-10-12,01:08,0,on/off,on/off,0,20.3,70.2,on,47,20,39,18,,,,
2017-10-12,01:08,0,on/off,on/off,0,20.3,70.2,on,48,20,39,18,,,,
2017-10-12,01:08,0,on/off,on/off,0,20.3,70.3,on,48,20,39,18,,,,
2017-10-12,01:08,0,on/off,on/off,0,20.3,70.3,on,47,21,39,18,,,,
2017-10-12,01:08,0,on/off,on/off,0,20.3,70.3,on,47,20,39,18,,,,
2017-10-12,01:08,0,on/off,on/off,0,20.3,70.3,on,47,21,39,18,,,,
2017-10-12,01:08,1,on/off,on/off,0,20.3,69.8,on,47,20,39,18,,,,
2017-10-12,01:08,0,on/off,on/off,0,20.3,69.8,on,48,20,39,18,,,,
2017-10-12,01:08,0,on/off,on/off,0,20.3,69.8,on,48,20,39,18,,,,
2017-10-12,01:08,0,on/off,on/off,0,20.3,69.8,on,47,21,39,18,,,,
2017-10-12,01:08,0,on/off,on/off,0,20.3,70.0,on,47,21,39,18,,,,
2017-10-12,01:08,5,on/off,on/off,0,20.3,70.0,on,48,20,39,18,,,,
2017-10-12,01:08,0,on/off,on/off,0,20.3,70.0,on,47,20,39,18,,,,
2017-10-12,01:08,0,on/off,on/off,0,20.3,70.0,on,47,20,39,18,,,,
2017-10-12,01:08,0,on/off,on/off,0,20.3,70.1,on,48,20,39,18,,,,
2017-10-12,01:08,2,on/off,on/off,0,20.3,70.1,on,47,20,39,18,,,,
2017-10-12,01:08,3,on/off,on/off,0,20.3,70.1,on,47,20,39,18,,,,
2017-10-12,01:08,0,on/off,on/off,0,20.3,70.1,on,47,21,39,18,,,,
2017-10-12,01:09,3,on/off,on/off,0,20.3,70.2,on,47,20,39,18,,,,
2017-10-12,01:09,0,on/off,on/off,0,20.3,70.2,on,47,20,39,18,,,,
2017-10-12,01:09,0,on/off,on/off,0,20.3,70.2,on,48,20,39,18,,,,
2017-10-12,01:09,0,on/off,on/off,0,20.3,70.2,on,48,20,39,18,,,,
2017-10-12,01:09,0,on/off,on/off,0,20.3,70.2,on,47,20,39,18,,,,
2017-10-12,01:09,0,on/off,on/off,0,20.3,70.2,on,48,20,39,18,,,,
2017-10-12,01:09,0,on/off,on/off,0,20.3,70.2,on,48,20,39,18,,,,
2017-10-12,01:09,0,on/off,on/off,0,20.3,70.2,on,48,20,39,18,,,,
2017-10-12,01:09,0,on/off,on/off,0,20.3,70.6,on,47,20,39,18,,,,
2017-10-12,01:09,0,on/off,on/off,0,20.3,70.6,on,48,21,39,18,,,,
2017-10-12,01:09,0,on/off,on/off,0,20.3,70.6,on,48,20,39,18,,,,
2017-10-12,01:09,1,on/off,on/off,0,20.3,70.6,on,48,20,39,18,,,,
2017-10-12,01:09,0,on/off,on/off,0,20.3,70.9,on,47,20,39,18,,,,
2017-10-12,01:09,0,on/off,on/off,0,20.3,70.9,on,48,20,38,18,,,,
2017-10-12,01:09,0,on/off,on/off,0,20.3,70.9,on,48,20,39,18,,,,
2017-10-12,01:09,0,on/off,on/off,0,20.3,70.9,on,47,20,39,18,,,,
2017-10-12,01:09,0,on/off,on/off,0,20.3,71.0,on,48,20,39,18,,,,
2017-10-12,01:09,3,on/off,on/off,0,20.3,71.0,on,48,20,39,18,,,,
2017-10-12,01:09,0,on/off,on/off,0,20.3,71.0,on,47,20,39,18,,,,
2017-10-12,01:09,0,on/off,on/off,0,20.3,71.0,on,48,20,39,18,,,,
2017-10-12,01:09,0,on/off,on/off,0,20.3,70.3,on,47,20,39,18,,,,
2017-10-12,01:09,0,on/off,on/off,0,20.3,70.3,on,47,20,39,18,,,,
2017-10-12,01:09,0,on/off,on/off,0,20.3,70.3,on,47,20,39,18,,,,
2017-10-12,01:09,0,on/off,on/off,0,20.3,70.3,on,47,20,39,18,,,,
2017-10-12,01:10,3,on/off,on/off,0,20.3,70.6,on,47,20,39,18,,,,
2017-10-12,01:10,0,on/off,on/off,0,20.3,70.6,on,47,21,39,18,,,,
2017-10-12,01:10,2,on/off,on/off,0,20.3,70.6,on,47,20,39,18,,,,
2017-10-12,01:10,0,on/off,on/off,0,20.3,70.6,on,48,20,39,18,,,,
2017-10-12,01:10,0,on/off,on/off,0,20.3,71.0,on,47,20,39,18,,,,
2017-10-12,01:10,0,on/off,on/off,0,20.3,71.0,on,48,20,39,18,,,,
2017-10-12,01:10,0,on/off,on/off,0,20.3,71.0,on,47,20,39,18,,,,
2017-10-12,01:10,0,on/off,on/off,1,20.3,71.0,on,47,20,38,18,,,,
2017-10-12,01:10,0,on/off,on/off,0,20.3,70.4,on,47,20,39,18,,,,
2017-10-12,01:10,0,on/off,on/off,0,20.3,70.4,on,47,20,39,18,,,,
2017-10-12,01:10,0,on/off,on/off,1,20.3,70.4,on,48,21,39,18,,,,
2017-10-12,01:10,0,on/off,on/off,0,20.3,70.4,on,47,20,38,18,,,,
2017-10-12,01:10,5,on/off,on/off,0,20.3,70.6,on,47,21,39,18,,,,
2017-10-12,01:10,5,on/off,on/off,0,20.3,70.6,on,47,20,39,18,,,,
2017-10-12,01:10,0,on/off,on/off,0,20.3,70.6,on,48,20,39,18,,,,
2017-10-12,01:10,0,on/off,on/off,0,20.3,70.6,on,47,20,39,18,,,,
2017-10-12,01:10,0,on/off,on/off,0,20.3,70.6,on,47,20,39,18,,,,
2017-10-12,01:10,0,on/off,on/off,0,20.3,70.6,on,47,20,39,18,,,,
2017-10-12,01:10,0,on/off,on/off,0,20.3,70.6,on,47,21,39,18,,,,
2017-10-12,01:10,0,on/off,on/off,0,20.3,70.6,on,47,21,39,18,,,,
2017-10-12,01:11,1,on/off,on/off,0,20.3,70.7,on,47,21,39,18,,,,
2017-10-12,01:11,0,on/off,on/off,0,20.3,70.7,on,47,21,39,18,,,,
2017-10-12,01:11,4,on/off,on/off,0,20.3,70.7,on,47,20,39,18,,,,
2017-10-12,01:11,0,on/off,on/off,0,20.3,70.7,on,47,20,39,18,,,,
2017-10-12,01:11,0,on/off,on/off,0,20.3,70.5,on,47,20,39,18,,,,
2017-10-12,01:11,0,on/off,on/off,0,20.3,70.5,on,47,20,39,18,,,,
2017-10-12,01:11,0,on/off,on/off,0,20.3,70.5,on,47,21,39,18,,,,
2017-10-12,01:11,0,on/off,on/off,0,20.3,70.5,on,47,20,39,18,,,,
2017-10-12,01:11,1,on/off,on/off,0,20.3,70.6,on,47,20,39,18,,,,
2017-10-12,01:11,2,on/off,on/off,0,20.3,70.6,on,47,20,39,18,,,,
2017-10-12,01:11,0,on/off,on/off,0,20.3,70.6,on,47,20,39,18,,,,
2017-10-12,01:11,0,on/off,on/off,0,20.3,70.6,on,47,21,39,18,,,,
2017-10-12,01:11,0,on/off,on/off,0,20.3,70.0,on,48,20,39,18,,,,
2017-10-12,01:11,0,on/off,on/off,0,20.3,70.0,on,48,21,39,18,,,,
2017-10-12,01:11,0,on/off,on/off,0,20.3,70.0,on,48,20,39,18,,,,
2017-10-12,01:11,0,on/off,on/off,0,20.3,70.0,on,47,20,39,18,,,,
2017-10-12,01:11,1,on/off,on/off,0,20.3,70.2,on,47,21,39,18,,,,
2017-10-12,01:11,0,on/off,on/off,0,20.3,70.2,on,47,21,39,18,,,,
2017-10-12,01:11,1,on/off,on/off,0,20.3,70.2,on,48,20,39,18,,,,
2017-10-12,01:11,0,on/off,on/off,0,20.3,70.2,on,47,20,39,18,,,,
2017-10-12,01:11,0,on/off,on/off,0,20.3,70.0,on,48,20,39,18,,,,
2017-10-12,01:11,0,on/off,on/off,0,20.3,70.0,on,47,20,39,18,,,,
2017-10-12,01:11,0,on/off,on/off,0,20.3,70.0,on,48,21,39,18,,,,
2017-10-12,01:11,2,on/off,on/off,0,20.3,70.0,on,48,20,39,18,,,,
2017-10-12,01:12,0,on/off,on/off,0,20.3,69.9,on,48,20,39,18,,,,
2017-10-12,01:12,0,on/off,on/off,0,20.3,69.9,on,47,20,39,18,,,,
2017-10-12,01:12,0,on/off,on/off,0,20.3,69.9,on,48,20,39,18,,,,
2017-10-12,01:12,0,on/off,on/off,0,20.3,69.9,on,48,21,39,18,,,,
2017-10-12,01:12,0,on/off,on/off,0,20.3,69.6,on,47,20,38,18,,,,
2017-10-12,01:12,0,on/off,on/off,0,20.3,69.6,on,47,20,39,18,,,,
2017-10-12,01:12,0,on/off,on/off,0,20.3,69.6,on,48,20,39,18,,,,
2017-10-12,01:12,0,on/off,on/off,0,20.3,69.6,on,47,20,39,18,,,,
2017-10-12,01:12,0,on/off,on/off,0,20.3,69.7,on,47,20,39,18,,,,
2017-10-12,01:12,0,on/off,on/off,0,20.3,69.7,on,47,20,39,18,,,,
2017-10-12,01:12,0,on/off,on/off,0,20.3,69.7,on,48,21,39,18,,,,
2017-10-12,01:12,5,on/off,on/off,0,20.3,69.7,on,48,20,38,18,,,,
2017-10-12,01:12,0,on/off,on/off,0,20.3,69.9,on,48,20,38,19,,,,
2017-10-12,01:12,0,on/off,on/off,0,20.3,69.9,on,48,20,39,18,,,,
2017-10-12,01:12,2,on/off,on/off,0,20.3,69.9,on,47,20,38,18,,,,
2017-10-12,01:12,0,on/off,on/off,0,20.3,69.9,on,47,20,39,18,,,,
2017-10-12,01:12,2,on/off,on/off,0,20.3,69.8,on,48,20,39,18,,,,
2017-10-12,01:12,1,on/off,on/off,0,20.3,69.8,on,47,20,39,18,,,,
2017-10-12,01:12,0,on/off,on/off,0,20.3,69.8,on,47,20,39,18,,,,
2017-10-12,01:12,0,on/off,on/off,0,20.3,69.8,on,48,20,39,18,,,,
2017-10-12,01:13,2,on/off,on/off,0,20.3,69.8,on,47,20,38,18,,,,
2017-10-12,01:13,2,on/off,on/off,0,20.3,69.8,on,48,20,38,18,,,,
2017-10-12,01:13,0,on/off,on/off,0,20.3,69.8,on,48,20,39,18,,,,
2017-10-12,01:13,0,on/off,on/off,0,20.3,69.8,on,47,20,39,18,,,,
2017-10-12,01:13,2,on/off,on/off,0,20.3,69.8,on,48,20,39,18,,,,
2017-10-12,01:13,0,on/off,on/off,0,20.3,69.8,on,48,20,39,18,,,,
2017-10-12,01:13,2,on/off,on/off,0,20.3,69.8,on,48,20,39,18,,,,
2017-10-12,01:13,0,on/off,on/off,0,20.3,69.8,on,47,20,39,18,,,,
2017-10-12,01:13,0,on/off,on/off,0,20.3,69.4,on,48,20,39,18,,,,
2017-10-12,01:13,0,on/off,on/off,1,20.3,69.4,on,47,20,39,18,,,,
2017-10-12,01:13,0,on/off,on/off,0,20.3,69.4,on,47,20,39,18,,,,
2017-10-12,01:13,1,on/off,on/off,0,20.3,69.4,on,47,20,39,18,,,,
2017-10-12,01:13,2,on/off,on/off,0,20.3,69.4,on,47,20,39,18,,,,
2017-10-12,01:13,0,on/off,on/off,0,20.3,69.4,on,48,20,39,18,,,,
2017-10-12,01:13,0,on/off,on/off,0,20.3,69.4,on,48,21,39,18,,,,
2017-10-12,01:13,0,on/off,on/off,0,20.3,69.4,on,47,20,39,18,,,,
2017-10-12,01:13,5,on/off,on/off,0,20.4,69.5,on,48,20,38,18,,,,
2017-10-12,01:13,0,on/off,on/off,0,20.4,69.5,on,48,20,39,19,,,,
2017-10-12,01:13,0,on/off,on/off,0,20.4,69.5,on,48,21,38,18,,,,
2017-10-12,01:13,0,on/off,on/off,0,20.4,69.5,on,48,20,39,18,,,,
2017-10-12,01:13,0,on/off,on/off,0,20.4,69.6,on,48,20,39,18,,,,
2017-10-12,01:13,0,on/off,on/off,0,20.4,69.6,on,48,20,39,18,,,,
2017-10-12,01:13,0,on/off,on/off,0,20.4,69.6,on,48,20,39,18,,,,
2017-10-12,01:13,2,on/off,on/off,0,20.4,69.6,on,48,20,39,18,,,,
2017-10-12,01:14,0,on/off,on/off,0,20.4,69.6,on,47,20,39,18,,,,
2017-10-12,01:14,0,on/off,on/off,0,20.4,69.6,on,48,20,38,18,,,,
2017-10-12,01:14,0,on/off,on/off,0,20.4,69.6,on,48,20,39,18,,,,
2017-10-12,01:14,0,on/off,on/off,0,20.4,69.6,on,48,20,39,18,,,,
2017-10-12,01:14,2,on/off,on/off,0,20.3,69.5,on,48,20,39,18,,,,
2017-10-12,01:14,1,on/off,on/off,0,20.3,69.5,on,48,20,38,18,,,,
2017-10-12,01:14,0,on/off,on/off,0,20.3,69.5,on,48,20,39,18,,,,
2017-10-12,01:14,0,on/off,on/off,0,20.3,69.5,on,47,20,39,18,,,,
2017-10-12,01:14,0,on/off,on/off,0,20.4,69.6,on,47,20,39,18,,,,
2017-10-12,01:14,0,on/off,on/off,0,20.4,69.6,on,47,21,39,18,,,,
2017-10-12,01:14,0,on/off,on/off,0,20.4,69.6,on,48,21,39,18,,,,
2017-10-12,01:14,0,on/off,on/off,0,20.4,69.6,on,48,20,39,18,,,,
2017-10-12,01:14,0,on/off,on/off,0,20.3,69.3,on,48,20,39,18,,,,
2017-10-12,01:14,0,on/off,on/off,0,20.3,69.3,on,47,20,39,18,,,,
2017-10-12,01:14,0,on/off,on/off,0,20.3,69.3,on,48,20,39,18,,,,
2017-10-12,01:14,0,on/off,on/off,0,20.3,69.3,on,47,20,38,18,,,,
2017-10-12,01:14,0,on/off,on/off,0,20.3,69.4,on,47,21,38,18,,,,
2017-10-12,01:14,0,on/off,on/off,0,20.3,69.4,on,48,20,39,18,,,,
2017-10-12,01:14,0,on/off,on/off,1,20.3,69.4,on,47,20,39,18,,,,
2017-10-12,01:14,0,on/off,on/off,0,20.3,69.4,on,47,20,39,18,,,,
2017-10-12,01:15,0,on/off,on/off,0,20.3,69.4,on,48,20,39,18,,,,
2017-10-12,01:15,0,on/off,on/off,0,20.3,69.4,on,47,20,39,18,,,,
2017-10-12,01:15,0,on/off,on/off,0,20.3,69.4,on,48,20,39,18,,,,
2017-10-12,01:15,3,on/off,on/off,0,20.3,69.4,on,48,20,38,18,,,,
2017-10-12,01:15,0,on/off,on/off,0,20.3,70.7,on,47,21,38,18,,,,
2017-10-12,01:15,1,on/off,on/off,0,20.3,70.7,on,48,20,38,18,,,,
2017-10-12,01:15,0,on/off,on/off,0,20.3,70.7,on,47,20,39,18,,,,
2017-10-12,01:15,0,on/off,on/off,0,20.3,70.7,on,48,20,39,18,,,,
2017-10-12,01:15,0,on/off,on/off,0,20.3,69.4,on,47,21,39,18,,,,
2017-10-12,01:15,0,on/off,on/off,0,20.3,69.4,on,48,20,39,18,,,,
2017-10-12,01:15,0,on/off,on/off,0,20.3,69.4,on,48,20,39,18,,,,
2017-10-12,01:15,0,on/off,on/off,0,20.3,69.4,on,47,21,39,18,,,,
2017-10-12,01:15,0,on/off,on/off,0,20.3,69.3,on,48,20,39,18,,,,
2017-10-12,01:15,0,on/off,on/off,0,20.3,69.3,on,47,21,39,18,,,,
2017-10-12,01:15,0,on/off,on/off,0,20.3,69.3,on,47,20,39,18,,,,
2017-10-12,01:15,0,on/off,on/off,0,20.3,69.3,on,47,20,39,18,,,,
2017-10-12,01:15,0,on/off,on/off,0,20.3,69.5,on,47,20,39,18,,,,
2017-10-12,01:15,0,on/off,on/off,0,20.3,69.5,on,47,20,39,18,,,,
2017-10-12,01:15,0,on/off,on/off,0,20.3,69.5,on,47,20,38,18,,,,
2017-10-12,01:15,0,on/off,on/off,0,20.3,69.5,on,48,20,39,18,,,,
2017-10-12,01:15,0,on/off,on/off,0,20.3,71.5,on,48,20,38,18,,,,
2017-10-12,01:15,0,on/off,on/off,0,20.3,71.5,on,47,20,39,18,,,,
2017-10-12,01:15,0,on/off,on/off,0,20.3,71.5,on,47,20,39,18,,,,
2017-10-12,01:15,0,on/off,on/off,0,20.3,71.5,on,47,20,39,18,,,,
2017-10-12,01:16,0,on/off,on/off,0,20.3,70.5,on,47,20,39,18,,,,
2017-10-12,01:16,0,on/off,on/off,0,20.3,70.5,on,47,20,39,18,,,,
2017-10-12,01:16,0,on/off,on/off,0,20.3,70.5,on,47,20,39,18,,,,
2017-10-12,01:16,0,on/off,on/off,0,20.3,70.5,on,47,20,39,18,,,,
2017-10-12,01:16,0,on/off,on/off,0,20.3,72.3,on,47,20,39,18,,,,
2017-10-12,01:16,0,on/off,on/off,0,20.3,72.3,on,47,20,39,18,,,,
2017-10-12,01:16,0,on/off,on/off,0,20.3,72.3,on,47,20,39,18,,,,
2017-10-12,01:16,1,on/off,on/off,0,20.3,72.3,on,48,21,39,18,,,,
2017-10-12,01:16,0,on/off,on/off,0,20.3,72.1,on,47,20,39,18,,,,
2017-10-12,01:16,0,on/off,on/off,0,20.3,72.1,on,47,20,39,18,,,,
2017-10-12,01:16,1,on/off,on/off,0,20.3,72.1,on,48,20,39,18,,,,
2017-10-12,01:16,0,on/off,on/off,0,20.3,72.1,on,47,20,39,18,,,,
2017-10-12,01:16,0,on/off,on/off,0,20.3,70.3,on,47,20,39,18,,,,
2017-10-12,01:16,0,on/off,on/off,0,20.3,70.3,on,47,21,39,18,,,,
2017-10-12,01:16,0,on/off,on/off,0,20.3,70.3,on,47,20,39,18,,,,
2017-10-12,01:16,0,on/off,on/off,0,20.3,70.3,on,47,20,39,18,,,,
2017-10-12,01:16,0,on/off,on/off,0,20.3,71.4,on,47,20,39,18,,,,
2017-10-12,01:16,0,on/off,on/off,0,20.3,71.4,on,47,20,39,18,,,,
2017-10-12,01:16,0,on/off,on/off,0,20.3,71.4,on,48,20,39,18,,,,
2017-10-12,01:16,4,on/off,on/off,0,20.3,71.4,on,47,20,39,18,,,,
2017-10-12,01:17,1,on/off,on/off,0,20.3,70.3,on,48,20,39,18,,,,
2017-10-12,01:17,0,on/off,on/off,0,20.3,70.3,on,47,20,39,18,,,,
2017-10-12,01:17,0,on/off,on/off,0,20.3,70.3,on,47,20,39,18,,,,
2017-10-12,01:17,0,on/off,on/off,0,20.3,70.3,on,47,20,39,18,,,,
2017-10-12,01:17,0,on/off,on/off,0,20.3,70.1,on,47,20,40,18,,,,
2017-10-12,01:17,0,on/off,on/off,0,20.3,70.1,on,47,20,40,18,,,,
2017-10-12,01:17,0,on/off,on/off,0,20.3,70.1,on,47,20,39,18,,,,
2017-10-12,01:17,0,on/off,on/off,0,20.3,70.1,on,47,20,39,18,,,,
2017-10-12,01:17,0,on/off,on/off,0,20.3,70.9,on,47,20,39,18,,,,
2017-10-12,01:17,0,on/off,on/off,0,20.3,70.9,on,47,20,40,18,,,,
2017-10-12,01:17,0,on/off,on/off,0,20.3,70.9,on,47,20,39,18,,,,
2017-10-12,01:17,0,on/off,on/off,0,20.3,70.9,on,47,20,40,18,,,,
2017-10-12,01:17,0,on/off,on/off,0,20.3,70.3,on,48,20,40,18,,,,
2017-10-12,01:17,0,on/off,on/off,0,20.3,70.3,on,47,20,39,18,,,,
2017-10-12,01:17,0,on/off,on/off,0,20.3,70.3,on,47,20,40,18,,,,
2017-10-12,01:17,0,on/off,on/off,0,20.3,70.3,on,47,20,40,18,,,,
2017-10-12,01:17,0,on/off,on/off,0,20.3,70.0,on,47,20,39,18,,,,
2017-10-12,01:17,0,on/off,on/off,0,20.3,70.0,on,48,20,40,18,,,,
2017-10-12,01:17,0,on/off,on/off,0,20.3,70.0,on,47,20,40,18,,,,
2017-10-12,01:17,0,on/off,on/off,0,20.3,70.0,on,47,20,40,18,,,,
2017-10-12,01:17,0,on/off,on/off,0,20.3,70.0,on,48,20,40,18,,,,
2017-10-12,01:17,0,on/off,on/off,0,20.3,70.0,on,48,20,40,18,,,,
2017-10-12,01:17,0,on/off,on/off,0,20.3,70.0,on,48,20,40,18,,,,
2017-10-12,01:17,0,on/off,on/off,0,20.3,70.0,on,47,20,40,18,,,,
2017-10-12,01:18,0,on/off,on/off,0,20.3,70.8,on,48,20,40,18,,,,
2017-10-12,01:18,0,on/off,on/off,0,20.3,70.8,on,48,20,40,18,,,,
2017-10-12,01:18,0,on/off,on/off,0,20.3,70.8,on,48,20,40,18,,,,
2017-10-12,01:18,0,on/off,on/off,0,20.3,70.8,on,47,20,40,18,,,,
2017-10-12,01:18,0,on/off,on/off,0,20.3,70.0,on,48,20,40,18,,,,
2017-10-12,01:18,1,on/off,on/off,0,20.3,70.0,on,47,20,40,18,,,,
2017-10-12,01:18,0,on/off,on/off,0,20.3,70.0,on,48,20,40,18,,,,
2017-10-12,01:18,0,on/off,on/off,0,20.3,70.0,on,48,20,40,18,,,,
2017-10-12,01:18,0,on/off,on/off,0,20.3,69.9,on,48,20,40,18,,,,
2017-10-12,01:18,0,on/off,on/off,0,20.3,69.9,on,48,20,40,18,,,,
2017-10-12,01:18,0,on/off,on/off,0,20.3,69.9,on,47,20,40,18,,,,
2017-10-12,01:18,0,on/off,on/off,0,20.3,69.9,on,48,20,40,19,,,,
2017-10-12,01:18,3,on/off,on/off,0,20.3,69.8,on,48,20,40,18,,,,
2017-10-12,01:18,0,on/off,on/off,0,20.3,69.8,on,47,20,40,18,,,,
2017-10-12,01:18,0,on/off,on/off,0,20.3,69.8,on,48,20,40,18,,,,
2017-10-12,01:18,0,on/off,on/off,0,20.3,69.8,on,47,20,40,18,,,,
2017-10-12,01:18,0,on/off,on/off,0,20.3,70.0,on,47,20,40,18,,,,
2017-10-12,01:18,0,on/off,on/off,0,20.3,70.0,on,47,20,40,18,,,,
2017-10-12,01:18,0,on/off,on/off,0,20.3,70.0,on,47,20,40,18,,,,
2017-10-12,01:18,0,on/off,on/off,0,20.3,70.0,on,48,20,40,18,,,,
2017-10-12,01:18,0,on/off,on/off,0,20.3,69.7,on,48,20,40,18,,,,
2017-10-12,01:18,0,on/off,on/off,0,20.3,69.7,on,47,20,40,18,,,,
2017-10-12,01:18,1,on/off,on/off,0,20.3,69.7,on,47,20,40,18,,,,
2017-10-12,01:18,0,on/off,on/off,0,20.3,69.7,on,47,20,40,18,,,,
2017-10-12,01:19,0,on/off,on/off,0,20.3,69.8,on,47,20,40,19,,,,
2017-10-12,01:19,1,on/off,on/off,0,20.3,69.8,on,47,20,40,18,,,,
2017-10-12,01:19,0,on/off,on/off,0,20.3,69.8,on,47,20,40,18,,,,
2017-10-12,01:19,0,on/off,on/off,0,20.3,69.8,on,48,20,40,18,,,,
2017-10-12,01:19,0,on/off,on/off,0,20.3,69.8,on,47,20,40,18,,,,
2017-10-12,01:19,0,on/off,on/off,1,20.3,69.8,on,47,20,41,18,,,,
2017-10-12,01:19,0,on/off,on/off,0,20.3,69.8,on,47,20,40,18,,,,
2017-10-12,01:19,0,on/off,on/off,0,20.3,69.8,on,47,21,40,18,,,,
2017-10-12,01:19,0,on/off,on/off,0,20.3,69.9,on,47,20,40,18,,,,
2017-10-12,01:19,0,on/off,on/off,0,20.3,69.9,on,47,20,40,18,,,,
2017-10-12,01:19,0,on/off,on/off,0,20.3,69.9,on,47,20,40,18,,,,
2017-10-12,01:19,0,on/off,on/off,0,20.3,69.9,on,47,20,40,18,,,,
2017-10-12,01:19,0,on/off,on/off,0,20.3,69.8,on,47,20,40,18,,,,
2017-10-12,01:19,0,on/off,on/off,0,20.3,69.8,on,47,20,41,18,,,,
2017-10-12,01:19,0,on/off,on/off,0,20.3,69.8,on,48,20,41,18,,,,
2017-10-12,01:19,0,on/off,on/off,0,20.3,69.8,on,47,20,40,18,,,,
2017-10-12,01:19,0,on/off,on/off,0,20.3,70.1,on,47,20,40,18,,,,
2017-10-12,01:19,0,on/off,on/off,0,20.3,70.1,on,47,20,40,18,,,,
2017-10-12,01:19,0,on/off,on/off,0,20.3,70.1,on,47,20,41,18,,,,
2017-10-12,01:19,0,on/off,on/off,0,20.3,70.1,on,48,20,40,18,,,,
2017-10-12,01:20,0,on/off,on/off,0,20.3,69.6,on,47,20,40,18,,,,
2017-10-12,01:20,0,on/off,on/off,0,20.3,69.6,on,48,20,40,18,,,,
2017-10-12,01:20,2,on/off,on/off,0,20.3,69.6,on,47,20,40,18,,,,
2017-10-12,01:20,2,on/off,on/off,0,20.3,69.6,on,47,20,40,18,,,,
2017-10-12,01:20,0,on/off,on/off,0,20.3,69.5,on,48,20,41,18,,,,
2017-10-12,01:20,0,on/off,on/off,0,20.3,69.5,on,48,20,40,18,,,,
2017-10-12,01:20,0,on/off,on/off,0,20.3,69.5,on,48,20,40,18,,,,
2017-10-12,01:20,0,on/off,on/off,0,20.3,69.5,on,47,20,41,18,,,,
2017-10-12,01:20,0,on/off,on/off,0,20.3,69.5,on,47,20,40,18,,,,
2017-10-12,01:20,0,on/off,on/off,0,20.3,69.5,on,47,20,40,18,,,,
2017-10-12,01:20,0,on/off,on/off,0,20.3,69.5,on,48,20,40,18,,,,
2017-10-12,01:20,0,on/off,on/off,0,20.3,69.5,on,47,20,41,18,,,,
2017-10-12,01:20,0,on/off,on/off,0,20.3,69.5,on,48,20,41,18,,,,
2017-10-12,01:20,0,on/off,on/off,0,20.3,69.5,on,47,20,41,18,,,,
2017-10-12,01:20,0,on/off,on/off,0,20.3,69.5,on,48,20,41,18,,,,
2017-10-12,01:20,0,on/off,on/off,0,20.3,69.5,on,47,20,40,18,,,,
2017-10-12,01:20,0,on/off,on/off,0,20.3,69.5,on,48,20,41,18,,,,
2017-10-12,01:20,0,on/off,on/off,0,20.3,69.5,on,48,20,41,18,,,,
2017-10-12,01:20,0,on/off,on/off,0,20.3,69.5,on,48,20,40,18,,,,
2017-10-12,01:20,0,on/off,on/off,0,20.3,69.5,on,48,20,40,18,,,,
2017-10-12,01:20,0,on/off,on/off,0,20.3,69.2,on,48,20,40,18,,,,
2017-10-12,01:20,0,on/off,on/off,0,20.3,69.2,on,48,20,41,18,,,,
2017-10-12,01:20,3,on/off,on/off,0,20.3,69.2,on,48,20,41,18,,,,
2017-10-12,01:20,0,on/off,on/off,0,20.3,69.2,on,48,20,41,18,,,,
2017-10-12,01:21,0,on/off,on/off,0,20.3,69.5,on,48,20,41,18,,,,
2017-10-12,01:21,1,on/off,on/off,0,20.3,69.5,on,48,20,40,18,,,,
2017-10-12,01:21,0,on/off,on/off,0,20.3,69.5,on,48,20,40,18,,,,
2017-10-12,01:21,0,on/off,on/off,0,20.3,69.5,on,48,20,41,18,,,,
2017-10-12,01:21,0,on/off,on/off,0,20.3,69.7,on,47,20,40,18,,,,
2017-10-12,01:21,3,on/off,on/off,0,20.3,69.7,on,48,20,41,18,,,,
2017-10-12,01:21,0,on/off,on/off,0,20.3,69.7,on,48,20,41,18,,,,
2017-10-12,01:21,0,on/off,on/off,0,20.3,69.7,on,47,20,41,18,,,,
2017-10-12,01:21,2,on/off,on/off,0,20.3,69.8,on,48,20,41,18,,,,
2017-10-12,01:21,0,on/off,on/off,0,20.3,69.8,on,48,20,41,18,,,,
2017-10-12,01:21,0,on/off,on/off,0,20.3,69.8,on,48,20,41,18,,,,
2017-10-12,01:21,0,on/off,on/off,0,20.3,69.8,on,48,20,41,18,,,,
2017-10-12,01:21,2,on/off,on/off,0,20.3,69.7,on,47,20,40,18,,,,
2017-10-12,01:21,0,on/off,on/off,0,20.3,69.7,on,48,20,41,18,,,,
2017-10-12,01:21,0,on/off,on/off,0,20.3,69.7,on,48,20,41,18,,,,
2017-10-12,01:21,1,on/off,on/off,0,20.3,69.7,on,47,20,41,18,,,,
2017-10-12,01:21,0,on/off,on/off,0,20.3,69.8,on,48,20,40,18,,,,
2017-10-12,01:21,0,on/off,on/off,0,20.3,69.8,on,47,20,41,18,,,,
2017-10-12,01:21,0,on/off,on/off,0,20.3,69.8,on,48,20,41,18,,,,
2017-10-12,01:21,0,on/off,on/off,0,20.3,69.8,on,47,20,41,18,,,,
2017-10-12,01:22,0,on/off,on/off,0,20.3,71.1,on,47,20,41,18,,,,
2017-10-12,01:22,0,on/off,on/off,0,20.3,71.1,on,48,20,41,18,,,,
2017-10-12,01:22,0,on/off,on/off,0,20.3,71.1,on,48,20,41,18,,,,
2017-10-12,01:22,0,on/off,on/off,0,20.3,71.1,on,47,20,41,18,,,,
2017-10-12,01:22,2,on/off,on/off,0,20.3,71.3,on,47,20,41,18,,,,
2017-10-12,01:22,0,on/off,on/off,0,20.3,71.3,on,47,20,41,18,,,,
2017-10-12,01:22,0,on/off,on/off,0,20.3,71.3,on,48,20,41,18,,,,
2017-10-12,01:22,0,on/off,on/off,0,20.3,71.3,on,48,20,41,18,,,,
2017-10-12,01:22,0,on/off,on/off,0,20.3,72.1,on,48,20,41,18,,,,
2017-10-12,01:22,0,on/off,on/off,0,20.3,72.1,on,48,20,41,18,,,,
2017-10-12,01:22,2,on/off,on/off,0,20.3,72.1,on,48,20,41,18,,,,
2017-10-12,01:22,0,on/off,on/off,0,20.3,72.1,on,48,20,41,18,,,,
2017-10-12,01:22,0,on/off,on/off,0,20.3,72.3,on,48,20,41,18,,,,
2017-10-12,01:22,0,on/off,on/off,0,20.3,72.3,on,47,20,41,18,,,,
2017-10-12,01:22,0,on/off,on/off,0,20.3,72.3,on,47,20,41,18,,,,
2017-10-12,01:22,0,on/off,on/off,0,20.3,72.3,on,48,20,41,18,,,,
2017-10-12,01:22,0,on/off,on/off,0,20.3,72.9,on,47,20,41,18,,,,
2017-10-12,01:22,0,on/off,on/off,0,20.3,72.9,on,48,20,41,19,,,,
2017-10-12,01:22,0,on/off,on/off,0,20.3,72.9,on,48,20,40,18,,,,
2017-10-12,01:22,0,on/off,on/off,0,20.3,72.9,on,47,20,41,18,,,,
2017-10-12,01:22,0,on/off,on/off,0,20.3,73.1,on,47,20,41,18,,,,
2017-10-12,01:22,0,on/off,on/off,0,20.3,73.1,on,48,20,41,18,,,,
2017-10-12,01:22,2,on/off,on/off,0,20.3,73.1,on,48,20,41,18,,,,
2017-10-12,01:22,0,on/off,on/off,0,20.3,73.1,on,48,20,40,18,,,,
2017-10-12,01:23,0,on/off,on/off,0,20.3,70.9,on,48,20,40,18,,,,
2017-10-12,01:23,3,on/off,on/off,0,20.3,70.9,on,48,20,41,18,,,,
2017-10-12,01:23,0,on/off,on/off,0,20.3,70.9,on,48,20,41,18,,,,
2017-10-12,01:23,0,on/off,on/off,0,20.3,70.9,on,48,20,41,18,,,,
2017-10-12,01:23,0,on/off,on/off,0,20.3,70.5,on,48,20,40,18,,,,
2017-10-12,01:23,0,on/off,on/off,0,20.3,70.5,on,47,20,41,18,,,,
2017-10-12,01:23,0,on/off,on/off,0,20.3,70.5,on,48,20,41,18,,,,
2017-10-12,01:23,0,on/off,on/off,0,20.3,70.5,on,47,20,41,18,,,,
2017-10-12,01:23,0,on/off,on/off,0,20.3,70.5,on,48,20,41,18,,,,
2017-10-12,01:23,4,on/off,on/off,0,20.3,70.5,on,48,20,41,18,,,,
2017-10-12,01:23,0,on/off,on/off,0,20.3,70.5,on,48,20,41,18,,,,
2017-10-12,01:23,0,on/off,on/off,0,20.3,70.5,on,48,20,41,18,,,,
2017-10-12,01:23,0,on/off,on/off,0,20.3,71.0,on,48,20,41,18,,,,
2017-10-12,01:23,0,on/off,on/off,1,20.3,71.0,on,48,20,41,18,,,,
2017-10-12,01:23,0,on/off,on/off,0,20.3,71.0,on,48,20,41,18,,,,
2017-10-12,01:23,0,on/off,on/off,0,20.3,71.0,on,48,20,41,18,,,,
2017-10-12,01:23,0,on/off,on/off,0,20.3,71.7,on,48,20,41,18,,,,
2017-10-12,01:23,0,on/off,on/off,0,20.3,71.7,on,48,20,41,18,,,,
2017-10-12,01:23,0,on/off,on/off,0,20.3,71.7,on,48,20,41,18,,,,
2017-10-12,01:23,0,on/off,on/off,0,20.3,71.7,on,48,20,41,18,,,,
2017-10-12,01:24,2,on/off,on/off,0,20.3,71.6,on,48,20,41,18,,,,
2017-10-12,01:24,0,on/off,on/off,0,20.3,71.6,on,47,20,41,18,,,,
2017-10-12,01:24,5,on/off,on/off,0,20.3,71.6,on,48,20,41,18,,,,
2017-10-12,01:24,0,on/off,on/off,0,20.3,71.6,on,48,20,41,18,,,,
2017-10-12,01:24,0,on/off,on/off,0,20.3,70.4,on,47,20,41,18,,,,
2017-10-12,01:24,0,on/off,on/off,0,20.3,70.4,on,48,20,41,18,,,,
2017-10-12,01:24,0,on/off,on/off,0,20.3,70.4,on,48,20,41,18,,,,
2017-10-12,01:24,0,on/off,on/off,0,20.3,70.4,on,47,20,41,18,,,,
2017-10-12,01:24,4,on/off,on/off,0,20.3,72.3,on,47,20,41,18,,,,
2017-10-12,01:24,3,on/off,on/off,0,20.3,72.3,on,48,20,41,18,,,,
2017-10-12,01:24,0,on/off,on/off,0,20.3,72.3,on,48,20,41,18,,,,
2017-10-12,01:24,0,on/off,on/off,0,20.3,72.3,on,48,20,41,18,,,,
2017-10-12,01:24,0,on/off,on/off,0,20.3,72.8,on,48,20,41,18,,,,
2017-10-12,01:24,0,on/off,on/off,0,20.3,72.8,on,48,20,41,18,,,,
2017-10-12,01:24,0,on/off,on/off,0,20.3,72.8,on,47,20,41,18,,,,
2017-10-12,01:24,0,on/off,on/off,0,20.3,72.8,on,47,20,41,18,,,,
2017-10-12,01:24,0,on/off,on/off,0,20.2,70.9,on,47,20,41,18,,,,
2017-10-12,01:24,0,on/off,on/off,0,20.2,70.9,on,48,20,41,18,,,,
2017-10-12,01:24,0,on/off,on/off,0,20.2,70.9,on,47,20,41,18,,,,
2017-10-12,01:24,0,on/off,on/off,0,20.2,70.9,on,47,20,41,18,,,,
2017-10-12,01:24,0,on/off,on/off,0,20.3,70.1,on,47,20,41,18,,,,
2017-10-12,01:24,0,on/off,on/off,0,20.3,70.1,on,47,20,41,18,,,,
2017-10-12,01:24,5,on/off,on/off,0,20.3,70.1,on,48,20,41,18,,,,
2017-10-12,01:24,1,on/off,on/off,0,20.3,70.1,on,48,20,41,18,,,,
2017-10-12,01:25,0,on/off,on/off,0,20.3,70.7,on,48,20,41,18,,,,
2017-10-12,01:25,0,on/off,on/off,0,20.3,70.7,on,47,20,40,18,,,,
2017-10-12,01:25,1,on/off,on/off,0,20.3,70.7,on,47,20,41,18,,,,
2017-10-12,01:25,0,on/off,on/off,0,20.3,70.7,on,47,20,41,18,,,,
2017-10-12,01:25,0,on/off,on/off,0,20.3,70.4,on,47,20,41,18,,,,
2017-10-12,01:25,0,on/off,on/off,0,20.3,70.4,on,48,20,41,18,,,,
2017-10-12,01:25,0,on/off,on/off,0,20.3,70.4,on,48,20,41,18,,,,
2017-10-12,01:25,0,on/off,on/off,0,20.3,70.4,on,47,20,41,18,,,,
2017-10-12,01:25,0,on/off,on/off,0,20.3,69.8,on,47,20,41,18,,,,
2017-10-12,01:25,0,on/off,on/off,0,20.3,69.8,on,47,20,41,18,,,,
2017-10-12,01:25,0,on/off,on/off,0,20.3,69.8,on,48,20,41,18,,,,
2017-10-12,01:25,5,on/off,on/off,0,20.3,69.8,on,48,20,41,18,,,,
2017-10-12,01:25,0,on/off,on/off,0,20.3,69.8,on,48,20,41,18,,,,
2017-10-12,01:25,0,on/off,on/off,0,20.3,69.8,on,47,20,41,18,,,,
2017-10-12,01:25,0,on/off,on/off,0,20.3,69.8,on,48,20,41,18,,,,
2017-10-12,01:25,0,on/off,on/off,0,20.3,69.8,on,48,20,41,18,,,,
2017-10-12,01:25,0,on/off,on/off,0,20.3,70.1,on,48,20,41,18,,,,
2017-10-12,01:25,0,on/off,on/off,0,20.3,70.1,on,47,20,41,18,,,,
2017-10-12,01:25,0,on/off,on/off,0,20.3,70.1,on,47,20,41,18,,,,
2017-10-12,01:25,0,on/off,on/off,0,20.3,70.1,on,47,20,41,18,,,,
2017-10-12,01:26,0,on/off,on/off,0,20.3,69.7,on,47,20,41,18,,,,
2017-10-12,01:26,0,on/off,on/off,0,20.3,69.7,on,47,20,41,18,,,,
2017-10-12,01:26,0,on/off,on/off,0,20.3,69.7,on,47,20,41,18,,,,
2017-10-12,01:26,0,on/off,on/off,0,20.3,69.7,on,47,20,41,18,,,,
2017-10-12,01:26,0,on/off,on/off,0,20.3,69.8,on,47,20,41,18,,,,
2017-10-12,01:26,0,on/off,on/off,0,20.3,69.8,on,47,20,41,18,,,,
2017-10-12,01:26,0,on/off,on/off,0,20.3,69.8,on,48,21,41,18,,,,
2017-10-12,01:26,0,on/off,on/off,0,20.3,69.8,on,48,20,40,18,,,,
2017-10-12,01:26,1,on/off,on/off,0,20.3,69.9,on,47,20,40,18,,,,
2017-10-12,01:26,0,on/off,on/off,0,20.3,69.9,on,47,20,41,18,,,,
2017-10-12,01:26,0,on/off,on/off,0,20.3,69.9,on,48,20,41,18,,,,
2017-10-12,01:26,0,on/off,on/off,0,20.3,69.9,on,47,20,41,18,,,,
2017-10-12,01:26,0,on/off,on/off,0,20.3,69.6,on,48,20,41,18,,,,
2017-10-12,01:26,0,on/off,on/off,0,20.3,69.6,on,47,20,41,18,,,,
2017-10-12,01:26,2,on/off,on/off,0,20.3,69.6,on,48,20,41,18,,,,
2017-10-12,01:26,0,on/off,on/off,0,20.3,69.6,on,47,20,41,18,,,,
2017-10-12,01:26,0,on/off,on/off,0,20.3,69.5,on,47,20,41,18,,,,
2017-10-12,01:26,0,on/off,on/off,0,20.3,69.5,on,47,20,41,18,,,,
2017-10-12,01:26,2,on/off,on/off,0,20.3,69.5,on,48,20,41,18,,,,
2017-10-12,01:26,0,on/off,on/off,0,20.3,69.5,on,47,20,41,18,,,,
2017-10-12,01:26,0,on/off,on/off,0,20.3,69.7,on,47,20,41,18,,,,
2017-10-12,01:26,0,on/off,on/off,0,20.3,69.7,on,47,20,41,18,,,,
2017-10-12,01:26,0,on/off,on/off,0,20.3,69.7,on,47,21,41,18,,,,
2017-10-12,01:26,3,on/off,on/off,0,20.3,69.7,on,47,20,41,18,,,,
2017-10-12,01:27,0,on/off,on/off,0,20.3,69.7,on,48,20,41,18,,,,
2017-10-12,01:27,1,on/off,on/off,0,20.3,69.7,on,47,20,41,18,,,,
2017-10-12,01:27,0,on/off,on/off,0,20.3,69.7,on,47,20,41,18,,,,
2017-10-12,01:27,0,on/off,on/off,0,20.3,69.7,on,47,21,41,18,,,,
2017-10-12,01:27,0,on/off,on/off,0,20.3,69.6,on,47,20,41,18,,,,
2017-10-12,01:27,0,on/off,on/off,0,20.3,69.6,on,48,20,41,18,,,,
2017-10-12,01:27,0,on/off,on/off,0,20.3,69.6,on,47,20,41,18,,,,
2017-10-12,01:27,0,on/off,on/off,0,20.3,69.6,on,47,20,41,18,,,,
2017-10-12,01:27,0,on/off,on/off,0,20.3,69.7,on,48,20,41,18,,,,
2017-10-12,01:27,0,on/off,on/off,0,20.3,69.7,on,48,20,40,18,,,,
2017-10-12,01:27,0,on/off,on/off,0,20.3,69.7,on,47,20,41,18,,,,
2017-10-12,01:27,0,on/off,on/off,0,20.3,69.7,on,47,20,41,18,,,,
2017-10-12,01:27,0,on/off,on/off,0,20.3,69.6,on,47,20,41,18,,,,
2017-10-12,01:27,0,on/off,on/off,0,20.3,69.6,on,47,20,41,18,,,,
2017-10-12,01:27,0,on/off,on/off,0,20.3,69.6,on,47,20,41,18,,,,
2017-10-12,01:27,3,on/off,on/off,0,20.3,69.6,on,47,20,41,18,,,,
2017-10-12,01:27,0,on/off,on/off,0,20.3,69.4,on,47,20,41,18,,,,
2017-10-12,01:27,0,on/off,on/off,0,20.3,69.4,on,47,20,41,18,,,,
2017-10-12,01:27,0,on/off,on/off,0,20.3,69.4,on,47,20,41,18,,,,
2017-10-12,01:27,0,on/off,on/off,0,20.3,69.4,on,47,20,41,18,,,,
2017-10-12,01:28,0,on/off,on/off,0,20.3,69.4,on,47,20,41,18,,,,
2017-10-12,01:28,3,on/off,on/off,0,20.3,69.4,on,47,20,41,18,,,,
2017-10-12,01:28,0,on/off,on/off,0,20.3,69.4,on,47,20,41,18,,,,
2017-10-12,01:28,0,on/off,on/off,0,20.3,69.4,on,47,20,41,18,,,,
2017-10-12,01:28,0,on/off,on/off,0,20.3,69.2,on,47,20,41,18,,,,
2017-10-12,01:28,0,on/off,on/off,0,20.3,69.2,on,47,20,41,18,,,,
2017-10-12,01:28,1,on/off,on/off,0,20.3,69.2,on,47,20,40,18,,,,
2017-10-12,01:28,0,on/off,on/off,0,20.3,69.2,on,47,20,41,18,,,,
2017-10-12,01:28,0,on/off,on/off,0,20.3,69.3,on,47,20,41,18,,,,
2017-10-12,01:28,0,on/off,on/off,0,20.3,69.3,on,47,20,41,18,,,,
2017-10-12,01:28,0,on/off,on/off,0,20.3,69.3,on,48,21,41,18,,,,
2017-10-12,01:28,0,on/off,on/off,0,20.3,69.3,on,48,20,41,18,,,,
2017-10-12,01:28,0,on/off,on/off,0,20.3,69.3,on,47,20,41,18,,,,
2017-10-12,01:28,0,on/off,on/off,0,20.3,69.3,on,47,20,41,18,,,,
2017-10-12,01:28,0,on/off,on/off,0,20.3,69.3,on,47,20,41,18,,,,
2017-10-12,01:28,3,on/off,on/off,0,20.3,69.3,on,47,20,41,18,,,,
2017-10-12,01:28,0,on/off,on/off,0,20.3,69.4,on,47,20,41,18,,,,
2017-10-12,01:28,0,on/off,on/off,0,20.3,69.4,on,47,20,41,18,,,,
2017-10-12,01:28,0,on/off,on/off,0,20.3,69.4,on,47,20,41,18,,,,
2017-10-12,01:28,2,on/off,on/off,0,20.3,69.4,on,47,20,41,18,,,,
2017-10-12,01:28,2,on/off,on/off,0,20.3,69.7,on,47,20,41,18,,,,
2017-10-12,01:28,0,on/off,on/off,0,20.3,69.7,on,48,20,41,18,,,,
2017-10-12,01:28,0,on/off,on/off,0,20.3,69.7,on,47,20,41,18,,,,
2017-10-12,01:28,0,on/off,on/off,0,20.3,69.7,on,47,20,41,18,,,,
2017-10-12,01:29,0,on/off,on/off,0,20.3,69.5,on,47,21,41,18,,,,
2017-10-12,01:29,4,on/off,on/off,0,20.3,69.5,on,47,20,41,18,,,,
2017-10-12,01:29,0,on/off,on/off,0,20.3,69.5,on,47,20,41,18,,,,
2017-10-12,01:29,0,on/off,on/off,0,20.3,69.5,on,47,20,41,18,,,,
2017-10-12,01:29,0,on/off,on/off,0,20.3,69.4,on,47,20,41,18,,,,
2017-10-12,01:29,0,on/off,on/off,0,20.3,69.4,on,47,20,40,18,,,,
2017-10-12,01:29,0,on/off,on/off,0,20.3,69.4,on,47,20,41,18,,,,
2017-10-12,01:29,1,on/off,on/off,0,20.3,69.4,on,47,20,41,18,,,,
2017-10-12,01:29,0,on/off,on/off,0,20.3,70.0,on,47,20,41,18,,,,
2017-10-12,01:29,0,on/off,on/off,0,20.3,70.0,on,47,20,41,18,,,,
2017-10-12,01:29,0,on/off,on/off,0,20.3,70.0,on,48,20,41,18,,,,
2017-10-12,01:29,0,on/off,on/off,0,20.3,70.0,on,47,20,41,18,,,,
2017-10-12,01:29,0,on/off,on/off,0,20.3,70.5,on,47,20,41,18,,,,
2017-10-12,01:29,0,on/off,on/off,0,20.3,70.5,on,47,20,41,18,,,,
2017-10-12,01:29,0,on/off,on/off,0,20.3,70.5,on,47,20,41,18,,,,
2017-10-12,01:29,4,on/off,on/off,0,20.3,70.5,on,48,20,41,18,,,,
2017-10-12,01:29,0,on/off,on/off,0,20.3,69.9,on,48,20,40,18,,,,
2017-10-12,01:29,0,on/off,on/off,0,20.3,69.9,on,47,20,41,18,,,,
2017-10-12,01:29,0,on/off,on/off,0,20.3,69.9,on,47,20,41,18,,,,
2017-10-12,01:29,0,on/off,on/off,1,20.3,69.9,on,47,20,41,18,,,,
2017-10-12,01:29,0,on/off,on/off,0,20.3,70.2,on,47,20,41,18,,,,
2017-10-12,01:29,0,on/off,on/off,0,20.3,70.2,on,47,20,41,18,,,,
2017-10-12,01:29,0,on/off,on/off,0,20.3,70.2,on,47,20,41,18,,,,
2017-10-12,01:29,0,on/off,on/off,0,20.3,70.2,on,48,20,41,18,,,,
2017-10-12,01:30,0,on/off,on/off,0,20.3,70.5,on,47,20,41,18,,,,
2017-10-12,01:30,4,on/off,on/off,0,20.3,70.5,on,47,20,41,18,,,,
2017-10-12,01:30,0,on/off,on/off,0,20.3,70.5,on,48,20,41,18,,,,
2017-10-12,01:30,0,on/off,on/off,0,20.3,70.5,on,47,20,41,18,,,,
2017-10-12,01:30,0,on/off,on/off,0,20.3,70.6,on,47,20,41,18,,,,
2017-10-12,01:30,0,on/off,on/off,0,20.3,70.6,on,47,20,41,18,,,,
2017-10-12,01:30,1,on/off,on/off,0,20.3,70.6,on,47,20,41,18,,,,
2017-10-12,01:30,0,on/off,on/off,0,20.3,70.6,on,47,20,41,18,,,,
2017-10-12,01:30,0,on/off,on/off,0,20.3,69.8,on,47,20,41,18,,,,
2017-10-12,01:30,0,on/off,on/off,0,20.3,69.8,on,47,20,41,18,,,,
2017-10-12,01:30,6,on/off,on/off,0,20.3,69.8,on,47,20,41,18,,,,
2017-10-12,01:30,0,on/off,on/off,0,20.3,69.8,on,47,20,41,18,,,,
2017-10-12,01:30,2,on/off,on/off,0,20.3,69.6,on,47,20,41,18,,,,
2017-10-12,01:30,0,on/off,on/off,0,20.3,69.6,on,47,20,41,18,,,,
2017-10-12,01:30,0,on/off,on/off,0,20.3,69.6,on,47,20,41,18,,,,
2017-10-12,01:30,0,on/off,on/off,0,20.3,69.6,on,48,20,41,18,,,,
2017-10-12,01:30,0,on/off,on/off,0,20.3,69.8,on,47,20,41,18,,,,
2017-10-12,01:30,0,on/off,on/off,0,20.3,69.8,on,47,20,41,18,,,,
2017-10-12,01:30,0,on/off,on/off,0,20.3,69.8,on,47,20,41,18,,,,
2017-10-12,01:30,2,on/off,on/off,0,20.3,69.8,on,47,20,41,18,,,,
2017-10-12,01:31,3,on/off,on/off,0,20.3,69.7,on,48,20,41,18,,,,
2017-10-12,01:31,0,on/off,on/off,0,20.3,69.7,on,47,20,41,18,,,,
2017-10-12,01:31,0,on/off,on/off,0,20.3,69.7,on,47,20,41,18,,,,
2017-10-12,01:31,0,on/off,on/off,0,20.3,69.7,on,47,20,41,18,,,,
2017-10-12,01:31,0,on/off,on/off,0,20.3,69.3,on,47,20,41,18,,,,
2017-10-12,01:31,0,on/off,on/off,0,20.3,69.3,on,47,21,41,18,,,,
2017-10-12,01:31,0,on/off,on/off,0,20.3,69.3,on,47,20,41,18,,,,
2017-10-12,01:31,1,on/off,on/off,0,20.3,69.3,on,47,21,41,18,,,,
2017-10-12,01:31,0,on/off,on/off,0,20.3,71.0,on,47,20,41,18,,,,
2017-10-12,01:31,2,on/off,on/off,0,20.3,71.0,on,47,20,41,18,,,,
2017-10-12,01:31,0,on/off,on/off,0,20.3,71.0,on,47,20,41,18,,,,
2017-10-12,01:31,0,on/off,on/off,0,20.3,71.0,on,47,20,41,18,,,,
2017-10-12,01:31,0,on/off,on/off,0,20.3,70.7,on,47,20,41,18,,,,
2017-10-12,01:31,0,on/off,on/off,0,20.3,70.7,on,47,21,41,18,,,,
2017-10-12,01:31,0,on/off,on/off,0,20.3,70.7,on,47,20,41,18,,,,
2017-10-12,01:31,0,on/off,on/off,0,20.3,70.7,on,47,20,41,18,,,,
2017-10-12,01:31,0,on/off,on/off,0,20.3,71.5,on,48,20,41,18,,,,
2017-10-12,01:31,2,on/off,on/off,0,20.3,71.5,on,47,21,41,18,,,,
2017-10-12,01:31,0,on/off,on/off,0,20.3,71.5,on,48,20,41,18,,,,
2017-10-12,01:31,0,on/off,on/off,0,20.3,71.5,on,47,20,41,18,,,,
2017-10-12,01:31,0,on/off,on/off,0,20.3,71.9,on,47,20,41,18,,,,
2017-10-12,01:31,0,on/off,on/off,0,20.3,71.9,on,47,20,41,18,,,,
2017-10-12,01:31,0,on/off,on/off,0,20.3,71.9,on,47,20,41,18,,,,
2017-10-12,01:31,2,on/off,on/off,0,20.3,71.9,on,47,20,41,18,,,,
2017-10-12,01:32,0,on/off,on/off,0,20.3,71.7,on,47,20,41,18,,,,
2017-10-12,01:32,0,on/off,on/off,0,20.3,71.7,on,47,21,41,18,,,,
2017-10-12,01:32,0,on/off,on/off,0,20.3,71.7,on,47,20,41,18,,,,
2017-10-12,01:32,0,on/off,on/off,0,20.3,71.7,on,47,20,40,18,,,,
2017-10-12,01:32,0,on/off,on/off,0,20.3,71.9,on,47,20,41,18,,,,
2017-10-12,01:32,0,on/off,on/off,0,20.3,71.9,on,47,20,41,18,,,,
2017-10-12,01:32,0,on/off,on/off,0,20.3,71.9,on,47,20,41,18,,,,
2017-10-12,01:32,0,on/off,on/off,0,20.3,71.9,on,47,20,41,18,,,,
2017-10-12,01:32,0,on/off,on/off,0,20.2,70.3,on,47,20,41,18,,,,
2017-10-12,01:32,0,on/off,on/off,0,20.2,70.3,on,48,20,41,18,,,,
2017-10-12,01:32,0,on/off,on/off,0,20.2,70.3,on,47,20,41,18,,,,
2017-10-12,01:32,0,on/off,on/off,0,20.2,70.3,on,47,20,41,18,,,,
2017-10-12,01:32,0,on/off,on/off,0,20.3,70.2,on,47,20,41,18,,,,
2017-10-12,01:32,0,on/off,on/off,0,20.3,70.2,on,47,20,41,18,,,,
2017-10-12,01:32,0,on/off,on/off,0,20.3,70.2,on,47,20,40,18,,,,
2017-10-12,01:32,0,on/off,on/off,0,20.3,70.2,on,48,20,41,18,,,,
2017-10-12,01:32,0,on/off,on/off,0,20.2,69.8,on,47,20,41,18,,,,
2017-10-12,01:32,0,on/off,on/off,0,20.2,69.8,on,47,20,40,18,,,,
2017-10-12,01:32,2,on/off,on/off,0,20.2,69.8,on,48,20,41,18,,,,
2017-10-12,01:32,0,on/off,on/off,0,20.2,69.8,on,47,20,41,18,,,,
2017-10-12,01:33,0,on/off,on/off,0,20.2,69.4,on,47,20,41,18,,,,
2017-10-12,01:33,0,on/off,on/off,0,20.2,69.4,on,47,20,41,18,,,,
2017-10-12,01:33,0,on/off,on/off,0,20.2,69.4,on,47,20,41,18,,,,
2017-10-12,01:33,0,on/off,on/off,0,20.2,69.4,on,47,20,41,18,,,,
2017-10-12,01:33,0,on/off,on/off,0,20.3,69.7,on,47,20,41,18,,,,
2017-10-12,01:33,0,on/off,on/off,0,20.3,69.7,on,47,20,41,18,,,,
2017-10-12,01:33,3,on/off,on/off,0,20.3,69.7,on,48,20,41,18,,,,
2017-10-12,01:33,0,on/off,on/off,0,20.3,69.7,on,47,20,41,18,,,,
2017-10-12,01:33,0,on/off,on/off,0,20.3,70.0,on,47,20,41,18,,,,
2017-10-12,01:33,0,on/off,on/off,0,20.3,70.0,on,47,20,41,18,,,,
2017-10-12,01:33,0,on/off,on/off,0,20.3,70.0,on,47,20,41,18,,,,
2017-10-12,01:33,0,on/off,on/off,0,20.3,70.0,on,47,20,41,18,,,,
2017-10-12,01:33,0,on/off,on/off,0,20.3,69.4,on,47,21,41,18,,,,
2017-10-12,01:33,0,on/off,on/off,0,20.3,69.4,on,47,20,40,18,,,,
2017-10-12,01:33,1,on/off,on/off,0,20.3,69.4,on,47,20,41,18,,,,
2017-10-12,01:33,0,on/off,on/off,0,20.3,69.4,on,47,20,41,18,,,,
2017-10-12,01:33,0,on/off,on/off,0,20.3,69.3,on,47,20,41,18,,,,
2017-10-12,01:33,0,on/off,on/off,0,20.3,69.3,on,47,20,40,18,,,,
2017-10-12,01:33,0,on/off,on/off,0,20.3,69.3,on,47,20,41,18,,,,
2017-10-12,01:33,0,on/off,on/off,0,20.3,69.3,on,47,20,41,18,,,,
2017-10-12,01:33,5,on/off,on/off,0,20.3,69.8,on,47,21,41,18,,,,
2017-10-12,01:33,0,on/off,on/off,0,20.3,69.8,on,47,20,41,18,,,,
2017-10-12,01:33,0,on/off,on/off,0,20.3,69.8,on,47,20,41,18,,,,
2017-10-12,01:33,0,on/off,on/off,0,20.3,69.8,on,47,20,41,18,,,,
2017-10-12,01:34,0,on/off,on/off,0,20.3,69.4,on,48,20,41,18,,,,
2017-10-12,01:34,5,on/off,on/off,0,20.3,69.4,on,47,21,41,18,,,,
2017-10-12,01:34,0,on/off,on/off,0,20.3,69.4,on,47,20,41,18,,,,
2017-10-12,01:34,0,on/off,on/off,0,20.3,69.4,on,47,20,41,18,,,,
2017-10-12,01:34,0,on/off,on/off,0,20.3,69.3,on,47,20,41,18,,,,
2017-10-12,01:34,0,on/off,on/off,0,20.3,69.3,on,47,20,40,18,,,,
2017-10-12,01:34,1,on/off,on/off,0,20.3,69.3,on,47,20,40,18,,,,
2017-10-12,01:34,0,on/off,on/off,0,20.3,69.3,on,47,20,41,18,,,,
2017-10-12,01:34,0,on/off,on/off,0,20.3,69.4,on,47,20,41,18,,,,
2017-10-12,01:34,0,on/off,on/off,0,20.3,69.4,on,47,21,41,18,,,,
2017-10-12,01:34,0,on/off,on/off,0,20.3,69.4,on,47,20,41,18,,,,
2017-10-12,01:34,0,on/off,on/off,0,20.3,69.4,on,47,20,40,18,,,,
2017-10-12,01:34,2,on/off,on/off,0,20.3,69.1,on,47,20,41,19,,,,
2017-10-12,01:34,0,on/off,on/off,0,20.3,69.1,on,47,20,41,18,,,,
2017-10-12,01:34,0,on/off,on/off,0,20.3,69.1,on,47,21,41,18,,,,
2017-10-12,01:34,0,on/off,on/off,0,20.3,69.1,on,47,20,40,18,,,,
2017-10-12,01:34,0,on/off,on/off,0,20.3,69.1,on,47,20,40,18,,,,
2017-10-12,01:34,0,on/off,on/off,0,20.3,69.1,on,47,20,40,18,,,,
2017-10-12,01:34,0,on/off,on/off,0,20.3,69.1,on,48,20,40,18,,,,
2017-10-12,01:34,0,on/off,on/off,0,20.3,69.1,on,47,20,41,18,,,,
2017-10-12,01:35,3,on/off,on/off,0,20.3,69.2,on,47,20,41,18,,,,
2017-10-12,01:35,0,on/off,on/off,0,20.3,69.2,on,47,20,40,18,,,,
2017-10-12,01:35,0,on/off,on/off,0,20.3,69.2,on,47,20,41,18,,,,
2017-10-12,01:35,0,on/off,on/off,0,20.3,69.2,on,47,20,40,18,,,,
2017-10-12,01:35,0,on/off,on/off,0,20.3,69.2,on,47,20,40,18,,,,
2017-10-12,01:35,0,on/off,on/off,0,20.3,69.2,on,47,20,41,18,,,,
2017-10-12,01:35,0,on/off,on/off,0,20.3,69.2,on,47,20,41,18,,,,
2017-10-12,01:35,0,on/off,on/off,0,20.3,69.2,on,47,20,41,18,,,,
2017-10-12,01:35,0,on/off,on/off,0,20.3,69.1,on,47,20,41,18,,,,
2017-10-12,01:35,0,on/off,on/off,0,20.3,69.1,on,47,20,41,18,,,,
2017-10-12,01:35,5,on/off,on/off,0,20.3,69.1,on,47,20,41,18,,,,
2017-10-12,01:35,0,on/off,on/off,0,20.3,69.1,on,47,20,40,18,,,,
2017-10-12,01:35,0,on/off,on/off,0,20.3,69.3,on,47,20,40,18,,,,
2017-10-12,01:35,0,on/off,on/off,0,20.3,69.3,on,47,20,41,18,,,,
2017-10-12,01:35,0,on/off,on/off,0,20.3,69.3,on,47,20,40,18,,,,
2017-10-12,01:35,0,on/off,on/off,0,20.3,69.3,on,47,21,41,18,,,,
2017-10-12,01:35,1,on/off,on/off,0,20.3,69.4,on,47,20,41,18,,,,
2017-10-12,01:35,0,on/off,on/off,0,20.3,69.4,on,47,21,41,18,,,,
2017-10-12,01:35,0,on/off,on/off,0,20.3,69.4,on,47,21,41,18,,,,
2017-10-12,01:35,0,on/off,on/off,0,20.3,69.4,on,47,20,40,18,,,,
2017-10-12,01:35,0,on/off,on/off,0,20.3,69.3,on,47,21,40,18,,,,
2017-10-12,01:35,0,on/off,on/off,0,20.3,69.3,on,47,20,40,18,,,,
2017-10-12,01:35,0,on/off,on/off,0,20.3,69.3,on,47,20,40,18,,,,
2017-10-12,01:35,0,on/off,on/off,0,20.3,69.3,on,47,20,41,18,,,,
2017-10-12,01:36,0,on/off,on/off,0,20.3,69.1,on,48,20,41,18,,,,
2017-10-12,01:36,0,on/off,on/off,0,20.3,69.1,on,48,20,40,18,,,,
2017-10-12,01:36,0,on/off,on/off,0,20.3,69.1,on,47,20,40,18,,,,
2017-10-12,01:36,0,on/off,on/off,0,20.3,69.1,on,47,20,41,18,,,,
2017-10-12,01:36,0,on/off,on/off,0,20.3,70.9,on,47,20,40,18,,,,
2017-10-12,01:36,0,on/off,on/off,0,20.3,70.9,on,48,20,40,18,,,,
2017-10-12,01:36,0,on/off,on/off,0,20.3,70.9,on,47,20,41,18,,,,
2017-10-12,01:36,0,on/off,on/off,0,20.3,70.9,on,47,20,41,18,,,,
2017-10-12,01:36,0,on/off,on/off,0,20.3,69.9,on,47,20,40,18,,,,
2017-10-12,01:36,0,on/off,on/off,0,20.3,69.9,on,47,20,41,18,,,,
2017-10-12,01:36,0,on/off,on/off,0,20.3,69.9,on,47,20,41,18,,,,
2017-10-12,01:36,1,on/off,on/off,0,20.3,69.9,on,47,20,41,18,,,,
2017-10-12,01:36,5,on/off,on/off,0,20.3,69.5,on,48,20,41,18,,,,
2017-10-12,01:36,0,on/off,on/off,1,20.3,69.5,on,47,20,41,18,,,,
2017-10-12,01:36,0,on/off,on/off,0,20.3,69.5,on,47,20,41,18,,,,
2017-10-12,01:36,0,on/off,on/off,0,20.3,69.5,on,47,20,40,18,,,,
2017-10-12,01:36,0,on/off,on/off,0,20.3,70.8,on,48,20,40,18,,,,
2017-10-12,01:36,0,on/off,on/off,0,20.3,70.8,on,47,20,40,18,,,,
2017-10-12,01:36,0,on/off,on/off,0,20.3,70.8,on,48,20,40,18,,,,
2017-10-12,01:36,0,on/off,on/off,0,20.3,70.8,on,47,20,41,18,,,,
2017-10-12,01:37,0,on/off,on/off,0,20.3,70.0,on,47,20,40,18,,,,
2017-10-12,01:37,0,on/off,on/off,0,20.3,70.0,on,47,20,40,18,,,,
2017-10-12,01:37,0,on/off,on/off,0,20.3,70.0,on,47,20,41,18,,,,
2017-10-12,01:37,2,on/off,on/off,0,20.3,70.0,on,47,20,41,18,,,,
2017-10-12,01:37,6,on/off,on/off,0,20.3,72.2,on,47,20,41,18,,,,
2017-10-12,01:37,0,on/off,on/off,0,20.3,72.2,on,48,20,41,18,,,,
2017-10-12,01:37,0,on/off,on/off,0,20.3,72.2,on,48,20,41,18,,,,
2017-10-12,01:37,0,on/off,on/off,0,20.3,72.2,on,47,20,41,18,,,,
2017-10-12,01:37,0,on/off,on/off,0,20.3,72.9,on,48,20,40,18,,,,
2017-10-12,01:37,0,on/off,on/off,0,20.3,72.9,on,47,20,40,18,,,,
2017-10-12,01:37,0,on/off,on/off,0,20.3,72.9,on,47,20,41,18,,,,
2017-10-12,01:37,0,on/off,on/off,0,20.3,72.9,on,47,20,41,18,,,,
2017-10-12,01:37,0,on/off,on/off,0,20.3,72.9,on,47,20,40,18,,,,
2017-10-12,01:37,0,on/off,on/off,0,20.3,72.9,on,47,20,40,18,,,,
2017-10-12,01:37,0,on/off,on/off,0,20.3,72.9,on,47,20,41,18,,,,
2017-10-12,01:37,0,on/off,on/off,0,20.3,72.9,on,47,20,41,18,,,,
2017-10-12,01:37,0,on/off,on/off,0,20.3,71.1,on,47,20,41,18,,,,
2017-10-12,01:37,2,on/off,on/off,0,20.3,71.1,on,47,20,40,18,,,,
2017-10-12,01:37,0,on/off,on/off,0,20.3,71.1,on,48,21,41,18,,,,
2017-10-12,01:37,0,on/off,on/off,0,20.3,71.1,on,47,20,40,18,,,,
2017-10-12,01:37,0,on/off,on/off,0,20.2,69.9,on,47,20,41,18,,,,
2017-10-12,01:37,5,on/off,on/off,0,20.2,69.9,on,48,20,40,18,,,,
2017-10-12,01:37,0,on/off,on/off,0,20.2,69.9,on,48,20,40,18,,,,
2017-10-12,01:37,0,on/off,on/off,0,20.2,69.9,on,47,20,40,18,,,,
2017-10-12,01:38,0,on/off,on/off,0,20.2,69.8,on,47,21,40,18,,,,
2017-10-12,01:38,0,on/off,on/off,0,20.2,69.8,on,47,20,40,18,,,,
2017-10-12,01:38,0,on/off,on/off,0,20.2,69.8,on,48,20,40,18,,,,
2017-10-12,01:38,0,on/off,on/off,0,20.2,69.8,on,47,20,41,18,,,,
2017-10-12,01:38,0,on/off,on/off,0,20.3,70.4,on,47,20,40,18,,,,
2017-10-12,01:38,0,on/off,on/off,0,20.3,70.4,on,47,20,41,18,,,,
2017-10-12,01:38,0,on/off,on/off,0,20.3,70.4,on,48,20,40,18,,,,
2017-10-12,01:38,0,on/off,on/off,0,20.3,70.4,on,47,20,40,18,,,,
2017-10-12,01:38,0,on/off,on/off,0,20.3,70.1,on,48,20,40,18,,,,
2017-10-12,01:38,0,on/off,on/off,0,20.3,70.1,on,48,21,40,18,,,,
2017-10-12,01:38,0,on/off,on/off,0,20.3,70.1,on,48,20,40,18,,,,
2017-10-12,01:38,0,on/off,on/off,0,20.3,70.1,on,47,20,41,18,,,,
2017-10-12,01:38,0,on/off,on/off,0,20.3,70.0,on,47,20,40,18,,,,
2017-10-12,01:38,0,on/off,on/off,0,20.3,70.0,on,48,20,40,18,,,,
2017-10-12,01:38,0,on/off,on/off,0,20.3,70.0,on,47,20,40,18,,,,
2017-10-12,01:38,0,on/off,on/off,0,20.3,70.0,on,47,20,41,18,,,,
2017-10-12,01:38,0,on/off,on/off,0,20.3,70.0,on,47,20,41,18,,,,
2017-10-12,01:38,0,on/off,on/off,0,20.3,70.0,on,47,20,41,18,,,,
2017-10-12,01:38,0,on/off,on/off,0,20.3,70.0,on,47,20,40,18,,,,
2017-10-12,01:38,0,on/off,on/off,0,20.3,70.0,on,47,20,40,18,,,,
2017-10-12,01:39,0,on/off,on/off,0,20.3,69.9,on,47,20,41,18,,,,
2017-10-12,01:39,0,on/off,on/off,0,20.3,69.9,on,48,20,40,18,,,,
2017-10-12,01:39,0,on/off,on/off,0,20.3,69.9,on,48,20,40,18,,,,
2017-10-12,01:39,0,on/off,on/off,0,20.3,69.9,on,47,20,40,18,,,,
2017-10-12,01:39,0,on/off,on/off,0,20.3,69.6,on,47,21,40,18,,,,
2017-10-12,01:39,0,on/off,on/off,0,20.3,69.6,on,47,20,40,18,,,,
2017-10-12,01:39,0,on/off,on/off,0,20.3,69.6,on,48,20,40,18,,,,
2017-10-12,01:39,1,on/off,on/off,0,20.3,69.6,on,47,20,41,18,,,,
2017-10-12,01:39,2,on/off,on/off,0,20.3,69.6,on,47,21,41,18,,,,
2017-10-12,01:39,0,on/off,on/off,0,20.3,69.6,on,48,20,41,18,,,,
2017-10-12,01:39,0,on/off,on/off,0,20.3,69.6,on,48,20,40,18,,,,
2017-10-12,01:39,0,on/off,on/off,0,20.3,69.6,on,47,20,40,18,,,,
2017-10-12,01:39,0,on/off,on/off,0,20.3,69.4,on,47,20,40,18,,,,
2017-10-12,01:39,0,on/off,on/off,0,20.3,69.4,on,47,20,40,18,,,,
2017-10-12,01:39,0,on/off,on/off,0,20.3,69.4,on,48,20,41,19,,,,
2017-10-12,01:39,5,on/off,on/off,0,20.3,69.4,on,47,20,41,18,,,,
2017-10-12,01:39,4,on/off,on/off,0,20.3,69.5,on,47,20,41,18,,,,
2017-10-12,01:39,0,on/off,on/off,0,20.3,69.5,on,48,21,40,18,,,,
2017-10-12,01:39,0,on/off,on/off,0,20.3,69.5,on,47,20,41,18,,,,
2017-10-12,01:39,0,on/off,on/off,0,20.3,69.5,on,47,20,40,18,,,,
2017-10-12,01:39,0,on/off,on/off,0,20.3,69.7,on,47,20,41,18,,,,
2017-10-12,01:39,0,on/off,on/off,0,20.3,69.7,on,47,20,40,18,,,,
2017-10-12,01:39,2,on/off,on/off,0,20.3,69.7,on,47,20,41,18,,,,
2017-10-12,01:39,0,on/off,on/off,0,20.3,69.7,on,47,20,41,18,,,,
2017-10-12,01:40,0,on/off,on/off,0,20.3,70.8,on,47,21,40,18,,,,
2017-10-12,01:40,0,on/off,on/off,0,20.3,70.8,on,47,20,40,18,,,,
2017-10-12,01:40,0,on/off,on/off,0,20.3,70.8,on,47,20,40,18,,,,
2017-10-12,01:40,0,on/off,on/off,0,20.3,70.8,on,47,20,40,18,,,,
2017-10-12,01:40,0,on/off,on/off,0,20.3,69.8,on,47,20,40,18,,,,
2017-10-12,01:40,0,on/off,on/off,0,20.3,69.8,on,47,20,40,18,,,,
2017-10-12,01:40,0,on/off,on/off,0,20.3,69.8,on,47,20,41,18,,,,
2017-10-12,01:40,3,on/off,on/off,0,20.3,69.8,on,47,20,41,18,,,,
2017-10-12,01:40,0,on/off,on/off,0,20.3,69.2,on,47,20,40,18,,,,
2017-10-12,01:40,0,on/off,on/off,0,20.3,69.2,on,47,21,41,18,,,,
2017-10-12,01:40,0,on/off,on/off,0,20.3,69.2,on,47,20,40,18,,,,
2017-10-12,01:40,0,on/off,on/off,0,20.3,69.2,on,47,20,40,18,,,,
2017-10-12,01:40,0,on/off,on/off,0,20.3,69.4,on,47,20,41,18,,,,
2017-10-12,01:40,0,on/off,on/off,0,20.3,69.4,on,47,20,41,18,,,,
2017-10-12,01:40,0,on/off,on/off,0,20.3,69.4,on,47,20,40,18,,,,
2017-10-12,01:40,0,on/off,on/off,0,20.3,69.4,on,47,21,40,18,,,,
2017-10-12,01:40,0,on/off,on/off,0,20.3,69.4,on,47,20,40,18,,,,
2017-10-12,01:40,0,on/off,on/off,0,20.3,69.4,on,47,20,40,18,,,,
2017-10-12,01:40,0,on/off,on/off,0,20.3,69.4,on,47,20,40,18,,,,
2017-10-12,01:40,0,on/off,on/off,0,20.3,69.4,on,47,20,41,18,,,,
2017-10-12,01:41,0,on/off,on/off,0,20.3,69.4,on,47,20,40,18,,,,
2017-10-12,01:41,0,on/off,on/off,0,20.3,69.4,on,47,20,40,18,,,,
2017-10-12,01:41,0,on/off,on/off,0,20.3,69.4,on,47,21,40,18,,,,
2017-10-12,01:41,0,on/off,on/off,0,20.3,69.4,on,47,20,40,18,,,,
2017-10-12,01:41,1,on/off,on/off,0,20.3,69.2,on,47,21,40,18,,,,
2017-10-12,01:41,0,on/off,on/off,0,20.3,69.2,on,47,20,41,18,,,,
2017-10-12,01:41,2,on/off,on/off,0,20.3,69.2,on,47,21,40,18,,,,
2017-10-12,01:41,0,on/off,on/off,0,20.3,69.2,on,47,20,40,18,,,,
2017-10-12,01:41,0,on/off,on/off,0,20.3,68.9,on,47,20,40,18,,,,
2017-10-12,01:41,1,on/off,on/off,0,20.3,68.9,on,47,21,40,18,,,,
2017-10-12,01:41,0,on/off,on/off,0,20.3,68.9,on,47,21,40,18,,,,
2017-10-12,01:41,0,on/off,on/off,0,20.3,68.9,on,47,20,41,18,,,,
2017-10-12,01:41,0,on/off,on/off,0,20.3,69.2,on,47,20,40,18,,,,
2017-10-12,01:41,0,on/off,on/off,0,20.3,69.2,on,47,20,41,18,,,,
2017-10-12,01:41,3,on/off,on/off,0,20.3,69.2,on,47,21,40,18,,,,
2017-10-12,01:41,0,on/off,on/off,0,20.3,69.2,on,47,21,40,18,,,,
2017-10-12,01:41,0,on/off,on/off,0,20.3,69.3,on,47,20,40,18,,,,
2017-10-12,01:41,0,on/off,on/off,0,20.3,69.3,on,47,21,41,18,,,,
2017-10-12,01:41,0,on/off,on/off,0,20.3,69.3,on,47,20,41,18,,,,
2017-10-12,01:41,0,on/off,on/off,0,20.3,69.3,on,47,21,41,18,,,,
2017-10-12,01:41,0,on/off,on/off,0,20.3,69.7,on,47,20,40,18,,,,
2017-10-12,01:41,0,on/off,on/off,0,20.3,69.7,on,47,20,41,18,,,,
2017-10-12,01:41,3,on/off,on/off,0,20.3,69.7,on,47,20,40,18,,,,
2017-10-12,01:41,0,on/off,on/off,0,20.3,69.7,on,48,20,40,18,,,,
2017-10-12,01:42,0,on/off,on/off,0,20.3,69.4,on,47,20,40,18,,,,
2017-10-12,01:42,0,on/off,on/off,0,20.3,69.4,on,47,21,40,18,,,,
2017-10-12,01:42,0,on/off,on/off,0,20.3,69.4,on,47,20,41,18,,,,
2017-10-12,01:42,0,on/off,on/off,0,20.3,69.4,on,47,20,41,18,,,,
2017-10-12,01:42,0,on/off,on/off,0,20.3,69.4,on,47,20,41,18,,,,
2017-10-12,01:42,0,on/off,on/off,0,20.3,69.4,on,47,20,40,18,,,,
2017-10-12,01:42,0,on/off,on/off,0,20.3,69.4,on,47,20,40,18,,,,
2017-10-12,01:42,0,on/off,on/off,0,20.3,69.4,on,47,21,41,18,,,,
2017-10-12,01:42,0,on/off,on/off,0,20.3,69.1,on,47,20,40,18,,,,
2017-10-12,01:42,0,on/off,on/off,0,20.3,69.1,on,48,21,40,18,,,,
2017-10-12,01:42,0,on/off,on/off,0,20.3,69.1,on,47,20,40,18,,,,
2017-10-12,01:42,0,on/off,on/off,0,20.3,69.1,on,47,20,41,18,,,,
2017-10-12,01:42,0,on/off,on/off,0,20.3,69.4,on,47,20,40,18,,,,
2017-10-12,01:42,0,on/off,on/off,0,20.3,69.4,on,47,21,40,18,,,,
2017-10-12,01:42,0,on/off,on/off,0,20.3,69.4,on,47,20,41,18,,,,
2017-10-12,01:42,0,on/off,on/off,0,20.3,69.4,on,47,20,40,18,,,,
2017-10-12,01:42,0,on/off,on/off,0,20.3,69.3,on,47,20,40,18,,,,
2017-10-12,01:42,0,on/off,on/off,0,20.3,69.3,on,47,20,40,18,,,,
2017-10-12,01:42,0,on/off,on/off,1,20.3,69.3,on,47,20,40,18,,,,
2017-10-12,01:42,0,on/off,on/off,0,20.3,69.3,on,47,21,40,18,,,,
2017-10-12,01:42,0,on/off,on/off,0,20.3,69.1,on,47,20,40,18,,,,
2017-10-12,01:42,1,on/off,on/off,0,20.3,69.1,on,47,20,40,18,,,,
2017-10-12,01:42,0,on/off,on/off,0,20.3,69.1,on,47,20,40,18,,,,
2017-10-12,01:42,0,on/off,on/off,0,20.3,69.1,on,47,21,40,18,,,,
2017-10-12,01:43,0,on/off,on/off,0,20.3,69.2,on,47,20,40,18,,,,
2017-10-12,01:43,0,on/off,on/off,0,20.3,69.2,on,47,20,40,18,,,,
2017-10-12,01:43,0,on/off,on/off,0,20.3,69.2,on,47,20,40,18,,,,
2017-10-12,01:43,0,on/off,on/off,0,20.3,69.2,on,47,21,41,18,,,,
2017-10-12,01:43,3,on/off,on/off,0,20.3,69.2,on,47,20,40,18,,,,
2017-10-12,01:43,0,on/off,on/off,0,20.3,69.2,on,47,21,40,18,,,,
2017-10-12,01:43,0,on/off,on/off,0,20.3,69.2,on,47,20,40,18,,,,
2017-10-12,01:43,0,on/off,on/off,0,20.3,69.2,on,47,20,40,18,,,,
2017-10-12,01:43,2,on/off,on/off,0,20.3,69.1,on,47,20,40,18,,,,
2017-10-12,01:43,0,on/off,on/off,0,20.3,69.1,on,47,21,40,18,,,,
2017-10-12,01:43,0,on/off,on/off,0,20.3,69.1,on,47,20,40,18,,,,
2017-10-12,01:43,0,on/off,on/off,0,20.3,69.1,on,47,20,40,18,,,,
2017-10-12,01:43,0,on/off,on/off,0,20.3,69.0,on,47,20,40,18,,,,
2017-10-12,01:43,0,on/off,on/off,0,20.3,69.0,on,47,21,40,18,,,,
2017-10-12,01:43,0,on/off,on/off,0,20.3,69.0,on,47,20,41,18,,,,
2017-10-12,01:43,0,on/off,on/off,0,20.3,69.0,on,47,20,40,18,,,,
2017-10-12,01:43,0,on/off,on/off,0,20.3,69.2,on,47,20,41,18,,,,
2017-10-12,01:43,0,on/off,on/off,0,20.3,69.2,on,47,20,40,18,,,,
2017-10-12,01:43,0,on/off,on/off,0,20.3,69.2,on,47,20,40,18,,,,
2017-10-12,01:43,0,on/off,on/off,0,20.3,69.2,on,48,20,40,18,,,,
2017-10-12,01:44,0,on/off,on/off,0,20.3,69.3,on,47,20,40,18,,,,
2017-10-12,01:44,0,on/off,on/off,0,20.3,69.3,on,47,21,40,18,,,,
2017-10-12,01:44,0,on/off,on/off,0,20.3,69.3,on,47,20,40,18,,,,
2017-10-12,01:44,0,on/off,on/off,0,20.3,69.3,on,47,20,40,18,,,,
2017-10-12,01:44,0,on/off,on/off,0,20.3,69.1,on,47,20,40,18,,,,
2017-10-12,01:44,0,on/off,on/off,0,20.3,69.1,on,48,20,40,19,,,,
2017-10-12,01:44,0,on/off,on/off,0,20.3,69.1,on,47,20,40,18,,,,
2017-10-12,01:44,4,on/off,on/off,0,20.3,69.1,on,47,21,40,18,,,,
2017-10-12,01:44,0,on/off,on/off,0,20.3,69.7,on,47,20,41,18,,,,
2017-10-12,01:44,0,on/off,on/off,0,20.3,69.7,on,48,21,40,18,,,,
2017-10-12,01:44,0,on/off,on/off,0,20.3,69.7,on,48,20,40,18,,,,
2017-10-12,01:44,0,on/off,on/off,0,20.3,69.7,on,48,20,40,18,,,,
2017-10-12,01:44,0,on/off,on/off,0,20.3,69.5,on,47,20,40,18,,,,
2017-10-12,01:44,0,on/off,on/off,0,20.3,69.5,on,47,20,40,18,,,,
2017-10-12,01:44,0,on/off,on/off,0,20.3,69.5,on,47,20,41,18,,,,
2017-10-12,01:44,5,on/off,on/off,0,20.3,69.5,on,48,21,40,18,,,,
2017-10-12,01:44,2,on/off,on/off,0,20.3,69.2,on,48,21,40,18,,,,
2017-10-12,01:44,0,on/off,on/off,0,20.3,69.2,on,47,20,40,18,,,,
2017-10-12,01:44,0,on/off,on/off,0,20.3,69.2,on,48,20,40,18,,,,
2017-10-12,01:44,0,on/off,on/off,0,20.3,69.2,on,47,20,40,18,,,,
2017-10-12,01:44,0,on/off,on/off,0,20.3,69.3,on,48,20,40,18,,,,
2017-10-12,01:44,0,on/off,on/off,0,20.3,69.3,on,47,20,40,18,,,,
2017-10-12,01:44,0,on/off,on/off,0,20.3,69.3,on,47,20,40,18,,,,
2017-10-12,01:44,0,on/off,on/off,0,20.3,69.3,on,47,20,41,18,,,,
2017-10-12,01:45,0,on/off,on/off,0,20.3,69.5,on,48,20,40,18,,,,
2017-10-12,01:45,0,on/off,on/off,0,20.3,69.5,on,47,20,40,18,,,,
2017-10-12,01:45,0,on/off,on/off,0,20.3,69.5,on,48,20,40,18,,,,
2017-10-12,01:45,0,on/off,on/off,0,20.3,69.5,on,47,20,41,18,,,,
2017-10-12,01:45,0,on/off,on/off,0,20.3,69.8,on,47,21,40,18,,,,
2017-10-12,01:45,0,on/off,on/off,0,20.3,69.8,on,47,20,40,18,,,,
2017-10-12,01:45,0,on/off,on/off,0,20.3,69.8,on,47,20,41,18,,,,
2017-10-12,01:45,0,on/off,on/off,0,20.3,69.8,on,47,20,40,18,,,,
2017-10-12,01:45,0,on/off,on/off,0,20.3,69.7,on,47,20,40,18,,,,
2017-10-12,01:45,0,on/off,on/off,0,20.3,69.7,on,47,20,40,18,,,,
2017-10-12,01:45,0,on/off,on/off,0,20.3,69.7,on,47,20,41,18,,,,
2017-10-12,01:45,0,on/off,on/off,0,20.3,69.7,on,47,20,40,18,,,,
2017-10-12,01:45,2,on/off,on/off,0,20.3,69.7,on,47,20,41,18,,,,
2017-10-12,01:45,0,on/off,on/off,0,20.3,69.7,on,47,20,40,18,,,,
2017-10-12,01:45,0,on/off,on/off,0,20.3,69.7,on,48,21,40,18,,,,
2017-10-12,01:45,0,on/off,on/off,0,20.3,69.7,on,47,20,40,18,,,,
2017-10-12,01:45,0,on/off,on/off,0,20.3,70.0,on,47,20,40,18,,,,
2017-10-12,01:45,0,on/off,on/off,0,20.3,70.0,on,47,20,40,18,,,,
2017-10-12,01:45,0,on/off,on/off,0,20.3,70.0,on,47,20,40,18,,,,
2017-10-12,01:45,0,on/off,on/off,0,20.3,70.0,on,47,20,40,18,,,,
2017-10-12,01:46,0,on/off,on/off,0,20.3,69.8,on,47,20,40,19,,,,
2017-10-12,01:46,0,on/off,on/off,0,20.3,69.8,on,47,20,41,18,,,,
2017-10-12,01:46,0,on/off,on/off,0,20.3,69.8,on,47,21,40,18,,,,
2017-10-12,01:46,0,on/off,on/off,0,20.3,69.8,on,47,20,40,18,,,,
2017-10-12,01:46,0,on/off,on/off,0,20.3,69.4,on,47,21,40,18,,,,
2017-10-12,01:46,0,on/off,on/off,0,20.3,69.4,on,47,20,40,18,,,,
2017-10-12,01:46,0,on/off,on/off,0,20.3,69.4,on,47,20,41,18,,,,
2017-10-12,01:46,0,on/off,on/off,0,20.3,69.4,on,47,20,40,18,,,,
2017-10-12,01:46,0,on/off,on/off,0,20.3,69.3,on,47,20,40,18,,,,
2017-10-12,01:46,0,on/off,on/off,0,20.3,69.3,on,48,20,40,18,,,,
2017-10-12,01:46,0,on/off,on/off,0,20.3,69.3,on,47,20,40,18,,,,
2017-10-12,01:46,0,on/off,on/off,0,20.3,69.3,on,47,20,40,18,,,,
2017-10-12,01:46,0,on/off,on/off,0,20.3,69.2,on,47,20,40,18,,,,
2017-10-12,01:46,0,on/off,on/off,0,20.3,69.2,on,47,20,40,18,,,,
2017-10-12,01:46,0,on/off,on/off,0,20.3,69.2,on,47,20,40,18,,,,
2017-10-12,01:46,0,on/off,on/off,0,20.3,69.2,on,47,20,40,18,,,,
2017-10-12,01:46,0,on/off,on/off,0,20.3,69.4,on,47,20,40,18,,,,
2017-10-12,01:46,0,on/off,on/off,0,20.3,69.4,on,47,21,40,18,,,,
2017-10-12,01:46,0,on/off,on/off,0,20.3,69.4,on,47,20,40,18,,,,
2017-10-12,01:46,0,on/off,on/off,0,20.3,69.4,on,47,20,40,19,,,,
2017-10-12,01:46,0,on/off,on/off,0,20.3,69.2,on,47,20,40,18,,,,
2017-10-12,01:46,0,on/off,on/off,0,20.3,69.2,on,47,20,40,18,,,,
2017-10-12,01:46,0,on/off,on/off,0,20.3,69.2,on,47,20,40,18,,,,
2017-10-12,01:46,0,on/off,on/off,0,20.3,69.2,on,47,21,40,18,,,,
2017-10-12,01:47,0,on/off,on/off,1,20.3,69.3,on,47,21,40,18,,,,
2017-10-12,01:47,4,on/off,on/off,0,20.3,69.3,on,47,21,40,18,,,,
2017-10-12,01:47,0,on/off,on/off,0,20.3,69.3,on,47,20,40,18,,,,
2017-10-12,01:47,0,on/off,on/off,0,20.3,69.3,on,47,20,40,19,,,,
2017-10-12,01:47,0,on/off,on/off,0,20.3,69.2,on,47,20,40,18,,,,
2017-10-12,01:47,0,on/off,on/off,0,20.3,69.2,on,47,21,41,18,,,,
2017-10-12,01:47,0,on/off,on/off,0,20.3,69.2,on,47,20,40,18,,,,
2017-10-12,01:47,0,on/off,on/off,0,20.3,69.2,on,47,21,40,18,,,,
2017-10-12,01:47,0,on/off,on/off,0,20.3,69.3,on,48,21,40,18,,,,
2017-10-12,01:47,2,on/off,on/off,0,20.3,69.3,on,47,20,40,18,,,,
2017-10-12,01:47,0,on/off,on/off,0,20.3,69.3,on,47,20,40,18,,,,
2017-10-12,01:47,0,on/off,on/off,0,20.3,69.3,on,47,20,40,18,,,,
2017-10-12,01:47,6,on/off,on/off,0,20.3,69.5,on,47,20,40,18,,,,
2017-10-12,01:47,0,on/off,on/off,0,20.3,69.5,on,47,20,40,18,,,,
2017-10-12,01:47,0,on/off,on/off,0,20.3,69.5,on,47,20,40,18,,,,
2017-10-12,01:47,0,on/off,on/off,0,20.3,69.5,on,47,20,40,18,,,,
2017-10-12,01:47,0,on/off,on/off,0,20.3,69.4,on,47,20,40,18,,,,
2017-10-12,01:47,0,on/off,on/off,0,20.3,69.4,on,47,21,40,18,,,,
2017-10-12,01:47,0,on/off,on/off,1,20.3,69.4,on,47,21,40,18,,,,
2017-10-12,01:47,0,on/off,on/off,0,20.3,69.4,on,48,21,40,18,,,,
2017-10-12,01:48,1,on/off,on/off,0,20.3,69.3,on,47,21,40,18,,,,
2017-10-12,01:48,0,on/off,on/off,0,20.3,69.3,on,47,21,40,18,,,,
2017-10-12,01:48,0,on/off,on/off,0,20.3,69.3,on,47,21,40,18,,,,
2017-10-12,01:48,0,on/off,on/off,0,20.3,69.3,on,47,20,40,18,,,,
2017-10-12,01:48,4,on/off,on/off,0,20.3,69.1,on,47,20,40,18,,,,
2017-10-12,01:48,0,on/off,on/off,0,20.3,69.1,on,47,21,40,18,,,,
2017-10-12,01:48,0,on/off,on/off,0,20.3,69.1,on,47,20,40,18,,,,
2017-10-12,01:48,0,on/off,on/off,0,20.3,69.1,on,47,20,40,18,,,,
2017-10-12,01:48,0,on/off,on/off,0,20.3,69.2,on,47,20,40,18,,,,
2017-10-12,01:48,1,on/off,on/off,0,20.3,69.2,on,47,20,40,18,,,,
2017-10-12,01:48,0,on/off,on/off,0,20.3,69.2,on,47,20,40,18,,,,
2017-10-12,01:48,0,on/off,on/off,0,20.3,69.2,on,47,20,40,18,,,,
2017-10-12,01:48,0,on/off,on/off,0,20.3,69.1,on,47,20,40,18,,,,
2017-10-12,01:48,0,on/off,on/off,0,20.3,69.1,on,47,20,40,18,,,,
2017-10-12,01:48,0,on/off,on/off,0,20.3,69.1,on,47,20,40,18,,,,
2017-10-12,01:48,0,on/off,on/off,0,20.3,69.1,on,47,20,40,18,,,,
2017-10-12,01:48,5,on/off,on/off,0,20.3,69.1,on,47,20,40,18,,,,
2017-10-12,01:48,0,on/off,on/off,0,20.3,69.1,on,47,21,40,18,,,,
2017-10-12,01:48,0,on/off,on/off,0,20.3,69.1,on,47,20,40,18,,,,
2017-10-12,01:48,1,on/off,on/off,0,20.3,69.1,on,47,21,40,18,,,,
2017-10-12,01:48,0,on/off,on/off,0,20.3,69.1,on,47,21,40,18,,,,
2017-10-12,01:48,0,on/off,on/off,0,20.3,69.1,on,47,20,40,18,,,,
2017-10-12,01:48,0,on/off,on/off,0,20.3,69.1,on,47,20,40,18,,,,
2017-10-12,01:48,0,on/off,on/off,0,20.3,69.1,on,47,20,40,18,,,,
2017-10-12,01:49,0,on/off,on/off,0,20.3,68.9,on,48,20,40,18,,,,
2017-10-12,01:49,0,on/off,on/off,0,20.3,68.9,on,47,20,40,18,,,,
2017-10-12,01:49,0,on/off,on/off,0,20.3,68.9,on,47,20,40,18,,,,
2017-10-12,01:49,0,on/off,on/off,0,20.3,68.9,on,47,20,40,18,,,,
2017-10-12,01:49,0,on/off,on/off,0,20.3,69.1,on,47,21,41,18,,,,
2017-10-12,01:49,0,on/off,on/off,0,20.3,69.1,on,47,20,40,18,,,,
2017-10-12,01:49,0,on/off,on/off,0,20.3,69.1,on,47,20,40,18,,,,
2017-10-12,01:49,3,on/off,on/off,0,20.3,69.1,on,47,20,40,18,,,,
2017-10-12,01:49,0,on/off,on/off,0,20.3,69.1,on,47,20,40,18,,,,
2017-10-12,01:49,0,on/off,on/off,0,20.3,69.1,on,47,20,40,18,,,,
2017-10-12,01:49,0,on/off,on/off,0,20.3,69.1,on,47,20,40,18,,,,
2017-10-12,01:49,0,on/off,on/off,0,20.3,69.1,on,47,20,40,18,,,,
2017-10-12,01:49,0,on/off,on/off,0,20.3,69.2,on,47,20,40,18,,,,
2017-10-12,01:49,0,on/off,on/off,0,20.3,69.2,on,47,20,40,18,,,,
2017-10-12,01:49,0,on/off,on/off,0,20.3,69.2,on,47,20,40,19,,,,
2017-10-12,01:49,0,on/off,on/off,0,20.3,69.2,on,47,21,40,18,,,,
2017-10-12,01:49,0,on/off,on/off,0,20.3,69.3,on,47,20,40,18,,,,
2017-10-12,01:49,0,on/off,on/off,0,20.3,69.3,on,47,20,40,18,,,,
2017-10-12,01:49,0,on/off,on/off,0,20.3,69.3,on,47,20,40,18,,,,
2017-10-12,01:49,2,on/off,on/off,0,20.3,69.3,on,47,21,40,18,,,,
2017-10-12,01:50,0,on/off,on/off,0,20.3,69.2,on,47,21,40,18,,,,
2017-10-12,01:50,0,on/off,on/off,0,20.3,69.2,on,47,20,40,18,,,,
2017-10-12,01:50,0,on/off,on/off,0,20.3,69.2,on,47,20,40,18,,,,
2017-10-12,01:50,0,on/off,on/off,0,20.3,69.2,on,47,20,40,18,,,,
2017-10-12,01:50,0,on/off,on/off,0,20.3,69.2,on,47,20,40,18,,,,
2017-10-12,01:50,0,on/off,on/off,0,20.3,69.2,on,47,20,40,18,,,,
2017-10-12,01:50,0,on/off,on/off,0,20.3,69.2,on,47,20,40,18,,,,
2017-10-12,01:50,0,on/off,on/off,0,20.3,69.2,on,47,21,40,18,,,,
2017-10-12,01:50,1,on/off,on/off,0,20.3,69.2,on,47,20,40,18,,,,
2017-10-12,01:50,0,on/off,on/off,0,20.3,69.2,on,47,20,40,18,,,,
2017-10-12,01:50,5,on/off,on/off,0,20.3,69.2,on,47,21,40,18,,,,
2017-10-12,01:50,0,on/off,on/off,0,20.3,69.2,on,47,20,40,19,,,,
2017-10-12,01:50,0,on/off,on/off,0,20.3,69.1,on,47,20,40,18,,,,
2017-10-12,01:50,0,on/off,on/off,0,20.3,69.1,on,47,20,40,18,,,,
2017-10-12,01:50,0,on/off,on/off,0,20.3,69.1,on,47,20,40,18,,,,
2017-10-12,01:50,1,on/off,on/off,0,20.3,69.1,on,47,21,40,18,,,,
2017-10-12,01:50,0,on/off,on/off,0,20.3,69.1,on,47,21,40,18,,,,
2017-10-12,01:50,0,on/off,on/off,0,20.3,69.1,on,47,21,40,18,,,,
2017-10-12,01:50,0,on/off,on/off,0,20.3,69.1,on,47,20,40,18,,,,
2017-10-12,01:50,0,on/off,on/off,0,20.3,69.1,on,47,20,40,18,,,,
2017-10-12,01:50,0,on/off,on/off,0,20.3,69.0,on,47,20,40,18,,,,
2017-10-12,01:50,0,on/off,on/off,0,20.3,69.0,on,47,20,40,18,,,,
2017-10-12,01:50,0,on/off,on/off,0,20.3,69.0,on,47,20,40,18,,,,
2017-10-12,01:50,0,on/off,on/off,0,20.3,69.0,on,47,20,40,18,,,,
2017-10-12,01:51,3,on/off,on/off,0,20.3,69.1,on,47,21,40,18,,,,
2017-10-12,01:51,0,on/off,on/off,0,20.3,69.1,on,47,20,40,18,,,,
2017-10-12,01:51,1,on/off,on/off,0,20.3,69.1,on,47,20,40,18,,,,
2017-10-12,01:51,0,on/off,on/off,0,20.3,69.1,on,47,20,40,18,,,,
2017-10-12,01:51,0,on/off,on/off,0,20.3,69.2,on,47,20,40,18,,,,
2017-10-12,01:51,0,on/off,on/off,0,20.3,69.2,on,47,20,40,18,,,,
2017-10-12,01:51,0,on/off,on/off,0,20.3,69.2,on,47,21,40,18,,,,
2017-10-12,01:51,2,on/off,on/off,0,20.3,69.2,on,47,21,40,18,,,,
2017-10-12,01:51,0,on/off,on/off,0,20.3,69.1,on,47,20,40,18,,,,
2017-10-12,01:51,0,on/off,on/off,0,20.3,69.1,on,47,20,40,18,,,,
2017-10-12,01:51,0,on/off,on/off,0,20.3,69.1,on,47,20,40,18,,,,
2017-10-12,01:51,3,on/off,on/off,0,20.3,69.1,on,47,21,40,18,,,,
2017-10-12,01:51,0,on/off,on/off,0,20.3,69.2,on,47,20,40,18,,,,
2017-10-12,01:51,0,on/off,on/off,0,20.3,69.2,on,47,20,40,18,,,,
2017-10-12,01:51,4,on/off,on/off,0,20.3,69.2,on,47,21,40,18,,,,
2017-10-12,01:51,0,on/off,on/off,0,20.3,69.2,on,47,20,40,18,,,,
2017-10-12,01:51,0,on/off,on/off,0,20.3,69.4,on,47,20,40,18,,,,
2017-10-12,01:51,0,on/off,on/off,0,20.3,69.4,on,47,20,40,18,,,,
2017-10-12,01:51,1,on/off,on/off,0,20.3,69.4,on,47,21,40,18,,,,
2017-10-12,01:51,0,on/off,on/off,0,20.3,69.4,on,48,21,40,18,,,,
2017-10-12,01:52,4,on/off,on/off,0,20.3,69.3,on,47,21,40,18,,,,
2017-10-12,01:52,0,on/off,on/off,0,20.3,69.3,on,47,20,40,18,,,,
2017-10-12,01:52,0,on/off,on/off,0,20.3,69.3,on,47,20,40,18,,,,
2017-10-12,01:52,0,on/off,on/off,0,20.3,69.3,on,48,20,40,18,,,,
2017-10-12,01:52,2,on/off,on/off,0,20.3,69.0,on,48,20,40,18,,,,
2017-10-12,01:52,0,on/off,on/off,0,20.3,69.0,on,47,20,40,18,,,,
2017-10-12,01:52,0,on/off,on/off,0,20.3,69.0,on,47,20,40,18,,,,
2017-10-12,01:52,1,on/off,on/off,0,20.3,69.0,on,47,21,40,18,,,,
2017-10-12,01:52,6,on/off,on/off,0,20.3,69.1,on,47,21,40,18,,,,
2017-10-12,01:52,3,on/off,on/off,0,20.3,69.1,on,47,20,40,18,,,,
2017-10-12,01:52,0,on/off,on/off,0,20.3,69.1,on,47,20,40,18,,,,
2017-10-12,01:52,0,on/off,on/off,0,20.3,69.1,on,47,20,40,18,,,,
2017-10-12,01:52,0,on/off,on/off,0,20.3,69.2,on,47,21,40,18,,,,
2017-10-12,01:52,1,on/off,on/off,0,20.3,69.2,on,47,20,40,18,,,,
2017-10-12,01:52,0,on/off,on/off,0,20.3,69.2,on,48,20,40,18,,,,
2017-10-12,01:52,0,on/off,on/off,0,20.3,69.2,on,47,20,40,18,,,,
2017-10-12,01:52,4,on/off,on/off,0,20.3,69.2,on,47,21,40,18,,,,
2017-10-12,01:52,0,on/off,on/off,0,20.3,69.2,on,47,20,40,18,,,,
2017-10-12,01:52,1,on/off,on/off,0,20.3,69.2,on,47,20,40,18,,,,
2017-10-12,01:52,0,on/off,on/off,0,20.3,69.2,on,47,20,40,18,,,,
2017-10-12,01:52,0,on/off,on/off,0,20.3,69.4,on,47,21,40,18,,,,
2017-10-12,01:52,0,on/off,on/off,0,20.3,69.4,on,47,20,40,18,,,,
2017-10-12,01:52,0,on/off,on/off,0,20.3,69.4,on,47,21,40,18,,,,
2017-10-12,01:52,0,on/off,on/off,0,20.3,69.4,on,47,20,40,18,,,,
2017-10-12,01:53,3,on/off,on/off,0,20.3,69.2,on,47,20,40,18,,,,
2017-10-12,01:53,2,on/off,on/off,0,20.3,69.2,on,47,21,40,18,,,,
2017-10-12,01:53,0,on/off,on/off,0,20.3,69.2,on,47,20,40,18,,,,
2017-10-12,01:53,0,on/off,on/off,0,20.3,69.2,on,47,20,40,19,,,,
2017-10-12,01:53,0,on/off,on/off,0,20.3,69.2,on,47,20,40,18,,,,
2017-10-12,01:53,2,on/off,on/off,0,20.3,69.2,on,47,20,40,18,,,,
2017-10-12,01:53,0,on/off,on/off,0,20.3,69.2,on,47,20,40,18,,,,
2017-10-12,01:53,0,on/off,on/off,0,20.3,69.2,on,47,20,40,18,,,,
2017-10-12,01:53,0,on/off,on/off,0,20.3,69.2,on,47,20,40,18,,,,
2017-10-12,01:53,0,on/off,on/off,0,20.3,69.2,on,47,20,40,18,,,,
2017-10-12,01:53,0,on/off,on/off,0,20.3,69.2,on,47,20,40,18,,,,
2017-10-12,01:53,0,on/off,on/off,0,20.3,69.2,on,47,20,40,18,,,,
2017-10-12,01:53,0,on/off,on/off,0,20.3,69.1,on,47,20,40,18,,,,
2017-10-12,01:53,5,on/off,on/off,0,20.3,69.1,on,47,21,40,18,,,,
2017-10-12,01:53,0,on/off,on/off,0,20.3,69.1,on,47,20,40,18,,,,
2017-10-12,01:53,0,on/off,on/off,0,20.3,69.1,on,47,20,40,18,,,,
2017-10-12,01:53,0,on/off,on/off,0,20.3,69.1,on,47,20,40,18,,,,
2017-10-12,01:53,4,on/off,on/off,0,20.3,69.1,on,47,21,40,18,,,,
2017-10-12,01:53,0,on/off,on/off,0,20.3,69.1,on,47,20,40,18,,,,
2017-10-12,01:53,0,on/off,on/off,0,20.3,69.1,on,47,20,40,18,,,,
2017-10-12,01:54,0,on/off,on/off,0,20.3,69.2,on,47,20,40,18,,,,
2017-10-12,01:54,0,on/off,on/off,0,20.3,69.2,on,47,21,40,18,,,,
2017-10-12,01:54,0,on/off,on/off,0,20.3,69.2,on,47,20,40,18,,,,
2017-10-12,01:54,0,on/off,on/off,1,20.3,69.2,on,47,20,40,18,,,,
2017-10-12,01:54,0,on/off,on/off,0,20.3,69.4,on,47,20,40,18,,,,
2017-10-12,01:54,0,on/off,on/off,0,20.3,69.4,on,47,20,40,18,,,,
2017-10-12,01:54,0,on/off,on/off,0,20.3,69.4,on,47,20,40,19,,,,
2017-10-12,01:54,0,on/off,on/off,0,20.3,69.4,on,47,20,40,18,,,,
2017-10-12,01:54,0,on/off,on/off,0,20.3,69.3,on,47,20,40,18,,,,
2017-10-12,01:54,0,on/off,on/off,0,20.3,69.3,on,47,20,40,18,,,,
2017-10-12,01:54,0,on/off,on/off,0,20.3,69.3,on,47,20,40,18,,,,
2017-10-12,01:54,0,on/off,on/off,0,20.3,69.3,on,47,21,40,18,,,,
2017-10-12,01:54,0,on/off,on/off,0,20.3,69.2,on,47,20,40,18,,,,
2017-10-12,01:54,0,on/off,on/off,0,20.3,69.2,on,47,20,40,18,,,,
2017-10-12,01:54,0,on/off,on/off,0,20.3,69.2,on,47,20,40,18,,,,
2017-10-12,01:54,1,on/off,on/off,0,20.3,69.2,on,47,20,40,18,,,,
2017-10-12,01:54,1,on/off,on/off,0,20.3,69.3,on,47,20,40,18,,,,
2017-10-12,01:54,0,on/off,on/off,0,20.3,69.3,on,47,20,40,18,,,,
2017-10-12,01:54,1,on/off,on/off,0,20.3,69.3,on,47,20,40,18,,,,
2017-10-12,01:54,0,on/off,on/off,0,20.3,69.3,on,47,20,40,18,,,,
2017-10-12,01:54,0,on/off,on/off,0,20.3,69.4,on,47,20,40,18,,,,
2017-10-12,01:54,1,on/off,on/off,0,20.3,69.4,on,47,21,40,18,,,,
2017-10-12,01:54,0,on/off,on/off,0,20.3,69.4,on,47,20,40,18,,,,
2017-10-12,01:54,0,on/off,on/off,0,20.3,69.4,on,47,20,40,18,,,,
2017-10-12,01:55,0,on/off,on/off,0,20.3,69.7,on,47,20,40,18,,,,
2017-10-12,01:55,0,on/off,on/off,0,20.3,69.7,on,47,20,40,18,,,,
2017-10-12,01:55,0,on/off,on/off,0,20.3,69.7,on,47,20,40,18,,,,
2017-10-12,01:55,0,on/off,on/off,0,20.3,69.7,on,47,21,40,18,,,,
2017-10-12,01:55,2,on/off,on/off,0,20.3,69.5,on,47,20,40,19,,,,
2017-10-12,01:55,0,on/off,on/off,0,20.3,69.5,on,47,20,40,18,,,,
2017-10-12,01:55,4,on/off,on/off,0,20.3,69.5,on,47,20,40,18,,,,
2017-10-12,01:55,0,on/off,on/off,0,20.3,69.5,on,47,20,40,18,,,,
2017-10-12,01:55,0,on/off,on/off,0,20.3,69.1,on,47,21,40,18,,,,
2017-10-12,01:55,1,on/off,on/off,0,20.3,69.1,on,47,20,40,18,,,,
2017-10-12,01:55,0,on/off,on/off,0,20.3,69.1,on,47,20,40,18,,,,
2017-10-12,01:55,0,on/off,on/off,0,20.3,69.1,on,47,20,40,18,,,,
2017-10-12,01:55,0,on/off,on/off,0,20.3,69.2,on,47,20,40,18,,,,
2017-10-12,01:55,0,on/off,on/off,0,20.3,69.2,on,47,20,40,18,,,,
2017-10-12,01:55,0,on/off,on/off,0,20.3,69.2,on,47,20,40,18,,,,
2017-10-12,01:55,0,on/off,on/off,0,20.3,69.2,on,47,21,40,19,,,,
2017-10-12,01:55,0,on/off,on/off,0,20.3,69.2,on,47,20,40,18,,,,
2017-10-12,01:55,0,on/off,on/off,0,20.3,69.2,on,47,20,40,18,,,,
2017-10-12,01:55,0,on/off,on/off,0,20.3,69.2,on,47,20,40,18,,,,
2017-10-12,01:55,0,on/off,on/off,0,20.3,69.2,on,47,21,40,18,,,,
2017-10-12,01:55,0,on/off,on/off,0,20.3,69.1,on,47,20,40,18,,,,
2017-10-12,01:55,0,on/off,on/off,0,20.3,69.1,on,47,21,40,18,,,,
2017-10-12,01:55,0,on/off,on/off,0,20.3,69.1,on,47,21,40,18,,,,
2017-10-12,01:55,0,on/off,on/off,0,20.3,69.1,on,47,20,40,18,,,,
2017-10-12,01:56,0,on/off,on/off,0,20.3,69.4,on,47,20,40,18,,,,
2017-10-12,01:56,3,on/off,on/off,0,20.3,69.4,on,47,21,40,18,,,,
2017-10-12,01:56,0,on/off,on/off,0,20.3,69.4,on,47,20,40,18,,,,
2017-10-12,01:56,0,on/off,on/off,0,20.3,69.4,on,47,20,40,18,,,,
2017-10-12,01:56,0,on/off,on/off,0,20.3,69.2,on,47,20,40,18,,,,
2017-10-12,01:56,0,on/off,on/off,0,20.3,69.2,on,47,20,40,18,,,,
2017-10-12,01:56,0,on/off,on/off,0,20.3,69.2,on,47,20,40,18,,,,
2017-10-12,01:56,0,on/off,on/off,0,20.3,69.2,on,47,20,40,18,,,,
2017-10-12,01:56,0,on/off,on/off,0,20.3,69.3,on,47,21,40,18,,,,
2017-10-12,01:56,2,on/off,on/off,0,20.3,69.3,on,47,21,40,18,,,,
2017-10-12,01:56,2,on/off,on/off,0,20.3,69.3,on,47,21,40,18,,,,
2017-10-12,01:56,0,on/off,on/off,0,20.3,69.3,on,47,21,40,18,,,,
2017-10-12,01:56,0,on/off,on/off,0,20.3,69.4,on,47,21,40,18,,,,
2017-10-12,01:56,0,on/off,on/off,0,20.3,69.4,on,47,21,40,18,,,,
2017-10-12,01:56,0,on/off,on/off,0,20.3,69.4,on,47,20,40,18,,,,
2017-10-12,01:56,0,on/off,on/off,0,20.3,69.4,on,47,20,40,18,,,,
2017-10-12,01:56,0,on/off,on/off,0,20.3,69.3,on,47,20,40,18,,,,
2017-10-12,01:56,0,on/off,on/off,0,20.3,69.3,on,47,21,40,18,,,,
2017-10-12,01:56,0,on/off,on/off,0,20.3,69.3,on,47,20,40,18,,,,
2017-10-12,01:56,0,on/off,on/off,0,20.3,69.3,on,47,20,40,18,,,,
2017-10-12,01:57,0,on/off,on/off,0,20.3,69.2,on,47,20,40,18,,,,
2017-10-12,01:57,0,on/off,on/off,0,20.3,69.2,on,47,20,40,19,,,,
2017-10-12,01:57,0,on/off,on/off,0,20.3,69.2,on,47,20,40,18,,,,
2017-10-12,01:57,0,on/off,on/off,0,20.3,69.2,on,47,20,40,18,,,,
2017-10-12,01:57,5,on/off,on/off,0,20.3,69.4,on,47,21,40,18,,,,
2017-10-12,01:57,0,on/off,on/off,0,20.3,69.4,on,47,21,40,18,,,,
2017-10-12,01:57,0,on/off,on/off,0,20.3,69.4,on,47,21,40,18,,,,
2017-10-12,01:57,0,on/off,on/off,0,20.3,69.4,on,47,20,40,18,,,,
2017-10-12,01:57,0,on/off,on/off,0,20.3,69.3,on,47,20,40,18,,,,
2017-10-12,01:57,0,on/off,on/off,0,20.3,69.3,on,47,20,40,18,,,,
2017-10-12,01:57,0,on/off,on/off,0,20.3,69.3,on,47,20,40,18,,,,
2017-10-12,01:57,0,on/off,on/off,0,20.3,69.3,on,47,21,40,18,,,,
2017-10-12,01:57,0,on/off,on/off,0,20.3,69.3,on,47,20,40,18,,,,
2017-10-12,01:57,3,on/off,on/off,0,20.3,69.3,on,47,20,40,18,,,,
2017-10-12,01:57,0,on/off,on/off,0,20.3,69.3,on,47,21,40,18,,,,
2017-10-12,01:57,0,on/off,on/off,0,20.3,69.3,on,47,20,40,18,,,,
2017-10-12,01:57,0,on/off,on/off,0,20.3,69.2,on,47,20,40,18,,,,
2017-10-12,01:57,3,on/off,on/off,0,20.3,69.2,on,47,21,40,18,,,,
2017-10-12,01:57,0,on/off,on/off,0,20.3,69.2,on,47,20,40,18,,,,
2017-10-12,01:57,0,on/off,on/off,0,20.3,69.2,on,47,20,40,18,,,,
2017-10-12,01:57,1,on/off,on/off,0,20.3,69.2,on,47,20,40,18,,,,
2017-10-12,01:57,0,on/off,on/off,0,20.3,69.2,on,47,21,40,18,,,,
2017-10-12,01:57,0,on/off,on/off,0,20.3,69.2,on,47,20,40,18,,,,
2017-10-12,01:57,0,on/off,on/off,0,20.3,69.2,on,47,20,40,18,,,,
2017-10-12,01:58,0,on/off,on/off,0,20.3,69.3,on,47,21,40,18,,,,
2017-10-12,01:58,2,on/off,on/off,0,20.3,69.3,on,47,21,40,18,,,,
2017-10-12,01:58,0,on/off,on/off,0,20.3,69.3,on,47,20,40,18,,,,
2017-10-12,01:58,0,on/off,on/off,0,20.3,69.3,on,47,20,40,18,,,,
2017-10-12,01:58,0,on/off,on/off,0,20.3,69.4,on,47,20,40,18,,,,
2017-10-12,01:58,0,on/off,on/off,0,20.3,69.4,on,47,20,40,18,,,,
2017-10-12,01:58,0,on/off,on/off,0,20.3,69.4,on,47,20,40,18,,,,
2017-10-12,01:58,0,on/off,on/off,0,20.3,69.4,on,47,20,40,18,,,,
2017-10-12,01:58,0,on/off,on/off,0,20.3,69.1,on,47,20,40,18,,,,
2017-10-12,01:58,0,on/off,on/off,0,20.3,69.1,on,47,20,40,18,,,,
2017-10-12,01:58,0,on/off,on/off,0,20.3,69.1,on,47,21,40,18,,,,
2017-10-12,01:58,0,on/off,on/off,0,20.3,69.1,on,47,21,40,18,,,,
2017-10-12,01:58,0,on/off,on/off,0,20.3,69.1,on,47,20,40,18,,,,
2017-10-12,01:58,0,on/off,on/off,0,20.3,69.1,on,47,21,40,18,,,,
2017-10-12,01:58,0,on/off,on/off,0,20.3,69.1,on,47,20,40,18,,,,
2017-10-12,01:58,0,on/off,on/off,0,20.3,69.1,on,47,20,40,18,,,,
2017-10-12,01:58,0,on/off,on/off,0,20.3,69.2,on,47,21,40,18,,,,
2017-10-12,01:58,0,on/off,on/off,0,20.3,69.2,on,47,21,40,18,,,,
2017-10-12,01:58,0,on/off,on/off,0,20.3,69.2,on,47,21,40,18,,,,
2017-10-12,01:58,0,on/off,on/off,0,20.3,69.2,on,48,20,40,18,,,,
2017-10-12,01:59,0,on/off,on/off,0,20.3,69.5,on,47,20,40,18,,,,
2017-10-12,01:59,5,on/off,on/off,0,20.3,69.5,on,47,21,40,18,,,,
2017-10-12,01:59,0,on/off,on/off,0,20.3,69.5,on,48,20,40,18,,,,
2017-10-12,01:59,0,on/off,on/off,0,20.3,69.5,on,47,20,40,18,,,,
2017-10-12,01:59,0,on/off,on/off,0,20.3,69.4,on,47,21,40,18,,,,
2017-10-12,01:59,0,on/off,on/off,0,20.3,69.4,on,47,21,40,18,,,,
2017-10-12,01:59,0,on/off,on/off,0,20.3,69.4,on,47,20,40,18,,,,
2017-10-12,01:59,0,on/off,on/off,0,20.3,69.4,on,47,20,40,18,,,,
2017-10-12,01:59,0,on/off,on/off,0,20.3,69.5,on,47,21,40,18,,,,
2017-10-12,01:59,0,on/off,on/off,0,20.3,69.5,on,47,20,40,18,,,,
2017-10-12,01:59,0,on/off,on/off,0,20.3,69.5,on,47,21,40,18,,,,
2017-10-12,01:59,1,on/off,on/off,0,20.3,69.5,on,48,21,39,18,,,,
2017-10-12,01:59,0,on/off,on/off,0,20.3,69.6,on,47,20,40,18,,,,
2017-10-12,01:59,0,on/off,on/off,0,20.3,69.6,on,47,20,40,18,,,,
2017-10-12,01:59,0,on/off,on/off,0,20.3,69.6,on,47,21,40,18,,,,
2017-10-12,01:59,4,on/off,on/off,0,20.3,69.6,on,47,21,40,18,,,,
2017-10-12,01:59,4,on/off,on/off,0,20.3,69.3,on,47,21,40,18,,,,
2017-10-12,01:59,0,on/off,on/off,0,20.3,69.3,on,47,21,40,18,,,,
2017-10-12,01:59,0,on/off,on/off,0,20.3,69.3,on,47,20,40,18,,,,
2017-10-12,01:59,0,on/off,on/off,0,20.3,69.3,on,47,20,40,18,,,,
2017-10-12,01:59,0,on/off,on/off,0,20.3,69.4,on,47,20,40,18,,,,
2017-10-12,01:59,0,on/off,on/off,0,20.3,69.4,on,47,20,40,18,,,,
2017-10-12,01:59,0,on/off,on/off,0,20.3,69.4,on,47,21,40,18,,,,
2017-10-12,01:59,0,on/off,on/off,0,20.3,69.4,on,47,20,40,18,,,,
2017-10-12,02:00,3,on/off,on/off,0,20.3,69.5,on,47,21,40,18,,,,
2017-10-12,02:00,0,on/off,on/off,0,20.3,69.5,on,47,20,40,18,,,,
2017-10-12,02:00,0,on/off,on/off,0,20.3,69.5,on,47,20,40,18,,,,
2017-10-12,02:00,0,on/off,on/off,0,20.3,69.5,on,47,20,40,18,,,,
2017-10-12,02:00,0,on/off,on/off,0,20.3,69.8,on,47,20,40,18,,,,
2017-10-12,02:00,0,on/off,on/off,0,20.3,69.8,on,47,20,40,18,,,,
2017-10-12,02:00,0,on/off,on/off,0,20.3,69.8,on,47,20,40,18,,,,
2017-10-12,02:00,4,on/off,on/off,0,20.3,69.8,on,47,21,40,18,,,,
2017-10-12,02:00,1,on/off,on/off,0,20.3,70.0,on,47,21,40,18,,,,
2017-10-12,02:00,0,on/off,on/off,0,20.3,70.0,on,47,20,40,18,,,,
2017-10-12,02:00,0,on/off,on/off,0,20.3,70.0,on,47,20,40,18,,,,
2017-10-12,02:00,0,on/off,on/off,0,20.3,70.0,on,47,20,40,18,,,,
2017-10-12,02:00,0,on/off,on/off,0,20.3,69.7,on,47,20,39,18,,,,
2017-10-12,02:00,0,on/off,on/off,0,20.3,69.7,on,47,20,40,18,,,,
2017-10-12,02:00,0,on/off,on/off,0,20.3,69.7,on,47,20,40,18,,,,
2017-10-12,02:00,0,on/off,on/off,0,20.3,69.7,on,47,21,40,18,,,,
2017-10-12,02:00,0,on/off,on/off,0,20.3,70.0,on,47,20,40,19,,,,
2017-10-12,02:00,0,on/off,on/off,0,20.3,70.0,on,47,21,40,18,,,,
2017-10-12,02:00,0,on/off,on/off,0,20.3,70.0,on,47,21,40,18,,,,
2017-10-12,02:00,0,on/off,on/off,0,20.3,70.0,on,47,20,40,18,,,,
2017-10-12,02:01,0,on/off,on/off,0,20.3,70.1,on,47,20,39,18,,,,
2017-10-12,02:01,0,on/off,on/off,0,20.3,70.1,on,47,20,40,18,,,,
2017-10-12,02:01,0,on/off,on/off,0,20.3,70.1,on,47,20,40,18,,,,
2017-10-12,02:01,0,on/off,on/off,0,20.3,70.1,on,47,20,40,18,,,,
2017-10-12,02:01,0,on/off,on/off,0,20.3,69.5,on,47,20,40,19,,,,
2017-10-12,02:01,0,on/off,on/off,0,20.3,69.5,on,47,20,40,18,,,,
2017-10-12,02:01,2,on/off,on/off,0,20.3,69.5,on,47,21,40,18,,,,
2017-10-12,02:01,0,on/off,on/off,0,20.3,69.5,on,47,21,40,18,,,,
2017-10-12,02:01,0,on/off,on/off,0,20.3,69.5,on,47,20,40,18,,,,
2017-10-12,02:01,5,on/off,on/off,0,20.3,69.5,on,47,21,40,18,,,,
2017-10-12,02:01,0,on/off,on/off,0,20.3,69.5,on,47,20,40,18,,,,
2017-10-12,02:01,0,on/off,on/off,0,20.3,69.5,on,47,20,40,18,,,,
2017-10-12,02:01,0,on/off,on/off,0,20.3,70.1,on,47,20,40,18,,,,
2017-10-12,02:01,0,on/off,on/off,0,20.3,70.1,on,47,21,40,18,,,,
2017-10-12,02:01,0,on/off,on/off,0,20.3,70.1,on,47,20,40,18,,,,
2017-10-12,02:01,0,on/off,on/off,0,20.3,70.1,on,47,20,40,18,,,,
2017-10-12,02:01,0,on/off,on/off,0,20.3,69.6,on,47,20,40,18,,,,
2017-10-12,02:01,0,on/off,on/off,0,20.3,69.6,on,47,20,40,18,,,,
2017-10-12,02:01,0,on/off,on/off,0,20.3,69.6,on,47,21,40,18,,,,
2017-10-12,02:01,1,on/off,on/off,0,20.3,69.6,on,47,21,40,18,,,,
2017-10-12,02:01,3,on/off,on/off,0,20.3,69.5,on,47,21,40,18,,,,
2017-10-12,02:01,0,on/off,on/off,0,20.3,69.5,on,47,21,40,18,,,,
2017-10-12,02:01,0,on/off,on/off,0,20.3,69.5,on,47,20,40,18,,,,
2017-10-12,02:01,0,on/off,on/off,0,20.3,69.5,on,47,20,40,18,,,,
2017-10-12,02:02,0,on/off,on/off,0,20.3,69.5,on,47,20,40,18,,,,
2017-10-12,02:02,0,on/off,on/off,0,20.3,69.5,on,47,20,40,18,,,,
2017-10-12,02:02,2,on/off,on/off,0,20.3,69.5,on,47,20,40,18,,,,
2017-10-12,02:02,0,on/off,on/off,0,20.3,69.5,on,47,21,40,18,,,,
2017-10-12,02:02,0,on/off,on/off,0,20.3,69.5,on,47,21,40,18,,,,
2017-10-12,02:02,4,on/off,on/off,0,20.3,69.5,on,47,21,40,18,,,,
2017-10-12,02:02,0,on/off,on/off,0,20.3,69.5,on,47,21,40,18,,,,
2017-10-12,02:02,0,on/off,on/off,0,20.3,69.5,on,47,20,40,18,,,,
2017-10-12,02:02,0,on/off,on/off,0,20.3,69.5,on,47,20,40,18,,,,
2017-10-12,02:02,0,on/off,on/off,0,20.3,69.5,on,47,20,40,19,,,,
2017-10-12,02:02,0,on/off,on/off,0,20.3,69.5,on,47,20,40,18,,,,
2017-10-12,02:02,0,on/off,on/off,0,20.3,69.5,on,47,21,40,18,,,,
2017-10-12,02:02,2,on/off,on/off,0,20.3,69.4,on,47,21,40,18,,,,
2017-10-12,02:02,1,on/off,on/off,0,20.3,69.4,on,47,21,40,18,,,,
2017-10-12,02:02,0,on/off,on/off,0,20.3,69.4,on,47,20,40,18,,,,
2017-10-12,02:02,0,on/off,on/off,0,20.3,69.4,on,47,21,40,18,,,,
2017-10-12,02:02,0,on/off,on/off,0,20.3,69.3,on,47,20,40,18,,,,
2017-10-12,02:02,0,on/off,on/off,0,20.3,69.3,on,47,20,40,18,,,,
2017-10-12,02:02,0,on/off,on/off,0,20.3,69.3,on,47,20,40,18,,,,
2017-10-12,02:02,0,on/off,on/off,0,20.3,69.3,on,47,21,40,18,,,,
2017-10-12,02:03,0,on/off,on/off,0,20.3,69.5,on,47,20,39,19,,,,
2017-10-12,02:03,0,on/off,on/off,0,20.3,69.5,on,47,21,40,18,,,,
2017-10-12,02:03,0,on/off,on/off,0,20.3,69.5,on,47,20,40,18,,,,
2017-10-12,02:03,0,on/off,on/off,0,20.3,69.5,on,47,20,40,18,,,,
2017-10-12,02:03,3,on/off,on/off,0,20.3,69.6,on,47,20,39,18,,,,
2017-10-12,02:03,3,on/off,on/off,0,20.3,69.6,on,47,21,40,18,,,,
2017-10-12,02:03,0,on/off,on/off,0,20.3,69.6,on,47,20,40,18,,,,
2017-10-12,02:03,1,on/off,on/off,0,20.3,69.6,on,47,21,40,18,,,,
2017-10-12,02:03,5,on/off,on/off,0,20.3,69.6,on,47,21,40,18,,,,
2017-10-12,02:03,0,on/off,on/off,0,20.3,69.6,on,47,20,40,18,,,,
2017-10-12,02:03,0,on/off,on/off,0,20.3,69.6,on,47,21,40,18,,,,
2017-10-12,02:03,3,on/off,on/off,0,20.3,69.6,on,47,20,40,18,,,,
2017-10-12,02:03,0,on/off,on/off,0,20.3,69.9,on,47,20,40,18,,,,
2017-10-12,02:03,0,on/off,on/off,0,20.3,69.9,on,47,20,40,18,,,,
2017-10-12,02:03,0,on/off,on/off,0,20.3,69.9,on,47,20,40,18,,,,
2017-10-12,02:03,0,on/off,on/off,0,20.3,69.9,on,47,21,40,18,,,,
2017-10-12,02:03,0,on/off,on/off,0,20.3,71.6,on,47,20,40,18,,,,
2017-10-12,02:03,0,on/off,on/off,0,20.3,71.6,on,47,20,40,18,,,,
2017-10-12,02:03,1,on/off,on/off,0,20.3,71.6,on,47,21,39,18,,,,
2017-10-12,02:03,0,on/off,on/off,0,20.3,71.6,on,47,20,40,18,,,,
2017-10-12,02:03,0,on/off,on/off,0,20.3,71.0,on,47,20,40,18,,,,
2017-10-12,02:03,1,on/off,on/off,0,20.3,71.0,on,47,20,40,18,,,,
2017-10-12,02:03,0,on/off,on/off,0,20.3,71.0,on,47,20,40,18,,,,
2017-10-12,02:03,0,on/off,on/off,0,20.3,71.0,on,47,20,40,18,,,,
2017-10-12,02:04,0,on/off,on/off,0,20.2,69.6,on,47,20,40,18,,,,
2017-10-12,02:04,0,on/off,on/off,0,20.2,69.6,on,47,20,40,18,,,,
2017-10-12,02:04,2,on/off,on/off,0,20.2,69.6,on,47,20,40,18,,,,
2017-10-12,02:04,2,on/off,on/off,0,20.2,69.6,on,47,20,40,18,,,,
2017-10-12,02:04,0,on/off,on/off,0,20.3,70.0,on,47,20,40,18,,,,
2017-10-12,02:04,0,on/off,on/off,0,20.3,70.0,on,47,21,40,18,,,,
2017-10-12,02:04,0,on/off,on/off,0,20.3,70.0,on,47,20,40,18,,,,
2017-10-12,02:04,0,on/off,on/off,0,20.3,70.0,on,47,20,40,18,,,,
2017-10-12,02:04,0,on/off,on/off,0,20.2,69.9,on,47,20,39,18,,,,
2017-10-12,02:04,0,on/off,on/off,0,20.2,69.9,on,47,21,40,18,,,,
2017-10-12,02:04,0,on/off,on/off,0,20.2,69.9,on,47,20,40,18,,,,
2017-10-12,02:04,0,on/off,on/off,0,20.2,69.9,on,47,20,40,18,,,,
2017-10-12,02:04,0,on/off,on/off,0,20.2,69.6,on,47,20,40,18,,,,
2017-10-12,02:04,1,on/off,on/off,0,20.2,69.6,on,47,20,40,18,,,,
2017-10-12,02:04,5,on/off,on/off,0,20.2,69.6,on,47,20,40,18,,,,
2017-10-12,02:04,0,on/off,on/off,0,20.2,69.6,on,47,20,39,18,,,,
2017-10-12,02:04,0,on/off,on/off,0,20.2,69.7,on,47,20,40,18,,,,
2017-10-12,02:04,4,on/off,on/off,0,20.2,69.7,on,47,20,40,18,,,,
2017-10-12,02:04,0,on/off,on/off,0,20.2,69.7,on,47,21,40,18,,,,
2017-10-12,02:04,0,on/off,on/off,0,20.2,69.7,on,47,20,40,18,,,,
2017-10-12,02:05,0,on/off,on/off,0,20.2,69.5,on,47,20,39,18,,,,
2017-10-12,02:05,4,on/off,on/off,0,20.2,69.5,on,47,20,40,18,,,,
2017-10-12,02:05,0,on/off,on/off,0,20.2,69.5,on,47,21,40,18,,,,
2017-10-12,02:05,0,on/off,on/off,0,20.2,69.5,on,47,20,40,18,,,,
2017-10-12,02:05,0,on/off,on/off,0,20.2,69.7,on,47,20,40,19,,,,
2017-10-12,02:05,0,on/off,on/off,0,20.2,69.7,on,47,20,40,18,,,,
2017-10-12,02:05,0,on/off,on/off,0,20.2,69.7,on,47,21,40,18,,,,
2017-10-12,02:05,0,on/off,on/off,0,20.2,69.7,on,47,20,40,18,,,,
2017-10-12,02:05,0,on/off,on/off,0,20.2,70.0,on,47,21,40,18,,,,
2017-10-12,02:05,0,on/off,on/off,0,20.2,70.0,on,47,20,40,18,,,,
2017-10-12,02:05,0,on/off,on/off,0,20.2,70.0,on,47,20,39,18,,,,
2017-10-12,02:05,0,on/off,on/off,0,20.2,70.0,on,47,20,40,18,,,,
2017-10-12,02:05,0,on/off,on/off,0,20.2,69.6,on,47,20,39,18,,,,
2017-10-12,02:05,0,on/off,on/off,0,20.2,69.6,on,47,20,40,18,,,,
2017-10-12,02:05,0,on/off,on/off,0,20.2,69.6,on,47,20,40,18,,,,
2017-10-12,02:05,0,on/off,on/off,0,20.2,69.6,on,47,20,40,18,,,,
2017-10-12,02:05,0,on/off,on/off,0,20.2,69.7,on,47,21,40,18,,,,
2017-10-12,02:05,0,on/off,on/off,0,20.2,69.7,on,47,20,40,18,,,,
2017-10-12,02:05,0,on/off,on/off,0,20.2,69.7,on,47,20,40,18,,,,
2017-10-12,02:05,0,on/off,on/off,0,20.2,69.7,on,47,20,40,18,,,,
2017-10-12,02:05,0,on/off,on/off,0,20.2,70.2,on,47,20,40,18,,,,
2017-10-12,02:05,0,on/off,on/off,0,20.2,70.2,on,47,20,40,18,,,,
2017-10-12,02:05,0,on/off,on/off,0,20.2,70.2,on,47,20,40,18,,,,
2017-10-12,02:05,1,on/off,on/off,0,20.2,70.2,on,47,21,40,18,,,,
2017-10-12,02:06,0,on/off,on/off,0,20.3,70.0,on,47,20,40,18,,,,
2017-10-12,02:06,0,on/off,on/off,0,20.3,70.0,on,47,20,39,18,,,,
2017-10-12,02:06,0,on/off,on/off,0,20.3,70.0,on,47,20,40,18,,,,
2017-10-12,02:06,1,on/off,on/off,0,20.3,70.0,on,47,21,40,18,,,,
2017-10-12,02:06,0,on/off,on/off,0,20.2,69.9,on,47,21,40,18,,,,
2017-10-12,02:06,0,on/off,on/off,0,20.2,69.9,on,47,20,40,18,,,,
2017-10-12,02:06,0,on/off,on/off,0,20.2,69.9,on,47,20,39,18,,,,
2017-10-12,02:06,0,on/off,on/off,0,20.2,69.9,on,47,20,40,18,,,,
2017-10-12,02:06,0,on/off,on/off,0,20.2,70.4,on,47,20,40,18,,,,
2017-10-12,02:06,0,on/off,on/off,0,20.2,70.4,on,47,20,40,18,,,,
2017-10-12,02:06,0,on/off,on/off,0,20.2,70.4,on,47,20,40,18,,,,
2017-10-12,02:06,0,on/off,on/off,0,20.2,70.4,on,47,21,40,18,,,,
2017-10-12,02:06,1,on/off,on/off,0,20.2,70.3,on,47,20,40,18,,,,
2017-10-12,02:06,0,on/off,on/off,0,20.2,70.3,on,47,20,40,18,,,,
2017-10-12,02:06,0,on/off,on/off,0,20.2,70.3,on,47,20,40,19,,,,
2017-10-12,02:06,1,on/off,on/off,0,20.2,70.3,on,47,20,40,18,,,,
2017-10-12,02:06,0,on/off,on/off,0,20.2,71.3,on,47,20,40,18,,,,
2017-10-12,02:06,0,on/off,on/off,0,20.2,71.3,on,47,20,40,18,,,,
2017-10-12,02:06,0,on/off,on/off,0,20.2,71.3,on,47,21,40,18,,,,
2017-10-12,02:06,0,on/off,on/off,0,20.2,71.3,on,47,20,40,18,,,,
2017-10-12,02:07,0,on/off,on/off,0,20.2,72.1,on,47,20,40,18,,,,
2017-10-12,02:07,5,on/off,on/off,0,20.2,72.1,on,47,21,40,18,,,,
2017-10-12,02:07,0,on/off,on/off,0,20.2,72.1,on,47,20,40,18,,,,
2017-10-12,02:07,0,on/off,on/off,0,20.2,72.1,on,47,20,40,18,,,,
2017-10-12,02:07,0,on/off,on/off,0,20.2,72.0,on,47,21,40,18,,,,
2017-10-12,02:07,0,on/off,on/off,0,20.2,72.0,on,47,20,40,18,,,,
2017-10-12,02:07,1,on/off,on/off,0,20.2,72.0,on,47,20,40,18,,,,
2017-10-12,02:07,1,on/off,on/off,0,20.2,72.0,on,47,20,40,18,,,,
2017-10-12,02:07,0,on/off,on/off,0,20.2,70.9,on,47,20,40,18,,,,
2017-10-12,02:07,0,on/off,on/off,0,20.2,70.9,on,47,20,39,18,,,,
2017-10-12,02:07,0,on/off,on/off,0,20.2,70.9,on,47,21,40,18,,,,
2017-10-12,02:07,0,on/off,on/off,0,20.2,70.9,on,47,20,39,18,,,,
2017-10-12,02:07,0,on/off,on/off,0,20.2,71.0,on,47,20,40,18,,,,
2017-10-12,02:07,0,on/off,on/off,0,20.2,71.0,on,47,20,40,18,,,,
2017-10-12,02:07,0,on/off,on/off,0,20.2,71.0,on,47,20,39,18,,,,
2017-10-12,02:07,0,on/off,on/off,0,20.2,71.0,on,47,20,40,18,,,,
2017-10-12,02:07,0,on/off,on/off,0,20.2,70.7,on,47,20,40,18,,,,
2017-10-12,02:07,0,on/off,on/off,0,20.2,70.7,on,47,21,40,18,,,,
2017-10-12,02:07,0,on/off,on/off,0,20.2,70.7,on,47,20,40,18,,,,
2017-10-12,02:07,0,on/off,on/off,0,20.2,70.7,on,47,20,40,18,,,,
2017-10-12,02:07,0,on/off,on/off,0,20.2,70.2,on,47,20,40,18,,,,
2017-10-12,02:07,0,on/off,on/off,0,20.2,70.2,on,47,20,40,18,,,,
2017-10-12,02:07,0,on/off,on/off,0,20.2,70.2,on,47,20,40,18,,,,
2017-10-12,02:07,0,on/off,on/off,0,20.2,70.2,on,47,21,40,18,,,,
2017-10-12,02:08,0,on/off,on/off,0,20.2,69.8,on,47,20,40,18,,,,
2017-10-12,02:08,0,on/off,on/off,0,20.2,69.8,on,47,20,40,18,,,,
2017-10-12,02:08,0,on/off,on/off,0,20.2,69.8,on,47,20,40,18,,,,
2017-10-12,02:08,1,on/off,on/off,0,20.2,69.8,on,47,20,40,18,,,,
2017-10-12,02:08,0,on/off,on/off,0,20.2,70.5,on,47,20,40,18,,,,
2017-10-12,02:08,0,on/off,on/off,0,20.2,70.5,on,47,20,39,18,,,,
2017-10-12,02:08,0,on/off,on/off,0,20.2,70.5,on,47,21,40,18,,,,
2017-10-12,02:08,0,on/off,on/off,0,20.2,70.5,on,47,21,40,18,,,,
2017-10-12,02:08,0,on/off,on/off,0,20.2,70.2,on,47,21,40,18,,,,
2017-10-12,02:08,0,on/off,on/off,0,20.2,70.2,on,47,20,40,18,,,,
2017-10-12,02:08,1,on/off,on/off,0,20.2,70.2,on,47,21,39,18,,,,
2017-10-12,02:08,0,on/off,on/off,0,20.2,70.2,on,47,20,39,18,,,,
2017-10-12,02:08,0,on/off,on/off,0,20.2,69.9,on,47,20,40,18,,,,
2017-10-12,02:08,0,on/off,on/off,0,20.2,69.9,on,47,21,39,18,,,,
2017-10-12,02:08,0,on/off,on/off,0,20.2,69.9,on,47,20,39,18,,,,
2017-10-12,02:08,0,on/off,on/off,0,20.2,69.9,on,47,20,40,18,,,,
2017-10-12,02:08,0,on/off,on/off,0,20.2,70.7,on,47,20,40,18,,,,
2017-10-12,02:08,0,on/off,on/off,0,20.2,70.7,on,47,20,39,18,,,,
2017-10-12,02:08,0,on/off,on/off,0,20.2,70.7,on,47,20,40,18,,,,
2017-10-12,02:08,0,on/off,on/off,0,20.2,70.7,on,47,20,40,19,,,,
2017-10-12,02:08,0,on/off,on/off,0,20.2,71.3,on,47,20,40,18,,,,
2017-10-12,02:08,0,on/off,on/off,0,20.2,71.3,on,47,21,40,18,,,,
2017-10-12,02:08,4,on/off,on/off,0,20.2,71.3,on,47,20,40,18,,,,
2017-10-12,02:08,0,on/off,on/off,0,20.2,71.3,on,47,20,40,18,,,,
2017-10-12,02:09,0,on/off,on/off,0,20.2,72.1,on,47,20,39,18,,,,
2017-10-12,02:09,0,on/off,on/off,0,20.2,72.1,on,47,20,40,18,,,,
2017-10-12,02:09,0,on/off,on/off,0,20.2,72.1,on,47,20,40,18,,,,
2017-10-12,02:09,0,on/off,on/off,0,20.2,72.1,on,47,20,40,18,,,,
2017-10-12,02:09,0,on/off,on/off,0,20.2,72.5,on,47,20,40,18,,,,
2017-10-12,02:09,0,on/off,on/off,0,20.2,72.5,on,47,20,40,18,,,,
2017-10-12,02:09,0,on/off,on/off,0,20.2,72.5,on,47,20,40,18,,,,
2017-10-12,02:09,2,on/off,on/off,0,20.2,72.5,on,47,21,40,18,,,,
2017-10-12,02:09,0,on/off,on/off,0,20.2,72.3,on,47,20,40,18,,,,
2017-10-12,02:09,4,on/off,on/off,0,20.2,72.3,on,47,20,40,18,,,,
2017-10-12,02:09,2,on/off,on/off,0,20.2,72.3,on,47,20,39,18,,,,
2017-10-12,02:09,0,on/off,on/off,0,20.2,72.3,on,47,20,39,18,,,,
2017-10-12,02:09,3,on/off,on/off,0,20.2,70.8,on,47,21,40,18,,,,
2017-10-12,02:09,0,on/off,on/off,0,20.2,70.8,on,47,20,40,18,,,,
2017-10-12,02:09,0,on/off,on/off,0,20.2,70.8,on,47,20,39,18,,,,
2017-10-12,02:09,0,on/off,on/off,0,20.2,70.8,on,47,20,40,18,,,,
2017-10-12,02:09,0,on/off,on/off,0,20.2,71.4,on,47,20,40,18,,,,
2017-10-12,02:09,0,on/off,on/off,0,20.2,71.4,on,47,20,40,18,,,,
2017-10-12,02:09,0,on/off,on/off,0,20.2,71.4,on,47,20,40,18,,,,
2017-10-12,02:09,0,on/off,on/off,0,20.2,71.4,on,47,20,40,18,,,,
2017-10-12,02:10,0,on/off,on/off,0,20.2,70.9,on,47,20,40,18,,,,
2017-10-12,02:10,0,on/off,on/off,0,20.2,70.9,on,47,20,40,18,,,,
2017-10-12,02:10,0,on/off,on/off,0,20.2,70.9,on,47,20,40,18,,,,
2017-10-12,02:10,0,on/off,on/off,0,20.2,70.9,on,47,20,40,18,,,,
2017-10-12,02:10,0,on/off,on/off,0,20.2,70.1,on,47,20,40,18,,,,
2017-10-12,02:10,0,on/off,on/off,0,20.2,70.1,on,47,20,40,18,,,,
2017-10-12,02:10,0,on/off,on/off,0,20.2,70.1,on,47,20,40,18,,,,
2017-10-12,02:10,1,on/off,on/off,0,20.2,70.1,on,47,20,40,18,,,,
2017-10-12,02:10,0,on/off,on/off,0,20.2,70.3,on,47,21,40,18,,,,
2017-10-12,02:10,0,on/off,on/off,0,20.2,70.3,on,47,21,40,18,,,,
2017-10-12,02:10,0,on/off,on/off,0,20.2,70.3,on,47,20,40,18,,,,
2017-10-12,02:10,0,on/off,on/off,0,20.2,70.3,on,47,20,39,18,,,,
2017-10-12,02:10,0,on/off,on/off,0,20.2,70.2,on,47,21,40,18,,,,
2017-10-12,02:10,0,on/off,on/off,0,20.2,70.2,on,47,21,39,18,,,,
2017-10-12,02:10,0,on/off,on/off,0,20.2,70.2,on,47,20,39,18,,,,
2017-10-12,02:10,0,on/off,on/off,0,20.2,70.2,on,47,20,40,18,,,,
2017-10-12,02:10,1,on/off,on/off,0,20.2,70.0,on,47,21,39,18,,,,
2017-10-12,02:10,0,on/off,on/off,0,20.2,70.0,on,47,21,40,19,,,,
2017-10-12,02:10,0,on/off,on/off,0,20.2,70.0,on,47,20,40,18,,,,
2017-10-12,02:10,0,on/off,on/off,0,20.2,70.0,on,47,20,40,18,,,,
2017-10-12,02:10,0,on/off,on/off,0,20.2,69.6,on,47,20,40,18,,,,
2017-10-12,02:10,0,on/off,on/off,0,20.2,69.6,on,47,20,40,18,,,,
2017-10-12,02:10,0,on/off,on/off,0,20.2,69.6,on,47,21,40,18,,,,
2017-10-12,02:10,0,on/off,on/off,0,20.2,69.6,on,47,20,40,18,,,,
2017-10-12,02:11,0,on/off,on/off,0,20.2,69.7,on,47,20,40,18,,,,
2017-10-12,02:11,0,on/off,on/off,0,20.2,69.7,on,47,21,40,18,,,,
2017-10-12,02:11,0,on/off,on/off,0,20.2,69.7,on,47,20,40,18,,,,
2017-10-12,02:11,0,on/off,on/off,0,20.2,69.7,on,47,20,40,18,,,,
2017-10-12,02:11,0,on/off,on/off,0,20.2,70.2,on,47,20,39,18,,,,
2017-10-12,02:11,0,on/off,on/off,0,20.2,70.2,on,47,20,39,18,,,,
2017-10-12,02:11,2,on/off,on/off,0,20.2,70.2,on,47,20,40,18,,,,
2017-10-12,02:11,0,on/off,on/off,0,20.2,70.2,on,47,20,40,18,,,,
2017-10-12,02:11,0,on/off,on/off,0,20.2,70.2,on,47,21,39,18,,,,
2017-10-12,02:11,0,on/off,on/off,0,20.2,70.2,on,47,20,39,18,,,,
2017-10-12,02:11,0,on/off,on/off,0,20.2,70.2,on,47,21,40,18,,,,
2017-10-12,02:11,0,on/off,on/off,0,20.2,70.2,on,47,20,40,18,,,,
2017-10-12,02:11,0,on/off,on/off,0,20.2,70.2,on,47,20,40,18,,,,
2017-10-12,02:11,0,on/off,on/off,0,20.2,70.2,on,47,20,39,18,,,,
2017-10-12,02:11,0,on/off,on/off,0,20.2,70.2,on,47,21,40,18,,,,
2017-10-12,02:11,1,on/off,on/off,1,20.2,70.2,on,47,21,40,18,,,,
2017-10-12,02:11,0,on/off,on/off,0,20.2,71.5,on,47,20,40,18,,,,
2017-10-12,02:11,0,on/off,on/off,0,20.2,71.5,on,47,20,40,18,,,,
2017-10-12,02:11,0,on/off,on/off,0,20.2,71.5,on,47,20,39,18,,,,
2017-10-12,02:11,0,on/off,on/off,0,20.2,71.5,on,47,20,40,18,,,,
2017-10-12,02:12,0,on/off,on/off,0,20.2,71.9,on,47,20,39,18,,,,
2017-10-12,02:12,0,on/off,on/off,0,20.2,71.9,on,47,20,40,18,,,,
2017-10-12,02:12,0,on/off,on/off,0,20.2,71.9,on,47,20,40,18,,,,
2017-10-12,02:12,6,on/off,on/off,0,20.2,71.9,on,47,21,40,18,,,,
2017-10-12,02:12,0,on/off,on/off,0,20.2,71.5,on,47,20,40,18,,,,
2017-10-12,02:12,0,on/off,on/off,0,20.2,71.5,on,47,20,39,18,,,,
2017-10-12,02:12,0,on/off,on/off,0,20.2,71.5,on,47,20,40,18,,,,
2017-10-12,02:12,0,on/off,on/off,0,20.2,71.5,on,47,20,40,18,,,,
2017-10-12,02:12,3,on/off,on/off,0,20.2,72.0,on,47,21,40,18,,,,
2017-10-12,02:12,0,on/off,on/off,0,20.2,72.0,on,47,21,39,18,,,,
2017-10-12,02:12,0,on/off,on/off,0,20.2,72.0,on,47,20,39,18,,,,
2017-10-12,02:12,0,on/off,on/off,0,20.2,72.0,on,47,20,40,18,,,,
2017-10-12,02:12,5,on/off,on/off,0,20.2,72.2,on,47,20,40,18,,,,
2017-10-12,02:12,0,on/off,on/off,0,20.2,72.2,on,47,20,40,18,,,,
2017-10-12,02:12,0,on/off,on/off,0,20.2,72.2,on,47,20,39,18,,,,
2017-10-12,02:12,0,on/off,on/off,0,20.2,72.2,on,47,20,39,18,,,,
2017-10-12,02:12,0,on/off,on/off,0,20.2,72.4,on,47,20,40,18,,,,
2017-10-12,02:12,0,on/off,on/off,0,20.2,72.4,on,47,20,39,18,,,,
2017-10-12,02:12,0,on/off,on/off,0,20.2,72.4,on,47,20,40,18,,,,
2017-10-12,02:12,0,on/off,on/off,0,20.2,72.4,on,47,21,40,18,,,,
2017-10-12,02:12,0,on/off,on/off,0,20.2,72.4,on,47,20,40,18,,,,
2017-10-12,02:12,0,on/off,on/off,0,20.2,72.4,on,47,20,40,18,,,,
2017-10-12,02:12,0,on/off,on/off,0,20.2,72.4,on,47,20,40,19,,,,
2017-10-12,02:12,0,on/off,on/off,0,20.2,72.4,on,47,21,39,18,,,,
2017-10-12,02:13,0,on/off,on/off,0,20.2,72.1,on,47,21,40,18,,,,
2017-10-12,02:13,0,on/off,on/off,0,20.2,72.1,on,47,21,39,18,,,,
2017-10-12,02:13,0,on/off,on/off,0,20.2,72.1,on,47,20,40,18,,,,
2017-10-12,02:13,0,on/off,on/off,0,20.2,72.1,on,47,20,40,18,,,,
2017-10-12,02:13,0,on/off,on/off,0,20.2,71.0,on,47,20,40,18,,,,
2017-10-12,02:13,0,on/off,on/off,0,20.2,71.0,on,47,20,40,18,,,,
2017-10-12,02:13,0,on/off,on/off,0,20.2,71.0,on,47,21,39,18,,,,
2017-10-12,02:13,0,on/off,on/off,0,20.2,71.0,on,47,20,40,18,,,,
2017-10-12,02:13,0,on/off,on/off,0,20.2,70.4,on,47,20,39,18,,,,
2017-10-12,02:13,0,on/off,on/off,0,20.2,70.4,on,47,21,40,18,,,,
2017-10-12,02:13,0,on/off,on/off,0,20.2,70.4,on,47,20,39,18,,,,
2017-10-12,02:13,0,on/off,on/off,0,20.2,70.4,on,47,20,40,18,,,,
2017-10-12,02:13,0,on/off,on/off,0,20.2,70.1,on,47,20,39,18,,,,
2017-10-12,02:13,4,on/off,on/off,0,20.2,70.1,on,47,21,40,18,,,,
2017-10-12,02:13,0,on/off,on/off,0,20.2,70.1,on,47,20,40,18,,,,
2017-10-12,02:13,0,on/off,on/off,0,20.2,70.1,on,47,20,40,18,,,,
2017-10-12,02:13,0,on/off,on/off,0,20.2,70.9,on,47,20,40,18,,,,
2017-10-12,02:13,3,on/off,on/off,0,20.2,70.9,on,47,21,39,18,,,,
2017-10-12,02:13,0,on/off,on/off,0,20.2,70.9,on,47,20,39,18,,,,
2017-10-12,02:13,0,on/off,on/off,0,20.2,70.9,on,47,20,39,18,,,,
2017-10-12,02:14,0,on/off,on/off,0,20.2,70.3,on,47,20,40,18,,,,
2017-10-12,02:14,0,on/off,on/off,0,20.2,70.3,on,47,20,40,18,,,,
2017-10-12,02:14,0,on/off,on/off,0,20.2,70.3,on,47,20,40,19,,,,
2017-10-12,02:14,3,on/off,on/off,0,20.2,70.3,on,47,21,40,18,,,,
2017-10-12,02:14,0,on/off,on/off,0,20.2,70.6,on,47,20,40,18,,,,
2017-10-12,02:14,0,on/off,on/off,0,20.2,70.6,on,47,20,39,18,,,,
2017-10-12,02:14,0,on/off,on/off,0,20.2,70.6,on,47,20,40,18,,,,
2017-10-12,02:14,0,on/off,on/off,0,20.2,70.6,on,47,20,40,18,,,,
2017-10-12,02:14,0,on/off,on/off,0,20.2,70.3,on,47,20,40,18,,,,
2017-10-12,02:14,0,on/off,on/off,0,20.2,70.3,on,47,20,40,18,,,,
2017-10-12,02:14,0,on/off,on/off,0,20.2,70.3,on,47,20,39,18,,,,
2017-10-12,02:14,0,on/off,on/off,0,20.2,70.3,on,47,20,40,18,,,,
2017-10-12,02:14,3,on/off,on/off,0,20.2,70.5,on,47,20,40,18,,,,
2017-10-12,02:14,0,on/off,on/off,0,20.2,70.5,on,47,21,39,18,,,,
2017-10-12,02:14,0,on/off,on/off,0,20.2,70.5,on,47,20,40,18,,,,
2017-10-12,02:14,0,on/off,on/off,0,20.2,70.5,on,47,20,39,18,,,,
2017-10-12,02:14,0,on/off,on/off,0,20.2,70.4,on,47,20,39,18,,,,
2017-10-12,02:14,0,on/off,on/off,0,20.2,70.4,on,47,21,40,18,,,,
2017-10-12,02:14,0,on/off,on/off,0,20.2,70.4,on,47,20,39,18,,,,
2017-10-12,02:14,0,on/off,on/off,0,20.2,70.4,on,47,20,40,18,,,,
2017-10-12,02:14,0,on/off,on/off,0,20.2,69.8,on,47,20,39,18,,,,
2017-10-12,02:14,0,on/off,on/off,0,20.2,69.8,on,47,20,40,18,,,,
2017-10-12,02:14,1,on/off,on/off,0,20.2,69.8,on,47,20,39,18,,,,
2017-10-12,02:14,0,on/off,on/off,0,20.2,69.8,on,47,20,40,18,,,,
2017-10-12,02:15,0,on/off,on/off,0,20.2,69.9,on,47,21,40,18,,,,
2017-10-12,02:15,0,on/off,on/off,0,20.2,69.9,on,47,20,40,18,,,,
2017-10-12,02:15,0,on/off,on/off,0,20.2,69.9,on,47,20,39,18,,,,
2017-10-12,02:15,0,on/off,on/off,0,20.2,69.9,on,47,20,40,18,,,,
2017-10-12,02:15,0,on/off,on/off,0,20.2,69.7,on,47,20,40,18,,,,
2017-10-12,02:15,0,on/off,on/off,0,20.2,69.7,on,47,20,39,18,,,,
2017-10-12,02:15,0,on/off,on/off,0,20.2,69.7,on,47,20,40,18,,,,
2017-10-12,02:15,0,on/off,on/off,0,20.2,69.7,on,47,21,40,18,,,,
2017-10-12,02:15,0,on/off,on/off,0,20.2,69.6,on,47,20,40,18,,,,
2017-10-12,02:15,0,on/off,on/off,0,20.2,69.6,on,47,21,40,18,,,,
2017-10-12,02:15,1,on/off,on/off,0,20.2,69.6,on,47,20,39,18,,,,
2017-10-12,02:15,0,on/off,on/off,0,20.2,69.6,on,47,20,39,18,,,,
2017-10-12,02:15,0,on/off,on/off,0,20.2,69.4,on,47,20,40,18,,,,
2017-10-12,02:15,0,on/off,on/off,0,20.2,69.4,on,47,20,39,18,,,,
2017-10-12,02:15,0,on/off,on/off,0,20.2,69.4,on,47,20,40,18,,,,
2017-10-12,02:15,0,on/off,on/off,0,20.2,69.4,on,47,20,40,18,,,,
2017-10-12,02:15,0,on/off,on/off,0,20.2,69.6,on,47,20,40,18,,,,
2017-10-12,02:15,0,on/off,on/off,0,20.2,69.6,on,47,20,40,18,,,,
2017-10-12,02:15,2,on/off,on/off,0,20.2,69.6,on,47,21,40,18,,,,
2017-10-12,02:15,0,on/off,on/off,0,20.2,69.6,on,47,21,39,18,,,,
2017-10-12,02:16,0,on/off,on/off,0,20.2,69.6,on,47,20,39,18,,,,
2017-10-12,02:16,0,on/off,on/off,0,20.2,69.6,on,47,20,39,18,,,,
2017-10-12,02:16,3,on/off,on/off,0,20.2,69.6,on,47,20,39,18,,,,
2017-10-12,02:16,0,on/off,on/off,0,20.2,69.6,on,47,20,39,18,,,,
2017-10-12,02:16,0,on/off,on/off,0,20.2,69.7,on,47,20,40,18,,,,
2017-10-12,02:16,0,on/off,on/off,0,20.2,69.7,on,47,20,40,18,,,,
2017-10-12,02:16,0,on/off,on/off,0,20.2,69.7,on,47,21,40,18,,,,
2017-10-12,02:16,0,on/off,on/off,0,20.2,69.7,on,47,20,39,18,,,,
2017-10-12,02:16,0,on/off,on/off,0,20.2,69.4,on,47,21,40,18,,,,
2017-10-12,02:16,0,on/off,on/off,0,20.2,69.4,on,47,20,39,18,,,,
2017-10-12,02:16,0,on/off,on/off,0,20.2,69.4,on,47,20,39,18,,,,
2017-10-12,02:16,0,on/off,on/off,0,20.2,69.4,on,47,20,40,18,,,,
2017-10-12,02:16,0,on/off,on/off,0,20.2,69.3,on,47,20,39,18,,,,
2017-10-12,02:16,0,on/off,on/off,0,20.2,69.3,on,47,20,40,18,,,,
2017-10-12,02:16,0,on/off,on/off,0,20.2,69.3,on,47,20,39,18,,,,
2017-10-12,02:16,0,on/off,on/off,0,20.2,69.3,on,47,20,39,18,,,,
2017-10-12,02:16,2,on/off,on/off,0,20.2,69.2,on,47,20,40,18,,,,
2017-10-12,02:16,0,on/off,on/off,0,20.2,69.2,on,47,20,39,18,,,,
2017-10-12,02:16,0,on/off,on/off,0,20.2,69.2,on,47,20,39,18,,,,
2017-10-12,02:16,1,on/off,on/off,0,20.2,69.2,on,47,21,40,18,,,,
2017-10-12,02:16,0,on/off,on/off,0,20.2,69.4,on,47,20,39,18,,,,
2017-10-12,02:16,0,on/off,on/off,0,20.2,69.4,on,47,20,40,18,,,,
2017-10-12,02:16,0,on/off,on/off,0,20.2,69.4,on,47,20,39,18,,,,
2017-10-12,02:16,0,on/off,on/off,0,20.2,69.4,on,47,20,40,18,,,,
2017-10-12,02:17,2,on/off,on/off,0,20.2,69.4,on,47,20,39,18,,,,
2017-10-12,02:17,4,on/off,on/off,0,20.2,69.4,on,47,21,40,18,,,,
2017-10-12,02:17,0,on/off,on/off,0,20.2,69.4,on,47,20,40,18,,,,
2017-10-12,02:17,0,on/off,on/off,0,20.2,69.4,on,47,20,40,18,,,,
2017-10-12,02:17,1,on/off,on/off,0,20.2,69.4,on,47,21,39,19,,,,
2017-10-12,02:17,3,on/off,on/off,0,20.2,69.4,on,47,20,40,18,,,,
2017-10-12,02:17,0,on/off,on/off,0,20.2,69.4,on,47,21,40,18,,,,
2017-10-12,02:17,0,on/off,on/off,0,20.2,69.4,on,47,20,39,18,,,,
2017-10-12,02:17,0,on/off,on/off,0,20.2,69.2,on,47,20,39,18,,,,
2017-10-12,02:17,0,on/off,on/off,0,20.2,69.2,on,47,20,39,18,,,,
2017-10-12,02:17,0,on/off,on/off,0,20.2,69.2,on,47,20,40,18,,,,
2017-10-12,02:17,0,on/off,on/off,0,20.2,69.2,on,47,21,40,18,,,,
2017-10-12,02:17,1,on/off,on/off,0,20.2,69.7,on,47,21,39,18,,,,
2017-10-12,02:17,0,on/off,on/off,0,20.2,69.7,on,47,20,39,18,,,,
2017-10-12,02:17,0,on/off,on/off,0,20.2,69.7,on,47,20,39,18,,,,
2017-10-12,02:17,0,on/off,on/off,0,20.2,69.7,on,47,20,40,18,,,,
2017-10-12,02:17,2,on/off,on/off,0,20.2,69.3,on,47,21,39,18,,,,
2017-10-12,02:17,0,on/off,on/off,0,20.2,69.3,on,47,20,39,18,,,,
2017-10-12,02:17,0,on/off,on/off,0,20.2,69.3,on,47,21,40,18,,,,
2017-10-12,02:17,0,on/off,on/off,0,20.2,69.3,on,47,20,39,18,,,,
2017-10-12,02:18,1,on/off,on/off,0,20.2,70.0,on,47,20,39,18,,,,
2017-10-12,02:18,3,on/off,on/off,0,20.2,70.0,on,47,21,40,18,,,,
2017-10-12,02:18,0,on/off,on/off,0,20.2,70.0,on,47,20,39,18,,,,
2017-10-12,02:18,0,on/off,on/off,0,20.2,70.0,on,47,20,40,18,,,,
2017-10-12,02:18,0,on/off,on/off,1,20.2,69.4,on,47,20,39,18,,,,
2017-10-12,02:18,0,on/off,on/off,0,20.2,69.4,on,47,20,40,18,,,,
2017-10-12,02:18,2,on/off,on/off,0,20.2,69.4,on,47,21,40,18,,,,
2017-10-12,02:18,0,on/off,on/off,0,20.2,69.4,on,47,20,39,18,,,,
2017-10-12,02:18,0,on/off,on/off,0,20.2,69.3,on,47,20,39,18,,,,
2017-10-12,02:18,0,on/off,on/off,0,20.2,69.3,on,47,20,39,18,,,,
2017-10-12,02:18,0,on/off,on/off,0,20.2,69.3,on,47,20,40,18,,,,
2017-10-12,02:18,0,on/off,on/off,0,20.2,69.3,on,47,21,39,18,,,,
2017-10-12,02:18,0,on/off,on/off,0,20.2,69.6,on,47,21,40,18,,,,
2017-10-12,02:18,0,on/off,on/off,0,20.2,69.6,on,47,20,39,18,,,,
2017-10-12,02:18,0,on/off,on/off,0,20.2,69.6,on,47,20,39,18,,,,
2017-10-12,02:18,5,on/off,on/off,0,20.2,69.6,on,47,20,39,18,,,,
2017-10-12,02:18,0,on/off,on/off,0,20.2,69.6,on,47,20,40,18,,,,
2017-10-12,02:18,0,on/off,on/off,0,20.2,69.6,on,47,20,40,18,,,,
2017-10-12,02:18,0,on/off,on/off,0,20.2,69.6,on,47,20,39,18,,,,
2017-10-12,02:18,0,on/off,on/off,0,20.2,69.6,on,47,21,40,18,,,,
2017-10-12,02:18,0,on/off,on/off,0,20.2,69.7,on,47,20,40,18,,,,
2017-10-12,02:18,2,on/off,on/off,0,20.2,69.7,on,47,20,40,18,,,,
2017-10-12,02:18,0,on/off,on/off,0,20.2,69.7,on,47,20,39,18,,,,
2017-10-12,02:18,0,on/off,on/off,0,20.2,69.7,on,47,20,39,18,,,,
2017-10-12,02:19,0,on/off,on/off,0,20.2,69.7,on,47,20,40,19,,,,
2017-10-12,02:19,0,on/off,on/off,0,20.2,69.7,on,47,21,39,18,,,,
2017-10-12,02:19,0,on/off,on/off,0,20.2,69.7,on,47,21,40,18,,,,
2017-10-12,02:19,1,on/off,on/off,0,20.2,69.7,on,47,20,39,18,,,,
2017-10-12,02:19,4,on/off,on/off,0,20.2,69.6,on,47,20,39,18,,,,
2017-10-12,02:19,0,on/off,on/off,0,20.2,69.6,on,47,20,40,18,,,,
2017-10-12,02:19,0,on/off,on/off,0,20.2,69.6,on,47,20,39,18,,,,
2017-10-12,02:19,0,on/off,on/off,0,20.2,69.6,on,47,21,39,18,,,,
2017-10-12,02:19,0,on/off,on/off,0,20.2,70.5,on,47,20,40,18,,,,
2017-10-12,02:19,0,on/off,on/off,0,20.2,70.5,on,47,20,39,18,,,,
2017-10-12,02:19,5,on/off,on/off,0,20.2,70.5,on,47,21,39,18,,,,
2017-10-12,02:19,0,on/off,on/off,0,20.2,70.5,on,47,20,39,18,,,,
2017-10-12,02:19,0,on/off,on/off,0,20.2,70.4,on,47,20,40,19,,,,
2017-10-12,02:19,0,on/off,on/off,0,20.2,70.4,on,47,20,39,18,,,,
2017-10-12,02:19,0,on/off,on/off,0,20.2,70.4,on,47,21,40,18,,,,
2017-10-12,02:19,0,on/off,on/off,0,20.2,70.4,on,47,21,39,18,,,,
2017-10-12,02:19,0,on/off,on/off,0,20.2,70.8,on,47,21,39,18,,,,
2017-10-12,02:19,0,on/off,on/off,0,20.2,70.8,on,47,20,39,18,,,,
2017-10-12,02:19,0,on/off,on/off,0,20.2,70.8,on,47,21,39,18,,,,
2017-10-12,02:19,0,on/off,on/off,0,20.2,70.8,on,47,20,39,18,,,,
2017-10-12,02:20,0,on/off,on/off,0,20.2,70.2,on,47,21,39,18,,,,
2017-10-12,02:20,0,on/off,on/off,0,20.2,70.2,on,47,20,39,18,,,,
2017-10-12,02:20,0,on/off,on/off,0,20.2,70.2,on,47,20,39,18,,,,
2017-10-12,02:20,0,on/off,on/off,0,20.2,70.2,on,47,20,40,18,,,,
2017-10-12,02:20,0,on/off,on/off,0,20.2,70.1,on,47,21,40,18,,,,
2017-10-12,02:20,6,on/off,on/off,0,20.2,70.1,on,47,21,39,18,,,,
2017-10-12,02:20,0,on/off,on/off,0,20.2,70.1,on,47,20,40,18,,,,
2017-10-12,02:20,0,on/off,on/off,0,20.2,70.1,on,47,20,39,18,,,,
2017-10-12,02:20,0,on/off,on/off,0,20.2,70.3,on,47,20,39,18,,,,
2017-10-12,02:20,0,on/off,on/off,0,20.2,70.3,on,47,21,39,18,,,,
2017-10-12,02:20,1,on/off,on/off,0,20.2,70.3,on,47,20,39,18,,,,
2017-10-12,02:20,0,on/off,on/off,0,20.2,70.3,on,47,20,40,18,,,,
2017-10-12,02:20,0,on/off,on/off,0,20.2,70.2,on,47,20,39,18,,,,
2017-10-12,02:20,0,on/off,on/off,0,20.2,70.2,on,47,20,39,18,,,,
2017-10-12,02:20,0,on/off,on/off,0,20.2,70.2,on,47,20,40,18,,,,
2017-10-12,02:20,0,on/off,on/off,0,20.2,70.2,on,47,21,40,18,,,,
2017-10-12,02:20,0,on/off,on/off,0,20.2,70.2,on,47,20,39,18,,,,
2017-10-12,02:20,0,on/off,on/off,0,20.2,70.2,on,47,20,40,18,,,,
2017-10-12,02:20,0,on/off,on/off,0,20.2,70.2,on,47,20,39,18,,,,
2017-10-12,02:20,0,on/off,on/off,0,20.2,70.2,on,47,21,40,18,,,,
2017-10-12,02:20,0,on/off,on/off,0,20.2,69.9,on,47,20,39,18,,,,
2017-10-12,02:20,2,on/off,on/off,0,20.2,69.9,on,47,21,39,18,,,,
2017-10-12,02:20,3,on/off,on/off,0,20.2,69.9,on,47,21,39,18,,,,
2017-10-12,02:20,0,on/off,on/off,0,20.2,69.9,on,47,20,39,19,,,,
2017-10-12,02:21,0,on/off,on/off,0,20.2,69.7,on,47,20,39,18,,,,
2017-10-12,02:21,0,on/off,on/off,0,20.2,69.7,on,47,20,39,18,,,,
2017-10-12,02:21,0,on/off,on/off,0,20.2,69.7,on,47,20,39,19,,,,
2017-10-12,02:21,0,on/off,on/off,0,20.2,69.7,on,47,21,40,18,,,,
2017-10-12,02:21,0,on/off,on/off,0,20.2,69.7,on,47,20,39,18,,,,
2017-10-12,02:21,0,on/off,on/off,0,20.2,69.7,on,47,20,39,18,,,,
2017-10-12,02:21,0,on/off,on/off,0,20.2,69.7,on,47,20,39,18,,,,
2017-10-12,02:21,0,on/off,on/off,0,20.2,69.7,on,47,20,40,18,,,,
2017-10-12,02:21,0,on/off,on/off,0,20.2,69.4,on,47,20,39,19,,,,
2017-10-12,02:21,0,on/off,on/off,0,20.2,69.4,on,47,20,39,18,,,,
2017-10-12,02:21,0,on/off,on/off,0,20.2,69.4,on,47,20,40,18,,,,
2017-10-12,02:21,1,on/off,on/off,0,20.2,69.4,on,47,21,39,18,,,,
2017-10-12,02:21,0,on/off,on/off,0,20.2,69.5,on,47,20,40,18,,,,
2017-10-12,02:21,0,on/off,on/off,0,20.2,69.5,on,47,20,39,18,,,,
2017-10-12,02:21,0,on/off,on/off,0,20.2,69.5,on,47,20,39,18,,,,
2017-10-12,02:21,0,on/off,on/off,0,20.2,69.5,on,47,21,39,18,,,,
2017-10-12,02:21,0,on/off,on/off,0,20.2,69.6,on,47,20,39,18,,,,
2017-10-12,02:21,0,on/off,on/off,0,20.2,69.6,on,47,20,39,18,,,,
2017-10-12,02:21,0,on/off,on/off,0,20.2,69.6,on,47,20,40,18,,,,
2017-10-12,02:21,1,on/off,on/off,0,20.2,69.6,on,47,21,39,18,,,,
2017-10-12,02:21,0,on/off,on/off,0,20.2,69.5,on,47,20,39,18,,,,
2017-10-12,02:21,1,on/off,on/off,0,20.2,69.5,on,47,20,39,18,,,,
2017-10-12,02:21,0,on/off,on/off,0,20.2,69.5,on,47,20,39,18,,,,
2017-10-12,02:21,0,on/off,on/off,0,20.2,69.5,on,47,20,39,18,,,,
2017-10-12,02:22,0,on/off,on/off,0,20.2,69.6,on,47,21,39,18,,,,
2017-10-12,02:22,3,on/off,on/off,0,20.2,69.6,on,47,21,39,18,,,,
2017-10-12,02:22,3,on/off,on/off,0,20.2,69.6,on,47,21,39,18,,,,
2017-10-12,02:22,0,on/off,on/off,0,20.2,69.6,on,47,20,39,18,,,,
2017-10-12,02:22,0,on/off,on/off,0,20.2,69.6,on,47,20,39,18,,,,
2017-10-12,02:22,0,on/off,on/off,0,20.2,69.6,on,47,21,39,18,,,,
2017-10-12,02:22,0,on/off,on/off,0,20.2,69.6,on,47,21,39,18,,,,
2017-10-12,02:22,3,on/off,on/off,0,20.2,69.6,on,47,21,39,18,,,,
2017-10-12,02:22,2,on/off,on/off,0,20.2,69.4,on,47,20,39,18,,,,
2017-10-12,02:22,0,on/off,on/off,0,20.2,69.4,on,47,20,39,18,,,,
2017-10-12,02:22,0,on/off,on/off,0,20.2,69.4,on,47,20,39,18,,,,
2017-10-12,02:22,0,on/off,on/off,0,20.2,69.4,on,47,20,40,18,,,,
2017-10-12,02:22,0,on/off,on/off,0,20.2,69.6,on,47,21,39,18,,,,
2017-10-12,02:22,0,on/off,on/off,0,20.2,69.6,on,47,20,39,18,,,,
2017-10-12,02:22,0,on/off,on/off,0,20.2,69.6,on,47,20,39,18,,,,
2017-10-12,02:22,0,on/off,on/off,0,20.2,69.6,on,47,20,39,18,,,,
2017-10-12,02:22,0,on/off,on/off,0,20.2,69.6,on,47,20,39,18,,,,
2017-10-12,02:22,0,on/off,on/off,0,20.2,69.6,on,47,20,39,18,,,,
2017-10-12,02:22,0,on/off,on/off,0,20.2,69.6,on,47,20,39,18,,,,
2017-10-12,02:22,0,on/off,on/off,0,20.2,69.6,on,47,20,40,18,,,,
2017-10-12,02:23,0,on/off,on/off,0,20.2,69.4,on,47,21,40,18,,,,
2017-10-12,02:23,0,on/off,on/off,0,20.2,69.4,on,47,20,40,18,,,,
2017-10-12,02:23,0,on/off,on/off,0,20.2,69.4,on,47,20,39,18,,,,
2017-10-12,02:23,0,on/off,on/off,0,20.2,69.4,on,47,21,39,18,,,,
2017-10-12,02:23,4,on/off,on/off,0,20.2,69.3,on,47,21,39,18,,,,
2017-10-12,02:23,2,on/off,on/off,0,20.2,69.3,on,47,20,39,18,,,,
2017-10-12,02:23,0,on/off,on/off,0,20.2,69.3,on,47,20,39,18,,,,
2017-10-12,02:23,0,on/off,on/off,0,20.2,69.3,on,47,20,39,18,,,,
2017-10-12,02:23,0,on/off,on/off,0,20.2,69.3,on,47,20,39,18,,,,
2017-10-12,02:23,0,on/off,on/off,0,20.2,69.3,on,47,20,39,18,,,,
2017-10-12,02:23,0,on/off,on/off,0,20.2,69.3,on,47,20,39,18,,,,
2017-10-12,02:23,0,on/off,on/off,0,20.2,69.3,on,47,20,39,18,,,,
2017-10-12,02:23,0,on/off,on/off,0,20.2,69.3,on,47,20,39,18,,,,
2017-10-12,02:23,0,on/off,on/off,0,20.2,69.3,on,47,20,40,18,,,,
2017-10-12,02:23,0,on/off,on/off,0,20.2,69.3,on,47,20,39,18,,,,
2017-10-12,02:23,3,on/off,on/off,0,20.2,69.3,on,47,20,39,18,,,,
2017-10-12,02:23,0,on/off,on/off,0,20.2,69.1,on,47,20,40,18,,,,
2017-10-12,02:23,0,on/off,on/off,0,20.2,69.1,on,47,20,39,18,,,,
2017-10-12,02:23,0,on/off,on/off,0,20.2,69.1,on,47,20,39,18,,,,
2017-10-12,02:23,0,on/off,on/off,0,20.2,69.1,on,47,20,39,18,,,,
2017-10-12,02:23,0,on/off,on/off,0,20.2,69.4,on,47,20,39,18,,,,
2017-10-12,02:23,1,on/off,on/off,0,20.2,69.4,on,47,21,40,18,,,,
2017-10-12,02:23,0,on/off,on/off,0,20.2,69.4,on,47,20,39,18,,,,
2017-10-12,02:23,0,on/off,on/off,0,20.2,69.4,on,47,21,40,18,,,,
2017-10-12,02:24,2,on/off,on/off,0,20.2,69.2,on,47,20,39,18,,,,
2017-10-12,02:24,1,on/off,on/off,0,20.2,69.2,on,47,20,39,18,,,,
2017-10-12,02:24,0,on/off,on/off,0,20.2,69.2,on,47,20,39,18,,,,
2017-10-12,02:24,0,on/off,on/off,0,20.2,69.2,on,47,20,39,18,,,,
2017-10-12,02:24,0,on/off,on/off,0,20.2,69.2,on,47,20,39,18,,,,
2017-10-12,02:24,0,on/off,on/off,0,20.2,69.2,on,47,20,39,18,,,,
2017-10-12,02:24,2,on/off,on/off,0,20.2,69.2,on,47,20,40,18,,,,
2017-10-12,02:24,0,on/off,on/off,0,20.2,69.2,on,47,21,39,18,,,,
2017-10-12,02:24,0,on/off,on/off,0,20.2,69.3,on,47,21,39,18,,,,
2017-10-12,02:24,0,on/off,on/off,0,20.2,69.3,on,47,20,39,18,,,,
2017-10-12,02:24,0,on/off,on/off,0,20.2,69.3,on,47,21,39,18,,,,
2017-10-12,02:24,0,on/off,on/off,0,20.2,69.3,on,47,20,39,18,,,,
2017-10-12,02:24,3,on/off,on/off,0,20.2,69.2,on,47,20,39,18,,,,
2017-10-12,02:24,0,on/off,on/off,0,20.2,69.2,on,47,20,39,18,,,,
2017-10-12,02:24,3,on/off,on/off,0,20.2,69.2,on,47,20,39,18,,,,
2017-10-12,02:24,0,on/off,on/off,0,20.2,69.2,on,47,20,39,18,,,,
2017-10-12,02:24,0,on/off,on/off,0,20.2,69.4,on,47,20,39,18,,,,
2017-10-12,02:24,0,on/off,on/off,0,20.2,69.4,on,47,21,40,18,,,,
2017-10-12,02:24,1,on/off,on/off,0,20.2,69.4,on,47,20,39,18,,,,
2017-10-12,02:24,1,on/off,on/off,0,20.2,69.4,on,47,21,39,18,,,,
2017-10-12,02:25,0,on/off,on/off,0,20.3,69.4,on,47,20,39,18,,,,
2017-10-12,02:25,1,on/off,on/off,0,20.3,69.4,on,47,20,39,18,,,,
2017-10-12,02:25,2,on/off,on/off,0,20.3,69.4,on,47,20,39,18,,,,
2017-10-12,02:25,0,on/off,on/off,0,20.3,69.4,on,47,20,39,18,,,,
2017-10-12,02:25,0,on/off,on/off,0,20.3,69.3,on,47,20,39,18,,,,
2017-10-12,02:25,0,on/off,on/off,0,20.3,69.3,on,47,21,39,18,,,,
2017-10-12,02:25,0,on/off,on/off,0,20.3,69.3,on,47,20,39,18,,,,
2017-10-12,02:25,0,on/off,on/off,0,20.3,69.3,on,47,21,40,18,,,,
2017-10-12,02:25,0,on/off,on/off,0,20.3,69.4,on,47,20,40,18,,,,
2017-10-12,02:25,0,on/off,on/off,0,20.3,69.4,on,47,20,39,18,,,,
2017-10-12,02:25,0,on/off,on/off,0,20.3,69.4,on,47,20,39,18,,,,
2017-10-12,02:25,0,on/off,on/off,0,20.3,69.4,on,47,20,39,18,,,,
2017-10-12,02:25,0,on/off,on/off,0,20.3,69.3,on,47,20,39,18,,,,
2017-10-12,02:25,0,on/off,on/off,0,20.3,69.3,on,47,21,39,18,,,,
2017-10-12,02:25,3,on/off,on/off,0,20.3,69.3,on,47,21,39,18,,,,
2017-10-12,02:25,0,on/off,on/off,0,20.3,69.3,on,47,20,39,18,,,,
2017-10-12,02:25,0,on/off,on/off,0,20.3,69.3,on,47,20,39,18,,,,
2017-10-12,02:25,4,on/off,on/off,0,20.3,69.3,on,47,21,39,18,,,,
2017-10-12,02:25,0,on/off,on/off,0,20.3,69.3,on,47,20,39,18,,,,
2017-10-12,02:25,0,on/off,on/off,0,20.3,69.3,on,47,20,39,18,,,,
2017-10-12,02:25,0,on/off,on/off,0,20.3,69.4,on,47,20,39,18,,,,
2017-10-12,02:25,0,on/off,on/off,0,20.3,69.4,on,47,20,39,18,,,,
2017-10-12,02:25,0,on/off,on/off,0,20.3,69.4,on,47,20,39,18,,,,
2017-10-12,02:25,0,on/off,on/off,0,20.3,69.4,on,47,20,39,18,,,,
2017-10-12,02:26,0,on/off,on/off,0,20.3,69.5,on,47,20,39,18,,,,
2017-10-12,02:26,0,on/off,on/off,0,20.3,69.5,on,47,20,39,18,,,,
2017-10-12,02:26,0,on/off,on/off,0,20.3,69.5,on,47,20,39,18,,,,
2017-10-12,02:26,0,on/off,on/off,0,20.3,69.5,on,47,20,39,18,,,,
2017-10-12,02:26,0,on/off,on/off,0,20.3,69.4,on,47,20,39,18,,,,
2017-10-12,02:26,0,on/off,on/off,0,20.3,69.4,on,47,20,39,18,,,,
2017-10-12,02:26,2,on/off,on/off,0,20.3,69.4,on,47,20,39,18,,,,
2017-10-12,02:26,0,on/off,on/off,0,20.3,69.4,on,47,20,39,18,,,,
2017-10-12,02:26,0,on/off,on/off,0,20.3,69.4,on,47,20,39,18,,,,
2017-10-12,02:26,0,on/off,on/off,0,20.3,69.4,on,47,20,40,18,,,,
2017-10-12,02:26,0,on/off,on/off,0,20.3,69.4,on,47,20,39,18,,,,
2017-10-12,02:26,0,on/off,on/off,0,20.3,69.4,on,47,20,39,18,,,,
2017-10-12,02:26,0,on/off,on/off,0,20.3,69.5,on,47,20,39,18,,,,
2017-10-12,02:26,0,on/off,on/off,0,20.3,69.5,on,47,20,39,18,,,,
2017-10-12,02:26,0,on/off,on/off,0,20.3,69.5,on,47,20,39,18,,,,
2017-10-12,02:26,1,on/off,on/off,0,20.3,69.5,on,47,20,40,18,,,,
2017-10-12,02:26,0,on/off,on/off,0,20.3,69.5,on,47,21,39,18,,,,
2017-10-12,02:26,0,on/off,on/off,0,20.3,69.5,on,47,20,39,18,,,,
2017-10-12,02:26,2,on/off,on/off,0,20.3,69.5,on,47,20,39,18,,,,
2017-10-12,02:26,0,on/off,on/off,0,20.3,69.5,on,47,20,39,18,,,,
2017-10-12,02:27,0,on/off,on/off,0,20.3,69.4,on,47,21,40,18,,,,
2017-10-12,02:27,1,on/off,on/off,0,20.3,69.4,on,47,20,39,18,,,,
2017-10-12,02:27,2,on/off,on/off,0,20.3,69.4,on,47,20,39,18,,,,
2017-10-12,02:27,0,on/off,on/off,0,20.3,69.4,on,47,21,39,18,,,,
2017-10-12,02:27,4,on/off,on/off,0,20.3,69.4,on,47,21,39,18,,,,
2017-10-12,02:27,3,on/off,on/off,0,20.3,69.4,on,47,20,39,18,,,,
2017-10-12,02:27,0,on/off,on/off,0,20.3,69.4,on,47,20,39,18,,,,
2017-10-12,02:27,0,on/off,on/off,0,20.3,69.4,on,47,20,39,18,,,,
2017-10-12,02:27,0,on/off,on/off,1,20.3,69.5,on,47,21,39,18,,,,
2017-10-12,02:27,0,on/off,on/off,0,20.3,69.5,on,47,20,39,18,,,,
2017-10-12,02:27,0,on/off,on/off,0,20.3,69.5,on,47,21,39,18,,,,
2017-10-12,02:27,0,on/off,on/off,0,20.3,69.5,on,47,20,39,18,,,,
2017-10-12,02:27,0,on/off,on/off,0,20.3,69.4,on,47,20,39,18,,,,
2017-10-12,02:27,0,on/off,on/off,0,20.3,69.4,on,47,20,39,18,,,,
2017-10-12,02:27,0,on/off,on/off,0,20.3,69.4,on,47,21,39,18,,,,
2017-10-12,02:27,0,on/off,on/off,0,20.3,69.4,on,47,20,39,18,,,,
2017-10-12,02:27,0,on/off,on/off,0,20.2,69.3,on,47,20,39,18,,,,
2017-10-12,02:27,0,on/off,on/off,0,20.2,69.3,on,47,21,39,18,,,,
2017-10-12,02:27,0,on/off,on/off,0,20.2,69.3,on,47,21,40,18,,,,
2017-10-12,02:27,0,on/off,on/off,0,20.2,69.3,on,47,21,39,18,,,,
2017-10-12,02:27,4,on/off,on/off,0,20.3,69.5,on,47,21,39,18,,,,
2017-10-12,02:27,0,on/off,on/off,0,20.3,69.5,on,47,20,39,18,,,,
2017-10-12,02:27,0,on/off,on/off,0,20.3,69.5,on,47,20,39,18,,,,
2017-10-12,02:27,0,on/off,on/off,0,20.3,69.5,on,47,20,39,18,,,,
2017-10-12,02:28,0,on/off,on/off,0,20.3,69.7,on,47,20,39,18,,,,
2017-10-12,02:28,0,on/off,on/off,0,20.3,69.7,on,47,20,39,18,,,,
2017-10-12,02:28,0,on/off,on/off,0,20.3,69.7,on,47,20,39,19,,,,
2017-10-12,02:28,2,on/off,on/off,0,20.3,69.7,on,47,20,39,18,,,,
2017-10-12,02:28,0,on/off,on/off,0,20.3,69.8,on,47,20,39,18,,,,
2017-10-12,02:28,0,on/off,on/off,0,20.3,69.8,on,47,20,39,18,,,,
2017-10-12,02:28,0,on/off,on/off,0,20.3,69.8,on,47,20,39,18,,,,
2017-10-12,02:28,0,on/off,on/off,0,20.3,69.8,on,47,20,39,18,,,,
2017-10-12,02:28,0,on/off,on/off,0,20.2,69.4,on,47,20,39,18,,,,
2017-10-12,02:28,0,on/off,on/off,0,20.2,69.4,on,47,20,39,18,,,,
2017-10-12,02:28,0,on/off,on/off,0,20.2,69.4,on,47,21,39,18,,,,
2017-10-12,02:28,0,on/off,on/off,0,20.2,69.4,on,47,20,39,18,,,,
2017-10-12,02:28,0,on/off,on/off,0,20.2,69.9,on,47,20,39,18,,,,
2017-10-12,02:28,0,on/off,on/off,0,20.2,69.9,on,47,20,39,18,,,,
2017-10-12,02:28,0,on/off,on/off,0,20.2,69.9,on,47,20,39,18,,,,
2017-10-12,02:28,0,on/off,on/off,0,20.2,69.9,on,47,21,39,18,,,,
2017-10-12,02:28,3,on/off,on/off,0,20.3,69.7,on,47,20,39,18,,,,
2017-10-12,02:28,0,on/off,on/off,0,20.3,69.7,on,47,20,39,18,,,,
2017-10-12,02:28,0,on/off,on/off,0,20.3,69.7,on,47,20,39,18,,,,
2017-10-12,02:28,0,on/off,on/off,0,20.3,69.7,on,47,20,39,18,,,,
2017-10-12,02:29,0,on/off,on/off,0,20.3,69.6,on,47,20,39,18,,,,
2017-10-12,02:29,0,on/off,on/off,0,20.3,69.6,on,47,20,39,18,,,,
2017-10-12,02:29,0,on/off,on/off,0,20.3,69.6,on,47,20,39,18,,,,
2017-10-12,02:29,0,on/off,on/off,0,20.3,69.6,on,47,20,39,18,,,,
2017-10-12,02:29,4,on/off,on/off,0,20.2,69.4,on,47,20,39,18,,,,
2017-10-12,02:29,1,on/off,on/off,0,20.2,69.4,on,47,21,39,18,,,,
2017-10-12,02:29,0,on/off,on/off,0,20.2,69.4,on,47,20,39,18,,,,
2017-10-12,02:29,0,on/off,on/off,0,20.2,69.4,on,47,20,40,18,,,,
2017-10-12,02:29,0,on/off,on/off,0,20.2,69.3,on,47,20,39,18,,,,
2017-10-12,02:29,0,on/off,on/off,0,20.2,69.3,on,47,20,39,18,,,,
2017-10-12,02:29,0,on/off,on/off,0,20.2,69.3,on,47,20,39,18,,,,
2017-10-12,02:29,0,on/off,on/off,0,20.2,69.3,on,47,20,39,18,,,,
2017-10-12,02:29,0,on/off,on/off,0,20.2,69.5,on,47,20,39,18,,,,
2017-10-12,02:29,0,on/off,on/off,0,20.2,69.5,on,47,20,39,18,,,,
2017-10-12,02:29,1,on/off,on/off,0,20.2,69.5,on,47,20,39,18,,,,
2017-10-12,02:29,0,on/off,on/off,0,20.2,69.5,on,47,20,40,18,,,,
2017-10-12,02:29,0,on/off,on/off,0,20.2,69.4,on,47,20,40,18,,,,
2017-10-12,02:29,0,on/off,on/off,0,20.2,69.4,on,47,20,39,18,,,,
2017-10-12,02:29,3,on/off,on/off,0,20.2,69.4,on,47,21,39,18,,,,
2017-10-12,02:29,0,on/off,on/off,0,20.2,69.4,on,47,20,39,18,,,,
2017-10-12,02:29,0,on/off,on/off,0,20.2,69.3,on,47,20,39,18,,,,
2017-10-12,02:29,0,on/off,on/off,0,20.2,69.3,on,47,20,39,18,,,,
2017-10-12,02:29,6,on/off,on/off,0,20.2,69.3,on,47,21,39,18,,,,
2017-10-12,02:29,0,on/off,on/off,0,20.2,69.3,on,47,20,40,18,,,,
2017-10-12,02:30,1,on/off,on/off,0,20.2,69.4,on,47,20,40,18,,,,
2017-10-12,02:30,0,on/off,on/off,0,20.2,69.4,on,47,20,39,18,,,,
2017-10-12,02:30,5,on/off,on/off,0,20.2,69.4,on,47,20,39,18,,,,
2017-10-12,02:30,0,on/off,on/off,0,20.2,69.4,on,47,20,39,18,,,,
2017-10-12,02:30,0,on/off,on/off,0,20.2,69.5,on,47,20,39,18,,,,
2017-10-12,02:30,0,on/off,on/off,0,20.2,69.5,on,47,20,39,18,,,,
2017-10-12,02:30,0,on/off,on/off,0,20.2,69.5,on,47,20,39,18,,,,
2017-10-12,02:30,0,on/off,on/off,0,20.2,69.5,on,47,20,39,18,,,,
2017-10-12,02:30,0,on/off,on/off,0,20.2,69.8,on,47,20,39,18,,,,
2017-10-12,02:30,0,on/off,on/off,0,20.2,69.8,on,47,20,39,18,,,,
2017-10-12,02:30,0,on/off,on/off,0,20.2,69.8,on,47,20,39,18,,,,
2017-10-12,02:30,0,on/off,on/off,0,20.2,69.8,on,47,20,39,18,,,,
2017-10-12,02:30,0,on/off,on/off,0,20.2,70.1,on,47,20,40,18,,,,
2017-10-12,02:30,0,on/off,on/off,0,20.2,70.1,on,47,20,39,18,,,,
2017-10-12,02:30,0,on/off,on/off,1,20.2,70.1,on,47,21,39,18,,,,
2017-10-12,02:30,0,on/off,on/off,0,20.2,70.1,on,47,20,39,18,,,,
2017-10-12,02:30,0,on/off,on/off,0,20.2,69.7,on,47,20,39,18,,,,
2017-10-12,02:30,0,on/off,on/off,0,20.2,69.7,on,47,21,39,18,,,,
2017-10-12,02:30,0,on/off,on/off,0,20.2,69.7,on,47,20,39,18,,,,
2017-10-12,02:30,0,on/off,on/off,0,20.2,69.7,on,47,21,39,18,,,,
2017-10-12,02:31,0,on/off,on/off,0,20.2,70.4,on,47,20,39,18,,,,
2017-10-12,02:31,3,on/off,on/off,0,20.2,70.4,on,47,20,39,18,,,,
2017-10-12,02:31,2,on/off,on/off,0,20.2,70.4,on,47,20,40,18,,,,
2017-10-12,02:31,0,on/off,on/off,0,20.2,70.4,on,47,20,39,18,,,,
2017-10-12,02:31,0,on/off,on/off,0,20.2,70.1,on,47,20,39,18,,,,
2017-10-12,02:31,0,on/off,on/off,0,20.2,70.1,on,47,20,39,18,,,,
2017-10-12,02:31,0,on/off,on/off,0,20.2,70.1,on,47,20,39,19,,,,
2017-10-12,02:31,1,on/off,on/off,0,20.2,70.1,on,47,21,39,18,,,,
2017-10-12,02:31,0,on/off,on/off,0,20.2,69.9,on,47,21,39,18,,,,
2017-10-12,02:31,0,on/off,on/off,0,20.2,69.9,on,47,20,39,18,,,,
2017-10-12,02:31,0,on/off,on/off,0,20.2,69.9,on,47,20,39,18,,,,
2017-10-12,02:31,0,on/off,on/off,0,20.2,69.9,on,47,20,39,18,,,,
2017-10-12,02:31,0,on/off,on/off,0,20.2,70.1,on,47,20,39,18,,,,
2017-10-12,02:31,0,on/off,on/off,0,20.2,70.1,on,47,21,39,18,,,,
2017-10-12,02:31,0,on/off,on/off,0,20.2,70.1,on,47,20,39,18,,,,
2017-10-12,02:31,3,on/off,on/off,0,20.2,70.1,on,47,20,39,18,,,,
2017-10-12,02:31,0,on/off,on/off,0,20.2,70.3,on,47,20,39,18,,,,
2017-10-12,02:31,5,on/off,on/off,0,20.2,70.3,on,47,21,39,18,,,,
2017-10-12,02:31,0,on/off,on/off,0,20.2,70.3,on,47,20,39,18,,,,
2017-10-12,02:31,0,on/off,on/off,0,20.2,70.3,on,47,20,39,18,,,,
2017-10-12,02:31,0,on/off,on/off,0,20.2,70.0,on,47,20,39,18,,,,
2017-10-12,02:31,0,on/off,on/off,0,20.2,70.0,on,47,20,39,18,,,,
2017-10-12,02:31,0,on/off,on/off,0,20.2,70.0,on,47,20,39,18,,,,
2017-10-12,02:31,0,on/off,on/off,0,20.2,70.0,on,47,21,39,18,,,,
2017-10-12,02:32,0,on/off,on/off,0,20.2,70.6,on,47,20,39,18,,,,
2017-10-12,02:32,0,on/off,on/off,0,20.2,70.6,on,47,20,39,18,,,,
2017-10-12,02:32,0,on/off,on/off,0,20.2,70.6,on,47,20,39,18,,,,
2017-10-12,02:32,0,on/off,on/off,0,20.2,70.6,on,47,21,39,18,,,,
2017-10-12,02:32,0,on/off,on/off,0,20.2,70.0,on,47,20,40,18,,,,
2017-10-12,02:32,0,on/off,on/off,0,20.2,70.0,on,47,21,39,18,,,,
2017-10-12,02:32,0,on/off,on/off,0,20.2,70.0,on,47,20,39,18,,,,
2017-10-12,02:32,0,on/off,on/off,0,20.2,70.0,on,47,21,39,18,,,,
2017-10-12,02:32,0,on/off,on/off,0,20.2,71.1,on,47,20,39,18,,,,
2017-10-12,02:32,0,on/off,on/off,0,20.2,71.1,on,47,20,39,18,,,,
2017-10-12,02:32,0,on/off,on/off,0,20.2,71.1,on,47,20,39,18,,,,
2017-10-12,02:32,0,on/off,on/off,0,20.2,71.1,on,47,20,39,18,,,,
2017-10-12,02:32,0,on/off,on/off,0,20.2,70.2,on,47,21,39,18,,,,
2017-10-12,02:32,0,on/off,on/off,0,20.2,70.2,on,47,20,39,18,,,,
2017-10-12,02:32,0,on/off,on/off,0,20.2,70.2,on,47,20,39,18,,,,
2017-10-12,02:32,0,on/off,on/off,0,20.2,70.2,on,47,20,39,18,,,,
2017-10-12,02:32,0,on/off,on/off,0,20.2,69.9,on,47,20,39,18,,,,
2017-10-12,02:32,0,on/off,on/off,0,20.2,69.9,on,47,20,39,18,,,,
2017-10-12,02:32,0,on/off,on/off,0,20.2,69.9,on,47,21,39,18,,,,
2017-10-12,02:32,1,on/off,on/off,0,20.2,69.9,on,47,20,39,18,,,,
2017-10-12,02:33,0,on/off,on/off,0,20.2,70.2,on,47,20,39,18,,,,
2017-10-12,02:33,0,on/off,on/off,0,20.2,70.2,on,47,20,39,18,,,,
2017-10-12,02:33,0,on/off,on/off,0,20.2,70.2,on,47,20,39,18,,,,
2017-10-12,02:33,0,on/off,on/off,0,20.2,70.2,on,47,20,39,18,,,,
2017-10-12,02:33,2,on/off,on/off,0,20.2,70.0,on,47,20,39,18,,,,
2017-10-12,02:33,0,on/off,on/off,0,20.2,70.0,on,47,20,39,18,,,,
2017-10-12,02:33,0,on/off,on/off,0,20.2,70.0,on,47,20,39,18,,,,
2017-10-12,02:33,0,on/off,on/off,0,20.2,70.0,on,47,21,39,18,,,,
2017-10-12,02:33,0,on/off,on/off,0,20.2,70.3,on,47,21,40,18,,,,
2017-10-12,02:33,0,on/off,on/off,0,20.2,70.3,on,47,20,39,18,,,,
2017-10-12,02:33,0,on/off,on/off,0,20.2,70.3,on,47,21,39,18,,,,
2017-10-12,02:33,0,on/off,on/off,0,20.2,70.3,on,47,20,39,18,,,,
2017-10-12,02:33,0,on/off,on/off,0,20.2,70.4,on,47,20,39,18,,,,
2017-10-12,02:33,0,on/off,on/off,0,20.2,70.4,on,47,20,39,18,,,,
2017-10-12,02:33,0,on/off,on/off,0,20.2,70.4,on,47,21,39,18,,,,
2017-10-12,02:33,0,on/off,on/off,0,20.2,70.4,on,47,21,39,18,,,,
2017-10-12,02:33,0,on/off,on/off,0,20.2,70.5,on,47,20,39,18,,,,
2017-10-12,02:33,0,on/off,on/off,0,20.2,70.5,on,47,20,39,18,,,,
2017-10-12,02:33,0,on/off,on/off,0,20.2,70.5,on,47,21,39,18,,,,
2017-10-12,02:33,0,on/off,on/off,0,20.2,70.5,on,47,20,39,18,,,,
2017-10-12,02:33,0,on/off,on/off,0,20.2,70.5,on,47,20,39,18,,,,
2017-10-12,02:33,0,on/off,on/off,0,20.2,70.5,on,47,21,39,18,,,,
2017-10-12,02:33,0,on/off,on/off,0,20.2,70.5,on,47,20,39,18,,,,
2017-10-12,02:33,0,on/off,on/off,0,20.2,70.5,on,47,20,39,18,,,,
2017-10-12,02:34,1,on/off,on/off,0,20.2,70.4,on,47,20,39,18,,,,
2017-10-12,02:34,0,on/off,on/off,0,20.2,70.4,on,47,20,39,18,,,,
2017-10-12,02:34,0,on/off,on/off,0,20.2,70.4,on,47,20,39,18,,,,
2017-10-12,02:34,0,on/off,on/off,0,20.2,70.4,on,47,20,40,18,,,,
2017-10-12,02:34,0,on/off,on/off,0,20.2,70.5,on,47,20,39,18,,,,
2017-10-12,02:34,3,on/off,on/off,0,20.2,70.5,on,47,21,39,18,,,,
2017-10-12,02:34,0,on/off,on/off,0,20.2,70.5,on,47,20,39,18,,,,
2017-10-12,02:34,0,on/off,on/off,0,20.2,70.5,on,47,20,39,18,,,,
2017-10-12,02:34,0,on/off,on/off,0,20.2,70.1,on,47,20,39,18,,,,
2017-10-12,02:34,0,on/off,on/off,0,20.2,70.1,on,47,20,39,18,,,,
2017-10-12,02:34,0,on/off,on/off,0,20.2,70.1,on,47,20,39,18,,,,
2017-10-12,02:34,0,on/off,on/off,1,20.2,70.1,on,47,20,39,18,,,,
2017-10-12,02:34,0,on/off,on/off,0,20.2,70.0,on,47,20,39,18,,,,
2017-10-12,02:34,1,on/off,on/off,0,20.2,70.0,on,47,20,39,18,,,,
2017-10-12,02:34,0,on/off,on/off,0,20.2,70.0,on,47,20,39,18,,,,
2017-10-12,02:34,0,on/off,on/off,0,20.2,70.0,on,47,20,39,18,,,,
2017-10-12,02:34,0,on/off,on/off,0,20.2,69.8,on,47,20,39,18,,,,
2017-10-12,02:34,0,on/off,on/off,0,20.2,69.8,on,47,20,39,18,,,,
2017-10-12,02:34,0,on/off,on/off,0,20.2,69.8,on,47,20,39,18,,,,
2017-10-12,02:34,0,on/off,on/off,0,20.2,69.8,on,47,20,39,18,,,,
2017-10-12,02:34,0,on/off,on/off,0,20.2,69.9,on,47,21,39,18,,,,
2017-10-12,02:34,0,on/off,on/off,0,20.2,69.9,on,47,20,39,18,,,,
2017-10-12,02:34,0,on/off,on/off,0,20.2,69.9,on,47,20,39,18,,,,
2017-10-12,02:34,0,on/off,on/off,0,20.2,69.9,on,47,20,39,18,,,,
2017-10-12,02:35,0,on/off,on/off,1,20.2,70.2,on,47,20,39,18,,,,
2017-10-12,02:35,0,on/off,on/off,0,20.2,70.2,on,47,20,39,18,,,,
2017-10-12,02:35,1,on/off,on/off,0,20.2,70.2,on,47,20,39,18,,,,
2017-10-12,02:35,0,on/off,on/off,0,20.2,70.2,on,47,20,39,18,,,,
2017-10-12,02:35,0,on/off,on/off,0,20.2,69.9,on,47,20,39,18,,,,
2017-10-12,02:35,0,on/off,on/off,0,20.2,69.9,on,47,20,39,18,,,,
2017-10-12,02:35,0,on/off,on/off,0,20.2,69.9,on,47,21,39,18,,,,
2017-10-12,02:35,2,on/off,on/off,0,20.2,69.9,on,47,20,39,18,,,,
2017-10-12,02:35,0,on/off,on/off,0,20.2,69.8,on,47,21,39,18,,,,
2017-10-12,02:35,2,on/off,on/off,0,20.2,69.8,on,47,21,39,18,,,,
2017-10-12,02:35,0,on/off,on/off,0,20.2,69.8,on,47,21,39,18,,,,
2017-10-12,02:35,0,on/off,on/off,0,20.2,69.8,on,47,20,39,18,,,,
2017-10-12,02:35,2,on/off,on/off,0,20.2,69.9,on,47,20,39,18,,,,
2017-10-12,02:35,0,on/off,on/off,0,20.2,69.9,on,47,20,39,18,,,,
2017-10-12,02:35,0,on/off,on/off,0,20.2,69.9,on,47,20,39,18,,,,
2017-10-12,02:35,0,on/off,on/off,0,20.2,69.9,on,47,20,39,18,,,,
2017-10-12,02:35,0,on/off,on/off,0,20.2,69.8,on,47,20,39,18,,,,
2017-10-12,02:35,0,on/off,on/off,0,20.2,69.8,on,47,20,39,18,,,,
2017-10-12,02:35,1,on/off,on/off,0,20.2,69.8,on,47,20,39,18,,,,
2017-10-12,02:35,0,on/off,on/off,0,20.2,69.8,on,47,21,39,18,,,,
2017-10-12,02:36,0,on/off,on/off,0,20.2,69.7,on,47,21,39,18,,,,
2017-10-12,02:36,0,on/off,on/off,0,20.2,69.7,on,47,20,39,18,,,,
2017-10-12,02:36,0,on/off,on/off,0,20.2,69.7,on,47,20,39,18,,,,
2017-10-12,02:36,0,on/off,on/off,0,20.2,69.7,on,47,20,39,18,,,,
2017-10-12,02:36,3,on/off,on/off,0,20.2,69.9,on,47,20,39,18,,,,
2017-10-12,02:36,5,on/off,on/off,0,20.2,69.9,on,47,21,39,18,,,,
2017-10-12,02:36,0,on/off,on/off,0,20.2,69.9,on,47,20,39,19,,,,
2017-10-12,02:36,0,on/off,on/off,0,20.2,69.9,on,47,20,39,18,,,,
2017-10-12,02:36,3,on/off,on/off,0,20.2,69.8,on,47,20,39,18,,,,
2017-10-12,02:36,0,on/off,on/off,0,20.2,69.8,on,47,20,39,18,,,,
2017-10-12,02:36,5,on/off,on/off,0,20.2,69.8,on,47,20,39,18,,,,
2017-10-12,02:36,0,on/off,on/off,0,20.2,69.8,on,47,20,39,18,,,,
2017-10-12,02:36,0,on/off,on/off,0,20.2,69.9,on,47,21,39,18,,,,
2017-10-12,02:36,0,on/off,on/off,0,20.2,69.9,on,47,21,39,18,,,,
2017-10-12,02:36,0,on/off,on/off,0,20.2,69.9,on,47,20,39,18,,,,
2017-10-12,02:36,0,on/off,on/off,0,20.2,69.9,on,47,20,39,18,,,,
2017-10-12,02:36,0,on/off,on/off,0,20.2,70.2,on,47,21,39,18,,,,
2017-10-12,02:36,0,on/off,on/off,0,20.2,70.2,on,47,21,39,18,,,,
2017-10-12,02:36,0,on/off,on/off,0,20.2,70.2,on,47,20,39,18,,,,
2017-10-12,02:36,0,on/off,on/off,0,20.2,70.2,on,47,20,39,18,,,,
2017-10-12,02:36,0,on/off,on/off,0,20.2,70.1,on,47,20,39,18,,,,
2017-10-12,02:36,0,on/off,on/off,0,20.2,70.1,on,47,20,39,18,,,,
2017-10-12,02:36,0,on/off,on/off,0,20.2,70.1,on,47,20,39,18,,,,
2017-10-12,02:36,0,on/off,on/off,0,20.2,70.1,on,47,20,39,18,,,,
2017-10-12,02:37,0,on/off,on/off,1,20.2,69.8,on,47,21,39,18,,,,
2017-10-12,02:37,0,on/off,on/off,0,20.2,69.8,on,47,20,39,18,,,,
2017-10-12,02:37,0,on/off,on/off,0,20.2,69.8,on,47,20,39,18,,,,
2017-10-12,02:37,0,on/off,on/off,0,20.2,69.8,on,47,20,39,18,,,,
2017-10-12,02:37,0,on/off,on/off,0,20.2,69.8,on,47,20,39,18,,,,
2017-10-12,02:37,0,on/off,on/off,0,20.2,69.8,on,47,20,39,18,,,,
2017-10-12,02:37,0,on/off,on/off,0,20.2,69.8,on,47,21,39,18,,,,
2017-10-12,02:37,1,on/off,on/off,0,20.2,69.8,on,47,20,39,18,,,,
2017-10-12,02:37,0,on/off,on/off,0,20.2,69.8,on,47,20,39,18,,,,
2017-10-12,02:37,0,on/off,on/off,0,20.2,69.8,on,47,21,39,18,,,,
2017-10-12,02:37,0,on/off,on/off,0,20.2,69.8,on,47,20,39,18,,,,
2017-10-12,02:37,0,on/off,on/off,0,20.2,69.8,on,47,20,39,18,,,,
2017-10-12,02:37,2,on/off,on/off,0,20.2,70.3,on,47,20,39,18,,,,
2017-10-12,02:37,0,on/off,on/off,0,20.2,70.3,on,47,21,39,18,,,,
2017-10-12,02:37,0,on/off,on/off,0,20.2,70.3,on,47,20,39,18,,,,
2017-10-12,02:37,0,on/off,on/off,0,20.2,70.3,on,47,20,39,18,,,,
2017-10-12,02:37,0,on/off,on/off,0,20.2,70.1,on,47,20,39,18,,,,
2017-10-12,02:37,2,on/off,on/off,0,20.2,70.1,on,47,20,39,18,,,,
2017-10-12,02:37,0,on/off,on/off,0,20.2,70.1,on,47,20,39,18,,,,
2017-10-12,02:37,0,on/off,on/off,0,20.2,70.1,on,47,21,39,18,,,,
2017-10-12,02:38,0,on/off,on/off,0,20.2,70.1,on,47,20,39,18,,,,
2017-10-12,02:38,4,on/off,on/off,0,20.2,70.1,on,47,20,39,18,,,,
2017-10-12,02:38,0,on/off,on/off,0,20.2,70.1,on,47,20,39,18,,,,
2017-10-12,02:38,0,on/off,on/off,0,20.2,70.1,on,47,20,39,18,,,,
2017-10-12,02:38,0,on/off,on/off,0,20.2,70.6,on,47,20,39,18,,,,
2017-10-12,02:38,0,on/off,on/off,0,20.2,70.6,on,47,20,39,18,,,,
2017-10-12,02:38,0,on/off,on/off,0,20.2,70.6,on,47,20,39,18,,,,
2017-10-12,02:38,0,on/off,on/off,0,20.2,70.6,on,47,20,39,18,,,,
2017-10-12,02:38,2,on/off,on/off,0,20.2,70.1,on,47,20,39,18,,,,
2017-10-12,02:38,2,on/off,on/off,0,20.2,70.1,on,47,20,39,18,,,,
2017-10-12,02:38,0,on/off,on/off,0,20.2,70.1,on,47,20,39,18,,,,
2017-10-12,02:38,0,on/off,on/off,0,20.2,70.1,on,47,20,39,18,,,,
2017-10-12,02:38,0,on/off,on/off,0,20.2,71.0,on,47,20,39,18,,,,
2017-10-12,02:38,0,on/off,on/off,0,20.2,71.0,on,47,20,39,18,,,,
2017-10-12,02:38,0,on/off,on/off,0,20.2,71.0,on,47,21,39,18,,,,
2017-10-12,02:38,0,on/off,on/off,0,20.2,71.0,on,47,20,39,18,,,,
2017-10-12,02:38,0,on/off,on/off,0,20.2,70.2,on,47,20,39,18,,,,
2017-10-12,02:38,0,on/off,on/off,0,20.2,70.2,on,47,21,39,18,,,,
2017-10-12,02:38,0,on/off,on/off,0,20.2,70.2,on,47,20,39,18,,,,
2017-10-12,02:38,3,on/off,on/off,0,20.2,70.2,on,47,21,39,18,,,,
2017-10-12,02:38,0,on/off,on/off,0,20.2,70.9,on,47,20,39,18,,,,
2017-10-12,02:38,0,on/off,on/off,0,20.2,70.9,on,47,21,39,18,,,,
2017-10-12,02:38,0,on/off,on/off,0,20.2,70.9,on,47,20,39,18,,,,
2017-10-12,02:38,0,on/off,on/off,0,20.2,70.9,on,47,20,39,18,,,,
2017-10-12,02:39,0,on/off,on/off,0,20.2,70.4,on,47,20,39,18,,,,
2017-10-12,02:39,0,on/off,on/off,0,20.2,70.4,on,47,20,39,18,,,,
2017-10-12,02:39,0,on/off,on/off,0,20.2,70.4,on,47,20,39,18,,,,
2017-10-12,02:39,0,on/off,on/off,0,20.2,70.4,on,47,21,39,18,,,,
2017-10-12,02:39,0,on/off,on/off,0,20.2,70.5,on,47,20,39,18,,,,
2017-10-12,02:39,0,on/off,on/off,0,20.2,70.5,on,47,20,39,18,,,,
2017-10-12,02:39,0,on/off,on/off,0,20.2,70.5,on,47,20,39,18,,,,
2017-10-12,02:39,0,on/off,on/off,0,20.2,70.5,on,47,20,39,18,,,,
2017-10-12,02:39,0,on/off,on/off,0,20.2,70.6,on,47,20,39,18,,,,
2017-10-12,02:39,0,on/off,on/off,0,20.2,70.6,on,47,21,39,18,,,,
2017-10-12,02:39,0,on/off,on/off,0,20.2,70.6,on,47,21,39,18,,,,
2017-10-12,02:39,0,on/off,on/off,0,20.2,70.6,on,47,20,39,18,,,,
2017-10-12,02:39,0,on/off,on/off,1,20.2,70.5,on,47,20,39,18,,,,
2017-10-12,02:39,0,on/off,on/off,0,20.2,70.5,on,47,20,39,18,,,,
2017-10-12,02:39,0,on/off,on/off,0,20.2,70.5,on,47,21,39,18,,,,
2017-10-12,02:39,0,on/off,on/off,0,20.2,70.5,on,47,20,39,18,,,,
2017-10-12,02:39,0,on/off,on/off,0,20.2,71.5,on,47,20,39,18,,,,
2017-10-12,02:39,0,on/off,on/off,0,20.2,71.5,on,47,20,39,18,,,,
2017-10-12,02:39,0,on/off,on/off,0,20.2,71.5,on,47,21,39,18,,,,
2017-10-12,02:39,0,on/off,on/off,0,20.2,71.5,on,47,20,39,18,,,,
2017-10-12,02:40,0,on/off,on/off,0,20.1,71.4,on,47,20,39,18,,,,
2017-10-12,02:40,0,on/off,on/off,0,20.1,71.4,on,47,20,39,18,,,,
2017-10-12,02:40,0,on/off,on/off,0,20.1,71.4,on,47,20,39,18,,,,
2017-10-12,02:40,0,on/off,on/off,0,20.1,71.4,on,47,21,39,18,,,,
2017-10-12,02:40,2,on/off,on/off,0,20.1,70.6,on,47,20,39,18,,,,
2017-10-12,02:40,0,on/off,on/off,0,20.1,70.6,on,47,20,39,18,,,,
2017-10-12,02:40,0,on/off,on/off,0,20.1,70.6,on,47,20,39,18,,,,
2017-10-12,02:40,0,on/off,on/off,0,20.1,70.6,on,47,20,39,18,,,,
2017-10-12,02:40,0,on/off,on/off,0,20.1,70.3,on,47,20,39,18,,,,
2017-10-12,02:40,0,on/off,on/off,0,20.1,70.3,on,47,20,39,18,,,,
2017-10-12,02:40,1,on/off,on/off,0,20.1,70.3,on,47,20,39,18,,,,
2017-10-12,02:40,0,on/off,on/off,0,20.1,70.3,on,47,20,39,18,,,,
2017-10-12,02:40,0,on/off,on/off,0,20.1,70.2,on,47,20,39,18,,,,
2017-10-12,02:40,0,on/off,on/off,0,20.1,70.2,on,47,20,39,18,,,,
2017-10-12,02:40,0,on/off,on/off,0,20.1,70.2,on,47,21,39,18,,,,
2017-10-12,02:40,2,on/off,on/off,0,20.1,70.2,on,47,20,39,18,,,,
2017-10-12,02:40,0,on/off,on/off,0,20.1,70.3,on,47,20,39,18,,,,
2017-10-12,02:40,0,on/off,on/off,0,20.1,70.3,on,47,20,39,18,,,,
2017-10-12,02:40,0,on/off,on/off,0,20.1,70.3,on,47,20,39,18,,,,
2017-10-12,02:40,0,on/off,on/off,0,20.1,70.3,on,46,20,39,18,,,,
2017-10-12,02:40,0,on/off,on/off,0,20.1,69.8,on,46,20,39,18,,,,
2017-10-12,02:40,0,on/off,on/off,0,20.1,69.8,on,47,20,39,18,,,,
2017-10-12,02:40,0,on/off,on/off,0,20.1,69.8,on,47,20,39,18,,,,
2017-10-12,02:40,0,on/off,on/off,0,20.1,69.8,on,47,20,39,18,,,,
2017-10-12,02:41,0,on/off,on/off,0,20.1,70.9,on,47,20,39,18,,,,
2017-10-12,02:41,0,on/off,on/off,0,20.1,70.9,on,47,20,39,18,,,,
2017-10-12,02:41,0,on/off,on/off,0,20.1,70.9,on,47,21,39,18,,,,
2017-10-12,02:41,0,on/off,on/off,0,20.1,70.9,on,47,20,39,18,,,,
2017-10-12,02:41,0,on/off,on/off,0,20.2,70.7,on,46,20,39,18,,,,
2017-10-12,02:41,0,on/off,on/off,0,20.2,70.7,on,47,20,39,18,,,,
2017-10-12,02:41,0,on/off,on/off,0,20.2,70.7,on,47,20,39,18,,,,
2017-10-12,02:41,0,on/off,on/off,0,20.2,70.7,on,47,20,39,18,,,,
2017-10-12,02:41,0,on/off,on/off,0,20.1,70.5,on,47,21,39,18,,,,
2017-10-12,02:41,0,on/off,on/off,0,20.1,70.5,on,46,20,39,18,,,,
2017-10-12,02:41,0,on/off,on/off,0,20.1,70.5,on,47,20,39,18,,,,
2017-10-12,02:41,0,on/off,on/off,0,20.1,70.5,on,47,20,39,18,,,,
2017-10-12,02:41,0,on/off,on/off,0,20.1,70.1,on,47,20,39,18,,,,
2017-10-12,02:41,0,on/off,on/off,0,20.1,70.1,on,47,20,39,18,,,,
2017-10-12,02:41,0,on/off,on/off,0,20.1,70.1,on,47,20,39,18,,,,
2017-10-12,02:41,0,on/off,on/off,0,20.1,70.1,on,47,20,39,18,,,,
2017-10-12,02:41,0,on/off,on/off,0,20.1,69.8,on,47,20,39,18,,,,
2017-10-12,02:41,3,on/off,on/off,0,20.1,69.8,on,46,21,39,18,,,,
2017-10-12,02:41,0,on/off,on/off,0,20.1,69.8,on,47,20,39,18,,,,
2017-10-12,02:41,0,on/off,on/off,0,20.1,69.8,on,47,20,39,18,,,,
2017-10-12,02:42,1,on/off,on/off,0,20.1,69.9,on,47,20,39,18,,,,
2017-10-12,02:42,1,on/off,on/off,0,20.1,69.9,on,47,20,39,18,,,,
2017-10-12,02:42,0,on/off,on/off,0,20.1,69.9,on,47,20,39,18,,,,
2017-10-12,02:42,0,on/off,on/off,0,20.1,69.9,on,46,20,39,18,,,,
2017-10-12,02:42,0,on/off,on/off,0,20.1,69.7,on,47,21,39,18,,,,
2017-10-12,02:42,1,on/off,on/off,0,20.1,69.7,on,47,20,39,18,,,,
2017-10-12,02:42,0,on/off,on/off,0,20.1,69.7,on,47,20,39,18,,,,
2017-10-12,02:42,0,on/off,on/off,0,20.1,69.7,on,47,20,39,18,,,,
2017-10-12,02:42,0,on/off,on/off,0,20.1,69.9,on,47,20,39,18,,,,
2017-10-12,02:42,0,on/off,on/off,0,20.1,69.9,on,47,20,39,18,,,,
2017-10-12,02:42,0,on/off,on/off,0,20.1,69.9,on,47,20,39,18,,,,
2017-10-12,02:42,0,on/off,on/off,0,20.1,69.9,on,47,20,39,18,,,,
2017-10-12,02:42,0,on/off,on/off,0,20.1,69.8,on,47,21,39,18,,,,
2017-10-12,02:42,0,on/off,on/off,0,20.1,69.8,on,47,20,39,18,,,,
2017-10-12,02:42,0,on/off,on/off,0,20.1,69.8,on,47,20,39,18,,,,
2017-10-12,02:42,0,on/off,on/off,0,20.1,69.8,on,47,20,39,18,,,,
2017-10-12,02:42,0,on/off,on/off,0,20.2,69.9,on,47,20,39,18,,,,
2017-10-12,02:42,0,on/off,on/off,0,20.2,69.9,on,47,20,39,18,,,,
2017-10-12,02:42,2,on/off,on/off,0,20.2,69.9,on,47,20,39,18,,,,
2017-10-12,02:42,0,on/off,on/off,0,20.2,69.9,on,47,20,39,18,,,,
2017-10-12,02:42,0,on/off,on/off,0,20.1,70.0,on,46,20,39,18,,,,
2017-10-12,02:42,0,on/off,on/off,0,20.1,70.0,on,47,20,39,18,,,,
2017-10-12,02:42,0,on/off,on/off,0,20.1,70.0,on,47,20,39,18,,,,
2017-10-12,02:42,0,on/off,on/off,0,20.1,70.0,on,47,21,39,18,,,,
2017-10-12,02:43,0,on/off,on/off,0,20.1,70.0,on,47,20,39,18,,,,
2017-10-12,02:43,0,on/off,on/off,0,20.1,70.0,on,47,20,39,18,,,,
2017-10-12,02:43,0,on/off,on/off,0,20.1,70.0,on,47,20,39,18,,,,
2017-10-12,02:43,0,on/off,on/off,0,20.1,70.0,on,47,21,39,18,,,,
2017-10-12,02:43,0,on/off,on/off,0,20.1,69.9,on,47,20,39,18,,,,
2017-10-12,02:43,0,on/off,on/off,0,20.1,69.9,on,46,20,39,18,,,,
2017-10-12,02:43,0,on/off,on/off,0,20.1,69.9,on,47,20,39,18,,,,
2017-10-12,02:43,0,on/off,on/off,0,20.1,69.9,on,47,21,39,18,,,,
2017-10-12,02:43,0,on/off,on/off,0,20.1,69.8,on,47,21,39,18,,,,
2017-10-12,02:43,0,on/off,on/off,0,20.1,69.8,on,46,21,39,18,,,,
2017-10-12,02:43,0,on/off,on/off,0,20.1,69.8,on,47,20,39,18,,,,
2017-10-12,02:43,0,on/off,on/off,0,20.1,69.8,on,47,20,39,18,,,,
2017-10-12,02:43,0,on/off,on/off,0,20.1,69.9,on,47,21,39,18,,,,
2017-10-12,02:43,4,on/off,on/off,0,20.1,69.9,on,47,21,39,18,,,,
2017-10-12,02:43,0,on/off,on/off,0,20.1,69.9,on,47,20,39,18,,,,
2017-10-12,02:43,0,on/off,on/off,0,20.1,69.9,on,47,20,39,18,,,,
2017-10-12,02:43,0,on/off,on/off,0,20.1,69.8,on,47,20,39,18,,,,
2017-10-12,02:43,4,on/off,on/off,0,20.1,69.8,on,47,21,39,18,,,,
2017-10-12,02:43,0,on/off,on/off,0,20.1,69.8,on,47,20,39,18,,,,
2017-10-12,02:43,0,on/off,on/off,0,20.1,69.8,on,47,20,39,18,,,,
2017-10-12,02:44,0,on/off,on/off,0,20.1,69.9,on,47,20,39,18,,,,
2017-10-12,02:44,3,on/off,on/off,0,20.1,69.9,on,47,20,39,18,,,,
2017-10-12,02:44,0,on/off,on/off,0,20.1,69.9,on,47,20,39,18,,,,
2017-10-12,02:44,0,on/off,on/off,0,20.1,69.9,on,47,20,39,18,,,,
2017-10-12,02:44,0,on/off,on/off,0,20.1,70.5,on,47,20,39,18,,,,
2017-10-12,02:44,0,on/off,on/off,0,20.1,70.5,on,47,20,39,18,,,,
2017-10-12,02:44,6,on/off,on/off,0,20.1,70.5,on,47,20,39,18,,,,
2017-10-12,02:44,0,on/off,on/off,0,20.1,70.5,on,47,20,39,18,,,,
2017-10-12,02:44,0,on/off,on/off,0,20.1,69.9,on,47,20,39,18,,,,
2017-10-12,02:44,0,on/off,on/off,0,20.1,69.9,on,47,20,39,18,,,,
2017-10-12,02:44,0,on/off,on/off,0,20.1,69.9,on,46,20,39,18,,,,
2017-10-12,02:44,0,on/off,on/off,0,20.1,69.9,on,47,21,39,18,,,,
2017-10-12,02:44,0,on/off,on/off,0,20.1,69.8,on,47,20,39,18,,,,
2017-10-12,02:44,0,on/off,on/off,0,20.1,69.8,on,47,20,39,18,,,,
2017-10-12,02:44,0,on/off,on/off,0,20.1,69.8,on,47,20,39,18,,,,
2017-10-12,02:44,0,on/off,on/off,0,20.1,69.8,on,47,20,39,18,,,,
2017-10-12,02:44,2,on/off,on/off,0,20.2,70.0,on,47,20,39,18,,,,
2017-10-12,02:44,0,on/off,on/off,0,20.2,70.0,on,47,20,39,18,,,,
2017-10-12,02:44,0,on/off,on/off,0,20.2,70.0,on,47,20,39,18,,,,
2017-10-12,02:44,0,on/off,on/off,0,20.2,70.0,on,46,20,39,18,,,,
2017-10-12,02:44,0,on/off,on/off,0,20.1,70.0,on,47,20,39,18,,,,
2017-10-12,02:44,4,on/off,on/off,0,20.1,70.0,on,47,21,39,18,,,,
2017-10-12,02:44,0,on/off,on/off,0,20.1,70.0,on,47,20,39,18,,,,
2017-10-12,02:44,0,on/off,on/off,0,20.1,70.0,on,47,20,39,18,,,,
2017-10-12,02:45,0,on/off,on/off,0,20.1,69.8,on,47,20,39,18,,,,
2017-10-12,02:45,0,on/off,on/off,0,20.1,69.8,on,47,20,39,18,,,,
2017-10-12,02:45,0,on/off,on/off,0,20.1,69.8,on,47,21,39,18,,,,
2017-10-12,02:45,0,on/off,on/off,0,20.1,69.8,on,47,20,39,18,,,,
2017-10-12,02:45,0,on/off,on/off,0,20.2,69.8,on,47,20,39,18,,,,
2017-10-12,02:45,0,on/off,on/off,0,20.2,69.8,on,47,20,39,18,,,,
2017-10-12,02:45,0,on/off,on/off,0,20.2,69.8,on,47,21,39,18,,,,
2017-10-12,02:45,0,on/off,on/off,0,20.2,69.8,on,47,20,39,18,,,,
2017-10-12,02:45,0,on/off,on/off,0,20.1,69.7,on,47,20,39,18,,,,
2017-10-12,02:45,0,on/off,on/off,0,20.1,69.7,on,47,20,39,18,,,,
2017-10-12,02:45,0,on/off,on/off,0,20.1,69.7,on,47,21,39,18,,,,
2017-10-12,02:45,5,on/off,on/off,0,20.1,69.7,on,47,20,39,18,,,,
2017-10-12,02:45,0,on/off,on/off,0,20.1,69.6,on,47,20,39,18,,,,
2017-10-12,02:45,0,on/off,on/off,0,20.1,69.6,on,47,20,39,18,,,,
2017-10-12,02:45,0,on/off,on/off,0,20.1,69.6,on,47,20,39,18,,,,
2017-10-12,02:45,0,on/off,on/off,0,20.1,69.6,on,47,20,39,18,,,,
2017-10-12,02:45,0,on/off,on/off,0,20.1,69.8,on,47,21,39,18,,,,
2017-10-12,02:45,0,on/off,on/off,0,20.1,69.8,on,47,20,39,18,,,,
2017-10-12,02:45,0,on/off,on/off,0,20.1,69.8,on,47,20,39,18,,,,
2017-10-12,02:45,0,on/off,on/off,0,20.1,69.8,on,47,20,39,18,,,,
2017-10-12,02:46,0,on/off,on/off,0,20.1,70.0,on,47,20,39,18,,,,
2017-10-12,02:46,0,on/off,on/off,0,20.1,70.0,on,47,20,39,18,,,,
2017-10-12,02:46,0,on/off,on/off,0,20.1,70.0,on,47,20,39,18,,,,
2017-10-12,02:46,0,on/off,on/off,0,20.1,70.0,on,47,20,39,18,,,,
2017-10-12,02:46,0,on/off,on/off,0,20.1,70.2,on,47,20,39,18,,,,
2017-10-12,02:46,0,on/off,on/off,0,20.1,70.2,on,47,20,39,18,,,,
2017-10-12,02:46,0,on/off,on/off,0,20.1,70.2,on,47,20,39,18,,,,
2017-10-12,02:46,0,on/off,on/off,0,20.1,70.2,on,47,20,39,18,,,,
2017-10-12,02:46,0,on/off,on/off,0,20.1,69.9,on,47,20,39,18,,,,
2017-10-12,02:46,0,on/off,on/off,0,20.1,69.9,on,47,20,39,18,,,,
2017-10-12,02:46,0,on/off,on/off,0,20.1,69.9,on,47,20,39,18,,,,
2017-10-12,02:46,2,on/off,on/off,0,20.1,69.9,on,47,21,39,18,,,,
2017-10-12,02:46,0,on/off,on/off,0,20.1,69.8,on,47,20,39,18,,,,
2017-10-12,02:46,0,on/off,on/off,0,20.1,69.8,on,47,20,39,18,,,,
2017-10-12,02:46,0,on/off,on/off,0,20.1,69.8,on,47,20,39,18,,,,
2017-10-12,02:46,0,on/off,on/off,0,20.1,69.8,on,47,20,39,18,,,,
2017-10-12,02:46,1,on/off,on/off,0,20.1,70.0,on,47,20,39,18,,,,
2017-10-12,02:46,0,on/off,on/off,0,20.1,70.0,on,47,21,39,18,,,,
2017-10-12,02:46,0,on/off,on/off,0,20.1,70.0,on,47,21,39,18,,,,
2017-10-12,02:46,0,on/off,on/off,0,20.1,70.0,on,47,20,39,18,,,,
2017-10-12,02:46,0,on/off,on/off,0,20.1,70.7,on,47,21,39,18,,,,
2017-10-12,02:46,0,on/off,on/off,0,20.1,70.7,on,47,21,39,18,,,,
2017-10-12,02:46,0,on/off,on/off,0,20.1,70.7,on,47,21,39,18,,,,
2017-10-12,02:46,0,on/off,on/off,0,20.1,70.7,on,47,20,39,18,,,,
2017-10-12,02:47,0,on/off,on/off,0,20.1,70.7,on,47,20,39,18,,,,
2017-10-12,02:47,0,on/off,on/off,0,20.1,70.7,on,47,20,39,18,,,,
2017-10-12,02:47,0,on/off,on/off,1,20.1,70.7,on,47,20,39,18,,,,
2017-10-12,02:47,3,on/off,on/off,0,20.1,70.7,on,47,20,39,18,,,,
2017-10-12,02:47,0,on/off,on/off,0,20.1,70.3,on,47,20,39,18,,,,
2017-10-12,02:47,0,on/off,on/off,0,20.1,70.3,on,47,20,39,18,,,,
2017-10-12,02:47,0,on/off,on/off,0,20.1,70.3,on,47,20,39,18,,,,
2017-10-12,02:47,3,on/off,on/off,0,20.1,70.3,on,47,20,39,18,,,,
2017-10-12,02:47,0,on/off,on/off,0,20.1,70.6,on,47,20,39,18,,,,
2017-10-12,02:47,0,on/off,on/off,0,20.1,70.6,on,47,20,39,18,,,,
2017-10-12,02:47,0,on/off,on/off,0,20.1,70.6,on,47,21,39,18,,,,
2017-10-12,02:47,0,on/off,on/off,0,20.1,70.6,on,47,21,39,18,,,,
2017-10-12,02:47,0,on/off,on/off,0,20.1,70.7,on,47,20,39,18,,,,
2017-10-12,02:47,0,on/off,on/off,0,20.1,70.7,on,47,20,39,18,,,,
2017-10-12,02:47,0,on/off,on/off,0,20.1,70.7,on,47,21,39,18,,,,
2017-10-12,02:47,1,on/off,on/off,0,20.1,70.7,on,47,20,39,18,,,,
2017-10-12,02:47,0,on/off,on/off,0,20.1,70.2,on,47,20,39,18,,,,
2017-10-12,02:47,0,on/off,on/off,0,20.1,70.2,on,47,20,39,18,,,,
2017-10-12,02:47,0,on/off,on/off,0,20.1,70.2,on,47,20,39,18,,,,
2017-10-12,02:47,0,on/off,on/off,1,20.1,70.2,on,47,20,39,18,,,,
2017-10-12,02:47,0,on/off,on/off,0,20.1,70.4,on,47,20,39,18,,,,
2017-10-12,02:47,0,on/off,on/off,0,20.1,70.4,on,47,20,39,18,,,,
2017-10-12,02:47,0,on/off,on/off,0,20.1,70.4,on,47,20,39,18,,,,
2017-10-12,02:47,0,on/off,on/off,0,20.1,70.4,on,47,20,39,18,,,,
2017-10-12,02:48,5,on/off,on/off,0,20.1,70.6,on,47,21,39,18,,,,
2017-10-12,02:48,0,on/off,on/off,0,20.1,70.6,on,47,20,39,18,,,,
2017-10-12,02:48,0,on/off,on/off,0,20.1,70.6,on,47,20,39,18,,,,
2017-10-12,02:48,0,on/off,on/off,0,20.1,70.6,on,47,20,39,18,,,,
2017-10-12,02:48,3,on/off,on/off,0,20.1,70.7,on,47,21,39,18,,,,
2017-10-12,02:48,0,on/off,on/off,0,20.1,70.7,on,47,20,39,18,,,,
2017-10-12,02:48,0,on/off,on/off,0,20.1,70.7,on,47,20,39,18,,,,
2017-10-12,02:48,0,on/off,on/off,0,20.1,70.7,on,47,20,39,18,,,,
2017-10-12,02:48,0,on/off,on/off,0,20.1,71.2,on,47,20,39,18,,,,
2017-10-12,02:48,0,on/off,on/off,0,20.1,71.2,on,47,20,39,18,,,,
2017-10-12,02:48,0,on/off,on/off,0,20.1,71.2,on,46,21,39,18,,,,
2017-10-12,02:48,0,on/off,on/off,0,20.1,71.2,on,47,21,39,18,,,,
2017-10-12,02:48,0,on/off,on/off,0,20.1,71.2,on,47,20,39,18,,,,
2017-10-12,02:48,0,on/off,on/off,0,20.1,71.2,on,47,21,39,18,,,,
2017-10-12,02:48,0,on/off,on/off,0,20.1,71.2,on,47,20,39,18,,,,
2017-10-12,02:48,0,on/off,on/off,0,20.1,71.2,on,47,20,39,18,,,,
2017-10-12,02:48,0,on/off,on/off,0,20.1,70.8,on,47,20,39,18,,,,
2017-10-12,02:48,0,on/off,on/off,0,20.1,70.8,on,47,20,39,18,,,,
2017-10-12,02:48,0,on/off,on/off,0,20.1,70.8,on,47,20,39,18,,,,
2017-10-12,02:48,0,on/off,on/off,0,20.1,70.8,on,47,20,39,18,,,,
2017-10-12,02:49,0,on/off,on/off,0,20.1,70.3,on,47,20,39,18,,,,
2017-10-12,02:49,0,on/off,on/off,0,20.1,70.3,on,47,20,39,18,,,,
2017-10-12,02:49,0,on/off,on/off,0,20.1,70.3,on,47,20,39,18,,,,
2017-10-12,02:49,0,on/off,on/off,0,20.1,70.3,on,47,20,39,18,,,,
2017-10-12,02:49,0,on/off,on/off,0,20.1,70.5,on,47,20,39,18,,,,
2017-10-12,02:49,0,on/off,on/off,0,20.1,70.5,on,47,20,39,18,,,,
2017-10-12,02:49,0,on/off,on/off,0,20.1,70.5,on,47,20,39,18,,,,
2017-10-12,02:49,0,on/off,on/off,0,20.1,70.5,on,47,21,39,18,,,,
2017-10-12,02:49,0,on/off,on/off,0,20.1,70.4,on,47,20,39,18,,,,
2017-10-12,02:49,0,on/off,on/off,0,20.1,70.4,on,47,20,39,18,,,,
2017-10-12,02:49,0,on/off,on/off,0,20.1,70.4,on,47,20,39,18,,,,
2017-10-12,02:49,0,on/off,on/off,0,20.1,70.4,on,47,20,39,18,,,,
2017-10-12,02:49,0,on/off,on/off,0,20.1,70.2,on,47,20,39,18,,,,
2017-10-12,02:49,0,on/off,on/off,0,20.1,70.2,on,47,21,39,18,,,,
2017-10-12,02:49,0,on/off,on/off,0,20.1,70.2,on,47,20,39,18,,,,
2017-10-12,02:49,0,on/off,on/off,0,20.1,70.2,on,47,20,39,18,,,,
2017-10-12,02:49,0,on/off,on/off,0,20.1,70.5,on,46,21,39,18,,,,
2017-10-12,02:49,0,on/off,on/off,0,20.1,70.5,on,47,21,39,18,,,,
2017-10-12,02:49,0,on/off,on/off,0,20.1,70.5,on,47,20,39,18,,,,
2017-10-12,02:49,0,on/off,on/off,0,20.1,70.5,on,47,20,39,18,,,,
2017-10-12,02:49,0,on/off,on/off,0,20.1,70.5,on,47,20,39,18,,,,
2017-10-12,02:49,0,on/off,on/off,0,20.1,70.5,on,47,20,39,18,,,,
2017-10-12,02:49,0,on/off,on/off,0,20.1,70.5,on,47,20,39,18,,,,
2017-10-12,02:49,0,on/off,on/off,0,20.1,70.5,on,47,21,39,18,,,,
2017-10-12,02:50,0,on/off,on/off,0,20.1,70.4,on,47,20,39,18,,,,
2017-10-12,02:50,0,on/off,on/off,0,20.1,70.4,on,47,20,39,18,,,,
2017-10-12,02:50,0,on/off,on/off,0,20.1,70.4,on,47,20,39,18,,,,
2017-10-12,02:50,0,on/off,on/off,0,20.1,70.4,on,47,21,39,18,,,,
2017-10-12,02:50,0,on/off,on/off,0,20.1,70.3,on,47,20,39,18,,,,
2017-10-12,02:50,0,on/off,on/off,0,20.1,70.3,on,47,20,39,18,,,,
2017-10-12,02:50,0,on/off,on/off,0,20.1,70.3,on,47,20,39,18,,,,
2017-10-12,02:50,0,on/off,on/off,0,20.1,70.3,on,47,20,39,18,,,,
2017-10-12,02:50,0,on/off,on/off,0,20.1,70.1,on,47,20,39,18,,,,
2017-10-12,02:50,0,on/off,on/off,0,20.1,70.1,on,47,20,39,18,,,,
2017-10-12,02:50,3,on/off,on/off,0,20.1,70.1,on,47,20,39,18,,,,
2017-10-12,02:50,0,on/off,on/off,0,20.1,70.1,on,46,20,39,18,,,,
2017-10-12,02:50,1,on/off,on/off,0,20.1,70.8,on,47,20,39,18,,,,
2017-10-12,02:50,0,on/off,on/off,0,20.1,70.8,on,47,20,39,18,,,,
2017-10-12,02:50,0,on/off,on/off,0,20.1,70.8,on,47,21,39,18,,,,
2017-10-12,02:50,0,on/off,on/off,0,20.1,70.8,on,47,20,39,18,,,,
2017-10-12,02:50,3,on/off,on/off,0,20.0,70.6,on,47,20,39,18,,,,
2017-10-12,02:50,0,on/off,on/off,0,20.0,70.6,on,47,20,39,18,,,,
2017-10-12,02:50,0,on/off,on/off,0,20.0,70.6,on,47,20,39,18,,,,
2017-10-12,02:50,2,on/off,on/off,0,20.0,70.6,on,47,20,39,18,,,,
2017-10-12,02:51,0,on/off,on/off,0,20.1,70.6,on,47,20,39,18,,,,
2017-10-12,02:51,0,on/off,on/off,0,20.1,70.6,on,47,20,39,18,,,,
2017-10-12,02:51,0,on/off,on/off,0,20.1,70.6,on,47,20,39,18,,,,
2017-10-12,02:51,4,on/off,on/off,0,20.1,70.6,on,47,20,39,18,,,,
2017-10-12,02:51,0,on/off,on/off,0,20.0,70.4,on,47,20,39,18,,,,
2017-10-12,02:51,0,on/off,on/off,0,20.0,70.4,on,47,20,39,18,,,,
2017-10-12,02:51,0,on/off,on/off,0,20.0,70.4,on,47,20,39,18,,,,
2017-10-12,02:51,0,on/off,on/off,0,20.0,70.4,on,47,20,39,18,,,,
2017-10-12,02:51,0,on/off,on/off,0,20.1,70.3,on,47,20,39,18,,,,
2017-10-12,02:51,0,on/off,on/off,0,20.1,70.3,on,47,20,39,18,,,,
2017-10-12,02:51,0,on/off,on/off,0,20.1,70.3,on,47,20,39,18,,,,
2017-10-12,02:51,0,on/off,on/off,0,20.1,70.3,on,47,21,39,18,,,,
2017-10-12,02:51,4,on/off,on/off,0,20.0,70.1,on,47,21,39,18,,,,
2017-10-12,02:51,0,on/off,on/off,0,20.0,70.1,on,47,20,39,18,,,,
2017-10-12,02:51,0,on/off,on/off,0,20.0,70.1,on,47,20,39,18,,,,
2017-10-12,02:51,0,on/off,on/off,0,20.0,70.1,on,47,20,39,18,,,,
2017-10-12,02:51,0,on/off,on/off,0,20.0,70.6,on,47,20,39,18,,,,
2017-10-12,02:51,0,on/off,on/off,0,20.0,70.6,on,47,20,39,18,,,,
2017-10-12,02:51,0,on/off,on/off,0,20.0,70.6,on,47,20,39,18,,,,
2017-10-12,02:51,0,on/off,on/off,0,20.0,70.6,on,47,20,39,18,,,,
2017-10-12,02:51,0,on/off,on/off,0,20.0,70.3,on,47,20,39,18,,,,
2017-10-12,02:51,0,on/off,on/off,0,20.0,70.3,on,47,20,39,18,,,,
2017-10-12,02:51,0,on/off,on/off,0,20.0,70.3,on,47,20,39,18,,,,
2017-10-12,02:51,0,on/off,on/off,0,20.0,70.3,on,47,20,39,18,,,,
2017-10-12,02:52,0,on/off,on/off,0,20.0,70.4,on,47,21,39,18,,,,
2017-10-12,02:52,1,on/off,on/off,0,20.0,70.4,on,47,20,39,18,,,,
2017-10-12,02:52,0,on/off,on/off,0,20.0,70.4,on,46,20,39,18,,,,
2017-10-12,02:52,0,on/off,on/off,0,20.0,70.4,on,47,20,39,18,,,,
2017-10-12,02:52,0,on/off,on/off,0,20.0,70.4,on,47,20,39,18,,,,
2017-10-12,02:52,0,on/off,on/off,0,20.0,70.4,on,47,20,39,18,,,,
2017-10-12,02:52,0,on/off,on/off,0,20.0,70.4,on,47,20,39,18,,,,
2017-10-12,02:52,0,on/off,on/off,0,20.0,70.4,on,47,20,39,18,,,,
2017-10-12,02:52,0,on/off,on/off,0,20.0,71.0,on,47,20,39,18,,,,
2017-10-12,02:52,0,on/off,on/off,0,20.0,71.0,on,47,20,39,18,,,,
2017-10-12,02:52,0,on/off,on/off,0,20.0,71.0,on,47,20,39,18,,,,
2017-10-12,02:52,0,on/off,on/off,0,20.0,71.0,on,47,21,39,18,,,,
2017-10-12,02:52,0,on/off,on/off,0,20.0,70.8,on,47,20,39,18,,,,
2017-10-12,02:52,0,on/off,on/off,0,20.0,70.8,on,47,21,39,18,,,,
2017-10-12,02:52,0,on/off,on/off,0,20.0,70.8,on,47,20,39,18,,,,
2017-10-12,02:52,0,on/off,on/off,0,20.0,70.8,on,47,20,39,18,,,,
2017-10-12,02:52,0,on/off,on/off,0,20.0,71.1,on,47,20,39,18,,,,
2017-10-12,02:52,0,on/off,on/off,0,20.0,71.1,on,47,20,38,18,,,,
2017-10-12,02:52,0,on/off,on/off,0,20.0,71.1,on,47,20,39,18,,,,
2017-10-12,02:52,0,on/off,on/off,0,20.0,71.1,on,47,20,39,18,,,,
2017-10-12,02:53,0,on/off,on/off,0,20.0,70.9,on,47,21,39,18,,,,
2017-10-12,02:53,0,on/off,on/off,0,20.0,70.9,on,47,20,39,18,,,,
2017-10-12,02:53,0,on/off,on/off,0,20.0,70.9,on,47,20,39,18,,,,
2017-10-12,02:53,0,on/off,on/off,0,20.0,70.9,on,47,20,39,18,,,,
2017-10-12,02:53,0,on/off,on/off,0,20.0,70.6,on,47,20,39,18,,,,
2017-10-12,02:53,0,on/off,on/off,0,20.0,70.6,on,47,20,39,18,,,,
2017-10-12,02:53,0,on/off,on/off,0,20.0,70.6,on,47,20,39,18,,,,
2017-10-12,02:53,0,on/off,on/off,0,20.0,70.6,on,47,21,39,18,,,,
2017-10-12,02:53,0,on/off,on/off,0,20.0,70.5,on,47,20,39,18,,,,
2017-10-12,02:53,0,on/off,on/off,0,20.0,70.5,on,47,20,39,18,,,,
2017-10-12,02:53,0,on/off,on/off,0,20.0,70.5,on,47,21,39,18,,,,
2017-10-12,02:53,0,on/off,on/off,0,20.0,70.5,on,47,20,39,18,,,,
2017-10-12,02:53,1,on/off,on/off,0,20.0,70.5,on,47,21,39,18,,,,
2017-10-12,02:53,0,on/off,on/off,0,20.0,70.5,on,47,20,39,18,,,,
2017-10-12,02:53,0,on/off,on/off,0,20.0,70.5,on,47,20,39,18,,,,
2017-10-12,02:53,0,on/off,on/off,0,20.0,70.5,on,47,20,39,18,,,,
2017-10-12,02:53,0,on/off,on/off,0,20.0,70.7,on,47,20,38,18,,,,
2017-10-12,02:53,0,on/off,on/off,0,20.0,70.7,on,47,20,39,18,,,,
2017-10-12,02:53,0,on/off,on/off,0,20.0,70.7,on,47,20,39,18,,,,
2017-10-12,02:53,0,on/off,on/off,0,20.0,70.7,on,47,20,39,18,,,,
2017-10-12,02:53,0,on/off,on/off,0,20.0,70.9,on,47,21,39,18,,,,
2017-10-12,02:53,5,on/off,on/off,0,20.0,70.9,on,47,21,39,18,,,,
2017-10-12,02:53,0,on/off,on/off,0,20.0,70.9,on,47,21,39,18,,,,
2017-10-12,02:53,1,on/off,on/off,0,20.0,70.9,on,47,20,39,18,,,,
2017-10-12,02:54,0,on/off,on/off,0,20.0,71.1,on,47,20,39,18,,,,
2017-10-12,02:54,0,on/off,on/off,0,20.0,71.1,on,47,20,39,18,,,,
2017-10-12,02:54,0,on/off,on/off,0,20.0,71.1,on,47,20,39,18,,,,
2017-10-12,02:54,5,on/off,on/off,0,20.0,71.1,on,47,21,39,18,,,,
2017-10-12,02:54,0,on/off,on/off,0,20.0,71.4,on,47,20,39,18,,,,
2017-10-12,02:54,0,on/off,on/off,0,20.0,71.4,on,47,20,39,18,,,,
2017-10-12,02:54,0,on/off,on/off,0,20.0,71.4,on,47,21,39,18,,,,
2017-10-12,02:54,0,on/off,on/off,0,20.0,71.4,on,47,21,39,18,,,,
2017-10-12,02:54,0,on/off,on/off,0,20.0,71.6,on,47,20,39,18,,,,
2017-10-12,02:54,0,on/off,on/off,0,20.0,71.6,on,47,20,39,18,,,,
2017-10-12,02:54,1,on/off,on/off,0,20.0,71.6,on,47,20,39,18,,,,
2017-10-12,02:54,0,on/off,on/off,0,20.0,71.6,on,47,20,39,18,,,,
2017-10-12,02:54,0,on/off,on/off,0,20.0,71.4,on,47,20,39,18,,,,
2017-10-12,02:54,0,on/off,on/off,0,20.0,71.4,on,47,21,39,18,,,,
2017-10-12,02:54,0,on/off,on/off,0,20.0,71.4,on,47,20,39,18,,,,
2017-10-12,02:54,0,on/off,on/off,0,20.0,71.4,on,47,21,39,18,,,,
2017-10-12,02:54,2,on/off,on/off,0,20.0,71.0,on,47,20,39,18,,,,
2017-10-12,02:54,0,on/off,on/off,0,20.0,71.0,on,47,20,39,18,,,,
2017-10-12,02:54,0,on/off,on/off,0,20.0,71.0,on,47,20,39,18,,,,
2017-10-12,02:54,0,on/off,on/off,0,20.0,71.0,on,47,20,39,18,,,,
2017-10-12,02:55,0,on/off,on/off,0,20.0,71.1,on,47,20,39,18,,,,
2017-10-12,02:55,4,on/off,on/off,0,20.0,71.1,on,47,21,39,18,,,,
2017-10-12,02:55,0,on/off,on/off,0,20.0,71.1,on,47,21,39,18,,,,
2017-10-12,02:55,0,on/off,on/off,0,20.0,71.1,on,47,20,39,18,,,,
2017-10-12,02:55,0,on/off,on/off,0,20.0,71.0,on,47,20,39,18,,,,
2017-10-12,02:55,0,on/off,on/off,0,20.0,71.0,on,47,20,39,18,,,,
2017-10-12,02:55,0,on/off,on/off,0,20.0,71.0,on,47,20,39,18,,,,
2017-10-12,02:55,2,on/off,on/off,0,20.0,71.0,on,47,21,39,18,,,,
2017-10-12,02:55,0,on/off,on/off,0,20.0,70.9,on,47,20,39,18,,,,
2017-10-12,02:55,0,on/off,on/off,0,20.0,70.9,on,47,20,39,18,,,,
2017-10-12,02:55,0,on/off,on/off,0,20.0,70.9,on,47,20,39,18,,,,
2017-10-12,02:55,0,on/off,on/off,0,20.0,70.9,on,47,20,39,18,,,,
2017-10-12,02:55,0,on/off,on/off,0,20.1,71.2,on,47,21,39,18,,,,
2017-10-12,02:55,0,on/off,on/off,0,20.1,71.2,on,47,20,38,18,,,,
2017-10-12,02:55,3,on/off,on/off,0,20.1,71.2,on,47,20,39,18,,,,
2017-10-12,02:55,0,on/off,on/off,0,20.1,71.2,on,47,20,39,18,,,,
2017-10-12,02:55,0,on/off,on/off,0,20.0,70.7,on,47,20,39,18,,,,
2017-10-12,02:55,0,on/off,on/off,0,20.0,70.7,on,47,20,39,18,,,,
2017-10-12,02:55,0,on/off,on/off,0,20.0,70.7,on,47,20,39,18,,,,
2017-10-12,02:55,0,on/off,on/off,1,20.0,70.7,on,47,20,39,18,,,,
2017-10-12,02:55,0,on/off,on/off,0,20.0,71.0,on,47,20,39,18,,,,
2017-10-12,02:55,0,on/off,on/off,0,20.0,71.0,on,47,20,39,18,,,,
2017-10-12,02:55,4,on/off,on/off,0,20.0,71.0,on,47,20,39,18,,,,
2017-10-12,02:55,0,on/off,on/off,0,20.0,71.0,on,47,20,39,18,,,,
2017-10-12,02:56,1,on/off,on/off,0,20.0,71.0,on,47,21,39,18,,,,
2017-10-12,02:56,3,on/off,on/off,0,20.0,71.0,on,47,21,39,18,,,,
2017-10-12,02:56,0,on/off,on/off,0,20.0,71.0,on,47,20,39,18,,,,
2017-10-12,02:56,0,on/off,on/off,0,20.0,71.0,on,47,20,39,18,,,,
2017-10-12,02:56,1,on/off,on/off,0,20.0,70.8,on,47,20,39,18,,,,
2017-10-12,02:56,1,on/off,on/off,0,20.0,70.8,on,47,20,39,18,,,,
2017-10-12,02:56,0,on/off,on/off,0,20.0,70.8,on,47,20,39,18,,,,
2017-10-12,02:56,0,on/off,on/off,0,20.0,70.8,on,47,20,39,18,,,,
2017-10-12,02:56,0,on/off,on/off,0,20.0,70.8,on,47,21,39,18,,,,
2017-10-12,02:56,0,on/off,on/off,0,20.0,70.8,on,47,20,39,18,,,,
2017-10-12,02:56,0,on/off,on/off,0,20.0,70.8,on,47,20,39,18,,,,
2017-10-12,02:56,0,on/off,on/off,0,20.0,70.8,on,47,20,39,18,,,,
2017-10-12,02:56,0,on/off,on/off,0,20.0,70.6,on,47,20,39,19,,,,
2017-10-12,02:56,0,on/off,on/off,0,20.0,70.6,on,47,20,39,18,,,,
2017-10-12,02:56,1,on/off,on/off,0,20.0,70.6,on,47,20,39,18,,,,
2017-10-12,02:56,1,on/off,on/off,0,20.0,70.6,on,47,20,39,18,,,,
2017-10-12,02:56,0,on/off,on/off,0,20.0,70.5,on,47,20,39,18,,,,
2017-10-12,02:56,0,on/off,on/off,0,20.0,70.5,on,46,20,39,18,,,,
2017-10-12,02:56,0,on/off,on/off,0,20.0,70.5,on,47,20,39,18,,,,
2017-10-12,02:56,0,on/off,on/off,0,20.0,70.5,on,47,21,39,18,,,,
2017-10-12,02:57,0,on/off,on/off,0,20.0,70.7,on,47,20,39,18,,,,
2017-10-12,02:57,0,on/off,on/off,0,20.0,70.7,on,47,21,39,18,,,,
2017-10-12,02:57,0,on/off,on/off,0,20.0,70.7,on,47,20,39,18,,,,
2017-10-12,02:57,1,on/off,on/off,0,20.0,70.7,on,47,20,39,18,,,,
2017-10-12,02:57,0,on/off,on/off,0,20.0,70.9,on,47,21,39,18,,,,
2017-10-12,02:57,0,on/off,on/off,0,20.0,70.9,on,47,20,39,18,,,,
2017-10-12,02:57,0,on/off,on/off,0,20.0,70.9,on,47,21,39,18,,,,
2017-10-12,02:57,3,on/off,on/off,0,20.0,70.9,on,47,20,39,18,,,,
2017-10-12,02:57,0,on/off,on/off,0,20.0,70.9,on,47,20,39,18,,,,
2017-10-12,02:57,0,on/off,on/off,0,20.0,70.9,on,46,20,39,18,,,,
2017-10-12,02:57,0,on/off,on/off,0,20.0,70.9,on,47,20,39,18,,,,
2017-10-12,02:57,0,on/off,on/off,0,20.0,70.9,on,47,20,39,18,,,,
2017-10-12,02:57,0,on/off,on/off,0,20.0,70.7,on,47,21,39,18,,,,
2017-10-12,02:57,0,on/off,on/off,0,20.0,70.7,on,47,20,38,18,,,,
2017-10-12,02:57,0,on/off,on/off,0,20.0,70.7,on,47,20,39,18,,,,
2017-10-12,02:57,0,on/off,on/off,0,20.0,70.7,on,47,20,39,18,,,,
2017-10-12,02:57,3,on/off,on/off,0,20.0,70.5,on,47,20,38,18,,,,
2017-10-12,02:57,0,on/off,on/off,0,20.0,70.5,on,47,20,39,18,,,,
2017-10-12,02:57,0,on/off,on/off,0,20.0,70.5,on,47,20,39,18,,,,
2017-10-12,02:57,0,on/off,on/off,0,20.0,70.5,on,47,20,39,18,,,,
2017-10-12,02:57,0,on/off,on/off,0,20.0,70.5,on,47,20,39,18,,,,
2017-10-12,02:57,2,on/off,on/off,0,20.0,70.5,on,47,20,39,18,,,,
2017-10-12,02:57,2,on/off,on/off,0,20.0,70.5,on,47,20,39,18,,,,
2017-10-12,02:57,0,on/off,on/off,0,20.0,70.5,on,47,20,39,18,,,,
2017-10-12,02:58,0,on/off,on/off,0,20.0,70.6,on,47,20,39,18,,,,
2017-10-12,02:58,0,on/off,on/off,0,20.0,70.6,on,47,20,39,18,,,,
2017-10-12,02:58,0,on/off,on/off,0,20.0,70.6,on,47,20,39,18,,,,
2017-10-12,02:58,0,on/off,on/off,0,20.0,70.6,on,46,20,39,18,,,,
2017-10-12,02:58,0,on/off,on/off,0,20.1,70.4,on,46,20,39,18,,,,
2017-10-12,02:58,0,on/off,on/off,0,20.1,70.4,on,47,21,39,18,,,,
2017-10-12,02:58,0,on/off,on/off,0,20.1,70.4,on,47,21,39,18,,,,
2017-10-12,02:58,0,on/off,on/off,0,20.1,70.4,on,47,20,39,18,,,,
2017-10-12,02:58,0,on/off,on/off,0,20.1,70.4,on,47,20,39,18,,,,
2017-10-12,02:58,4,on/off,on/off,0,20.1,70.4,on,47,21,39,18,,,,
2017-10-12,02:58,1,on/off,on/off,0,20.1,70.4,on,47,20,38,18,,,,
2017-10-12,02:58,0,on/off,on/off,0,20.1,70.4,on,47,21,39,18,,,,
2017-10-12,02:58,0,on/off,on/off,0,20.1,69.9,on,47,20,39,18,,,,
2017-10-12,02:58,0,on/off,on/off,0,20.1,69.9,on,47,20,39,18,,,,
2017-10-12,02:58,0,on/off,on/off,0,20.1,69.9,on,47,21,39,18,,,,
2017-10-12,02:58,0,on/off,on/off,0,20.1,69.9,on,47,21,39,18,,,,
2017-10-12,02:58,0,on/off,on/off,0,20.0,69.9,on,46,20,39,18,,,,
2017-10-12,02:58,0,on/off,on/off,0,20.0,69.9,on,47,20,39,18,,,,
2017-10-12,02:58,2,on/off,on/off,0,20.0,69.9,on,47,20,39,18,,,,
2017-10-12,02:58,0,on/off,on/off,0,20.0,69.9,on,47,21,39,18,,,,
2017-10-12,02:58,3,on/off,on/off,0,20.1,70.1,on,47,20,39,18,,,,
2017-10-12,02:59,0,on/off,on/off,0,20.1,70.1,on,47,20,39,18,,,,
2017-10-12,02:59,1,on/off,on/off,0,20.1,70.1,on,47,20,39,18,,,,
2017-10-12,02:59,0,on/off,on/off,0,20.1,70.1,on,47,20,39,18,,,,
2017-10-12,02:59,0,on/off,on/off,0,20.1,70.1,on,47,21,39,18,,,,
2017-10-12,02:59,1,on/off,on/off,0,20.1,70.1,on,47,21,39,18,,,,
2017-10-12,02:59,0,on/off,on/off,0,20.1,70.1,on,47,20,39,18,,,,
2017-10-12,02:59,0,on/off,on/off,0,20.1,70.1,on,47,20,39,18,,,,
2017-10-12,02:59,0,on/off,on/off,0,20.1,70.2,on,47,20,38,18,,,,
2017-10-12,02:59,0,on/off,on/off,0,20.1,70.2,on,47,20,39,18,,,,
2017-10-12,02:59,0,on/off,on/off,0,20.1,70.2,on,47,21,39,18,,,,
2017-10-12,02:59,0,on/off,on/off,0,20.1,70.2,on,46,20,39,18,,,,
2017-10-12,02:59,2,on/off,on/off,0,20.1,70.3,on,47,20,39,18,,,,
2017-10-12,02:59,0,on/off,on/off,0,20.1,70.3,on,47,20,39,18,,,,
2017-10-12,02:59,0,on/off,on/off,0,20.1,70.3,on,47,21,39,18,,,,
2017-10-12,02:59,0,on/off,on/off,0,20.1,70.3,on,47,20,39,18,,,,
2017-10-12,02:59,0,on/off,on/off,0,20.1,70.6,on,46,20,39,18,,,,
2017-10-12,02:59,0,on/off,on/off,0,20.1,70.6,on,47,20,39,18,,,,
2017-10-12,02:59,0,on/off,on/off,0,20.1,70.6,on,47,20,39,18,,,,
2017-10-12,02:59,0,on/off,on/off,0,20.1,70.6,on,46,20,39,18,,,,
2017-10-12,02:59,0,on/off,on/off,0,20.1,70.6,on,47,21,39,18,,,,
2017-10-12,02:59,0,on/off,on/off,0,20.1,70.6,on,47,20,39,18,,,,
2017-10-12,02:59,0,on/off,on/off,0,20.1,70.6,on,47,20,39,18,,,,
2017-10-12,02:59,0,on/off,on/off,0,20.1,70.6,on,46,20,39,18,,,,
2017-10-12,03:00,0,on/off,on/off,0,20.1,70.7,on,46,20,39,18,,,,
2017-10-12,03:00,0,on/off,on/off,0,20.1,70.7,on,46,20,39,18,,,,
2017-10-12,03:00,0,on/off,on/off,0,20.1,70.7,on,47,20,39,18,,,,
2017-10-12,03:00,4,on/off,on/off,0,20.1,70.7,on,47,21,39,18,,,,
2017-10-12,03:00,2,on/off,on/off,0,20.1,70.2,on,47,20,39,18,,,,
2017-10-12,03:00,0,on/off,on/off,0,20.1,70.2,on,47,20,39,18,,,,
2017-10-12,03:00,0,on/off,on/off,0,20.1,70.2,on,47,20,39,18,,,,
2017-10-12,03:00,2,on/off,on/off,0,20.1,70.2,on,47,20,39,18,,,,
2017-10-12,03:00,0,on/off,on/off,0,20.1,70.8,on,47,20,39,18,,,,
2017-10-12,03:00,0,on/off,on/off,0,20.1,70.8,on,47,20,39,18,,,,
2017-10-12,03:00,0,on/off,on/off,0,20.1,70.8,on,47,20,39,18,,,,
2017-10-12,03:00,0,on/off,on/off,1,20.1,70.8,on,47,21,39,18,,,,
2017-10-12,03:00,0,on/off,on/off,0,20.1,70.1,on,47,21,39,18,,,,
2017-10-12,03:00,3,on/off,on/off,0,20.1,70.1,on,46,21,39,18,,,,
2017-10-12,03:00,0,on/off,on/off,0,20.1,70.1,on,47,20,39,18,,,,
2017-10-12,03:00,0,on/off,on/off,0,20.1,70.1,on,46,20,39,18,,,,
2017-10-12,03:00,0,on/off,on/off,0,20.1,70.1,on,46,21,39,18,,,,
2017-10-12,03:00,0,on/off,on/off,0,20.1,70.1,on,47,20,38,18,,,,
2017-10-12,03:00,0,on/off,on/off,0,20.1,70.1,on,47,20,39,18,,,,
2017-10-12,03:00,0,on/off,on/off,0,20.1,70.1,on,46,20,39,18,,,,
2017-10-12,03:00,0,on/off,on/off,0,20.1,70.6,on,47,21,39,18,,,,
2017-10-12,03:00,0,on/off,on/off,0,20.1,70.6,on,46,20,39,18,,,,
2017-10-12,03:00,0,on/off,on/off,0,20.1,70.6,on,47,20,39,18,,,,
2017-10-12,03:00,0,on/off,on/off,0,20.1,70.6,on,46,20,39,18,,,,
2017-10-12,03:01,0,on/off,on/off,0,20.1,70.5,on,46,20,39,18,,,,
2017-10-12,03:01,0,on/off,on/off,0,20.1,70.5,on,47,20,39,18,,,,
2017-10-12,03:01,0,on/off,on/off,0,20.1,70.5,on,47,20,39,18,,,,
2017-10-12,03:01,0,on/off,on/off,0,20.1,70.5,on,46,20,39,18,,,,
2017-10-12,03:01,0,on/off,on/off,0,20.1,70.7,on,46,20,39,18,,,,
2017-10-12,03:01,0,on/off,on/off,0,20.1,70.7,on,46,20,39,18,,,,
2017-10-12,03:01,0,on/off,on/off,0,20.1,70.7,on,46,20,39,18,,,,
2017-10-12,03:01,5,on/off,on/off,0,20.1,70.7,on,46,20,39,18,,,,
2017-10-12,03:01,0,on/off,on/off,0,20.1,70.4,on,47,20,39,18,,,,
2017-10-12,03:01,0,on/off,on/off,0,20.1,70.4,on,46,20,39,18,,,,
2017-10-12,03:01,0,on/off,on/off,0,20.1,70.4,on,47,20,39,18,,,,
2017-10-12,03:01,1,on/off,on/off,0,20.1,70.4,on,47,20,39,18,,,,
2017-10-12,03:01,0,on/off,on/off,0,20.1,70.5,on,46,20,39,18,,,,
2017-10-12,03:01,0,on/off,on/off,0,20.1,70.5,on,47,20,39,18,,,,
2017-10-12,03:01,0,on/off,on/off,0,20.1,70.5,on,46,21,39,18,,,,
2017-10-12,03:01,0,on/off,on/off,0,20.1,70.5,on,46,20,39,18,,,,
2017-10-12,03:01,0,on/off,on/off,0,20.1,70.2,on,46,20,39,18,,,,
2017-10-12,03:01,0,on/off,on/off,0,20.1,70.2,on,47,20,39,18,,,,
2017-10-12,03:01,0,on/off,on/off,0,20.1,70.2,on,46,20,39,18,,,,
2017-10-12,03:01,0,on/off,on/off,0,20.1,70.2,on,46,20,39,18,,,,
2017-10-12,03:02,0,on/off,on/off,0,20.1,70.6,on,46,20,39,18,,,,
2017-10-12,03:02,0,on/off,on/off,0,20.1,70.6,on,47,20,39,18,,,,
2017-10-12,03:02,0,on/off,on/off,0,20.1,70.6,on,46,20,39,18,,,,
2017-10-12,03:02,0,on/off,on/off,0,20.1,70.6,on,47,20,39,18,,,,
2017-10-12,03:02,1,on/off,on/off,0,20.1,70.9,on,47,21,39,18,,,,
2017-10-12,03:02,0,on/off,on/off,0,20.1,70.9,on,46,20,39,18,,,,
2017-10-12,03:02,0,on/off,on/off,0,20.1,70.9,on,47,20,39,18,,,,
2017-10-12,03:02,0,on/off,on/off,0,20.1,70.9,on,47,20,38,18,,,,
2017-10-12,03:02,0,on/off,on/off,0,20.1,70.7,on,46,20,39,18,,,,
2017-10-12,03:02,0,on/off,on/off,0,20.1,70.7,on,46,20,39,18,,,,
2017-10-12,03:02,0,on/off,on/off,0,20.1,70.7,on,46,21,39,18,,,,
2017-10-12,03:02,0,on/off,on/off,0,20.1,70.7,on,46,20,39,18,,,,
2017-10-12,03:02,0,on/off,on/off,0,20.1,70.6,on,47,20,38,18,,,,
2017-10-12,03:02,0,on/off,on/off,0,20.1,70.6,on,47,20,39,18,,,,
2017-10-12,03:02,0,on/off,on/off,0,20.1,70.6,on,47,20,38,18,,,,
2017-10-12,03:02,0,on/off,on/off,0,20.1,70.6,on,46,20,39,18,,,,
2017-10-12,03:02,0,on/off,on/off,0,20.1,70.3,on,46,20,39,18,,,,
2017-10-12,03:02,0,on/off,on/off,0,20.1,70.3,on,47,20,38,18,,,,
2017-10-12,03:02,0,on/off,on/off,0,20.1,70.3,on,47,20,39,18,,,,
2017-10-12,03:02,0,on/off,on/off,0,20.1,70.3,on,46,20,39,18,,,,
2017-10-12,03:02,5,on/off,on/off,0,20.1,70.1,on,47,20,39,18,,,,
2017-10-12,03:02,0,on/off,on/off,0,20.1,70.1,on,46,20,39,18,,,,
2017-10-12,03:02,0,on/off,on/off,0,20.1,70.1,on,46,21,39,18,,,,
2017-10-12,03:02,0,on/off,on/off,0,20.1,70.1,on,46,20,39,18,,,,
2017-10-12,03:03,0,on/off,on/off,0,20.1,70.0,on,47,21,39,18,,,,
2017-10-12,03:03,0,on/off,on/off,0,20.1,70.0,on,46,20,39,18,,,,
2017-10-12,03:03,0,on/off,on/off,0,20.1,70.0,on,46,20,39,18,,,,
2017-10-12,03:03,0,on/off,on/off,0,20.1,70.0,on,47,20,39,18,,,,
2017-10-12,03:03,0,on/off,on/off,0,20.1,69.9,on,46,20,39,18,,,,
2017-10-12,03:03,0,on/off,on/off,0,20.1,69.9,on,46,20,39,18,,,,
2017-10-12,03:03,0,on/off,on/off,0,20.1,69.9,on,47,20,39,18,,,,
2017-10-12,03:03,0,on/off,on/off,0,20.1,69.9,on,46,20,39,18,,,,
2017-10-12,03:03,0,on/off,on/off,0,20.1,70.5,on,46,20,39,18,,,,
2017-10-12,03:03,0,on/off,on/off,0,20.1,70.5,on,47,20,39,18,,,,
2017-10-12,03:03,0,on/off,on/off,0,20.1,70.5,on,47,21,39,18,,,,
2017-10-12,03:03,0,on/off,on/off,0,20.1,70.5,on,47,20,38,18,,,,
2017-10-12,03:03,0,on/off,on/off,0,20.1,70.5,on,47,20,39,18,,,,
2017-10-12,03:03,0,on/off,on/off,0,20.1,70.5,on,47,20,39,18,,,,
2017-10-12,03:03,0,on/off,on/off,0,20.1,70.5,on,47,20,39,18,,,,
2017-10-12,03:03,0,on/off,on/off,0,20.1,70.5,on,47,20,39,18,,,,
2017-10-12,03:03,0,on/off,on/off,0,20.1,70.7,on,46,20,39,18,,,,
2017-10-12,03:03,0,on/off,on/off,0,20.1,70.7,on,47,20,39,18,,,,
2017-10-12,03:03,1,on/off,on/off,0,20.1,70.7,on,47,20,39,18,,,,
2017-10-12,03:03,0,on/off,on/off,0,20.1,70.7,on,47,20,39,18,,,,
2017-10-12,03:04,0,on/off,on/off,0,20.1,70.1,on,46,20,39,18,,,,
2017-10-12,03:04,1,on/off,on/off,0,20.1,70.1,on,47,21,39,18,,,,
2017-10-12,03:04,0,on/off,on/off,0,20.1,70.1,on,47,20,39,18,,,,
2017-10-12,03:04,0,on/off,on/off,0,20.1,70.1,on,46,20,39,18,,,,
2017-10-12,03:04,0,on/off,on/off,0,20.1,70.5,on,47,21,39,18,,,,
2017-10-12,03:04,0,on/off,on/off,0,20.1,70.5,on,46,20,38,18,,,,
2017-10-12,03:04,0,on/off,on/off,0,20.1,70.5,on,46,20,39,18,,,,
2017-10-12,03:04,0,on/off,on/off,0,20.1,70.5,on,46,20,39,18,,,,
2017-10-12,03:04,1,on/off,on/off,0,20.1,70.5,on,47,20,38,18,,,,
2017-10-12,03:04,0,on/off,on/off,0,20.1,70.5,on,47,20,39,18,,,,
2017-10-12,03:04,0,on/off,on/off,0,20.1,70.5,on,47,20,39,18,,,,
2017-10-12,03:04,0,on/off,on/off,0,20.1,70.5,on,46,20,39,18,,,,
2017-10-12,03:04,1,on/off,on/off,0,20.1,70.0,on,47,20,38,18,,,,
2017-10-12,03:04,0,on/off,on/off,0,20.1,70.0,on,47,20,39,18,,,,
2017-10-12,03:04,0,on/off,on/off,0,20.1,70.0,on,47,20,39,18,,,,
2017-10-12,03:04,0,on/off,on/off,0,20.1,70.0,on,46,20,39,18,,,,
2017-10-12,03:04,0,on/off,on/off,0,20.1,69.8,on,47,20,39,18,,,,
2017-10-12,03:04,0,on/off,on/off,0,20.1,69.8,on,47,20,39,18,,,,
2017-10-12,03:04,0,on/off,on/off,0,20.1,69.8,on,47,20,39,18,,,,
2017-10-12,03:04,0,on/off,on/off,0,20.1,69.8,on,47,20,39,18,,,,
2017-10-12,03:04,0,on/off,on/off,0,20.1,70.0,on,47,20,39,18,,,,
2017-10-12,03:04,0,on/off,on/off,0,20.1,70.0,on,47,20,39,18,,,,
2017-10-12,03:04,0,on/off,on/off,0,20.1,70.0,on,47,20,39,18,,,,
2017-10-12,03:04,2,on/off,on/off,0,20.1,70.0,on,47,20,39,18,,,,
2017-10-12,03:05,0,on/off,on/off,0,20.1,70.0,on,47,20,39,18,,,,
2017-10-12,03:05,0,on/off,on/off,0,20.1,70.0,on,47,20,39,18,,,,
2017-10-12,03:05,0,on/off,on/off,0,20.1,70.0,on,47,21,39,18,,,,
2017-10-12,03:05,0,on/off,on/off,0,20.1,70.0,on,47,20,38,18,,,,
2017-10-12,03:05,0,on/off,on/off,0,20.1,70.4,on,47,20,39,18,,,,
2017-10-12,03:05,0,on/off,on/off,0,20.1,70.4,on,47,21,39,18,,,,
2017-10-12,03:05,0,on/off,on/off,0,20.1,70.4,on,47,20,39,18,,,,
2017-10-12,03:05,0,on/off,on/off,0,20.1,70.4,on,47,20,39,18,,,,
2017-10-12,03:05,0,on/off,on/off,0,20.1,70.2,on,47,20,39,18,,,,
2017-10-12,03:05,0,on/off,on/off,0,20.1,70.2,on,47,21,39,18,,,,
2017-10-12,03:05,0,on/off,on/off,0,20.1,70.2,on,47,20,39,18,,,,
2017-10-12,03:05,0,on/off,on/off,0,20.1,70.2,on,47,20,39,18,,,,
2017-10-12,03:05,0,on/off,on/off,0,20.1,70.2,on,46,21,39,18,,,,
2017-10-12,03:05,1,on/off,on/off,0,20.1,70.2,on,47,21,39,18,,,,
2017-10-12,03:05,4,on/off,on/off,0,20.1,70.2,on,47,20,39,18,,,,
2017-10-12,03:05,0,on/off,on/off,0,20.1,70.2,on,47,20,38,18,,,,
2017-10-12,03:05,0,on/off,on/off,0,20.1,70.0,on,47,20,39,18,,,,
2017-10-12,03:05,0,on/off,on/off,0,20.1,70.0,on,46,20,39,18,,,,
2017-10-12,03:05,0,on/off,on/off,0,20.1,70.0,on,47,21,39,18,,,,
2017-10-12,03:05,1,on/off,on/off,0,20.1,70.0,on,46,21,39,18,,,,
2017-10-12,03:06,0,on/off,on/off,0,20.1,70.0,on,47,20,39,18,,,,
2017-10-12,03:06,0,on/off,on/off,0,20.1,70.0,on,47,20,39,18,,,,
2017-10-12,03:06,0,on/off,on/off,0,20.1,70.0,on,47,20,39,18,,,,
2017-10-12,03:06,0,on/off,on/off,0,20.1,70.0,on,47,21,39,18,,,,
2017-10-12,03:06,0,on/off,on/off,0,20.1,69.8,on,47,20,39,18,,,,
2017-10-12,03:06,0,on/off,on/off,0,20.1,69.8,on,47,20,39,18,,,,
2017-10-12,03:06,0,on/off,on/off,0,20.1,69.8,on,47,21,39,18,,,,
2017-10-12,03:06,0,on/off,on/off,0,20.1,69.8,on,47,20,39,18,,,,
2017-10-12,03:06,0,on/off,on/off,0,20.1,70.2,on,47,21,39,18,,,,
2017-10-12,03:06,0,on/off,on/off,0,20.1,70.2,on,46,20,39,18,,,,
2017-10-12,03:06,0,on/off,on/off,0,20.1,70.2,on,47,21,39,18,,,,
2017-10-12,03:06,0,on/off,on/off,0,20.1,70.2,on,47,20,39,18,,,,
2017-10-12,03:06,0,on/off,on/off,0,20.1,69.9,on,47,20,39,18,,,,
2017-10-12,03:06,0,on/off,on/off,0,20.1,69.9,on,47,20,39,18,,,,
2017-10-12,03:06,0,on/off,on/off,0,20.1,69.9,on,47,20,39,18,,,,
2017-10-12,03:06,2,on/off,on/off,0,20.1,69.9,on,46,21,39,18,,,,
2017-10-12,03:06,0,on/off,on/off,0,20.1,69.9,on,46,20,38,18,,,,
2017-10-12,03:06,0,on/off,on/off,0,20.1,69.9,on,47,20,38,18,,,,
2017-10-12,03:06,0,on/off,on/off,0,20.1,69.9,on,46,20,39,18,,,,
2017-10-12,03:06,0,on/off,on/off,0,20.1,69.9,on,46,20,39,18,,,,
2017-10-12,03:06,0,on/off,on/off,0,20.1,69.7,on,47,20,39,18,,,,
2017-10-12,03:06,0,on/off,on/off,0,20.1,69.7,on,47,20,39,18,,,,
2017-10-12,03:06,0,on/off,on/off,0,20.1,69.7,on,46,20,39,18,,,,
2017-10-12,03:06,0,on/off,on/off,0,20.1,69.7,on,47,21,39,18,,,,
2017-10-12,03:07,3,on/off,on/off,0,20.1,70.2,on,47,20,39,18,,,,
2017-10-12,03:07,0,on/off,on/off,0,20.1,70.2,on,47,20,39,18,,,,
2017-10-12,03:07,0,on/off,on/off,0,20.1,70.2,on,47,20,39,18,,,,
2017-10-12,03:07,0,on/off,on/off,0,20.1,70.2,on,47,20,39,18,,,,
2017-10-12,03:07,0,on/off,on/off,0,20.1,70.3,on,46,20,39,18,,,,
2017-10-12,03:07,0,on/off,on/off,0,20.1,70.3,on,47,20,39,18,,,,
2017-10-12,03:07,1,on/off,on/off,0,20.1,70.3,on,47,21,39,18,,,,
2017-10-12,03:07,0,on/off,on/off,0,20.1,70.3,on,46,21,38,18,,,,
2017-10-12,03:07,0,on/off,on/off,0,20.1,70.2,on,47,20,39,18,,,,
2017-10-12,03:07,0,on/off,on/off,0,20.1,70.2,on,47,20,38,18,,,,
2017-10-12,03:07,0,on/off,on/off,0,20.1,70.2,on,47,21,39,18,,,,
2017-10-12,03:07,0,on/off,on/off,0,20.1,70.2,on,47,20,39,18,,,,
2017-10-12,03:07,0,on/off,on/off,0,20.1,70.1,on,46,20,39,18,,,,
2017-10-12,03:07,0,on/off,on/off,0,20.1,70.1,on,47,20,39,18,,,,
2017-10-12,03:07,0,on/off,on/off,0,20.1,70.1,on,47,20,38,18,,,,
2017-10-12,03:07,2,on/off,on/off,0,20.1,70.1,on,47,21,39,18,,,,
2017-10-12,03:07,0,on/off,on/off,0,20.1,69.9,on,46,20,39,18,,,,
2017-10-12,03:07,4,on/off,on/off,0,20.1,69.9,on,47,21,39,18,,,,
2017-10-12,03:07,1,on/off,on/off,0,20.1,69.9,on,47,20,39,18,,,,
2017-10-12,03:07,0,on/off,on/off,0,20.1,69.9,on,46,20,39,18,,,,
2017-10-12,03:08,1,on/off,on/off,0,20.1,69.9,on,47,20,39,18,,,,
2017-10-12,03:08,0,on/off,on/off,0,20.1,69.9,on,46,20,39,18,,,,
2017-10-12,03:08,0,on/off,on/off,0,20.1,69.9,on,46,20,39,18,,,,
2017-10-12,03:08,0,on/off,on/off,0,20.1,69.9,on,47,20,38,18,,,,
2017-10-12,03:08,0,on/off,on/off,0,20.1,69.9,on,46,20,39,18,,,,
2017-10-12,03:08,5,on/off,on/off,0,20.1,69.9,on,47,20,39,18,,,,
2017-10-12,03:08,0,on/off,on/off,0,20.1,69.9,on,46,20,39,18,,,,
2017-10-12,03:08,0,on/off,on/off,0,20.1,69.9,on,46,21,38,18,,,,
2017-10-12,03:08,0,on/off,on/off,0,20.1,69.9,on,46,20,38,18,,,,
2017-10-12,03:08,0,on/off,on/off,0,20.1,69.9,on,47,20,39,18,,,,
2017-10-12,03:08,0,on/off,on/off,0,20.1,69.9,on,46,20,39,18,,,,
2017-10-12,03:08,1,on/off,on/off,0,20.1,69.9,on,47,21,39,18,,,,
2017-10-12,03:08,0,on/off,on/off,0,20.1,69.8,on,47,20,39,18,,,,
2017-10-12,03:08,0,on/off,on/off,0,20.1,69.8,on,47,21,39,18,,,,
2017-10-12,03:08,0,on/off,on/off,0,20.1,69.8,on,47,20,39,18,,,,
2017-10-12,03:08,1,on/off,on/off,0,20.1,69.8,on,46,20,39,18,,,,
2017-10-12,03:08,0,on/off,on/off,0,20.1,70.9,on,47,20,39,18,,,,
2017-10-12,03:08,0,on/off,on/off,0,20.1,70.9,on,46,20,39,18,,,,
2017-10-12,03:08,0,on/off,on/off,0,20.1,70.9,on,46,20,39,18,,,,
2017-10-12,03:08,0,on/off,on/off,0,20.1,70.9,on,46,20,39,18,,,,
2017-10-12,03:08,0,on/off,on/off,0,20.1,70.4,on,46,20,39,18,,,,
2017-10-12,03:08,1,on/off,on/off,0,20.1,70.4,on,47,20,39,18,,,,
2017-10-12,03:08,0,on/off,on/off,0,20.1,70.4,on,47,20,39,18,,,,
2017-10-12,03:08,0,on/off,on/off,0,20.1,70.4,on,47,20,38,18,,,,
2017-10-12,03:09,0,on/off,on/off,0,20.1,70.2,on,46,20,39,18,,,,
2017-10-12,03:09,0,on/off,on/off,0,20.1,70.2,on,47,20,38,18,,,,
2017-10-12,03:09,0,on/off,on/off,0,20.1,70.2,on,47,20,38,18,,,,
2017-10-12,03:09,3,on/off,on/off,0,20.1,70.2,on,46,20,39,18,,,,
2017-10-12,03:09,1,on/off,on/off,0,20.1,69.8,on,47,21,39,18,,,,
2017-10-12,03:09,0,on/off,on/off,0,20.1,69.8,on,46,20,39,18,,,,
2017-10-12,03:09,0,on/off,on/off,0,20.1,69.8,on,47,20,38,18,,,,
2017-10-12,03:09,0,on/off,on/off,0,20.1,69.8,on,46,20,39,18,,,,
2017-10-12,03:09,0,on/off,on/off,0,20.1,70.3,on,47,21,39,18,,,,
2017-10-12,03:09,0,on/off,on/off,0,20.1,70.3,on,47,21,38,18,,,,
2017-10-12,03:09,0,on/off,on/off,0,20.1,70.3,on,46,21,39,18,,,,
2017-10-12,03:09,0,on/off,on/off,0,20.1,70.3,on,46,20,38,18,,,,
2017-10-12,03:09,0,on/off,on/off,0,20.1,70.5,on,47,20,39,18,,,,
2017-10-12,03:09,0,on/off,on/off,0,20.1,70.5,on,47,20,39,18,,,,
2017-10-12,03:09,0,on/off,on/off,0,20.1,70.5,on,47,20,38,18,,,,
2017-10-12,03:09,0,on/off,on/off,0,20.1,70.5,on,46,20,39,18,,,,
2017-10-12,03:09,0,on/off,on/off,0,20.1,70.0,on,47,20,39,18,,,,
2017-10-12,03:09,0,on/off,on/off,0,20.1,70.0,on,47,20,38,18,,,,
2017-10-12,03:09,0,on/off,on/off,0,20.1,70.0,on,46,20,39,18,,,,
2017-10-12,03:09,0,on/off,on/off,1,20.1,70.0,on,46,21,39,18,,,,
2017-10-12,03:10,0,on/off,on/off,0,20.1,70.1,on,47,20,38,18,,,,
2017-10-12,03:10,2,on/off,on/off,0,20.1,70.1,on,46,20,39,18,,,,
2017-10-12,03:10,0,on/off,on/off,0,20.1,70.1,on,46,20,38,18,,,,
2017-10-12,03:10,0,on/off,on/off,0,20.1,70.1,on,46,21,39,18,,,,
2017-10-12,03:10,0,on/off,on/off,0,20.1,70.1,on,47,20,39,18,,,,
2017-10-12,03:10,0,on/off,on/off,0,20.1,70.1,on,46,21,39,18,,,,
2017-10-12,03:10,0,on/off,on/off,0,20.1,70.1,on,47,20,38,18,,,,
2017-10-12,03:10,0,on/off,on/off,0,20.1,70.1,on,46,20,39,18,,,,
2017-10-12,03:10,0,on/off,on/off,0,20.1,70.0,on,46,20,38,18,,,,
2017-10-12,03:10,3,on/off,on/off,0,20.1,70.0,on,46,21,38,18,,,,
2017-10-12,03:10,0,on/off,on/off,0,20.1,70.0,on,47,20,38,18,,,,
2017-10-12,03:10,0,on/off,on/off,0,20.1,70.0,on,46,20,39,18,,,,
2017-10-12,03:10,0,on/off,on/off,0,20.1,70.0,on,46,20,39,18,,,,
2017-10-12,03:10,0,on/off,on/off,0,20.1,70.0,on,47,20,39,18,,,,
2017-10-12,03:10,0,on/off,on/off,0,20.1,70.0,on,47,20,39,18,,,,
2017-10-12,03:10,0,on/off,on/off,0,20.1,70.0,on,47,21,39,18,,,,
2017-10-12,03:10,0,on/off,on/off,0,20.1,70.6,on,47,20,39,18,,,,
2017-10-12,03:10,0,on/off,on/off,0,20.1,70.6,on,46,20,38,18,,,,
2017-10-12,03:10,0,on/off,on/off,0,20.1,70.6,on,47,20,39,18,,,,
2017-10-12,03:10,0,on/off,on/off,0,20.1,70.6,on,46,20,39,18,,,,
2017-10-12,03:10,0,on/off,on/off,0,20.1,70.9,on,47,20,38,18,,,,
2017-10-12,03:10,2,on/off,on/off,0,20.1,70.9,on,46,20,39,18,,,,
2017-10-12,03:10,4,on/off,on/off,0,20.1,70.9,on,47,21,39,18,,,,
2017-10-12,03:10,0,on/off,on/off,0,20.1,70.9,on,46,20,39,18,,,,
2017-10-12,03:11,2,on/off,on/off,0,20.1,70.7,on,46,20,38,18,,,,
2017-10-12,03:11,0,on/off,on/off,0,20.1,70.7,on,47,20,39,18,,,,
2017-10-12,03:11,0,on/off,on/off,0,20.1,70.7,on,47,20,39,18,,,,
2017-10-12,03:11,0,on/off,on/off,0,20.1,70.7,on,47,20,39,18,,,,
2017-10-12,03:11,0,on/off,on/off,0,20.1,70.0,on,47,20,39,18,,,,
2017-10-12,03:11,3,on/off,on/off,0,20.1,70.0,on,47,20,38,18,,,,
2017-10-12,03:11,0,on/off,on/off,0,20.1,70.0,on,46,20,38,18,,,,
2017-10-12,03:11,0,on/off,on/off,0,20.1,70.0,on,47,20,39,18,,,,
2017-10-12,03:11,0,on/off,on/off,0,20.1,70.0,on,46,20,39,18,,,,
2017-10-12,03:11,0,on/off,on/off,0,20.1,70.0,on,47,21,39,18,,,,
2017-10-12,03:11,1,on/off,on/off,0,20.1,70.0,on,46,21,39,18,,,,
2017-10-12,03:11,0,on/off,on/off,0,20.1,70.0,on,46,20,39,18,,,,
2017-10-12,03:11,3,on/off,on/off,0,20.1,70.7,on,46,20,39,18,,,,
2017-10-12,03:11,0,on/off,on/off,0,20.1,70.7,on,46,20,39,18,,,,
2017-10-12,03:11,0,on/off,on/off,0,20.1,70.7,on,47,20,38,18,,,,
2017-10-12,03:11,0,on/off,on/off,0,20.1,70.7,on,46,20,39,18,,,,
2017-10-12,03:11,0,on/off,on/off,0,20.1,70.5,on,46,20,39,18,,,,
2017-10-12,03:11,0,on/off,on/off,0,20.1,70.5,on,46,20,39,18,,,,
2017-10-12,03:11,0,on/off,on/off,0,20.1,70.5,on,46,20,39,19,,,,
2017-10-12,03:11,2,on/off,on/off,0,20.1,70.5,on,47,21,39,18,,,,
2017-10-12,03:11,0,on/off,on/off,0,20.1,70.6,on,46,21,39,18,,,,
2017-10-12,03:11,0,on/off,on/off,0,20.1,70.6,on,46,20,39,18,,,,
2017-10-12,03:11,0,on/off,on/off,0,20.1,70.6,on,46,20,39,18,,,,
2017-10-12,03:11,0,on/off,on/off,0,20.1,70.6,on,46,20,39,18,,,,
2017-10-12,03:12,0,on/off,on/off,0,20.1,70.8,on,47,20,39,18,,,,
2017-10-12,03:12,0,on/off,on/off,0,20.1,70.8,on,46,20,39,18,,,,
2017-10-12,03:12,0,on/off,on/off,0,20.1,70.8,on,46,20,39,18,,,,
2017-10-12,03:12,0,on/off,on/off,0,20.1,70.8,on,46,20,38,18,,,,
2017-10-12,03:12,0,on/off,on/off,0,20.0,70.1,on,46,20,39,18,,,,
2017-10-12,03:12,0,on/off,on/off,0,20.0,70.1,on,46,20,39,18,,,,
2017-10-12,03:12,0,on/off,on/off,0,20.0,70.1,on,47,20,39,18,,,,
2017-10-12,03:12,0,on/off,on/off,0,20.0,70.1,on,46,20,39,18,,,,
2017-10-12,03:12,0,on/off,on/off,0,20.0,70.1,on,46,20,38,18,,,,
2017-10-12,03:12,0,on/off,on/off,0,20.0,70.1,on,46,20,38,18,,,,
2017-10-12,03:12,1,on/off,on/off,0,20.0,70.1,on,46,20,38,18,,,,
2017-10-12,03:12,0,on/off,on/off,0,20.0,70.1,on,46,20,39,18,,,,
2017-10-12,03:12,0,on/off,on/off,0,20.1,70.2,on,46,20,39,18,,,,
2017-10-12,03:12,0,on/off,on/off,0,20.1,70.2,on,46,20,39,18,,,,
2017-10-12,03:12,0,on/off,on/off,0,20.1,70.2,on,47,21,39,18,,,,
2017-10-12,03:12,3,on/off,on/off,0,20.1,70.2,on,46,20,39,18,,,,
2017-10-12,03:12,0,on/off,on/off,0,20.0,70.5,on,47,20,39,18,,,,
2017-10-12,03:12,0,on/off,on/off,0,20.0,70.5,on,47,20,38,18,,,,
2017-10-12,03:12,0,on/off,on/off,0,20.0,70.5,on,47,20,39,18,,,,
2017-10-12,03:12,0,on/off,on/off,0,20.0,70.5,on,47,20,39,18,,,,
2017-10-12,03:13,0,on/off,on/off,0,20.0,69.9,on,46,20,38,18,,,,
2017-10-12,03:13,0,on/off,on/off,0,20.0,69.9,on,47,20,39,18,,,,
2017-10-12,03:13,0,on/off,on/off,0,20.0,69.9,on,47,20,38,18,,,,
2017-10-12,03:13,0,on/off,on/off,0,20.0,69.9,on,46,20,39,18,,,,
2017-10-12,03:13,0,on/off,on/off,0,20.1,70.2,on,47,21,39,18,,,,
2017-10-12,03:13,0,on/off,on/off,0,20.1,70.2,on,46,20,39,18,,,,
2017-10-12,03:13,0,on/off,on/off,0,20.1,70.2,on,47,20,39,18,,,,
2017-10-12,03:13,0,on/off,on/off,0,20.1,70.2,on,47,20,39,18,,,,
2017-10-12,03:13,0,on/off,on/off,0,20.0,70.1,on,46,21,39,18,,,,
2017-10-12,03:13,0,on/off,on/off,0,20.0,70.1,on,47,20,38,18,,,,
2017-10-12,03:13,0,on/off,on/off,0,20.0,70.1,on,47,20,39,18,,,,
2017-10-12,03:13,0,on/off,on/off,0,20.0,70.1,on,46,20,39,18,,,,
2017-10-12,03:13,0,on/off,on/off,0,20.0,70.0,on,46,20,38,18,,,,
2017-10-12,03:13,0,on/off,on/off,0,20.0,70.0,on,47,21,38,18,,,,
2017-10-12,03:13,0,on/off,on/off,0,20.0,70.0,on,47,20,39,18,,,,
2017-10-12,03:13,0,on/off,on/off,0,20.0,70.0,on,46,20,39,18,,,,
2017-10-12,03:13,0,on/off,on/off,0,20.0,70.4,on,46,20,39,18,,,,
2017-10-12,03:13,0,on/off,on/off,0,20.0,70.4,on,47,20,39,18,,,,
2017-10-12,03:13,0,on/off,on/off,0,20.0,70.4,on,46,20,39,18,,,,
2017-10-12,03:13,3,on/off,on/off,0,20.0,70.4,on,46,20,39,18,,,,
2017-10-12,03:13,0,on/off,on/off,0,20.1,70.2,on,47,21,39,18,,,,
2017-10-12,03:13,0,on/off,on/off,0,20.1,70.2,on,46,20,39,18,,,,
2017-10-12,03:13,0,on/off,on/off,0,20.1,70.2,on,47,20,39,18,,,,
2017-10-12,03:13,0,on/off,on/off,0,20.1,70.2,on,47,20,39,18,,,,
2017-10-12,03:14,3,on/off,on/off,0,20.0,69.9,on,47,21,39,18,,,,
2017-10-12,03:14,2,on/off,on/off,0,20.0,69.9,on,47,20,38,18,,,,
2017-10-12,03:14,0,on/off,on/off,0,20.0,69.9,on,47,20,39,18,,,,
2017-10-12,03:14,0,on/off,on/off,0,20.0,69.9,on,47,20,39,18,,,,
2017-10-12,03:14,0,on/off,on/off,0,20.0,69.9,on,47,20,38,18,,,,
2017-10-12,03:14,0,on/off,on/off,0,20.0,69.9,on,46,20,39,18,,,,
2017-10-12,03:14,0,on/off,on/off,0,20.0,69.9,on,47,20,38,18,,,,
2017-10-12,03:14,0,on/off,on/off,0,20.0,69.9,on,46,20,39,18,,,,
2017-10-12,03:14,0,on/off,on/off,0,20.1,70.2,on,47,20,39,18,,,,
2017-10-12,03:14,0,on/off,on/off,0,20.1,70.2,on,46,21,38,18,,,,
2017-10-12,03:14,0,on/off,on/off,0,20.1,70.2,on,46,21,39,18,,,,
2017-10-12,03:14,0,on/off,on/off,0,20.1,70.2,on,46,20,38,18,,,,
2017-10-12,03:14,4,on/off,on/off,0,20.0,69.8,on,47,20,38,18,,,,
2017-10-12,03:14,4,on/off,on/off,0,20.0,69.8,on,47,21,38,18,,,,
2017-10-12,03:14,0,on/off,on/off,0,20.0,69.8,on,47,20,38,18,,,,
2017-10-12,03:14,0,on/off,on/off,0,20.0,69.8,on,47,20,39,18,,,,
2017-10-12,03:14,4,on/off,on/off,0,20.0,70.2,on,47,21,39,18,,,,
2017-10-12,03:14,0,on/off,on/off,0,20.0,70.2,on,47,20,39,18,,,,
2017-10-12,03:14,0,on/off,on/off,0,20.0,70.2,on,47,20,38,18,,,,
2017-10-12,03:14,0,on/off,on/off,0,20.0,70.2,on,47,20,39,18,,,,
2017-10-12,03:15,3,on/off,on/off,0,20.0,70.0,on,47,20,39,18,,,,
2017-10-12,03:15,0,on/off,on/off,0,20.0,70.0,on,46,20,39,18,,,,
2017-10-12,03:15,0,on/off,on/off,0,20.0,70.0,on,47,20,38,18,,,,
2017-10-12,03:15,0,on/off,on/off,0,20.0,70.0,on,46,20,38,18,,,,
2017-10-12,03:15,0,on/off,on/off,0,20.0,69.7,on,46,20,39,18,,,,
2017-10-12,03:15,0,on/off,on/off,0,20.0,69.7,on,47,20,39,18,,,,
2017-10-12,03:15,4,on/off,on/off,0,20.0,69.7,on,47,21,38,18,,,,
2017-10-12,03:15,0,on/off,on/off,0,20.0,69.7,on,47,20,38,18,,,,
2017-10-12,03:15,0,on/off,on/off,0,20.0,70.0,on,46,20,39,18,,,,
2017-10-12,03:15,0,on/off,on/off,0,20.0,70.0,on,47,20,39,18,,,,
2017-10-12,03:15,0,on/off,on/off,0,20.0,70.0,on,47,20,39,18,,,,
2017-10-12,03:15,0,on/off,on/off,0,20.0,70.0,on,46,21,39,18,,,,
2017-10-12,03:15,0,on/off,on/off,0,20.0,70.3,on,47,21,39,18,,,,
2017-10-12,03:15,0,on/off,on/off,0,20.0,70.3,on,46,20,39,18,,,,
2017-10-12,03:15,0,on/off,on/off,0,20.0,70.3,on,47,21,38,18,,,,
2017-10-12,03:15,0,on/off,on/off,0,20.0,70.3,on,47,20,39,18,,,,
2017-10-12,03:15,1,on/off,on/off,0,20.1,70.5,on,47,21,39,18,,,,
2017-10-12,03:15,0,on/off,on/off,0,20.1,70.5,on,46,20,39,18,,,,
2017-10-12,03:15,0,on/off,on/off,0,20.1,70.5,on,47,20,39,18,,,,
2017-10-12,03:15,0,on/off,on/off,0,20.1,70.5,on,47,20,39,18,,,,
2017-10-12,03:15,0,on/off,on/off,0,20.1,70.3,on,47,20,39,18,,,,
2017-10-12,03:15,0,on/off,on/off,0,20.1,70.3,on,46,20,39,18,,,,
2017-10-12,03:15,0,on/off,on/off,0,20.1,70.3,on,46,20,39,18,,,,
2017-10-12,03:15,1,on/off,on/off,0,20.1,70.3,on,46,21,38,18,,,,
2017-10-12,03:16,4,on/off,on/off,0,20.0,70.3,on,46,21,39,18,,,,
2017-10-12,03:16,2,on/off,on/off,0,20.0,70.3,on,46,21,39,18,,,,
2017-10-12,03:16,0,on/off,on/off,0,20.0,70.3,on,47,20,38,18,,,,
2017-10-12,03:16,0,on/off,on/off,0,20.0,70.3,on,46,20,38,18,,,,
2017-10-12,03:16,0,on/off,on/off,0,20.0,70.6,on,46,21,39,18,,,,
2017-10-12,03:16,0,on/off,on/off,0,20.0,70.6,on,47,20,38,18,,,,
2017-10-12,03:16,0,on/off,on/off,0,20.0,70.6,on,47,20,38,18,,,,
2017-10-12,03:16,0,on/off,on/off,0,20.0,70.6,on,46,20,39,18,,,,
2017-10-12,03:16,1,on/off,on/off,0,20.0,70.2,on,47,21,38,18,,,,
2017-10-12,03:16,0,on/off,on/off,0,20.0,70.2,on,46,21,38,18,,,,
2017-10-12,03:16,0,on/off,on/off,1,20.0,70.2,on,47,21,39,18,,,,
2017-10-12,03:16,0,on/off,on/off,0,20.0,70.2,on,46,20,38,18,,,,
2017-10-12,03:16,0,on/off,on/off,0,20.0,70.0,on,46,20,38,18,,,,
2017-10-12,03:16,0,on/off,on/off,0,20.0,70.0,on,46,20,38,18,,,,
2017-10-12,03:16,0,on/off,on/off,0,20.0,70.0,on,46,20,39,18,,,,
2017-10-12,03:16,0,on/off,on/off,0,20.0,70.0,on,47,21,39,18,,,,
2017-10-12,03:16,0,on/off,on/off,0,20.0,70.0,on,46,20,38,18,,,,
2017-10-12,03:16,0,on/off,on/off,0,20.0,70.0,on,47,20,38,18,,,,
2017-10-12,03:16,0,on/off,on/off,0,20.0,70.0,on,46,20,38,18,,,,
2017-10-12,03:16,0,on/off,on/off,0,20.0,70.0,on,47,20,39,18,,,,
2017-10-12,03:17,5,on/off,on/off,0,20.0,70.0,on,46,20,39,18,,,,
2017-10-12,03:17,3,on/off,on/off,0,20.0,70.0,on,47,20,38,18,,,,
2017-10-12,03:17,0,on/off,on/off,0,20.0,70.0,on,46,20,38,18,,,,
2017-10-12,03:17,0,on/off,on/off,0,20.0,70.0,on,47,20,39,18,,,,
2017-10-12,03:17,0,on/off,on/off,0,20.0,70.7,on,46,20,39,18,,,,
2017-10-12,03:17,0,on/off,on/off,0,20.0,70.7,on,47,21,38,18,,,,
2017-10-12,03:17,0,on/off,on/off,0,20.0,70.7,on,47,21,39,18,,,,
2017-10-12,03:17,0,on/off,on/off,0,20.0,70.7,on,47,20,38,18,,,,
2017-10-12,03:17,4,on/off,on/off,0,20.1,71.0,on,47,21,38,18,,,,
2017-10-12,03:17,0,on/off,on/off,0,20.1,71.0,on,47,20,39,18,,,,
2017-10-12,03:17,0,on/off,on/off,0,20.1,71.0,on,46,20,39,18,,,,
2017-10-12,03:17,0,on/off,on/off,0,20.1,71.0,on,46,20,39,18,,,,
2017-10-12,03:17,0,on/off,on/off,0,20.0,71.0,on,46,20,39,18,,,,
2017-10-12,03:17,1,on/off,on/off,0,20.0,71.0,on,47,21,38,18,,,,
2017-10-12,03:17,0,on/off,on/off,0,20.0,71.0,on,47,20,38,18,,,,
2017-10-12,03:17,0,on/off,on/off,0,20.0,71.0,on,46,20,39,18,,,,
2017-10-12,03:17,4,on/off,on/off,0,20.0,70.8,on,47,21,38,18,,,,
2017-10-12,03:17,0,on/off,on/off,0,20.0,70.8,on,46,20,39,18,,,,
2017-10-12,03:17,2,on/off,on/off,0,20.0,70.8,on,47,20,39,18,,,,
2017-10-12,03:17,0,on/off,on/off,0,20.0,70.8,on,46,20,39,18,,,,
2017-10-12,03:17,0,on/off,on/off,0,20.0,70.3,on,47,20,38,18,,,,
2017-10-12,03:17,0,on/off,on/off,0,20.0,70.3,on,46,20,39,18,,,,
2017-10-12,03:17,0,on/off,on/off,0,20.0,70.3,on,46,20,39,18,,,,
2017-10-12,03:17,0,on/off,on/off,0,20.0,70.3,on,46,20,39,18,,,,
2017-10-12,03:18,0,on/off,on/off,0,20.0,70.1,on,46,20,39,18,,,,
2017-10-12,03:18,0,on/off,on/off,0,20.0,70.1,on,46,20,39,18,,,,
2017-10-12,03:18,0,on/off,on/off,0,20.0,70.1,on,46,20,39,18,,,,
2017-10-12,03:18,0,on/off,on/off,0,20.0,70.1,on,46,21,38,18,,,,
2017-10-12,03:18,5,on/off,on/off,0,20.0,70.5,on,46,21,39,18,,,,
2017-10-12,03:18,0,on/off,on/off,0,20.0,70.5,on,46,20,39,18,,,,
2017-10-12,03:18,0,on/off,on/off,0,20.0,70.5,on,47,20,38,18,,,,
2017-10-12,03:18,0,on/off,on/off,0,20.0,70.5,on,46,20,38,18,,,,
2017-10-12,03:18,0,on/off,on/off,0,20.1,70.7,on,46,20,39,18,,,,
2017-10-12,03:18,5,on/off,on/off,0,20.1,70.7,on,46,20,38,18,,,,
2017-10-12,03:18,0,on/off,on/off,0,20.1,70.7,on,46,20,38,18,,,,
2017-10-12,03:18,0,on/off,on/off,0,20.1,70.7,on,46,20,38,18,,,,
2017-10-12,03:18,0,on/off,on/off,0,20.0,70.2,on,46,20,39,18,,,,
2017-10-12,03:18,0,on/off,on/off,0,20.0,70.2,on,46,20,39,18,,,,
2017-10-12,03:18,1,on/off,on/off,0,20.0,70.2,on,46,21,39,18,,,,
2017-10-12,03:18,0,on/off,on/off,0,20.0,70.2,on,46,20,38,18,,,,
2017-10-12,03:18,0,on/off,on/off,0,20.0,70.2,on,46,20,39,18,,,,
2017-10-12,03:18,0,on/off,on/off,0,20.0,70.2,on,46,20,39,18,,,,
2017-10-12,03:18,0,on/off,on/off,0,20.0,70.2,on,46,20,39,18,,,,
2017-10-12,03:18,0,on/off,on/off,0,20.0,70.2,on,46,20,38,18,,,,
2017-10-12,03:19,0,on/off,on/off,0,20.0,70.1,on,46,20,39,18,,,,
2017-10-12,03:19,0,on/off,on/off,0,20.0,70.1,on,46,20,39,18,,,,
2017-10-12,03:19,0,on/off,on/off,0,20.0,70.1,on,46,20,39,18,,,,
2017-10-12,03:19,3,on/off,on/off,0,20.0,70.1,on,46,20,39,18,,,,
2017-10-12,03:19,0,on/off,on/off,0,20.0,70.0,on,46,20,39,18,,,,
2017-10-12,03:19,0,on/off,on/off,0,20.0,70.0,on,46,20,39,18,,,,
2017-10-12,03:19,0,on/off,on/off,0,20.0,70.0,on,46,20,39,18,,,,
2017-10-12,03:19,0,on/off,on/off,0,20.0,70.0,on,47,20,39,18,,,,
2017-10-12,03:19,0,on/off,on/off,0,20.0,69.8,on,46,20,39,18,,,,
2017-10-12,03:19,0,on/off,on/off,0,20.0,69.8,on,46,20,39,18,,,,
2017-10-12,03:19,0,on/off,on/off,0,20.0,69.8,on,46,20,39,18,,,,
2017-10-12,03:19,0,on/off,on/off,0,20.0,69.8,on,46,20,39,18,,,,
2017-10-12,03:19,0,on/off,on/off,0,20.0,69.9,on,46,20,39,18,,,,
2017-10-12,03:19,3,on/off,on/off,0,20.0,69.9,on,46,20,39,18,,,,
2017-10-12,03:19,0,on/off,on/off,0,20.0,69.9,on,46,20,39,18,,,,
2017-10-12,03:19,0,on/off,on/off,0,20.0,69.9,on,46,20,39,18,,,,
2017-10-12,03:19,0,on/off,on/off,0,20.0,70.0,on,46,20,39,18,,,,
2017-10-12,03:19,0,on/off,on/off,0,20.0,70.0,on,46,20,39,18,,,,
2017-10-12,03:19,1,on/off,on/off,0,20.0,70.0,on,47,20,39,18,,,,
2017-10-12,03:19,0,on/off,on/off,0,20.0,70.0,on,46,20,39,18,,,,
2017-10-12,03:19,1,on/off,on/off,0,20.0,69.6,on,47,20,39,18,,,,
2017-10-12,03:19,0,on/off,on/off,0,20.0,69.6,on,46,20,39,18,,,,
2017-10-12,03:19,2,on/off,on/off,0,20.0,69.6,on,46,20,39,18,,,,
2017-10-12,03:19,0,on/off,on/off,0,20.0,69.6,on,46,20,39,18,,,,
2017-10-12,03:20,0,on/off,on/off,0,20.0,69.8,on,47,20,39,18,,,,
2017-10-12,03:20,0,on/off,on/off,0,20.0,69.8,on,46,20,39,18,,,,
2017-10-12,03:20,0,on/off,on/off,0,20.0,69.8,on,46,20,39,18,,,,
2017-10-12,03:20,0,on/off,on/off,0,20.0,69.8,on,46,20,39,18,,,,
2017-10-12,03:20,0,on/off,on/off,0,20.1,70.5,on,46,20,39,18,,,,
2017-10-12,03:20,0,on/off,on/off,0,20.1,70.5,on,46,20,39,18,,,,
2017-10-12,03:20,0,on/off,on/off,0,20.1,70.5,on,47,20,40,18,,,,
2017-10-12,03:20,0,on/off,on/off,0,20.1,70.5,on,46,20,40,18,,,,
2017-10-12,03:20,0,on/off,on/off,0,20.0,69.9,on,47,20,39,18,,,,
2017-10-12,03:20,0,on/off,on/off,0,20.0,69.9,on,47,20,39,18,,,,
2017-10-12,03:20,0,on/off,on/off,0,20.0,69.9,on,46,20,40,19,,,,
2017-10-12,03:20,0,on/off,on/off,0,20.0,69.9,on,46,20,40,19,,,,
2017-10-12,03:20,0,on/off,on/off,0,20.0,69.6,on,46,20,40,19,,,,
2017-10-12,03:20,0,on/off,on/off,0,20.0,69.6,on,47,20,40,18,,,,
2017-10-12,03:20,1,on/off,on/off,0,20.0,69.6,on,47,20,40,18,,,,
2017-10-12,03:20,0,on/off,on/off,0,20.0,69.6,on,47,20,39,18,,,,
2017-10-12,03:20,0,on/off,on/off,0,20.0,69.7,on,46,20,40,18,,,,
2017-10-12,03:20,0,on/off,on/off,0,20.0,69.7,on,46,20,40,18,,,,
2017-10-12,03:20,3,on/off,on/off,0,20.0,69.7,on,47,20,40,18,,,,
2017-10-12,03:20,0,on/off,on/off,0,20.0,69.7,on,47,20,40,18,,,,
2017-10-12,03:21,0,on/off,on/off,0,20.0,69.7,on,46,20,40,18,,,,
2017-10-12,03:21,0,on/off,on/off,0,20.0,69.7,on,47,20,40,18,,,,
2017-10-12,03:21,0,on/off,on/off,0,20.0,69.7,on,46,20,40,18,,,,
2017-10-12,03:21,0,on/off,on/off,0,20.0,69.7,on,46,20,40,18,,,,
2017-10-12,03:21,0,on/off,on/off,0,20.1,69.8,on,46,20,40,18,,,,
2017-10-12,03:21,0,on/off,on/off,0,20.1,69.8,on,47,20,40,18,,,,
2017-10-12,03:21,0,on/off,on/off,0,20.1,69.8,on,47,20,40,18,,,,
2017-10-12,03:21,0,on/off,on/off,0,20.1,69.8,on,46,20,40,18,,,,
2017-10-12,03:21,3,on/off,on/off,0,20.0,69.8,on,47,20,40,18,,,,
2017-10-12,03:21,0,on/off,on/off,0,20.0,69.8,on,47,20,40,18,,,,
2017-10-12,03:21,0,on/off,on/off,0,20.0,69.8,on,47,20,40,18,,,,
2017-10-12,03:21,0,on/off,on/off,0,20.0,69.8,on,46,20,40,18,,,,
2017-10-12,03:21,0,on/off,on/off,0,20.0,69.6,on,46,20,40,18,,,,
2017-10-12,03:21,0,on/off,on/off,0,20.0,69.6,on,47,20,40,18,,,,
2017-10-12,03:21,0,on/off,on/off,0,20.0,69.6,on,47,20,40,18,,,,
2017-10-12,03:21,0,on/off,on/off,0,20.0,69.6,on,47,20,40,18,,,,
2017-10-12,03:21,1,on/off,on/off,0,20.0,69.5,on,47,20,40,18,,,,
2017-10-12,03:21,0,on/off,on/off,0,20.0,69.5,on,46,20,40,18,,,,
2017-10-12,03:21,0,on/off,on/off,0,20.0,69.5,on,46,20,40,18,,,,
2017-10-12,03:21,0,on/off,on/off,0,20.0,69.5,on,46,20,40,18,,,,
2017-10-12,03:21,0,on/off,on/off,0,20.0,70.0,on,46,20,40,18,,,,
2017-10-12,03:21,0,on/off,on/off,0,20.0,70.0,on,46,20,40,18,,,,
2017-10-12,03:21,0,on/off,on/off,0,20.0,70.0,on,46,20,40,18,,,,
2017-10-12,03:21,0,on/off,on/off,0,20.0,70.0,on,46,20,40,18,,,,
2017-10-12,03:22,0,on/off,on/off,0,20.1,69.8,on,47,20,40,18,,,,
2017-10-12,03:22,0,on/off,on/off,0,20.1,69.8,on,47,20,40,18,,,,
2017-10-12,03:22,3,on/off,on/off,0,20.1,69.8,on,46,20,40,18,,,,
2017-10-12,03:22,0,on/off,on/off,0,20.1,69.8,on,46,20,40,18,,,,
2017-10-12,03:22,2,on/off,on/off,0,20.1,69.7,on,47,20,40,18,,,,
2017-10-12,03:22,2,on/off,on/off,0,20.1,69.7,on,46,20,40,18,,,,
2017-10-12,03:22,0,on/off,on/off,0,20.1,69.7,on,46,20,41,18,,,,
2017-10-12,03:22,0,on/off,on/off,0,20.1,69.7,on,46,20,40,18,,,,
2017-10-12,03:22,0,on/off,on/off,0,20.0,69.5,on,46,20,40,18,,,,
2017-10-12,03:22,0,on/off,on/off,0,20.0,69.5,on,47,20,40,18,,,,
2017-10-12,03:22,0,on/off,on/off,0,20.0,69.5,on,47,20,40,18,,,,
2017-10-12,03:22,0,on/off,on/off,0,20.0,69.5,on,46,20,40,18,,,,
2017-10-12,03:22,0,on/off,on/off,0,20.1,69.7,on,47,20,40,18,,,,
2017-10-12,03:22,0,on/off,on/off,0,20.1,69.7,on,47,20,40,18,,,,
2017-10-12,03:22,0,on/off,on/off,0,20.1,69.7,on,47,20,40,18,,,,
2017-10-12,03:22,0,on/off,on/off,0,20.1,69.7,on,46,20,40,18,,,,
2017-10-12,03:22,0,on/off,on/off,0,20.1,69.6,on,46,20,40,18,,,,
2017-10-12,03:22,0,on/off,on/off,1,20.1,69.6,on,46,20,40,18,,,,
2017-10-12,03:22,0,on/off,on/off,0,20.1,69.6,on,47,20,40,18,,,,
2017-10-12,03:22,0,on/off,on/off,0,20.1,69.6,on,46,20,40,18,,,,
2017-10-12,03:23,0,on/off,on/off,0,20.0,69.6,on,46,20,40,18,,,,
2017-10-12,03:23,0,on/off,on/off,0,20.0,69.6,on,46,20,40,18,,,,
2017-10-12,03:23,3,on/off,on/off,0,20.0,69.6,on,47,20,40,18,,,,
2017-10-12,03:23,0,on/off,on/off,0,20.0,69.6,on,46,20,40,18,,,,
2017-10-12,03:23,0,on/off,on/off,0,20.1,70.1,on,46,20,40,19,,,,
2017-10-12,03:23,0,on/off,on/off,0,20.1,70.1,on,47,20,40,18,,,,
2017-10-12,03:23,0,on/off,on/off,0,20.1,70.1,on,46,20,41,18,,,,
2017-10-12,03:23,0,on/off,on/off,0,20.1,70.1,on,47,20,40,18,,,,
2017-10-12,03:23,0,on/off,on/off,0,20.0,69.6,on,47,20,40,18,,,,
2017-10-12,03:23,0,on/off,on/off,0,20.0,69.6,on,46,20,41,18,,,,
2017-10-12,03:23,0,on/off,on/off,0,20.0,69.6,on,46,20,40,18,,,,
2017-10-12,03:23,3,on/off,on/off,0,20.0,69.6,on,46,20,41,18,,,,
2017-10-12,03:23,0,on/off,on/off,0,20.1,70.0,on,46,20,40,18,,,,
2017-10-12,03:23,0,on/off,on/off,0,20.1,70.0,on,46,20,41,18,,,,
2017-10-12,03:23,0,on/off,on/off,0,20.1,70.0,on,46,20,41,18,,,,
2017-10-12,03:23,0,on/off,on/off,0,20.1,70.0,on,46,20,41,18,,,,
2017-10-12,03:23,0,on/off,on/off,0,20.0,69.9,on,46,20,41,18,,,,
2017-10-12,03:23,0,on/off,on/off,0,20.0,69.9,on,46,20,40,18,,,,
2017-10-12,03:23,0,on/off,on/off,0,20.0,69.9,on,47,20,40,18,,,,
2017-10-12,03:23,0,on/off,on/off,0,20.0,69.9,on,46,20,40,19,,,,
2017-10-12,03:23,3,on/off,on/off,0,20.0,69.9,on,46,20,40,18,,,,
2017-10-12,03:23,0,on/off,on/off,0,20.0,69.9,on,46,20,41,18,,,,
2017-10-12,03:23,0,on/off,on/off,0,20.0,69.9,on,47,20,40,18,,,,
2017-10-12,03:23,0,on/off,on/off,0,20.0,69.9,on,46,20,40,18,,,,
2017-10-12,03:24,1,on/off,on/off,0,20.0,69.7,on,47,20,40,18,,,,
2017-10-12,03:24,0,on/off,on/off,0,20.0,69.7,on,46,20,40,18,,,,
2017-10-12,03:24,0,on/off,on/off,0,20.0,69.7,on,46,20,41,18,,,,
2017-10-12,03:24,0,on/off,on/off,0,20.0,69.7,on,46,20,41,18,,,,
2017-10-12,03:24,0,on/off,on/off,0,20.0,70.2,on,46,20,41,18,,,,
2017-10-12,03:24,0,on/off,on/off,0,20.0,70.2,on,46,20,41,18,,,,
2017-10-12,03:24,0,on/off,on/off,0,20.0,70.2,on,46,20,41,18,,,,
2017-10-12,03:24,3,on/off,on/off,0,20.0,70.2,on,47,20,40,18,,,,
2017-10-12,03:24,0,on/off,on/off,0,20.0,70.3,on,46,20,40,18,,,,
2017-10-12,03:24,0,on/off,on/off,0,20.0,70.3,on,46,20,41,18,,,,
2017-10-12,03:24,0,on/off,on/off,0,20.0,70.3,on,46,20,41,18,,,,
2017-10-12,03:24,0,on/off,on/off,0,20.0,70.3,on,46,20,41,18,,,,
2017-10-12,03:24,0,on/off,on/off,0,20.0,70.1,on,46,20,40,18,,,,
2017-10-12,03:24,0,on/off,on/off,0,20.0,70.1,on,46,20,41,18,,,,
2017-10-12,03:24,0,on/off,on/off,0,20.0,70.1,on,46,20,41,18,,,,
2017-10-12,03:24,5,on/off,on/off,0,20.0,70.1,on,46,20,41,18,,,,
2017-10-12,03:24,0,on/off,on/off,0,20.0,69.9,on,46,20,41,18,,,,
2017-10-12,03:24,0,on/off,on/off,0,20.0,69.9,on,47,20,41,18,,,,
2017-10-12,03:24,0,on/off,on/off,0,20.0,69.9,on,46,20,41,18,,,,
2017-10-12,03:24,5,on/off,on/off,0,20.0,69.9,on,47,20,40,18,,,,
2017-10-12,03:24,0,on/off,on/off,0,20.0,69.7,on,46,20,41,18,,,,
2017-10-12,03:24,3,on/off,on/off,0,20.0,69.7,on,46,20,40,18,,,,
2017-10-12,03:24,0,on/off,on/off,0,20.0,69.7,on,46,20,41,18,,,,
2017-10-12,03:24,0,on/off,on/off,0,20.0,69.7,on,46,20,41,18,,,,
2017-10-12,03:25,0,on/off,on/off,0,20.0,70.3,on,46,20,41,18,,,,
2017-10-12,03:25,0,on/off,on/off,0,20.0,70.3,on,46,20,41,18,,,,
2017-10-12,03:25,0,on/off,on/off,0,20.0,70.3,on,46,20,41,18,,,,
2017-10-12,03:25,1,on/off,on/off,0,20.0,70.3,on,46,20,41,19,,,,
2017-10-12,03:25,0,on/off,on/off,0,20.0,70.1,on,46,20,41,18,,,,
2017-10-12,03:25,0,on/off,on/off,0,20.0,70.1,on,46,20,41,18,,,,
2017-10-12,03:25,0,on/off,on/off,0,20.0,70.1,on,46,20,41,18,,,,
2017-10-12,03:25,1,on/off,on/off,0,20.0,70.1,on,46,20,41,18,,,,
2017-10-12,03:25,0,on/off,on/off,0,20.0,69.8,on,46,20,41,19,,,,
2017-10-12,03:25,0,on/off,on/off,0,20.0,69.8,on,46,20,41,18,,,,
2017-10-12,03:25,0,on/off,on/off,0,20.0,69.8,on,46,20,41,18,,,,
2017-10-12,03:25,0,on/off,on/off,0,20.0,69.8,on,46,20,41,18,,,,
2017-10-12,03:25,0,on/off,on/off,0,20.0,70.0,on,46,20,41,18,,,,
2017-10-12,03:25,5,on/off,on/off,1,20.0,70.0,on,46,20,41,18,,,,
2017-10-12,03:25,0,on/off,on/off,0,20.0,70.0,on,46,20,41,18,,,,
2017-10-12,03:25,0,on/off,on/off,0,20.0,70.0,on,46,20,41,18,,,,
2017-10-12,03:25,0,on/off,on/off,0,20.0,70.1,on,46,20,41,18,,,,
2017-10-12,03:25,0,on/off,on/off,0,20.0,70.1,on,46,20,41,19,,,,
2017-10-12,03:25,0,on/off,on/off,0,20.0,70.1,on,46,20,41,18,,,,
2017-10-12,03:25,1,on/off,on/off,0,20.0,70.1,on,46,20,41,18,,,,
2017-10-12,03:26,0,on/off,on/off,0,20.0,70.0,on,46,20,41,18,,,,
2017-10-12,03:26,0,on/off,on/off,0,20.0,70.0,on,46,20,41,18,,,,
2017-10-12,03:26,0,on/off,on/off,0,20.0,70.0,on,46,20,41,18,,,,
2017-10-12,03:26,0,on/off,on/off,0,20.0,70.0,on,46,20,41,18,,,,
2017-10-12,03:26,0,on/off,on/off,0,20.0,70.0,on,46,20,41,18,,,,
2017-10-12,03:26,0,on/off,on/off,0,20.0,70.0,on,46,20,41,18,,,,
2017-10-12,03:26,0,on/off,on/off,0,20.0,70.0,on,46,20,41,18,,,,
2017-10-12,03:26,0,on/off,on/off,0,20.0,70.0,on,46,20,41,18,,,,
2017-10-12,03:26,0,on/off,on/off,0,20.0,70.2,on,46,20,41,18,,,,
2017-10-12,03:26,0,on/off,on/off,0,20.0,70.2,on,46,20,41,19,,,,
2017-10-12,03:26,0,on/off,on/off,0,20.0,70.2,on,46,20,41,18,,,,
2017-10-12,03:26,1,on/off,on/off,0,20.0,70.2,on,46,20,41,18,,,,
2017-10-12,03:26,0,on/off,on/off,0,20.0,70.3,on,46,20,41,18,,,,
2017-10-12,03:26,0,on/off,on/off,0,20.0,70.3,on,46,20,41,18,,,,
2017-10-12,03:26,5,on/off,on/off,0,20.0,70.3,on,46,20,41,18,,,,
2017-10-12,03:26,0,on/off,on/off,0,20.0,70.3,on,46,20,41,18,,,,
2017-10-12,03:26,0,on/off,on/off,0,20.0,70.0,on,46,20,41,18,,,,
2017-10-12,03:26,0,on/off,on/off,0,20.0,70.0,on,46,20,41,18,,,,
2017-10-12,03:26,0,on/off,on/off,0,20.0,70.0,on,46,20,41,18,,,,
2017-10-12,03:26,0,on/off,on/off,0,20.0,70.0,on,46,20,41,18,,,,
2017-10-12,03:26,0,on/off,on/off,0,20.0,70.2,on,47,20,41,18,,,,
2017-10-12,03:26,0,on/off,on/off,0,20.0,70.2,on,47,20,41,18,,,,
2017-10-12,03:26,0,on/off,on/off,0,20.0,70.2,on,47,20,40,18,,,,
2017-10-12,03:26,0,on/off,on/off,0,20.0,70.2,on,46,20,41,18,,,,
2017-10-12,03:27,4,on/off,on/off,0,20.0,70.0,on,46,20,41,18,,,,
2017-10-12,03:27,0,on/off,on/off,0,20.0,70.0,on,46,20,41,18,,,,
2017-10-12,03:27,0,on/off,on/off,0,20.0,70.0,on,46,20,41,18,,,,
2017-10-12,03:27,0,on/off,on/off,0,20.0,70.0,on,46,20,41,18,,,,
2017-10-12,03:27,0,on/off,on/off,0,20.0,70.4,on,46,20,41,18,,,,
2017-10-12,03:27,0,on/off,on/off,0,20.0,70.4,on,46,20,41,18,,,,
2017-10-12,03:27,0,on/off,on/off,0,20.0,70.4,on,46,20,41,18,,,,
2017-10-12,03:27,0,on/off,on/off,0,20.0,70.4,on,46,20,41,18,,,,
2017-10-12,03:27,0,on/off,on/off,0,20.0,70.6,on,46,20,41,18,,,,
2017-10-12,03:27,0,on/off,on/off,0,20.0,70.6,on,46,20,41,18,,,,
2017-10-12,03:27,0,on/off,on/off,0,20.0,70.6,on,46,20,41,18,,,,
2017-10-12,03:27,3,on/off,on/off,0,20.0,70.6,on,47,20,41,18,,,,
2017-10-12,03:27,0,on/off,on/off,0,20.0,70.4,on,46,20,41,18,,,,
2017-10-12,03:27,0,on/off,on/off,0,20.0,70.4,on,46,20,41,18,,,,
2017-10-12,03:27,0,on/off,on/off,0,20.0,70.4,on,46,20,41,18,,,,
2017-10-12,03:27,0,on/off,on/off,0,20.0,70.4,on,46,20,40,18,,,,
2017-10-12,03:27,2,on/off,on/off,0,20.0,70.7,on,46,20,41,18,,,,
2017-10-12,03:27,0,on/off,on/off,0,20.0,70.7,on,46,20,41,18,,,,
2017-10-12,03:27,0,on/off,on/off,0,20.0,70.7,on,47,20,41,18,,,,
2017-10-12,03:27,0,on/off,on/off,0,20.0,70.7,on,46,20,41,18,,,,
2017-10-12,03:28,0,on/off,on/off,0,20.0,70.5,on,47,20,41,18,,,,
2017-10-12,03:28,0,on/off,on/off,0,20.0,70.5,on,46,20,41,18,,,,
2017-10-12,03:28,0,on/off,on/off,0,20.0,70.5,on,47,20,41,18,,,,
2017-10-12,03:28,0,on/off,on/off,0,20.0,70.5,on,47,20,41,18,,,,
2017-10-12,03:28,0,on/off,on/off,0,20.0,70.3,on,47,20,41,18,,,,
2017-10-12,03:28,2,on/off,on/off,0,20.0,70.3,on,46,20,41,18,,,,
2017-10-12,03:28,0,on/off,on/off,0,20.0,70.3,on,46,20,41,19,,,,
2017-10-12,03:28,0,on/off,on/off,0,20.0,70.3,on,47,20,41,18,,,,
2017-10-12,03:28,0,on/off,on/off,0,20.0,70.2,on,46,20,41,18,,,,
2017-10-12,03:28,0,on/off,on/off,0,20.0,70.2,on,47,20,41,18,,,,
2017-10-12,03:28,0,on/off,on/off,0,20.0,70.2,on,46,20,41,18,,,,
2017-10-12,03:28,0,on/off,on/off,0,20.0,70.2,on,46,20,41,18,,,,
2017-10-12,03:28,0,on/off,on/off,0,20.0,69.9,on,47,20,41,18,,,,
2017-10-12,03:28,0,on/off,on/off,0,20.0,69.9,on,46,20,41,18,,,,
2017-10-12,03:28,0,on/off,on/off,0,20.0,69.9,on,46,20,41,18,,,,
2017-10-12,03:28,0,on/off,on/off,0,20.0,69.9,on,46,20,41,18,,,,
2017-10-12,03:28,0,on/off,on/off,0,20.0,70.3,on,46,20,41,18,,,,
2017-10-12,03:28,0,on/off,on/off,0,20.0,70.3,on,46,20,41,18,,,,
2017-10-12,03:28,0,on/off,on/off,0,20.0,70.3,on,47,20,41,18,,,,
2017-10-12,03:28,0,on/off,on/off,0,20.0,70.3,on,46,20,41,18,,,,
2017-10-12,03:28,0,on/off,on/off,0,20.0,70.1,on,46,20,41,18,,,,
2017-10-12,03:28,3,on/off,on/off,0,20.0,70.1,on,46,20,41,18,,,,
2017-10-12,03:28,0,on/off,on/off,0,20.0,70.1,on,46,20,41,18,,,,
2017-10-12,03:28,0,on/off,on/off,0,20.0,70.1,on,46,20,41,18,,,,
2017-10-12,03:29,0,on/off,on/off,0,20.0,70.0,on,46,20,41,18,,,,
2017-10-12,03:29,3,on/off,on/off,0,20.0,70.0,on,46,20,41,18,,,,
2017-10-12,03:29,0,on/off,on/off,0,20.0,70.0,on,47,20,41,18,,,,
2017-10-12,03:29,0,on/off,on/off,0,20.0,70.0,on,46,20,41,18,,,,
2017-10-12,03:29,0,on/off,on/off,0,20.0,69.7,on,46,20,41,18,,,,
2017-10-12,03:29,0,on/off,on/off,0,20.0,69.7,on,46,20,41,18,,,,
2017-10-12,03:29,0,on/off,on/off,0,20.0,69.7,on,46,20,41,19,,,,
2017-10-12,03:29,0,on/off,on/off,0,20.0,69.7,on,46,20,41,18,,,,
2017-10-12,03:29,0,on/off,on/off,0,20.0,70.1,on,47,20,41,18,,,,
2017-10-12,03:29,0,on/off,on/off,0,20.0,70.1,on,47,20,41,18,,,,
2017-10-12,03:29,0,on/off,on/off,0,20.0,70.1,on,47,20,41,18,,,,
2017-10-12,03:29,0,on/off,on/off,0,20.0,70.1,on,47,20,41,18,,,,
2017-10-12,03:29,0,on/off,on/off,0,20.0,69.9,on,47,20,41,18,,,,
2017-10-12,03:29,0,on/off,on/off,0,20.0,69.9,on,46,20,41,18,,,,
2017-10-12,03:29,0,on/off,on/off,0,20.0,69.9,on,46,20,41,18,,,,
2017-10-12,03:29,0,on/off,on/off,0,20.0,69.9,on,47,20,41,18,,,,
2017-10-12,03:29,1,on/off,on/off,0,20.0,69.7,on,47,20,41,18,,,,
2017-10-12,03:29,3,on/off,on/off,0,20.0,69.7,on,46,20,41,18,,,,
2017-10-12,03:29,0,on/off,on/off,0,20.0,69.7,on,47,20,40,18,,,,
2017-10-12,03:29,0,on/off,on/off,0,20.0,69.7,on,46,20,41,19,,,,
2017-10-12,03:30,2,on/off,on/off,0,20.0,70.2,on,46,20,41,18,,,,
2017-10-12,03:30,0,on/off,on/off,0,20.0,70.2,on,46,20,41,18,,,,
2017-10-12,03:30,0,on/off,on/off,0,20.0,70.2,on,47,20,40,18,,,,
2017-10-12,03:30,0,on/off,on/off,0,20.0,70.2,on,46,20,41,18,,,,
2017-10-12,03:30,2,on/off,on/off,0,20.0,70.2,on,46,20,41,19,,,,
2017-10-12,03:30,0,on/off,on/off,0,20.0,70.2,on,46,20,41,18,,,,
2017-10-12,03:30,4,on/off,on/off,0,20.0,70.2,on,46,20,41,18,,,,
2017-10-12,03:30,0,on/off,on/off,0,20.0,70.2,on,47,20,41,18,,,,
2017-10-12,03:30,0,on/off,on/off,0,20.0,69.8,on,46,20,41,18,,,,
2017-10-12,03:30,0,on/off,on/off,0,20.0,69.8,on,46,20,41,18,,,,
2017-10-12,03:30,0,on/off,on/off,0,20.0,69.8,on,46,20,41,18,,,,
2017-10-12,03:30,0,on/off,on/off,0,20.0,69.8,on,46,20,41,18,,,,
2017-10-12,03:30,2,on/off,on/off,0,20.0,69.9,on,46,20,41,18,,,,
2017-10-12,03:30,0,on/off,on/off,0,20.0,69.9,on,46,20,41,18,,,,
2017-10-12,03:30,0,on/off,on/off,0,20.0,69.9,on,46,20,40,18,,,,
2017-10-12,03:30,2,on/off,on/off,0,20.0,69.9,on,46,20,41,18,,,,
2017-10-12,03:30,0,on/off,on/off,0,20.0,70.1,on,46,20,41,19,,,,
2017-10-12,03:30,0,on/off,on/off,0,20.0,70.1,on,46,20,41,18,,,,
2017-10-12,03:30,0,on/off,on/off,0,20.0,70.1,on,46,20,41,18,,,,
2017-10-12,03:30,0,on/off,on/off,0,20.0,70.1,on,46,20,41,18,,,,
2017-10-12,03:30,0,on/off,on/off,0,20.0,69.6,on,47,20,41,18,,,,
2017-10-12,03:30,0,on/off,on/off,0,20.0,69.6,on,46,20,41,18,,,,
2017-10-12,03:30,0,on/off,on/off,0,20.0,69.6,on,46,20,40,18,,,,
2017-10-12,03:30,0,on/off,on/off,0,20.0,69.6,on,46,20,41,18,,,,
2017-10-12,03:31,0,on/off,on/off,0,20.0,69.7,on,47,20,41,18,,,,
2017-10-12,03:31,0,on/off,on/off,0,20.0,69.7,on,46,20,41,18,,,,
2017-10-12,03:31,0,on/off,on/off,0,20.0,69.7,on,46,20,41,18,,,,
2017-10-12,03:31,0,on/off,on/off,0,20.0,69.7,on,46,20,41,18,,,,
2017-10-12,03:31,0,on/off,on/off,0,20.0,69.4,on,46,20,41,18,,,,
2017-10-12,03:31,2,on/off,on/off,0,20.0,69.4,on,46,20,41,18,,,,
2017-10-12,03:31,1,on/off,on/off,0,20.0,69.4,on,46,20,41,18,,,,
2017-10-12,03:31,0,on/off,on/off,0,20.0,69.4,on,46,20,41,18,,,,
2017-10-12,03:31,0,on/off,on/off,0,20.0,69.5,on,46,20,41,18,,,,
2017-10-12,03:31,0,on/off,on/off,0,20.0,69.5,on,46,20,41,18,,,,
2017-10-12,03:31,0,on/off,on/off,0,20.0,69.5,on,46,20,41,18,,,,
2017-10-12,03:31,2,on/off,on/off,0,20.0,69.5,on,46,20,41,18,,,,
2017-10-12,03:31,0,on/off,on/off,0,20.0,70.2,on,46,20,41,18,,,,
2017-10-12,03:31,0,on/off,on/off,0,20.0,70.2,on,46,20,41,18,,,,
2017-10-12,03:31,0,on/off,on/off,0,20.0,70.2,on,46,20,41,18,,,,
2017-10-12,03:31,0,on/off,on/off,0,20.0,70.2,on,46,20,41,18,,,,
2017-10-12,03:31,2,on/off,on/off,0,20.0,70.4,on,46,21,41,18,,,,
2017-10-12,03:31,2,on/off,on/off,0,20.0,70.4,on,46,20,41,18,,,,
2017-10-12,03:31,0,on/off,on/off,0,20.0,70.4,on,46,20,41,18,,,,
2017-10-12,03:31,0,on/off,on/off,0,20.0,70.4,on,46,20,41,18,,,,
2017-10-12,03:32,0,on/off,on/off,0,20.0,69.8,on,46,20,41,18,,,,
2017-10-12,03:32,0,on/off,on/off,0,20.0,69.8,on,46,20,41,18,,,,
2017-10-12,03:32,0,on/off,on/off,0,20.0,69.8,on,46,20,41,18,,,,
2017-10-12,03:32,0,on/off,on/off,0,20.0,69.8,on,46,20,41,18,,,,
2017-10-12,03:32,0,on/off,on/off,0,20.0,70.2,on,46,20,41,18,,,,
2017-10-12,03:32,1,on/off,on/off,0,20.0,70.2,on,46,20,41,18,,,,
2017-10-12,03:32,0,on/off,on/off,0,20.0,70.2,on,46,20,40,18,,,,
2017-10-12,03:32,0,on/off,on/off,0,20.0,70.2,on,46,20,41,18,,,,
2017-10-12,03:32,0,on/off,on/off,0,20.0,70.1,on,46,20,41,18,,,,
2017-10-12,03:32,0,on/off,on/off,0,20.0,70.1,on,47,20,41,18,,,,
2017-10-12,03:32,0,on/off,on/off,0,20.0,70.1,on,46,20,41,19,,,,
2017-10-12,03:32,0,on/off,on/off,0,20.0,70.1,on,46,20,41,18,,,,
2017-10-12,03:32,5,on/off,on/off,0,20.0,69.9,on,46,20,41,18,,,,
2017-10-12,03:32,0,on/off,on/off,0,20.0,69.9,on,46,20,41,18,,,,
2017-10-12,03:32,0,on/off,on/off,0,20.0,69.9,on,47,20,41,18,,,,
2017-10-12,03:32,0,on/off,on/off,0,20.0,69.9,on,46,20,41,18,,,,
2017-10-12,03:32,0,on/off,on/off,0,20.0,70.0,on,46,20,41,18,,,,
2017-10-12,03:32,0,on/off,on/off,0,20.0,70.0,on,46,20,41,18,,,,
2017-10-12,03:32,0,on/off,on/off,0,20.0,70.0,on,46,20,41,18,,,,
2017-10-12,03:32,0,on/off,on/off,0,20.0,70.0,on,46,20,41,18,,,,
2017-10-12,03:32,0,on/off,on/off,0,20.0,69.9,on,46,20,41,18,,,,
2017-10-12,03:32,0,on/off,on/off,0,20.0,69.9,on,46,20,41,18,,,,
2017-10-12,03:32,3,on/off,on/off,0,20.0,69.9,on,46,20,41,18,,,,
2017-10-12,03:32,1,on/off,on/off,0,20.0,69.9,on,46,20,41,18,,,,
2017-10-12,03:33,1,on/off,on/off,0,20.0,69.7,on,46,20,41,18,,,,
2017-10-12,03:33,1,on/off,on/off,0,20.0,69.7,on,46,20,41,18,,,,
2017-10-12,03:33,0,on/off,on/off,0,20.0,69.7,on,46,20,41,18,,,,
2017-10-12,03:33,0,on/off,on/off,0,20.0,69.7,on,46,20,41,18,,,,
2017-10-12,03:33,3,on/off,on/off,0,20.0,70.0,on,46,20,41,18,,,,
2017-10-12,03:33,1,on/off,on/off,0,20.0,70.0,on,46,20,41,18,,,,
2017-10-12,03:33,0,on/off,on/off,0,20.0,70.0,on,46,20,41,18,,,,
2017-10-12,03:33,0,on/off,on/off,0,20.0,70.0,on,46,20,41,18,,,,
2017-10-12,03:33,0,on/off,on/off,0,20.0,69.7,on,46,20,41,19,,,,
2017-10-12,03:33,0,on/off,on/off,0,20.0,69.7,on,47,20,40,18,,,,
2017-10-12,03:33,0,on/off,on/off,0,20.0,69.7,on,46,20,41,18,,,,
2017-10-12,03:33,0,on/off,on/off,0,20.0,69.7,on,46,20,41,18,,,,
2017-10-12,03:33,0,on/off,on/off,0,20.0,69.7,on,46,20,41,18,,,,
2017-10-12,03:33,0,on/off,on/off,0,20.0,69.7,on,46,20,41,18,,,,
2017-10-12,03:33,0,on/off,on/off,0,20.0,69.7,on,46,20,41,18,,,,
2017-10-12,03:33,0,on/off,on/off,0,20.0,69.7,on,46,20,41,18,,,,
2017-10-12,03:33,0,on/off,on/off,0,20.0,69.8,on,46,20,40,18,,,,
2017-10-12,03:33,0,on/off,on/off,0,20.0,69.8,on,46,20,41,18,,,,
2017-10-12,03:33,0,on/off,on/off,0,20.0,69.8,on,46,20,41,18,,,,
2017-10-12,03:33,0,on/off,on/off,0,20.0,69.8,on,46,20,41,18,,,,
2017-10-12,03:34,0,on/off,on/off,0,20.0,70.4,on,46,20,40,18,,,,
2017-10-12,03:34,0,on/off,on/off,0,20.0,70.4,on,46,20,41,18,,,,
2017-10-12,03:34,0,on/off,on/off,0,20.0,70.4,on,46,20,41,18,,,,
2017-10-12,03:34,0,on/off,on/off,0,20.0,70.4,on,46,20,40,18,,,,
2017-10-12,03:34,0,on/off,on/off,0,20.0,69.9,on,46,20,41,18,,,,
2017-10-12,03:34,3,on/off,on/off,0,20.0,69.9,on,46,20,41,18,,,,
2017-10-12,03:34,0,on/off,on/off,0,20.0,69.9,on,46,20,41,18,,,,
2017-10-12,03:34,0,on/off,on/off,0,20.0,69.9,on,46,20,41,18,,,,
2017-10-12,03:34,0,on/off,on/off,0,20.0,69.9,on,46,20,41,18,,,,
2017-10-12,03:34,0,on/off,on/off,1,20.0,69.9,on,46,20,41,18,,,,
2017-10-12,03:34,0,on/off,on/off,0,20.0,69.9,on,46,20,41,18,,,,
2017-10-12,03:34,0,on/off,on/off,0,20.0,69.9,on,46,20,41,18,,,,
2017-10-12,03:34,0,on/off,on/off,0,20.0,70.1,on,46,20,41,18,,,,
2017-10-12,03:34,1,on/off,on/off,0,20.0,70.1,on,46,20,41,18,,,,
2017-10-12,03:34,0,on/off,on/off,0,20.0,70.1,on,46,20,41,18,,,,
2017-10-12,03:34,0,on/off,on/off,0,20.0,70.1,on,46,20,41,18,,,,
2017-10-12,03:34,0,on/off,on/off,0,20.0,70.2,on,46,20,41,18,,,,
2017-10-12,03:34,0,on/off,on/off,0,20.0,70.2,on,46,20,41,18,,,,
2017-10-12,03:34,0,on/off,on/off,0,20.0,70.2,on,46,20,41,18,,,,
2017-10-12,03:34,0,on/off,on/off,0,20.0,70.2,on,46,20,41,18,,,,
2017-10-12,03:34,0,on/off,on/off,0,20.0,70.1,on,46,20,41,18,,,,
2017-10-12,03:34,0,on/off,on/off,0,20.0,70.1,on,46,20,41,18,,,,
2017-10-12,03:34,0,on/off,on/off,0,20.0,70.1,on,46,20,40,18,,,,
2017-10-12,03:34,0,on/off,on/off,0,20.0,70.1,on,46,20,41,18,,,,
2017-10-12,03:35,1,on/off,on/off,0,20.0,69.9,on,46,20,41,18,,,,
2017-10-12,03:35,0,on/off,on/off,0,20.0,69.9,on,46,20,41,18,,,,
2017-10-12,03:35,0,on/off,on/off,0,20.0,69.9,on,46,20,41,18,,,,
2017-10-12,03:35,0,on/off,on/off,0,20.0,69.9,on,46,20,41,18,,,,
2017-10-12,03:35,0,on/off,on/off,0,20.0,70.2,on,46,20,41,18,,,,
2017-10-12,03:35,2,on/off,on/off,0,20.0,70.2,on,46,20,41,18,,,,
2017-10-12,03:35,3,on/off,on/off,0,20.0,70.2,on,46,20,41,18,,,,
2017-10-12,03:35,0,on/off,on/off,0,20.0,70.2,on,46,20,40,18,,,,
2017-10-12,03:35,0,on/off,on/off,0,20.0,70.5,on,46,20,41,18,,,,
2017-10-12,03:35,0,on/off,on/off,0,20.0,70.5,on,46,20,41,18,,,,
2017-10-12,03:35,1,on/off,on/off,0,20.0,70.5,on,46,20,41,18,,,,
2017-10-12,03:35,0,on/off,on/off,0,20.0,70.5,on,46,20,41,18,,,,
2017-10-12,03:35,0,on/off,on/off,0,20.0,70.5,on,46,20,41,18,,,,
2017-10-12,03:35,0,on/off,on/off,0,20.0,70.5,on,46,20,41,18,,,,
2017-10-12,03:35,1,on/off,on/off,0,20.0,70.5,on,46,20,41,18,,,,
2017-10-12,03:35,0,on/off,on/off,0,20.0,70.5,on,46,20,41,18,,,,
2017-10-12,03:35,0,on/off,on/off,0,20.0,70.6,on,46,20,41,18,,,,
2017-10-12,03:35,0,on/off,on/off,0,20.0,70.6,on,46,20,41,18,,,,
2017-10-12,03:35,0,on/off,on/off,0,20.0,70.6,on,46,20,41,18,,,,
2017-10-12,03:35,2,on/off,on/off,0,20.0,70.6,on,46,20,41,18,,,,
2017-10-12,03:36,0,on/off,on/off,0,20.0,70.6,on,46,20,40,18,,,,
2017-10-12,03:36,0,on/off,on/off,0,20.0,70.6,on,46,20,40,18,,,,
2017-10-12,03:36,2,on/off,on/off,0,20.0,70.6,on,46,20,40,18,,,,
2017-10-12,03:36,0,on/off,on/off,0,20.0,70.6,on,46,20,41,18,,,,
2017-10-12,03:36,0,on/off,on/off,0,20.0,70.5,on,46,20,41,18,,,,
2017-10-12,03:36,0,on/off,on/off,0,20.0,70.5,on,46,20,40,18,,,,
2017-10-12,03:36,0,on/off,on/off,0,20.0,70.5,on,46,20,40,18,,,,
2017-10-12,03:36,0,on/off,on/off,0,20.0,70.5,on,46,20,41,18,,,,
2017-10-12,03:36,0,on/off,on/off,0,20.0,70.3,on,46,20,41,18,,,,
2017-10-12,03:36,0,on/off,on/off,0,20.0,70.3,on,46,20,41,18,,,,
2017-10-12,03:36,0,on/off,on/off,0,20.0,70.3,on,46,20,41,18,,,,
2017-10-12,03:36,0,on/off,on/off,0,20.0,70.3,on,46,20,40,18,,,,
2017-10-12,03:36,4,on/off,on/off,0,20.0,70.1,on,46,20,40,18,,,,
2017-10-12,03:36,3,on/off,on/off,0,20.0,70.1,on,46,20,40,18,,,,
2017-10-12,03:36,0,on/off,on/off,0,20.0,70.1,on,46,20,41,18,,,,
2017-10-12,03:36,0,on/off,on/off,0,20.0,70.1,on,46,20,41,18,,,,
2017-10-12,03:36,0,on/off,on/off,0,20.0,69.9,on,46,20,41,18,,,,
2017-10-12,03:36,0,on/off,on/off,0,20.0,69.9,on,46,20,41,18,,,,
2017-10-12,03:36,0,on/off,on/off,0,20.0,69.9,on,46,20,41,18,,,,
2017-10-12,03:36,0,on/off,on/off,0,20.0,69.9,on,46,20,40,18,,,,
2017-10-12,03:36,1,on/off,on/off,0,20.0,70.1,on,46,20,41,18,,,,
2017-10-12,03:36,0,on/off,on/off,0,20.0,70.1,on,46,20,40,18,,,,
2017-10-12,03:36,0,on/off,on/off,0,20.0,70.1,on,46,20,41,18,,,,
2017-10-12,03:36,2,on/off,on/off,0,20.0,70.1,on,46,20,40,18,,,,
2017-10-12,03:37,0,on/off,on/off,0,20.0,70.3,on,46,20,41,18,,,,
2017-10-12,03:37,0,on/off,on/off,0,20.0,70.3,on,46,20,41,18,,,,
2017-10-12,03:37,0,on/off,on/off,0,20.0,70.3,on,46,20,41,18,,,,
2017-10-12,03:37,0,on/off,on/off,0,20.0,70.3,on,46,20,41,18,,,,
2017-10-12,03:37,1,on/off,on/off,0,20.0,70.3,on,46,20,40,18,,,,
2017-10-12,03:37,3,on/off,on/off,0,20.0,70.3,on,46,20,40,18,,,,
2017-10-12,03:37,0,on/off,on/off,0,20.0,70.3,on,46,20,41,18,,,,
2017-10-12,03:37,0,on/off,on/off,0,20.0,70.3,on,46,20,41,18,,,,
2017-10-12,03:37,3,on/off,on/off,0,20.0,70.3,on,46,20,40,18,,,,
2017-10-12,03:37,0,on/off,on/off,0,20.0,70.3,on,46,20,41,18,,,,
2017-10-12,03:37,0,on/off,on/off,1,20.0,70.3,on,46,20,41,18,,,,
2017-10-12,03:37,1,on/off,on/off,0,20.0,70.3,on,46,20,41,18,,,,
2017-10-12,03:37,0,on/off,on/off,0,20.0,70.0,on,46,20,41,18,,,,
2017-10-12,03:37,0,on/off,on/off,0,20.0,70.0,on,46,20,41,18,,,,
2017-10-12,03:37,0,on/off,on/off,0,20.0,70.0,on,46,20,41,18,,,,
2017-10-12,03:37,0,on/off,on/off,0,20.0,70.0,on,46,20,41,18,,,,
2017-10-12,03:37,0,on/off,on/off,0,20.0,69.8,on,46,20,41,18,,,,
2017-10-12,03:37,0,on/off,on/off,0,20.0,69.8,on,46,20,41,19,,,,
2017-10-12,03:37,0,on/off,on/off,0,20.0,69.8,on,46,20,41,18,,,,
2017-10-12,03:37,0,on/off,on/off,0,20.0,69.8,on,46,20,40,18,,,,
2017-10-12,03:37,0,on/off,on/off,0,20.0,69.9,on,46,20,40,18,,,,
2017-10-12,03:37,0,on/off,on/off,0,20.0,69.9,on,46,20,41,18,,,,
2017-10-12,03:37,0,on/off,on/off,0,20.0,69.9,on,46,20,40,18,,,,
2017-10-12,03:37,0,on/off,on/off,0,20.0,69.9,on,46,20,41,18,,,,
2017-10-12,03:38,4,on/off,on/off,0,20.0,70.1,on,46,20,40,18,,,,
2017-10-12,03:38,0,on/off,on/off,0,20.0,70.1,on,46,20,41,18,,,,
2017-10-12,03:38,0,on/off,on/off,0,20.0,70.1,on,46,20,41,18,,,,
2017-10-12,03:38,0,on/off,on/off,0,20.0,70.1,on,46,20,41,18,,,,
2017-10-12,03:38,0,on/off,on/off,0,20.0,69.9,on,46,20,40,18,,,,
2017-10-12,03:38,4,on/off,on/off,0,20.0,69.9,on,46,20,40,18,,,,
2017-10-12,03:38,0,on/off,on/off,0,20.0,69.9,on,46,20,40,18,,,,
2017-10-12,03:38,0,on/off,on/off,0,20.0,69.9,on,46,20,41,18,,,,
2017-10-12,03:38,0,on/off,on/off,0,20.0,69.8,on,46,20,40,18,,,,
2017-10-12,03:38,0,on/off,on/off,0,20.0,69.8,on,46,20,41,18,,,,
2017-10-12,03:38,0,on/off,on/off,0,20.0,69.8,on,46,20,41,18,,,,
2017-10-12,03:38,0,on/off,on/off,0,20.0,69.8,on,46,20,41,18,,,,
2017-10-12,03:38,0,on/off,on/off,0,20.0,69.9,on,46,20,40,18,,,,
2017-10-12,03:38,0,on/off,on/off,0,20.0,69.9,on,46,20,41,19,,,,
2017-10-12,03:38,0,on/off,on/off,0,20.0,69.9,on,46,20,40,18,,,,
2017-10-12,03:38,0,on/off,on/off,0,20.0,69.9,on,46,20,41,18,,,,
2017-10-12,03:38,0,on/off,on/off,0,20.0,70.1,on,46,20,40,18,,,,
2017-10-12,03:38,3,on/off,on/off,0,20.0,70.1,on,46,20,40,18,,,,
2017-10-12,03:38,0,on/off,on/off,0,20.0,70.1,on,46,20,41,18,,,,
2017-10-12,03:38,0,on/off,on/off,0,20.0,70.1,on,46,20,41,18,,,,
2017-10-12,03:39,0,on/off,on/off,0,20.0,69.8,on,46,20,41,18,,,,
2017-10-12,03:39,2,on/off,on/off,0,20.0,69.8,on,46,20,41,18,,,,
2017-10-12,03:39,0,on/off,on/off,0,20.0,69.8,on,46,20,40,18,,,,
2017-10-12,03:39,0,on/off,on/off,0,20.0,69.8,on,46,20,40,18,,,,
2017-10-12,03:39,0,on/off,on/off,0,20.0,69.9,on,46,20,41,18,,,,
2017-10-12,03:39,0,on/off,on/off,0,20.0,69.9,on,46,20,41,18,,,,
2017-10-12,03:39,0,on/off,on/off,0,20.0,69.9,on,46,20,41,18,,,,
2017-10-12,03:39,2,on/off,on/off,0,20.0,69.9,on,46,20,41,18,,,,
2017-10-12,03:39,0,on/off,on/off,0,20.0,69.8,on,46,20,40,18,,,,
2017-10-12,03:39,0,on/off,on/off,0,20.0,69.8,on,46,20,40,18,,,,
2017-10-12,03:39,0,on/off,on/off,0,20.0,69.8,on,46,20,40,18,,,,
2017-10-12,03:39,0,on/off,on/off,0,20.0,69.8,on,46,20,41,18,,,,
2017-10-12,03:39,0,on/off,on/off,0,20.0,69.9,on,46,20,40,18,,,,
2017-10-12,03:39,0,on/off,on/off,0,20.0,69.9,on,46,20,41,19,,,,
2017-10-12,03:39,0,on/off,on/off,0,20.0,69.9,on,46,20,41,18,,,,
2017-10-12,03:39,0,on/off,on/off,0,20.0,69.9,on,46,20,41,18,,,,
2017-10-12,03:39,0,on/off,on/off,0,20.0,69.6,on,46,20,40,18,,,,
2017-10-12,03:39,0,on/off,on/off,0,20.0,69.6,on,46,20,40,18,,,,
2017-10-12,03:39,0,on/off,on/off,0,20.0,69.6,on,46,20,40,18,,,,
2017-10-12,03:39,0,on/off,on/off,0,20.0,69.6,on,46,20,41,18,,,,
2017-10-12,03:39,0,on/off,on/off,0,20.0,69.7,on,46,20,41,18,,,,
2017-10-12,03:39,0,on/off,on/off,0,20.0,69.7,on,46,20,40,18,,,,
2017-10-12,03:39,0,on/off,on/off,0,20.0,69.7,on,46,20,40,18,,,,
2017-10-12,03:39,0,on/off,on/off,0,20.0,69.7,on,46,20,41,18,,,,
2017-10-12,03:40,0,on/off,on/off,0,20.0,69.8,on,46,20,40,18,,,,
2017-10-12,03:40,0,on/off,on/off,0,20.0,69.8,on,46,20,40,18,,,,
2017-10-12,03:40,0,on/off,on/off,0,20.0,69.8,on,46,20,41,18,,,,
2017-10-12,03:40,0,on/off,on/off,0,20.0,69.8,on,46,20,41,18,,,,
2017-10-12,03:40,0,on/off,on/off,0,20.0,69.7,on,46,20,41,18,,,,
2017-10-12,03:40,0,on/off,on/off,0,20.0,69.7,on,46,20,40,18,,,,
2017-10-12,03:40,0,on/off,on/off,0,20.0,69.7,on,46,20,41,18,,,,
2017-10-12,03:40,0,on/off,on/off,0,20.0,69.7,on,46,20,40,18,,,,
2017-10-12,03:40,0,on/off,on/off,0,20.0,69.7,on,46,20,40,18,,,,
2017-10-12,03:40,0,on/off,on/off,0,20.0,69.7,on,46,20,40,18,,,,
2017-10-12,03:40,0,on/off,on/off,0,20.0,69.7,on,46,20,41,18,,,,
2017-10-12,03:40,1,on/off,on/off,0,20.0,69.7,on,46,20,41,18,,,,
2017-10-12,03:40,0,on/off,on/off,0,20.0,69.6,on,46,20,41,19,,,,
2017-10-12,03:40,0,on/off,on/off,0,20.0,69.6,on,46,20,41,18,,,,
2017-10-12,03:40,0,on/off,on/off,0,20.0,69.6,on,46,20,41,18,,,,
2017-10-12,03:40,1,on/off,on/off,0,20.0,69.6,on,46,20,41,18,,,,
2017-10-12,03:40,0,on/off,on/off,0,20.0,69.7,on,46,20,41,18,,,,
2017-10-12,03:40,0,on/off,on/off,0,20.0,69.7,on,46,20,41,18,,,,
2017-10-12,03:40,0,on/off,on/off,0,20.0,69.7,on,46,20,41,18,,,,
2017-10-12,03:40,2,on/off,on/off,0,20.0,69.7,on,46,21,41,18,,,,
2017-10-12,03:41,0,on/off,on/off,0,20.0,69.5,on,46,20,40,18,,,,
2017-10-12,03:41,0,on/off,on/off,0,20.0,69.5,on,46,20,40,18,,,,
2017-10-12,03:41,0,on/off,on/off,0,20.0,69.5,on,46,20,41,18,,,,
2017-10-12,03:41,1,on/off,on/off,0,20.0,69.5,on,46,20,40,18,,,,
2017-10-12,03:41,0,on/off,on/off,0,20.0,69.6,on,46,20,41,18,,,,
2017-10-12,03:41,0,on/off,on/off,0,20.0,69.6,on,46,20,40,18,,,,
2017-10-12,03:41,1,on/off,on/off,0,20.0,69.6,on,46,20,41,18,,,,
2017-10-12,03:41,0,on/off,on/off,0,20.0,69.6,on,46,20,40,18,,,,
2017-10-12,03:41,0,on/off,on/off,0,20.0,69.7,on,46,20,41,18,,,,
2017-10-12,03:41,0,on/off,on/off,0,20.0,69.7,on,46,20,41,18,,,,
2017-10-12,03:41,0,on/off,on/off,0,20.0,69.7,on,46,20,41,18,,,,
2017-10-12,03:41,1,on/off,on/off,0,20.0,69.7,on,46,20,40,18,,,,
2017-10-12,03:41,2,on/off,on/off,0,20.0,69.5,on,46,21,40,18,,,,
2017-10-12,03:41,0,on/off,on/off,0,20.0,69.5,on,46,20,41,18,,,,
2017-10-12,03:41,0,on/off,on/off,0,20.0,69.5,on,47,20,40,18,,,,
2017-10-12,03:41,0,on/off,on/off,0,20.0,69.5,on,46,20,40,18,,,,
2017-10-12,03:41,1,on/off,on/off,0,20.0,69.5,on,46,20,41,18,,,,
2017-10-12,03:41,0,on/off,on/off,0,20.0,69.5,on,46,20,40,18,,,,
2017-10-12,03:41,0,on/off,on/off,0,20.0,69.5,on,46,20,41,18,,,,
2017-10-12,03:41,0,on/off,on/off,0,20.0,69.5,on,46,20,40,18,,,,
2017-10-12,03:41,0,on/off,on/off,0,20.0,69.4,on,46,20,40,18,,,,
2017-10-12,03:41,0,on/off,on/off,0,20.0,69.4,on,46,20,40,19,,,,
2017-10-12,03:41,0,on/off,on/off,0,20.0,69.4,on,46,20,41,18,,,,
2017-10-12,03:41,0,on/off,on/off,0,20.0,69.4,on,46,20,40,18,,,,
2017-10-12,03:42,0,on/off,on/off,0,20.0,69.3,on,46,21,41,18,,,,
2017-10-12,03:42,2,on/off,on/off,0,20.0,69.3,on,46,20,40,18,,,,
2017-10-12,03:42,0,on/off,on/off,0,20.0,69.3,on,47,20,40,18,,,,
2017-10-12,03:42,0,on/off,on/off,0,20.0,69.3,on,46,20,41,18,,,,
2017-10-12,03:42,1,on/off,on/off,0,20.0,69.4,on,46,20,40,18,,,,
2017-10-12,03:42,0,on/off,on/off,0,20.0,69.4,on,46,20,40,18,,,,
2017-10-12,03:42,0,on/off,on/off,0,20.0,69.4,on,46,20,40,18,,,,
2017-10-12,03:42,0,on/off,on/off,0,20.0,69.4,on,46,20,40,18,,,,
2017-10-12,03:42,0,on/off,on/off,0,20.0,69.3,on,46,20,41,18,,,,
2017-10-12,03:42,0,on/off,on/off,0,20.0,69.3,on,46,20,41,19,,,,
2017-10-12,03:42,0,on/off,on/off,0,20.0,69.3,on,46,20,41,18,,,,
2017-10-12,03:42,0,on/off,on/off,0,20.0,69.3,on,46,20,40,18,,,,
2017-10-12,03:42,0,on/off,on/off,0,20.0,69.4,on,46,20,40,18,,,,
2017-10-12,03:42,0,on/off,on/off,0,20.0,69.4,on,47,20,40,18,,,,
2017-10-12,03:42,1,on/off,on/off,0,20.0,69.4,on,46,20,40,18,,,,
2017-10-12,03:42,0,on/off,on/off,0,20.0,69.4,on,46,20,40,18,,,,
2017-10-12,03:42,0,on/off,on/off,0,20.0,69.3,on,46,20,41,18,,,,
2017-10-12,03:42,0,on/off,on/off,0,20.0,69.3,on,46,20,41,18,,,,
2017-10-12,03:42,0,on/off,on/off,0,20.0,69.3,on,46,20,41,18,,,,
2017-10-12,03:42,2,on/off,on/off,0,20.0,69.3,on,46,21,40,18,,,,
2017-10-12,03:43,0,on/off,on/off,0,20.0,69.2,on,46,20,40,18,,,,
2017-10-12,03:43,0,on/off,on/off,0,20.0,69.2,on,46,20,41,18,,,,
2017-10-12,03:43,0,on/off,on/off,0,20.0,69.2,on,46,20,40,18,,,,
2017-10-12,03:43,5,on/off,on/off,0,20.0,69.2,on,46,20,41,18,,,,
2017-10-12,03:43,0,on/off,on/off,0,20.0,69.5,on,46,20,40,18,,,,
2017-10-12,03:43,0,on/off,on/off,0,20.0,69.5,on,46,20,40,18,,,,
2017-10-12,03:43,0,on/off,on/off,0,20.0,69.5,on,46,20,40,18,,,,
2017-10-12,03:43,0,on/off,on/off,0,20.0,69.5,on,46,20,40,18,,,,
2017-10-12,03:43,0,on/off,on/off,0,20.0,69.6,on,46,20,41,18,,,,
2017-10-12,03:43,0,on/off,on/off,0,20.0,69.6,on,46,20,40,18,,,,
2017-10-12,03:43,0,on/off,on/off,0,20.0,69.6,on,46,20,40,18,,,,
2017-10-12,03:43,1,on/off,on/off,0,20.0,69.6,on,46,20,41,18,,,,
2017-10-12,03:43,0,on/off,on/off,0,20.0,69.7,on,46,20,40,18,,,,
2017-10-12,03:43,4,on/off,on/off,0,20.0,69.7,on,46,21,40,18,,,,
2017-10-12,03:43,0,on/off,on/off,0,20.0,69.7,on,46,20,41,18,,,,
2017-10-12,03:43,0,on/off,on/off,0,20.0,69.7,on,46,20,41,18,,,,
2017-10-12,03:43,0,on/off,on/off,0,20.0,69.6,on,46,20,40,18,,,,
2017-10-12,03:43,0,on/off,on/off,0,20.0,69.6,on,46,20,40,18,,,,
2017-10-12,03:43,0,on/off,on/off,0,20.0,69.6,on,46,20,40,18,,,,
2017-10-12,03:43,1,on/off,on/off,0,20.0,69.6,on,46,20,40,18,,,,
2017-10-12,03:43,0,on/off,on/off,0,20.0,69.4,on,46,20,40,18,,,,
2017-10-12,03:43,0,on/off,on/off,0,20.0,69.4,on,46,20,40,18,,,,
2017-10-12,03:43,0,on/off,on/off,0,20.0,69.4,on,46,20,40,18,,,,
2017-10-12,03:43,0,on/off,on/off,0,20.0,69.4,on,46,20,41,18,,,,
2017-10-12,03:44,0,on/off,on/off,0,20.0,69.4,on,46,20,41,18,,,,
2017-10-12,03:44,0,on/off,on/off,0,20.0,69.4,on,46,20,40,18,,,,
2017-10-12,03:44,0,on/off,on/off,0,20.0,69.4,on,46,20,40,18,,,,
2017-10-12,03:44,0,on/off,on/off,0,20.0,69.4,on,46,20,40,18,,,,
2017-10-12,03:44,0,on/off,on/off,0,20.0,69.3,on,46,20,40,18,,,,
2017-10-12,03:44,2,on/off,on/off,0,20.0,69.3,on,46,21,40,18,,,,
2017-10-12,03:44,0,on/off,on/off,0,20.0,69.3,on,46,20,40,18,,,,
2017-10-12,03:44,0,on/off,on/off,0,20.0,69.3,on,46,20,41,18,,,,
2017-10-12,03:44,0,on/off,on/off,0,20.0,69.2,on,46,20,40,18,,,,
2017-10-12,03:44,4,on/off,on/off,0,20.0,69.2,on,46,20,40,18,,,,
2017-10-12,03:44,0,on/off,on/off,0,20.0,69.2,on,46,20,40,18,,,,
2017-10-12,03:44,0,on/off,on/off,0,20.0,69.2,on,46,20,40,18,,,,
2017-10-12,03:44,0,on/off,on/off,0,20.0,69.4,on,46,20,40,18,,,,
2017-10-12,03:44,0,on/off,on/off,0,20.0,69.4,on,46,20,40,18,,,,
2017-10-12,03:44,0,on/off,on/off,0,20.0,69.4,on,46,20,40,18,,,,
2017-10-12,03:44,0,on/off,on/off,0,20.0,69.4,on,46,20,40,18,,,,
2017-10-12,03:44,0,on/off,on/off,0,20.0,69.5,on,46,20,40,18,,,,
2017-10-12,03:44,0,on/off,on/off,0,20.0,69.5,on,46,20,40,18,,,,
2017-10-12,03:44,0,on/off,on/off,0,20.0,69.5,on,46,20,40,18,,,,
2017-10-12,03:44,2,on/off,on/off,0,20.0,69.5,on,46,21,41,18,,,,
2017-10-12,03:45,4,on/off,on/off,0,20.0,69.4,on,46,20,41,18,,,,
2017-10-12,03:45,0,on/off,on/off,0,20.0,69.4,on,46,20,40,18,,,,
2017-10-12,03:45,0,on/off,on/off,0,20.0,69.4,on,46,20,40,18,,,,
2017-10-12,03:45,0,on/off,on/off,0,20.0,69.4,on,46,20,40,18,,,,
2017-10-12,03:45,0,on/off,on/off,0,20.0,69.3,on,46,20,41,18,,,,
2017-10-12,03:45,0,on/off,on/off,0,20.0,69.3,on,46,20,40,18,,,,
2017-10-12,03:45,0,on/off,on/off,0,20.0,69.3,on,46,20,40,18,,,,
2017-10-12,03:45,0,on/off,on/off,0,20.0,69.3,on,46,20,41,18,,,,
2017-10-12,03:45,0,on/off,on/off,0,20.0,69.3,on,46,20,40,18,,,,
2017-10-12,03:45,0,on/off,on/off,0,20.0,69.3,on,46,20,40,18,,,,
2017-10-12,03:45,2,on/off,on/off,0,20.0,69.3,on,46,20,40,18,,,,
2017-10-12,03:45,0,on/off,on/off,0,20.0,69.3,on,46,20,40,18,,,,
2017-10-12,03:45,0,on/off,on/off,0,20.0,69.3,on,46,20,40,18,,,,
2017-10-12,03:45,0,on/off,on/off,0,20.0,69.3,on,46,20,40,18,,,,
2017-10-12,03:45,0,on/off,on/off,0,20.0,69.3,on,46,20,40,18,,,,
2017-10-12,03:45,0,on/off,on/off,0,20.0,69.3,on,46,20,40,18,,,,
2017-10-12,03:45,0,on/off,on/off,0,20.0,69.3,on,46,20,40,18,,,,
2017-10-12,03:45,2,on/off,on/off,0,20.0,69.3,on,46,20,40,18,,,,
2017-10-12,03:45,5,on/off,on/off,0,20.0,69.3,on,46,20,40,18,,,,
2017-10-12,03:45,0,on/off,on/off,0,20.0,69.3,on,46,20,40,18,,,,
2017-10-12,03:45,0,on/off,on/off,0,20.0,69.5,on,46,20,40,18,,,,
2017-10-12,03:45,4,on/off,on/off,0,20.0,69.5,on,46,21,40,18,,,,
2017-10-12,03:45,0,on/off,on/off,0,20.0,69.5,on,46,20,40,18,,,,
2017-10-12,03:45,0,on/off,on/off,0,20.0,69.5,on,46,20,40,18,,,,
2017-10-12,03:46,0,on/off,on/off,0,20.0,69.5,on,46,20,40,18,,,,
2017-10-12,03:46,0,on/off,on/off,0,20.0,69.5,on,46,20,40,19,,,,
2017-10-12,03:46,0,on/off,on/off,0,20.0,69.5,on,46,20,41,18,,,,
2017-10-12,03:46,0,on/off,on/off,0,20.0,69.5,on,46,20,40,18,,,,
2017-10-12,03:46,0,on/off,on/off,0,20.0,69.3,on,46,20,40,18,,,,
2017-10-12,03:46,0,on/off,on/off,0,20.0,69.3,on,46,20,40,18,,,,
2017-10-12,03:46,0,on/off,on/off,0,20.0,69.3,on,46,21,40,18,,,,
2017-10-12,03:46,0,on/off,on/off,0,20.0,69.3,on,46,20,40,18,,,,
2017-10-12,03:46,0,on/off,on/off,0,20.0,69.3,on,46,20,40,18,,,,
2017-10-12,03:46,0,on/off,on/off,0,20.0,69.3,on,46,20,40,18,,,,
2017-10-12,03:46,0,on/off,on/off,0,20.0,69.3,on,46,20,40,18,,,,
2017-10-12,03:46,0,on/off,on/off,0,20.0,69.3,on,46,20,40,18,,,,
2017-10-12,03:46,0,on/off,on/off,0,20.0,69.3,on,46,20,40,18,,,,
2017-10-12,03:46,0,on/off,on/off,0,20.0,69.3,on,46,20,40,18,,,,
2017-10-12,03:46,0,on/off,on/off,0,20.0,69.3,on,46,20,40,18,,,,
2017-10-12,03:46,0,on/off,on/off,0,20.0,69.3,on,46,20,40,18,,,,
2017-10-12,03:46,0,on/off,on/off,0,20.0,69.2,on,46,20,40,18,,,,
2017-10-12,03:46,0,on/off,on/off,0,20.0,69.2,on,46,20,40,18,,,,
2017-10-12,03:46,5,on/off,on/off,0,20.0,69.2,on,46,20,40,18,,,,
2017-10-12,03:46,0,on/off,on/off,0,20.0,69.2,on,46,20,40,18,,,,
2017-10-12,03:47,0,on/off,on/off,0,20.0,69.2,on,47,20,40,18,,,,
2017-10-12,03:47,0,on/off,on/off,0,20.0,69.2,on,46,20,40,18,,,,
2017-10-12,03:47,0,on/off,on/off,0,20.0,69.2,on,46,20,40,18,,,,
2017-10-12,03:47,0,on/off,on/off,0,20.0,69.2,on,46,20,40,18,,,,
2017-10-12,03:47,0,on/off,on/off,0,20.0,69.1,on,46,20,41,18,,,,
2017-10-12,03:47,0,on/off,on/off,0,20.0,69.1,on,46,20,40,18,,,,
2017-10-12,03:47,0,on/off,on/off,0,20.0,69.1,on,46,20,40,18,,,,
2017-10-12,03:47,0,on/off,on/off,0,20.0,69.1,on,46,20,40,18,,,,
2017-10-12,03:47,0,on/off,on/off,0,20.0,69.1,on,46,20,40,18,,,,
2017-10-12,03:47,0,on/off,on/off,0,20.0,69.1,on,47,20,40,18,,,,
2017-10-12,03:47,0,on/off,on/off,0,20.0,69.1,on,46,20,40,19,,,,
2017-10-12,03:47,0,on/off,on/off,0,20.0,69.1,on,46,20,40,18,,,,
2017-10-12,03:47,0,on/off,on/off,0,20.0,69.6,on,46,20,40,18,,,,
2017-10-12,03:47,0,on/off,on/off,0,20.0,69.6,on,46,20,40,18,,,,
2017-10-12,03:47,0,on/off,on/off,0,20.0,69.6,on,46,20,40,19,,,,
2017-10-12,03:47,0,on/off,on/off,0,20.0,69.6,on,46,20,41,18,,,,
2017-10-12,03:47,0,on/off,on/off,0,20.0,69.5,on,46,20,40,18,,,,
2017-10-12,03:47,0,on/off,on/off,0,20.0,69.5,on,46,20,40,19,,,,
2017-10-12,03:47,0,on/off,on/off,0,20.0,69.5,on,46,20,40,18,,,,
2017-10-12,03:47,0,on/off,on/off,0,20.0,69.5,on,46,20,40,18,,,,
2017-10-12,03:47,0,on/off,on/off,0,20.0,69.3,on,46,20,41,18,,,,
2017-10-12,03:47,0,on/off,on/off,0,20.0,69.3,on,46,20,40,18,,,,
2017-10-12,03:47,0,on/off,on/off,0,20.0,69.3,on,46,20,40,19,,,,
2017-10-12,03:47,0,on/off,on/off,0,20.0,69.3,on,46,20,40,18,,,,
2017-10-12,03:48,2,on/off,on/off,0,20.0,69.2,on,46,20,40,18,,,,
2017-10-12,03:48,0,on/off,on/off,0,20.0,69.2,on,46,20,40,18,,,,
2017-10-12,03:48,0,on/off,on/off,0,20.0,69.2,on,46,20,40,18,,,,
2017-10-12,03:48,0,on/off,on/off,0,20.0,69.2,on,46,20,40,18,,,,
2017-10-12,03:48,1,on/off,on/off,0,20.0,69.3,on,46,20,40,18,,,,
2017-10-12,03:48,0,on/off,on/off,0,20.0,69.3,on,46,20,40,18,,,,
2017-10-12,03:48,0,on/off,on/off,0,20.0,69.3,on,46,20,40,18,,,,
2017-10-12,03:48,0,on/off,on/off,0,20.0,69.3,on,46,20,40,18,,,,
2017-10-12,03:48,0,on/off,on/off,0,20.0,69.5,on,46,20,40,18,,,,
2017-10-12,03:48,0,on/off,on/off,0,20.0,69.5,on,46,20,40,18,,,,
2017-10-12,03:48,0,on/off,on/off,0,20.0,69.5,on,46,20,40,18,,,,
2017-10-12,03:48,0,on/off,on/off,0,20.0,69.5,on,46,20,40,18,,,,
2017-10-12,03:48,0,on/off,on/off,0,20.0,69.8,on,46,21,40,18,,,,
2017-10-12,03:48,0,on/off,on/off,0,20.0,69.8,on,46,20,40,18,,,,
2017-10-12,03:48,0,on/off,on/off,0,20.0,69.8,on,46,20,40,18,,,,
2017-10-12,03:48,0,on/off,on/off,0,20.0,69.8,on,46,20,40,18,,,,
2017-10-12,03:48,0,on/off,on/off,0,20.0,69.6,on,46,20,40,18,,,,
2017-10-12,03:48,0,on/off,on/off,0,20.0,69.6,on,46,20,40,18,,,,
2017-10-12,03:48,0,on/off,on/off,0,20.0,69.6,on,46,20,40,18,,,,
2017-10-12,03:48,0,on/off,on/off,0,20.0,69.6,on,46,20,40,18,,,,
2017-10-12,03:49,0,on/off,on/off,0,20.0,69.6,on,46,20,40,18,,,,
2017-10-12,03:49,0,on/off,on/off,0,20.0,69.6,on,46,20,40,18,,,,
2017-10-12,03:49,0,on/off,on/off,0,20.0,69.6,on,46,20,40,18,,,,
2017-10-12,03:49,0,on/off,on/off,0,20.0,69.6,on,46,20,40,18,,,,
2017-10-12,03:49,0,on/off,on/off,0,20.0,69.3,on,46,20,40,18,,,,
2017-10-12,03:49,0,on/off,on/off,0,20.0,69.3,on,46,20,41,18,,,,
2017-10-12,03:49,0,on/off,on/off,0,20.0,69.3,on,46,21,40,18,,,,
2017-10-12,03:49,0,on/off,on/off,0,20.0,69.3,on,46,20,40,18,,,,
2017-10-12,03:49,0,on/off,on/off,0,20.0,69.3,on,46,20,40,18,,,,
2017-10-12,03:49,0,on/off,on/off,0,20.0,69.3,on,46,20,40,18,,,,
2017-10-12,03:49,0,on/off,on/off,0,20.0,69.3,on,46,20,40,18,,,,
2017-10-12,03:49,1,on/off,on/off,0,20.0,69.3,on,46,20,40,19,,,,
2017-10-12,03:49,2,on/off,on/off,0,20.0,69.6,on,46,20,40,18,,,,
2017-10-12,03:49,0,on/off,on/off,0,20.0,69.6,on,46,20,40,18,,,,
2017-10-12,03:49,0,on/off,on/off,0,20.0,69.6,on,46,20,40,18,,,,
2017-10-12,03:49,0,on/off,on/off,0,20.0,69.6,on,46,20,40,18,,,,
2017-10-12,03:49,0,on/off,on/off,0,20.0,69.9,on,46,20,40,18,,,,
2017-10-12,03:49,0,on/off,on/off,0,20.0,69.9,on,46,20,40,18,,,,
2017-10-12,03:49,0,on/off,on/off,0,20.0,69.9,on,46,20,40,18,,,,
2017-10-12,03:49,0,on/off,on/off,0,20.0,69.9,on,46,20,40,18,,,,
2017-10-12,03:49,0,on/off,on/off,0,20.0,69.7,on,46,20,40,18,,,,
2017-10-12,03:49,1,on/off,on/off,1,20.0,69.7,on,46,21,40,18,,,,
2017-10-12,03:49,0,on/off,on/off,0,20.0,69.7,on,46,20,40,18,,,,
2017-10-12,03:49,0,on/off,on/off,0,20.0,69.7,on,46,20,40,18,,,,
2017-10-12,03:50,0,on/off,on/off,0,20.0,69.5,on,46,20,40,18,,,,
2017-10-12,03:50,0,on/off,on/off,0,20.0,69.5,on,46,20,40,18,,,,
2017-10-12,03:50,0,on/off,on/off,0,20.0,69.5,on,46,20,40,18,,,,
2017-10-12,03:50,0,on/off,on/off,0,20.0,69.5,on,46,20,40,18,,,,
2017-10-12,03:50,3,on/off,on/off,0,20.0,69.6,on,46,21,40,18,,,,
2017-10-12,03:50,0,on/off,on/off,0,20.0,69.6,on,46,20,40,18,,,,
2017-10-12,03:50,0,on/off,on/off,0,20.0,69.6,on,46,20,40,18,,,,
2017-10-12,03:50,0,on/off,on/off,0,20.0,69.6,on,46,20,40,18,,,,
2017-10-12,03:50,0,on/off,on/off,0,20.0,69.5,on,46,20,40,18,,,,
2017-10-12,03:50,0,on/off,on/off,0,20.0,69.5,on,46,20,40,18,,,,
2017-10-12,03:50,0,on/off,on/off,0,20.0,69.5,on,46,20,40,18,,,,
2017-10-12,03:50,0,on/off,on/off,0,20.0,69.5,on,46,20,40,18,,,,
2017-10-12,03:50,0,on/off,on/off,0,20.0,69.6,on,46,20,40,18,,,,
2017-10-12,03:50,0,on/off,on/off,0,20.0,69.6,on,46,20,40,18,,,,
2017-10-12,03:50,0,on/off,on/off,0,20.0,69.6,on,46,20,40,18,,,,
2017-10-12,03:50,0,on/off,on/off,0,20.0,69.6,on,46,20,40,18,,,,
2017-10-12,03:50,1,on/off,on/off,0,19.9,69.6,on,46,20,40,18,,,,
2017-10-12,03:50,0,on/off,on/off,0,19.9,69.6,on,46,20,40,18,,,,
2017-10-12,03:50,0,on/off,on/off,0,19.9,69.6,on,46,20,40,18,,,,
2017-10-12,03:50,0,on/off,on/off,0,19.9,69.6,on,46,20,40,18,,,,
2017-10-12,03:50,0,on/off,on/off,0,19.9,69.4,on,46,20,41,18,,,,
2017-10-12,03:50,2,on/off,on/off,0,19.9,69.4,on,46,20,40,18,,,,
2017-10-12,03:50,0,on/off,on/off,0,19.9,69.4,on,46,20,40,18,,,,
2017-10-12,03:50,0,on/off,on/off,0,19.9,69.4,on,46,20,40,18,,,,
2017-10-12,03:51,0,on/off,on/off,0,19.9,69.4,on,46,20,40,18,,,,
2017-10-12,03:51,0,on/off,on/off,0,19.9,69.4,on,46,20,40,18,,,,
2017-10-12,03:51,0,on/off,on/off,0,19.9,69.4,on,46,20,40,18,,,,
2017-10-12,03:51,0,on/off,on/off,0,19.9,69.4,on,46,20,40,18,,,,
2017-10-12,03:51,1,on/off,on/off,0,19.9,69.4,on,46,20,40,18,,,,
2017-10-12,03:51,5,on/off,on/off,0,19.9,69.4,on,46,20,40,18,,,,
2017-10-12,03:51,0,on/off,on/off,0,19.9,69.4,on,46,20,40,18,,,,
2017-10-12,03:51,0,on/off,on/off,0,19.9,69.4,on,46,20,40,18,,,,
2017-10-12,03:51,0,on/off,on/off,0,19.9,69.6,on,46,20,40,18,,,,
2017-10-12,03:51,0,on/off,on/off,0,19.9,69.6,on,46,20,40,18,,,,
2017-10-12,03:51,0,on/off,on/off,0,19.9,69.6,on,46,20,41,18,,,,
2017-10-12,03:51,1,on/off,on/off,0,19.9,69.6,on,46,20,40,18,,,,
2017-10-12,03:51,0,on/off,on/off,0,19.9,69.8,on,46,20,40,18,,,,
2017-10-12,03:51,1,on/off,on/off,0,19.9,69.8,on,46,21,40,18,,,,
2017-10-12,03:51,0,on/off,on/off,0,19.9,69.8,on,46,20,40,18,,,,
2017-10-12,03:51,0,on/off,on/off,0,19.9,69.8,on,46,20,40,18,,,,
2017-10-12,03:51,3,on/off,on/off,0,19.9,69.8,on,46,20,40,18,,,,
2017-10-12,03:51,0,on/off,on/off,0,19.9,69.8,on,46,20,40,18,,,,
2017-10-12,03:51,0,on/off,on/off,0,19.9,69.8,on,46,20,40,18,,,,
2017-10-12,03:51,0,on/off,on/off,0,19.9,69.8,on,46,20,40,18,,,,
2017-10-12,03:52,5,on/off,on/off,0,19.9,70.1,on,46,20,40,18,,,,
2017-10-12,03:52,0,on/off,on/off,0,19.9,70.1,on,46,20,40,18,,,,
2017-10-12,03:52,0,on/off,on/off,0,19.9,70.1,on,46,20,40,19,,,,
2017-10-12,03:52,0,on/off,on/off,0,19.9,70.1,on,46,20,40,18,,,,
2017-10-12,03:52,0,on/off,on/off,0,19.9,69.7,on,46,20,40,18,,,,
2017-10-12,03:52,0,on/off,on/off,0,19.9,69.7,on,46,20,40,18,,,,
2017-10-12,03:52,0,on/off,on/off,0,19.9,69.7,on,46,20,40,18,,,,
2017-10-12,03:52,0,on/off,on/off,0,19.9,69.7,on,46,20,40,18,,,,
2017-10-12,03:52,3,on/off,on/off,0,19.9,69.8,on,46,20,40,18,,,,
2017-10-12,03:52,0,on/off,on/off,0,19.9,69.8,on,46,20,40,18,,,,
2017-10-12,03:52,0,on/off,on/off,0,19.9,69.8,on,46,20,40,18,,,,
2017-10-12,03:52,0,on/off,on/off,0,19.9,69.8,on,46,20,40,18,,,,
2017-10-12,03:52,0,on/off,on/off,0,19.9,69.9,on,46,20,40,18,,,,
2017-10-12,03:52,0,on/off,on/off,0,19.9,69.9,on,46,20,40,18,,,,
2017-10-12,03:52,2,on/off,on/off,0,19.9,69.9,on,46,20,40,18,,,,
2017-10-12,03:52,0,on/off,on/off,0,19.9,69.9,on,46,20,40,18,,,,
2017-10-12,03:52,0,on/off,on/off,0,19.9,69.9,on,46,21,40,18,,,,
2017-10-12,03:52,0,on/off,on/off,0,19.9,69.9,on,46,20,40,18,,,,
2017-10-12,03:52,5,on/off,on/off,0,19.9,69.9,on,46,20,40,18,,,,
2017-10-12,03:52,0,on/off,on/off,0,19.9,69.9,on,46,20,40,18,,,,
2017-10-12,03:52,0,on/off,on/off,0,19.9,69.9,on,46,20,40,18,,,,
2017-10-12,03:52,0,on/off,on/off,0,19.9,69.9,on,46,20,40,18,,,,
2017-10-12,03:52,0,on/off,on/off,0,19.9,69.9,on,46,20,40,18,,,,
2017-10-12,03:52,0,on/off,on/off,0,19.9,69.9,on,46,20,40,18,,,,
2017-10-12,03:53,0,on/off,on/off,0,19.9,69.8,on,46,20,40,18,,,,
2017-10-12,03:53,0,on/off,on/off,0,19.9,69.8,on,46,20,40,19,,,,
2017-10-12,03:53,0,on/off,on/off,0,19.9,69.8,on,46,20,40,18,,,,
2017-10-12,03:53,0,on/off,on/off,0,19.9,69.8,on,46,20,40,18,,,,
2017-10-12,03:53,0,on/off,on/off,0,19.9,69.7,on,46,20,40,18,,,,
2017-10-12,03:53,0,on/off,on/off,0,19.9,69.7,on,46,20,40,18,,,,
2017-10-12,03:53,0,on/off,on/off,0,19.9,69.7,on,46,20,40,18,,,,
2017-10-12,03:53,5,on/off,on/off,1,19.9,69.7,on,46,20,40,18,,,,
2017-10-12,03:53,0,on/off,on/off,0,19.9,69.6,on,46,20,40,18,,,,
2017-10-12,03:53,1,on/off,on/off,0,19.9,69.6,on,46,21,40,18,,,,
2017-10-12,03:53,1,on/off,on/off,0,19.9,69.6,on,46,20,40,18,,,,
2017-10-12,03:53,0,on/off,on/off,0,19.9,69.6,on,46,20,40,18,,,,
2017-10-12,03:53,0,on/off,on/off,0,19.9,69.5,on,46,20,40,18,,,,
2017-10-12,03:53,0,on/off,on/off,0,19.9,69.5,on,46,20,40,18,,,,
2017-10-12,03:53,0,on/off,on/off,0,19.9,69.5,on,46,20,40,18,,,,
2017-10-12,03:53,0,on/off,on/off,0,19.9,69.5,on,46,20,40,18,,,,
2017-10-12,03:53,0,on/off,on/off,0,19.9,69.5,on,46,20,40,18,,,,
2017-10-12,03:53,0,on/off,on/off,0,19.9,69.5,on,46,20,40,18,,,,
2017-10-12,03:53,0,on/off,on/off,0,19.9,69.5,on,46,20,40,18,,,,
2017-10-12,03:53,0,on/off,on/off,0,19.9,69.5,on,46,20,41,18,,,,
2017-10-12,03:54,0,on/off,on/off,0,19.9,69.5,on,46,20,40,19,,,,
2017-10-12,03:54,0,on/off,on/off,0,19.9,69.5,on,46,20,40,18,,,,
2017-10-12,03:54,0,on/off,on/off,0,19.9,69.5,on,46,20,40,18,,,,
2017-10-12,03:54,0,on/off,on/off,0,19.9,69.5,on,46,20,40,18,,,,
2017-10-12,03:54,0,on/off,on/off,0,19.9,69.6,on,46,20,40,18,,,,
2017-10-12,03:54,0,on/off,on/off,0,19.9,69.6,on,46,20,40,18,,,,
2017-10-12,03:54,0,on/off,on/off,0,19.9,69.6,on,46,20,40,18,,,,
2017-10-12,03:54,0,on/off,on/off,0,19.9,69.6,on,46,20,40,18,,,,
2017-10-12,03:54,0,on/off,on/off,0,19.9,69.6,on,46,20,40,18,,,,
2017-10-12,03:54,0,on/off,on/off,0,19.9,69.6,on,46,20,40,18,,,,
2017-10-12,03:54,0,on/off,on/off,0,19.9,69.6,on,46,20,40,18,,,,
2017-10-12,03:54,0,on/off,on/off,0,19.9,69.6,on,46,20,40,18,,,,
2017-10-12,03:54,0,on/off,on/off,0,19.9,69.6,on,46,20,40,18,,,,
2017-10-12,03:54,0,on/off,on/off,0,19.9,69.6,on,46,20,40,18,,,,
2017-10-12,03:54,0,on/off,on/off,0,19.9,69.6,on,46,20,40,18,,,,
2017-10-12,03:54,0,on/off,on/off,0,19.9,69.6,on,46,20,40,18,,,,
2017-10-12,03:54,0,on/off,on/off,0,19.9,69.3,on,46,20,40,18,,,,
2017-10-12,03:54,0,on/off,on/off,0,19.9,69.3,on,46,20,40,18,,,,
2017-10-12,03:54,0,on/off,on/off,0,19.9,69.3,on,46,20,40,18,,,,
2017-10-12,03:54,0,on/off,on/off,0,19.9,69.3,on,46,20,40,18,,,,
2017-10-12,03:54,0,on/off,on/off,0,20.0,69.4,on,46,20,40,18,,,,
2017-10-12,03:54,0,on/off,on/off,0,20.0,69.4,on,46,20,40,18,,,,
2017-10-12,03:54,0,on/off,on/off,0,20.0,69.4,on,46,20,40,18,,,,
2017-10-12,03:54,0,on/off,on/off,0,20.0,69.4,on,46,20,40,18,,,,
2017-10-12,03:55,0,on/off,on/off,0,20.0,69.3,on,46,20,40,18,,,,
2017-10-12,03:55,0,on/off,on/off,0,20.0,69.3,on,46,20,40,18,,,,
2017-10-12,03:55,0,on/off,on/off,0,20.0,69.3,on,46,20,40,18,,,,
2017-10-12,03:55,0,on/off,on/off,0,20.0,69.3,on,46,20,40,18,,,,
2017-10-12,03:55,0,on/off,on/off,0,20.0,69.3,on,46,20,40,18,,,,
2017-10-12,03:55,0,on/off,on/off,0,20.0,69.3,on,46,20,40,18,,,,
2017-10-12,03:55,0,on/off,on/off,0,20.0,69.3,on,46,20,40,18,,,,
2017-10-12,03:55,0,on/off,on/off,0,20.0,69.3,on,46,20,40,18,,,,
2017-10-12,03:55,0,on/off,on/off,0,20.0,69.5,on,46,20,40,18,,,,
2017-10-12,03:55,0,on/off,on/off,0,20.0,69.5,on,46,20,40,18,,,,
2017-10-12,03:55,0,on/off,on/off,0,20.0,69.5,on,46,20,40,18,,,,
2017-10-12,03:55,1,on/off,on/off,0,20.0,69.5,on,46,20,40,18,,,,
2017-10-12,03:55,0,on/off,on/off,1,20.0,69.4,on,46,20,40,18,,,,
2017-10-12,03:55,0,on/off,on/off,0,20.0,69.4,on,46,20,40,18,,,,
2017-10-12,03:55,0,on/off,on/off,0,20.0,69.4,on,46,20,40,18,,,,
2017-10-12,03:55,0,on/off,on/off,0,20.0,69.4,on,46,20,40,18,,,,
2017-10-12,03:55,1,on/off,on/off,0,20.0,69.2,on,46,20,40,18,,,,
2017-10-12,03:55,0,on/off,on/off,0,20.0,69.2,on,46,20,40,18,,,,
2017-10-12,03:55,0,on/off,on/off,0,20.0,69.2,on,46,20,40,18,,,,
2017-10-12,03:55,0,on/off,on/off,0,20.0,69.2,on,46,20,40,18,,,,
2017-10-12,03:56,0,on/off,on/off,0,20.0,69.3,on,46,20,40,18,,,,
2017-10-12,03:56,0,on/off,on/off,0,20.0,69.3,on,46,20,40,18,,,,
2017-10-12,03:56,0,on/off,on/off,0,20.0,69.3,on,46,20,40,18,,,,
2017-10-12,03:56,0,on/off,on/off,0,20.0,69.3,on,46,20,40,18,,,,
2017-10-12,03:56,0,on/off,on/off,0,20.0,69.4,on,46,20,40,18,,,,
2017-10-12,03:56,1,on/off,on/off,0,20.0,69.4,on,46,20,40,18,,,,
2017-10-12,03:56,0,on/off,on/off,0,20.0,69.4,on,46,20,40,18,,,,
2017-10-12,03:56,0,on/off,on/off,0,20.0,69.4,on,46,20,40,18,,,,
2017-10-12,03:56,0,on/off,on/off,0,20.0,69.4,on,46,20,40,18,,,,
2017-10-12,03:56,0,on/off,on/off,0,20.0,69.4,on,46,20,40,18,,,,
2017-10-12,03:56,0,on/off,on/off,0,20.0,69.4,on,46,20,40,18,,,,
2017-10-12,03:56,0,on/off,on/off,0,20.0,69.4,on,46,20,40,18,,,,
2017-10-12,03:56,0,on/off,on/off,0,20.0,69.2,on,46,21,40,18,,,,
2017-10-12,03:56,0,on/off,on/off,0,20.0,69.2,on,46,20,40,18,,,,
2017-10-12,03:56,0,on/off,on/off,0,20.0,69.2,on,46,21,40,18,,,,
2017-10-12,03:56,2,on/off,on/off,0,20.0,69.2,on,46,20,40,18,,,,
2017-10-12,03:56,0,on/off,on/off,0,20.0,69.6,on,46,20,40,18,,,,
2017-10-12,03:56,0,on/off,on/off,0,20.0,69.6,on,46,20,40,18,,,,
2017-10-12,03:56,0,on/off,on/off,0,20.0,69.6,on,46,20,40,18,,,,
2017-10-12,03:56,0,on/off,on/off,0,20.0,69.6,on,46,20,40,18,,,,
2017-10-12,03:56,0,on/off,on/off,0,20.0,69.5,on,46,21,40,18,,,,
2017-10-12,03:56,0,on/off,on/off,0,20.0,69.5,on,46,20,40,18,,,,
2017-10-12,03:56,0,on/off,on/off,0,20.0,69.5,on,46,20,40,18,,,,
2017-10-12,03:56,0,on/off,on/off,0,20.0,69.5,on,46,20,40,18,,,,
2017-10-12,03:57,0,on/off,on/off,0,20.0,69.2,on,46,20,40,18,,,,
2017-10-12,03:57,0,on/off,on/off,0,20.0,69.2,on,46,21,40,18,,,,
2017-10-12,03:57,0,on/off,on/off,0,20.0,69.2,on,46,20,40,18,,,,
2017-10-12,03:57,0,on/off,on/off,0,20.0,69.2,on,46,20,40,18,,,,
2017-10-12,03:57,0,on/off,on/off,0,20.0,69.2,on,46,20,40,18,,,,
2017-10-12,03:57,0,on/off,on/off,0,20.0,69.2,on,46,20,40,19,,,,
2017-10-12,03:57,0,on/off,on/off,0,20.0,69.2,on,46,21,40,18,,,,
2017-10-12,03:57,0,on/off,on/off,0,20.0,69.2,on,46,20,41,18,,,,
2017-10-12,03:57,0,on/off,on/off,0,20.0,69.2,on,46,20,40,18,,,,
2017-10-12,03:57,0,on/off,on/off,0,20.0,69.2,on,46,20,40,18,,,,
2017-10-12,03:57,0,on/off,on/off,0,20.0,69.2,on,46,20,40,18,,,,
2017-10-12,03:57,2,on/off,on/off,0,20.0,69.2,on,46,21,40,18,,,,
2017-10-12,03:57,0,on/off,on/off,0,20.0,69.2,on,46,20,40,18,,,,
2017-10-12,03:57,0,on/off,on/off,0,20.0,69.2,on,46,20,40,19,,,,
2017-10-12,03:57,0,on/off,on/off,1,20.0,69.2,on,46,20,40,18,,,,
2017-10-12,03:57,0,on/off,on/off,0,20.0,69.2,on,46,20,40,18,,,,
2017-10-12,03:57,0,on/off,on/off,0,20.0,69.6,on,46,20,40,18,,,,
2017-10-12,03:57,0,on/off,on/off,0,20.0,69.6,on,46,20,40,18,,,,
2017-10-12,03:57,0,on/off,on/off,0,20.0,69.6,on,46,20,40,18,,,,
2017-10-12,03:57,1,on/off,on/off,0,20.0,69.6,on,46,20,40,18,,,,
2017-10-12,03:58,0,on/off,on/off,0,20.0,69.4,on,46,20,40,18,,,,
2017-10-12,03:58,0,on/off,on/off,0,20.0,69.4,on,46,20,40,18,,,,
2017-10-12,03:58,0,on/off,on/off,0,20.0,69.4,on,46,20,40,18,,,,
2017-10-12,03:58,4,on/off,on/off,0,20.0,69.4,on,46,21,40,18,,,,
2017-10-12,03:58,0,on/off,on/off,0,20.0,69.5,on,46,20,40,18,,,,
2017-10-12,03:58,0,on/off,on/off,0,20.0,69.5,on,46,20,40,19,,,,
2017-10-12,03:58,0,on/off,on/off,0,20.0,69.5,on,46,20,40,18,,,,
2017-10-12,03:58,0,on/off,on/off,0,20.0,69.5,on,46,20,40,18,,,,
2017-10-12,03:58,0,on/off,on/off,0,20.0,69.4,on,46,20,40,18,,,,
2017-10-12,03:58,0,on/off,on/off,0,20.0,69.4,on,46,20,40,18,,,,
2017-10-12,03:58,0,on/off,on/off,0,20.0,69.4,on,46,20,40,18,,,,
2017-10-12,03:58,0,on/off,on/off,0,20.0,69.4,on,46,20,40,18,,,,
2017-10-12,03:58,0,on/off,on/off,0,20.0,69.3,on,46,20,39,18,,,,
2017-10-12,03:58,1,on/off,on/off,0,20.0,69.3,on,46,20,40,18,,,,
2017-10-12,03:58,0,on/off,on/off,0,20.0,69.3,on,46,20,40,18,,,,
2017-10-12,03:58,0,on/off,on/off,0,20.0,69.3,on,46,20,40,18,,,,
2017-10-12,03:58,0,on/off,on/off,0,19.9,69.3,on,46,21,40,18,,,,
2017-10-12,03:58,0,on/off,on/off,0,19.9,69.3,on,46,20,40,18,,,,
2017-10-12,03:58,0,on/off,on/off,0,19.9,69.3,on,46,20,40,18,,,,
2017-10-12,03:58,0,on/off,on/off,0,19.9,69.3,on,46,20,40,18,,,,
2017-10-12,03:58,0,on/off,on/off,0,19.9,69.4,on,46,20,40,18,,,,
2017-10-12,03:58,0,on/off,on/off,0,19.9,69.4,on,46,21,40,18,,,,
2017-10-12,03:58,0,on/off,on/off,0,19.9,69.4,on,46,20,40,18,,,,
2017-10-12,03:58,0,on/off,on/off,0,19.9,69.4,on,46,20,40,18,,,,
2017-10-12,03:59,0,on/off,on/off,0,20.0,69.3,on,46,20,40,18,,,,
2017-10-12,03:59,0,on/off,on/off,0,20.0,69.3,on,46,20,40,18,,,,
2017-10-12,03:59,0,on/off,on/off,0,20.0,69.3,on,46,20,40,18,,,,
2017-10-12,03:59,0,on/off,on/off,0,20.0,69.3,on,46,21,40,18,,,,
2017-10-12,03:59,0,on/off,on/off,0,20.0,69.5,on,46,20,40,18,,,,
2017-10-12,03:59,1,on/off,on/off,0,20.0,69.5,on,46,20,40,18,,,,
2017-10-12,03:59,0,on/off,on/off,0,20.0,69.5,on,46,20,40,18,,,,
2017-10-12,03:59,0,on/off,on/off,0,20.0,69.5,on,46,20,40,18,,,,
2017-10-12,03:59,3,on/off,on/off,0,19.9,69.4,on,46,20,40,18,,,,
2017-10-12,03:59,0,on/off,on/off,0,19.9,69.4,on,46,20,40,18,,,,
2017-10-12,03:59,0,on/off,on/off,0,19.9,69.4,on,46,20,40,18,,,,
2017-10-12,03:59,0,on/off,on/off,0,19.9,69.4,on,46,20,40,18,,,,
2017-10-12,03:59,0,on/off,on/off,0,19.9,69.3,on,46,20,40,18,,,,
2017-10-12,03:59,0,on/off,on/off,0,19.9,69.3,on,46,20,40,19,,,,
2017-10-12,03:59,2,on/off,on/off,0,19.9,69.3,on,46,20,40,18,,,,
2017-10-12,03:59,0,on/off,on/off,0,19.9,69.3,on,46,20,40,18,,,,
2017-10-12,03:59,0,on/off,on/off,0,19.9,69.3,on,46,20,40,18,,,,
2017-10-12,03:59,0,on/off,on/off,0,19.9,69.3,on,46,20,40,18,,,,
2017-10-12,03:59,0,on/off,on/off,0,19.9,69.3,on,46,20,40,18,,,,
2017-10-12,03:59,0,on/off,on/off,0,19.9,69.3,on,46,20,40,18,,,,
2017-10-12,04:00,1,on/off,on/off,0,19.9,69.3,on,46,20,40,18,,,,
2017-10-12,04:00,0,on/off,on/off,0,19.9,69.3,on,46,20,40,18,,,,
2017-10-12,04:00,0,on/off,on/off,0,19.9,69.3,on,46,20,40,18,,,,
2017-10-12,04:00,0,on/off,on/off,0,19.9,69.3,on,46,20,40,18,,,,
2017-10-12,04:00,0,on/off,on/off,0,19.9,69.4,on,46,20,40,18,,,,
2017-10-12,04:00,0,on/off,on/off,0,19.9,69.4,on,46,20,40,18,,,,
2017-10-12,04:00,0,on/off,on/off,0,19.9,69.4,on,46,20,40,18,,,,
2017-10-12,04:00,0,on/off,on/off,0,19.9,69.4,on,46,20,40,18,,,,
2017-10-12,04:00,0,on/off,on/off,0,20.0,69.4,on,46,20,40,18,,,,
2017-10-12,04:00,0,on/off,on/off,0,20.0,69.4,on,46,20,40,18,,,,
2017-10-12,04:00,0,on/off,on/off,0,20.0,69.4,on,46,20,40,18,,,,
2017-10-12,04:00,5,on/off,on/off,0,20.0,69.4,on,46,21,40,18,,,,
2017-10-12,04:00,0,on/off,on/off,0,19.9,69.4,on,46,20,40,18,,,,
2017-10-12,04:00,0,on/off,on/off,0,19.9,69.4,on,46,20,40,18,,,,
2017-10-12,04:00,0,on/off,on/off,0,19.9,69.4,on,46,20,40,18,,,,
2017-10-12,04:00,0,on/off,on/off,0,19.9,69.4,on,46,20,40,18,,,,
2017-10-12,04:00,0,on/off,on/off,0,19.9,69.4,on,46,20,40,18,,,,
2017-10-12,04:00,4,on/off,on/off,0,19.9,69.4,on,46,21,40,18,,,,
2017-10-12,04:00,0,on/off,on/off,0,19.9,69.4,on,46,20,40,18,,,,
2017-10-12,04:00,0,on/off,on/off,0,19.9,69.4,on,46,20,40,18,,,,
2017-10-12,04:00,0,on/off,on/off,0,19.9,69.4,on,46,20,40,18,,,,
2017-10-12,04:00,1,on/off,on/off,0,19.9,69.4,on,46,20,40,18,,,,
2017-10-12,04:00,0,on/off,on/off,0,19.9,69.4,on,46,21,40,18,,,,
2017-10-12,04:00,0,on/off,on/off,0,19.9,69.4,on,46,20,40,18,,,,
2017-10-12,04:01,0,on/off,on/off,0,19.9,69.3,on,46,20,40,18,,,,
2017-10-12,04:01,0,on/off,on/off,0,19.9,69.3,on,46,20,40,18,,,,
2017-10-12,04:01,0,on/off,on/off,0,19.9,69.3,on,46,20,40,19,,,,
2017-10-12,04:01,0,on/off,on/off,0,19.9,69.3,on,46,20,40,18,,,,
2017-10-12,04:01,0,on/off,on/off,0,19.9,69.3,on,46,20,40,18,,,,
2017-10-12,04:01,0,on/off,on/off,0,19.9,69.3,on,46,20,40,18,,,,
2017-10-12,04:01,2,on/off,on/off,0,19.9,69.3,on,46,20,40,18,,,,
2017-10-12,04:01,0,on/off,on/off,0,19.9,69.3,on,46,20,40,18,,,,
2017-10-12,04:01,0,on/off,on/off,0,19.9,69.2,on,46,20,40,18,,,,
2017-10-12,04:01,0,on/off,on/off,0,19.9,69.2,on,46,20,40,18,,,,
2017-10-12,04:01,0,on/off,on/off,0,19.9,69.2,on,46,20,40,19,,,,
2017-10-12,04:01,0,on/off,on/off,0,19.9,69.2,on,46,20,40,18,,,,
2017-10-12,04:01,0,on/off,on/off,0,19.9,69.2,on,46,20,40,18,,,,
2017-10-12,04:01,0,on/off,on/off,0,19.9,69.2,on,46,20,40,18,,,,
2017-10-12,04:01,0,on/off,on/off,0,19.9,69.2,on,46,20,40,18,,,,
2017-10-12,04:01,0,on/off,on/off,0,19.9,69.2,on,46,20,40,18,,,,
2017-10-12,04:01,0,on/off,on/off,0,19.9,69.5,on,46,21,40,18,,,,
2017-10-12,04:01,0,on/off,on/off,0,19.9,69.5,on,46,20,40,18,,,,
2017-10-12,04:01,1,on/off,on/off,0,19.9,69.5,on,46,20,40,18,,,,
2017-10-12,04:01,0,on/off,on/off,0,19.9,69.5,on,46,20,40,18,,,,
2017-10-12,04:02,0,on/off,on/off,0,19.9,69.4,on,46,20,40,18,,,,
2017-10-12,04:02,1,on/off,on/off,0,19.9,69.4,on,46,20,40,18,,,,
2017-10-12,04:02,2,on/off,on/off,0,19.9,69.4,on,46,20,40,18,,,,
2017-10-12,04:02,0,on/off,on/off,0,19.9,69.4,on,46,20,40,18,,,,
2017-10-12,04:02,0,on/off,on/off,0,20.0,69.2,on,46,20,40,18,,,,
2017-10-12,04:02,0,on/off,on/off,0,20.0,69.2,on,46,20,40,18,,,,
2017-10-12,04:02,0,on/off,on/off,0,20.0,69.2,on,46,20,40,18,,,,
2017-10-12,04:02,0,on/off,on/off,0,20.0,69.2,on,46,20,40,18,,,,
2017-10-12,04:02,0,on/off,on/off,0,19.9,69.2,on,46,20,40,18,,,,
2017-10-12,04:02,0,on/off,on/off,0,19.9,69.2,on,46,20,40,18,,,,
2017-10-12,04:02,1,on/off,on/off,0,19.9,69.2,on,46,21,40,18,,,,
2017-10-12,04:02,0,on/off,on/off,0,19.9,69.2,on,46,21,40,18,,,,
2017-10-12,04:02,2,on/off,on/off,0,20.0,69.3,on,46,20,40,18,,,,
2017-10-12,04:02,0,on/off,on/off,0,20.0,69.3,on,46,20,40,18,,,,
2017-10-12,04:02,0,on/off,on/off,0,20.0,69.3,on,46,20,40,18,,,,
2017-10-12,04:02,0,on/off,on/off,0,20.0,69.3,on,46,20,40,18,,,,
2017-10-12,04:02,0,on/off,on/off,0,19.9,69.5,on,46,20,40,18,,,,
2017-10-12,04:02,1,on/off,on/off,0,19.9,69.5,on,46,20,40,18,,,,
2017-10-12,04:02,4,on/off,on/off,0,19.9,69.5,on,46,21,40,18,,,,
2017-10-12,04:02,0,on/off,on/off,0,19.9,69.5,on,46,20,40,18,,,,
2017-10-12,04:02,1,on/off,on/off,0,19.9,69.4,on,46,20,40,18,,,,
2017-10-12,04:02,0,on/off,on/off,0,19.9,69.4,on,46,20,40,18,,,,
2017-10-12,04:02,3,on/off,on/off,0,19.9,69.4,on,46,20,40,18,,,,
2017-10-12,04:02,0,on/off,on/off,0,19.9,69.4,on,46,20,40,18,,,,
2017-10-12,04:03,0,on/off,on/off,0,19.9,69.4,on,46,20,40,18,,,,
2017-10-12,04:03,0,on/off,on/off,0,19.9,69.4,on,46,20,40,18,,,,
2017-10-12,04:03,0,on/off,on/off,0,19.9,69.4,on,46,20,40,18,,,,
2017-10-12,04:03,0,on/off,on/off,0,19.9,69.4,on,46,21,40,18,,,,
2017-10-12,04:03,3,on/off,on/off,0,19.9,69.3,on,46,21,40,18,,,,
2017-10-12,04:03,2,on/off,on/off,0,19.9,69.3,on,46,20,40,18,,,,
2017-10-12,04:03,0,on/off,on/off,0,19.9,69.3,on,46,20,40,18,,,,
2017-10-12,04:03,0,on/off,on/off,0,19.9,69.3,on,46,20,40,18,,,,
2017-10-12,04:03,0,on/off,on/off,0,19.9,69.4,on,46,21,40,18,,,,
2017-10-12,04:03,2,on/off,on/off,0,19.9,69.4,on,46,20,40,18,,,,
2017-10-12,04:03,4,on/off,on/off,0,19.9,69.4,on,46,21,40,18,,,,
2017-10-12,04:03,0,on/off,on/off,0,19.9,69.4,on,46,20,40,18,,,,
2017-10-12,04:03,0,on/off,on/off,0,19.9,69.4,on,46,20,40,18,,,,
2017-10-12,04:03,0,on/off,on/off,0,19.9,69.4,on,46,20,40,18,,,,
2017-10-12,04:03,5,on/off,on/off,0,19.9,69.4,on,46,20,40,18,,,,
2017-10-12,04:03,0,on/off,on/off,0,19.9,69.4,on,46,20,40,18,,,,
2017-10-12,04:03,0,on/off,on/off,0,19.9,69.4,on,46,20,40,18,,,,
2017-10-12,04:03,0,on/off,on/off,0,19.9,69.4,on,46,20,40,19,,,,
2017-10-12,04:03,0,on/off,on/off,0,19.9,69.4,on,46,20,40,18,,,,
2017-10-12,04:03,0,on/off,on/off,0,19.9,69.4,on,46,20,40,18,,,,
2017-10-12,04:03,0,on/off,on/off,0,19.9,69.3,on,46,20,40,18,,,,
2017-10-12,04:03,0,on/off,on/off,0,19.9,69.3,on,46,20,40,18,,,,
2017-10-12,04:03,1,on/off,on/off,0,19.9,69.3,on,46,20,40,18,,,,
2017-10-12,04:03,0,on/off,on/off,0,19.9,69.3,on,46,20,40,18,,,,
2017-10-12,04:04,0,on/off,on/off,0,19.9,69.3,on,46,20,40,18,,,,
2017-10-12,04:04,0,on/off,on/off,0,19.9,69.3,on,46,20,40,18,,,,
2017-10-12,04:04,0,on/off,on/off,0,19.9,69.3,on,46,20,40,18,,,,
2017-10-12,04:04,3,on/off,on/off,0,19.9,69.3,on,46,20,40,18,,,,
2017-10-12,04:04,0,on/off,on/off,0,20.0,69.6,on,46,20,40,18,,,,
2017-10-12,04:04,0,on/off,on/off,0,20.0,69.6,on,46,20,40,18,,,,
2017-10-12,04:04,0,on/off,on/off,0,20.0,69.6,on,46,20,40,18,,,,
2017-10-12,04:04,0,on/off,on/off,0,20.0,69.6,on,46,21,40,18,,,,
2017-10-12,04:04,0,on/off,on/off,0,19.9,69.7,on,46,20,40,18,,,,
2017-10-12,04:04,0,on/off,on/off,0,19.9,69.7,on,46,20,40,18,,,,
2017-10-12,04:04,0,on/off,on/off,0,19.9,69.7,on,46,20,40,18,,,,
2017-10-12,04:04,0,on/off,on/off,0,19.9,69.7,on,46,20,40,18,,,,
2017-10-12,04:04,0,on/off,on/off,0,19.9,69.6,on,46,20,40,18,,,,
2017-10-12,04:04,0,on/off,on/off,0,19.9,69.6,on,46,20,40,18,,,,
2017-10-12,04:04,1,on/off,on/off,0,19.9,69.6,on,46,20,40,18,,,,
2017-10-12,04:04,0,on/off,on/off,0,19.9,69.6,on,46,21,40,18,,,,
2017-10-12,04:04,0,on/off,on/off,1,19.9,69.6,on,46,20,40,18,,,,
2017-10-12,04:04,0,on/off,on/off,0,19.9,69.6,on,46,20,40,18,,,,
2017-10-12,04:04,0,on/off,on/off,0,19.9,69.6,on,46,20,40,18,,,,
2017-10-12,04:04,0,on/off,on/off,0,19.9,69.6,on,46,20,40,18,,,,
2017-10-12,04:05,0,on/off,on/off,0,19.9,69.4,on,46,20,40,18,,,,
2017-10-12,04:05,0,on/off,on/off,0,19.9,69.4,on,46,20,39,18,,,,
2017-10-12,04:05,0,on/off,on/off,0,19.9,69.4,on,46,20,40,18,,,,
2017-10-12,04:05,0,on/off,on/off,0,19.9,69.4,on,46,20,40,18,,,,
2017-10-12,04:05,0,on/off,on/off,0,19.9,69.4,on,46,20,40,18,,,,
2017-10-12,04:05,0,on/off,on/off,0,19.9,69.4,on,46,20,40,18,,,,
2017-10-12,04:05,0,on/off,on/off,0,19.9,69.4,on,46,20,40,18,,,,
2017-10-12,04:05,0,on/off,on/off,0,19.9,69.4,on,46,20,40,18,,,,
2017-10-12,04:05,0,on/off,on/off,0,19.9,69.4,on,46,20,40,19,,,,
2017-10-12,04:05,0,on/off,on/off,0,19.9,69.4,on,46,20,40,18,,,,
2017-10-12,04:05,1,on/off,on/off,0,19.9,69.4,on,46,20,40,18,,,,
2017-10-12,04:05,0,on/off,on/off,0,19.9,69.4,on,46,21,40,18,,,,
2017-10-12,04:05,0,on/off,on/off,0,19.9,69.3,on,46,20,40,18,,,,
2017-10-12,04:05,2,on/off,on/off,0,19.9,69.3,on,46,20,40,18,,,,
2017-10-12,04:05,0,on/off,on/off,0,19.9,69.3,on,46,20,39,18,,,,
2017-10-12,04:05,0,on/off,on/off,0,19.9,69.3,on,46,20,40,18,,,,
2017-10-12,04:05,0,on/off,on/off,0,19.9,69.4,on,46,20,40,18,,,,
2017-10-12,04:05,0,on/off,on/off,0,19.9,69.4,on,46,20,40,18,,,,
2017-10-12,04:05,0,on/off,on/off,0,19.9,69.4,on,46,20,40,18,,,,
2017-10-12,04:05,0,on/off,on/off,0,19.9,69.4,on,46,20,40,18,,,,
2017-10-12,04:05,2,on/off,on/off,0,19.9,69.4,on,46,21,40,18,,,,
2017-10-12,04:05,0,on/off,on/off,0,19.9,69.4,on,46,20,39,18,,,,
2017-10-12,04:05,0,on/off,on/off,0,19.9,69.4,on,46,20,40,18,,,,
2017-10-12,04:05,0,on/off,on/off,0,19.9,69.4,on,46,20,40,19,,,,
2017-10-12,04:06,0,on/off,on/off,0,19.9,69.4,on,46,20,40,18,,,,
2017-10-12,04:06,3,on/off,on/off,0,19.9,69.4,on,46,21,40,18,,,,
2017-10-12,04:06,0,on/off,on/off,0,19.9,69.4,on,46,20,40,18,,,,
2017-10-12,04:06,0,on/off,on/off,0,19.9,69.4,on,46,20,39,19,,,,
2017-10-12,04:06,0,on/off,on/off,0,19.9,69.5,on,46,20,40,18,,,,
2017-10-12,04:06,0,on/off,on/off,0,19.9,69.5,on,46,20,40,18,,,,
2017-10-12,04:06,0,on/off,on/off,0,19.9,69.5,on,46,20,40,18,,,,
2017-10-12,04:06,0,on/off,on/off,0,19.9,69.5,on,46,20,40,18,,,,
2017-10-12,04:06,0,on/off,on/off,0,19.9,69.4,on,46,20,40,18,,,,
2017-10-12,04:06,0,on/off,on/off,0,19.9,69.4,on,46,21,40,18,,,,
2017-10-12,04:06,0,on/off,on/off,0,19.9,69.4,on,46,20,40,18,,,,
2017-10-12,04:06,0,on/off,on/off,0,19.9,69.4,on,46,20,40,18,,,,
2017-10-12,04:06,0,on/off,on/off,0,19.9,69.4,on,46,20,40,18,,,,
2017-10-12,04:06,0,on/off,on/off,0,19.9,69.4,on,46,20,40,18,,,,
2017-10-12,04:06,0,on/off,on/off,0,19.9,69.4,on,46,20,40,18,,,,
2017-10-12,04:06,0,on/off,on/off,0,19.9,69.4,on,46,20,40,18,,,,
2017-10-12,04:06,0,on/off,on/off,0,19.9,69.5,on,46,20,40,18,,,,
2017-10-12,04:06,0,on/off,on/off,0,19.9,69.5,on,46,20,40,18,,,,
2017-10-12,04:06,0,on/off,on/off,0,19.9,69.5,on,46,20,40,18,,,,
2017-10-12,04:06,1,on/off,on/off,0,19.9,69.5,on,46,20,40,18,,,,
2017-10-12,04:07,0,on/off,on/off,0,19.9,69.4,on,46,20,40,18,,,,
2017-10-12,04:07,0,on/off,on/off,0,19.9,69.4,on,46,20,40,19,,,,
2017-10-12,04:07,0,on/off,on/off,0,19.9,69.4,on,46,20,40,18,,,,
2017-10-12,04:07,0,on/off,on/off,0,19.9,69.4,on,46,20,40,18,,,,
2017-10-12,04:07,0,on/off,on/off,0,19.9,69.4,on,46,20,39,18,,,,
2017-10-12,04:07,0,on/off,on/off,0,19.9,69.4,on,46,20,40,18,,,,
2017-10-12,04:07,0,on/off,on/off,0,19.9,69.4,on,46,20,40,18,,,,
2017-10-12,04:07,0,on/off,on/off,0,19.9,69.4,on,46,20,40,18,,,,
2017-10-12,04:07,0,on/off,on/off,0,19.9,69.5,on,46,20,40,18,,,,
2017-10-12,04:07,0,on/off,on/off,0,19.9,69.5,on,46,20,40,18,,,,
2017-10-12,04:07,0,on/off,on/off,0,19.9,69.5,on,46,20,40,18,,,,
2017-10-12,04:07,0,on/off,on/off,0,19.9,69.5,on,46,20,40,18,,,,
2017-10-12,04:07,0,on/off,on/off,0,19.9,69.5,on,46,20,39,18,,,,
2017-10-12,04:07,0,on/off,on/off,0,19.9,69.5,on,46,20,40,18,,,,
2017-10-12,04:07,0,on/off,on/off,0,19.9,69.5,on,46,20,40,18,,,,
2017-10-12,04:07,0,on/off,on/off,0,19.9,69.5,on,46,20,40,18,,,,
2017-10-12,04:07,0,on/off,on/off,0,19.9,69.5,on,46,20,39,18,,,,
2017-10-12,04:07,0,on/off,on/off,0,19.9,69.5,on,46,20,40,18,,,,
2017-10-12,04:07,0,on/off,on/off,0,19.9,69.5,on,46,20,40,18,,,,
2017-10-12,04:07,3,on/off,on/off,0,19.9,69.5,on,46,20,40,18,,,,
2017-10-12,04:07,0,on/off,on/off,0,19.9,69.6,on,46,20,40,18,,,,
2017-10-12,04:07,0,on/off,on/off,0,19.9,69.6,on,46,20,40,18,,,,
2017-10-12,04:07,0,on/off,on/off,0,19.9,69.6,on,46,20,40,18,,,,
2017-10-12,04:07,0,on/off,on/off,0,19.9,69.6,on,46,20,40,19,,,,
2017-10-12,04:08,0,on/off,on/off,0,19.9,69.5,on,46,20,40,18,,,,
2017-10-12,04:08,0,on/off,on/off,0,19.9,69.5,on,46,20,40,18,,,,
2017-10-12,04:08,0,on/off,on/off,0,19.9,69.5,on,46,20,40,18,,,,
2017-10-12,04:08,0,on/off,on/off,0,19.9,69.5,on,46,20,40,18,,,,
2017-10-12,04:08,0,on/off,on/off,0,19.9,69.6,on,46,20,40,18,,,,
2017-10-12,04:08,0,on/off,on/off,0,19.9,69.6,on,46,20,40,18,,,,
2017-10-12,04:08,0,on/off,on/off,0,19.9,69.6,on,46,20,40,18,,,,
2017-10-12,04:08,0,on/off,on/off,0,19.9,69.6,on,46,20,40,18,,,,
2017-10-12,04:08,0,on/off,on/off,0,19.9,69.6,on,46,20,40,18,,,,
2017-10-12,04:08,4,on/off,on/off,0,19.9,69.6,on,46,20,40,18,,,,
2017-10-12,04:08,0,on/off,on/off,0,19.9,69.6,on,46,20,40,18,,,,
2017-10-12,04:08,0,on/off,on/off,0,19.9,69.6,on,46,20,40,18,,,,
2017-10-12,04:08,0,on/off,on/off,0,19.9,69.6,on,46,20,40,18,,,,
2017-10-12,04:08,0,on/off,on/off,0,19.9,69.6,on,46,20,40,18,,,,
2017-10-12,04:08,0,on/off,on/off,0,19.9,69.6,on,46,20,40,18,,,,
2017-10-12,04:08,0,on/off,on/off,0,19.9,69.6,on,46,20,40,18,,,,
2017-10-12,04:08,1,on/off,on/off,0,19.9,69.4,on,46,20,40,18,,,,
2017-10-12,04:08,0,on/off,on/off,0,19.9,69.4,on,46,20,39,18,,,,
2017-10-12,04:08,0,on/off,on/off,0,19.9,69.4,on,46,21,40,18,,,,
2017-10-12,04:08,0,on/off,on/off,0,19.9,69.4,on,46,20,40,19,,,,
2017-10-12,04:09,0,on/off,on/off,0,19.9,69.6,on,46,20,40,18,,,,
2017-10-12,04:09,0,on/off,on/off,0,19.9,69.6,on,46,20,40,18,,,,
2017-10-12,04:09,0,on/off,on/off,1,19.9,69.6,on,46,20,40,18,,,,
2017-10-12,04:09,0,on/off,on/off,0,19.9,69.6,on,46,20,39,18,,,,
2017-10-12,04:09,0,on/off,on/off,0,19.9,69.6,on,46,21,40,18,,,,
2017-10-12,04:09,0,on/off,on/off,0,19.9,69.6,on,46,20,40,18,,,,
2017-10-12,04:09,0,on/off,on/off,0,19.9,69.6,on,46,20,40,18,,,,
2017-10-12,04:09,1,on/off,on/off,0,19.9,69.6,on,46,20,40,18,,,,
2017-10-12,04:09,1,on/off,on/off,0,19.9,69.5,on,46,20,39,18,,,,
2017-10-12,04:09,0,on/off,on/off,0,19.9,69.5,on,46,20,40,18,,,,
2017-10-12,04:09,0,on/off,on/off,0,19.9,69.5,on,46,20,40,18,,,,
2017-10-12,04:09,0,on/off,on/off,0,19.9,69.5,on,46,21,40,18,,,,
2017-10-12,04:09,0,on/off,on/off,0,19.9,69.3,on,46,21,40,18,,,,
2017-10-12,04:09,0,on/off,on/off,0,19.9,69.3,on,46,20,40,18,,,,
2017-10-12,04:09,0,on/off,on/off,0,19.9,69.3,on,46,20,40,18,,,,
2017-10-12,04:09,1,on/off,on/off,0,19.9,69.3,on,46,20,40,18,,,,
2017-10-12,04:09,0,on/off,on/off,0,19.9,69.3,on,46,20,40,18,,,,
2017-10-12,04:09,0,on/off,on/off,0,19.9,69.3,on,46,20,40,18,,,,
2017-10-12,04:09,0,on/off,on/off,0,19.9,69.3,on,46,20,40,18,,,,
2017-10-12,04:09,0,on/off,on/off,0,19.9,69.3,on,46,20,40,18,,,,
2017-10-12,04:09,0,on/off,on/off,0,19.9,69.2,on,46,20,40,18,,,,
2017-10-12,04:09,0,on/off,on/off,0,19.9,69.2,on,46,20,40,18,,,,
2017-10-12,04:09,0,on/off,on/off,0,19.9,69.2,on,46,20,40,18,,,,
2017-10-12,04:09,0,on/off,on/off,0,19.9,69.2,on,46,20,40,19,,,,
2017-10-12,04:10,0,on/off,on/off,0,19.9,69.3,on,46,20,40,18,,,,
2017-10-12,04:10,0,on/off,on/off,0,19.9,69.3,on,46,20,40,18,,,,
2017-10-12,04:10,0,on/off,on/off,0,19.9,69.3,on,46,20,40,19,,,,
2017-10-12,04:10,0,on/off,on/off,0,19.9,69.3,on,46,20,40,18,,,,
2017-10-12,04:10,0,on/off,on/off,0,19.9,69.3,on,46,20,40,18,,,,
2017-10-12,04:10,0,on/off,on/off,0,19.9,69.3,on,46,20,40,18,,,,
2017-10-12,04:10,0,on/off,on/off,0,19.9,69.3,on,46,21,40,18,,,,
2017-10-12,04:10,0,on/off,on/off,0,19.9,69.3,on,46,20,40,18,,,,
2017-10-12,04:10,0,on/off,on/off,0,19.9,69.3,on,46,20,40,18,,,,
2017-10-12,04:10,0,on/off,on/off,0,19.9,69.3,on,46,21,40,18,,,,
2017-10-12,04:10,0,on/off,on/off,0,19.9,69.3,on,46,20,40,18,,,,
2017-10-12,04:10,0,on/off,on/off,0,19.9,69.3,on,46,21,40,18,,,,
2017-10-12,04:10,0,on/off,on/off,0,19.9,69.4,on,46,21,40,18,,,,
2017-10-12,04:10,0,on/off,on/off,0,19.9,69.4,on,46,20,40,18,,,,
2017-10-12,04:10,0,on/off,on/off,0,19.9,69.4,on,46,20,40,18,,,,
2017-10-12,04:10,0,on/off,on/off,0,19.9,69.4,on,46,20,39,18,,,,
2017-10-12,04:10,0,on/off,on/off,0,19.9,69.2,on,46,20,40,18,,,,
2017-10-12,04:10,0,on/off,on/off,0,19.9,69.2,on,46,20,40,18,,,,
2017-10-12,04:10,0,on/off,on/off,0,19.9,69.2,on,46,20,40,18,,,,
2017-10-12,04:10,4,on/off,on/off,0,19.9,69.2,on,46,20,40,18,,,,
2017-10-12,04:11,0,on/off,on/off,0,19.9,69.1,on,46,20,40,18,,,,
2017-10-12,04:11,0,on/off,on/off,0,19.9,69.1,on,46,21,40,18,,,,
2017-10-12,04:11,0,on/off,on/off,0,19.9,69.1,on,46,20,40,18,,,,
2017-10-12,04:11,2,on/off,on/off,0,19.9,69.1,on,46,21,39,18,,,,
2017-10-12,04:11,0,on/off,on/off,0,19.9,69.1,on,46,20,40,18,,,,
2017-10-12,04:11,0,on/off,on/off,0,19.9,69.1,on,46,20,40,18,,,,
2017-10-12,04:11,0,on/off,on/off,0,19.9,69.1,on,46,20,39,18,,,,
2017-10-12,04:11,0,on/off,on/off,0,19.9,69.1,on,46,20,40,18,,,,
2017-10-12,04:11,0,on/off,on/off,0,19.9,69.1,on,46,20,40,19,,,,
2017-10-12,04:11,0,on/off,on/off,0,19.9,69.1,on,46,20,40,18,,,,
2017-10-12,04:11,0,on/off,on/off,0,19.9,69.1,on,46,20,39,18,,,,
2017-10-12,04:11,0,on/off,on/off,0,19.9,69.1,on,46,20,40,18,,,,
2017-10-12,04:11,0,on/off,on/off,0,19.9,69.0,on,46,20,40,18,,,,
2017-10-12,04:11,0,on/off,on/off,0,19.9,69.0,on,46,20,40,18,,,,
2017-10-12,04:11,0,on/off,on/off,0,19.9,69.0,on,46,20,39,18,,,,
2017-10-12,04:11,0,on/off,on/off,0,19.9,69.0,on,46,20,40,18,,,,
2017-10-12,04:11,0,on/off,on/off,0,19.9,69.0,on,46,20,40,18,,,,
2017-10-12,04:11,0,on/off,on/off,0,19.9,69.0,on,46,20,40,18,,,,
2017-10-12,04:11,2,on/off,on/off,0,19.9,69.0,on,46,20,39,18,,,,
2017-10-12,04:11,0,on/off,on/off,0,19.9,69.0,on,46,20,40,18,,,,
2017-10-12,04:11,0,on/off,on/off,0,19.9,69.0,on,46,20,40,18,,,,
2017-10-12,04:11,0,on/off,on/off,0,19.9,69.0,on,46,20,40,18,,,,
2017-10-12,04:11,0,on/off,on/off,0,19.9,69.0,on,46,20,40,18,,,,
2017-10-12,04:11,0,on/off,on/off,0,19.9,69.0,on,46,20,40,18,,,,
2017-10-12,04:12,0,on/off,on/off,0,20.0,69.1,on,46,20,40,18,,,,
2017-10-12,04:12,0,on/off,on/off,0,20.0,69.1,on,46,20,40,18,,,,
2017-10-12,04:12,0,on/off,on/off,0,20.0,69.1,on,46,20,40,18,,,,
2017-10-12,04:12,0,on/off,on/off,0,20.0,69.1,on,46,20,39,18,,,,
2017-10-12,04:12,0,on/off,on/off,0,20.0,69.0,on,46,20,40,18,,,,
2017-10-12,04:12,0,on/off,on/off,0,20.0,69.0,on,46,20,40,18,,,,
2017-10-12,04:12,3,on/off,on/off,0,20.0,69.0,on,46,21,40,18,,,,
2017-10-12,04:12,0,on/off,on/off,0,20.0,69.0,on,46,20,39,18,,,,
2017-10-12,04:12,0,on/off,on/off,0,19.9,69.1,on,46,20,39,18,,,,
2017-10-12,04:12,0,on/off,on/off,0,19.9,69.1,on,46,21,40,18,,,,
2017-10-12,04:12,0,on/off,on/off,0,19.9,69.1,on,46,20,40,18,,,,
2017-10-12,04:12,0,on/off,on/off,0,19.9,69.1,on,46,20,40,18,,,,
2017-10-12,04:12,0,on/off,on/off,0,19.9,69.4,on,46,20,40,18,,,,
2017-10-12,04:12,0,on/off,on/off,0,19.9,69.4,on,46,20,40,18,,,,
2017-10-12,04:12,0,on/off,on/off,0,19.9,69.4,on,46,20,39,18,,,,
2017-10-12,04:12,0,on/off,on/off,0,19.9,69.4,on,46,20,40,18,,,,
2017-10-12,04:12,2,on/off,on/off,0,19.9,69.2,on,46,20,39,18,,,,
2017-10-12,04:12,0,on/off,on/off,0,19.9,69.2,on,46,20,39,18,,,,
2017-10-12,04:12,0,on/off,on/off,0,19.9,69.2,on,46,20,40,18,,,,
2017-10-12,04:12,0,on/off,on/off,0,19.9,69.2,on,46,20,39,18,,,,
2017-10-12,04:13,0,on/off,on/off,0,19.9,69.2,on,46,20,40,18,,,,
2017-10-12,04:13,1,on/off,on/off,0,19.9,69.2,on,46,20,40,18,,,,
2017-10-12,04:13,1,on/off,on/off,0,19.9,69.2,on,46,21,40,18,,,,
2017-10-12,04:13,0,on/off,on/off,0,19.9,69.2,on,46,20,39,18,,,,
2017-10-12,04:13,0,on/off,on/off,0,19.9,69.2,on,46,20,39,18,,,,
2017-10-12,04:13,0,on/off,on/off,0,19.9,69.2,on,46,20,40,18,,,,
2017-10-12,04:13,3,on/off,on/off,0,19.9,69.2,on,46,20,40,18,,,,
2017-10-12,04:13,0,on/off,on/off,0,19.9,69.2,on,46,20,40,18,,,,
2017-10-12,04:13,0,on/off,on/off,0,19.9,69.3,on,46,20,40,18,,,,
2017-10-12,04:13,0,on/off,on/off,0,19.9,69.3,on,46,20,39,18,,,,
2017-10-12,04:13,0,on/off,on/off,0,19.9,69.3,on,46,20,39,18,,,,
2017-10-12,04:13,0,on/off,on/off,0,19.9,69.3,on,46,20,40,18,,,,
2017-10-12,04:13,0,on/off,on/off,0,19.9,69.2,on,46,21,40,18,,,,
2017-10-12,04:13,1,on/off,on/off,0,19.9,69.2,on,46,20,40,18,,,,
2017-10-12,04:13,0,on/off,on/off,0,19.9,69.2,on,46,20,39,18,,,,
2017-10-12,04:13,0,on/off,on/off,0,19.9,69.2,on,46,20,40,18,,,,
2017-10-12,04:13,0,on/off,on/off,0,19.9,69.2,on,46,20,40,18,,,,
2017-10-12,04:13,0,on/off,on/off,0,19.9,69.2,on,46,20,40,18,,,,
2017-10-12,04:13,0,on/off,on/off,0,19.9,69.2,on,46,20,40,18,,,,
2017-10-12,04:13,0,on/off,on/off,0,19.9,69.2,on,46,20,40,18,,,,
2017-10-12,04:13,0,on/off,on/off,0,19.9,69.3,on,46,20,39,18,,,,
2017-10-12,04:13,0,on/off,on/off,0,19.9,69.3,on,46,20,40,18,,,,
2017-10-12,04:13,0,on/off,on/off,0,19.9,69.3,on,46,20,39,18,,,,
2017-10-12,04:13,0,on/off,on/off,0,19.9,69.3,on,46,20,40,18,,,,
2017-10-12,04:14,0,on/off,on/off,0,19.9,69.3,on,46,20,40,18,,,,
2017-10-12,04:14,0,on/off,on/off,0,19.9,69.3,on,46,20,40,18,,,,
2017-10-12,04:14,5,on/off,on/off,0,19.9,69.3,on,46,20,40,18,,,,
2017-10-12,04:14,1,on/off,on/off,0,19.9,69.3,on,46,20,39,18,,,,
2017-10-12,04:14,0,on/off,on/off,0,19.9,69.4,on,46,20,40,18,,,,
2017-10-12,04:14,0,on/off,on/off,0,19.9,69.4,on,46,20,40,18,,,,
2017-10-12,04:14,0,on/off,on/off,0,19.9,69.4,on,46,20,40,18,,,,
2017-10-12,04:14,1,on/off,on/off,0,19.9,69.4,on,46,20,40,18,,,,
2017-10-12,04:14,0,on/off,on/off,0,19.9,69.3,on,46,20,40,18,,,,
2017-10-12,04:14,0,on/off,on/off,0,19.9,69.3,on,46,20,39,18,,,,
2017-10-12,04:14,0,on/off,on/off,0,19.9,69.3,on,46,20,40,18,,,,
2017-10-12,04:14,0,on/off,on/off,0,19.9,69.3,on,46,20,40,18,,,,
2017-10-12,04:14,0,on/off,on/off,0,19.9,69.3,on,46,20,39,18,,,,
2017-10-12,04:14,2,on/off,on/off,0,19.9,69.3,on,46,20,40,18,,,,
2017-10-12,04:14,0,on/off,on/off,0,19.9,69.3,on,46,20,40,18,,,,
2017-10-12,04:14,0,on/off,on/off,0,19.9,69.3,on,46,20,40,18,,,,
2017-10-12,04:14,0,on/off,on/off,0,19.9,69.2,on,46,20,39,18,,,,
2017-10-12,04:14,0,on/off,on/off,0,19.9,69.2,on,46,20,39,18,,,,
2017-10-12,04:14,0,on/off,on/off,0,19.9,69.2,on,46,20,40,18,,,,
2017-10-12,04:14,0,on/off,on/off,0,19.9,69.2,on,46,20,40,18,,,,
2017-10-12,04:15,0,on/off,on/off,0,19.9,69.3,on,46,20,40,18,,,,
2017-10-12,04:15,0,on/off,on/off,0,19.9,69.3,on,46,20,40,18,,,,
2017-10-12,04:15,0,on/off,on/off,0,19.9,69.3,on,46,20,40,18,,,,
2017-10-12,04:15,1,on/off,on/off,0,19.9,69.3,on,46,21,40,18,,,,
2017-10-12,04:15,2,on/off,on/off,0,19.9,69.2,on,46,20,40,18,,,,
2017-10-12,04:15,2,on/off,on/off,0,19.9,69.2,on,46,21,40,18,,,,
2017-10-12,04:15,0,on/off,on/off,0,19.9,69.2,on,46,20,39,18,,,,
2017-10-12,04:15,0,on/off,on/off,0,19.9,69.2,on,46,20,40,18,,,,
2017-10-12,04:15,0,on/off,on/off,0,19.9,69.3,on,46,20,40,18,,,,
2017-10-12,04:15,0,on/off,on/off,0,19.9,69.3,on,46,20,39,18,,,,
2017-10-12,04:15,0,on/off,on/off,0,19.9,69.3,on,46,20,39,18,,,,
2017-10-12,04:15,0,on/off,on/off,0,19.9,69.3,on,46,20,40,18,,,,
2017-10-12,04:15,0,on/off,on/off,0,19.9,69.3,on,46,20,40,18,,,,
2017-10-12,04:15,0,on/off,on/off,0,19.9,69.3,on,46,20,40,18,,,,
2017-10-12,04:15,0,on/off,on/off,0,19.9,69.3,on,46,20,40,18,,,,
2017-10-12,04:15,0,on/off,on/off,0,19.9,69.3,on,46,21,40,18,,,,
2017-10-12,04:15,0,on/off,on/off,0,19.9,69.2,on,46,20,40,18,,,,
2017-10-12,04:15,3,on/off,on/off,0,19.9,69.2,on,46,21,39,18,,,,
2017-10-12,04:15,1,on/off,on/off,0,19.9,69.2,on,46,20,39,18,,,,
2017-10-12,04:15,0,on/off,on/off,0,19.9,69.2,on,46,20,39,18,,,,
2017-10-12,04:15,0,on/off,on/off,0,19.9,69.3,on,46,20,40,18,,,,
2017-10-12,04:15,0,on/off,on/off,0,19.9,69.3,on,46,20,40,18,,,,
2017-10-12,04:15,0,on/off,on/off,0,19.9,69.3,on,46,20,40,18,,,,
2017-10-12,04:15,0,on/off,on/off,0,19.9,69.3,on,46,20,39,18,,,,
2017-10-12,04:16,0,on/off,on/off,0,19.9,69.4,on,46,20,39,18,,,,
2017-10-12,04:16,0,on/off,on/off,0,19.9,69.4,on,46,20,39,18,,,,
2017-10-12,04:16,0,on/off,on/off,0,19.9,69.4,on,46,20,40,18,,,,
2017-10-12,04:16,0,on/off,on/off,0,19.9,69.4,on,46,20,40,18,,,,
2017-10-12,04:16,0,on/off,on/off,0,19.9,69.3,on,46,20,40,18,,,,
2017-10-12,04:16,0,on/off,on/off,0,19.9,69.3,on,46,20,39,18,,,,
2017-10-12,04:16,0,on/off,on/off,0,19.9,69.3,on,46,20,39,19,,,,
2017-10-12,04:16,1,on/off,on/off,0,19.9,69.3,on,46,20,40,18,,,,
2017-10-12,04:16,3,on/off,on/off,0,19.9,69.2,on,46,21,40,18,,,,
2017-10-12,04:16,0,on/off,on/off,0,19.9,69.2,on,46,20,40,18,,,,
2017-10-12,04:16,0,on/off,on/off,0,19.9,69.2,on,46,20,40,18,,,,
2017-10-12,04:16,0,on/off,on/off,0,19.9,69.2,on,46,20,39,18,,,,
2017-10-12,04:16,0,on/off,on/off,0,19.9,69.4,on,46,20,39,18,,,,
2017-10-12,04:16,0,on/off,on/off,0,19.9,69.4,on,46,20,40,18,,,,
2017-10-12,04:16,0,on/off,on/off,0,19.9,69.4,on,46,20,40,18,,,,
2017-10-12,04:16,0,on/off,on/off,0,19.9,69.4,on,46,20,40,18,,,,
2017-10-12,04:16,0,on/off,on/off,0,19.9,69.3,on,46,20,40,18,,,,
2017-10-12,04:16,0,on/off,on/off,0,19.9,69.3,on,46,20,40,18,,,,
2017-10-12,04:16,0,on/off,on/off,0,19.9,69.3,on,46,20,40,18,,,,
2017-10-12,04:16,2,on/off,on/off,0,19.9,69.3,on,46,20,40,18,,,,
2017-10-12,04:17,0,on/off,on/off,0,19.9,69.3,on,46,20,39,18,,,,
2017-10-12,04:17,0,on/off,on/off,0,19.9,69.3,on,46,20,39,18,,,,
2017-10-12,04:17,0,on/off,on/off,0,19.9,69.3,on,46,20,40,18,,,,
2017-10-12,04:17,1,on/off,on/off,0,19.9,69.3,on,46,21,39,18,,,,
2017-10-12,04:17,0,on/off,on/off,0,19.9,69.3,on,46,20,40,18,,,,
2017-10-12,04:17,0,on/off,on/off,0,19.9,69.3,on,46,20,40,18,,,,
2017-10-12,04:17,0,on/off,on/off,0,19.9,69.3,on,46,20,40,18,,,,
2017-10-12,04:17,0,on/off,on/off,0,19.9,69.3,on,46,20,39,18,,,,
2017-10-12,04:17,0,on/off,on/off,0,19.9,69.2,on,46,20,40,19,,,,
2017-10-12,04:17,0,on/off,on/off,0,19.9,69.2,on,46,20,40,18,,,,
2017-10-12,04:17,0,on/off,on/off,0,19.9,69.2,on,46,20,40,18,,,,
2017-10-12,04:17,0,on/off,on/off,0,19.9,69.2,on,46,20,39,18,,,,
2017-10-12,04:17,0,on/off,on/off,0,19.9,69.1,on,46,20,39,18,,,,
2017-10-12,04:17,0,on/off,on/off,0,19.9,69.1,on,46,20,40,18,,,,
2017-10-12,04:17,0,on/off,on/off,0,19.9,69.1,on,46,20,40,18,,,,
2017-10-12,04:17,3,on/off,on/off,0,19.9,69.1,on,46,21,40,18,,,,
2017-10-12,04:17,0,on/off,on/off,0,19.9,69.3,on,46,20,40,18,,,,
2017-10-12,04:17,0,on/off,on/off,0,19.9,69.3,on,46,20,40,18,,,,
2017-10-12,04:17,0,on/off,on/off,0,19.9,69.3,on,46,20,40,18,,,,
2017-10-12,04:17,0,on/off,on/off,0,19.9,69.3,on,46,20,39,18,,,,
2017-10-12,04:17,0,on/off,on/off,0,19.9,69.4,on,46,20,39,18,,,,
2017-10-12,04:17,0,on/off,on/off,0,19.9,69.4,on,46,20,40,18,,,,
2017-10-12,04:17,3,on/off,on/off,0,19.9,69.4,on,46,20,39,18,,,,
2017-10-12,04:17,0,on/off,on/off,0,19.9,69.4,on,46,20,39,18,,,,
2017-10-12,04:18,0,on/off,on/off,0,19.9,69.4,on,46,20,40,18,,,,
2017-10-12,04:18,0,on/off,on/off,0,19.9,69.4,on,46,20,40,18,,,,
2017-10-12,04:18,0,on/off,on/off,0,19.9,69.4,on,46,21,40,18,,,,
2017-10-12,04:18,0,on/off,on/off,0,19.9,69.4,on,46,20,39,18,,,,
2017-10-12,04:18,3,on/off,on/off,0,19.9,69.6,on,46,20,39,18,,,,
2017-10-12,04:18,0,on/off,on/off,0,19.9,69.6,on,46,20,39,18,,,,
2017-10-12,04:18,0,on/off,on/off,0,19.9,69.6,on,46,20,39,18,,,,
2017-10-12,04:18,0,on/off,on/off,0,19.9,69.6,on,46,20,39,18,,,,
2017-10-12,04:18,0,on/off,on/off,0,19.9,69.3,on,46,20,40,19,,,,
2017-10-12,04:18,0,on/off,on/off,0,19.9,69.3,on,46,20,40,18,,,,
2017-10-12,04:18,1,on/off,on/off,0,19.9,69.3,on,46,21,40,18,,,,
2017-10-12,04:18,0,on/off,on/off,0,19.9,69.3,on,46,20,40,18,,,,
2017-10-12,04:18,0,on/off,on/off,0,19.9,69.3,on,46,20,40,18,,,,
2017-10-12,04:18,0,on/off,on/off,0,19.9,69.3,on,46,20,39,18,,,,
2017-10-12,04:18,0,on/off,on/off,0,19.9,69.3,on,46,21,40,18,,,,
2017-10-12,04:18,0,on/off,on/off,0,19.9,69.3,on,46,20,40,18,,,,
2017-10-12,04:18,0,on/off,on/off,0,19.9,69.5,on,46,21,39,18,,,,
2017-10-12,04:18,1,on/off,on/off,0,19.9,69.5,on,46,21,39,18,,,,
2017-10-12,04:18,0,on/off,on/off,0,19.9,69.5,on,46,20,39,18,,,,
2017-10-12,04:18,0,on/off,on/off,0,19.9,69.5,on,46,20,40,18,,,,
2017-10-12,04:18,2,on/off,on/off,0,19.9,69.4,on,46,20,40,18,,,,
2017-10-12,04:18,0,on/off,on/off,0,19.9,69.4,on,46,20,40,19,,,,
2017-10-12,04:18,0,on/off,on/off,0,19.9,69.4,on,46,20,40,18,,,,
2017-10-12,04:18,0,on/off,on/off,0,19.9,69.4,on,46,21,40,18,,,,
2017-10-12,04:19,0,on/off,on/off,0,19.9,69.6,on,46,20,40,18,,,,
2017-10-12,04:19,0,on/off,on/off,0,19.9,69.6,on,46,21,39,18,,,,
2017-10-12,04:19,0,on/off,on/off,0,19.9,69.6,on,46,21,40,18,,,,
2017-10-12,04:19,0,on/off,on/off,0,19.9,69.6,on,46,20,40,18,,,,
2017-10-12,04:19,1,on/off,on/off,0,19.9,69.6,on,46,20,39,18,,,,
2017-10-12,04:19,0,on/off,on/off,0,19.9,69.6,on,46,20,39,18,,,,
2017-10-12,04:19,0,on/off,on/off,0,19.9,69.6,on,46,20,40,18,,,,
2017-10-12,04:19,0,on/off,on/off,0,19.9,69.6,on,46,20,40,18,,,,
2017-10-12,04:19,0,on/off,on/off,0,19.9,69.5,on,46,21,39,18,,,,
2017-10-12,04:19,0,on/off,on/off,0,19.9,69.5,on,46,20,39,18,,,,
2017-10-12,04:19,2,on/off,on/off,0,19.9,69.5,on,46,20,39,18,,,,
2017-10-12,04:19,0,on/off,on/off,0,19.9,69.5,on,46,20,39,18,,,,
2017-10-12,04:19,0,on/off,on/off,0,19.9,69.3,on,46,20,40,19,,,,
2017-10-12,04:19,0,on/off,on/off,0,19.9,69.3,on,46,20,40,18,,,,
2017-10-12,04:19,0,on/off,on/off,0,19.9,69.3,on,46,20,39,18,,,,
2017-10-12,04:19,0,on/off,on/off,0,19.9,69.3,on,46,21,40,18,,,,
2017-10-12,04:19,0,on/off,on/off,0,19.9,69.4,on,46,20,40,18,,,,
2017-10-12,04:19,0,on/off,on/off,0,19.9,69.4,on,46,20,40,18,,,,
2017-10-12,04:19,4,on/off,on/off,0,19.9,69.4,on,46,21,40,18,,,,
2017-10-12,04:19,0,on/off,on/off,0,19.9,69.4,on,46,20,39,18,,,,
2017-10-12,04:20,0,on/off,on/off,0,19.9,69.3,on,46,21,39,18,,,,
2017-10-12,04:20,0,on/off,on/off,0,19.9,69.3,on,46,20,39,18,,,,
2017-10-12,04:20,0,on/off,on/off,0,19.9,69.3,on,46,20,40,18,,,,
2017-10-12,04:20,0,on/off,on/off,0,19.9,69.3,on,46,21,40,18,,,,
2017-10-12,04:20,0,on/off,on/off,0,19.9,69.3,on,46,20,39,18,,,,
2017-10-12,04:20,0,on/off,on/off,0,19.9,69.3,on,46,21,40,18,,,,
2017-10-12,04:20,2,on/off,on/off,0,19.9,69.3,on,46,21,39,18,,,,
2017-10-12,04:20,0,on/off,on/off,0,19.9,69.3,on,46,20,40,18,,,,
2017-10-12,04:20,0,on/off,on/off,0,19.9,69.2,on,46,20,39,19,,,,
2017-10-12,04:20,0,on/off,on/off,0,19.9,69.2,on,46,21,39,18,,,,
2017-10-12,04:20,0,on/off,on/off,0,19.9,69.2,on,46,20,40,18,,,,
2017-10-12,04:20,0,on/off,on/off,0,19.9,69.2,on,46,21,39,18,,,,
2017-10-12,04:20,0,on/off,on/off,0,19.9,69.3,on,46,20,39,18,,,,
2017-10-12,04:20,1,on/off,on/off,0,19.9,69.3,on,46,20,39,18,,,,
2017-10-12,04:20,3,on/off,on/off,0,19.9,69.3,on,46,21,40,18,,,,
2017-10-12,04:20,0,on/off,on/off,0,19.9,69.3,on,46,20,40,18,,,,
2017-10-12,04:20,0,on/off,on/off,0,19.9,69.3,on,46,20,40,18,,,,
2017-10-12,04:20,0,on/off,on/off,0,19.9,69.3,on,46,20,39,18,,,,
2017-10-12,04:20,0,on/off,on/off,0,19.9,69.3,on,46,20,40,18,,,,
2017-10-12,04:20,3,on/off,on/off,0,19.9,69.3,on,46,21,39,18,,,,
2017-10-12,04:20,0,on/off,on/off,0,19.9,69.3,on,46,20,39,18,,,,
2017-10-12,04:20,0,on/off,on/off,0,19.9,69.3,on,46,20,39,18,,,,
2017-10-12,04:20,0,on/off,on/off,0,19.9,69.3,on,46,20,40,18,,,,
2017-10-12,04:20,1,on/off,on/off,0,19.9,69.3,on,46,21,39,18,,,,
2017-10-12,04:21,0,on/off,on/off,0,19.9,69.4,on,46,21,40,18,,,,
2017-10-12,04:21,0,on/off,on/off,0,19.9,69.4,on,46,21,40,18,,,,
2017-10-12,04:21,0,on/off,on/off,0,19.9,69.4,on,46,20,39,18,,,,
2017-10-12,04:21,0,on/off,on/off,0,19.9,69.4,on,46,20,39,18,,,,
2017-10-12,04:21,0,on/off,on/off,0,19.9,69.5,on,46,20,40,18,,,,
2017-10-12,04:21,0,on/off,on/off,0,19.9,69.5,on,46,21,39,18,,,,
2017-10-12,04:21,0,on/off,on/off,0,19.9,69.5,on,46,21,39,18,,,,
2017-10-12,04:21,4,on/off,on/off,0,19.9,69.5,on,46,20,39,18,,,,
2017-10-12,04:21,0,on/off,on/off,0,19.9,69.2,on,46,20,40,18,,,,
2017-10-12,04:21,3,on/off,on/off,0,19.9,69.2,on,46,21,39,18,,,,
2017-10-12,04:21,0,on/off,on/off,0,19.9,69.2,on,46,21,39,18,,,,
2017-10-12,04:21,0,on/off,on/off,0,19.9,69.2,on,46,20,39,18,,,,
2017-10-12,04:21,0,on/off,on/off,0,19.9,69.3,on,46,20,39,18,,,,
2017-10-12,04:21,0,on/off,on/off,0,19.9,69.3,on,46,20,40,18,,,,
2017-10-12,04:21,0,on/off,on/off,0,19.9,69.3,on,46,21,39,18,,,,
2017-10-12,04:21,1,on/off,on/off,0,19.9,69.3,on,46,20,39,18,,,,
2017-10-12,04:21,1,on/off,on/off,0,19.9,69.3,on,46,20,40,18,,,,
2017-10-12,04:21,0,on/off,on/off,0,19.9,69.3,on,46,21,39,18,,,,
2017-10-12,04:21,0,on/off,on/off,0,19.9,69.3,on,46,20,39,18,,,,
2017-10-12,04:21,2,on/off,on/off,0,19.9,69.3,on,46,20,39,18,,,,
2017-10-12,04:22,0,on/off,on/off,0,19.9,69.3,on,46,20,40,18,,,,
2017-10-12,04:22,0,on/off,on/off,0,19.9,69.3,on,46,21,39,18,,,,
2017-10-12,04:22,0,on/off,on/off,0,19.9,69.3,on,46,20,39,18,,,,
2017-10-12,04:22,1,on/off,on/off,0,19.9,69.3,on,46,21,39,18,,,,
2017-10-12,04:22,5,on/off,on/off,0,19.9,69.3,on,46,21,39,18,,,,
2017-10-12,04:22,0,on/off,on/off,0,19.9,69.3,on,46,21,40,18,,,,
2017-10-12,04:22,0,on/off,on/off,0,19.9,69.3,on,46,21,39,18,,,,
2017-10-12,04:22,0,on/off,on/off,0,19.9,69.3,on,46,20,39,18,,,,
2017-10-12,04:22,0,on/off,on/off,0,19.9,69.3,on,46,21,39,18,,,,
2017-10-12,04:22,0,on/off,on/off,0,19.9,69.3,on,46,20,40,18,,,,
2017-10-12,04:22,0,on/off,on/off,0,19.9,69.3,on,46,21,39,18,,,,
2017-10-12,04:22,0,on/off,on/off,0,19.9,69.3,on,46,21,39,18,,,,
2017-10-12,04:22,0,on/off,on/off,0,19.9,69.2,on,46,21,40,18,,,,
2017-10-12,04:22,0,on/off,on/off,0,19.9,69.2,on,46,21,39,18,,,,
2017-10-12,04:22,0,on/off,on/off,0,19.9,69.2,on,46,21,40,18,,,,
2017-10-12,04:22,3,on/off,on/off,0,19.9,69.2,on,46,21,39,18,,,,
2017-10-12,04:22,3,on/off,on/off,0,19.9,69.3,on,46,21,39,18,,,,
2017-10-12,04:22,0,on/off,on/off,0,19.9,69.3,on,46,20,39,18,,,,
2017-10-12,04:22,0,on/off,on/off,0,19.9,69.3,on,46,20,39,19,,,,
2017-10-12,04:22,0,on/off,on/off,0,19.9,69.3,on,46,20,40,18,,,,
2017-10-12,04:22,0,on/off,on/off,0,19.9,69.3,on,46,20,39,18,,,,
2017-10-12,04:22,1,on/off,on/off,0,19.9,69.3,on,46,20,39,18,,,,
2017-10-12,04:22,0,on/off,on/off,0,19.9,69.3,on,46,20,40,18,,,,
2017-10-12,04:22,0,on/off,on/off,0,19.9,69.3,on,46,21,40,18,,,,
2017-10-12,04:23,276,on/off,on/off,390,19.9,69.3,on,46,20,39,18,,,,
2017-10-12,04:23,272,on/off,on/off,389,19.9,69.3,on,46,20,39,18,,,,
2017-10-12,04:23,271,on/off,on/off,390,19.9,69.3,on,46,20,40,18,,,,
2017-10-12,04:23,272,on/off,on/off,392,19.9,69.3,on,46,21,39,18,,,,
2017-10-12,04:23,297,on/off,on/off,406,19.9,69.3,on,46,20,40,18,,,,
2017-10-12,04:23,296,on/off,on/off,406,19.9,69.3,on,46,20,39,18,,,,
2017-10-12,04:23,296,on/off,on/off,406,19.9,69.3,on,46,20,40,18,,,,
2017-10-12,04:23,295,on/off,on/off,407,19.9,69.3,on,46,21,39,18,,,,
2017-10-12,04:23,299,on/off,on/off,407,19.9,69.2,on,46,20,40,18,,,,
2017-10-12,04:23,299,on/off,on/off,405,19.9,69.2,on,46,20,39,18,,,,
2017-10-12,04:23,295,on/off,on/off,407,19.9,69.2,on,46,20,39,18,,,,
2017-10-12,04:23,303,on/off,on/off,407,19.9,69.2,on,46,21,39,18,,,,
2017-10-12,04:23,295,on/off,on/off,406,19.9,69.2,on,46,20,40,18,,,,
2017-10-12,04:23,300,on/off,on/off,406,19.9,69.2,on,46,20,39,18,,,,
2017-10-12,04:23,298,on/off,on/off,406,19.9,69.2,on,46,21,39,18,,,,
2017-10-12,04:23,298,on/off,on/off,406,19.9,69.2,on,46,20,39,18,,,,
2017-10-12,04:23,298,on/off,on/off,405,19.9,69.1,on,46,20,39,18,,,,
2017-10-12,04:23,296,on/off,on/off,407,19.9,69.1,on,46,21,40,18,,,,
2017-10-12,04:23,298,on/off,on/off,406,19.9,69.1,on,46,20,39,18,,,,
2017-10-12,04:23,297,on/off,on/off,406,19.9,69.1,on,46,20,39,18,,,,
2017-10-12,04:24,280,on/off,on/off,406,19.9,68.9,on,46,20,40,18,,,,
2017-10-12,04:24,284,on/off,on/off,406,19.9,68.9,on,46,21,39,18,,,,
2017-10-12,04:24,283,on/off,on/off,406,19.9,68.9,on,46,20,39,18,,,,
2017-10-12,04:24,283,on/off,on/off,406,19.9,68.9,on,46,20,39,18,,,,
2017-10-12,04:24,304,on/off,on/off,404,20.0,69.0,on,46,21,39,18,,,,
2017-10-12,04:24,304,on/off,on/off,404,20.0,69.0,on,46,21,39,18,,,,
2017-10-12,04:24,302,on/off,on/off,404,20.0,69.0,on,46,20,39,18,,,,
2017-10-12,04:24,304,on/off,on/off,403,20.0,69.0,on,46,20,39,19,,,,
2017-10-12,04:24,307,on/off,on/off,404,20.0,69.1,on,46,20,39,18,,,,
2017-10-12,04:24,303,on/off,on/off,402,20.0,69.1,on,46,20,39,19,,,,
2017-10-12,04:24,305,on/off,on/off,403,20.0,69.1,on,46,20,39,18,,,,
2017-10-12,04:24,301,on/off,on/off,403,20.0,69.1,on,46,20,40,18,,,,
2017-10-12,04:24,303,on/off,on/off,402,20.0,68.7,on,46,20,39,18,,,,
2017-10-12,04:24,300,on/off,on/off,402,20.0,68.7,on,46,20,39,18,,,,
2017-10-12,04:24,299,on/off,on/off,402,20.0,68.7,on,46,20,40,18,,,,
2017-10-12,04:24,303,on/off,on/off,402,20.0,68.7,on,46,21,39,18,,,,
2017-10-12,04:24,299,on/off,on/off,402,20.1,68.4,on,46,20,39,18,,,,
2017-10-12,04:24,303,on/off,on/off,401,20.1,68.4,on,46,20,40,19,,,,
2017-10-12,04:24,297,on/off,on/off,402,20.1,68.4,on,46,20,39,18,,,,
2017-10-12,04:24,301,on/off,on/off,403,20.1,68.4,on,46,20,39,18,,,,
2017-10-12,04:24,301,on/off,on/off,401,20.1,68.4,on,46,20,40,18,,,,
2017-10-12,04:24,299,on/off,on/off,401,20.1,68.4,on,46,21,39,18,,,,
2017-10-12,04:24,303,on/off,on/off,402,20.1,68.4,on,46,21,39,18,,,,
2017-10-12,04:24,300,on/off,on/off,401,20.1,68.4,on,46,20,40,18,,,,
2017-10-12,04:25,302,on/off,on/off,400,20.1,68.4,on,46,20,39,18,,,,
2017-10-12,04:25,301,on/off,on/off,400,20.1,68.4,on,46,20,39,18,,,,
2017-10-12,04:25,301,on/off,on/off,400,20.1,68.4,on,46,20,39,18,,,,
2017-10-12,04:25,300,on/off,on/off,402,20.1,68.4,on,46,21,39,18,,,,
2017-10-12,04:25,298,on/off,on/off,400,20.1,68.4,on,46,20,39,18,,,,
2017-10-12,04:25,301,on/off,on/off,400,20.1,68.4,on,46,20,39,18,,,,
2017-10-12,04:25,300,on/off,on/off,400,20.1,68.4,on,46,21,39,18,,,,
2017-10-12,04:25,301,on/off,on/off,399,20.1,68.4,on,46,20,39,18,,,,
2017-10-12,04:25,299,on/off,on/off,400,20.1,68.3,on,46,20,39,18,,,,
2017-10-12,04:25,299,on/off,on/off,400,20.1,68.3,on,46,20,39,18,,,,
2017-10-12,04:25,300,on/off,on/off,399,20.1,68.3,on,46,20,39,18,,,,
2017-10-12,04:25,298,on/off,on/off,399,20.1,68.3,on,46,20,39,18,,,,
2017-10-12,04:25,299,on/off,on/off,400,20.1,68.3,on,46,20,39,18,,,,
2017-10-12,04:25,303,on/off,on/off,399,20.1,68.3,on,46,21,39,18,,,,
2017-10-12,04:25,300,on/off,on/off,400,20.1,68.3,on,46,20,40,18,,,,
2017-10-12,04:25,294,on/off,on/off,399,20.1,68.3,on,46,20,39,18,,,,
2017-10-12,04:25,304,on/off,on/off,400,20.1,68.3,on,46,20,39,18,,,,
2017-10-12,04:25,299,on/off,on/off,398,20.1,68.3,on,46,20,39,18,,,,
2017-10-12,04:25,300,on/off,on/off,399,20.1,68.3,on,46,20,39,18,,,,
2017-10-12,04:25,293,on/off,on/off,398,20.1,68.3,on,46,20,40,18,,,,
2017-10-12,04:26,295,on/off,on/off,399,20.1,68.4,on,46,20,40,18,,,,
2017-10-12,04:26,301,on/off,on/off,399,20.1,68.4,on,46,20,39,18,,,,
2017-10-12,04:26,300,on/off,on/off,397,20.1,68.4,on,46,20,39,18,,,,
2017-10-12,04:26,298,on/off,on/off,398,20.1,68.4,on,46,20,39,18,,,,
2017-10-12,04:26,298,on/off,on/off,398,20.1,68.5,on,46,20,39,18,,,,
2017-10-12,04:26,300,on/off,on/off,398,20.1,68.5,on,46,21,39,18,,,,
2017-10-12,04:26,302,on/off,on/off,398,20.1,68.5,on,46,20,39,18,,,,
2017-10-12,04:26,299,on/off,on/off,398,20.1,68.5,on,46,20,39,18,,,,
2017-10-12,04:26,0,on/off,on/off,0,20.1,68.5,on,46,20,39,18,,,,
2017-10-12,04:26,0,on/off,on/off,0,20.1,68.5,on,46,20,39,18,,,,
2017-10-12,04:26,0,on/off,on/off,0,20.1,68.5,on,46,20,39,18,,,,
2017-10-12,04:26,0,on/off,on/off,0,20.1,68.5,on,46,21,39,18,,,,
2017-10-12,04:26,0,on/off,on/off,0,20.1,68.5,on,46,20,39,19,,,,
2017-10-12,04:26,0,on/off,on/off,0,20.1,68.5,on,46,20,39,18,,,,
2017-10-12,04:26,0,on/off,on/off,0,20.1,68.5,on,46,20,39,18,,,,
2017-10-12,04:26,0,on/off,on/off,0,20.1,68.5,on,46,21,39,18,,,,
2017-10-12,04:26,6,on/off,on/off,0,20.1,68.6,on,46,20,39,18,,,,
2017-10-12,04:26,0,on/off,on/off,0,20.1,68.6,on,46,20,40,18,,,,
2017-10-12,04:26,0,on/off,on/off,0,20.1,68.6,on,46,20,39,18,,,,
2017-10-12,04:26,0,on/off,on/off,0,20.1,68.6,on,46,20,39,18,,,,
2017-10-12,04:26,0,on/off,on/off,0,20.1,68.6,on,46,20,39,18,,,,
2017-10-12,04:26,0,on/off,on/off,0,20.1,68.6,on,46,20,40,18,,,,
2017-10-12,04:26,0,on/off,on/off,0,20.1,68.6,on,46,20,39,18,,,,
2017-10-12,04:26,0,on/off,on/off,0,20.1,68.6,on,46,21,39,18,,,,
2017-10-12,04:27,0,on/off,on/off,0,20.1,68.5,on,46,21,39,18,,,,
2017-10-12,04:27,0,on/off,on/off,0,20.1,68.5,on,46,20,39,18,,,,
2017-10-12,04:27,0,on/off,on/off,0,20.1,68.5,on,46,20,39,18,,,,
2017-10-12,04:27,0,on/off,on/off,0,20.1,68.5,on,46,20,39,18,,,,
2017-10-12,04:27,0,on/off,on/off,0,20.1,68.5,on,46,20,39,18,,,,
2017-10-12,04:27,0,on/off,on/off,0,20.1,68.5,on,46,20,39,18,,,,
2017-10-12,04:27,0,on/off,on/off,0,20.1,68.5,on,46,21,39,18,,,,
2017-10-12,04:27,0,on/off,on/off,0,20.1,68.5,on,46,20,39,18,,,,
2017-10-12,04:27,0,on/off,on/off,0,20.1,68.5,on,46,20,39,18,,,,
2017-10-12,04:27,1,on/off,on/off,0,20.1,68.5,on,46,21,39,18,,,,
2017-10-12,04:27,0,on/off,on/off,0,20.1,68.5,on,46,21,40,18,,,,
2017-10-12,04:27,0,on/off,on/off,0,20.1,68.5,on,46,20,39,18,,,,
2017-10-12,04:27,0,on/off,on/off,0,20.1,68.6,on,46,20,39,18,,,,
2017-10-12,04:27,0,on/off,on/off,0,20.1,68.6,on,46,20,39,19,,,,
2017-10-12,04:27,0,on/off,on/off,0,20.1,68.6,on,46,20,39,18,,,,
2017-10-12,04:27,0,on/off,on/off,0,20.1,68.6,on,46,20,39,18,,,,
2017-10-12,04:27,0,on/off,on/off,0,20.1,68.6,on,46,20,39,18,,,,
2017-10-12,04:27,0,on/off,on/off,1,20.1,68.6,on,46,20,39,18,,,,
2017-10-12,04:27,0,on/off,on/off,0,20.1,68.6,on,46,20,39,18,,,,
2017-10-12,04:27,2,on/off,on/off,0,20.1,68.6,on,46,20,39,18,,,,
2017-10-12,04:28,2,on/off,on/off,0,20.1,68.7,on,46,20,39,18,,,,
2017-10-12,04:28,2,on/off,on/off,0,20.1,68.7,on,46,20,39,18,,,,
2017-10-12,04:28,0,on/off,on/off,0,20.1,68.7,on,46,21,39,18,,,,
2017-10-12,04:28,0,on/off,on/off,0,20.1,68.7,on,46,21,40,18,,,,
2017-10-12,04:28,0,on/off,on/off,0,20.1,68.7,on,46,21,39,18,,,,
2017-10-12,04:28,0,on/off,on/off,0,20.1,68.7,on,46,20,39,18,,,,
2017-10-12,04:28,0,on/off,on/off,0,20.1,68.7,on,46,20,39,18,,,,
2017-10-12,04:28,0,on/off,on/off,0,20.1,68.7,on,46,20,39,18,,,,
2017-10-12,04:28,0,on/off,on/off,0,20.1,68.8,on,46,20,39,18,,,,
2017-10-12,04:28,0,on/off,on/off,0,20.1,68.8,on,46,20,40,18,,,,
2017-10-12,04:28,0,on/off,on/off,0,20.1,68.8,on,46,21,39,18,,,,
2017-10-12,04:28,5,on/off,on/off,0,20.1,68.8,on,46,20,39,18,,,,
2017-10-12,04:28,1,on/off,on/off,0,20.0,68.7,on,46,20,39,19,,,,
2017-10-12,04:28,0,on/off,on/off,0,20.0,68.7,on,46,20,40,18,,,,
2017-10-12,04:28,0,on/off,on/off,0,20.0,68.7,on,46,20,39,18,,,,
2017-10-12,04:28,0,on/off,on/off,0,20.0,68.7,on,46,20,39,18,,,,
2017-10-12,04:28,0,on/off,on/off,0,20.0,68.7,on,46,20,39,18,,,,
2017-10-12,04:28,0,on/off,on/off,0,20.0,68.7,on,46,20,39,18,,,,
2017-10-12,04:28,0,on/off,on/off,0,20.0,68.7,on,46,21,39,18,,,,
2017-10-12,04:28,0,on/off,on/off,0,20.0,68.7,on,46,21,39,18,,,,
2017-10-12,04:28,0,on/off,on/off,0,20.0,68.8,on,46,20,39,18,,,,
2017-10-12,04:28,0,on/off,on/off,0,20.0,68.8,on,46,21,40,18,,,,
2017-10-12,04:28,0,on/off,on/off,0,20.0,68.8,on,46,20,39,18,,,,
2017-10-12,04:28,0,on/off,on/off,0,20.0,68.8,on,46,21,39,18,,,,
2017-10-12,04:29,0,on/off,on/off,0,20.0,68.8,on,46,20,39,19,,,,
2017-10-12,04:29,0,on/off,on/off,0,20.0,68.8,on,46,20,39,18,,,,
2017-10-12,04:29,0,on/off,on/off,0,20.0,68.8,on,46,20,39,18,,,,
2017-10-12,04:29,0,on/off,on/off,0,20.0,68.8,on,46,20,39,18,,,,
2017-10-12,04:29,0,on/off,on/off,0,20.0,68.9,on,46,20,39,18,,,,
2017-10-12,04:29,0,on/off,on/off,0,20.0,68.9,on,46,20,39,18,,,,
2017-10-12,04:29,0,on/off,on/off,0,20.0,68.9,on,46,20,39,18,,,,
2017-10-12,04:29,0,on/off,on/off,0,20.0,68.9,on,46,20,40,18,,,,
2017-10-12,04:29,0,on/off,on/off,0,20.0,68.9,on,46,20,39,18,,,,
2017-10-12,04:29,0,on/off,on/off,0,20.0,68.9,on,46,20,39,18,,,,
2017-10-12,04:29,0,on/off,on/off,0,20.0,68.9,on,46,20,40,18,,,,
2017-10-12,04:29,0,on/off,on/off,0,20.0,68.9,on,46,21,39,18,,,,
2017-10-12,04:29,0,on/off,on/off,0,20.0,68.9,on,46,21,39,18,,,,
2017-10-12,04:29,0,on/off,on/off,0,20.0,68.9,on,46,20,39,18,,,,
2017-10-12,04:29,0,on/off,on/off,0,20.0,68.9,on,46,20,39,18,,,,
2017-10-12,04:29,0,on/off,on/off,0,20.0,68.9,on,46,21,39,18,,,,
2017-10-12,04:29,2,on/off,on/off,0,20.0,68.9,on,46,20,39,18,,,,
2017-10-12,04:29,0,on/off,on/off,0,20.0,68.9,on,46,20,39,18,,,,
2017-10-12,04:29,0,on/off,on/off,0,20.0,68.9,on,46,20,40,18,,,,
2017-10-12,04:29,0,on/off,on/off,0,20.0,68.9,on,46,20,39,18,,,,
2017-10-12,04:30,0,on/off,on/off,0,20.0,69.0,on,46,21,39,18,,,,
2017-10-12,04:30,0,on/off,on/off,0,20.0,69.0,on,46,20,39,18,,,,
2017-10-12,04:30,0,on/off,on/off,0,20.0,69.0,on,46,20,40,18,,,,
2017-10-12,04:30,0,on/off,on/off,0,20.0,69.0,on,46,20,39,18,,,,
2017-10-12,04:30,0,on/off,on/off,0,20.0,69.0,on,46,21,39,18,,,,
2017-10-12,04:30,0,on/off,on/off,0,20.0,69.0,on,46,20,40,18,,,,
2017-10-12,04:30,2,on/off,on/off,0,20.0,69.0,on,46,21,39,18,,,,
2017-10-12,04:30,2,on/off,on/off,0,20.0,69.0,on,46,20,39,19,,,,
2017-10-12,04:30,0,on/off,on/off,0,20.0,69.0,on,46,21,39,18,,,,
2017-10-12,04:30,0,on/off,on/off,0,20.0,69.0,on,46,20,39,18,,,,
2017-10-12,04:30,0,on/off,on/off,0,20.0,69.0,on,46,21,40,18,,,,
2017-10-12,04:30,0,on/off,on/off,0,20.0,69.0,on,46,20,39,18,,,,
2017-10-12,04:30,1,on/off,on/off,0,20.0,69.0,on,46,20,39,18,,,,
2017-10-12,04:30,0,on/off,on/off,0,20.0,69.0,on,46,21,39,18,,,,
2017-10-12,04:30,0,on/off,on/off,0,20.0,69.0,on,46,20,39,18,,,,
2017-10-12,04:30,0,on/off,on/off,0,20.0,69.0,on,46,20,39,19,,,,
2017-10-12,04:30,0,on/off,on/off,0,20.0,69.0,on,46,20,39,18,,,,
2017-10-12,04:30,0,on/off,on/off,0,20.0,69.0,on,46,20,40,18,,,,
2017-10-12,04:30,0,on/off,on/off,0,20.0,69.0,on,46,21,39,18,,,,
2017-10-12,04:30,4,on/off,on/off,0,20.0,69.0,on,46,20,39,18,,,,
2017-10-12,04:30,0,on/off,on/off,0,20.0,69.0,on,46,20,39,18,,,,
2017-10-12,04:30,0,on/off,on/off,0,20.0,69.0,on,46,20,39,18,,,,
2017-10-12,04:30,0,on/off,on/off,0,20.0,69.0,on,46,20,39,18,,,,
2017-10-12,04:30,0,on/off,on/off,0,20.0,69.0,on,46,20,39,18,,,,
2017-10-12,04:31,0,on/off,on/off,0,20.0,69.1,on,46,20,39,18,,,,
2017-10-12,04:31,0,on/off,on/off,0,20.0,69.1,on,46,21,39,18,,,,
2017-10-12,04:31,6,on/off,on/off,0,20.0,69.1,on,46,20,39,18,,,,
2017-10-12,04:31,0,on/off,on/off,0,20.0,69.1,on,46,20,39,18,,,,
2017-10-12,04:31,0,on/off,on/off,0,20.0,69.1,on,46,20,40,18,,,,
2017-10-12,04:31,0,on/off,on/off,0,20.0,69.1,on,46,21,39,18,,,,
2017-10-12,04:31,0,on/off,on/off,0,20.0,69.1,on,46,20,39,18,,,,
2017-10-12,04:31,0,on/off,on/off,0,20.0,69.1,on,46,20,39,18,,,,
2017-10-12,04:31,0,on/off,on/off,0,20.0,69.0,on,46,20,39,18,,,,
2017-10-12,04:31,0,on/off,on/off,0,20.0,69.0,on,46,20,39,18,,,,
2017-10-12,04:31,0,on/off,on/off,0,20.0,69.0,on,46,20,40,18,,,,
2017-10-12,04:31,0,on/off,on/off,0,20.0,69.0,on,46,21,39,18,,,,
2017-10-12,04:31,0,on/off,on/off,0,20.0,69.1,on,46,20,39,18,,,,
2017-10-12,04:31,0,on/off,on/off,0,20.0,69.1,on,46,20,40,18,,,,
2017-10-12,04:31,0,on/off,on/off,0,20.0,69.1,on,46,21,39,18,,,,
2017-10-12,04:31,0,on/off,on/off,0,20.0,69.1,on,46,20,39,18,,,,
2017-10-12,04:31,4,on/off,on/off,0,20.0,69.1,on,46,21,39,18,,,,
2017-10-12,04:31,0,on/off,on/off,0,20.0,69.1,on,46,20,39,18,,,,
2017-10-12,04:31,0,on/off,on/off,0,20.0,69.1,on,46,20,39,18,,,,
2017-10-12,04:31,0,on/off,on/off,0,20.0,69.1,on,46,20,40,18,,,,
2017-10-12,04:31,0,on/off,on/off,0,20.0,69.1,on,46,21,39,18,,,,
2017-10-12,04:31,0,on/off,on/off,0,20.0,69.1,on,46,20,39,18,,,,
2017-10-12,04:31,0,on/off,on/off,0,20.0,69.1,on,46,21,39,18,,,,
2017-10-12,04:31,0,on/off,on/off,0,20.0,69.1,on,46,21,39,18,,,,
2017-10-12,04:32,0,on/off,on/off,0,20.0,69.1,on,46,20,39,18,,,,
2017-10-12,04:32,0,on/off,on/off,0,20.0,69.1,on,46,20,39,18,,,,
2017-10-12,04:32,0,on/off,on/off,0,20.0,69.1,on,46,21,39,18,,,,
2017-10-12,04:32,0,on/off,on/off,0,20.0,69.1,on,46,20,39,18,,,,
2017-10-12,04:32,0,on/off,on/off,0,20.0,69.2,on,46,20,39,18,,,,
2017-10-12,04:32,0,on/off,on/off,0,20.0,69.2,on,46,20,39,18,,,,
2017-10-12,04:32,0,on/off,on/off,0,20.0,69.2,on,46,20,40,18,,,,
2017-10-12,04:32,1,on/off,on/off,0,20.0,69.2,on,46,21,39,18,,,,
2017-10-12,04:32,0,on/off,on/off,0,20.0,69.2,on,46,20,40,18,,,,
2017-10-12,04:32,0,on/off,on/off,0,20.0,69.2,on,46,20,39,18,,,,
2017-10-12,04:32,0,on/off,on/off,0,20.0,69.2,on,46,20,39,18,,,,
2017-10-12,04:32,0,on/off,on/off,0,20.0,69.2,on,46,21,39,18,,,,
2017-10-12,04:32,0,on/off,on/off,0,19.9,69.2,on,46,20,39,18,,,,
2017-10-12,04:32,0,on/off,on/off,0,19.9,69.2,on,46,21,39,18,,,,
2017-10-12,04:32,0,on/off,on/off,0,19.9,69.2,on,46,20,39,18,,,,
2017-10-12,04:32,0,on/off,on/off,0,19.9,69.2,on,46,21,39,18,,,,
2017-10-12,04:32,0,on/off,on/off,0,19.9,69.2,on,46,21,39,18,,,,
2017-10-12,04:32,3,on/off,on/off,0,19.9,69.2,on,46,21,39,18,,,,
2017-10-12,04:32,1,on/off,on/off,0,19.9,69.2,on,46,21,39,18,,,,
2017-10-12,04:32,0,on/off,on/off,0,19.9,69.2,on,46,20,39,18,,,,
2017-10-12,04:33,0,on/off,on/off,0,20.0,69.1,on,46,21,39,18,,,,
2017-10-12,04:33,6,on/off,on/off,0,20.0,69.1,on,46,21,39,18,,,,
2017-10-12,04:33,0,on/off,on/off,0,20.0,69.1,on,46,20,39,18,,,,
2017-10-12,04:33,0,on/off,on/off,0,20.0,69.1,on,46,20,39,19,,,,
2017-10-12,04:33,0,on/off,on/off,0,19.9,68.9,on,46,21,40,18,,,,
2017-10-12,04:33,0,on/off,on/off,0,19.9,68.9,on,46,21,39,18,,,,
2017-10-12,04:33,0,on/off,on/off,0,19.9,68.9,on,46,21,39,18,,,,
2017-10-12,04:33,0,on/off,on/off,0,19.9,68.9,on,46,20,39,18,,,,
2017-10-12,04:33,1,on/off,on/off,0,19.9,68.8,on,46,21,39,18,,,,
2017-10-12,04:33,0,on/off,on/off,0,19.9,68.8,on,46,20,39,18,,,,
2017-10-12,04:33,0,on/off,on/off,0,19.9,68.8,on,46,21,39,18,,,,
2017-10-12,04:33,0,on/off,on/off,0,19.9,68.8,on,46,21,39,18,,,,
2017-10-12,04:33,0,on/off,on/off,0,19.9,68.9,on,46,20,39,18,,,,
2017-10-12,04:33,1,on/off,on/off,0,19.9,68.9,on,46,21,39,18,,,,
2017-10-12,04:33,0,on/off,on/off,0,19.9,68.9,on,46,21,39,18,,,,
2017-10-12,04:33,3,on/off,on/off,0,19.9,68.9,on,46,20,39,18,,,,
2017-10-12,04:33,0,on/off,on/off,0,19.9,69.0,on,46,20,39,18,,,,
2017-10-12,04:33,0,on/off,on/off,0,19.9,69.0,on,46,20,39,18,,,,
2017-10-12,04:33,0,on/off,on/off,0,19.9,69.0,on,46,20,39,18,,,,
2017-10-12,04:33,4,on/off,on/off,0,19.9,69.0,on,46,21,39,18,,,,
2017-10-12,04:33,0,on/off,on/off,0,19.9,69.1,on,46,20,39,18,,,,
2017-10-12,04:33,0,on/off,on/off,0,19.9,69.1,on,46,20,39,18,,,,
2017-10-12,04:33,0,on/off,on/off,0,19.9,69.1,on,46,20,39,18,,,,
2017-10-12,04:33,0,on/off,on/off,0,19.9,69.1,on,46,21,39,18,,,,
2017-10-12,04:34,0,on/off,on/off,0,19.9,69.1,on,46,20,39,18,,,,
2017-10-12,04:34,0,on/off,on/off,0,19.9,69.1,on,46,20,39,18,,,,
2017-10-12,04:34,0,on/off,on/off,0,19.9,69.1,on,46,20,39,18,,,,
2017-10-12,04:34,0,on/off,on/off,0,19.9,69.1,on,46,20,39,18,,,,
2017-10-12,04:34,0,on/off,on/off,0,19.9,69.2,on,46,20,39,18,,,,
2017-10-12,04:34,0,on/off,on/off,0,19.9,69.2,on,46,21,39,18,,,,
2017-10-12,04:34,0,on/off,on/off,0,19.9,69.2,on,46,21,39,18,,,,
2017-10-12,04:34,0,on/off,on/off,0,19.9,69.2,on,46,20,39,18,,,,
2017-10-12,04:34,0,on/off,on/off,0,19.9,69.2,on,46,21,39,18,,,,
2017-10-12,04:34,0,on/off,on/off,0,19.9,69.2,on,46,20,39,18,,,,
2017-10-12,04:34,0,on/off,on/off,0,19.9,69.2,on,46,20,39,18,,,,
2017-10-12,04:34,0,on/off,on/off,0,19.9,69.2,on,46,20,39,19,,,,
2017-10-12,04:34,0,on/off,on/off,0,19.9,69.2,on,46,21,39,18,,,,
2017-10-12,04:34,0,on/off,on/off,0,19.9,69.2,on,46,20,39,18,,,,
2017-10-12,04:34,0,on/off,on/off,0,19.9,69.2,on,46,21,39,18,,,,
2017-10-12,04:34,0,on/off,on/off,0,19.9,69.2,on,46,20,39,18,,,,
2017-10-12,04:34,0,on/off,on/off,0,19.9,69.1,on,46,20,39,18,,,,
2017-10-12,04:34,0,on/off,on/off,0,19.9,69.1,on,46,20,39,18,,,,
2017-10-12,04:34,0,on/off,on/off,0,19.9,69.1,on,46,21,39,18,,,,
2017-10-12,04:34,2,on/off,on/off,0,19.9,69.1,on,46,21,39,18,,,,
2017-10-12,04:35,0,on/off,on/off,0,19.9,69.0,on,46,20,39,18,,,,
2017-10-12,04:35,0,on/off,on/off,1,19.9,69.0,on,46,21,39,18,,,,
2017-10-12,04:35,0,on/off,on/off,0,19.9,69.0,on,46,21,39,18,,,,
2017-10-12,04:35,4,on/off,on/off,0,19.9,69.0,on,46,20,39,18,,,,
2017-10-12,04:35,0,on/off,on/off,0,19.9,69.0,on,46,20,39,18,,,,
2017-10-12,04:35,0,on/off,on/off,0,19.9,69.0,on,46,20,39,19,,,,
2017-10-12,04:35,0,on/off,on/off,0,19.9,69.0,on,46,20,40,18,,,,
2017-10-12,04:35,0,on/off,on/off,0,19.9,69.0,on,46,21,39,18,,,,
2017-10-12,04:35,0,on/off,on/off,0,19.9,68.9,on,46,20,39,18,,,,
2017-10-12,04:35,0,on/off,on/off,0,19.9,68.9,on,46,20,39,19,,,,
2017-10-12,04:35,0,on/off,on/off,0,19.9,68.9,on,46,20,39,18,,,,
2017-10-12,04:35,1,on/off,on/off,0,19.9,68.9,on,46,21,39,18,,,,
2017-10-12,04:35,0,on/off,on/off,0,19.9,68.9,on,46,20,39,18,,,,
2017-10-12,04:35,0,on/off,on/off,0,19.9,68.9,on,46,20,39,18,,,,
2017-10-12,04:35,0,on/off,on/off,0,19.9,68.9,on,46,21,39,18,,,,
2017-10-12,04:35,0,on/off,on/off,0,19.9,68.9,on,46,21,39,18,,,,
2017-10-12,04:35,0,on/off,on/off,0,19.9,69.0,on,46,20,39,18,,,,
2017-10-12,04:35,0,on/off,on/off,0,19.9,69.0,on,46,20,39,18,,,,
2017-10-12,04:35,0,on/off,on/off,0,19.9,69.0,on,46,21,39,18,,,,
2017-10-12,04:35,2,on/off,on/off,0,19.9,69.0,on,46,21,39,18,,,,
2017-10-12,04:35,0,on/off,on/off,0,19.9,69.0,on,46,20,39,18,,,,
2017-10-12,04:35,0,on/off,on/off,0,19.9,69.0,on,46,20,39,18,,,,
2017-10-12,04:35,0,on/off,on/off,0,19.9,69.0,on,46,20,39,18,,,,
2017-10-12,04:35,0,on/off,on/off,0,19.9,69.0,on,46,21,40,18,,,,
2017-10-12,04:36,0,on/off,on/off,0,19.9,69.0,on,46,20,39,18,,,,
2017-10-12,04:36,0,on/off,on/off,0,19.9,69.0,on,46,20,39,18,,,,
2017-10-12,04:36,0,on/off,on/off,0,19.9,69.0,on,46,20,39,18,,,,
2017-10-12,04:36,0,on/off,on/off,0,19.9,69.0,on,46,20,39,18,,,,
2017-10-12,04:36,5,on/off,on/off,0,19.9,69.2,on,46,20,39,18,,,,
2017-10-12,04:36,0,on/off,on/off,0,19.9,69.2,on,46,21,39,18,,,,
2017-10-12,04:36,0,on/off,on/off,0,19.9,69.2,on,46,21,40,18,,,,
2017-10-12,04:36,0,on/off,on/off,0,19.9,69.2,on,46,20,39,18,,,,
2017-10-12,04:36,0,on/off,on/off,0,19.9,69.3,on,46,20,39,18,,,,
2017-10-12,04:36,0,on/off,on/off,0,19.9,69.3,on,46,21,39,18,,,,
2017-10-12,04:36,0,on/off,on/off,0,19.9,69.3,on,46,21,39,18,,,,
2017-10-12,04:36,0,on/off,on/off,0,19.9,69.3,on,46,21,39,18,,,,
2017-10-12,04:36,0,on/off,on/off,0,19.9,69.4,on,46,21,39,18,,,,
2017-10-12,04:36,0,on/off,on/off,0,19.9,69.4,on,46,20,39,19,,,,
2017-10-12,04:36,0,on/off,on/off,0,19.9,69.4,on,46,21,39,18,,,,
2017-10-12,04:36,0,on/off,on/off,0,19.9,69.4,on,46,21,39,18,,,,
2017-10-12,04:36,4,on/off,on/off,0,19.9,69.3,on,46,21,39,18,,,,
2017-10-12,04:36,0,on/off,on/off,0,19.9,69.3,on,46,21,39,18,,,,
2017-10-12,04:36,0,on/off,on/off,0,19.9,69.3,on,46,20,39,18,,,,
2017-10-12,04:36,0,on/off,on/off,0,19.9,69.3,on,46,20,39,18,,,,
2017-10-12,04:37,0,on/off,on/off,0,19.9,69.3,on,46,20,39,19,,,,
2017-10-12,04:37,0,on/off,on/off,0,19.9,69.3,on,46,21,40,18,,,,
2017-10-12,04:37,0,on/off,on/off,0,19.9,69.3,on,46,20,39,18,,,,
2017-10-12,04:37,3,on/off,on/off,0,19.9,69.3,on,46,21,39,18,,,,
2017-10-12,04:37,0,on/off,on/off,0,19.9,69.3,on,46,20,39,18,,,,
2017-10-12,04:37,0,on/off,on/off,0,19.9,69.3,on,46,21,39,18,,,,
2017-10-12,04:37,0,on/off,on/off,0,19.9,69.3,on,46,20,39,18,,,,
2017-10-12,04:37,0,on/off,on/off,0,19.9,69.3,on,46,21,39,18,,,,
2017-10-12,04:37,0,on/off,on/off,0,19.9,69.1,on,46,20,39,18,,,,
2017-10-12,04:37,0,on/off,on/off,0,19.9,69.1,on,46,20,39,18,,,,
2017-10-12,04:37,0,on/off,on/off,0,19.9,69.1,on,46,20,39,18,,,,
2017-10-12,04:37,0,on/off,on/off,0,19.9,69.1,on,46,20,39,18,,,,
2017-10-12,04:37,0,on/off,on/off,0,19.9,69.0,on,46,21,39,18,,,,
2017-10-12,04:37,0,on/off,on/off,0,19.9,69.0,on,46,21,39,18,,,,
2017-10-12,04:37,0,on/off,on/off,0,19.9,69.0,on,46,21,39,18,,,,
2017-10-12,04:37,0,on/off,on/off,0,19.9,69.0,on,46,20,39,18,,,,
2017-10-12,04:37,0,on/off,on/off,0,19.9,69.0,on,46,20,39,18,,,,
2017-10-12,04:37,0,on/off,on/off,0,19.9,69.0,on,46,20,39,18,,,,
2017-10-12,04:37,0,on/off,on/off,0,19.9,69.0,on,46,20,39,18,,,,
2017-10-12,04:37,0,on/off,on/off,0,19.9,69.0,on,46,21,39,18,,,,
2017-10-12,04:37,1,on/off,on/off,0,19.9,68.9,on,46,20,39,18,,,,
2017-10-12,04:37,0,on/off,on/off,0,19.9,68.9,on,46,20,39,18,,,,
2017-10-12,04:37,1,on/off,on/off,0,19.9,68.9,on,46,20,39,18,,,,
2017-10-12,04:37,0,on/off,on/off,0,19.9,68.9,on,46,20,39,18,,,,
2017-10-12,04:38,0,on/off,on/off,0,19.9,69.0,on,46,20,39,18,,,,
2017-10-12,04:38,0,on/off,on/off,0,19.9,69.0,on,46,20,39,19,,,,
2017-10-12,04:38,3,on/off,on/off,0,19.9,69.0,on,46,21,39,18,,,,
2017-10-12,04:38,0,on/off,on/off,0,19.9,69.0,on,46,20,39,18,,,,
2017-10-12,04:38,0,on/off,on/off,0,19.9,69.1,on,46,20,39,18,,,,
2017-10-12,04:38,0,on/off,on/off,0,19.9,69.1,on,46,21,39,18,,,,
2017-10-12,04:38,0,on/off,on/off,0,19.9,69.1,on,46,20,39,18,,,,
2017-10-12,04:38,1,on/off,on/off,0,19.9,69.1,on,46,20,39,18,,,,
2017-10-12,04:38,0,on/off,on/off,0,19.9,69.2,on,46,20,39,19,,,,
2017-10-12,04:38,0,on/off,on/off,0,19.9,69.2,on,46,20,39,18,,,,
2017-10-12,04:38,0,on/off,on/off,0,19.9,69.2,on,46,20,39,18,,,,
2017-10-12,04:38,3,on/off,on/off,0,19.9,69.2,on,46,21,39,18,,,,
2017-10-12,04:38,0,on/off,on/off,0,19.9,69.3,on,46,20,39,18,,,,
2017-10-12,04:38,0,on/off,on/off,0,19.9,69.3,on,46,20,39,18,,,,
2017-10-12,04:38,0,on/off,on/off,0,19.9,69.3,on,46,20,39,18,,,,
2017-10-12,04:38,0,on/off,on/off,0,19.9,69.3,on,46,21,39,18,,,,
2017-10-12,04:38,0,on/off,on/off,0,19.9,69.4,on,46,20,39,18,,,,
2017-10-12,04:38,0,on/off,on/off,0,19.9,69.4,on,46,20,39,18,,,,
2017-10-12,04:38,0,on/off,on/off,0,19.9,69.4,on,46,20,39,19,,,,
2017-10-12,04:38,0,on/off,on/off,0,19.9,69.4,on,46,21,39,18,,,,
2017-10-12,04:39,0,on/off,on/off,0,19.9,69.3,on,46,20,39,18,,,,
2017-10-12,04:39,0,on/off,on/off,0,19.9,69.3,on,46,20,39,18,,,,
2017-10-12,04:39,0,on/off,on/off,0,19.9,69.3,on,46,21,39,18,,,,
2017-10-12,04:39,0,on/off,on/off,0,19.9,69.3,on,46,20,39,18,,,,
2017-10-12,04:39,0,on/off,on/off,0,19.9,69.4,on,46,20,39,18,,,,
2017-10-12,04:39,0,on/off,on/off,0,19.9,69.4,on,46,20,39,18,,,,
2017-10-12,04:39,0,on/off,on/off,0,19.9,69.4,on,46,20,39,18,,,,
2017-10-12,04:39,0,on/off,on/off,0,19.9,69.4,on,46,20,39,18,,,,
2017-10-12,04:39,0,on/off,on/off,0,19.9,69.4,on,46,20,39,18,,,,
2017-10-12,04:39,0,on/off,on/off,0,19.9,69.4,on,46,21,39,18,,,,
2017-10-12,04:39,0,on/off,on/off,0,19.9,69.4,on,46,21,39,18,,,,
2017-10-12,04:39,0,on/off,on/off,0,19.9,69.4,on,46,20,39,18,,,,
2017-10-12,04:39,3,on/off,on/off,0,19.9,69.3,on,46,21,39,18,,,,
2017-10-12,04:39,0,on/off,on/off,0,19.9,69.3,on,46,20,39,18,,,,
2017-10-12,04:39,1,on/off,on/off,0,19.9,69.3,on,46,20,39,18,,,,
2017-10-12,04:39,0,on/off,on/off,0,19.9,69.3,on,46,20,39,18,,,,
2017-10-12,04:39,0,on/off,on/off,0,19.9,69.3,on,46,20,39,18,,,,
2017-10-12,04:39,5,on/off,on/off,0,19.9,69.3,on,46,21,39,18,,,,
2017-10-12,04:39,0,on/off,on/off,0,19.9,69.3,on,46,20,39,18,,,,
2017-10-12,04:39,0,on/off,on/off,0,19.9,69.3,on,46,20,39,18,,,,
2017-10-12,04:39,0,on/off,on/off,0,19.9,69.3,on,46,20,39,18,,,,
2017-10-12,04:39,1,on/off,on/off,0,19.9,69.3,on,46,20,39,18,,,,
2017-10-12,04:39,0,on/off,on/off,0,19.9,69.3,on,46,20,39,18,,,,
2017-10-12,04:39,0,on/off,on/off,0,19.9,69.3,on,46,20,40,18,,,,
2017-10-12,04:40,0,on/off,on/off,0,19.9,69.2,on,46,20,39,18,,,,
2017-10-12,04:40,0,on/off,on/off,0,19.9,69.2,on,46,20,39,18,,,,
2017-10-12,04:40,0,on/off,on/off,0,19.9,69.2,on,46,20,39,18,,,,
2017-10-12,04:40,5,on/off,on/off,0,19.9,69.2,on,46,21,39,18,,,,
2017-10-12,04:40,0,on/off,on/off,0,19.9,69.1,on,46,20,39,18,,,,
2017-10-12,04:40,0,on/off,on/off,0,19.9,69.1,on,46,21,39,18,,,,
2017-10-12,04:40,0,on/off,on/off,0,19.9,69.1,on,46,20,39,18,,,,
2017-10-12,04:40,0,on/off,on/off,0,19.9,69.1,on,46,21,39,18,,,,
2017-10-12,04:40,0,on/off,on/off,0,19.9,69.0,on,46,20,39,18,,,,
2017-10-12,04:40,0,on/off,on/off,0,19.9,69.0,on,46,21,39,18,,,,
2017-10-12,04:40,0,on/off,on/off,0,19.9,69.0,on,46,20,39,18,,,,
2017-10-12,04:40,0,on/off,on/off,0,19.9,69.0,on,46,20,39,18,,,,
2017-10-12,04:40,0,on/off,on/off,0,19.9,68.9,on,46,20,39,18,,,,
2017-10-12,04:40,0,on/off,on/off,0,19.9,68.9,on,46,21,39,18,,,,
2017-10-12,04:40,1,on/off,on/off,0,19.9,68.9,on,46,20,39,18,,,,
2017-10-12,04:40,0,on/off,on/off,0,19.9,68.9,on,46,20,39,18,,,,
2017-10-12,04:40,0,on/off,on/off,0,19.9,68.9,on,46,21,39,18,,,,
2017-10-12,04:40,0,on/off,on/off,0,19.9,68.9,on,46,21,39,18,,,,
2017-10-12,04:40,0,on/off,on/off,0,19.9,68.9,on,46,20,39,18,,,,
2017-10-12,04:40,0,on/off,on/off,0,19.9,68.9,on,46,20,39,18,,,,
2017-10-12,04:41,0,on/off,on/off,0,19.9,69.0,on,46,20,39,18,,,,
2017-10-12,04:41,0,on/off,on/off,0,19.9,69.0,on,46,20,39,18,,,,
2017-10-12,04:41,0,on/off,on/off,0,19.9,69.0,on,46,20,39,18,,,,
2017-10-12,04:41,0,on/off,on/off,1,19.9,69.0,on,46,21,39,18,,,,
2017-10-12,04:41,0,on/off,on/off,0,19.9,69.0,on,46,20,39,18,,,,
2017-10-12,04:41,0,on/off,on/off,0,19.9,69.0,on,46,21,39,18,,,,
2017-10-12,04:41,0,on/off,on/off,0,19.9,69.0,on,46,20,39,18,,,,
2017-10-12,04:41,0,on/off,on/off,0,19.9,69.0,on,46,20,39,18,,,,
2017-10-12,04:41,0,on/off,on/off,0,19.9,68.9,on,46,20,39,18,,,,
2017-10-12,04:41,0,on/off,on/off,0,19.9,68.9,on,46,20,39,18,,,,
2017-10-12,04:41,0,on/off,on/off,0,19.9,68.9,on,46,20,39,18,,,,
2017-10-12,04:41,0,on/off,on/off,0,19.9,68.9,on,46,21,39,18,,,,
2017-10-12,04:41,1,on/off,on/off,0,19.9,69.0,on,46,20,39,18,,,,
2017-10-12,04:41,6,on/off,on/off,0,19.9,69.0,on,46,21,39,18,,,,
2017-10-12,04:41,0,on/off,on/off,0,19.9,69.0,on,46,20,39,18,,,,
2017-10-12,04:41,0,on/off,on/off,0,19.9,69.0,on,46,20,39,18,,,,
2017-10-12,04:41,0,on/off,on/off,0,19.9,69.1,on,46,20,39,18,,,,
2017-10-12,04:41,0,on/off,on/off,0,19.9,69.1,on,46,20,39,18,,,,
2017-10-12,04:41,0,on/off,on/off,0,19.9,69.1,on,46,20,39,18,,,,
2017-10-12,04:41,0,on/off,on/off,0,19.9,69.1,on,46,21,39,18,,,,
2017-10-12,04:41,0,on/off,on/off,0,19.9,69.0,on,46,21,39,18,,,,
2017-10-12,04:41,0,on/off,on/off,0,19.9,69.0,on,46,21,39,18,,,,
2017-10-12,04:41,1,on/off,on/off,0,19.9,69.0,on,46,20,39,18,,,,
2017-10-12,04:41,0,on/off,on/off,0,19.9,69.0,on,46,20,39,18,,,,
2017-10-12,04:42,0,on/off,on/off,0,19.9,69.0,on,46,20,39,18,,,,
2017-10-12,04:42,0,on/off,on/off,0,19.9,69.0,on,46,20,39,18,,,,
2017-10-12,04:42,0,on/off,on/off,0,19.9,69.0,on,46,20,39,18,,,,
2017-10-12,04:42,0,on/off,on/off,0,19.9,69.0,on,46,20,39,18,,,,
2017-10-12,04:42,0,on/off,on/off,0,19.9,69.0,on,46,20,39,18,,,,
2017-10-12,04:42,0,on/off,on/off,0,19.9,69.0,on,46,20,39,18,,,,
2017-10-12,04:42,0,on/off,on/off,0,19.9,69.0,on,46,20,39,18,,,,
2017-10-12,04:42,0,on/off,on/off,0,19.9,69.0,on,46,21,40,18,,,,
2017-10-12,04:42,0,on/off,on/off,0,19.9,69.0,on,46,20,39,18,,,,
2017-10-12,04:42,0,on/off,on/off,0,19.9,69.0,on,46,20,39,18,,,,
2017-10-12,04:42,0,on/off,on/off,0,19.9,69.0,on,46,20,39,18,,,,
2017-10-12,04:42,0,on/off,on/off,0,19.9,69.0,on,46,20,39,18,,,,
2017-10-12,04:42,0,on/off,on/off,0,19.9,69.0,on,46,20,39,18,,,,
2017-10-12,04:42,0,on/off,on/off,0,19.9,69.0,on,46,20,39,18,,,,
2017-10-12,04:42,1,on/off,on/off,0,19.9,69.0,on,46,20,39,18,,,,
2017-10-12,04:42,0,on/off,on/off,1,19.9,69.0,on,46,20,39,18,,,,
2017-10-12,04:42,0,on/off,on/off,0,19.9,69.0,on,46,21,39,18,,,,
2017-10-12,04:42,0,on/off,on/off,0,19.9,69.0,on,46,20,39,18,,,,
2017-10-12,04:42,0,on/off,on/off,0,19.9,69.0,on,46,20,39,18,,,,
2017-10-12,04:42,0,on/off,on/off,0,19.9,69.0,on,46,20,39,18,,,,
2017-10-12,04:43,0,on/off,on/off,0,19.9,69.0,on,46,20,39,18,,,,
2017-10-12,04:43,0,on/off,on/off,0,19.9,69.0,on,46,20,39,19,,,,
2017-10-12,04:43,0,on/off,on/off,0,19.9,69.0,on,46,20,39,18,,,,
2017-10-12,04:43,0,on/off,on/off,0,19.9,69.0,on,46,20,39,18,,,,
2017-10-12,04:43,0,on/off,on/off,0,19.9,69.0,on,46,20,39,18,,,,
2017-10-12,04:43,2,on/off,on/off,0,19.9,69.0,on,46,20,39,18,,,,
2017-10-12,04:43,0,on/off,on/off,0,19.9,69.0,on,46,21,39,18,,,,
2017-10-12,04:43,0,on/off,on/off,0,19.9,69.0,on,46,20,39,18,,,,
2017-10-12,04:43,0,on/off,on/off,0,19.9,69.2,on,46,20,39,18,,,,
2017-10-12,04:43,0,on/off,on/off,0,19.9,69.2,on,46,21,39,18,,,,
2017-10-12,04:43,0,on/off,on/off,0,19.9,69.2,on,46,20,39,18,,,,
2017-10-12,04:43,0,on/off,on/off,0,19.9,69.2,on,46,20,39,18,,,,
2017-10-12,04:43,0,on/off,on/off,0,19.9,69.1,on,46,20,39,18,,,,
2017-10-12,04:43,0,on/off,on/off,0,19.9,69.1,on,46,20,39,18,,,,
2017-10-12,04:43,3,on/off,on/off,0,19.9,69.1,on,46,21,39,18,,,,
2017-10-12,04:43,0,on/off,on/off,0,19.9,69.1,on,46,20,39,18,,,,
2017-10-12,04:43,0,on/off,on/off,0,19.9,69.0,on,46,20,39,18,,,,
2017-10-12,04:43,1,on/off,on/off,0,19.9,69.0,on,46,20,39,18,,,,
2017-10-12,04:43,0,on/off,on/off,0,19.9,69.0,on,46,20,39,18,,,,
2017-10-12,04:43,0,on/off,on/off,0,19.9,69.0,on,46,21,39,18,,,,
2017-10-12,04:43,0,on/off,on/off,0,19.9,69.3,on,46,20,39,18,,,,
2017-10-12,04:43,0,on/off,on/off,0,19.9,69.3,on,46,20,39,18,,,,
2017-10-12,04:43,0,on/off,on/off,0,19.9,69.3,on,46,20,39,18,,,,
2017-10-12,04:43,0,on/off,on/off,0,19.9,69.3,on,46,21,39,18,,,,
2017-10-12,04:44,0,on/off,on/off,0,19.9,69.2,on,46,20,39,18,,,,
2017-10-12,04:44,0,on/off,on/off,0,19.9,69.2,on,46,20,39,18,,,,
2017-10-12,04:44,1,on/off,on/off,0,19.9,69.2,on,46,21,39,18,,,,
2017-10-12,04:44,0,on/off,on/off,0,19.9,69.2,on,46,20,39,19,,,,
2017-10-12,04:44,0,on/off,on/off,0,19.9,69.3,on,46,20,39,18,,,,
2017-10-12,04:44,0,on/off,on/off,0,19.9,69.3,on,46,21,39,18,,,,
2017-10-12,04:44,0,on/off,on/off,0,19.9,69.3,on,46,20,39,18,,,,
2017-10-12,04:44,0,on/off,on/off,0,19.9,69.3,on,46,20,39,18,,,,
2017-10-12,04:44,0,on/off,on/off,0,19.9,69.4,on,46,20,39,18,,,,
2017-10-12,04:44,1,on/off,on/off,0,19.9,69.4,on,46,21,39,18,,,,
2017-10-12,04:44,0,on/off,on/off,0,19.9,69.4,on,46,20,39,18,,,,
2017-10-12,04:44,0,on/off,on/off,0,19.9,69.4,on,46,20,39,18,,,,
2017-10-12,04:44,0,on/off,on/off,0,19.9,69.3,on,46,20,39,18,,,,
2017-10-12,04:44,0,on/off,on/off,0,19.9,69.3,on,46,20,39,18,,,,
2017-10-12,04:44,0,on/off,on/off,0,19.9,69.3,on,46,20,39,18,,,,
2017-10-12,04:44,0,on/off,on/off,1,19.9,69.3,on,46,21,39,18,,,,
2017-10-12,04:44,0,on/off,on/off,0,19.9,69.3,on,46,20,39,18,,,,
2017-10-12,04:44,0,on/off,on/off,0,19.9,69.3,on,46,20,39,18,,,,
2017-10-12,04:44,1,on/off,on/off,0,19.9,69.3,on,46,20,39,18,,,,
2017-10-12,04:44,0,on/off,on/off,0,19.9,69.3,on,46,20,39,18,,,,
2017-10-12,04:44,0,on/off,on/off,0,19.9,69.3,on,46,21,39,18,,,,
2017-10-12,04:44,0,on/off,on/off,0,19.9,69.3,on,46,20,39,18,,,,
2017-10-12,04:44,0,on/off,on/off,0,19.9,69.3,on,46,20,39,18,,,,
2017-10-12,04:44,0,on/off,on/off,0,19.9,69.3,on,46,20,39,18,,,,
2017-10-12,04:45,0,on/off,on/off,0,19.9,69.3,on,46,20,39,18,,,,
2017-10-12,04:45,0,on/off,on/off,0,19.9,69.3,on,46,20,39,18,,,,
2017-10-12,04:45,0,on/off,on/off,0,19.9,69.3,on,46,20,39,18,,,,
2017-10-12,04:45,0,on/off,on/off,0,19.9,69.3,on,46,21,39,18,,,,
2017-10-12,04:45,4,on/off,on/off,0,19.9,69.2,on,46,21,39,18,,,,
2017-10-12,04:45,0,on/off,on/off,0,19.9,69.2,on,46,20,39,18,,,,
2017-10-12,04:45,0,on/off,on/off,0,19.9,69.2,on,46,20,39,18,,,,
2017-10-12,04:45,0,on/off,on/off,0,19.9,69.2,on,46,20,39,18,,,,
2017-10-12,04:45,4,on/off,on/off,0,19.9,69.1,on,46,21,39,18,,,,
2017-10-12,04:45,0,on/off,on/off,0,19.9,69.1,on,46,20,39,18,,,,
2017-10-12,04:45,0,on/off,on/off,0,19.9,69.1,on,46,20,39,18,,,,
2017-10-12,04:45,0,on/off,on/off,0,19.9,69.1,on,46,20,39,18,,,,
2017-10-12,04:45,0,on/off,on/off,0,19.9,69.0,on,46,20,39,18,,,,
2017-10-12,04:45,0,on/off,on/off,0,19.9,69.0,on,46,20,39,18,,,,
2017-10-12,04:45,0,on/off,on/off,0,19.9,69.0,on,46,20,39,18,,,,
2017-10-12,04:45,2,on/off,on/off,0,19.9,69.0,on,46,21,39,18,,,,
2017-10-12,04:45,0,on/off,on/off,0,19.9,68.9,on,46,20,39,18,,,,
2017-10-12,04:45,0,on/off,on/off,0,19.9,68.9,on,46,20,39,18,,,,
2017-10-12,04:45,0,on/off,on/off,0,19.9,68.9,on,46,20,39,18,,,,
2017-10-12,04:45,0,on/off,on/off,0,19.9,68.9,on,46,20,39,18,,,,
2017-10-12,04:46,0,on/off,on/off,0,19.9,69.0,on,46,20,39,18,,,,
2017-10-12,04:46,0,on/off,on/off,0,19.9,69.0,on,46,20,39,18,,,,
2017-10-12,04:46,0,on/off,on/off,0,19.9,69.0,on,46,20,39,18,,,,
2017-10-12,04:46,0,on/off,on/off,0,19.9,69.0,on,46,20,39,18,,,,
2017-10-12,04:46,0,on/off,on/off,0,19.9,69.1,on,46,20,39,18,,,,
2017-10-12,04:46,0,on/off,on/off,0,19.9,69.1,on,46,20,39,18,,,,
2017-10-12,04:46,0,on/off,on/off,0,19.9,69.1,on,46,20,39,18,,,,
2017-10-12,04:46,0,on/off,on/off,1,19.9,69.1,on,46,20,39,18,,,,
2017-10-12,04:46,0,on/off,on/off,1,19.9,69.0,on,46,20,39,18,,,,
2017-10-12,04:46,0,on/off,on/off,0,19.9,69.0,on,46,20,39,18,,,,
2017-10-12,04:46,0,on/off,on/off,0,19.9,69.0,on,46,20,39,18,,,,
2017-10-12,04:46,0,on/off,on/off,0,19.9,69.0,on,46,20,39,18,,,,
2017-10-12,04:46,0,on/off,on/off,0,19.9,68.9,on,46,20,39,18,,,,
2017-10-12,04:46,0,on/off,on/off,0,19.9,68.9,on,46,21,39,18,,,,
2017-10-12,04:46,0,on/off,on/off,0,19.9,68.9,on,46,20,39,18,,,,
2017-10-12,04:46,0,on/off,on/off,0,19.9,68.9,on,46,20,39,18,,,,
2017-10-12,04:46,1,on/off,on/off,0,19.9,69.0,on,46,20,39,18,,,,
2017-10-12,04:46,1,on/off,on/off,0,19.9,69.0,on,46,21,39,18,,,,
2017-10-12,04:46,0,on/off,on/off,0,19.9,69.0,on,46,20,39,18,,,,
2017-10-12,04:46,0,on/off,on/off,0,19.9,69.0,on,46,20,39,18,,,,
2017-10-12,04:46,0,on/off,on/off,0,19.9,69.0,on,46,20,39,18,,,,
2017-10-12,04:46,0,on/off,on/off,0,19.9,69.0,on,46,20,39,18,,,,
2017-10-12,04:46,0,on/off,on/off,0,19.9,69.0,on,46,20,39,18,,,,
2017-10-12,04:46,0,on/off,on/off,0,19.9,69.0,on,46,20,39,18,,,,
2017-10-12,04:47,0,on/off,on/off,0,19.9,69.0,on,46,20,39,18,,,,
2017-10-12,04:47,0,on/off,on/off,0,19.9,69.0,on,46,20,39,18,,,,
2017-10-12,04:47,0,on/off,on/off,0,19.9,69.0,on,46,20,39,18,,,,
2017-10-12,04:47,0,on/off,on/off,0,19.9,69.0,on,46,20,39,18,,,,
2017-10-12,04:47,2,on/off,on/off,0,19.9,69.0,on,46,21,39,18,,,,
2017-10-12,04:47,2,on/off,on/off,0,19.9,69.0,on,46,20,39,18,,,,
2017-10-12,04:47,0,on/off,on/off,0,19.9,69.0,on,46,20,39,18,,,,
2017-10-12,04:47,0,on/off,on/off,0,19.9,69.0,on,46,20,39,18,,,,
2017-10-12,04:47,3,on/off,on/off,0,19.9,69.0,on,46,21,39,18,,,,
2017-10-12,04:47,0,on/off,on/off,0,19.9,69.0,on,46,20,39,18,,,,
2017-10-12,04:47,0,on/off,on/off,0,19.9,69.0,on,46,20,39,18,,,,
2017-10-12,04:47,0,on/off,on/off,0,19.9,69.0,on,46,20,39,18,,,,
2017-10-12,04:47,0,on/off,on/off,0,19.9,68.9,on,45,20,39,18,,,,
2017-10-12,04:47,0,on/off,on/off,0,19.9,68.9,on,46,20,39,18,,,,
2017-10-12,04:47,5,on/off,on/off,0,19.9,68.9,on,46,21,39,18,,,,
2017-10-12,04:47,0,on/off,on/off,0,19.9,68.9,on,46,20,39,18,,,,
2017-10-12,04:47,1,on/off,on/off,0,19.9,68.9,on,46,20,39,18,,,,
2017-10-12,04:47,1,on/off,on/off,0,19.9,68.9,on,46,20,39,18,,,,
2017-10-12,04:47,0,on/off,on/off,0,19.9,68.9,on,46,20,39,18,,,,
2017-10-12,04:47,0,on/off,on/off,0,19.9,68.9,on,46,20,39,18,,,,
2017-10-12,04:48,0,on/off,on/off,0,19.9,68.8,on,46,20,39,18,,,,
2017-10-12,04:48,0,on/off,on/off,0,19.9,68.8,on,46,20,39,18,,,,
2017-10-12,04:48,0,on/off,on/off,0,19.9,68.8,on,46,20,39,18,,,,
2017-10-12,04:48,0,on/off,on/off,0,19.9,68.8,on,46,20,39,18,,,,
2017-10-12,04:48,0,on/off,on/off,0,19.8,68.6,on,45,20,39,18,,,,
2017-10-12,04:48,0,on/off,on/off,0,19.8,68.6,on,46,20,39,18,,,,
2017-10-12,04:48,0,on/off,on/off,0,19.8,68.6,on,46,20,39,18,,,,
2017-10-12,04:48,0,on/off,on/off,0,19.8,68.6,on,46,20,39,18,,,,
2017-10-12,04:48,0,on/off,on/off,0,19.9,69.1,on,46,20,39,18,,,,
2017-10-12,04:48,1,on/off,on/off,0,19.9,69.1,on,46,20,39,18,,,,
2017-10-12,04:48,0,on/off,on/off,0,19.9,69.1,on,45,20,39,18,,,,
2017-10-12,04:48,0,on/off,on/off,0,19.9,69.1,on,46,20,39,18,,,,
2017-10-12,04:48,4,on/off,on/off,0,19.9,69.2,on,46,20,39,18,,,,
2017-10-12,04:48,0,on/off,on/off,0,19.9,69.2,on,46,20,39,18,,,,
2017-10-12,04:48,0,on/off,on/off,0,19.9,69.2,on,46,20,39,18,,,,
2017-10-12,04:48,0,on/off,on/off,0,19.9,69.2,on,46,20,39,18,,,,
2017-10-12,04:48,1,on/off,on/off,0,19.9,69.3,on,46,20,39,18,,,,
2017-10-12,04:48,0,on/off,on/off,0,19.9,69.3,on,46,20,39,18,,,,
2017-10-12,04:48,1,on/off,on/off,0,19.9,69.3,on,46,20,39,18,,,,
2017-10-12,04:48,0,on/off,on/off,0,19.9,69.3,on,46,20,39,18,,,,
2017-10-12,04:48,0,on/off,on/off,0,19.9,69.3,on,46,20,39,18,,,,
2017-10-12,04:48,0,on/off,on/off,0,19.9,69.3,on,46,21,39,18,,,,
2017-10-12,04:48,1,on/off,on/off,0,19.9,69.3,on,46,20,39,18,,,,
2017-10-12,04:48,0,on/off,on/off,0,19.9,69.3,on,46,20,39,18,,,,
2017-10-12,04:49,2,on/off,on/off,0,19.9,69.3,on,46,21,39,18,,,,
2017-10-12,04:49,0,on/off,on/off,0,19.9,69.3,on,46,20,39,18,,,,
2017-10-12,04:49,0,on/off,on/off,0,19.9,69.3,on,46,20,39,18,,,,
2017-10-12,04:49,0,on/off,on/off,0,19.9,69.3,on,46,20,39,18,,,,
2017-10-12,04:49,0,on/off,on/off,0,19.9,69.3,on,46,20,39,19,,,,
2017-10-12,04:49,2,on/off,on/off,0,19.9,69.3,on,46,20,39,18,,,,
2017-10-12,04:49,0,on/off,on/off,0,19.9,69.3,on,46,20,39,18,,,,
2017-10-12,04:49,0,on/off,on/off,0,19.9,69.3,on,46,20,39,18,,,,
2017-10-12,04:49,0,on/off,on/off,0,19.9,69.3,on,46,20,39,19,,,,
2017-10-12,04:49,0,on/off,on/off,0,19.9,69.3,on,46,20,39,18,,,,
2017-10-12,04:49,0,on/off,on/off,0,19.9,69.3,on,46,20,39,18,,,,
2017-10-12,04:49,0,on/off,on/off,0,19.9,69.3,on,46,20,39,18,,,,
2017-10-12,04:49,0,on/off,on/off,0,19.9,69.3,on,46,21,39,18,,,,
2017-10-12,04:49,0,on/off,on/off,0,19.9,69.3,on,46,20,39,18,,,,
2017-10-12,04:49,0,on/off,on/off,0,19.9,69.3,on,46,20,39,18,,,,
2017-10-12,04:49,0,on/off,on/off,0,19.9,69.3,on,46,20,39,18,,,,
2017-10-12,04:49,3,on/off,on/off,0,19.9,69.3,on,46,20,39,18,,,,
2017-10-12,04:49,2,on/off,on/off,0,19.9,69.3,on,46,20,39,18,,,,
2017-10-12,04:49,0,on/off,on/off,0,19.9,69.3,on,46,20,39,18,,,,
2017-10-12,04:49,0,on/off,on/off,0,19.9,69.3,on,46,20,39,18,,,,
2017-10-12,04:50,1,on/off,on/off,0,19.9,69.3,on,46,20,39,19,,,,
2017-10-12,04:50,0,on/off,on/off,0,19.9,69.3,on,46,20,39,18,,,,
2017-10-12,04:50,0,on/off,on/off,0,19.9,69.3,on,46,21,39,18,,,,
2017-10-12,04:50,0,on/off,on/off,0,19.9,69.3,on,46,20,39,18,,,,
2017-10-12,04:50,0,on/off,on/off,0,19.9,69.3,on,46,20,39,18,,,,
2017-10-12,04:50,0,on/off,on/off,0,19.9,69.3,on,46,20,39,18,,,,
2017-10-12,04:50,2,on/off,on/off,0,19.9,69.3,on,46,20,39,18,,,,
2017-10-12,04:50,0,on/off,on/off,0,19.9,69.3,on,46,20,39,18,,,,
2017-10-12,04:50,0,on/off,on/off,0,19.8,69.1,on,46,20,39,19,,,,
2017-10-12,04:50,0,on/off,on/off,0,19.8,69.1,on,46,20,39,18,,,,
2017-10-12,04:50,0,on/off,on/off,0,19.8,69.1,on,46,20,39,18,,,,
2017-10-12,04:50,0,on/off,on/off,0,19.8,69.1,on,46,20,39,18,,,,
2017-10-12,04:50,1,on/off,on/off,0,19.9,69.2,on,46,20,39,18,,,,
2017-10-12,04:50,0,on/off,on/off,0,19.9,69.2,on,46,20,39,18,,,,
2017-10-12,04:50,0,on/off,on/off,0,19.9,69.2,on,46,20,39,18,,,,
2017-10-12,04:50,0,on/off,on/off,0,19.9,69.2,on,46,20,39,18,,,,
2017-10-12,04:50,0,on/off,on/off,0,19.8,69.1,on,46,20,39,18,,,,
2017-10-12,04:50,0,on/off,on/off,0,19.8,69.1,on,46,21,39,18,,,,
2017-10-12,04:50,0,on/off,on/off,0,19.8,69.1,on,46,20,39,18,,,,
2017-10-12,04:50,0,on/off,on/off,0,19.8,69.1,on,46,20,39,18,,,,
2017-10-12,04:50,0,on/off,on/off,0,19.9,69.3,on,45,20,39,18,,,,
2017-10-12,04:50,0,on/off,on/off,0,19.9,69.3,on,46,20,39,18,,,,
2017-10-12,04:50,0,on/off,on/off,0,19.9,69.3,on,46,20,39,18,,,,
2017-10-12,04:50,0,on/off,on/off,0,19.9,69.3,on,46,20,39,18,,,,
2017-10-12,04:51,0,on/off,on/off,0,19.8,69.2,on,45,20,39,18,,,,
2017-10-12,04:51,2,on/off,on/off,0,19.8,69.2,on,46,20,39,18,,,,
2017-10-12,04:51,3,on/off,on/off,0,19.8,69.2,on,46,21,39,18,,,,
2017-10-12,04:51,0,on/off,on/off,0,19.8,69.2,on,46,20,39,18,,,,
2017-10-12,04:51,0,on/off,on/off,0,19.9,69.3,on,46,20,39,18,,,,
2017-10-12,04:51,4,on/off,on/off,0,19.9,69.3,on,46,21,39,18,,,,
2017-10-12,04:51,0,on/off,on/off,0,19.9,69.3,on,45,20,39,18,,,,
2017-10-12,04:51,0,on/off,on/off,0,19.9,69.3,on,46,20,39,18,,,,
2017-10-12,04:51,0,on/off,on/off,0,19.8,69.2,on,46,20,39,18,,,,
2017-10-12,04:51,1,on/off,on/off,0,19.8,69.2,on,46,21,39,18,,,,
2017-10-12,04:51,0,on/off,on/off,0,19.8,69.2,on,46,20,39,18,,,,
2017-10-12,04:51,0,on/off,on/off,0,19.8,69.2,on,46,20,39,18,,,,
2017-10-12,04:51,0,on/off,on/off,0,19.9,69.2,on,46,20,39,18,,,,
2017-10-12,04:51,0,on/off,on/off,0,19.9,69.2,on,45,20,39,18,,,,
2017-10-12,04:51,0,on/off,on/off,0,19.9,69.2,on,46,20,39,18,,,,
2017-10-12,04:51,2,on/off,on/off,0,19.9,69.2,on,46,20,39,18,,,,
2017-10-12,04:51,0,on/off,on/off,0,19.9,69.0,on,46,20,39,18,,,,
2017-10-12,04:51,0,on/off,on/off,0,19.9,69.0,on,46,20,39,18,,,,
2017-10-12,04:51,0,on/off,on/off,0,19.9,69.0,on,46,20,39,18,,,,
2017-10-12,04:51,0,on/off,on/off,0,19.9,69.0,on,46,20,39,18,,,,
2017-10-12,04:52,0,on/off,on/off,0,19.8,68.8,on,46,20,38,18,,,,
2017-10-12,04:52,0,on/off,on/off,0,19.8,68.8,on,46,20,39,18,,,,
2017-10-12,04:52,0,on/off,on/off,0,19.8,68.8,on,46,20,39,18,,,,
2017-10-12,04:52,0,on/off,on/off,0,19.8,68.8,on,46,20,39,18,,,,
2017-10-12,04:52,0,on/off,on/off,0,19.8,68.7,on,46,20,39,18,,,,
2017-10-12,04:52,0,on/off,on/off,0,19.8,68.7,on,46,20,39,18,,,,
2017-10-12,04:52,3,on/off,on/off,0,19.8,68.7,on,46,20,39,18,,,,
2017-10-12,04:52,0,on/off,on/off,0,19.8,68.7,on,46,20,39,18,,,,
2017-10-12,04:52,0,on/off,on/off,0,19.8,68.7,on,46,20,39,18,,,,
2017-10-12,04:52,0,on/off,on/off,0,19.8,68.7,on,46,21,39,18,,,,
2017-10-12,04:52,0,on/off,on/off,0,19.8,68.7,on,46,20,39,18,,,,
2017-10-12,04:52,0,on/off,on/off,0,19.8,68.7,on,45,20,39,18,,,,
2017-10-12,04:52,0,on/off,on/off,0,19.8,68.8,on,46,20,39,18,,,,
2017-10-12,04:52,0,on/off,on/off,0,19.8,68.8,on,46,20,39,18,,,,
2017-10-12,04:52,2,on/off,on/off,0,19.8,68.8,on,46,21,39,18,,,,
2017-10-12,04:52,3,on/off,on/off,0,19.8,68.8,on,46,21,39,18,,,,
2017-10-12,04:52,0,on/off,on/off,0,19.9,69.1,on,46,21,39,18,,,,
2017-10-12,04:52,0,on/off,on/off,0,19.9,69.1,on,46,21,39,18,,,,
2017-10-12,04:52,0,on/off,on/off,0,19.9,69.1,on,46,20,39,18,,,,
2017-10-12,04:52,0,on/off,on/off,0,19.9,69.1,on,46,20,39,19,,,,
2017-10-12,04:52,0,on/off,on/off,0,19.8,69.1,on,46,20,39,18,,,,
2017-10-12,04:52,0,on/off,on/off,0,19.8,69.1,on,46,21,39,18,,,,
2017-10-12,04:52,0,on/off,on/off,0,19.8,69.1,on,46,20,39,18,,,,
2017-10-12,04:52,0,on/off,on/off,0,19.8,69.1,on,46,20,39,18,,,,
2017-10-12,04:53,0,on/off,on/off,0,19.8,69.1,on,46,21,39,18,,,,
2017-10-12,04:53,0,on/off,on/off,0,19.8,69.1,on,46,20,39,18,,,,
2017-10-12,04:53,0,on/off,on/off,0,19.8,69.1,on,46,20,39,18,,,,
2017-10-12,04:53,0,on/off,on/off,0,19.8,69.1,on,46,20,39,19,,,,
2017-10-12,04:53,0,on/off,on/off,0,19.8,69.1,on,46,20,39,18,,,,
2017-10-12,04:53,0,on/off,on/off,0,19.8,69.1,on,46,20,39,18,,,,
2017-10-12,04:53,0,on/off,on/off,0,19.8,69.1,on,46,21,39,18,,,,
2017-10-12,04:53,0,on/off,on/off,0,19.8,69.1,on,46,21,39,18,,,,
2017-10-12,04:53,0,on/off,on/off,0,19.8,69.2,on,46,21,39,18,,,,
2017-10-12,04:53,0,on/off,on/off,0,19.8,69.2,on,46,20,39,18,,,,
2017-10-12,04:53,0,on/off,on/off,0,19.8,69.2,on,46,21,39,18,,,,
2017-10-12,04:53,0,on/off,on/off,0,19.8,69.2,on,46,20,39,18,,,,
2017-10-12,04:53,0,on/off,on/off,0,19.8,69.2,on,46,20,39,18,,,,
2017-10-12,04:53,0,on/off,on/off,0,19.8,69.2,on,46,21,39,18,,,,
2017-10-12,04:53,0,on/off,on/off,0,19.8,69.2,on,46,20,39,18,,,,
2017-10-12,04:53,0,on/off,on/off,0,19.8,69.2,on,46,21,39,18,,,,
2017-10-12,04:53,0,on/off,on/off,0,19.8,69.2,on,46,20,39,18,,,,
2017-10-12,04:53,0,on/off,on/off,0,19.8,69.2,on,46,21,39,18,,,,
2017-10-12,04:53,0,on/off,on/off,0,19.8,69.2,on,46,21,39,18,,,,
2017-10-12,04:53,0,on/off,on/off,0,19.8,69.2,on,46,21,39,18,,,,
2017-10-12,04:54,3,on/off,on/off,0,19.8,69.1,on,46,21,39,18,,,,
2017-10-12,04:54,0,on/off,on/off,0,19.8,69.1,on,46,21,39,18,,,,
2017-10-12,04:54,0,on/off,on/off,0,19.8,69.1,on,46,21,39,18,,,,
2017-10-12,04:54,0,on/off,on/off,0,19.8,69.1,on,46,21,39,18,,,,
2017-10-12,04:54,0,on/off,on/off,0,19.8,69.2,on,46,21,39,18,,,,
2017-10-12,04:54,0,on/off,on/off,0,19.8,69.2,on,46,21,39,18,,,,
2017-10-12,04:54,0,on/off,on/off,0,19.8,69.2,on,46,21,39,18,,,,
2017-10-12,04:54,0,on/off,on/off,0,19.8,69.2,on,46,21,39,18,,,,
2017-10-12,04:54,0,on/off,on/off,0,19.8,69.1,on,46,21,39,18,,,,
2017-10-12,04:54,0,on/off,on/off,0,19.8,69.1,on,46,21,39,18,,,,
2017-10-12,04:54,1,on/off,on/off,0,19.8,69.1,on,46,21,39,18,,,,
2017-10-12,04:54,0,on/off,on/off,0,19.8,69.1,on,46,21,39,18,,,,
2017-10-12,04:54,0,on/off,on/off,0,19.8,69.1,on,46,21,39,18,,,,
2017-10-12,04:54,0,on/off,on/off,0,19.8,69.1,on,46,21,39,18,,,,
2017-10-12,04:54,2,on/off,on/off,0,19.8,69.1,on,46,21,39,18,,,,
2017-10-12,04:54,0,on/off,on/off,0,19.8,69.1,on,46,20,39,18,,,,
2017-10-12,04:54,0,on/off,on/off,0,19.9,69.2,on,46,21,39,18,,,,
2017-10-12,04:54,0,on/off,on/off,0,19.9,69.2,on,46,21,39,18,,,,
2017-10-12,04:54,0,on/off,on/off,1,19.9,69.2,on,46,21,39,18,,,,
2017-10-12,04:54,3,on/off,on/off,0,19.9,69.2,on,46,21,39,18,,,,
2017-10-12,04:54,1,on/off,on/off,0,19.8,69.1,on,46,21,39,18,,,,
2017-10-12,04:54,0,on/off,on/off,0,19.8,69.1,on,46,21,39,18,,,,
2017-10-12,04:54,0,on/off,on/off,0,19.8,69.1,on,46,21,39,18,,,,
2017-10-12,04:54,1,on/off,on/off,0,19.8,69.1,on,46,21,39,18,,,,
2017-10-12,04:55,0,on/off,on/off,0,19.8,69.1,on,46,21,39,18,,,,
2017-10-12,04:55,0,on/off,on/off,0,19.8,69.1,on,46,21,39,18,,,,
2017-10-12,04:55,0,on/off,on/off,0,19.8,69.1,on,46,21,39,18,,,,
2017-10-12,04:55,0,on/off,on/off,0,19.8,69.1,on,46,21,39,18,,,,
2017-10-12,04:55,0,on/off,on/off,0,19.8,69.1,on,46,21,39,18,,,,
2017-10-12,04:55,0,on/off,on/off,0,19.8,69.1,on,46,21,39,18,,,,
2017-10-12,04:55,0,on/off,on/off,0,19.8,69.1,on,46,21,39,18,,,,
2017-10-12,04:55,0,on/off,on/off,0,19.8,69.1,on,46,21,39,18,,,,
2017-10-12,04:55,3,on/off,on/off,0,19.9,69.2,on,46,21,39,18,,,,
2017-10-12,04:55,0,on/off,on/off,0,19.9,69.2,on,46,21,39,18,,,,
2017-10-12,04:55,0,on/off,on/off,0,19.9,69.2,on,46,21,39,18,,,,
2017-10-12,04:55,0,on/off,on/off,0,19.9,69.2,on,46,21,39,18,,,,
2017-10-12,04:55,5,on/off,on/off,0,19.8,69.2,on,46,21,39,18,,,,
2017-10-12,04:55,0,on/off,on/off,0,19.8,69.2,on,46,21,39,18,,,,
2017-10-12,04:55,0,on/off,on/off,0,19.8,69.2,on,46,21,39,18,,,,
2017-10-12,04:55,0,on/off,on/off,0,19.8,69.2,on,46,21,39,18,,,,
2017-10-12,04:55,0,on/off,on/off,0,19.8,69.1,on,46,21,39,18,,,,
2017-10-12,04:55,0,on/off,on/off,0,19.8,69.1,on,46,20,39,18,,,,
2017-10-12,04:55,2,on/off,on/off,0,19.8,69.1,on,46,21,39,18,,,,
2017-10-12,04:55,0,on/off,on/off,0,19.8,69.1,on,46,21,39,18,,,,
2017-10-12,04:56,0,on/off,on/off,0,19.9,69.3,on,46,21,39,18,,,,
2017-10-12,04:56,1,on/off,on/off,0,19.9,69.3,on,46,21,39,18,,,,
2017-10-12,04:56,0,on/off,on/off,0,19.9,69.3,on,46,21,39,18,,,,
2017-10-12,04:56,0,on/off,on/off,0,19.9,69.3,on,46,21,39,18,,,,
2017-10-12,04:56,0,on/off,on/off,0,19.9,69.3,on,46,21,39,18,,,,
2017-10-12,04:56,1,on/off,on/off,0,19.9,69.3,on,46,21,39,18,,,,
2017-10-12,04:56,0,on/off,on/off,0,19.9,69.3,on,46,21,39,18,,,,
2017-10-12,04:56,0,on/off,on/off,0,19.9,69.3,on,46,20,39,18,,,,
2017-10-12,04:56,0,on/off,on/off,0,19.8,69.2,on,46,21,39,18,,,,
2017-10-12,04:56,0,on/off,on/off,0,19.8,69.2,on,46,21,39,18,,,,
2017-10-12,04:56,0,on/off,on/off,0,19.8,69.2,on,46,21,39,18,,,,
2017-10-12,04:56,0,on/off,on/off,0,19.8,69.2,on,46,21,39,18,,,,
2017-10-12,04:56,0,on/off,on/off,0,19.8,69.2,on,46,21,39,18,,,,
2017-10-12,04:56,0,on/off,on/off,0,19.8,69.2,on,46,21,39,18,,,,
2017-10-12,04:56,0,on/off,on/off,0,19.8,69.2,on,46,21,39,18,,,,
2017-10-12,04:56,0,on/off,on/off,0,19.8,69.2,on,46,21,39,18,,,,
2017-10-12,04:56,0,on/off,on/off,0,19.8,69.1,on,46,21,39,18,,,,
2017-10-12,04:56,0,on/off,on/off,0,19.8,69.1,on,46,21,39,18,,,,
2017-10-12,04:56,0,on/off,on/off,0,19.8,69.1,on,46,21,39,18,,,,
2017-10-12,04:56,0,on/off,on/off,0,19.8,69.1,on,46,21,39,18,,,,
2017-10-12,04:56,0,on/off,on/off,0,19.8,69.1,on,46,21,39,18,,,,
2017-10-12,04:56,0,on/off,on/off,0,19.8,69.1,on,46,21,39,18,,,,
2017-10-12,04:56,0,on/off,on/off,0,19.8,69.1,on,46,21,39,18,,,,
2017-10-12,04:56,5,on/off,on/off,0,19.8,69.1,on,46,21,39,18,,,,
2017-10-12,04:57,0,on/off,on/off,0,19.8,69.1,on,46,21,39,18,,,,
2017-10-12,04:57,0,on/off,on/off,0,19.8,69.1,on,46,21,39,18,,,,
2017-10-12,04:57,0,on/off,on/off,0,19.8,69.1,on,46,21,39,18,,,,
2017-10-12,04:57,0,on/off,on/off,0,19.8,69.1,on,46,21,39,18,,,,
2017-10-12,04:57,1,on/off,on/off,0,19.8,69.2,on,46,21,39,18,,,,
2017-10-12,04:57,0,on/off,on/off,0,19.8,69.2,on,46,21,39,18,,,,
2017-10-12,04:57,0,on/off,on/off,0,19.8,69.2,on,46,21,39,18,,,,
2017-10-12,04:57,0,on/off,on/off,0,19.8,69.2,on,46,20,39,18,,,,
2017-10-12,04:57,0,on/off,on/off,0,19.9,69.2,on,46,21,39,18,,,,
2017-10-12,04:57,0,on/off,on/off,0,19.9,69.2,on,46,21,39,18,,,,
2017-10-12,04:57,0,on/off,on/off,0,19.9,69.2,on,46,21,39,18,,,,
2017-10-12,04:57,0,on/off,on/off,0,19.9,69.2,on,46,21,39,18,,,,
2017-10-12,04:57,0,on/off,on/off,0,19.9,69.1,on,46,21,39,18,,,,
2017-10-12,04:57,0,on/off,on/off,0,19.9,69.1,on,46,20,39,18,,,,
2017-10-12,04:57,0,on/off,on/off,0,19.9,69.1,on,46,20,39,18,,,,
2017-10-12,04:57,0,on/off,on/off,0,19.9,69.1,on,46,21,39,18,,,,
2017-10-12,04:57,3,on/off,on/off,0,19.8,69.1,on,46,21,39,18,,,,
2017-10-12,04:57,0,on/off,on/off,0,19.8,69.1,on,46,21,39,18,,,,
2017-10-12,04:57,0,on/off,on/off,0,19.8,69.1,on,46,20,39,18,,,,
2017-10-12,04:57,0,on/off,on/off,0,19.8,69.1,on,46,20,39,18,,,,
2017-10-12,04:57,3,on/off,on/off,0,19.9,69.2,on,46,21,39,18,,,,
2017-10-12,04:57,0,on/off,on/off,0,19.9,69.2,on,46,21,39,18,,,,
2017-10-12,04:57,0,on/off,on/off,0,19.9,69.2,on,46,21,39,18,,,,
2017-10-12,04:57,0,on/off,on/off,0,19.9,69.2,on,46,20,39,18,,,,
2017-10-12,04:58,0,on/off,on/off,0,19.8,69.1,on,46,21,39,18,,,,
2017-10-12,04:58,5,on/off,on/off,0,19.8,69.1,on,46,21,39,18,,,,
2017-10-12,04:58,0,on/off,on/off,0,19.8,69.1,on,46,21,39,18,,,,
2017-10-12,04:58,0,on/off,on/off,0,19.8,69.1,on,46,20,39,18,,,,
2017-10-12,04:58,0,on/off,on/off,0,19.8,69.1,on,46,21,39,18,,,,
2017-10-12,04:58,0,on/off,on/off,0,19.8,69.1,on,46,21,39,18,,,,
2017-10-12,04:58,5,on/off,on/off,0,19.8,69.1,on,46,21,39,18,,,,
2017-10-12,04:58,0,on/off,on/off,0,19.8,69.1,on,46,20,39,18,,,,
2017-10-12,04:58,6,on/off,on/off,0,19.8,69.2,on,46,21,39,18,,,,
2017-10-12,04:58,2,on/off,on/off,0,19.8,69.2,on,46,21,39,18,,,,
2017-10-12,04:58,0,on/off,on/off,0,19.8,69.2,on,46,20,39,18,,,,
2017-10-12,04:58,0,on/off,on/off,0,19.8,69.2,on,46,20,39,18,,,,
2017-10-12,04:58,0,on/off,on/off,0,19.8,69.2,on,46,21,39,18,,,,
2017-10-12,04:58,0,on/off,on/off,0,19.8,69.2,on,46,20,39,18,,,,
2017-10-12,04:58,0,on/off,on/off,0,19.8,69.2,on,46,21,39,18,,,,
2017-10-12,04:58,0,on/off,on/off,0,19.8,69.2,on,46,20,39,18,,,,
2017-10-12,04:58,0,on/off,on/off,0,19.8,69.1,on,46,21,39,18,,,,
2017-10-12,04:58,2,on/off,on/off,0,19.8,69.1,on,46,21,39,18,,,,
2017-10-12,04:58,0,on/off,on/off,0,19.8,69.1,on,46,20,39,19,,,,
2017-10-12,04:58,0,on/off,on/off,0,19.8,69.1,on,46,20,39,18,,,,
2017-10-12,04:59,0,on/off,on/off,0,19.8,69.1,on,46,20,39,18,,,,
2017-10-12,04:59,0,on/off,on/off,0,19.8,69.1,on,46,20,39,19,,,,
2017-10-12,04:59,0,on/off,on/off,0,19.8,69.1,on,46,20,39,18,,,,
2017-10-12,04:59,5,on/off,on/off,0,19.8,69.1,on,46,21,39,18,,,,
2017-10-12,04:59,0,on/off,on/off,0,19.8,69.1,on,46,20,39,18,,,,
2017-10-12,04:59,0,on/off,on/off,0,19.8,69.1,on,46,21,39,18,,,,
2017-10-12,04:59,0,on/off,on/off,0,19.8,69.1,on,46,20,39,18,,,,
2017-10-12,04:59,0,on/off,on/off,0,19.8,69.1,on,46,20,39,18,,,,
2017-10-12,04:59,0,on/off,on/off,0,19.8,69.1,on,46,20,39,18,,,,
2017-10-12,04:59,2,on/off,on/off,0,19.8,69.1,on,46,21,39,18,,,,
2017-10-12,04:59,0,on/off,on/off,0,19.8,69.1,on,46,20,39,18,,,,
2017-10-12,04:59,0,on/off,on/off,0,19.8,69.1,on,46,20,39,18,,,,
2017-10-12,04:59,0,on/off,on/off,0,19.8,69.1,on,46,20,39,18,,,,
2017-10-12,04:59,0,on/off,on/off,0,19.8,69.1,on,46,20,39,18,,,,
2017-10-12,04:59,3,on/off,on/off,0,19.8,69.1,on,46,20,39,18,,,,
2017-10-12,04:59,0,on/off,on/off,0,19.8,69.1,on,46,20,39,18,,,,
2017-10-12,04:59,0,on/off,on/off,0,19.8,69.1,on,46,20,39,18,,,,
2017-10-12,04:59,0,on/off,on/off,0,19.8,69.1,on,46,20,39,18,,,,
2017-10-12,04:59,0,on/off,on/off,0,19.8,69.1,on,46,21,39,18,,,,
2017-10-12,04:59,0,on/off,on/off,0,19.8,69.1,on,46,20,39,18,,,,
2017-10-12,04:59,0,on/off,on/off,0,19.8,68.8,on,46,20,39,18,,,,
2017-10-12,04:59,0,on/off,on/off,0,19.8,68.8,on,46,20,39,18,,,,
2017-10-12,04:59,3,on/off,on/off,0,19.8,68.8,on,46,21,39,18,,,,
2017-10-12,04:59,0,on/off,on/off,0,19.8,68.8,on,46,20,39,18,,,,
2017-10-12,05:00,0,on/off,on/off,0,19.8,68.8,on,46,20,38,18,,,,
2017-10-12,05:00,0,on/off,on/off,0,19.8,68.8,on,46,20,39,18,,,,
2017-10-12,05:00,0,on/off,on/off,0,19.8,68.8,on,46,20,39,18,,,,
2017-10-12,05:00,0,on/off,on/off,0,19.8,68.8,on,46,20,39,18,,,,
2017-10-12,05:00,0,on/off,on/off,0,19.8,68.8,on,46,20,39,18,,,,
2017-10-12,05:00,0,on/off,on/off,0,19.8,68.8,on,46,20,39,18,,,,
2017-10-12,05:00,0,on/off,on/off,0,19.8,68.8,on,46,20,39,18,,,,
2017-10-12,05:00,5,on/off,on/off,0,19.8,68.8,on,46,20,39,18,,,,
2017-10-12,05:00,0,on/off,on/off,0,19.8,68.9,on,46,20,39,18,,,,
2017-10-12,05:00,0,on/off,on/off,0,19.8,68.9,on,46,20,39,18,,,,
2017-10-12,05:00,2,on/off,on/off,0,19.8,68.9,on,46,20,38,18,,,,
2017-10-12,05:00,0,on/off,on/off,0,19.8,68.9,on,45,20,39,18,,,,
2017-10-12,05:00,0,on/off,on/off,0,19.8,68.8,on,46,20,39,18,,,,
2017-10-12,05:00,4,on/off,on/off,0,19.8,68.8,on,46,21,39,18,,,,
2017-10-12,05:00,0,on/off,on/off,0,19.8,68.8,on,46,20,38,18,,,,
2017-10-12,05:00,0,on/off,on/off,0,19.8,68.8,on,46,20,39,18,,,,
2017-10-12,05:00,2,on/off,on/off,0,19.8,68.9,on,46,21,39,18,,,,
2017-10-12,05:00,0,on/off,on/off,0,19.8,68.9,on,46,20,39,18,,,,
2017-10-12,05:00,0,on/off,on/off,0,19.8,68.9,on,46,20,39,18,,,,
2017-10-12,05:00,0,on/off,on/off,0,19.8,68.9,on,46,20,39,18,,,,
2017-10-12,05:01,0,on/off,on/off,0,19.8,68.9,on,46,20,39,18,,,,
2017-10-12,05:01,0,on/off,on/off,0,19.8,68.9,on,45,20,39,19,,,,
2017-10-12,05:01,0,on/off,on/off,0,19.8,68.9,on,46,20,39,18,,,,
2017-10-12,05:01,3,on/off,on/off,0,19.8,68.9,on,45,21,39,18,,,,
2017-10-12,05:01,0,on/off,on/off,0,19.8,69.0,on,46,20,39,18,,,,
2017-10-12,05:01,0,on/off,on/off,0,19.8,69.0,on,45,20,39,18,,,,
2017-10-12,05:01,0,on/off,on/off,0,19.8,69.0,on,46,20,39,18,,,,
2017-10-12,05:01,0,on/off,on/off,0,19.8,69.0,on,46,20,39,18,,,,
2017-10-12,05:01,2,on/off,on/off,0,19.8,68.8,on,46,20,39,18,,,,
2017-10-12,05:01,0,on/off,on/off,0,19.8,68.8,on,46,20,39,18,,,,
2017-10-12,05:01,0,on/off,on/off,0,19.8,68.8,on,46,20,39,18,,,,
2017-10-12,05:01,0,on/off,on/off,0,19.8,68.8,on,46,20,39,18,,,,
2017-10-12,05:01,0,on/off,on/off,0,19.8,69.0,on,46,20,39,18,,,,
2017-10-12,05:01,0,on/off,on/off,0,19.8,69.0,on,46,20,38,18,,,,
2017-10-12,05:01,0,on/off,on/off,0,19.8,69.0,on,46,20,39,18,,,,
2017-10-12,05:01,0,on/off,on/off,0,19.8,69.0,on,46,20,39,18,,,,
2017-10-12,05:01,0,on/off,on/off,0,19.8,69.1,on,45,20,39,18,,,,
2017-10-12,05:01,0,on/off,on/off,0,19.8,69.1,on,45,20,39,18,,,,
2017-10-12,05:01,0,on/off,on/off,0,19.8,69.1,on,46,20,39,18,,,,
2017-10-12,05:01,0,on/off,on/off,0,19.8,69.1,on,45,20,39,18,,,,
2017-10-12,05:01,0,on/off,on/off,0,19.8,69.1,on,46,20,39,18,,,,
2017-10-12,05:01,0,on/off,on/off,0,19.8,69.1,on,46,20,39,18,,,,
2017-10-12,05:01,0,on/off,on/off,0,19.8,69.1,on,46,20,39,18,,,,
2017-10-12,05:01,0,on/off,on/off,0,19.8,69.1,on,45,20,39,18,,,,
2017-10-12,05:02,1,on/off,on/off,0,19.8,69.1,on,46,20,39,18,,,,
2017-10-12,05:02,0,on/off,on/off,0,19.8,69.1,on,45,20,39,18,,,,
2017-10-12,05:02,0,on/off,on/off,0,19.8,69.1,on,45,20,39,18,,,,
2017-10-12,05:02,0,on/off,on/off,0,19.8,69.1,on,46,20,39,18,,,,
2017-10-12,05:02,0,on/off,on/off,0,19.8,69.2,on,46,20,39,18,,,,
2017-10-12,05:02,0,on/off,on/off,0,19.8,69.2,on,46,20,38,18,,,,
2017-10-12,05:02,0,on/off,on/off,0,19.8,69.2,on,46,20,39,18,,,,
2017-10-12,05:02,0,on/off,on/off,0,19.8,69.2,on,45,20,39,18,,,,
2017-10-12,05:02,0,on/off,on/off,0,19.8,69.2,on,45,20,39,18,,,,
2017-10-12,05:02,0,on/off,on/off,0,19.8,69.2,on,46,20,39,18,,,,
2017-10-12,05:02,0,on/off,on/off,0,19.8,69.2,on,46,20,39,18,,,,
2017-10-12,05:02,0,on/off,on/off,0,19.8,69.2,on,46,20,39,18,,,,
2017-10-12,05:02,0,on/off,on/off,0,19.8,69.2,on,46,20,39,18,,,,
2017-10-12,05:02,0,on/off,on/off,1,19.8,69.2,on,45,20,39,18,,,,
2017-10-12,05:02,0,on/off,on/off,0,19.8,69.2,on,46,20,39,18,,,,
2017-10-12,05:02,0,on/off,on/off,0,19.8,69.2,on,46,20,39,18,,,,
2017-10-12,05:02,0,on/off,on/off,0,19.8,69.2,on,46,20,39,18,,,,
2017-10-12,05:02,2,on/off,on/off,0,19.8,69.2,on,46,20,39,18,,,,
2017-10-12,05:02,0,on/off,on/off,0,19.8,69.2,on,46,20,38,18,,,,
2017-10-12,05:02,0,on/off,on/off,0,19.8,69.2,on,46,20,39,18,,,,
2017-10-12,05:03,0,on/off,on/off,0,19.8,69.1,on,45,20,39,18,,,,
2017-10-12,05:03,0,on/off,on/off,0,19.8,69.1,on,46,20,39,18,,,,
2017-10-12,05:03,0,on/off,on/off,0,19.8,69.1,on,46,20,39,18,,,,
2017-10-12,05:03,5,on/off,on/off,0,19.8,69.1,on,45,20,39,18,,,,
2017-10-12,05:03,5,on/off,on/off,0,19.8,69.1,on,46,21,39,18,,,,
2017-10-12,05:03,0,on/off,on/off,0,19.8,69.1,on,46,20,39,18,,,,
2017-10-12,05:03,3,on/off,on/off,0,19.8,69.1,on,46,20,39,18,,,,
2017-10-12,05:03,0,on/off,on/off,0,19.8,69.1,on,45,20,39,18,,,,
2017-10-12,05:03,0,on/off,on/off,0,19.9,69.1,on,46,20,39,18,,,,
2017-10-12,05:03,0,on/off,on/off,0,19.9,69.1,on,45,20,39,18,,,,
2017-10-12,05:03,0,on/off,on/off,0,19.9,69.1,on,46,20,39,18,,,,
2017-10-12,05:03,0,on/off,on/off,0,19.9,69.1,on,45,20,39,18,,,,
2017-10-12,05:03,0,on/off,on/off,0,19.8,69.0,on,46,20,39,18,,,,
2017-10-12,05:03,0,on/off,on/off,0,19.8,69.0,on,46,20,39,19,,,,
2017-10-12,05:03,0,on/off,on/off,0,19.8,69.0,on,45,20,39,18,,,,
2017-10-12,05:03,0,on/off,on/off,1,19.8,69.0,on,46,20,39,18,,,,
2017-10-12,05:03,0,on/off,on/off,0,19.8,69.1,on,46,20,39,19,,,,
2017-10-12,05:03,0,on/off,on/off,0,19.8,69.1,on,45,20,39,18,,,,
2017-10-12,05:03,0,on/off,on/off,0,19.8,69.1,on,46,20,39,18,,,,
2017-10-12,05:03,3,on/off,on/off,0,19.8,69.1,on,46,20,39,18,,,,
2017-10-12,05:03,1,on/off,on/off,0,19.8,69.1,on,46,20,39,18,,,,
2017-10-12,05:03,0,on/off,on/off,0,19.8,69.1,on,46,20,39,18,,,,
2017-10-12,05:03,0,on/off,on/off,0,19.8,69.1,on,46,20,39,18,,,,
2017-10-12,05:03,1,on/off,on/off,0,19.8,69.1,on,46,20,39,18,,,,
2017-10-12,05:04,2,on/off,on/off,0,19.8,69.1,on,46,20,39,18,,,,
2017-10-12,05:04,1,on/off,on/off,0,19.8,69.1,on,46,20,39,18,,,,
2017-10-12,05:04,0,on/off,on/off,0,19.8,69.1,on,46,20,39,18,,,,
2017-10-12,05:04,0,on/off,on/off,0,19.8,69.1,on,46,20,39,18,,,,
2017-10-12,05:04,1,on/off,on/off,0,19.8,69.1,on,46,20,39,18,,,,
2017-10-12,05:04,0,on/off,on/off,0,19.8,69.1,on,46,20,38,18,,,,
2017-10-12,05:04,0,on/off,on/off,0,19.8,69.1,on,46,20,39,18,,,,
2017-10-12,05:04,0,on/off,on/off,0,19.8,69.1,on,45,20,39,18,,,,
2017-10-12,05:04,0,on/off,on/off,0,19.8,69.0,on,46,20,39,18,,,,
2017-10-12,05:04,0,on/off,on/off,0,19.8,69.0,on,46,20,39,18,,,,
2017-10-12,05:04,0,on/off,on/off,0,19.8,69.0,on,45,20,39,18,,,,
2017-10-12,05:04,0,on/off,on/off,0,19.8,69.0,on,46,20,39,18,,,,
2017-10-12,05:04,0,on/off,on/off,0,19.8,69.1,on,46,20,39,18,,,,
2017-10-12,05:04,0,on/off,on/off,0,19.8,69.1,on,46,20,39,18,,,,
2017-10-12,05:04,3,on/off,on/off,0,19.8,69.1,on,46,20,39,18,,,,
2017-10-12,05:04,0,on/off,on/off,0,19.8,69.1,on,46,20,39,18,,,,
2017-10-12,05:04,0,on/off,on/off,0,19.8,69.1,on,45,20,39,18,,,,
2017-10-12,05:04,0,on/off,on/off,0,19.8,69.1,on,46,20,39,19,,,,
2017-10-12,05:04,0,on/off,on/off,0,19.8,69.1,on,46,20,39,18,,,,
2017-10-12,05:04,0,on/off,on/off,0,19.8,69.1,on,46,20,39,18,,,,
2017-10-12,05:05,1,on/off,on/off,0,19.8,69.1,on,46,20,39,18,,,,
2017-10-12,05:05,0,on/off,on/off,0,19.8,69.1,on,46,20,39,18,,,,
2017-10-12,05:05,0,on/off,on/off,0,19.8,69.1,on,46,20,38,18,,,,
2017-10-12,05:05,0,on/off,on/off,0,19.8,69.1,on,46,20,39,18,,,,
2017-10-12,05:05,0,on/off,on/off,0,19.8,69.0,on,46,20,39,18,,,,
2017-10-12,05:05,0,on/off,on/off,0,19.8,69.0,on,46,20,39,18,,,,
2017-10-12,05:05,0,on/off,on/off,0,19.8,69.0,on,46,20,38,18,,,,
2017-10-12,05:05,0,on/off,on/off,0,19.8,69.0,on,46,20,39,18,,,,
2017-10-12,05:05,0,on/off,on/off,0,19.8,69.0,on,46,20,39,18,,,,
2017-10-12,05:05,0,on/off,on/off,0,19.8,69.0,on,46,20,39,18,,,,
2017-10-12,05:05,0,on/off,on/off,0,19.8,69.0,on,46,20,39,18,,,,
2017-10-12,05:05,0,on/off,on/off,0,19.8,69.0,on,46,20,39,18,,,,
2017-10-12,05:05,0,on/off,on/off,0,19.8,69.1,on,46,20,39,18,,,,
2017-10-12,05:05,0,on/off,on/off,0,19.8,69.1,on,46,20,39,18,,,,
2017-10-12,05:05,0,on/off,on/off,0,19.8,69.1,on,46,20,39,18,,,,
2017-10-12,05:05,0,on/off,on/off,0,19.8,69.1,on,46,20,39,18,,,,
2017-10-12,05:05,0,on/off,on/off,0,19.8,69.1,on,46,20,39,18,,,,
2017-10-12,05:05,0,on/off,on/off,0,19.8,69.1,on,45,20,39,18,,,,
2017-10-12,05:05,0,on/off,on/off,0,19.8,69.1,on,46,20,39,18,,,,
2017-10-12,05:05,0,on/off,on/off,0,19.8,69.1,on,46,20,39,18,,,,
2017-10-12,05:05,1,on/off,on/off,0,19.8,69.1,on,46,20,39,18,,,,
2017-10-12,05:05,0,on/off,on/off,0,19.8,69.1,on,46,20,39,18,,,,
2017-10-12,05:05,2,on/off,on/off,0,19.8,69.1,on,46,20,39,18,,,,
2017-10-12,05:05,0,on/off,on/off,0,19.8,69.1,on,46,20,39,19,,,,
2017-10-12,05:06,5,on/off,on/off,0,19.8,69.1,on,46,20,39,18,,,,
2017-10-12,05:06,0,on/off,on/off,0,19.8,69.1,on,46,20,39,18,,,,
2017-10-12,05:06,0,on/off,on/off,0,19.8,69.1,on,46,20,39,18,,,,
2017-10-12,05:06,0,on/off,on/off,0,19.8,69.1,on,46,20,38,18,,,,
2017-10-12,05:06,0,on/off,on/off,0,19.8,69.1,on,46,20,39,18,,,,
2017-10-12,05:06,0,on/off,on/off,0,19.8,69.1,on,46,20,39,18,,,,
2017-10-12,05:06,0,on/off,on/off,0,19.8,69.1,on,46,20,39,18,,,,
2017-10-12,05:06,6,on/off,on/off,0,19.8,69.1,on,46,20,39,18,,,,
2017-10-12,05:06,0,on/off,on/off,0,19.8,69.1,on,46,20,39,18,,,,
2017-10-12,05:06,0,on/off,on/off,0,19.8,69.1,on,46,20,39,18,,,,
2017-10-12,05:06,0,on/off,on/off,0,19.8,69.1,on,46,20,38,18,,,,
2017-10-12,05:06,0,on/off,on/off,0,19.8,69.1,on,46,20,39,18,,,,
2017-10-12,05:06,0,on/off,on/off,0,19.8,69.1,on,46,20,39,18,,,,
2017-10-12,05:06,0,on/off,on/off,0,19.8,69.1,on,46,20,39,18,,,,
2017-10-12,05:06,0,on/off,on/off,0,19.8,69.1,on,46,20,38,18,,,,
2017-10-12,05:06,0,on/off,on/off,0,19.8,69.1,on,46,20,39,18,,,,
2017-10-12,05:06,0,on/off,on/off,0,19.8,68.9,on,46,20,39,18,,,,
2017-10-12,05:06,0,on/off,on/off,0,19.8,68.9,on,46,20,39,18,,,,
2017-10-12,05:06,0,on/off,on/off,0,19.8,68.9,on,46,20,39,18,,,,
2017-10-12,05:06,0,on/off,on/off,0,19.8,68.9,on,46,20,39,18,,,,
2017-10-12,05:07,0,on/off,on/off,0,19.8,68.9,on,46,20,39,18,,,,
2017-10-12,05:07,0,on/off,on/off,0,19.8,68.9,on,46,20,39,18,,,,
2017-10-12,05:07,1,on/off,on/off,0,19.8,68.9,on,46,20,39,18,,,,
2017-10-12,05:07,0,on/off,on/off,0,19.8,68.9,on,46,20,39,18,,,,
2017-10-12,05:07,0,on/off,on/off,0,19.8,68.9,on,46,20,39,18,,,,
2017-10-12,05:07,0,on/off,on/off,0,19.8,68.9,on,46,20,39,18,,,,
2017-10-12,05:07,0,on/off,on/off,0,19.8,68.9,on,46,20,39,18,,,,
2017-10-12,05:07,0,on/off,on/off,0,19.8,68.9,on,46,20,39,18,,,,
2017-10-12,05:07,5,on/off,on/off,0,19.8,69.1,on,46,20,39,18,,,,
2017-10-12,05:07,0,on/off,on/off,0,19.8,69.1,on,46,20,39,18,,,,
2017-10-12,05:07,0,on/off,on/off,0,19.8,69.1,on,46,20,39,18,,,,
2017-10-12,05:07,0,on/off,on/off,0,19.8,69.1,on,46,20,39,18,,,,
2017-10-12,05:07,0,on/off,on/off,0,19.8,68.9,on,46,20,39,18,,,,
2017-10-12,05:07,0,on/off,on/off,0,19.8,68.9,on,46,20,39,18,,,,
2017-10-12,05:07,0,on/off,on/off,0,19.8,68.9,on,46,20,39,18,,,,
2017-10-12,05:07,5,on/off,on/off,0,19.8,68.9,on,46,20,39,18,,,,
2017-10-12,05:07,0,on/off,on/off,0,19.8,69.0,on,46,20,39,18,,,,
2017-10-12,05:07,0,on/off,on/off,0,19.8,69.0,on,46,20,39,18,,,,
2017-10-12,05:07,0,on/off,on/off,0,19.8,69.0,on,46,20,39,18,,,,
2017-10-12,05:07,0,on/off,on/off,0,19.8,69.0,on,46,20,39,18,,,,
2017-10-12,05:07,0,on/off,on/off,0,19.8,69.1,on,45,20,39,18,,,,
2017-10-12,05:07,0,on/off,on/off,0,19.8,69.1,on,46,20,39,18,,,,
2017-10-12,05:07,0,on/off,on/off,0,19.8,69.1,on,46,20,39,18,,,,
2017-10-12,05:07,0,on/off,on/off,0,19.8,69.1,on,46,20,39,18,,,,
2017-10-12,05:08,5,on/off,on/off,1,19.8,69.1,on,46,20,39,18,,,,
2017-10-12,05:08,0,on/off,on/off,0,19.8,69.1,on,45,20,39,18,,,,
2017-10-12,05:08,0,on/off,on/off,0,19.8,69.1,on,46,20,39,18,,,,
2017-10-12,05:08,0,on/off,on/off,0,19.8,69.1,on,46,21,39,18,,,,
2017-10-12,05:08,0,on/off,on/off,0,19.8,69.1,on,46,20,39,18,,,,
2017-10-12,05:08,0,on/off,on/off,0,19.8,69.1,on,46,20,39,18,,,,
2017-10-12,05:08,0,on/off,on/off,0,19.8,69.1,on,46,20,39,18,,,,
2017-10-12,05:08,0,on/off,on/off,0,19.8,69.1,on,46,20,39,18,,,,
2017-10-12,05:08,0,on/off,on/off,0,19.8,69.1,on,46,20,39,18,,,,
2017-10-12,05:08,0,on/off,on/off,0,19.8,69.1,on,46,20,39,18,,,,
2017-10-12,05:08,0,on/off,on/off,1,19.8,69.1,on,45,20,39,18,,,,
2017-10-12,05:08,0,on/off,on/off,0,19.8,69.1,on,46,20,39,18,,,,
2017-10-12,05:08,0,on/off,on/off,0,19.8,69.0,on,46,20,39,18,,,,
2017-10-12,05:08,0,on/off,on/off,0,19.8,69.0,on,46,20,39,18,,,,
2017-10-12,05:08,0,on/off,on/off,0,19.8,69.0,on,46,20,39,18,,,,
2017-10-12,05:08,0,on/off,on/off,0,19.8,69.0,on,46,20,39,18,,,,
2017-10-12,05:08,0,on/off,on/off,0,19.8,69.0,on,46,20,39,18,,,,
2017-10-12,05:08,0,on/off,on/off,0,19.8,69.0,on,45,20,39,18,,,,
2017-10-12,05:08,0,on/off,on/off,0,19.8,69.0,on,46,20,39,18,,,,
2017-10-12,05:08,0,on/off,on/off,0,19.8,69.0,on,46,20,39,18,,,,
2017-10-12,05:09,0,on/off,on/off,0,19.8,68.9,on,45,20,39,18,,,,
2017-10-12,05:09,0,on/off,on/off,0,19.8,68.9,on,46,20,39,18,,,,
2017-10-12,05:09,0,on/off,on/off,0,19.8,68.9,on,46,20,39,18,,,,
2017-10-12,05:09,3,on/off,on/off,0,19.8,68.9,on,46,20,39,18,,,,
2017-10-12,05:09,0,on/off,on/off,0,19.8,68.6,on,45,20,39,18,,,,
2017-10-12,05:09,0,on/off,on/off,0,19.8,68.6,on,45,20,39,18,,,,
2017-10-12,05:09,0,on/off,on/off,0,19.8,68.6,on,46,20,39,19,,,,
2017-10-12,05:09,2,on/off,on/off,0,19.8,68.6,on,46,20,39,18,,,,
2017-10-12,05:09,0,on/off,on/off,0,19.8,68.8,on,46,20,39,18,,,,
2017-10-12,05:09,0,on/off,on/off,0,19.8,68.8,on,46,20,38,18,,,,
2017-10-12,05:09,0,on/off,on/off,0,19.8,68.8,on,46,20,39,18,,,,
2017-10-12,05:09,0,on/off,on/off,0,19.8,68.8,on,45,20,39,18,,,,
2017-10-12,05:09,0,on/off,on/off,0,19.8,68.8,on,46,20,39,18,,,,
2017-10-12,05:09,3,on/off,on/off,0,19.8,68.8,on,46,21,39,18,,,,
2017-10-12,05:09,0,on/off,on/off,0,19.8,68.8,on,46,20,39,18,,,,
2017-10-12,05:09,0,on/off,on/off,0,19.8,68.8,on,46,20,39,18,,,,
2017-10-12,05:09,0,on/off,on/off,0,19.8,68.9,on,45,20,39,18,,,,
2017-10-12,05:09,0,on/off,on/off,0,19.8,68.9,on,45,20,39,18,,,,
2017-10-12,05:09,0,on/off,on/off,0,19.8,68.9,on,46,20,39,18,,,,
2017-10-12,05:09,0,on/off,on/off,0,19.8,68.9,on,46,20,38,18,,,,
2017-10-12,05:09,0,on/off,on/off,0,19.8,68.9,on,46,20,39,18,,,,
2017-10-12,05:09,0,on/off,on/off,0,19.8,68.9,on,46,20,39,18,,,,
2017-10-12,05:09,3,on/off,on/off,0,19.8,68.9,on,46,20,39,18,,,,
2017-10-12,05:09,0,on/off,on/off,0,19.8,68.9,on,46,20,39,18,,,,
2017-10-12,05:10,0,on/off,on/off,0,19.8,68.9,on,46,20,39,18,,,,
2017-10-12,05:10,0,on/off,on/off,0,19.8,68.9,on,46,20,39,18,,,,
2017-10-12,05:10,0,on/off,on/off,0,19.8,68.9,on,45,20,39,18,,,,
2017-10-12,05:10,4,on/off,on/off,0,19.8,68.9,on,46,20,39,18,,,,
2017-10-12,05:10,0,on/off,on/off,0,19.8,68.9,on,46,20,39,18,,,,
2017-10-12,05:10,0,on/off,on/off,0,19.8,68.9,on,46,20,39,18,,,,
2017-10-12,05:10,0,on/off,on/off,0,19.8,68.9,on,46,20,39,18,,,,
2017-10-12,05:10,0,on/off,on/off,0,19.8,68.9,on,46,20,39,18,,,,
2017-10-12,05:10,0,on/off,on/off,0,19.8,69.0,on,46,20,39,18,,,,
2017-10-12,05:10,0,on/off,on/off,0,19.8,69.0,on,46,20,39,18,,,,
2017-10-12,05:10,0,on/off,on/off,0,19.8,69.0,on,46,20,39,18,,,,
2017-10-12,05:10,0,on/off,on/off,0,19.8,69.0,on,46,20,39,18,,,,
2017-10-12,05:10,0,on/off,on/off,0,19.8,69.0,on,46,20,39,18,,,,
2017-10-12,05:10,0,on/off,on/off,0,19.8,69.0,on,46,20,39,18,,,,
2017-10-12,05:10,0,on/off,on/off,0,19.8,69.0,on,46,20,39,18,,,,
2017-10-12,05:10,0,on/off,on/off,0,19.8,69.0,on,46,20,38,18,,,,
2017-10-12,05:10,0,on/off,on/off,0,19.8,69.0,on,45,20,39,18,,,,
2017-10-12,05:10,0,on/off,on/off,0,19.8,69.0,on,46,20,39,18,,,,
2017-10-12,05:10,5,on/off,on/off,0,19.8,69.0,on,46,20,39,18,,,,
2017-10-12,05:10,0,on/off,on/off,0,19.8,69.0,on,46,20,38,18,,,,
2017-10-12,05:10,0,on/off,on/off,0,19.8,69.0,on,45,20,39,18,,,,
2017-10-12,05:10,0,on/off,on/off,0,19.8,69.0,on,46,20,39,18,,,,
2017-10-12,05:10,0,on/off,on/off,0,19.8,69.0,on,46,20,39,18,,,,
2017-10-12,05:10,0,on/off,on/off,0,19.8,69.0,on,46,21,39,18,,,,
2017-10-12,05:11,0,on/off,on/off,0,19.8,69.0,on,46,20,39,18,,,,
2017-10-12,05:11,0,on/off,on/off,0,19.8,69.0,on,46,20,39,18,,,,
2017-10-12,05:11,3,on/off,on/off,0,19.8,69.0,on,46,20,38,18,,,,
2017-10-12,05:11,0,on/off,on/off,0,19.8,69.0,on,46,20,39,18,,,,
2017-10-12,05:11,0,on/off,on/off,0,19.8,69.0,on,46,20,39,18,,,,
2017-10-12,05:11,1,on/off,on/off,0,19.8,69.0,on,46,20,38,18,,,,
2017-10-12,05:11,0,on/off,on/off,0,19.8,69.0,on,46,20,39,18,,,,
2017-10-12,05:11,0,on/off,on/off,0,19.8,69.0,on,46,20,38,18,,,,
2017-10-12,05:11,0,on/off,on/off,0,19.8,68.9,on,46,21,39,18,,,,
2017-10-12,05:11,0,on/off,on/off,0,19.8,68.9,on,46,20,39,18,,,,
2017-10-12,05:11,0,on/off,on/off,0,19.8,68.9,on,46,20,39,18,,,,
2017-10-12,05:11,0,on/off,on/off,0,19.8,68.9,on,45,20,39,18,,,,
2017-10-12,05:11,0,on/off,on/off,0,19.8,68.9,on,46,20,39,18,,,,
2017-10-12,05:11,0,on/off,on/off,0,19.8,68.9,on,46,20,39,19,,,,
2017-10-12,05:11,0,on/off,on/off,0,19.8,68.9,on,46,20,38,18,,,,
2017-10-12,05:11,0,on/off,on/off,0,19.8,68.9,on,46,20,39,18,,,,
2017-10-12,05:11,5,on/off,on/off,0,19.8,69.0,on,46,20,39,18,,,,
2017-10-12,05:11,0,on/off,on/off,0,19.8,69.0,on,46,20,39,18,,,,
2017-10-12,05:11,0,on/off,on/off,0,19.8,69.0,on,46,20,39,18,,,,
2017-10-12,05:11,0,on/off,on/off,0,19.8,69.0,on,45,20,38,18,,,,
2017-10-12,05:12,0,on/off,on/off,0,19.8,69.0,on,45,20,39,18,,,,
2017-10-12,05:12,0,on/off,on/off,0,19.8,69.0,on,46,20,39,18,,,,
2017-10-12,05:12,0,on/off,on/off,0,19.8,69.0,on,46,20,39,18,,,,
2017-10-12,05:12,0,on/off,on/off,0,19.8,69.0,on,46,20,39,18,,,,
2017-10-12,05:12,0,on/off,on/off,0,19.8,69.0,on,45,20,39,18,,,,
2017-10-12,05:12,0,on/off,on/off,0,19.8,69.0,on,45,20,39,18,,,,
2017-10-12,05:12,0,on/off,on/off,0,19.8,69.0,on,46,20,39,18,,,,
2017-10-12,05:12,3,on/off,on/off,0,19.8,69.0,on,46,20,39,18,,,,
2017-10-12,05:12,3,on/off,on/off,0,19.8,69.0,on,46,21,38,18,,,,
2017-10-12,05:12,0,on/off,on/off,0,19.8,69.0,on,46,20,39,18,,,,
2017-10-12,05:12,0,on/off,on/off,0,19.8,69.0,on,45,20,39,18,,,,
2017-10-12,05:12,0,on/off,on/off,0,19.8,69.0,on,45,20,39,18,,,,
2017-10-12,05:12,0,on/off,on/off,0,19.8,69.0,on,46,20,39,18,,,,
2017-10-12,05:12,2,on/off,on/off,0,19.8,69.0,on,45,20,38,18,,,,
2017-10-12,05:12,0,on/off,on/off,0,19.8,69.0,on,46,20,39,18,,,,
2017-10-12,05:12,0,on/off,on/off,0,19.8,69.0,on,45,20,39,18,,,,
2017-10-12,05:12,0,on/off,on/off,0,19.8,68.9,on,46,20,39,18,,,,
2017-10-12,05:12,0,on/off,on/off,0,19.8,68.9,on,46,20,39,18,,,,
2017-10-12,05:12,0,on/off,on/off,0,19.8,68.9,on,46,20,39,18,,,,
2017-10-12,05:12,0,on/off,on/off,0,19.8,68.9,on,45,20,39,18,,,,
2017-10-12,05:12,2,on/off,on/off,0,19.8,68.9,on,45,21,39,18,,,,
2017-10-12,05:12,0,on/off,on/off,0,19.8,68.9,on,46,20,39,18,,,,
2017-10-12,05:12,0,on/off,on/off,0,19.8,68.9,on,45,20,39,18,,,,
2017-10-12,05:12,0,on/off,on/off,0,19.8,68.9,on,45,20,39,18,,,,
2017-10-12,05:13,0,on/off,on/off,0,19.8,69.0,on,46,20,39,18,,,,
2017-10-12,05:13,0,on/off,on/off,0,19.8,69.0,on,46,20,39,18,,,,
2017-10-12,05:13,0,on/off,on/off,0,19.8,69.0,on,45,20,39,18,,,,
2017-10-12,05:13,0,on/off,on/off,0,19.8,69.0,on,45,20,39,18,,,,
2017-10-12,05:13,5,on/off,on/off,0,19.8,69.1,on,46,20,39,18,,,,
2017-10-12,05:13,0,on/off,on/off,0,19.8,69.1,on,45,20,38,18,,,,
2017-10-12,05:13,0,on/off,on/off,0,19.8,69.1,on,45,20,39,18,,,,
2017-10-12,05:13,0,on/off,on/off,0,19.8,69.1,on,46,20,39,18,,,,
2017-10-12,05:13,0,on/off,on/off,0,19.8,69.0,on,46,20,38,18,,,,
2017-10-12,05:13,0,on/off,on/off,0,19.8,69.0,on,45,20,39,18,,,,
2017-10-12,05:13,0,on/off,on/off,0,19.8,69.0,on,46,20,39,18,,,,
2017-10-12,05:13,4,on/off,on/off,0,19.8,69.0,on,45,21,38,18,,,,
2017-10-12,05:13,0,on/off,on/off,0,19.8,69.0,on,45,20,39,18,,,,
2017-10-12,05:13,0,on/off,on/off,0,19.8,69.0,on,46,20,39,18,,,,
2017-10-12,05:13,0,on/off,on/off,0,19.8,69.0,on,45,20,39,18,,,,
2017-10-12,05:13,0,on/off,on/off,0,19.8,69.0,on,45,20,39,18,,,,
2017-10-12,05:13,0,on/off,on/off,0,19.8,69.0,on,46,20,38,18,,,,
2017-10-12,05:13,0,on/off,on/off,0,19.8,69.0,on,45,20,39,18,,,,
2017-10-12,05:13,0,on/off,on/off,0,19.8,69.0,on,46,20,39,18,,,,
2017-10-12,05:13,0,on/off,on/off,0,19.8,69.0,on,45,21,39,18,,,,
2017-10-12,05:14,0,on/off,on/off,0,19.8,69.0,on,46,20,38,18,,,,
2017-10-12,05:14,0,on/off,on/off,0,19.8,69.0,on,45,20,39,18,,,,
2017-10-12,05:14,2,on/off,on/off,0,19.8,69.0,on,45,20,38,18,,,,
2017-10-12,05:14,0,on/off,on/off,0,19.8,69.0,on,45,20,39,18,,,,
2017-10-12,05:14,3,on/off,on/off,0,19.8,69.0,on,46,20,39,18,,,,
2017-10-12,05:14,0,on/off,on/off,0,19.8,69.0,on,45,20,39,18,,,,
2017-10-12,05:14,0,on/off,on/off,0,19.8,69.0,on,46,20,38,18,,,,
2017-10-12,05:14,0,on/off,on/off,0,19.8,69.0,on,45,20,39,18,,,,
2017-10-12,05:14,0,on/off,on/off,0,19.8,69.1,on,45,20,39,18,,,,
2017-10-12,05:14,0,on/off,on/off,0,19.8,69.1,on,45,20,39,18,,,,
2017-10-12,05:14,7,on/off,on/off,0,19.8,69.1,on,45,20,39,18,,,,
2017-10-12,05:14,2,on/off,on/off,0,19.8,69.1,on,45,20,38,18,,,,
2017-10-12,05:14,6,on/off,on/off,0,19.8,69.1,on,46,20,39,18,,,,
2017-10-12,05:14,0,on/off,on/off,0,19.8,69.1,on,46,20,39,18,,,,
2017-10-12,05:14,0,on/off,on/off,0,19.8,69.1,on,45,20,38,18,,,,
2017-10-12,05:14,0,on/off,on/off,0,19.8,69.1,on,45,20,39,18,,,,
2017-10-12,05:14,0,on/off,on/off,0,19.8,69.1,on,45,20,39,18,,,,
2017-10-12,05:14,0,on/off,on/off,0,19.8,69.1,on,45,20,39,18,,,,
2017-10-12,05:14,0,on/off,on/off,0,19.8,69.1,on,45,20,39,18,,,,
2017-10-12,05:14,6,on/off,on/off,0,19.8,69.1,on,46,20,39,18,,,,
2017-10-12,05:14,3,on/off,on/off,0,19.8,68.9,on,46,20,39,18,,,,
2017-10-12,05:14,0,on/off,on/off,0,19.8,68.9,on,45,20,39,18,,,,
2017-10-12,05:14,0,on/off,on/off,0,19.8,68.9,on,46,20,39,18,,,,
2017-10-12,05:14,0,on/off,on/off,0,19.8,68.9,on,45,20,39,18,,,,
2017-10-12,05:15,0,on/off,on/off,0,19.8,68.9,on,45,20,39,18,,,,
2017-10-12,05:15,1,on/off,on/off,0,19.8,68.9,on,45,20,38,18,,,,
2017-10-12,05:15,0,on/off,on/off,0,19.8,68.9,on,45,20,39,18,,,,
2017-10-12,05:15,0,on/off,on/off,0,19.8,68.9,on,45,20,39,18,,,,
2017-10-12,05:15,0,on/off,on/off,0,19.8,68.9,on,45,20,39,18,,,,
2017-10-12,05:15,0,on/off,on/off,0,19.8,68.9,on,45,20,39,18,,,,
2017-10-12,05:15,1,on/off,on/off,0,19.8,68.9,on,45,20,39,18,,,,
2017-10-12,05:15,0,on/off,on/off,1,19.8,68.9,on,45,20,39,18,,,,
2017-10-12,05:15,4,on/off,on/off,0,19.8,69.0,on,45,20,39,18,,,,
2017-10-12,05:15,1,on/off,on/off,0,19.8,69.0,on,45,20,39,18,,,,
2017-10-12,05:15,0,on/off,on/off,0,19.8,69.0,on,45,20,39,18,,,,
2017-10-12,05:15,0,on/off,on/off,0,19.8,69.0,on,45,20,39,19,,,,
2017-10-12,05:15,0,on/off,on/off,0,19.8,69.0,on,45,20,39,18,,,,
2017-10-12,05:15,0,on/off,on/off,0,19.8,69.0,on,45,20,39,18,,,,
2017-10-12,05:15,0,on/off,on/off,0,19.8,69.0,on,45,20,39,18,,,,
2017-10-12,05:15,0,on/off,on/off,0,19.8,69.0,on,45,20,38,18,,,,
2017-10-12,05:15,1,on/off,on/off,0,19.8,68.9,on,46,20,38,18,,,,
2017-10-12,05:15,4,on/off,on/off,0,19.8,68.9,on,45,20,39,18,,,,
2017-10-12,05:15,0,on/off,on/off,0,19.8,68.9,on,45,20,39,18,,,,
2017-10-12,05:15,0,on/off,on/off,0,19.8,68.9,on,45,20,39,19,,,,
2017-10-12,05:16,0,on/off,on/off,0,19.8,68.8,on,45,20,38,18,,,,
2017-10-12,05:16,0,on/off,on/off,0,19.8,68.8,on,46,20,38,18,,,,
2017-10-12,05:16,0,on/off,on/off,0,19.8,68.8,on,46,20,39,18,,,,
2017-10-12,05:16,5,on/off,on/off,0,19.8,68.8,on,45,20,39,18,,,,
2017-10-12,05:16,0,on/off,on/off,0,19.8,68.6,on,46,20,39,18,,,,
2017-10-12,05:16,0,on/off,on/off,0,19.8,68.6,on,45,20,39,18,,,,
2017-10-12,05:16,0,on/off,on/off,0,19.8,68.6,on,46,20,39,18,,,,
2017-10-12,05:16,0,on/off,on/off,0,19.8,68.6,on,46,20,39,18,,,,
2017-10-12,05:16,0,on/off,on/off,0,19.8,68.7,on,45,20,39,18,,,,
2017-10-12,05:16,4,on/off,on/off,0,19.8,68.7,on,45,20,38,18,,,,
2017-10-12,05:16,1,on/off,on/off,0,19.8,68.7,on,45,20,39,18,,,,
2017-10-12,05:16,0,on/off,on/off,0,19.8,68.7,on,45,20,39,18,,,,
2017-10-12,05:16,0,on/off,on/off,0,19.8,68.7,on,45,20,38,18,,,,
2017-10-12,05:16,0,on/off,on/off,0,19.8,68.7,on,46,20,39,18,,,,
2017-10-12,05:16,0,on/off,on/off,0,19.8,68.7,on,45,20,39,18,,,,
2017-10-12,05:16,0,on/off,on/off,0,19.8,68.7,on,45,20,39,18,,,,
2017-10-12,05:16,0,on/off,on/off,0,19.8,68.6,on,45,20,39,18,,,,
2017-10-12,05:16,0,on/off,on/off,0,19.8,68.6,on,45,20,39,18,,,,
2017-10-12,05:16,0,on/off,on/off,0,19.8,68.6,on,45,20,39,18,,,,
2017-10-12,05:16,3,on/off,on/off,0,19.8,68.6,on,45,20,39,18,,,,
2017-10-12,05:16,6,on/off,on/off,0,19.8,68.9,on,45,20,39,18,,,,
2017-10-12,05:16,2,on/off,on/off,0,19.8,68.9,on,45,20,39,18,,,,
2017-10-12,05:16,0,on/off,on/off,0,19.8,68.9,on,46,20,39,18,,,,
2017-10-12,05:16,0,on/off,on/off,0,19.8,68.9,on,45,20,38,18,,,,
2017-10-12,05:17,0,on/off,on/off,0,19.8,68.9,on,46,20,38,18,,,,
2017-10-12,05:17,2,on/off,on/off,0,19.8,68.9,on,46,20,38,18,,,,
2017-10-12,05:17,0,on/off,on/off,0,19.8,68.9,on,45,20,39,18,,,,
2017-10-12,05:17,0,on/off,on/off,0,19.8,68.9,on,45,20,39,18,,,,
2017-10-12,05:17,0,on/off,on/off,0,19.8,68.9,on,45,20,39,18,,,,
2017-10-12,05:17,0,on/off,on/off,0,19.8,68.9,on,46,20,38,18,,,,
2017-10-12,05:17,0,on/off,on/off,0,19.8,68.9,on,45,20,39,18,,,,
2017-10-12,05:17,0,on/off,on/off,0,19.8,68.9,on,45,20,38,18,,,,
2017-10-12,05:17,0,on/off,on/off,0,19.8,69.0,on,45,20,39,18,,,,
2017-10-12,05:17,0,on/off,on/off,0,19.8,69.0,on,45,20,39,18,,,,
2017-10-12,05:17,4,on/off,on/off,0,19.8,69.0,on,46,20,38,18,,,,
2017-10-12,05:17,3,on/off,on/off,0,19.8,69.0,on,46,20,39,18,,,,
2017-10-12,05:17,0,on/off,on/off,0,19.8,69.0,on,46,20,39,18,,,,
2017-10-12,05:17,0,on/off,on/off,0,19.8,69.0,on,46,20,38,18,,,,
2017-10-12,05:17,1,on/off,on/off,0,19.8,69.0,on,46,21,39,18,,,,
2017-10-12,05:17,0,on/off,on/off,0,19.8,69.0,on,46,20,39,18,,,,
2017-10-12,05:17,0,on/off,on/off,0,19.8,68.9,on,45,20,38,18,,,,
2017-10-12,05:17,0,on/off,on/off,0,19.8,68.9,on,46,20,39,18,,,,
2017-10-12,05:17,0,on/off,on/off,0,19.8,68.9,on,46,20,39,18,,,,
2017-10-12,05:17,0,on/off,on/off,0,19.8,68.9,on,45,20,39,18,,,,
2017-10-12,05:18,0,on/off,on/off,0,19.8,68.9,on,46,20,39,18,,,,
2017-10-12,05:18,0,on/off,on/off,0,19.8,68.9,on,45,20,39,18,,,,
2017-10-12,05:18,0,on/off,on/off,0,19.8,68.9,on,45,20,39,18,,,,
2017-10-12,05:18,3,on/off,on/off,0,19.8,68.9,on,46,21,38,18,,,,
2017-10-12,05:18,2,on/off,on/off,0,19.8,68.9,on,45,20,39,18,,,,
2017-10-12,05:18,3,on/off,on/off,0,19.8,68.9,on,45,20,39,18,,,,
2017-10-12,05:18,0,on/off,on/off,0,19.8,68.9,on,46,20,39,18,,,,
2017-10-12,05:18,0,on/off,on/off,0,19.8,68.9,on,45,20,38,18,,,,
2017-10-12,05:18,0,on/off,on/off,0,19.8,68.9,on,45,21,39,18,,,,
2017-10-12,05:18,0,on/off,on/off,0,19.8,68.9,on,45,20,38,18,,,,
2017-10-12,05:18,3,on/off,on/off,0,19.8,68.9,on,46,20,39,18,,,,
2017-10-12,05:18,0,on/off,on/off,0,19.8,68.9,on,45,20,38,18,,,,
2017-10-12,05:18,0,on/off,on/off,0,19.8,68.8,on,45,20,38,18,,,,
2017-10-12,05:18,1,on/off,on/off,0,19.8,68.8,on,45,21,38,18,,,,
2017-10-12,05:18,0,on/off,on/off,0,19.8,68.8,on,46,20,38,18,,,,
2017-10-12,05:18,0,on/off,on/off,0,19.8,68.8,on,45,20,39,18,,,,
2017-10-12,05:18,0,on/off,on/off,0,19.8,68.7,on,46,20,38,18,,,,
2017-10-12,05:18,1,on/off,on/off,0,19.8,68.7,on,45,21,38,18,,,,
2017-10-12,05:18,0,on/off,on/off,0,19.8,68.7,on,45,20,38,18,,,,
2017-10-12,05:18,0,on/off,on/off,0,19.8,68.7,on,45,20,39,18,,,,
2017-10-12,05:18,0,on/off,on/off,0,19.8,68.7,on,45,20,39,18,,,,
2017-10-12,05:18,0,on/off,on/off,0,19.8,68.7,on,45,21,39,18,,,,
2017-10-12,05:18,1,on/off,on/off,0,19.8,68.7,on,45,21,39,18,,,,
2017-10-12,05:18,0,on/off,on/off,0,19.8,68.7,on,46,20,38,18,,,,
2017-10-12,05:19,0,on/off,on/off,0,19.8,68.6,on,45,20,39,18,,,,
2017-10-12,05:19,0,on/off,on/off,0,19.8,68.6,on,45,20,39,18,,,,
2017-10-12,05:19,0,on/off,on/off,0,19.8,68.6,on,45,20,39,18,,,,
2017-10-12,05:19,1,on/off,on/off,0,19.8,68.6,on,46,21,39,18,,,,
2017-10-12,05:19,0,on/off,on/off,0,19.8,68.6,on,45,20,38,18,,,,
2017-10-12,05:19,0,on/off,on/off,0,19.8,68.6,on,45,20,39,18,,,,
2017-10-12,05:19,0,on/off,on/off,0,19.8,68.6,on,45,20,39,18,,,,
2017-10-12,05:19,0,on/off,on/off,0,19.8,68.6,on,45,21,39,18,,,,
2017-10-12,05:19,0,on/off,on/off,0,19.8,68.7,on,45,20,39,18,,,,
2017-10-12,05:19,0,on/off,on/off,0,19.8,68.7,on,45,20,39,18,,,,
2017-10-12,05:19,0,on/off,on/off,0,19.8,68.7,on,45,20,39,18,,,,
2017-10-12,05:19,4,on/off,on/off,0,19.8,68.7,on,45,20,39,18,,,,
2017-10-12,05:19,0,on/off,on/off,0,19.8,68.9,on,45,20,38,18,,,,
2017-10-12,05:19,0,on/off,on/off,0,19.8,68.9,on,45,20,39,18,,,,
2017-10-12,05:19,0,on/off,on/off,0,19.8,68.9,on,45,20,39,18,,,,
2017-10-12,05:19,0,on/off,on/off,0,19.8,68.9,on,45,20,39,18,,,,
2017-10-12,05:19,0,on/off,on/off,0,19.8,69.0,on,46,20,38,18,,,,
2017-10-12,05:19,0,on/off,on/off,0,19.8,69.0,on,45,20,38,18,,,,
2017-10-12,05:19,0,on/off,on/off,0,19.8,69.0,on,45,20,39,18,,,,
2017-10-12,05:19,0,on/off,on/off,0,19.8,69.0,on,45,20,39,18,,,,
2017-10-12,05:20,4,on/off,on/off,0,19.8,68.9,on,45,21,38,18,,,,
2017-10-12,05:20,0,on/off,on/off,0,19.8,68.9,on,46,20,38,18,,,,
2017-10-12,05:20,0,on/off,on/off,0,19.8,68.9,on,45,20,38,18,,,,
2017-10-12,05:20,0,on/off,on/off,0,19.8,68.9,on,45,20,39,18,,,,
2017-10-12,05:20,0,on/off,on/off,0,19.8,69.0,on,45,21,38,18,,,,
2017-10-12,05:20,0,on/off,on/off,0,19.8,69.0,on,45,20,38,18,,,,
2017-10-12,05:20,0,on/off,on/off,0,19.8,69.0,on,45,20,39,18,,,,
2017-10-12,05:20,0,on/off,on/off,0,19.8,69.0,on,45,20,39,18,,,,
2017-10-12,05:20,6,on/off,on/off,0,19.8,68.9,on,45,20,39,18,,,,
2017-10-12,05:20,0,on/off,on/off,0,19.8,68.9,on,45,20,39,18,,,,
2017-10-12,05:20,0,on/off,on/off,0,19.8,68.9,on,45,20,38,18,,,,
2017-10-12,05:20,0,on/off,on/off,0,19.8,68.9,on,45,20,38,18,,,,
2017-10-12,05:20,0,on/off,on/off,0,19.8,68.8,on,45,20,38,18,,,,
2017-10-12,05:20,0,on/off,on/off,0,19.8,68.8,on,45,20,38,18,,,,
2017-10-12,05:20,0,on/off,on/off,0,19.8,68.8,on,45,20,39,18,,,,
2017-10-12,05:20,0,on/off,on/off,0,19.8,68.8,on,45,20,39,18,,,,
2017-10-12,05:20,0,on/off,on/off,0,19.8,68.7,on,45,20,39,18,,,,
2017-10-12,05:20,0,on/off,on/off,1,19.8,68.7,on,45,20,39,18,,,,
2017-10-12,05:20,1,on/off,on/off,0,19.8,68.7,on,45,20,39,18,,,,
2017-10-12,05:20,0,on/off,on/off,0,19.8,68.7,on,45,20,38,18,,,,
2017-10-12,05:20,1,on/off,on/off,0,19.8,68.7,on,45,20,38,18,,,,
2017-10-12,05:20,0,on/off,on/off,0,19.8,68.7,on,45,21,39,18,,,,
2017-10-12,05:20,0,on/off,on/off,0,19.8,68.7,on,45,20,38,18,,,,
2017-10-12,05:20,0,on/off,on/off,0,19.8,68.7,on,45,20,39,18,,,,
2017-10-12,05:21,0,on/off,on/off,0,19.8,68.8,on,45,20,39,18,,,,
2017-10-12,05:21,0,on/off,on/off,0,19.8,68.8,on,45,20,38,18,,,,
2017-10-12,05:21,0,on/off,on/off,0,19.8,68.8,on,45,20,39,18,,,,
2017-10-12,05:21,0,on/off,on/off,0,19.8,68.8,on,45,20,39,18,,,,
2017-10-12,05:21,0,on/off,on/off,0,19.8,68.9,on,45,20,39,18,,,,
2017-10-12,05:21,0,on/off,on/off,0,19.8,68.9,on,45,21,39,18,,,,
2017-10-12,05:21,0,on/off,on/off,0,19.8,68.9,on,45,20,39,18,,,,
2017-10-12,05:21,0,on/off,on/off,0,19.8,68.9,on,46,20,39,18,,,,
2017-10-12,05:21,0,on/off,on/off,0,19.8,68.9,on,45,20,39,18,,,,
2017-10-12,05:21,0,on/off,on/off,0,19.8,68.9,on,45,20,38,18,,,,
2017-10-12,05:21,0,on/off,on/off,0,19.8,68.9,on,46,20,38,18,,,,
2017-10-12,05:21,0,on/off,on/off,0,19.8,68.9,on,45,20,39,18,,,,
2017-10-12,05:21,0,on/off,on/off,0,19.8,69.0,on,45,20,39,18,,,,
2017-10-12,05:21,0,on/off,on/off,1,19.8,69.0,on,45,20,39,18,,,,
2017-10-12,05:21,2,on/off,on/off,0,19.8,69.0,on,45,20,39,18,,,,
2017-10-12,05:21,0,on/off,on/off,0,19.8,69.0,on,45,20,38,18,,,,
2017-10-12,05:21,0,on/off,on/off,0,19.8,69.0,on,45,20,39,18,,,,
2017-10-12,05:21,0,on/off,on/off,0,19.8,69.0,on,45,20,39,18,,,,
2017-10-12,05:21,1,on/off,on/off,0,19.8,69.0,on,45,20,39,18,,,,
2017-10-12,05:21,0,on/off,on/off,0,19.8,69.0,on,45,20,39,18,,,,
2017-10-12,05:22,0,on/off,on/off,0,19.8,68.9,on,45,21,39,18,,,,
2017-10-12,05:22,0,on/off,on/off,0,19.8,68.9,on,45,20,39,18,,,,
2017-10-12,05:22,0,on/off,on/off,0,19.8,68.9,on,45,20,38,18,,,,
2017-10-12,05:22,0,on/off,on/off,0,19.8,68.9,on,45,20,39,18,,,,
2017-10-12,05:22,0,on/off,on/off,0,19.8,68.9,on,46,20,38,18,,,,
2017-10-12,05:22,0,on/off,on/off,0,19.8,68.9,on,45,20,38,18,,,,
2017-10-12,05:22,0,on/off,on/off,0,19.8,68.9,on,45,21,39,18,,,,
2017-10-12,05:22,0,on/off,on/off,0,19.8,68.9,on,45,20,38,18,,,,
2017-10-12,05:22,0,on/off,on/off,0,19.8,68.9,on,45,20,39,18,,,,
2017-10-12,05:22,0,on/off,on/off,0,19.8,68.9,on,46,20,39,18,,,,
2017-10-12,05:22,0,on/off,on/off,0,19.8,68.9,on,45,20,39,18,,,,
2017-10-12,05:22,0,on/off,on/off,0,19.8,68.9,on,45,21,39,18,,,,
2017-10-12,05:22,0,on/off,on/off,0,19.8,68.9,on,45,20,39,18,,,,
2017-10-12,05:22,0,on/off,on/off,0,19.8,68.9,on,46,20,38,18,,,,
2017-10-12,05:22,0,on/off,on/off,0,19.8,68.9,on,45,21,38,18,,,,
2017-10-12,05:22,5,on/off,on/off,0,19.8,68.9,on,45,20,39,18,,,,
2017-10-12,05:22,0,on/off,on/off,0,19.8,68.9,on,45,20,38,18,,,,
2017-10-12,05:22,0,on/off,on/off,0,19.8,68.9,on,45,20,39,18,,,,
2017-10-12,05:22,0,on/off,on/off,0,19.8,68.9,on,45,20,39,18,,,,
2017-10-12,05:22,0,on/off,on/off,0,19.8,68.9,on,46,20,39,18,,,,
2017-10-12,05:22,4,on/off,on/off,0,19.8,68.8,on,45,21,39,18,,,,
2017-10-12,05:22,2,on/off,on/off,0,19.8,68.8,on,46,20,38,18,,,,
2017-10-12,05:22,0,on/off,on/off,0,19.8,68.8,on,45,20,39,18,,,,
2017-10-12,05:22,0,on/off,on/off,0,19.8,68.8,on,45,20,39,18,,,,
2017-10-12,05:23,0,on/off,on/off,0,19.8,68.9,on,45,20,39,18,,,,
2017-10-12,05:23,6,on/off,on/off,0,19.8,68.9,on,46,21,39,18,,,,
2017-10-12,05:23,0,on/off,on/off,0,19.8,68.9,on,46,20,38,18,,,,
2017-10-12,05:23,0,on/off,on/off,0,19.8,68.9,on,45,20,38,18,,,,
2017-10-12,05:23,0,on/off,on/off,0,19.8,68.8,on,45,20,39,18,,,,
2017-10-12,05:23,0,on/off,on/off,0,19.8,68.8,on,45,21,39,18,,,,
2017-10-12,05:23,6,on/off,on/off,0,19.8,68.8,on,45,21,39,18,,,,
2017-10-12,05:23,3,on/off,on/off,0,19.8,68.8,on,46,20,39,18,,,,
2017-10-12,05:23,0,on/off,on/off,0,19.8,68.9,on,46,20,38,18,,,,
2017-10-12,05:23,0,on/off,on/off,0,19.8,68.9,on,45,20,39,18,,,,
2017-10-12,05:23,7,on/off,on/off,0,19.8,68.9,on,46,20,39,18,,,,
2017-10-12,05:23,1,on/off,on/off,0,19.8,68.9,on,46,20,39,18,,,,
2017-10-12,05:23,2,on/off,on/off,0,19.8,68.9,on,45,20,39,18,,,,
2017-10-12,05:23,0,on/off,on/off,0,19.8,68.9,on,46,20,38,18,,,,
2017-10-12,05:23,0,on/off,on/off,0,19.8,68.9,on,46,20,38,18,,,,
2017-10-12,05:23,0,on/off,on/off,0,19.8,68.9,on,45,20,38,18,,,,
2017-10-12,05:23,0,on/off,on/off,0,19.8,68.9,on,45,20,38,18,,,,
2017-10-12,05:23,0,on/off,on/off,0,19.8,68.9,on,46,20,38,18,,,,
2017-10-12,05:23,0,on/off,on/off,0,19.8,68.9,on,46,20,38,18,,,,
2017-10-12,05:23,2,on/off,on/off,0,19.8,68.9,on,46,20,39,18,,,,
2017-10-12,05:23,2,on/off,on/off,0,19.8,68.8,on,46,20,38,18,,,,
2017-10-12,05:23,0,on/off,on/off,0,19.8,68.8,on,46,20,39,18,,,,
2017-10-12,05:23,0,on/off,on/off,0,19.8,68.8,on,45,20,38,18,,,,
2017-10-12,05:23,0,on/off,on/off,0,19.8,68.8,on,45,20,39,18,,,,
2017-10-12,05:24,3,on/off,on/off,0,19.8,68.8,on,45,20,38,18,,,,
2017-10-12,05:24,0,on/off,on/off,0,19.8,68.8,on,45,20,38,18,,,,
2017-10-12,05:24,7,on/off,on/off,0,19.8,68.8,on,46,20,39,18,,,,
2017-10-12,05:24,0,on/off,on/off,0,19.8,68.8,on,46,20,39,18,,,,
2017-10-12,05:24,0,on/off,on/off,0,19.8,68.8,on,45,20,38,18,,,,
2017-10-12,05:24,0,on/off,on/off,0,19.8,68.8,on,45,20,39,18,,,,
2017-10-12,05:24,1,on/off,on/off,0,19.8,68.8,on,45,20,38,18,,,,
2017-10-12,05:24,0,on/off,on/off,0,19.8,68.8,on,45,20,39,18,,,,
2017-10-12,05:24,2,on/off,on/off,0,19.8,68.9,on,45,20,39,18,,,,
2017-10-12,05:24,0,on/off,on/off,0,19.8,68.9,on,46,20,38,18,,,,
2017-10-12,05:24,0,on/off,on/off,0,19.8,68.9,on,45,20,39,18,,,,
2017-10-12,05:24,1,on/off,on/off,0,19.8,68.9,on,45,20,38,18,,,,
2017-10-12,05:24,0,on/off,on/off,0,19.8,68.9,on,46,20,38,18,,,,
2017-10-12,05:24,0,on/off,on/off,0,19.8,68.9,on,46,20,38,18,,,,
2017-10-12,05:24,0,on/off,on/off,0,19.8,68.9,on,45,20,38,18,,,,
2017-10-12,05:24,6,on/off,on/off,0,19.8,68.9,on,45,20,39,18,,,,
2017-10-12,05:24,0,on/off,on/off,0,19.8,68.9,on,45,20,39,18,,,,
2017-10-12,05:24,0,on/off,on/off,0,19.8,68.9,on,46,20,38,18,,,,
2017-10-12,05:24,0,on/off,on/off,0,19.8,68.9,on,45,20,38,18,,,,
2017-10-12,05:24,1,on/off,on/off,1,19.8,68.9,on,45,21,39,18,,,,
2017-10-12,05:25,0,on/off,on/off,0,19.8,68.9,on,46,20,38,18,,,,
2017-10-12,05:25,0,on/off,on/off,0,19.8,68.9,on,45,20,38,18,,,,
2017-10-12,05:25,0,on/off,on/off,0,19.8,68.9,on,46,20,38,18,,,,
2017-10-12,05:25,0,on/off,on/off,0,19.8,68.9,on,45,20,39,18,,,,
2017-10-12,05:25,0,on/off,on/off,0,19.8,68.9,on,46,20,39,18,,,,
2017-10-12,05:25,0,on/off,on/off,0,19.8,68.9,on,45,20,39,18,,,,
2017-10-12,05:25,2,on/off,on/off,0,19.8,68.9,on,45,21,39,18,,,,
2017-10-12,05:25,1,on/off,on/off,0,19.8,68.9,on,46,20,39,18,,,,
2017-10-12,05:25,1,on/off,on/off,0,19.8,68.8,on,45,20,38,18,,,,
2017-10-12,05:25,0,on/off,on/off,0,19.8,68.8,on,46,20,38,18,,,,
2017-10-12,05:25,0,on/off,on/off,0,19.8,68.8,on,45,20,39,18,,,,
2017-10-12,05:25,1,on/off,on/off,0,19.8,68.8,on,45,21,39,18,,,,
2017-10-12,05:25,1,on/off,on/off,0,19.8,68.9,on,45,20,39,18,,,,
2017-10-12,05:25,0,on/off,on/off,0,19.8,68.9,on,45,20,39,18,,,,
2017-10-12,05:25,0,on/off,on/off,1,19.8,68.9,on,45,20,39,18,,,,
2017-10-12,05:25,1,on/off,on/off,0,19.8,68.9,on,45,20,39,18,,,,
2017-10-12,05:25,0,on/off,on/off,0,19.8,68.9,on,45,21,39,18,,,,
2017-10-12,05:25,6,on/off,on/off,0,19.8,68.9,on,45,21,38,18,,,,
2017-10-12,05:25,0,on/off,on/off,0,19.8,68.9,on,45,20,39,18,,,,
2017-10-12,05:25,0,on/off,on/off,0,19.8,68.9,on,45,20,38,18,,,,
2017-10-12,05:25,1,on/off,on/off,0,19.8,68.9,on,45,20,38,18,,,,
2017-10-12,05:25,1,on/off,on/off,0,19.8,68.9,on,46,21,38,18,,,,
2017-10-12,05:25,2,on/off,on/off,0,19.8,68.9,on,46,20,38,18,,,,
2017-10-12,05:25,0,on/off,on/off,0,19.8,68.9,on,45,20,38,18,,,,
2017-10-12,05:26,1,on/off,on/off,0,19.8,68.9,on,46,20,38,18,,,,
2017-10-12,05:26,6,on/off,on/off,0,19.8,68.9,on,46,21,38,18,,,,
2017-10-12,05:26,1,on/off,on/off,0,19.8,68.9,on,46,20,38,18,,,,
2017-10-12,05:26,1,on/off,on/off,0,19.8,68.9,on,45,20,39,18,,,,
2017-10-12,05:26,6,on/off,on/off,0,19.8,68.9,on,46,20,38,18,,,,
2017-10-12,05:26,2,on/off,on/off,0,19.8,68.9,on,46,20,38,18,,,,
2017-10-12,05:26,1,on/off,on/off,0,19.8,68.9,on,45,20,39,18,,,,
2017-10-12,05:26,0,on/off,on/off,0,19.8,68.9,on,45,20,39,18,,,,
2017-10-12,05:26,0,on/off,on/off,0,19.8,68.9,on,46,21,38,18,,,,
2017-10-12,05:26,0,on/off,on/off,0,19.8,68.9,on,46,20,38,18,,,,
2017-10-12,05:26,3,on/off,on/off,0,19.8,68.9,on,46,20,38,18,,,,
2017-10-12,05:26,0,on/off,on/off,0,19.8,68.9,on,45,20,39,18,,,,
2017-10-12,05:26,0,on/off,on/off,0,19.8,68.9,on,46,20,39,19,,,,
2017-10-12,05:26,0,on/off,on/off,0,19.8,68.9,on,46,20,39,18,,,,
2017-10-12,05:26,0,on/off,on/off,0,19.8,68.9,on,45,20,38,18,,,,
2017-10-12,05:26,6,on/off,on/off,0,19.8,68.9,on,45,20,38,18,,,,
2017-10-12,05:26,0,on/off,on/off,0,19.8,69.0,on,46,20,38,18,,,,
2017-10-12,05:26,5,on/off,on/off,0,19.8,69.0,on,45,20,39,18,,,,
2017-10-12,05:26,1,on/off,on/off,0,19.8,69.0,on,45,20,39,18,,,,
2017-10-12,05:26,0,on/off,on/off,0,19.8,69.0,on,45,20,39,18,,,,
2017-10-12,05:27,0,on/off,on/off,0,19.8,69.0,on,45,20,38,18,,,,
2017-10-12,05:27,0,on/off,on/off,0,19.8,69.0,on,45,20,39,18,,,,
2017-10-12,05:27,6,on/off,on/off,0,19.8,69.0,on,46,20,39,18,,,,
2017-10-12,05:27,0,on/off,on/off,0,19.8,69.0,on,45,20,39,18,,,,
2017-10-12,05:27,1,on/off,on/off,0,19.8,69.0,on,46,20,38,18,,,,
2017-10-12,05:27,1,on/off,on/off,0,19.8,69.0,on,46,20,39,18,,,,
2017-10-12,05:27,0,on/off,on/off,0,19.8,69.0,on,45,20,39,18,,,,
2017-10-12,05:27,0,on/off,on/off,0,19.8,69.0,on,45,20,39,18,,,,
2017-10-12,05:27,5,on/off,on/off,0,19.8,69.1,on,46,21,39,18,,,,
2017-10-12,05:27,2,on/off,on/off,0,19.8,69.1,on,45,20,39,18,,,,
2017-10-12,05:27,1,on/off,on/off,0,19.8,69.1,on,45,20,39,18,,,,
2017-10-12,05:27,0,on/off,on/off,0,19.8,69.1,on,45,20,38,18,,,,
2017-10-12,05:27,0,on/off,on/off,0,19.8,69.0,on,45,20,38,18,,,,
2017-10-12,05:27,1,on/off,on/off,0,19.8,69.0,on,46,20,39,18,,,,
2017-10-12,05:27,0,on/off,on/off,0,19.8,69.0,on,45,20,39,18,,,,
2017-10-12,05:27,0,on/off,on/off,0,19.8,69.0,on,46,21,38,18,,,,
2017-10-12,05:27,1,on/off,on/off,0,19.8,68.9,on,46,20,39,18,,,,
2017-10-12,05:27,0,on/off,on/off,0,19.8,68.9,on,45,20,39,18,,,,
2017-10-12,05:27,1,on/off,on/off,0,19.8,68.9,on,46,20,39,18,,,,
2017-10-12,05:27,6,on/off,on/off,0,19.8,68.9,on,45,21,39,18,,,,
2017-10-12,05:27,7,on/off,on/off,0,19.8,69.0,on,46,21,38,18,,,,
2017-10-12,05:27,1,on/off,on/off,0,19.8,69.0,on,45,20,39,18,,,,
2017-10-12,05:27,0,on/off,on/off,0,19.8,69.0,on,45,20,39,18,,,,
2017-10-12,05:27,0,on/off,on/off,0,19.8,69.0,on,46,20,38,18,,,,
2017-10-12,05:28,2,on/off,on/off,0,19.8,68.9,on,46,20,38,18,,,,
2017-10-12,05:28,0,on/off,on/off,0,19.8,68.9,on,45,20,38,18,,,,
2017-10-12,05:28,2,on/off,on/off,0,19.8,68.9,on,45,20,39,18,,,,
2017-10-12,05:28,0,on/off,on/off,0,19.8,68.9,on,46,20,38,18,,,,
2017-10-12,05:28,1,on/off,on/off,0,19.8,68.9,on,46,20,38,18,,,,
2017-10-12,05:28,3,on/off,on/off,0,19.8,68.9,on,45,21,38,18,,,,
2017-10-12,05:28,1,on/off,on/off,0,19.8,68.9,on,46,20,38,18,,,,
2017-10-12,05:28,0,on/off,on/off,0,19.8,68.9,on,45,20,38,19,,,,
2017-10-12,05:28,3,on/off,on/off,0,19.8,69.0,on,45,20,38,18,,,,
2017-10-12,05:28,0,on/off,on/off,0,19.8,69.0,on,45,20,38,18,,,,
2017-10-12,05:28,1,on/off,on/off,0,19.8,69.0,on,45,21,38,18,,,,
2017-10-12,05:28,1,on/off,on/off,0,19.8,69.0,on,45,20,38,18,,,,
2017-10-12,05:28,3,on/off,on/off,0,19.8,68.9,on,45,20,38,18,,,,
2017-10-12,05:28,6,on/off,on/off,0,19.8,68.9,on,46,20,38,18,,,,
2017-10-12,05:28,2,on/off,on/off,0,19.8,68.9,on,45,20,39,19,,,,
2017-10-12,05:28,0,on/off,on/off,0,19.8,68.9,on,45,20,39,19,,,,
2017-10-12,05:28,5,on/off,on/off,0,19.8,69.0,on,46,20,38,18,,,,
2017-10-12,05:28,5,on/off,on/off,0,19.8,69.0,on,45,20,38,18,,,,
2017-10-12,05:28,0,on/off,on/off,0,19.8,69.0,on,46,20,39,18,,,,
2017-10-12,05:28,3,on/off,on/off,0,19.8,69.0,on,45,20,39,18,,,,
2017-10-12,05:29,1,on/off,on/off,0,19.8,69.0,on,45,21,38,18,,,,
2017-10-12,05:29,5,on/off,on/off,0,19.8,69.0,on,45,20,38,18,,,,
2017-10-12,05:29,1,on/off,on/off,0,19.8,69.0,on,46,20,38,18,,,,
2017-10-12,05:29,0,on/off,on/off,0,19.8,69.0,on,45,20,39,18,,,,
2017-10-12,05:29,2,on/off,on/off,0,19.8,69.1,on,45,20,38,18,,,,
2017-10-12,05:29,0,on/off,on/off,0,19.8,69.1,on,46,20,38,18,,,,
2017-10-12,05:29,1,on/off,on/off,0,19.8,69.1,on,45,20,38,18,,,,
2017-10-12,05:29,2,on/off,on/off,0,19.8,69.1,on,45,20,39,18,,,,
2017-10-12,05:29,4,on/off,on/off,0,19.8,69.0,on,46,20,38,18,,,,
2017-10-12,05:29,3,on/off,on/off,0,19.8,69.0,on,46,20,38,18,,,,
2017-10-12,05:29,2,on/off,on/off,0,19.8,69.0,on,46,20,39,18,,,,
2017-10-12,05:29,0,on/off,on/off,0,19.8,69.0,on,45,20,39,18,,,,
2017-10-12,05:29,3,on/off,on/off,0,19.8,69.1,on,45,20,38,18,,,,
2017-10-12,05:29,2,on/off,on/off,0,19.8,69.1,on,46,20,38,18,,,,
2017-10-12,05:29,5,on/off,on/off,0,19.8,69.1,on,46,20,38,18,,,,
2017-10-12,05:29,2,on/off,on/off,0,19.8,69.1,on,45,20,39,18,,,,
2017-10-12,05:29,5,on/off,on/off,0,19.8,69.1,on,46,20,38,18,,,,
2017-10-12,05:29,2,on/off,on/off,0,19.8,69.1,on,45,20,38,18,,,,
2017-10-12,05:29,0,on/off,on/off,0,19.8,69.1,on,45,20,39,18,,,,
2017-10-12,05:29,5,on/off,on/off,0,19.8,69.1,on,45,20,39,18,,,,
2017-10-12,05:29,2,on/off,on/off,0,19.8,69.1,on,45,20,39,18,,,,
2017-10-12,05:29,2,on/off,on/off,0,19.8,69.1,on,45,20,39,18,,,,
2017-10-12,05:29,0,on/off,on/off,0,19.8,69.1,on,45,20,38,18,,,,
2017-10-12,05:29,7,on/off,on/off,0,19.8,69.1,on,45,20,38,18,,,,
2017-10-12,05:30,0,on/off,on/off,0,19.8,69.1,on,45,20,38,18,,,,
2017-10-12,05:30,2,on/off,on/off,0,19.8,69.1,on,46,20,38,18,,,,
2017-10-12,05:30,2,on/off,on/off,0,19.8,69.1,on,45,20,38,18,,,,
2017-10-12,05:30,4,on/off,on/off,0,19.8,69.1,on,46,20,38,18,,,,
2017-10-12,05:30,5,on/off,on/off,0,19.8,69.1,on,46,20,39,18,,,,
2017-10-12,05:30,2,on/off,on/off,0,19.8,69.1,on,45,20,38,18,,,,
2017-10-12,05:30,2,on/off,on/off,0,19.8,69.1,on,45,21,38,18,,,,
2017-10-12,05:30,2,on/off,on/off,0,19.8,69.1,on,46,20,38,18,,,,
2017-10-12,05:30,2,on/off,on/off,0,19.8,69.0,on,46,20,39,18,,,,
2017-10-12,05:30,1,on/off,on/off,0,19.8,69.0,on,45,20,38,18,,,,
2017-10-12,05:30,0,on/off,on/off,0,19.8,69.0,on,46,20,39,18,,,,
2017-10-12,05:30,7,on/off,on/off,0,19.8,69.0,on,45,20,38,18,,,,
2017-10-12,05:30,3,on/off,on/off,0,19.8,69.1,on,45,20,38,18,,,,
2017-10-12,05:30,0,on/off,on/off,0,19.8,69.1,on,46,20,39,18,,,,
2017-10-12,05:30,3,on/off,on/off,0,19.8,69.1,on,46,20,39,18,,,,
2017-10-12,05:30,0,on/off,on/off,0,19.8,69.1,on,46,20,38,18,,,,
2017-10-12,05:30,7,on/off,on/off,0,19.8,69.1,on,45,20,38,18,,,,
2017-10-12,05:30,2,on/off,on/off,0,19.8,69.1,on,45,20,38,18,,,,
2017-10-12,05:30,3,on/off,on/off,0,19.8,69.1,on,46,20,39,18,,,,
2017-10-12,05:30,1,on/off,on/off,0,19.8,69.1,on,45,20,39,18,,,,
2017-10-12,05:31,2,on/off,on/off,0,19.8,69.1,on,45,20,39,18,,,,
2017-10-12,05:31,2,on/off,on/off,0,19.8,69.1,on,45,20,38,18,,,,
2017-10-12,05:31,4,on/off,on/off,0,19.8,69.1,on,46,20,39,18,,,,
2017-10-12,05:31,2,on/off,on/off,0,19.8,69.1,on,45,20,39,18,,,,
2017-10-12,05:31,2,on/off,on/off,0,19.8,69.1,on,45,20,39,18,,,,
2017-10-12,05:31,3,on/off,on/off,0,19.8,69.1,on,45,20,38,18,,,,
2017-10-12,05:31,0,on/off,on/off,0,19.8,69.1,on,45,20,38,18,,,,
2017-10-12,05:31,7,on/off,on/off,0,19.8,69.1,on,45,20,38,18,,,,
2017-10-12,05:31,3,on/off,on/off,0,19.8,69.4,on,45,20,38,18,,,,
2017-10-12,05:31,3,on/off,on/off,0,19.8,69.4,on,45,20,38,18,,,,
2017-10-12,05:31,2,on/off,on/off,0,19.8,69.4,on,45,20,39,18,,,,
2017-10-12,05:31,2,on/off,on/off,1,19.8,69.4,on,46,21,38,18,,,,
2017-10-12,05:31,6,on/off,on/off,0,19.8,69.5,on,45,20,38,18,,,,
2017-10-12,05:31,3,on/off,on/off,0,19.8,69.5,on,46,20,38,18,,,,
2017-10-12,05:31,0,on/off,on/off,0,19.8,69.5,on,46,20,39,18,,,,
2017-10-12,05:31,0,on/off,on/off,0,19.8,69.5,on,45,20,39,18,,,,
2017-10-12,05:31,6,on/off,on/off,0,19.8,69.3,on,46,20,38,18,,,,
2017-10-12,05:31,11,on/off,on/off,0,19.8,69.3,on,45,21,38,18,,,,
2017-10-12,05:31,3,on/off,on/off,0,19.8,69.3,on,45,20,39,18,,,,
2017-10-12,05:31,3,on/off,on/off,0,19.8,69.3,on,45,20,38,18,,,,
2017-10-12,05:31,3,on/off,on/off,0,19.8,69.2,on,45,20,38,18,,,,
2017-10-12,05:31,6,on/off,on/off,0,19.8,69.2,on,45,20,39,18,,,,
2017-10-12,05:31,6,on/off,on/off,0,19.8,69.2,on,46,20,38,18,,,,
2017-10-12,05:31,3,on/off,on/off,0,19.8,69.2,on,45,20,38,18,,,,
2017-10-12,05:32,3,on/off,on/off,0,19.8,69.2,on,45,20,38,18,,,,
2017-10-12,05:32,5,on/off,on/off,0,19.8,69.2,on,46,20,38,18,,,,
2017-10-12,05:32,3,on/off,on/off,0,19.8,69.2,on,45,20,39,18,,,,
2017-10-12,05:32,4,on/off,on/off,0,19.8,69.2,on,45,20,39,18,,,,
2017-10-12,05:32,2,on/off,on/off,0,19.8,69.1,on,45,21,39,18,,,,
2017-10-12,05:32,4,on/off,on/off,0,19.8,69.1,on,46,20,38,18,,,,
2017-10-12,05:32,3,on/off,on/off,0,19.8,69.1,on,46,20,38,18,,,,
2017-10-12,05:32,0,on/off,on/off,0,19.8,69.1,on,45,20,38,18,,,,
2017-10-12,05:32,2,on/off,on/off,0,19.8,69.2,on,45,20,38,18,,,,
2017-10-12,05:32,3,on/off,on/off,0,19.8,69.2,on,45,20,39,18,,,,
2017-10-12,05:32,0,on/off,on/off,0,19.8,69.2,on,45,20,39,18,,,,
2017-10-12,05:32,5,on/off,on/off,0,19.8,69.2,on,45,20,38,18,,,,
2017-10-12,05:32,4,on/off,on/off,0,19.8,69.2,on,45,20,38,18,,,,
2017-10-12,05:32,1,on/off,on/off,0,19.8,69.2,on,45,20,39,18,,,,
2017-10-12,05:32,0,on/off,on/off,0,19.8,69.2,on,45,20,38,18,,,,
2017-10-12,05:32,3,on/off,on/off,0,19.8,69.2,on,45,20,39,18,,,,
2017-10-12,05:32,0,on/off,on/off,0,19.8,69.2,on,45,20,38,18,,,,
2017-10-12,05:32,3,on/off,on/off,0,19.8,69.2,on,45,20,38,18,,,,
2017-10-12,05:32,3,on/off,on/off,0,19.8,69.2,on,45,20,39,18,,,,
2017-10-12,05:32,8,on/off,on/off,0,19.8,69.2,on,45,20,38,18,,,,
2017-10-12,05:33,2,on/off,on/off,0,19.8,69.1,on,45,20,38,18,,,,
2017-10-12,05:33,4,on/off,on/off,0,19.8,69.1,on,45,20,38,18,,,,
2017-10-12,05:33,7,on/off,on/off,0,19.8,69.1,on,45,20,39,18,,,,
2017-10-12,05:33,3,on/off,on/off,0,19.8,69.1,on,45,20,39,18,,,,
2017-10-12,05:33,5,on/off,on/off,0,19.8,69.2,on,45,20,38,18,,,,
2017-10-12,05:33,4,on/off,on/off,0,19.8,69.2,on,45,20,39,18,,,,
2017-10-12,05:33,1,on/off,on/off,0,19.8,69.2,on,45,20,39,18,,,,
2017-10-12,05:33,5,on/off,on/off,0,19.8,69.2,on,45,20,38,18,,,,
2017-10-12,05:33,4,on/off,on/off,0,19.8,69.1,on,46,20,39,18,,,,
2017-10-12,05:33,4,on/off,on/off,0,19.8,69.1,on,45,20,39,18,,,,
2017-10-12,05:33,3,on/off,on/off,0,19.8,69.1,on,45,20,39,18,,,,
2017-10-12,05:33,4,on/off,on/off,0,19.8,69.1,on,45,20,39,18,,,,
2017-10-12,05:33,1,on/off,on/off,0,19.8,69.1,on,45,20,39,18,,,,
2017-10-12,05:33,4,on/off,on/off,0,19.8,69.1,on,46,20,39,18,,,,
2017-10-12,05:33,6,on/off,on/off,0,19.8,69.1,on,46,20,38,18,,,,
2017-10-12,05:33,4,on/off,on/off,0,19.8,69.1,on,46,20,38,18,,,,
2017-10-12,05:33,4,on/off,on/off,0,19.8,69.1,on,45,20,39,18,,,,
2017-10-12,05:33,1,on/off,on/off,0,19.8,69.1,on,46,20,39,18,,,,
2017-10-12,05:33,1,on/off,on/off,0,19.8,69.1,on,45,20,39,18,,,,
2017-10-12,05:33,10,on/off,on/off,0,19.8,69.1,on,46,20,39,18,,,,
2017-10-12,05:33,2,on/off,on/off,0,19.8,69.2,on,45,20,39,18,,,,
2017-10-12,05:33,4,on/off,on/off,0,19.8,69.2,on,46,20,39,18,,,,
2017-10-12,05:33,6,on/off,on/off,0,19.8,69.2,on,45,20,39,18,,,,
2017-10-12,05:33,5,on/off,on/off,0,19.8,69.2,on,46,20,39,18,,,,
2017-10-12,05:34,7,on/off,on/off,0,19.8,69.1,on,45,20,39,18,,,,
2017-10-12,05:34,4,on/off,on/off,0,19.8,69.1,on,45,20,39,18,,,,
2017-10-12,05:34,6,on/off,on/off,0,19.8,69.1,on,46,20,39,18,,,,
2017-10-12,05:34,4,on/off,on/off,0,19.8,69.1,on,46,20,38,18,,,,
2017-10-12,05:34,2,on/off,on/off,0,19.8,69.1,on,45,20,39,18,,,,
2017-10-12,05:34,4,on/off,on/off,0,19.8,69.1,on,45,20,39,18,,,,
2017-10-12,05:34,5,on/off,on/off,0,19.8,69.1,on,46,20,39,18,,,,
2017-10-12,05:34,5,on/off,on/off,0,19.8,69.1,on,45,20,39,18,,,,
2017-10-12,05:34,5,on/off,on/off,0,19.8,69.0,on,46,20,39,18,,,,
2017-10-12,05:34,0,on/off,on/off,0,19.8,69.0,on,46,20,39,18,,,,
2017-10-12,05:34,4,on/off,on/off,0,19.8,69.0,on,45,20,39,18,,,,
2017-10-12,05:34,7,on/off,on/off,0,19.8,69.0,on,46,20,40,18,,,,
2017-10-12,05:34,4,on/off,on/off,0,19.8,69.0,on,46,20,39,18,,,,
2017-10-12,05:34,2,on/off,on/off,0,19.8,69.0,on,45,20,39,18,,,,
2017-10-12,05:34,1,on/off,on/off,0,19.8,69.0,on,45,20,39,18,,,,
2017-10-12,05:34,8,on/off,on/off,0,19.8,69.0,on,46,20,39,18,,,,
2017-10-12,05:34,4,on/off,on/off,0,19.8,69.2,on,46,20,40,18,,,,
2017-10-12,05:34,3,on/off,on/off,0,19.8,69.2,on,46,20,39,18,,,,
2017-10-12,05:34,4,on/off,on/off,0,19.8,69.2,on,45,20,40,18,,,,
2017-10-12,05:34,6,on/off,on/off,0,19.8,69.2,on,45,20,39,18,,,,
2017-10-12,05:35,6,on/off,on/off,0,19.8,69.2,on,46,20,40,18,,,,
2017-10-12,05:35,2,on/off,on/off,0,19.8,69.2,on,45,20,40,18,,,,
2017-10-12,05:35,4,on/off,on/off,0,19.8,69.2,on,46,20,40,18,,,,
2017-10-12,05:35,5,on/off,on/off,0,19.8,69.2,on,46,20,40,18,,,,
2017-10-12,05:35,5,on/off,on/off,0,19.8,69.1,on,45,20,40,18,,,,
2017-10-12,05:35,5,on/off,on/off,0,19.8,69.1,on,45,20,40,18,,,,
2017-10-12,05:35,9,on/off,on/off,0,19.8,69.1,on,46,20,40,18,,,,
2017-10-12,05:35,5,on/off,on/off,0,19.8,69.1,on,46,20,40,18,,,,
2017-10-12,05:35,4,on/off,on/off,0,19.8,69.1,on,46,20,40,18,,,,
2017-10-12,05:35,6,on/off,on/off,0,19.8,69.1,on,45,20,40,18,,,,
2017-10-12,05:35,5,on/off,on/off,0,19.8,69.1,on,46,20,40,18,,,,
2017-10-12,05:35,7,on/off,on/off,0,19.8,69.1,on,45,20,40,18,,,,
2017-10-12,05:35,5,on/off,on/off,0,19.8,69.1,on,46,20,40,18,,,,
2017-10-12,05:35,6,on/off,on/off,0,19.8,69.1,on,46,20,40,18,,,,
2017-10-12,05:35,6,on/off,on/off,0,19.8,69.1,on,46,20,40,18,,,,
2017-10-12,05:35,3,on/off,on/off,0,19.8,69.1,on,45,20,40,18,,,,
2017-10-12,05:35,3,on/off,on/off,0,19.8,69.1,on,46,20,40,18,,,,
2017-10-12,05:35,7,on/off,on/off,0,19.8,69.1,on,46,20,40,18,,,,
2017-10-12,05:35,5,on/off,on/off,0,19.8,69.1,on,46,20,40,18,,,,
2017-10-12,05:35,5,on/off,on/off,0,19.8,69.1,on,45,20,40,18,,,,
2017-10-12,05:35,8,on/off,on/off,0,19.8,69.2,on,46,20,40,18,,,,
2017-10-12,05:35,6,on/off,on/off,0,19.8,69.2,on,45,20,41,18,,,,
2017-10-12,05:35,6,on/off,on/off,0,19.8,69.2,on,45,20,41,18,,,,
2017-10-12,05:35,5,on/off,on/off,0,19.8,69.2,on,46,20,40,18,,,,
2017-10-12,05:36,5,on/off,on/off,0,19.8,69.2,on,45,20,41,18,,,,
2017-10-12,05:36,6,on/off,on/off,0,19.8,69.2,on,45,20,41,18,,,,
2017-10-12,05:36,7,on/off,on/off,0,19.8,69.2,on,46,20,41,18,,,,
2017-10-12,05:36,5,on/off,on/off,0,19.8,69.2,on,45,20,41,18,,,,
2017-10-12,05:36,6,on/off,on/off,0,19.8,69.2,on,45,20,41,18,,,,
2017-10-12,05:36,7,on/off,on/off,0,19.8,69.2,on,45,20,41,18,,,,
2017-10-12,05:36,6,on/off,on/off,0,19.8,69.2,on,46,20,41,18,,,,
2017-10-12,05:36,5,on/off,on/off,0,19.8,69.2,on,45,20,41,18,,,,
2017-10-12,05:36,5,on/off,on/off,0,19.8,69.2,on,45,20,41,19,,,,
2017-10-12,05:36,0,on/off,on/off,0,19.8,69.2,on,45,20,41,18,,,,
2017-10-12,05:36,5,on/off,on/off,0,19.8,69.2,on,46,20,41,18,,,,
2017-10-12,05:36,7,on/off,on/off,0,19.8,69.2,on,46,20,41,18,,,,
2017-10-12,05:36,7,on/off,on/off,0,19.8,69.2,on,45,20,41,18,,,,
2017-10-12,05:36,2,on/off,on/off,0,19.8,69.2,on,46,20,41,18,,,,
2017-10-12,05:36,6,on/off,on/off,0,19.8,69.2,on,45,20,41,18,,,,
2017-10-12,05:36,6,on/off,on/off,0,19.8,69.2,on,45,20,41,18,,,,
2017-10-12,05:36,7,on/off,on/off,0,19.8,69.1,on,46,20,41,18,,,,
2017-10-12,05:36,5,on/off,on/off,0,19.8,69.1,on,45,20,41,18,,,,
2017-10-12,05:36,6,on/off,on/off,0,19.8,69.1,on,45,20,41,18,,,,
2017-10-12,05:36,7,on/off,on/off,0,19.8,69.1,on,45,20,41,18,,,,
2017-10-12,05:36,7,on/off,on/off,0,19.8,69.1,on,46,20,41,18,,,,
2017-10-12,05:36,3,on/off,on/off,0,19.8,69.1,on,45,20,41,18,,,,
2017-10-12,05:36,14,on/off,on/off,0,19.8,69.1,on,45,20,41,18,,,,
2017-10-12,05:36,4,on/off,on/off,0,19.8,69.1,on,45,20,41,18,,,,
2017-10-12,05:37,7,on/off,on/off,0,19.8,69.1,on,45,20,41,18,,,,
2017-10-12,05:37,2,on/off,on/off,0,19.8,69.1,on,45,20,41,18,,,,
2017-10-12,05:37,6,on/off,on/off,0,19.8,69.1,on,46,20,41,18,,,,
2017-10-12,05:37,6,on/off,on/off,0,19.8,69.1,on,45,20,41,18,,,,
2017-10-12,05:37,11,on/off,on/off,0,19.8,69.0,on,45,20,41,18,,,,
2017-10-12,05:37,7,on/off,on/off,0,19.8,69.0,on,46,20,41,18,,,,
2017-10-12,05:37,7,on/off,on/off,0,19.8,69.0,on,45,20,41,18,,,,
2017-10-12,05:37,6,on/off,on/off,0,19.8,69.0,on,46,20,41,18,,,,
2017-10-12,05:37,5,on/off,on/off,0,19.8,69.0,on,46,20,41,18,,,,
2017-10-12,05:37,6,on/off,on/off,0,19.8,69.0,on,45,20,41,19,,,,
2017-10-12,05:37,7,on/off,on/off,0,19.8,69.0,on,46,20,41,18,,,,
2017-10-12,05:37,13,on/off,on/off,0,19.8,69.0,on,45,20,41,19,,,,
2017-10-12,05:37,6,on/off,on/off,0,19.8,69.0,on,45,20,42,18,,,,
2017-10-12,05:37,8,on/off,on/off,0,19.8,69.0,on,45,20,41,18,,,,
2017-10-12,05:37,7,on/off,on/off,0,19.8,69.0,on,45,20,41,18,,,,
2017-10-12,05:37,7,on/off,on/off,0,19.8,69.0,on,45,20,41,18,,,,
2017-10-12,05:37,4,on/off,on/off,0,19.8,68.9,on,45,20,42,19,,,,
2017-10-12,05:37,2,on/off,on/off,0,19.8,68.9,on,45,20,41,18,,,,
2017-10-12,05:37,7,on/off,on/off,0,19.8,68.9,on,45,20,41,18,,,,
2017-10-12,05:37,7,on/off,on/off,0,19.8,68.9,on,45,20,42,18,,,,
2017-10-12,05:38,8,on/off,on/off,0,19.8,69.0,on,45,20,41,18,,,,
2017-10-12,05:38,8,on/off,on/off,0,19.8,69.0,on,45,20,42,18,,,,
2017-10-12,05:38,3,on/off,on/off,0,19.8,69.0,on,45,20,42,18,,,,
2017-10-12,05:38,6,on/off,on/off,0,19.8,69.0,on,45,20,41,18,,,,
2017-10-12,05:38,8,on/off,on/off,0,19.8,69.1,on,45,20,41,18,,,,
2017-10-12,05:38,11,on/off,on/off,0,19.8,69.1,on,45,20,42,18,,,,
2017-10-12,05:38,7,on/off,on/off,0,19.8,69.1,on,46,20,42,18,,,,
2017-10-12,05:38,0,on/off,on/off,0,19.8,69.1,on,45,20,42,18,,,,
2017-10-12,05:38,5,on/off,on/off,0,19.8,68.9,on,45,20,41,18,,,,
2017-10-12,05:38,8,on/off,on/off,0,19.8,68.9,on,45,20,42,18,,,,
2017-10-12,05:38,7,on/off,on/off,0,19.8,68.9,on,45,20,42,18,,,,
2017-10-12,05:38,7,on/off,on/off,0,19.8,68.9,on,45,20,42,18,,,,
2017-10-12,05:38,5,on/off,on/off,0,19.8,68.9,on,45,20,42,18,,,,
2017-10-12,05:38,8,on/off,on/off,0,19.8,68.9,on,45,20,42,18,,,,
2017-10-12,05:38,11,on/off,on/off,0,19.8,68.9,on,45,20,42,18,,,,
2017-10-12,05:38,13,on/off,on/off,0,19.8,68.9,on,46,20,42,18,,,,
2017-10-12,05:38,1,on/off,on/off,0,19.8,69.0,on,45,20,42,18,,,,
2017-10-12,05:38,8,on/off,on/off,0,19.8,69.0,on,45,20,42,19,,,,
2017-10-12,05:38,7,on/off,on/off,0,19.8,69.0,on,45,20,42,18,,,,
2017-10-12,05:38,11,on/off,on/off,0,19.8,69.0,on,45,20,42,18,,,,
2017-10-12,05:38,9,on/off,on/off,0,19.8,68.9,on,45,20,42,18,,,,
2017-10-12,05:38,5,on/off,on/off,0,19.8,68.9,on,45,20,42,18,,,,
2017-10-12,05:38,9,on/off,on/off,0,19.8,68.9,on,46,20,42,19,,,,
2017-10-12,05:38,7,on/off,on/off,0,19.8,68.9,on,46,20,42,18,,,,
2017-10-12,05:39,9,on/off,on/off,0,19.8,69.0,on,46,20,42,18,,,,
2017-10-12,05:39,8,on/off,on/off,0,19.8,69.0,on,45,20,42,18,,,,
2017-10-12,05:39,7,on/off,on/off,0,19.8,69.0,on,45,20,42,18,,,,
2017-10-12,05:39,10,on/off,on/off,0,19.8,69.0,on,45,20,42,18,,,,
2017-10-12,05:39,8,on/off,on/off,0,19.8,69.1,on,45,20,42,18,,,,
2017-10-12,05:39,13,on/off,on/off,0,19.8,69.1,on,45,20,42,18,,,,
2017-10-12,05:39,7,on/off,on/off,0,19.8,69.1,on,45,20,42,18,,,,
2017-10-12,05:39,9,on/off,on/off,0,19.8,69.1,on,45,20,42,18,,,,
2017-10-12,05:39,8,on/off,on/off,0,19.8,69.0,on,45,20,42,18,,,,
2017-10-12,05:39,9,on/off,on/off,0,19.8,69.0,on,45,20,42,18,,,,
2017-10-12,05:39,8,on/off,on/off,0,19.8,69.0,on,46,20,42,18,,,,
2017-10-12,05:39,9,on/off,on/off,0,19.8,69.0,on,45,20,42,18,,,,
2017-10-12,05:39,7,on/off,on/off,0,19.8,69.0,on,45,20,42,18,,,,
2017-10-12,05:39,8,on/off,on/off,0,19.8,69.0,on,45,20,42,18,,,,
2017-10-12,05:39,8,on/off,on/off,0,19.8,69.0,on,45,20,42,19,,,,
2017-10-12,05:39,12,on/off,on/off,0,19.8,69.0,on,45,20,42,18,,,,
2017-10-12,05:39,9,on/off,on/off,0,19.8,69.0,on,45,20,42,18,,,,
2017-10-12,05:39,3,on/off,on/off,0,19.8,69.0,on,45,20,42,18,,,,
2017-10-12,05:39,8,on/off,on/off,0,19.8,69.0,on,45,20,42,18,,,,
2017-10-12,05:39,9,on/off,on/off,0,19.8,69.0,on,45,20,42,18,,,,
2017-10-12,05:40,2,on/off,on/off,0,19.8,69.1,on,45,20,42,18,,,,
2017-10-12,05:40,8,on/off,on/off,0,19.8,69.1,on,46,20,42,18,,,,
2017-10-12,05:40,6,on/off,on/off,0,19.8,69.1,on,45,20,42,18,,,,
2017-10-12,05:40,14,on/off,on/off,0,19.8,69.1,on,45,20,42,18,,,,
2017-10-12,05:40,7,on/off,on/off,0,19.8,68.9,on,45,20,42,19,,,,
2017-10-12,05:40,10,on/off,on/off,0,19.8,68.9,on,45,20,42,18,,,,
2017-10-12,05:40,9,on/off,on/off,0,19.8,68.9,on,46,20,42,18,,,,
2017-10-12,05:40,6,on/off,on/off,0,19.8,68.9,on,45,20,42,18,,,,
2017-10-12,05:40,9,on/off,on/off,0,19.8,68.9,on,45,20,42,18,,,,
2017-10-12,05:40,9,on/off,on/off,0,19.8,68.9,on,45,20,42,18,,,,
2017-10-12,05:40,12,on/off,on/off,0,19.8,68.9,on,45,20,42,18,,,,
2017-10-12,05:40,9,on/off,on/off,0,19.8,68.9,on,45,20,42,18,,,,
2017-10-12,05:40,4,on/off,on/off,0,19.8,68.9,on,45,20,42,18,,,,
2017-10-12,05:40,10,on/off,on/off,0,19.8,68.9,on,45,20,42,18,,,,
2017-10-12,05:40,9,on/off,on/off,0,19.8,68.9,on,45,20,42,18,,,,
2017-10-12,05:40,11,on/off,on/off,0,19.8,68.9,on,45,20,42,18,,,,
2017-10-12,05:40,14,on/off,on/off,0,19.8,68.9,on,45,20,42,18,,,,
2017-10-12,05:40,11,on/off,on/off,0,19.8,68.9,on,45,20,42,18,,,,
2017-10-12,05:40,9,on/off,on/off,0,19.8,68.9,on,45,20,42,19,,,,
2017-10-12,05:40,10,on/off,on/off,0,19.8,68.9,on,45,20,42,18,,,,
2017-10-12,05:40,8,on/off,on/off,0,19.8,68.9,on,45,20,42,18,,,,
2017-10-12,05:40,13,on/off,on/off,0,19.8,68.9,on,46,20,42,18,,,,
2017-10-12,05:40,9,on/off,on/off,0,19.8,68.9,on,45,20,42,18,,,,
2017-10-12,05:40,10,on/off,on/off,0,19.8,68.9,on,46,20,42,18,,,,
2017-10-12,05:41,11,on/off,on/off,0,19.8,68.9,on,45,20,42,18,,,,
2017-10-12,05:41,6,on/off,on/off,0,19.8,68.9,on,45,20,42,19,,,,
2017-10-12,05:41,8,on/off,on/off,0,19.8,68.9,on,45,20,42,18,,,,
2017-10-12,05:41,10,on/off,on/off,0,19.8,68.9,on,45,20,42,18,,,,
2017-10-12,05:41,10,on/off,on/off,0,19.8,68.9,on,45,20,42,18,,,,
2017-10-12,05:41,11,on/off,on/off,0,19.8,68.9,on,46,20,42,18,,,,
2017-10-12,05:41,9,on/off,on/off,0,19.8,68.9,on,45,20,42,18,,,,
2017-10-12,05:41,10,on/off,on/off,0,19.8,68.9,on,45,20,42,19,,,,
2017-10-12,05:41,9,on/off,on/off,0,19.8,68.9,on,45,20,42,18,,,,
2017-10-12,05:41,6,on/off,on/off,0,19.8,68.9,on,45,20,42,18,,,,
2017-10-12,05:41,16,on/off,on/off,0,19.8,68.9,on,45,20,42,18,,,,
2017-10-12,05:41,8,on/off,on/off,0,19.8,68.9,on,46,20,42,18,,,,
2017-10-12,05:41,18,on/off,on/off,0,19.8,68.9,on,45,20,42,18,,,,
2017-10-12,05:41,10,on/off,on/off,0,19.8,68.9,on,45,20,42,18,,,,
2017-10-12,05:41,10,on/off,on/off,0,19.8,68.9,on,46,20,42,18,,,,
2017-10-12,05:41,11,on/off,on/off,0,19.8,68.9,on,45,20,42,18,,,,
2017-10-12,05:41,10,on/off,on/off,0,19.8,68.9,on,45,20,42,18,,,,
2017-10-12,05:41,13,on/off,on/off,0,19.8,68.9,on,45,20,42,18,,,,
2017-10-12,05:41,12,on/off,on/off,0,19.8,68.9,on,45,20,42,18,,,,
2017-10-12,05:41,4,on/off,on/off,0,19.8,68.9,on,45,20,42,19,,,,
2017-10-12,05:42,12,on/off,on/off,0,19.8,68.9,on,45,20,42,18,,,,
2017-10-12,05:42,11,on/off,on/off,0,19.8,68.9,on,45,20,42,18,,,,
2017-10-12,05:42,12,on/off,on/off,0,19.8,68.9,on,45,20,42,19,,,,
2017-10-12,05:42,10,on/off,on/off,0,19.8,68.9,on,45,20,42,18,,,,
2017-10-12,05:42,11,on/off,on/off,0,19.8,68.8,on,46,20,42,18,,,,
2017-10-12,05:42,10,on/off,on/off,0,19.8,68.8,on,45,20,42,18,,,,
2017-10-12,05:42,6,on/off,on/off,0,19.8,68.8,on,45,20,42,18,,,,
2017-10-12,05:42,11,on/off,on/off,0,19.8,68.8,on,45,20,42,18,,,,
2017-10-12,05:42,14,on/off,on/off,0,19.8,68.9,on,45,20,42,18,,,,
2017-10-12,05:42,15,on/off,on/off,0,19.8,68.9,on,45,20,42,18,,,,
2017-10-12,05:42,11,on/off,on/off,1,19.8,68.9,on,46,20,42,18,,,,
2017-10-12,05:42,12,on/off,on/off,0,19.8,68.9,on,45,20,42,18,,,,
2017-10-12,05:42,11,on/off,on/off,0,19.8,68.9,on,45,20,42,18,,,,
2017-10-12,05:42,11,on/off,on/off,0,19.8,68.9,on,45,20,42,19,,,,
2017-10-12,05:42,12,on/off,on/off,0,19.8,68.9,on,45,20,42,18,,,,
2017-10-12,05:42,14,on/off,on/off,0,19.8,68.9,on,45,20,42,18,,,,
2017-10-12,05:42,16,on/off,on/off,0,19.8,68.9,on,45,20,42,18,,,,
2017-10-12,05:42,12,on/off,on/off,0,19.8,68.9,on,45,20,42,18,,,,
2017-10-12,05:42,12,on/off,on/off,0,19.8,68.9,on,45,20,42,18,,,,
2017-10-12,05:42,8,on/off,on/off,0,19.8,68.9,on,45,20,42,18,,,,
2017-10-12,05:42,9,on/off,on/off,0,19.8,68.9,on,45,20,42,18,,,,
2017-10-12,05:42,7,on/off,on/off,0,19.8,68.9,on,45,20,42,19,,,,
2017-10-12,05:42,12,on/off,on/off,0,19.8,68.9,on,45,20,42,18,,,,
2017-10-12,05:42,14,on/off,on/off,0,19.8,68.9,on,45,20,42,18,,,,
2017-10-12,05:43,12,on/off,on/off,0,19.8,68.9,on,45,20,42,19,,,,
2017-10-12,05:43,12,on/off,on/off,0,19.8,68.9,on,45,20,42,18,,,,
2017-10-12,05:43,9,on/off,on/off,0,19.8,68.9,on,45,20,42,18,,,,
2017-10-12,05:43,12,on/off,on/off,0,19.8,68.9,on,45,20,42,18,,,,
2017-10-12,05:43,13,on/off,on/off,0,19.8,68.9,on,45,20,42,18,,,,
2017-10-12,05:43,10,on/off,on/off,0,19.8,68.9,on,45,20,42,18,,,,
2017-10-12,05:43,17,on/off,on/off,0,19.8,68.9,on,45,20,42,18,,,,
2017-10-12,05:43,15,on/off,on/off,0,19.8,68.9,on,45,20,42,18,,,,
2017-10-12,05:43,17,on/off,on/off,0,19.8,69.0,on,45,20,42,18,,,,
2017-10-12,05:43,12,on/off,on/off,0,19.8,69.0,on,45,20,42,18,,,,
2017-10-12,05:43,15,on/off,on/off,0,19.8,69.0,on,46,20,42,18,,,,
2017-10-12,05:43,13,on/off,on/off,0,19.8,69.0,on,45,20,42,18,,,,
2017-10-12,05:43,13,on/off,on/off,0,19.8,68.9,on,45,20,42,18,,,,
2017-10-12,05:43,11,on/off,on/off,0,19.8,68.9,on,45,20,42,19,,,,
2017-10-12,05:43,12,on/off,on/off,0,19.8,68.9,on,45,20,42,18,,,,
2017-10-12,05:43,12,on/off,on/off,0,19.8,68.9,on,45,20,42,18,,,,
2017-10-12,05:43,13,on/off,on/off,0,19.8,68.9,on,45,20,42,18,,,,
2017-10-12,05:43,16,on/off,on/off,0,19.8,68.9,on,45,20,42,18,,,,
2017-10-12,05:43,15,on/off,on/off,0,19.8,68.9,on,45,20,42,18,,,,
2017-10-12,05:43,7,on/off,on/off,0,19.8,68.9,on,45,20,42,19,,,,
2017-10-12,05:44,16,on/off,on/off,0,19.8,69.0,on,45,20,42,18,,,,
2017-10-12,05:44,19,on/off,on/off,0,19.8,69.0,on,45,20,42,18,,,,
2017-10-12,05:44,9,on/off,on/off,0,19.8,69.0,on,45,20,42,18,,,,
2017-10-12,05:44,12,on/off,on/off,0,19.8,69.0,on,45,20,42,18,,,,
2017-10-12,05:44,7,on/off,on/off,0,19.8,69.0,on,45,20,42,18,,,,
2017-10-12,05:44,14,on/off,on/off,0,19.8,69.0,on,45,20,42,18,,,,
2017-10-12,05:44,17,on/off,on/off,0,19.8,69.0,on,45,20,42,18,,,,
2017-10-12,05:44,13,on/off,on/off,0,19.8,69.0,on,45,20,42,18,,,,
2017-10-12,05:44,13,on/off,on/off,0,19.8,68.9,on,45,20,42,18,,,,
2017-10-12,05:44,16,on/off,on/off,0,19.8,68.9,on,45,20,42,18,,,,
2017-10-12,05:44,11,on/off,on/off,0,19.8,68.9,on,45,20,42,18,,,,
2017-10-12,05:44,15,on/off,on/off,0,19.8,68.9,on,45,20,42,18,,,,
2017-10-12,05:44,14,on/off,on/off,0,19.8,68.9,on,45,20,42,18,,,,
2017-10-12,05:44,12,on/off,on/off,0,19.8,68.9,on,45,20,42,18,,,,
2017-10-12,05:44,15,on/off,on/off,0,19.8,68.9,on,45,20,42,18,,,,
2017-10-12,05:44,14,on/off,on/off,0,19.8,68.9,on,46,20,42,18,,,,
2017-10-12,05:44,14,on/off,on/off,0,19.8,68.9,on,45,20,42,18,,,,
2017-10-12,05:44,15,on/off,on/off,0,19.8,68.9,on,45,20,42,18,,,,
2017-10-12,05:44,16,on/off,on/off,0,19.8,68.9,on,46,20,42,18,,,,
2017-10-12,05:44,10,on/off,on/off,0,19.8,68.9,on,45,20,42,18,,,,
2017-10-12,05:44,15,on/off,on/off,0,19.8,69.0,on,45,20,42,18,,,,
2017-10-12,05:44,13,on/off,on/off,0,19.8,69.0,on,45,20,42,18,,,,
2017-10-12,05:44,14,on/off,on/off,0,19.8,69.0,on,45,20,42,18,,,,
2017-10-12,05:44,19,on/off,on/off,0,19.8,69.0,on,45,20,42,18,,,,
2017-10-12,05:45,15,on/off,on/off,0,19.8,69.0,on,46,20,42,18,,,,
2017-10-12,05:45,9,on/off,on/off,0,19.8,69.0,on,45,20,42,18,,,,
2017-10-12,05:45,13,on/off,on/off,0,19.8,69.0,on,45,20,42,18,,,,
2017-10-12,05:45,14,on/off,on/off,0,19.8,69.0,on,45,20,42,18,,,,
2017-10-12,05:45,12,on/off,on/off,0,19.8,69.0,on,45,20,42,18,,,,
2017-10-12,05:45,15,on/off,on/off,0,19.8,69.0,on,46,20,42,18,,,,
2017-10-12,05:45,12,on/off,on/off,0,19.8,69.0,on,45,20,42,18,,,,
2017-10-12,05:45,12,on/off,on/off,0,19.8,69.0,on,45,20,42,19,,,,
2017-10-12,05:45,16,on/off,on/off,0,19.8,69.0,on,45,20,42,18,,,,
2017-10-12,05:45,15,on/off,on/off,0,19.8,69.0,on,45,20,42,18,,,,
2017-10-12,05:45,12,on/off,on/off,0,19.8,69.0,on,45,20,42,19,,,,
2017-10-12,05:45,15,on/off,on/off,0,19.8,69.0,on,45,20,42,18,,,,
2017-10-12,05:45,16,on/off,on/off,0,19.8,69.0,on,45,20,42,18,,,,
2017-10-12,05:45,18,on/off,on/off,0,19.8,69.0,on,45,20,42,18,,,,
2017-10-12,05:45,16,on/off,on/off,0,19.8,69.0,on,46,20,42,18,,,,
2017-10-12,05:45,9,on/off,on/off,0,19.8,69.0,on,45,20,42,18,,,,
2017-10-12,05:45,11,on/off,on/off,0,19.8,69.0,on,45,20,42,18,,,,
2017-10-12,05:45,16,on/off,on/off,0,19.8,69.0,on,45,20,42,18,,,,
2017-10-12,05:45,14,on/off,on/off,0,19.8,69.0,on,45,20,42,18,,,,
2017-10-12,05:45,20,on/off,on/off,0,19.8,69.0,on,45,20,42,18,,,,
2017-10-12,05:46,18,on/off,on/off,0,19.8,69.0,on,45,20,42,18,,,,
2017-10-12,05:46,16,on/off,on/off,0,19.8,69.0,on,45,20,42,18,,,,
2017-10-12,05:46,11,on/off,on/off,0,19.8,69.0,on,45,20,42,18,,,,
2017-10-12,05:46,19,on/off,on/off,0,19.8,69.0,on,45,20,42,19,,,,
2017-10-12,05:46,18,on/off,on/off,0,19.8,68.9,on,45,20,42,18,,,,
2017-10-12,05:46,20,on/off,on/off,0,19.8,68.9,on,45,20,42,18,,,,
2017-10-12,05:46,17,on/off,on/off,0,19.8,68.9,on,45,20,42,18,,,,
2017-10-12,05:46,17,on/off,on/off,0,19.8,68.9,on,45,20,42,18,,,,
2017-10-12,05:46,17,on/off,on/off,0,19.8,68.9,on,45,20,42,19,,,,
2017-10-12,05:46,16,on/off,on/off,0,19.8,68.9,on,45,20,42,18,,,,
2017-10-12,05:46,19,on/off,on/off,0,19.8,68.9,on,45,20,42,18,,,,
2017-10-12,05:46,17,on/off,on/off,0,19.8,68.9,on,45,20,42,18,,,,
2017-10-12,05:46,18,on/off,on/off,0,19.8,69.1,on,45,20,42,18,,,,
2017-10-12,05:46,18,on/off,on/off,0,19.8,69.1,on,45,20,42,18,,,,
2017-10-12,05:46,16,on/off,on/off,0,19.8,69.1,on,45,20,42,18,,,,
2017-10-12,05:46,15,on/off,on/off,0,19.8,69.1,on,45,20,42,18,,,,
2017-10-12,05:46,20,on/off,on/off,0,19.8,69.1,on,45,20,42,18,,,,
2017-10-12,05:46,18,on/off,on/off,0,19.8,69.1,on,45,20,42,19,,,,
2017-10-12,05:46,20,on/off,on/off,0,19.8,69.1,on,45,20,42,18,,,,
2017-10-12,05:46,17,on/off,on/off,0,19.8,69.1,on,45,20,42,18,,,,
2017-10-12,05:46,17,on/off,on/off,0,19.8,69.1,on,45,20,42,18,,,,
2017-10-12,05:46,17,on/off,on/off,1,19.8,69.1,on,45,20,42,18,,,,
2017-10-12,05:46,19,on/off,on/off,0,19.8,69.1,on,45,20,42,18,,,,
2017-10-12,05:46,21,on/off,on/off,0,19.8,69.1,on,45,20,42,18,,,,
2017-10-12,05:47,20,on/off,on/off,0,19.8,69.0,on,45,20,42,18,,,,
2017-10-12,05:47,23,on/off,on/off,1,19.8,69.0,on,45,20,42,18,,,,
2017-10-12,05:47,19,on/off,on/off,0,19.8,69.0,on,45,20,42,18,,,,
2017-10-12,05:47,18,on/off,on/off,0,19.8,69.0,on,45,20,42,18,,,,
2017-10-12,05:47,19,on/off,on/off,0,19.8,69.0,on,45,20,42,18,,,,
2017-10-12,05:47,18,on/off,on/off,0,19.8,69.0,on,45,20,42,19,,,,
2017-10-12,05:47,23,on/off,on/off,0,19.8,69.0,on,45,20,42,18,,,,
2017-10-12,05:47,13,on/off,on/off,0,19.8,69.0,on,45,20,42,18,,,,
2017-10-12,05:47,18,on/off,on/off,0,19.8,69.0,on,45,20,42,18,,,,
2017-10-12,05:47,22,on/off,on/off,0,19.8,69.0,on,45,20,42,18,,,,
2017-10-12,05:47,18,on/off,on/off,0,19.8,69.0,on,45,20,42,18,,,,
2017-10-12,05:47,19,on/off,on/off,0,19.8,69.0,on,45,20,42,18,,,,
2017-10-12,05:47,11,on/off,on/off,0,19.8,69.1,on,45,20,42,18,,,,
2017-10-12,05:47,19,on/off,on/off,0,19.8,69.1,on,45,20,42,18,,,,
2017-10-12,05:47,18,on/off,on/off,0,19.8,69.1,on,45,20,42,18,,,,
2017-10-12,05:47,24,on/off,on/off,0,19.8,69.1,on,45,20,42,18,,,,
2017-10-12,05:47,20,on/off,on/off,0,19.8,68.9,on,45,20,42,18,,,,
2017-10-12,05:47,24,on/off,on/off,0,19.8,68.9,on,45,20,42,18,,,,
2017-10-12,05:47,19,on/off,on/off,0,19.8,68.9,on,45,20,42,18,,,,
2017-10-12,05:47,18,on/off,on/off,0,19.8,68.9,on,45,20,42,18,,,,
2017-10-12,05:48,20,on/off,on/off,0,19.8,69.0,on,45,20,42,18,,,,
2017-10-12,05:48,19,on/off,on/off,0,19.8,69.0,on,45,20,42,18,,,,
2017-10-12,05:48,21,on/off,on/off,0,19.8,69.0,on,45,20,42,18,,,,
2017-10-12,05:48,16,on/off,on/off,0,19.8,69.0,on,45,20,42,18,,,,
2017-10-12,05:48,19,on/off,on/off,0,19.7,69.0,on,45,20,42,18,,,,
2017-10-12,05:48,19,on/off,on/off,0,19.7,69.0,on,45,20,42,18,,,,
2017-10-12,05:48,21,on/off,on/off,0,19.7,69.0,on,45,20,42,18,,,,
2017-10-12,05:48,20,on/off,on/off,0,19.7,69.0,on,46,20,42,18,,,,
2017-10-12,05:48,17,on/off,on/off,0,19.8,69.0,on,45,20,42,18,,,,
2017-10-12,05:48,20,on/off,on/off,0,19.8,69.0,on,45,20,42,18,,,,
2017-10-12,05:48,20,on/off,on/off,0,19.8,69.0,on,45,20,42,18,,,,
2017-10-12,05:48,19,on/off,on/off,1,19.8,69.0,on,45,20,42,18,,,,
2017-10-12,05:48,21,on/off,on/off,0,19.8,69.0,on,45,20,42,18,,,,
2017-10-12,05:48,20,on/off,on/off,0,19.8,69.0,on,45,20,42,18,,,,
2017-10-12,05:48,19,on/off,on/off,0,19.8,69.0,on,45,20,42,18,,,,
2017-10-12,05:48,19,on/off,on/off,0,19.8,69.0,on,45,20,42,18,,,,
2017-10-12,05:48,24,on/off,on/off,0,19.7,68.9,on,45,20,42,18,,,,
2017-10-12,05:48,20,on/off,on/off,0,19.7,68.9,on,45,20,42,18,,,,
2017-10-12,05:48,20,on/off,on/off,0,19.7,68.9,on,45,20,42,18,,,,
2017-10-12,05:48,20,on/off,on/off,0,19.7,68.9,on,45,20,42,18,,,,
2017-10-12,05:48,20,on/off,on/off,0,19.7,69.0,on,45,20,42,18,,,,
2017-10-12,05:48,20,on/off,on/off,0,19.7,69.0,on,45,20,42,18,,,,
2017-10-12,05:48,24,on/off,on/off,0,19.7,69.0,on,45,20,42,18,,,,
2017-10-12,05:48,21,on/off,on/off,0,19.7,69.0,on,45,20,42,18,,,,
2017-10-12,05:49,21,on/off,on/off,0,19.8,68.9,on,45,20,42,18,,,,
2017-10-12,05:49,21,on/off,on/off,0,19.8,68.9,on,45,20,42,18,,,,
2017-10-12,05:49,19,on/off,on/off,0,19.8,68.9,on,45,20,42,19,,,,
2017-10-12,05:49,21,on/off,on/off,0,19.8,68.9,on,45,20,42,18,,,,
2017-10-12,05:49,21,on/off,on/off,0,19.8,68.9,on,45,20,42,18,,,,
2017-10-12,05:49,18,on/off,on/off,0,19.8,68.9,on,46,20,42,18,,,,
2017-10-12,05:49,17,on/off,on/off,0,19.8,68.9,on,45,20,42,18,,,,
2017-10-12,05:49,21,on/off,on/off,0,19.8,68.9,on,45,20,42,18,,,,
2017-10-12,05:49,18,on/off,on/off,0,19.7,68.9,on,45,20,42,18,,,,
2017-10-12,05:49,21,on/off,on/off,0,19.7,68.9,on,45,20,42,18,,,,
2017-10-12,05:49,26,on/off,on/off,0,19.7,68.9,on,45,20,42,18,,,,
2017-10-12,05:49,21,on/off,on/off,0,19.7,68.9,on,45,20,42,18,,,,
2017-10-12,05:49,22,on/off,on/off,0,19.7,69.0,on,45,20,42,19,,,,
2017-10-12,05:49,21,on/off,on/off,0,19.7,69.0,on,45,20,42,18,,,,
2017-10-12,05:49,28,on/off,on/off,0,19.7,69.0,on,45,20,42,18,,,,
2017-10-12,05:49,21,on/off,on/off,0,19.7,69.0,on,45,20,42,18,,,,
2017-10-12,05:49,15,on/off,on/off,0,19.8,69.1,on,45,20,42,18,,,,
2017-10-12,05:49,22,on/off,on/off,0,19.8,69.1,on,45,20,42,18,,,,
2017-10-12,05:49,21,on/off,on/off,0,19.8,69.1,on,45,20,42,18,,,,
2017-10-12,05:49,27,on/off,on/off,0,19.8,69.1,on,45,20,42,18,,,,
2017-10-12,05:49,21,on/off,on/off,0,19.7,69.0,on,45,20,42,18,,,,
2017-10-12,05:49,27,on/off,on/off,0,19.7,69.0,on,45,20,42,18,,,,
2017-10-12,05:49,22,on/off,on/off,0,19.7,69.0,on,45,20,42,18,,,,
2017-10-12,05:49,17,on/off,on/off,0,19.7,69.0,on,45,20,42,18,,,,
2017-10-12,05:50,18,on/off,on/off,0,19.8,68.9,on,45,20,42,18,,,,
2017-10-12,05:50,22,on/off,on/off,0,19.8,68.9,on,45,20,42,19,,,,
2017-10-12,05:50,28,on/off,on/off,0,19.8,68.9,on,45,20,42,18,,,,
2017-10-12,05:50,23,on/off,on/off,0,19.8,68.9,on,45,20,42,18,,,,
2017-10-12,05:50,23,on/off,on/off,0,19.7,68.9,on,45,20,42,18,,,,
2017-10-12,05:50,24,on/off,on/off,0,19.7,68.9,on,45,20,42,18,,,,
2017-10-12,05:50,24,on/off,on/off,0,19.7,68.9,on,45,20,42,18,,,,
2017-10-12,05:50,24,on/off,on/off,0,19.7,68.9,on,45,20,42,18,,,,
2017-10-12,05:50,22,on/off,on/off,0,19.7,68.9,on,45,20,42,18,,,,
2017-10-12,05:50,19,on/off,on/off,0,19.7,68.9,on,45,20,42,18,,,,
2017-10-12,05:50,20,on/off,on/off,0,19.7,68.9,on,45,20,42,18,,,,
2017-10-12,05:50,30,on/off,on/off,0,19.7,68.9,on,45,20,42,18,,,,
2017-10-12,05:50,24,on/off,on/off,0,19.7,68.9,on,45,20,42,18,,,,
2017-10-12,05:50,23,on/off,on/off,0,19.7,68.9,on,45,20,42,18,,,,
2017-10-12,05:50,24,on/off,on/off,0,19.7,68.9,on,45,20,42,18,,,,
2017-10-12,05:50,23,on/off,on/off,0,19.7,68.9,on,45,20,42,18,,,,
2017-10-12,05:50,23,on/off,on/off,0,19.8,68.8,on,45,20,42,18,,,,
2017-10-12,05:50,23,on/off,on/off,0,19.8,68.8,on,45,20,42,18,,,,
2017-10-12,05:50,24,on/off,on/off,0,19.8,68.8,on,45,20,42,19,,,,
2017-10-12,05:50,24,on/off,on/off,0,19.8,68.8,on,45,20,42,18,,,,
2017-10-12,05:51,23,on/off,on/off,0,19.7,68.7,on,45,20,42,18,,,,
2017-10-12,05:51,24,on/off,on/off,0,19.7,68.7,on,45,20,41,18,,,,
2017-10-12,05:51,17,on/off,on/off,0,19.7,68.7,on,45,20,42,18,,,,
2017-10-12,05:51,24,on/off,on/off,0,19.7,68.7,on,45,20,42,19,,,,
2017-10-12,05:51,25,on/off,on/off,0,19.7,68.8,on,45,20,42,18,,,,
2017-10-12,05:51,25,on/off,on/off,0,19.7,68.8,on,45,20,42,18,,,,
2017-10-12,05:51,23,on/off,on/off,0,19.7,68.8,on,45,20,42,18,,,,
2017-10-12,05:51,24,on/off,on/off,0,19.7,68.8,on,45,20,42,18,,,,
2017-10-12,05:51,21,on/off,on/off,0,19.8,68.8,on,45,20,42,18,,,,
2017-10-12,05:51,23,on/off,on/off,0,19.8,68.8,on,45,20,42,18,,,,
2017-10-12,05:51,25,on/off,on/off,0,19.8,68.8,on,45,20,42,18,,,,
2017-10-12,05:51,31,on/off,on/off,0,19.8,68.8,on,45,20,42,18,,,,
2017-10-12,05:51,26,on/off,on/off,0,19.7,68.7,on,45,20,42,18,,,,
2017-10-12,05:51,26,on/off,on/off,0,19.7,68.7,on,45,20,42,18,,,,
2017-10-12,05:51,26,on/off,on/off,0,19.7,68.7,on,45,20,42,18,,,,
2017-10-12,05:51,26,on/off,on/off,0,19.7,68.7,on,45,20,42,18,,,,
2017-10-12,05:51,26,on/off,on/off,0,19.7,68.8,on,45,20,42,18,,,,
2017-10-12,05:51,24,on/off,on/off,0,19.7,68.8,on,45,20,42,18,,,,
2017-10-12,05:51,27,on/off,on/off,0,19.7,68.8,on,45,20,42,18,,,,
2017-10-12,05:51,25,on/off,on/off,0,19.7,68.8,on,45,20,42,18,,,,
2017-10-12,05:51,26,on/off,on/off,0,19.7,68.8,on,45,20,42,18,,,,
2017-10-12,05:51,26,on/off,on/off,0,19.7,68.8,on,45,20,42,18,,,,
2017-10-12,05:51,33,on/off,on/off,0,19.7,68.8,on,45,20,42,18,,,,
2017-10-12,05:51,21,on/off,on/off,0,19.7,68.8,on,45,20,42,18,,,,
2017-10-12,05:52,30,on/off,on/off,0,19.8,68.9,on,45,20,42,18,,,,
2017-10-12,05:52,24,on/off,on/off,0,19.8,68.9,on,45,20,42,18,,,,
2017-10-12,05:52,27,on/off,on/off,0,19.8,68.9,on,45,20,42,18,,,,
2017-10-12,05:52,25,on/off,on/off,0,19.8,68.9,on,45,20,42,18,,,,
2017-10-12,05:52,20,on/off,on/off,0,19.7,68.8,on,45,20,42,18,,,,
2017-10-12,05:52,27,on/off,on/off,0,19.7,68.8,on,45,20,42,18,,,,
2017-10-12,05:52,27,on/off,on/off,0,19.7,68.8,on,45,20,42,18,,,,
2017-10-12,05:52,27,on/off,on/off,0,19.7,68.8,on,45,20,42,18,,,,
2017-10-12,05:52,23,on/off,on/off,0,19.7,68.9,on,45,20,42,18,,,,
2017-10-12,05:52,30,on/off,on/off,0,19.7,68.9,on,45,20,42,18,,,,
2017-10-12,05:52,27,on/off,on/off,0,19.7,68.9,on,45,20,42,18,,,,
2017-10-12,05:52,30,on/off,on/off,0,19.7,68.9,on,45,20,42,18,,,,
2017-10-12,05:52,27,on/off,on/off,0,19.8,68.9,on,45,20,42,18,,,,
2017-10-12,05:52,23,on/off,on/off,0,19.8,68.9,on,45,20,42,18,,,,
2017-10-12,05:52,28,on/off,on/off,0,19.8,68.9,on,45,20,42,18,,,,
2017-10-12,05:52,27,on/off,on/off,0,19.8,68.9,on,45,20,42,18,,,,
2017-10-12,05:52,28,on/off,on/off,0,19.8,68.9,on,45,20,42,18,,,,
2017-10-12,05:52,25,on/off,on/off,0,19.8,68.9,on,45,20,42,19,,,,
2017-10-12,05:52,28,on/off,on/off,0,19.8,68.9,on,45,20,42,18,,,,
2017-10-12,05:52,32,on/off,on/off,0,19.8,68.9,on,45,20,42,18,,,,
2017-10-12,05:53,27,on/off,on/off,0,19.8,68.8,on,45,20,42,18,,,,
2017-10-12,05:53,28,on/off,on/off,0,19.8,68.8,on,45,20,42,18,,,,
2017-10-12,05:53,27,on/off,on/off,0,19.8,68.8,on,45,20,42,18,,,,
2017-10-12,05:53,29,on/off,on/off,0,19.8,68.8,on,45,20,42,18,,,,
2017-10-12,05:53,25,on/off,on/off,0,19.8,68.8,on,45,20,42,18,,,,
2017-10-12,05:53,34,on/off,on/off,0,19.8,68.8,on,45,20,42,18,,,,
2017-10-12,05:53,28,on/off,on/off,0,19.8,68.8,on,45,20,42,18,,,,
2017-10-12,05:53,29,on/off,on/off,0,19.8,68.8,on,45,20,42,18,,,,
2017-10-12,05:53,29,on/off,on/off,0,19.7,68.9,on,45,20,42,18,,,,
2017-10-12,05:53,31,on/off,on/off,0,19.7,68.9,on,45,20,42,18,,,,
2017-10-12,05:53,29,on/off,on/off,0,19.7,68.9,on,45,20,42,18,,,,
2017-10-12,05:53,26,on/off,on/off,0,19.7,68.9,on,45,20,42,18,,,,
2017-10-12,05:53,29,on/off,on/off,0,19.7,68.9,on,45,20,42,18,,,,
2017-10-12,05:53,28,on/off,on/off,0,19.7,68.9,on,45,20,42,18,,,,
2017-10-12,05:53,26,on/off,on/off,0,19.7,68.9,on,45,20,42,18,,,,
2017-10-12,05:53,31,on/off,on/off,0,19.7,68.9,on,45,20,42,18,,,,
2017-10-12,05:53,30,on/off,on/off,0,19.8,69.0,on,45,20,42,18,,,,
2017-10-12,05:53,34,on/off,on/off,0,19.8,69.0,on,45,20,42,18,,,,
2017-10-12,05:53,28,on/off,on/off,0,19.8,69.0,on,45,20,42,18,,,,
2017-10-12,05:53,29,on/off,on/off,0,19.8,69.0,on,45,20,42,18,,,,
2017-10-12,05:53,28,on/off,on/off,0,19.8,68.9,on,45,20,42,18,,,,
2017-10-12,05:53,29,on/off,on/off,0,19.8,68.9,on,45,20,42,18,,,,
2017-10-12,05:53,24,on/off,on/off,0,19.8,68.9,on,45,20,42,18,,,,
2017-10-12,05:53,29,on/off,on/off,0,19.8,68.9,on,45,20,42,18,,,,
2017-10-12,05:54,25,on/off,on/off,0,19.7,68.9,on,45,20,42,18,,,,
2017-10-12,05:54,30,on/off,on/off,0,19.7,68.9,on,45,20,42,18,,,,
2017-10-12,05:54,29,on/off,on/off,0,19.7,68.9,on,45,20,42,18,,,,
2017-10-12,05:54,29,on/off,on/off,0,19.7,68.9,on,45,20,42,18,,,,
2017-10-12,05:54,31,on/off,on/off,0,19.7,68.9,on,45,20,42,18,,,,
2017-10-12,05:54,28,on/off,on/off,0,19.7,68.9,on,45,20,42,18,,,,
2017-10-12,05:54,30,on/off,on/off,0,19.7,68.9,on,45,20,42,18,,,,
2017-10-12,05:54,30,on/off,on/off,0,19.7,68.9,on,45,20,42,19,,,,
2017-10-12,05:54,30,on/off,on/off,0,19.8,68.9,on,45,21,42,18,,,,
2017-10-12,05:54,36,on/off,on/off,0,19.8,68.9,on,45,20,42,18,,,,
2017-10-12,05:54,32,on/off,on/off,0,19.8,68.9,on,45,20,42,18,,,,
2017-10-12,05:54,31,on/off,on/off,0,19.8,68.9,on,45,20,42,18,,,,
2017-10-12,05:54,30,on/off,on/off,0,19.8,68.8,on,45,20,42,18,,,,
2017-10-12,05:54,32,on/off,on/off,0,19.8,68.8,on,45,20,42,18,,,,
2017-10-12,05:54,25,on/off,on/off,0,19.8,68.8,on,45,20,42,18,,,,
2017-10-12,05:54,30,on/off,on/off,0,19.8,68.8,on,45,20,42,18,,,,
2017-10-12,05:54,32,on/off,on/off,0,19.7,68.9,on,45,20,42,18,,,,
2017-10-12,05:54,35,on/off,on/off,0,19.7,68.9,on,45,21,42,18,,,,
2017-10-12,05:54,31,on/off,on/off,0,19.7,68.9,on,45,20,42,18,,,,
2017-10-12,05:54,31,on/off,on/off,0,19.7,68.9,on,45,20,42,18,,,,
2017-10-12,05:55,32,on/off,on/off,0,19.8,68.9,on,45,20,42,18,,,,
2017-10-12,05:55,23,on/off,on/off,0,19.8,68.9,on,45,20,42,19,,,,
2017-10-12,05:55,27,on/off,on/off,0,19.8,68.9,on,45,20,42,18,,,,
2017-10-12,05:55,30,on/off,on/off,0,19.8,68.9,on,45,20,42,18,,,,
2017-10-12,05:55,30,on/off,on/off,0,19.8,68.9,on,45,21,42,18,,,,
2017-10-12,05:55,29,on/off,on/off,0,19.8,68.9,on,45,20,42,18,,,,
2017-10-12,05:55,31,on/off,on/off,0,19.8,68.9,on,45,20,42,18,,,,
2017-10-12,05:55,31,on/off,on/off,0,19.8,68.9,on,45,20,42,18,,,,
2017-10-12,05:55,31,on/off,on/off,0,19.8,68.8,on,45,20,42,18,,,,
2017-10-12,05:55,32,on/off,on/off,0,19.8,68.8,on,45,20,42,18,,,,
2017-10-12,05:55,28,on/off,on/off,0,19.8,68.8,on,45,20,42,18,,,,
2017-10-12,05:55,31,on/off,on/off,0,19.8,68.8,on,45,20,42,18,,,,
2017-10-12,05:55,28,on/off,on/off,0,19.7,68.8,on,45,20,42,18,,,,
2017-10-12,05:55,26,on/off,on/off,0,19.7,68.8,on,45,20,42,18,,,,
2017-10-12,05:55,32,on/off,on/off,0,19.7,68.8,on,45,20,42,18,,,,
2017-10-12,05:55,32,on/off,on/off,0,19.7,68.8,on,45,20,42,18,,,,
2017-10-12,05:55,29,on/off,on/off,0,19.8,68.9,on,45,20,42,18,,,,
2017-10-12,05:55,32,on/off,on/off,0,19.8,68.9,on,45,20,42,18,,,,
2017-10-12,05:55,31,on/off,on/off,0,19.8,68.9,on,45,20,42,18,,,,
2017-10-12,05:55,38,on/off,on/off,0,19.8,68.9,on,45,20,42,18,,,,
2017-10-12,05:55,30,on/off,on/off,0,19.8,68.9,on,45,20,42,18,,,,
2017-10-12,05:55,39,on/off,on/off,0,19.8,68.9,on,45,20,42,18,,,,
2017-10-12,05:55,32,on/off,on/off,0,19.8,68.9,on,45,20,42,18,,,,
2017-10-12,05:55,32,on/off,on/off,0,19.8,68.9,on,45,20,41,18,,,,
2017-10-12,05:56,37,on/off,on/off,0,19.8,68.9,on,45,20,42,18,,,,
2017-10-12,05:56,28,on/off,on/off,0,19.8,68.9,on,45,20,42,18,,,,
2017-10-12,05:56,33,on/off,on/off,0,19.8,68.9,on,45,20,41,18,,,,
2017-10-12,05:56,30,on/off,on/off,0,19.8,68.9,on,45,20,42,18,,,,
2017-10-12,05:56,32,on/off,on/off,0,19.8,68.9,on,45,20,42,18,,,,
2017-10-12,05:56,29,on/off,on/off,0,19.8,68.9,on,45,20,42,19,,,,
2017-10-12,05:56,33,on/off,on/off,0,19.8,68.9,on,45,20,42,18,,,,
2017-10-12,05:56,35,on/off,on/off,0,19.8,68.9,on,45,20,42,18,,,,
2017-10-12,05:56,39,on/off,on/off,0,19.8,68.9,on,45,20,42,18,,,,
2017-10-12,05:56,30,on/off,on/off,0,19.8,68.9,on,45,20,42,18,,,,
2017-10-12,05:56,33,on/off,on/off,0,19.8,68.9,on,45,20,42,18,,,,
2017-10-12,05:56,31,on/off,on/off,0,19.8,68.9,on,45,20,42,18,,,,
2017-10-12,05:56,34,on/off,on/off,0,19.7,68.8,on,45,20,42,18,,,,
2017-10-12,05:56,33,on/off,on/off,0,19.7,68.8,on,45,20,42,18,,,,
2017-10-12,05:56,32,on/off,on/off,0,19.7,68.8,on,45,20,42,18,,,,
2017-10-12,05:56,33,on/off,on/off,0,19.7,68.8,on,45,20,42,18,,,,
2017-10-12,05:56,35,on/off,on/off,0,19.8,68.8,on,45,20,42,18,,,,
2017-10-12,05:56,33,on/off,on/off,0,19.8,68.8,on,45,20,42,18,,,,
2017-10-12,05:56,34,on/off,on/off,0,19.8,68.8,on,45,20,42,18,,,,
2017-10-12,05:56,34,on/off,on/off,0,19.8,68.8,on,45,20,42,18,,,,
2017-10-12,05:57,34,on/off,on/off,0,19.7,68.9,on,45,20,42,18,,,,
2017-10-12,05:57,34,on/off,on/off,0,19.7,68.9,on,45,20,41,18,,,,
2017-10-12,05:57,37,on/off,on/off,0,19.7,68.9,on,45,20,41,18,,,,
2017-10-12,05:57,35,on/off,on/off,0,19.7,68.9,on,45,20,41,18,,,,
2017-10-12,05:57,33,on/off,on/off,0,19.8,68.8,on,45,20,42,19,,,,
2017-10-12,05:57,42,on/off,on/off,0,19.8,68.8,on,45,20,42,18,,,,
2017-10-12,05:57,35,on/off,on/off,0,19.8,68.8,on,45,20,42,18,,,,
2017-10-12,05:57,34,on/off,on/off,0,19.8,68.8,on,45,20,41,18,,,,
2017-10-12,05:57,35,on/off,on/off,0,19.8,68.8,on,45,20,42,18,,,,
2017-10-12,05:57,35,on/off,on/off,1,19.8,68.8,on,45,20,42,18,,,,
2017-10-12,05:57,38,on/off,on/off,0,19.8,68.8,on,45,20,41,18,,,,
2017-10-12,05:57,36,on/off,on/off,0,19.8,68.8,on,45,20,42,18,,,,
2017-10-12,05:57,37,on/off,on/off,0,19.8,68.9,on,45,20,41,18,,,,
2017-10-12,05:57,36,on/off,on/off,0,19.8,68.9,on,45,20,42,18,,,,
2017-10-12,05:57,34,on/off,on/off,0,19.8,68.9,on,45,20,42,18,,,,
2017-10-12,05:57,36,on/off,on/off,0,19.8,68.9,on,45,20,42,18,,,,
2017-10-12,05:57,36,on/off,on/off,0,19.7,68.8,on,45,20,42,18,,,,
2017-10-12,05:57,37,on/off,on/off,0,19.7,68.8,on,45,20,42,18,,,,
2017-10-12,05:57,36,on/off,on/off,0,19.7,68.8,on,45,20,42,19,,,,
2017-10-12,05:57,37,on/off,on/off,0,19.7,68.8,on,45,20,42,18,,,,
2017-10-12,05:57,35,on/off,on/off,0,19.7,68.8,on,45,20,42,19,,,,
2017-10-12,05:57,37,on/off,on/off,0,19.7,68.8,on,45,20,42,18,,,,
2017-10-12,05:57,38,on/off,on/off,0,19.7,68.8,on,45,20,42,18,,,,
2017-10-12,05:57,38,on/off,on/off,0,19.7,68.8,on,45,20,41,18,,,,
2017-10-12,05:58,39,on/off,on/off,0,19.7,68.8,on,45,20,42,19,,,,
2017-10-12,05:58,38,on/off,on/off,0,19.7,68.8,on,45,20,41,18,,,,
2017-10-12,05:58,40,on/off,on/off,0,19.7,68.8,on,45,20,41,18,,,,
2017-10-12,05:58,37,on/off,on/off,0,19.7,68.8,on,45,20,42,18,,,,
2017-10-12,05:58,39,on/off,on/off,0,19.7,68.8,on,45,20,41,18,,,,
2017-10-12,05:58,43,on/off,on/off,0,19.7,68.8,on,45,20,42,18,,,,
2017-10-12,05:58,43,on/off,on/off,0,19.7,68.8,on,45,20,41,18,,,,
2017-10-12,05:58,31,on/off,on/off,0,19.7,68.8,on,45,20,42,19,,,,
2017-10-12,05:58,41,on/off,on/off,0,19.7,68.8,on,45,20,42,18,,,,
2017-10-12,05:58,38,on/off,on/off,0,19.7,68.8,on,45,20,42,18,,,,
2017-10-12,05:58,41,on/off,on/off,0,19.7,68.8,on,45,20,42,18,,,,
2017-10-12,05:58,42,on/off,on/off,0,19.7,68.8,on,45,20,41,18,,,,
2017-10-12,05:58,40,on/off,on/off,0,19.7,68.9,on,45,20,42,18,,,,
2017-10-12,05:58,37,on/off,on/off,0,19.7,68.9,on,45,20,42,18,,,,
2017-10-12,05:58,40,on/off,on/off,0,19.7,68.9,on,45,20,42,18,,,,
2017-10-12,05:58,39,on/off,on/off,1,19.7,68.9,on,45,20,42,18,,,,
2017-10-12,05:58,43,on/off,on/off,0,19.7,68.9,on,45,20,41,18,,,,
2017-10-12,05:58,40,on/off,on/off,0,19.7,68.9,on,45,20,41,18,,,,
2017-10-12,05:58,39,on/off,on/off,0,19.7,68.9,on,45,20,42,18,,,,
2017-10-12,05:58,38,on/off,on/off,0,19.7,68.9,on,45,20,42,18,,,,
2017-10-12,05:59,41,on/off,on/off,0,19.7,68.9,on,45,20,41,18,,,,
2017-10-12,05:59,38,on/off,on/off,0,19.7,68.9,on,45,20,42,19,,,,
2017-10-12,05:59,42,on/off,on/off,0,19.7,68.9,on,45,20,41,18,,,,
2017-10-12,05:59,41,on/off,on/off,0,19.7,68.9,on,45,20,42,18,,,,
2017-10-12,05:59,41,on/off,on/off,0,19.7,68.9,on,45,20,42,18,,,,
2017-10-12,05:59,41,on/off,on/off,0,19.7,68.9,on,45,20,42,18,,,,
2017-10-12,05:59,41,on/off,on/off,0,19.7,68.9,on,45,20,42,18,,,,
2017-10-12,05:59,41,on/off,on/off,0,19.7,68.9,on,45,20,41,18,,,,
2017-10-12,05:59,42,on/off,on/off,0,19.7,68.9,on,45,20,42,18,,,,
2017-10-12,05:59,42,on/off,on/off,0,19.7,68.9,on,45,20,42,18,,,,
2017-10-12,05:59,42,on/off,on/off,0,19.7,68.9,on,45,20,41,18,,,,
2017-10-12,05:59,41,on/off,on/off,0,19.7,68.9,on,45,20,41,18,,,,
2017-10-12,05:59,42,on/off,on/off,0,19.7,68.9,on,45,20,42,18,,,,
2017-10-12,05:59,41,on/off,on/off,0,19.7,68.9,on,45,20,42,18,,,,
2017-10-12,05:59,42,on/off,on/off,0,19.7,68.9,on,45,20,42,18,,,,
2017-10-12,05:59,42,on/off,on/off,0,19.7,68.9,on,45,20,41,18,,,,
2017-10-12,05:59,42,on/off,on/off,0,19.7,68.8,on,45,20,41,18,,,,
2017-10-12,05:59,41,on/off,on/off,0,19.7,68.8,on,45,20,42,18,,,,
2017-10-12,05:59,42,on/off,on/off,0,19.7,68.8,on,45,20,41,18,,,,
2017-10-12,05:59,40,on/off,on/off,0,19.7,68.8,on,45,20,42,18,,,,
2017-10-12,05:59,314,on/off,on/off,402,19.7,68.8,on,45,20,42,18,,,,
2017-10-12,05:59,316,on/off,on/off,402,19.7,68.8,on,45,20,41,18,,,,
2017-10-12,05:59,314,on/off,on/off,403,19.7,68.8,on,45,20,42,19,,,,
2017-10-12,05:59,315,on/off,on/off,402,19.7,68.8,on,45,20,42,18,,,,
2017-10-12,06:00,315,on/off,on/off,406,19.8,68.8,on,45,20,42,18,,,,
2017-10-12,06:00,316,on/off,on/off,405,19.8,68.8,on,45,20,41,18,,,,
2017-10-12,06:00,313,on/off,on/off,405,19.8,68.8,on,45,20,41,19,,,,
2017-10-12,06:00,315,on/off,on/off,407,19.8,68.8,on,45,20,42,18,,,,
2017-10-12,06:00,312,on/off,on/off,407,19.7,68.8,on,45,20,42,18,,,,
2017-10-12,06:00,315,on/off,on/off,407,19.7,68.8,on,45,20,41,18,,,,
2017-10-12,06:00,312,on/off,on/off,407,19.7,68.8,on,45,20,42,18,,,,
2017-10-12,06:00,315,on/off,on/off,406,19.7,68.8,on,45,20,42,18,,,,
2017-10-12,06:00,315,on/off,on/off,407,19.8,68.5,on,45,20,41,18,,,,
2017-10-12,06:00,318,on/off,on/off,407,19.8,68.5,on,45,20,41,18,,,,
2017-10-12,06:00,315,on/off,on/off,406,19.8,68.5,on,45,20,42,18,,,,
2017-10-12,06:00,310,on/off,on/off,405,19.8,68.5,on,45,20,41,18,,,,
2017-10-12,06:00,303,on/off,on/off,406,19.8,68.6,on,45,20,42,18,,,,
2017-10-12,06:00,308,on/off,on/off,405,19.8,68.6,on,45,20,42,18,,,,
2017-10-12,06:00,306,on/off,on/off,405,19.8,68.6,on,45,20,42,18,,,,
2017-10-12,06:00,304,on/off,on/off,405,19.8,68.6,on,45,20,41,18,,,,
2017-10-12,06:00,305,on/off,on/off,405,19.8,68.8,on,45,20,41,18,,,,
2017-10-12,06:00,306,on/off,on/off,405,19.8,68.8,on,45,21,42,18,,,,
2017-10-12,06:00,308,on/off,on/off,404,19.8,68.8,on,45,20,42,18,,,,
2017-10-12,06:00,300,on/off,on/off,405,19.8,68.8,on,45,20,41,18,,,,
2017-10-12,06:01,303,on/off,on/off,404,19.8,68.6,on,45,20,42,18,,,,
2017-10-12,06:01,304,on/off,on/off,404,19.8,68.6,on,45,20,41,18,,,,
2017-10-12,06:01,307,on/off,on/off,404,19.8,68.6,on,45,20,41,18,,,,
2017-10-12,06:01,304,on/off,on/off,404,19.8,68.6,on,45,20,41,18,,,,
2017-10-12,06:01,304,on/off,on/off,401,19.9,68.5,on,45,20,41,18,,,,
2017-10-12,06:01,304,on/off,on/off,402,19.9,68.5,on,45,20,41,19,,,,
2017-10-12,06:01,307,on/off,on/off,403,19.9,68.5,on,45,20,42,18,,,,
2017-10-12,06:01,304,on/off,on/off,403,19.9,68.5,on,45,20,42,18,,,,
2017-10-12,06:01,304,on/off,on/off,403,19.9,68.3,on,45,20,42,18,,,,
2017-10-12,06:01,308,on/off,on/off,403,19.9,68.3,on,45,20,41,18,,,,
2017-10-12,06:01,305,on/off,on/off,404,19.9,68.3,on,45,20,41,18,,,,
2017-10-12,06:01,303,on/off,on/off,403,19.9,68.3,on,45,20,41,18,,,,
2017-10-12,06:01,303,on/off,on/off,402,19.9,68.2,on,45,20,42,19,,,,
2017-10-12,06:01,305,on/off,on/off,403,19.9,68.2,on,45,20,41,18,,,,
2017-10-12,06:01,302,on/off,on/off,401,19.9,68.2,on,45,20,41,18,,,,
2017-10-12,06:01,304,on/off,on/off,402,19.9,68.2,on,45,20,42,18,,,,
2017-10-12,06:01,306,on/off,on/off,402,19.9,68.2,on,45,20,41,18,,,,
2017-10-12,06:01,304,on/off,on/off,403,19.9,68.2,on,45,20,41,18,,,,
2017-10-12,06:01,304,on/off,on/off,402,19.9,68.2,on,45,20,41,18,,,,
2017-10-12,06:01,305,on/off,on/off,403,19.9,68.2,on,45,20,41,18,,,,
2017-10-12,06:01,304,on/off,on/off,401,19.9,68.2,on,45,20,42,18,,,,
2017-10-12,06:01,309,on/off,on/off,403,19.9,68.2,on,45,20,41,18,,,,
2017-10-12,06:01,307,on/off,on/off,402,19.9,68.2,on,45,21,42,18,,,,
2017-10-12,06:01,305,on/off,on/off,402,19.9,68.2,on,45,20,41,18,,,,
2017-10-12,06:02,305,on/off,on/off,400,19.9,68.1,on,45,20,41,18,,,,
2017-10-12,06:02,305,on/off,on/off,401,19.9,68.1,on,45,20,42,18,,,,
2017-10-12,06:02,305,on/off,on/off,402,19.9,68.1,on,45,20,41,18,,,,
2017-10-12,06:02,308,on/off,on/off,402,19.9,68.1,on,45,20,42,18,,,,
2017-10-12,06:02,310,on/off,on/off,400,19.9,68.1,on,45,20,41,18,,,,
2017-10-12,06:02,304,on/off,on/off,399,19.9,68.1,on,45,20,42,18,,,,
2017-10-12,06:02,306,on/off,on/off,402,19.9,68.1,on,45,20,41,18,,,,
2017-10-12,06:02,305,on/off,on/off,401,19.9,68.1,on,45,20,41,18,,,,
2017-10-12,06:02,305,on/off,on/off,401,19.9,68.1,on,45,20,42,19,,,,
2017-10-12,06:02,305,on/off,on/off,401,19.9,68.1,on,45,20,42,18,,,,
2017-10-12,06:02,307,on/off,on/off,401,19.9,68.1,on,45,20,42,18,,,,
2017-10-12,06:02,309,on/off,on/off,401,19.9,68.1,on,45,20,41,18,,,,
2017-10-12,06:02,305,on/off,on/off,400,19.9,68.1,on,45,20,41,18,,,,
2017-10-12,06:02,311,on/off,on/off,401,19.9,68.1,on,45,20,42,18,,,,
2017-10-12,06:02,307,on/off,on/off,401,19.9,68.1,on,45,20,41,18,,,,
2017-10-12,06:02,304,on/off,on/off,400,19.9,68.1,on,45,20,42,19,,,,
2017-10-12,06:02,76,on/off,on/off,0,19.9,68.1,on,45,21,41,18,,,,
2017-10-12,06:02,72,on/off,on/off,0,19.9,68.1,on,45,20,41,18,,,,
2017-10-12,06:02,72,on/off,on/off,2,19.9,68.1,on,45,20,42,18,,,,
2017-10-12,06:02,67,on/off,on/off,0,19.9,68.1,on,45,20,41,18,,,,
2017-10-12,06:02,70,on/off,on/off,0,19.9,68.2,on,45,20,42,18,,,,
2017-10-12,06:02,75,on/off,on/off,0,19.9,68.2,on,45,20,41,18,,,,
2017-10-12,06:02,72,on/off,on/off,0,19.9,68.2,on,45,20,41,18,,,,
2017-10-12,06:02,74,on/off,on/off,0,19.9,68.2,on,45,20,42,18,,,,
2017-10-12,06:03,72,on/off,on/off,0,19.9,68.2,on,45,20,41,18,,,,
2017-10-12,06:03,74,on/off,on/off,0,19.9,68.2,on,45,20,41,18,,,,
2017-10-12,06:03,75,on/off,on/off,0,19.9,68.2,on,45,20,41,19,,,,
2017-10-12,06:03,74,on/off,on/off,0,19.9,68.2,on,45,20,42,18,,,,
2017-10-12,06:03,77,on/off,on/off,0,19.9,68.2,on,45,20,41,18,,,,
2017-10-12,06:03,77,on/off,on/off,0,19.9,68.2,on,45,20,41,18,,,,
2017-10-12,06:03,76,on/off,on/off,0,19.9,68.2,on,45,20,42,19,,,,
2017-10-12,06:03,75,on/off,on/off,0,19.9,68.2,on,45,20,42,18,,,,
2017-10-12,06:03,78,on/off,on/off,0,19.9,68.2,on,45,21,41,18,,,,
2017-10-12,06:03,78,on/off,on/off,0,19.9,68.2,on,45,20,41,18,,,,
2017-10-12,06:03,73,on/off,on/off,0,19.9,68.2,on,45,20,41,18,,,,
2017-10-12,06:03,76,on/off,on/off,0,19.9,68.2,on,45,20,42,18,,,,
2017-10-12,06:03,83,on/off,on/off,0,19.9,68.4,on,45,20,42,18,,,,
2017-10-12,06:03,78,on/off,on/off,0,19.9,68.4,on,45,20,41,18,,,,
2017-10-12,06:03,77,on/off,on/off,0,19.9,68.4,on,45,20,42,19,,,,
2017-10-12,06:03,78,on/off,on/off,0,19.9,68.4,on,45,20,41,18,,,,
2017-10-12,06:03,79,on/off,on/off,0,19.9,68.4,on,45,20,41,18,,,,
2017-10-12,06:03,79,on/off,on/off,0,19.9,68.4,on,45,20,41,18,,,,
2017-10-12,06:03,76,on/off,on/off,0,19.9,68.4,on,45,20,42,19,,,,
2017-10-12,06:03,78,on/off,on/off,0,19.9,68.4,on,45,20,42,18,,,,
2017-10-12,06:04,78,on/off,on/off,0,19.9,68.4,on,45,20,41,18,,,,
2017-10-12,06:04,80,on/off,on/off,0,19.9,68.4,on,45,20,41,18,,,,
2017-10-12,06:04,79,on/off,on/off,0,19.9,68.4,on,45,21,41,18,,,,
2017-10-12,06:04,77,on/off,on/off,0,19.9,68.4,on,45,20,41,18,,,,
2017-10-12,06:04,80,on/off,on/off,0,19.9,68.4,on,45,20,42,19,,,,
2017-10-12,06:04,81,on/off,on/off,0,19.9,68.4,on,45,20,41,18,,,,
2017-10-12,06:04,80,on/off,on/off,0,19.9,68.4,on,45,20,41,18,,,,
2017-10-12,06:04,79,on/off,on/off,0,19.9,68.4,on,45,20,42,18,,,,
2017-10-12,06:04,82,on/off,on/off,0,19.9,68.4,on,45,20,41,18,,,,
2017-10-12,06:04,85,on/off,on/off,0,19.9,68.4,on,45,20,41,18,,,,
2017-10-12,06:04,73,on/off,on/off,0,19.9,68.4,on,45,20,42,18,,,,
2017-10-12,06:04,79,on/off,on/off,0,19.9,68.4,on,45,20,41,19,,,,
2017-10-12,06:04,87,on/off,on/off,0,19.9,68.5,on,45,20,41,18,,,,
2017-10-12,06:04,80,on/off,on/off,0,19.9,68.5,on,45,20,41,18,,,,
2017-10-12,06:04,81,on/off,on/off,0,19.9,68.5,on,45,20,42,18,,,,
2017-10-12,06:04,80,on/off,on/off,0,19.9,68.5,on,45,20,41,18,,,,
2017-10-12,06:04,82,on/off,on/off,0,19.9,68.5,on,45,20,41,18,,,,
2017-10-12,06:04,80,on/off,on/off,0,19.9,68.5,on,45,20,41,18,,,,
2017-10-12,06:04,83,on/off,on/off,0,19.9,68.5,on,45,20,41,18,,,,
2017-10-12,06:04,81,on/off,on/off,0,19.9,68.5,on,45,20,41,18,,,,
2017-10-12,06:04,81,on/off,on/off,0,19.9,68.5,on,45,20,41,18,,,,
2017-10-12,06:04,83,on/off,on/off,0,19.9,68.5,on,45,20,42,18,,,,
2017-10-12,06:04,86,on/off,on/off,0,19.9,68.5,on,45,20,41,18,,,,
2017-10-12,06:04,83,on/off,on/off,0,19.9,68.5,on,45,20,42,18,,,,
2017-10-12,06:05,84,on/off,on/off,0,19.9,68.5,on,45,20,41,18,,,,
2017-10-12,06:05,87,on/off,on/off,0,19.9,68.5,on,45,20,41,18,,,,
2017-10-12,06:05,79,on/off,on/off,0,19.9,68.5,on,45,20,41,18,,,,
2017-10-12,06:05,84,on/off,on/off,0,19.9,68.5,on,45,20,42,18,,,,
2017-10-12,06:05,84,on/off,on/off,0,19.8,68.4,on,45,20,41,18,,,,
2017-10-12,06:05,85,on/off,on/off,0,19.8,68.4,on,45,20,41,18,,,,
2017-10-12,06:05,79,on/off,on/off,0,19.8,68.4,on,45,20,41,18,,,,
2017-10-12,06:05,85,on/off,on/off,0,19.8,68.4,on,45,20,42,18,,,,
2017-10-12,06:05,315,on/off,on/off,383,19.8,68.4,on,45,20,42,18,,,,
2017-10-12,06:05,316,on/off,on/off,384,19.8,68.4,on,45,21,41,18,,,,
2017-10-12,06:05,316,on/off,on/off,384,19.8,68.4,on,45,20,41,18,,,,
2017-10-12,06:05,316,on/off,on/off,383,19.8,68.4,on,45,20,41,18,,,,
2017-10-12,06:05,315,on/off,on/off,402,19.8,68.5,on,45,20,41,18,,,,
2017-10-12,06:05,318,on/off,on/off,402,19.8,68.5,on,45,20,41,18,,,,
2017-10-12,06:05,320,on/off,on/off,402,19.8,68.5,on,45,20,41,18,,,,
2017-10-12,06:05,314,on/off,on/off,401,19.8,68.5,on,45,20,41,19,,,,
2017-10-12,06:05,316,on/off,on/off,402,19.8,68.5,on,45,20,41,18,,,,
2017-10-12,06:05,316,on/off,on/off,402,19.8,68.5,on,45,20,41,18,,,,
2017-10-12,06:05,313,on/off,on/off,401,19.8,68.5,on,45,20,42,19,,,,
2017-10-12,06:05,315,on/off,on/off,402,19.8,68.5,on,45,20,42,18,,,,
2017-10-12,06:06,315,on/off,on/off,401,19.8,68.5,on,45,20,41,18,,,,
2017-10-12,06:06,314,on/off,on/off,402,19.8,68.5,on,45,20,41,19,,,,
2017-10-12,06:06,315,on/off,on/off,402,19.8,68.5,on,45,20,42,18,,,,
2017-10-12,06:06,317,on/off,on/off,402,19.8,68.5,on,45,20,41,18,,,,
2017-10-12,06:06,316,on/off,on/off,401,19.8,68.6,on,45,20,41,18,,,,
2017-10-12,06:06,309,on/off,on/off,401,19.8,68.6,on,45,20,41,19,,,,
2017-10-12,06:06,317,on/off,on/off,402,19.8,68.6,on,45,20,41,18,,,,
2017-10-12,06:06,319,on/off,on/off,400,19.8,68.6,on,45,20,41,18,,,,
2017-10-12,06:06,315,on/off,on/off,402,19.8,68.6,on,45,20,41,18,,,,
2017-10-12,06:06,313,on/off,on/off,401,19.8,68.6,on,45,20,41,19,,,,
2017-10-12,06:06,317,on/off,on/off,401,19.8,68.6,on,45,20,41,18,,,,
2017-10-12,06:06,317,on/off,on/off,401,19.8,68.6,on,45,20,41,18,,,,
2017-10-12,06:06,318,on/off,on/off,401,19.8,68.6,on,45,20,41,18,,,,
2017-10-12,06:06,313,on/off,on/off,399,19.8,68.6,on,45,20,41,18,,,,
2017-10-12,06:06,319,on/off,on/off,401,19.8,68.6,on,45,20,41,18,,,,
2017-10-12,06:06,320,on/off,on/off,400,19.8,68.6,on,45,20,41,18,,,,
2017-10-12,06:06,318,on/off,on/off,401,19.8,68.4,on,45,20,41,18,,,,
2017-10-12,06:06,318,on/off,on/off,401,19.8,68.4,on,45,20,41,18,,,,
2017-10-12,06:06,313,on/off,on/off,400,19.8,68.4,on,45,20,41,18,,,,
2017-10-12,06:06,318,on/off,on/off,400,19.8,68.4,on,45,20,41,18,,,,
2017-10-12,06:06,319,on/off,on/off,400,19.8,68.4,on,45,20,41,18,,,,
2017-10-12,06:06,319,on/off,on/off,398,19.8,68.4,on,45,20,41,18,,,,
2017-10-12,06:06,318,on/off,on/off,400,19.8,68.4,on,45,20,41,18,,,,
2017-10-12,06:06,318,on/off,on/off,401,19.8,68.4,on,45,20,42,18,,,,
2017-10-12,06:07,321,on/off,on/off,399,19.8,68.3,on,45,20,41,18,,,,
2017-10-12,06:07,319,on/off,on/off,398,19.8,68.3,on,45,20,41,18,,,,
2017-10-12,06:07,322,on/off,on/off,399,19.8,68.3,on,45,20,41,18,,,,
2017-10-12,06:07,318,on/off,on/off,400,19.8,68.3,on,45,20,41,18,,,,
2017-10-12,06:07,321,on/off,on/off,400,19.8,68.3,on,45,20,41,18,,,,
2017-10-12,06:07,319,on/off,on/off,400,19.8,68.3,on,45,21,41,18,,,,
2017-10-12,06:07,321,on/off,on/off,397,19.8,68.3,on,45,20,41,18,,,,
2017-10-12,06:07,315,on/off,on/off,399,19.8,68.3,on,45,20,41,18,,,,
2017-10-12,06:07,324,on/off,on/off,399,19.8,68.3,on,45,20,41,18,,,,
2017-10-12,06:07,322,on/off,on/off,399,19.8,68.3,on,45,21,41,18,,,,
2017-10-12,06:07,321,on/off,on/off,399,19.8,68.3,on,45,21,41,18,,,,
2017-10-12,06:07,316,on/off,on/off,399,19.8,68.3,on,45,20,41,18,,,,
2017-10-12,06:07,321,on/off,on/off,398,19.9,68.5,on,45,20,41,18,,,,
2017-10-12,06:07,318,on/off,on/off,397,19.9,68.5,on,45,20,41,19,,,,
2017-10-12,06:07,320,on/off,on/off,398,19.9,68.5,on,45,20,41,18,,,,
2017-10-12,06:07,323,on/off,on/off,399,19.9,68.5,on,45,21,41,18,,,,
2017-10-12,06:07,99,on/off,on/off,0,19.8,68.4,on,45,20,41,18,,,,
2017-10-12,06:07,99,on/off,on/off,0,19.8,68.4,on,45,20,41,18,,,,
2017-10-12,06:07,103,on/off,on/off,0,19.8,68.4,on,45,20,41,18,,,,
2017-10-12,06:07,102,on/off,on/off,0,19.8,68.4,on,45,20,42,18,,,,
2017-10-12,06:08,104,on/off,on/off,0,19.8,68.4,on,45,20,41,18,,,,
2017-10-12,06:08,102,on/off,on/off,0,19.8,68.4,on,45,20,41,18,,,,
2017-10-12,06:08,100,on/off,on/off,0,19.8,68.4,on,45,20,41,19,,,,
2017-10-12,06:08,103,on/off,on/off,0,19.8,68.4,on,45,20,41,18,,,,
2017-10-12,06:08,108,on/off,on/off,0,19.8,68.5,on,45,21,41,18,,,,
2017-10-12,06:08,108,on/off,on/off,0,19.8,68.5,on,45,21,41,18,,,,
2017-10-12,06:08,106,on/off,on/off,0,19.8,68.5,on,45,20,41,18,,,,
2017-10-12,06:08,103,on/off,on/off,0,19.8,68.5,on,45,20,41,18,,,,
2017-10-12,06:08,105,on/off,on/off,0,19.8,68.5,on,45,20,41,19,,,,
2017-10-12,06:08,109,on/off,on/off,0,19.8,68.5,on,45,20,41,18,,,,
2017-10-12,06:08,106,on/off,on/off,0,19.8,68.5,on,45,20,41,18,,,,
2017-10-12,06:08,109,on/off,on/off,0,19.8,68.5,on,46,20,41,18,,,,
2017-10-12,06:08,108,on/off,on/off,0,19.8,68.7,on,45,20,41,18,,,,
2017-10-12,06:08,108,on/off,on/off,0,19.8,68.7,on,45,20,41,18,,,,
2017-10-12,06:08,109,on/off,on/off,0,19.8,68.7,on,45,20,41,18,,,,
2017-10-12,06:08,106,on/off,on/off,0,19.8,68.7,on,45,20,41,19,,,,
2017-10-12,06:08,116,on/off,on/off,0,19.8,68.7,on,45,21,41,18,,,,
2017-10-12,06:08,110,on/off,on/off,0,19.8,68.7,on,45,21,41,18,,,,
2017-10-12,06:08,106,on/off,on/off,0,19.8,68.7,on,45,20,41,19,,,,
2017-10-12,06:08,109,on/off,on/off,0,19.8,68.7,on,45,21,41,18,,,,
2017-10-12,06:08,112,on/off,on/off,0,19.8,68.9,on,45,20,41,18,,,,
2017-10-12,06:08,114,on/off,on/off,0,19.8,68.9,on,45,20,41,19,,,,
2017-10-12,06:08,113,on/off,on/off,0,19.8,68.9,on,45,20,41,18,,,,
2017-10-12,06:08,110,on/off,on/off,0,19.8,68.9,on,45,21,41,18,,,,
2017-10-12,06:09,120,on/off,on/off,0,19.8,69.0,on,45,20,41,18,,,,
2017-10-12,06:09,115,on/off,on/off,0,19.8,69.0,on,45,21,41,18,,,,
2017-10-12,06:09,115,on/off,on/off,0,19.8,69.0,on,45,20,41,18,,,,
2017-10-12,06:09,113,on/off,on/off,0,19.8,69.0,on,45,20,41,18,,,,
2017-10-12,06:09,115,on/off,on/off,0,19.8,69.2,on,45,20,41,18,,,,
2017-10-12,06:09,117,on/off,on/off,0,19.8,69.2,on,45,21,41,18,,,,
2017-10-12,06:09,116,on/off,on/off,0,19.8,69.2,on,45,20,41,18,,,,
2017-10-12,06:09,117,on/off,on/off,0,19.8,69.2,on,45,20,41,18,,,,
2017-10-12,06:09,116,on/off,on/off,0,19.8,69.1,on,45,20,41,19,,,,
2017-10-12,06:09,117,on/off,on/off,0,19.8,69.1,on,45,20,42,18,,,,
2017-10-12,06:09,115,on/off,on/off,0,19.8,69.1,on,45,20,41,18,,,,
2017-10-12,06:09,120,on/off,on/off,0,19.8,69.1,on,45,21,41,18,,,,
2017-10-12,06:09,119,on/off,on/off,0,19.8,69.2,on,45,20,41,18,,,,
2017-10-12,06:09,117,on/off,on/off,0,19.8,69.2,on,45,20,42,18,,,,
2017-10-12,06:09,123,on/off,on/off,0,19.8,69.2,on,45,20,41,18,,,,
2017-10-12,06:09,120,on/off,on/off,0,19.8,69.2,on,45,20,41,18,,,,
2017-10-12,06:09,121,on/off,on/off,0,19.8,69.1,on,45,20,41,18,,,,
2017-10-12,06:09,122,on/off,on/off,0,19.8,69.1,on,45,20,41,18,,,,
2017-10-12,06:09,121,on/off,on/off,0,19.8,69.1,on,45,20,41,18,,,,
2017-10-12,06:09,120,on/off,on/off,0,19.8,69.1,on,45,20,41,18,,,,
2017-10-12,06:10,119,on/off,on/off,0,19.8,69.1,on,45,20,41,18,,,,
2017-10-12,06:10,120,on/off,on/off,0,19.8,69.1,on,45,20,41,18,,,,
2017-10-12,06:10,123,on/off,on/off,0,19.8,69.1,on,45,20,41,18,,,,
2017-10-12,06:10,125,on/off,on/off,0,19.8,69.1,on,45,20,41,18,,,,
2017-10-12,06:10,126,on/off,on/off,0,19.8,68.9,on,45,20,41,18,,,,
2017-10-12,06:10,125,on/off,on/off,0,19.8,68.9,on,45,20,41,18,,,,
2017-10-12,06:10,124,on/off,on/off,0,19.8,68.9,on,45,20,41,18,,,,
2017-10-12,06:10,124,on/off,on/off,0,19.8,68.9,on,45,20,41,18,,,,
2017-10-12,06:10,126,on/off,on/off,0,19.8,68.8,on,45,20,41,19,,,,
2017-10-12,06:10,125,on/off,on/off,0,19.8,68.8,on,45,20,41,18,,,,
2017-10-12,06:10,125,on/off,on/off,0,19.8,68.8,on,45,20,41,18,,,,
2017-10-12,06:10,129,on/off,on/off,0,19.8,68.8,on,45,20,41,18,,,,
2017-10-12,06:10,127,on/off,on/off,0,19.8,68.8,on,45,20,41,18,,,,
2017-10-12,06:10,122,on/off,on/off,0,19.8,68.8,on,45,20,42,18,,,,
2017-10-12,06:10,128,on/off,on/off,0,19.8,68.8,on,45,20,41,18,,,,
2017-10-12,06:10,128,on/off,on/off,0,19.8,68.8,on,45,21,42,18,,,,
2017-10-12,06:10,130,on/off,on/off,0,19.8,68.9,on,45,20,41,19,,,,
2017-10-12,06:10,127,on/off,on/off,0,19.8,68.9,on,45,20,41,18,,,,
2017-10-12,06:10,133,on/off,on/off,0,19.8,68.9,on,45,21,41,18,,,,
2017-10-12,06:10,129,on/off,on/off,0,19.8,68.9,on,45,21,41,18,,,,
2017-10-12,06:10,133,on/off,on/off,0,19.8,69.2,on,45,20,41,18,,,,
2017-10-12,06:10,125,on/off,on/off,0,19.8,69.2,on,45,20,41,19,,,,
2017-10-12,06:10,132,on/off,on/off,0,19.8,69.2,on,45,20,41,18,,,,
2017-10-12,06:10,133,on/off,on/off,0,19.8,69.2,on,45,20,41,18,,,,
2017-10-12,06:11,133,on/off,on/off,0,19.8,69.6,on,45,21,41,19,,,,
2017-10-12,06:11,140,on/off,on/off,0,19.8,69.6,on,45,20,41,18,,,,
2017-10-12,06:11,132,on/off,on/off,0,19.8,69.6,on,45,20,41,19,,,,
2017-10-12,06:11,134,on/off,on/off,0,19.8,69.6,on,45,20,41,19,,,,
2017-10-12,06:11,131,on/off,on/off,0,19.8,69.4,on,45,21,42,18,,,,
2017-10-12,06:11,135,on/off,on/off,0,19.8,69.4,on,45,21,41,18,,,,
2017-10-12,06:11,141,on/off,on/off,0,19.8,69.4,on,45,21,41,18,,,,
2017-10-12,06:11,136,on/off,on/off,0,19.8,69.4,on,45,20,41,18,,,,
2017-10-12,06:11,138,on/off,on/off,0,19.8,69.3,on,45,20,41,18,,,,
2017-10-12,06:11,138,on/off,on/off,0,19.8,69.3,on,45,20,41,18,,,,
2017-10-12,06:11,133,on/off,on/off,0,19.8,69.3,on,45,20,41,18,,,,
2017-10-12,06:11,137,on/off,on/off,0,19.8,69.3,on,45,20,41,18,,,,
2017-10-12,06:11,134,on/off,on/off,0,19.8,69.3,on,45,20,41,18,,,,
2017-10-12,06:11,137,on/off,on/off,0,19.8,69.3,on,45,20,41,18,,,,
2017-10-12,06:11,139,on/off,on/off,1,19.8,69.3,on,45,21,41,18,,,,
2017-10-12,06:11,144,on/off,on/off,0,19.8,69.3,on,45,20,41,18,,,,
2017-10-12,06:11,141,on/off,on/off,1,19.8,69.4,on,45,21,41,18,,,,
2017-10-12,06:11,141,on/off,on/off,0,19.8,69.4,on,45,20,41,18,,,,
2017-10-12,06:11,134,on/off,on/off,0,19.8,69.4,on,45,20,41,18,,,,
2017-10-12,06:11,141,on/off,on/off,0,19.8,69.4,on,45,20,41,18,,,,
2017-10-12,06:12,138,on/off,on/off,0,19.7,69.5,on,45,20,41,18,,,,
2017-10-12,06:12,145,on/off,on/off,0,19.7,69.5,on,45,21,41,18,,,,
2017-10-12,06:12,139,on/off,on/off,0,19.7,69.5,on,45,21,41,18,,,,
2017-10-12,06:12,144,on/off,on/off,0,19.7,69.5,on,45,20,41,18,,,,
2017-10-12,06:12,144,on/off,on/off,0,19.8,69.5,on,45,21,41,18,,,,
2017-10-12,06:12,148,on/off,on/off,0,19.8,69.5,on,45,21,41,18,,,,
2017-10-12,06:12,143,on/off,on/off,0,19.8,69.5,on,45,21,41,18,,,,
2017-10-12,06:12,142,on/off,on/off,0,19.8,69.5,on,45,20,41,19,,,,
2017-10-12,06:12,145,on/off,on/off,1,19.8,69.4,on,45,20,41,18,,,,
2017-10-12,06:12,141,on/off,on/off,0,19.8,69.4,on,45,21,41,18,,,,
2017-10-12,06:12,150,on/off,on/off,0,19.8,69.4,on,45,20,41,18,,,,
2017-10-12,06:12,145,on/off,on/off,0,19.8,69.4,on,45,20,41,18,,,,
2017-10-12,06:12,147,on/off,on/off,0,19.8,69.3,on,45,20,41,18,,,,
2017-10-12,06:12,146,on/off,on/off,0,19.8,69.3,on,45,21,41,18,,,,
2017-10-12,06:12,144,on/off,on/off,0,19.8,69.3,on,45,20,41,18,,,,
2017-10-12,06:12,148,on/off,on/off,0,19.8,69.3,on,45,21,41,18,,,,
2017-10-12,06:12,141,on/off,on/off,0,19.8,69.4,on,45,20,41,18,,,,
2017-10-12,06:12,147,on/off,on/off,2,19.8,69.4,on,45,21,41,18,,,,
2017-10-12,06:12,143,on/off,on/off,0,19.8,69.4,on,45,21,41,18,,,,
2017-10-12,06:12,153,on/off,on/off,0,19.8,69.4,on,45,20,41,18,,,,
2017-10-12,06:12,149,on/off,on/off,0,19.8,69.2,on,45,20,41,19,,,,
2017-10-12,06:12,149,on/off,on/off,0,19.8,69.2,on,45,20,41,18,,,,
2017-10-12,06:12,143,on/off,on/off,0,19.8,69.2,on,45,20,41,18,,,,
2017-10-12,06:12,148,on/off,on/off,0,19.8,69.2,on,45,21,41,18,,,,
2017-10-12,06:13,150,on/off,on/off,0,19.8,69.1,on,45,21,41,18,,,,
2017-10-12,06:13,149,on/off,on/off,0,19.8,69.1,on,45,20,41,18,,,,
2017-10-12,06:13,151,on/off,on/off,0,19.8,69.1,on,45,20,41,18,,,,
2017-10-12,06:13,149,on/off,on/off,0,19.8,69.1,on,45,21,41,18,,,,
2017-10-12,06:13,154,on/off,on/off,0,19.8,69.1,on,45,20,41,18,,,,
2017-10-12,06:13,151,on/off,on/off,0,19.8,69.1,on,45,21,41,18,,,,
2017-10-12,06:13,148,on/off,on/off,0,19.8,69.1,on,45,20,41,18,,,,
2017-10-12,06:13,155,on/off,on/off,0,19.8,69.1,on,45,20,41,19,,,,
2017-10-12,06:13,147,on/off,on/off,0,19.8,69.2,on,45,20,42,18,,,,
2017-10-12,06:13,153,on/off,on/off,0,19.8,69.2,on,45,20,41,18,,,,
2017-10-12,06:13,152,on/off,on/off,0,19.8,69.2,on,45,20,41,18,,,,
2017-10-12,06:13,154,on/off,on/off,0,19.8,69.2,on,45,20,41,18,,,,
2017-10-12,06:13,155,on/off,on/off,0,19.8,69.2,on,45,20,41,18,,,,
2017-10-12,06:13,154,on/off,on/off,0,19.8,69.2,on,45,20,41,18,,,,
2017-10-12,06:13,153,on/off,on/off,0,19.8,69.2,on,45,20,41,18,,,,
2017-10-12,06:13,149,on/off,on/off,0,19.8,69.2,on,45,20,41,18,,,,
2017-10-12,06:13,155,on/off,on/off,0,19.8,69.3,on,45,20,41,18,,,,
2017-10-12,06:13,154,on/off,on/off,0,19.8,69.3,on,45,20,41,19,,,,
2017-10-12,06:13,151,on/off,on/off,0,19.8,69.3,on,45,20,41,18,,,,
2017-10-12,06:13,153,on/off,on/off,1,19.8,69.3,on,45,21,41,18,,,,
2017-10-12,06:14,159,on/off,on/off,0,19.8,69.1,on,45,20,41,18,,,,
2017-10-12,06:14,154,on/off,on/off,0,19.8,69.1,on,45,20,41,18,,,,
2017-10-12,06:14,155,on/off,on/off,0,19.8,69.1,on,45,20,41,18,,,,
2017-10-12,06:14,150,on/off,on/off,0,19.8,69.1,on,45,20,41,18,,,,
2017-10-12,06:14,157,on/off,on/off,1,19.8,69.0,on,45,21,41,18,,,,
2017-10-12,06:14,155,on/off,on/off,2,19.8,69.0,on,45,20,41,18,,,,
2017-10-12,06:14,156,on/off,on/off,0,19.8,69.0,on,45,20,41,18,,,,
2017-10-12,06:14,156,on/off,on/off,0,19.8,69.0,on,45,20,41,18,,,,
2017-10-12,06:14,156,on/off,on/off,0,19.8,69.2,on,45,20,41,18,,,,
2017-10-12,06:14,156,on/off,on/off,0,19.8,69.2,on,45,20,41,18,,,,
2017-10-12,06:14,163,on/off,on/off,0,19.8,69.2,on,45,20,41,18,,,,
2017-10-12,06:14,153,on/off,on/off,0,19.8,69.2,on,45,21,41,18,,,,
2017-10-12,06:14,156,on/off,on/off,0,19.8,69.1,on,45,20,41,18,,,,
2017-10-12,06:14,157,on/off,on/off,0,19.8,69.1,on,45,20,41,19,,,,
2017-10-12,06:14,159,on/off,on/off,0,19.8,69.1,on,45,20,41,18,,,,
2017-10-12,06:14,149,on/off,on/off,0,19.8,69.1,on,45,20,41,18,,,,
2017-10-12,06:14,158,on/off,on/off,0,19.8,69.2,on,45,21,41,18,,,,
2017-10-12,06:14,158,on/off,on/off,0,19.8,69.2,on,45,21,41,18,,,,
2017-10-12,06:14,157,on/off,on/off,0,19.8,69.2,on,45,21,41,18,,,,
2017-10-12,06:14,165,on/off,on/off,1,19.8,69.2,on,45,20,41,19,,,,
2017-10-12,06:14,159,on/off,on/off,0,19.8,69.2,on,45,20,41,18,,,,
2017-10-12,06:14,158,on/off,on/off,0,19.8,69.2,on,45,20,41,18,,,,
2017-10-12,06:14,159,on/off,on/off,0,19.8,69.2,on,45,20,41,19,,,,
2017-10-12,06:14,154,on/off,on/off,0,19.8,69.2,on,45,20,41,18,,,,
2017-10-12,06:15,159,on/off,on/off,0,19.8,69.2,on,45,20,41,18,,,,
2017-10-12,06:15,157,on/off,on/off,1,19.8,69.2,on,45,20,41,18,,,,
2017-10-12,06:15,161,on/off,on/off,0,19.8,69.2,on,45,20,41,18,,,,
2017-10-12,06:15,160,on/off,on/off,0,19.8,69.2,on,45,20,41,18,,,,
2017-10-12,06:15,159,on/off,on/off,0,19.8,69.3,on,45,20,41,19,,,,
2017-10-12,06:15,161,on/off,on/off,0,19.8,69.3,on,45,21,41,18,,,,
2017-10-12,06:15,159,on/off,on/off,0,19.8,69.3,on,45,20,41,18,,,,
2017-10-12,06:15,164,on/off,on/off,0,19.8,69.3,on,45,20,41,18,,,,
2017-10-12,06:15,162,on/off,on/off,0,19.8,69.3,on,45,20,41,18,,,,
2017-10-12,06:15,160,on/off,on/off,0,19.8,69.3,on,45,20,41,18,,,,
2017-10-12,06:15,157,on/off,on/off,2,19.8,69.3,on,45,21,41,19,,,,
2017-10-12,06:15,164,on/off,on/off,0,19.8,69.3,on,45,20,41,19,,,,
2017-10-12,06:15,160,on/off,on/off,0,19.8,69.0,on,45,20,41,18,,,,
2017-10-12,06:15,161,on/off,on/off,1,19.8,69.0,on,45,21,41,18,,,,
2017-10-12,06:15,162,on/off,on/off,2,19.8,69.0,on,45,21,41,18,,,,
2017-10-12,06:15,163,on/off,on/off,0,19.8,69.0,on,45,20,41,18,,,,
2017-10-12,06:15,169,on/off,on/off,0,19.8,69.0,on,45,20,41,18,,,,
2017-10-12,06:15,163,on/off,on/off,0,19.8,69.0,on,45,21,41,18,,,,
2017-10-12,06:15,167,on/off,on/off,0,19.8,69.0,on,45,20,41,18,,,,
2017-10-12,06:15,164,on/off,on/off,0,19.8,69.0,on,45,20,41,18,,,,
2017-10-12,06:15,165,on/off,on/off,0,19.8,69.0,on,45,20,41,18,,,,
2017-10-12,06:15,164,on/off,on/off,0,19.8,69.0,on,45,20,41,18,,,,
2017-10-12,06:15,166,on/off,on/off,0,19.8,69.0,on,45,20,41,18,,,,
2017-10-12,06:15,163,on/off,on/off,0,19.8,69.0,on,45,20,41,18,,,,
2017-10-12,06:16,166,on/off,on/off,0,19.8,68.9,on,45,20,41,18,,,,
2017-10-12,06:16,165,on/off,on/off,0,19.8,68.9,on,45,20,41,18,,,,
2017-10-12,06:16,168,on/off,on/off,0,19.8,68.9,on,45,20,41,18,,,,
2017-10-12,06:16,163,on/off,on/off,0,19.8,68.9,on,45,20,41,18,,,,
2017-10-12,06:16,164,on/off,on/off,0,19.8,68.9,on,45,20,41,18,,,,
2017-10-12,06:16,162,on/off,on/off,0,19.8,68.9,on,45,20,41,18,,,,
2017-10-12,06:16,165,on/off,on/off,0,19.8,68.9,on,45,20,41,18,,,,
2017-10-12,06:16,166,on/off,on/off,0,19.8,68.9,on,45,20,41,18,,,,
2017-10-12,06:16,171,on/off,on/off,1,19.8,69.2,on,45,20,41,18,,,,
2017-10-12,06:16,168,on/off,on/off,0,19.8,69.2,on,45,20,41,18,,,,
2017-10-12,06:16,167,on/off,on/off,0,19.8,69.2,on,45,20,41,18,,,,
2017-10-12,06:16,160,on/off,on/off,0,19.8,69.2,on,45,20,41,18,,,,
2017-10-12,06:16,167,on/off,on/off,0,19.8,69.1,on,45,20,41,18,,,,
2017-10-12,06:16,165,on/off,on/off,0,19.8,69.1,on,45,20,41,18,,,,
2017-10-12,06:16,174,on/off,on/off,0,19.8,69.1,on,45,20,41,18,,,,
2017-10-12,06:16,168,on/off,on/off,0,19.8,69.1,on,45,20,41,18,,,,
2017-10-12,06:16,168,on/off,on/off,0,19.8,69.1,on,45,20,41,18,,,,
2017-10-12,06:16,171,on/off,on/off,0,19.8,69.1,on,45,20,41,18,,,,
2017-10-12,06:16,161,on/off,on/off,0,19.8,69.1,on,45,20,41,18,,,,
2017-10-12,06:16,168,on/off,on/off,0,19.8,69.1,on,45,21,41,18,,,,
2017-10-12,06:17,169,on/off,on/off,0,19.8,69.0,on,45,20,41,18,,,,
2017-10-12,06:17,169,on/off,on/off,0,19.8,69.0,on,45,20,41,18,,,,
2017-10-12,06:17,168,on/off,on/off,0,19.8,69.0,on,45,20,41,18,,,,
2017-10-12,06:17,169,on/off,on/off,0,19.8,69.0,on,45,21,41,18,,,,
2017-10-12,06:17,170,on/off,on/off,0,19.8,69.1,on,45,20,41,18,,,,
2017-10-12,06:17,174,on/off,on/off,0,19.8,69.1,on,45,20,41,18,,,,
2017-10-12,06:17,170,on/off,on/off,0,19.8,69.1,on,45,20,41,18,,,,
2017-10-12,06:17,169,on/off,on/off,0,19.8,69.1,on,45,21,41,18,,,,
2017-10-12,06:17,170,on/off,on/off,0,19.8,69.1,on,45,20,41,18,,,,
2017-10-12,06:17,171,on/off,on/off,0,19.8,69.1,on,45,20,41,18,,,,
2017-10-12,06:17,169,on/off,on/off,0,19.8,69.1,on,45,20,41,18,,,,
2017-10-12,06:17,170,on/off,on/off,0,19.8,69.1,on,45,21,41,18,,,,
2017-10-12,06:17,174,on/off,on/off,0,19.8,69.0,on,45,20,41,18,,,,
2017-10-12,06:17,177,on/off,on/off,1,19.8,69.0,on,45,20,41,18,,,,
2017-10-12,06:17,172,on/off,on/off,0,19.8,69.0,on,45,20,41,18,,,,
2017-10-12,06:17,170,on/off,on/off,0,19.8,69.0,on,45,20,41,18,,,,
2017-10-12,06:17,174,on/off,on/off,0,19.8,68.9,on,45,21,41,18,,,,
2017-10-12,06:17,172,on/off,on/off,0,19.8,68.9,on,45,20,41,18,,,,
2017-10-12,06:17,171,on/off,on/off,1,19.8,68.9,on,45,20,41,18,,,,
2017-10-12,06:17,172,on/off,on/off,0,19.8,68.9,on,45,20,41,18,,,,
2017-10-12,06:17,172,on/off,on/off,0,19.8,68.9,on,45,20,41,18,,,,
2017-10-12,06:17,172,on/off,on/off,2,19.8,68.9,on,45,21,41,18,,,,
2017-10-12,06:17,171,on/off,on/off,0,19.8,68.9,on,45,20,41,19,,,,
2017-10-12,06:17,172,on/off,on/off,0,19.8,68.9,on,45,20,41,18,,,,
2017-10-12,06:18,172,on/off,on/off,0,19.8,69.0,on,45,20,41,18,,,,
2017-10-12,06:18,174,on/off,on/off,0,19.8,69.0,on,45,21,41,18,,,,
2017-10-12,06:18,166,on/off,on/off,0,19.8,69.0,on,45,20,41,18,,,,
2017-10-12,06:18,174,on/off,on/off,0,19.8,69.0,on,45,20,41,18,,,,
2017-10-12,06:18,174,on/off,on/off,0,19.8,69.0,on,45,20,41,18,,,,
2017-10-12,06:18,173,on/off,on/off,0,19.8,69.0,on,45,20,41,18,,,,
2017-10-12,06:18,173,on/off,on/off,0,19.8,69.0,on,45,21,41,18,,,,
2017-10-12,06:18,175,on/off,on/off,0,19.8,69.0,on,45,20,41,18,,,,
2017-10-12,06:18,173,on/off,on/off,0,19.8,68.9,on,45,20,41,18,,,,
2017-10-12,06:18,173,on/off,on/off,0,19.8,68.9,on,45,21,41,18,,,,
2017-10-12,06:18,173,on/off,on/off,0,19.8,68.9,on,45,20,41,18,,,,
2017-10-12,06:18,174,on/off,on/off,0,19.8,68.9,on,45,20,41,19,,,,
2017-10-12,06:18,173,on/off,on/off,0,19.8,69.0,on,45,20,41,18,,,,
2017-10-12,06:18,173,on/off,on/off,0,19.8,69.0,on,45,21,41,18,,,,
2017-10-12,06:18,177,on/off,on/off,0,19.8,69.0,on,45,20,41,18,,,,
2017-10-12,06:18,175,on/off,on/off,0,19.8,69.0,on,45,20,41,19,,,,
2017-10-12,06:18,170,on/off,on/off,0,19.8,69.3,on,45,20,41,19,,,,
2017-10-12,06:18,175,on/off,on/off,0,19.8,69.3,on,45,20,41,18,,,,
2017-10-12,06:18,174,on/off,on/off,0,19.8,69.3,on,45,21,41,18,,,,
2017-10-12,06:18,175,on/off,on/off,0,19.8,69.3,on,45,20,41,18,,,,
2017-10-12,06:19,175,on/off,on/off,0,19.8,69.5,on,45,20,41,18,,,,
2017-10-12,06:19,174,on/off,on/off,2,19.8,69.5,on,45,21,41,18,,,,
2017-10-12,06:19,175,on/off,on/off,0,19.8,69.5,on,45,20,41,18,,,,
2017-10-12,06:19,175,on/off,on/off,0,19.8,69.5,on,45,20,41,18,,,,
2017-10-12,06:19,176,on/off,on/off,0,19.8,69.6,on,45,20,41,18,,,,
2017-10-12,06:19,177,on/off,on/off,0,19.8,69.6,on,45,21,41,18,,,,
2017-10-12,06:19,175,on/off,on/off,0,19.8,69.6,on,45,20,41,18,,,,
2017-10-12,06:19,175,on/off,on/off,0,19.8,69.6,on,45,20,41,19,,,,
2017-10-12,06:19,175,on/off,on/off,0,19.8,69.5,on,45,20,41,18,,,,
2017-10-12,06:19,175,on/off,on/off,0,19.8,69.5,on,45,20,41,18,,,,
2017-10-12,06:19,171,on/off,on/off,0,19.8,69.5,on,45,20,41,19,,,,
2017-10-12,06:19,174,on/off,on/off,0,19.8,69.5,on,45,21,41,18,,,,
2017-10-12,06:19,178,on/off,on/off,0,19.8,69.6,on,45,20,41,18,,,,
2017-10-12,06:19,175,on/off,on/off,0,19.8,69.6,on,45,20,41,18,,,,
2017-10-12,06:19,174,on/off,on/off,2,19.8,69.6,on,45,20,41,18,,,,
2017-10-12,06:19,176,on/off,on/off,1,19.8,69.6,on,45,20,41,18,,,,
2017-10-12,06:19,174,on/off,on/off,0,19.8,69.5,on,45,20,41,18,,,,
2017-10-12,06:19,172,on/off,on/off,0,19.8,69.5,on,45,20,41,18,,,,
2017-10-12,06:19,177,on/off,on/off,0,19.8,69.5,on,45,20,41,19,,,,
2017-10-12,06:19,173,on/off,on/off,1,19.8,69.5,on,45,20,41,18,,,,
2017-10-12,06:19,353,on/off,on/off,398,19.8,69.4,on,45,20,41,18,,,,
2017-10-12,06:19,352,on/off,on/off,397,19.8,69.4,on,45,20,41,18,,,,
2017-10-12,06:19,351,on/off,on/off,397,19.8,69.4,on,45,20,41,19,,,,
2017-10-12,06:19,352,on/off,on/off,398,19.8,69.4,on,45,21,41,18,,,,
2017-10-12,06:20,350,on/off,on/off,403,19.8,69.3,on,45,21,41,18,,,,
2017-10-12,06:20,351,on/off,on/off,403,19.8,69.3,on,45,20,41,18,,,,
2017-10-12,06:20,352,on/off,on/off,404,19.8,69.3,on,45,20,41,18,,,,
2017-10-12,06:20,349,on/off,on/off,403,19.8,69.3,on,45,20,41,18,,,,
2017-10-12,06:20,350,on/off,on/off,404,19.8,69.4,on,45,20,41,18,,,,
2017-10-12,06:20,348,on/off,on/off,403,19.8,69.4,on,45,20,41,18,,,,
2017-10-12,06:20,345,on/off,on/off,402,19.8,69.4,on,45,20,41,18,,,,
2017-10-12,06:20,350,on/off,on/off,404,19.8,69.4,on,45,20,41,18,,,,
2017-10-12,06:20,351,on/off,on/off,402,19.8,69.6,on,45,20,41,18,,,,
2017-10-12,06:20,350,on/off,on/off,402,19.8,69.6,on,45,20,41,18,,,,
2017-10-12,06:20,352,on/off,on/off,403,19.8,69.6,on,45,20,41,18,,,,
2017-10-12,06:20,351,on/off,on/off,403,19.8,69.6,on,45,20,41,18,,,,
2017-10-12,06:20,352,on/off,on/off,403,19.8,70.1,on,45,20,41,18,,,,
2017-10-12,06:20,349,on/off,on/off,403,19.8,70.1,on,45,20,41,18,,,,
2017-10-12,06:20,350,on/off,on/off,402,19.8,70.1,on,45,20,41,18,,,,
2017-10-12,06:20,348,on/off,on/off,402,19.8,70.1,on,45,20,41,18,,,,
2017-10-12,06:20,349,on/off,on/off,400,19.8,70.5,on,45,20,41,18,,,,
2017-10-12,06:20,353,on/off,on/off,401,19.8,70.5,on,45,20,41,18,,,,
2017-10-12,06:20,356,on/off,on/off,402,19.8,70.5,on,45,20,41,18,,,,
2017-10-12,06:20,350,on/off,on/off,401,19.8,70.5,on,45,20,41,18,,,,
2017-10-12,06:21,350,on/off,on/off,398,19.9,70.9,on,47,21,41,18,,,,
2017-10-12,06:21,349,on/off,on/off,399,19.9,70.9,on,47,21,41,18,,,,
2017-10-12,06:21,351,on/off,on/off,399,19.9,70.9,on,47,21,41,18,,,,
2017-10-12,06:21,351,on/off,on/off,398,19.9,70.9,on,47,21,41,18,,,,
2017-10-12,06:21,351,on/off,on/off,396,19.9,70.8,on,49,21,41,19,,,,
2017-10-12,06:21,350,on/off,on/off,398,19.9,70.8,on,49,21,41,18,,,,
2017-10-12,06:21,351,on/off,on/off,398,19.9,70.8,on,49,21,41,18,,,,
2017-10-12,06:21,350,on/off,on/off,397,19.9,70.8,on,49,21,41,18,,,,
2017-10-12,06:21,351,on/off,on/off,397,19.9,70.3,on,50,21,41,18,,,,
2017-10-12,06:21,344,on/off,on/off,397,19.9,70.3,on,50,20,41,18,,,,
2017-10-12,06:21,349,on/off,on/off,397,19.9,70.3,on,50,20,41,18,,,,
2017-10-12,06:21,351,on/off,on/off,398,19.9,70.3,on,50,20,41,18,,,,
2017-10-12,06:21,348,on/off,on/off,400,20.0,70.1,on,51,19,41,18,,,,
2017-10-12,06:21,349,on/off,on/off,400,20.0,70.1,on,51,19,41,18,,,,
2017-10-12,06:21,348,on/off,on/off,399,20.0,70.1,on,50,19,41,18,,,,
2017-10-12,06:21,353,on/off,on/off,400,20.0,70.1,on,50,19,41,18,,,,
2017-10-12,06:21,351,on/off,on/off,398,20.0,70.2,on,51,19,41,19,,,,
2017-10-12,06:21,350,on/off,on/off,398,20.0,70.2,on,51,19,41,18,,,,
2017-10-12,06:21,353,on/off,on/off,397,20.0,70.2,on,51,19,41,18,,,,
2017-10-12,06:21,346,on/off,on/off,399,20.0,70.2,on,51,19,41,18,,,,
2017-10-12,06:21,350,on/off,on/off,398,20.0,69.9,on,51,18,41,18,,,,
2017-10-12,06:21,355,on/off,on/off,398,20.0,69.9,on,51,19,41,18,,,,
2017-10-12,06:21,352,on/off,on/off,398,20.0,69.9,on,51,18,41,18,,,,
2017-10-12,06:21,353,on/off,on/off,398,20.0,69.9,on,51,18,41,18,,,,
2017-10-12,06:22,351,on/off,on/off,397,20.1,70.0,on,51,18,41,18,,,,
2017-10-12,06:22,350,on/off,on/off,397,20.1,70.0,on,51,18,41,18,,,,
2017-10-12,06:22,348,on/off,on/off,397,20.1,70.0,on,51,18,41,18,,,,
2017-10-12,06:22,353,on/off,on/off,398,20.1,70.0,on,51,18,41,18,,,,
2017-10-12,06:22,339,on/off,on/off,397,20.1,69.6,on,51,18,41,18,,,,
2017-10-12,06:22,339,on/off,on/off,397,20.1,69.6,on,52,18,41,18,,,,
2017-10-12,06:22,333,on/off,on/off,397,20.1,69.6,on,52,18,41,19,,,,
2017-10-12,06:22,334,on/off,on/off,397,20.1,69.6,on,52,18,41,18,,,,
2017-10-12,06:22,344,on/off,on/off,394,20.1,69.7,on,51,18,41,18,,,,
2017-10-12,06:22,344,on/off,on/off,395,20.1,69.7,on,51,18,40,18,,,,
2017-10-12,06:22,340,on/off,on/off,395,20.1,69.7,on,52,18,41,19,,,,
2017-10-12,06:22,349,on/off,on/off,394,20.1,69.7,on,52,18,41,18,,,,
2017-10-12,06:22,349,on/off,on/off,397,20.1,69.6,on,52,18,41,18,,,,
2017-10-12,06:22,347,on/off,on/off,396,20.1,69.6,on,51,18,41,18,,,,
2017-10-12,06:22,348,on/off,on/off,398,20.1,69.6,on,52,18,40,18,,,,
2017-10-12,06:22,348,on/off,on/off,397,20.1,69.6,on,52,18,41,18,,,,
2017-10-12,06:22,348,on/off,on/off,396,20.2,69.7,on,52,18,40,18,,,,
2017-10-12,06:22,347,on/off,on/off,396,20.2,69.7,on,52,18,40,18,,,,
2017-10-12,06:22,349,on/off,on/off,396,20.2,69.7,on,52,18,40,18,,,,
2017-10-12,06:22,346,on/off,on/off,396,20.2,69.7,on,52,18,41,18,,,,
2017-10-12,06:23,353,on/off,on/off,396,20.2,69.7,on,52,18,40,18,,,,
2017-10-12,06:23,355,on/off,on/off,395,20.2,69.7,on,52,18,40,18,,,,
2017-10-12,06:23,353,on/off,on/off,396,20.2,69.7,on,52,18,40,18,,,,
2017-10-12,06:23,355,on/off,on/off,394,20.2,69.7,on,52,18,41,18,,,,
2017-10-12,06:23,356,on/off,on/off,396,20.3,69.5,on,52,18,40,18,,,,
2017-10-12,06:23,356,on/off,on/off,395,20.3,69.5,on,52,17,40,18,,,,
2017-10-12,06:23,361,on/off,on/off,395,20.3,69.5,on,52,18,40,18,,,,
2017-10-12,06:23,349,on/off,on/off,394,20.3,69.5,on,52,17,41,18,,,,
2017-10-12,06:23,356,on/off,on/off,395,20.3,69.7,on,52,18,40,18,,,,
2017-10-12,06:23,356,on/off,on/off,396,20.3,69.7,on,52,17,40,18,,,,
2017-10-12,06:23,356,on/off,on/off,396,20.3,69.7,on,52,17,40,18,,,,
2017-10-12,06:23,349,on/off,on/off,393,20.3,69.7,on,52,17,40,18,,,,
2017-10-12,06:23,359,on/off,on/off,395,20.3,69.3,on,52,18,40,18,,,,
2017-10-12,06:23,355,on/off,on/off,395,20.3,69.3,on,52,17,40,18,,,,
2017-10-12,06:23,357,on/off,on/off,394,20.3,69.3,on,52,17,41,18,,,,
2017-10-12,06:23,355,on/off,on/off,395,20.3,69.3,on,52,17,40,18,,,,
2017-10-12,06:23,348,on/off,on/off,393,20.3,69.2,on,52,17,41,18,,,,
2017-10-12,06:23,358,on/off,on/off,395,20.3,69.2,on,52,17,40,18,,,,
2017-10-12,06:23,356,on/off,on/off,392,20.3,69.2,on,52,17,40,18,,,,
2017-10-12,06:23,356,on/off,on/off,395,20.3,69.2,on,52,17,41,18,,,,
2017-10-12,06:23,353,on/off,on/off,395,20.3,69.3,on,52,17,41,18,,,,
2017-10-12,06:23,355,on/off,on/off,393,20.3,69.3,on,52,17,41,19,,,,
2017-10-12,06:23,357,on/off,on/off,395,20.3,69.3,on,52,17,40,18,,,,
2017-10-12,06:23,356,on/off,on/off,394,20.3,69.3,on,52,17,41,18,,,,
2017-10-12,06:24,356,on/off,on/off,395,20.4,69.8,on,52,17,40,18,,,,
2017-10-12,06:24,355,on/off,on/off,394,20.4,69.8,on,52,17,41,18,,,,
2017-10-12,06:24,355,on/off,on/off,393,20.4,69.8,on,52,17,41,18,,,,
2017-10-12,06:24,353,on/off,on/off,394,20.4,69.8,on,52,17,41,18,,,,
2017-10-12,06:24,356,on/off,on/off,394,20.3,69.6,on,52,17,41,18,,,,
2017-10-12,06:24,355,on/off,on/off,393,20.3,69.6,on,52,17,41,18,,,,
2017-10-12,06:24,358,on/off,on/off,394,20.3,69.6,on,52,18,41,18,,,,
2017-10-12,06:24,355,on/off,on/off,393,20.3,69.6,on,52,17,41,18,,,,
2017-10-12,06:24,355,on/off,on/off,393,20.3,69.9,on,52,18,41,18,,,,
2017-10-12,06:24,356,on/off,on/off,393,20.3,69.9,on,52,18,41,18,,,,
2017-10-12,06:24,356,on/off,on/off,394,20.3,69.9,on,52,17,40,18,,,,
2017-10-12,06:24,357,on/off,on/off,393,20.3,69.9,on,52,17,41,18,,,,
2017-10-12,06:24,355,on/off,on/off,393,20.3,69.3,on,51,18,41,18,,,,
2017-10-12,06:24,359,on/off,on/off,395,20.3,69.3,on,51,18,41,18,,,,
2017-10-12,06:24,355,on/off,on/off,393,20.3,69.3,on,51,17,41,18,,,,
2017-10-12,06:24,356,on/off,on/off,394,20.3,69.3,on,52,17,41,18,,,,
2017-10-12,06:24,356,on/off,on/off,394,20.3,69.3,on,52,17,41,18,,,,
2017-10-12,06:24,354,on/off,on/off,394,20.3,69.3,on,51,18,41,18,,,,
2017-10-12,06:24,349,on/off,on/off,393,20.3,69.3,on,51,17,41,19,,,,
2017-10-12,06:24,358,on/off,on/off,393,20.3,69.3,on,51,17,41,18,,,,
2017-10-12,06:25,356,on/off,on/off,393,20.3,69.4,on,51,17,41,18,,,,
2017-10-12,06:25,356,on/off,on/off,393,20.3,69.4,on,51,17,41,18,,,,
2017-10-12,06:25,350,on/off,on/off,393,20.3,69.4,on,51,17,41,19,,,,
2017-10-12,06:25,356,on/off,on/off,394,20.3,69.4,on,51,18,41,18,,,,
2017-10-12,06:25,114,on/off,on/off,3,20.3,69.3,on,51,17,41,18,,,,
2017-10-12,06:25,114,on/off,on/off,4,20.3,69.3,on,51,17,41,18,,,,
2017-10-12,06:25,114,on/off,on/off,3,20.3,69.3,on,51,17,41,18,,,,
2017-10-12,06:25,112,on/off,on/off,5,20.3,69.3,on,51,18,42,18,,,,
2017-10-12,06:25,113,on/off,on/off,1,20.3,69.3,on,51,18,42,18,,,,
2017-10-12,06:25,109,on/off,on/off,2,20.3,69.3,on,51,17,42,19,,,,
2017-10-12,06:25,112,on/off,on/off,5,20.3,69.3,on,51,18,42,18,,,,
2017-10-12,06:25,117,on/off,on/off,4,20.3,69.3,on,51,18,42,18,,,,
2017-10-12,06:25,113,on/off,on/off,3,20.3,69.2,on,51,18,42,18,,,,
2017-10-12,06:25,114,on/off,on/off,3,20.3,69.2,on,51,18,42,18,,,,
2017-10-12,06:25,113,on/off,on/off,2,20.3,69.2,on,51,18,42,18,,,,
2017-10-12,06:25,112,on/off,on/off,3,20.3,69.2,on,51,18,42,18,,,,
2017-10-12,06:25,114,on/off,on/off,3,20.3,69.3,on,51,17,41,18,,,,
2017-10-12,06:25,112,on/off,on/off,2,20.3,69.3,on,51,18,42,19,,,,
2017-10-12,06:25,109,on/off,on/off,1,20.3,69.3,on,51,17,42,18,,,,
2017-10-12,06:25,119,on/off,on/off,4,20.3,69.3,on,51,18,42,18,,,,
2017-10-12,06:25,111,on/off,on/off,1,20.2,69.2,on,51,17,42,18,,,,
2017-10-12,06:25,112,on/off,on/off,3,20.2,69.2,on,51,18,42,18,,,,
2017-10-12,06:25,111,on/off,on/off,3,20.2,69.2,on,51,18,42,18,,,,
2017-10-12,06:25,114,on/off,on/off,3,20.2,69.2,on,51,18,42,18,,,,
2017-10-12,06:26,112,on/off,on/off,3,20.2,69.2,on,51,17,42,18,,,,
2017-10-12,06:26,113,on/off,on/off,2,20.2,69.2,on,51,17,42,18,,,,
2017-10-12,06:26,115,on/off,on/off,1,20.2,69.2,on,51,18,42,18,,,,
2017-10-12,06:26,113,on/off,on/off,3,20.2,69.2,on,51,18,42,18,,,,
2017-10-12,06:26,108,on/off,on/off,3,20.2,69.3,on,51,17,42,18,,,,
2017-10-12,06:26,114,on/off,on/off,0,20.2,69.3,on,50,18,42,18,,,,
2017-10-12,06:26,116,on/off,on/off,3,20.2,69.3,on,51,17,42,18,,,,
2017-10-12,06:26,113,on/off,on/off,2,20.2,69.3,on,51,18,43,18,,,,
2017-10-12,06:26,114,on/off,on/off,3,20.2,69.3,on,51,18,42,18,,,,
2017-10-12,06:26,111,on/off,on/off,3,20.2,69.3,on,51,18,43,18,,,,
2017-10-12,06:26,116,on/off,on/off,5,20.2,69.3,on,51,18,43,18,,,,
2017-10-12,06:26,108,on/off,on/off,1,20.2,69.3,on,51,17,43,19,,,,
2017-10-12,06:26,113,on/off,on/off,5,20.2,69.2,on,50,18,43,18,,,,
2017-10-12,06:26,114,on/off,on/off,5,20.2,69.2,on,51,18,43,18,,,,
2017-10-12,06:26,115,on/off,on/off,3,20.2,69.2,on,51,18,43,18,,,,
2017-10-12,06:26,112,on/off,on/off,2,20.2,69.2,on,51,17,43,18,,,,
2017-10-12,06:26,120,on/off,on/off,3,20.2,69.3,on,50,18,43,18,,,,
2017-10-12,06:26,112,on/off,on/off,3,20.2,69.3,on,51,18,43,18,,,,
2017-10-12,06:26,113,on/off,on/off,4,20.2,69.3,on,50,18,43,18,,,,
2017-10-12,06:26,113,on/off,on/off,1,20.2,69.3,on,50,18,43,18,,,,
2017-10-12,06:27,113,on/off,on/off,4,20.2,69.5,on,51,18,43,18,,,,
2017-10-12,06:27,111,on/off,on/off,3,20.2,69.5,on,50,18,43,18,,,,
2017-10-12,06:27,114,on/off,on/off,1,20.2,69.5,on,50,17,43,18,,,,
2017-10-12,06:27,117,on/off,on/off,5,20.2,69.5,on,50,18,43,18,,,,
2017-10-12,06:27,109,on/off,on/off,2,20.2,69.6,on,50,18,43,19,,,,
2017-10-12,06:27,115,on/off,on/off,2,20.2,69.6,on,50,18,43,18,,,,
2017-10-12,06:27,112,on/off,on/off,3,20.2,69.6,on,51,18,43,18,,,,
2017-10-12,06:27,115,on/off,on/off,3,20.2,69.6,on,50,18,43,18,,,,
2017-10-12,06:27,113,on/off,on/off,2,20.1,69.6,on,50,18,43,18,,,,
2017-10-12,06:27,115,on/off,on/off,3,20.1,69.6,on,50,18,43,18,,,,
2017-10-12,06:27,110,on/off,on/off,1,20.1,69.6,on,50,18,43,19,,,,
2017-10-12,06:27,113,on/off,on/off,3,20.1,69.6,on,50,18,43,18,,,,
2017-10-12,06:27,113,on/off,on/off,3,20.2,69.5,on,50,18,44,18,,,,
2017-10-12,06:27,118,on/off,on/off,3,20.2,69.5,on,50,18,43,18,,,,
2017-10-12,06:27,113,on/off,on/off,3,20.2,69.5,on,50,18,43,18,,,,
2017-10-12,06:27,111,on/off,on/off,2,20.2,69.5,on,50,18,43,18,,,,
2017-10-12,06:27,114,on/off,on/off,5,20.2,69.6,on,50,18,43,18,,,,
2017-10-12,06:27,116,on/off,on/off,3,20.2,69.6,on,50,18,43,18,,,,
2017-10-12,06:27,115,on/off,on/off,5,20.2,69.6,on,50,18,43,18,,,,
2017-10-12,06:27,115,on/off,on/off,3,20.2,69.6,on,50,18,43,18,,,,
2017-10-12,06:27,114,on/off,on/off,3,20.1,69.7,on,50,18,43,18,,,,
2017-10-12,06:27,116,on/off,on/off,3,20.1,69.7,on,50,18,43,18,,,,
2017-10-12,06:27,109,on/off,on/off,3,20.1,69.7,on,50,18,43,18,,,,
2017-10-12,06:27,115,on/off,on/off,3,20.1,69.7,on,50,18,44,18,,,,
2017-10-12,06:28,115,on/off,on/off,3,20.1,69.8,on,50,18,44,19,,,,
2017-10-12,06:28,116,on/off,on/off,3,20.1,69.8,on,50,18,44,18,,,,
2017-10-12,06:28,113,on/off,on/off,3,20.1,69.8,on,50,18,44,18,,,,
2017-10-12,06:28,119,on/off,on/off,3,20.1,69.8,on,50,18,43,18,,,,
2017-10-12,06:28,116,on/off,on/off,1,20.1,69.8,on,50,18,43,18,,,,
2017-10-12,06:28,112,on/off,on/off,3,20.1,69.8,on,50,18,44,18,,,,
2017-10-12,06:28,116,on/off,on/off,1,20.1,69.8,on,50,18,43,18,,,,
2017-10-12,06:28,114,on/off,on/off,5,20.1,69.8,on,50,18,44,18,,,,
2017-10-12,06:28,116,on/off,on/off,3,20.1,69.7,on,50,18,44,18,,,,
2017-10-12,06:28,114,on/off,on/off,3,20.1,69.7,on,50,18,44,18,,,,
2017-10-12,06:28,114,on/off,on/off,5,20.1,69.7,on,50,18,44,18,,,,
2017-10-12,06:28,116,on/off,on/off,2,20.1,69.7,on,50,18,43,18,,,,
2017-10-12,06:28,116,on/off,on/off,3,20.1,69.8,on,50,18,43,18,,,,
2017-10-12,06:28,115,on/off,on/off,4,20.1,69.8,on,50,18,43,18,,,,
2017-10-12,06:28,114,on/off,on/off,3,20.1,69.8,on,50,18,44,18,,,,
2017-10-12,06:28,113,on/off,on/off,3,20.1,69.8,on,50,18,44,19,,,,
2017-10-12,06:28,119,on/off,on/off,4,20.1,70.0,on,50,18,44,18,,,,
2017-10-12,06:28,116,on/off,on/off,4,20.1,70.0,on,50,18,43,18,,,,
2017-10-12,06:28,120,on/off,on/off,4,20.1,70.0,on,50,18,44,18,,,,
2017-10-12,06:28,112,on/off,on/off,4,20.1,70.0,on,50,18,44,18,,,,
2017-10-12,06:28,117,on/off,on/off,3,20.1,70.0,on,50,18,44,18,,,,
2017-10-12,06:28,116,on/off,on/off,3,20.1,70.0,on,50,18,44,18,,,,
2017-10-12,06:28,115,on/off,on/off,4,20.1,70.0,on,50,18,44,18,,,,
2017-10-12,06:28,117,on/off,on/off,2,20.1,70.0,on,50,18,43,18,,,,
2017-10-12,06:29,121,on/off,on/off,3,20.1,70.1,on,50,18,44,18,,,,
2017-10-12,06:29,118,on/off,on/off,4,20.1,70.1,on,50,18,44,18,,,,
2017-10-12,06:29,110,on/off,on/off,4,20.1,70.1,on,50,17,43,18,,,,
2017-10-12,06:29,118,on/off,on/off,3,20.1,70.1,on,50,18,44,19,,,,
2017-10-12,06:29,114,on/off,on/off,3,20.1,70.2,on,50,18,44,18,,,,
2017-10-12,06:29,116,on/off,on/off,3,20.1,70.2,on,50,18,44,19,,,,
2017-10-12,06:29,117,on/off,on/off,4,20.1,70.2,on,50,18,43,18,,,,
2017-10-12,06:29,116,on/off,on/off,3,20.1,70.2,on,49,18,44,18,,,,
2017-10-12,06:29,118,on/off,on/off,4,20.0,70.3,on,50,18,44,18,,,,
2017-10-12,06:29,117,on/off,on/off,4,20.0,70.3,on,50,18,44,18,,,,
2017-10-12,06:29,113,on/off,on/off,3,20.0,70.3,on,50,18,44,19,,,,
2017-10-12,06:29,119,on/off,on/off,3,20.0,70.3,on,50,18,44,18,,,,
2017-10-12,06:29,111,on/off,on/off,4,20.0,70.3,on,50,18,44,19,,,,
2017-10-12,06:29,117,on/off,on/off,2,20.0,70.3,on,50,18,44,18,,,,
2017-10-12,06:29,117,on/off,on/off,6,20.0,70.3,on,50,18,44,18,,,,
2017-10-12,06:29,120,on/off,on/off,5,20.0,70.3,on,50,18,44,18,,,,
2017-10-12,06:29,119,on/off,on/off,4,20.0,70.2,on,50,18,44,18,,,,
2017-10-12,06:29,120,on/off,on/off,4,20.0,70.2,on,50,18,44,18,,,,
2017-10-12,06:29,113,on/off,on/off,3,20.0,70.2,on,50,18,44,19,,,,
2017-10-12,06:29,120,on/off,on/off,4,20.0,70.2,on,49,18,44,18,,,,
2017-10-12,06:30,113,on/off,on/off,4,20.0,70.1,on,50,18,44,19,,,,
2017-10-12,06:30,115,on/off,on/off,3,20.0,70.1,on,50,18,44,19,,,,
2017-10-12,06:30,118,on/off,on/off,4,20.0,70.1,on,50,18,44,18,,,,
2017-10-12,06:30,121,on/off,on/off,3,20.0,70.1,on,49,18,44,18,,,,
2017-10-12,06:30,122,on/off,on/off,5,20.0,70.4,on,50,18,44,18,,,,
2017-10-12,06:30,119,on/off,on/off,6,20.0,70.4,on,49,18,44,18,,,,
2017-10-12,06:30,118,on/off,on/off,4,20.0,70.4,on,50,18,44,18,,,,
2017-10-12,06:30,120,on/off,on/off,2,20.0,70.4,on,49,18,44,18,,,,
2017-10-12,06:30,120,on/off,on/off,4,20.0,70.3,on,50,18,44,19,,,,
2017-10-12,06:30,125,on/off,on/off,5,20.0,70.3,on,49,18,44,18,,,,
2017-10-12,06:30,122,on/off,on/off,4,20.0,70.3,on,50,18,44,18,,,,
2017-10-12,06:30,121,on/off,on/off,5,20.0,70.3,on,49,18,44,18,,,,
2017-10-12,06:30,117,on/off,on/off,3,20.0,70.4,on,50,18,44,18,,,,
2017-10-12,06:30,120,on/off,on/off,4,20.0,70.4,on,49,18,44,18,,,,
2017-10-12,06:30,119,on/off,on/off,3,20.0,70.4,on,49,18,44,18,,,,
2017-10-12,06:30,120,on/off,on/off,3,20.0,70.4,on,50,18,44,18,,,,
2017-10-12,06:30,120,on/off,on/off,5,20.0,70.3,on,49,18,44,18,,,,
2017-10-12,06:30,120,on/off,on/off,5,20.0,70.3,on,49,18,44,18,,,,
2017-10-12,06:30,122,on/off,on/off,4,20.0,70.3,on,50,18,44,19,,,,
2017-10-12,06:30,121,on/off,on/off,3,20.0,70.3,on,49,18,44,18,,,,
2017-10-12,06:30,121,on/off,on/off,1,20.0,70.3,on,49,18,44,18,,,,
2017-10-12,06:30,121,on/off,on/off,4,20.0,70.3,on,49,18,44,19,,,,
2017-10-12,06:30,123,on/off,on/off,3,20.0,70.3,on,49,18,44,18,,,,
2017-10-12,06:30,116,on/off,on/off,3,20.0,70.3,on,49,18,44,19,,,,
2017-10-12,06:31,115,on/off,on/off,3,20.0,70.3,on,49,18,44,18,,,,
2017-10-12,06:31,115,on/off,on/off,2,20.0,70.3,on,49,18,44,19,,,,
2017-10-12,06:31,127,on/off,on/off,5,20.0,70.3,on,49,18,44,18,,,,
2017-10-12,06:31,123,on/off,on/off,4,20.0,70.3,on,49,18,44,18,,,,
2017-10-12,06:31,120,on/off,on/off,4,20.0,70.5,on,49,18,44,18,,,,
2017-10-12,06:31,121,on/off,on/off,2,20.0,70.5,on,49,18,44,18,,,,
2017-10-12,06:31,123,on/off,on/off,4,20.0,70.5,on,49,18,44,18,,,,
2017-10-12,06:31,120,on/off,on/off,2,20.0,70.5,on,49,18,44,19,,,,
2017-10-12,06:31,121,on/off,on/off,4,20.0,70.5,on,49,18,44,19,,,,
2017-10-12,06:31,122,on/off,on/off,3,20.0,70.5,on,49,18,44,19,,,,
2017-10-12,06:31,121,on/off,on/off,4,20.0,70.5,on,49,18,44,18,,,,
2017-10-12,06:31,120,on/off,on/off,3,20.0,70.5,on,49,18,44,18,,,,
2017-10-12,06:31,122,on/off,on/off,5,20.0,70.5,on,49,18,44,18,,,,
2017-10-12,06:31,120,on/off,on/off,5,20.0,70.5,on,49,18,44,18,,,,
2017-10-12,06:31,121,on/off,on/off,4,20.0,70.5,on,49,18,44,19,,,,
2017-10-12,06:31,121,on/off,on/off,4,20.0,70.5,on,49,18,44,18,,,,
2017-10-12,06:31,120,on/off,on/off,4,20.0,70.5,on,49,18,44,18,,,,
2017-10-12,06:31,121,on/off,on/off,3,20.0,70.5,on,49,18,44,19,,,,
2017-10-12,06:31,121,on/off,on/off,5,20.0,70.5,on,49,18,44,18,,,,
2017-10-12,06:31,123,on/off,on/off,4,20.0,70.5,on,49,18,44,18,,,,
2017-10-12,06:32,117,on/off,on/off,4,20.0,70.5,on,49,18,44,18,,,,
2017-10-12,06:32,121,on/off,on/off,4,20.0,70.5,on,49,18,44,18,,,,
2017-10-12,06:32,120,on/off,on/off,4,20.0,70.5,on,49,18,44,18,,,,
2017-10-12,06:32,122,on/off,on/off,4,20.0,70.5,on,49,18,44,18,,,,
2017-10-12,06:32,122,on/off,on/off,3,20.0,70.5,on,49,18,44,18,,,,
2017-10-12,06:32,125,on/off,on/off,5,20.0,70.5,on,49,18,44,18,,,,
2017-10-12,06:32,128,on/off,on/off,5,20.0,70.5,on,49,18,44,18,,,,
2017-10-12,06:32,115,on/off,on/off,1,20.0,70.5,on,49,18,44,19,,,,
2017-10-12,06:32,121,on/off,on/off,4,20.0,70.6,on,49,18,44,18,,,,
2017-10-12,06:32,117,on/off,on/off,2,20.0,70.6,on,49,18,44,19,,,,
2017-10-12,06:32,122,on/off,on/off,3,20.0,70.6,on,49,18,44,18,,,,
2017-10-12,06:32,122,on/off,on/off,4,20.0,70.6,on,49,18,44,18,,,,
2017-10-12,06:32,122,on/off,on/off,3,20.0,70.5,on,49,18,44,18,,,,
2017-10-12,06:32,116,on/off,on/off,3,20.0,70.5,on,49,18,44,18,,,,
2017-10-12,06:32,121,on/off,on/off,3,20.0,70.5,on,49,18,44,18,,,,
2017-10-12,06:32,121,on/off,on/off,4,20.0,70.5,on,49,18,44,18,,,,
2017-10-12,06:32,121,on/off,on/off,4,20.0,70.4,on,49,18,44,18,,,,
2017-10-12,06:32,120,on/off,on/off,5,20.0,70.4,on,49,18,44,18,,,,
2017-10-12,06:32,122,on/off,on/off,4,20.0,70.4,on,49,18,44,18,,,,
2017-10-12,06:32,121,on/off,on/off,4,20.0,70.4,on,49,18,44,19,,,,
2017-10-12,06:32,124,on/off,on/off,4,20.0,70.4,on,49,18,44,18,,,,
2017-10-12,06:32,122,on/off,on/off,4,20.0,70.4,on,49,18,44,18,,,,
2017-10-12,06:32,126,on/off,on/off,3,20.0,70.4,on,49,18,44,18,,,,
2017-10-12,06:32,119,on/off,on/off,4,20.0,70.4,on,49,18,44,19,,,,
2017-10-12,06:33,124,on/off,on/off,4,20.0,70.6,on,49,18,44,18,,,,
2017-10-12,06:33,122,on/off,on/off,4,20.0,70.6,on,49,18,44,18,,,,
2017-10-12,06:33,127,on/off,on/off,4,20.0,70.6,on,49,18,44,18,,,,
2017-10-12,06:33,124,on/off,on/off,4,20.0,70.6,on,49,18,44,18,,,,
2017-10-12,06:33,123,on/off,on/off,4,20.0,70.6,on,49,18,44,18,,,,
2017-10-12,06:33,122,on/off,on/off,2,20.0,70.6,on,49,18,44,18,,,,
2017-10-12,06:33,121,on/off,on/off,4,20.0,70.6,on,49,18,44,19,,,,
2017-10-12,06:33,121,on/off,on/off,6,20.0,70.6,on,49,18,44,18,,,,
2017-10-12,06:33,124,on/off,on/off,2,20.0,70.7,on,49,18,44,18,,,,
2017-10-12,06:33,123,on/off,on/off,4,20.0,70.7,on,49,18,44,18,,,,
2017-10-12,06:33,122,on/off,on/off,3,20.0,70.7,on,49,18,44,18,,,,
2017-10-12,06:33,126,on/off,on/off,4,20.0,70.7,on,49,18,44,19,,,,
2017-10-12,06:33,119,on/off,on/off,3,20.0,70.6,on,49,18,44,19,,,,
2017-10-12,06:33,123,on/off,on/off,5,20.0,70.6,on,49,18,45,18,,,,
2017-10-12,06:33,122,on/off,on/off,4,20.0,70.6,on,49,18,44,19,,,,
2017-10-12,06:33,124,on/off,on/off,4,20.0,70.6,on,49,18,44,18,,,,
2017-10-12,06:33,123,on/off,on/off,4,20.0,70.5,on,49,18,45,18,,,,
2017-10-12,06:33,123,on/off,on/off,4,20.0,70.5,on,49,18,44,18,,,,
2017-10-12,06:33,123,on/off,on/off,3,20.0,70.5,on,48,18,44,18,,,,
2017-10-12,06:33,124,on/off,on/off,4,20.0,70.5,on,49,18,44,18,,,,
2017-10-12,06:34,121,on/off,on/off,3,20.0,70.4,on,49,18,44,18,,,,
2017-10-12,06:34,123,on/off,on/off,4,20.0,70.4,on,49,18,44,19,,,,
2017-10-12,06:34,125,on/off,on/off,4,20.0,70.4,on,48,18,45,18,,,,
2017-10-12,06:34,129,on/off,on/off,6,20.0,70.4,on,49,18,44,18,,,,
2017-10-12,06:34,128,on/off,on/off,4,20.0,70.4,on,48,18,44,18,,,,
2017-10-12,06:34,128,on/off,on/off,7,20.0,70.4,on,49,18,44,18,,,,
2017-10-12,06:34,128,on/off,on/off,5,20.0,70.4,on,49,18,44,18,,,,
2017-10-12,06:34,128,on/off,on/off,4,20.0,70.4,on,49,18,44,18,,,,
2017-10-12,06:34,129,on/off,on/off,4,20.0,70.5,on,48,18,44,18,,,,
2017-10-12,06:34,133,on/off,on/off,3,20.0,70.5,on,49,18,44,18,,,,
2017-10-12,06:34,131,on/off,on/off,4,20.0,70.5,on,48,18,44,19,,,,
2017-10-12,06:34,131,on/off,on/off,4,20.0,70.5,on,49,18,44,18,,,,
2017-10-12,06:34,133,on/off,on/off,4,20.0,70.6,on,48,18,44,18,,,,
2017-10-12,06:34,132,on/off,on/off,4,20.0,70.6,on,49,18,44,18,,,,
2017-10-12,06:34,126,on/off,on/off,4,20.0,70.6,on,48,18,44,18,,,,
2017-10-12,06:34,131,on/off,on/off,4,20.0,70.6,on,48,18,44,19,,,,
2017-10-12,06:34,133,on/off,on/off,4,20.0,70.7,on,49,18,44,18,,,,
2017-10-12,06:34,132,on/off,on/off,3,20.0,70.7,on,48,18,44,19,,,,
2017-10-12,06:34,133,on/off,on/off,1,20.0,70.7,on,48,18,44,18,,,,
2017-10-12,06:34,132,on/off,on/off,5,20.0,70.7,on,48,18,44,19,,,,
2017-10-12,06:34,133,on/off,on/off,5,20.0,70.6,on,48,18,44,18,,,,
2017-10-12,06:34,138,on/off,on/off,3,20.0,70.6,on,48,18,44,18,,,,
2017-10-12,06:34,131,on/off,on/off,2,20.0,70.6,on,49,18,44,18,,,,
2017-10-12,06:34,133,on/off,on/off,4,20.0,70.6,on,48,18,44,18,,,,
2017-10-12,06:35,137,on/off,on/off,5,19.9,70.6,on,48,19,44,18,,,,
2017-10-12,06:35,137,on/off,on/off,4,19.9,70.6,on,48,18,44,19,,,,
2017-10-12,06:35,137,on/off,on/off,4,19.9,70.6,on,48,18,44,18,,,,
2017-10-12,06:35,138,on/off,on/off,5,19.9,70.6,on,48,18,44,18,,,,
2017-10-12,06:35,138,on/off,on/off,5,20.0,70.6,on,49,18,44,18,,,,
2017-10-12,06:35,140,on/off,on/off,4,20.0,70.6,on,48,18,44,18,,,,
2017-10-12,06:35,139,on/off,on/off,2,20.0,70.6,on,48,18,44,18,,,,
2017-10-12,06:35,139,on/off,on/off,5,20.0,70.6,on,48,18,44,18,,,,
2017-10-12,06:35,138,on/off,on/off,2,19.9,70.6,on,48,18,44,18,,,,
2017-10-12,06:35,137,on/off,on/off,4,19.9,70.6,on,48,18,44,18,,,,
2017-10-12,06:35,138,on/off,on/off,4,19.9,70.6,on,49,18,44,18,,,,
2017-10-12,06:35,136,on/off,on/off,6,19.9,70.6,on,48,18,44,19,,,,
2017-10-12,06:35,134,on/off,on/off,4,20.0,70.6,on,48,19,44,18,,,,
2017-10-12,06:35,132,on/off,on/off,4,20.0,70.6,on,48,18,44,18,,,,
2017-10-12,06:35,133,on/off,on/off,5,20.0,70.6,on,48,18,44,18,,,,
2017-10-12,06:35,133,on/off,on/off,2,20.0,70.6,on,48,18,44,18,,,,
2017-10-12,06:35,124,on/off,on/off,4,19.9,70.6,on,48,18,44,19,,,,
2017-10-12,06:35,126,on/off,on/off,4,19.9,70.6,on,48,18,44,18,,,,
2017-10-12,06:35,126,on/off,on/off,4,19.9,70.6,on,48,18,44,18,,,,
2017-10-12,06:35,125,on/off,on/off,4,19.9,70.6,on,48,18,44,18,,,,
2017-10-12,06:36,121,on/off,on/off,2,20.0,70.6,on,48,18,44,18,,,,
2017-10-12,06:36,124,on/off,on/off,3,20.0,70.6,on,48,18,44,18,,,,
2017-10-12,06:36,123,on/off,on/off,4,20.0,70.6,on,48,18,45,18,,,,
2017-10-12,06:36,124,on/off,on/off,5,20.0,70.6,on,48,18,44,18,,,,
2017-10-12,06:36,116,on/off,on/off,3,19.9,70.6,on,48,18,44,18,,,,
2017-10-12,06:36,122,on/off,on/off,4,19.9,70.6,on,48,18,44,18,,,,
2017-10-12,06:36,124,on/off,on/off,4,19.9,70.6,on,48,18,44,19,,,,
2017-10-12,06:36,125,on/off,on/off,5,19.9,70.6,on,48,18,44,18,,,,
2017-10-12,06:36,125,on/off,on/off,4,19.9,70.6,on,48,18,44,18,,,,
2017-10-12,06:36,124,on/off,on/off,4,19.9,70.6,on,48,19,44,18,,,,
2017-10-12,06:36,122,on/off,on/off,4,19.9,70.6,on,48,18,44,19,,,,
2017-10-12,06:36,128,on/off,on/off,6,19.9,70.6,on,48,18,44,18,,,,
2017-10-12,06:36,119,on/off,on/off,3,20.0,70.6,on,48,18,44,19,,,,
2017-10-12,06:36,121,on/off,on/off,4,20.0,70.6,on,48,18,44,19,,,,
2017-10-12,06:36,124,on/off,on/off,6,20.0,70.6,on,48,19,44,18,,,,
2017-10-12,06:36,127,on/off,on/off,2,20.0,70.6,on,48,19,44,18,,,,
2017-10-12,06:36,122,on/off,on/off,2,20.0,70.7,on,48,18,44,18,,,,
2017-10-12,06:36,123,on/off,on/off,5,20.0,70.7,on,48,19,44,18,,,,
2017-10-12,06:36,123,on/off,on/off,4,20.0,70.7,on,48,18,44,18,,,,
2017-10-12,06:36,127,on/off,on/off,4,20.0,70.7,on,48,18,44,18,,,,
2017-10-12,06:36,121,on/off,on/off,3,20.0,70.6,on,48,18,44,18,,,,
2017-10-12,06:36,121,on/off,on/off,3,20.0,70.6,on,48,18,44,18,,,,
2017-10-12,06:36,124,on/off,on/off,6,20.0,70.6,on,48,19,44,18,,,,
2017-10-12,06:36,128,on/off,on/off,4,20.0,70.6,on,48,18,44,18,,,,
2017-10-12,06:37,125,on/off,on/off,4,20.0,70.6,on,48,18,44,18,,,,
2017-10-12,06:37,122,on/off,on/off,4,20.0,70.6,on,48,18,44,19,,,,
2017-10-12,06:37,124,on/off,on/off,4,20.0,70.6,on,48,19,45,18,,,,
2017-10-12,06:37,130,on/off,on/off,4,20.0,70.6,on,48,18,44,18,,,,
2017-10-12,06:37,125,on/off,on/off,5,20.0,70.7,on,48,18,44,18,,,,
2017-10-12,06:37,125,on/off,on/off,4,20.0,70.7,on,48,18,44,18,,,,
2017-10-12,06:37,121,on/off,on/off,2,20.0,70.7,on,48,18,44,19,,,,
2017-10-12,06:37,125,on/off,on/off,4,20.0,70.7,on,48,18,44,19,,,,
2017-10-12,06:37,125,on/off,on/off,4,20.0,70.7,on,48,19,44,18,,,,
2017-10-12,06:37,128,on/off,on/off,3,20.0,70.7,on,48,19,44,18,,,,
2017-10-12,06:37,125,on/off,on/off,4,20.0,70.7,on,48,19,44,18,,,,
2017-10-12,06:37,121,on/off,on/off,5,20.0,70.7,on,48,18,44,18,,,,
2017-10-12,06:37,126,on/off,on/off,2,19.9,70.7,on,48,18,44,18,,,,
2017-10-12,06:37,122,on/off,on/off,4,19.9,70.7,on,48,18,44,19,,,,
2017-10-12,06:37,128,on/off,on/off,4,19.9,70.7,on,48,18,45,18,,,,
2017-10-12,06:37,125,on/off,on/off,4,19.9,70.7,on,48,18,44,18,,,,
2017-10-12,06:37,123,on/off,on/off,4,20.0,70.6,on,48,18,44,18,,,,
2017-10-12,06:37,126,on/off,on/off,4,20.0,70.6,on,48,18,44,18,,,,
2017-10-12,06:37,123,on/off,on/off,2,20.0,70.6,on,48,18,44,18,,,,
2017-10-12,06:37,125,on/off,on/off,4,20.0,70.6,on,48,18,44,18,,,,
2017-10-12,06:38,126,on/off,on/off,4,19.9,70.7,on,48,18,44,18,,,,
2017-10-12,06:38,129,on/off,on/off,3,19.9,70.7,on,48,18,44,18,,,,
2017-10-12,06:38,122,on/off,on/off,4,19.9,70.7,on,48,18,44,18,,,,
2017-10-12,06:38,125,on/off,on/off,4,19.9,70.7,on,48,18,44,19,,,,
2017-10-12,06:38,128,on/off,on/off,4,19.9,70.7,on,48,18,44,18,,,,
2017-10-12,06:38,126,on/off,on/off,2,19.9,70.7,on,48,18,44,18,,,,
2017-10-12,06:38,125,on/off,on/off,4,19.9,70.7,on,48,18,44,18,,,,
2017-10-12,06:38,123,on/off,on/off,2,19.9,70.7,on,48,18,44,18,,,,
2017-10-12,06:38,123,on/off,on/off,4,19.9,70.7,on,48,19,44,18,,,,
2017-10-12,06:38,126,on/off,on/off,1,19.9,70.7,on,48,18,44,18,,,,
2017-10-12,06:38,124,on/off,on/off,4,19.9,70.7,on,48,18,44,19,,,,
2017-10-12,06:38,126,on/off,on/off,4,19.9,70.7,on,48,18,44,18,,,,
2017-10-12,06:38,127,on/off,on/off,4,19.9,70.7,on,48,18,44,18,,,,
2017-10-12,06:38,124,on/off,on/off,4,19.9,70.7,on,48,18,44,18,,,,
2017-10-12,06:38,125,on/off,on/off,2,19.9,70.7,on,48,18,44,19,,,,
2017-10-12,06:38,124,on/off,on/off,3,19.9,70.7,on,47,18,44,19,,,,
2017-10-12,06:38,126,on/off,on/off,4,20.0,70.6,on,48,18,44,18,,,,
2017-10-12,06:38,126,on/off,on/off,4,20.0,70.6,on,48,18,44,18,,,,
2017-10-12,06:38,125,on/off,on/off,5,20.0,70.6,on,48,18,44,18,,,,
2017-10-12,06:38,125,on/off,on/off,4,20.0,70.6,on,48,19,44,18,,,,
2017-10-12,06:38,116,on/off,on/off,3,19.9,70.7,on,48,18,44,19,,,,
2017-10-12,06:38,119,on/off,on/off,4,19.9,70.7,on,48,18,44,18,,,,
2017-10-12,06:38,125,on/off,on/off,5,19.9,70.7,on,48,19,44,18,,,,
2017-10-12,06:38,124,on/off,on/off,4,19.9,70.7,on,48,18,44,18,,,,
2017-10-12,06:39,354,on/off,on/off,394,20.0,70.7,on,48,19,44,18,,,,
2017-10-12,06:39,352,on/off,on/off,394,20.0,70.7,on,48,19,44,18,,,,
2017-10-12,06:39,350,on/off,on/off,394,20.0,70.7,on,48,18,44,19,,,,
2017-10-12,06:39,353,on/off,on/off,393,20.0,70.7,on,47,19,44,18,,,,
2017-10-12,06:39,355,on/off,on/off,397,20.0,70.6,on,48,18,44,18,,,,
2017-10-12,06:39,354,on/off,on/off,397,20.0,70.6,on,48,19,44,18,,,,
2017-10-12,06:39,352,on/off,on/off,397,20.0,70.6,on,48,18,44,18,,,,
2017-10-12,06:39,352,on/off,on/off,397,20.0,70.6,on,48,19,44,18,,,,
2017-10-12,06:39,366,on/off,on/off,399,19.9,70.6,on,48,18,44,18,,,,
2017-10-12,06:39,365,on/off,on/off,399,19.9,70.6,on,48,18,44,19,,,,
2017-10-12,06:39,365,on/off,on/off,400,19.9,70.6,on,47,19,44,18,,,,
2017-10-12,06:39,365,on/off,on/off,399,19.9,70.6,on,48,19,44,18,,,,
2017-10-12,06:39,349,on/off,on/off,395,20.0,70.7,on,48,18,44,19,,,,
2017-10-12,06:39,354,on/off,on/off,395,20.0,70.7,on,48,18,44,19,,,,
2017-10-12,06:39,355,on/off,on/off,395,20.0,70.7,on,48,19,44,18,,,,
2017-10-12,06:39,356,on/off,on/off,396,20.0,70.7,on,48,19,44,18,,,,
2017-10-12,06:39,356,on/off,on/off,395,20.0,70.7,on,48,19,44,18,,,,
2017-10-12,06:39,355,on/off,on/off,394,20.0,70.7,on,48,19,44,19,,,,
2017-10-12,06:39,354,on/off,on/off,393,20.0,70.7,on,48,19,44,19,,,,
2017-10-12,06:39,358,on/off,on/off,396,20.0,70.7,on,48,19,44,18,,,,
2017-10-12,06:40,356,on/off,on/off,395,20.0,70.4,on,48,19,44,18,,,,
2017-10-12,06:40,357,on/off,on/off,395,20.0,70.4,on,48,19,44,18,,,,
2017-10-12,06:40,356,on/off,on/off,394,20.0,70.4,on,48,18,44,18,,,,
2017-10-12,06:40,356,on/off,on/off,392,20.0,70.4,on,48,19,44,18,,,,
2017-10-12,06:40,355,on/off,on/off,394,20.0,70.3,on,48,19,44,18,,,,
2017-10-12,06:40,355,on/off,on/off,395,20.0,70.3,on,48,19,44,18,,,,
2017-10-12,06:40,357,on/off,on/off,394,20.0,70.3,on,48,18,44,18,,,,
2017-10-12,06:40,354,on/off,on/off,392,20.0,70.3,on,48,18,44,18,,,,
2017-10-12,06:40,357,on/off,on/off,394,20.0,70.6,on,48,19,43,18,,,,
2017-10-12,06:40,356,on/off,on/off,394,20.0,70.6,on,48,19,44,18,,,,
2017-10-12,06:40,353,on/off,on/off,393,20.0,70.6,on,48,18,44,18,,,,
2017-10-12,06:40,352,on/off,on/off,393,20.0,70.6,on,47,19,44,19,,,,
2017-10-12,06:40,356,on/off,on/off,397,20.0,70.6,on,48,19,44,18,,,,
2017-10-12,06:40,351,on/off,on/off,396,20.0,70.6,on,48,19,44,18,,,,
2017-10-12,06:40,354,on/off,on/off,398,20.0,70.6,on,48,19,44,18,,,,
2017-10-12,06:40,355,on/off,on/off,396,20.0,70.6,on,48,19,44,18,,,,
2017-10-12,06:40,351,on/off,on/off,397,20.1,70.8,on,48,19,44,18,,,,
2017-10-12,06:40,350,on/off,on/off,396,20.1,70.8,on,48,18,44,19,,,,
2017-10-12,06:40,348,on/off,on/off,396,20.1,70.8,on,48,19,44,18,,,,
2017-10-12,06:40,349,on/off,on/off,395,20.1,70.8,on,47,19,44,18,,,,
2017-10-12,06:40,361,on/off,on/off,397,20.1,70.4,on,47,19,44,18,,,,
2017-10-12,06:40,364,on/off,on/off,398,20.1,70.4,on,48,19,44,19,,,,
2017-10-12,06:40,363,on/off,on/off,397,20.1,70.4,on,48,19,44,18,,,,
2017-10-12,06:40,361,on/off,on/off,398,20.1,70.4,on,48,19,44,18,,,,
2017-10-12,06:41,364,on/off,on/off,395,20.1,70.3,on,48,19,44,18,,,,
2017-10-12,06:41,362,on/off,on/off,398,20.1,70.3,on,48,19,43,18,,,,
2017-10-12,06:41,364,on/off,on/off,397,20.1,70.3,on,48,19,44,18,,,,
2017-10-12,06:41,361,on/off,on/off,397,20.1,70.3,on,47,19,44,18,,,,
2017-10-12,06:41,366,on/off,on/off,398,20.2,70.2,on,48,19,44,18,,,,
2017-10-12,06:41,363,on/off,on/off,396,20.2,70.2,on,48,19,44,18,,,,
2017-10-12,06:41,365,on/off,on/off,396,20.2,70.2,on,48,19,44,18,,,,
2017-10-12,06:41,363,on/off,on/off,396,20.2,70.2,on,47,19,44,19,,,,
2017-10-12,06:41,360,on/off,on/off,397,20.2,69.9,on,48,19,44,18,,,,
2017-10-12,06:41,364,on/off,on/off,397,20.2,69.9,on,47,19,44,18,,,,
2017-10-12,06:41,365,on/off,on/off,397,20.2,69.9,on,48,19,44,19,,,,
2017-10-12,06:41,363,on/off,on/off,396,20.2,69.9,on,47,19,44,18,,,,
2017-10-12,06:41,362,on/off,on/off,396,20.2,69.8,on,48,19,44,18,,,,
2017-10-12,06:41,363,on/off,on/off,396,20.2,69.8,on,48,19,44,19,,,,
2017-10-12,06:41,361,on/off,on/off,395,20.2,69.8,on,47,19,44,18,,,,
2017-10-12,06:41,363,on/off,on/off,396,20.2,69.8,on,47,19,44,18,,,,
2017-10-12,06:41,366,on/off,on/off,396,20.2,69.7,on,47,19,44,18,,,,
2017-10-12,06:41,364,on/off,on/off,396,20.2,69.7,on,48,18,44,19,,,,
2017-10-12,06:41,359,on/off,on/off,396,20.2,69.7,on,48,19,44,18,,,,
2017-10-12,06:41,360,on/off,on/off,396,20.2,69.7,on,47,19,44,18,,,,
2017-10-12,06:41,363,on/off,on/off,395,20.2,69.6,on,47,19,44,18,,,,
2017-10-12,06:41,364,on/off,on/off,396,20.2,69.6,on,47,19,43,18,,,,
2017-10-12,06:41,363,on/off,on/off,396,20.2,69.6,on,47,19,43,18,,,,
2017-10-12,06:41,360,on/off,on/off,395,20.2,69.6,on,47,19,44,18,,,,
2017-10-12,06:42,365,on/off,on/off,396,20.1,69.5,on,47,19,44,18,,,,
2017-10-12,06:42,360,on/off,on/off,393,20.1,69.5,on,48,19,44,19,,,,
2017-10-12,06:42,364,on/off,on/off,396,20.1,69.5,on,47,19,44,18,,,,
2017-10-12,06:42,363,on/off,on/off,395,20.1,69.5,on,47,19,44,18,,,,
2017-10-12,06:42,366,on/off,on/off,395,20.2,69.5,on,47,19,44,18,,,,
2017-10-12,06:42,360,on/off,on/off,395,20.2,69.5,on,47,19,44,18,,,,
2017-10-12,06:42,362,on/off,on/off,395,20.2,69.5,on,47,19,44,18,,,,
2017-10-12,06:42,362,on/off,on/off,396,20.2,69.5,on,47,19,43,18,,,,
2017-10-12,06:42,358,on/off,on/off,394,20.1,69.5,on,47,19,44,18,,,,
2017-10-12,06:42,363,on/off,on/off,394,20.1,69.5,on,47,19,43,18,,,,
2017-10-12,06:42,363,on/off,on/off,396,20.1,69.5,on,48,19,43,18,,,,
2017-10-12,06:42,362,on/off,on/off,396,20.1,69.5,on,47,19,44,18,,,,
2017-10-12,06:42,363,on/off,on/off,395,20.2,69.4,on,47,19,44,18,,,,
2017-10-12,06:42,362,on/off,on/off,394,20.2,69.4,on,47,19,44,18,,,,
2017-10-12,06:42,362,on/off,on/off,395,20.2,69.4,on,47,19,44,18,,,,
2017-10-12,06:42,362,on/off,on/off,393,20.2,69.4,on,47,19,44,18,,,,
2017-10-12,06:42,362,on/off,on/off,395,20.2,69.3,on,47,19,44,18,,,,
2017-10-12,06:42,357,on/off,on/off,394,20.2,69.3,on,47,19,44,19,,,,
2017-10-12,06:42,362,on/off,on/off,392,20.2,69.3,on,48,19,44,19,,,,
2017-10-12,06:42,366,on/off,on/off,395,20.2,69.3,on,48,19,43,18,,,,
2017-10-12,06:43,122,on/off,on/off,6,20.2,69.2,on,47,19,44,18,,,,
2017-10-12,06:43,126,on/off,on/off,8,20.2,69.2,on,47,19,43,18,,,,
2017-10-12,06:43,126,on/off,on/off,7,20.2,69.2,on,48,19,44,18,,,,
2017-10-12,06:43,127,on/off,on/off,6,20.2,69.2,on,47,19,44,18,,,,
2017-10-12,06:43,118,on/off,on/off,3,20.2,69.2,on,47,19,44,18,,,,
2017-10-12,06:43,121,on/off,on/off,2,20.2,69.2,on,47,19,44,18,,,,
2017-10-12,06:43,117,on/off,on/off,3,20.2,69.2,on,47,19,44,18,,,,
2017-10-12,06:43,118,on/off,on/off,3,20.2,69.2,on,47,19,43,18,,,,
2017-10-12,06:43,355,on/off,on/off,390,20.2,69.1,on,47,19,44,19,,,,
2017-10-12,06:43,353,on/off,on/off,389,20.2,69.1,on,47,19,44,19,,,,
2017-10-12,06:43,358,on/off,on/off,392,20.2,69.1,on,47,19,44,18,,,,
2017-10-12,06:43,359,on/off,on/off,391,20.2,69.1,on,47,19,44,18,,,,
2017-10-12,06:43,359,on/off,on/off,391,20.2,69.2,on,50,19,44,18,,,,
2017-10-12,06:43,363,on/off,on/off,392,20.2,69.2,on,49,19,44,18,,,,
2017-10-12,06:43,360,on/off,on/off,392,20.2,69.2,on,49,19,44,18,,,,
2017-10-12,06:43,360,on/off,on/off,392,20.2,69.2,on,50,18,43,18,,,,
2017-10-12,06:43,359,on/off,on/off,393,20.1,69.0,on,50,18,44,18,,,,
2017-10-12,06:43,358,on/off,on/off,393,20.1,69.0,on,50,18,44,18,,,,
2017-10-12,06:43,360,on/off,on/off,391,20.1,69.0,on,50,18,44,18,,,,
2017-10-12,06:43,360,on/off,on/off,390,20.1,69.0,on,51,18,44,18,,,,
2017-10-12,06:43,363,on/off,on/off,392,20.1,68.8,on,51,17,44,18,,,,
2017-10-12,06:43,359,on/off,on/off,391,20.1,68.8,on,51,17,44,18,,,,
2017-10-12,06:43,360,on/off,on/off,391,20.1,68.8,on,51,17,44,18,,,,
2017-10-12,06:43,360,on/off,on/off,392,20.1,68.8,on,51,17,43,18,,,,
2017-10-12,06:44,358,on/off,on/off,390,20.1,70.7,on,52,17,43,18,,,,
2017-10-12,06:44,358,on/off,on/off,391,20.1,70.7,on,51,17,44,18,,,,
2017-10-12,06:44,360,on/off,on/off,392,20.1,70.7,on,52,17,43,18,,,,
2017-10-12,06:44,359,on/off,on/off,392,20.1,70.7,on,52,17,43,18,,,,
2017-10-12,06:44,358,on/off,on/off,390,20.2,75.9,on,52,17,43,18,,,,
2017-10-12,06:44,358,on/off,on/off,390,20.2,75.9,on,52,17,44,18,,,,
2017-10-12,06:44,360,on/off,on/off,392,20.2,75.9,on,52,17,43,18,,,,
2017-10-12,06:44,358,on/off,on/off,389,20.2,75.9,on,52,17,43,18,,,,
2017-10-12,06:44,357,on/off,on/off,389,20.2,80.4,on,52,16,43,18,,,,
2017-10-12,06:44,360,on/off,on/off,391,20.2,80.4,on,52,17,43,18,,,,
2017-10-12,06:44,360,on/off,on/off,391,20.2,80.4,on,53,17,43,18,,,,
2017-10-12,06:44,358,on/off,on/off,389,20.2,80.4,on,52,17,43,18,,,,
2017-10-12,06:44,359,on/off,on/off,389,20.3,87.4,on,52,17,43,18,,,,
2017-10-12,06:44,357,on/off,on/off,389,20.3,87.4,on,52,17,43,18,,,,
2017-10-12,06:44,360,on/off,on/off,392,20.3,87.4,on,52,17,43,18,,,,
2017-10-12,06:44,359,on/off,on/off,391,20.3,87.4,on,52,17,43,18,,,,
2017-10-12,06:44,362,on/off,on/off,392,20.3,89.8,on,53,17,43,18,,,,
2017-10-12,06:44,360,on/off,on/off,388,20.3,89.8,on,53,17,43,18,,,,
2017-10-12,06:44,361,on/off,on/off,391,20.3,89.8,on,53,17,42,18,,,,
2017-10-12,06:44,356,on/off,on/off,387,20.3,89.8,on,53,17,43,18,,,,
2017-10-12,06:45,358,on/off,on/off,387,20.5,96.6,on,53,16,43,18,,,,
2017-10-12,06:45,358,on/off,on/off,385,20.5,96.6,on,53,17,42,18,,,,
2017-10-12,06:45,359,on/off,on/off,389,20.5,96.6,on,53,17,43,18,,,,
2017-10-12,06:45,360,on/off,on/off,392,20.5,96.6,on,53,17,43,18,,,,
2017-10-12,06:45,360,on/off,on/off,392,20.7,99.9,on,53,17,42,18,,,,
2017-10-12,06:45,357,on/off,on/off,389,20.7,99.9,on,53,17,43,18,,,,
2017-10-12,06:45,360,on/off,on/off,391,20.7,99.9,on,53,17,42,18,,,,
2017-10-12,06:45,360,on/off,on/off,390,20.7,99.9,on,53,17,42,18,,,,
2017-10-12,06:45,361,on/off,on/off,387,20.7,99.9,on,53,17,42,18,,,,
2017-10-12,06:45,361,on/off,on/off,391,20.7,99.9,on,53,17,42,18,,,,
2017-10-12,06:45,360,on/off,on/off,390,20.7,99.9,on,53,17,42,18,,,,
2017-10-12,06:45,357,on/off,on/off,387,20.7,99.9,on,53,16,42,19,,,,
2017-10-12,06:45,359,on/off,on/off,385,20.7,98.2,on,53,16,42,19,,,,
2017-10-12,06:45,359,on/off,on/off,388,20.7,98.2,on,53,16,42,18,,,,
2017-10-12,06:45,361,on/off,on/off,387,20.7,98.2,on,52,16,41,19,,,,
2017-10-12,06:45,362,on/off,on/off,390,20.7,98.2,on,53,17,41,18,,,,
2017-10-12,06:45,363,on/off,on/off,394,20.7,96.5,on,53,17,41,18,,,,
2017-10-12,06:45,363,on/off,on/off,393,20.7,96.5,on,53,17,41,18,,,,
2017-10-12,06:45,365,on/off,on/off,393,20.7,96.5,on,53,17,41,18,,,,
2017-10-12,06:45,364,on/off,on/off,389,20.7,96.5,on,53,17,41,18,,,,
2017-10-12,06:45,367,on/off,on/off,394,20.7,95.5,on,53,17,40,18,,,,
2017-10-12,06:45,365,on/off,on/off,394,20.7,95.5,on,53,17,40,18,,,,
2017-10-12,06:45,359,on/off,on/off,389,20.7,95.5,on,53,16,40,18,,,,
2017-10-12,06:45,362,on/off,on/off,391,20.7,95.5,on,52,16,40,19,,,,
2017-10-12,06:46,364,on/off,on/off,392,20.7,93.6,on,52,17,40,18,,,,
2017-10-12,06:46,362,on/off,on/off,393,20.7,93.6,on,53,17,40,18,,,,
2017-10-12,06:46,365,on/off,on/off,389,20.7,93.6,on,52,17,40,18,,,,
2017-10-12,06:46,363,on/off,on/off,391,20.7,93.6,on,52,17,40,19,,,,
2017-10-12,06:46,365,on/off,on/off,389,20.8,92.6,on,52,17,39,18,,,,
2017-10-12,06:46,363,on/off,on/off,389,20.8,92.6,on,52,17,39,18,,,,
2017-10-12,06:46,363,on/off,on/off,391,20.8,92.6,on,52,17,40,18,,,,
2017-10-12,06:46,364,on/off,on/off,394,20.8,92.6,on,52,17,40,18,,,,
2017-10-12,06:46,365,on/off,on/off,390,20.8,91.0,on,52,17,39,18,,,,
2017-10-12,06:46,359,on/off,on/off,389,20.8,91.0,on,52,16,39,19,,,,
2017-10-12,06:46,362,on/off,on/off,391,20.8,91.0,on,52,17,39,18,,,,
2017-10-12,06:46,369,on/off,on/off,391,20.8,91.0,on,52,17,39,18,,,,
2017-10-12,06:46,364,on/off,on/off,392,20.8,89.4,on,52,17,39,18,,,,
2017-10-12,06:46,365,on/off,on/off,391,20.8,89.4,on,52,17,39,18,,,,
2017-10-12,06:46,366,on/off,on/off,393,20.8,89.4,on,52,16,38,18,,,,
2017-10-12,06:46,365,on/off,on/off,390,20.8,89.4,on,52,17,39,18,,,,
2017-10-12,06:46,368,on/off,on/off,392,20.8,88.2,on,52,17,38,18,,,,
2017-10-12,06:46,366,on/off,on/off,392,20.8,88.2,on,52,17,38,18,,,,
2017-10-12,06:46,363,on/off,on/off,389,20.8,88.2,on,52,17,38,18,,,,
2017-10-12,06:46,365,on/off,on/off,391,20.8,88.2,on,52,17,38,18,,,,
2017-10-12,06:47,363,on/off,on/off,391,20.8,87.0,on,52,17,38,18,,,,
2017-10-12,06:47,365,on/off,on/off,391,20.8,87.0,on,52,17,38,18,,,,
2017-10-12,06:47,370,on/off,on/off,392,20.8,87.0,on,52,17,38,18,,,,
2017-10-12,06:47,364,on/off,on/off,392,20.8,87.0,on,52,17,38,18,,,,
2017-10-12,06:47,363,on/off,on/off,391,20.9,86.5,on,52,17,37,18,,,,
2017-10-12,06:47,368,on/off,on/off,390,20.9,86.5,on,52,17,37,18,,,,
2017-10-12,06:47,365,on/off,on/off,392,20.9,86.5,on,52,17,37,18,,,,
2017-10-12,06:47,363,on/off,on/off,392,20.9,86.5,on,52,17,37,18,,,,
2017-10-12,06:47,366,on/off,on/off,390,20.8,85.2,on,52,17,37,18,,,,
2017-10-12,06:47,365,on/off,on/off,392,20.8,85.2,on,52,17,37,18,,,,
2017-10-12,06:47,362,on/off,on/off,392,20.8,85.2,on,52,17,37,18,,,,
2017-10-12,06:47,366,on/off,on/off,388,20.8,85.2,on,52,17,37,18,,,,
2017-10-12,06:47,366,on/off,on/off,392,20.8,84.5,on,52,17,36,18,,,,
2017-10-12,06:47,366,on/off,on/off,391,20.8,84.5,on,52,17,37,18,,,,
2017-10-12,06:47,359,on/off,on/off,390,20.8,84.5,on,52,17,37,18,,,,
2017-10-12,06:47,366,on/off,on/off,390,20.8,84.5,on,52,17,37,18,,,,
2017-10-12,06:47,364,on/off,on/off,25,20.8,83.8,on,52,17,36,18,,,,
2017-10-12,06:47,363,on/off,on/off,26,20.8,83.8,on,52,17,37,18,,,,
2017-10-12,06:47,366,on/off,on/off,24,20.8,83.8,on,52,17,36,18,,,,
2017-10-12,06:47,359,on/off,on/off,24,20.8,83.8,on,52,17,36,18,,,,
2017-10-12,06:47,142,on/off,on/off,4,20.8,82.6,on,52,17,36,18,,,,
2017-10-12,06:47,141,on/off,on/off,5,20.8,82.6,on,52,17,36,18,,,,
2017-10-12,06:47,134,on/off,on/off,4,20.8,82.6,on,52,17,36,18,,,,
2017-10-12,06:47,141,on/off,on/off,3,20.8,82.6,on,51,17,36,18,,,,
2017-10-12,06:48,146,on/off,on/off,4,20.8,82.8,on,52,17,36,18,,,,
2017-10-12,06:48,141,on/off,on/off,6,20.8,82.8,on,52,17,36,18,,,,
2017-10-12,06:48,143,on/off,on/off,4,20.8,82.8,on,52,17,36,18,,,,
2017-10-12,06:48,142,on/off,on/off,5,20.8,82.8,on,52,17,36,18,,,,
2017-10-12,06:48,146,on/off,on/off,5,20.8,81.0,on,52,17,36,18,,,,
2017-10-12,06:48,139,on/off,on/off,3,20.8,81.0,on,51,17,36,18,,,,
2017-10-12,06:48,143,on/off,on/off,4,20.8,81.0,on,52,17,36,18,,,,
2017-10-12,06:48,142,on/off,on/off,3,20.8,81.0,on,51,17,36,18,,,,
2017-10-12,06:48,143,on/off,on/off,3,20.7,80.4,on,51,17,36,18,,,,
2017-10-12,06:48,143,on/off,on/off,3,20.7,80.4,on,51,17,36,18,,,,
2017-10-12,06:48,149,on/off,on/off,4,20.7,80.4,on,52,17,36,18,,,,
2017-10-12,06:48,144,on/off,on/off,4,20.7,80.4,on,51,17,35,18,,,,
2017-10-12,06:48,149,on/off,on/off,3,20.7,79.8,on,51,17,35,18,,,,
2017-10-12,06:48,144,on/off,on/off,2,20.7,79.8,on,51,17,35,18,,,,
2017-10-12,06:48,143,on/off,on/off,4,20.7,79.8,on,51,17,35,18,,,,
2017-10-12,06:48,139,on/off,on/off,5,20.7,79.8,on,51,17,35,19,,,,
2017-10-12,06:48,144,on/off,on/off,3,20.7,79.3,on,51,17,35,18,,,,
2017-10-12,06:48,143,on/off,on/off,3,20.7,79.3,on,51,17,35,18,,,,
2017-10-12,06:48,149,on/off,on/off,4,20.7,79.3,on,51,17,35,18,,,,
2017-10-12,06:48,143,on/off,on/off,4,20.7,79.3,on,51,17,35,18,,,,
2017-10-12,06:49,143,on/off,on/off,5,20.7,78.5,on,51,17,35,18,,,,
2017-10-12,06:49,144,on/off,on/off,4,20.7,78.5,on,51,17,35,18,,,,
2017-10-12,06:49,146,on/off,on/off,4,20.7,78.5,on,51,17,35,18,,,,
2017-10-12,06:49,145,on/off,on/off,5,20.7,78.5,on,51,17,35,18,,,,
2017-10-12,06:49,146,on/off,on/off,5,20.7,78.5,on,51,17,35,18,,,,
2017-10-12,06:49,146,on/off,on/off,4,20.7,78.5,on,51,17,35,18,,,,
2017-10-12,06:49,145,on/off,on/off,3,20.7,78.5,on,51,17,35,18,,,,
2017-10-12,06:49,145,on/off,on/off,4,20.7,78.5,on,51,17,35,18,,,,
2017-10-12,06:49,141,on/off,on/off,4,20.7,78.7,on,51,17,35,18,,,,
2017-10-12,06:49,144,on/off,on/off,4,20.7,78.7,on,51,17,35,18,,,,
2017-10-12,06:49,144,on/off,on/off,3,20.7,78.7,on,51,17,35,18,,,,
2017-10-12,06:49,147,on/off,on/off,4,20.7,78.7,on,51,17,35,18,,,,
2017-10-12,06:49,148,on/off,on/off,4,20.7,79.0,on,51,17,35,18,,,,
2017-10-12,06:49,146,on/off,on/off,5,20.7,79.0,on,51,17,35,18,,,,
2017-10-12,06:49,149,on/off,on/off,3,20.7,79.0,on,51,17,35,18,,,,
2017-10-12,06:49,146,on/off,on/off,5,20.7,79.0,on,51,17,35,18,,,,
2017-10-12,06:49,146,on/off,on/off,4,20.6,78.6,on,51,17,35,18,,,,
2017-10-12,06:49,145,on/off,on/off,6,20.6,78.6,on,51,17,35,18,,,,
2017-10-12,06:49,143,on/off,on/off,5,20.6,78.6,on,51,17,35,18,,,,
2017-10-12,06:49,147,on/off,on/off,4,20.6,78.6,on,51,17,35,18,,,,
2017-10-12,06:49,146,on/off,on/off,5,20.6,78.8,on,51,17,35,18,,,,
2017-10-12,06:49,152,on/off,on/off,6,20.6,78.8,on,51,17,35,18,,,,
2017-10-12,06:49,146,on/off,on/off,5,20.6,78.8,on,51,17,35,18,,,,
2017-10-12,06:49,147,on/off,on/off,2,20.6,78.8,on,51,17,35,18,,,,
2017-10-12,06:50,150,on/off,on/off,5,20.6,78.6,on,51,17,35,18,,,,
2017-10-12,06:50,147,on/off,on/off,5,20.6,78.6,on,51,17,35,18,,,,
2017-10-12,06:50,146,on/off,on/off,4,20.6,78.6,on,51,17,35,18,,,,
2017-10-12,06:50,147,on/off,on/off,4,20.6,78.6,on,50,17,35,18,,,,
2017-10-12,06:50,149,on/off,on/off,6,20.6,78.2,on,51,17,35,18,,,,
2017-10-12,06:50,148,on/off,on/off,4,20.6,78.2,on,51,17,35,18,,,,
2017-10-12,06:50,150,on/off,on/off,4,20.6,78.2,on,50,17,35,18,,,,
2017-10-12,06:50,147,on/off,on/off,7,20.6,78.2,on,51,17,35,18,,,,
2017-10-12,06:50,145,on/off,on/off,4,20.6,79.0,on,50,17,35,18,,,,
2017-10-12,06:50,148,on/off,on/off,4,20.6,79.0,on,50,17,35,18,,,,
2017-10-12,06:50,148,on/off,on/off,4,20.6,79.0,on,51,17,35,18,,,,
2017-10-12,06:50,149,on/off,on/off,5,20.6,79.0,on,51,17,35,18,,,,
2017-10-12,06:50,151,on/off,on/off,5,20.6,78.7,on,50,17,35,18,,,,
2017-10-12,06:50,149,on/off,on/off,6,20.6,78.7,on,50,17,35,18,,,,
2017-10-12,06:50,150,on/off,on/off,5,20.6,78.7,on,50,17,35,18,,,,
2017-10-12,06:50,147,on/off,on/off,6,20.6,78.7,on,50,17,35,19,,,,
2017-10-12,06:50,149,on/off,on/off,6,20.6,77.5,on,50,17,36,18,,,,
2017-10-12,06:50,150,on/off,on/off,4,20.6,77.5,on,50,17,35,18,,,,
2017-10-12,06:50,153,on/off,on/off,5,20.6,77.5,on,50,17,36,18,,,,
2017-10-12,06:50,150,on/off,on/off,5,20.6,77.5,on,50,17,35,18,,,,
2017-10-12,06:51,155,on/off,on/off,5,20.6,77.4,on,50,17,35,18,,,,
2017-10-12,06:51,146,on/off,on/off,3,20.6,77.4,on,50,17,35,18,,,,
2017-10-12,06:51,150,on/off,on/off,5,20.6,77.4,on,50,17,35,18,,,,
2017-10-12,06:51,154,on/off,on/off,5,20.6,77.4,on,50,17,36,18,,,,
2017-10-12,06:51,151,on/off,on/off,5,20.6,75.4,on,50,17,36,18,,,,
2017-10-12,06:51,149,on/off,on/off,5,20.6,75.4,on,50,17,36,18,,,,
2017-10-12,06:51,151,on/off,on/off,5,20.6,75.4,on,50,17,36,18,,,,
2017-10-12,06:51,155,on/off,on/off,6,20.6,75.4,on,50,17,36,18,,,,
2017-10-12,06:51,159,on/off,on/off,5,20.6,74.5,on,50,17,36,18,,,,
2017-10-12,06:51,154,on/off,on/off,7,20.6,74.5,on,50,17,36,18,,,,
2017-10-12,06:51,153,on/off,on/off,3,20.6,74.5,on,50,17,36,18,,,,
2017-10-12,06:51,152,on/off,on/off,5,20.6,74.5,on,50,17,36,18,,,,
2017-10-12,06:51,153,on/off,on/off,5,20.6,76.0,on,50,17,36,18,,,,
2017-10-12,06:51,150,on/off,on/off,5,20.6,76.0,on,50,17,36,18,,,,
2017-10-12,06:51,153,on/off,on/off,5,20.6,76.0,on,50,17,36,18,,,,
2017-10-12,06:51,156,on/off,on/off,6,20.6,76.0,on,50,17,36,18,,,,
2017-10-12,06:51,155,on/off,on/off,6,20.7,75.9,on,50,17,36,18,,,,
2017-10-12,06:51,155,on/off,on/off,5,20.7,75.9,on,50,17,36,18,,,,
2017-10-12,06:51,154,on/off,on/off,3,20.7,75.9,on,50,17,36,18,,,,
2017-10-12,06:51,154,on/off,on/off,5,20.7,75.9,on,50,17,36,18,,,,
2017-10-12,06:51,156,on/off,on/off,5,20.6,75.6,on,50,17,37,18,,,,
2017-10-12,06:51,154,on/off,on/off,5,20.6,75.6,on,50,17,36,18,,,,
2017-10-12,06:51,160,on/off,on/off,5,20.6,75.6,on,50,17,36,18,,,,
2017-10-12,06:51,154,on/off,on/off,5,20.6,75.6,on,50,17,36,18,,,,
2017-10-12,06:52,161,on/off,on/off,7,20.7,75.7,on,50,17,36,18,,,,
2017-10-12,06:52,155,on/off,on/off,6,20.7,75.7,on,50,17,36,18,,,,
2017-10-12,06:52,155,on/off,on/off,3,20.7,75.7,on,50,17,37,18,,,,
2017-10-12,06:52,157,on/off,on/off,5,20.7,75.7,on,50,17,36,18,,,,
2017-10-12,06:52,156,on/off,on/off,4,20.7,76.6,on,50,17,37,18,,,,
2017-10-12,06:52,153,on/off,on/off,5,20.7,76.6,on,50,17,37,18,,,,
2017-10-12,06:52,151,on/off,on/off,4,20.7,76.6,on,50,17,37,18,,,,
2017-10-12,06:52,162,on/off,on/off,8,20.7,76.6,on,50,17,36,18,,,,
2017-10-12,06:52,157,on/off,on/off,5,20.7,77.5,on,50,17,37,18,,,,
2017-10-12,06:52,161,on/off,on/off,6,20.7,77.5,on,50,17,37,18,,,,
2017-10-12,06:52,156,on/off,on/off,5,20.7,77.5,on,50,17,37,18,,,,
2017-10-12,06:52,156,on/off,on/off,5,20.7,77.5,on,50,17,37,18,,,,
2017-10-12,06:52,156,on/off,on/off,7,20.6,77.7,on,50,17,37,18,,,,
2017-10-12,06:52,160,on/off,on/off,4,20.6,77.7,on,50,17,37,18,,,,
2017-10-12,06:52,156,on/off,on/off,5,20.6,77.7,on,50,17,37,18,,,,
2017-10-12,06:52,155,on/off,on/off,4,20.6,77.7,on,50,17,37,18,,,,
2017-10-12,06:52,158,on/off,on/off,6,20.6,77.1,on,50,17,37,18,,,,
2017-10-12,06:52,158,on/off,on/off,8,20.6,77.1,on,50,17,37,18,,,,
2017-10-12,06:52,157,on/off,on/off,6,20.6,77.1,on,50,17,37,18,,,,
2017-10-12,06:52,158,on/off,on/off,2,20.6,77.1,on,50,17,37,18,,,,
2017-10-12,06:53,158,on/off,on/off,5,20.7,77.5,on,49,17,38,18,,,,
2017-10-12,06:53,158,on/off,on/off,6,20.7,77.5,on,49,17,37,18,,,,
2017-10-12,06:53,160,on/off,on/off,7,20.7,77.5,on,50,17,37,18,,,,
2017-10-12,06:53,157,on/off,on/off,6,20.7,77.5,on,50,17,37,18,,,,
2017-10-12,06:53,160,on/off,on/off,6,20.7,77.5,on,50,17,37,18,,,,
2017-10-12,06:53,160,on/off,on/off,6,20.7,77.5,on,49,17,38,18,,,,
2017-10-12,06:53,154,on/off,on/off,5,20.7,77.5,on,50,17,38,18,,,,
2017-10-12,06:53,158,on/off,on/off,7,20.7,77.5,on,50,17,38,18,,,,
2017-10-12,06:53,162,on/off,on/off,6,20.7,77.3,on,50,17,38,18,,,,
2017-10-12,06:53,161,on/off,on/off,6,20.7,77.3,on,50,17,37,18,,,,
2017-10-12,06:53,160,on/off,on/off,5,20.7,77.3,on,50,17,38,18,,,,
2017-10-12,06:53,155,on/off,on/off,5,20.7,77.3,on,49,17,38,18,,,,
2017-10-12,06:53,166,on/off,on/off,7,20.6,76.9,on,50,17,38,18,,,,
2017-10-12,06:53,163,on/off,on/off,6,20.6,76.9,on,50,17,38,18,,,,
2017-10-12,06:53,160,on/off,on/off,6,20.6,76.9,on,50,17,38,18,,,,
2017-10-12,06:53,162,on/off,on/off,5,20.6,76.9,on,50,17,38,18,,,,
2017-10-12,06:53,160,on/off,on/off,7,20.6,77.0,on,50,17,38,18,,,,
2017-10-12,06:53,160,on/off,on/off,6,20.6,77.0,on,50,18,38,18,,,,
2017-10-12,06:53,161,on/off,on/off,6,20.6,77.0,on,50,17,38,18,,,,
2017-10-12,06:53,159,on/off,on/off,5,20.6,77.0,on,49,17,38,18,,,,
2017-10-12,06:53,162,on/off,on/off,5,20.6,76.9,on,49,17,39,18,,,,
2017-10-12,06:53,159,on/off,on/off,5,20.6,76.9,on,49,17,39,18,,,,
2017-10-12,06:53,158,on/off,on/off,5,20.6,76.9,on,49,17,39,18,,,,
2017-10-12,06:53,161,on/off,on/off,6,20.6,76.9,on,49,17,39,18,,,,
2017-10-12,06:54,162,on/off,on/off,5,20.6,76.7,on,49,17,39,18,,,,
2017-10-12,06:54,164,on/off,on/off,6,20.6,76.7,on,50,17,39,18,,,,
2017-10-12,06:54,167,on/off,on/off,6,20.6,76.7,on,49,18,39,18,,,,
2017-10-12,06:54,159,on/off,on/off,4,20.6,76.7,on,49,17,39,18,,,,
2017-10-12,06:54,165,on/off,on/off,8,20.6,76.7,on,49,17,39,18,,,,
2017-10-12,06:54,162,on/off,on/off,5,20.6,76.7,on,49,17,39,18,,,,
2017-10-12,06:54,159,on/off,on/off,6,20.6,76.7,on,50,17,39,18,,,,
2017-10-12,06:54,163,on/off,on/off,5,20.6,76.7,on,49,17,39,18,,,,
2017-10-12,06:54,164,on/off,on/off,7,20.5,76.4,on,49,17,39,18,,,,
2017-10-12,06:54,163,on/off,on/off,7,20.5,76.4,on,49,17,39,18,,,,
2017-10-12,06:54,164,on/off,on/off,6,20.5,76.4,on,49,17,39,18,,,,
2017-10-12,06:54,157,on/off,on/off,5,20.5,76.4,on,49,17,39,18,,,,
2017-10-12,06:54,163,on/off,on/off,5,20.6,76.6,on,49,17,39,18,,,,
2017-10-12,06:54,162,on/off,on/off,6,20.6,76.6,on,49,18,39,18,,,,
2017-10-12,06:54,163,on/off,on/off,5,20.6,76.6,on,49,17,39,18,,,,
2017-10-12,06:54,164,on/off,on/off,6,20.6,76.6,on,49,17,39,18,,,,
2017-10-12,06:54,165,on/off,on/off,3,20.6,76.7,on,49,17,40,19,,,,
2017-10-12,06:54,165,on/off,on/off,7,20.6,76.7,on,49,17,39,18,,,,
2017-10-12,06:54,163,on/off,on/off,6,20.6,76.7,on,49,17,39,18,,,,
2017-10-12,06:54,165,on/off,on/off,6,20.6,76.7,on,49,17,39,18,,,,
2017-10-12,06:54,165,on/off,on/off,8,20.6,76.6,on,49,18,40,18,,,,
2017-10-12,06:54,166,on/off,on/off,6,20.6,76.6,on,49,17,39,18,,,,
2017-10-12,06:54,164,on/off,on/off,6,20.6,76.6,on,49,17,39,18,,,,
2017-10-12,06:54,159,on/off,on/off,5,20.6,76.6,on,49,17,40,18,,,,
2017-10-12,06:55,173,on/off,on/off,6,20.6,76.8,on,49,17,40,18,,,,
2017-10-12,06:55,170,on/off,on/off,6,20.6,76.8,on,49,17,40,18,,,,
2017-10-12,06:55,166,on/off,on/off,6,20.6,76.8,on,49,17,40,19,,,,
2017-10-12,06:55,167,on/off,on/off,6,20.6,76.8,on,49,17,40,18,,,,
2017-10-12,06:55,169,on/off,on/off,7,20.6,76.8,on,49,17,40,18,,,,
2017-10-12,06:55,168,on/off,on/off,5,20.6,76.8,on,49,17,40,18,,,,
2017-10-12,06:55,170,on/off,on/off,6,20.6,76.8,on,49,18,40,18,,,,
2017-10-12,06:55,163,on/off,on/off,5,20.6,76.8,on,49,17,40,18,,,,
2017-10-12,06:55,168,on/off,on/off,5,20.5,77.2,on,49,17,40,18,,,,
2017-10-12,06:55,164,on/off,on/off,6,20.5,77.2,on,49,18,41,18,,,,
2017-10-12,06:55,163,on/off,on/off,7,20.5,77.2,on,49,18,41,18,,,,
2017-10-12,06:55,159,on/off,on/off,6,20.5,77.2,on,49,17,40,18,,,,
2017-10-12,06:55,167,on/off,on/off,8,20.5,75.8,on,49,17,40,18,,,,
2017-10-12,06:55,169,on/off,on/off,7,20.5,75.8,on,49,17,40,18,,,,
2017-10-12,06:55,165,on/off,on/off,6,20.5,75.8,on,49,18,41,18,,,,
2017-10-12,06:55,168,on/off,on/off,6,20.5,75.8,on,49,17,41,18,,,,
2017-10-12,06:55,168,on/off,on/off,8,20.5,75.9,on,49,17,41,18,,,,
2017-10-12,06:55,168,on/off,on/off,6,20.5,75.9,on,49,17,41,18,,,,
2017-10-12,06:55,171,on/off,on/off,7,20.5,75.9,on,49,17,41,18,,,,
2017-10-12,06:55,169,on/off,on/off,5,20.5,75.9,on,49,17,41,18,,,,
2017-10-12,06:56,169,on/off,on/off,6,20.5,76.6,on,49,17,41,19,,,,
2017-10-12,06:56,173,on/off,on/off,7,20.5,76.6,on,49,17,41,18,,,,
2017-10-12,06:56,172,on/off,on/off,7,20.5,76.6,on,49,17,41,18,,,,
2017-10-12,06:56,169,on/off,on/off,6,20.5,76.6,on,49,18,41,18,,,,
2017-10-12,06:56,173,on/off,on/off,8,20.5,76.0,on,49,18,41,18,,,,
2017-10-12,06:56,170,on/off,on/off,7,20.5,76.0,on,49,17,41,18,,,,
2017-10-12,06:56,171,on/off,on/off,7,20.5,76.0,on,49,17,40,18,,,,
2017-10-12,06:56,167,on/off,on/off,4,20.5,76.0,on,49,17,41,18,,,,
2017-10-12,06:56,167,on/off,on/off,6,20.5,75.4,on,49,18,41,18,,,,
2017-10-12,06:56,166,on/off,on/off,8,20.5,75.4,on,49,18,41,18,,,,
2017-10-12,06:56,169,on/off,on/off,7,20.5,75.4,on,49,18,41,18,,,,
2017-10-12,06:56,168,on/off,on/off,4,20.5,75.4,on,49,17,41,18,,,,
2017-10-12,06:56,165,on/off,on/off,6,20.5,75.0,on,49,17,41,18,,,,
2017-10-12,06:56,164,on/off,on/off,5,20.5,75.0,on,49,18,41,18,,,,
2017-10-12,06:56,171,on/off,on/off,7,20.5,75.0,on,49,17,41,18,,,,
2017-10-12,06:56,158,on/off,on/off,7,20.5,75.0,on,49,17,41,18,,,,
2017-10-12,06:56,168,on/off,on/off,7,20.5,76.3,on,49,18,41,18,,,,
2017-10-12,06:56,168,on/off,on/off,8,20.5,76.3,on,48,18,41,18,,,,
2017-10-12,06:56,170,on/off,on/off,7,20.5,76.3,on,49,17,41,18,,,,
2017-10-12,06:56,170,on/off,on/off,7,20.5,76.3,on,49,17,41,18,,,,
2017-10-12,06:56,172,on/off,on/off,7,20.5,76.6,on,49,17,41,18,,,,
2017-10-12,06:56,175,on/off,on/off,7,20.5,76.6,on,49,18,41,18,,,,
2017-10-12,06:56,171,on/off,on/off,7,20.5,76.6,on,48,18,42,18,,,,
2017-10-12,06:56,169,on/off,on/off,5,20.5,76.6,on,49,17,41,19,,,,
2017-10-12,06:57,174,on/off,on/off,7,20.5,76.5,on,49,17,41,18,,,,
2017-10-12,06:57,172,on/off,on/off,7,20.5,76.5,on,49,18,41,18,,,,
2017-10-12,06:57,171,on/off,on/off,8,20.5,76.5,on,49,18,41,18,,,,
2017-10-12,06:57,172,on/off,on/off,4,20.5,76.5,on,49,17,41,18,,,,
2017-10-12,06:57,171,on/off,on/off,6,20.5,76.2,on,49,17,42,18,,,,
2017-10-12,06:57,172,on/off,on/off,5,20.5,76.2,on,49,17,42,18,,,,
2017-10-12,06:57,174,on/off,on/off,6,20.5,76.2,on,48,18,41,18,,,,
2017-10-12,06:57,173,on/off,on/off,7,20.5,76.2,on,49,18,41,18,,,,
2017-10-12,06:57,174,on/off,on/off,7,20.5,76.0,on,49,18,41,18,,,,
2017-10-12,06:57,172,on/off,on/off,7,20.5,76.0,on,49,17,41,18,,,,
2017-10-12,06:57,169,on/off,on/off,7,20.5,76.0,on,48,17,41,19,,,,
2017-10-12,06:57,174,on/off,on/off,6,20.5,76.0,on,48,18,42,18,,,,
2017-10-12,06:57,173,on/off,on/off,8,20.5,75.8,on,49,18,41,18,,,,
2017-10-12,06:57,178,on/off,on/off,7,20.5,75.8,on,49,18,41,18,,,,
2017-10-12,06:57,173,on/off,on/off,6,20.5,75.8,on,48,18,42,18,,,,
2017-10-12,06:57,174,on/off,on/off,4,20.5,75.8,on,49,18,41,18,,,,
2017-10-12,06:57,176,on/off,on/off,7,20.5,76.4,on,48,18,42,18,,,,
2017-10-12,06:57,180,on/off,on/off,6,20.5,76.4,on,49,17,42,18,,,,
2017-10-12,06:57,175,on/off,on/off,8,20.5,76.4,on,48,17,42,18,,,,
2017-10-12,06:57,175,on/off,on/off,6,20.5,76.4,on,49,18,42,18,,,,
2017-10-12,06:58,171,on/off,on/off,6,20.5,76.1,on,48,18,42,18,,,,
2017-10-12,06:58,175,on/off,on/off,6,20.5,76.1,on,48,18,42,18,,,,
2017-10-12,06:58,174,on/off,on/off,6,20.5,76.1,on,48,18,42,18,,,,
2017-10-12,06:58,173,on/off,on/off,7,20.5,76.1,on,49,18,41,18,,,,
2017-10-12,06:58,174,on/off,on/off,8,20.5,76.1,on,48,18,42,18,,,,
2017-10-12,06:58,174,on/off,on/off,7,20.5,76.1,on,48,18,42,18,,,,
2017-10-12,06:58,173,on/off,on/off,7,20.5,76.1,on,48,18,42,18,,,,
2017-10-12,06:58,175,on/off,on/off,5,20.5,76.1,on,49,18,42,18,,,,
2017-10-12,06:58,170,on/off,on/off,7,20.4,75.5,on,48,18,42,18,,,,
2017-10-12,06:58,172,on/off,on/off,6,20.4,75.5,on,48,18,42,18,,,,
2017-10-12,06:58,166,on/off,on/off,7,20.4,75.5,on,48,17,42,18,,,,
2017-10-12,06:58,176,on/off,on/off,6,20.4,75.5,on,48,18,42,18,,,,
2017-10-12,06:58,172,on/off,on/off,6,20.5,75.5,on,48,18,42,18,,,,
2017-10-12,06:58,173,on/off,on/off,5,20.5,75.5,on,48,18,42,18,,,,
2017-10-12,06:58,172,on/off,on/off,5,20.5,75.5,on,48,18,42,18,,,,
2017-10-12,06:58,177,on/off,on/off,8,20.5,75.5,on,48,18,42,18,,,,
2017-10-12,06:58,165,on/off,on/off,7,20.4,75.5,on,48,18,42,18,,,,
2017-10-12,06:58,165,on/off,on/off,4,20.4,75.5,on,48,18,42,18,,,,
2017-10-12,06:58,170,on/off,on/off,6,20.4,75.5,on,48,18,42,18,,,,
2017-10-12,06:58,175,on/off,on/off,8,20.4,75.5,on,48,18,42,18,,,,
2017-10-12,06:58,170,on/off,on/off,6,20.4,75.6,on,48,18,42,18,,,,
2017-10-12,06:58,170,on/off,on/off,6,20.4,75.6,on,48,17,42,18,,,,
2017-10-12,06:58,171,on/off,on/off,8,20.4,75.6,on,48,18,42,18,,,,
2017-10-12,06:58,171,on/off,on/off,5,20.4,75.6,on,48,18,42,18,,,,
2017-10-12,06:59,319,on/off,on/off,388,20.4,75.7,on,48,18,42,18,,,,
2017-10-12,06:59,317,on/off,on/off,387,20.4,75.7,on,48,18,42,18,,,,
2017-10-12,06:59,314,on/off,on/off,385,20.4,75.7,on,48,17,42,18,,,,
2017-10-12,06:59,310,on/off,on/off,385,20.4,75.7,on,48,18,42,18,,,,
2017-10-12,06:59,380,on/off,on/off,400,20.4,75.5,on,48,18,42,18,,,,
2017-10-12,06:59,382,on/off,on/off,399,20.4,75.5,on,48,18,42,18,,,,
2017-10-12,06:59,382,on/off,on/off,400,20.4,75.5,on,48,18,42,18,,,,
2017-10-12,06:59,381,on/off,on/off,400,20.4,75.5,on,48,18,42,18,,,,
2017-10-12,06:59,382,on/off,on/off,401,20.4,75.3,on,48,18,42,18,,,,
2017-10-12,06:59,382,on/off,on/off,401,20.4,75.3,on,48,18,42,18,,,,
2017-10-12,06:59,383,on/off,on/off,402,20.4,75.3,on,48,18,42,18,,,,
2017-10-12,06:59,387,on/off,on/off,402,20.4,75.3,on,48,18,42,18,,,,
2017-10-12,06:59,351,on/off,on/off,403,20.4,75.3,on,48,18,42,18,,,,
2017-10-12,06:59,352,on/off,on/off,402,20.4,75.3,on,48,18,42,19,,,,
2017-10-12,06:59,346,on/off,on/off,401,20.4,75.3,on,48,18,42,18,,,,
2017-10-12,06:59,349,on/off,on/off,401,20.4,75.3,on,48,18,42,18,,,,
2017-10-12,06:59,383,on/off,on/off,402,20.4,74.9,on,48,17,42,18,,,,
2017-10-12,06:59,378,on/off,on/off,399,20.4,74.9,on,48,18,43,18,,,,
2017-10-12,06:59,387,on/off,on/off,402,20.4,74.9,on,48,18,42,18,,,,
2017-10-12,06:59,382,on/off,on/off,400,20.4,74.9,on,48,18,42,18,,,,
2017-10-12,07:00,383,on/off,on/off,400,20.4,74.8,on,48,18,42,18,,,,
2017-10-12,07:00,382,on/off,on/off,400,20.4,74.8,on,48,18,42,18,,,,
2017-10-12,07:00,384,on/off,on/off,399,20.4,74.8,on,48,18,42,18,,,,
2017-10-12,07:00,381,on/off,on/off,402,20.4,74.8,on,48,18,42,18,,,,
2017-10-12,07:00,382,on/off,on/off,400,20.4,75.1,on,48,18,42,18,,,,
2017-10-12,07:00,382,on/off,on/off,400,20.4,75.1,on,48,18,42,18,,,,
2017-10-12,07:00,387,on/off,on/off,402,20.4,75.1,on,48,18,42,18,,,,
2017-10-12,07:00,382,on/off,on/off,401,20.4,75.1,on,48,18,42,18,,,,
2017-10-12,07:00,377,on/off,on/off,399,20.4,75.2,on,48,18,42,18,,,,
2017-10-12,07:00,378,on/off,on/off,400,20.4,75.2,on,48,18,42,18,,,,
2017-10-12,07:00,382,on/off,on/off,401,20.4,75.2,on,48,18,42,18,,,,
2017-10-12,07:00,381,on/off,on/off,401,20.4,75.2,on,48,18,42,18,,,,
2017-10-12,07:00,384,on/off,on/off,400,20.4,75.9,on,48,18,42,18,,,,
2017-10-12,07:00,382,on/off,on/off,401,20.4,75.9,on,48,18,42,18,,,,
2017-10-12,07:00,386,on/off,on/off,401,20.4,75.9,on,48,18,42,18,,,,
2017-10-12,07:00,382,on/off,on/off,401,20.4,75.9,on,48,18,42,18,,,,
2017-10-12,07:00,382,on/off,on/off,399,20.4,75.6,on,48,18,42,18,,,,
2017-10-12,07:00,385,on/off,on/off,400,20.4,75.6,on,48,18,42,18,,,,
2017-10-12,07:00,382,on/off,on/off,401,20.4,75.6,on,48,18,42,18,,,,
2017-10-12,07:00,383,on/off,on/off,401,20.4,75.6,on,48,18,42,18,,,,
2017-10-12,07:00,381,on/off,on/off,399,20.4,75.4,on,48,18,42,18,,,,
2017-10-12,07:00,382,on/off,on/off,397,20.4,75.4,on,48,18,42,18,,,,
2017-10-12,07:00,382,on/off,on/off,399,20.4,75.4,on,48,18,42,18,,,,
2017-10-12,07:00,385,on/off,on/off,399,20.4,75.4,on,48,18,42,18,,,,
2017-10-12,07:01,375,on/off,on/off,399,20.4,75.6,on,48,18,42,19,,,,
2017-10-12,07:01,373,on/off,on/off,400,20.4,75.6,on,48,18,42,18,,,,
2017-10-12,07:01,377,on/off,on/off,400,20.4,75.6,on,48,18,42,18,,,,
2017-10-12,07:01,376,on/off,on/off,399,20.4,75.6,on,48,18,42,18,,,,
2017-10-12,07:01,365,on/off,on/off,394,20.4,75.6,on,48,18,42,18,,,,
2017-10-12,07:01,364,on/off,on/off,394,20.4,75.6,on,48,18,42,18,,,,
2017-10-12,07:01,365,on/off,on/off,392,20.4,75.6,on,48,18,42,18,,,,
2017-10-12,07:01,363,on/off,on/off,391,20.4,75.6,on,48,18,42,18,,,,
2017-10-12,07:01,380,on/off,on/off,393,20.4,75.6,on,48,18,42,18,,,,
2017-10-12,07:01,382,on/off,on/off,393,20.4,75.6,on,48,18,42,18,,,,
2017-10-12,07:01,381,on/off,on/off,393,20.4,75.6,on,48,18,42,18,,,,
2017-10-12,07:01,381,on/off,on/off,395,20.4,75.6,on,48,18,42,18,,,,
2017-10-12,07:01,381,on/off,on/off,391,20.4,75.2,on,48,18,42,18,,,,
2017-10-12,07:01,377,on/off,on/off,393,20.4,75.2,on,48,18,42,18,,,,
2017-10-12,07:01,382,on/off,on/off,393,20.4,75.2,on,48,18,42,18,,,,
2017-10-12,07:01,382,on/off,on/off,395,20.4,75.2,on,48,18,42,18,,,,
2017-10-12,07:01,378,on/off,on/off,394,20.4,75.2,on,48,18,42,18,,,,
2017-10-12,07:01,379,on/off,on/off,392,20.4,75.2,on,48,18,42,18,,,,
2017-10-12,07:01,381,on/off,on/off,394,20.4,75.2,on,48,18,42,18,,,,
2017-10-12,07:01,382,on/off,on/off,393,20.4,75.2,on,48,18,42,18,,,,
2017-10-12,07:02,386,on/off,on/off,394,20.4,74.6,on,48,18,42,18,,,,
2017-10-12,07:02,379,on/off,on/off,392,20.4,74.6,on,48,18,42,18,,,,
2017-10-12,07:02,381,on/off,on/off,393,20.4,74.6,on,48,18,42,18,,,,
2017-10-12,07:02,381,on/off,on/off,394,20.4,74.6,on,48,18,42,18,,,,
2017-10-12,07:02,381,on/off,on/off,392,20.4,74.1,on,48,18,42,18,,,,
2017-10-12,07:02,381,on/off,on/off,392,20.4,74.1,on,48,18,42,18,,,,
2017-10-12,07:02,376,on/off,on/off,393,20.4,74.1,on,48,18,42,19,,,,
2017-10-12,07:02,381,on/off,on/off,391,20.4,74.1,on,48,18,42,18,,,,
2017-10-12,07:02,386,on/off,on/off,394,20.4,73.9,on,48,18,42,18,,,,
2017-10-12,07:02,380,on/off,on/off,392,20.4,73.9,on,48,18,42,18,,,,
2017-10-12,07:02,381,on/off,on/off,393,20.4,73.9,on,48,18,42,18,,,,
2017-10-12,07:02,381,on/off,on/off,391,20.4,73.9,on,48,18,42,18,,,,
2017-10-12,07:02,379,on/off,on/off,392,20.4,73.8,on,48,18,42,18,,,,
2017-10-12,07:02,383,on/off,on/off,392,20.4,73.8,on,48,18,42,18,,,,
2017-10-12,07:02,380,on/off,on/off,393,20.4,73.8,on,48,18,42,18,,,,
2017-10-12,07:02,382,on/off,on/off,393,20.4,73.8,on,48,18,42,18,,,,
2017-10-12,07:02,382,on/off,on/off,393,20.4,73.7,on,48,18,42,18,,,,
2017-10-12,07:02,377,on/off,on/off,390,20.4,73.7,on,48,18,42,18,,,,
2017-10-12,07:02,381,on/off,on/off,391,20.4,73.7,on,48,18,42,18,,,,
2017-10-12,07:02,381,on/off,on/off,393,20.4,73.7,on,48,18,42,18,,,,
2017-10-12,07:02,384,on/off,on/off,392,20.5,73.4,on,48,18,42,18,,,,
2017-10-12,07:02,380,on/off,on/off,391,20.5,73.4,on,48,18,42,18,,,,
2017-10-12,07:02,380,on/off,on/off,392,20.5,73.4,on,48,18,42,18,,,,
2017-10-12,07:02,380,on/off,on/off,389,20.5,73.4,on,48,18,42,18,,,,
2017-10-12,07:03,378,on/off,on/off,391,20.5,73.1,on,48,18,42,18,,,,
2017-10-12,07:03,383,on/off,on/off,392,20.5,73.1,on,48,18,42,18,,,,
2017-10-12,07:03,381,on/off,on/off,392,20.5,73.1,on,48,18,42,18,,,,
2017-10-12,07:03,376,on/off,on/off,391,20.5,73.1,on,47,18,42,18,,,,
2017-10-12,07:03,379,on/off,on/off,392,20.5,72.8,on,48,18,42,18,,,,
2017-10-12,07:03,381,on/off,on/off,390,20.5,72.8,on,47,18,42,18,,,,
2017-10-12,07:03,376,on/off,on/off,391,20.5,72.8,on,48,18,42,18,,,,
2017-10-12,07:03,380,on/off,on/off,391,20.5,72.8,on,48,18,42,18,,,,
2017-10-12,07:03,380,on/off,on/off,391,20.5,72.5,on,48,18,43,18,,,,
2017-10-12,07:03,381,on/off,on/off,390,20.5,72.5,on,48,18,42,18,,,,
2017-10-12,07:03,380,on/off,on/off,392,20.5,72.5,on,48,18,42,18,,,,
2017-10-12,07:03,381,on/off,on/off,392,20.5,72.5,on,48,18,42,18,,,,
2017-10-12,07:03,384,on/off,on/off,391,20.5,72.6,on,48,18,42,18,,,,
2017-10-12,07:03,380,on/off,on/off,391,20.5,72.6,on,48,18,42,18,,,,
2017-10-12,07:03,380,on/off,on/off,391,20.5,72.6,on,47,18,42,18,,,,
2017-10-12,07:03,376,on/off,on/off,389,20.5,72.6,on,48,18,42,18,,,,
2017-10-12,07:03,174,on/off,on/off,6,20.6,72.1,on,48,18,42,18,,,,
2017-10-12,07:03,179,on/off,on/off,5,20.6,72.1,on,48,18,42,18,,,,
2017-10-12,07:03,178,on/off,on/off,5,20.6,72.1,on,48,18,42,18,,,,
2017-10-12,07:03,181,on/off,on/off,7,20.6,72.1,on,48,18,42,18,,,,
2017-10-12,07:04,178,on/off,on/off,6,20.5,72.1,on,48,18,42,18,,,,
2017-10-12,07:04,183,on/off,on/off,5,20.5,72.1,on,47,18,42,18,,,,
2017-10-12,07:04,179,on/off,on/off,4,20.5,72.1,on,48,18,42,18,,,,
2017-10-12,07:04,177,on/off,on/off,4,20.5,72.1,on,47,18,42,18,,,,
2017-10-12,07:04,182,on/off,on/off,6,20.6,71.7,on,48,18,42,18,,,,
2017-10-12,07:04,185,on/off,on/off,5,20.6,71.7,on,48,18,42,18,,,,
2017-10-12,07:04,178,on/off,on/off,5,20.6,71.7,on,47,18,42,18,,,,
2017-10-12,07:04,176,on/off,on/off,6,20.6,71.7,on,48,18,42,18,,,,
2017-10-12,07:04,179,on/off,on/off,6,20.6,71.7,on,47,18,42,18,,,,
2017-10-12,07:04,179,on/off,on/off,6,20.6,71.7,on,48,18,42,18,,,,
2017-10-12,07:04,181,on/off,on/off,6,20.6,71.7,on,48,18,42,18,,,,
2017-10-12,07:04,180,on/off,on/off,4,20.6,71.7,on,48,18,42,18,,,,
2017-10-12,07:04,179,on/off,on/off,6,20.6,71.2,on,47,18,42,18,,,,
2017-10-12,07:04,177,on/off,on/off,6,20.6,71.2,on,47,18,42,18,,,,
2017-10-12,07:04,186,on/off,on/off,7,20.6,71.2,on,48,18,42,18,,,,
2017-10-12,07:04,182,on/off,on/off,6,20.6,71.2,on,48,18,42,18,,,,
2017-10-12,07:04,182,on/off,on/off,6,20.6,71.6,on,48,18,42,18,,,,
2017-10-12,07:04,179,on/off,on/off,8,20.6,71.6,on,48,18,42,18,,,,
2017-10-12,07:04,179,on/off,on/off,8,20.6,71.6,on,47,18,42,18,,,,
2017-10-12,07:04,180,on/off,on/off,4,20.6,71.6,on,48,18,42,18,,,,
2017-10-12,07:04,183,on/off,on/off,6,20.6,71.3,on,48,18,42,18,,,,
2017-10-12,07:04,178,on/off,on/off,6,20.6,71.3,on,48,18,42,18,,,,
2017-10-12,07:04,180,on/off,on/off,5,20.6,71.3,on,47,18,42,18,,,,
2017-10-12,07:04,182,on/off,on/off,6,20.6,71.3,on,47,18,42,18,,,,
2017-10-12,07:05,181,on/off,on/off,5,20.6,70.8,on,47,18,42,18,,,,
2017-10-12,07:05,181,on/off,on/off,6,20.6,70.8,on,48,18,42,18,,,,
2017-10-12,07:05,184,on/off,on/off,6,20.6,70.8,on,48,18,42,18,,,,
2017-10-12,07:05,182,on/off,on/off,6,20.6,70.8,on,47,18,42,18,,,,
2017-10-12,07:05,180,on/off,on/off,5,20.6,70.8,on,47,18,42,18,,,,
2017-10-12,07:05,178,on/off,on/off,6,20.6,70.8,on,48,18,42,18,,,,
2017-10-12,07:05,180,on/off,on/off,7,20.6,70.8,on,47,18,42,18,,,,
2017-10-12,07:05,180,on/off,on/off,6,20.6,70.8,on,48,18,42,18,,,,
2017-10-12,07:05,180,on/off,on/off,5,20.7,70.9,on,47,18,42,18,,,,
2017-10-12,07:05,180,on/off,on/off,7,20.7,70.9,on,47,18,42,18,,,,
2017-10-12,07:05,182,on/off,on/off,6,20.7,70.9,on,48,18,42,18,,,,
2017-10-12,07:05,181,on/off,on/off,6,20.7,70.9,on,47,18,42,18,,,,
2017-10-12,07:05,180,on/off,on/off,5,20.7,70.7,on,47,18,42,18,,,,
2017-10-12,07:05,180,on/off,on/off,6,20.7,70.7,on,47,18,42,18,,,,
2017-10-12,07:05,183,on/off,on/off,6,20.7,70.7,on,47,18,42,18,,,,
2017-10-12,07:05,181,on/off,on/off,4,20.7,70.7,on,47,18,42,18,,,,
2017-10-12,07:05,179,on/off,on/off,5,20.7,70.4,on,47,18,42,18,,,,
2017-10-12,07:05,179,on/off,on/off,5,20.7,70.4,on,47,18,42,18,,,,
2017-10-12,07:05,181,on/off,on/off,9,20.7,70.4,on,47,18,42,18,,,,
2017-10-12,07:05,181,on/off,on/off,7,20.7,70.4,on,47,18,42,18,,,,
2017-10-12,07:06,180,on/off,on/off,6,20.7,70.6,on,47,18,42,18,,,,
2017-10-12,07:06,176,on/off,on/off,5,20.7,70.6,on,47,18,42,18,,,,
2017-10-12,07:06,182,on/off,on/off,4,20.7,70.6,on,47,18,42,19,,,,
2017-10-12,07:06,183,on/off,on/off,8,20.7,70.6,on,47,18,42,18,,,,
2017-10-12,07:06,181,on/off,on/off,6,20.7,70.6,on,47,18,42,18,,,,
2017-10-12,07:06,181,on/off,on/off,5,20.7,70.6,on,48,18,42,18,,,,
2017-10-12,07:06,176,on/off,on/off,6,20.7,70.6,on,47,18,42,18,,,,
2017-10-12,07:06,186,on/off,on/off,6,20.7,70.6,on,47,18,42,18,,,,
2017-10-12,07:06,182,on/off,on/off,4,20.7,70.3,on,47,18,42,18,,,,
2017-10-12,07:06,175,on/off,on/off,6,20.7,70.3,on,47,18,42,18,,,,
2017-10-12,07:06,183,on/off,on/off,6,20.7,70.3,on,48,18,42,18,,,,
2017-10-12,07:06,181,on/off,on/off,7,20.7,70.3,on,47,18,42,18,,,,
2017-10-12,07:06,183,on/off,on/off,7,20.7,70.1,on,47,18,42,18,,,,
2017-10-12,07:06,183,on/off,on/off,6,20.7,70.1,on,47,18,42,19,,,,
2017-10-12,07:06,183,on/off,on/off,6,20.7,70.1,on,47,18,42,18,,,,
2017-10-12,07:06,181,on/off,on/off,6,20.7,70.1,on,47,18,42,18,,,,
2017-10-12,07:06,186,on/off,on/off,7,20.7,70.0,on,47,18,42,18,,,,
2017-10-12,07:06,183,on/off,on/off,6,20.7,70.0,on,47,18,42,18,,,,
2017-10-12,07:06,184,on/off,on/off,5,20.7,70.0,on,47,18,42,18,,,,
2017-10-12,07:06,184,on/off,on/off,6,20.7,70.0,on,47,18,42,18,,,,
2017-10-12,07:06,185,on/off,on/off,6,20.7,70.1,on,47,18,42,18,,,,
2017-10-12,07:06,185,on/off,on/off,6,20.7,70.1,on,47,18,42,18,,,,
2017-10-12,07:06,186,on/off,on/off,6,20.7,70.1,on,47,18,42,18,,,,
2017-10-12,07:06,184,on/off,on/off,8,20.7,70.1,on,47,18,42,18,,,,
2017-10-12,07:07,185,on/off,on/off,6,20.7,69.9,on,47,18,42,18,,,,
2017-10-12,07:07,184,on/off,on/off,7,20.7,69.9,on,47,18,42,18,,,,
2017-10-12,07:07,183,on/off,on/off,5,20.7,69.9,on,47,18,42,18,,,,
2017-10-12,07:07,185,on/off,on/off,7,20.7,69.9,on,47,18,42,18,,,,
2017-10-12,07:07,185,on/off,on/off,6,20.7,69.7,on,47,18,42,19,,,,
2017-10-12,07:07,185,on/off,on/off,6,20.7,69.7,on,47,18,42,18,,,,
2017-10-12,07:07,182,on/off,on/off,6,20.7,69.7,on,47,18,42,18,,,,
2017-10-12,07:07,184,on/off,on/off,8,20.7,69.7,on,47,18,42,18,,,,
2017-10-12,07:07,187,on/off,on/off,7,20.7,69.9,on,47,18,42,18,,,,
2017-10-12,07:07,185,on/off,on/off,6,20.7,69.9,on,47,19,42,18,,,,
2017-10-12,07:07,185,on/off,on/off,6,20.7,69.9,on,47,18,42,18,,,,
2017-10-12,07:07,185,on/off,on/off,5,20.7,69.9,on,47,18,42,18,,,,
2017-10-12,07:07,187,on/off,on/off,7,20.8,69.8,on,47,18,42,18,,,,
2017-10-12,07:07,185,on/off,on/off,8,20.8,69.8,on,47,19,42,18,,,,
2017-10-12,07:07,184,on/off,on/off,6,20.8,69.8,on,47,18,42,18,,,,
2017-10-12,07:07,186,on/off,on/off,6,20.8,69.8,on,47,18,42,18,,,,
2017-10-12,07:07,185,on/off,on/off,6,20.8,69.8,on,47,18,42,18,,,,
2017-10-12,07:07,187,on/off,on/off,6,20.8,69.8,on,47,18,42,18,,,,
2017-10-12,07:07,185,on/off,on/off,6,20.8,69.8,on,47,18,42,18,,,,
2017-10-12,07:07,187,on/off,on/off,7,20.8,69.8,on,47,18,42,18,,,,
2017-10-12,07:07,384,on/off,on/off,388,20.8,69.6,on,47,18,42,18,,,,
2017-10-12,07:07,382,on/off,on/off,386,20.8,69.6,on,47,18,42,18,,,,
2017-10-12,07:07,384,on/off,on/off,388,20.8,69.6,on,47,18,41,18,,,,
2017-10-12,07:07,385,on/off,on/off,387,20.8,69.6,on,47,18,42,18,,,,
2017-10-12,07:08,385,on/off,on/off,393,20.8,69.6,on,47,18,42,18,,,,
2017-10-12,07:08,385,on/off,on/off,394,20.8,69.6,on,47,18,42,18,,,,
2017-10-12,07:08,385,on/off,on/off,394,20.8,69.6,on,47,19,42,18,,,,
2017-10-12,07:08,384,on/off,on/off,395,20.8,69.6,on,47,18,42,18,,,,
2017-10-12,07:08,385,on/off,on/off,394,20.7,69.7,on,47,18,41,18,,,,
2017-10-12,07:08,383,on/off,on/off,393,20.7,69.7,on,47,18,42,18,,,,
2017-10-12,07:08,385,on/off,on/off,392,20.7,69.7,on,47,18,41,18,,,,
2017-10-12,07:08,385,on/off,on/off,394,20.7,69.7,on,47,19,42,18,,,,
2017-10-12,07:08,386,on/off,on/off,394,20.8,69.5,on,47,19,42,18,,,,
2017-10-12,07:08,387,on/off,on/off,393,20.8,69.5,on,47,18,42,18,,,,
2017-10-12,07:08,389,on/off,on/off,395,20.8,69.5,on,47,18,42,18,,,,
2017-10-12,07:08,383,on/off,on/off,393,20.8,69.5,on,47,18,42,18,,,,
2017-10-12,07:08,378,on/off,on/off,392,20.8,69.5,on,47,18,41,18,,,,
2017-10-12,07:08,379,on/off,on/off,392,20.8,69.5,on,47,19,42,18,,,,
2017-10-12,07:08,375,on/off,on/off,392,20.8,69.5,on,47,18,41,18,,,,
2017-10-12,07:08,375,on/off,on/off,392,20.8,69.5,on,47,18,42,18,,,,
2017-10-12,07:08,383,on/off,on/off,389,20.8,69.6,on,48,18,42,18,,,,
2017-10-12,07:08,385,on/off,on/off,391,20.8,69.6,on,48,18,41,18,,,,
2017-10-12,07:08,387,on/off,on/off,390,20.8,69.6,on,48,18,42,18,,,,
2017-10-12,07:08,385,on/off,on/off,387,20.8,69.6,on,48,18,42,18,,,,
2017-10-12,07:09,372,on/off,on/off,395,20.8,69.7,on,50,18,41,18,,,,
2017-10-12,07:09,373,on/off,on/off,394,20.8,69.7,on,50,18,41,18,,,,
2017-10-12,07:09,373,on/off,on/off,393,20.8,69.7,on,50,18,42,18,,,,
2017-10-12,07:09,370,on/off,on/off,393,20.8,69.7,on,50,18,42,18,,,,
2017-10-12,07:09,389,on/off,on/off,395,20.8,69.9,on,50,18,42,18,,,,
2017-10-12,07:09,393,on/off,on/off,396,20.8,69.9,on,50,19,42,18,,,,
2017-10-12,07:09,389,on/off,on/off,395,20.8,69.9,on,50,19,42,18,,,,
2017-10-12,07:09,392,on/off,on/off,396,20.8,69.9,on,50,18,42,18,,,,
2017-10-12,07:09,385,on/off,on/off,394,20.8,70.3,on,51,18,42,18,,,,
2017-10-12,07:09,392,on/off,on/off,394,20.8,70.3,on,51,19,41,18,,,,
2017-10-12,07:09,390,on/off,on/off,395,20.8,70.3,on,51,19,42,18,,,,
2017-10-12,07:09,391,on/off,on/off,395,20.8,70.3,on,51,19,42,18,,,,
2017-10-12,07:09,390,on/off,on/off,395,20.9,71.1,on,51,19,42,18,,,,
2017-10-12,07:09,389,on/off,on/off,394,20.9,71.1,on,51,19,42,18,,,,
2017-10-12,07:09,389,on/off,on/off,395,20.9,71.1,on,51,19,41,18,,,,
2017-10-12,07:09,391,on/off,on/off,395,20.9,71.1,on,51,19,41,18,,,,
2017-10-12,07:09,395,on/off,on/off,394,20.8,70.9,on,52,19,41,18,,,,
2017-10-12,07:09,391,on/off,on/off,393,20.8,70.9,on,52,19,41,18,,,,
2017-10-12,07:09,389,on/off,on/off,395,20.8,70.9,on,52,19,41,18,,,,
2017-10-12,07:09,388,on/off,on/off,394,20.8,70.9,on,52,19,41,18,,,,
2017-10-12,07:09,391,on/off,on/off,395,20.8,70.5,on,52,19,41,18,,,,
2017-10-12,07:09,391,on/off,on/off,395,20.8,70.5,on,52,19,41,18,,,,
2017-10-12,07:09,391,on/off,on/off,392,20.8,70.5,on,52,19,41,18,,,,
2017-10-12,07:09,392,on/off,on/off,394,20.8,70.5,on,51,18,41,18,,,,
2017-10-12,07:10,390,on/off,on/off,395,20.8,70.3,on,52,19,41,18,,,,
2017-10-12,07:10,389,on/off,on/off,394,20.8,70.3,on,52,19,41,18,,,,
2017-10-12,07:10,385,on/off,on/off,393,20.8,70.3,on,52,19,41,18,,,,
2017-10-12,07:10,392,on/off,on/off,395,20.8,70.3,on,52,19,41,18,,,,
2017-10-12,07:10,392,on/off,on/off,395,20.8,70.4,on,52,19,41,18,,,,
2017-10-12,07:10,387,on/off,on/off,392,20.8,70.4,on,52,18,41,18,,,,
2017-10-12,07:10,389,on/off,on/off,394,20.8,70.4,on,52,19,41,18,,,,
2017-10-12,07:10,390,on/off,on/off,393,20.8,70.4,on,52,19,41,18,,,,
2017-10-12,07:10,390,on/off,on/off,393,20.8,70.9,on,52,19,41,18,,,,
2017-10-12,07:10,387,on/off,on/off,391,20.8,70.9,on,52,18,41,18,,,,
2017-10-12,07:10,391,on/off,on/off,392,20.8,70.9,on,52,19,41,18,,,,
2017-10-12,07:10,391,on/off,on/off,393,20.8,70.9,on,52,19,41,18,,,,
2017-10-12,07:10,392,on/off,on/off,391,20.7,71.4,on,52,19,41,18,,,,
2017-10-12,07:10,394,on/off,on/off,394,20.7,71.4,on,52,19,41,18,,,,
2017-10-12,07:10,396,on/off,on/off,392,20.7,71.4,on,52,19,41,18,,,,
2017-10-12,07:10,391,on/off,on/off,393,20.7,71.4,on,52,19,41,18,,,,
2017-10-12,07:10,392,on/off,on/off,392,20.8,72.0,on,51,19,41,18,,,,
2017-10-12,07:10,389,on/off,on/off,393,20.8,72.0,on,52,18,41,18,,,,
2017-10-12,07:10,394,on/off,on/off,393,20.8,72.0,on,52,19,41,18,,,,
2017-10-12,07:10,392,on/off,on/off,392,20.8,72.0,on,52,19,41,18,,,,
2017-10-12,07:11,395,on/off,on/off,393,20.7,72.0,on,52,19,41,18,,,,
2017-10-12,07:11,397,on/off,on/off,392,20.7,72.0,on,52,19,41,18,,,,
2017-10-12,07:11,397,on/off,on/off,392,20.7,72.0,on,52,19,41,18,,,,
2017-10-12,07:11,398,on/off,on/off,393,20.7,72.0,on,52,19,41,18,,,,
2017-10-12,07:11,399,on/off,on/off,393,20.7,71.8,on,52,19,41,18,,,,
2017-10-12,07:11,402,on/off,on/off,392,20.7,71.8,on,51,19,41,18,,,,
2017-10-12,07:11,398,on/off,on/off,393,20.7,71.8,on,52,19,41,18,,,,
2017-10-12,07:11,395,on/off,on/off,392,20.7,71.8,on,52,19,41,18,,,,
2017-10-12,07:11,208,on/off,on/off,11,20.7,71.7,on,52,19,41,18,,,,
2017-10-12,07:11,207,on/off,on/off,9,20.7,71.7,on,52,19,41,18,,,,
2017-10-12,07:11,209,on/off,on/off,8,20.7,71.7,on,52,19,41,18,,,,
2017-10-12,07:11,205,on/off,on/off,9,20.7,71.7,on,51,19,41,18,,,,
2017-10-12,07:11,208,on/off,on/off,8,20.7,71.5,on,51,19,41,18,,,,
2017-10-12,07:11,211,on/off,on/off,8,20.7,71.5,on,51,19,41,18,,,,
2017-10-12,07:11,208,on/off,on/off,9,20.7,71.5,on,51,19,41,18,,,,
2017-10-12,07:11,209,on/off,on/off,8,20.7,71.5,on,51,19,41,18,,,,
2017-10-12,07:11,208,on/off,on/off,8,20.7,71.7,on,51,19,41,18,,,,
2017-10-12,07:11,215,on/off,on/off,7,20.7,71.7,on,51,19,41,18,,,,
2017-10-12,07:11,208,on/off,on/off,8,20.7,71.7,on,51,19,41,18,,,,
2017-10-12,07:11,209,on/off,on/off,8,20.7,71.7,on,51,19,41,18,,,,
2017-10-12,07:11,210,on/off,on/off,7,20.6,71.8,on,51,19,41,18,,,,
2017-10-12,07:11,206,on/off,on/off,8,20.6,71.8,on,51,19,41,18,,,,
2017-10-12,07:11,208,on/off,on/off,8,20.6,71.8,on,51,19,40,18,,,,
2017-10-12,07:11,207,on/off,on/off,7,20.6,71.8,on,51,18,41,19,,,,
2017-10-12,07:12,203,on/off,on/off,10,20.6,71.5,on,51,19,41,18,,,,
2017-10-12,07:12,209,on/off,on/off,9,20.6,71.5,on,51,19,41,18,,,,
2017-10-12,07:12,201,on/off,on/off,8,20.6,71.5,on,51,19,41,18,,,,
2017-10-12,07:12,202,on/off,on/off,8,20.6,71.5,on,51,19,41,18,,,,
2017-10-12,07:12,209,on/off,on/off,10,20.6,71.6,on,51,19,41,18,,,,
2017-10-12,07:12,208,on/off,on/off,8,20.6,71.6,on,51,19,41,18,,,,
2017-10-12,07:12,205,on/off,on/off,8,20.6,71.6,on,51,19,40,18,,,,
2017-10-12,07:12,213,on/off,on/off,8,20.6,71.6,on,51,19,41,18,,,,
2017-10-12,07:12,210,on/off,on/off,9,20.5,71.5,on,51,19,41,18,,,,
2017-10-12,07:12,211,on/off,on/off,9,20.5,71.5,on,51,19,40,18,,,,
2017-10-12,07:12,207,on/off,on/off,9,20.5,71.5,on,51,18,41,18,,,,
2017-10-12,07:12,210,on/off,on/off,8,20.5,71.5,on,51,19,41,18,,,,
2017-10-12,07:12,209,on/off,on/off,9,20.6,71.4,on,51,19,41,18,,,,
2017-10-12,07:12,211,on/off,on/off,8,20.6,71.4,on,51,19,40,18,,,,
2017-10-12,07:12,210,on/off,on/off,8,20.6,71.4,on,51,19,41,19,,,,
2017-10-12,07:12,210,on/off,on/off,9,20.6,71.4,on,51,19,40,18,,,,
2017-10-12,07:12,215,on/off,on/off,9,20.6,71.1,on,51,19,41,18,,,,
2017-10-12,07:12,211,on/off,on/off,9,20.6,71.1,on,51,19,41,18,,,,
2017-10-12,07:12,209,on/off,on/off,7,20.6,71.1,on,51,19,40,18,,,,
2017-10-12,07:12,208,on/off,on/off,9,20.6,71.1,on,51,18,40,18,,,,
2017-10-12,07:13,206,on/off,on/off,7,20.5,71.1,on,51,19,40,18,,,,
2017-10-12,07:13,207,on/off,on/off,9,20.5,71.1,on,51,19,40,18,,,,
2017-10-12,07:13,205,on/off,on/off,9,20.5,71.1,on,51,19,40,18,,,,
2017-10-12,07:13,209,on/off,on/off,8,20.5,71.1,on,51,19,41,18,,,,
2017-10-12,07:13,202,on/off,on/off,6,20.5,71.6,on,50,19,40,18,,,,
2017-10-12,07:13,203,on/off,on/off,8,20.5,71.6,on,51,19,40,18,,,,
2017-10-12,07:13,203,on/off,on/off,8,20.5,71.6,on,51,19,40,18,,,,
2017-10-12,07:13,203,on/off,on/off,8,20.5,71.6,on,51,19,40,18,,,,
2017-10-12,07:13,199,on/off,on/off,8,20.5,71.6,on,50,19,40,18,,,,
2017-10-12,07:13,201,on/off,on/off,9,20.5,71.6,on,51,19,40,18,,,,
2017-10-12,07:13,201,on/off,on/off,8,20.5,71.6,on,51,19,40,18,,,,
2017-10-12,07:13,200,on/off,on/off,8,20.5,71.6,on,50,19,40,18,,,,
2017-10-12,07:13,202,on/off,on/off,9,20.4,71.6,on,51,19,41,18,,,,
2017-10-12,07:13,200,on/off,on/off,8,20.4,71.6,on,50,19,40,19,,,,
2017-10-12,07:13,203,on/off,on/off,8,20.4,71.6,on,50,19,40,18,,,,
2017-10-12,07:13,201,on/off,on/off,8,20.4,71.6,on,51,19,40,18,,,,
2017-10-12,07:13,205,on/off,on/off,10,20.4,71.7,on,50,19,40,18,,,,
2017-10-12,07:13,206,on/off,on/off,9,20.4,71.7,on,51,19,40,18,,,,
2017-10-12,07:13,205,on/off,on/off,8,20.4,71.7,on,50,19,40,18,,,,
2017-10-12,07:13,206,on/off,on/off,10,20.4,71.7,on,50,19,40,18,,,,
2017-10-12,07:13,207,on/off,on/off,8,20.4,71.7,on,50,19,40,18,,,,
2017-10-12,07:13,207,on/off,on/off,10,20.4,71.7,on,50,19,40,18,,,,
2017-10-12,07:13,210,on/off,on/off,8,20.4,71.7,on,50,19,40,18,,,,
2017-10-12,07:13,208,on/off,on/off,9,20.4,71.7,on,50,19,40,18,,,,
2017-10-12,07:14,213,on/off,on/off,10,20.4,71.8,on,50,19,40,18,,,,
2017-10-12,07:14,210,on/off,on/off,9,20.4,71.8,on,51,19,40,18,,,,
2017-10-12,07:14,210,on/off,on/off,6,20.4,71.8,on,50,19,40,18,,,,
2017-10-12,07:14,209,on/off,on/off,9,20.4,71.8,on,50,19,40,18,,,,
2017-10-12,07:14,215,on/off,on/off,9,20.4,71.9,on,51,19,40,18,,,,
2017-10-12,07:14,207,on/off,on/off,9,20.4,71.9,on,50,19,40,18,,,,
2017-10-12,07:14,210,on/off,on/off,9,20.4,71.9,on,50,19,40,18,,,,
2017-10-12,07:14,211,on/off,on/off,7,20.4,71.9,on,50,19,40,18,,,,
2017-10-12,07:14,210,on/off,on/off,8,20.4,72.0,on,50,19,40,18,,,,
2017-10-12,07:14,211,on/off,on/off,8,20.4,72.0,on,50,19,40,18,,,,
2017-10-12,07:14,210,on/off,on/off,10,20.4,72.0,on,50,19,40,18,,,,
2017-10-12,07:14,207,on/off,on/off,9,20.4,72.0,on,50,19,40,18,,,,
2017-10-12,07:14,211,on/off,on/off,9,20.4,71.9,on,50,19,40,18,,,,
2017-10-12,07:14,210,on/off,on/off,9,20.4,71.9,on,50,19,40,18,,,,
2017-10-12,07:14,207,on/off,on/off,7,20.4,71.9,on,50,19,40,18,,,,
2017-10-12,07:14,211,on/off,on/off,8,20.4,71.9,on,50,18,40,18,,,,
2017-10-12,07:14,211,on/off,on/off,8,20.4,72.1,on,50,19,40,18,,,,
2017-10-12,07:14,218,on/off,on/off,10,20.4,72.1,on,50,19,40,18,,,,
2017-10-12,07:14,210,on/off,on/off,9,20.4,72.1,on,50,19,40,18,,,,
2017-10-12,07:14,212,on/off,on/off,7,20.4,72.1,on,50,19,40,18,,,,
2017-10-12,07:15,211,on/off,on/off,9,20.4,72.1,on,50,19,40,18,,,,
2017-10-12,07:15,210,on/off,on/off,9,20.4,72.1,on,50,19,40,19,,,,
2017-10-12,07:15,209,on/off,on/off,10,20.4,72.1,on,50,19,40,18,,,,
2017-10-12,07:15,213,on/off,on/off,9,20.4,72.1,on,50,19,40,18,,,,
2017-10-12,07:15,209,on/off,on/off,9,20.4,72.0,on,50,19,40,18,,,,
2017-10-12,07:15,210,on/off,on/off,9,20.4,72.0,on,50,19,40,18,,,,
2017-10-12,07:15,207,on/off,on/off,8,20.4,72.0,on,50,19,40,18,,,,
2017-10-12,07:15,217,on/off,on/off,10,20.4,72.0,on,50,19,40,18,,,,
2017-10-12,07:15,210,on/off,on/off,8,20.4,72.0,on,50,19,40,18,,,,
2017-10-12,07:15,207,on/off,on/off,9,20.4,72.0,on,50,19,40,18,,,,
2017-10-12,07:15,208,on/off,on/off,10,20.4,72.0,on,50,19,40,18,,,,
2017-10-12,07:15,211,on/off,on/off,10,20.4,72.0,on,50,19,40,18,,,,
2017-10-12,07:15,212,on/off,on/off,10,20.3,72.3,on,50,19,40,18,,,,
2017-10-12,07:15,209,on/off,on/off,9,20.3,72.3,on,50,19,40,18,,,,
2017-10-12,07:15,211,on/off,on/off,10,20.3,72.3,on,50,19,40,18,,,,
2017-10-12,07:15,211,on/off,on/off,9,20.3,72.3,on,50,19,40,18,,,,
2017-10-12,07:15,207,on/off,on/off,9,20.3,72.2,on,50,19,40,19,,,,
2017-10-12,07:15,212,on/off,on/off,9,20.3,72.2,on,50,19,40,18,,,,
2017-10-12,07:15,212,on/off,on/off,8,20.3,72.2,on,50,19,40,18,,,,
2017-10-12,07:15,214,on/off,on/off,10,20.3,72.2,on,50,19,40,18,,,,
2017-10-12,07:15,212,on/off,on/off,9,20.3,72.2,on,49,19,40,18,,,,
2017-10-12,07:15,218,on/off,on/off,9,20.3,72.2,on,50,19,40,18,,,,
2017-10-12,07:15,209,on/off,on/off,9,20.3,72.2,on,50,19,40,18,,,,
2017-10-12,07:15,210,on/off,on/off,9,20.3,72.2,on,50,19,40,18,,,,
2017-10-12,07:16,214,on/off,on/off,9,20.3,72.3,on,50,19,40,18,,,,
2017-10-12,07:16,212,on/off,on/off,9,20.3,72.3,on,50,19,40,18,,,,
2017-10-12,07:16,213,on/off,on/off,11,20.3,72.3,on,50,19,40,18,,,,
2017-10-12,07:16,213,on/off,on/off,9,20.3,72.3,on,50,19,39,18,,,,
2017-10-12,07:16,215,on/off,on/off,10,20.3,72.4,on,50,19,40,18,,,,
2017-10-12,07:16,211,on/off,on/off,9,20.3,72.4,on,50,19,40,19,,,,
2017-10-12,07:16,212,on/off,on/off,10,20.3,72.4,on,50,19,40,18,,,,
2017-10-12,07:16,213,on/off,on/off,11,20.3,72.4,on,50,19,40,18,,,,
2017-10-12,07:16,215,on/off,on/off,10,20.3,72.3,on,50,19,40,18,,,,
2017-10-12,07:16,213,on/off,on/off,7,20.3,72.3,on,50,19,40,18,,,,
2017-10-12,07:16,214,on/off,on/off,10,20.3,72.3,on,50,19,40,18,,,,
2017-10-12,07:16,213,on/off,on/off,9,20.3,72.3,on,50,19,40,18,,,,
2017-10-12,07:16,213,on/off,on/off,10,20.3,72.4,on,50,19,40,18,,,,
2017-10-12,07:16,210,on/off,on/off,9,20.3,72.4,on,50,19,40,18,,,,
2017-10-12,07:16,213,on/off,on/off,10,20.3,72.4,on,50,19,39,18,,,,
2017-10-12,07:16,214,on/off,on/off,9,20.3,72.4,on,50,19,40,18,,,,
2017-10-12,07:16,212,on/off,on/off,9,20.3,72.5,on,49,19,40,18,,,,
2017-10-12,07:16,212,on/off,on/off,12,20.3,72.5,on,50,19,40,18,,,,
2017-10-12,07:16,212,on/off,on/off,9,20.3,72.5,on,49,19,40,18,,,,
2017-10-12,07:16,212,on/off,on/off,10,20.3,72.5,on,50,19,39,18,,,,
2017-10-12,07:17,211,on/off,on/off,9,20.3,72.4,on,49,19,40,18,,,,
2017-10-12,07:17,212,on/off,on/off,11,20.3,72.4,on,49,19,40,18,,,,
2017-10-12,07:17,211,on/off,on/off,9,20.3,72.4,on,50,19,40,18,,,,
2017-10-12,07:17,211,on/off,on/off,10,20.3,72.4,on,50,19,40,18,,,,
2017-10-12,07:17,211,on/off,on/off,10,20.3,72.5,on,49,19,40,18,,,,
2017-10-12,07:17,211,on/off,on/off,8,20.3,72.5,on,50,19,40,18,,,,
2017-10-12,07:17,208,on/off,on/off,9,20.3,72.5,on,49,19,40,18,,,,
2017-10-12,07:17,210,on/off,on/off,9,20.3,72.5,on,49,19,40,18,,,,
2017-10-12,07:17,211,on/off,on/off,9,20.3,72.4,on,49,19,40,18,,,,
2017-10-12,07:17,214,on/off,on/off,11,20.3,72.4,on,49,19,40,18,,,,
2017-10-12,07:17,212,on/off,on/off,9,20.3,72.4,on,50,19,40,18,,,,
2017-10-12,07:17,208,on/off,on/off,10,20.3,72.4,on,49,19,40,18,,,,
2017-10-12,07:17,209,on/off,on/off,9,20.3,72.2,on,49,19,40,18,,,,
2017-10-12,07:17,211,on/off,on/off,8,20.3,72.2,on,49,19,40,18,,,,
2017-10-12,07:17,209,on/off,on/off,9,20.3,72.2,on,49,19,40,18,,,,
2017-10-12,07:17,211,on/off,on/off,10,20.3,72.2,on,49,19,40,18,,,,
2017-10-12,07:17,208,on/off,on/off,9,20.3,72.1,on,49,19,40,18,,,,
2017-10-12,07:17,210,on/off,on/off,10,20.3,72.1,on,49,19,40,18,,,,
2017-10-12,07:17,205,on/off,on/off,8,20.3,72.1,on,49,19,40,18,,,,
2017-10-12,07:17,210,on/off,on/off,9,20.3,72.1,on,49,19,40,18,,,,
2017-10-12,07:17,213,on/off,on/off,9,20.2,72.1,on,49,19,40,18,,,,
2017-10-12,07:17,210,on/off,on/off,8,20.2,72.1,on,49,19,40,18,,,,
2017-10-12,07:17,210,on/off,on/off,9,20.2,72.1,on,49,19,40,18,,,,
2017-10-12,07:17,211,on/off,on/off,9,20.2,72.1,on,49,19,40,18,,,,
2017-10-12,07:18,211,on/off,on/off,9,20.2,72.2,on,49,19,41,18,,,,
2017-10-12,07:18,212,on/off,on/off,7,20.2,72.2,on,49,19,40,18,,,,
2017-10-12,07:18,212,on/off,on/off,10,20.2,72.2,on,49,19,40,18,,,,
2017-10-12,07:18,211,on/off,on/off,10,20.2,72.2,on,49,19,41,18,,,,
2017-10-12,07:18,217,on/off,on/off,11,20.3,72.3,on,49,19,41,18,,,,
2017-10-12,07:18,212,on/off,on/off,9,20.3,72.3,on,49,19,41,18,,,,
2017-10-12,07:18,211,on/off,on/off,9,20.3,72.3,on,49,19,41,18,,,,
2017-10-12,07:18,215,on/off,on/off,10,20.3,72.3,on,49,19,41,18,,,,
2017-10-12,07:18,216,on/off,on/off,10,20.2,72.0,on,49,19,41,18,,,,
2017-10-12,07:18,216,on/off,on/off,9,20.2,72.0,on,49,19,41,19,,,,
2017-10-12,07:18,212,on/off,on/off,9,20.2,72.0,on,49,19,41,18,,,,
2017-10-12,07:18,214,on/off,on/off,8,20.2,72.0,on,49,19,41,18,,,,
2017-10-12,07:18,212,on/off,on/off,9,20.3,72.4,on,49,19,41,18,,,,
2017-10-12,07:18,218,on/off,on/off,9,20.3,72.4,on,49,19,41,18,,,,
2017-10-12,07:18,212,on/off,on/off,9,20.3,72.4,on,49,19,41,18,,,,
2017-10-12,07:18,213,on/off,on/off,9,20.3,72.4,on,49,19,41,18,,,,
2017-10-12,07:18,215,on/off,on/off,9,20.2,72.1,on,49,19,41,18,,,,
2017-10-12,07:18,213,on/off,on/off,8,20.2,72.1,on,49,19,41,18,,,,
2017-10-12,07:18,212,on/off,on/off,9,20.2,72.1,on,49,19,41,18,,,,
2017-10-12,07:18,215,on/off,on/off,9,20.2,72.1,on,49,19,41,18,,,,
2017-10-12,07:19,212,on/off,on/off,9,20.2,72.2,on,49,19,41,18,,,,
2017-10-12,07:19,211,on/off,on/off,9,20.2,72.2,on,49,19,41,18,,,,
2017-10-12,07:19,212,on/off,on/off,10,20.2,72.2,on,49,19,41,18,,,,
2017-10-12,07:19,212,on/off,on/off,9,20.2,72.2,on,49,19,41,18,,,,
2017-10-12,07:19,212,on/off,on/off,8,20.2,72.1,on,49,19,42,18,,,,
2017-10-12,07:19,210,on/off,on/off,10,20.2,72.1,on,49,19,42,18,,,,
2017-10-12,07:19,211,on/off,on/off,9,20.2,72.1,on,49,19,41,18,,,,
2017-10-12,07:19,211,on/off,on/off,7,20.2,72.1,on,49,19,42,18,,,,
2017-10-12,07:19,211,on/off,on/off,9,20.2,72.1,on,49,19,42,18,,,,
2017-10-12,07:19,211,on/off,on/off,9,20.2,72.1,on,49,19,42,18,,,,
2017-10-12,07:19,212,on/off,on/off,9,20.2,72.1,on,49,19,42,18,,,,
2017-10-12,07:19,209,on/off,on/off,9,20.2,72.1,on,49,19,42,18,,,,
2017-10-12,07:19,209,on/off,on/off,9,20.2,72.3,on,49,19,42,18,,,,
2017-10-12,07:19,209,on/off,on/off,8,20.2,72.3,on,49,19,42,18,,,,
2017-10-12,07:19,210,on/off,on/off,8,20.2,72.3,on,49,19,42,18,,,,
2017-10-12,07:19,209,on/off,on/off,9,20.2,72.3,on,49,19,42,18,,,,
2017-10-12,07:19,210,on/off,on/off,9,20.2,72.3,on,49,19,42,18,,,,
2017-10-12,07:19,205,on/off,on/off,10,20.2,72.3,on,49,19,42,18,,,,
2017-10-12,07:19,210,on/off,on/off,7,20.2,72.3,on,49,19,42,18,,,,
2017-10-12,07:19,209,on/off,on/off,12,20.2,72.3,on,49,19,42,18,,,,
2017-10-12,07:19,210,on/off,on/off,9,20.2,72.3,on,49,19,43,18,,,,
2017-10-12,07:19,205,on/off,on/off,8,20.2,72.3,on,49,18,42,18,,,,
2017-10-12,07:19,212,on/off,on/off,8,20.2,72.3,on,49,19,42,18,,,,
2017-10-12,07:19,209,on/off,on/off,10,20.2,72.3,on,49,19,43,18,,,,
2017-10-12,07:20,212,on/off,on/off,9,20.2,72.3,on,49,19,42,18,,,,
2017-10-12,07:20,209,on/off,on/off,9,20.2,72.3,on,49,19,43,18,,,,
2017-10-12,07:20,208,on/off,on/off,9,20.2,72.3,on,49,19,43,18,,,,
2017-10-12,07:20,209,on/off,on/off,10,20.2,72.3,on,49,19,42,18,,,,
2017-10-12,07:20,208,on/off,on/off,11,20.2,72.3,on,48,19,43,18,,,,
2017-10-12,07:20,207,on/off,on/off,9,20.2,72.3,on,49,19,43,18,,,,
2017-10-12,07:20,211,on/off,on/off,9,20.2,72.3,on,49,19,43,18,,,,
2017-10-12,07:20,204,on/off,on/off,9,20.2,72.3,on,49,19,43,18,,,,
2017-10-12,07:20,204,on/off,on/off,9,20.2,72.3,on,49,19,43,18,,,,
2017-10-12,07:20,207,on/off,on/off,11,20.2,72.3,on,49,19,43,18,,,,
2017-10-12,07:20,210,on/off,on/off,10,20.2,72.3,on,49,19,43,18,,,,
2017-10-12,07:20,208,on/off,on/off,7,20.2,72.3,on,49,19,43,18,,,,
2017-10-12,07:20,209,on/off,on/off,9,20.2,72.2,on,49,19,43,18,,,,
2017-10-12,07:20,207,on/off,on/off,9,20.2,72.2,on,48,19,43,18,,,,
2017-10-12,07:20,208,on/off,on/off,10,20.2,72.2,on,48,19,43,18,,,,
2017-10-12,07:20,209,on/off,on/off,9,20.2,72.2,on,48,19,43,18,,,,
2017-10-12,07:20,209,on/off,on/off,7,20.2,72.3,on,49,19,43,18,,,,
2017-10-12,07:20,209,on/off,on/off,8,20.2,72.3,on,48,19,43,18,,,,
2017-10-12,07:20,206,on/off,on/off,9,20.2,72.3,on,49,19,43,18,,,,
2017-10-12,07:20,208,on/off,on/off,11,20.2,72.3,on,48,19,43,18,,,,
2017-10-12,07:20,210,on/off,on/off,8,20.2,72.3,on,48,19,43,18,,,,
2017-10-12,07:20,210,on/off,on/off,7,20.2,72.3,on,48,18,43,18,,,,
2017-10-12,07:20,209,on/off,on/off,8,20.2,72.3,on,49,19,43,18,,,,
2017-10-12,07:20,208,on/off,on/off,9,20.2,72.3,on,48,19,43,18,,,,
2017-10-12,07:21,210,on/off,on/off,9,20.2,72.1,on,49,19,43,18,,,,
2017-10-12,07:21,209,on/off,on/off,9,20.2,72.1,on,49,19,43,18,,,,
2017-10-12,07:21,207,on/off,on/off,9,20.2,72.1,on,48,19,44,18,,,,
2017-10-12,07:21,210,on/off,on/off,8,20.2,72.1,on,48,19,43,18,,,,
2017-10-12,07:21,210,on/off,on/off,7,20.2,72.2,on,48,19,43,18,,,,
2017-10-12,07:21,207,on/off,on/off,7,20.2,72.2,on,49,19,44,18,,,,
2017-10-12,07:21,209,on/off,on/off,8,20.2,72.2,on,48,19,44,18,,,,
2017-10-12,07:21,212,on/off,on/off,9,20.2,72.2,on,48,19,44,18,,,,
2017-10-12,07:21,206,on/off,on/off,8,20.2,72.3,on,48,19,44,19,,,,
2017-10-12,07:21,209,on/off,on/off,9,20.2,72.3,on,48,19,44,18,,,,
2017-10-12,07:21,211,on/off,on/off,7,20.2,72.3,on,49,19,44,18,,,,
2017-10-12,07:21,211,on/off,on/off,11,20.2,72.3,on,48,19,43,18,,,,
2017-10-12,07:21,209,on/off,on/off,8,20.2,72.4,on,48,19,44,18,,,,
2017-10-12,07:21,208,on/off,on/off,9,20.2,72.4,on,48,19,44,18,,,,
2017-10-12,07:21,212,on/off,on/off,7,20.2,72.4,on,48,19,44,18,,,,
2017-10-12,07:21,210,on/off,on/off,9,20.2,72.4,on,48,19,44,18,,,,
2017-10-12,07:21,207,on/off,on/off,9,20.2,72.3,on,48,19,44,18,,,,
2017-10-12,07:21,210,on/off,on/off,10,20.2,72.3,on,48,19,44,18,,,,
2017-10-12,07:21,210,on/off,on/off,9,20.2,72.3,on,48,19,44,18,,,,
2017-10-12,07:21,213,on/off,on/off,9,20.2,72.3,on,48,19,44,18,,,,
2017-10-12,07:22,210,on/off,on/off,9,20.2,72.3,on,48,19,44,18,,,,
2017-10-12,07:22,211,on/off,on/off,9,20.2,72.3,on,48,19,44,18,,,,
2017-10-12,07:22,212,on/off,on/off,10,20.2,72.3,on,48,19,44,18,,,,
2017-10-12,07:22,210,on/off,on/off,9,20.2,72.3,on,48,19,43,18,,,,
2017-10-12,07:22,212,on/off,on/off,10,20.2,72.4,on,48,19,44,18,,,,
2017-10-12,07:22,210,on/off,on/off,9,20.2,72.4,on,48,19,44,18,,,,
2017-10-12,07:22,211,on/off,on/off,9,20.2,72.4,on,48,19,44,19,,,,
2017-10-12,07:22,211,on/off,on/off,9,20.2,72.4,on,48,19,44,18,,,,
2017-10-12,07:22,213,on/off,on/off,9,20.2,72.5,on,48,19,44,18,,,,
2017-10-12,07:22,214,on/off,on/off,9,20.2,72.5,on,48,19,44,18,,,,
2017-10-12,07:22,211,on/off,on/off,10,20.2,72.5,on,48,19,44,18,,,,
2017-10-12,07:22,207,on/off,on/off,7,20.2,72.5,on,48,19,44,18,,,,
2017-10-12,07:22,216,on/off,on/off,9,20.2,72.5,on,48,19,44,18,,,,
2017-10-12,07:22,210,on/off,on/off,9,20.2,72.5,on,49,19,44,18,,,,
2017-10-12,07:22,213,on/off,on/off,7,20.2,72.5,on,48,19,44,18,,,,
2017-10-12,07:22,211,on/off,on/off,8,20.2,72.5,on,48,19,44,18,,,,
2017-10-12,07:22,213,on/off,on/off,9,20.2,72.4,on,48,19,44,18,,,,
2017-10-12,07:22,213,on/off,on/off,8,20.2,72.4,on,48,19,44,18,,,,
2017-10-12,07:22,215,on/off,on/off,9,20.2,72.4,on,48,19,44,18,,,,
2017-10-12,07:22,214,on/off,on/off,9,20.2,72.4,on,48,19,44,18,,,,
2017-10-12,07:22,213,on/off,on/off,9,20.2,72.4,on,48,19,44,18,,,,
2017-10-12,07:22,216,on/off,on/off,9,20.2,72.4,on,48,19,44,18,,,,
2017-10-12,07:22,219,on/off,on/off,10,20.2,72.4,on,48,19,44,18,,,,
2017-10-12,07:22,214,on/off,on/off,9,20.2,72.4,on,49,19,44,18,,,,
2017-10-12,07:23,217,on/off,on/off,9,20.2,72.6,on,48,19,44,18,,,,
2017-10-12,07:23,209,on/off,on/off,7,20.2,72.6,on,48,19,44,18,,,,
2017-10-12,07:23,214,on/off,on/off,9,20.2,72.6,on,48,19,44,18,,,,
2017-10-12,07:23,213,on/off,on/off,9,20.2,72.6,on,48,19,44,18,,,,
2017-10-12,07:23,212,on/off,on/off,7,20.2,72.5,on,48,19,44,18,,,,
2017-10-12,07:23,213,on/off,on/off,9,20.2,72.5,on,48,19,44,18,,,,
2017-10-12,07:23,214,on/off,on/off,9,20.2,72.5,on,48,19,44,18,,,,
2017-10-12,07:23,219,on/off,on/off,10,20.2,72.5,on,48,19,44,18,,,,
2017-10-12,07:23,215,on/off,on/off,9,20.2,72.4,on,48,19,44,18,,,,
2017-10-12,07:23,217,on/off,on/off,10,20.2,72.4,on,48,19,44,18,,,,
2017-10-12,07:23,213,on/off,on/off,9,20.2,72.4,on,48,19,44,18,,,,
2017-10-12,07:23,214,on/off,on/off,9,20.2,72.4,on,48,19,44,18,,,,
2017-10-12,07:23,214,on/off,on/off,9,20.2,72.4,on,48,19,44,18,,,,
2017-10-12,07:23,216,on/off,on/off,8,20.2,72.4,on,48,19,44,18,,,,
2017-10-12,07:23,214,on/off,on/off,9,20.2,72.4,on,48,19,44,18,,,,
2017-10-12,07:23,215,on/off,on/off,8,20.2,72.4,on,48,19,44,18,,,,
2017-10-12,07:23,216,on/off,on/off,9,20.2,72.3,on,48,19,44,18,,,,
2017-10-12,07:23,216,on/off,on/off,9,20.2,72.3,on,48,19,44,18,,,,
2017-10-12,07:23,214,on/off,on/off,8,20.2,72.3,on,48,19,44,18,,,,
2017-10-12,07:23,215,on/off,on/off,9,20.2,72.3,on,48,19,44,18,,,,
2017-10-12,07:24,215,on/off,on/off,9,20.2,72.3,on,48,19,44,18,,,,
2017-10-12,07:24,215,on/off,on/off,8,20.2,72.3,on,48,19,44,18,,,,
2017-10-12,07:24,214,on/off,on/off,9,20.2,72.3,on,48,19,45,18,,,,
2017-10-12,07:24,215,on/off,on/off,9,20.2,72.3,on,48,19,45,18,,,,
2017-10-12,07:24,215,on/off,on/off,10,20.2,72.3,on,48,19,44,18,,,,
2017-10-12,07:24,216,on/off,on/off,7,20.2,72.3,on,48,19,44,18,,,,
2017-10-12,07:24,214,on/off,on/off,9,20.2,72.3,on,48,19,45,18,,,,
2017-10-12,07:24,215,on/off,on/off,12,20.2,72.3,on,48,19,44,18,,,,
2017-10-12,07:24,213,on/off,on/off,9,20.2,72.3,on,48,19,45,18,,,,
2017-10-12,07:24,215,on/off,on/off,9,20.2,72.3,on,48,19,44,18,,,,
2017-10-12,07:24,219,on/off,on/off,9,20.2,72.3,on,48,19,44,18,,,,
2017-10-12,07:24,216,on/off,on/off,9,20.2,72.3,on,48,19,44,18,,,,
2017-10-12,07:24,214,on/off,on/off,9,20.2,72.4,on,48,19,44,18,,,,
2017-10-12,07:24,215,on/off,on/off,8,20.2,72.4,on,48,19,44,18,,,,
2017-10-12,07:24,214,on/off,on/off,9,20.2,72.4,on,48,19,45,18,,,,
2017-10-12,07:24,215,on/off,on/off,9,20.2,72.4,on,48,19,44,18,,,,
2017-10-12,07:24,217,on/off,on/off,10,20.2,72.4,on,48,19,44,18,,,,
2017-10-12,07:24,216,on/off,on/off,8,20.2,72.4,on,48,19,44,18,,,,
2017-10-12,07:24,215,on/off,on/off,8,20.2,72.4,on,48,19,44,18,,,,
2017-10-12,07:24,216,on/off,on/off,9,20.2,72.4,on,48,19,45,18,,,,
2017-10-12,07:24,209,on/off,on/off,7,20.2,72.6,on,48,19,44,18,,,,
2017-10-12,07:24,211,on/off,on/off,8,20.2,72.6,on,48,19,44,19,,,,
2017-10-12,07:24,215,on/off,on/off,10,20.2,72.6,on,48,19,45,18,,,,
2017-10-12,07:24,221,on/off,on/off,8,20.2,72.6,on,48,19,44,18,,,,
2017-10-12,07:25,215,on/off,on/off,9,20.1,72.4,on,48,19,44,18,,,,
2017-10-12,07:25,215,on/off,on/off,9,20.1,72.4,on,48,19,45,18,,,,
2017-10-12,07:25,216,on/off,on/off,9,20.1,72.4,on,48,19,45,18,,,,
2017-10-12,07:25,217,on/off,on/off,9,20.1,72.4,on,48,19,45,18,,,,
2017-10-12,07:25,218,on/off,on/off,8,20.2,72.3,on,48,19,44,18,,,,
2017-10-12,07:25,216,on/off,on/off,9,20.2,72.3,on,48,19,44,18,,,,
2017-10-12,07:25,215,on/off,on/off,11,20.2,72.3,on,48,19,45,18,,,,
2017-10-12,07:25,209,on/off,on/off,9,20.2,72.3,on,48,19,45,18,,,,
2017-10-12,07:25,217,on/off,on/off,8,20.2,72.2,on,48,19,44,18,,,,
2017-10-12,07:25,221,on/off,on/off,9,20.2,72.2,on,48,19,44,18,,,,
2017-10-12,07:25,217,on/off,on/off,9,20.2,72.2,on,48,19,44,18,,,,
2017-10-12,07:25,214,on/off,on/off,9,20.2,72.2,on,48,19,44,18,,,,
2017-10-12,07:25,216,on/off,on/off,9,20.2,72.2,on,48,19,45,18,,,,
2017-10-12,07:25,216,on/off,on/off,9,20.2,72.2,on,48,19,45,18,,,,
2017-10-12,07:25,222,on/off,on/off,9,20.2,72.2,on,48,19,44,18,,,,
2017-10-12,07:25,217,on/off,on/off,9,20.2,72.2,on,48,19,44,18,,,,
2017-10-12,07:25,216,on/off,on/off,8,20.2,72.1,on,48,19,45,18,,,,
2017-10-12,07:25,219,on/off,on/off,11,20.2,72.1,on,48,19,45,18,,,,
2017-10-12,07:25,214,on/off,on/off,9,20.2,72.1,on,48,19,45,18,,,,
2017-10-12,07:25,218,on/off,on/off,9,20.2,72.1,on,48,19,44,18,,,,
2017-10-12,07:26,214,on/off,on/off,10,20.2,72.1,on,48,19,45,18,,,,
2017-10-12,07:26,218,on/off,on/off,10,20.2,72.1,on,48,19,44,18,,,,
2017-10-12,07:26,218,on/off,on/off,10,20.2,72.1,on,48,19,44,18,,,,
2017-10-12,07:26,218,on/off,on/off,9,20.2,72.1,on,48,19,45,18,,,,
2017-10-12,07:26,223,on/off,on/off,10,20.2,72.0,on,48,19,45,18,,,,
2017-10-12,07:26,220,on/off,on/off,11,20.2,72.0,on,48,19,45,18,,,,
2017-10-12,07:26,219,on/off,on/off,10,20.2,72.0,on,48,19,44,18,,,,
2017-10-12,07:26,220,on/off,on/off,9,20.2,72.0,on,48,19,45,18,,,,
2017-10-12,07:26,227,on/off,on/off,10,20.2,72.1,on,48,19,44,18,,,,
2017-10-12,07:26,220,on/off,on/off,9,20.2,72.1,on,48,19,45,18,,,,
2017-10-12,07:26,225,on/off,on/off,10,20.2,72.1,on,48,19,44,18,,,,
2017-10-12,07:26,221,on/off,on/off,7,20.2,72.1,on,48,19,45,18,,,,
2017-10-12,07:26,222,on/off,on/off,10,20.2,72.1,on,48,19,44,18,,,,
2017-10-12,07:26,224,on/off,on/off,9,20.2,72.1,on,48,19,44,18,,,,
2017-10-12,07:26,226,on/off,on/off,10,20.2,72.1,on,48,19,44,18,,,,
2017-10-12,07:26,223,on/off,on/off,9,20.2,72.1,on,48,19,45,18,,,,
2017-10-12,07:26,223,on/off,on/off,8,20.2,72.1,on,48,19,44,18,,,,
2017-10-12,07:26,221,on/off,on/off,10,20.2,72.1,on,48,19,45,18,,,,
2017-10-12,07:26,223,on/off,on/off,10,20.2,72.1,on,48,19,44,18,,,,
2017-10-12,07:26,223,on/off,on/off,10,20.2,72.1,on,48,19,45,18,,,,
2017-10-12,07:26,224,on/off,on/off,10,20.2,72.1,on,48,19,45,18,,,,
2017-10-12,07:26,226,on/off,on/off,11,20.2,72.1,on,48,19,45,18,,,,
2017-10-12,07:26,224,on/off,on/off,11,20.2,72.1,on,48,19,44,18,,,,
2017-10-12,07:26,224,on/off,on/off,10,20.2,72.1,on,48,19,44,18,,,,
2017-10-12,07:27,227,on/off,on/off,11,20.2,72.2,on,48,19,44,18,,,,
2017-10-12,07:27,226,on/off,on/off,7,20.2,72.2,on,48,19,44,18,,,,
2017-10-12,07:27,227,on/off,on/off,11,20.2,72.2,on,48,19,44,18,,,,
2017-10-12,07:27,223,on/off,on/off,9,20.2,72.2,on,48,19,45,18,,,,
2017-10-12,07:27,228,on/off,on/off,10,20.2,72.1,on,48,19,45,18,,,,
2017-10-12,07:27,223,on/off,on/off,10,20.2,72.1,on,48,19,45,19,,,,
2017-10-12,07:27,225,on/off,on/off,11,20.2,72.1,on,48,19,45,18,,,,
2017-10-12,07:27,229,on/off,on/off,9,20.2,72.1,on,48,19,44,18,,,,
2017-10-12,07:27,226,on/off,on/off,10,20.2,72.2,on,48,19,44,18,,,,
2017-10-12,07:27,226,on/off,on/off,12,20.2,72.2,on,48,19,44,18,,,,
2017-10-12,07:27,229,on/off,on/off,10,20.2,72.2,on,48,19,44,18,,,,
2017-10-12,07:27,227,on/off,on/off,10,20.2,72.2,on,48,19,45,18,,,,
2017-10-12,07:27,235,on/off,on/off,9,20.2,72.0,on,48,19,45,18,,,,
2017-10-12,07:27,228,on/off,on/off,10,20.2,72.0,on,48,19,44,18,,,,
2017-10-12,07:27,227,on/off,on/off,10,20.2,72.0,on,48,19,44,18,,,,
2017-10-12,07:27,228,on/off,on/off,10,20.2,72.0,on,48,19,45,18,,,,
2017-10-12,07:27,229,on/off,on/off,11,20.2,72.0,on,48,19,44,18,,,,
2017-10-12,07:27,229,on/off,on/off,11,20.2,72.0,on,48,19,44,18,,,,
2017-10-12,07:27,227,on/off,on/off,10,20.2,72.0,on,48,19,45,18,,,,
2017-10-12,07:27,228,on/off,on/off,12,20.2,72.0,on,48,19,45,18,,,,
2017-10-12,07:28,230,on/off,on/off,10,20.2,71.9,on,48,19,45,18,,,,
2017-10-12,07:28,236,on/off,on/off,13,20.2,71.9,on,48,19,45,18,,,,
2017-10-12,07:28,228,on/off,on/off,10,20.2,71.9,on,48,19,45,19,,,,
2017-10-12,07:28,229,on/off,on/off,10,20.2,71.9,on,48,19,44,18,,,,
2017-10-12,07:28,230,on/off,on/off,11,20.2,71.9,on,48,19,44,18,,,,
2017-10-12,07:28,229,on/off,on/off,10,20.2,71.9,on,48,19,44,18,,,,
2017-10-12,07:28,231,on/off,on/off,11,20.2,71.9,on,48,19,45,18,,,,
2017-10-12,07:28,225,on/off,on/off,10,20.2,71.9,on,48,19,45,18,,,,
2017-10-12,07:28,231,on/off,on/off,9,20.2,71.7,on,48,19,44,19,,,,
2017-10-12,07:28,231,on/off,on/off,10,20.2,71.7,on,48,19,45,18,,,,
2017-10-12,07:28,231,on/off,on/off,11,20.2,71.7,on,48,19,45,18,,,,
2017-10-12,07:28,234,on/off,on/off,10,20.2,71.7,on,48,19,45,18,,,,
2017-10-12,07:28,231,on/off,on/off,13,20.2,71.7,on,48,19,44,18,,,,
2017-10-12,07:28,232,on/off,on/off,11,20.2,71.7,on,48,19,44,18,,,,
2017-10-12,07:28,232,on/off,on/off,11,20.2,71.7,on,48,19,44,18,,,,
2017-10-12,07:28,224,on/off,on/off,9,20.2,71.7,on,48,19,45,18,,,,
2017-10-12,07:28,232,on/off,on/off,10,20.2,71.8,on,48,19,45,18,,,,
2017-10-12,07:28,233,on/off,on/off,10,20.2,71.8,on,48,19,45,18,,,,
2017-10-12,07:28,232,on/off,on/off,10,20.2,71.8,on,48,19,45,19,,,,
2017-10-12,07:28,231,on/off,on/off,11,20.2,71.8,on,48,19,44,18,,,,
2017-10-12,07:28,233,on/off,on/off,9,20.2,71.9,on,48,19,44,18,,,,
2017-10-12,07:28,232,on/off,on/off,11,20.2,71.9,on,48,19,44,18,,,,
2017-10-12,07:28,229,on/off,on/off,10,20.2,71.9,on,48,19,45,18,,,,
2017-10-12,07:28,232,on/off,on/off,10,20.2,71.9,on,48,19,45,18,,,,
2017-10-12,07:29,236,on/off,on/off,9,20.2,71.7,on,48,19,44,18,,,,
2017-10-12,07:29,233,on/off,on/off,11,20.2,71.7,on,48,19,44,18,,,,
2017-10-12,07:29,233,on/off,on/off,13,20.2,71.7,on,48,19,44,18,,,,
2017-10-12,07:29,233,on/off,on/off,9,20.2,71.7,on,48,19,44,18,,,,
2017-10-12,07:29,229,on/off,on/off,9,20.2,71.7,on,48,19,44,18,,,,
2017-10-12,07:29,233,on/off,on/off,11,20.2,71.7,on,48,19,44,18,,,,
2017-10-12,07:29,229,on/off,on/off,11,20.2,71.7,on,48,19,45,18,,,,
2017-10-12,07:29,237,on/off,on/off,12,20.2,71.7,on,48,19,44,18,,,,
2017-10-12,07:29,234,on/off,on/off,11,20.2,72.1,on,48,19,44,18,,,,
2017-10-12,07:29,232,on/off,on/off,11,20.2,72.1,on,48,19,44,18,,,,
2017-10-12,07:29,229,on/off,on/off,10,20.2,72.1,on,48,19,44,19,,,,
2017-10-12,07:29,234,on/off,on/off,11,20.2,72.1,on,48,19,45,18,,,,
2017-10-12,07:29,233,on/off,on/off,10,20.2,72.3,on,48,19,44,18,,,,
2017-10-12,07:29,239,on/off,on/off,11,20.2,72.3,on,48,19,44,18,,,,
2017-10-12,07:29,233,on/off,on/off,11,20.2,72.3,on,48,19,44,18,,,,
2017-10-12,07:29,234,on/off,on/off,9,20.2,72.3,on,48,19,44,18,,,,
2017-10-12,07:29,240,on/off,on/off,11,20.1,72.0,on,48,19,44,18,,,,
2017-10-12,07:29,234,on/off,on/off,10,20.1,72.0,on,48,19,44,18,,,,
2017-10-12,07:29,231,on/off,on/off,11,20.1,72.0,on,47,19,45,18,,,,
2017-10-12,07:29,235,on/off,on/off,10,20.1,72.0,on,48,19,44,18,,,,
2017-10-12,07:30,232,on/off,on/off,10,20.2,72.2,on,48,19,44,18,,,,
2017-10-12,07:30,235,on/off,on/off,9,20.2,72.2,on,48,19,44,18,,,,
2017-10-12,07:30,235,on/off,on/off,11,20.2,72.2,on,48,19,44,18,,,,
2017-10-12,07:30,235,on/off,on/off,10,20.2,72.2,on,48,19,44,18,,,,
2017-10-12,07:30,240,on/off,on/off,12,20.2,72.4,on,48,19,44,18,,,,
2017-10-12,07:30,235,on/off,on/off,11,20.2,72.4,on,48,19,44,18,,,,
2017-10-12,07:30,235,on/off,on/off,12,20.2,72.4,on,48,19,44,18,,,,
2017-10-12,07:30,235,on/off,on/off,11,20.2,72.4,on,48,19,44,18,,,,
2017-10-12,07:30,235,on/off,on/off,11,20.2,72.5,on,48,19,44,18,,,,
2017-10-12,07:30,235,on/off,on/off,9,20.2,72.5,on,48,19,44,18,,,,
2017-10-12,07:30,236,on/off,on/off,11,20.2,72.5,on,48,19,44,18,,,,
2017-10-12,07:30,238,on/off,on/off,10,20.2,72.5,on,48,19,44,18,,,,
2017-10-12,07:30,236,on/off,on/off,10,20.2,72.5,on,48,19,44,18,,,,
2017-10-12,07:30,241,on/off,on/off,9,20.2,72.5,on,48,19,44,18,,,,
2017-10-12,07:30,233,on/off,on/off,10,20.2,72.5,on,48,19,45,18,,,,
2017-10-12,07:30,236,on/off,on/off,11,20.2,72.5,on,48,19,44,18,,,,
2017-10-12,07:30,237,on/off,on/off,9,20.2,72.3,on,48,19,44,18,,,,
2017-10-12,07:30,239,on/off,on/off,10,20.2,72.3,on,47,19,44,18,,,,
2017-10-12,07:30,235,on/off,on/off,10,20.2,72.3,on,48,19,44,19,,,,
2017-10-12,07:30,236,on/off,on/off,13,20.2,72.3,on,48,19,44,18,,,,
2017-10-12,07:30,235,on/off,on/off,10,20.2,72.3,on,48,19,44,18,,,,
2017-10-12,07:30,237,on/off,on/off,13,20.2,72.3,on,48,19,44,18,,,,
2017-10-12,07:30,240,on/off,on/off,11,20.2,72.3,on,48,19,44,18,,,,
2017-10-12,07:30,239,on/off,on/off,11,20.2,72.3,on,48,19,44,18,,,,
2017-10-12,07:31,233,on/off,on/off,12,20.2,72.3,on,48,19,44,18,,,,
2017-10-12,07:31,238,on/off,on/off,9,20.2,72.3,on,48,19,44,18,,,,
2017-10-12,07:31,240,on/off,on/off,11,20.2,72.3,on,48,19,44,18,,,,
2017-10-12,07:31,237,on/off,on/off,11,20.2,72.3,on,47,19,44,18,,,,
2017-10-12,07:31,238,on/off,on/off,11,20.2,72.1,on,48,19,44,18,,,,
2017-10-12,07:31,241,on/off,on/off,11,20.2,72.1,on,48,19,44,18,,,,
2017-10-12,07:31,240,on/off,on/off,11,20.2,72.1,on,47,19,44,18,,,,
2017-10-12,07:31,238,on/off,on/off,10,20.2,72.1,on,48,19,44,18,,,,
2017-10-12,07:31,239,on/off,on/off,11,20.1,72.0,on,48,19,44,18,,,,
2017-10-12,07:31,240,on/off,on/off,11,20.1,72.0,on,48,19,44,18,,,,
2017-10-12,07:31,237,on/off,on/off,11,20.1,72.0,on,48,19,44,18,,,,
2017-10-12,07:31,238,on/off,on/off,11,20.1,72.0,on,47,19,44,18,,,,
2017-10-12,07:31,245,on/off,on/off,13,20.2,72.1,on,48,19,44,18,,,,
2017-10-12,07:31,239,on/off,on/off,11,20.2,72.1,on,48,19,44,18,,,,
2017-10-12,07:31,240,on/off,on/off,12,20.2,72.1,on,48,19,44,18,,,,
2017-10-12,07:31,237,on/off,on/off,12,20.2,72.1,on,48,19,44,18,,,,
2017-10-12,07:31,246,on/off,on/off,10,20.1,72.3,on,48,19,44,18,,,,
2017-10-12,07:31,246,on/off,on/off,12,20.1,72.3,on,48,20,44,18,,,,
2017-10-12,07:31,240,on/off,on/off,11,20.1,72.3,on,48,19,44,18,,,,
2017-10-12,07:31,234,on/off,on/off,9,20.1,72.3,on,48,19,44,18,,,,
2017-10-12,07:32,241,on/off,on/off,11,20.1,72.3,on,48,19,44,18,,,,
2017-10-12,07:32,240,on/off,on/off,9,20.1,72.3,on,48,19,44,18,,,,
2017-10-12,07:32,243,on/off,on/off,12,20.1,72.3,on,48,19,44,18,,,,
2017-10-12,07:32,240,on/off,on/off,11,20.1,72.3,on,48,19,44,18,,,,
2017-10-12,07:32,238,on/off,on/off,9,20.1,72.1,on,48,19,44,18,,,,
2017-10-12,07:32,237,on/off,on/off,12,20.1,72.1,on,48,19,44,18,,,,
2017-10-12,07:32,241,on/off,on/off,11,20.1,72.1,on,48,19,44,18,,,,
2017-10-12,07:32,244,on/off,on/off,12,20.1,72.1,on,47,19,44,18,,,,
2017-10-12,07:32,242,on/off,on/off,12,20.2,71.8,on,48,20,44,18,,,,
2017-10-12,07:32,242,on/off,on/off,12,20.2,71.8,on,47,19,44,18,,,,
2017-10-12,07:32,239,on/off,on/off,10,20.2,71.8,on,48,19,44,18,,,,
2017-10-12,07:32,242,on/off,on/off,11,20.2,71.8,on,48,19,44,18,,,,
2017-10-12,07:32,243,on/off,on/off,12,20.1,72.0,on,48,19,44,18,,,,
2017-10-12,07:32,246,on/off,on/off,11,20.1,72.0,on,47,19,44,18,,,,
2017-10-12,07:32,243,on/off,on/off,12,20.1,72.0,on,48,19,44,18,,,,
2017-10-12,07:32,237,on/off,on/off,12,20.1,72.0,on,47,19,44,18,,,,
2017-10-12,07:32,245,on/off,on/off,13,20.2,72.3,on,48,19,44,18,,,,
2017-10-12,07:32,243,on/off,on/off,12,20.2,72.3,on,48,19,44,18,,,,
2017-10-12,07:32,245,on/off,on/off,12,20.2,72.3,on,47,19,44,18,,,,
2017-10-12,07:32,238,on/off,on/off,10,20.2,72.3,on,48,19,44,18,,,,
2017-10-12,07:32,244,on/off,on/off,12,20.2,72.1,on,48,19,44,18,,,,
2017-10-12,07:32,244,on/off,on/off,12,20.2,72.1,on,47,19,44,18,,,,
2017-10-12,07:32,244,on/off,on/off,13,20.2,72.1,on,47,19,44,18,,,,
2017-10-12,07:32,242,on/off,on/off,11,20.2,72.1,on,47,19,44,18,,,,
2017-10-12,07:33,243,on/off,on/off,13,20.2,72.2,on,48,19,44,18,,,,
2017-10-12,07:33,243,on/off,on/off,12,20.2,72.2,on,47,19,44,18,,,,
2017-10-12,07:33,244,on/off,on/off,11,20.2,72.2,on,47,19,44,19,,,,
2017-10-12,07:33,248,on/off,on/off,11,20.2,72.2,on,47,19,44,18,,,,
2017-10-12,07:33,241,on/off,on/off,11,20.1,72.1,on,47,19,44,18,,,,
2017-10-12,07:33,242,on/off,on/off,11,20.1,72.1,on,47,19,44,18,,,,
2017-10-12,07:33,246,on/off,on/off,12,20.1,72.1,on,48,19,44,18,,,,
2017-10-12,07:33,248,on/off,on/off,11,20.1,72.1,on,47,19,44,18,,,,
2017-10-12,07:33,245,on/off,on/off,12,20.1,72.4,on,47,19,44,18,,,,
2017-10-12,07:33,246,on/off,on/off,12,20.1,72.4,on,47,19,44,18,,,,
2017-10-12,07:33,240,on/off,on/off,11,20.1,72.4,on,47,19,44,18,,,,
2017-10-12,07:33,243,on/off,on/off,11,20.1,72.4,on,47,19,44,18,,,,
2017-10-12,07:33,246,on/off,on/off,13,20.1,72.1,on,47,19,44,18,,,,
2017-10-12,07:33,246,on/off,on/off,12,20.1,72.1,on,47,19,44,18,,,,
2017-10-12,07:33,251,on/off,on/off,13,20.1,72.1,on,48,19,44,18,,,,
2017-10-12,07:33,248,on/off,on/off,12,20.1,72.1,on,47,19,44,18,,,,
2017-10-12,07:33,247,on/off,on/off,13,20.1,72.2,on,47,20,44,18,,,,
2017-10-12,07:33,245,on/off,on/off,11,20.1,72.2,on,47,19,44,18,,,,
2017-10-12,07:33,244,on/off,on/off,11,20.1,72.2,on,47,19,44,18,,,,
2017-10-12,07:33,247,on/off,on/off,12,20.1,72.2,on,48,19,44,18,,,,
2017-10-12,07:33,247,on/off,on/off,11,20.1,72.1,on,47,19,44,18,,,,
2017-10-12,07:33,243,on/off,on/off,12,20.1,72.1,on,48,19,44,18,,,,
2017-10-12,07:33,246,on/off,on/off,12,20.1,72.1,on,47,19,44,18,,,,
2017-10-12,07:33,250,on/off,on/off,12,20.1,72.1,on,47,19,44,18,,,,
2017-10-12,07:34,248,on/off,on/off,11,20.1,72.0,on,48,20,44,18,,,,
2017-10-12,07:34,246,on/off,on/off,11,20.1,72.0,on,47,19,44,18,,,,
2017-10-12,07:34,247,on/off,on/off,13,20.1,72.0,on,48,19,44,18,,,,
2017-10-12,07:34,245,on/off,on/off,11,20.1,72.0,on,47,19,44,18,,,,
2017-10-12,07:34,242,on/off,on/off,11,20.1,72.1,on,47,19,44,18,,,,
2017-10-12,07:34,244,on/off,on/off,12,20.1,72.1,on,47,19,44,18,,,,
2017-10-12,07:34,247,on/off,on/off,12,20.1,72.1,on,47,19,44,18,,,,
2017-10-12,07:34,248,on/off,on/off,14,20.1,72.1,on,47,20,44,18,,,,
2017-10-12,07:34,248,on/off,on/off,12,20.1,72.1,on,47,19,44,19,,,,
2017-10-12,07:34,248,on/off,on/off,13,20.1,72.1,on,47,19,44,18,,,,
2017-10-12,07:34,250,on/off,on/off,11,20.1,72.1,on,47,19,44,18,,,,
2017-10-12,07:34,249,on/off,on/off,13,20.1,72.1,on,47,19,44,18,,,,
2017-10-12,07:34,250,on/off,on/off,11,20.1,72.2,on,48,19,44,18,,,,
2017-10-12,07:34,249,on/off,on/off,13,20.1,72.2,on,47,19,44,18,,,,
2017-10-12,07:34,248,on/off,on/off,12,20.1,72.2,on,47,19,44,18,,,,
2017-10-12,07:34,249,on/off,on/off,12,20.1,72.2,on,47,19,44,18,,,,
2017-10-12,07:34,246,on/off,on/off,13,20.1,72.1,on,47,19,44,18,,,,
2017-10-12,07:34,249,on/off,on/off,13,20.1,72.1,on,47,19,44,18,,,,
2017-10-12,07:34,250,on/off,on/off,11,20.1,72.1,on,47,19,44,18,,,,
2017-10-12,07:34,251,on/off,on/off,13,20.1,72.1,on,47,20,44,18,,,,
2017-10-12,07:35,250,on/off,on/off,13,20.1,72.0,on,47,19,44,18,,,,
2017-10-12,07:35,250,on/off,on/off,12,20.1,72.0,on,47,19,44,19,,,,
2017-10-12,07:35,254,on/off,on/off,12,20.1,72.0,on,47,20,44,18,,,,
2017-10-12,07:35,250,on/off,on/off,12,20.1,72.0,on,47,19,44,18,,,,
2017-10-12,07:35,246,on/off,on/off,12,20.1,72.1,on,47,19,43,18,,,,
2017-10-12,07:35,250,on/off,on/off,12,20.1,72.1,on,47,19,44,18,,,,
2017-10-12,07:35,247,on/off,on/off,12,20.1,72.1,on,47,19,44,18,,,,
2017-10-12,07:35,249,on/off,on/off,13,20.1,72.1,on,47,19,44,18,,,,
2017-10-12,07:35,254,on/off,on/off,12,20.1,72.1,on,47,19,44,18,,,,
2017-10-12,07:35,250,on/off,on/off,12,20.1,72.1,on,47,19,43,18,,,,
2017-10-12,07:35,248,on/off,on/off,11,20.1,72.1,on,47,19,44,18,,,,
2017-10-12,07:35,254,on/off,on/off,12,20.1,72.1,on,47,19,44,19,,,,
2017-10-12,07:35,251,on/off,on/off,12,20.1,72.2,on,47,19,44,19,,,,
2017-10-12,07:35,252,on/off,on/off,15,20.1,72.2,on,47,20,44,18,,,,
2017-10-12,07:35,249,on/off,on/off,12,20.1,72.2,on,47,19,44,18,,,,
2017-10-12,07:35,249,on/off,on/off,13,20.1,72.2,on,47,20,44,18,,,,
2017-10-12,07:35,250,on/off,on/off,12,20.1,72.3,on,47,19,44,18,,,,
2017-10-12,07:35,250,on/off,on/off,10,20.1,72.3,on,47,19,43,18,,,,
2017-10-12,07:35,249,on/off,on/off,12,20.1,72.3,on,47,19,44,19,,,,
2017-10-12,07:35,249,on/off,on/off,12,20.1,72.3,on,47,19,44,18,,,,
2017-10-12,07:35,245,on/off,on/off,13,20.1,72.2,on,47,19,44,18,,,,
2017-10-12,07:35,249,on/off,on/off,13,20.1,72.2,on,47,20,44,18,,,,
2017-10-12,07:35,250,on/off,on/off,12,20.1,72.2,on,47,19,44,18,,,,
2017-10-12,07:35,251,on/off,on/off,11,20.1,72.2,on,47,20,44,18,,,,
2017-10-12,07:36,249,on/off,on/off,14,20.1,72.0,on,47,20,44,18,,,,
2017-10-12,07:36,255,on/off,on/off,14,20.1,72.0,on,47,20,44,18,,,,
2017-10-12,07:36,251,on/off,on/off,13,20.1,72.0,on,47,20,44,18,,,,
2017-10-12,07:36,249,on/off,on/off,13,20.1,72.0,on,47,19,43,18,,,,
2017-10-12,07:36,250,on/off,on/off,13,20.1,72.0,on,47,19,44,18,,,,
2017-10-12,07:36,245,on/off,on/off,10,20.1,72.0,on,47,19,43,18,,,,
2017-10-12,07:36,251,on/off,on/off,12,20.1,72.0,on,47,19,44,18,,,,
2017-10-12,07:36,249,on/off,on/off,12,20.1,72.0,on,47,20,44,18,,,,
2017-10-12,07:36,250,on/off,on/off,11,20.1,72.2,on,47,20,44,18,,,,
2017-10-12,07:36,248,on/off,on/off,12,20.1,72.2,on,47,20,44,18,,,,
2017-10-12,07:36,249,on/off,on/off,12,20.1,72.2,on,47,19,44,18,,,,
2017-10-12,07:36,248,on/off,on/off,11,20.1,72.2,on,47,19,43,18,,,,
2017-10-12,07:36,249,on/off,on/off,10,20.1,72.3,on,47,19,43,18,,,,
2017-10-12,07:36,250,on/off,on/off,11,20.1,72.3,on,47,19,43,18,,,,
2017-10-12,07:36,249,on/off,on/off,12,20.1,72.3,on,47,19,44,18,,,,
2017-10-12,07:36,248,on/off,on/off,11,20.1,72.3,on,47,19,44,18,,,,
2017-10-12,07:36,251,on/off,on/off,12,20.1,72.0,on,47,20,44,18,,,,
2017-10-12,07:36,249,on/off,on/off,12,20.1,72.0,on,47,19,44,18,,,,
2017-10-12,07:36,249,on/off,on/off,11,20.1,72.0,on,47,19,44,18,,,,
2017-10-12,07:36,250,on/off,on/off,11,20.1,72.0,on,47,19,43,18,,,,
2017-10-12,07:37,250,on/off,on/off,11,20.1,71.9,on,47,19,44,18,,,,
2017-10-12,07:37,245,on/off,on/off,11,20.1,71.9,on,47,19,44,18,,,,
2017-10-12,07:37,249,on/off,on/off,14,20.1,71.9,on,47,19,44,18,,,,
2017-10-12,07:37,252,on/off,on/off,11,20.1,71.9,on,47,20,43,18,,,,
2017-10-12,07:37,252,on/off,on/off,13,20.1,71.9,on,47,20,43,18,,,,
2017-10-12,07:37,251,on/off,on/off,12,20.1,71.9,on,47,19,44,18,,,,
2017-10-12,07:37,251,on/off,on/off,13,20.1,71.9,on,47,19,43,18,,,,
2017-10-12,07:37,244,on/off,on/off,11,20.1,71.9,on,47,19,44,18,,,,
2017-10-12,07:37,248,on/off,on/off,12,20.1,72.1,on,47,20,43,18,,,,
2017-10-12,07:37,253,on/off,on/off,12,20.1,72.1,on,47,20,44,18,,,,
2017-10-12,07:37,251,on/off,on/off,12,20.1,72.1,on,47,19,44,18,,,,
2017-10-12,07:37,252,on/off,on/off,12,20.1,72.1,on,47,20,44,18,,,,
2017-10-12,07:37,245,on/off,on/off,10,20.1,72.0,on,47,19,44,18,,,,
2017-10-12,07:37,252,on/off,on/off,13,20.1,72.0,on,47,19,43,18,,,,
2017-10-12,07:37,253,on/off,on/off,13,20.1,72.0,on,47,19,43,18,,,,
2017-10-12,07:37,253,on/off,on/off,12,20.1,72.0,on,47,19,44,18,,,,
2017-10-12,07:37,252,on/off,on/off,13,20.1,72.0,on,47,19,43,18,,,,
2017-10-12,07:37,248,on/off,on/off,10,20.1,72.0,on,47,19,43,18,,,,
2017-10-12,07:37,253,on/off,on/off,12,20.1,72.0,on,47,19,44,18,,,,
2017-10-12,07:37,251,on/off,on/off,14,20.1,72.0,on,47,19,44,18,,,,
2017-10-12,07:37,252,on/off,on/off,12,20.1,71.9,on,47,20,44,18,,,,
2017-10-12,07:37,254,on/off,on/off,12,20.1,71.9,on,47,20,43,18,,,,
2017-10-12,07:37,252,on/off,on/off,12,20.1,71.9,on,47,19,44,18,,,,
2017-10-12,07:37,252,on/off,on/off,12,20.1,71.9,on,47,19,43,18,,,,
2017-10-12,07:38,252,on/off,on/off,13,20.1,71.7,on,47,20,43,18,,,,
2017-10-12,07:38,253,on/off,on/off,13,20.1,71.7,on,47,19,43,18,,,,
2017-10-12,07:38,252,on/off,on/off,13,20.1,71.7,on,47,20,44,18,,,,
2017-10-12,07:38,248,on/off,on/off,13,20.1,71.7,on,47,19,44,18,,,,
2017-10-12,07:38,259,on/off,on/off,13,20.1,71.9,on,47,20,43,18,,,,
2017-10-12,07:38,255,on/off,on/off,12,20.1,71.9,on,47,20,43,18,,,,
2017-10-12,07:38,253,on/off,on/off,11,20.1,71.9,on,47,19,43,18,,,,
2017-10-12,07:38,254,on/off,on/off,10,20.1,71.9,on,47,19,44,19,,,,
2017-10-12,07:38,254,on/off,on/off,11,20.1,72.0,on,47,19,43,18,,,,
2017-10-12,07:38,254,on/off,on/off,13,20.1,72.0,on,47,19,43,18,,,,
2017-10-12,07:38,251,on/off,on/off,12,20.1,72.0,on,47,20,43,18,,,,
2017-10-12,07:38,254,on/off,on/off,12,20.1,72.0,on,47,20,44,18,,,,
2017-10-12,07:38,255,on/off,on/off,12,20.1,72.2,on,47,19,43,18,,,,
2017-10-12,07:38,253,on/off,on/off,13,20.1,72.2,on,47,19,43,18,,,,
2017-10-12,07:38,253,on/off,on/off,12,20.1,72.2,on,47,19,43,18,,,,
2017-10-12,07:38,254,on/off,on/off,15,20.1,72.2,on,47,19,43,18,,,,
2017-10-12,07:38,254,on/off,on/off,12,20.1,72.1,on,47,20,44,18,,,,
2017-10-12,07:38,251,on/off,on/off,10,20.1,72.1,on,47,19,43,18,,,,
2017-10-12,07:38,255,on/off,on/off,13,20.1,72.1,on,47,19,44,18,,,,
2017-10-12,07:38,256,on/off,on/off,13,20.1,72.1,on,47,20,43,18,,,,
2017-10-12,07:39,257,on/off,on/off,12,20.1,72.2,on,47,19,43,18,,,,
2017-10-12,07:39,261,on/off,on/off,13,20.1,72.2,on,47,20,43,18,,,,
2017-10-12,07:39,256,on/off,on/off,12,20.1,72.2,on,47,19,44,18,,,,
2017-10-12,07:39,256,on/off,on/off,13,20.1,72.2,on,47,20,43,18,,,,
2017-10-12,07:39,256,on/off,on/off,13,20.1,72.1,on,47,20,43,18,,,,
2017-10-12,07:39,254,on/off,on/off,12,20.1,72.1,on,47,19,43,18,,,,
2017-10-12,07:39,260,on/off,on/off,14,20.1,72.1,on,47,20,43,18,,,,
2017-10-12,07:39,255,on/off,on/off,13,20.1,72.1,on,47,19,43,18,,,,
2017-10-12,07:39,259,on/off,on/off,12,20.1,72.1,on,47,19,43,18,,,,
2017-10-12,07:39,258,on/off,on/off,12,20.1,72.1,on,47,19,43,18,,,,
2017-10-12,07:39,258,on/off,on/off,13,20.1,72.1,on,47,19,43,18,,,,
2017-10-12,07:39,257,on/off,on/off,13,20.1,72.1,on,47,20,43,18,,,,
2017-10-12,07:39,257,on/off,on/off,11,20.1,72.1,on,47,19,43,18,,,,
2017-10-12,07:39,258,on/off,on/off,12,20.1,72.1,on,47,19,43,18,,,,
2017-10-12,07:39,257,on/off,on/off,14,20.1,72.1,on,47,20,44,18,,,,
2017-10-12,07:39,257,on/off,on/off,13,20.1,72.1,on,47,20,43,18,,,,
2017-10-12,07:39,261,on/off,on/off,13,20.1,72.0,on,47,20,43,18,,,,
2017-10-12,07:39,254,on/off,on/off,12,20.1,72.0,on,47,19,43,18,,,,
2017-10-12,07:39,258,on/off,on/off,13,20.1,72.0,on,47,19,43,18,,,,
2017-10-12,07:39,258,on/off,on/off,12,20.1,72.0,on,47,19,44,18,,,,
2017-10-12,07:39,254,on/off,on/off,14,20.1,71.9,on,47,19,43,18,,,,
2017-10-12,07:39,259,on/off,on/off,12,20.1,71.9,on,47,20,43,18,,,,
2017-10-12,07:39,259,on/off,on/off,13,20.1,71.9,on,47,19,43,18,,,,
2017-10-12,07:39,261,on/off,on/off,14,20.1,71.9,on,47,20,43,18,,,,
2017-10-12,07:40,258,on/off,on/off,13,20.1,72.0,on,47,20,43,18,,,,
2017-10-12,07:40,255,on/off,on/off,13,20.1,72.0,on,47,20,43,18,,,,
2017-10-12,07:40,260,on/off,on/off,14,20.1,72.0,on,47,20,43,18,,,,
2017-10-12,07:40,261,on/off,on/off,13,20.1,72.0,on,47,19,43,18,,,,
2017-10-12,07:40,263,on/off,on/off,14,20.1,71.9,on,47,19,43,18,,,,
2017-10-12,07:40,260,on/off,on/off,13,20.1,71.9,on,47,20,43,18,,,,
2017-10-12,07:40,260,on/off,on/off,13,20.1,71.9,on,47,19,43,18,,,,
2017-10-12,07:40,258,on/off,on/off,12,20.1,71.9,on,47,19,43,18,,,,
2017-10-12,07:40,259,on/off,on/off,13,20.1,72.0,on,47,20,43,18,,,,
2017-10-12,07:40,263,on/off,on/off,14,20.1,72.0,on,47,20,43,18,,,,
2017-10-12,07:40,259,on/off,on/off,12,20.1,72.0,on,47,20,43,18,,,,
2017-10-12,07:40,258,on/off,on/off,13,20.1,72.0,on,47,19,43,18,,,,
2017-10-12,07:40,259,on/off,on/off,13,20.1,71.9,on,47,19,43,18,,,,
2017-10-12,07:40,258,on/off,on/off,13,20.1,71.9,on,47,19,43,18,,,,
2017-10-12,07:40,258,on/off,on/off,12,20.1,71.9,on,47,20,43,18,,,,
2017-10-12,07:40,257,on/off,on/off,12,20.1,71.9,on,47,20,43,18,,,,
2017-10-12,07:40,261,on/off,on/off,13,20.1,71.9,on,47,20,43,18,,,,
2017-10-12,07:40,259,on/off,on/off,15,20.1,71.9,on,47,20,43,18,,,,
2017-10-12,07:40,260,on/off,on/off,11,20.1,71.9,on,47,20,43,18,,,,
2017-10-12,07:40,259,on/off,on/off,12,20.1,71.9,on,47,19,43,18,,,,
2017-10-12,07:41,259,on/off,on/off,13,20.1,71.7,on,47,19,43,18,,,,
2017-10-12,07:41,259,on/off,on/off,14,20.1,71.7,on,47,20,43,18,,,,
2017-10-12,07:41,263,on/off,on/off,15,20.1,71.7,on,47,20,43,18,,,,
2017-10-12,07:41,258,on/off,on/off,14,20.1,71.7,on,47,19,43,18,,,,
2017-10-12,07:41,252,on/off,on/off,12,20.1,72.0,on,47,19,43,18,,,,
2017-10-12,07:41,263,on/off,on/off,13,20.1,72.0,on,47,20,44,18,,,,
2017-10-12,07:41,266,on/off,on/off,12,20.1,72.0,on,47,20,43,18,,,,
2017-10-12,07:41,257,on/off,on/off,13,20.1,72.0,on,47,19,43,18,,,,
2017-10-12,07:41,257,on/off,on/off,13,20.1,71.7,on,47,19,43,18,,,,
2017-10-12,07:41,262,on/off,on/off,12,20.1,71.7,on,47,20,43,18,,,,
2017-10-12,07:41,259,on/off,on/off,14,20.1,71.7,on,47,19,43,18,,,,
2017-10-12,07:41,256,on/off,on/off,13,20.1,71.7,on,47,20,43,18,,,,
2017-10-12,07:41,264,on/off,on/off,14,20.1,72.0,on,47,20,43,18,,,,
2017-10-12,07:41,258,on/off,on/off,13,20.1,72.0,on,47,19,43,18,,,,
2017-10-12,07:41,260,on/off,on/off,13,20.1,72.0,on,47,19,43,18,,,,
2017-10-12,07:41,259,on/off,on/off,13,20.1,72.0,on,47,20,43,18,,,,
2017-10-12,07:41,259,on/off,on/off,12,20.1,72.0,on,47,20,43,18,,,,
2017-10-12,07:41,259,on/off,on/off,13,20.1,72.0,on,47,20,43,18,,,,
2017-10-12,07:41,266,on/off,on/off,14,20.1,72.0,on,47,20,43,18,,,,
2017-10-12,07:41,260,on/off,on/off,13,20.1,72.0,on,47,20,43,18,,,,
2017-10-12,07:41,260,on/off,on/off,12,20.1,71.9,on,47,19,43,18,,,,
2017-10-12,07:41,254,on/off,on/off,11,20.1,71.9,on,47,19,43,18,,,,
2017-10-12,07:41,259,on/off,on/off,13,20.1,71.9,on,47,20,43,18,,,,
2017-10-12,07:41,265,on/off,on/off,12,20.1,71.9,on,47,20,43,18,,,,
2017-10-12,07:42,261,on/off,on/off,12,20.1,72.0,on,47,19,43,18,,,,
2017-10-12,07:42,259,on/off,on/off,14,20.1,72.0,on,47,20,43,18,,,,
2017-10-12,07:42,260,on/off,on/off,14,20.1,72.0,on,47,20,43,18,,,,
2017-10-12,07:42,257,on/off,on/off,14,20.1,72.0,on,47,19,43,18,,,,
2017-10-12,07:42,259,on/off,on/off,12,20.1,72.0,on,47,19,43,18,,,,
2017-10-12,07:42,261,on/off,on/off,13,20.1,72.0,on,47,19,43,19,,,,
2017-10-12,07:42,260,on/off,on/off,12,20.1,72.0,on,47,20,43,18,,,,
2017-10-12,07:42,266,on/off,on/off,12,20.1,72.0,on,47,20,43,18,,,,
2017-10-12,07:42,260,on/off,on/off,13,20.1,71.8,on,47,20,43,18,,,,
2017-10-12,07:42,258,on/off,on/off,13,20.1,71.8,on,47,19,43,18,,,,
2017-10-12,07:42,261,on/off,on/off,11,20.1,71.8,on,47,19,43,18,,,,
2017-10-12,07:42,259,on/off,on/off,14,20.1,71.8,on,47,20,43,18,,,,
2017-10-12,07:42,264,on/off,on/off,14,20.1,71.9,on,47,20,43,18,,,,
2017-10-12,07:42,262,on/off,on/off,13,20.1,71.9,on,47,20,43,18,,,,
2017-10-12,07:42,260,on/off,on/off,11,20.1,71.9,on,47,20,43,19,,,,
2017-10-12,07:42,256,on/off,on/off,11,20.1,71.9,on,47,19,43,18,,,,
2017-10-12,07:42,259,on/off,on/off,12,20.1,71.8,on,47,20,43,18,,,,
2017-10-12,07:42,259,on/off,on/off,13,20.1,71.8,on,47,20,43,18,,,,
2017-10-12,07:42,264,on/off,on/off,13,20.1,71.8,on,47,19,43,18,,,,
2017-10-12,07:42,260,on/off,on/off,11,20.1,71.8,on,47,20,43,18,,,,
2017-10-12,07:43,258,on/off,on/off,13,20.1,71.7,on,47,19,43,18,,,,
2017-10-12,07:43,255,on/off,on/off,13,20.1,71.7,on,47,19,43,18,,,,
2017-10-12,07:43,259,on/off,on/off,13,20.1,71.7,on,47,20,43,18,,,,
2017-10-12,07:43,263,on/off,on/off,14,20.1,71.7,on,47,20,43,18,,,,
2017-10-12,07:43,260,on/off,on/off,13,20.1,71.8,on,47,20,43,18,,,,
2017-10-12,07:43,259,on/off,on/off,11,20.1,71.8,on,47,19,43,18,,,,
2017-10-12,07:43,262,on/off,on/off,13,20.1,71.8,on,47,20,43,18,,,,
2017-10-12,07:43,258,on/off,on/off,12,20.1,71.8,on,47,20,43,18,,,,
2017-10-12,07:43,259,on/off,on/off,14,20.1,71.8,on,47,20,43,18,,,,
2017-10-12,07:43,263,on/off,on/off,14,20.1,71.8,on,47,20,43,18,,,,
2017-10-12,07:43,260,on/off,on/off,13,20.1,71.8,on,47,19,43,18,,,,
2017-10-12,07:43,260,on/off,on/off,14,20.1,71.8,on,47,20,43,19,,,,
2017-10-12,07:43,259,on/off,on/off,14,20.1,71.7,on,47,20,43,19,,,,
2017-10-12,07:43,261,on/off,on/off,13,20.1,71.7,on,47,19,43,18,,,,
2017-10-12,07:43,261,on/off,on/off,13,20.1,71.7,on,47,20,43,18,,,,
2017-10-12,07:43,264,on/off,on/off,13,20.1,71.7,on,47,20,43,18,,,,
2017-10-12,07:43,258,on/off,on/off,14,20.1,71.9,on,47,20,43,18,,,,
2017-10-12,07:43,264,on/off,on/off,13,20.1,71.9,on,47,19,43,18,,,,
2017-10-12,07:43,261,on/off,on/off,15,20.1,71.9,on,47,20,43,18,,,,
2017-10-12,07:43,262,on/off,on/off,13,20.1,71.9,on,47,19,43,18,,,,
2017-10-12,07:43,262,on/off,on/off,13,20.1,71.8,on,47,20,43,18,,,,
2017-10-12,07:43,262,on/off,on/off,15,20.1,71.8,on,47,20,43,18,,,,
2017-10-12,07:43,263,on/off,on/off,13,20.1,71.8,on,47,20,43,18,,,,
2017-10-12,07:43,263,on/off,on/off,12,20.1,71.8,on,47,20,43,18,,,,
2017-10-12,07:44,264,on/off,on/off,13,20.1,72.0,on,47,19,43,18,,,,
2017-10-12,07:44,262,on/off,on/off,12,20.1,72.0,on,47,19,43,18,,,,
2017-10-12,07:44,266,on/off,on/off,13,20.1,72.0,on,47,20,43,18,,,,
2017-10-12,07:44,262,on/off,on/off,13,20.1,72.0,on,47,20,43,18,,,,
2017-10-12,07:44,263,on/off,on/off,13,20.1,72.0,on,47,20,43,18,,,,
2017-10-12,07:44,265,on/off,on/off,15,20.1,72.0,on,47,19,43,18,,,,
2017-10-12,07:44,263,on/off,on/off,13,20.1,72.0,on,47,20,43,18,,,,
2017-10-12,07:44,264,on/off,on/off,14,20.1,72.0,on,47,20,43,18,,,,
2017-10-12,07:44,265,on/off,on/off,13,20.1,72.0,on,47,19,43,18,,,,
2017-10-12,07:44,260,on/off,on/off,13,20.1,72.0,on,47,20,43,19,,,,
2017-10-12,07:44,263,on/off,on/off,13,20.1,72.0,on,47,20,43,18,,,,
2017-10-12,07:44,270,on/off,on/off,15,20.1,72.0,on,47,20,43,18,,,,
2017-10-12,07:44,264,on/off,on/off,13,20.1,71.9,on,47,19,43,18,,,,
2017-10-12,07:44,268,on/off,on/off,13,20.1,71.9,on,47,20,43,18,,,,
2017-10-12,07:44,263,on/off,on/off,13,20.1,71.9,on,47,20,43,18,,,,
2017-10-12,07:44,264,on/off,on/off,14,20.1,71.9,on,47,20,43,18,,,,
2017-10-12,07:44,264,on/off,on/off,13,20.1,71.9,on,47,20,43,19,,,,
2017-10-12,07:44,264,on/off,on/off,11,20.1,71.9,on,47,19,43,18,,,,
2017-10-12,07:44,264,on/off,on/off,13,20.1,71.9,on,47,20,43,18,,,,
2017-10-12,07:44,263,on/off,on/off,14,20.1,71.9,on,47,20,43,18,,,,
2017-10-12,07:45,265,on/off,on/off,13,20.1,72.0,on,47,20,43,18,,,,
2017-10-12,07:45,262,on/off,on/off,13,20.1,72.0,on,47,19,43,18,,,,
2017-10-12,07:45,257,on/off,on/off,11,20.1,72.0,on,47,19,43,18,,,,
2017-10-12,07:45,267,on/off,on/off,13,20.1,72.0,on,47,20,43,18,,,,
2017-10-12,07:45,264,on/off,on/off,12,20.1,72.1,on,47,20,43,18,,,,
2017-10-12,07:45,264,on/off,on/off,15,20.1,72.1,on,47,20,43,18,,,,
2017-10-12,07:45,270,on/off,on/off,13,20.1,72.1,on,47,20,43,18,,,,
2017-10-12,07:45,260,on/off,on/off,14,20.1,72.1,on,47,20,43,19,,,,
2017-10-12,07:45,263,on/off,on/off,12,20.1,71.8,on,47,19,43,19,,,,
2017-10-12,07:45,264,on/off,on/off,12,20.1,71.8,on,47,20,43,18,,,,
2017-10-12,07:45,260,on/off,on/off,13,20.1,71.8,on,47,20,43,18,,,,
2017-10-12,07:45,263,on/off,on/off,15,20.1,71.8,on,47,20,43,18,,,,
2017-10-12,07:45,266,on/off,on/off,15,20.1,71.7,on,47,20,43,18,,,,
2017-10-12,07:45,264,on/off,on/off,13,20.1,71.7,on,47,20,43,18,,,,
2017-10-12,07:45,266,on/off,on/off,13,20.1,71.7,on,47,20,43,18,,,,
2017-10-12,07:45,263,on/off,on/off,14,20.1,71.7,on,47,20,43,18,,,,
2017-10-12,07:45,264,on/off,on/off,15,20.1,71.7,on,47,20,43,18,,,,
2017-10-12,07:45,270,on/off,on/off,13,20.1,71.7,on,47,20,43,18,,,,
2017-10-12,07:45,264,on/off,on/off,13,20.1,71.7,on,47,20,42,18,,,,
2017-10-12,07:45,262,on/off,on/off,12,20.1,71.7,on,47,20,43,19,,,,
2017-10-12,07:45,261,on/off,on/off,14,20.1,71.7,on,47,20,43,18,,,,
2017-10-12,07:45,263,on/off,on/off,12,20.1,71.7,on,47,19,43,18,,,,
2017-10-12,07:45,266,on/off,on/off,14,20.1,71.7,on,47,20,43,18,,,,
2017-10-12,07:45,260,on/off,on/off,13,20.1,71.7,on,47,20,43,18,,,,
2017-10-12,07:46,266,on/off,on/off,14,20.1,71.7,on,47,20,43,18,,,,
2017-10-12,07:46,266,on/off,on/off,11,20.1,71.7,on,47,19,43,18,,,,
2017-10-12,07:46,263,on/off,on/off,13,20.1,71.7,on,47,20,43,18,,,,
2017-10-12,07:46,265,on/off,on/off,13,20.1,71.7,on,47,20,43,18,,,,
2017-10-12,07:46,265,on/off,on/off,15,20.1,71.7,on,47,20,43,18,,,,
2017-10-12,07:46,271,on/off,on/off,15,20.1,71.7,on,47,20,43,18,,,,
2017-10-12,07:46,262,on/off,on/off,13,20.1,71.7,on,47,20,43,18,,,,
2017-10-12,07:46,266,on/off,on/off,14,20.1,71.7,on,47,20,43,18,,,,
2017-10-12,07:46,269,on/off,on/off,13,20.1,71.6,on,47,20,43,18,,,,
2017-10-12,07:46,266,on/off,on/off,13,20.1,71.6,on,47,20,43,18,,,,
2017-10-12,07:46,262,on/off,on/off,13,20.1,71.6,on,47,20,43,18,,,,
2017-10-12,07:46,266,on/off,on/off,13,20.1,71.6,on,47,20,43,18,,,,
2017-10-12,07:46,269,on/off,on/off,13,20.1,71.7,on,46,20,43,18,,,,
2017-10-12,07:46,266,on/off,on/off,15,20.1,71.7,on,47,20,43,18,,,,
2017-10-12,07:46,265,on/off,on/off,15,20.1,71.7,on,47,20,43,18,,,,
2017-10-12,07:46,268,on/off,on/off,14,20.1,71.7,on,47,20,42,18,,,,
2017-10-12,07:46,267,on/off,on/off,14,20.1,71.7,on,47,20,42,18,,,,
2017-10-12,07:46,267,on/off,on/off,13,20.1,71.7,on,47,19,43,18,,,,
2017-10-12,07:46,261,on/off,on/off,13,20.1,71.7,on,47,20,43,18,,,,
2017-10-12,07:46,266,on/off,on/off,16,20.1,71.7,on,47,20,43,18,,,,
2017-10-12,07:46,267,on/off,on/off,15,20.1,71.8,on,47,20,43,18,,,,
2017-10-12,07:46,267,on/off,on/off,13,20.1,71.8,on,47,20,43,18,,,,
2017-10-12,07:46,272,on/off,on/off,15,20.1,71.8,on,47,20,43,18,,,,
2017-10-12,07:46,267,on/off,on/off,14,20.1,71.8,on,47,19,43,18,,,,
2017-10-12,07:47,266,on/off,on/off,14,20.1,71.7,on,47,20,43,18,,,,
2017-10-12,07:47,266,on/off,on/off,13,20.1,71.7,on,47,20,43,18,,,,
2017-10-12,07:47,261,on/off,on/off,14,20.1,71.7,on,47,20,43,18,,,,
2017-10-12,07:47,267,on/off,on/off,14,20.1,71.7,on,47,20,43,18,,,,
2017-10-12,07:47,267,on/off,on/off,14,20.1,71.8,on,47,20,43,18,,,,
2017-10-12,07:47,271,on/off,on/off,13,20.1,71.8,on,47,20,43,18,,,,
2017-10-12,07:47,267,on/off,on/off,13,20.1,71.8,on,47,20,42,18,,,,
2017-10-12,07:47,264,on/off,on/off,12,20.1,71.8,on,47,19,43,18,,,,
2017-10-12,07:47,392,on/off,on/off,387,20.1,71.9,on,47,20,43,18,,,,
2017-10-12,07:47,394,on/off,on/off,384,20.1,71.9,on,47,20,43,18,,,,
2017-10-12,07:47,390,on/off,on/off,386,20.1,71.9,on,47,20,43,18,,,,
2017-10-12,07:47,397,on/off,on/off,388,20.1,71.9,on,47,20,43,18,,,,
2017-10-12,07:47,424,on/off,on/off,395,20.1,71.7,on,47,20,43,18,,,,
2017-10-12,07:47,423,on/off,on/off,395,20.1,71.7,on,47,20,43,18,,,,
2017-10-12,07:47,430,on/off,on/off,395,20.1,71.7,on,47,20,43,18,,,,
2017-10-12,07:47,428,on/off,on/off,396,20.1,71.7,on,47,20,43,18,,,,
2017-10-12,07:47,430,on/off,on/off,395,20.1,71.8,on,47,19,42,18,,,,
2017-10-12,07:47,428,on/off,on/off,394,20.1,71.8,on,47,19,42,18,,,,
2017-10-12,07:47,425,on/off,on/off,395,20.1,71.8,on,47,20,43,18,,,,
2017-10-12,07:47,427,on/off,on/off,394,20.1,71.8,on,47,20,43,18,,,,
2017-10-12,07:48,426,on/off,on/off,395,20.1,71.9,on,47,20,42,18,,,,
2017-10-12,07:48,431,on/off,on/off,396,20.1,71.9,on,47,20,43,18,,,,
2017-10-12,07:48,427,on/off,on/off,396,20.1,71.9,on,47,20,43,18,,,,
2017-10-12,07:48,426,on/off,on/off,396,20.1,71.9,on,47,19,43,18,,,,
2017-10-12,07:48,428,on/off,on/off,395,20.2,72.1,on,47,20,43,18,,,,
2017-10-12,07:48,425,on/off,on/off,394,20.2,72.1,on,47,19,43,18,,,,
2017-10-12,07:48,425,on/off,on/off,394,20.2,72.1,on,47,20,43,18,,,,
2017-10-12,07:48,427,on/off,on/off,396,20.2,72.1,on,47,20,43,18,,,,
2017-10-12,07:48,425,on/off,on/off,396,20.2,72.6,on,47,20,43,18,,,,
2017-10-12,07:48,426,on/off,on/off,395,20.2,72.6,on,47,20,42,18,,,,
2017-10-12,07:48,426,on/off,on/off,395,20.2,72.6,on,47,20,42,18,,,,
2017-10-12,07:48,426,on/off,on/off,395,20.2,72.6,on,47,19,42,18,,,,
2017-10-12,07:48,426,on/off,on/off,395,20.2,72.7,on,47,20,42,18,,,,
2017-10-12,07:48,422,on/off,on/off,395,20.2,72.7,on,47,20,43,18,,,,
2017-10-12,07:48,422,on/off,on/off,393,20.2,72.7,on,47,20,43,18,,,,
2017-10-12,07:48,428,on/off,on/off,395,20.2,72.7,on,47,20,42,18,,,,
2017-10-12,07:48,426,on/off,on/off,393,20.3,72.6,on,47,20,42,18,,,,
2017-10-12,07:48,426,on/off,on/off,392,20.3,72.6,on,47,20,42,18,,,,
2017-10-12,07:48,422,on/off,on/off,392,20.3,72.6,on,47,20,42,18,,,,
2017-10-12,07:48,426,on/off,on/off,394,20.3,72.6,on,47,20,43,18,,,,
2017-10-12,07:48,428,on/off,on/off,391,20.3,72.6,on,47,20,43,18,,,,
2017-10-12,07:48,427,on/off,on/off,392,20.3,72.6,on,47,20,42,18,,,,
2017-10-12,07:48,429,on/off,on/off,392,20.3,72.6,on,47,20,42,18,,,,
2017-10-12,07:48,428,on/off,on/off,392,20.3,72.6,on,47,20,43,18,,,,
2017-10-12,07:49,425,on/off,on/off,392,20.3,72.2,on,47,20,43,18,,,,
2017-10-12,07:49,427,on/off,on/off,392,20.3,72.2,on,47,20,43,18,,,,
2017-10-12,07:49,427,on/off,on/off,393,20.3,72.2,on,47,20,42,18,,,,
2017-10-12,07:49,428,on/off,on/off,392,20.3,72.2,on,47,20,42,18,,,,
2017-10-12,07:49,426,on/off,on/off,392,20.4,71.8,on,47,20,42,18,,,,
2017-10-12,07:49,427,on/off,on/off,392,20.4,71.8,on,47,19,42,18,,,,
2017-10-12,07:49,427,on/off,on/off,391,20.4,71.8,on,47,19,42,18,,,,
2017-10-12,07:49,427,on/off,on/off,389,20.4,71.8,on,47,19,42,18,,,,
2017-10-12,07:49,427,on/off,on/off,390,20.5,71.6,on,47,20,42,18,,,,
2017-10-12,07:49,427,on/off,on/off,391,20.5,71.6,on,47,19,43,18,,,,
2017-10-12,07:49,427,on/off,on/off,390,20.5,71.6,on,47,19,43,18,,,,
2017-10-12,07:49,426,on/off,on/off,391,20.5,71.6,on,47,20,42,18,,,,
2017-10-12,07:49,425,on/off,on/off,389,20.6,71.2,on,47,19,42,18,,,,
2017-10-12,07:49,429,on/off,on/off,391,20.6,71.2,on,47,20,42,18,,,,
2017-10-12,07:49,424,on/off,on/off,390,20.6,71.2,on,47,20,42,18,,,,
2017-10-12,07:49,425,on/off,on/off,391,20.6,71.2,on,47,19,42,18,,,,
2017-10-12,07:49,411,on/off,on/off,394,20.6,71.0,on,47,19,43,18,,,,
2017-10-12,07:49,415,on/off,on/off,394,20.6,71.0,on,47,19,42,18,,,,
2017-10-12,07:49,410,on/off,on/off,396,20.6,71.0,on,47,20,42,18,,,,
2017-10-12,07:49,408,on/off,on/off,394,20.6,71.0,on,47,19,42,18,,,,
2017-10-12,07:50,426,on/off,on/off,397,20.7,71.4,on,47,20,42,18,,,,
2017-10-12,07:50,426,on/off,on/off,397,20.7,71.4,on,47,19,42,18,,,,
2017-10-12,07:50,426,on/off,on/off,396,20.7,71.4,on,47,19,42,18,,,,
2017-10-12,07:50,429,on/off,on/off,398,20.7,71.4,on,47,20,42,18,,,,
2017-10-12,07:50,429,on/off,on/off,397,20.7,71.2,on,47,20,42,18,,,,
2017-10-12,07:50,433,on/off,on/off,397,20.7,71.2,on,47,19,42,18,,,,
2017-10-12,07:50,433,on/off,on/off,396,20.7,71.2,on,47,19,42,18,,,,
2017-10-12,07:50,432,on/off,on/off,398,20.7,71.2,on,47,20,42,18,,,,
2017-10-12,07:50,432,on/off,on/off,397,20.7,71.0,on,46,20,42,18,,,,
2017-10-12,07:50,432,on/off,on/off,398,20.7,71.0,on,47,20,42,18,,,,
2017-10-12,07:50,432,on/off,on/off,397,20.7,71.0,on,47,20,42,18,,,,
2017-10-12,07:50,432,on/off,on/off,398,20.7,71.0,on,47,19,42,18,,,,
2017-10-12,07:50,436,on/off,on/off,397,20.7,70.6,on,47,20,43,18,,,,
2017-10-12,07:50,432,on/off,on/off,397,20.7,70.6,on,47,20,42,18,,,,
2017-10-12,07:50,433,on/off,on/off,397,20.7,70.6,on,47,20,42,18,,,,
2017-10-12,07:50,430,on/off,on/off,396,20.7,70.6,on,47,20,42,18,,,,
