2017-10-06,00:00,18.4
2017-10-06,00:00,0.0
2017-10-06,00:00,0.0
2017-10-06,00:00,18.4
2017-10-06,00:00,0.0
2017-10-06,00:00,3.86
2017-10-06,00:00,18.4
2017-10-06,00:00,0.0
2017-10-06,00:00,0.0
2017-10-06,00:00,18.4
2017-10-06,00:00,0.0
2017-10-06,00:00,3.78
2017-10-06,00:00,0.0
2017-10-06,00:00,18.4
2017-10-06,00:00,0.0
2017-10-06,00:00,0.0
2017-10-06,00:00,18.4
2017-10-06,00:00,18.4
2017-10-06,00:00,0.0
2017-10-06,00:00,3.81
2017-10-06,00:00,3.91
2017-10-06,00:00,0.0
2017-10-06,00:00,18.4
2017-10-06,00:00,3.78
2017-10-06,00:00,0.0
2017-10-06,00:00,0.0
2017-10-06,00:00,0.0
2017-10-06,00:00,0.0
2017-10-06,00:00,18.4
2017-10-06,00:00,0.0
2017-10-06,00:00,3.8
2017-10-06,00:00,18.4
2017-10-06,00:00,18.4
2017-10-06,00:01,3.8
2017-10-06,00:01,18.4
2017-10-06,00:01,0.0
2017-10-06,00:01,0.0
2017-10-06,00:01,18.4
2017-10-06,00:01,0.0
2017-10-06,00:01,0.0
2017-10-06,00:01,18.4
2017-10-06,00:01,0.0
2017-10-06,00:01,18.4
2017-10-06,00:01,3.78
2017-10-06,00:01,0.0
2017-10-06,00:01,18.4
2017-10-06,00:01,0.0
2017-10-06,00:01,3.8
2017-10-06,00:01,18.4
2017-10-06,00:01,0.0
2017-10-06,00:01,18.4
2017-10-06,00:01,18.4
2017-10-06,00:01,0.0
2017-10-06,00:01,18.4
2017-10-06,00:01,18.4
2017-10-06,00:01,18.4
2017-10-06,00:01,1.0
2017-10-06,00:01,18.4
2017-10-06,00:01,18.4
2017-10-06,00:01,0.0
2017-10-06,00:01,18.4
2017-10-06,00:01,18.4
2017-10-06,00:01,3.76
2017-10-06,00:01,18.4
2017-10-06,00:01,18.4
2017-10-06,00:01,0.0
2017-10-06,00:02,18.4
2017-10-06,00:02,18.4
2017-10-06,00:02,3.73
2017-10-06,00:02,18.4
2017-10-06,00:02,18.4
2017-10-06,00:02,0.0
2017-10-06,00:02,18.4
2017-10-06,00:02,18.4
2017-10-06,00:02,3.75
2017-10-06,00:02,18.4
2017-10-06,00:02,18.4
2017-10-06,00:02,0.0
2017-10-06,00:02,18.4
2017-10-06,00:02,18.4
2017-10-06,00:02,0.0
2017-10-06,00:02,18.4
2017-10-06,00:02,18.4
2017-10-06,00:02,3.69
2017-10-06,00:02,18.4
2017-10-06,00:02,18.4
2017-10-06,00:02,0.0
2017-10-06,00:02,18.4
2017-10-06,00:02,18.4
2017-10-06,00:02,3.88
2017-10-06,00:02,18.4
2017-10-06,00:02,18.4
2017-10-06,00:02,0.0
2017-10-06,00:02,18.4
2017-10-06,00:02,18.4
2017-10-06,00:02,3.89
2017-10-06,00:02,18.4
2017-10-06,00:02,18.4
2017-10-06,00:03,0.0
2017-10-06,00:03,18.4
2017-10-06,00:03,18.4
2017-10-06,00:03,3.68
2017-10-06,00:03,18.4
2017-10-06,00:03,18.4
2017-10-06,00:03,0.0
2017-10-06,00:03,3.64
2017-10-06,00:03,18.4
2017-10-06,00:03,3.68
2017-10-06,00:03,3.71
2017-10-06,00:03,18.4
2017-10-06,00:03,0.0
2017-10-06,00:03,0.0
2017-10-06,00:03,0.0
2017-10-06,00:03,3.63
2017-10-06,00:03,0.0
2017-10-06,00:03,0.0
2017-10-06,00:03,0.0
2017-10-06,00:03,18.4
2017-10-06,00:03,0.0
2017-10-06,00:03,3.65
2017-10-06,00:03,18.4
2017-10-06,00:03,0.0
2017-10-06,00:03,0.0
2017-10-06,00:03,18.4
2017-10-06,00:03,18.4
2017-10-06,00:03,18.4
2017-10-06,00:03,3.6
2017-10-06,00:03,18.4
2017-10-06,00:03,18.4
2017-10-06,00:03,0.0
2017-10-06,00:03,18.4
2017-10-06,00:04,18.4
2017-10-06,00:04,0.0
2017-10-06,00:04,18.4
2017-10-06,00:04,0.0
2017-10-06,00:04,18.4
2017-10-06,00:04,0.0
2017-10-06,00:04,0.0
2017-10-06,00:04,18.4
2017-10-06,00:04,0.0
2017-10-06,00:04,3.74
2017-10-06,00:04,18.4
2017-10-06,00:04,3.79
2017-10-06,00:04,3.72
2017-10-06,00:04,18.4
2017-10-06,00:04,18.4
2017-10-06,00:04,3.74
2017-10-06,00:04,18.4
2017-10-06,00:04,0.0
2017-10-06,00:04,18.4
2017-10-06,00:04,18.4
2017-10-06,00:04,0.0
2017-10-06,00:04,18.4
2017-10-06,00:04,18.4
2017-10-06,00:04,3.75
2017-10-06,00:04,18.4
2017-10-06,00:04,18.4
2017-10-06,00:04,3.74
2017-10-06,00:04,18.4
2017-10-06,00:04,18.4
2017-10-06,00:04,0.0
2017-10-06,00:04,18.4
2017-10-06,00:04,18.4
2017-10-06,00:04,0.0
2017-10-06,00:04,0.0
2017-10-06,00:05,18.4
2017-10-06,00:05,414.0
2017-10-06,00:05,3.82
2017-10-06,00:05,18.4
2017-10-06,00:05,426.0
2017-10-06,00:05,18.4
2017-10-06,00:05,427.0
2017-10-06,00:05,428.0
2017-10-06,00:05,18.4
2017-10-06,00:05,3.85
2017-10-06,00:05,432.0
2017-10-06,00:05,18.4
2017-10-06,00:05,432.0
2017-10-06,00:05,3.79
2017-10-06,00:05,18.4
2017-10-06,00:05,3.8
2017-10-06,00:05,18.4
2017-10-06,00:05,18.4
2017-10-06,00:05,431.0
2017-10-06,00:05,18.5
2017-10-06,00:05,18.5
2017-10-06,00:05,3.76
2017-10-06,00:05,18.4
2017-10-06,00:05,18.5
2017-10-06,00:05,430.0
2017-10-06,00:05,18.5
2017-10-06,00:05,18.5
2017-10-06,00:05,3.68
2017-10-06,00:05,18.5
2017-10-06,00:05,18.5
2017-10-06,00:05,428.0
2017-10-06,00:05,18.5
2017-10-06,00:06,18.6
2017-10-06,00:06,3.71
2017-10-06,00:06,18.6
2017-10-06,00:06,428.0
2017-10-06,00:06,18.6
2017-10-06,00:06,18.6
2017-10-06,00:06,18.6
2017-10-06,00:06,3.68
2017-10-06,00:06,18.6
2017-10-06,00:06,425.0
2017-10-06,00:06,18.6
2017-10-06,00:06,18.6
2017-10-06,00:06,18.6
2017-10-06,00:06,3.84
2017-10-06,00:06,18.6
2017-10-06,00:06,18.6
2017-10-06,00:06,18.6
2017-10-06,00:06,425.0
2017-10-06,00:06,18.7
2017-10-06,00:06,18.7
2017-10-06,00:06,3.73
2017-10-06,00:06,18.7
2017-10-06,00:06,424.0
2017-10-06,00:06,18.7
2017-10-06,00:06,18.8
2017-10-06,00:06,18.8
2017-10-06,00:06,3.71
2017-10-06,00:06,425.0
2017-10-06,00:06,18.7
2017-10-06,00:06,18.7
2017-10-06,00:06,3.69
2017-10-06,00:06,18.8
2017-10-06,00:06,424.0
2017-10-06,00:07,3.73
2017-10-06,00:07,18.8
2017-10-06,00:07,18.8
2017-10-06,00:07,424.0
2017-10-06,00:07,18.8
2017-10-06,00:07,18.8
2017-10-06,00:07,423.0
2017-10-06,00:07,18.8
2017-10-06,00:07,5.02
2017-10-06,00:07,18.8
2017-10-06,00:07,5.0
2017-10-06,00:07,424.0
2017-10-06,00:07,18.8
2017-10-06,00:07,18.8
2017-10-06,00:07,4.97
2017-10-06,00:07,18.8
2017-10-06,00:07,18.8
2017-10-06,00:07,423.0
2017-10-06,00:07,18.8
2017-10-06,00:07,18.8
2017-10-06,00:07,18.8
2017-10-06,00:07,18.8
2017-10-06,00:07,5.02
2017-10-06,00:07,18.8
2017-10-06,00:07,18.8
2017-10-06,00:07,423.0
2017-10-06,00:07,18.8
2017-10-06,00:07,18.8
2017-10-06,00:07,5.07
2017-10-06,00:07,18.8
2017-10-06,00:07,18.8
2017-10-06,00:07,421.0
2017-10-06,00:07,18.8
2017-10-06,00:07,18.8
2017-10-06,00:08,423.0
2017-10-06,00:08,18.8
2017-10-06,00:08,18.8
2017-10-06,00:08,422.0
2017-10-06,00:08,18.8
2017-10-06,00:08,18.8
2017-10-06,00:08,18.8
2017-10-06,00:08,5.04
2017-10-06,00:08,18.9
2017-10-06,00:08,4.99
2017-10-06,00:08,4.91
2017-10-06,00:08,18.9
2017-10-06,00:08,18.8
2017-10-06,00:08,4.87
2017-10-06,00:08,421.0
2017-10-06,00:08,422.0
2017-10-06,00:08,18.9
2017-10-06,00:08,4.78
2017-10-06,00:08,18.8
2017-10-06,00:08,4.86
2017-10-06,00:08,4.86
2017-10-06,00:08,18.8
2017-10-06,00:08,409.0
2017-10-06,00:08,18.8
2017-10-06,00:08,18.9
2017-10-06,00:08,4.86
2017-10-06,00:08,18.9
2017-10-06,00:08,18.8
2017-10-06,00:08,415.0
2017-10-06,00:08,18.8
2017-10-06,00:08,18.8
2017-10-06,00:08,18.8
2017-10-06,00:08,4.86
2017-10-06,00:09,18.9
2017-10-06,00:09,18.9
2017-10-06,00:09,414.0
2017-10-06,00:09,18.8
2017-10-06,00:09,18.8
2017-10-06,00:09,4.93
2017-10-06,00:09,18.9
2017-10-06,00:09,410.0
2017-10-06,00:09,411.0
2017-10-06,00:09,18.8
2017-10-06,00:09,409.0
2017-10-06,00:09,4.86
2017-10-06,00:09,410.0
2017-10-06,00:09,18.8
2017-10-06,00:09,409.0
2017-10-06,00:09,409.0
2017-10-06,00:09,409.0
2017-10-06,00:09,408.0
2017-10-06,00:09,4.88
2017-10-06,00:09,410.0
2017-10-06,00:09,18.8
2017-10-06,00:09,410.0
2017-10-06,00:09,410.0
2017-10-06,00:09,4.86
2017-10-06,00:09,4.87
2017-10-06,00:09,407.0
2017-10-06,00:09,405.0
2017-10-06,00:09,4.85
2017-10-06,00:09,406.0
2017-10-06,00:09,407.0
2017-10-06,00:09,18.8
2017-10-06,00:09,18.9
2017-10-06,00:09,407.0
2017-10-06,00:10,18.8
2017-10-06,00:10,18.8
2017-10-06,00:10,406.0
2017-10-06,00:10,18.8
2017-10-06,00:10,18.9
2017-10-06,00:10,18.9
2017-10-06,00:10,18.9
2017-10-06,00:10,4.83
2017-10-06,00:10,18.9
2017-10-06,00:10,4.86
2017-10-06,00:10,18.9
2017-10-06,00:10,18.9
2017-10-06,00:10,408.0
2017-10-06,00:10,18.9
2017-10-06,00:10,18.9
2017-10-06,00:10,4.83
2017-10-06,00:10,18.9
2017-10-06,00:10,410.0
2017-10-06,00:10,18.9
2017-10-06,00:10,18.9
2017-10-06,00:10,406.0
2017-10-06,00:10,4.9
2017-10-06,00:10,18.9
2017-10-06,00:10,411.0
2017-10-06,00:10,413.0
2017-10-06,00:10,18.9
2017-10-06,00:10,414.0
2017-10-06,00:10,18.9
2017-10-06,00:10,19.0
2017-10-06,00:10,18.9
2017-10-06,00:10,412.0
2017-10-06,00:10,411.0
2017-10-06,00:10,19.0
2017-10-06,00:11,413.0
2017-10-06,00:11,19.0
2017-10-06,00:11,4.18
2017-10-06,00:11,413.0
2017-10-06,00:11,412.0
2017-10-06,00:11,19.0
2017-10-06,00:11,412.0
2017-10-06,00:11,4.14
2017-10-06,00:11,19.0
2017-10-06,00:11,4.14
2017-10-06,00:11,19.0
2017-10-06,00:11,18.9
2017-10-06,00:11,4.13
2017-10-06,00:11,4.19
2017-10-06,00:11,18.9
2017-10-06,00:11,18.9
2017-10-06,00:11,18.9
2017-10-06,00:11,18.9
2017-10-06,00:11,18.9
2017-10-06,00:11,4.07
2017-10-06,00:11,18.9
2017-10-06,00:11,18.9
2017-10-06,00:11,18.9
2017-10-06,00:11,19.0
2017-10-06,00:11,19.0
2017-10-06,00:11,18.9
2017-10-06,00:11,18.9
2017-10-06,00:11,18.9
2017-10-06,00:11,18.9
2017-10-06,00:11,18.9
2017-10-06,00:11,411.0
2017-10-06,00:11,412.0
2017-10-06,00:11,409.0
2017-10-06,00:11,18.9
2017-10-06,00:12,412.0
2017-10-06,00:12,18.9
2017-10-06,00:12,4.73
2017-10-06,00:12,411.0
2017-10-06,00:12,4.71
2017-10-06,00:12,412.0
2017-10-06,00:12,412.0
2017-10-06,00:12,412.0
2017-10-06,00:12,411.0
2017-10-06,00:12,5.05
2017-10-06,00:12,19.0
2017-10-06,00:12,19.0
2017-10-06,00:12,4.93
2017-10-06,00:12,18.9
2017-10-06,00:12,4.88
2017-10-06,00:12,18.9
2017-10-06,00:12,18.9
2017-10-06,00:12,18.9
2017-10-06,00:12,19.0
2017-10-06,00:12,19.0
2017-10-06,00:12,4.7
2017-10-06,00:12,18.9
2017-10-06,00:12,4.75
2017-10-06,00:12,410.0
2017-10-06,00:12,19.0
2017-10-06,00:12,19.0
2017-10-06,00:12,4.7
2017-10-06,00:12,18.9
2017-10-06,00:12,18.9
2017-10-06,00:12,18.9
2017-10-06,00:12,18.9
2017-10-06,00:12,18.9
2017-10-06,00:13,1.0
2017-10-06,00:13,18.9
2017-10-06,00:13,18.9
2017-10-06,00:13,18.9
2017-10-06,00:13,18.9
2017-10-06,00:13,0.0
2017-10-06,00:13,18.9
2017-10-06,00:13,18.9
2017-10-06,00:13,0.0
2017-10-06,00:13,18.9
2017-10-06,00:13,18.9
2017-10-06,00:13,1.0
2017-10-06,00:13,18.9
2017-10-06,00:13,18.9
2017-10-06,00:13,0.0
2017-10-06,00:13,4.61
2017-10-06,00:13,18.9
2017-10-06,00:13,2.0
2017-10-06,00:13,0.0
2017-10-06,00:13,18.8
2017-10-06,00:13,4.66
2017-10-06,00:13,4.64
2017-10-06,00:13,18.8
2017-10-06,00:13,0.0
2017-10-06,00:13,18.8
2017-10-06,00:13,18.8
2017-10-06,00:13,4.7
2017-10-06,00:13,18.8
2017-10-06,00:13,18.9
2017-10-06,00:13,1.0
2017-10-06,00:13,18.8
2017-10-06,00:13,18.9
2017-10-06,00:13,18.8
2017-10-06,00:13,4.7
2017-10-06,00:14,18.9
2017-10-06,00:14,18.9
2017-10-06,00:14,1.0
2017-10-06,00:14,18.9
2017-10-06,00:14,18.9
2017-10-06,00:14,4.69
2017-10-06,00:14,18.8
2017-10-06,00:14,18.8
2017-10-06,00:14,0.0
2017-10-06,00:14,0.0
2017-10-06,00:14,18.8
2017-10-06,00:14,0.0
2017-10-06,00:14,18.8
2017-10-06,00:14,18.8
2017-10-06,00:14,4.68
2017-10-06,00:14,18.8
2017-10-06,00:14,18.8
2017-10-06,00:14,0.0
2017-10-06,00:14,18.8
2017-10-06,00:14,18.8
2017-10-06,00:14,18.8
2017-10-06,00:14,0.0
2017-10-06,00:14,18.8
2017-10-06,00:14,18.8
2017-10-06,00:14,1.0
2017-10-06,00:14,18.8
2017-10-06,00:14,18.8
2017-10-06,00:14,0.0
2017-10-06,00:14,0.0
2017-10-06,00:14,18.8
2017-10-06,00:14,0.0
2017-10-06,00:14,0.0
2017-10-06,00:14,18.8
2017-10-06,00:14,0.0
2017-10-06,00:15,18.8
2017-10-06,00:15,18.7
2017-10-06,00:15,0.0
2017-10-06,00:15,18.8
2017-10-06,00:15,18.8
2017-10-06,00:15,0.0
2017-10-06,00:15,18.8
2017-10-06,00:15,18.8
2017-10-06,00:15,0.0
2017-10-06,00:15,18.7
2017-10-06,00:15,1.0
2017-10-06,00:15,0.0
2017-10-06,00:15,3.27
2017-10-06,00:15,0.0
2017-10-06,00:15,3.29
2017-10-06,00:15,18.7
2017-10-06,00:15,0.0
2017-10-06,00:15,0.0
2017-10-06,00:15,3.22
2017-10-06,00:15,0.0
2017-10-06,00:15,18.7
2017-10-06,00:15,0.0
2017-10-06,00:15,0.0
2017-10-06,00:15,18.7
2017-10-06,00:15,0.0
2017-10-06,00:15,1.0
2017-10-06,00:15,18.8
2017-10-06,00:15,18.8
2017-10-06,00:15,0.0
2017-10-06,00:15,18.7
2017-10-06,00:15,18.7
2017-10-06,00:15,2.0
2017-10-06,00:16,18.7
2017-10-06,00:16,18.7
2017-10-06,00:16,3.3
2017-10-06,00:16,18.7
2017-10-06,00:16,18.7
2017-10-06,00:16,3.0
2017-10-06,00:16,0.0
2017-10-06,00:16,0.0
2017-10-06,00:16,1.0
2017-10-06,00:16,0.0
2017-10-06,00:16,0.0
2017-10-06,00:16,3.3
2017-10-06,00:16,0.0
2017-10-06,00:16,0.0
2017-10-06,00:16,0.0
2017-10-06,00:16,0.0
2017-10-06,00:16,0.0
2017-10-06,00:16,3.29
2017-10-06,00:16,18.7
2017-10-06,00:16,18.7
2017-10-06,00:16,0.0
2017-10-06,00:16,18.7
2017-10-06,00:16,18.7
2017-10-06,00:16,18.7
2017-10-06,00:16,3.28
2017-10-06,00:16,18.7
2017-10-06,00:16,18.7
2017-10-06,00:16,2.0
2017-10-06,00:16,18.7
2017-10-06,00:16,18.7
2017-10-06,00:16,18.7
2017-10-06,00:16,1.0
2017-10-06,00:16,18.7
2017-10-06,00:16,18.7
2017-10-06,00:17,0.0
2017-10-06,00:17,3.23
2017-10-06,00:17,18.7
2017-10-06,00:17,0.0
2017-10-06,00:17,3.23
2017-10-06,00:17,18.7
2017-10-06,00:17,3.27
2017-10-06,00:17,3.24
2017-10-06,00:17,18.7
2017-10-06,00:17,0.0
2017-10-06,00:17,18.7
2017-10-06,00:17,18.7
2017-10-06,00:17,3.29
2017-10-06,00:17,18.7
2017-10-06,00:17,18.7
2017-10-06,00:17,0.0
2017-10-06,00:17,18.7
2017-10-06,00:17,18.7
2017-10-06,00:17,18.7
2017-10-06,00:17,0.0
2017-10-06,00:17,18.7
2017-10-06,00:17,18.7
2017-10-06,00:17,3.29
2017-10-06,00:17,3.25
2017-10-06,00:17,18.7
2017-10-06,00:17,0.0
2017-10-06,00:17,3.24
2017-10-06,00:17,18.7
2017-10-06,00:17,3.28
2017-10-06,00:17,3.24
2017-10-06,00:17,18.7
2017-10-06,00:17,2.0
2017-10-06,00:17,3.24
2017-10-06,00:18,18.7
2017-10-06,00:18,3.29
2017-10-06,00:18,18.7
2017-10-06,00:18,1.0
2017-10-06,00:18,2.0
2017-10-06,00:18,18.6
2017-10-06,00:18,1.0
2017-10-06,00:18,18.6
2017-10-06,00:18,3.29
2017-10-06,00:18,0.0
2017-10-06,00:18,18.7
2017-10-06,00:18,0.0
2017-10-06,00:18,1.0
2017-10-06,00:18,18.6
2017-10-06,00:18,3.3
2017-10-06,00:18,0.0
2017-10-06,00:18,18.7
2017-10-06,00:18,18.7
2017-10-06,00:18,2.0
2017-10-06,00:18,18.7
2017-10-06,00:18,18.7
2017-10-06,00:18,3.28
2017-10-06,00:18,18.7
2017-10-06,00:18,0.0
2017-10-06,00:18,18.7
2017-10-06,00:18,18.6
2017-10-06,00:18,3.29
2017-10-06,00:18,18.6
2017-10-06,00:18,18.7
2017-10-06,00:18,0.0
2017-10-06,00:18,18.6
2017-10-06,00:18,1.0
2017-10-06,00:18,18.7
2017-10-06,00:18,18.6
2017-10-06,00:19,0.0
2017-10-06,00:19,3.28
2017-10-06,00:19,18.6
2017-10-06,00:19,3.26
2017-10-06,00:19,18.6
2017-10-06,00:19,0.0
2017-10-06,00:19,3.27
2017-10-06,00:19,18.6
2017-10-06,00:19,3.26
2017-10-06,00:19,3.24
2017-10-06,00:19,18.6
2017-10-06,00:19,0.0
2017-10-06,00:19,18.6
2017-10-06,00:19,18.6
2017-10-06,00:19,3.25
2017-10-06,00:19,18.6
2017-10-06,00:19,0.0
2017-10-06,00:19,18.6
2017-10-06,00:19,18.6
2017-10-06,00:19,18.6
2017-10-06,00:19,18.6
2017-10-06,00:19,3.26
2017-10-06,00:19,1.0
2017-10-06,00:19,18.7
2017-10-06,00:19,18.7
2017-10-06,00:19,18.7
2017-10-06,00:19,1.0
2017-10-06,00:19,0.0
2017-10-06,00:19,0.0
2017-10-06,00:19,18.6
2017-10-06,00:19,18.6
2017-10-06,00:19,0.0
2017-10-06,00:19,1.0
2017-10-06,00:19,0.0
2017-10-06,00:20,0.0
2017-10-06,00:20,18.6
2017-10-06,00:20,0.0
2017-10-06,00:20,0.0
2017-10-06,00:20,3.23
2017-10-06,00:20,3.25
2017-10-06,00:20,2.0
2017-10-06,00:20,3.23
2017-10-06,00:20,3.0
2017-10-06,00:20,18.6
2017-10-06,00:20,18.6
2017-10-06,00:20,3.24
2017-10-06,00:20,18.6
2017-10-06,00:20,18.6
2017-10-06,00:20,18.6
2017-10-06,00:20,18.6
2017-10-06,00:20,18.6
2017-10-06,00:20,3.24
2017-10-06,00:20,18.6
2017-10-06,00:20,18.6
2017-10-06,00:20,3.24
2017-10-06,00:20,18.6
2017-10-06,00:20,18.6
2017-10-06,00:20,0.0
2017-10-06,00:20,18.6
2017-10-06,00:20,18.6
2017-10-06,00:20,18.6
2017-10-06,00:20,18.6
2017-10-06,00:20,18.6
2017-10-06,00:20,3.26
2017-10-06,00:20,18.6
2017-10-06,00:20,18.6
2017-10-06,00:21,18.6
2017-10-06,00:21,18.6
2017-10-06,00:21,18.6
2017-10-06,00:21,18.6
2017-10-06,00:21,18.6
2017-10-06,00:21,18.6
2017-10-06,00:21,18.6
2017-10-06,00:21,18.6
2017-10-06,00:21,18.6
2017-10-06,00:21,18.6
2017-10-06,00:21,18.6
2017-10-06,00:21,2.0
2017-10-06,00:21,3.26
2017-10-06,00:21,2.0
2017-10-06,00:21,18.6
2017-10-06,00:21,0.0
2017-10-06,00:21,3.25
2017-10-06,00:21,3.26
2017-10-06,00:21,0.0
2017-10-06,00:21,0.0
2017-10-06,00:21,3.22
2017-10-06,00:21,18.6
2017-10-06,00:21,3.23
2017-10-06,00:21,0.0
2017-10-06,00:21,18.6
2017-10-06,00:21,18.6
2017-10-06,00:21,18.6
2017-10-06,00:21,3.24
2017-10-06,00:21,18.6
2017-10-06,00:21,18.6
2017-10-06,00:21,3.25
2017-10-06,00:21,18.6
2017-10-06,00:21,1.0
2017-10-06,00:22,3.25
2017-10-06,00:22,18.6
2017-10-06,00:22,0.0
2017-10-06,00:22,18.6
2017-10-06,00:22,18.6
2017-10-06,00:22,3.24
2017-10-06,00:22,18.6
2017-10-06,00:22,18.6
2017-10-06,00:22,0.0
2017-10-06,00:22,18.6
2017-10-06,00:22,18.6
2017-10-06,00:22,3.25
2017-10-06,00:22,18.6
2017-10-06,00:22,18.6
2017-10-06,00:22,2.0
2017-10-06,00:22,18.6
2017-10-06,00:22,3.26
2017-10-06,00:22,0.0
2017-10-06,00:22,18.6
2017-10-06,00:22,18.6
2017-10-06,00:22,18.6
2017-10-06,00:22,18.6
2017-10-06,00:22,18.6
2017-10-06,00:22,0.0
2017-10-06,00:22,18.6
2017-10-06,00:22,18.6
2017-10-06,00:22,3.23
2017-10-06,00:22,18.6
2017-10-06,00:22,18.6
2017-10-06,00:22,18.6
2017-10-06,00:22,0.0
2017-10-06,00:22,18.6
2017-10-06,00:22,1.0
2017-10-06,00:22,18.6
2017-10-06,00:23,18.6
2017-10-06,00:23,18.6
2017-10-06,00:23,3.26
2017-10-06,00:23,18.6
2017-10-06,00:23,1.0
2017-10-06,00:23,18.6
2017-10-06,00:23,18.6
2017-10-06,00:23,18.6
2017-10-06,00:23,3.22
2017-10-06,00:23,18.6
2017-10-06,00:23,3.22
2017-10-06,00:23,18.6
2017-10-06,00:23,18.6
2017-10-06,00:23,18.6
2017-10-06,00:23,18.6
2017-10-06,00:23,18.6
2017-10-06,00:23,18.6
2017-10-06,00:23,1.0
2017-10-06,00:23,18.6
2017-10-06,00:23,1.0
2017-10-06,00:23,18.6
2017-10-06,00:23,18.6
2017-10-06,00:23,0.0
2017-10-06,00:23,1.0
2017-10-06,00:23,18.6
2017-10-06,00:23,1.0
2017-10-06,00:23,18.6
2017-10-06,00:23,18.6
2017-10-06,00:23,18.6
2017-10-06,00:23,0.0
2017-10-06,00:23,18.6
2017-10-06,00:23,18.6
2017-10-06,00:24,18.6
2017-10-06,00:24,18.6
2017-10-06,00:24,18.6
2017-10-06,00:24,1.0
2017-10-06,00:24,18.6
2017-10-06,00:24,18.6
2017-10-06,00:24,0.0
2017-10-06,00:24,18.6
2017-10-06,00:24,18.6
2017-10-06,00:24,18.6
2017-10-06,00:24,18.6
2017-10-06,00:24,18.6
2017-10-06,00:24,18.6
2017-10-06,00:24,18.6
2017-10-06,00:24,3.09
2017-10-06,00:24,18.6
2017-10-06,00:24,18.6
2017-10-06,00:24,0.0
2017-10-06,00:24,18.6
2017-10-06,00:24,18.6
2017-10-06,00:24,1.0
2017-10-06,00:24,18.6
2017-10-06,00:24,18.6
2017-10-06,00:24,1.0
2017-10-06,00:24,2.0
2017-10-06,00:24,1.0
2017-10-06,00:24,1.0
2017-10-06,00:24,0.0
2017-10-06,00:24,2.0
2017-10-06,00:24,0.0
2017-10-06,00:24,0.0
2017-10-06,00:24,18.6
2017-10-06,00:24,0.0
2017-10-06,00:25,0.0
2017-10-06,00:25,18.6
2017-10-06,00:25,0.0
2017-10-06,00:25,0.0
2017-10-06,00:25,18.6
2017-10-06,00:25,1.0
2017-10-06,00:25,1.0
2017-10-06,00:25,1.0
2017-10-06,00:25,18.6
2017-10-06,00:25,0.0
2017-10-06,00:25,0.0
2017-10-06,00:25,0.0
2017-10-06,00:25,1.0
2017-10-06,00:25,0.0
2017-10-06,00:25,0.0
2017-10-06,00:25,1.0
2017-10-06,00:25,0.0
2017-10-06,00:25,18.6
2017-10-06,00:25,1.0
2017-10-06,00:25,3.13
2017-10-06,00:25,3.12
2017-10-06,00:25,0.0
2017-10-06,00:25,18.6
2017-10-06,00:25,18.6
2017-10-06,00:25,18.6
2017-10-06,00:25,18.6
2017-10-06,00:25,18.6
2017-10-06,00:25,3.12
2017-10-06,00:25,18.6
2017-10-06,00:25,18.6
2017-10-06,00:25,18.6
2017-10-06,00:25,18.6
2017-10-06,00:25,18.6
2017-10-06,00:26,3.72
2017-10-06,00:26,18.6
2017-10-06,00:26,18.6
2017-10-06,00:26,0.0
2017-10-06,00:26,18.6
2017-10-06,00:26,18.6
2017-10-06,00:26,3.78
2017-10-06,00:26,18.6
2017-10-06,00:26,18.6
2017-10-06,00:26,3.79
2017-10-06,00:26,18.6
2017-10-06,00:26,18.6
2017-10-06,00:26,3.78
2017-10-06,00:26,18.6
2017-10-06,00:26,1.0
2017-10-06,00:26,3.75
2017-10-06,00:26,18.6
2017-10-06,00:26,18.6
2017-10-06,00:26,18.6
2017-10-06,00:26,18.6
2017-10-06,00:26,18.6
2017-10-06,00:26,3.63
2017-10-06,00:26,18.6
2017-10-06,00:26,18.6
2017-10-06,00:26,18.6
2017-10-06,00:26,3.64
2017-10-06,00:26,0.0
2017-10-06,00:26,3.64
2017-10-06,00:26,18.6
2017-10-06,00:26,0.0
2017-10-06,00:26,18.6
2017-10-06,00:26,18.6
2017-10-06,00:26,0.0
2017-10-06,00:27,18.6
2017-10-06,00:27,18.6
2017-10-06,00:27,0.0
2017-10-06,00:27,18.6
2017-10-06,00:27,0.0
2017-10-06,00:27,18.6
2017-10-06,00:27,18.6
2017-10-06,00:27,0.0
2017-10-06,00:27,18.6
2017-10-06,00:27,0.0
2017-10-06,00:27,18.6
2017-10-06,00:27,0.0
2017-10-06,00:27,18.6
2017-10-06,00:27,18.6
2017-10-06,00:27,18.6
2017-10-06,00:27,3.57
2017-10-06,00:27,3.6
2017-10-06,00:27,0.0
2017-10-06,00:27,3.61
2017-10-06,00:27,18.6
2017-10-06,00:27,3.75
2017-10-06,00:27,18.6
2017-10-06,00:27,18.6
2017-10-06,00:27,3.57
2017-10-06,00:27,18.6
2017-10-06,00:27,18.6
2017-10-06,00:27,18.6
2017-10-06,00:27,18.6
2017-10-06,00:27,0.0
2017-10-06,00:27,3.56
2017-10-06,00:27,18.6
2017-10-06,00:27,18.6
2017-10-06,00:27,3.58
2017-10-06,00:27,18.6
2017-10-06,00:28,3.54
2017-10-06,00:28,3.54
2017-10-06,00:28,18.6
2017-10-06,00:28,3.54
2017-10-06,00:28,0.0
2017-10-06,00:28,18.6
2017-10-06,00:28,18.6
2017-10-06,00:28,18.6
2017-10-06,00:28,18.6
2017-10-06,00:28,18.6
2017-10-06,00:28,18.6
2017-10-06,00:28,18.6
2017-10-06,00:28,18.6
2017-10-06,00:28,18.6
2017-10-06,00:28,18.6
2017-10-06,00:28,18.6
2017-10-06,00:28,18.6
2017-10-06,00:28,0.0
2017-10-06,00:28,18.6
2017-10-06,00:28,0.0
2017-10-06,00:28,18.6
2017-10-06,00:28,18.6
2017-10-06,00:28,3.59
2017-10-06,00:28,18.6
2017-10-06,00:28,18.6
2017-10-06,00:28,3.54
2017-10-06,00:28,18.6
2017-10-06,00:28,18.6
2017-10-06,00:28,18.6
2017-10-06,00:28,18.6
2017-10-06,00:28,18.6
2017-10-06,00:28,18.6
2017-10-06,00:29,18.6
2017-10-06,00:29,18.6
2017-10-06,00:29,18.6
2017-10-06,00:29,18.6
2017-10-06,00:29,0.0
2017-10-06,00:29,18.6
2017-10-06,00:29,0.0
2017-10-06,00:29,18.6
2017-10-06,00:29,18.6
2017-10-06,00:29,3.52
2017-10-06,00:29,18.6
2017-10-06,00:29,18.6
2017-10-06,00:29,3.53
2017-10-06,00:29,18.6
2017-10-06,00:29,18.6
2017-10-06,00:29,18.6
2017-10-06,00:29,18.6
2017-10-06,00:29,18.6
2017-10-06,00:29,3.55
2017-10-06,00:29,18.6
2017-10-06,00:29,18.6
2017-10-06,00:29,3.54
2017-10-06,00:29,18.6
2017-10-06,00:29,18.6
2017-10-06,00:29,3.52
2017-10-06,00:29,18.6
2017-10-06,00:29,18.6
2017-10-06,00:29,18.6
2017-10-06,00:29,18.6
2017-10-06,00:29,18.6
2017-10-06,00:29,18.6
2017-10-06,00:29,3.51
2017-10-06,00:29,18.6
2017-10-06,00:29,3.54
2017-10-06,00:30,3.54
2017-10-06,00:30,18.6
2017-10-06,00:30,0.0
2017-10-06,00:30,18.6
2017-10-06,00:30,18.6
2017-10-06,00:30,3.5
2017-10-06,00:30,18.6
2017-10-06,00:30,18.6
2017-10-06,00:30,18.6
2017-10-06,00:30,18.6
2017-10-06,00:30,18.6
2017-10-06,00:30,3.55
2017-10-06,00:30,18.6
2017-10-06,00:30,18.6
2017-10-06,00:30,18.6
2017-10-06,00:30,18.6
2017-10-06,00:30,18.6
2017-10-06,00:30,18.6
2017-10-06,00:30,18.6
2017-10-06,00:30,18.6
2017-10-06,00:30,18.6
2017-10-06,00:30,3.55
2017-10-06,00:30,18.6
2017-10-06,00:30,18.6
2017-10-06,00:30,0.0
2017-10-06,00:30,18.6
2017-10-06,00:30,18.6
2017-10-06,00:30,3.51
2017-10-06,00:30,18.6
2017-10-06,00:30,18.6
2017-10-06,00:30,18.6
2017-10-06,00:30,0.0
2017-10-06,00:31,3.55
2017-10-06,00:31,0.0
2017-10-06,00:31,18.6
2017-10-06,00:31,18.6
2017-10-06,00:31,0.0
2017-10-06,00:31,0.0
2017-10-06,00:31,18.6
2017-10-06,00:31,0.0
2017-10-06,00:31,0.0
2017-10-06,00:31,18.6
2017-10-06,00:31,0.0
2017-10-06,00:31,18.6
2017-10-06,00:31,18.6
2017-10-06,00:31,18.6
2017-10-06,00:31,18.6
2017-10-06,00:31,18.6
2017-10-06,00:31,3.55
2017-10-06,00:31,18.6
2017-10-06,00:31,18.6
2017-10-06,00:31,3.55
2017-10-06,00:31,18.6
2017-10-06,00:31,18.6
2017-10-06,00:31,18.6
2017-10-06,00:31,18.6
2017-10-06,00:31,18.6
2017-10-06,00:31,18.6
2017-10-06,00:31,18.6
2017-10-06,00:31,18.6
2017-10-06,00:31,18.6
2017-10-06,00:31,0.0
2017-10-06,00:31,18.6
2017-10-06,00:31,3.54
2017-10-06,00:31,18.6
2017-10-06,00:32,18.6
2017-10-06,00:32,18.6
2017-10-06,00:32,18.6
2017-10-06,00:32,18.6
2017-10-06,00:32,18.6
2017-10-06,00:32,18.6
2017-10-06,00:32,18.6
2017-10-06,00:32,18.6
2017-10-06,00:32,18.6
2017-10-06,00:32,18.6
2017-10-06,00:32,18.6
2017-10-06,00:32,18.6
2017-10-06,00:32,18.6
2017-10-06,00:32,18.6
2017-10-06,00:32,0.0
2017-10-06,00:32,18.6
2017-10-06,00:32,18.6
2017-10-06,00:32,0.0
2017-10-06,00:32,18.6
2017-10-06,00:32,3.55
2017-10-06,00:32,3.55
2017-10-06,00:32,18.6
2017-10-06,00:32,3.5
2017-10-06,00:32,18.6
2017-10-06,00:32,18.6
2017-10-06,00:32,18.6
2017-10-06,00:32,18.6
2017-10-06,00:32,18.6
2017-10-06,00:32,18.6
2017-10-06,00:32,18.6
2017-10-06,00:32,18.6
2017-10-06,00:32,18.6
2017-10-06,00:32,18.6
2017-10-06,00:33,18.6
2017-10-06,00:33,3.52
2017-10-06,00:33,18.6
2017-10-06,00:33,18.6
2017-10-06,00:33,0.0
2017-10-06,00:33,18.6
2017-10-06,00:33,18.6
2017-10-06,00:33,0.0
2017-10-06,00:33,18.6
2017-10-06,00:33,18.6
2017-10-06,00:33,0.0
2017-10-06,00:33,0.0
2017-10-06,00:33,18.6
2017-10-06,00:33,0.0
2017-10-06,00:33,3.52
2017-10-06,00:33,18.6
2017-10-06,00:33,18.6
2017-10-06,00:33,18.6
2017-10-06,00:33,3.56
2017-10-06,00:33,18.6
2017-10-06,00:33,0.0
2017-10-06,00:33,18.6
2017-10-06,00:33,18.6
2017-10-06,00:33,3.5
2017-10-06,00:33,18.6
2017-10-06,00:33,18.6
2017-10-06,00:33,3.48
2017-10-06,00:33,18.6
2017-10-06,00:33,18.6
2017-10-06,00:33,18.6
2017-10-06,00:33,18.6
2017-10-06,00:33,18.6
2017-10-06,00:34,18.6
2017-10-06,00:34,3.51
2017-10-06,00:34,18.6
2017-10-06,00:34,3.48
2017-10-06,00:34,0.0
2017-10-06,00:34,0.0
2017-10-06,00:34,18.6
2017-10-06,00:34,0.0
2017-10-06,00:34,0.0
2017-10-06,00:34,18.6
2017-10-06,00:34,0.0
2017-10-06,00:34,18.6
2017-10-06,00:34,18.6
2017-10-06,00:34,0.0
2017-10-06,00:34,3.53
2017-10-06,00:34,18.6
2017-10-06,00:34,0.0
2017-10-06,00:34,18.6
2017-10-06,00:34,18.6
2017-10-06,00:34,18.6
2017-10-06,00:34,3.57
2017-10-06,00:34,18.6
2017-10-06,00:34,18.6
2017-10-06,00:34,0.0
2017-10-06,00:34,18.6
2017-10-06,00:34,18.6
2017-10-06,00:34,18.6
2017-10-06,00:34,18.6
2017-10-06,00:34,18.6
2017-10-06,00:34,18.6
2017-10-06,00:34,18.6
2017-10-06,00:34,18.6
2017-10-06,00:34,18.6
2017-10-06,00:34,18.6
2017-10-06,00:35,18.6
2017-10-06,00:35,0.0
2017-10-06,00:35,18.6
2017-10-06,00:35,0.0
2017-10-06,00:35,18.6
2017-10-06,00:35,18.6
2017-10-06,00:35,0.0
2017-10-06,00:35,18.6
2017-10-06,00:35,18.6
2017-10-06,00:35,0.0
2017-10-06,00:35,0.0
2017-10-06,00:35,18.6
2017-10-06,00:35,0.0
2017-10-06,00:35,18.6
2017-10-06,00:35,18.6
2017-10-06,00:35,0.0
2017-10-06,00:35,18.6
2017-10-06,00:35,0.0
2017-10-06,00:35,18.6
2017-10-06,00:35,0.0
2017-10-06,00:35,18.6
2017-10-06,00:35,0.0
2017-10-06,00:35,3.51
2017-10-06,00:35,18.6
2017-10-06,00:35,18.6
2017-10-06,00:35,0.0
2017-10-06,00:35,18.6
2017-10-06,00:35,0.0
2017-10-06,00:35,3.6
2017-10-06,00:35,18.6
2017-10-06,00:35,3.53
2017-10-06,00:35,3.48
2017-10-06,00:36,18.6
2017-10-06,00:36,0.0
2017-10-06,00:36,18.6
2017-10-06,00:36,18.6
2017-10-06,00:36,0.0
2017-10-06,00:36,18.6
2017-10-06,00:36,18.6
2017-10-06,00:36,18.6
2017-10-06,00:36,0.0
2017-10-06,00:36,18.6
2017-10-06,00:36,18.6
2017-10-06,00:36,0.0
2017-10-06,00:36,18.6
2017-10-06,00:36,18.6
2017-10-06,00:36,0.0
2017-10-06,00:36,18.6
2017-10-06,00:36,18.6
2017-10-06,00:36,0.0
2017-10-06,00:36,18.6
2017-10-06,00:36,18.6
2017-10-06,00:36,0.0
2017-10-06,00:36,0.0
2017-10-06,00:36,3.57
2017-10-06,00:36,18.6
2017-10-06,00:36,0.0
2017-10-06,00:36,3.5
2017-10-06,00:36,0.0
2017-10-06,00:36,0.0
2017-10-06,00:36,0.0
2017-10-06,00:36,3.59
2017-10-06,00:36,18.6
2017-10-06,00:36,0.0
2017-10-06,00:36,0.0
2017-10-06,00:37,18.6
2017-10-06,00:37,18.6
2017-10-06,00:37,0.0
2017-10-06,00:37,18.6
2017-10-06,00:37,18.6
2017-10-06,00:37,18.6
2017-10-06,00:37,18.6
2017-10-06,00:37,0.0
2017-10-06,00:37,0.0
2017-10-06,00:37,18.6
2017-10-06,00:37,0.0
2017-10-06,00:37,18.6
2017-10-06,00:37,0.0
2017-10-06,00:37,18.6
2017-10-06,00:37,0.0
2017-10-06,00:37,18.6
2017-10-06,00:37,18.6
2017-10-06,00:37,0.0
2017-10-06,00:37,18.6
2017-10-06,00:37,18.6
2017-10-06,00:37,18.6
2017-10-06,00:37,18.6
2017-10-06,00:37,18.6
2017-10-06,00:37,18.6
2017-10-06,00:37,18.6
2017-10-06,00:37,18.6
2017-10-06,00:37,3.54
2017-10-06,00:37,18.6
2017-10-06,00:37,0.0
2017-10-06,00:37,3.51
2017-10-06,00:37,3.51
2017-10-06,00:37,0.0
2017-10-06,00:38,3.52
2017-10-06,00:38,18.6
2017-10-06,00:38,3.53
2017-10-06,00:38,18.6
2017-10-06,00:38,0.0
2017-10-06,00:38,18.6
2017-10-06,00:38,18.6
2017-10-06,00:38,0.0
2017-10-06,00:38,18.6
2017-10-06,00:38,18.6
2017-10-06,00:38,3.47
2017-10-06,00:38,18.6
2017-10-06,00:38,18.6
2017-10-06,00:38,18.6
2017-10-06,00:38,18.6
2017-10-06,00:38,18.6
2017-10-06,00:38,18.6
2017-10-06,00:38,18.6
2017-10-06,00:38,18.6
2017-10-06,00:38,18.6
2017-10-06,00:38,18.6
2017-10-06,00:38,18.6
2017-10-06,00:38,18.6
2017-10-06,00:38,18.6
2017-10-06,00:38,18.6
2017-10-06,00:38,18.6
2017-10-06,00:38,18.6
2017-10-06,00:38,18.6
2017-10-06,00:38,0.0
2017-10-06,00:38,0.0
2017-10-06,00:38,18.6
2017-10-06,00:38,0.0
2017-10-06,00:39,0.0
2017-10-06,00:39,3.52
2017-10-06,00:39,0.0
2017-10-06,00:39,0.0
2017-10-06,00:39,3.48
2017-10-06,00:39,0.0
2017-10-06,00:39,0.0
2017-10-06,00:39,18.6
2017-10-06,00:39,0.0
2017-10-06,00:39,0.0
2017-10-06,00:39,18.6
2017-10-06,00:39,0.0
2017-10-06,00:39,0.0
2017-10-06,00:39,18.6
2017-10-06,00:39,0.0
2017-10-06,00:39,0.0
2017-10-06,00:39,0.0
2017-10-06,00:39,0.0
2017-10-06,00:39,0.0
2017-10-06,00:39,0.0
2017-10-06,00:39,3.55
2017-10-06,00:39,3.49
2017-10-06,00:39,0.0
2017-10-06,00:39,0.0
2017-10-06,00:39,18.6
2017-10-06,00:39,0.0
2017-10-06,00:39,18.6
2017-10-06,00:39,3.57
2017-10-06,00:39,3.52
2017-10-06,00:39,18.6
2017-10-06,00:39,0.0
2017-10-06,00:39,3.49
2017-10-06,00:39,0.0
2017-10-06,00:39,3.53
2017-10-06,00:39,18.6
2017-10-06,00:40,0.0
2017-10-06,00:40,18.6
2017-10-06,00:40,18.6
2017-10-06,00:40,0.0
2017-10-06,00:40,18.6
2017-10-06,00:40,0.0
2017-10-06,00:40,0.0
2017-10-06,00:40,18.6
2017-10-06,00:40,18.6
2017-10-06,00:40,0.0
2017-10-06,00:40,18.6
2017-10-06,00:40,18.6
2017-10-06,00:40,0.0
2017-10-06,00:40,18.6
2017-10-06,00:40,18.6
2017-10-06,00:40,0.0
2017-10-06,00:40,18.6
2017-10-06,00:40,3.48
2017-10-06,00:40,18.6
2017-10-06,00:40,18.6
2017-10-06,00:40,18.6
2017-10-06,00:40,18.6
2017-10-06,00:40,18.6
2017-10-06,00:40,0.0
2017-10-06,00:40,18.6
2017-10-06,00:40,18.6
2017-10-06,00:40,0.0
2017-10-06,00:40,0.0
2017-10-06,00:40,18.6
2017-10-06,00:40,0.0
2017-10-06,00:40,0.0
2017-10-06,00:40,18.6
2017-10-06,00:40,0.0
2017-10-06,00:41,0.0
2017-10-06,00:41,18.6
2017-10-06,00:41,0.0
2017-10-06,00:41,0.0
2017-10-06,00:41,0.0
2017-10-06,00:41,18.6
2017-10-06,00:41,0.0
2017-10-06,00:41,0.0
2017-10-06,00:41,18.6
2017-10-06,00:41,0.0
2017-10-06,00:41,18.6
2017-10-06,00:41,0.0
2017-10-06,00:41,3.48
2017-10-06,00:41,18.6
2017-10-06,00:41,18.6
2017-10-06,00:41,3.52
2017-10-06,00:41,18.6
2017-10-06,00:41,0.0
2017-10-06,00:41,3.51
2017-10-06,00:41,18.6
2017-10-06,00:41,3.52
2017-10-06,00:41,18.6
2017-10-06,00:41,18.6
2017-10-06,00:41,18.6
2017-10-06,00:41,18.5
2017-10-06,00:41,18.5
2017-10-06,00:41,18.6
2017-10-06,00:41,18.6
2017-10-06,00:41,18.6
2017-10-06,00:41,18.6
2017-10-06,00:41,18.6
2017-10-06,00:41,18.6
2017-10-06,00:41,3.49
2017-10-06,00:42,18.6
2017-10-06,00:42,18.6
2017-10-06,00:42,18.6
2017-10-06,00:42,18.6
2017-10-06,00:42,18.6
2017-10-06,00:42,18.6
2017-10-06,00:42,0.0
2017-10-06,00:42,18.6
2017-10-06,00:42,0.0
2017-10-06,00:42,0.0
2017-10-06,00:42,0.0
2017-10-06,00:42,0.0
2017-10-06,00:42,18.6
2017-10-06,00:42,0.0
2017-10-06,00:42,18.6
2017-10-06,00:42,18.6
2017-10-06,00:42,18.6
2017-10-06,00:42,18.6
2017-10-06,00:42,18.6
2017-10-06,00:42,18.6
2017-10-06,00:42,18.6
2017-10-06,00:42,18.6
2017-10-06,00:42,18.6
2017-10-06,00:42,18.5
2017-10-06,00:42,18.5
2017-10-06,00:42,3.5
2017-10-06,00:42,18.5
2017-10-06,00:42,18.5
2017-10-06,00:42,3.5
2017-10-06,00:42,18.6
2017-10-06,00:42,18.6
2017-10-06,00:42,0.0
2017-10-06,00:42,18.6
2017-10-06,00:43,18.6
2017-10-06,00:43,18.6
2017-10-06,00:43,18.6
2017-10-06,00:43,18.6
2017-10-06,00:43,3.53
2017-10-06,00:43,18.6
2017-10-06,00:43,18.6
2017-10-06,00:43,18.5
2017-10-06,00:43,18.5
2017-10-06,00:43,18.5
2017-10-06,00:43,18.5
2017-10-06,00:43,18.5
2017-10-06,00:43,18.5
2017-10-06,00:43,3.5
2017-10-06,00:43,0.0
2017-10-06,00:43,18.5
2017-10-06,00:43,18.6
2017-10-06,00:43,18.6
2017-10-06,00:43,18.6
2017-10-06,00:43,18.6
2017-10-06,00:43,18.6
2017-10-06,00:43,18.6
2017-10-06,00:43,18.6
2017-10-06,00:43,3.5
2017-10-06,00:43,18.6
2017-10-06,00:43,18.6
2017-10-06,00:43,3.45
2017-10-06,00:43,3.48
2017-10-06,00:43,18.6
2017-10-06,00:43,0.0
2017-10-06,00:43,18.6
2017-10-06,00:43,18.6
2017-10-06,00:44,3.48
2017-10-06,00:44,18.6
2017-10-06,00:44,18.6
2017-10-06,00:44,18.6
2017-10-06,00:44,18.6
2017-10-06,00:44,18.6
2017-10-06,00:44,18.6
2017-10-06,00:44,18.6
2017-10-06,00:44,18.6
2017-10-06,00:44,18.6
2017-10-06,00:44,18.6
2017-10-06,00:44,18.6
2017-10-06,00:44,18.6
2017-10-06,00:44,18.6
2017-10-06,00:44,18.6
2017-10-06,00:44,18.6
2017-10-06,00:44,18.6
2017-10-06,00:44,18.6
2017-10-06,00:44,18.6
2017-10-06,00:44,18.6
2017-10-06,00:44,0.0
2017-10-06,00:44,0.0
2017-10-06,00:44,0.0
2017-10-06,00:44,0.0
2017-10-06,00:44,0.0
2017-10-06,00:44,0.0
2017-10-06,00:44,18.6
2017-10-06,00:44,0.0
2017-10-06,00:44,3.45
2017-10-06,00:44,3.47
2017-10-06,00:44,18.6
2017-10-06,00:44,3.47
2017-10-06,00:44,18.6
2017-10-06,00:44,18.6
2017-10-06,00:45,18.6
2017-10-06,00:45,18.6
2017-10-06,00:45,18.6
2017-10-06,00:45,18.6
2017-10-06,00:45,18.6
2017-10-06,00:45,18.6
2017-10-06,00:45,18.6
2017-10-06,00:45,18.6
2017-10-06,00:45,18.6
2017-10-06,00:45,18.6
2017-10-06,00:45,18.6
2017-10-06,00:45,3.52
2017-10-06,00:45,18.6
2017-10-06,00:45,18.6
2017-10-06,00:45,3.46
2017-10-06,00:45,0.0
2017-10-06,00:45,18.6
2017-10-06,00:45,18.6
2017-10-06,00:45,0.0
2017-10-06,00:45,18.6
2017-10-06,00:45,0.0
2017-10-06,00:45,18.6
2017-10-06,00:45,18.6
2017-10-06,00:45,3.46
2017-10-06,00:45,18.6
2017-10-06,00:45,18.6
2017-10-06,00:45,18.6
2017-10-06,00:45,0.0
2017-10-06,00:45,18.6
2017-10-06,00:45,18.6
2017-10-06,00:45,18.6
2017-10-06,00:45,18.6
2017-10-06,00:46,18.6
2017-10-06,00:46,18.6
2017-10-06,00:46,18.6
2017-10-06,00:46,18.6
2017-10-06,00:46,18.6
2017-10-06,00:46,18.6
2017-10-06,00:46,18.6
2017-10-06,00:46,18.6
2017-10-06,00:46,18.6
2017-10-06,00:46,18.6
2017-10-06,00:46,3.5
2017-10-06,00:46,18.6
2017-10-06,00:46,18.6
2017-10-06,00:46,3.5
2017-10-06,00:46,3.49
2017-10-06,00:46,18.6
2017-10-06,00:46,3.45
2017-10-06,00:46,18.6
2017-10-06,00:46,18.6
2017-10-06,00:46,3.48
2017-10-06,00:46,18.6
2017-10-06,00:46,3.45
2017-10-06,00:46,3.5
2017-10-06,00:46,3.47
2017-10-06,00:46,18.6
2017-10-06,00:46,18.6
2017-10-06,00:46,18.6
2017-10-06,00:46,18.6
2017-10-06,00:46,18.6
2017-10-06,00:46,18.6
2017-10-06,00:46,3.64
2017-10-06,00:46,18.6
2017-10-06,00:46,0.0
2017-10-06,00:47,18.6
2017-10-06,00:47,18.6
2017-10-06,00:47,0.0
2017-10-06,00:47,18.6
2017-10-06,00:47,18.6
2017-10-06,00:47,0.0
2017-10-06,00:47,3.64
2017-10-06,00:47,18.6
2017-10-06,00:47,3.8
2017-10-06,00:47,18.6
2017-10-06,00:47,18.6
2017-10-06,00:47,18.6
2017-10-06,00:47,18.6
2017-10-06,00:47,18.6
2017-10-06,00:47,18.6
2017-10-06,00:47,0.0
2017-10-06,00:47,18.6
2017-10-06,00:47,18.6
2017-10-06,00:47,0.0
2017-10-06,00:47,18.6
2017-10-06,00:47,18.6
2017-10-06,00:47,0.0
2017-10-06,00:47,18.6
2017-10-06,00:47,18.6
2017-10-06,00:47,0.0
2017-10-06,00:47,18.6
2017-10-06,00:47,18.6
2017-10-06,00:47,0.0
2017-10-06,00:47,18.6
2017-10-06,00:47,18.6
2017-10-06,00:47,0.0
2017-10-06,00:47,18.6
2017-10-06,00:48,18.6
2017-10-06,00:48,0.0
2017-10-06,00:48,18.6
2017-10-06,00:48,18.6
2017-10-06,00:48,0.0
2017-10-06,00:48,18.6
2017-10-06,00:48,0.0
2017-10-06,00:48,3.66
2017-10-06,00:48,0.0
2017-10-06,00:48,18.6
2017-10-06,00:48,0.0
2017-10-06,00:48,3.63
2017-10-06,00:48,18.6
2017-10-06,00:48,0.0
2017-10-06,00:48,3.62
2017-10-06,00:48,0.0
2017-10-06,00:48,0.0
2017-10-06,00:48,3.56
2017-10-06,00:48,0.0
2017-10-06,00:48,18.6
2017-10-06,00:48,0.0
2017-10-06,00:48,18.6
2017-10-06,00:48,18.6
2017-10-06,00:48,0.0
2017-10-06,00:48,0.0
2017-10-06,00:48,18.6
2017-10-06,00:48,3.64
2017-10-06,00:48,3.58
2017-10-06,00:48,18.6
2017-10-06,00:48,0.0
2017-10-06,00:48,18.6
2017-10-06,00:48,18.6
2017-10-06,00:48,18.6
2017-10-06,00:48,3.64
2017-10-06,00:49,18.6
2017-10-06,00:49,18.6
2017-10-06,00:49,0.0
2017-10-06,00:49,18.6
2017-10-06,00:49,18.6
2017-10-06,00:49,3.65
2017-10-06,00:49,18.6
2017-10-06,00:49,0.0
2017-10-06,00:49,18.6
2017-10-06,00:49,3.62
2017-10-06,00:49,18.6
2017-10-06,00:49,18.6
2017-10-06,00:49,3.59
2017-10-06,00:49,18.6
2017-10-06,00:49,18.6
2017-10-06,00:49,3.62
2017-10-06,00:49,0.0
2017-10-06,00:49,18.6
2017-10-06,00:49,18.6
2017-10-06,00:49,18.6
2017-10-06,00:49,18.6
2017-10-06,00:49,18.6
2017-10-06,00:49,18.6
2017-10-06,00:49,18.6
2017-10-06,00:49,18.5
2017-10-06,00:49,18.5
2017-10-06,00:49,18.6
2017-10-06,00:49,18.6
2017-10-06,00:49,18.6
2017-10-06,00:49,18.6
2017-10-06,00:49,18.6
2017-10-06,00:50,18.6
2017-10-06,00:50,18.6
2017-10-06,00:50,18.6
2017-10-06,00:50,3.58
2017-10-06,00:50,18.6
2017-10-06,00:50,18.6
2017-10-06,00:50,18.6
2017-10-06,00:50,18.6
2017-10-06,00:50,18.6
2017-10-06,00:50,0.0
2017-10-06,00:50,18.6
2017-10-06,00:50,18.6
2017-10-06,00:50,18.6
2017-10-06,00:50,18.6
2017-10-06,00:50,18.6
2017-10-06,00:50,18.6
2017-10-06,00:50,0.0
2017-10-06,00:50,18.6
2017-10-06,00:50,3.57
2017-10-06,00:50,3.58
2017-10-06,00:50,18.6
2017-10-06,00:50,18.6
2017-10-06,00:50,18.6
2017-10-06,00:50,18.6
2017-10-06,00:50,18.6
2017-10-06,00:50,18.6
2017-10-06,00:50,3.57
2017-10-06,00:50,18.6
2017-10-06,00:50,18.6
2017-10-06,00:50,0.0
2017-10-06,00:50,18.6
2017-10-06,00:50,18.6
2017-10-06,00:50,3.59
2017-10-06,00:50,18.6
2017-10-06,00:51,0.0
2017-10-06,00:51,18.6
2017-10-06,00:51,18.6
2017-10-06,00:51,0.0
2017-10-06,00:51,3.58
2017-10-06,00:51,18.6
2017-10-06,00:51,0.0
2017-10-06,00:51,0.0
2017-10-06,00:51,18.6
2017-10-06,00:51,0.0
2017-10-06,00:51,18.6
2017-10-06,00:51,18.6
2017-10-06,00:51,3.6
2017-10-06,00:51,0.0
2017-10-06,00:51,18.6
2017-10-06,00:51,3.61
2017-10-06,00:51,18.6
2017-10-06,00:51,18.6
2017-10-06,00:51,3.56
2017-10-06,00:51,3.55
2017-10-06,00:51,18.6
2017-10-06,00:51,18.6
2017-10-06,00:51,18.6
2017-10-06,00:51,0.0
2017-10-06,00:51,18.6
2017-10-06,00:51,0.0
2017-10-06,00:51,0.0
2017-10-06,00:51,18.6
2017-10-06,00:51,0.0
2017-10-06,00:51,18.6
2017-10-06,00:51,18.6
2017-10-06,00:51,0.0
2017-10-06,00:52,18.6
2017-10-06,00:52,18.6
2017-10-06,00:52,18.5
2017-10-06,00:52,18.6
2017-10-06,00:52,3.65
2017-10-06,00:52,0.0
2017-10-06,00:52,18.6
2017-10-06,00:52,0.0
2017-10-06,00:52,0.0
2017-10-06,00:52,18.6
2017-10-06,00:52,0.0
2017-10-06,00:52,0.0
2017-10-06,00:52,18.6
2017-10-06,00:52,3.59
2017-10-06,00:52,0.0
2017-10-06,00:52,18.6
2017-10-06,00:52,0.0
2017-10-06,00:52,0.0
2017-10-06,00:52,0.0
2017-10-06,00:52,3.62
2017-10-06,00:52,18.6
2017-10-06,00:52,18.6
2017-10-06,00:52,3.62
2017-10-06,00:52,18.6
2017-10-06,00:52,0.0
2017-10-06,00:52,18.6
2017-10-06,00:52,3.63
2017-10-06,00:52,0.0
2017-10-06,00:52,18.6
2017-10-06,00:52,18.6
2017-10-06,00:52,3.71
2017-10-06,00:52,18.6
2017-10-06,00:52,18.6
2017-10-06,00:53,18.5
2017-10-06,00:53,18.5
2017-10-06,00:53,18.5
2017-10-06,00:53,0.0
2017-10-06,00:53,18.6
2017-10-06,00:53,18.6
2017-10-06,00:53,18.6
2017-10-06,00:53,18.6
2017-10-06,00:53,18.6
2017-10-06,00:53,18.6
2017-10-06,00:53,18.6
2017-10-06,00:53,3.6
2017-10-06,00:53,0.0
2017-10-06,00:53,18.6
2017-10-06,00:53,18.6
2017-10-06,00:53,3.56
2017-10-06,00:53,0.0
2017-10-06,00:53,18.6
2017-10-06,00:53,0.0
2017-10-06,00:53,0.0
2017-10-06,00:53,18.6
2017-10-06,00:53,0.0
2017-10-06,00:53,18.6
2017-10-06,00:53,18.6
2017-10-06,00:53,0.0
2017-10-06,00:53,18.6
2017-10-06,00:53,18.6
2017-10-06,00:53,18.6
2017-10-06,00:53,18.6
2017-10-06,00:53,18.6
2017-10-06,00:53,18.6
2017-10-06,00:53,18.6
2017-10-06,00:53,18.5
2017-10-06,00:53,0.0
2017-10-06,00:53,18.6
2017-10-06,00:54,18.6
2017-10-06,00:54,0.0
2017-10-06,00:54,18.6
2017-10-06,00:54,3.6
2017-10-06,00:54,0.0
2017-10-06,00:54,18.6
2017-10-06,00:54,3.57
2017-10-06,00:54,0.0
2017-10-06,00:54,18.6
2017-10-06,00:54,18.5
2017-10-06,00:54,3.55
2017-10-06,00:54,18.5
2017-10-06,00:54,3.58
2017-10-06,00:54,18.6
2017-10-06,00:54,18.6
2017-10-06,00:54,18.5
2017-10-06,00:54,18.5
2017-10-06,00:54,0.0
2017-10-06,00:54,18.6
2017-10-06,00:54,0.0
2017-10-06,00:54,18.6
2017-10-06,00:54,18.6
2017-10-06,00:54,3.58
2017-10-06,00:54,18.6
2017-10-06,00:54,18.6
2017-10-06,00:54,3.61
2017-10-06,00:54,18.5
2017-10-06,00:54,18.6
2017-10-06,00:54,3.58
2017-10-06,00:54,18.6
2017-10-06,00:54,18.6
2017-10-06,00:54,18.6
2017-10-06,00:54,18.6
2017-10-06,00:55,18.6
2017-10-06,00:55,0.0
2017-10-06,00:55,18.6
2017-10-06,00:55,18.6
2017-10-06,00:55,18.6
2017-10-06,00:55,18.6
2017-10-06,00:55,18.5
2017-10-06,00:55,18.6
2017-10-06,00:55,18.6
2017-10-06,00:55,18.6
2017-10-06,00:55,18.5
2017-10-06,00:55,18.6
2017-10-06,00:55,18.5
2017-10-06,00:55,18.6
2017-10-06,00:55,0.0
2017-10-06,00:55,18.6
2017-10-06,00:55,18.6
2017-10-06,00:55,18.6
2017-10-06,00:55,18.6
2017-10-06,00:55,18.5
2017-10-06,00:55,18.6
2017-10-06,00:55,18.6
2017-10-06,00:55,18.6
2017-10-06,00:55,18.6
2017-10-06,00:55,3.58
2017-10-06,00:55,18.6
2017-10-06,00:55,18.6
2017-10-06,00:55,18.6
2017-10-06,00:55,18.6
2017-10-06,00:55,18.6
2017-10-06,00:55,18.6
2017-10-06,00:55,3.57
2017-10-06,00:56,18.6
2017-10-06,00:56,3.57
2017-10-06,00:56,18.6
2017-10-06,00:56,0.0
2017-10-06,00:56,0.0
2017-10-06,00:56,18.6
2017-10-06,00:56,0.0
2017-10-06,00:56,3.58
2017-10-06,00:56,18.6
2017-10-06,00:56,18.6
2017-10-06,00:56,0.0
2017-10-06,00:56,18.5
2017-10-06,00:56,18.6
2017-10-06,00:56,3.55
2017-10-06,00:56,18.6
2017-10-06,00:56,18.6
2017-10-06,00:56,0.0
2017-10-06,00:56,18.5
2017-10-06,00:56,18.6
2017-10-06,00:56,0.0
2017-10-06,00:56,18.6
2017-10-06,00:56,0.0
2017-10-06,00:56,18.6
2017-10-06,00:56,18.6
2017-10-06,00:56,3.58
2017-10-06,00:56,18.6
2017-10-06,00:56,18.6
2017-10-06,00:56,3.58
2017-10-06,00:56,18.6
2017-10-06,00:56,0.0
2017-10-06,00:56,3.7
2017-10-06,00:56,18.6
2017-10-06,00:56,0.0
2017-10-06,00:57,18.6
2017-10-06,00:57,18.6
2017-10-06,00:57,0.0
2017-10-06,00:57,18.6
2017-10-06,00:57,18.6
2017-10-06,00:57,0.0
2017-10-06,00:57,18.6
2017-10-06,00:57,18.6
2017-10-06,00:57,18.6
2017-10-06,00:57,18.6
2017-10-06,00:57,18.6
2017-10-06,00:57,18.6
2017-10-06,00:57,18.6
2017-10-06,00:57,18.6
2017-10-06,00:57,18.6
2017-10-06,00:57,18.6
2017-10-06,00:57,18.6
2017-10-06,00:57,18.6
2017-10-06,00:57,0.0
2017-10-06,00:57,18.6
2017-10-06,00:57,0.0
2017-10-06,00:57,0.0
2017-10-06,00:57,0.0
2017-10-06,00:57,0.0
2017-10-06,00:57,1.0
2017-10-06,00:57,18.6
2017-10-06,00:57,0.0
2017-10-06,00:57,3.59
2017-10-06,00:57,18.6
2017-10-06,00:57,18.6
2017-10-06,00:57,18.6
2017-10-06,00:57,18.6
2017-10-06,00:57,18.6
2017-10-06,00:57,0.0
2017-10-06,00:58,18.6
2017-10-06,00:58,18.6
2017-10-06,00:58,0.0
2017-10-06,00:58,18.6
2017-10-06,00:58,3.59
2017-10-06,00:58,3.53
2017-10-06,00:58,18.6
2017-10-06,00:58,18.6
2017-10-06,00:58,18.6
2017-10-06,00:58,18.6
2017-10-06,00:58,18.6
2017-10-06,00:58,18.6
2017-10-06,00:58,18.6
2017-10-06,00:58,18.6
2017-10-06,00:58,18.6
2017-10-06,00:58,18.6
2017-10-06,00:58,18.6
2017-10-06,00:58,18.6
2017-10-06,00:58,18.6
2017-10-06,00:58,18.6
2017-10-06,00:58,18.6
2017-10-06,00:58,0.0
2017-10-06,00:58,18.6
2017-10-06,00:58,0.0
2017-10-06,00:58,18.6
2017-10-06,00:58,18.6
2017-10-06,00:58,0.0
2017-10-06,00:58,18.6
2017-10-06,00:58,18.6
2017-10-06,00:58,18.6
2017-10-06,00:58,18.6
2017-10-06,00:58,18.6
2017-10-06,00:59,18.6
2017-10-06,00:59,18.6
2017-10-06,00:59,18.6
2017-10-06,00:59,18.6
2017-10-06,00:59,18.6
2017-10-06,00:59,18.6
2017-10-06,00:59,18.6
2017-10-06,00:59,18.6
2017-10-06,00:59,3.56
2017-10-06,00:59,18.6
2017-10-06,00:59,0.0
2017-10-06,00:59,18.6
2017-10-06,00:59,18.6
2017-10-06,00:59,18.6
2017-10-06,00:59,3.55
2017-10-06,00:59,18.6
2017-10-06,00:59,18.6
2017-10-06,00:59,0.0
2017-10-06,00:59,18.6
2017-10-06,00:59,18.6
2017-10-06,00:59,3.6
2017-10-06,00:59,18.6
2017-10-06,00:59,18.6
2017-10-06,00:59,0.0
2017-10-06,00:59,18.6
2017-10-06,00:59,18.6
2017-10-06,00:59,18.6
2017-10-06,00:59,3.57
2017-10-06,00:59,18.6
2017-10-06,00:59,18.6
2017-10-06,00:59,0.0
2017-10-06,00:59,18.5
2017-10-06,00:59,18.5
2017-10-06,01:00,3.63
2017-10-06,01:00,18.6
2017-10-06,01:00,18.6
2017-10-06,01:00,0.0
2017-10-06,01:00,18.6
2017-10-06,01:00,18.6
2017-10-06,01:00,3.6
2017-10-06,01:00,18.6
2017-10-06,01:00,18.6
2017-10-06,01:00,0.0
2017-10-06,01:00,3.54
2017-10-06,01:00,18.6
2017-10-06,01:00,3.59
2017-10-06,01:00,3.52
2017-10-06,01:00,18.6
2017-10-06,01:00,0.0
2017-10-06,01:00,3.54
2017-10-06,01:00,18.6
2017-10-06,01:00,3.63
2017-10-06,01:00,18.5
2017-10-06,01:00,0.0
2017-10-06,01:00,0.0
2017-10-06,01:00,18.6
2017-10-06,01:00,18.6
2017-10-06,01:00,18.6
2017-10-06,01:00,3.59
2017-10-06,01:00,18.6
2017-10-06,01:00,18.6
2017-10-06,01:00,0.0
2017-10-06,01:00,18.6
2017-10-06,01:00,18.6
2017-10-06,01:00,3.58
2017-10-06,01:00,18.6
2017-10-06,01:01,18.6
2017-10-06,01:01,0.0
2017-10-06,01:01,18.6
2017-10-06,01:01,18.6
2017-10-06,01:01,3.57
2017-10-06,01:01,18.6
2017-10-06,01:01,18.6
2017-10-06,01:01,0.0
2017-10-06,01:01,18.6
2017-10-06,01:01,18.5
2017-10-06,01:01,18.5
2017-10-06,01:01,0.0
2017-10-06,01:01,18.6
2017-10-06,01:01,18.6
2017-10-06,01:01,0.0
2017-10-06,01:01,18.6
2017-10-06,01:01,18.6
2017-10-06,01:01,18.5
2017-10-06,01:01,18.6
2017-10-06,01:01,18.6
2017-10-06,01:01,18.5
2017-10-06,01:01,18.6
2017-10-06,01:01,18.6
2017-10-06,01:01,18.5
2017-10-06,01:01,18.5
2017-10-06,01:01,18.6
2017-10-06,01:01,18.6
2017-10-06,01:01,18.6
2017-10-06,01:01,18.6
2017-10-06,01:01,18.6
2017-10-06,01:01,18.6
2017-10-06,01:01,18.6
2017-10-06,01:02,18.6
2017-10-06,01:02,0.0
2017-10-06,01:02,18.6
2017-10-06,01:02,0.0
2017-10-06,01:02,0.0
2017-10-06,01:02,18.5
2017-10-06,01:02,18.6
2017-10-06,01:02,0.0
2017-10-06,01:02,18.6
2017-10-06,01:02,0.0
2017-10-06,01:02,18.6
2017-10-06,01:02,18.6
2017-10-06,01:02,18.6
2017-10-06,01:02,0.0
2017-10-06,01:02,18.6
2017-10-06,01:02,18.6
2017-10-06,01:02,3.66
2017-10-06,01:02,0.0
2017-10-06,01:02,18.6
2017-10-06,01:02,0.0
2017-10-06,01:02,18.6
2017-10-06,01:02,18.6
2017-10-06,01:02,18.6
2017-10-06,01:02,0.0
2017-10-06,01:02,18.6
2017-10-06,01:02,18.6
2017-10-06,01:02,0.0
2017-10-06,01:02,18.6
2017-10-06,01:02,18.6
2017-10-06,01:02,0.0
2017-10-06,01:02,3.64
2017-10-06,01:02,18.6
2017-10-06,01:02,3.57
2017-10-06,01:03,3.52
2017-10-06,01:03,18.6
2017-10-06,01:03,0.0
2017-10-06,01:03,3.58
2017-10-06,01:03,18.6
2017-10-06,01:03,3.56
2017-10-06,01:03,3.55
2017-10-06,01:03,18.6
2017-10-06,01:03,0.0
2017-10-06,01:03,18.6
2017-10-06,01:03,18.6
2017-10-06,01:03,18.6
2017-10-06,01:03,3.62
2017-10-06,01:03,18.6
2017-10-06,01:03,18.6
2017-10-06,01:03,0.0
2017-10-06,01:03,18.6
2017-10-06,01:03,18.6
2017-10-06,01:03,3.64
2017-10-06,01:03,18.6
2017-10-06,01:03,18.6
2017-10-06,01:03,0.0
2017-10-06,01:03,18.6
2017-10-06,01:03,18.6
2017-10-06,01:03,3.6
2017-10-06,01:03,18.5
2017-10-06,01:03,18.5
2017-10-06,01:03,0.0
2017-10-06,01:03,18.6
2017-10-06,01:03,18.6
2017-10-06,01:03,3.57
2017-10-06,01:03,18.6
2017-10-06,01:03,18.6
2017-10-06,01:04,0.0
2017-10-06,01:04,18.6
2017-10-06,01:04,18.6
2017-10-06,01:04,0.0
2017-10-06,01:04,18.6
2017-10-06,01:04,18.6
2017-10-06,01:04,3.52
2017-10-06,01:04,18.6
2017-10-06,01:04,18.6
2017-10-06,01:04,18.6
2017-10-06,01:04,18.6
2017-10-06,01:04,18.6
2017-10-06,01:04,18.5
2017-10-06,01:04,0.0
2017-10-06,01:04,3.53
2017-10-06,01:04,18.6
2017-10-06,01:04,18.6
2017-10-06,01:04,3.51
2017-10-06,01:04,18.6
2017-10-06,01:04,3.57
2017-10-06,01:04,18.6
2017-10-06,01:04,18.6
2017-10-06,01:04,18.6
2017-10-06,01:04,18.6
2017-10-06,01:04,18.6
2017-10-06,01:04,18.6
2017-10-06,01:04,18.6
2017-10-06,01:04,18.6
2017-10-06,01:04,18.6
2017-10-06,01:04,0.0
2017-10-06,01:04,18.6
2017-10-06,01:04,18.6
2017-10-06,01:04,0.0
2017-10-06,01:05,18.6
2017-10-06,01:05,18.6
2017-10-06,01:05,0.0
2017-10-06,01:05,18.6
2017-10-06,01:05,18.6
2017-10-06,01:05,0.0
2017-10-06,01:05,18.6
2017-10-06,01:05,18.6
2017-10-06,01:05,0.0
2017-10-06,01:05,3.54
2017-10-06,01:05,18.6
2017-10-06,01:05,3.58
2017-10-06,01:05,18.6
2017-10-06,01:05,18.6
2017-10-06,01:05,0.0
2017-10-06,01:05,18.6
2017-10-06,01:05,18.6
2017-10-06,01:05,3.63
2017-10-06,01:05,18.6
2017-10-06,01:05,18.6
2017-10-06,01:05,0.0
2017-10-06,01:05,18.6
2017-10-06,01:05,18.6
2017-10-06,01:05,3.57
2017-10-06,01:05,18.5
2017-10-06,01:05,18.6
2017-10-06,01:05,0.0
2017-10-06,01:05,18.6
2017-10-06,01:05,18.6
2017-10-06,01:05,18.6
2017-10-06,01:05,3.61
2017-10-06,01:05,3.58
2017-10-06,01:05,18.6
2017-10-06,01:06,0.0
2017-10-06,01:06,3.54
2017-10-06,01:06,18.6
2017-10-06,01:06,3.58
2017-10-06,01:06,3.54
2017-10-06,01:06,18.6
2017-10-06,01:06,0.0
2017-10-06,01:06,18.5
2017-10-06,01:06,18.6
2017-10-06,01:06,3.52
2017-10-06,01:06,18.6
2017-10-06,01:06,18.6
2017-10-06,01:06,0.0
2017-10-06,01:06,18.6
2017-10-06,01:06,0.0
2017-10-06,01:06,18.5
2017-10-06,01:06,0.0
2017-10-06,01:06,0.0
2017-10-06,01:06,18.6
2017-10-06,01:06,3.6
2017-10-06,01:06,18.6
2017-10-06,01:06,18.5
2017-10-06,01:06,0.0
2017-10-06,01:06,18.6
2017-10-06,01:06,18.6
2017-10-06,01:06,3.61
2017-10-06,01:06,18.6
2017-10-06,01:06,18.6
2017-10-06,01:06,0.0
2017-10-06,01:06,18.6
2017-10-06,01:06,18.5
2017-10-06,01:06,18.6
2017-10-06,01:06,0.0
2017-10-06,01:07,18.6
2017-10-06,01:07,18.6
2017-10-06,01:07,3.6
2017-10-06,01:07,18.5
2017-10-06,01:07,18.6
2017-10-06,01:07,0.0
2017-10-06,01:07,18.6
2017-10-06,01:07,18.6
2017-10-06,01:07,3.62
2017-10-06,01:07,18.6
2017-10-06,01:07,18.6
2017-10-06,01:07,0.0
2017-10-06,01:07,18.6
2017-10-06,01:07,18.6
2017-10-06,01:07,3.64
2017-10-06,01:07,0.0
2017-10-06,01:07,18.6
2017-10-06,01:07,0.0
2017-10-06,01:07,3.53
2017-10-06,01:07,18.6
2017-10-06,01:07,3.56
2017-10-06,01:07,3.54
2017-10-06,01:07,18.5
2017-10-06,01:07,0.0
2017-10-06,01:07,3.54
2017-10-06,01:07,18.6
2017-10-06,01:07,3.56
2017-10-06,01:07,18.5
2017-10-06,01:07,18.6
2017-10-06,01:07,0.0
2017-10-06,01:07,18.6
2017-10-06,01:07,18.6
2017-10-06,01:07,3.57
2017-10-06,01:08,18.6
2017-10-06,01:08,18.6
2017-10-06,01:08,18.6
2017-10-06,01:08,18.6
2017-10-06,01:08,18.6
2017-10-06,01:08,18.6
2017-10-06,01:08,3.56
2017-10-06,01:08,18.6
2017-10-06,01:08,0.0
2017-10-06,01:08,18.6
2017-10-06,01:08,18.6
2017-10-06,01:08,0.0
2017-10-06,01:08,3.58
2017-10-06,01:08,18.6
2017-10-06,01:08,0.0
2017-10-06,01:08,0.0
2017-10-06,01:08,18.5
2017-10-06,01:08,0.0
2017-10-06,01:08,18.6
2017-10-06,01:08,3.6
2017-10-06,01:08,0.0
2017-10-06,01:08,18.6
2017-10-06,01:08,0.0
2017-10-06,01:08,3.53
2017-10-06,01:08,18.5
2017-10-06,01:08,3.57
2017-10-06,01:08,18.5
2017-10-06,01:08,18.6
2017-10-06,01:08,0.0
2017-10-06,01:08,18.6
2017-10-06,01:08,3.58
2017-10-06,01:08,18.6
2017-10-06,01:08,18.6
2017-10-06,01:09,0.0
2017-10-06,01:09,18.6
2017-10-06,01:09,18.6
2017-10-06,01:09,0.0
2017-10-06,01:09,18.6
2017-10-06,01:09,0.0
2017-10-06,01:09,0.0
2017-10-06,01:09,18.6
2017-10-06,01:09,3.64
2017-10-06,01:09,3.53
2017-10-06,01:09,18.6
2017-10-06,01:09,0.0
2017-10-06,01:09,18.6
2017-10-06,01:09,18.6
2017-10-06,01:09,3.65
2017-10-06,01:09,18.6
2017-10-06,01:09,18.6
2017-10-06,01:09,0.0
2017-10-06,01:09,18.6
2017-10-06,01:09,18.6
2017-10-06,01:09,3.63
2017-10-06,01:09,18.5
2017-10-06,01:09,18.6
2017-10-06,01:09,0.0
2017-10-06,01:09,18.6
2017-10-06,01:09,3.62
2017-10-06,01:09,18.6
2017-10-06,01:09,3.66
2017-10-06,01:09,3.55
2017-10-06,01:09,18.5
2017-10-06,01:09,0.0
2017-10-06,01:09,3.6
2017-10-06,01:09,18.6
2017-10-06,01:10,3.66
2017-10-06,01:10,18.6
2017-10-06,01:10,18.6
2017-10-06,01:10,0.0
2017-10-06,01:10,18.6
2017-10-06,01:10,18.6
2017-10-06,01:10,3.64
2017-10-06,01:10,18.6
2017-10-06,01:10,3.65
2017-10-06,01:10,18.6
2017-10-06,01:10,18.6
2017-10-06,01:10,3.6
2017-10-06,01:10,3.64
2017-10-06,01:10,18.6
2017-10-06,01:10,3.67
2017-10-06,01:10,0.0
2017-10-06,01:10,18.6
2017-10-06,01:10,18.6
2017-10-06,01:10,18.6
2017-10-06,01:10,3.59
2017-10-06,01:10,18.6
2017-10-06,01:10,0.0
2017-10-06,01:10,18.6
2017-10-06,01:10,18.6
2017-10-06,01:10,18.6
2017-10-06,01:10,3.56
2017-10-06,01:10,18.6
2017-10-06,01:10,0.0
2017-10-06,01:10,18.6
2017-10-06,01:10,18.5
2017-10-06,01:10,18.6
2017-10-06,01:10,3.6
2017-10-06,01:10,18.6
2017-10-06,01:11,18.6
2017-10-06,01:11,0.0
2017-10-06,01:11,18.6
2017-10-06,01:11,18.6
2017-10-06,01:11,18.6
2017-10-06,01:11,0.0
2017-10-06,01:11,18.6
2017-10-06,01:11,18.6
2017-10-06,01:11,0.0
2017-10-06,01:11,18.6
2017-10-06,01:11,18.6
2017-10-06,01:11,3.64
2017-10-06,01:11,18.6
2017-10-06,01:11,18.6
2017-10-06,01:11,3.67
2017-10-06,01:11,3.62
2017-10-06,01:11,18.6
2017-10-06,01:11,0.0
2017-10-06,01:11,18.6
2017-10-06,01:11,18.5
2017-10-06,01:11,5.19
2017-10-06,01:11,18.6
2017-10-06,01:11,18.6
2017-10-06,01:11,0.0
2017-10-06,01:11,18.6
2017-10-06,01:11,18.6
2017-10-06,01:11,0.0
2017-10-06,01:11,18.6
2017-10-06,01:11,0.0
2017-10-06,01:11,0.0
2017-10-06,01:11,18.6
2017-10-06,01:11,18.6
2017-10-06,01:11,18.5
2017-10-06,01:11,3.66
2017-10-06,01:12,0.0
2017-10-06,01:12,18.6
2017-10-06,01:12,0.0
2017-10-06,01:12,18.6
2017-10-06,01:12,18.5
2017-10-06,01:12,3.61
2017-10-06,01:12,3.58
2017-10-06,01:12,18.6
2017-10-06,01:12,0.0
2017-10-06,01:12,18.6
2017-10-06,01:12,3.66
2017-10-06,01:12,18.6
2017-10-06,01:12,18.6
2017-10-06,01:12,0.0
2017-10-06,01:12,18.6
2017-10-06,01:12,18.6
2017-10-06,01:12,0.0
2017-10-06,01:12,0.0
2017-10-06,01:12,18.6
2017-10-06,01:12,0.0
2017-10-06,01:12,18.5
2017-10-06,01:12,3.54
2017-10-06,01:12,18.5
2017-10-06,01:12,18.5
2017-10-06,01:12,0.0
2017-10-06,01:12,18.6
2017-10-06,01:12,0.0
2017-10-06,01:12,18.6
2017-10-06,01:12,3.63
2017-10-06,01:12,0.0
2017-10-06,01:12,18.6
2017-10-06,01:12,4.28
2017-10-06,01:12,0.0
2017-10-06,01:13,0.0
2017-10-06,01:13,11.11
2017-10-06,01:13,0.0
2017-10-06,01:13,18.6
2017-10-06,01:13,0.0
2017-10-06,01:13,0.0
2017-10-06,01:13,18.6
2017-10-06,01:13,0.0
2017-10-06,01:13,0.0
2017-10-06,01:13,18.5
2017-10-06,01:13,0.0
2017-10-06,01:13,18.6
2017-10-06,01:13,18.6
2017-10-06,01:13,0.0
2017-10-06,01:13,18.6
2017-10-06,01:13,18.5
2017-10-06,01:13,3.66
2017-10-06,01:13,3.61
2017-10-06,01:13,18.5
2017-10-06,01:13,0.0
2017-10-06,01:13,18.6
2017-10-06,01:13,18.6
2017-10-06,01:13,3.65
2017-10-06,01:13,18.6
2017-10-06,01:13,18.6
2017-10-06,01:13,18.6
2017-10-06,01:13,0.0
2017-10-06,01:13,18.5
2017-10-06,01:13,0.0
2017-10-06,01:13,18.5
2017-10-06,01:13,18.6
2017-10-06,01:13,18.6
2017-10-06,01:13,8.64
2017-10-06,01:14,18.6
2017-10-06,01:14,0.0
2017-10-06,01:14,18.6
2017-10-06,01:14,18.6
2017-10-06,01:14,18.6
2017-10-06,01:14,3.61
2017-10-06,01:14,18.6
2017-10-06,01:14,18.6
2017-10-06,01:14,0.0
2017-10-06,01:14,18.5
2017-10-06,01:14,18.5
2017-10-06,01:14,0.0
2017-10-06,01:14,25.85
2017-10-06,01:14,18.6
2017-10-06,01:14,0.0
2017-10-06,01:14,23.03
2017-10-06,01:14,18.5
2017-10-06,01:14,0.0
2017-10-06,01:14,18.6
2017-10-06,01:14,18.5
2017-10-06,01:14,0.0
2017-10-06,01:14,18.6
2017-10-06,01:14,18.6
2017-10-06,01:14,0.0
2017-10-06,01:14,18.6
2017-10-06,01:14,18.5
2017-10-06,01:14,0.0
2017-10-06,01:14,18.6
2017-10-06,01:14,18.5
2017-10-06,01:14,0.0
2017-10-06,01:14,18.6
2017-10-06,01:14,18.5
2017-10-06,01:14,3.68
2017-10-06,01:14,18.6
2017-10-06,01:15,18.6
2017-10-06,01:15,0.0
2017-10-06,01:15,18.5
2017-10-06,01:15,18.6
2017-10-06,01:15,18.6
2017-10-06,01:15,0.0
2017-10-06,01:15,0.0
2017-10-06,01:15,18.6
2017-10-06,01:15,0.0
2017-10-06,01:15,0.0
2017-10-06,01:15,18.6
2017-10-06,01:15,0.0
2017-10-06,01:15,25.11
2017-10-06,01:15,18.6
2017-10-06,01:15,0.0
2017-10-06,01:15,24.55
2017-10-06,01:15,18.6
2017-10-06,01:15,0.0
2017-10-06,01:15,26.34
2017-10-06,01:15,18.6
2017-10-06,01:15,0.0
2017-10-06,01:15,18.6
2017-10-06,01:15,18.6
2017-10-06,01:15,0.0
2017-10-06,01:15,18.5
2017-10-06,01:15,26.29
2017-10-06,01:15,25.81
2017-10-06,01:15,18.5
2017-10-06,01:15,0.0
2017-10-06,01:15,0.0
2017-10-06,01:15,18.6
2017-10-06,01:15,3.61
2017-10-06,01:16,18.6
2017-10-06,01:16,0.0
2017-10-06,01:16,18.6
2017-10-06,01:16,18.6
2017-10-06,01:16,26.66
2017-10-06,01:16,18.6
2017-10-06,01:16,0.0
2017-10-06,01:16,18.6
2017-10-06,01:16,18.6
2017-10-06,01:16,18.6
2017-10-06,01:16,0.0
2017-10-06,01:16,18.6
2017-10-06,01:16,0.0
2017-10-06,01:16,26.11
2017-10-06,01:16,18.5
2017-10-06,01:16,22.95
2017-10-06,01:16,18.6
2017-10-06,01:16,18.6
2017-10-06,01:16,25.81
2017-10-06,01:16,27.94
2017-10-06,01:16,18.6
2017-10-06,01:16,23.2
2017-10-06,01:16,0.0
2017-10-06,01:16,18.6
2017-10-06,01:16,25.93
2017-10-06,01:16,0.0
2017-10-06,01:16,18.6
2017-10-06,01:16,18.5
2017-10-06,01:16,25.71
2017-10-06,01:16,18.6
2017-10-06,01:16,18.5
2017-10-06,01:16,18.6
2017-10-06,01:16,0.0
2017-10-06,01:16,18.6
2017-10-06,01:17,0.0
2017-10-06,01:17,0.0
2017-10-06,01:17,18.6
2017-10-06,01:17,0.0
2017-10-06,01:17,0.0
2017-10-06,01:17,0.0
2017-10-06,01:17,0.0
2017-10-06,01:17,0.0
2017-10-06,01:17,0.0
2017-10-06,01:17,0.0
2017-10-06,01:17,0.0
2017-10-06,01:17,0.0
2017-10-06,01:17,10.69
2017-10-06,01:17,0.0
2017-10-06,01:17,0.0
2017-10-06,01:17,3.56
2017-10-06,01:17,0.0
2017-10-06,01:17,0.0
2017-10-06,01:17,18.6
2017-10-06,01:17,0.0
2017-10-06,01:17,0.0
2017-10-06,01:17,18.6
2017-10-06,01:17,3.55
2017-10-06,01:17,3.54
2017-10-06,01:17,18.6
2017-10-06,01:17,10.44
2017-10-06,01:17,0.0
2017-10-06,01:17,18.6
2017-10-06,01:17,10.65
2017-10-06,01:17,18.6
2017-10-06,01:17,0.0
2017-10-06,01:17,18.5
2017-10-06,01:17,18.6
2017-10-06,01:17,4.61
2017-10-06,01:18,18.5
2017-10-06,01:18,18.6
2017-10-06,01:18,0.0
2017-10-06,01:18,18.6
2017-10-06,01:18,0.0
2017-10-06,01:18,18.6
2017-10-06,01:18,18.5
2017-10-06,01:18,11.04
2017-10-06,01:18,0.0
2017-10-06,01:18,18.6
2017-10-06,01:18,9.88
2017-10-06,01:18,18.5
2017-10-06,01:18,18.5
2017-10-06,01:18,3.56
2017-10-06,01:18,1.0
2017-10-06,01:18,18.6
2017-10-06,01:18,18.5
2017-10-06,01:18,18.5
2017-10-06,01:18,18.5
2017-10-06,01:18,18.6
2017-10-06,01:18,3.57
2017-10-06,01:18,18.6
2017-10-06,01:18,18.6
2017-10-06,01:18,18.6
2017-10-06,01:18,18.6
2017-10-06,01:18,18.5
2017-10-06,01:18,9.72
2017-10-06,01:18,18.6
2017-10-06,01:18,18.6
2017-10-06,01:18,18.6
2017-10-06,01:18,18.6
2017-10-06,01:18,18.6
2017-10-06,01:18,0.0
2017-10-06,01:19,18.6
2017-10-06,01:19,18.6
2017-10-06,01:19,3.59
2017-10-06,01:19,10.21
2017-10-06,01:19,18.6
2017-10-06,01:19,9.1
2017-10-06,01:19,0.0
2017-10-06,01:19,18.5
2017-10-06,01:19,0.0
2017-10-06,01:19,0.0
2017-10-06,01:19,18.5
2017-10-06,01:19,9.96
2017-10-06,01:19,9.32
2017-10-06,01:19,18.5
2017-10-06,01:19,18.6
2017-10-06,01:19,18.6
2017-10-06,01:19,0.0
2017-10-06,01:19,9.89
2017-10-06,01:19,18.5
2017-10-06,01:19,0.0
2017-10-06,01:19,26.14
2017-10-06,01:19,18.6
2017-10-06,01:19,0.0
2017-10-06,01:19,25.79
2017-10-06,01:19,18.6
2017-10-06,01:19,0.0
2017-10-06,01:19,18.6
2017-10-06,01:19,18.6
2017-10-06,01:19,18.6
2017-10-06,01:19,18.6
2017-10-06,01:19,18.6
2017-10-06,01:19,18.6
2017-10-06,01:19,0.0
2017-10-06,01:20,18.6
2017-10-06,01:20,18.6
2017-10-06,01:20,26.18
2017-10-06,01:20,18.6
2017-10-06,01:20,18.5
2017-10-06,01:20,0.0
2017-10-06,01:20,23.76
2017-10-06,01:20,18.6
2017-10-06,01:20,0.0
2017-10-06,01:20,18.6
2017-10-06,01:20,18.6
2017-10-06,01:20,0.0
2017-10-06,01:20,18.5
2017-10-06,01:20,18.5
2017-10-06,01:20,0.0
2017-10-06,01:20,18.6
2017-10-06,01:20,18.6
2017-10-06,01:20,18.6
2017-10-06,01:20,0.0
2017-10-06,01:20,18.6
2017-10-06,01:20,18.5
2017-10-06,01:20,0.0
2017-10-06,01:20,0.0
2017-10-06,01:20,18.6
2017-10-06,01:20,0.0
2017-10-06,01:20,0.0
2017-10-06,01:20,18.6
2017-10-06,01:20,0.0
2017-10-06,01:20,0.0
2017-10-06,01:20,18.5
2017-10-06,01:20,0.0
2017-10-06,01:20,0.0
2017-10-06,01:20,18.6
2017-10-06,01:20,0.0
2017-10-06,01:21,0.0
2017-10-06,01:21,0.0
2017-10-06,01:21,0.0
2017-10-06,01:21,0.0
2017-10-06,01:21,0.0
2017-10-06,01:21,18.5
2017-10-06,01:21,0.0
2017-10-06,01:21,0.0
2017-10-06,01:21,22.97
2017-10-06,01:21,0.0
2017-10-06,01:21,0.0
2017-10-06,01:21,18.5
2017-10-06,01:21,0.0
2017-10-06,01:21,18.5
2017-10-06,01:21,18.5
2017-10-06,01:21,0.0
2017-10-06,01:21,18.5
2017-10-06,01:21,18.6
2017-10-06,01:21,18.6
2017-10-06,01:21,0.0
2017-10-06,01:21,18.6
2017-10-06,01:21,18.6
2017-10-06,01:21,18.6
2017-10-06,01:21,18.5
2017-10-06,01:21,18.5
2017-10-06,01:21,25.94
2017-10-06,01:21,18.6
2017-10-06,01:21,18.6
2017-10-06,01:21,18.5
2017-10-06,01:21,18.6
2017-10-06,01:21,18.6
2017-10-06,01:21,25.51
2017-10-06,01:21,18.6
2017-10-06,01:21,18.6
2017-10-06,01:22,25.96
2017-10-06,01:22,18.6
2017-10-06,01:22,18.6
2017-10-06,01:22,18.6
2017-10-06,01:22,18.6
2017-10-06,01:22,0.0
2017-10-06,01:22,25.72
2017-10-06,01:22,18.6
2017-10-06,01:22,18.6
2017-10-06,01:22,18.6
2017-10-06,01:22,0.0
2017-10-06,01:22,18.6
2017-10-06,01:22,0.0
2017-10-06,01:22,18.5
2017-10-06,01:22,18.5
2017-10-06,01:22,25.7
2017-10-06,01:22,18.6
2017-10-06,01:22,18.6
2017-10-06,01:22,25.77
2017-10-06,01:22,25.52
2017-10-06,01:22,18.5
2017-10-06,01:22,25.78
2017-10-06,01:22,18.6
2017-10-06,01:22,0.0
2017-10-06,01:22,18.6
2017-10-06,01:22,26.37
2017-10-06,01:22,18.6
2017-10-06,01:22,18.5
2017-10-06,01:22,18.5
2017-10-06,01:22,18.6
2017-10-06,01:22,18.6
2017-10-06,01:22,18.6
2017-10-06,01:22,22.83
2017-10-06,01:23,18.6
2017-10-06,01:23,18.6
2017-10-06,01:23,25.87
2017-10-06,01:23,25.57
2017-10-06,01:23,18.6
2017-10-06,01:23,18.5
2017-10-06,01:23,0.0
2017-10-06,01:23,18.6
2017-10-06,01:23,22.86
2017-10-06,01:23,0.0
2017-10-06,01:23,18.6
2017-10-06,01:23,18.6
2017-10-06,01:23,1.0
2017-10-06,01:23,18.6
2017-10-06,01:23,18.6
2017-10-06,01:23,18.6
2017-10-06,01:23,18.6
2017-10-06,01:23,22.87
2017-10-06,01:23,18.5
2017-10-06,01:23,0.0
2017-10-06,01:23,27.27
2017-10-06,01:23,0.0
2017-10-06,01:23,26.43
2017-10-06,01:23,18.6
2017-10-06,01:23,26.13
2017-10-06,01:23,18.6
2017-10-06,01:23,18.6
2017-10-06,01:23,24.24
2017-10-06,01:23,22.95
2017-10-06,01:23,18.5
2017-10-06,01:23,18.5
2017-10-06,01:23,18.6
2017-10-06,01:23,18.6
2017-10-06,01:24,18.6
2017-10-06,01:24,25.95
2017-10-06,01:24,18.6
2017-10-06,01:24,18.6
2017-10-06,01:24,18.6
2017-10-06,01:24,18.5
2017-10-06,01:24,18.5
2017-10-06,01:24,28.27
2017-10-06,01:24,18.5
2017-10-06,01:24,18.6
2017-10-06,01:24,26.08
2017-10-06,01:24,0.0
2017-10-06,01:24,18.5
2017-10-06,01:24,18.6
2017-10-06,01:24,0.0
2017-10-06,01:24,18.6
2017-10-06,01:24,26.75
2017-10-06,01:24,0.0
2017-10-06,01:24,18.5
2017-10-06,01:24,0.0
2017-10-06,01:24,25.79
2017-10-06,01:24,0.0
2017-10-06,01:24,0.0
2017-10-06,01:24,0.0
2017-10-06,01:24,18.6
2017-10-06,01:24,22.81
2017-10-06,01:24,18.6
2017-10-06,01:24,0.0
2017-10-06,01:24,18.6
2017-10-06,01:24,18.6
2017-10-06,01:24,0.0
2017-10-06,01:24,18.6
2017-10-06,01:24,25.65
2017-10-06,01:24,18.6
2017-10-06,01:25,18.6
2017-10-06,01:25,22.92
2017-10-06,01:25,18.6
2017-10-06,01:25,18.6
2017-10-06,01:25,18.6
2017-10-06,01:25,18.6
2017-10-06,01:25,18.6
2017-10-06,01:25,25.95
2017-10-06,01:25,18.6
2017-10-06,01:25,18.6
2017-10-06,01:25,18.6
2017-10-06,01:25,24.1
2017-10-06,01:25,18.5
2017-10-06,01:25,18.5
2017-10-06,01:25,26.04
2017-10-06,01:25,18.6
2017-10-06,01:25,25.4
2017-10-06,01:25,18.6
2017-10-06,01:25,0.0
2017-10-06,01:25,18.5
2017-10-06,01:25,0.0
2017-10-06,01:25,0.0
2017-10-06,01:25,18.6
2017-10-06,01:25,0.0
2017-10-06,01:25,0.0
2017-10-06,01:25,0.0
2017-10-06,01:25,0.0
2017-10-06,01:25,0.0
2017-10-06,01:25,18.6
2017-10-06,01:25,0.0
2017-10-06,01:25,0.0
2017-10-06,01:25,26.08
2017-10-06,01:25,0.0
2017-10-06,01:26,0.0
2017-10-06,01:26,0.0
2017-10-06,01:26,25.73
2017-10-06,01:26,0.0
2017-10-06,01:26,18.6
2017-10-06,01:26,18.6
2017-10-06,01:26,0.0
2017-10-06,01:26,18.6
2017-10-06,01:26,18.6
2017-10-06,01:26,18.6
2017-10-06,01:26,0.0
2017-10-06,01:26,18.6
2017-10-06,01:26,18.6
2017-10-06,01:26,0.0
2017-10-06,01:26,18.6
2017-10-06,01:26,0.0
2017-10-06,01:26,18.6
2017-10-06,01:26,18.6
2017-10-06,01:26,0.0
2017-10-06,01:26,18.6
2017-10-06,01:26,18.5
2017-10-06,01:26,0.0
2017-10-06,01:26,18.5
2017-10-06,01:26,18.6
2017-10-06,01:26,18.6
2017-10-06,01:26,0.0
2017-10-06,01:26,18.6
2017-10-06,01:26,18.6
2017-10-06,01:26,0.0
2017-10-06,01:26,25.83
2017-10-06,01:26,18.6
2017-10-06,01:26,0.0
2017-10-06,01:26,0.0
2017-10-06,01:26,18.6
2017-10-06,01:27,0.0
2017-10-06,01:27,26.65
2017-10-06,01:27,18.5
2017-10-06,01:27,25.98
2017-10-06,01:27,25.79
2017-10-06,01:27,18.6
2017-10-06,01:27,0.0
2017-10-06,01:27,18.5
2017-10-06,01:27,0.0
2017-10-06,01:27,23.36
2017-10-06,01:27,18.5
2017-10-06,01:27,0.0
2017-10-06,01:27,0.0
2017-10-06,01:27,18.6
2017-10-06,01:27,1.0
2017-10-06,01:27,25.81
2017-10-06,01:27,18.5
2017-10-06,01:27,0.0
2017-10-06,01:27,0.0
2017-10-06,01:27,18.6
2017-10-06,01:27,18.5
2017-10-06,01:27,23.97
2017-10-06,01:27,18.6
2017-10-06,01:27,18.6
2017-10-06,01:27,25.55
2017-10-06,01:27,18.5
2017-10-06,01:27,18.5
2017-10-06,01:27,18.6
2017-10-06,01:27,18.5
2017-10-06,01:27,18.5
2017-10-06,01:27,18.5
2017-10-06,01:27,18.6
2017-10-06,01:27,18.6
2017-10-06,01:28,18.5
2017-10-06,01:28,18.6
2017-10-06,01:28,18.5
2017-10-06,01:28,18.5
2017-10-06,01:28,0.0
2017-10-06,01:28,18.6
2017-10-06,01:28,18.6
2017-10-06,01:28,0.0
2017-10-06,01:28,18.5
2017-10-06,01:28,25.91
2017-10-06,01:28,18.6
2017-10-06,01:28,18.6
2017-10-06,01:28,25.62
2017-10-06,01:28,25.25
2017-10-06,01:28,18.6
2017-10-06,01:28,18.6
2017-10-06,01:28,18.6
2017-10-06,01:28,18.6
2017-10-06,01:28,25.83
2017-10-06,01:28,18.6
2017-10-06,01:28,25.33
2017-10-06,01:28,25.26
2017-10-06,01:28,0.0
2017-10-06,01:28,18.6
2017-10-06,01:28,18.6
2017-10-06,01:28,18.6
2017-10-06,01:28,22.83
2017-10-06,01:28,18.5
2017-10-06,01:28,0.0
2017-10-06,01:28,18.6
2017-10-06,01:28,18.6
2017-10-06,01:28,18.6
2017-10-06,01:28,26.16
2017-10-06,01:28,18.6
2017-10-06,01:29,18.5
2017-10-06,01:29,0.0
2017-10-06,01:29,18.5
2017-10-06,01:29,0.0
2017-10-06,01:29,18.5
2017-10-06,01:29,18.6
2017-10-06,01:29,0.0
2017-10-06,01:29,18.6
2017-10-06,01:29,0.0
2017-10-06,01:29,18.6
2017-10-06,01:29,25.44
2017-10-06,01:29,23.51
2017-10-06,01:29,18.6
2017-10-06,01:29,0.0
2017-10-06,01:29,25.64
2017-10-06,01:29,18.6
2017-10-06,01:29,18.6
2017-10-06,01:29,25.65
2017-10-06,01:29,18.5
2017-10-06,01:29,18.5
2017-10-06,01:29,18.6
2017-10-06,01:29,18.6
2017-10-06,01:29,18.6
2017-10-06,01:29,18.5
2017-10-06,01:29,0.0
2017-10-06,01:29,0.0
2017-10-06,01:29,25.43
2017-10-06,01:29,0.0
2017-10-06,01:29,0.0
2017-10-06,01:29,22.7
2017-10-06,01:29,18.6
2017-10-06,01:29,0.0
2017-10-06,01:30,18.6
2017-10-06,01:30,18.6
2017-10-06,01:30,0.0
2017-10-06,01:30,18.6
2017-10-06,01:30,18.6
2017-10-06,01:30,0.0
2017-10-06,01:30,18.5
2017-10-06,01:30,18.5
2017-10-06,01:30,22.77
2017-10-06,01:30,18.6
2017-10-06,01:30,18.6
2017-10-06,01:30,0.0
2017-10-06,01:30,18.5
2017-10-06,01:30,18.5
2017-10-06,01:30,18.5
2017-10-06,01:30,25.44
2017-10-06,01:30,18.5
2017-10-06,01:30,18.6
2017-10-06,01:30,0.0
2017-10-06,01:30,18.6
2017-10-06,01:30,18.6
2017-10-06,01:30,25.55
2017-10-06,01:30,18.6
2017-10-06,01:30,18.6
2017-10-06,01:30,0.0
2017-10-06,01:30,18.6
2017-10-06,01:30,18.6
2017-10-06,01:30,22.82
2017-10-06,01:30,18.6
2017-10-06,01:30,18.6
2017-10-06,01:30,18.6
2017-10-06,01:30,0.0
2017-10-06,01:30,18.6
2017-10-06,01:30,18.6
2017-10-06,01:31,0.0
2017-10-06,01:31,18.6
2017-10-06,01:31,18.6
2017-10-06,01:31,0.0
2017-10-06,01:31,18.6
2017-10-06,01:31,18.6
2017-10-06,01:31,0.0
2017-10-06,01:31,18.5
2017-10-06,01:31,18.5
2017-10-06,01:31,0.0
2017-10-06,01:31,18.6
2017-10-06,01:31,18.6
2017-10-06,01:31,0.0
2017-10-06,01:31,18.6
2017-10-06,01:31,18.6
2017-10-06,01:31,9.77
2017-10-06,01:31,8.62
2017-10-06,01:31,18.6
2017-10-06,01:31,0.0
2017-10-06,01:31,18.6
2017-10-06,01:31,18.6
2017-10-06,01:31,3.41
2017-10-06,01:31,18.6
2017-10-06,01:31,18.5
2017-10-06,01:31,0.0
2017-10-06,01:31,18.6
2017-10-06,01:31,9.59
2017-10-06,01:31,10.31
2017-10-06,01:31,18.6
2017-10-06,01:31,18.6
2017-10-06,01:31,0.0
2017-10-06,01:31,18.6
2017-10-06,01:32,4.19
2017-10-06,01:32,18.5
2017-10-06,01:32,18.5
2017-10-06,01:32,18.6
2017-10-06,01:32,18.6
2017-10-06,01:32,18.6
2017-10-06,01:32,10.02
2017-10-06,01:32,18.6
2017-10-06,01:32,9.51
2017-10-06,01:32,18.6
2017-10-06,01:32,18.6
2017-10-06,01:32,18.6
2017-10-06,01:32,18.6
2017-10-06,01:32,18.6
2017-10-06,01:32,0.0
2017-10-06,01:32,18.6
2017-10-06,01:32,18.6
2017-10-06,01:32,0.0
2017-10-06,01:32,18.6
2017-10-06,01:32,0.0
2017-10-06,01:32,0.0
2017-10-06,01:32,18.5
2017-10-06,01:32,0.0
2017-10-06,01:32,18.6
2017-10-06,01:32,0.0
2017-10-06,01:32,0.0
2017-10-06,01:32,18.6
2017-10-06,01:32,18.6
2017-10-06,01:32,0.0
2017-10-06,01:32,18.6
2017-10-06,01:32,0.0
2017-10-06,01:32,18.6
2017-10-06,01:32,18.6
2017-10-06,01:32,9.46
2017-10-06,01:33,0.0
2017-10-06,01:33,18.5
2017-10-06,01:33,9.65
2017-10-06,01:33,18.6
2017-10-06,01:33,18.6
2017-10-06,01:33,18.6
2017-10-06,01:33,18.6
2017-10-06,01:33,18.6
2017-10-06,01:33,18.6
2017-10-06,01:33,18.6
2017-10-06,01:33,18.6
2017-10-06,01:33,18.6
2017-10-06,01:33,18.6
2017-10-06,01:33,18.6
2017-10-06,01:33,18.6
2017-10-06,01:33,10.44
2017-10-06,01:33,10.24
2017-10-06,01:33,18.6
2017-10-06,01:33,9.8
2017-10-06,01:33,18.6
2017-10-06,01:33,0.0
2017-10-06,01:33,0.0
2017-10-06,01:33,0.0
2017-10-06,01:33,18.6
2017-10-06,01:33,8.81
2017-10-06,01:33,0.0
2017-10-06,01:33,18.6
2017-10-06,01:33,9.53
2017-10-06,01:33,18.6
2017-10-06,01:33,18.6
2017-10-06,01:33,18.6
2017-10-06,01:33,18.6
2017-10-06,01:33,18.6
2017-10-06,01:34,18.6
2017-10-06,01:34,18.6
2017-10-06,01:34,0.0
2017-10-06,01:34,18.6
2017-10-06,01:34,18.6
2017-10-06,01:34,0.0
2017-10-06,01:34,18.6
2017-10-06,01:34,18.6
2017-10-06,01:34,18.6
2017-10-06,01:34,18.6
2017-10-06,01:34,18.6
2017-10-06,01:34,18.5
2017-10-06,01:34,18.5
2017-10-06,01:34,18.5
2017-10-06,01:34,18.6
2017-10-06,01:34,18.6
2017-10-06,01:34,18.6
2017-10-06,01:34,18.6
2017-10-06,01:34,18.6
2017-10-06,01:34,18.6
2017-10-06,01:34,18.5
2017-10-06,01:34,0.0
2017-10-06,01:34,18.5
2017-10-06,01:34,0.0
2017-10-06,01:34,18.6
2017-10-06,01:34,18.5
2017-10-06,01:34,0.0
2017-10-06,01:34,18.6
2017-10-06,01:34,18.6
2017-10-06,01:34,18.6
2017-10-06,01:34,18.6
2017-10-06,01:34,18.6
2017-10-06,01:34,18.6
2017-10-06,01:35,18.6
2017-10-06,01:35,18.5
2017-10-06,01:35,18.5
2017-10-06,01:35,8.38
2017-10-06,01:35,18.6
2017-10-06,01:35,18.6
2017-10-06,01:35,2.81
2017-10-06,01:35,18.6
2017-10-06,01:35,18.6
2017-10-06,01:35,18.6
2017-10-06,01:35,18.5
2017-10-06,01:35,18.6
2017-10-06,01:35,18.6
2017-10-06,01:35,18.6
2017-10-06,01:35,18.6
2017-10-06,01:35,18.6
2017-10-06,01:35,18.6
2017-10-06,01:35,18.5
2017-10-06,01:35,18.6
2017-10-06,01:35,18.6
2017-10-06,01:35,18.5
2017-10-06,01:35,18.5
2017-10-06,01:35,0.0
2017-10-06,01:35,18.6
2017-10-06,01:35,18.6
2017-10-06,01:35,18.6
2017-10-06,01:35,18.6
2017-10-06,01:35,18.6
2017-10-06,01:35,18.6
2017-10-06,01:35,18.6
2017-10-06,01:35,18.6
2017-10-06,01:35,18.6
2017-10-06,01:35,18.6
2017-10-06,01:36,18.6
2017-10-06,01:36,18.6
2017-10-06,01:36,18.6
2017-10-06,01:36,18.5
2017-10-06,01:36,18.6
2017-10-06,01:36,0.0
2017-10-06,01:36,18.6
2017-10-06,01:36,18.5
2017-10-06,01:36,0.0
2017-10-06,01:36,18.5
2017-10-06,01:36,2.8
2017-10-06,01:36,18.5
2017-10-06,01:36,18.5
2017-10-06,01:36,18.6
2017-10-06,01:36,18.6
2017-10-06,01:36,18.6
2017-10-06,01:36,18.5
2017-10-06,01:36,18.5
2017-10-06,01:36,18.6
2017-10-06,01:36,18.6
2017-10-06,01:36,18.5
2017-10-06,01:36,18.5
2017-10-06,01:36,18.6
2017-10-06,01:36,18.6
2017-10-06,01:36,8.36
2017-10-06,01:36,0.0
2017-10-06,01:36,18.6
2017-10-06,01:36,0.0
2017-10-06,01:36,1.0
2017-10-06,01:36,18.6
2017-10-06,01:36,0.0
2017-10-06,01:36,18.6
2017-10-06,01:37,8.44
2017-10-06,01:37,0.0
2017-10-06,01:37,18.6
2017-10-06,01:37,0.0
2017-10-06,01:37,18.6
2017-10-06,01:37,18.6
2017-10-06,01:37,2.83
2017-10-06,01:37,18.6
2017-10-06,01:37,18.6
2017-10-06,01:37,18.6
2017-10-06,01:37,0.0
2017-10-06,01:37,18.6
2017-10-06,01:37,18.6
2017-10-06,01:37,18.6
2017-10-06,01:37,18.6
2017-10-06,01:37,18.6
2017-10-06,01:37,18.6
2017-10-06,01:37,18.6
2017-10-06,01:37,18.6
2017-10-06,01:37,18.6
2017-10-06,01:37,18.6
2017-10-06,01:37,18.6
2017-10-06,01:37,18.5
2017-10-06,01:37,18.6
2017-10-06,01:37,18.5
2017-10-06,01:37,0.0
2017-10-06,01:37,18.5
2017-10-06,01:37,18.5
2017-10-06,01:37,8.27
2017-10-06,01:37,0.0
2017-10-06,01:37,18.6
2017-10-06,01:37,18.5
2017-10-06,01:37,1.0
2017-10-06,01:38,18.5
2017-10-06,01:38,18.6
2017-10-06,01:38,18.6
2017-10-06,01:38,18.6
2017-10-06,01:38,18.6
2017-10-06,01:38,18.6
2017-10-06,01:38,18.6
2017-10-06,01:38,8.44
2017-10-06,01:38,0.0
2017-10-06,01:38,18.5
2017-10-06,01:38,18.6
2017-10-06,01:38,18.6
2017-10-06,01:38,18.6
2017-10-06,01:38,18.5
2017-10-06,01:38,18.6
2017-10-06,01:38,0.0
2017-10-06,01:38,18.6
2017-10-06,01:38,18.5
2017-10-06,01:38,0.0
2017-10-06,01:38,18.6
2017-10-06,01:38,2.83
2017-10-06,01:38,18.6
2017-10-06,01:38,18.5
2017-10-06,01:38,9.66
2017-10-06,01:38,18.6
2017-10-06,01:38,18.6
2017-10-06,01:38,9.23
2017-10-06,01:38,18.6
2017-10-06,01:38,18.6
2017-10-06,01:38,18.6
2017-10-06,01:38,2.84
2017-10-06,01:38,18.6
2017-10-06,01:39,0.0
2017-10-06,01:39,11.33
2017-10-06,01:39,18.5
2017-10-06,01:39,18.6
2017-10-06,01:39,0.0
2017-10-06,01:39,18.6
2017-10-06,01:39,0.0
2017-10-06,01:39,18.6
2017-10-06,01:39,18.6
2017-10-06,01:39,0.0
2017-10-06,01:39,18.5
2017-10-06,01:39,18.5
2017-10-06,01:39,18.6
2017-10-06,01:39,0.0
2017-10-06,01:39,18.5
2017-10-06,01:39,18.5
2017-10-06,01:39,7.91
2017-10-06,01:39,2.81
2017-10-06,01:39,18.5
2017-10-06,01:39,0.0
2017-10-06,01:39,11.92
2017-10-06,01:39,18.6
2017-10-06,01:39,0.0
2017-10-06,01:39,18.6
2017-10-06,01:39,18.6
2017-10-06,01:39,0.0
2017-10-06,01:39,18.6
2017-10-06,01:39,18.5
2017-10-06,01:39,18.5
2017-10-06,01:39,0.0
2017-10-06,01:39,18.6
2017-10-06,01:39,0.0
2017-10-06,01:39,18.6
2017-10-06,01:40,18.6
2017-10-06,01:40,0.0
2017-10-06,01:40,18.6
2017-10-06,01:40,18.6
2017-10-06,01:40,18.6
2017-10-06,01:40,18.6
2017-10-06,01:40,18.6
2017-10-06,01:40,18.6
2017-10-06,01:40,18.6
2017-10-06,01:40,18.6
2017-10-06,01:40,0.0
2017-10-06,01:40,18.6
2017-10-06,01:40,18.6
2017-10-06,01:40,18.6
2017-10-06,01:40,2.84
2017-10-06,01:40,18.6
2017-10-06,01:40,18.6
2017-10-06,01:40,0.0
2017-10-06,01:40,18.6
2017-10-06,01:40,18.6
2017-10-06,01:40,0.0
2017-10-06,01:40,18.6
2017-10-06,01:40,18.6
2017-10-06,01:40,0.0
2017-10-06,01:40,0.0
2017-10-06,01:40,8.29
2017-10-06,01:40,18.6
2017-10-06,01:40,8.59
2017-10-06,01:40,18.6
2017-10-06,01:40,18.6
2017-10-06,01:40,18.6
2017-10-06,01:40,0.0
2017-10-06,01:40,18.6
2017-10-06,01:41,0.0
2017-10-06,01:41,18.6
2017-10-06,01:41,0.0
2017-10-06,01:41,0.0
2017-10-06,01:41,0.0
2017-10-06,01:41,18.6
2017-10-06,01:41,8.68
2017-10-06,01:41,18.6
2017-10-06,01:41,18.6
2017-10-06,01:41,18.6
2017-10-06,01:41,18.6
2017-10-06,01:41,18.6
2017-10-06,01:41,18.5
2017-10-06,01:41,18.5
2017-10-06,01:41,18.5
2017-10-06,01:41,18.5
2017-10-06,01:41,18.5
2017-10-06,01:41,18.6
2017-10-06,01:41,18.6
2017-10-06,01:41,18.6
2017-10-06,01:41,18.6
2017-10-06,01:41,18.6
2017-10-06,01:41,18.6
2017-10-06,01:41,18.6
2017-10-06,01:41,18.6
2017-10-06,01:41,18.5
2017-10-06,01:41,18.6
2017-10-06,01:41,18.6
2017-10-06,01:41,18.6
2017-10-06,01:41,18.6
2017-10-06,01:41,0.0
2017-10-06,01:41,7.81
2017-10-06,01:42,18.5
2017-10-06,01:42,0.0
2017-10-06,01:42,18.5
2017-10-06,01:42,2.81
2017-10-06,01:42,18.6
2017-10-06,01:42,18.6
2017-10-06,01:42,18.6
2017-10-06,01:42,0.0
2017-10-06,01:42,18.6
2017-10-06,01:42,0.0
2017-10-06,01:42,18.6
2017-10-06,01:42,18.6
2017-10-06,01:42,0.0
2017-10-06,01:42,18.6
2017-10-06,01:42,18.6
2017-10-06,01:42,18.6
2017-10-06,01:42,18.6
2017-10-06,01:42,18.6
2017-10-06,01:42,18.5
2017-10-06,01:42,0.0
2017-10-06,01:42,18.5
2017-10-06,01:42,18.6
2017-10-06,01:42,18.6
2017-10-06,01:42,0.0
2017-10-06,01:42,18.5
2017-10-06,01:42,18.5
2017-10-06,01:42,0.0
2017-10-06,01:42,18.6
2017-10-06,01:42,18.6
2017-10-06,01:42,0.0
2017-10-06,01:42,18.5
2017-10-06,01:42,18.5
2017-10-06,01:42,0.0
2017-10-06,01:43,18.6
2017-10-06,01:43,18.6
2017-10-06,01:43,0.0
2017-10-06,01:43,0.0
2017-10-06,01:43,18.6
2017-10-06,01:43,0.0
2017-10-06,01:43,18.6
2017-10-06,01:43,18.6
2017-10-06,01:43,0.0
2017-10-06,01:43,18.5
2017-10-06,01:43,18.5
2017-10-06,01:43,0.0
2017-10-06,01:43,18.6
2017-10-06,01:43,18.6
2017-10-06,01:43,0.0
2017-10-06,01:43,18.6
2017-10-06,01:43,0.0
2017-10-06,01:43,18.6
2017-10-06,01:43,18.6
2017-10-06,01:43,0.0
2017-10-06,01:43,18.6
2017-10-06,01:43,0.0
2017-10-06,01:43,18.6
2017-10-06,01:43,0.0
2017-10-06,01:43,0.0
2017-10-06,01:43,18.6
2017-10-06,01:43,0.0
2017-10-06,01:43,8.49
2017-10-06,01:43,18.6
2017-10-06,01:43,0.0
2017-10-06,01:43,18.6
2017-10-06,01:43,0.0
2017-10-06,01:43,7.63
2017-10-06,01:44,0.0
2017-10-06,01:44,18.6
2017-10-06,01:44,0.0
2017-10-06,01:44,18.5
2017-10-06,01:44,18.5
2017-10-06,01:44,0.0
2017-10-06,01:44,2.87
2017-10-06,01:44,18.6
2017-10-06,01:44,0.0
2017-10-06,01:44,0.0
2017-10-06,01:44,8.23
2017-10-06,01:44,8.54
2017-10-06,01:44,7.97
2017-10-06,01:44,18.5
2017-10-06,01:44,18.5
2017-10-06,01:44,2.83
2017-10-06,01:44,2.81
2017-10-06,01:44,0.0
2017-10-06,01:44,18.6
2017-10-06,01:44,18.6
2017-10-06,01:44,18.6
2017-10-06,01:44,0.0
2017-10-06,01:44,18.6
2017-10-06,01:44,0.0
2017-10-06,01:44,18.6
2017-10-06,01:44,18.6
2017-10-06,01:44,18.5
2017-10-06,01:44,5.04
2017-10-06,01:44,18.5
2017-10-06,01:44,0.0
2017-10-06,01:44,18.6
2017-10-06,01:44,18.6
2017-10-06,01:44,8.34
2017-10-06,01:45,18.6
2017-10-06,01:45,18.6
2017-10-06,01:45,18.6
2017-10-06,01:45,2.82
2017-10-06,01:45,3.22
2017-10-06,01:45,8.79
2017-10-06,01:45,0.0
2017-10-06,01:45,18.6
2017-10-06,01:45,8.68
2017-10-06,01:45,18.6
2017-10-06,01:45,18.6
2017-10-06,01:45,18.6
2017-10-06,01:45,0.0
2017-10-06,01:45,18.6
2017-10-06,01:45,18.6
2017-10-06,01:45,8.95
2017-10-06,01:45,18.6
2017-10-06,01:45,18.5
2017-10-06,01:45,18.5
2017-10-06,01:45,0.0
2017-10-06,01:45,18.6
2017-10-06,01:45,18.6
2017-10-06,01:45,18.6
2017-10-06,01:45,18.6
2017-10-06,01:45,0.0
2017-10-06,01:45,18.6
2017-10-06,01:45,18.6
2017-10-06,01:45,8.51
2017-10-06,01:45,8.61
2017-10-06,01:45,18.6
2017-10-06,01:45,2.84
2017-10-06,01:45,18.6
2017-10-06,01:45,18.5
2017-10-06,01:46,18.5
2017-10-06,01:46,18.6
2017-10-06,01:46,18.6
2017-10-06,01:46,18.6
2017-10-06,01:46,18.6
2017-10-06,01:46,18.6
2017-10-06,01:46,18.6
2017-10-06,01:46,18.5
2017-10-06,01:46,18.6
2017-10-06,01:46,18.6
2017-10-06,01:46,18.5
2017-10-06,01:46,18.5
2017-10-06,01:46,18.6
2017-10-06,01:46,18.6
2017-10-06,01:46,18.6
2017-10-06,01:46,18.6
2017-10-06,01:46,18.6
2017-10-06,01:46,0.0
2017-10-06,01:46,18.6
2017-10-06,01:46,18.6
2017-10-06,01:46,18.6
2017-10-06,01:46,0.0
2017-10-06,01:46,18.6
2017-10-06,01:46,18.6
2017-10-06,01:46,0.0
2017-10-06,01:46,18.5
2017-10-06,01:46,18.5
2017-10-06,01:46,0.0
2017-10-06,01:46,18.6
2017-10-06,01:46,18.6
2017-10-06,01:46,0.0
2017-10-06,01:46,18.6
2017-10-06,01:46,18.6
2017-10-06,01:47,0.0
2017-10-06,01:47,18.6
2017-10-06,01:47,18.6
2017-10-06,01:47,0.0
2017-10-06,01:47,18.6
2017-10-06,01:47,18.6
2017-10-06,01:47,0.0
2017-10-06,01:47,18.6
2017-10-06,01:47,18.6
2017-10-06,01:47,0.0
2017-10-06,01:47,18.6
2017-10-06,01:47,18.6
2017-10-06,01:47,18.6
2017-10-06,01:47,18.6
2017-10-06,01:47,18.6
2017-10-06,01:47,18.6
2017-10-06,01:47,18.6
2017-10-06,01:47,18.6
2017-10-06,01:47,18.5
2017-10-06,01:47,18.5
2017-10-06,01:47,18.5
2017-10-06,01:47,18.6
2017-10-06,01:47,18.6
2017-10-06,01:47,0.0
2017-10-06,01:47,18.6
2017-10-06,01:47,0.0
2017-10-06,01:47,8.88
2017-10-06,01:47,8.53
2017-10-06,01:47,0.0
2017-10-06,01:47,0.0
2017-10-06,01:47,0.0
2017-10-06,01:47,18.6
2017-10-06,01:47,2.8
2017-10-06,01:48,18.6
2017-10-06,01:48,0.0
2017-10-06,01:48,8.42
2017-10-06,01:48,18.6
2017-10-06,01:48,0.0
2017-10-06,01:48,0.0
2017-10-06,01:48,18.5
2017-10-06,01:48,18.5
2017-10-06,01:48,0.0
2017-10-06,01:48,0.0
2017-10-06,01:48,18.5
2017-10-06,01:48,12.52
2017-10-06,01:48,0.0
2017-10-06,01:48,18.5
2017-10-06,01:48,0.0
2017-10-06,01:48,0.0
2017-10-06,01:48,0.0
2017-10-06,01:48,18.6
2017-10-06,01:48,0.0
2017-10-06,01:48,0.0
2017-10-06,01:48,18.6
2017-10-06,01:48,0.0
2017-10-06,01:48,9.04
2017-10-06,01:48,0.0
2017-10-06,01:48,0.0
2017-10-06,01:48,18.6
2017-10-06,01:48,0.0
2017-10-06,01:48,0.0
2017-10-06,01:48,18.5
2017-10-06,01:48,0.0
2017-10-06,01:48,18.6
2017-10-06,01:48,18.6
2017-10-06,01:48,0.0
2017-10-06,01:48,0.0
2017-10-06,01:49,18.6
2017-10-06,01:49,0.0
2017-10-06,01:49,0.0
2017-10-06,01:49,18.5
2017-10-06,01:49,2.84
2017-10-06,01:49,18.5
2017-10-06,01:49,18.5
2017-10-06,01:49,18.5
2017-10-06,01:49,18.6
2017-10-06,01:49,18.5
2017-10-06,01:49,18.5
2017-10-06,01:49,18.5
2017-10-06,01:49,18.6
2017-10-06,01:49,18.6
2017-10-06,01:49,18.6
2017-10-06,01:49,18.6
2017-10-06,01:49,18.6
2017-10-06,01:49,18.6
2017-10-06,01:49,18.6
2017-10-06,01:49,18.6
2017-10-06,01:49,18.6
2017-10-06,01:49,0.0
2017-10-06,01:49,18.6
2017-10-06,01:49,18.6
2017-10-06,01:49,0.0
2017-10-06,01:49,18.6
2017-10-06,01:49,0.0
2017-10-06,01:49,18.6
2017-10-06,01:49,8.29
2017-10-06,01:49,0.0
2017-10-06,01:49,18.6
2017-10-06,01:49,0.0
2017-10-06,01:50,18.5
2017-10-06,01:50,2.82
2017-10-06,01:50,18.5
2017-10-06,01:50,18.6
2017-10-06,01:50,8.05
2017-10-06,01:50,18.5
2017-10-06,01:50,18.5
2017-10-06,01:50,18.5
2017-10-06,01:50,18.6
2017-10-06,01:50,18.6
2017-10-06,01:50,18.6
2017-10-06,01:50,18.6
2017-10-06,01:50,18.5
2017-10-06,01:50,18.5
2017-10-06,01:50,0.0
2017-10-06,01:50,18.6
2017-10-06,01:50,18.6
2017-10-06,01:50,18.5
2017-10-06,01:50,18.5
2017-10-06,01:50,18.5
2017-10-06,01:50,0.0
2017-10-06,01:50,18.6
2017-10-06,01:50,18.5
2017-10-06,01:50,0.0
2017-10-06,01:50,18.5
2017-10-06,01:50,18.5
2017-10-06,01:50,0.0
2017-10-06,01:50,18.6
2017-10-06,01:50,18.6
2017-10-06,01:50,0.0
2017-10-06,01:50,0.0
2017-10-06,01:50,18.5
2017-10-06,01:51,0.0
2017-10-06,01:51,0.0
2017-10-06,01:51,8.92
2017-10-06,01:51,0.0
2017-10-06,01:51,9.02
2017-10-06,01:51,18.5
2017-10-06,01:51,0.0
2017-10-06,01:51,18.6
2017-10-06,01:51,2.82
2017-10-06,01:51,18.5
2017-10-06,01:51,18.5
2017-10-06,01:51,0.0
2017-10-06,01:51,18.5
2017-10-06,01:51,18.5
2017-10-06,01:51,0.0
2017-10-06,01:51,18.6
2017-10-06,01:51,18.6
2017-10-06,01:51,2.88
2017-10-06,01:51,18.6
2017-10-06,01:51,18.6
2017-10-06,01:51,0.0
2017-10-06,01:51,18.6
2017-10-06,01:51,18.6
2017-10-06,01:51,0.0
2017-10-06,01:51,18.6
2017-10-06,01:51,18.6
2017-10-06,01:51,0.0
2017-10-06,01:51,18.6
2017-10-06,01:51,18.6
2017-10-06,01:51,0.0
2017-10-06,01:51,18.6
2017-10-06,01:51,18.6
2017-10-06,01:51,0.0
2017-10-06,01:52,18.6
2017-10-06,01:52,0.0
2017-10-06,01:52,18.6
2017-10-06,01:52,18.5
2017-10-06,01:52,18.5
2017-10-06,01:52,0.0
2017-10-06,01:52,18.6
2017-10-06,01:52,18.6
2017-10-06,01:52,0.0
2017-10-06,01:52,18.6
2017-10-06,01:52,18.6
2017-10-06,01:52,0.0
2017-10-06,01:52,18.6
2017-10-06,01:52,18.6
2017-10-06,01:52,0.0
2017-10-06,01:52,18.6
2017-10-06,01:52,18.6
2017-10-06,01:52,0.0
2017-10-06,01:52,18.5
2017-10-06,01:52,18.5
2017-10-06,01:52,3.71
2017-10-06,01:52,0.0
2017-10-06,01:52,18.6
2017-10-06,01:52,0.0
2017-10-06,01:52,18.6
2017-10-06,01:52,18.6
2017-10-06,01:52,0.0
2017-10-06,01:52,0.0
2017-10-06,01:52,18.6
2017-10-06,01:52,0.0
2017-10-06,01:52,0.0
2017-10-06,01:52,18.6
2017-10-06,01:52,0.0
2017-10-06,01:53,3.63
2017-10-06,01:53,3.57
2017-10-06,01:53,0.0
2017-10-06,01:53,18.5
2017-10-06,01:53,18.5
2017-10-06,01:53,18.6
2017-10-06,01:53,18.6
2017-10-06,01:53,18.6
2017-10-06,01:53,3.67
2017-10-06,01:53,18.6
2017-10-06,01:53,18.6
2017-10-06,01:53,18.6
2017-10-06,01:53,18.5
2017-10-06,01:53,18.5
2017-10-06,01:53,18.6
2017-10-06,01:53,18.6
2017-10-06,01:53,18.6
2017-10-06,01:53,18.6
2017-10-06,01:53,18.6
2017-10-06,01:53,18.5
2017-10-06,01:53,18.6
2017-10-06,01:53,18.6
2017-10-06,01:53,18.6
2017-10-06,01:53,3.54
2017-10-06,01:53,18.6
2017-10-06,01:53,18.6
2017-10-06,01:53,18.6
2017-10-06,01:53,18.6
2017-10-06,01:53,18.6
2017-10-06,01:53,18.6
2017-10-06,01:53,3.42
2017-10-06,01:53,18.6
2017-10-06,01:53,18.6
2017-10-06,01:54,18.6
2017-10-06,01:54,0.0
2017-10-06,01:54,18.5
2017-10-06,01:54,18.5
2017-10-06,01:54,0.0
2017-10-06,01:54,18.6
2017-10-06,01:54,0.0
2017-10-06,01:54,18.6
2017-10-06,01:54,3.47
2017-10-06,01:54,18.6
2017-10-06,01:54,18.6
2017-10-06,01:54,3.35
2017-10-06,01:54,18.6
2017-10-06,01:54,18.6
2017-10-06,01:54,3.41
2017-10-06,01:54,18.6
2017-10-06,01:54,18.5
2017-10-06,01:54,18.6
2017-10-06,01:54,3.43
2017-10-06,01:54,18.5
2017-10-06,01:54,18.6
2017-10-06,01:54,0.0
2017-10-06,01:54,18.5
2017-10-06,01:54,18.6
2017-10-06,01:54,18.6
2017-10-06,01:54,18.5
2017-10-06,01:54,18.5
2017-10-06,01:54,18.5
2017-10-06,01:54,18.6
2017-10-06,01:54,18.6
2017-10-06,01:54,18.6
2017-10-06,01:54,18.6
2017-10-06,01:54,18.6
2017-10-06,01:55,18.6
2017-10-06,01:55,18.6
2017-10-06,01:55,18.6
2017-10-06,01:55,18.6
2017-10-06,01:55,18.6
2017-10-06,01:55,18.5
2017-10-06,01:55,4.0
2017-10-06,01:55,18.6
2017-10-06,01:55,18.5
2017-10-06,01:55,0.0
2017-10-06,01:55,18.6
2017-10-06,01:55,18.6
2017-10-06,01:55,0.0
2017-10-06,01:55,18.5
2017-10-06,01:55,4.07
2017-10-06,01:55,0.0
2017-10-06,01:55,18.5
2017-10-06,01:55,0.0
2017-10-06,01:55,0.0
2017-10-06,01:55,18.5
2017-10-06,01:55,0.0
2017-10-06,01:55,18.6
2017-10-06,01:55,18.6
2017-10-06,01:55,4.8
2017-10-06,01:55,4.9
2017-10-06,01:55,18.6
2017-10-06,01:55,0.0
2017-10-06,01:55,18.6
2017-10-06,01:55,0.0
2017-10-06,01:55,4.31
2017-10-06,01:55,18.5
2017-10-06,01:55,0.0
2017-10-06,01:55,0.0
2017-10-06,01:56,18.6
2017-10-06,01:56,0.0
2017-10-06,01:56,0.0
2017-10-06,01:56,18.6
2017-10-06,01:56,0.0
2017-10-06,01:56,0.0
2017-10-06,01:56,18.6
2017-10-06,01:56,0.0
2017-10-06,01:56,0.0
2017-10-06,01:56,18.6
2017-10-06,01:56,18.6
2017-10-06,01:56,0.0
2017-10-06,01:56,18.5
2017-10-06,01:56,18.5
2017-10-06,01:56,18.6
2017-10-06,01:56,0.0
2017-10-06,01:56,18.6
2017-10-06,01:56,18.6
2017-10-06,01:56,0.0
2017-10-06,01:56,18.6
2017-10-06,01:56,18.6
2017-10-06,01:56,18.6
2017-10-06,01:56,0.0
2017-10-06,01:56,18.6
2017-10-06,01:56,0.0
2017-10-06,01:56,18.6
2017-10-06,01:56,18.6
2017-10-06,01:56,0.0
2017-10-06,01:56,18.6
2017-10-06,01:56,18.6
2017-10-06,01:56,0.0
2017-10-06,01:56,18.6
2017-10-06,01:56,18.6
2017-10-06,01:56,0.0
2017-10-06,01:57,18.6
2017-10-06,01:57,4.23
2017-10-06,01:57,18.5
2017-10-06,01:57,18.5
2017-10-06,01:57,0.0
2017-10-06,01:57,18.6
2017-10-06,01:57,0.0
2017-10-06,01:57,0.0
2017-10-06,01:57,18.5
2017-10-06,01:57,0.0
2017-10-06,01:57,18.6
2017-10-06,01:57,18.6
2017-10-06,01:57,0.0
2017-10-06,01:57,18.6
2017-10-06,01:57,0.0
2017-10-06,01:57,18.6
2017-10-06,01:57,0.0
2017-10-06,01:57,0.0
2017-10-06,01:57,18.6
2017-10-06,01:57,0.0
2017-10-06,01:57,0.0
2017-10-06,01:57,18.5
2017-10-06,01:57,0.0
2017-10-06,01:57,0.0
2017-10-06,01:57,0.0
2017-10-06,01:57,18.5
2017-10-06,01:57,0.0
2017-10-06,01:57,0.0
2017-10-06,01:57,18.6
2017-10-06,01:57,0.0
2017-10-06,01:57,0.0
2017-10-06,01:57,18.6
2017-10-06,01:58,0.0
2017-10-06,01:58,0.0
2017-10-06,01:58,18.6
2017-10-06,01:58,0.0
2017-10-06,01:58,18.6
2017-10-06,01:58,0.0
2017-10-06,01:58,0.0
2017-10-06,01:58,0.0
2017-10-06,01:58,18.6
2017-10-06,01:58,0.0
2017-10-06,01:58,0.0
2017-10-06,01:58,18.5
2017-10-06,01:58,18.6
2017-10-06,01:58,5.44
2017-10-06,01:58,18.6
2017-10-06,01:58,4.28
2017-10-06,01:58,0.0
2017-10-06,01:58,18.6
2017-10-06,01:58,18.6
2017-10-06,01:58,0.0
2017-10-06,01:58,18.6
2017-10-06,01:58,0.0
2017-10-06,01:58,0.0
2017-10-06,01:58,4.93
2017-10-06,01:58,0.0
2017-10-06,01:58,0.0
2017-10-06,01:58,5.13
2017-10-06,01:58,0.0
2017-10-06,01:58,18.6
2017-10-06,01:58,0.0
2017-10-06,01:58,18.6
2017-10-06,01:58,18.6
2017-10-06,01:58,0.0
2017-10-06,01:58,0.0
2017-10-06,01:59,18.6
2017-10-06,01:59,18.6
2017-10-06,01:59,18.6
2017-10-06,01:59,18.5
2017-10-06,01:59,18.5
2017-10-06,01:59,6.85
2017-10-06,01:59,18.6
2017-10-06,01:59,18.6
2017-10-06,01:59,18.6
2017-10-06,01:59,18.6
2017-10-06,01:59,18.6
2017-10-06,01:59,0.0
2017-10-06,01:59,18.5
2017-10-06,01:59,18.6
2017-10-06,01:59,18.6
2017-10-06,01:59,18.6
2017-10-06,01:59,18.6
2017-10-06,01:59,18.5
2017-10-06,01:59,0.0
2017-10-06,01:59,18.6
2017-10-06,01:59,18.6
2017-10-06,01:59,18.6
2017-10-06,01:59,18.6
2017-10-06,01:59,0.0
2017-10-06,01:59,0.0
2017-10-06,01:59,18.5
2017-10-06,01:59,0.0
2017-10-06,01:59,3.13
2017-10-06,01:59,7.28
2017-10-06,01:59,18.6
2017-10-06,01:59,6.28
2017-10-06,01:59,0.0
2017-10-06,01:59,18.5
2017-10-06,02:00,3.0
2017-10-06,02:00,18.5
2017-10-06,02:00,18.6
2017-10-06,02:00,0.0
2017-10-06,02:00,18.5
2017-10-06,02:00,18.5
2017-10-06,02:00,0.0
2017-10-06,02:00,18.6
2017-10-06,02:00,18.6
2017-10-06,02:00,0.0
2017-10-06,02:00,18.6
2017-10-06,02:00,0.0
2017-10-06,02:00,18.5
2017-10-06,02:00,18.6
2017-10-06,02:00,0.0
2017-10-06,02:00,18.6
2017-10-06,02:00,18.6
2017-10-06,02:00,0.0
2017-10-06,02:00,18.5
2017-10-06,02:00,0.0
2017-10-06,02:00,18.5
2017-10-06,02:00,0.0
2017-10-06,02:00,18.5
2017-10-06,02:00,18.5
2017-10-06,02:00,2.96
2017-10-06,02:00,18.6
2017-10-06,02:00,18.6
2017-10-06,02:00,18.6
2017-10-06,02:00,18.6
2017-10-06,02:00,0.0
2017-10-06,02:00,18.6
2017-10-06,02:00,18.6
2017-10-06,02:00,2.99
2017-10-06,02:01,18.6
2017-10-06,02:01,18.6
2017-10-06,02:01,0.0
2017-10-06,02:01,18.5
2017-10-06,02:01,0.0
2017-10-06,02:01,18.5
2017-10-06,02:01,0.0
2017-10-06,02:01,0.0
2017-10-06,02:01,18.6
2017-10-06,02:01,0.0
2017-10-06,02:01,0.0
2017-10-06,02:01,9.61
2017-10-06,02:01,0.0
2017-10-06,02:01,0.0
2017-10-06,02:01,0.0
2017-10-06,02:01,2.95
2017-10-06,02:01,18.6
2017-10-06,02:01,0.0
2017-10-06,02:01,6.98
2017-10-06,02:01,18.5
2017-10-06,02:01,0.0
2017-10-06,02:01,8.6
2017-10-06,02:01,18.6
2017-10-06,02:01,0.0
2017-10-06,02:01,18.6
2017-10-06,02:01,18.5
2017-10-06,02:01,18.5
2017-10-06,02:01,0.0
2017-10-06,02:01,8.82
2017-10-06,02:01,18.6
2017-10-06,02:01,0.0
2017-10-06,02:01,2.97
2017-10-06,02:01,3.0
2017-10-06,02:01,18.6
2017-10-06,02:02,9.96
2017-10-06,02:02,0.0
2017-10-06,02:02,18.5
2017-10-06,02:02,7.57
2017-10-06,02:02,0.0
2017-10-06,02:02,0.0
2017-10-06,02:02,18.5
2017-10-06,02:02,0.0
2017-10-06,02:02,18.5
2017-10-06,02:02,0.0
2017-10-06,02:02,0.0
2017-10-06,02:02,0.0
2017-10-06,02:02,18.6
2017-10-06,02:02,3.01
2017-10-06,02:02,18.6
2017-10-06,02:02,2.99
2017-10-06,02:02,18.5
2017-10-06,02:02,18.5
2017-10-06,02:02,0.0
2017-10-06,02:02,18.5
2017-10-06,02:02,0.0
2017-10-06,02:02,18.6
2017-10-06,02:02,18.5
2017-10-06,02:02,0.0
2017-10-06,02:02,18.5
2017-10-06,02:02,18.6
2017-10-06,02:02,0.0
2017-10-06,02:02,0.0
2017-10-06,02:02,18.6
2017-10-06,02:02,0.0
2017-10-06,02:02,18.6
2017-10-06,02:02,0.0
2017-10-06,02:02,12.57
2017-10-06,02:03,18.6
2017-10-06,02:03,0.0
2017-10-06,02:03,2.96
2017-10-06,02:03,18.6
2017-10-06,02:03,0.0
2017-10-06,02:03,18.6
2017-10-06,02:03,18.5
2017-10-06,02:03,0.0
2017-10-06,02:03,18.5
2017-10-06,02:03,18.5
2017-10-06,02:03,3.01
2017-10-06,02:03,18.5
2017-10-06,02:03,18.5
2017-10-06,02:03,18.5
2017-10-06,02:03,0.0
2017-10-06,02:03,18.6
2017-10-06,02:03,18.6
2017-10-06,02:03,0.0
2017-10-06,02:03,18.6
2017-10-06,02:03,18.6
2017-10-06,02:03,0.0
2017-10-06,02:03,18.5
2017-10-06,02:03,18.5
2017-10-06,02:03,0.0
2017-10-06,02:03,18.6
2017-10-06,02:03,18.6
2017-10-06,02:03,0.0
2017-10-06,02:03,2.95
2017-10-06,02:03,18.6
2017-10-06,02:03,3.0
2017-10-06,02:03,0.0
2017-10-06,02:03,18.5
2017-10-06,02:03,0.0
2017-10-06,02:03,12.47
2017-10-06,02:04,18.6
2017-10-06,02:04,0.0
2017-10-06,02:04,18.6
2017-10-06,02:04,18.6
2017-10-06,02:04,0.0
2017-10-06,02:04,18.6
2017-10-06,02:04,18.6
2017-10-06,02:04,18.6
2017-10-06,02:04,0.0
2017-10-06,02:04,18.6
2017-10-06,02:04,18.6
2017-10-06,02:04,0.0
2017-10-06,02:04,18.6
2017-10-06,02:04,18.6
2017-10-06,02:04,0.0
2017-10-06,02:04,0.0
2017-10-06,02:04,18.6
2017-10-06,02:04,0.0
2017-10-06,02:04,0.0
2017-10-06,02:04,18.6
2017-10-06,02:04,0.0
2017-10-06,02:04,0.0
2017-10-06,02:04,18.6
2017-10-06,02:04,3.03
2017-10-06,02:04,0.0
2017-10-06,02:04,18.6
2017-10-06,02:04,3.03
2017-10-06,02:04,0.0
2017-10-06,02:04,18.6
2017-10-06,02:04,0.0
2017-10-06,02:04,10.74
2017-10-06,02:04,18.6
2017-10-06,02:05,3.02
2017-10-06,02:05,2.97
2017-10-06,02:05,2.98
2017-10-06,02:05,12.2
2017-10-06,02:05,0.0
2017-10-06,02:05,18.6
2017-10-06,02:05,5.25
2017-10-06,02:05,0.0
2017-10-06,02:05,18.5
2017-10-06,02:05,18.5
2017-10-06,02:05,18.5
2017-10-06,02:05,0.0
2017-10-06,02:05,18.6
2017-10-06,02:05,18.6
2017-10-06,02:05,0.0
2017-10-06,02:05,18.6
2017-10-06,02:05,18.6
2017-10-06,02:05,0.0
2017-10-06,02:05,0.0
2017-10-06,02:05,18.5
2017-10-06,02:05,0.0
2017-10-06,02:05,0.0
2017-10-06,02:05,18.5
2017-10-06,02:05,0.0
2017-10-06,02:05,0.0
2017-10-06,02:05,18.5
2017-10-06,02:05,0.0
2017-10-06,02:05,0.0
2017-10-06,02:05,18.6
2017-10-06,02:05,0.0
2017-10-06,02:05,3.01
2017-10-06,02:05,18.5
2017-10-06,02:05,0.0
2017-10-06,02:05,3.01
2017-10-06,02:06,18.6
2017-10-06,02:06,0.0
2017-10-06,02:06,3.04
2017-10-06,02:06,18.5
2017-10-06,02:06,18.6
2017-10-06,02:06,0.0
2017-10-06,02:06,3.06
2017-10-06,02:06,18.5
2017-10-06,02:06,0.0
2017-10-06,02:06,18.5
2017-10-06,02:06,18.6
2017-10-06,02:06,3.02
2017-10-06,02:06,18.6
2017-10-06,02:06,18.6
2017-10-06,02:06,0.0
2017-10-06,02:06,18.6
2017-10-06,02:06,18.5
2017-10-06,02:06,3.04
2017-10-06,02:06,18.5
2017-10-06,02:06,18.6
2017-10-06,02:06,0.0
2017-10-06,02:06,18.6
2017-10-06,02:06,0.0
2017-10-06,02:06,18.6
2017-10-06,02:06,0.0
2017-10-06,02:06,0.0
2017-10-06,02:06,18.5
2017-10-06,02:06,0.0
2017-10-06,02:06,0.0
2017-10-06,02:06,18.6
2017-10-06,02:06,0.0
2017-10-06,02:06,0.0
2017-10-06,02:06,18.6
2017-10-06,02:06,0.0
2017-10-06,02:07,18.6
2017-10-06,02:07,18.6
2017-10-06,02:07,3.92
2017-10-06,02:07,18.5
2017-10-06,02:07,18.5
2017-10-06,02:07,0.0
2017-10-06,02:07,18.6
2017-10-06,02:07,18.6
2017-10-06,02:07,0.0
2017-10-06,02:07,18.5
2017-10-06,02:07,18.6
2017-10-06,02:07,3.84
2017-10-06,02:07,18.6
2017-10-06,02:07,0.0
2017-10-06,02:07,18.5
2017-10-06,02:07,18.5
2017-10-06,02:07,15.07
2017-10-06,02:07,0.0
2017-10-06,02:07,18.5
2017-10-06,02:07,0.0
2017-10-06,02:07,18.6
2017-10-06,02:07,18.6
2017-10-06,02:07,0.0
2017-10-06,02:07,18.6
2017-10-06,02:07,3.52
2017-10-06,02:07,4.12
2017-10-06,02:07,18.6
2017-10-06,02:07,0.0
2017-10-06,02:07,18.6
2017-10-06,02:07,18.6
2017-10-06,02:07,4.1
2017-10-06,02:07,18.6
2017-10-06,02:08,18.6
2017-10-06,02:08,0.0
2017-10-06,02:08,18.5
2017-10-06,02:08,18.6
2017-10-06,02:08,3.93
2017-10-06,02:08,18.6
2017-10-06,02:08,0.0
2017-10-06,02:08,18.5
2017-10-06,02:08,18.6
2017-10-06,02:08,3.9
2017-10-06,02:08,18.5
2017-10-06,02:08,18.5
2017-10-06,02:08,0.0
2017-10-06,02:08,18.6
2017-10-06,02:08,18.6
2017-10-06,02:08,0.0
2017-10-06,02:08,4.06
2017-10-06,02:08,18.5
2017-10-06,02:08,0.0
2017-10-06,02:08,3.91
2017-10-06,02:08,0.0
2017-10-06,02:08,0.0
2017-10-06,02:08,0.0
2017-10-06,02:08,0.0
2017-10-06,02:08,18.6
2017-10-06,02:08,18.6
2017-10-06,02:08,0.0
2017-10-06,02:08,18.6
2017-10-06,02:08,0.0
2017-10-06,02:08,18.5
2017-10-06,02:08,18.5
2017-10-06,02:08,4.12
2017-10-06,02:08,18.6
2017-10-06,02:08,18.6
2017-10-06,02:09,18.5
2017-10-06,02:09,18.5
2017-10-06,02:09,18.6
2017-10-06,02:09,18.6
2017-10-06,02:09,18.6
2017-10-06,02:09,18.5
2017-10-06,02:09,18.6
2017-10-06,02:09,5.09
2017-10-06,02:09,18.6
2017-10-06,02:09,5.1
2017-10-06,02:09,18.6
2017-10-06,02:09,18.6
2017-10-06,02:09,4.84
2017-10-06,02:09,18.6
2017-10-06,02:09,0.0
2017-10-06,02:09,4.71
2017-10-06,02:09,18.6
2017-10-06,02:09,0.0
2017-10-06,02:09,18.5
2017-10-06,02:09,0.0
2017-10-06,02:09,18.5
2017-10-06,02:09,18.5
2017-10-06,02:09,0.0
2017-10-06,02:09,18.6
2017-10-06,02:09,18.5
2017-10-06,02:09,0.0
2017-10-06,02:09,18.6
2017-10-06,02:09,18.6
2017-10-06,02:09,0.0
2017-10-06,02:09,0.0
2017-10-06,02:09,18.6
2017-10-06,02:09,18.6
2017-10-06,02:09,18.6
2017-10-06,02:10,18.5
2017-10-06,02:10,18.5
2017-10-06,02:10,5.13
2017-10-06,02:10,18.6
2017-10-06,02:10,18.6
2017-10-06,02:10,18.5
2017-10-06,02:10,18.6
2017-10-06,02:10,18.6
2017-10-06,02:10,4.87
2017-10-06,02:10,18.5
2017-10-06,02:10,18.5
2017-10-06,02:10,0.0
2017-10-06,02:10,18.5
2017-10-06,02:10,18.5
2017-10-06,02:10,4.88
2017-10-06,02:10,18.6
2017-10-06,02:10,18.6
2017-10-06,02:10,18.5
2017-10-06,02:10,18.5
2017-10-06,02:10,18.5
2017-10-06,02:10,18.6
2017-10-06,02:10,0.0
2017-10-06,02:10,18.6
2017-10-06,02:10,18.6
2017-10-06,02:10,18.6
2017-10-06,02:10,0.0
2017-10-06,02:10,18.6
2017-10-06,02:10,18.6
2017-10-06,02:10,0.0
2017-10-06,02:10,4.87
2017-10-06,02:10,18.6
2017-10-06,02:10,0.0
2017-10-06,02:10,0.0
2017-10-06,02:11,18.5
2017-10-06,02:11,0.0
2017-10-06,02:11,18.6
2017-10-06,02:11,18.5
2017-10-06,02:11,0.0
2017-10-06,02:11,4.68
2017-10-06,02:11,18.6
2017-10-06,02:11,18.6
2017-10-06,02:11,0.0
2017-10-06,02:11,18.5
2017-10-06,02:11,18.5
2017-10-06,02:11,0.0
2017-10-06,02:11,18.5
2017-10-06,02:11,18.6
2017-10-06,02:11,0.0
2017-10-06,02:11,18.6
2017-10-06,02:11,0.0
2017-10-06,02:11,18.6
2017-10-06,02:11,18.6
2017-10-06,02:11,0.0
2017-10-06,02:11,18.6
2017-10-06,02:11,18.5
2017-10-06,02:11,18.6
2017-10-06,02:11,0.0
2017-10-06,02:11,18.6
2017-10-06,02:11,18.6
2017-10-06,02:11,0.0
2017-10-06,02:11,18.6
2017-10-06,02:11,18.5
2017-10-06,02:11,0.0
2017-10-06,02:11,18.6
2017-10-06,02:11,18.5
2017-10-06,02:11,0.0
2017-10-06,02:12,18.6
2017-10-06,02:12,18.6
2017-10-06,02:12,0.0
2017-10-06,02:12,0.0
2017-10-06,02:12,18.5
2017-10-06,02:12,0.0
2017-10-06,02:12,5.15
2017-10-06,02:12,18.6
2017-10-06,02:12,3.6
2017-10-06,02:12,3.56
2017-10-06,02:12,18.6
2017-10-06,02:12,0.0
2017-10-06,02:12,18.6
2017-10-06,02:12,18.6
2017-10-06,02:12,18.5
2017-10-06,02:12,0.0
2017-10-06,02:12,18.6
2017-10-06,02:12,18.6
2017-10-06,02:12,0.0
2017-10-06,02:12,18.6
2017-10-06,02:12,18.6
2017-10-06,02:12,0.0
2017-10-06,02:12,18.6
2017-10-06,02:12,18.5
2017-10-06,02:12,0.0
2017-10-06,02:12,18.6
2017-10-06,02:12,18.6
2017-10-06,02:12,0.0
2017-10-06,02:12,18.6
2017-10-06,02:12,18.6
2017-10-06,02:12,0.0
2017-10-06,02:12,18.6
2017-10-06,02:12,18.6
2017-10-06,02:13,0.0
2017-10-06,02:13,18.5
2017-10-06,02:13,18.5
2017-10-06,02:13,0.0
2017-10-06,02:13,18.6
2017-10-06,02:13,18.6
2017-10-06,02:13,0.0
2017-10-06,02:13,18.6
2017-10-06,02:13,18.6
2017-10-06,02:13,0.0
2017-10-06,02:13,18.6
2017-10-06,02:13,18.6
2017-10-06,02:13,0.0
2017-10-06,02:13,18.6
2017-10-06,02:13,18.6
2017-10-06,02:13,0.0
2017-10-06,02:13,18.6
2017-10-06,02:13,18.6
2017-10-06,02:13,0.0
2017-10-06,02:13,18.6
2017-10-06,02:13,18.5
2017-10-06,02:13,0.0
2017-10-06,02:13,18.5
2017-10-06,02:13,18.5
2017-10-06,02:13,18.6
2017-10-06,02:13,7.43
2017-10-06,02:13,18.6
2017-10-06,02:13,0.0
2017-10-06,02:13,6.5
2017-10-06,02:13,18.5
2017-10-06,02:13,18.5
2017-10-06,02:13,0.0
2017-10-06,02:13,18.6
2017-10-06,02:14,18.6
2017-10-06,02:14,0.0
2017-10-06,02:14,18.6
2017-10-06,02:14,18.6
2017-10-06,02:14,0.0
2017-10-06,02:14,18.5
2017-10-06,02:14,18.5
2017-10-06,02:14,0.0
2017-10-06,02:14,18.6
2017-10-06,02:14,18.5
2017-10-06,02:14,0.0
2017-10-06,02:14,18.5
2017-10-06,02:14,0.0
2017-10-06,02:14,18.5
2017-10-06,02:14,6.64
2017-10-06,02:14,0.0
2017-10-06,02:14,18.6
2017-10-06,02:14,0.0
2017-10-06,02:14,0.0
2017-10-06,02:14,18.6
2017-10-06,02:14,0.0
2017-10-06,02:14,18.5
2017-10-06,02:14,18.5
2017-10-06,02:14,0.0
2017-10-06,02:14,18.6
2017-10-06,02:14,18.6
2017-10-06,02:14,8.35
2017-10-06,02:14,18.5
2017-10-06,02:14,18.5
2017-10-06,02:14,0.0
2017-10-06,02:14,18.6
2017-10-06,02:14,18.6
2017-10-06,02:15,0.0
2017-10-06,02:15,18.6
2017-10-06,02:15,18.6
2017-10-06,02:15,0.0
2017-10-06,02:15,18.5
2017-10-06,02:15,18.6
2017-10-06,02:15,0.0
2017-10-06,02:15,18.5
2017-10-06,02:15,18.6
2017-10-06,02:15,18.5
2017-10-06,02:15,0.0
2017-10-06,02:15,18.6
2017-10-06,02:15,18.6
2017-10-06,02:15,0.0
2017-10-06,02:15,18.6
2017-10-06,02:15,18.6
2017-10-06,02:15,3.44
2017-10-06,02:15,18.5
2017-10-06,02:15,18.5
2017-10-06,02:15,0.0
2017-10-06,02:15,18.6
2017-10-06,02:15,18.6
2017-10-06,02:15,3.51
2017-10-06,02:15,0.0
2017-10-06,02:15,18.5
2017-10-06,02:15,0.0
2017-10-06,02:15,9.8
2017-10-06,02:15,18.6
2017-10-06,02:15,0.0
2017-10-06,02:15,3.45
2017-10-06,02:15,18.6
2017-10-06,02:15,0.0
2017-10-06,02:15,3.44
2017-10-06,02:15,18.6
2017-10-06,02:16,1.0
2017-10-06,02:16,9.63
2017-10-06,02:16,18.5
2017-10-06,02:16,0.0
2017-10-06,02:16,3.43
2017-10-06,02:16,0.0
2017-10-06,02:16,18.5
2017-10-06,02:16,4.12
2017-10-06,02:16,0.0
2017-10-06,02:16,18.6
2017-10-06,02:16,0.0
2017-10-06,02:16,18.6
2017-10-06,02:16,18.5
2017-10-06,02:16,3.48
2017-10-06,02:16,18.5
2017-10-06,02:16,18.6
2017-10-06,02:16,0.0
2017-10-06,02:16,18.6
2017-10-06,02:16,18.6
2017-10-06,02:16,0.0
2017-10-06,02:16,18.6
2017-10-06,02:16,18.5
2017-10-06,02:16,0.0
2017-10-06,02:16,18.5
2017-10-06,02:16,18.6
2017-10-06,02:16,18.6
2017-10-06,02:16,0.0
2017-10-06,02:16,18.5
2017-10-06,02:16,18.5
2017-10-06,02:16,0.0
2017-10-06,02:16,18.6
2017-10-06,02:16,18.6
2017-10-06,02:16,0.0
2017-10-06,02:17,18.6
2017-10-06,02:17,18.6
2017-10-06,02:17,0.0
2017-10-06,02:17,18.6
2017-10-06,02:17,18.6
2017-10-06,02:17,0.0
2017-10-06,02:17,12.18
2017-10-06,02:17,18.6
2017-10-06,02:17,0.0
2017-10-06,02:17,18.6
2017-10-06,02:17,18.6
2017-10-06,02:17,0.0
2017-10-06,02:17,18.6
2017-10-06,02:17,18.6
2017-10-06,02:17,0.0
2017-10-06,02:17,18.6
2017-10-06,02:17,18.6
2017-10-06,02:17,3.41
2017-10-06,02:17,18.6
2017-10-06,02:17,18.6
2017-10-06,02:17,3.53
2017-10-06,02:17,18.6
2017-10-06,02:17,0.0
2017-10-06,02:17,18.6
2017-10-06,02:17,0.0
2017-10-06,02:17,0.0
2017-10-06,02:17,18.6
2017-10-06,02:17,0.0
2017-10-06,02:17,0.0
2017-10-06,02:17,18.6
2017-10-06,02:17,0.0
2017-10-06,02:17,13.03
2017-10-06,02:17,18.6
2017-10-06,02:18,0.0
2017-10-06,02:18,3.38
2017-10-06,02:18,18.6
2017-10-06,02:18,3.39
2017-10-06,02:18,18.6
2017-10-06,02:18,18.6
2017-10-06,02:18,0.0
2017-10-06,02:18,18.6
2017-10-06,02:18,0.0
2017-10-06,02:18,0.0
2017-10-06,02:18,18.6
2017-10-06,02:18,18.5
2017-10-06,02:18,18.5
2017-10-06,02:18,18.5
2017-10-06,02:18,18.6
2017-10-06,02:18,18.6
2017-10-06,02:18,3.44
2017-10-06,02:18,18.5
2017-10-06,02:18,18.6
2017-10-06,02:18,0.0
2017-10-06,02:18,18.5
2017-10-06,02:18,18.6
2017-10-06,02:18,0.0
2017-10-06,02:18,18.6
2017-10-06,02:18,18.6
2017-10-06,02:18,0.0
2017-10-06,02:18,18.5
2017-10-06,02:18,18.6
2017-10-06,02:18,0.0
2017-10-06,02:18,18.6
2017-10-06,02:18,18.6
2017-10-06,02:18,0.0
2017-10-06,02:18,18.5
2017-10-06,02:19,18.6
2017-10-06,02:19,3.4
2017-10-06,02:19,18.5
2017-10-06,02:19,18.6
2017-10-06,02:19,18.6
2017-10-06,02:19,0.0
2017-10-06,02:19,18.5
2017-10-06,02:19,3.42
2017-10-06,02:19,18.5
2017-10-06,02:19,18.5
2017-10-06,02:19,18.5
2017-10-06,02:19,0.0
2017-10-06,02:19,0.0
2017-10-06,02:19,18.5
2017-10-06,02:19,18.5
2017-10-06,02:19,3.38
2017-10-06,02:19,0.0
2017-10-06,02:19,18.5
2017-10-06,02:19,3.37
2017-10-06,02:19,18.5
2017-10-06,02:19,18.5
2017-10-06,02:19,3.45
2017-10-06,02:19,18.6
2017-10-06,02:19,3.45
2017-10-06,02:19,3.46
2017-10-06,02:19,18.6
2017-10-06,02:19,0.0
2017-10-06,02:19,3.37
2017-10-06,02:19,18.5
2017-10-06,02:19,0.0
2017-10-06,02:19,3.41
2017-10-06,02:19,18.6
2017-10-06,02:19,3.43
2017-10-06,02:20,18.6
2017-10-06,02:20,3.51
2017-10-06,02:20,3.52
2017-10-06,02:20,18.6
2017-10-06,02:20,18.6
2017-10-06,02:20,0.0
2017-10-06,02:20,18.6
2017-10-06,02:20,18.5
2017-10-06,02:20,3.52
2017-10-06,02:20,18.6
2017-10-06,02:20,18.6
2017-10-06,02:20,18.5
2017-10-06,02:20,18.5
2017-10-06,02:20,18.6
2017-10-06,02:20,18.5
2017-10-06,02:20,18.6
2017-10-06,02:20,18.6
2017-10-06,02:20,18.5
2017-10-06,02:20,18.5
2017-10-06,02:20,18.6
2017-10-06,02:20,18.6
2017-10-06,02:20,18.6
2017-10-06,02:20,18.6
2017-10-06,02:20,18.5
2017-10-06,02:20,0.0
2017-10-06,02:20,18.5
2017-10-06,02:20,18.6
2017-10-06,02:20,18.6
2017-10-06,02:20,18.6
2017-10-06,02:20,4.09
2017-10-06,02:20,18.6
2017-10-06,02:20,0.0
2017-10-06,02:20,4.06
2017-10-06,02:21,18.6
2017-10-06,02:21,0.0
2017-10-06,02:21,4.18
2017-10-06,02:21,18.6
2017-10-06,02:21,0.0
2017-10-06,02:21,18.5
2017-10-06,02:21,18.6
2017-10-06,02:21,0.0
2017-10-06,02:21,18.5
2017-10-06,02:21,18.6
2017-10-06,02:21,0.0
2017-10-06,02:21,18.6
2017-10-06,02:21,18.5
2017-10-06,02:21,0.0
2017-10-06,02:21,18.6
2017-10-06,02:21,18.6
2017-10-06,02:21,0.0
2017-10-06,02:21,18.5
2017-10-06,02:21,0.0
2017-10-06,02:21,18.6
2017-10-06,02:21,18.6
2017-10-06,02:21,0.0
2017-10-06,02:21,18.6
2017-10-06,02:21,18.6
2017-10-06,02:21,0.0
2017-10-06,02:21,18.5
2017-10-06,02:21,0.0
2017-10-06,02:21,0.0
2017-10-06,02:21,18.6
2017-10-06,02:21,0.0
2017-10-06,02:21,0.0
2017-10-06,02:21,18.6
2017-10-06,02:21,0.0
2017-10-06,02:22,0.0
2017-10-06,02:22,18.5
2017-10-06,02:22,0.0
2017-10-06,02:22,0.0
2017-10-06,02:22,18.6
2017-10-06,02:22,0.0
2017-10-06,02:22,18.6
2017-10-06,02:22,18.6
2017-10-06,02:22,0.0
2017-10-06,02:22,27.11
2017-10-06,02:22,18.6
2017-10-06,02:22,0.0
2017-10-06,02:22,18.6
2017-10-06,02:22,27.01
2017-10-06,02:22,0.0
2017-10-06,02:22,18.6
2017-10-06,02:22,18.6
2017-10-06,02:22,18.6
2017-10-06,02:22,0.0
2017-10-06,02:22,18.6
2017-10-06,02:22,18.6
2017-10-06,02:22,28.19
2017-10-06,02:22,18.6
2017-10-06,02:22,18.6
2017-10-06,02:22,0.0
2017-10-06,02:22,18.6
2017-10-06,02:22,18.6
2017-10-06,02:22,0.0
2017-10-06,02:22,0.0
2017-10-06,02:22,18.6
2017-10-06,02:22,0.0
2017-10-06,02:22,18.6
2017-10-06,02:22,18.6
2017-10-06,02:22,0.0
2017-10-06,02:23,18.6
2017-10-06,02:23,18.5
2017-10-06,02:23,18.5
2017-10-06,02:23,0.0
2017-10-06,02:23,18.6
2017-10-06,02:23,18.6
2017-10-06,02:23,0.0
2017-10-06,02:23,18.6
2017-10-06,02:23,18.6
2017-10-06,02:23,0.0
2017-10-06,02:23,18.6
2017-10-06,02:23,18.6
2017-10-06,02:23,0.0
2017-10-06,02:23,18.5
2017-10-06,02:23,18.5
2017-10-06,02:23,0.0
2017-10-06,02:23,18.5
2017-10-06,02:23,18.5
2017-10-06,02:23,0.0
2017-10-06,02:23,18.5
2017-10-06,02:23,18.5
2017-10-06,02:23,0.0
2017-10-06,02:23,18.6
2017-10-06,02:23,18.6
2017-10-06,02:23,0.0
2017-10-06,02:23,18.6
2017-10-06,02:23,18.6
2017-10-06,02:23,0.0
2017-10-06,02:23,0.0
2017-10-06,02:23,0.0
2017-10-06,02:23,0.0
2017-10-06,02:23,28.07
2017-10-06,02:23,18.6
2017-10-06,02:24,0.0
2017-10-06,02:24,28.08
2017-10-06,02:24,18.5
2017-10-06,02:24,0.0
2017-10-06,02:24,28.28
2017-10-06,02:24,18.5
2017-10-06,02:24,0.0
2017-10-06,02:24,18.6
2017-10-06,02:24,18.6
2017-10-06,02:24,0.0
2017-10-06,02:24,18.5
2017-10-06,02:24,18.5
2017-10-06,02:24,18.6
2017-10-06,02:24,0.0
2017-10-06,02:24,18.6
2017-10-06,02:24,0.0
2017-10-06,02:24,18.5
2017-10-06,02:24,18.5
2017-10-06,02:24,18.6
2017-10-06,02:24,0.0
2017-10-06,02:24,18.6
2017-10-06,02:24,18.5
2017-10-06,02:24,28.22
2017-10-06,02:24,18.5
2017-10-06,02:24,18.5
2017-10-06,02:24,0.0
2017-10-06,02:24,18.6
2017-10-06,02:24,18.6
2017-10-06,02:24,0.0
2017-10-06,02:24,18.6
2017-10-06,02:24,18.5
2017-10-06,02:24,18.5
2017-10-06,02:24,18.5
2017-10-06,02:25,0.0
2017-10-06,02:25,0.0
2017-10-06,02:25,18.6
2017-10-06,02:25,18.5
2017-10-06,02:25,18.6
2017-10-06,02:25,0.0
2017-10-06,02:25,26.88
2017-10-06,02:25,18.5
2017-10-06,02:25,27.14
2017-10-06,02:25,18.5
2017-10-06,02:25,18.6
2017-10-06,02:25,0.0
2017-10-06,02:25,18.5
2017-10-06,02:25,18.6
2017-10-06,02:25,0.0
2017-10-06,02:25,18.5
2017-10-06,02:25,0.0
2017-10-06,02:25,18.5
2017-10-06,02:25,18.5
2017-10-06,02:25,0.0
2017-10-06,02:25,26.94
2017-10-06,02:25,18.5
2017-10-06,02:25,0.0
2017-10-06,02:25,18.5
2017-10-06,02:25,0.0
2017-10-06,02:25,0.0
2017-10-06,02:25,18.5
2017-10-06,02:25,1.0
2017-10-06,02:25,0.0
2017-10-06,02:25,18.6
2017-10-06,02:25,0.0
2017-10-06,02:25,18.5
2017-10-06,02:25,18.5
2017-10-06,02:25,0.0
2017-10-06,02:26,27.51
2017-10-06,02:26,18.5
2017-10-06,02:26,0.0
2017-10-06,02:26,18.5
2017-10-06,02:26,18.5
2017-10-06,02:26,0.0
2017-10-06,02:26,18.5
2017-10-06,02:26,18.5
2017-10-06,02:26,0.0
2017-10-06,02:26,18.5
2017-10-06,02:26,0.0
2017-10-06,02:26,18.5
2017-10-06,02:26,0.0
2017-10-06,02:26,27.25
2017-10-06,02:26,18.5
2017-10-06,02:26,0.0
2017-10-06,02:26,26.83
2017-10-06,02:26,18.6
2017-10-06,02:26,0.0
2017-10-06,02:26,26.67
2017-10-06,02:26,18.6
2017-10-06,02:26,0.0
2017-10-06,02:26,18.5
2017-10-06,02:26,18.6
2017-10-06,02:26,0.0
2017-10-06,02:26,18.6
2017-10-06,02:26,18.5
2017-10-06,02:26,0.0
2017-10-06,02:26,18.5
2017-10-06,02:26,18.5
2017-10-06,02:26,0.0
2017-10-06,02:26,18.5
2017-10-06,02:26,18.5
2017-10-06,02:27,26.69
2017-10-06,02:27,0.0
2017-10-06,02:27,18.5
2017-10-06,02:27,18.5
2017-10-06,02:27,0.0
2017-10-06,02:27,18.5
2017-10-06,02:27,18.5
2017-10-06,02:27,0.0
2017-10-06,02:27,18.5
2017-10-06,02:27,18.5
2017-10-06,02:27,0.0
2017-10-06,02:27,18.5
2017-10-06,02:27,18.5
2017-10-06,02:27,0.0
2017-10-06,02:27,18.5
2017-10-06,02:27,18.5
2017-10-06,02:27,0.0
2017-10-06,02:27,18.6
2017-10-06,02:27,18.6
2017-10-06,02:27,0.0
2017-10-06,02:27,27.75
2017-10-06,02:27,18.5
2017-10-06,02:27,0.0
2017-10-06,02:27,18.6
2017-10-06,02:27,18.6
2017-10-06,02:27,18.6
2017-10-06,02:27,0.0
2017-10-06,02:27,18.6
2017-10-06,02:27,18.5
2017-10-06,02:27,18.5
2017-10-06,02:27,18.5
2017-10-06,02:27,27.15
2017-10-06,02:27,18.5
2017-10-06,02:27,18.5
2017-10-06,02:28,18.5
2017-10-06,02:28,18.5
2017-10-06,02:28,18.5
2017-10-06,02:28,18.6
2017-10-06,02:28,18.6
2017-10-06,02:28,18.5
2017-10-06,02:28,18.5
2017-10-06,02:28,18.6
2017-10-06,02:28,18.6
2017-10-06,02:28,18.6
2017-10-06,02:28,18.6
2017-10-06,02:28,18.6
2017-10-06,02:28,18.5
2017-10-06,02:28,18.6
2017-10-06,02:28,18.6
2017-10-06,02:28,18.5
2017-10-06,02:28,18.6
2017-10-06,02:28,18.6
2017-10-06,02:28,18.6
2017-10-06,02:28,18.6
2017-10-06,02:28,28.66
2017-10-06,02:28,18.6
2017-10-06,02:28,18.5
2017-10-06,02:28,18.5
2017-10-06,02:28,18.6
2017-10-06,02:28,18.5
2017-10-06,02:28,27.96
2017-10-06,02:28,0.0
2017-10-06,02:28,18.6
2017-10-06,02:28,18.5
2017-10-06,02:28,0.0
2017-10-06,02:28,18.6
2017-10-06,02:29,0.0
2017-10-06,02:29,18.6
2017-10-06,02:29,18.6
2017-10-06,02:29,0.0
2017-10-06,02:29,28.15
2017-10-06,02:29,18.6
2017-10-06,02:29,18.6
2017-10-06,02:29,18.6
2017-10-06,02:29,18.6
2017-10-06,02:29,29.19
2017-10-06,02:29,18.6
2017-10-06,02:29,29.14
2017-10-06,02:29,29.43
2017-10-06,02:29,18.5
2017-10-06,02:29,0.0
2017-10-06,02:29,18.5
2017-10-06,02:29,18.6
2017-10-06,02:29,29.9
2017-10-06,02:29,18.5
2017-10-06,02:29,18.6
2017-10-06,02:29,0.0
2017-10-06,02:29,18.6
2017-10-06,02:29,18.5
2017-10-06,02:29,18.5
2017-10-06,02:29,18.5
2017-10-06,02:29,28.84
2017-10-06,02:29,0.0
2017-10-06,02:29,18.5
2017-10-06,02:29,28.93
2017-10-06,02:29,0.0
2017-10-06,02:29,18.5
2017-10-06,02:29,18.6
2017-10-06,02:29,18.5
2017-10-06,02:29,28.69
2017-10-06,02:30,18.5
2017-10-06,02:30,18.6
2017-10-06,02:30,29.02
2017-10-06,02:30,18.6
2017-10-06,02:30,28.85
2017-10-06,02:30,18.6
2017-10-06,02:30,18.6
2017-10-06,02:30,28.66
2017-10-06,02:30,1.0
2017-10-06,02:30,18.6
2017-10-06,02:30,28.58
2017-10-06,02:30,0.0
2017-10-06,02:30,18.5
2017-10-06,02:30,0.0
2017-10-06,02:30,18.5
2017-10-06,02:30,18.6
2017-10-06,02:30,18.5
2017-10-06,02:30,18.5
2017-10-06,02:30,18.6
2017-10-06,02:30,0.0
2017-10-06,02:30,18.5
2017-10-06,02:30,18.6
2017-10-06,02:30,18.6
2017-10-06,02:30,18.6
2017-10-06,02:30,18.6
2017-10-06,02:30,18.6
2017-10-06,02:30,18.5
2017-10-06,02:30,18.6
2017-10-06,02:30,18.6
2017-10-06,02:30,18.5
2017-10-06,02:30,18.5
2017-10-06,02:30,18.5
2017-10-06,02:31,18.6
2017-10-06,02:31,18.6
2017-10-06,02:31,0.0
2017-10-06,02:31,18.5
2017-10-06,02:31,0.0
2017-10-06,02:31,18.5
2017-10-06,02:31,18.6
2017-10-06,02:31,0.0
2017-10-06,02:31,18.6
2017-10-06,02:31,18.6
2017-10-06,02:31,0.0
2017-10-06,02:31,18.6
2017-10-06,02:31,18.6
2017-10-06,02:31,18.6
2017-10-06,02:31,18.6
2017-10-06,02:31,18.6
2017-10-06,02:31,18.6
2017-10-06,02:31,0.0
2017-10-06,02:31,18.5
2017-10-06,02:31,0.0
2017-10-06,02:31,3.43
2017-10-06,02:31,18.5
2017-10-06,02:31,18.6
2017-10-06,02:31,0.0
2017-10-06,02:31,18.5
2017-10-06,02:31,18.6
2017-10-06,02:31,18.6
2017-10-06,02:31,18.6
2017-10-06,02:31,18.5
2017-10-06,02:31,18.5
2017-10-06,02:31,18.5
2017-10-06,02:31,18.5
2017-10-06,02:31,18.5
2017-10-06,02:32,18.6
2017-10-06,02:32,18.6
2017-10-06,02:32,18.5
2017-10-06,02:32,18.5
2017-10-06,02:32,18.5
2017-10-06,02:32,18.6
2017-10-06,02:32,18.5
2017-10-06,02:32,18.5
2017-10-06,02:32,18.6
2017-10-06,02:32,18.6
2017-10-06,02:32,18.6
2017-10-06,02:32,18.5
2017-10-06,02:32,18.5
2017-10-06,02:32,18.6
2017-10-06,02:32,18.6
2017-10-06,02:32,18.6
2017-10-06,02:32,18.6
2017-10-06,02:32,3.55
2017-10-06,02:32,18.6
2017-10-06,02:32,18.6
2017-10-06,02:32,18.5
2017-10-06,02:32,18.5
2017-10-06,02:32,18.5
2017-10-06,02:32,18.6
2017-10-06,02:32,18.6
2017-10-06,02:32,18.6
2017-10-06,02:32,18.5
2017-10-06,02:32,18.5
2017-10-06,02:32,18.6
2017-10-06,02:32,18.5
2017-10-06,02:32,4.48
2017-10-06,02:32,18.6
2017-10-06,02:32,18.5
2017-10-06,02:33,18.5
2017-10-06,02:33,18.5
2017-10-06,02:33,18.5
2017-10-06,02:33,18.5
2017-10-06,02:33,4.69
2017-10-06,02:33,18.5
2017-10-06,02:33,3.56
2017-10-06,02:33,0.0
2017-10-06,02:33,18.6
2017-10-06,02:33,18.6
2017-10-06,02:33,3.84
2017-10-06,02:33,18.5
2017-10-06,02:33,18.5
2017-10-06,02:33,0.0
2017-10-06,02:33,18.5
2017-10-06,02:33,0.0
2017-10-06,02:33,3.6
2017-10-06,02:33,18.5
2017-10-06,02:33,0.0
2017-10-06,02:33,4.82
2017-10-06,02:33,18.5
2017-10-06,02:33,1.0
2017-10-06,02:33,18.5
2017-10-06,02:33,18.6
2017-10-06,02:33,0.0
2017-10-06,02:33,4.61
2017-10-06,02:33,18.5
2017-10-06,02:33,0.0
2017-10-06,02:33,18.5
2017-10-06,02:33,18.5
2017-10-06,02:33,1.0
2017-10-06,02:33,3.48
2017-10-06,02:33,0.0
2017-10-06,02:33,18.5
2017-10-06,02:34,18.6
2017-10-06,02:34,0.0
2017-10-06,02:34,18.6
2017-10-06,02:34,18.5
2017-10-06,02:34,18.5
2017-10-06,02:34,0.0
2017-10-06,02:34,18.5
2017-10-06,02:34,0.0
2017-10-06,02:34,0.0
2017-10-06,02:34,0.0
2017-10-06,02:34,18.5
2017-10-06,02:34,18.5
2017-10-06,02:34,18.5
2017-10-06,02:34,18.5
2017-10-06,02:34,0.0
2017-10-06,02:34,17.91
2017-10-06,02:34,18.5
2017-10-06,02:34,18.5
2017-10-06,02:34,18.5
2017-10-06,02:34,18.5
2017-10-06,02:34,18.5
2017-10-06,02:34,18.5
2017-10-06,02:34,18.5
2017-10-06,02:34,18.5
2017-10-06,02:34,18.5
2017-10-06,02:34,18.5
2017-10-06,02:34,18.5
2017-10-06,02:34,18.5
2017-10-06,02:34,18.5
2017-10-06,02:34,18.5
2017-10-06,02:34,18.5
2017-10-06,02:34,18.5
2017-10-06,02:35,18.5
2017-10-06,02:35,18.5
2017-10-06,02:35,18.5
2017-10-06,02:35,18.5
2017-10-06,02:35,18.5
2017-10-06,02:35,18.5
2017-10-06,02:35,18.5
2017-10-06,02:35,18.5
2017-10-06,02:35,18.5
2017-10-06,02:35,18.5
2017-10-06,02:35,18.5
2017-10-06,02:35,18.5
2017-10-06,02:35,18.5
2017-10-06,02:35,18.5
2017-10-06,02:35,18.5
2017-10-06,02:35,18.5
2017-10-06,02:35,18.5
2017-10-06,02:35,18.5
2017-10-06,02:35,18.5
2017-10-06,02:35,18.5
2017-10-06,02:35,18.5
2017-10-06,02:35,0.0
2017-10-06,02:35,18.5
2017-10-06,02:35,16.11
2017-10-06,02:35,16.03
2017-10-06,02:35,0.0
2017-10-06,02:35,18.5
2017-10-06,02:35,0.0
2017-10-06,02:35,18.5
2017-10-06,02:35,18.5
2017-10-06,02:35,0.0
2017-10-06,02:35,18.5
2017-10-06,02:36,18.5
2017-10-06,02:36,18.5
2017-10-06,02:36,0.0
2017-10-06,02:36,18.5
2017-10-06,02:36,18.6
2017-10-06,02:36,0.0
2017-10-06,02:36,18.5
2017-10-06,02:36,18.5
2017-10-06,02:36,0.0
2017-10-06,02:36,16.8
2017-10-06,02:36,18.5
2017-10-06,02:36,0.0
2017-10-06,02:36,16.16
2017-10-06,02:36,18.5
2017-10-06,02:36,0.0
2017-10-06,02:36,18.5
2017-10-06,02:36,18.5
2017-10-06,02:36,18.5
2017-10-06,02:36,0.0
2017-10-06,02:36,18.6
2017-10-06,02:36,18.5
2017-10-06,02:36,0.0
2017-10-06,02:36,18.5
2017-10-06,02:36,18.6
2017-10-06,02:36,0.0
2017-10-06,02:36,18.5
2017-10-06,02:36,18.6
2017-10-06,02:36,0.0
2017-10-06,02:36,18.6
2017-10-06,02:36,18.6
2017-10-06,02:36,0.0
2017-10-06,02:36,0.0
2017-10-06,02:36,18.6
2017-10-06,02:36,0.0
2017-10-06,02:37,18.6
2017-10-06,02:37,18.6
2017-10-06,02:37,0.0
2017-10-06,02:37,18.5
2017-10-06,02:37,18.5
2017-10-06,02:37,0.0
2017-10-06,02:37,18.6
2017-10-06,02:37,0.0
2017-10-06,02:37,18.6
2017-10-06,02:37,0.0
2017-10-06,02:37,18.6
2017-10-06,02:37,18.6
2017-10-06,02:37,0.0
2017-10-06,02:37,18.6
2017-10-06,02:37,18.6
2017-10-06,02:37,0.0
2017-10-06,02:37,18.5
2017-10-06,02:37,18.5
2017-10-06,02:37,0.0
2017-10-06,02:37,0.0
2017-10-06,02:37,18.6
2017-10-06,02:37,0.0
2017-10-06,02:37,18.6
2017-10-06,02:37,18.5
2017-10-06,02:37,0.0
2017-10-06,02:37,0.0
2017-10-06,02:37,18.6
2017-10-06,02:37,16.77
2017-10-06,02:37,18.6
2017-10-06,02:37,18.6
2017-10-06,02:37,18.6
2017-10-06,02:37,18.6
2017-10-06,02:38,18.6
2017-10-06,02:38,18.6
2017-10-06,02:38,0.0
2017-10-06,02:38,18.5
2017-10-06,02:38,18.5
2017-10-06,02:38,0.0
2017-10-06,02:38,18.6
2017-10-06,02:38,18.6
2017-10-06,02:38,0.0
2017-10-06,02:38,18.6
2017-10-06,02:38,18.6
2017-10-06,02:38,0.0
2017-10-06,02:38,18.5
2017-10-06,02:38,18.5
2017-10-06,02:38,0.0
2017-10-06,02:38,18.5
2017-10-06,02:38,18.5
2017-10-06,02:38,0.0
2017-10-06,02:38,18.6
2017-10-06,02:38,18.6
2017-10-06,02:38,0.0
2017-10-06,02:38,18.6
2017-10-06,02:38,18.6
2017-10-06,02:38,0.0
2017-10-06,02:38,18.6
2017-10-06,02:38,0.0
2017-10-06,02:38,18.6
2017-10-06,02:38,18.6
2017-10-06,02:38,18.6
2017-10-06,02:38,0.0
2017-10-06,02:38,16.16
2017-10-06,02:38,18.6
2017-10-06,02:38,0.0
2017-10-06,02:39,18.6
2017-10-06,02:39,18.6
2017-10-06,02:39,18.6
2017-10-06,02:39,18.6
2017-10-06,02:39,18.6
2017-10-06,02:39,0.0
2017-10-06,02:39,16.66
2017-10-06,02:39,18.5
2017-10-06,02:39,16.85
2017-10-06,02:39,16.62
2017-10-06,02:39,18.6
2017-10-06,02:39,0.0
2017-10-06,02:39,16.76
2017-10-06,02:39,18.6
2017-10-06,02:39,0.0
2017-10-06,02:39,18.6
2017-10-06,02:39,18.6
2017-10-06,02:39,0.0
2017-10-06,02:39,18.5
2017-10-06,02:39,16.73
2017-10-06,02:39,18.6
2017-10-06,02:39,18.6
2017-10-06,02:39,18.6
2017-10-06,02:39,18.5
2017-10-06,02:39,0.0
2017-10-06,02:39,17.5
2017-10-06,02:39,18.5
2017-10-06,02:39,0.0
2017-10-06,02:39,18.5
2017-10-06,02:39,18.5
2017-10-06,02:39,0.0
2017-10-06,02:39,18.5
2017-10-06,02:39,18.6
2017-10-06,02:40,0.0
2017-10-06,02:40,18.5
2017-10-06,02:40,18.6
2017-10-06,02:40,0.0
2017-10-06,02:40,16.89
2017-10-06,02:40,18.6
2017-10-06,02:40,0.0
2017-10-06,02:40,0.0
2017-10-06,02:40,18.5
2017-10-06,02:40,16.1
2017-10-06,02:40,0.0
2017-10-06,02:40,18.6
2017-10-06,02:40,18.6
2017-10-06,02:40,0.0
2017-10-06,02:40,18.6
2017-10-06,02:40,18.6
2017-10-06,02:40,0.0
2017-10-06,02:40,18.5
2017-10-06,02:40,18.5
2017-10-06,02:40,18.5
2017-10-06,02:40,18.5
2017-10-06,02:40,18.5
2017-10-06,02:40,18.5
2017-10-06,02:40,16.87
2017-10-06,02:40,18.5
2017-10-06,02:40,0.0
2017-10-06,02:40,0.0
2017-10-06,02:40,0.0
2017-10-06,02:40,18.5
2017-10-06,02:40,0.0
2017-10-06,02:40,0.0
2017-10-06,02:40,18.6
2017-10-06,02:40,0.0
2017-10-06,02:41,18.6
2017-10-06,02:41,18.6
2017-10-06,02:41,0.0
2017-10-06,02:41,0.0
2017-10-06,02:41,18.6
2017-10-06,02:41,0.0
2017-10-06,02:41,0.0
2017-10-06,02:41,0.0
2017-10-06,02:41,18.6
2017-10-06,02:41,0.0
2017-10-06,02:41,0.0
2017-10-06,02:41,0.0
2017-10-06,02:41,16.74
2017-10-06,02:41,0.0
2017-10-06,02:41,0.0
2017-10-06,02:41,18.6
2017-10-06,02:41,18.6
2017-10-06,02:41,0.0
2017-10-06,02:41,18.6
2017-10-06,02:41,18.6
2017-10-06,02:41,0.0
2017-10-06,02:41,18.6
2017-10-06,02:41,16.65
2017-10-06,02:41,0.0
2017-10-06,02:41,18.6
2017-10-06,02:41,18.6
2017-10-06,02:41,18.6
2017-10-06,02:41,0.0
2017-10-06,02:41,18.6
2017-10-06,02:41,18.6
2017-10-06,02:41,0.0
2017-10-06,02:41,18.6
2017-10-06,02:41,18.6
2017-10-06,02:41,18.6
2017-10-06,02:41,0.0
2017-10-06,02:42,18.6
2017-10-06,02:42,18.6
2017-10-06,02:42,0.0
2017-10-06,02:42,18.6
2017-10-06,02:42,18.6
2017-10-06,02:42,0.0
2017-10-06,02:42,18.6
2017-10-06,02:42,18.6
2017-10-06,02:42,0.0
2017-10-06,02:42,18.6
2017-10-06,02:42,18.6
2017-10-06,02:42,0.0
2017-10-06,02:42,18.6
2017-10-06,02:42,18.6
2017-10-06,02:42,0.0
2017-10-06,02:42,18.6
2017-10-06,02:42,18.6
2017-10-06,02:42,0.0
2017-10-06,02:42,18.6
2017-10-06,02:42,18.6
2017-10-06,02:42,0.0
2017-10-06,02:42,18.6
2017-10-06,02:42,18.6
2017-10-06,02:42,0.0
2017-10-06,02:42,18.6
2017-10-06,02:42,18.6
2017-10-06,02:42,0.0
2017-10-06,02:42,18.6
2017-10-06,02:42,18.6
2017-10-06,02:42,0.0
2017-10-06,02:42,16.79
2017-10-06,02:42,18.6
2017-10-06,02:43,0.0
2017-10-06,02:43,0.0
2017-10-06,02:43,18.6
2017-10-06,02:43,0.0
2017-10-06,02:43,2.91
2017-10-06,02:43,18.6
2017-10-06,02:43,0.0
2017-10-06,02:43,18.6
2017-10-06,02:43,18.6
2017-10-06,02:43,0.0
2017-10-06,02:43,18.6
2017-10-06,02:43,18.6
2017-10-06,02:43,0.0
2017-10-06,02:43,18.6
2017-10-06,02:43,18.6
2017-10-06,02:43,18.6
2017-10-06,02:43,0.0
2017-10-06,02:43,0.0
2017-10-06,02:43,18.6
2017-10-06,02:43,16.8
2017-10-06,02:43,0.0
2017-10-06,02:43,18.6
2017-10-06,02:43,0.0
2017-10-06,02:43,0.0
2017-10-06,02:43,18.6
2017-10-06,02:43,0.0
2017-10-06,02:43,18.6
2017-10-06,02:43,18.6
2017-10-06,02:43,0.0
2017-10-06,02:43,18.6
2017-10-06,02:43,18.6
2017-10-06,02:43,0.0
2017-10-06,02:43,16.44
2017-10-06,02:44,18.6
2017-10-06,02:44,0.0
2017-10-06,02:44,18.6
2017-10-06,02:44,18.6
2017-10-06,02:44,0.0
2017-10-06,02:44,18.6
2017-10-06,02:44,18.6
2017-10-06,02:44,0.0
2017-10-06,02:44,18.6
2017-10-06,02:44,18.6
2017-10-06,02:44,18.6
2017-10-06,02:44,0.0
2017-10-06,02:44,18.6
2017-10-06,02:44,18.6
2017-10-06,02:44,0.0
2017-10-06,02:44,18.6
2017-10-06,02:44,18.6
2017-10-06,02:44,0.0
2017-10-06,02:44,18.6
2017-10-06,02:44,18.6
2017-10-06,02:44,0.0
2017-10-06,02:44,18.6
2017-10-06,02:44,18.6
2017-10-06,02:44,0.0
2017-10-06,02:44,18.6
2017-10-06,02:44,18.6
2017-10-06,02:44,0.0
2017-10-06,02:44,17.55
2017-10-06,02:44,18.6
2017-10-06,02:44,0.0
2017-10-06,02:44,16.9
2017-10-06,02:44,18.6
2017-10-06,02:44,1.0
2017-10-06,02:45,0.0
2017-10-06,02:45,18.6
2017-10-06,02:45,0.0
2017-10-06,02:45,0.0
2017-10-06,02:45,18.6
2017-10-06,02:45,0.0
2017-10-06,02:45,18.6
2017-10-06,02:45,0.0
2017-10-06,02:45,0.0
2017-10-06,02:45,18.6
2017-10-06,02:45,0.0
2017-10-06,02:45,0.0
2017-10-06,02:45,18.6
2017-10-06,02:45,0.0
2017-10-06,02:45,18.6
2017-10-06,02:45,0.0
2017-10-06,02:45,0.0
2017-10-06,02:45,18.6
2017-10-06,02:45,0.0
2017-10-06,02:45,16.8
2017-10-06,02:45,18.6
2017-10-06,02:45,0.0
2017-10-06,02:45,16.09
2017-10-06,02:45,18.6
2017-10-06,02:45,17.32
2017-10-06,02:45,18.6
2017-10-06,02:45,18.6
2017-10-06,02:45,18.6
2017-10-06,02:45,0.0
2017-10-06,02:45,18.6
2017-10-06,02:45,18.6
2017-10-06,02:45,0.0
2017-10-06,02:45,18.6
2017-10-06,02:46,18.6
2017-10-06,02:46,0.0
2017-10-06,02:46,18.6
2017-10-06,02:46,18.6
2017-10-06,02:46,0.0
2017-10-06,02:46,18.6
2017-10-06,02:46,18.6
2017-10-06,02:46,0.0
2017-10-06,02:46,18.6
2017-10-06,02:46,18.6
2017-10-06,02:46,0.0
2017-10-06,02:46,18.6
2017-10-06,02:46,18.6
2017-10-06,02:46,0.0
2017-10-06,02:46,18.6
2017-10-06,02:46,18.6
2017-10-06,02:46,0.0
2017-10-06,02:46,18.6
2017-10-06,02:46,0.0
2017-10-06,02:46,0.0
2017-10-06,02:46,18.6
2017-10-06,02:46,18.6
2017-10-06,02:46,18.6
2017-10-06,02:46,0.0
2017-10-06,02:46,18.6
2017-10-06,02:46,0.0
2017-10-06,02:46,18.6
2017-10-06,02:46,0.0
2017-10-06,02:46,0.0
2017-10-06,02:46,18.6
2017-10-06,02:46,0.0
2017-10-06,02:46,0.0
2017-10-06,02:46,18.6
2017-10-06,02:46,0.0
2017-10-06,02:47,18.6
2017-10-06,02:47,0.0
2017-10-06,02:47,0.0
2017-10-06,02:47,18.6
2017-10-06,02:47,0.0
2017-10-06,02:47,18.6
2017-10-06,02:47,18.6
2017-10-06,02:47,18.6
2017-10-06,02:47,0.0
2017-10-06,02:47,18.6
2017-10-06,02:47,18.6
2017-10-06,02:47,0.0
2017-10-06,02:47,18.6
2017-10-06,02:47,18.6
2017-10-06,02:47,0.0
2017-10-06,02:47,18.6
2017-10-06,02:47,18.6
2017-10-06,02:47,0.0
2017-10-06,02:47,18.6
2017-10-06,02:47,18.6
2017-10-06,02:47,0.0
2017-10-06,02:47,18.6
2017-10-06,02:47,18.6
2017-10-06,02:47,0.0
2017-10-06,02:47,0.0
2017-10-06,02:47,18.6
2017-10-06,02:47,0.0
2017-10-06,02:47,2.93
2017-10-06,02:47,18.6
2017-10-06,02:47,0.0
2017-10-06,02:47,15.89
2017-10-06,02:47,18.6
2017-10-06,02:48,0.0
2017-10-06,02:48,16.67
2017-10-06,02:48,18.6
2017-10-06,02:48,0.0
2017-10-06,02:48,18.6
2017-10-06,02:48,0.0
2017-10-06,02:48,0.0
2017-10-06,02:48,18.6
2017-10-06,02:48,0.0
2017-10-06,02:48,18.6
2017-10-06,02:48,0.0
2017-10-06,02:48,0.0
2017-10-06,02:48,0.0
2017-10-06,02:48,18.6
2017-10-06,02:48,0.0
2017-10-06,02:48,18.6
2017-10-06,02:48,0.0
2017-10-06,02:48,0.0
2017-10-06,02:48,18.6
2017-10-06,02:48,0.0
2017-10-06,02:48,18.6
2017-10-06,02:48,18.6
2017-10-06,02:48,18.6
2017-10-06,02:48,0.0
2017-10-06,02:48,18.6
2017-10-06,02:48,18.6
2017-10-06,02:48,0.0
2017-10-06,02:48,18.6
2017-10-06,02:48,18.6
2017-10-06,02:48,0.0
2017-10-06,02:48,18.6
2017-10-06,02:48,18.6
2017-10-06,02:48,0.0
2017-10-06,02:48,18.6
2017-10-06,02:49,18.6
2017-10-06,02:49,0.0
2017-10-06,02:49,18.6
2017-10-06,02:49,18.6
2017-10-06,02:49,0.0
2017-10-06,02:49,18.6
2017-10-06,02:49,0.0
2017-10-06,02:49,0.0
2017-10-06,02:49,0.0
2017-10-06,02:49,18.6
2017-10-06,02:49,0.0
2017-10-06,02:49,0.0
2017-10-06,02:49,18.6
2017-10-06,02:49,0.0
2017-10-06,02:49,0.0
2017-10-06,02:49,0.0
2017-10-06,02:49,0.0
2017-10-06,02:49,0.0
2017-10-06,02:49,0.0
2017-10-06,02:49,0.0
2017-10-06,02:49,18.6
2017-10-06,02:49,16.02
2017-10-06,02:49,0.0
2017-10-06,02:49,18.6
2017-10-06,02:49,0.0
2017-10-06,02:49,0.0
2017-10-06,02:49,18.6
2017-10-06,02:49,18.6
2017-10-06,02:49,18.6
2017-10-06,02:49,2.94
2017-10-06,02:49,18.6
2017-10-06,02:49,18.6
2017-10-06,02:49,0.0
2017-10-06,02:49,18.6
2017-10-06,02:50,0.0
2017-10-06,02:50,18.6
2017-10-06,02:50,18.6
2017-10-06,02:50,18.6
2017-10-06,02:50,0.0
2017-10-06,02:50,18.6
2017-10-06,02:50,0.0
2017-10-06,02:50,0.0
2017-10-06,02:50,18.6
2017-10-06,02:50,0.0
2017-10-06,02:50,0.0
2017-10-06,02:50,18.6
2017-10-06,02:50,0.0
2017-10-06,02:50,0.0
2017-10-06,02:50,0.0
2017-10-06,02:50,0.0
2017-10-06,02:50,0.0
2017-10-06,02:50,0.0
2017-10-06,02:50,16.35
2017-10-06,02:50,0.0
2017-10-06,02:50,0.0
2017-10-06,02:50,18.6
2017-10-06,02:50,15.79
2017-10-06,02:50,0.0
2017-10-06,02:50,18.6
2017-10-06,02:50,18.6
2017-10-06,02:50,0.0
2017-10-06,02:50,18.6
2017-10-06,02:50,18.6
2017-10-06,02:50,18.6
2017-10-06,02:50,0.0
2017-10-06,02:50,18.6
2017-10-06,02:50,18.6
2017-10-06,02:51,0.0
2017-10-06,02:51,18.6
2017-10-06,02:51,18.6
2017-10-06,02:51,0.0
2017-10-06,02:51,18.6
2017-10-06,02:51,18.6
2017-10-06,02:51,0.0
2017-10-06,02:51,18.6
2017-10-06,02:51,18.6
2017-10-06,02:51,18.6
2017-10-06,02:51,0.0
2017-10-06,02:51,18.6
2017-10-06,02:51,18.6
2017-10-06,02:51,0.0
2017-10-06,02:51,18.6
2017-10-06,02:51,18.6
2017-10-06,02:51,0.0
2017-10-06,02:51,18.6
2017-10-06,02:51,0.0
2017-10-06,02:51,15.64
2017-10-06,02:51,0.0
2017-10-06,02:51,18.6
2017-10-06,02:51,0.0
2017-10-06,02:51,0.0
2017-10-06,02:51,0.0
2017-10-06,02:51,16.26
2017-10-06,02:51,0.0
2017-10-06,02:51,0.0
2017-10-06,02:51,0.0
2017-10-06,02:51,0.0
2017-10-06,02:51,0.0
2017-10-06,02:51,0.0
2017-10-06,02:51,0.0
2017-10-06,02:51,16.0
2017-10-06,02:52,0.0
2017-10-06,02:52,18.6
2017-10-06,02:52,18.6
2017-10-06,02:52,0.0
2017-10-06,02:52,18.6
2017-10-06,02:52,18.6
2017-10-06,02:52,0.0
2017-10-06,02:52,18.6
2017-10-06,02:52,18.6
2017-10-06,02:52,18.6
2017-10-06,02:52,0.0
2017-10-06,02:52,18.6
2017-10-06,02:52,18.6
2017-10-06,02:52,0.0
2017-10-06,02:52,18.6
2017-10-06,02:52,18.6
2017-10-06,02:52,18.6
2017-10-06,02:52,0.0
2017-10-06,02:52,18.6
2017-10-06,02:52,18.6
2017-10-06,02:52,0.0
2017-10-06,02:52,18.6
2017-10-06,02:52,18.6
2017-10-06,02:52,0.0
2017-10-06,02:52,18.6
2017-10-06,02:52,18.6
2017-10-06,02:52,0.0
2017-10-06,02:52,18.6
2017-10-06,02:52,18.6
2017-10-06,02:52,0.0
2017-10-06,02:52,16.99
2017-10-06,02:52,18.6
2017-10-06,02:52,18.6
2017-10-06,02:53,17.03
2017-10-06,02:53,18.6
2017-10-06,02:53,0.0
2017-10-06,02:53,0.0
2017-10-06,02:53,0.0
2017-10-06,02:53,18.6
2017-10-06,02:53,0.0
2017-10-06,02:53,0.0
2017-10-06,02:53,18.6
2017-10-06,02:53,18.6
2017-10-06,02:53,0.0
2017-10-06,02:53,17.27
2017-10-06,02:53,17.49
2017-10-06,02:53,0.0
2017-10-06,02:53,17.49
2017-10-06,02:53,18.6
2017-10-06,02:53,18.6
2017-10-06,02:53,0.0
2017-10-06,02:53,18.6
2017-10-06,02:53,17.34
2017-10-06,02:53,0.0
2017-10-06,02:53,18.6
2017-10-06,02:53,18.6
2017-10-06,02:53,17.21
2017-10-06,02:53,18.6
2017-10-06,02:53,18.6
2017-10-06,02:53,18.6
2017-10-06,02:53,18.6
2017-10-06,02:53,18.6
2017-10-06,02:53,7.07
2017-10-06,02:53,18.6
2017-10-06,02:53,18.6
2017-10-06,02:53,17.3
2017-10-06,02:53,0.0
2017-10-06,02:54,18.6
2017-10-06,02:54,16.44
2017-10-06,02:54,18.6
2017-10-06,02:54,18.6
2017-10-06,02:54,0.0
2017-10-06,02:54,0.0
2017-10-06,02:54,18.6
2017-10-06,02:54,18.6
2017-10-06,02:54,18.6
2017-10-06,02:54,17.29
2017-10-06,02:54,17.26
2017-10-06,02:54,0.0
2017-10-06,02:54,16.41
2017-10-06,02:54,16.43
2017-10-06,02:54,0.0
2017-10-06,02:54,0.0
2017-10-06,02:54,13.69
2017-10-06,02:54,0.0
2017-10-06,02:54,18.6
2017-10-06,02:54,0.0
2017-10-06,02:54,17.9
2017-10-06,02:54,18.6
2017-10-06,02:54,0.0
2017-10-06,02:54,0.0
2017-10-06,02:54,18.6
2017-10-06,02:54,0.0
2017-10-06,02:54,18.23
2017-10-06,02:54,18.6
2017-10-06,02:54,0.0
2017-10-06,02:54,18.6
2017-10-06,02:54,18.6
2017-10-06,02:54,0.0
2017-10-06,02:54,18.6
2017-10-06,02:55,18.6
2017-10-06,02:55,0.0
2017-10-06,02:55,18.6
2017-10-06,02:55,18.6
2017-10-06,02:55,18.6
2017-10-06,02:55,0.0
2017-10-06,02:55,18.6
2017-10-06,02:55,18.6
2017-10-06,02:55,0.0
2017-10-06,02:55,18.6
2017-10-06,02:55,18.6
2017-10-06,02:55,0.0
2017-10-06,02:55,18.6
2017-10-06,02:55,18.6
2017-10-06,02:55,0.0
2017-10-06,02:55,18.6
2017-10-06,02:55,18.6
2017-10-06,02:55,0.0
2017-10-06,02:55,18.6
2017-10-06,02:55,0.0
2017-10-06,02:55,0.0
2017-10-06,02:55,0.0
2017-10-06,02:55,0.0
2017-10-06,02:55,0.0
2017-10-06,02:55,0.0
2017-10-06,02:55,0.0
2017-10-06,02:55,18.6
2017-10-06,02:55,0.0
2017-10-06,02:55,18.6
2017-10-06,02:55,5.57
2017-10-06,02:55,0.0
2017-10-06,02:55,5.8
2017-10-06,02:55,18.6
2017-10-06,02:56,18.6
2017-10-06,02:56,18.6
2017-10-06,02:56,18.6
2017-10-06,02:56,18.6
2017-10-06,02:56,17.01
2017-10-06,02:56,18.6
2017-10-06,02:56,18.6
2017-10-06,02:56,18.6
2017-10-06,02:56,18.6
2017-10-06,02:56,18.6
2017-10-06,02:56,18.6
2017-10-06,02:56,18.6
2017-10-06,02:56,18.6
2017-10-06,02:56,0.0
2017-10-06,02:56,18.6
2017-10-06,02:56,0.0
2017-10-06,02:56,18.6
2017-10-06,02:56,0.0
2017-10-06,02:56,0.0
2017-10-06,02:56,18.6
2017-10-06,02:56,0.0
2017-10-06,02:56,0.0
2017-10-06,02:56,18.6
2017-10-06,02:56,0.0
2017-10-06,02:56,0.0
2017-10-06,02:56,18.6
2017-10-06,02:56,0.0
2017-10-06,02:56,0.0
2017-10-06,02:56,18.6
2017-10-06,02:56,0.0
2017-10-06,02:56,0.0
2017-10-06,02:56,18.6
2017-10-06,02:56,0.0
2017-10-06,02:57,0.0
2017-10-06,02:57,0.0
2017-10-06,02:57,18.6
2017-10-06,02:57,0.0
2017-10-06,02:57,1.0
2017-10-06,02:57,18.6
2017-10-06,02:57,0.0
2017-10-06,02:57,0.0
2017-10-06,02:57,5.22
2017-10-06,02:57,0.0
2017-10-06,02:57,18.6
2017-10-06,02:57,18.6
2017-10-06,02:57,0.0
2017-10-06,02:57,18.6
2017-10-06,02:57,17.53
2017-10-06,02:57,0.0
2017-10-06,02:57,18.6
2017-10-06,02:57,0.0
2017-10-06,02:57,0.0
2017-10-06,02:57,18.6
2017-10-06,02:57,0.0
2017-10-06,02:57,0.0
2017-10-06,02:57,18.7
2017-10-06,02:57,0.0
2017-10-06,02:57,16.88
2017-10-06,02:57,18.6
2017-10-06,02:57,0.0
2017-10-06,02:57,17.25
2017-10-06,02:57,6.11
2017-10-06,02:57,18.6
2017-10-06,02:57,5.82
2017-10-06,02:57,5.73
2017-10-06,02:57,0.0
2017-10-06,02:57,18.7
2017-10-06,02:57,16.84
2017-10-06,02:58,18.7
2017-10-06,02:58,0.0
2017-10-06,02:58,16.88
2017-10-06,02:58,0.0
2017-10-06,02:58,18.6
2017-10-06,02:58,17.82
2017-10-06,02:58,0.0
2017-10-06,02:58,18.6
2017-10-06,02:58,18.6
2017-10-06,02:58,0.0
2017-10-06,02:58,18.6
2017-10-06,02:58,18.6
2017-10-06,02:58,18.7
2017-10-06,02:58,18.7
2017-10-06,02:58,18.7
2017-10-06,02:58,0.0
2017-10-06,02:58,18.7
2017-10-06,02:58,18.7
2017-10-06,02:58,18.6
2017-10-06,02:58,1.0
2017-10-06,02:58,18.6
2017-10-06,02:58,0.0
2017-10-06,02:58,18.6
2017-10-06,02:58,18.6
2017-10-06,02:58,17.73
2017-10-06,02:58,18.7
2017-10-06,02:58,0.0
2017-10-06,02:58,16.97
2017-10-06,02:58,18.6
2017-10-06,02:58,18.6
2017-10-06,02:58,0.0
2017-10-06,02:58,18.6
2017-10-06,02:58,18.68
2017-10-06,02:59,0.0
2017-10-06,02:59,18.7
2017-10-06,02:59,17.83
2017-10-06,02:59,0.0
2017-10-06,02:59,18.6
2017-10-06,02:59,18.6
2017-10-06,02:59,0.0
2017-10-06,02:59,18.6
2017-10-06,02:59,0.0
2017-10-06,02:59,0.0
2017-10-06,02:59,18.6
2017-10-06,02:59,0.0
2017-10-06,02:59,18.6
2017-10-06,02:59,18.6
2017-10-06,02:59,18.6
2017-10-06,02:59,18.6
2017-10-06,02:59,18.6
2017-10-06,02:59,18.7
2017-10-06,02:59,18.7
2017-10-06,02:59,18.7
2017-10-06,02:59,18.7
2017-10-06,02:59,18.7
2017-10-06,02:59,18.7
2017-10-06,02:59,18.6
2017-10-06,02:59,17.48
2017-10-06,02:59,18.7
2017-10-06,02:59,18.7
2017-10-06,02:59,4.96
2017-10-06,02:59,4.91
2017-10-06,02:59,0.0
2017-10-06,02:59,5.0
2017-10-06,02:59,0.0
2017-10-06,02:59,0.0
2017-10-06,02:59,18.7
2017-10-06,03:00,18.7
2017-10-06,03:00,0.0
2017-10-06,03:00,18.7
2017-10-06,03:00,17.76
2017-10-06,03:00,18.6
2017-10-06,03:00,18.6
2017-10-06,03:00,16.93
2017-10-06,03:00,18.7
2017-10-06,03:00,18.7
2017-10-06,03:00,16.86
2017-10-06,03:00,18.7
2017-10-06,03:00,18.7
2017-10-06,03:00,18.7
2017-10-06,03:00,18.7
2017-10-06,03:00,18.7
2017-10-06,03:00,18.7
2017-10-06,03:00,0.0
2017-10-06,03:00,18.7
2017-10-06,03:00,18.7
2017-10-06,03:00,4.01
2017-10-06,03:00,18.7
2017-10-06,03:00,18.7
2017-10-06,03:00,17.98
2017-10-06,03:00,18.7
2017-10-06,03:00,18.7
2017-10-06,03:00,18.7
2017-10-06,03:00,18.7
2017-10-06,03:00,18.7
2017-10-06,03:00,18.7
2017-10-06,03:00,18.7
2017-10-06,03:00,18.7
2017-10-06,03:00,18.7
2017-10-06,03:01,0.0
2017-10-06,03:01,18.7
2017-10-06,03:01,18.7
2017-10-06,03:01,18.7
2017-10-06,03:01,18.7
2017-10-06,03:01,18.7
2017-10-06,03:01,18.7
2017-10-06,03:01,18.7
2017-10-06,03:01,18.7
2017-10-06,03:01,18.7
2017-10-06,03:01,5.91
2017-10-06,03:01,18.7
2017-10-06,03:01,0.0
2017-10-06,03:01,18.7
2017-10-06,03:01,18.7
2017-10-06,03:01,18.7
2017-10-06,03:01,18.7
2017-10-06,03:01,18.7
2017-10-06,03:01,0.0
2017-10-06,03:01,18.7
2017-10-06,03:01,18.7
2017-10-06,03:01,0.0
2017-10-06,03:01,0.0
2017-10-06,03:01,18.7
2017-10-06,03:01,0.0
2017-10-06,03:01,18.7
2017-10-06,03:01,18.7
2017-10-06,03:01,0.0
2017-10-06,03:01,18.7
2017-10-06,03:01,18.7
2017-10-06,03:01,18.7
2017-10-06,03:01,0.0
2017-10-06,03:01,5.01
2017-10-06,03:02,0.0
2017-10-06,03:02,18.7
2017-10-06,03:02,0.0
2017-10-06,03:02,0.0
2017-10-06,03:02,17.17
2017-10-06,03:02,18.7
2017-10-06,03:02,18.7
2017-10-06,03:02,18.7
2017-10-06,03:02,18.7
2017-10-06,03:02,18.7
2017-10-06,03:02,18.7
2017-10-06,03:02,18.7
2017-10-06,03:02,18.7
2017-10-06,03:02,18.7
2017-10-06,03:02,18.7
2017-10-06,03:02,18.7
2017-10-06,03:02,18.7
2017-10-06,03:02,18.7
2017-10-06,03:02,18.7
2017-10-06,03:02,18.7
2017-10-06,03:02,7.55
2017-10-06,03:02,18.7
2017-10-06,03:02,18.7
2017-10-06,03:02,18.7
2017-10-06,03:02,18.7
2017-10-06,03:02,18.7
2017-10-06,03:02,18.7
2017-10-06,03:02,18.7
2017-10-06,03:02,18.7
2017-10-06,03:02,18.7
2017-10-06,03:02,18.7
2017-10-06,03:02,0.0
2017-10-06,03:02,18.7
2017-10-06,03:03,18.7
2017-10-06,03:03,0.0
2017-10-06,03:03,18.7
2017-10-06,03:03,0.0
2017-10-06,03:03,18.7
2017-10-06,03:03,7.06
2017-10-06,03:03,18.7
2017-10-06,03:03,0.0
2017-10-06,03:03,5.42
2017-10-06,03:03,18.7
2017-10-06,03:03,18.7
2017-10-06,03:03,16.41
2017-10-06,03:03,16.41
2017-10-06,03:03,18.7
2017-10-06,03:03,18.7
2017-10-06,03:03,18.7
2017-10-06,03:03,18.7
2017-10-06,03:03,18.7
2017-10-06,03:03,18.7
2017-10-06,03:03,0.0
2017-10-06,03:03,18.7
2017-10-06,03:03,18.7
2017-10-06,03:03,18.7
2017-10-06,03:03,18.7
2017-10-06,03:03,18.7
2017-10-06,03:03,18.7
2017-10-06,03:03,18.7
2017-10-06,03:03,18.7
2017-10-06,03:03,18.7
2017-10-06,03:03,0.0
2017-10-06,03:03,18.7
2017-10-06,03:03,0.0
2017-10-06,03:03,4.88
2017-10-06,03:03,18.7
2017-10-06,03:04,16.95
2017-10-06,03:04,18.7
2017-10-06,03:04,18.7
2017-10-06,03:04,16.96
2017-10-06,03:04,18.7
2017-10-06,03:04,0.0
2017-10-06,03:04,18.7
2017-10-06,03:04,0.0
2017-10-06,03:04,18.7
2017-10-06,03:04,18.7
2017-10-06,03:04,0.0
2017-10-06,03:04,18.7
2017-10-06,03:04,18.7
2017-10-06,03:04,0.0
2017-10-06,03:04,18.7
2017-10-06,03:04,18.7
2017-10-06,03:04,0.0
2017-10-06,03:04,18.7
2017-10-06,03:04,18.7
2017-10-06,03:04,0.0
2017-10-06,03:04,5.72
2017-10-06,03:04,18.7
2017-10-06,03:04,0.0
2017-10-06,03:04,0.0
2017-10-06,03:04,18.7
2017-10-06,03:04,0.0
2017-10-06,03:04,18.7
2017-10-06,03:04,18.7
2017-10-06,03:04,0.0
2017-10-06,03:04,18.7
2017-10-06,03:04,18.7
2017-10-06,03:04,0.0
2017-10-06,03:05,18.7
2017-10-06,03:05,18.7
2017-10-06,03:05,0.0
2017-10-06,03:05,18.7
2017-10-06,03:05,18.7
2017-10-06,03:05,0.0
2017-10-06,03:05,18.7
2017-10-06,03:05,18.7
2017-10-06,03:05,0.0
2017-10-06,03:05,18.7
2017-10-06,03:05,18.7
2017-10-06,03:05,0.0
2017-10-06,03:05,18.7
2017-10-06,03:05,18.7
2017-10-06,03:05,0.0
2017-10-06,03:05,0.0
2017-10-06,03:05,18.7
2017-10-06,03:05,0.0
2017-10-06,03:05,0.0
2017-10-06,03:05,18.7
2017-10-06,03:05,0.0
2017-10-06,03:05,0.0
2017-10-06,03:05,0.0
2017-10-06,03:05,0.0
2017-10-06,03:05,18.7
2017-10-06,03:05,0.0
2017-10-06,03:05,0.0
2017-10-06,03:05,18.7
2017-10-06,03:05,0.0
2017-10-06,03:05,5.96
2017-10-06,03:05,18.7
2017-10-06,03:05,0.0
2017-10-06,03:05,0.0
2017-10-06,03:05,18.7
2017-10-06,03:06,18.7
2017-10-06,03:06,18.7
2017-10-06,03:06,0.0
2017-10-06,03:06,18.7
2017-10-06,03:06,0.0
2017-10-06,03:06,18.7
2017-10-06,03:06,18.7
2017-10-06,03:06,0.0
2017-10-06,03:06,18.7
2017-10-06,03:06,18.7
2017-10-06,03:06,0.0
2017-10-06,03:06,18.7
2017-10-06,03:06,18.7
2017-10-06,03:06,17.51
2017-10-06,03:06,0.0
2017-10-06,03:06,18.7
2017-10-06,03:06,0.0
2017-10-06,03:06,18.7
2017-10-06,03:06,18.7
2017-10-06,03:06,5.31
2017-10-06,03:06,18.7
2017-10-06,03:06,18.7
2017-10-06,03:06,18.7
2017-10-06,03:06,18.7
2017-10-06,03:06,18.7
2017-10-06,03:06,18.7
2017-10-06,03:06,18.7
2017-10-06,03:06,18.7
2017-10-06,03:06,18.7
2017-10-06,03:06,18.7
2017-10-06,03:06,18.7
2017-10-06,03:06,18.7
2017-10-06,03:06,18.7
2017-10-06,03:07,18.7
2017-10-06,03:07,18.7
2017-10-06,03:07,18.7
2017-10-06,03:07,18.7
2017-10-06,03:07,18.7
2017-10-06,03:07,18.7
2017-10-06,03:07,18.7
2017-10-06,03:07,18.7
2017-10-06,03:07,0.0
2017-10-06,03:07,18.7
2017-10-06,03:07,18.7
2017-10-06,03:07,18.7
2017-10-06,03:07,18.7
2017-10-06,03:07,18.7
2017-10-06,03:07,18.7
2017-10-06,03:07,18.7
2017-10-06,03:07,18.7
2017-10-06,03:07,40.74
2017-10-06,03:07,18.7
2017-10-06,03:07,0.0
2017-10-06,03:07,40.23
2017-10-06,03:07,18.7
2017-10-06,03:07,0.0
2017-10-06,03:07,18.7
2017-10-06,03:07,18.7
2017-10-06,03:07,0.0
2017-10-06,03:07,18.7
2017-10-06,03:07,18.7
2017-10-06,03:07,0.0
2017-10-06,03:07,18.7
2017-10-06,03:07,18.7
2017-10-06,03:07,0.0
2017-10-06,03:07,18.7
2017-10-06,03:08,18.7
2017-10-06,03:08,18.7
2017-10-06,03:08,0.0
2017-10-06,03:08,18.7
2017-10-06,03:08,18.7
2017-10-06,03:08,18.7
2017-10-06,03:08,18.7
2017-10-06,03:08,40.35
2017-10-06,03:08,18.7
2017-10-06,03:08,18.7
2017-10-06,03:08,18.7
2017-10-06,03:08,18.7
2017-10-06,03:08,18.7
2017-10-06,03:08,18.7
2017-10-06,03:08,40.5
2017-10-06,03:08,18.7
2017-10-06,03:08,18.7
2017-10-06,03:08,18.7
2017-10-06,03:08,18.7
2017-10-06,03:08,18.7
2017-10-06,03:08,18.7
2017-10-06,03:08,18.7
2017-10-06,03:08,18.7
2017-10-06,03:08,18.7
2017-10-06,03:08,18.7
2017-10-06,03:08,18.7
2017-10-06,03:08,18.7
2017-10-06,03:08,18.7
2017-10-06,03:08,0.0
2017-10-06,03:08,16.98
2017-10-06,03:08,0.0
2017-10-06,03:08,18.7
2017-10-06,03:09,18.7
2017-10-06,03:09,0.0
2017-10-06,03:09,18.7
2017-10-06,03:09,18.7
2017-10-06,03:09,18.7
2017-10-06,03:09,18.7
2017-10-06,03:09,27.94
2017-10-06,03:09,18.7
2017-10-06,03:09,18.7
2017-10-06,03:09,27.09
2017-10-06,03:09,0.0
2017-10-06,03:09,27.0
2017-10-06,03:09,0.0
2017-10-06,03:09,0.0
2017-10-06,03:09,18.8
2017-10-06,03:09,18.7
2017-10-06,03:09,18.7
2017-10-06,03:09,17.82
2017-10-06,03:09,18.7
2017-10-06,03:09,18.7
2017-10-06,03:09,0.0
2017-10-06,03:09,0.0
2017-10-06,03:09,18.7
2017-10-06,03:09,0.0
2017-10-06,03:09,41.04
2017-10-06,03:09,41.06
2017-10-06,03:09,18.7
2017-10-06,03:09,18.7
2017-10-06,03:09,18.7
2017-10-06,03:09,18.7
2017-10-06,03:09,18.7
2017-10-06,03:09,28.25
2017-10-06,03:09,18.7
2017-10-06,03:09,18.7
2017-10-06,03:10,18.7
2017-10-06,03:10,18.7
2017-10-06,03:10,18.7
2017-10-06,03:10,0.0
2017-10-06,03:10,18.7
2017-10-06,03:10,18.7
2017-10-06,03:10,18.7
2017-10-06,03:10,18.7
2017-10-06,03:10,18.7
2017-10-06,03:10,18.7
2017-10-06,03:10,0.0
2017-10-06,03:10,18.7
2017-10-06,03:10,0.0
2017-10-06,03:10,18.7
2017-10-06,03:10,18.7
2017-10-06,03:10,18.7
2017-10-06,03:10,18.7
2017-10-06,03:10,18.7
2017-10-06,03:10,0.0
2017-10-06,03:10,18.8
2017-10-06,03:10,18.7
2017-10-06,03:10,18.8
2017-10-06,03:10,18.8
2017-10-06,03:10,18.7
2017-10-06,03:10,18.7
2017-10-06,03:10,18.7
2017-10-06,03:10,18.7
2017-10-06,03:10,18.7
2017-10-06,03:10,18.7
2017-10-06,03:10,18.7
2017-10-06,03:10,18.7
2017-10-06,03:10,18.8
2017-10-06,03:11,18.8
2017-10-06,03:11,18.7
2017-10-06,03:11,40.06
2017-10-06,03:11,18.7
2017-10-06,03:11,18.7
2017-10-06,03:11,27.4
2017-10-06,03:11,0.0
2017-10-06,03:11,18.7
2017-10-06,03:11,18.8
2017-10-06,03:11,0.0
2017-10-06,03:11,18.8
2017-10-06,03:11,18.8
2017-10-06,03:11,18.8
2017-10-06,03:11,18.8
2017-10-06,03:11,18.7
2017-10-06,03:11,18.7
2017-10-06,03:11,18.8
2017-10-06,03:11,18.8
2017-10-06,03:11,18.8
2017-10-06,03:11,18.8
2017-10-06,03:11,18.7
2017-10-06,03:11,18.8
2017-10-06,03:11,18.7
2017-10-06,03:11,18.8
2017-10-06,03:11,40.73
2017-10-06,03:11,18.7
2017-10-06,03:11,18.8
2017-10-06,03:11,18.7
2017-10-06,03:11,18.7
2017-10-06,03:11,18.8
2017-10-06,03:11,27.63
2017-10-06,03:11,18.7
2017-10-06,03:11,18.7
2017-10-06,03:12,27.93
2017-10-06,03:12,18.7
2017-10-06,03:12,18.7
2017-10-06,03:12,40.05
2017-10-06,03:12,0.0
2017-10-06,03:12,18.7
2017-10-06,03:12,18.7
2017-10-06,03:12,0.0
2017-10-06,03:12,18.7
2017-10-06,03:12,18.7
2017-10-06,03:12,18.7
2017-10-06,03:12,18.7
2017-10-06,03:12,40.32
2017-10-06,03:12,18.7
2017-10-06,03:12,18.7
2017-10-06,03:12,40.41
2017-10-06,03:12,0.0
2017-10-06,03:12,18.8
2017-10-06,03:12,0.0
2017-10-06,03:12,0.0
2017-10-06,03:12,18.8
2017-10-06,03:12,18.8
2017-10-06,03:12,0.0
2017-10-06,03:12,0.0
2017-10-06,03:12,18.8
2017-10-06,03:12,0.0
2017-10-06,03:12,0.0
2017-10-06,03:12,0.0
2017-10-06,03:12,0.0
2017-10-06,03:12,18.8
2017-10-06,03:12,0.0
2017-10-06,03:12,0.0
2017-10-06,03:12,18.8
2017-10-06,03:13,0.0
2017-10-06,03:13,18.8
2017-10-06,03:13,18.8
2017-10-06,03:13,0.0
2017-10-06,03:13,0.0
2017-10-06,03:13,18.8
2017-10-06,03:13,18.8
2017-10-06,03:13,0.0
2017-10-06,03:13,18.8
2017-10-06,03:13,18.7
2017-10-06,03:13,0.0
2017-10-06,03:13,18.7
2017-10-06,03:13,18.8
2017-10-06,03:13,0.0
2017-10-06,03:13,0.0
2017-10-06,03:13,18.8
2017-10-06,03:13,18.8
2017-10-06,03:13,18.8
2017-10-06,03:13,0.0
2017-10-06,03:13,18.8
2017-10-06,03:13,40.88
2017-10-06,03:13,0.0
2017-10-06,03:13,18.8
2017-10-06,03:13,0.0
2017-10-06,03:13,18.8
2017-10-06,03:13,18.8
2017-10-06,03:13,0.0
2017-10-06,03:13,0.0
2017-10-06,03:13,18.8
2017-10-06,03:13,0.0
2017-10-06,03:13,18.8
2017-10-06,03:13,18.8
2017-10-06,03:13,27.68
2017-10-06,03:13,18.8
2017-10-06,03:14,18.8
2017-10-06,03:14,18.8
2017-10-06,03:14,18.8
2017-10-06,03:14,18.8
2017-10-06,03:14,18.8
2017-10-06,03:14,18.8
2017-10-06,03:14,18.8
2017-10-06,03:14,18.8
2017-10-06,03:14,18.8
2017-10-06,03:14,18.8
2017-10-06,03:14,18.8
2017-10-06,03:14,18.8
2017-10-06,03:14,18.8
2017-10-06,03:14,18.8
2017-10-06,03:14,18.8
2017-10-06,03:14,0.0
2017-10-06,03:14,18.8
2017-10-06,03:14,27.74
2017-10-06,03:14,18.8
2017-10-06,03:14,18.8
2017-10-06,03:14,18.8
2017-10-06,03:14,18.8
2017-10-06,03:14,18.8
2017-10-06,03:14,18.8
2017-10-06,03:14,18.8
2017-10-06,03:14,18.8
2017-10-06,03:14,18.8
2017-10-06,03:14,18.8
2017-10-06,03:14,0.0
2017-10-06,03:14,18.8
2017-10-06,03:14,16.87
2017-10-06,03:14,18.8
2017-10-06,03:15,18.8
2017-10-06,03:15,18.8
2017-10-06,03:15,18.8
2017-10-06,03:15,18.8
2017-10-06,03:15,18.8
2017-10-06,03:15,18.8
2017-10-06,03:15,18.8
2017-10-06,03:15,18.8
2017-10-06,03:15,4.99
2017-10-06,03:15,18.8
2017-10-06,03:15,0.0
2017-10-06,03:15,18.8
2017-10-06,03:15,18.8
2017-10-06,03:15,40.35
2017-10-06,03:15,18.8
2017-10-06,03:15,18.8
2017-10-06,03:15,18.8
2017-10-06,03:15,18.8
2017-10-06,03:15,18.8
2017-10-06,03:15,18.8
2017-10-06,03:15,40.37
2017-10-06,03:15,18.8
2017-10-06,03:15,18.8
2017-10-06,03:15,0.0
2017-10-06,03:15,18.8
2017-10-06,03:15,18.8
2017-10-06,03:15,18.8
2017-10-06,03:15,0.0
2017-10-06,03:15,18.8
2017-10-06,03:15,18.8
2017-10-06,03:15,0.0
2017-10-06,03:15,18.8
2017-10-06,03:16,0.0
2017-10-06,03:16,18.8
2017-10-06,03:16,0.0
2017-10-06,03:16,0.0
2017-10-06,03:16,18.8
2017-10-06,03:16,40.75
2017-10-06,03:16,18.8
2017-10-06,03:16,40.5
2017-10-06,03:16,0.0
2017-10-06,03:16,40.53
2017-10-06,03:16,18.8
2017-10-06,03:16,18.8
2017-10-06,03:16,18.8
2017-10-06,03:16,0.0
2017-10-06,03:16,0.0
2017-10-06,03:16,0.0
2017-10-06,03:16,18.8
2017-10-06,03:16,18.8
2017-10-06,03:16,18.8
2017-10-06,03:16,18.8
2017-10-06,03:16,18.8
2017-10-06,03:16,0.0
2017-10-06,03:16,18.8
2017-10-06,03:16,28.23
2017-10-06,03:16,0.0
2017-10-06,03:16,5.64
2017-10-06,03:16,18.8
2017-10-06,03:16,18.8
2017-10-06,03:16,18.8
2017-10-06,03:16,18.8
2017-10-06,03:16,18.8
2017-10-06,03:16,18.8
2017-10-06,03:16,18.8
2017-10-06,03:17,18.8
2017-10-06,03:17,0.0
2017-10-06,03:17,18.8
2017-10-06,03:17,18.8
2017-10-06,03:17,18.8
2017-10-06,03:17,18.8
2017-10-06,03:17,0.0
2017-10-06,03:17,18.8
2017-10-06,03:17,18.8
2017-10-06,03:17,7.01
2017-10-06,03:17,18.8
2017-10-06,03:17,18.8
2017-10-06,03:17,18.8
2017-10-06,03:17,0.0
2017-10-06,03:17,18.8
2017-10-06,03:17,18.8
2017-10-06,03:17,0.0
2017-10-06,03:17,18.8
2017-10-06,03:17,18.8
2017-10-06,03:17,0.0
2017-10-06,03:17,18.8
2017-10-06,03:17,18.8
2017-10-06,03:17,0.0
2017-10-06,03:17,18.8
2017-10-06,03:17,18.8
2017-10-06,03:17,0.0
2017-10-06,03:17,0.0
2017-10-06,03:17,18.8
2017-10-06,03:17,0.0
2017-10-06,03:17,0.0
2017-10-06,03:17,18.8
2017-10-06,03:17,0.0
2017-10-06,03:17,0.0
2017-10-06,03:18,18.8
2017-10-06,03:18,0.0
2017-10-06,03:18,18.8
2017-10-06,03:18,0.0
2017-10-06,03:18,0.0
2017-10-06,03:18,18.8
2017-10-06,03:18,0.0
2017-10-06,03:18,0.0
2017-10-06,03:18,18.8
2017-10-06,03:18,0.0
2017-10-06,03:18,18.8
2017-10-06,03:18,0.0
2017-10-06,03:18,18.8
2017-10-06,03:18,18.8
2017-10-06,03:18,18.8
2017-10-06,03:18,0.0
2017-10-06,03:18,18.8
2017-10-06,03:18,18.8
2017-10-06,03:18,0.0
2017-10-06,03:18,18.8
2017-10-06,03:18,0.0
2017-10-06,03:18,18.8
2017-10-06,03:18,18.8
2017-10-06,03:18,28.13
2017-10-06,03:18,0.0
2017-10-06,03:18,18.8
2017-10-06,03:18,0.0
2017-10-06,03:18,18.8
2017-10-06,03:18,18.8
2017-10-06,03:18,0.0
2017-10-06,03:18,0.0
2017-10-06,03:18,18.8
2017-10-06,03:18,0.0
2017-10-06,03:19,0.0
2017-10-06,03:19,18.8
2017-10-06,03:19,0.0
2017-10-06,03:19,0.0
2017-10-06,03:19,0.0
2017-10-06,03:19,40.51
2017-10-06,03:19,40.14
2017-10-06,03:19,27.06
2017-10-06,03:19,18.8
2017-10-06,03:19,0.0
2017-10-06,03:19,18.8
2017-10-06,03:19,18.8
2017-10-06,03:19,0.0
2017-10-06,03:19,0.0
2017-10-06,03:19,18.8
2017-10-06,03:19,0.0
2017-10-06,03:19,39.95
2017-10-06,03:19,18.8
2017-10-06,03:19,40.93
2017-10-06,03:19,40.89
2017-10-06,03:19,18.8
2017-10-06,03:19,0.0
2017-10-06,03:19,18.8
2017-10-06,03:19,40.53
2017-10-06,03:19,0.0
2017-10-06,03:19,18.8
2017-10-06,03:19,0.0
2017-10-06,03:19,18.8
2017-10-06,03:19,18.9
2017-10-06,03:19,40.33
2017-10-06,03:19,18.8
2017-10-06,03:19,18.8
2017-10-06,03:19,18.9
2017-10-06,03:19,18.9
2017-10-06,03:19,18.8
2017-10-06,03:20,27.42
2017-10-06,03:20,18.8
2017-10-06,03:20,18.8
2017-10-06,03:20,18.8
2017-10-06,03:20,18.8
2017-10-06,03:20,18.8
2017-10-06,03:20,0.0
2017-10-06,03:20,18.8
2017-10-06,03:20,18.8
2017-10-06,03:20,0.0
2017-10-06,03:20,18.9
2017-10-06,03:20,0.0
2017-10-06,03:20,0.0
2017-10-06,03:20,18.8
2017-10-06,03:20,0.0
2017-10-06,03:20,18.8
2017-10-06,03:20,0.0
2017-10-06,03:20,18.8
2017-10-06,03:20,0.0
2017-10-06,03:20,0.0
2017-10-06,03:20,18.9
2017-10-06,03:20,0.0
2017-10-06,03:20,0.0
2017-10-06,03:20,28.29
2017-10-06,03:20,27.96
2017-10-06,03:20,0.0
2017-10-06,03:20,0.0
2017-10-06,03:20,40.26
2017-10-06,03:20,40.29
2017-10-06,03:20,40.32
2017-10-06,03:20,18.8
2017-10-06,03:20,41.39
2017-10-06,03:20,18.8
2017-10-06,03:21,18.8
2017-10-06,03:21,18.8
2017-10-06,03:21,40.97
2017-10-06,03:21,40.23
2017-10-06,03:21,18.8
2017-10-06,03:21,0.0
2017-10-06,03:21,18.8
2017-10-06,03:21,18.8
2017-10-06,03:21,27.68
2017-10-06,03:21,18.8
2017-10-06,03:21,18.8
2017-10-06,03:21,27.73
2017-10-06,03:21,18.8
2017-10-06,03:21,18.8
2017-10-06,03:21,27.06
2017-10-06,03:21,18.8
2017-10-06,03:21,18.8
2017-10-06,03:21,18.8
2017-10-06,03:21,18.8
2017-10-06,03:21,18.8
2017-10-06,03:21,18.8
2017-10-06,03:21,18.8
2017-10-06,03:21,18.8
2017-10-06,03:21,18.8
2017-10-06,03:21,18.9
2017-10-06,03:21,18.9
2017-10-06,03:21,0.0
2017-10-06,03:21,18.9
2017-10-06,03:21,0.0
2017-10-06,03:21,18.8
2017-10-06,03:21,0.0
2017-10-06,03:21,18.8
2017-10-06,03:22,0.0
2017-10-06,03:22,0.0
2017-10-06,03:22,18.8
2017-10-06,03:22,0.0
2017-10-06,03:22,18.8
2017-10-06,03:22,0.0
2017-10-06,03:22,0.0
2017-10-06,03:22,18.9
2017-10-06,03:22,0.0
2017-10-06,03:22,0.0
2017-10-06,03:22,18.9
2017-10-06,03:22,0.0
2017-10-06,03:22,0.0
2017-10-06,03:22,0.0
2017-10-06,03:22,0.0
2017-10-06,03:22,0.0
2017-10-06,03:22,18.9
2017-10-06,03:22,0.0
2017-10-06,03:22,0.0
2017-10-06,03:22,18.8
2017-10-06,03:22,0.0
2017-10-06,03:22,0.0
2017-10-06,03:22,18.9
2017-10-06,03:22,0.0
2017-10-06,03:22,5.44
2017-10-06,03:22,18.9
2017-10-06,03:22,0.0
2017-10-06,03:22,18.9
2017-10-06,03:22,18.9
2017-10-06,03:22,18.9
2017-10-06,03:22,0.0
2017-10-06,03:22,18.9
2017-10-06,03:22,18.9
2017-10-06,03:22,0.0
2017-10-06,03:23,18.9
2017-10-06,03:23,18.9
2017-10-06,03:23,0.0
2017-10-06,03:23,18.9
2017-10-06,03:23,18.9
2017-10-06,03:23,0.0
2017-10-06,03:23,18.9
2017-10-06,03:23,18.9
2017-10-06,03:23,0.0
2017-10-06,03:23,18.9
2017-10-06,03:23,18.9
2017-10-06,03:23,0.0
2017-10-06,03:23,18.9
2017-10-06,03:23,0.0
2017-10-06,03:23,18.9
2017-10-06,03:23,18.9
2017-10-06,03:23,18.9
2017-10-06,03:23,0.0
2017-10-06,03:23,0.0
2017-10-06,03:23,18.9
2017-10-06,03:23,0.0
2017-10-06,03:23,0.0
2017-10-06,03:23,16.43
2017-10-06,03:23,18.9
2017-10-06,03:23,0.0
2017-10-06,03:23,0.0
2017-10-06,03:23,0.0
2017-10-06,03:23,0.0
2017-10-06,03:23,18.9
2017-10-06,03:23,17.33
2017-10-06,03:23,0.0
2017-10-06,03:23,3.26
2017-10-06,03:23,0.0
2017-10-06,03:24,18.9
2017-10-06,03:24,18.9
2017-10-06,03:24,0.0
2017-10-06,03:24,18.9
2017-10-06,03:24,18.9
2017-10-06,03:24,0.0
2017-10-06,03:24,18.9
2017-10-06,03:24,18.9
2017-10-06,03:24,18.9
2017-10-06,03:24,18.9
2017-10-06,03:24,0.0
2017-10-06,03:24,18.9
2017-10-06,03:24,18.9
2017-10-06,03:24,17.1
2017-10-06,03:24,18.9
2017-10-06,03:24,18.9
2017-10-06,03:24,0.0
2017-10-06,03:24,18.9
2017-10-06,03:24,18.9
2017-10-06,03:24,0.0
2017-10-06,03:24,18.9
2017-10-06,03:24,18.9
2017-10-06,03:24,0.0
2017-10-06,03:24,18.9
2017-10-06,03:24,18.9
2017-10-06,03:24,0.0
2017-10-06,03:24,18.9
2017-10-06,03:24,18.9
2017-10-06,03:24,0.0
2017-10-06,03:24,0.0
2017-10-06,03:24,18.9
2017-10-06,03:24,0.0
2017-10-06,03:24,18.9
2017-10-06,03:24,18.9
2017-10-06,03:25,1.0
2017-10-06,03:25,18.9
2017-10-06,03:25,18.9
2017-10-06,03:25,0.0
2017-10-06,03:25,18.9
2017-10-06,03:25,18.9
2017-10-06,03:25,0.0
2017-10-06,03:25,5.4
2017-10-06,03:25,18.9
2017-10-06,03:25,3.27
2017-10-06,03:25,3.71
2017-10-06,03:25,18.9
2017-10-06,03:25,33.79
2017-10-06,03:25,18.9
2017-10-06,03:25,18.9
2017-10-06,03:25,18.9
2017-10-06,03:25,0.0
2017-10-06,03:25,18.9
2017-10-06,03:25,19.0
2017-10-06,03:25,19.0
2017-10-06,03:25,0.0
2017-10-06,03:25,18.9
2017-10-06,03:25,18.9
2017-10-06,03:25,0.0
2017-10-06,03:25,18.9
2017-10-06,03:25,18.9
2017-10-06,03:25,18.9
2017-10-06,03:25,18.9
2017-10-06,03:25,18.9
2017-10-06,03:25,19.0
2017-10-06,03:25,18.9
2017-10-06,03:25,18.9
2017-10-06,03:26,32.93
2017-10-06,03:26,18.9
2017-10-06,03:26,18.9
2017-10-06,03:26,18.9
2017-10-06,03:26,18.9
2017-10-06,03:26,18.9
2017-10-06,03:26,46.15
2017-10-06,03:26,18.9
2017-10-06,03:26,18.9
2017-10-06,03:26,18.9
2017-10-06,03:26,18.9
2017-10-06,03:26,18.9
2017-10-06,03:26,0.0
2017-10-06,03:26,18.9
2017-10-06,03:26,18.9
2017-10-06,03:26,18.9
2017-10-06,03:26,18.9
2017-10-06,03:26,18.9
2017-10-06,03:26,0.0
2017-10-06,03:26,19.0
2017-10-06,03:26,19.0
2017-10-06,03:26,0.0
2017-10-06,03:26,18.9
2017-10-06,03:26,18.9
2017-10-06,03:26,4.51
2017-10-06,03:26,18.9
2017-10-06,03:26,18.9
2017-10-06,03:26,18.9
2017-10-06,03:26,0.0
2017-10-06,03:26,18.9
2017-10-06,03:26,19.0
2017-10-06,03:26,19.0
2017-10-06,03:26,19.0
2017-10-06,03:27,0.0
2017-10-06,03:27,19.0
2017-10-06,03:27,18.9
2017-10-06,03:27,4.43
2017-10-06,03:27,18.9
2017-10-06,03:27,18.9
2017-10-06,03:27,18.9
2017-10-06,03:27,18.9
2017-10-06,03:27,18.9
2017-10-06,03:27,18.9
2017-10-06,03:27,18.9
2017-10-06,03:27,18.9
2017-10-06,03:27,18.9
2017-10-06,03:27,0.0
2017-10-06,03:27,19.0
2017-10-06,03:27,18.9
2017-10-06,03:27,19.0
2017-10-06,03:27,0.0
2017-10-06,03:27,18.9
2017-10-06,03:27,19.0
2017-10-06,03:27,0.0
2017-10-06,03:27,19.0
2017-10-06,03:27,0.0
2017-10-06,03:27,19.0
2017-10-06,03:27,18.9
2017-10-06,03:27,0.0
2017-10-06,03:27,3.23
2017-10-06,03:27,18.9
2017-10-06,03:27,18.9
2017-10-06,03:27,18.9
2017-10-06,03:27,19.0
2017-10-06,03:27,18.9
2017-10-06,03:27,18.9
2017-10-06,03:27,18.9
2017-10-06,03:28,18.9
2017-10-06,03:28,18.9
2017-10-06,03:28,18.9
2017-10-06,03:28,4.2
2017-10-06,03:28,0.0
2017-10-06,03:28,19.0
2017-10-06,03:28,18.9
2017-10-06,03:28,5.06
2017-10-06,03:28,18.9
2017-10-06,03:28,19.0
2017-10-06,03:28,0.0
2017-10-06,03:28,0.0
2017-10-06,03:28,18.9
2017-10-06,03:28,0.0
2017-10-06,03:28,5.45
2017-10-06,03:28,18.9
2017-10-06,03:28,0.0
2017-10-06,03:28,18.9
2017-10-06,03:28,19.0
2017-10-06,03:28,18.9
2017-10-06,03:28,18.9
2017-10-06,03:28,18.9
2017-10-06,03:28,18.9
2017-10-06,03:28,18.9
2017-10-06,03:28,0.0
2017-10-06,03:28,0.0
2017-10-06,03:28,0.0
2017-10-06,03:28,0.0
2017-10-06,03:28,0.0
2017-10-06,03:28,0.0
2017-10-06,03:28,4.37
2017-10-06,03:28,0.0
2017-10-06,03:29,0.0
2017-10-06,03:29,18.9
2017-10-06,03:29,0.0
2017-10-06,03:29,19.0
2017-10-06,03:29,0.0
2017-10-06,03:29,19.0
2017-10-06,03:29,18.9
2017-10-06,03:29,0.0
2017-10-06,03:29,18.9
2017-10-06,03:29,19.0
2017-10-06,03:29,19.0
2017-10-06,03:29,0.0
2017-10-06,03:29,18.9
2017-10-06,03:29,0.0
2017-10-06,03:29,18.9
2017-10-06,03:29,19.0
2017-10-06,03:29,3.5
2017-10-06,03:29,19.0
2017-10-06,03:29,5.14
2017-10-06,03:29,18.9
2017-10-06,03:29,18.9
2017-10-06,03:29,5.31
2017-10-06,03:29,19.0
2017-10-06,03:29,19.0
2017-10-06,03:29,0.0
2017-10-06,03:29,18.9
2017-10-06,03:29,0.0
2017-10-06,03:29,19.0
2017-10-06,03:29,19.0
2017-10-06,03:29,19.0
2017-10-06,03:29,18.9
2017-10-06,03:29,0.0
2017-10-06,03:29,19.0
2017-10-06,03:29,19.0
2017-10-06,03:30,0.0
2017-10-06,03:30,19.0
2017-10-06,03:30,19.0
2017-10-06,03:30,19.0
2017-10-06,03:30,19.0
2017-10-06,03:30,19.0
2017-10-06,03:30,0.0
2017-10-06,03:30,19.0
2017-10-06,03:30,18.9
2017-10-06,03:30,19.0
2017-10-06,03:30,19.0
2017-10-06,03:30,19.0
2017-10-06,03:30,0.0
2017-10-06,03:30,19.0
2017-10-06,03:30,19.0
2017-10-06,03:30,19.0
2017-10-06,03:30,19.0
2017-10-06,03:30,19.0
2017-10-06,03:30,19.0
2017-10-06,03:30,0.0
2017-10-06,03:30,19.0
2017-10-06,03:30,19.0
2017-10-06,03:30,0.0
2017-10-06,03:30,19.0
2017-10-06,03:30,19.0
2017-10-06,03:30,0.0
2017-10-06,03:30,19.0
2017-10-06,03:30,3.19
2017-10-06,03:30,19.0
2017-10-06,03:30,0.0
2017-10-06,03:30,0.0
2017-10-06,03:30,19.0
2017-10-06,03:30,0.0
2017-10-06,03:31,5.14
2017-10-06,03:31,19.0
2017-10-06,03:31,4.48
2017-10-06,03:31,4.45
2017-10-06,03:31,19.0
2017-10-06,03:31,0.0
2017-10-06,03:31,19.0
2017-10-06,03:31,4.41
2017-10-06,03:31,19.0
2017-10-06,03:31,19.0
2017-10-06,03:31,19.0
2017-10-06,03:31,4.49
2017-10-06,03:31,19.0
2017-10-06,03:31,19.0
2017-10-06,03:31,19.0
2017-10-06,03:31,19.0
2017-10-06,03:31,19.0
2017-10-06,03:31,0.0
2017-10-06,03:31,19.0
2017-10-06,03:31,19.0
2017-10-06,03:31,19.0
2017-10-06,03:31,19.0
2017-10-06,03:31,19.0
2017-10-06,03:31,19.0
2017-10-06,03:31,19.0
2017-10-06,03:31,5.25
2017-10-06,03:31,19.0
2017-10-06,03:31,0.0
2017-10-06,03:31,5.02
2017-10-06,03:31,19.0
2017-10-06,03:31,0.0
2017-10-06,03:31,19.0
2017-10-06,03:32,19.0
2017-10-06,03:32,0.0
2017-10-06,03:32,19.0
2017-10-06,03:32,4.87
2017-10-06,03:32,19.0
2017-10-06,03:32,19.0
2017-10-06,03:32,5.05
2017-10-06,03:32,19.0
2017-10-06,03:32,19.0
2017-10-06,03:32,3.19
2017-10-06,03:32,19.0
2017-10-06,03:32,19.0
2017-10-06,03:32,0.0
2017-10-06,03:32,19.0
2017-10-06,03:32,19.0
2017-10-06,03:32,19.0
2017-10-06,03:32,0.0
2017-10-06,03:32,19.0
2017-10-06,03:32,19.0
2017-10-06,03:32,19.0
2017-10-06,03:32,19.0
2017-10-06,03:32,19.0
2017-10-06,03:32,7.09
2017-10-06,03:32,19.0
2017-10-06,03:32,19.0
2017-10-06,03:32,0.0
2017-10-06,03:32,19.0
2017-10-06,03:32,19.0
2017-10-06,03:32,3.22
2017-10-06,03:32,19.0
2017-10-06,03:32,19.0
2017-10-06,03:32,7.3
2017-10-06,03:32,19.0
2017-10-06,03:32,0.0
2017-10-06,03:32,19.0
2017-10-06,03:33,19.0
2017-10-06,03:33,19.0
2017-10-06,03:33,19.0
2017-10-06,03:33,19.0
2017-10-06,03:33,19.0
2017-10-06,03:33,0.0
2017-10-06,03:33,19.0
2017-10-06,03:33,0.0
2017-10-06,03:33,19.0
2017-10-06,03:33,19.0
2017-10-06,03:33,19.0
2017-10-06,03:33,19.0
2017-10-06,03:33,19.0
2017-10-06,03:33,19.0
2017-10-06,03:33,0.0
2017-10-06,03:33,19.0
2017-10-06,03:33,19.0
2017-10-06,03:33,19.0
2017-10-06,03:33,19.0
2017-10-06,03:33,19.0
2017-10-06,03:33,0.0
2017-10-06,03:33,19.0
2017-10-06,03:33,19.0
2017-10-06,03:33,19.0
2017-10-06,03:33,19.0
2017-10-06,03:33,19.0
2017-10-06,03:33,19.0
2017-10-06,03:33,19.0
2017-10-06,03:33,19.0
2017-10-06,03:33,19.0
2017-10-06,03:33,19.0
2017-10-06,03:33,19.0
2017-10-06,03:34,4.8
2017-10-06,03:34,19.0
2017-10-06,03:34,19.0
2017-10-06,03:34,19.1
2017-10-06,03:34,19.1
2017-10-06,03:34,19.1
2017-10-06,03:34,19.0
2017-10-06,03:34,19.0
2017-10-06,03:34,0.0
2017-10-06,03:34,19.0
2017-10-06,03:34,19.0
2017-10-06,03:34,0.0
2017-10-06,03:34,5.02
2017-10-06,03:34,5.12
2017-10-06,03:34,19.1
2017-10-06,03:34,0.0
2017-10-06,03:34,19.0
2017-10-06,03:34,19.0
2017-10-06,03:34,2.92
2017-10-06,03:34,19.0
2017-10-06,03:34,19.0
2017-10-06,03:34,19.0
2017-10-06,03:34,0.0
2017-10-06,03:34,19.0
2017-10-06,03:34,19.0
2017-10-06,03:34,19.0
2017-10-06,03:34,19.0
2017-10-06,03:34,19.0
2017-10-06,03:34,19.0
2017-10-06,03:34,19.0
2017-10-06,03:34,19.0
2017-10-06,03:34,19.0
2017-10-06,03:35,19.0
2017-10-06,03:35,19.1
2017-10-06,03:35,0.0
2017-10-06,03:35,2.87
2017-10-06,03:35,19.0
2017-10-06,03:35,19.0
2017-10-06,03:35,0.0
2017-10-06,03:35,19.0
2017-10-06,03:35,0.0
2017-10-06,03:35,19.1
2017-10-06,03:35,19.1
2017-10-06,03:35,19.0
2017-10-06,03:35,19.0
2017-10-06,03:35,19.0
2017-10-06,03:35,19.0
2017-10-06,03:35,19.0
2017-10-06,03:35,19.0
2017-10-06,03:35,2.87
2017-10-06,03:35,19.0
2017-10-06,03:35,19.0
2017-10-06,03:35,19.0
2017-10-06,03:35,0.0
2017-10-06,03:35,19.1
2017-10-06,03:35,0.0
2017-10-06,03:35,19.1
2017-10-06,03:35,19.1
2017-10-06,03:35,19.0
2017-10-06,03:35,19.0
2017-10-06,03:35,19.0
2017-10-06,03:35,19.0
2017-10-06,03:35,19.0
2017-10-06,03:35,19.0
2017-10-06,03:35,19.0
2017-10-06,03:36,0.0
2017-10-06,03:36,19.0
2017-10-06,03:36,19.0
2017-10-06,03:36,0.0
2017-10-06,03:36,2.88
2017-10-06,03:36,19.0
2017-10-06,03:36,0.0
2017-10-06,03:36,0.0
2017-10-06,03:36,19.0
2017-10-06,03:36,0.0
2017-10-06,03:36,2.87
2017-10-06,03:36,19.0
2017-10-06,03:36,2.87
2017-10-06,03:36,0.0
2017-10-06,03:36,19.0
2017-10-06,03:36,19.0
2017-10-06,03:36,19.0
2017-10-06,03:36,2.82
2017-10-06,03:36,2.87
2017-10-06,03:36,19.0
2017-10-06,03:36,0.0
2017-10-06,03:36,19.0
2017-10-06,03:36,19.0
2017-10-06,03:36,19.0
2017-10-06,03:36,2.88
2017-10-06,03:36,19.0
2017-10-06,03:36,19.0
2017-10-06,03:36,0.0
2017-10-06,03:36,19.0
2017-10-06,03:36,19.0
2017-10-06,03:36,0.0
2017-10-06,03:36,19.0
2017-10-06,03:36,19.0
2017-10-06,03:36,0.0
2017-10-06,03:37,19.0
2017-10-06,03:37,19.0
2017-10-06,03:37,2.89
2017-10-06,03:37,0.0
2017-10-06,03:37,19.0
2017-10-06,03:37,0.0
2017-10-06,03:37,0.0
2017-10-06,03:37,0.0
2017-10-06,03:37,19.0
2017-10-06,03:37,0.0
2017-10-06,03:37,0.0
2017-10-06,03:37,19.0
2017-10-06,03:37,0.0
2017-10-06,03:37,2.84
2017-10-06,03:37,19.0
2017-10-06,03:37,2.85
2017-10-06,03:37,19.0
2017-10-06,03:37,19.0
2017-10-06,03:37,19.0
2017-10-06,03:37,2.84
2017-10-06,03:37,19.0
2017-10-06,03:37,2.84
2017-10-06,03:37,19.0
2017-10-06,03:37,0.0
2017-10-06,03:37,0.0
2017-10-06,03:37,2.88
2017-10-06,03:37,0.0
2017-10-06,03:37,19.0
2017-10-06,03:37,2.83
2017-10-06,03:37,19.0
2017-10-06,03:37,19.0
2017-10-06,03:37,19.1
2017-10-06,03:38,0.0
2017-10-06,03:38,19.1
2017-10-06,03:38,0.0
2017-10-06,03:38,0.0
2017-10-06,03:38,19.0
2017-10-06,03:38,19.0
2017-10-06,03:38,0.0
2017-10-06,03:38,19.0
2017-10-06,03:38,19.0
2017-10-06,03:38,19.0
2017-10-06,03:38,19.0
2017-10-06,03:38,3.05
2017-10-06,03:38,19.0
2017-10-06,03:38,19.0
2017-10-06,03:38,3.04
2017-10-06,03:38,19.0
2017-10-06,03:38,0.0
2017-10-06,03:38,19.0
2017-10-06,03:38,0.0
2017-10-06,03:38,0.0
2017-10-06,03:38,19.0
2017-10-06,03:38,19.0
2017-10-06,03:38,19.0
2017-10-06,03:38,19.0
2017-10-06,03:38,19.1
2017-10-06,03:38,19.0
2017-10-06,03:38,19.0
2017-10-06,03:38,19.0
2017-10-06,03:38,19.0
2017-10-06,03:38,19.0
2017-10-06,03:38,19.0
2017-10-06,03:38,19.0
2017-10-06,03:38,19.0
2017-10-06,03:39,19.0
2017-10-06,03:39,19.0
2017-10-06,03:39,19.1
2017-10-06,03:39,19.1
2017-10-06,03:39,19.1
2017-10-06,03:39,0.0
2017-10-06,03:39,19.0
2017-10-06,03:39,19.0
2017-10-06,03:39,19.0
2017-10-06,03:39,19.0
2017-10-06,03:39,19.0
2017-10-06,03:39,19.1
2017-10-06,03:39,19.0
2017-10-06,03:39,19.0
2017-10-06,03:39,19.0
2017-10-06,03:39,19.0
2017-10-06,03:39,19.0
2017-10-06,03:39,0.0
2017-10-06,03:39,19.0
2017-10-06,03:39,0.0
2017-10-06,03:39,19.0
2017-10-06,03:39,0.0
2017-10-06,03:39,19.0
2017-10-06,03:39,19.0
2017-10-06,03:39,2.83
2017-10-06,03:39,19.0
2017-10-06,03:39,19.0
2017-10-06,03:39,2.85
2017-10-06,03:39,0.0
2017-10-06,03:39,19.0
2017-10-06,03:39,19.0
2017-10-06,03:39,0.0
2017-10-06,03:39,19.0
2017-10-06,03:40,19.1
2017-10-06,03:40,19.1
2017-10-06,03:40,19.1
2017-10-06,03:40,19.0
2017-10-06,03:40,19.0
2017-10-06,03:40,19.0
2017-10-06,03:40,19.1
2017-10-06,03:40,19.1
2017-10-06,03:40,19.1
2017-10-06,03:40,19.1
2017-10-06,03:40,19.1
2017-10-06,03:40,0.0
2017-10-06,03:40,19.0
2017-10-06,03:40,19.0
2017-10-06,03:40,19.0
2017-10-06,03:40,19.0
2017-10-06,03:40,19.0
2017-10-06,03:40,2.85
2017-10-06,03:40,19.1
2017-10-06,03:40,19.1
2017-10-06,03:40,19.0
2017-10-06,03:40,2.85
2017-10-06,03:40,19.0
2017-10-06,03:40,19.0
2017-10-06,03:40,0.0
2017-10-06,03:40,19.0
2017-10-06,03:40,19.0
2017-10-06,03:40,0.0
2017-10-06,03:40,19.0
2017-10-06,03:40,19.1
2017-10-06,03:40,0.0
2017-10-06,03:40,19.1
2017-10-06,03:41,19.1
2017-10-06,03:41,19.1
2017-10-06,03:41,0.0
2017-10-06,03:41,19.0
2017-10-06,03:41,19.0
2017-10-06,03:41,0.0
2017-10-06,03:41,19.0
2017-10-06,03:41,19.0
2017-10-06,03:41,2.9
2017-10-06,03:41,19.1
2017-10-06,03:41,19.1
2017-10-06,03:41,0.0
2017-10-06,03:41,19.0
2017-10-06,03:41,19.0
2017-10-06,03:41,0.0
2017-10-06,03:41,19.0
2017-10-06,03:41,0.0
2017-10-06,03:41,2.89
2017-10-06,03:41,0.0
2017-10-06,03:41,19.0
2017-10-06,03:41,0.0
2017-10-06,03:41,2.83
2017-10-06,03:41,19.0
2017-10-06,03:41,2.88
2017-10-06,03:41,2.85
2017-10-06,03:41,19.0
2017-10-06,03:41,0.0
2017-10-06,03:41,19.1
2017-10-06,03:41,19.1
2017-10-06,03:41,2.87
2017-10-06,03:41,19.0
2017-10-06,03:41,19.0
2017-10-06,03:41,0.0
2017-10-06,03:41,19.1
2017-10-06,03:42,19.0
2017-10-06,03:42,19.0
2017-10-06,03:42,2.9
2017-10-06,03:42,19.0
2017-10-06,03:42,19.0
2017-10-06,03:42,0.0
2017-10-06,03:42,19.1
2017-10-06,03:42,19.1
2017-10-06,03:42,0.0
2017-10-06,03:42,19.0
2017-10-06,03:42,19.0
2017-10-06,03:42,2.86
2017-10-06,03:42,19.1
2017-10-06,03:42,19.1
2017-10-06,03:42,0.0
2017-10-06,03:42,19.1
2017-10-06,03:42,19.1
2017-10-06,03:42,0.0
2017-10-06,03:42,19.0
2017-10-06,03:42,2.87
2017-10-06,03:42,19.0
2017-10-06,03:42,19.0
2017-10-06,03:42,19.0
2017-10-06,03:42,0.0
2017-10-06,03:42,19.0
2017-10-06,03:42,0.0
2017-10-06,03:42,19.0
2017-10-06,03:42,0.0
2017-10-06,03:42,19.1
2017-10-06,03:42,19.1
2017-10-06,03:42,2.71
2017-10-06,03:42,0.0
2017-10-06,03:42,19.1
2017-10-06,03:43,0.0
2017-10-06,03:43,19.1
2017-10-06,03:43,19.1
2017-10-06,03:43,0.0
2017-10-06,03:43,19.0
2017-10-06,03:43,0.0
2017-10-06,03:43,19.0
2017-10-06,03:43,19.0
2017-10-06,03:43,19.0
2017-10-06,03:43,19.0
2017-10-06,03:43,19.0
2017-10-06,03:43,0.0
2017-10-06,03:43,19.0
2017-10-06,03:43,19.0
2017-10-06,03:43,19.0
2017-10-06,03:43,19.0
2017-10-06,03:43,19.0
2017-10-06,03:43,19.0
2017-10-06,03:43,19.0
2017-10-06,03:43,19.0
2017-10-06,03:43,2.73
2017-10-06,03:43,19.0
2017-10-06,03:43,19.0
2017-10-06,03:43,2.72
2017-10-06,03:43,0.0
2017-10-06,03:43,19.0
2017-10-06,03:43,19.0
2017-10-06,03:43,0.0
2017-10-06,03:43,19.0
2017-10-06,03:43,19.1
2017-10-06,03:43,0.0
2017-10-06,03:43,19.1
2017-10-06,03:44,19.0
2017-10-06,03:44,0.0
2017-10-06,03:44,19.0
2017-10-06,03:44,0.0
2017-10-06,03:44,19.0
2017-10-06,03:44,0.0
2017-10-06,03:44,0.0
2017-10-06,03:44,0.0
2017-10-06,03:44,0.0
2017-10-06,03:44,19.0
2017-10-06,03:44,19.0
2017-10-06,03:44,0.0
2017-10-06,03:44,19.1
2017-10-06,03:44,19.1
2017-10-06,03:44,0.0
2017-10-06,03:44,19.1
2017-10-06,03:44,0.0
2017-10-06,03:44,19.1
2017-10-06,03:44,19.1
2017-10-06,03:44,1.0
2017-10-06,03:44,19.1
2017-10-06,03:44,19.1
2017-10-06,03:44,19.1
2017-10-06,03:44,19.1
2017-10-06,03:44,19.1
2017-10-06,03:44,19.1
2017-10-06,03:44,0.0
2017-10-06,03:44,19.1
2017-10-06,03:44,19.1
2017-10-06,03:44,19.1
2017-10-06,03:44,19.1
2017-10-06,03:44,19.1
2017-10-06,03:44,19.1
2017-10-06,03:45,19.1
2017-10-06,03:45,19.1
2017-10-06,03:45,19.1
2017-10-06,03:45,19.1
2017-10-06,03:45,19.1
2017-10-06,03:45,19.1
2017-10-06,03:45,19.1
2017-10-06,03:45,0.0
2017-10-06,03:45,0.0
2017-10-06,03:45,19.1
2017-10-06,03:45,0.0
2017-10-06,03:45,19.1
2017-10-06,03:45,19.1
2017-10-06,03:45,0.0
2017-10-06,03:45,19.1
2017-10-06,03:45,0.0
2017-10-06,03:45,2.7
2017-10-06,03:45,0.0
2017-10-06,03:45,0.0
2017-10-06,03:45,19.1
2017-10-06,03:45,2.73
2017-10-06,03:45,19.1
2017-10-06,03:45,19.1
2017-10-06,03:45,2.71
2017-10-06,03:45,19.1
2017-10-06,03:45,0.0
2017-10-06,03:45,2.73
2017-10-06,03:45,19.1
2017-10-06,03:45,0.0
2017-10-06,03:45,19.1
2017-10-06,03:45,19.1
2017-10-06,03:45,0.0
2017-10-06,03:46,19.1
2017-10-06,03:46,0.0
2017-10-06,03:46,19.1
2017-10-06,03:46,0.0
2017-10-06,03:46,19.1
2017-10-06,03:46,2.78
2017-10-06,03:46,19.1
2017-10-06,03:46,19.1
2017-10-06,03:46,2.74
2017-10-06,03:46,19.1
2017-10-06,03:46,19.1
2017-10-06,03:46,0.0
2017-10-06,03:46,0.0
2017-10-06,03:46,0.0
2017-10-06,03:46,0.0
2017-10-06,03:46,0.0
2017-10-06,03:46,0.0
2017-10-06,03:46,2.78
2017-10-06,03:46,2.74
2017-10-06,03:46,2.7
2017-10-06,03:46,0.0
2017-10-06,03:46,2.71
2017-10-06,03:46,19.1
2017-10-06,03:46,19.1
2017-10-06,03:46,2.77
2017-10-06,03:46,19.1
2017-10-06,03:46,19.1
2017-10-06,03:46,19.1
2017-10-06,03:46,0.0
2017-10-06,03:46,19.1
2017-10-06,03:46,19.1
2017-10-06,03:46,2.74
2017-10-06,03:46,19.1
2017-10-06,03:46,19.1
2017-10-06,03:46,1.0
2017-10-06,03:47,19.1
2017-10-06,03:47,19.1
2017-10-06,03:47,2.77
2017-10-06,03:47,19.0
2017-10-06,03:47,19.0
2017-10-06,03:47,0.0
2017-10-06,03:47,0.0
2017-10-06,03:47,19.1
2017-10-06,03:47,0.0
2017-10-06,03:47,0.0
2017-10-06,03:47,0.0
2017-10-06,03:47,2.75
2017-10-06,03:47,0.0
2017-10-06,03:47,0.0
2017-10-06,03:47,0.0
2017-10-06,03:47,1.0
2017-10-06,03:47,0.0
2017-10-06,03:47,2.78
2017-10-06,03:47,2.75
2017-10-06,03:47,19.0
2017-10-06,03:47,0.0
2017-10-06,03:47,2.75
2017-10-06,03:47,0.0
2017-10-06,03:47,1.0
2017-10-06,03:47,0.0
2017-10-06,03:47,19.0
2017-10-06,03:47,0.0
2017-10-06,03:47,19.1
2017-10-06,03:47,0.0
2017-10-06,03:47,0.0
2017-10-06,03:47,19.1
2017-10-06,03:47,0.0
2017-10-06,03:48,0.0
2017-10-06,03:48,19.1
2017-10-06,03:48,2.78
2017-10-06,03:48,0.0
2017-10-06,03:48,19.1
2017-10-06,03:48,0.0
2017-10-06,03:48,2.71
2017-10-06,03:48,19.1
2017-10-06,03:48,2.77
2017-10-06,03:48,2.73
2017-10-06,03:48,0.0
2017-10-06,03:48,0.0
2017-10-06,03:48,19.0
2017-10-06,03:48,0.0
2017-10-06,03:48,0.0
2017-10-06,03:48,19.1
2017-10-06,03:48,0.0
2017-10-06,03:48,2.76
2017-10-06,03:48,19.0
2017-10-06,03:48,19.0
2017-10-06,03:48,2.76
2017-10-06,03:48,19.0
2017-10-06,03:48,19.1
2017-10-06,03:48,0.0
2017-10-06,03:48,19.0
2017-10-06,03:48,19.0
2017-10-06,03:48,0.0
2017-10-06,03:48,2.74
2017-10-06,03:48,19.1
2017-10-06,03:48,0.0
2017-10-06,03:48,19.1
2017-10-06,03:48,19.1
2017-10-06,03:48,0.0
2017-10-06,03:49,19.0
2017-10-06,03:49,0.0
2017-10-06,03:49,0.0
2017-10-06,03:49,19.1
2017-10-06,03:49,0.0
2017-10-06,03:49,0.0
2017-10-06,03:49,19.1
2017-10-06,03:49,2.74
2017-10-06,03:49,2.74
2017-10-06,03:49,19.0
2017-10-06,03:49,0.0
2017-10-06,03:49,19.0
2017-10-06,03:49,19.0
2017-10-06,03:49,19.0
2017-10-06,03:49,0.0
2017-10-06,03:49,19.1
2017-10-06,03:49,19.1
2017-10-06,03:49,0.0
2017-10-06,03:49,19.0
2017-10-06,03:49,19.0
2017-10-06,03:49,2.73
2017-10-06,03:49,19.1
2017-10-06,03:49,19.1
2017-10-06,03:49,0.0
2017-10-06,03:49,19.1
2017-10-06,03:49,2.74
2017-10-06,03:49,19.1
2017-10-06,03:49,19.0
2017-10-06,03:49,0.0
2017-10-06,03:49,19.0
2017-10-06,03:49,19.0
2017-10-06,03:49,2.72
2017-10-06,03:49,19.0
2017-10-06,03:49,0.0
2017-10-06,03:50,0.0
2017-10-06,03:50,0.0
2017-10-06,03:50,19.0
2017-10-06,03:50,19.0
2017-10-06,03:50,0.0
2017-10-06,03:50,19.1
2017-10-06,03:50,0.0
2017-10-06,03:50,2.72
2017-10-06,03:50,19.1
2017-10-06,03:50,0.0
2017-10-06,03:50,0.0
2017-10-06,03:50,19.1
2017-10-06,03:50,0.0
2017-10-06,03:50,2.73
2017-10-06,03:50,19.0
2017-10-06,03:50,0.0
2017-10-06,03:50,0.0
2017-10-06,03:50,19.1
2017-10-06,03:50,19.1
2017-10-06,03:50,2.71
2017-10-06,03:50,19.1
2017-10-06,03:50,19.1
2017-10-06,03:50,19.1
2017-10-06,03:50,19.1
2017-10-06,03:50,19.1
2017-10-06,03:50,2.71
2017-10-06,03:50,19.1
2017-10-06,03:50,19.1
2017-10-06,03:50,2.74
2017-10-06,03:50,19.1
2017-10-06,03:50,19.1
2017-10-06,03:50,0.0
2017-10-06,03:50,19.1
2017-10-06,03:51,19.1
2017-10-06,03:51,0.0
2017-10-06,03:51,2.72
2017-10-06,03:51,19.1
2017-10-06,03:51,19.1
2017-10-06,03:51,19.1
2017-10-06,03:51,19.1
2017-10-06,03:51,19.1
2017-10-06,03:51,19.1
2017-10-06,03:51,19.1
2017-10-06,03:51,19.1
2017-10-06,03:51,19.1
2017-10-06,03:51,19.1
2017-10-06,03:51,19.1
2017-10-06,03:51,19.0
2017-10-06,03:51,19.1
2017-10-06,03:51,19.0
2017-10-06,03:51,19.1
2017-10-06,03:51,19.1
2017-10-06,03:51,19.1
2017-10-06,03:51,2.73
2017-10-06,03:51,19.1
2017-10-06,03:51,19.1
2017-10-06,03:51,19.1
2017-10-06,03:51,19.1
2017-10-06,03:51,0.0
2017-10-06,03:51,19.1
2017-10-06,03:51,19.1
2017-10-06,03:51,0.0
2017-10-06,03:51,19.1
2017-10-06,03:51,19.1
2017-10-06,03:51,0.0
2017-10-06,03:51,2.71
2017-10-06,03:52,19.1
2017-10-06,03:52,0.0
2017-10-06,03:52,2.74
2017-10-06,03:52,19.1
2017-10-06,03:52,2.73
2017-10-06,03:52,19.1
2017-10-06,03:52,0.0
2017-10-06,03:52,0.0
2017-10-06,03:52,19.1
2017-10-06,03:52,19.1
2017-10-06,03:52,0.0
2017-10-06,03:52,19.1
2017-10-06,03:52,19.1
2017-10-06,03:52,19.0
2017-10-06,03:52,19.1
2017-10-06,03:52,19.1
2017-10-06,03:52,19.1
2017-10-06,03:52,0.0
2017-10-06,03:52,19.1
2017-10-06,03:52,0.0
2017-10-06,03:52,19.1
2017-10-06,03:52,19.1
2017-10-06,03:52,19.1
2017-10-06,03:52,2.73
2017-10-06,03:52,19.1
2017-10-06,03:52,0.0
2017-10-06,03:52,19.1
2017-10-06,03:52,19.1
2017-10-06,03:52,2.73
2017-10-06,03:52,19.1
2017-10-06,03:52,19.1
2017-10-06,03:52,0.0
2017-10-06,03:52,19.1
2017-10-06,03:52,19.1
2017-10-06,03:53,19.1
2017-10-06,03:53,19.1
2017-10-06,03:53,19.1
2017-10-06,03:53,19.1
2017-10-06,03:53,0.0
2017-10-06,03:53,19.1
2017-10-06,03:53,19.1
2017-10-06,03:53,0.0
2017-10-06,03:53,19.1
2017-10-06,03:53,19.1
2017-10-06,03:53,19.1
2017-10-06,03:53,0.0
2017-10-06,03:53,19.1
2017-10-06,03:53,0.0
2017-10-06,03:53,2.71
2017-10-06,03:53,0.0
2017-10-06,03:53,19.1
2017-10-06,03:53,0.0
2017-10-06,03:53,2.71
2017-10-06,03:53,19.0
2017-10-06,03:53,2.74
2017-10-06,03:53,2.71
2017-10-06,03:53,19.1
2017-10-06,03:53,0.0
2017-10-06,03:53,19.1
2017-10-06,03:53,0.0
2017-10-06,03:53,2.73
2017-10-06,03:53,19.1
2017-10-06,03:53,0.0
2017-10-06,03:53,0.0
2017-10-06,03:53,19.0
2017-10-06,03:53,0.0
2017-10-06,03:54,19.1
2017-10-06,03:54,2.76
2017-10-06,03:54,2.71
2017-10-06,03:54,19.1
2017-10-06,03:54,0.0
2017-10-06,03:54,2.73
2017-10-06,03:54,19.1
2017-10-06,03:54,19.1
2017-10-06,03:54,2.77
2017-10-06,03:54,19.1
2017-10-06,03:54,19.1
2017-10-06,03:54,0.0
2017-10-06,03:54,19.1
2017-10-06,03:54,19.1
2017-10-06,03:54,0.0
2017-10-06,03:54,19.1
2017-10-06,03:54,19.1
2017-10-06,03:54,2.73
2017-10-06,03:54,19.1
2017-10-06,03:54,19.1
2017-10-06,03:54,0.0
2017-10-06,03:54,19.1
2017-10-06,03:54,19.1
2017-10-06,03:54,2.75
2017-10-06,03:54,19.1
2017-10-06,03:54,19.1
2017-10-06,03:54,0.0
2017-10-06,03:54,19.1
2017-10-06,03:54,19.1
2017-10-06,03:54,0.0
2017-10-06,03:54,0.0
2017-10-06,03:54,0.0
2017-10-06,03:54,2.71
2017-10-06,03:55,0.0
2017-10-06,03:55,0.0
2017-10-06,03:55,0.0
2017-10-06,03:55,2.71
2017-10-06,03:55,19.1
2017-10-06,03:55,2.72
2017-10-06,03:55,2.7
2017-10-06,03:55,19.1
2017-10-06,03:55,0.0
2017-10-06,03:55,19.1
2017-10-06,03:55,19.1
2017-10-06,03:55,2.71
2017-10-06,03:55,19.0
2017-10-06,03:55,19.0
2017-10-06,03:55,0.0
2017-10-06,03:55,19.1
2017-10-06,03:55,19.1
2017-10-06,03:55,19.1
2017-10-06,03:55,19.1
2017-10-06,03:55,19.1
2017-10-06,03:55,0.0
2017-10-06,03:55,19.0
2017-10-06,03:55,19.0
2017-10-06,03:55,19.0
2017-10-06,03:55,19.0
2017-10-06,03:55,19.0
2017-10-06,03:55,19.1
2017-10-06,03:55,19.1
2017-10-06,03:55,0.0
2017-10-06,03:55,19.1
2017-10-06,03:55,19.1
2017-10-06,03:55,2.72
2017-10-06,03:55,2.72
2017-10-06,03:56,19.1
2017-10-06,03:56,19.1
2017-10-06,03:56,19.0
2017-10-06,03:56,0.0
2017-10-06,03:56,19.0
2017-10-06,03:56,2.69
2017-10-06,03:56,0.0
2017-10-06,03:56,19.1
2017-10-06,03:56,19.1
2017-10-06,03:56,2.28
2017-10-06,03:56,19.1
2017-10-06,03:56,0.0
2017-10-06,03:56,0.0
2017-10-06,03:56,19.1
2017-10-06,03:56,2.27
2017-10-06,03:56,19.0
2017-10-06,03:56,19.1
2017-10-06,03:56,2.27
2017-10-06,03:56,19.0
2017-10-06,03:56,0.0
2017-10-06,03:56,19.1
2017-10-06,03:56,19.1
2017-10-06,03:56,0.0
2017-10-06,03:56,19.1
2017-10-06,03:56,0.0
2017-10-06,03:56,2.44
2017-10-06,03:56,19.1
2017-10-06,03:56,0.0
2017-10-06,03:56,19.0
2017-10-06,03:56,19.1
2017-10-06,03:56,2.3
2017-10-06,03:56,19.1
2017-10-06,03:56,19.1
2017-10-06,03:56,19.1
2017-10-06,03:57,19.1
2017-10-06,03:57,19.1
2017-10-06,03:57,19.1
2017-10-06,03:57,19.1
2017-10-06,03:57,19.1
2017-10-06,03:57,19.1
2017-10-06,03:57,19.1
2017-10-06,03:57,19.1
2017-10-06,03:57,19.1
2017-10-06,03:57,19.1
2017-10-06,03:57,19.1
2017-10-06,03:57,19.1
2017-10-06,03:57,0.0
2017-10-06,03:57,19.1
2017-10-06,03:57,19.1
2017-10-06,03:57,19.1
2017-10-06,03:57,0.0
2017-10-06,03:57,19.1
2017-10-06,03:57,2.26
2017-10-06,03:57,0.0
2017-10-06,03:57,19.1
2017-10-06,03:57,2.27
2017-10-06,03:57,19.1
2017-10-06,03:57,19.1
2017-10-06,03:57,19.1
2017-10-06,03:57,19.1
2017-10-06,03:57,19.1
2017-10-06,03:57,19.1
2017-10-06,03:57,19.1
2017-10-06,03:57,19.1
2017-10-06,03:57,19.1
2017-10-06,03:57,2.28
2017-10-06,03:57,19.1
2017-10-06,03:58,19.1
2017-10-06,03:58,0.0
2017-10-06,03:58,19.1
2017-10-06,03:58,0.0
2017-10-06,03:58,0.0
2017-10-06,03:58,2.29
2017-10-06,03:58,19.1
2017-10-06,03:58,0.0
2017-10-06,03:58,0.0
2017-10-06,03:58,19.1
2017-10-06,03:58,2.28
2017-10-06,03:58,0.0
2017-10-06,03:58,19.1
2017-10-06,03:58,2.28
2017-10-06,03:58,0.0
2017-10-06,03:58,19.1
2017-10-06,03:58,19.1
2017-10-06,03:58,19.1
2017-10-06,03:58,2.28
2017-10-06,03:58,19.1
2017-10-06,03:58,19.1
2017-10-06,03:58,0.0
2017-10-06,03:58,19.1
2017-10-06,03:58,0.0
2017-10-06,03:58,19.1
2017-10-06,03:58,2.28
2017-10-06,03:58,0.0
2017-10-06,03:58,0.0
2017-10-06,03:58,19.1
2017-10-06,03:58,0.0
2017-10-06,03:58,0.0
2017-10-06,03:58,19.1
2017-10-06,03:58,2.26
2017-10-06,03:59,0.0
2017-10-06,03:59,19.1
2017-10-06,03:59,0.0
2017-10-06,03:59,19.1
2017-10-06,03:59,19.1
2017-10-06,03:59,0.0
2017-10-06,03:59,0.0
2017-10-06,03:59,19.1
2017-10-06,03:59,0.0
2017-10-06,03:59,2.29
2017-10-06,03:59,19.1
2017-10-06,03:59,19.1
2017-10-06,03:59,2.26
2017-10-06,03:59,19.1
2017-10-06,03:59,19.1
2017-10-06,03:59,0.0
2017-10-06,03:59,19.1
2017-10-06,03:59,0.0
2017-10-06,03:59,19.1
2017-10-06,03:59,19.1
2017-10-06,03:59,19.1
2017-10-06,03:59,19.1
2017-10-06,03:59,19.1
2017-10-06,03:59,19.1
2017-10-06,03:59,2.29
2017-10-06,03:59,19.1
2017-10-06,03:59,19.1
2017-10-06,03:59,0.0
2017-10-06,03:59,19.1
2017-10-06,03:59,19.1
2017-10-06,03:59,2.27
2017-10-06,03:59,19.1
2017-10-06,03:59,19.1
2017-10-06,04:00,0.0
2017-10-06,04:00,0.0
2017-10-06,04:00,19.1
2017-10-06,04:00,0.0
2017-10-06,04:00,0.0
2017-10-06,04:00,19.1
2017-10-06,04:00,1.0
2017-10-06,04:00,19.1
2017-10-06,04:00,19.1
2017-10-06,04:00,19.1
2017-10-06,04:00,0.0
2017-10-06,04:00,19.1
2017-10-06,04:00,2.29
2017-10-06,04:00,0.0
2017-10-06,04:00,19.1
2017-10-06,04:00,19.1
2017-10-06,04:00,0.0
2017-10-06,04:00,19.1
2017-10-06,04:00,19.1
2017-10-06,04:00,2.26
2017-10-06,04:00,2.27
2017-10-06,04:00,19.1
2017-10-06,04:00,19.1
2017-10-06,04:00,19.1
2017-10-06,04:00,19.1
2017-10-06,04:00,0.0
2017-10-06,04:00,19.1
2017-10-06,04:00,0.0
2017-10-06,04:00,19.1
2017-10-06,04:00,0.0
2017-10-06,04:00,0.0
2017-10-06,04:00,19.1
2017-10-06,04:00,19.1
2017-10-06,04:01,0.0
2017-10-06,04:01,19.1
2017-10-06,04:01,19.1
2017-10-06,04:01,0.0
2017-10-06,04:01,19.1
2017-10-06,04:01,19.1
2017-10-06,04:01,0.0
2017-10-06,04:01,0.0
2017-10-06,04:01,0.0
2017-10-06,04:01,0.0
2017-10-06,04:01,19.1
2017-10-06,04:01,0.0
2017-10-06,04:01,2.27
2017-10-06,04:01,19.1
2017-10-06,04:01,0.0
2017-10-06,04:01,19.1
2017-10-06,04:01,19.1
2017-10-06,04:01,19.1
2017-10-06,04:01,19.1
2017-10-06,04:01,19.1
2017-10-06,04:01,19.1
2017-10-06,04:01,19.1
2017-10-06,04:01,19.1
2017-10-06,04:01,0.0
2017-10-06,04:01,19.1
2017-10-06,04:01,0.0
2017-10-06,04:01,0.0
2017-10-06,04:01,19.1
2017-10-06,04:01,0.0
2017-10-06,04:01,0.0
2017-10-06,04:01,19.1
2017-10-06,04:01,2.28
2017-10-06,04:01,2.28
2017-10-06,04:01,19.1
2017-10-06,04:02,0.0
2017-10-06,04:02,19.1
2017-10-06,04:02,19.1
2017-10-06,04:02,2.29
2017-10-06,04:02,19.1
2017-10-06,04:02,19.1
2017-10-06,04:02,2.53
2017-10-06,04:02,19.1
2017-10-06,04:02,19.1
2017-10-06,04:02,19.1
2017-10-06,04:02,19.1
2017-10-06,04:02,19.1
2017-10-06,04:02,19.1
2017-10-06,04:02,19.1
2017-10-06,04:02,0.0
2017-10-06,04:02,19.1
2017-10-06,04:02,0.0
2017-10-06,04:02,19.1
2017-10-06,04:02,19.1
2017-10-06,04:02,19.1
2017-10-06,04:02,2.38
2017-10-06,04:02,19.1
2017-10-06,04:02,19.1
2017-10-06,04:02,0.0
2017-10-06,04:02,19.1
2017-10-06,04:02,19.1
2017-10-06,04:02,2.4
2017-10-06,04:02,19.1
2017-10-06,04:02,19.1
2017-10-06,04:02,0.0
2017-10-06,04:02,19.1
2017-10-06,04:02,19.1
2017-10-06,04:02,0.0
2017-10-06,04:03,19.1
2017-10-06,04:03,19.1
2017-10-06,04:03,0.0
2017-10-06,04:03,19.1
2017-10-06,04:03,0.0
2017-10-06,04:03,19.1
2017-10-06,04:03,19.1
2017-10-06,04:03,19.1
2017-10-06,04:03,2.38
2017-10-06,04:03,19.1
2017-10-06,04:03,19.1
2017-10-06,04:03,0.0
2017-10-06,04:03,0.0
2017-10-06,04:03,19.1
2017-10-06,04:03,0.0
2017-10-06,04:03,2.37
2017-10-06,04:03,19.1
2017-10-06,04:03,2.39
2017-10-06,04:03,2.38
2017-10-06,04:03,0.0
2017-10-06,04:03,0.0
2017-10-06,04:03,19.1
2017-10-06,04:03,19.1
2017-10-06,04:03,2.37
2017-10-06,04:03,19.1
2017-10-06,04:03,2.39
2017-10-06,04:03,0.0
2017-10-06,04:03,19.1
2017-10-06,04:03,19.1
2017-10-06,04:03,2.38
2017-10-06,04:03,19.1
2017-10-06,04:03,19.1
2017-10-06,04:03,0.0
2017-10-06,04:03,19.1
2017-10-06,04:04,19.1
2017-10-06,04:04,2.37
2017-10-06,04:04,19.1
2017-10-06,04:04,19.1
2017-10-06,04:04,0.0
2017-10-06,04:04,19.1
2017-10-06,04:04,19.1
2017-10-06,04:04,2.37
2017-10-06,04:04,19.1
2017-10-06,04:04,19.1
2017-10-06,04:04,0.0
2017-10-06,04:04,19.1
2017-10-06,04:04,19.1
2017-10-06,04:04,0.0
2017-10-06,04:04,19.1
2017-10-06,04:04,19.1
2017-10-06,04:04,19.1
2017-10-06,04:04,19.1
2017-10-06,04:04,19.1
2017-10-06,04:04,0.0
2017-10-06,04:04,2.39
2017-10-06,04:04,19.1
2017-10-06,04:04,19.1
2017-10-06,04:04,19.1
2017-10-06,04:04,19.1
2017-10-06,04:04,2.38
2017-10-06,04:04,2.37
2017-10-06,04:04,19.1
2017-10-06,04:04,19.1
2017-10-06,04:04,19.1
2017-10-06,04:04,19.1
2017-10-06,04:04,19.1
2017-10-06,04:05,19.1
2017-10-06,04:05,19.1
2017-10-06,04:05,19.1
2017-10-06,04:05,19.1
2017-10-06,04:05,19.1
2017-10-06,04:05,19.1
2017-10-06,04:05,19.1
2017-10-06,04:05,0.0
2017-10-06,04:05,19.1
2017-10-06,04:05,19.1
2017-10-06,04:05,0.0
2017-10-06,04:05,19.1
2017-10-06,04:05,19.1
2017-10-06,04:05,0.0
2017-10-06,04:05,19.1
2017-10-06,04:05,19.1
2017-10-06,04:05,0.0
2017-10-06,04:05,2.37
2017-10-06,04:05,2.39
2017-10-06,04:05,19.1
2017-10-06,04:05,0.0
2017-10-06,04:05,2.4
2017-10-06,04:05,2.38
2017-10-06,04:05,0.0
2017-10-06,04:05,0.0
2017-10-06,04:05,19.1
2017-10-06,04:05,0.0
2017-10-06,04:05,2.38
2017-10-06,04:05,19.1
2017-10-06,04:05,0.0
2017-10-06,04:05,0.0
2017-10-06,04:05,2.38
2017-10-06,04:05,19.1
2017-10-06,04:06,2.37
2017-10-06,04:06,19.1
2017-10-06,04:06,19.1
2017-10-06,04:06,2.38
2017-10-06,04:06,19.1
2017-10-06,04:06,19.1
2017-10-06,04:06,19.1
2017-10-06,04:06,19.1
2017-10-06,04:06,19.1
2017-10-06,04:06,19.1
2017-10-06,04:06,19.1
2017-10-06,04:06,19.1
2017-10-06,04:06,19.1
2017-10-06,04:06,19.1
2017-10-06,04:06,0.0
2017-10-06,04:06,19.1
2017-10-06,04:06,0.0
2017-10-06,04:06,2.37
2017-10-06,04:06,19.1
2017-10-06,04:06,0.0
2017-10-06,04:06,0.0
2017-10-06,04:06,19.1
2017-10-06,04:06,0.0
2017-10-06,04:06,19.1
2017-10-06,04:06,0.0
2017-10-06,04:06,2.36
2017-10-06,04:06,0.0
2017-10-06,04:06,19.1
2017-10-06,04:06,0.0
2017-10-06,04:06,0.0
2017-10-06,04:06,19.1
2017-10-06,04:06,2.35
2017-10-06,04:06,0.0
2017-10-06,04:07,0.0
2017-10-06,04:07,19.1
2017-10-06,04:07,19.1
2017-10-06,04:07,0.0
2017-10-06,04:07,19.1
2017-10-06,04:07,2.35
2017-10-06,04:07,0.0
2017-10-06,04:07,0.0
2017-10-06,04:07,2.34
2017-10-06,04:07,0.0
2017-10-06,04:07,19.1
2017-10-06,04:07,2.37
2017-10-06,04:07,0.0
2017-10-06,04:07,0.0
2017-10-06,04:07,19.1
2017-10-06,04:07,0.0
2017-10-06,04:07,0.0
2017-10-06,04:07,19.1
2017-10-06,04:07,19.1
2017-10-06,04:07,19.1
2017-10-06,04:07,19.1
2017-10-06,04:07,19.1
2017-10-06,04:07,19.0
2017-10-06,04:07,19.0
2017-10-06,04:07,19.0
2017-10-06,04:07,19.0
2017-10-06,04:07,2.38
2017-10-06,04:07,19.1
2017-10-06,04:07,19.1
2017-10-06,04:07,0.0
2017-10-06,04:07,19.1
2017-10-06,04:07,19.1
2017-10-06,04:07,19.0
2017-10-06,04:07,0.0
2017-10-06,04:08,19.0
2017-10-06,04:08,19.1
2017-10-06,04:08,2.39
2017-10-06,04:08,19.1
2017-10-06,04:08,19.1
2017-10-06,04:08,0.0
2017-10-06,04:08,19.1
2017-10-06,04:08,19.1
2017-10-06,04:08,2.4
2017-10-06,04:08,19.1
2017-10-06,04:08,19.1
2017-10-06,04:08,0.0
2017-10-06,04:08,0.0
2017-10-06,04:08,19.1
2017-10-06,04:08,2.37
2017-10-06,04:08,0.0
2017-10-06,04:08,19.1
2017-10-06,04:08,0.0
2017-10-06,04:08,2.36
2017-10-06,04:08,19.0
2017-10-06,04:08,2.38
2017-10-06,04:08,19.1
2017-10-06,04:08,19.1
2017-10-06,04:08,0.0
2017-10-06,04:08,2.37
2017-10-06,04:08,19.1
2017-10-06,04:08,2.39
2017-10-06,04:08,19.1
2017-10-06,04:08,19.1
2017-10-06,04:08,0.0
2017-10-06,04:08,0.0
2017-10-06,04:08,2.38
2017-10-06,04:09,2.37
2017-10-06,04:09,0.0
2017-10-06,04:09,2.36
2017-10-06,04:09,0.0
2017-10-06,04:09,0.0
2017-10-06,04:09,0.0
2017-10-06,04:09,0.0
2017-10-06,04:09,2.39
2017-10-06,04:09,2.34
2017-10-06,04:09,0.0
2017-10-06,04:09,0.0
2017-10-06,04:09,2.36
2017-10-06,04:09,0.0
2017-10-06,04:09,0.0
2017-10-06,04:09,19.1
2017-10-06,04:09,0.0
2017-10-06,04:09,19.1
2017-10-06,04:09,2.38
2017-10-06,04:09,0.0
2017-10-06,04:09,19.0
2017-10-06,04:09,0.0
2017-10-06,04:09,2.37
2017-10-06,04:09,19.1
2017-10-06,04:09,2.41
2017-10-06,04:09,19.1
2017-10-06,04:09,19.1
2017-10-06,04:09,19.1
2017-10-06,04:09,0.0
2017-10-06,04:09,0.0
2017-10-06,04:09,19.1
2017-10-06,04:09,0.0
2017-10-06,04:09,2.38
2017-10-06,04:09,19.1
2017-10-06,04:09,2.4
2017-10-06,04:10,0.0
2017-10-06,04:10,0.0
2017-10-06,04:10,2.38
2017-10-06,04:10,19.1
2017-10-06,04:10,0.0
2017-10-06,04:10,0.0
2017-10-06,04:10,2.36
2017-10-06,04:10,0.0
2017-10-06,04:10,19.1
2017-10-06,04:10,0.0
2017-10-06,04:10,0.0
2017-10-06,04:10,19.1
2017-10-06,04:10,0.0
2017-10-06,04:10,0.0
2017-10-06,04:10,19.1
2017-10-06,04:10,0.0
2017-10-06,04:10,0.0
2017-10-06,04:10,19.1
2017-10-06,04:10,0.0
2017-10-06,04:10,19.1
2017-10-06,04:10,19.1
2017-10-06,04:10,2.37
2017-10-06,04:10,19.1
2017-10-06,04:10,19.1
2017-10-06,04:10,0.0
2017-10-06,04:10,0.0
2017-10-06,04:10,19.1
2017-10-06,04:10,0.0
2017-10-06,04:10,19.1
2017-10-06,04:10,19.1
2017-10-06,04:10,19.1
2017-10-06,04:10,0.0
2017-10-06,04:10,19.1
2017-10-06,04:11,19.1
2017-10-06,04:11,2.39
2017-10-06,04:11,19.1
2017-10-06,04:11,19.1
2017-10-06,04:11,1.0
2017-10-06,04:11,19.1
2017-10-06,04:11,19.1
2017-10-06,04:11,2.39
2017-10-06,04:11,2.34
2017-10-06,04:11,19.1
2017-10-06,04:11,0.0
2017-10-06,04:11,2.35
2017-10-06,04:11,19.0
2017-10-06,04:11,2.36
2017-10-06,04:11,2.35
2017-10-06,04:11,19.1
2017-10-06,04:11,0.0
2017-10-06,04:11,19.1
2017-10-06,04:11,0.0
2017-10-06,04:11,0.0
2017-10-06,04:11,19.1
2017-10-06,04:11,0.0
2017-10-06,04:11,0.0
2017-10-06,04:11,19.1
2017-10-06,04:11,0.0
2017-10-06,04:11,19.1
2017-10-06,04:11,2.37
2017-10-06,04:11,0.0
2017-10-06,04:11,19.1
2017-10-06,04:11,0.0
2017-10-06,04:11,2.35
2017-10-06,04:11,19.1
2017-10-06,04:11,19.1
2017-10-06,04:11,0.0
2017-10-06,04:12,19.1
2017-10-06,04:12,19.1
2017-10-06,04:12,0.0
2017-10-06,04:12,19.1
2017-10-06,04:12,19.1
2017-10-06,04:12,2.38
2017-10-06,04:12,19.1
2017-10-06,04:12,19.1
2017-10-06,04:12,0.0
2017-10-06,04:12,19.1
2017-10-06,04:12,19.1
2017-10-06,04:12,0.0
2017-10-06,04:12,19.1
2017-10-06,04:12,0.0
2017-10-06,04:12,2.39
2017-10-06,04:12,0.0
2017-10-06,04:12,19.1
2017-10-06,04:12,0.0
2017-10-06,04:12,0.0
2017-10-06,04:12,19.1
2017-10-06,04:12,2.39
2017-10-06,04:12,2.36
2017-10-06,04:12,19.0
2017-10-06,04:12,0.0
2017-10-06,04:12,19.1
2017-10-06,04:12,0.0
2017-10-06,04:12,0.0
2017-10-06,04:12,19.1
2017-10-06,04:12,2.35
2017-10-06,04:12,0.0
2017-10-06,04:12,19.1
2017-10-06,04:12,2.35
2017-10-06,04:13,19.1
2017-10-06,04:13,2.37
2017-10-06,04:13,2.36
2017-10-06,04:13,0.0
2017-10-06,04:13,2.37
2017-10-06,04:13,2.36
2017-10-06,04:13,0.0
2017-10-06,04:13,0.0
2017-10-06,04:13,19.1
2017-10-06,04:13,2.35
2017-10-06,04:13,19.1
2017-10-06,04:13,2.36
2017-10-06,04:13,19.1
2017-10-06,04:13,19.1
2017-10-06,04:13,2.38
2017-10-06,04:13,19.1
2017-10-06,04:13,19.1
2017-10-06,04:13,2.37
2017-10-06,04:13,19.1
2017-10-06,04:13,0.0
2017-10-06,04:13,19.1
2017-10-06,04:13,19.1
2017-10-06,04:13,2.36
2017-10-06,04:13,19.1
2017-10-06,04:13,19.1
2017-10-06,04:13,19.1
2017-10-06,04:13,19.1
2017-10-06,04:13,19.1
2017-10-06,04:13,19.1
2017-10-06,04:13,0.0
2017-10-06,04:13,19.1
2017-10-06,04:13,19.1
2017-10-06,04:13,0.0
2017-10-06,04:13,0.0
2017-10-06,04:14,19.1
2017-10-06,04:14,2.36
2017-10-06,04:14,0.0
2017-10-06,04:14,19.1
2017-10-06,04:14,0.0
2017-10-06,04:14,19.1
2017-10-06,04:14,19.1
2017-10-06,04:14,0.0
2017-10-06,04:14,0.0
2017-10-06,04:14,0.0
2017-10-06,04:14,19.1
2017-10-06,04:14,0.0
2017-10-06,04:14,0.0
2017-10-06,04:14,19.1
2017-10-06,04:14,2.39
2017-10-06,04:14,0.0
2017-10-06,04:14,19.1
2017-10-06,04:14,0.0
2017-10-06,04:14,2.34
2017-10-06,04:14,19.1
2017-10-06,04:14,2.36
2017-10-06,04:14,19.1
2017-10-06,04:14,19.1
2017-10-06,04:14,0.0
2017-10-06,04:14,19.1
2017-10-06,04:14,19.1
2017-10-06,04:14,2.36
2017-10-06,04:14,19.1
2017-10-06,04:14,2.35
2017-10-06,04:14,19.1
2017-10-06,04:14,19.1
2017-10-06,04:14,2.35
2017-10-06,04:15,2.36
2017-10-06,04:15,19.1
2017-10-06,04:15,2.34
2017-10-06,04:15,0.0
2017-10-06,04:15,19.1
2017-10-06,04:15,2.35
2017-10-06,04:15,19.1
2017-10-06,04:15,2.39
2017-10-06,04:15,2.36
2017-10-06,04:15,19.1
2017-10-06,04:15,0.0
2017-10-06,04:15,19.1
2017-10-06,04:15,19.1
2017-10-06,04:15,2.37
2017-10-06,04:15,19.1
2017-10-06,04:15,19.1
2017-10-06,04:15,0.0
2017-10-06,04:15,19.1
2017-10-06,04:15,19.1
2017-10-06,04:15,19.1
2017-10-06,04:15,2.37
2017-10-06,04:15,19.1
2017-10-06,04:15,0.0
2017-10-06,04:15,19.1
2017-10-06,04:15,19.1
2017-10-06,04:15,19.1
2017-10-06,04:15,2.33
2017-10-06,04:15,19.1
2017-10-06,04:15,0.0
2017-10-06,04:15,19.1
2017-10-06,04:15,19.1
2017-10-06,04:15,0.0
2017-10-06,04:15,2.39
2017-10-06,04:16,0.0
2017-10-06,04:16,0.0
2017-10-06,04:16,19.1
2017-10-06,04:16,0.0
2017-10-06,04:16,2.35
2017-10-06,04:16,0.0
2017-10-06,04:16,0.0
2017-10-06,04:16,2.34
2017-10-06,04:16,19.1
2017-10-06,04:16,2.36
2017-10-06,04:16,2.34
2017-10-06,04:16,2.37
2017-10-06,04:16,2.36
2017-10-06,04:16,2.36
2017-10-06,04:16,0.0
2017-10-06,04:16,19.1
2017-10-06,04:16,19.1
2017-10-06,04:16,2.34
2017-10-06,04:16,19.1
2017-10-06,04:16,2.36
2017-10-06,04:16,0.0
2017-10-06,04:16,19.1
2017-10-06,04:16,19.1
2017-10-06,04:16,2.37
2017-10-06,04:16,19.1
2017-10-06,04:16,19.1
2017-10-06,04:16,0.0
2017-10-06,04:16,19.1
2017-10-06,04:16,19.1
2017-10-06,04:16,0.0
2017-10-06,04:16,19.1
2017-10-06,04:16,19.1
2017-10-06,04:16,0.0
2017-10-06,04:16,19.1
2017-10-06,04:16,19.1
2017-10-06,04:17,19.1
2017-10-06,04:17,19.1
2017-10-06,04:17,19.1
2017-10-06,04:17,19.1
2017-10-06,04:17,19.1
2017-10-06,04:17,19.1
2017-10-06,04:17,19.1
2017-10-06,04:17,19.1
2017-10-06,04:17,19.0
2017-10-06,04:17,2.36
2017-10-06,04:17,19.1
2017-10-06,04:17,19.1
2017-10-06,04:17,0.0
2017-10-06,04:17,19.1
2017-10-06,04:17,19.1
2017-10-06,04:17,0.0
2017-10-06,04:17,2.36
2017-10-06,04:17,19.1
2017-10-06,04:17,0.0
2017-10-06,04:17,19.1
2017-10-06,04:17,19.1
2017-10-06,04:17,19.1
2017-10-06,04:17,19.1
2017-10-06,04:17,19.1
2017-10-06,04:17,19.1
2017-10-06,04:17,19.1
2017-10-06,04:17,19.1
2017-10-06,04:17,19.1
2017-10-06,04:17,2.36
2017-10-06,04:17,19.1
2017-10-06,04:17,19.1
2017-10-06,04:18,19.1
2017-10-06,04:18,19.1
2017-10-06,04:18,19.1
2017-10-06,04:18,2.36
2017-10-06,04:18,19.1
2017-10-06,04:18,19.1
2017-10-06,04:18,19.1
2017-10-06,04:18,19.1
2017-10-06,04:18,19.1
2017-10-06,04:18,19.1
2017-10-06,04:18,19.1
2017-10-06,04:18,2.36
2017-10-06,04:18,19.1
2017-10-06,04:18,19.1
2017-10-06,04:18,0.0
2017-10-06,04:18,0.0
2017-10-06,04:18,19.1
2017-10-06,04:18,0.0
2017-10-06,04:18,19.1
2017-10-06,04:18,19.1
2017-10-06,04:18,2.35
2017-10-06,04:18,2.37
2017-10-06,04:18,0.0
2017-10-06,04:18,19.1
2017-10-06,04:18,19.1
2017-10-06,04:18,0.0
2017-10-06,04:18,19.1
2017-10-06,04:18,19.1
2017-10-06,04:18,0.0
2017-10-06,04:18,19.1
2017-10-06,04:18,19.1
2017-10-06,04:18,0.0
2017-10-06,04:18,19.1
2017-10-06,04:18,19.1
2017-10-06,04:19,19.1
2017-10-06,04:19,0.0
2017-10-06,04:19,19.1
2017-10-06,04:19,19.1
2017-10-06,04:19,0.0
2017-10-06,04:19,19.1
2017-10-06,04:19,19.1
2017-10-06,04:19,19.1
2017-10-06,04:19,19.1
2017-10-06,04:19,19.1
2017-10-06,04:19,19.1
2017-10-06,04:19,19.0
2017-10-06,04:19,19.0
2017-10-06,04:19,19.0
2017-10-06,04:19,19.1
2017-10-06,04:19,19.1
2017-10-06,04:19,2.37
2017-10-06,04:19,19.1
2017-10-06,04:19,19.1
2017-10-06,04:19,19.1
2017-10-06,04:19,19.1
2017-10-06,04:19,19.1
2017-10-06,04:19,19.1
2017-10-06,04:19,19.1
2017-10-06,04:19,19.1
2017-10-06,04:19,19.1
2017-10-06,04:19,19.1
2017-10-06,04:19,19.1
2017-10-06,04:19,19.1
2017-10-06,04:19,19.1
2017-10-06,04:19,1.0
2017-10-06,04:19,2.36
2017-10-06,04:19,0.0
2017-10-06,04:19,19.1
2017-10-06,04:20,2.36
2017-10-06,04:20,0.0
2017-10-06,04:20,19.1
2017-10-06,04:20,2.34
2017-10-06,04:20,0.0
2017-10-06,04:20,19.1
2017-10-06,04:20,0.0
2017-10-06,04:20,19.1
2017-10-06,04:20,19.1
2017-10-06,04:20,0.0
2017-10-06,04:20,19.1
2017-10-06,04:20,19.1
2017-10-06,04:20,2.35
2017-10-06,04:20,19.1
2017-10-06,04:20,19.1
2017-10-06,04:20,2.36
2017-10-06,04:20,2.37
2017-10-06,04:20,19.1
2017-10-06,04:20,19.1
2017-10-06,04:20,19.1
2017-10-06,04:20,19.1
2017-10-06,04:20,19.1
2017-10-06,04:20,0.0
2017-10-06,04:20,19.1
2017-10-06,04:20,2.35
2017-10-06,04:20,19.1
2017-10-06,04:20,19.1
2017-10-06,04:20,2.36
2017-10-06,04:20,19.1
2017-10-06,04:20,19.1
2017-10-06,04:20,19.1
2017-10-06,04:20,19.1
2017-10-06,04:20,19.1
2017-10-06,04:21,19.1
2017-10-06,04:21,19.1
2017-10-06,04:21,19.1
2017-10-06,04:21,19.1
2017-10-06,04:21,19.1
2017-10-06,04:21,19.1
2017-10-06,04:21,19.1
2017-10-06,04:21,19.1
2017-10-06,04:21,19.1
2017-10-06,04:21,19.1
2017-10-06,04:21,19.1
2017-10-06,04:21,19.1
2017-10-06,04:21,2.37
2017-10-06,04:21,19.0
2017-10-06,04:21,0.0
2017-10-06,04:21,0.0
2017-10-06,04:21,0.0
2017-10-06,04:21,19.1
2017-10-06,04:21,0.0
2017-10-06,04:21,0.0
2017-10-06,04:21,19.0
2017-10-06,04:21,0.0
2017-10-06,04:21,0.0
2017-10-06,04:21,0.0
2017-10-06,04:21,19.1
2017-10-06,04:21,0.0
2017-10-06,04:21,0.0
2017-10-06,04:21,19.1
2017-10-06,04:21,0.0
2017-10-06,04:21,2.49
2017-10-06,04:21,19.1
2017-10-06,04:21,0.0
2017-10-06,04:22,2.35
2017-10-06,04:22,19.1
2017-10-06,04:22,0.0
2017-10-06,04:22,19.1
2017-10-06,04:22,19.1
2017-10-06,04:22,0.0
2017-10-06,04:22,19.1
2017-10-06,04:22,0.0
2017-10-06,04:22,19.1
2017-10-06,04:22,19.1
2017-10-06,04:22,19.1
2017-10-06,04:22,19.1
2017-10-06,04:22,19.1
2017-10-06,04:22,0.0
2017-10-06,04:22,2.38
2017-10-06,04:22,19.1
2017-10-06,04:22,19.1
2017-10-06,04:22,0.0
2017-10-06,04:22,19.1
2017-10-06,04:22,19.1
2017-10-06,04:22,19.1
2017-10-06,04:22,2.42
2017-10-06,04:22,0.0
2017-10-06,04:22,19.1
2017-10-06,04:22,0.0
2017-10-06,04:22,2.37
2017-10-06,04:22,19.1
2017-10-06,04:22,0.0
2017-10-06,04:22,19.1
2017-10-06,04:22,19.1
2017-10-06,04:22,0.0
2017-10-06,04:22,19.1
2017-10-06,04:22,0.0
2017-10-06,04:23,19.1
2017-10-06,04:23,19.1
2017-10-06,04:23,0.0
2017-10-06,04:23,19.1
2017-10-06,04:23,19.1
2017-10-06,04:23,19.1
2017-10-06,04:23,0.0
2017-10-06,04:23,19.1
2017-10-06,04:23,19.1
2017-10-06,04:23,0.0
2017-10-06,04:23,19.1
2017-10-06,04:23,19.1
2017-10-06,04:23,0.0
2017-10-06,04:23,19.1
2017-10-06,04:23,19.1
2017-10-06,04:23,0.0
2017-10-06,04:23,0.0
2017-10-06,04:23,19.1
2017-10-06,04:23,0.0
2017-10-06,04:23,0.0
2017-10-06,04:23,2.35
2017-10-06,04:23,19.1
2017-10-06,04:23,2.38
2017-10-06,04:23,19.1
2017-10-06,04:23,19.1
2017-10-06,04:23,0.0
2017-10-06,04:23,19.0
2017-10-06,04:23,19.0
2017-10-06,04:23,2.38
2017-10-06,04:23,19.1
2017-10-06,04:23,19.1
2017-10-06,04:23,0.0
2017-10-06,04:23,19.1
2017-10-06,04:23,19.1
2017-10-06,04:24,0.0
2017-10-06,04:24,2.37
2017-10-06,04:24,19.1
2017-10-06,04:24,2.35
2017-10-06,04:24,2.34
2017-10-06,04:24,19.1
2017-10-06,04:24,2.37
2017-10-06,04:24,19.1
2017-10-06,04:24,19.1
2017-10-06,04:24,0.0
2017-10-06,04:24,19.1
2017-10-06,04:24,19.1
2017-10-06,04:24,0.0
2017-10-06,04:24,19.0
2017-10-06,04:24,19.1
2017-10-06,04:24,0.0
2017-10-06,04:24,19.1
2017-10-06,04:24,0.0
2017-10-06,04:24,19.0
2017-10-06,04:24,19.0
2017-10-06,04:24,0.0
2017-10-06,04:24,19.1
2017-10-06,04:24,19.1
2017-10-06,04:24,19.1
2017-10-06,04:24,0.0
2017-10-06,04:24,19.1
2017-10-06,04:24,2.26
2017-10-06,04:24,19.1
2017-10-06,04:24,19.1
2017-10-06,04:24,2.27
2017-10-06,04:24,19.1
2017-10-06,04:24,19.1
2017-10-06,04:25,2.27
2017-10-06,04:25,19.1
2017-10-06,04:25,19.1
2017-10-06,04:25,19.1
2017-10-06,04:25,0.0
2017-10-06,04:25,19.0
2017-10-06,04:25,19.0
2017-10-06,04:25,19.1
2017-10-06,04:25,19.1
2017-10-06,04:25,19.1
2017-10-06,04:25,19.1
2017-10-06,04:25,19.1
2017-10-06,04:25,19.1
2017-10-06,04:25,19.1
2017-10-06,04:25,19.1
2017-10-06,04:25,19.1
2017-10-06,04:25,19.1
2017-10-06,04:25,19.1
2017-10-06,04:25,19.1
2017-10-06,04:25,19.1
2017-10-06,04:25,19.1
2017-10-06,04:25,0.0
2017-10-06,04:25,19.1
2017-10-06,04:25,0.0
2017-10-06,04:25,19.1
2017-10-06,04:25,19.0
2017-10-06,04:25,0.0
2017-10-06,04:25,0.0
2017-10-06,04:25,2.26
2017-10-06,04:25,19.1
2017-10-06,04:25,19.1
2017-10-06,04:25,2.25
2017-10-06,04:25,19.1
2017-10-06,04:25,19.1
2017-10-06,04:26,19.1
2017-10-06,04:26,19.1
2017-10-06,04:26,19.1
2017-10-06,04:26,19.1
2017-10-06,04:26,2.27
2017-10-06,04:26,19.1
2017-10-06,04:26,19.1
2017-10-06,04:26,19.1
2017-10-06,04:26,2.28
2017-10-06,04:26,0.0
2017-10-06,04:26,19.0
2017-10-06,04:26,0.0
2017-10-06,04:26,19.1
2017-10-06,04:26,19.1
2017-10-06,04:26,0.0
2017-10-06,04:26,19.1
2017-10-06,04:26,0.0
2017-10-06,04:26,19.1
2017-10-06,04:26,19.0
2017-10-06,04:26,19.0
2017-10-06,04:26,19.0
2017-10-06,04:26,19.1
2017-10-06,04:26,19.1
2017-10-06,04:26,19.1
2017-10-06,04:26,19.1
2017-10-06,04:26,19.1
2017-10-06,04:26,19.1
2017-10-06,04:26,19.1
2017-10-06,04:26,19.1
2017-10-06,04:26,0.0
2017-10-06,04:26,19.1
2017-10-06,04:26,19.1
2017-10-06,04:27,19.1
2017-10-06,04:27,19.1
2017-10-06,04:27,19.1
2017-10-06,04:27,0.0
2017-10-06,04:27,19.1
2017-10-06,04:27,19.1
2017-10-06,04:27,19.1
2017-10-06,04:27,0.0
2017-10-06,04:27,19.1
2017-10-06,04:27,19.1
2017-10-06,04:27,0.0
2017-10-06,04:27,0.0
2017-10-06,04:27,19.1
2017-10-06,04:27,0.0
2017-10-06,04:27,2.27
2017-10-06,04:27,0.0
2017-10-06,04:27,19.1
2017-10-06,04:27,0.0
2017-10-06,04:27,2.26
2017-10-06,04:27,19.1
2017-10-06,04:27,2.29
2017-10-06,04:27,2.25
2017-10-06,04:27,19.0
2017-10-06,04:27,0.0
2017-10-06,04:27,19.1
2017-10-06,04:27,0.0
2017-10-06,04:27,2.28
2017-10-06,04:27,19.1
2017-10-06,04:27,0.0
2017-10-06,04:27,0.0
2017-10-06,04:27,0.0
2017-10-06,04:27,0.0
2017-10-06,04:27,0.0
2017-10-06,04:28,0.0
2017-10-06,04:28,0.0
2017-10-06,04:28,0.0
2017-10-06,04:28,0.0
2017-10-06,04:28,0.0
2017-10-06,04:28,0.0
2017-10-06,04:28,2.26
2017-10-06,04:28,2.3
2017-10-06,04:28,1.0
2017-10-06,04:28,19.1
2017-10-06,04:28,0.0
2017-10-06,04:28,0.0
2017-10-06,04:28,19.1
2017-10-06,04:28,0.0
2017-10-06,04:28,0.0
2017-10-06,04:28,19.1
2017-10-06,04:28,0.0
2017-10-06,04:28,0.0
2017-10-06,04:28,19.0
2017-10-06,04:28,2.29
2017-10-06,04:28,2.28
2017-10-06,04:28,19.1
2017-10-06,04:28,0.0
2017-10-06,04:28,2.27
2017-10-06,04:28,19.1
2017-10-06,04:28,2.3
2017-10-06,04:28,19.0
2017-10-06,04:28,19.1
2017-10-06,04:28,2.29
2017-10-06,04:28,2.26
2017-10-06,04:28,19.0
2017-10-06,04:28,0.0
2017-10-06,04:28,19.1
2017-10-06,04:28,0.0
2017-10-06,04:29,0.0
2017-10-06,04:29,19.1
2017-10-06,04:29,19.0
2017-10-06,04:29,2.29
2017-10-06,04:29,19.1
2017-10-06,04:29,19.1
2017-10-06,04:29,19.0
2017-10-06,04:29,0.0
2017-10-06,04:29,2.29
2017-10-06,04:29,19.1
2017-10-06,04:29,2.27
2017-10-06,04:29,2.26
2017-10-06,04:29,19.1
2017-10-06,04:29,0.0
2017-10-06,04:29,19.1
2017-10-06,04:29,19.1
2017-10-06,04:29,19.1
2017-10-06,04:29,0.0
2017-10-06,04:29,19.1
2017-10-06,04:29,19.1
2017-10-06,04:29,0.0
2017-10-06,04:29,19.1
2017-10-06,04:29,19.1
2017-10-06,04:29,0.0
2017-10-06,04:29,19.1
2017-10-06,04:29,19.1
2017-10-06,04:29,0.0
2017-10-06,04:29,19.1
2017-10-06,04:29,19.1
2017-10-06,04:29,2.3
2017-10-06,04:29,19.0
2017-10-06,04:29,19.0
2017-10-06,04:29,0.0
2017-10-06,04:30,19.1
2017-10-06,04:30,19.1
2017-10-06,04:30,0.0
2017-10-06,04:30,19.1
2017-10-06,04:30,0.0
2017-10-06,04:30,19.1
2017-10-06,04:30,2.31
2017-10-06,04:30,19.0
2017-10-06,04:30,19.0
2017-10-06,04:30,19.1
2017-10-06,04:30,0.0
2017-10-06,04:30,19.1
2017-10-06,04:30,0.0
2017-10-06,04:30,19.1
2017-10-06,04:30,19.1
2017-10-06,04:30,0.0
2017-10-06,04:30,1.0
2017-10-06,04:30,19.1
2017-10-06,04:30,0.0
2017-10-06,04:30,19.1
2017-10-06,04:30,0.0
2017-10-06,04:30,19.0
2017-10-06,04:30,19.0
2017-10-06,04:30,0.0
2017-10-06,04:30,19.1
2017-10-06,04:30,0.0
2017-10-06,04:30,19.1
2017-10-06,04:30,19.1
2017-10-06,04:30,2.25
2017-10-06,04:30,19.1
2017-10-06,04:30,19.1
2017-10-06,04:30,2.27
2017-10-06,04:31,2.29
2017-10-06,04:31,19.1
2017-10-06,04:31,2.28
2017-10-06,04:31,0.0
2017-10-06,04:31,19.1
2017-10-06,04:31,19.1
2017-10-06,04:31,2.28
2017-10-06,04:31,19.1
2017-10-06,04:31,19.1
2017-10-06,04:31,0.0
2017-10-06,04:31,19.1
2017-10-06,04:31,19.1
2017-10-06,04:31,0.0
2017-10-06,04:31,19.1
2017-10-06,04:31,19.1
2017-10-06,04:31,0.0
2017-10-06,04:31,19.1
2017-10-06,04:31,19.1
2017-10-06,04:31,0.0
2017-10-06,04:31,2.27
2017-10-06,04:31,19.1
2017-10-06,04:31,0.0
2017-10-06,04:31,19.1
2017-10-06,04:31,19.1
2017-10-06,04:31,0.0
2017-10-06,04:31,19.1
2017-10-06,04:31,19.1
2017-10-06,04:31,19.1
2017-10-06,04:31,19.1
2017-10-06,04:31,19.1
2017-10-06,04:31,19.1
2017-10-06,04:31,19.1
2017-10-06,04:31,19.1
2017-10-06,04:31,19.1
2017-10-06,04:32,2.26
2017-10-06,04:32,19.1
2017-10-06,04:32,19.1
2017-10-06,04:32,19.1
2017-10-06,04:32,19.1
2017-10-06,04:32,19.1
2017-10-06,04:32,2.27
2017-10-06,04:32,19.1
2017-10-06,04:32,19.1
2017-10-06,04:32,19.1
2017-10-06,04:32,19.1
2017-10-06,04:32,19.1
2017-10-06,04:32,19.1
2017-10-06,04:32,19.1
2017-10-06,04:32,2.28
2017-10-06,04:32,19.1
2017-10-06,04:32,0.0
2017-10-06,04:32,19.1
2017-10-06,04:32,0.0
2017-10-06,04:32,2.26
2017-10-06,04:32,19.1
2017-10-06,04:32,19.1
2017-10-06,04:32,19.1
2017-10-06,04:32,19.1
2017-10-06,04:32,2.27
2017-10-06,04:32,19.1
2017-10-06,04:32,0.0
2017-10-06,04:32,2.28
2017-10-06,04:32,0.0
2017-10-06,04:32,0.0
2017-10-06,04:32,19.1
2017-10-06,04:32,0.0
2017-10-06,04:32,19.1
2017-10-06,04:33,19.1
2017-10-06,04:33,2.27
2017-10-06,04:33,19.1
2017-10-06,04:33,19.1
2017-10-06,04:33,19.1
2017-10-06,04:33,19.1
2017-10-06,04:33,19.1
2017-10-06,04:33,19.1
2017-10-06,04:33,19.1
2017-10-06,04:33,19.1
2017-10-06,04:33,19.1
2017-10-06,04:33,19.1
2017-10-06,04:33,19.1
2017-10-06,04:33,19.1
2017-10-06,04:33,19.1
2017-10-06,04:33,19.1
2017-10-06,04:33,0.0
2017-10-06,04:33,0.0
2017-10-06,04:33,0.0
2017-10-06,04:33,19.1
2017-10-06,04:33,0.0
2017-10-06,04:33,19.1
2017-10-06,04:33,2.3
2017-10-06,04:33,2.27
2017-10-06,04:33,0.0
2017-10-06,04:33,19.1
2017-10-06,04:33,19.1
2017-10-06,04:33,19.1
2017-10-06,04:33,19.1
2017-10-06,04:33,19.1
2017-10-06,04:33,19.1
2017-10-06,04:33,19.1
2017-10-06,04:33,19.1
2017-10-06,04:34,19.1
2017-10-06,04:34,19.1
2017-10-06,04:34,19.1
2017-10-06,04:34,19.1
2017-10-06,04:34,19.1
2017-10-06,04:34,19.1
2017-10-06,04:34,19.1
2017-10-06,04:34,19.1
2017-10-06,04:34,19.1
2017-10-06,04:34,19.1
2017-10-06,04:34,19.1
2017-10-06,04:34,19.1
2017-10-06,04:34,19.1
2017-10-06,04:34,19.1
2017-10-06,04:34,19.1
2017-10-06,04:34,19.1
2017-10-06,04:34,19.1
2017-10-06,04:34,2.27
2017-10-06,04:34,19.1
2017-10-06,04:34,19.1
2017-10-06,04:34,2.26
2017-10-06,04:34,19.1
2017-10-06,04:34,19.1
2017-10-06,04:34,19.1
2017-10-06,04:34,19.1
2017-10-06,04:34,19.1
2017-10-06,04:34,19.1
2017-10-06,04:34,19.1
2017-10-06,04:34,19.1
2017-10-06,04:34,19.1
2017-10-06,04:34,19.1
2017-10-06,04:34,19.1
2017-10-06,04:35,19.1
2017-10-06,04:35,19.1
2017-10-06,04:35,19.1
2017-10-06,04:35,19.1
2017-10-06,04:35,2.29
2017-10-06,04:35,19.1
2017-10-06,04:35,0.0
2017-10-06,04:35,19.1
2017-10-06,04:35,19.1
2017-10-06,04:35,19.1
2017-10-06,04:35,2.28
2017-10-06,04:35,19.1
2017-10-06,04:35,0.0
2017-10-06,04:35,19.1
2017-10-06,04:35,19.1
2017-10-06,04:35,0.0
2017-10-06,04:35,19.1
2017-10-06,04:35,19.1
2017-10-06,04:35,0.0
2017-10-06,04:35,19.1
2017-10-06,04:35,19.1
2017-10-06,04:35,0.0
2017-10-06,04:35,0.0
2017-10-06,04:35,2.27
2017-10-06,04:35,0.0
2017-10-06,04:35,0.0
2017-10-06,04:35,0.0
2017-10-06,04:35,0.0
2017-10-06,04:35,19.1
2017-10-06,04:35,19.1
2017-10-06,04:35,2.27
2017-10-06,04:35,19.1
2017-10-06,04:35,0.0
2017-10-06,04:36,19.0
2017-10-06,04:36,19.0
2017-10-06,04:36,19.0
2017-10-06,04:36,19.0
2017-10-06,04:36,19.0
2017-10-06,04:36,19.0
2017-10-06,04:36,19.1
2017-10-06,04:36,19.1
2017-10-06,04:36,19.1
2017-10-06,04:36,19.1
2017-10-06,04:36,19.1
2017-10-06,04:36,19.1
2017-10-06,04:36,19.0
2017-10-06,04:36,19.0
2017-10-06,04:36,19.0
2017-10-06,04:36,19.0
2017-10-06,04:36,19.1
2017-10-06,04:36,19.1
2017-10-06,04:36,19.1
2017-10-06,04:36,19.0
2017-10-06,04:36,19.1
2017-10-06,04:36,2.28
2017-10-06,04:36,19.1
2017-10-06,04:36,0.0
2017-10-06,04:36,19.1
2017-10-06,04:36,19.1
2017-10-06,04:36,19.1
2017-10-06,04:36,2.27
2017-10-06,04:36,19.1
2017-10-06,04:36,19.1
2017-10-06,04:36,19.1
2017-10-06,04:36,0.0
2017-10-06,04:37,19.0
2017-10-06,04:37,19.0
2017-10-06,04:37,2.29
2017-10-06,04:37,19.0
2017-10-06,04:37,19.0
2017-10-06,04:37,0.0
2017-10-06,04:37,19.1
2017-10-06,04:37,19.1
2017-10-06,04:37,0.0
2017-10-06,04:37,19.1
2017-10-06,04:37,19.1
2017-10-06,04:37,0.0
2017-10-06,04:37,19.1
2017-10-06,04:37,0.0
2017-10-06,04:37,19.1
2017-10-06,04:37,19.1
2017-10-06,04:37,19.1
2017-10-06,04:37,0.0
2017-10-06,04:37,19.1
2017-10-06,04:37,0.0
2017-10-06,04:37,19.1
2017-10-06,04:37,19.1
2017-10-06,04:37,0.0
2017-10-06,04:37,19.1
2017-10-06,04:37,0.0
2017-10-06,04:37,19.1
2017-10-06,04:37,19.1
2017-10-06,04:37,2.27
2017-10-06,04:37,19.0
2017-10-06,04:37,19.1
2017-10-06,04:37,19.0
2017-10-06,04:37,19.0
2017-10-06,04:37,19.0
2017-10-06,04:38,2.37
2017-10-06,04:38,19.1
2017-10-06,04:38,19.1
2017-10-06,04:38,19.0
2017-10-06,04:38,19.0
2017-10-06,04:38,19.0
2017-10-06,04:38,19.0
2017-10-06,04:38,19.0
2017-10-06,04:38,19.0
2017-10-06,04:38,19.0
2017-10-06,04:38,0.0
2017-10-06,04:38,19.0
2017-10-06,04:38,0.0
2017-10-06,04:38,19.1
2017-10-06,04:38,19.1
2017-10-06,04:38,19.0
2017-10-06,04:38,0.0
2017-10-06,04:38,19.0
2017-10-06,04:38,0.0
2017-10-06,04:38,0.0
2017-10-06,04:38,0.0
2017-10-06,04:38,19.0
2017-10-06,04:38,2.27
2017-10-06,04:38,19.0
2017-10-06,04:38,19.0
2017-10-06,04:38,19.0
2017-10-06,04:38,19.0
2017-10-06,04:38,0.0
2017-10-06,04:38,19.0
2017-10-06,04:38,19.1
2017-10-06,04:38,2.27
2017-10-06,04:38,19.0
2017-10-06,04:39,19.0
2017-10-06,04:39,19.0
2017-10-06,04:39,0.0
2017-10-06,04:39,19.1
2017-10-06,04:39,19.1
2017-10-06,04:39,19.1
2017-10-06,04:39,19.1
2017-10-06,04:39,19.1
2017-10-06,04:39,19.0
2017-10-06,04:39,19.0
2017-10-06,04:39,19.0
2017-10-06,04:39,19.0
2017-10-06,04:39,19.0
2017-10-06,04:39,19.0
2017-10-06,04:39,19.0
2017-10-06,04:39,19.0
2017-10-06,04:39,0.0
2017-10-06,04:39,19.0
2017-10-06,04:39,19.0
2017-10-06,04:39,2.29
2017-10-06,04:39,19.1
2017-10-06,04:39,0.0
2017-10-06,04:39,19.1
2017-10-06,04:39,19.1
2017-10-06,04:39,0.0
2017-10-06,04:39,2.26
2017-10-06,04:39,0.0
2017-10-06,04:39,0.0
2017-10-06,04:39,19.1
2017-10-06,04:39,0.0
2017-10-06,04:39,0.0
2017-10-06,04:39,19.1
2017-10-06,04:39,0.0
2017-10-06,04:40,2.26
2017-10-06,04:40,19.1
2017-10-06,04:40,19.1
2017-10-06,04:40,0.0
2017-10-06,04:40,19.1
2017-10-06,04:40,19.0
2017-10-06,04:40,19.0
2017-10-06,04:40,0.0
2017-10-06,04:40,19.0
2017-10-06,04:40,19.0
2017-10-06,04:40,0.0
2017-10-06,04:40,19.0
2017-10-06,04:40,19.0
2017-10-06,04:40,2.27
2017-10-06,04:40,19.0
2017-10-06,04:40,19.0
2017-10-06,04:40,19.0
2017-10-06,04:40,19.0
2017-10-06,04:40,19.0
2017-10-06,04:40,2.26
2017-10-06,04:40,19.1
2017-10-06,04:40,19.1
2017-10-06,04:40,19.0
2017-10-06,04:40,19.0
2017-10-06,04:40,19.0
2017-10-06,04:40,19.0
2017-10-06,04:40,0.0
2017-10-06,04:40,19.0
2017-10-06,04:40,19.0
2017-10-06,04:40,0.0
2017-10-06,04:40,19.0
2017-10-06,04:40,0.0
2017-10-06,04:40,19.0
2017-10-06,04:40,2.25
2017-10-06,04:41,2.27
2017-10-06,04:41,19.1
2017-10-06,04:41,2.28
2017-10-06,04:41,2.28
2017-10-06,04:41,19.0
2017-10-06,04:41,19.0
2017-10-06,04:41,2.28
2017-10-06,04:41,0.0
2017-10-06,04:41,19.0
2017-10-06,04:41,2.3
2017-10-06,04:41,19.0
2017-10-06,04:41,19.0
2017-10-06,04:41,19.0
2017-10-06,04:41,2.29
2017-10-06,04:41,19.0
2017-10-06,04:41,19.0
2017-10-06,04:41,0.0
2017-10-06,04:41,19.0
2017-10-06,04:41,19.1
2017-10-06,04:41,2.31
2017-10-06,04:41,0.0
2017-10-06,04:41,2.28
2017-10-06,04:41,0.0
2017-10-06,04:41,2.27
2017-10-06,04:41,19.1
2017-10-06,04:41,0.0
2017-10-06,04:41,0.0
2017-10-06,04:41,0.0
2017-10-06,04:41,19.1
2017-10-06,04:41,0.0
2017-10-06,04:41,0.0
2017-10-06,04:41,19.0
2017-10-06,04:41,2.28
2017-10-06,04:42,2.26
2017-10-06,04:42,19.0
2017-10-06,04:42,0.0
2017-10-06,04:42,2.26
2017-10-06,04:42,19.0
2017-10-06,04:42,2.29
2017-10-06,04:42,19.1
2017-10-06,04:42,19.0
2017-10-06,04:42,0.0
2017-10-06,04:42,19.1
2017-10-06,04:42,19.0
2017-10-06,04:42,0.0
2017-10-06,04:42,19.0
2017-10-06,04:42,19.1
2017-10-06,04:42,0.0
2017-10-06,04:42,19.0
2017-10-06,04:42,2.26
2017-10-06,04:42,19.1
2017-10-06,04:42,19.1
2017-10-06,04:42,2.27
2017-10-06,04:42,19.0
2017-10-06,04:42,19.1
2017-10-06,04:42,19.0
2017-10-06,04:42,2.26
2017-10-06,04:42,19.0
2017-10-06,04:42,0.0
2017-10-06,04:42,19.0
2017-10-06,04:42,19.0
2017-10-06,04:42,19.0
2017-10-06,04:42,2.27
2017-10-06,04:42,19.0
2017-10-06,04:42,2.27
2017-10-06,04:43,19.0
2017-10-06,04:43,19.0
2017-10-06,04:43,19.0
2017-10-06,04:43,0.0
2017-10-06,04:43,19.1
2017-10-06,04:43,19.1
2017-10-06,04:43,19.1
2017-10-06,04:43,19.0
2017-10-06,04:43,19.0
2017-10-06,04:43,19.0
2017-10-06,04:43,19.0
2017-10-06,04:43,19.0
2017-10-06,04:43,19.0
2017-10-06,04:43,19.1
2017-10-06,04:43,19.0
2017-10-06,04:43,19.0
2017-10-06,04:43,19.0
2017-10-06,04:43,19.0
2017-10-06,04:43,19.0
2017-10-06,04:43,19.0
2017-10-06,04:43,19.0
2017-10-06,04:43,2.27
2017-10-06,04:43,19.0
2017-10-06,04:43,19.0
2017-10-06,04:43,19.1
2017-10-06,04:43,19.1
2017-10-06,04:43,19.0
2017-10-06,04:43,19.0
2017-10-06,04:43,19.0
2017-10-06,04:43,0.0
2017-10-06,04:43,19.0
2017-10-06,04:43,0.0
2017-10-06,04:44,0.0
2017-10-06,04:44,0.0
2017-10-06,04:44,19.1
2017-10-06,04:44,0.0
2017-10-06,04:44,0.0
2017-10-06,04:44,19.0
2017-10-06,04:44,0.0
2017-10-06,04:44,2.27
2017-10-06,04:44,0.0
2017-10-06,04:44,19.0
2017-10-06,04:44,2.27
2017-10-06,04:44,0.0
2017-10-06,04:44,19.0
2017-10-06,04:44,19.0
2017-10-06,04:44,0.0
2017-10-06,04:44,0.0
2017-10-06,04:44,19.0
2017-10-06,04:44,0.0
2017-10-06,04:44,0.0
2017-10-06,04:44,19.1
2017-10-06,04:44,19.1
2017-10-06,04:44,19.0
2017-10-06,04:44,19.0
2017-10-06,04:44,19.0
2017-10-06,04:44,2.27
2017-10-06,04:44,19.0
2017-10-06,04:44,19.1
2017-10-06,04:44,0.0
2017-10-06,04:44,19.0
2017-10-06,04:44,19.1
2017-10-06,04:44,2.26
2017-10-06,04:44,19.0
2017-10-06,04:44,2.27
2017-10-06,04:44,19.0
2017-10-06,04:45,19.0
2017-10-06,04:45,2.26
2017-10-06,04:45,19.0
2017-10-06,04:45,19.0
2017-10-06,04:45,19.0
2017-10-06,04:45,19.1
2017-10-06,04:45,19.0
2017-10-06,04:45,19.0
2017-10-06,04:45,0.0
2017-10-06,04:45,19.1
2017-10-06,04:45,19.0
2017-10-06,04:45,19.0
2017-10-06,04:45,19.0
2017-10-06,04:45,19.1
2017-10-06,04:45,0.0
2017-10-06,04:45,19.0
2017-10-06,04:45,19.0
2017-10-06,04:45,19.1
2017-10-06,04:45,0.0
2017-10-06,04:45,19.1
2017-10-06,04:45,0.0
2017-10-06,04:45,0.0
2017-10-06,04:45,19.0
2017-10-06,04:45,0.0
2017-10-06,04:45,19.1
2017-10-06,04:45,19.1
2017-10-06,04:45,19.0
2017-10-06,04:45,19.0
2017-10-06,04:45,0.0
2017-10-06,04:45,19.0
2017-10-06,04:45,19.0
2017-10-06,04:45,0.0
2017-10-06,04:46,2.28
2017-10-06,04:46,0.0
2017-10-06,04:46,19.0
2017-10-06,04:46,19.1
2017-10-06,04:46,19.1
2017-10-06,04:46,19.1
2017-10-06,04:46,2.29
2017-10-06,04:46,19.0
2017-10-06,04:46,2.27
2017-10-06,04:46,19.0
2017-10-06,04:46,19.0
2017-10-06,04:46,0.0
2017-10-06,04:46,19.0
2017-10-06,04:46,19.0
2017-10-06,04:46,0.0
2017-10-06,04:46,19.1
2017-10-06,04:46,19.0
2017-10-06,04:46,0.0
2017-10-06,04:46,19.0
2017-10-06,04:46,2.26
2017-10-06,04:46,19.0
2017-10-06,04:46,19.0
2017-10-06,04:46,2.27
2017-10-06,04:46,19.1
2017-10-06,04:46,19.1
2017-10-06,04:46,19.1
2017-10-06,04:46,0.0
2017-10-06,04:46,19.1
2017-10-06,04:46,19.1
2017-10-06,04:46,0.0
2017-10-06,04:46,19.0
2017-10-06,04:46,0.0
2017-10-06,04:46,19.1
2017-10-06,04:46,19.1
2017-10-06,04:47,0.0
2017-10-06,04:47,0.0
2017-10-06,04:47,19.0
2017-10-06,04:47,2.25
2017-10-06,04:47,0.0
2017-10-06,04:47,2.25
2017-10-06,04:47,19.0
2017-10-06,04:47,19.0
2017-10-06,04:47,0.0
2017-10-06,04:47,19.0
2017-10-06,04:47,19.0
2017-10-06,04:47,0.0
2017-10-06,04:47,19.0
2017-10-06,04:47,0.0
2017-10-06,04:47,19.0
2017-10-06,04:47,19.0
2017-10-06,04:47,0.0
2017-10-06,04:47,19.0
2017-10-06,04:47,19.0
2017-10-06,04:47,2.3
2017-10-06,04:47,0.0
2017-10-06,04:47,19.1
2017-10-06,04:47,19.1
2017-10-06,04:47,19.0
2017-10-06,04:47,19.0
2017-10-06,04:47,19.0
2017-10-06,04:47,0.0
2017-10-06,04:47,19.0
2017-10-06,04:47,19.0
2017-10-06,04:47,0.0
2017-10-06,04:47,19.0
2017-10-06,04:47,19.0
2017-10-06,04:48,0.0
2017-10-06,04:48,0.0
2017-10-06,04:48,19.0
2017-10-06,04:48,19.0
2017-10-06,04:48,19.0
2017-10-06,04:48,2.27
2017-10-06,04:48,0.0
2017-10-06,04:48,19.1
2017-10-06,04:48,2.29
2017-10-06,04:48,19.0
2017-10-06,04:48,19.0
2017-10-06,04:48,0.0
2017-10-06,04:48,2.27
2017-10-06,04:48,19.0
2017-10-06,04:48,0.0
2017-10-06,04:48,19.0
2017-10-06,04:48,19.1
2017-10-06,04:48,0.0
2017-10-06,04:48,19.0
2017-10-06,04:48,2.27
2017-10-06,04:48,19.0
2017-10-06,04:48,19.0
2017-10-06,04:48,0.0
2017-10-06,04:48,19.0
2017-10-06,04:48,19.0
2017-10-06,04:48,2.26
2017-10-06,04:48,19.0
2017-10-06,04:48,19.0
2017-10-06,04:48,19.0
2017-10-06,04:48,19.0
2017-10-06,04:48,19.0
2017-10-06,04:48,19.0
2017-10-06,04:48,19.0
2017-10-06,04:48,19.0
2017-10-06,04:49,19.1
2017-10-06,04:49,0.0
2017-10-06,04:49,19.1
2017-10-06,04:49,2.25
2017-10-06,04:49,19.0
2017-10-06,04:49,19.0
2017-10-06,04:49,0.0
2017-10-06,04:49,2.29
2017-10-06,04:49,19.0
2017-10-06,04:49,0.0
2017-10-06,04:49,2.28
2017-10-06,04:49,2.28
2017-10-06,04:49,0.0
2017-10-06,04:49,0.0
2017-10-06,04:49,2.26
2017-10-06,04:49,0.0
2017-10-06,04:49,0.0
2017-10-06,04:49,0.0
2017-10-06,04:49,19.0
2017-10-06,04:49,0.0
2017-10-06,04:49,0.0
2017-10-06,04:49,19.0
2017-10-06,04:49,0.0
2017-10-06,04:49,19.0
2017-10-06,04:49,2.28
2017-10-06,04:49,19.1
2017-10-06,04:49,19.0
2017-10-06,04:49,0.0
2017-10-06,04:49,19.0
2017-10-06,04:49,19.0
2017-10-06,04:49,0.0
2017-10-06,04:49,19.0
2017-10-06,04:49,19.0
2017-10-06,04:50,0.0
2017-10-06,04:50,19.0
2017-10-06,04:50,19.0
2017-10-06,04:50,2.3
2017-10-06,04:50,0.0
2017-10-06,04:50,19.0
2017-10-06,04:50,0.0
2017-10-06,04:50,2.26
2017-10-06,04:50,19.0
2017-10-06,04:50,2.27
2017-10-06,04:50,2.27
2017-10-06,04:50,19.0
2017-10-06,04:50,2.27
2017-10-06,04:50,19.0
2017-10-06,04:50,19.0
2017-10-06,04:50,0.0
2017-10-06,04:50,19.1
2017-10-06,04:50,19.0
2017-10-06,04:50,2.27
2017-10-06,04:50,19.0
2017-10-06,04:50,0.0
2017-10-06,04:50,2.28
2017-10-06,04:50,19.0
2017-10-06,04:50,0.0
2017-10-06,04:50,2.26
2017-10-06,04:50,19.0
2017-10-06,04:50,0.0
2017-10-06,04:50,0.0
2017-10-06,04:50,19.0
2017-10-06,04:50,19.0
2017-10-06,04:50,19.1
2017-10-06,04:50,2.28
2017-10-06,04:50,19.0
2017-10-06,04:51,0.0
2017-10-06,04:51,19.0
2017-10-06,04:51,19.0
2017-10-06,04:51,0.0
2017-10-06,04:51,0.0
2017-10-06,04:51,19.1
2017-10-06,04:51,0.0
2017-10-06,04:51,19.0
2017-10-06,04:51,0.0
2017-10-06,04:51,0.0
2017-10-06,04:51,0.0
2017-10-06,04:51,19.0
2017-10-06,04:51,2.4
2017-10-06,04:51,19.0
2017-10-06,04:51,0.0
2017-10-06,04:51,2.39
2017-10-06,04:51,19.0
2017-10-06,04:51,0.0
2017-10-06,04:51,19.0
2017-10-06,04:51,19.0
2017-10-06,04:51,19.0
2017-10-06,04:51,19.0
2017-10-06,04:51,19.0
2017-10-06,04:51,19.0
2017-10-06,04:51,19.0
2017-10-06,04:51,19.0
2017-10-06,04:51,19.0
2017-10-06,04:51,19.0
2017-10-06,04:51,19.0
2017-10-06,04:51,0.0
2017-10-06,04:51,19.1
2017-10-06,04:51,0.0
2017-10-06,04:51,19.0
2017-10-06,04:51,19.0
2017-10-06,04:52,0.0
2017-10-06,04:52,19.0
2017-10-06,04:52,0.0
2017-10-06,04:52,2.4
2017-10-06,04:52,19.0
2017-10-06,04:52,0.0
2017-10-06,04:52,0.0
2017-10-06,04:52,19.0
2017-10-06,04:52,2.4
2017-10-06,04:52,0.0
2017-10-06,04:52,19.0
2017-10-06,04:52,0.0
2017-10-06,04:52,0.0
2017-10-06,04:52,2.4
2017-10-06,04:52,0.0
2017-10-06,04:52,0.0
2017-10-06,04:52,19.0
2017-10-06,04:52,0.0
2017-10-06,04:52,0.0
2017-10-06,04:52,19.0
2017-10-06,04:52,0.0
2017-10-06,04:52,0.0
2017-10-06,04:52,19.0
2017-10-06,04:52,19.0
2017-10-06,04:52,19.0
2017-10-06,04:52,19.0
2017-10-06,04:52,19.0
2017-10-06,04:52,0.0
2017-10-06,04:52,19.0
2017-10-06,04:52,19.0
2017-10-06,04:52,0.0
2017-10-06,04:52,19.0
2017-10-06,04:52,19.0
2017-10-06,04:53,0.0
2017-10-06,04:53,19.0
2017-10-06,04:53,19.0
2017-10-06,04:53,19.0
2017-10-06,04:53,19.0
2017-10-06,04:53,19.0
2017-10-06,04:53,19.0
2017-10-06,04:53,19.0
2017-10-06,04:53,19.0
2017-10-06,04:53,19.0
2017-10-06,04:53,0.0
2017-10-06,04:53,19.0
2017-10-06,04:53,19.1
2017-10-06,04:53,19.1
2017-10-06,04:53,0.0
2017-10-06,04:53,19.1
2017-10-06,04:53,19.1
2017-10-06,04:53,0.0
2017-10-06,04:53,19.1
2017-10-06,04:53,19.1
2017-10-06,04:53,19.0
2017-10-06,04:53,19.0
2017-10-06,04:53,19.0
2017-10-06,04:53,19.0
2017-10-06,04:53,19.0
2017-10-06,04:53,19.0
2017-10-06,04:53,19.0
2017-10-06,04:53,19.0
2017-10-06,04:53,19.0
2017-10-06,04:53,19.0
2017-10-06,04:53,19.0
2017-10-06,04:53,0.0
2017-10-06,04:54,2.41
2017-10-06,04:54,0.0
2017-10-06,04:54,19.0
2017-10-06,04:54,2.41
2017-10-06,04:54,0.0
2017-10-06,04:54,19.1
2017-10-06,04:54,0.0
2017-10-06,04:54,2.4
2017-10-06,04:54,0.0
2017-10-06,04:54,2.41
2017-10-06,04:54,19.0
2017-10-06,04:54,19.0
2017-10-06,04:54,2.39
2017-10-06,04:54,19.0
2017-10-06,04:54,19.0
2017-10-06,04:54,19.0
2017-10-06,04:54,0.0
2017-10-06,04:54,0.0
2017-10-06,04:54,19.0
2017-10-06,04:54,19.1
2017-10-06,04:54,0.0
2017-10-06,04:54,19.1
2017-10-06,04:54,0.0
2017-10-06,04:54,0.0
2017-10-06,04:54,19.0
2017-10-06,04:54,2.4
2017-10-06,04:54,0.0
2017-10-06,04:54,19.0
2017-10-06,04:54,19.0
2017-10-06,04:54,19.0
2017-10-06,04:54,19.1
2017-10-06,04:54,19.1
2017-10-06,04:54,19.0
2017-10-06,04:55,19.0
2017-10-06,04:55,19.0
2017-10-06,04:55,0.0
2017-10-06,04:55,19.0
2017-10-06,04:55,19.0
2017-10-06,04:55,19.0
2017-10-06,04:55,19.0
2017-10-06,04:55,19.0
2017-10-06,04:55,19.1
2017-10-06,04:55,19.1
2017-10-06,04:55,0.0
2017-10-06,04:55,19.1
2017-10-06,04:55,19.1
2017-10-06,04:55,0.0
2017-10-06,04:55,2.39
2017-10-06,04:55,2.4
2017-10-06,04:55,19.0
2017-10-06,04:55,0.0
2017-10-06,04:55,19.0
2017-10-06,04:55,2.43
2017-10-06,04:55,0.0
2017-10-06,04:55,2.4
2017-10-06,04:55,2.4
2017-10-06,04:55,19.0
2017-10-06,04:55,19.0
2017-10-06,04:55,19.0
2017-10-06,04:55,2.39
2017-10-06,04:55,19.0
2017-10-06,04:55,2.41
2017-10-06,04:55,19.1
2017-10-06,04:55,19.1
2017-10-06,04:55,19.1
2017-10-06,04:55,19.0
2017-10-06,04:55,19.0
2017-10-06,04:56,2.42
2017-10-06,04:56,19.0
2017-10-06,04:56,19.0
2017-10-06,04:56,19.1
2017-10-06,04:56,19.0
2017-10-06,04:56,19.0
2017-10-06,04:56,2.4
2017-10-06,04:56,19.1
2017-10-06,04:56,19.1
2017-10-06,04:56,2.4
2017-10-06,04:56,19.0
2017-10-06,04:56,19.0
2017-10-06,04:56,2.39
2017-10-06,04:56,19.0
2017-10-06,04:56,19.0
2017-10-06,04:56,0.0
2017-10-06,04:56,19.0
2017-10-06,04:56,0.0
2017-10-06,04:56,2.4
2017-10-06,04:56,0.0
2017-10-06,04:56,19.0
2017-10-06,04:56,2.4
2017-10-06,04:56,19.1
2017-10-06,04:56,0.0
2017-10-06,04:56,19.0
2017-10-06,04:56,0.0
2017-10-06,04:56,19.0
2017-10-06,04:56,19.0
2017-10-06,04:56,19.0
2017-10-06,04:56,0.0
2017-10-06,04:56,19.0
2017-10-06,04:56,0.0
2017-10-06,04:56,19.0
2017-10-06,04:57,19.1
2017-10-06,04:57,0.0
2017-10-06,04:57,19.0
2017-10-06,04:57,19.0
2017-10-06,04:57,0.0
2017-10-06,04:57,19.0
2017-10-06,04:57,2.39
2017-10-06,04:57,0.0
2017-10-06,04:57,19.0
2017-10-06,04:57,19.0
2017-10-06,04:57,0.0
2017-10-06,04:57,0.0
2017-10-06,04:57,19.1
2017-10-06,04:57,0.0
2017-10-06,04:57,2.42
2017-10-06,04:57,19.0
2017-10-06,04:57,0.0
2017-10-06,04:57,0.0
2017-10-06,04:57,19.0
2017-10-06,04:57,0.0
2017-10-06,04:57,0.0
2017-10-06,04:57,19.0
2017-10-06,04:57,0.0
2017-10-06,04:57,0.0
2017-10-06,04:57,0.0
2017-10-06,04:57,19.0
2017-10-06,04:57,0.0
2017-10-06,04:57,0.0
2017-10-06,04:57,19.0
2017-10-06,04:57,2.45
2017-10-06,04:57,0.0
2017-10-06,04:57,19.0
2017-10-06,04:58,2.43
2017-10-06,04:58,0.0
2017-10-06,04:58,19.0
2017-10-06,04:58,0.0
2017-10-06,04:58,19.1
2017-10-06,04:58,19.1
2017-10-06,04:58,19.0
2017-10-06,04:58,19.0
2017-10-06,04:58,2.43
2017-10-06,04:58,19.1
2017-10-06,04:58,19.1
2017-10-06,04:58,0.0
2017-10-06,04:58,19.0
2017-10-06,04:58,19.0
2017-10-06,04:58,0.0
2017-10-06,04:58,19.0
2017-10-06,04:58,19.0
2017-10-06,04:58,0.0
2017-10-06,04:58,19.0
2017-10-06,04:58,19.0
2017-10-06,04:58,2.41
2017-10-06,04:58,19.0
2017-10-06,04:58,0.0
2017-10-06,04:58,19.0
2017-10-06,04:58,19.0
2017-10-06,04:58,0.0
2017-10-06,04:58,19.0
2017-10-06,04:58,0.0
2017-10-06,04:58,2.4
2017-10-06,04:58,19.0
2017-10-06,04:58,2.4
2017-10-06,04:58,19.1
2017-10-06,04:58,19.1
2017-10-06,04:58,2.41
2017-10-06,04:59,2.41
2017-10-06,04:59,19.0
2017-10-06,04:59,2.41
2017-10-06,04:59,0.0
2017-10-06,04:59,19.0
2017-10-06,04:59,2.42
2017-10-06,04:59,0.0
2017-10-06,04:59,2.42
2017-10-06,04:59,19.0
2017-10-06,04:59,0.0
2017-10-06,04:59,19.0
2017-10-06,04:59,19.0
2017-10-06,04:59,0.0
2017-10-06,04:59,2.41
2017-10-06,04:59,19.0
2017-10-06,04:59,19.0
2017-10-06,04:59,19.0
2017-10-06,04:59,19.0
2017-10-06,04:59,19.0
2017-10-06,04:59,2.4
2017-10-06,04:59,19.0
2017-10-06,04:59,19.0
2017-10-06,04:59,0.0
2017-10-06,04:59,19.0
2017-10-06,04:59,19.0
2017-10-06,04:59,19.0
2017-10-06,04:59,19.0
2017-10-06,04:59,0.0
2017-10-06,04:59,2.4
2017-10-06,04:59,0.0
2017-10-06,04:59,19.0
2017-10-06,04:59,0.0
2017-10-06,04:59,2.4
2017-10-06,04:59,2.38
2017-10-06,05:00,0.0
2017-10-06,05:00,0.0
2017-10-06,05:00,2.41
2017-10-06,05:00,2.4
2017-10-06,05:00,2.39
2017-10-06,05:00,19.0
2017-10-06,05:00,2.39
2017-10-06,05:00,0.0
2017-10-06,05:00,19.0
2017-10-06,05:00,2.4
2017-10-06,05:00,0.0
2017-10-06,05:00,19.1
2017-10-06,05:00,19.0
2017-10-06,05:00,19.0
2017-10-06,05:00,19.0
2017-10-06,05:00,19.0
2017-10-06,05:00,2.41
2017-10-06,05:00,19.0
2017-10-06,05:00,19.0
2017-10-06,05:00,19.0
2017-10-06,05:00,19.0
2017-10-06,05:00,19.1
2017-10-06,05:00,19.0
2017-10-06,05:00,0.0
2017-10-06,05:00,19.0
2017-10-06,05:00,19.0
2017-10-06,05:00,0.0
2017-10-06,05:00,19.0
2017-10-06,05:00,2.4
2017-10-06,05:00,19.0
2017-10-06,05:00,19.0
2017-10-06,05:00,19.0
2017-10-06,05:00,19.0
2017-10-06,05:01,19.0
2017-10-06,05:01,2.41
2017-10-06,05:01,19.0
2017-10-06,05:01,19.0
2017-10-06,05:01,19.1
2017-10-06,05:01,19.1
2017-10-06,05:01,19.0
2017-10-06,05:01,19.0
2017-10-06,05:01,19.1
2017-10-06,05:01,0.0
2017-10-06,05:01,0.0
2017-10-06,05:01,0.0
2017-10-06,05:01,0.0
2017-10-06,05:01,0.0
2017-10-06,05:01,19.0
2017-10-06,05:01,0.0
2017-10-06,05:01,0.0
2017-10-06,05:01,0.0
2017-10-06,05:01,19.1
2017-10-06,05:01,0.0
2017-10-06,05:01,0.0
2017-10-06,05:01,19.0
2017-10-06,05:01,19.0
2017-10-06,05:01,2.39
2017-10-06,05:01,19.0
2017-10-06,05:01,19.0
2017-10-06,05:01,19.0
2017-10-06,05:01,0.0
2017-10-06,05:01,0.0
2017-10-06,05:01,0.0
2017-10-06,05:01,19.0
2017-10-06,05:01,0.0
2017-10-06,05:01,19.0
2017-10-06,05:02,2.41
2017-10-06,05:02,2.41
2017-10-06,05:02,2.4
2017-10-06,05:02,19.0
2017-10-06,05:02,2.42
2017-10-06,05:02,0.0
2017-10-06,05:02,0.0
2017-10-06,05:02,0.0
2017-10-06,05:02,0.0
2017-10-06,05:02,0.0
2017-10-06,05:02,2.42
2017-10-06,05:02,0.0
2017-10-06,05:02,19.1
2017-10-06,05:02,0.0
2017-10-06,05:02,0.0
2017-10-06,05:02,19.0
2017-10-06,05:02,0.0
2017-10-06,05:02,2.39
2017-10-06,05:02,19.0
2017-10-06,05:02,0.0
2017-10-06,05:02,0.0
2017-10-06,05:02,19.1
2017-10-06,05:02,0.0
2017-10-06,05:02,2.4
2017-10-06,05:02,19.1
2017-10-06,05:02,0.0
2017-10-06,05:02,0.0
2017-10-06,05:02,19.0
2017-10-06,05:02,2.42
2017-10-06,05:02,19.1
2017-10-06,05:02,0.0
2017-10-06,05:02,19.0
2017-10-06,05:02,19.0
2017-10-06,05:02,0.0
2017-10-06,05:03,19.0
2017-10-06,05:03,19.0
2017-10-06,05:03,0.0
2017-10-06,05:03,2.39
2017-10-06,05:03,19.0
2017-10-06,05:03,19.0
2017-10-06,05:03,0.0
2017-10-06,05:03,2.41
2017-10-06,05:03,19.0
2017-10-06,05:03,0.0
2017-10-06,05:03,2.4
2017-10-06,05:03,2.4
2017-10-06,05:03,0.0
2017-10-06,05:03,19.0
2017-10-06,05:03,2.41
2017-10-06,05:03,0.0
2017-10-06,05:03,19.0
2017-10-06,05:03,2.4
2017-10-06,05:03,19.0
2017-10-06,05:03,19.0
2017-10-06,05:03,0.0
2017-10-06,05:03,19.0
2017-10-06,05:03,19.0
2017-10-06,05:03,0.0
2017-10-06,05:03,19.1
2017-10-06,05:03,19.1
2017-10-06,05:03,2.4
2017-10-06,05:03,19.0
2017-10-06,05:03,2.41
2017-10-06,05:03,0.0
2017-10-06,05:03,19.0
2017-10-06,05:03,19.0
2017-10-06,05:03,2.41
2017-10-06,05:04,19.1
2017-10-06,05:04,0.0
2017-10-06,05:04,19.0
2017-10-06,05:04,2.4
2017-10-06,05:04,0.0
2017-10-06,05:04,0.0
2017-10-06,05:04,0.0
2017-10-06,05:04,19.0
2017-10-06,05:04,0.0
2017-10-06,05:04,2.41
2017-10-06,05:04,19.1
2017-10-06,05:04,0.0
2017-10-06,05:04,2.4
2017-10-06,05:04,19.0
2017-10-06,05:04,19.0
2017-10-06,05:04,19.0
2017-10-06,05:04,19.0
2017-10-06,05:04,2.42
2017-10-06,05:04,19.0
2017-10-06,05:04,0.0
2017-10-06,05:04,2.4
2017-10-06,05:04,19.0
2017-10-06,05:04,0.0
2017-10-06,05:04,19.0
2017-10-06,05:04,0.0
2017-10-06,05:04,19.0
2017-10-06,05:04,19.0
2017-10-06,05:04,0.0
2017-10-06,05:04,19.0
2017-10-06,05:04,19.0
2017-10-06,05:04,0.0
2017-10-06,05:04,0.0
2017-10-06,05:04,19.0
2017-10-06,05:04,0.0
2017-10-06,05:05,19.0
2017-10-06,05:05,0.0
2017-10-06,05:05,19.0
2017-10-06,05:05,0.0
2017-10-06,05:05,0.0
2017-10-06,05:05,19.0
2017-10-06,05:05,0.0
2017-10-06,05:05,0.0
2017-10-06,05:05,0.0
2017-10-06,05:05,0.0
2017-10-06,05:05,0.0
2017-10-06,05:05,0.0
2017-10-06,05:05,0.0
2017-10-06,05:05,0.0
2017-10-06,05:05,2.42
2017-10-06,05:05,19.0
2017-10-06,05:05,0.0
2017-10-06,05:05,0.0
2017-10-06,05:05,0.0
2017-10-06,05:05,2.4
2017-10-06,05:05,2.43
2017-10-06,05:05,19.0
2017-10-06,05:05,19.0
2017-10-06,05:05,2.41
2017-10-06,05:05,2.4
2017-10-06,05:05,19.1
2017-10-06,05:05,0.0
2017-10-06,05:05,0.0
2017-10-06,05:05,19.1
2017-10-06,05:05,2.42
2017-10-06,05:05,19.0
2017-10-06,05:05,19.1
2017-10-06,05:05,19.0
2017-10-06,05:06,19.1
2017-10-06,05:06,19.0
2017-10-06,05:06,2.43
2017-10-06,05:06,19.0
2017-10-06,05:06,19.0
2017-10-06,05:06,2.41
2017-10-06,05:06,19.0
2017-10-06,05:06,19.0
2017-10-06,05:06,2.4
2017-10-06,05:06,19.0
2017-10-06,05:06,19.1
2017-10-06,05:06,19.1
2017-10-06,05:06,19.1
2017-10-06,05:06,2.39
2017-10-06,05:06,19.0
2017-10-06,05:06,0.0
2017-10-06,05:06,2.39
2017-10-06,05:06,19.0
2017-10-06,05:06,0.0
2017-10-06,05:06,19.0
2017-10-06,05:06,2.4
2017-10-06,05:06,19.1
2017-10-06,05:06,19.0
2017-10-06,05:06,19.0
2017-10-06,05:06,19.0
2017-10-06,05:06,19.0
2017-10-06,05:06,2.39
2017-10-06,05:06,19.0
2017-10-06,05:06,19.0
2017-10-06,05:06,19.0
2017-10-06,05:06,19.0
2017-10-06,05:06,19.0
2017-10-06,05:07,0.0
2017-10-06,05:07,2.41
2017-10-06,05:07,19.1
2017-10-06,05:07,0.0
2017-10-06,05:07,2.43
2017-10-06,05:07,19.0
2017-10-06,05:07,0.0
2017-10-06,05:07,19.0
2017-10-06,05:07,2.63
2017-10-06,05:07,0.0
2017-10-06,05:07,19.0
2017-10-06,05:07,0.0
2017-10-06,05:07,2.54
2017-10-06,05:07,2.53
2017-10-06,05:07,0.0
2017-10-06,05:07,0.0
2017-10-06,05:07,19.0
2017-10-06,05:07,19.0
2017-10-06,05:07,0.0
2017-10-06,05:07,19.0
2017-10-06,05:07,2.54
2017-10-06,05:07,0.0
2017-10-06,05:07,19.0
2017-10-06,05:07,2.53
2017-10-06,05:07,0.0
2017-10-06,05:07,19.0
2017-10-06,05:07,0.0
2017-10-06,05:07,0.0
2017-10-06,05:07,19.0
2017-10-06,05:07,0.0
2017-10-06,05:07,0.0
2017-10-06,05:07,2.49
2017-10-06,05:07,0.0
2017-10-06,05:07,0.0
2017-10-06,05:08,19.0
2017-10-06,05:08,0.0
2017-10-06,05:08,2.49
2017-10-06,05:08,19.0
2017-10-06,05:08,19.0
2017-10-06,05:08,19.0
2017-10-06,05:08,19.0
2017-10-06,05:08,19.0
2017-10-06,05:08,19.0
2017-10-06,05:08,19.0
2017-10-06,05:08,19.0
2017-10-06,05:08,19.0
2017-10-06,05:08,19.0
2017-10-06,05:08,2.51
2017-10-06,05:08,19.0
2017-10-06,05:08,0.0
2017-10-06,05:08,0.0
2017-10-06,05:08,2.51
2017-10-06,05:08,0.0
2017-10-06,05:08,0.0
2017-10-06,05:08,0.0
2017-10-06,05:08,19.0
2017-10-06,05:08,0.0
2017-10-06,05:08,0.0
2017-10-06,05:08,2.52
2017-10-06,05:08,0.0
2017-10-06,05:08,19.0
2017-10-06,05:08,0.0
2017-10-06,05:08,19.0
2017-10-06,05:08,2.5
2017-10-06,05:08,0.0
2017-10-06,05:08,2.51
2017-10-06,05:08,2.5
2017-10-06,05:08,0.0
2017-10-06,05:08,0.0
2017-10-06,05:09,19.0
2017-10-06,05:09,19.0
2017-10-06,05:09,2.5
2017-10-06,05:09,19.0
2017-10-06,05:09,19.0
2017-10-06,05:09,0.0
2017-10-06,05:09,19.0
2017-10-06,05:09,19.0
2017-10-06,05:09,0.0
2017-10-06,05:09,19.0
2017-10-06,05:09,0.0
2017-10-06,05:09,19.0
2017-10-06,05:09,19.0
2017-10-06,05:09,2.53
2017-10-06,05:09,0.0
2017-10-06,05:09,19.0
2017-10-06,05:09,2.51
2017-10-06,05:09,2.51
2017-10-06,05:09,19.0
2017-10-06,05:09,2.52
2017-10-06,05:09,19.0
2017-10-06,05:09,0.0
2017-10-06,05:09,2.52
2017-10-06,05:09,19.1
2017-10-06,05:09,0.0
2017-10-06,05:09,0.0
2017-10-06,05:09,0.0
2017-10-06,05:09,19.0
2017-10-06,05:09,0.0
2017-10-06,05:09,19.0
2017-10-06,05:09,19.0
2017-10-06,05:09,0.0
2017-10-06,05:10,19.0
2017-10-06,05:10,19.0
2017-10-06,05:10,0.0
2017-10-06,05:10,19.0
2017-10-06,05:10,0.0
2017-10-06,05:10,19.0
2017-10-06,05:10,19.0
2017-10-06,05:10,0.0
2017-10-06,05:10,19.0
2017-10-06,05:10,19.0
2017-10-06,05:10,0.0
2017-10-06,05:10,0.0
2017-10-06,05:10,19.0
2017-10-06,05:10,0.0
2017-10-06,05:10,19.0
2017-10-06,05:10,2.52
2017-10-06,05:10,0.0
2017-10-06,05:10,2.54
2017-10-06,05:10,19.0
2017-10-06,05:10,0.0
2017-10-06,05:10,0.0
2017-10-06,05:10,19.0
2017-10-06,05:10,19.0
2017-10-06,05:10,2.49
2017-10-06,05:10,19.0
2017-10-06,05:10,19.0
2017-10-06,05:10,19.0
2017-10-06,05:10,19.0
2017-10-06,05:10,19.0
2017-10-06,05:10,0.0
2017-10-06,05:10,19.0
2017-10-06,05:10,19.0
2017-10-06,05:10,19.0
2017-10-06,05:10,19.0
2017-10-06,05:10,19.0
2017-10-06,05:11,19.0
2017-10-06,05:11,19.0
2017-10-06,05:11,0.0
2017-10-06,05:11,19.0
2017-10-06,05:11,19.0
2017-10-06,05:11,2.54
2017-10-06,05:11,19.0
2017-10-06,05:11,19.0
2017-10-06,05:11,0.0
2017-10-06,05:11,19.0
2017-10-06,05:11,19.0
2017-10-06,05:11,2.51
2017-10-06,05:11,19.0
2017-10-06,05:11,19.0
2017-10-06,05:11,0.0
2017-10-06,05:11,19.0
2017-10-06,05:11,19.0
2017-10-06,05:11,0.0
2017-10-06,05:11,19.0
2017-10-06,05:11,19.0
2017-10-06,05:11,2.58
2017-10-06,05:11,0.0
2017-10-06,05:11,19.0
2017-10-06,05:11,0.0
2017-10-06,05:11,0.0
2017-10-06,05:11,2.49
2017-10-06,05:11,2.5
2017-10-06,05:11,0.0
2017-10-06,05:11,0.0
2017-10-06,05:11,0.0
2017-10-06,05:11,0.0
2017-10-06,05:11,19.0
2017-10-06,05:12,0.0
2017-10-06,05:12,0.0
2017-10-06,05:12,0.0
2017-10-06,05:12,2.52
2017-10-06,05:12,19.0
2017-10-06,05:12,19.0
2017-10-06,05:12,0.0
2017-10-06,05:12,19.0
2017-10-06,05:12,19.0
2017-10-06,05:12,2.49
2017-10-06,05:12,19.0
2017-10-06,05:12,19.0
2017-10-06,05:12,0.0
2017-10-06,05:12,19.0
2017-10-06,05:12,19.0
2017-10-06,05:12,2.5
2017-10-06,05:12,19.0
2017-10-06,05:12,19.0
2017-10-06,05:12,19.0
2017-10-06,05:12,0.0
2017-10-06,05:12,19.0
2017-10-06,05:12,19.0
2017-10-06,05:12,19.0
2017-10-06,05:12,2.52
2017-10-06,05:12,19.0
2017-10-06,05:12,0.0
2017-10-06,05:12,19.0
2017-10-06,05:12,0.0
2017-10-06,05:12,2.53
2017-10-06,05:12,19.0
2017-10-06,05:12,0.0
2017-10-06,05:12,1.0
2017-10-06,05:12,19.0
2017-10-06,05:13,2.5
2017-10-06,05:13,0.0
2017-10-06,05:13,2.49
2017-10-06,05:13,0.0
2017-10-06,05:13,0.0
2017-10-06,05:13,0.0
2017-10-06,05:13,2.56
2017-10-06,05:13,19.0
2017-10-06,05:13,2.49
2017-10-06,05:13,2.52
2017-10-06,05:13,19.0
2017-10-06,05:13,0.0
2017-10-06,05:13,19.0
2017-10-06,05:13,19.0
2017-10-06,05:13,0.0
2017-10-06,05:13,19.0
2017-10-06,05:13,0.0
2017-10-06,05:13,19.0
2017-10-06,05:13,19.0
2017-10-06,05:13,0.0
2017-10-06,05:13,19.0
2017-10-06,05:13,2.53
2017-10-06,05:13,0.0
2017-10-06,05:13,19.0
2017-10-06,05:13,0.0
2017-10-06,05:13,2.51
2017-10-06,05:13,19.0
2017-10-06,05:13,0.0
2017-10-06,05:13,0.0
2017-10-06,05:13,0.0
2017-10-06,05:13,19.0
2017-10-06,05:13,0.0
2017-10-06,05:13,0.0
2017-10-06,05:13,19.0
2017-10-06,05:14,0.0
2017-10-06,05:14,0.0
2017-10-06,05:14,19.0
2017-10-06,05:14,2.55
2017-10-06,05:14,0.0
2017-10-06,05:14,19.0
2017-10-06,05:14,0.0
2017-10-06,05:14,19.0
2017-10-06,05:14,0.0
2017-10-06,05:14,0.0
2017-10-06,05:14,0.0
2017-10-06,05:14,19.0
2017-10-06,05:14,19.0
2017-10-06,05:14,2.49
2017-10-06,05:14,19.0
2017-10-06,05:14,2.52
2017-10-06,05:14,0.0
2017-10-06,05:14,19.0
2017-10-06,05:14,0.0
2017-10-06,05:14,0.0
2017-10-06,05:14,19.0
2017-10-06,05:14,2.5
2017-10-06,05:14,0.0
2017-10-06,05:14,19.0
2017-10-06,05:14,0.0
2017-10-06,05:14,0.0
2017-10-06,05:14,19.0
2017-10-06,05:14,0.0
2017-10-06,05:14,2.5
2017-10-06,05:14,19.0
2017-10-06,05:14,0.0
2017-10-06,05:14,19.0
2017-10-06,05:14,0.0
2017-10-06,05:15,2.5
2017-10-06,05:15,2.51
2017-10-06,05:15,0.0
2017-10-06,05:15,19.0
2017-10-06,05:15,0.0
2017-10-06,05:15,19.0
2017-10-06,05:15,19.0
2017-10-06,05:15,0.0
2017-10-06,05:15,2.5
2017-10-06,05:15,2.53
2017-10-06,05:15,2.52
2017-10-06,05:15,0.0
2017-10-06,05:15,2.49
2017-10-06,05:15,2.49
2017-10-06,05:15,2.53
2017-10-06,05:15,19.0
2017-10-06,05:15,19.0
2017-10-06,05:15,0.0
2017-10-06,05:15,19.0
2017-10-06,05:15,19.0
2017-10-06,05:15,2.53
2017-10-06,05:15,19.0
2017-10-06,05:15,19.0
2017-10-06,05:15,0.0
2017-10-06,05:15,19.0
2017-10-06,05:15,19.0
2017-10-06,05:15,0.0
2017-10-06,05:15,19.0
2017-10-06,05:15,19.0
2017-10-06,05:15,0.0
2017-10-06,05:15,19.0
2017-10-06,05:15,0.0
2017-10-06,05:15,0.0
2017-10-06,05:15,0.0
2017-10-06,05:16,0.0
2017-10-06,05:16,2.5
2017-10-06,05:16,2.5
2017-10-06,05:16,2.54
2017-10-06,05:16,0.0
2017-10-06,05:16,19.0
2017-10-06,05:16,0.0
2017-10-06,05:16,2.49
2017-10-06,05:16,2.49
2017-10-06,05:16,2.5
2017-10-06,05:16,2.53
2017-10-06,05:16,2.5
2017-10-06,05:16,19.0
2017-10-06,05:16,0.0
2017-10-06,05:16,19.0
2017-10-06,05:16,19.0
2017-10-06,05:16,19.0
2017-10-06,05:16,0.0
2017-10-06,05:16,19.0
2017-10-06,05:16,19.0
2017-10-06,05:16,0.0
2017-10-06,05:16,19.0
2017-10-06,05:16,19.0
2017-10-06,05:16,0.0
2017-10-06,05:16,19.0
2017-10-06,05:16,19.0
2017-10-06,05:16,0.0
2017-10-06,05:16,0.0
2017-10-06,05:16,19.0
2017-10-06,05:16,0.0
2017-10-06,05:16,0.0
2017-10-06,05:16,19.0
2017-10-06,05:16,2.53
2017-10-06,05:16,0.0
2017-10-06,05:17,0.0
2017-10-06,05:17,0.0
2017-10-06,05:17,0.0
2017-10-06,05:17,0.0
2017-10-06,05:17,2.52
2017-10-06,05:17,19.0
2017-10-06,05:17,0.0
2017-10-06,05:17,0.0
2017-10-06,05:17,19.0
2017-10-06,05:17,0.0
2017-10-06,05:17,19.0
2017-10-06,05:17,3.1
2017-10-06,05:17,19.0
2017-10-06,05:17,19.0
2017-10-06,05:17,0.0
2017-10-06,05:17,19.0
2017-10-06,05:17,19.0
2017-10-06,05:17,19.0
2017-10-06,05:17,0.0
2017-10-06,05:17,19.0
2017-10-06,05:17,19.0
2017-10-06,05:17,0.0
2017-10-06,05:17,19.0
2017-10-06,05:17,19.0
2017-10-06,05:17,3.16
2017-10-06,05:17,19.0
2017-10-06,05:17,19.0
2017-10-06,05:17,0.0
2017-10-06,05:17,18.9
2017-10-06,05:17,18.9
2017-10-06,05:17,0.0
2017-10-06,05:17,0.0
2017-10-06,05:17,0.0
2017-10-06,05:17,0.0
2017-10-06,05:18,3.08
2017-10-06,05:18,0.0
2017-10-06,05:18,18.9
2017-10-06,05:18,0.0
2017-10-06,05:18,0.0
2017-10-06,05:18,19.0
2017-10-06,05:18,3.06
2017-10-06,05:18,18.9
2017-10-06,05:18,3.1
2017-10-06,05:18,3.06
2017-10-06,05:18,18.9
2017-10-06,05:18,0.0
2017-10-06,05:18,3.09
2017-10-06,05:18,19.0
2017-10-06,05:18,19.0
2017-10-06,05:18,3.1
2017-10-06,05:18,18.9
2017-10-06,05:18,18.9
2017-10-06,05:18,0.0
2017-10-06,05:18,18.9
2017-10-06,05:18,18.9
2017-10-06,05:18,0.0
2017-10-06,05:18,19.0
2017-10-06,05:18,19.0
2017-10-06,05:18,0.0
2017-10-06,05:18,19.0
2017-10-06,05:18,19.0
2017-10-06,05:18,3.1
2017-10-06,05:18,19.0
2017-10-06,05:18,19.0
2017-10-06,05:18,3.07
2017-10-06,05:18,0.0
2017-10-06,05:18,19.0
2017-10-06,05:19,0.0
2017-10-06,05:19,19.0
2017-10-06,05:19,18.9
2017-10-06,05:19,0.0
2017-10-06,05:19,19.0
2017-10-06,05:19,19.0
2017-10-06,05:19,3.03
2017-10-06,05:19,18.9
2017-10-06,05:19,19.0
2017-10-06,05:19,19.0
2017-10-06,05:19,0.0
2017-10-06,05:19,19.0
2017-10-06,05:19,18.9
2017-10-06,05:19,18.9
2017-10-06,05:19,3.06
2017-10-06,05:19,18.9
2017-10-06,05:19,0.0
2017-10-06,05:19,18.9
2017-10-06,05:19,0.0
2017-10-06,05:19,19.0
2017-10-06,05:19,3.05
2017-10-06,05:19,2.99
2017-10-06,05:19,19.0
2017-10-06,05:19,19.0
2017-10-06,05:19,0.0
2017-10-06,05:19,0.0
2017-10-06,05:19,3.0
2017-10-06,05:19,0.0
2017-10-06,05:19,0.0
2017-10-06,05:19,0.0
2017-10-06,05:19,3.0
2017-10-06,05:19,2.98
2017-10-06,05:19,2.98
2017-10-06,05:20,18.9
2017-10-06,05:20,18.9
2017-10-06,05:20,18.9
2017-10-06,05:20,19.0
2017-10-06,05:20,19.0
2017-10-06,05:20,3.0
2017-10-06,05:20,18.9
2017-10-06,05:20,18.9
2017-10-06,05:20,18.9
2017-10-06,05:20,19.0
2017-10-06,05:20,19.0
2017-10-06,05:20,3.01
2017-10-06,05:20,19.0
2017-10-06,05:20,19.0
2017-10-06,05:20,2.98
2017-10-06,05:20,19.0
2017-10-06,05:20,0.0
2017-10-06,05:20,0.0
2017-10-06,05:20,0.0
2017-10-06,05:20,19.0
2017-10-06,05:20,2.98
2017-10-06,05:20,0.0
2017-10-06,05:20,0.0
2017-10-06,05:20,0.0
2017-10-06,05:20,0.0
2017-10-06,05:20,0.0
2017-10-06,05:20,0.0
2017-10-06,05:20,0.0
2017-10-06,05:20,18.9
2017-10-06,05:20,0.0
2017-10-06,05:20,0.0
2017-10-06,05:20,19.0
2017-10-06,05:20,19.0
2017-10-06,05:20,19.0
2017-10-06,05:21,19.0
2017-10-06,05:21,18.9
2017-10-06,05:21,18.9
2017-10-06,05:21,18.9
2017-10-06,05:21,2.97
2017-10-06,05:21,18.9
2017-10-06,05:21,0.0
2017-10-06,05:21,18.9
2017-10-06,05:21,18.9
2017-10-06,05:21,18.9
2017-10-06,05:21,19.0
2017-10-06,05:21,19.0
2017-10-06,05:21,2.97
2017-10-06,05:21,19.0
2017-10-06,05:21,18.9
2017-10-06,05:21,19.0
2017-10-06,05:21,19.0
2017-10-06,05:21,19.0
2017-10-06,05:21,0.0
2017-10-06,05:21,18.9
2017-10-06,05:21,18.9
2017-10-06,05:21,19.0
2017-10-06,05:21,3.03
2017-10-06,05:21,19.0
2017-10-06,05:21,19.0
2017-10-06,05:21,0.0
2017-10-06,05:21,19.0
2017-10-06,05:21,19.0
2017-10-06,05:21,19.0
2017-10-06,05:21,2.96
2017-10-06,05:21,19.0
2017-10-06,05:21,19.0
2017-10-06,05:21,0.0
2017-10-06,05:22,19.0
2017-10-06,05:22,19.0
2017-10-06,05:22,0.0
2017-10-06,05:22,19.0
2017-10-06,05:22,19.0
2017-10-06,05:22,0.0
2017-10-06,05:22,19.0
2017-10-06,05:22,19.0
2017-10-06,05:22,0.0
2017-10-06,05:22,19.0
2017-10-06,05:22,19.0
2017-10-06,05:22,2.99
2017-10-06,05:22,19.0
2017-10-06,05:22,0.0
2017-10-06,05:22,0.0
2017-10-06,05:22,19.0
2017-10-06,05:22,0.0
2017-10-06,05:22,0.0
2017-10-06,05:22,2.98
2017-10-06,05:22,0.0
2017-10-06,05:22,3.0
2017-10-06,05:22,2.93
2017-10-06,05:22,0.0
2017-10-06,05:22,19.0
2017-10-06,05:22,0.0
2017-10-06,05:22,3.0
2017-10-06,05:22,2.94
2017-10-06,05:22,0.0
2017-10-06,05:22,0.0
2017-10-06,05:22,2.95
2017-10-06,05:22,0.0
2017-10-06,05:22,19.0
2017-10-06,05:23,0.0
2017-10-06,05:23,19.0
2017-10-06,05:23,19.0
2017-10-06,05:23,0.0
2017-10-06,05:23,19.0
2017-10-06,05:23,19.0
2017-10-06,05:23,0.0
2017-10-06,05:23,19.0
2017-10-06,05:23,0.0
2017-10-06,05:23,19.0
2017-10-06,05:23,19.0
2017-10-06,05:23,0.0
2017-10-06,05:23,0.0
2017-10-06,05:23,19.0
2017-10-06,05:23,2.97
2017-10-06,05:23,19.0
2017-10-06,05:23,19.0
2017-10-06,05:23,2.97
2017-10-06,05:23,2.98
2017-10-06,05:23,19.0
2017-10-06,05:23,19.0
2017-10-06,05:23,0.0
2017-10-06,05:23,19.0
2017-10-06,05:23,2.92
2017-10-06,05:23,0.0
2017-10-06,05:23,2.94
2017-10-06,05:23,19.0
2017-10-06,05:23,0.0
2017-10-06,05:23,2.93
2017-10-06,05:23,2.95
2017-10-06,05:23,19.0
2017-10-06,05:23,19.0
2017-10-06,05:23,19.0
2017-10-06,05:23,19.0
2017-10-06,05:23,19.0
2017-10-06,05:24,19.0
2017-10-06,05:24,19.0
2017-10-06,05:24,19.0
2017-10-06,05:24,19.0
2017-10-06,05:24,19.0
2017-10-06,05:24,19.0
2017-10-06,05:24,19.0
2017-10-06,05:24,19.0
2017-10-06,05:24,19.0
2017-10-06,05:24,19.0
2017-10-06,05:24,19.0
2017-10-06,05:24,19.0
2017-10-06,05:24,19.0
2017-10-06,05:24,19.0
2017-10-06,05:24,19.0
2017-10-06,05:24,19.0
2017-10-06,05:24,19.0
2017-10-06,05:24,19.0
2017-10-06,05:24,19.0
2017-10-06,05:24,19.0
2017-10-06,05:24,0.0
2017-10-06,05:24,19.0
2017-10-06,05:24,19.0
2017-10-06,05:24,19.0
2017-10-06,05:24,19.0
2017-10-06,05:24,0.0
2017-10-06,05:24,19.0
2017-10-06,05:24,0.0
2017-10-06,05:24,0.0
2017-10-06,05:24,2.97
2017-10-06,05:24,0.0
2017-10-06,05:24,0.0
2017-10-06,05:25,2.97
2017-10-06,05:25,0.0
2017-10-06,05:25,19.0
2017-10-06,05:25,2.93
2017-10-06,05:25,0.0
2017-10-06,05:25,0.0
2017-10-06,05:25,19.0
2017-10-06,05:25,0.0
2017-10-06,05:25,19.0
2017-10-06,05:25,0.0
2017-10-06,05:25,3.0
2017-10-06,05:25,0.0
2017-10-06,05:25,19.0
2017-10-06,05:25,0.0
2017-10-06,05:25,0.0
2017-10-06,05:25,2.96
2017-10-06,05:25,19.0
2017-10-06,05:25,19.0
2017-10-06,05:25,19.0
2017-10-06,05:25,0.0
2017-10-06,05:25,19.0
2017-10-06,05:25,0.0
2017-10-06,05:25,19.0
2017-10-06,05:25,19.0
2017-10-06,05:25,0.0
2017-10-06,05:25,19.0
2017-10-06,05:25,19.0
2017-10-06,05:25,19.0
2017-10-06,05:25,19.0
2017-10-06,05:25,19.0
2017-10-06,05:25,19.0
2017-10-06,05:25,19.0
2017-10-06,05:25,19.0
2017-10-06,05:26,19.0
2017-10-06,05:26,19.0
2017-10-06,05:26,0.0
2017-10-06,05:26,19.0
2017-10-06,05:26,19.0
2017-10-06,05:26,0.0
2017-10-06,05:26,19.0
2017-10-06,05:26,19.0
2017-10-06,05:26,0.0
2017-10-06,05:26,19.0
2017-10-06,05:26,19.0
2017-10-06,05:26,19.0
2017-10-06,05:26,19.0
2017-10-06,05:26,19.0
2017-10-06,05:26,19.0
2017-10-06,05:26,19.0
2017-10-06,05:26,19.0
2017-10-06,05:26,0.0
2017-10-06,05:26,19.0
2017-10-06,05:26,19.0
2017-10-06,05:26,2.96
2017-10-06,05:26,0.0
2017-10-06,05:26,19.0
2017-10-06,05:26,0.0
2017-10-06,05:26,2.96
2017-10-06,05:26,19.0
2017-10-06,05:26,19.0
2017-10-06,05:26,2.94
2017-10-06,05:26,19.0
2017-10-06,05:26,19.0
2017-10-06,05:26,19.0
2017-10-06,05:26,19.0
2017-10-06,05:26,19.0
2017-10-06,05:27,19.0
2017-10-06,05:27,19.0
2017-10-06,05:27,19.0
2017-10-06,05:27,19.0
2017-10-06,05:27,19.0
2017-10-06,05:27,19.0
2017-10-06,05:27,0.0
2017-10-06,05:27,19.0
2017-10-06,05:27,19.0
2017-10-06,05:27,19.0
2017-10-06,05:27,2.98
2017-10-06,05:27,19.0
2017-10-06,05:27,0.0
2017-10-06,05:27,19.0
2017-10-06,05:27,19.0
2017-10-06,05:27,2.94
2017-10-06,05:27,19.0
2017-10-06,05:27,19.0
2017-10-06,05:27,19.0
2017-10-06,05:27,0.0
2017-10-06,05:27,19.0
2017-10-06,05:27,2.95
2017-10-06,05:27,0.0
2017-10-06,05:27,0.0
2017-10-06,05:27,2.94
2017-10-06,05:27,0.0
2017-10-06,05:27,19.0
2017-10-06,05:27,2.95
2017-10-06,05:27,19.0
2017-10-06,05:27,19.0
2017-10-06,05:27,0.0
2017-10-06,05:27,0.0
2017-10-06,05:27,19.0
2017-10-06,05:28,0.0
2017-10-06,05:28,0.0
2017-10-06,05:28,19.0
2017-10-06,05:28,0.0
2017-10-06,05:28,19.0
2017-10-06,05:28,0.0
2017-10-06,05:28,0.0
2017-10-06,05:28,19.0
2017-10-06,05:28,0.0
2017-10-06,05:28,0.0
2017-10-06,05:28,19.0
2017-10-06,05:28,2.99
2017-10-06,05:28,0.0
2017-10-06,05:28,19.0
2017-10-06,05:28,3.0
2017-10-06,05:28,0.0
2017-10-06,05:28,19.0
2017-10-06,05:28,0.0
2017-10-06,05:28,0.0
2017-10-06,05:28,19.0
2017-10-06,05:28,0.0
2017-10-06,05:28,0.0
2017-10-06,05:28,19.0
2017-10-06,05:28,0.0
2017-10-06,05:28,0.0
2017-10-06,05:28,19.0
2017-10-06,05:28,19.0
2017-10-06,05:28,0.0
2017-10-06,05:28,19.0
2017-10-06,05:28,0.0
2017-10-06,05:28,2.99
2017-10-06,05:28,19.0
2017-10-06,05:28,0.0
2017-10-06,05:29,0.0
2017-10-06,05:29,0.0
2017-10-06,05:29,19.0
2017-10-06,05:29,3.02
2017-10-06,05:29,3.29
2017-10-06,05:29,19.0
2017-10-06,05:29,0.0
2017-10-06,05:29,3.03
2017-10-06,05:29,0.0
2017-10-06,05:29,2.96
2017-10-06,05:29,19.0
2017-10-06,05:29,19.0
2017-10-06,05:29,0.0
2017-10-06,05:29,19.0
2017-10-06,05:29,2.84
2017-10-06,05:29,0.0
2017-10-06,05:29,19.0
2017-10-06,05:29,19.0
2017-10-06,05:29,2.84
2017-10-06,05:29,19.0
2017-10-06,05:29,19.0
2017-10-06,05:29,19.0
2017-10-06,05:29,19.0
2017-10-06,05:29,19.0
2017-10-06,05:29,0.0
2017-10-06,05:29,19.0
2017-10-06,05:29,19.0
2017-10-06,05:29,19.0
2017-10-06,05:29,0.0
2017-10-06,05:29,19.0
2017-10-06,05:29,19.0
2017-10-06,05:29,0.0
2017-10-06,05:29,19.0
2017-10-06,05:30,19.0
2017-10-06,05:30,19.0
2017-10-06,05:30,19.0
2017-10-06,05:30,1.0
2017-10-06,05:30,0.0
2017-10-06,05:30,19.0
2017-10-06,05:30,0.0
2017-10-06,05:30,0.0
2017-10-06,05:30,0.0
2017-10-06,05:30,19.0
2017-10-06,05:30,0.0
2017-10-06,05:30,19.0
2017-10-06,05:30,19.0
2017-10-06,05:30,19.0
2017-10-06,05:30,19.0
2017-10-06,05:30,19.0
2017-10-06,05:30,19.0
2017-10-06,05:30,19.0
2017-10-06,05:30,19.0
2017-10-06,05:30,19.0
2017-10-06,05:30,19.0
2017-10-06,05:30,0.0
2017-10-06,05:30,19.0
2017-10-06,05:30,0.0
2017-10-06,05:30,19.0
2017-10-06,05:30,19.0
2017-10-06,05:30,0.0
2017-10-06,05:30,19.0
2017-10-06,05:30,0.0
2017-10-06,05:30,2.88
2017-10-06,05:30,0.0
2017-10-06,05:30,0.0
2017-10-06,05:30,19.0
2017-10-06,05:30,0.0
2017-10-06,05:31,2.88
2017-10-06,05:31,19.0
2017-10-06,05:31,19.0
2017-10-06,05:31,19.0
2017-10-06,05:31,2.89
2017-10-06,05:31,19.0
2017-10-06,05:31,19.0
2017-10-06,05:31,2.89
2017-10-06,05:31,19.0
2017-10-06,05:31,19.0
2017-10-06,05:31,19.0
2017-10-06,05:31,0.0
2017-10-06,05:31,19.0
2017-10-06,05:31,19.0
2017-10-06,05:31,19.0
2017-10-06,05:31,19.0
2017-10-06,05:31,19.0
2017-10-06,05:31,0.0
2017-10-06,05:31,19.0
2017-10-06,05:31,19.0
2017-10-06,05:31,19.0
2017-10-06,05:31,19.0
2017-10-06,05:31,19.0
2017-10-06,05:31,19.0
2017-10-06,05:31,0.0
2017-10-06,05:31,19.0
2017-10-06,05:31,19.0
2017-10-06,05:31,0.0
2017-10-06,05:31,19.0
2017-10-06,05:31,2.86
2017-10-06,05:31,19.0
2017-10-06,05:31,19.0
2017-10-06,05:32,2.85
2017-10-06,05:32,19.0
2017-10-06,05:32,19.0
2017-10-06,05:32,2.88
2017-10-06,05:32,0.0
2017-10-06,05:32,19.0
2017-10-06,05:32,19.0
2017-10-06,05:32,19.0
2017-10-06,05:32,19.0
2017-10-06,05:32,19.0
2017-10-06,05:32,2.87
2017-10-06,05:32,19.0
2017-10-06,05:32,19.0
2017-10-06,05:32,0.0
2017-10-06,05:32,19.0
2017-10-06,05:32,19.0
2017-10-06,05:32,0.0
2017-10-06,05:32,2.84
2017-10-06,05:32,19.0
2017-10-06,05:32,0.0
2017-10-06,05:32,0.0
2017-10-06,05:32,19.0
2017-10-06,05:32,2.89
2017-10-06,05:32,2.89
2017-10-06,05:32,19.0
2017-10-06,05:32,2.9
2017-10-06,05:32,0.0
2017-10-06,05:32,19.0
2017-10-06,05:32,0.0
2017-10-06,05:32,19.0
2017-10-06,05:32,2.87
2017-10-06,05:32,0.0
2017-10-06,05:32,19.0
2017-10-06,05:32,2.87
2017-10-06,05:32,19.0
2017-10-06,05:33,19.0
2017-10-06,05:33,0.0
2017-10-06,05:33,19.0
2017-10-06,05:33,19.0
2017-10-06,05:33,19.0
2017-10-06,05:33,19.0
2017-10-06,05:33,0.0
2017-10-06,05:33,19.0
2017-10-06,05:33,19.0
2017-10-06,05:33,0.0
2017-10-06,05:33,19.0
2017-10-06,05:33,19.0
2017-10-06,05:33,19.0
2017-10-06,05:33,0.0
2017-10-06,05:33,19.0
2017-10-06,05:33,2.88
2017-10-06,05:33,19.0
2017-10-06,05:33,0.0
2017-10-06,05:33,2.89
2017-10-06,05:33,0.0
2017-10-06,05:33,19.0
2017-10-06,05:33,2.89
2017-10-06,05:33,0.0
2017-10-06,05:33,0.0
2017-10-06,05:33,19.0
2017-10-06,05:33,0.0
2017-10-06,05:33,0.0
2017-10-06,05:33,19.0
2017-10-06,05:33,19.0
2017-10-06,05:33,19.0
2017-10-06,05:33,19.0
2017-10-06,05:33,2.86
2017-10-06,05:34,19.0
2017-10-06,05:34,19.0
2017-10-06,05:34,2.9
2017-10-06,05:34,2.85
2017-10-06,05:34,19.0
2017-10-06,05:34,2.89
2017-10-06,05:34,0.0
2017-10-06,05:34,19.0
2017-10-06,05:34,2.84
2017-10-06,05:34,19.0
2017-10-06,05:34,19.0
2017-10-06,05:34,19.0
2017-10-06,05:34,0.0
2017-10-06,05:34,19.0
2017-10-06,05:34,19.0
2017-10-06,05:34,0.0
2017-10-06,05:34,0.0
2017-10-06,05:34,19.0
2017-10-06,05:34,0.0
2017-10-06,05:34,19.0
2017-10-06,05:34,19.0
2017-10-06,05:34,0.0
2017-10-06,05:34,19.0
2017-10-06,05:34,0.0
2017-10-06,05:34,0.0
2017-10-06,05:34,19.0
2017-10-06,05:34,2.89
2017-10-06,05:34,2.83
2017-10-06,05:34,19.0
2017-10-06,05:34,0.0
2017-10-06,05:34,19.0
2017-10-06,05:34,19.0
2017-10-06,05:34,2.85
2017-10-06,05:34,19.0
2017-10-06,05:35,0.0
2017-10-06,05:35,0.0
2017-10-06,05:35,19.0
2017-10-06,05:35,0.0
2017-10-06,05:35,19.0
2017-10-06,05:35,19.0
2017-10-06,05:35,0.0
2017-10-06,05:35,19.0
2017-10-06,05:35,2.84
2017-10-06,05:35,0.0
2017-10-06,05:35,0.0
2017-10-06,05:35,19.0
2017-10-06,05:35,0.0
2017-10-06,05:35,0.0
2017-10-06,05:35,19.0
2017-10-06,05:35,0.0
2017-10-06,05:35,0.0
2017-10-06,05:35,0.0
2017-10-06,05:35,19.0
2017-10-06,05:35,0.0
2017-10-06,05:35,19.0
2017-10-06,05:35,2.9
2017-10-06,05:35,0.0
2017-10-06,05:35,0.0
2017-10-06,05:35,2.86
2017-10-06,05:35,0.0
2017-10-06,05:35,0.0
2017-10-06,05:35,0.0
2017-10-06,05:35,2.83
2017-10-06,05:35,19.0
2017-10-06,05:35,2.86
2017-10-06,05:35,2.86
2017-10-06,05:35,19.0
2017-10-06,05:36,0.0
2017-10-06,05:36,19.0
2017-10-06,05:36,19.0
2017-10-06,05:36,19.0
2017-10-06,05:36,2.87
2017-10-06,05:36,19.0
2017-10-06,05:36,19.0
2017-10-06,05:36,19.0
2017-10-06,05:36,0.0
2017-10-06,05:36,19.0
2017-10-06,05:36,19.0
2017-10-06,05:36,2.89
2017-10-06,05:36,19.0
2017-10-06,05:36,19.0
2017-10-06,05:36,0.0
2017-10-06,05:36,19.0
2017-10-06,05:36,0.0
2017-10-06,05:36,19.0
2017-10-06,05:36,19.0
2017-10-06,05:36,0.0
2017-10-06,05:36,19.0
2017-10-06,05:36,19.0
2017-10-06,05:36,0.0
2017-10-06,05:36,19.0
2017-10-06,05:36,0.0
2017-10-06,05:36,19.0
2017-10-06,05:36,2.88
2017-10-06,05:36,0.0
2017-10-06,05:36,19.0
2017-10-06,05:36,0.0
2017-10-06,05:36,0.0
2017-10-06,05:36,19.0
2017-10-06,05:36,0.0
2017-10-06,05:37,0.0
2017-10-06,05:37,0.0
2017-10-06,05:37,2.85
2017-10-06,05:37,0.0
2017-10-06,05:37,0.0
2017-10-06,05:37,0.0
2017-10-06,05:37,0.0
2017-10-06,05:37,0.0
2017-10-06,05:37,2.81
2017-10-06,05:37,0.0
2017-10-06,05:37,0.0
2017-10-06,05:37,19.0
2017-10-06,05:37,0.0
2017-10-06,05:37,2.83
2017-10-06,05:37,19.0
2017-10-06,05:37,0.0
2017-10-06,05:37,19.0
2017-10-06,05:37,0.0
2017-10-06,05:37,19.0
2017-10-06,05:37,0.0
2017-10-06,05:37,19.0
2017-10-06,05:37,0.0
2017-10-06,05:37,0.0
2017-10-06,05:37,0.0
2017-10-06,05:37,0.0
2017-10-06,05:37,19.0
2017-10-06,05:37,0.0
2017-10-06,05:37,19.0
2017-10-06,05:37,2.87
2017-10-06,05:37,0.0
2017-10-06,05:37,19.0
2017-10-06,05:37,0.0
2017-10-06,05:37,0.0
2017-10-06,05:38,19.0
2017-10-06,05:38,2.83
2017-10-06,05:38,0.0
2017-10-06,05:38,0.0
2017-10-06,05:38,0.0
2017-10-06,05:38,0.0
2017-10-06,05:38,0.0
2017-10-06,05:38,2.81
2017-10-06,05:38,0.0
2017-10-06,05:38,0.0
2017-10-06,05:38,0.0
2017-10-06,05:38,2.8
2017-10-06,05:38,2.84
2017-10-06,05:38,2.85
2017-10-06,05:38,2.85
2017-10-06,05:38,2.82
2017-10-06,05:38,0.0
2017-10-06,05:38,2.86
2017-10-06,05:38,2.84
2017-10-06,05:38,0.0
2017-10-06,05:38,2.89
2017-10-06,05:38,19.0
2017-10-06,05:38,2.87
2017-10-06,05:38,19.0
2017-10-06,05:38,19.0
2017-10-06,05:38,0.0
2017-10-06,05:38,0.0
2017-10-06,05:38,19.0
2017-10-06,05:38,0.0
2017-10-06,05:38,0.0
2017-10-06,05:38,2.85
2017-10-06,05:38,0.0
2017-10-06,05:38,0.0
2017-10-06,05:38,0.0
2017-10-06,05:39,2.85
2017-10-06,05:39,19.0
2017-10-06,05:39,2.8
2017-10-06,05:39,2.83
2017-10-06,05:39,19.0
2017-10-06,05:39,0.0
2017-10-06,05:39,19.0
2017-10-06,05:39,19.0
2017-10-06,05:39,0.0
2017-10-06,05:39,19.0
2017-10-06,05:39,19.0
2017-10-06,05:39,0.0
2017-10-06,05:39,19.0
2017-10-06,05:39,19.0
2017-10-06,05:39,0.0
2017-10-06,05:39,0.0
2017-10-06,05:39,0.0
2017-10-06,05:39,19.0
2017-10-06,05:39,0.0
2017-10-06,05:39,19.0
2017-10-06,05:39,19.0
2017-10-06,05:39,0.0
2017-10-06,05:39,19.0
2017-10-06,05:39,19.0
2017-10-06,05:39,0.0
2017-10-06,05:39,19.0
2017-10-06,05:39,19.0
2017-10-06,05:39,19.0
2017-10-06,05:39,19.0
2017-10-06,05:39,0.0
2017-10-06,05:39,19.0
2017-10-06,05:39,19.0
2017-10-06,05:39,19.0
2017-10-06,05:39,19.0
2017-10-06,05:40,0.0
2017-10-06,05:40,19.0
2017-10-06,05:40,0.0
2017-10-06,05:40,0.0
2017-10-06,05:40,0.0
2017-10-06,05:40,19.0
2017-10-06,05:40,0.0
2017-10-06,05:40,0.0
2017-10-06,05:40,19.0
2017-10-06,05:40,0.0
2017-10-06,05:40,19.0
2017-10-06,05:40,2.83
2017-10-06,05:40,19.0
2017-10-06,05:40,19.0
2017-10-06,05:40,2.81
2017-10-06,05:40,19.0
2017-10-06,05:40,19.0
2017-10-06,05:40,2.86
2017-10-06,05:40,19.0
2017-10-06,05:40,19.0
2017-10-06,05:40,19.0
2017-10-06,05:40,19.0
2017-10-06,05:40,19.0
2017-10-06,05:40,19.0
2017-10-06,05:40,19.0
2017-10-06,05:40,19.0
2017-10-06,05:40,19.0
2017-10-06,05:40,2.83
2017-10-06,05:40,19.0
2017-10-06,05:40,19.0
2017-10-06,05:40,19.0
2017-10-06,05:40,19.0
2017-10-06,05:40,19.0
2017-10-06,05:41,0.0
2017-10-06,05:41,0.0
2017-10-06,05:41,19.1
2017-10-06,05:41,19.0
2017-10-06,05:41,0.0
2017-10-06,05:41,0.0
2017-10-06,05:41,0.0
2017-10-06,05:41,0.0
2017-10-06,05:41,0.0
2017-10-06,05:41,0.0
2017-10-06,05:41,2.9
2017-10-06,05:41,0.0
2017-10-06,05:41,0.0
2017-10-06,05:41,2.79
2017-10-06,05:41,0.0
2017-10-06,05:41,2.8
2017-10-06,05:41,2.83
2017-10-06,05:41,19.0
2017-10-06,05:41,2.83
2017-10-06,05:41,2.8
2017-10-06,05:41,2.83
2017-10-06,05:41,19.0
2017-10-06,05:41,19.0
2017-10-06,05:41,19.0
2017-10-06,05:41,19.0
2017-10-06,05:41,19.0
2017-10-06,05:41,19.0
2017-10-06,05:41,19.0
2017-10-06,05:41,19.0
2017-10-06,05:41,19.0
2017-10-06,05:41,19.0
2017-10-06,05:41,19.0
2017-10-06,05:41,19.0
2017-10-06,05:41,19.0
2017-10-06,05:42,19.0
2017-10-06,05:42,2.82
2017-10-06,05:42,19.0
2017-10-06,05:42,19.0
2017-10-06,05:42,0.0
2017-10-06,05:42,19.0
2017-10-06,05:42,19.0
2017-10-06,05:42,19.0
2017-10-06,05:42,19.0
2017-10-06,05:42,19.0
2017-10-06,05:42,0.0
2017-10-06,05:42,19.0
2017-10-06,05:42,19.0
2017-10-06,05:42,19.0
2017-10-06,05:42,19.0
2017-10-06,05:42,19.0
2017-10-06,05:42,19.0
2017-10-06,05:42,0.0
2017-10-06,05:42,19.0
2017-10-06,05:42,19.0
2017-10-06,05:42,19.0
2017-10-06,05:42,19.0
2017-10-06,05:42,19.0
2017-10-06,05:42,19.0
2017-10-06,05:42,0.0
2017-10-06,05:42,19.0
2017-10-06,05:42,19.0
2017-10-06,05:42,2.85
2017-10-06,05:42,19.0
2017-10-06,05:42,19.0
2017-10-06,05:42,2.82
2017-10-06,05:42,19.0
2017-10-06,05:43,19.0
2017-10-06,05:43,0.0
2017-10-06,05:43,19.0
2017-10-06,05:43,19.0
2017-10-06,05:43,0.0
2017-10-06,05:43,19.0
2017-10-06,05:43,19.0
2017-10-06,05:43,0.0
2017-10-06,05:43,19.0
2017-10-06,05:43,19.0
2017-10-06,05:43,0.0
2017-10-06,05:43,0.0
2017-10-06,05:43,19.0
2017-10-06,05:43,0.0
2017-10-06,05:43,2.79
2017-10-06,05:43,19.0
2017-10-06,05:43,2.84
2017-10-06,05:43,2.83
2017-10-06,05:43,19.0
2017-10-06,05:43,0.0
2017-10-06,05:43,2.8
2017-10-06,05:43,0.0
2017-10-06,05:43,2.84
2017-10-06,05:43,19.0
2017-10-06,05:43,19.0
2017-10-06,05:43,0.0
2017-10-06,05:43,19.0
2017-10-06,05:43,2.83
2017-10-06,05:43,19.0
2017-10-06,05:43,2.8
2017-10-06,05:43,19.0
2017-10-06,05:43,0.0
2017-10-06,05:43,19.0
2017-10-06,05:44,19.0
2017-10-06,05:44,19.0
2017-10-06,05:44,2.84
2017-10-06,05:44,19.0
2017-10-06,05:44,0.0
2017-10-06,05:44,19.0
2017-10-06,05:44,19.0
2017-10-06,05:44,0.0
2017-10-06,05:44,19.0
2017-10-06,05:44,19.0
2017-10-06,05:44,2.8
2017-10-06,05:44,18.9
2017-10-06,05:44,18.9
2017-10-06,05:44,2.78
2017-10-06,05:44,19.0
2017-10-06,05:44,0.0
2017-10-06,05:44,19.0
2017-10-06,05:44,0.0
2017-10-06,05:44,2.79
2017-10-06,05:44,19.0
2017-10-06,05:44,0.0
2017-10-06,05:44,0.0
2017-10-06,05:44,19.0
2017-10-06,05:44,0.0
2017-10-06,05:44,19.0
2017-10-06,05:44,2.8
2017-10-06,05:44,0.0
2017-10-06,05:44,2.83
2017-10-06,05:44,2.82
2017-10-06,05:44,18.9
2017-10-06,05:44,0.0
2017-10-06,05:44,2.81
2017-10-06,05:44,19.0
2017-10-06,05:45,2.81
2017-10-06,05:45,18.9
2017-10-06,05:45,18.9
2017-10-06,05:45,0.0
2017-10-06,05:45,18.9
2017-10-06,05:45,18.9
2017-10-06,05:45,0.0
2017-10-06,05:45,19.0
2017-10-06,05:45,18.9
2017-10-06,05:45,0.0
2017-10-06,05:45,19.0
2017-10-06,05:45,18.9
2017-10-06,05:45,2.81
2017-10-06,05:45,0.0
2017-10-06,05:45,18.9
2017-10-06,05:45,2.79
2017-10-06,05:45,18.9
2017-10-06,05:45,19.0
2017-10-06,05:45,18.9
2017-10-06,05:45,19.0
2017-10-06,05:45,18.9
2017-10-06,05:45,0.0
2017-10-06,05:45,19.0
2017-10-06,05:45,18.9
2017-10-06,05:45,0.0
2017-10-06,05:45,18.9
2017-10-06,05:45,19.0
2017-10-06,05:45,0.0
2017-10-06,05:45,18.9
2017-10-06,05:45,19.0
2017-10-06,05:45,0.0
2017-10-06,05:45,0.0
2017-10-06,05:45,18.9
2017-10-06,05:46,0.0
2017-10-06,05:46,2.82
2017-10-06,05:46,19.0
2017-10-06,05:46,0.0
2017-10-06,05:46,0.0
2017-10-06,05:46,19.0
2017-10-06,05:46,0.0
2017-10-06,05:46,2.8
2017-10-06,05:46,18.9
2017-10-06,05:46,0.0
2017-10-06,05:46,0.0
2017-10-06,05:46,0.0
2017-10-06,05:46,19.0
2017-10-06,05:46,2.82
2017-10-06,05:46,0.0
2017-10-06,05:46,18.9
2017-10-06,05:46,0.0
2017-10-06,05:46,0.0
2017-10-06,05:46,19.0
2017-10-06,05:46,0.0
2017-10-06,05:46,0.0
2017-10-06,05:46,0.0
2017-10-06,05:46,0.0
2017-10-06,05:46,2.78
2017-10-06,05:46,0.0
2017-10-06,05:46,19.0
2017-10-06,05:46,0.0
2017-10-06,05:46,0.0
2017-10-06,05:46,19.0
2017-10-06,05:46,19.0
2017-10-06,05:46,0.0
2017-10-06,05:46,19.0
2017-10-06,05:46,0.0
2017-10-06,05:46,19.0
2017-10-06,05:47,19.0
2017-10-06,05:47,0.0
2017-10-06,05:47,19.0
2017-10-06,05:47,19.0
2017-10-06,05:47,0.0
2017-10-06,05:47,31.92
2017-10-06,05:47,0.0
2017-10-06,05:47,18.9
2017-10-06,05:47,0.0
2017-10-06,05:47,0.0
2017-10-06,05:47,19.0
2017-10-06,05:47,18.9
2017-10-06,05:47,0.0
2017-10-06,05:47,19.0
2017-10-06,05:47,0.0
2017-10-06,05:47,19.0
2017-10-06,05:47,19.0
2017-10-06,05:47,0.0
2017-10-06,05:47,19.0
2017-10-06,05:47,18.9
2017-10-06,05:47,32.55
2017-10-06,05:47,0.0
2017-10-06,05:47,0.0
2017-10-06,05:47,19.0
2017-10-06,05:47,0.0
2017-10-06,05:47,18.9
2017-10-06,05:47,0.0
2017-10-06,05:47,0.0
2017-10-06,05:47,19.0
2017-10-06,05:47,18.9
2017-10-06,05:47,0.0
2017-10-06,05:47,19.0
2017-10-06,05:47,0.0
2017-10-06,05:47,18.9
2017-10-06,05:48,18.9
2017-10-06,05:48,2.78
2017-10-06,05:48,19.0
2017-10-06,05:48,18.9
2017-10-06,05:48,19.0
2017-10-06,05:48,19.0
2017-10-06,05:48,18.9
2017-10-06,05:48,18.9
2017-10-06,05:48,18.9
2017-10-06,05:48,18.9
2017-10-06,05:48,18.9
2017-10-06,05:48,19.0
2017-10-06,05:48,0.0
2017-10-06,05:48,19.0
2017-10-06,05:48,18.9
2017-10-06,05:48,18.9
2017-10-06,05:48,19.0
2017-10-06,05:48,18.9
2017-10-06,05:48,2.83
2017-10-06,05:48,18.9
2017-10-06,05:48,2.78
2017-10-06,05:48,0.0
2017-10-06,05:48,19.0
2017-10-06,05:48,18.9
2017-10-06,05:48,18.9
2017-10-06,05:48,0.0
2017-10-06,05:48,18.9
2017-10-06,05:48,18.9
2017-10-06,05:48,0.0
2017-10-06,05:48,18.9
2017-10-06,05:48,18.9
2017-10-06,05:48,0.0
2017-10-06,05:48,18.9
2017-10-06,05:49,18.9
2017-10-06,05:49,2.82
2017-10-06,05:49,19.0
2017-10-06,05:49,19.0
2017-10-06,05:49,0.0
2017-10-06,05:49,18.9
2017-10-06,05:49,18.9
2017-10-06,05:49,2.86
2017-10-06,05:49,2.81
2017-10-06,05:49,19.0
2017-10-06,05:49,2.84
2017-10-06,05:49,19.0
2017-10-06,05:49,19.0
2017-10-06,05:49,0.0
2017-10-06,05:49,18.9
2017-10-06,05:49,19.0
2017-10-06,05:49,19.0
2017-10-06,05:49,2.84
2017-10-06,05:49,19.0
2017-10-06,05:49,19.0
2017-10-06,05:49,0.0
2017-10-06,05:49,0.0
2017-10-06,05:49,19.0
2017-10-06,05:49,2.81
2017-10-06,05:49,0.0
2017-10-06,05:49,19.0
2017-10-06,05:49,0.0
2017-10-06,05:49,2.75
2017-10-06,05:49,19.0
2017-10-06,05:49,2.81
2017-10-06,05:49,2.76
2017-10-06,05:49,19.0
2017-10-06,05:50,0.0
2017-10-06,05:50,19.0
2017-10-06,05:50,19.0
2017-10-06,05:50,19.0
2017-10-06,05:50,0.0
2017-10-06,05:50,19.0
2017-10-06,05:50,19.0
2017-10-06,05:50,2.82
2017-10-06,05:50,19.0
2017-10-06,05:50,19.0
2017-10-06,05:50,0.0
2017-10-06,05:50,19.0
2017-10-06,05:50,19.0
2017-10-06,05:50,2.8
2017-10-06,05:50,0.0
2017-10-06,05:50,19.0
2017-10-06,05:50,1.0
2017-10-06,05:50,2.75
2017-10-06,05:50,19.0
2017-10-06,05:50,2.76
2017-10-06,05:50,19.0
2017-10-06,05:50,0.0
2017-10-06,05:50,2.76
2017-10-06,05:50,0.0
2017-10-06,05:50,19.0
2017-10-06,05:50,0.0
2017-10-06,05:50,0.0
2017-10-06,05:50,0.0
2017-10-06,05:50,2.81
2017-10-06,05:50,2.76
2017-10-06,05:50,2.79
2017-10-06,05:50,0.0
2017-10-06,05:50,2.78
2017-10-06,05:50,2.79
2017-10-06,05:51,2.77
2017-10-06,05:51,19.0
2017-10-06,05:51,19.0
2017-10-06,05:51,2.78
2017-10-06,05:51,2.8
2017-10-06,05:51,19.0
2017-10-06,05:51,19.0
2017-10-06,05:51,2.8
2017-10-06,05:51,18.9
2017-10-06,05:51,0.0
2017-10-06,05:51,19.0
2017-10-06,05:51,19.0
2017-10-06,05:51,19.0
2017-10-06,05:51,2.81
2017-10-06,05:51,19.0
2017-10-06,05:51,0.0
2017-10-06,05:51,19.0
2017-10-06,05:51,19.0
2017-10-06,05:51,0.0
2017-10-06,05:51,18.9
2017-10-06,05:51,2.81
2017-10-06,05:51,0.0
2017-10-06,05:51,19.0
2017-10-06,05:51,0.0
2017-10-06,05:51,2.78
2017-10-06,05:51,19.0
2017-10-06,05:51,2.77
2017-10-06,05:51,2.77
2017-10-06,05:51,19.0
2017-10-06,05:51,0.0
2017-10-06,05:51,2.76
2017-10-06,05:51,18.9
2017-10-06,05:52,19.0
2017-10-06,05:52,2.79
2017-10-06,05:52,19.0
2017-10-06,05:52,0.0
2017-10-06,05:52,18.9
2017-10-06,05:52,18.9
2017-10-06,05:52,18.9
2017-10-06,05:52,2.76
2017-10-06,05:52,18.9
2017-10-06,05:52,18.9
2017-10-06,05:52,0.0
2017-10-06,05:52,18.9
2017-10-06,05:52,18.9
2017-10-06,05:52,18.9
2017-10-06,05:52,0.0
2017-10-06,05:52,18.9
2017-10-06,05:52,18.9
2017-10-06,05:52,0.0
2017-10-06,05:52,18.9
2017-10-06,05:52,18.9
2017-10-06,05:52,2.76
2017-10-06,05:52,2.75
2017-10-06,05:52,19.0
2017-10-06,05:52,19.0
2017-10-06,05:52,2.79
2017-10-06,05:52,18.9
2017-10-06,05:52,0.0
2017-10-06,05:52,2.76
2017-10-06,05:52,19.0
2017-10-06,05:52,2.78
2017-10-06,05:52,2.76
2017-10-06,05:52,18.9
2017-10-06,05:52,0.0
2017-10-06,05:52,18.9
2017-10-06,05:53,0.0
2017-10-06,05:53,0.0
2017-10-06,05:53,18.9
2017-10-06,05:53,0.0
2017-10-06,05:53,19.0
2017-10-06,05:53,2.78
2017-10-06,05:53,19.0
2017-10-06,05:53,18.9
2017-10-06,05:53,0.0
2017-10-06,05:53,18.9
2017-10-06,05:53,18.9
2017-10-06,05:53,0.0
2017-10-06,05:53,18.9
2017-10-06,05:53,18.9
2017-10-06,05:53,0.0
2017-10-06,05:53,18.9
2017-10-06,05:53,19.0
2017-10-06,05:53,18.9
2017-10-06,05:53,2.8
2017-10-06,05:53,18.9
2017-10-06,05:53,18.9
2017-10-06,05:53,0.0
2017-10-06,05:53,19.0
2017-10-06,05:53,19.0
2017-10-06,05:53,0.0
2017-10-06,05:53,18.9
2017-10-06,05:53,18.9
2017-10-06,05:53,2.79
2017-10-06,05:53,18.9
2017-10-06,05:53,18.9
2017-10-06,05:53,0.0
2017-10-06,05:53,19.0
2017-10-06,05:53,18.9
2017-10-06,05:54,0.0
2017-10-06,05:54,0.0
2017-10-06,05:54,19.0
2017-10-06,05:54,0.0
2017-10-06,05:54,0.0
2017-10-06,05:54,19.0
2017-10-06,05:54,0.0
2017-10-06,05:54,2.78
2017-10-06,05:54,19.0
2017-10-06,05:54,0.0
2017-10-06,05:54,2.76
2017-10-06,05:54,19.0
2017-10-06,05:54,0.0
2017-10-06,05:54,18.9
2017-10-06,05:54,19.0
2017-10-06,05:54,2.77
2017-10-06,05:54,19.0
2017-10-06,05:54,18.9
2017-10-06,05:54,0.0
2017-10-06,05:54,2.75
2017-10-06,05:54,18.9
2017-10-06,05:54,0.0
2017-10-06,05:54,19.0
2017-10-06,05:54,2.75
2017-10-06,05:54,0.0
2017-10-06,05:54,2.75
2017-10-06,05:54,0.0
2017-10-06,05:54,19.0
2017-10-06,05:54,0.0
2017-10-06,05:54,0.0
2017-10-06,05:54,2.79
2017-10-06,05:54,0.0
2017-10-06,05:54,19.0
2017-10-06,05:55,19.0
2017-10-06,05:55,0.0
2017-10-06,05:55,2.8
2017-10-06,05:55,0.0
2017-10-06,05:55,19.0
2017-10-06,05:55,19.0
2017-10-06,05:55,2.78
2017-10-06,05:55,18.9
2017-10-06,05:55,18.9
2017-10-06,05:55,0.0
2017-10-06,05:55,0.0
2017-10-06,05:55,18.9
2017-10-06,05:55,2.78
2017-10-06,05:55,18.9
2017-10-06,05:55,18.9
2017-10-06,05:55,0.0
2017-10-06,05:55,0.0
2017-10-06,05:55,18.9
2017-10-06,05:55,0.0
2017-10-06,05:55,19.0
2017-10-06,05:55,0.0
2017-10-06,05:55,2.78
2017-10-06,05:55,0.0
2017-10-06,05:55,0.0
2017-10-06,05:55,2.76
2017-10-06,05:55,0.0
2017-10-06,05:55,0.0
2017-10-06,05:55,2.76
2017-10-06,05:55,0.0
2017-10-06,05:55,0.0
2017-10-06,05:55,18.9
2017-10-06,05:55,2.77
2017-10-06,05:56,18.9
2017-10-06,05:56,2.75
2017-10-06,05:56,18.9
2017-10-06,05:56,18.9
2017-10-06,05:56,0.0
2017-10-06,05:56,18.9
2017-10-06,05:56,18.9
2017-10-06,05:56,2.79
2017-10-06,05:56,19.0
2017-10-06,05:56,0.0
2017-10-06,05:56,18.9
2017-10-06,05:56,19.0
2017-10-06,05:56,2.77
2017-10-06,05:56,0.0
2017-10-06,05:56,18.9
2017-10-06,05:56,0.0
2017-10-06,05:56,0.0
2017-10-06,05:56,18.9
2017-10-06,05:56,2.79
2017-10-06,05:56,18.9
2017-10-06,05:56,18.9
2017-10-06,05:56,19.0
2017-10-06,05:56,19.0
2017-10-06,05:56,19.0
2017-10-06,05:56,19.0
2017-10-06,05:56,19.0
2017-10-06,05:56,19.0
2017-10-06,05:56,19.0
2017-10-06,05:56,19.0
2017-10-06,05:56,0.0
2017-10-06,05:56,18.9
2017-10-06,05:56,2.74
2017-10-06,05:56,0.0
2017-10-06,05:56,19.0
2017-10-06,05:57,2.77
2017-10-06,05:57,19.0
2017-10-06,05:57,18.9
2017-10-06,05:57,18.9
2017-10-06,05:57,18.9
2017-10-06,05:57,18.9
2017-10-06,05:57,19.0
2017-10-06,05:57,19.0
2017-10-06,05:57,19.0
2017-10-06,05:57,19.0
2017-10-06,05:57,19.0
2017-10-06,05:57,18.9
2017-10-06,05:57,18.9
2017-10-06,05:57,2.74
2017-10-06,05:57,19.0
2017-10-06,05:57,18.9
2017-10-06,05:57,2.77
2017-10-06,05:57,18.9
2017-10-06,05:57,18.9
2017-10-06,05:57,19.0
2017-10-06,05:57,18.9
2017-10-06,05:57,19.0
2017-10-06,05:57,2.77
2017-10-06,05:57,19.0
2017-10-06,05:57,18.9
2017-10-06,05:57,19.0
2017-10-06,05:57,19.0
2017-10-06,05:57,18.9
2017-10-06,05:57,19.0
2017-10-06,05:57,19.0
2017-10-06,05:57,18.9
2017-10-06,05:57,19.0
2017-10-06,05:57,0.0
2017-10-06,05:58,2.74
2017-10-06,05:58,19.0
2017-10-06,05:58,19.0
2017-10-06,05:58,2.73
2017-10-06,05:58,0.0
2017-10-06,05:58,18.9
2017-10-06,05:58,2.81
2017-10-06,05:58,0.0
2017-10-06,05:58,19.0
2017-10-06,05:58,0.0
2017-10-06,05:58,0.0
2017-10-06,05:58,19.0
2017-10-06,05:58,0.0
2017-10-06,05:58,2.73
2017-10-06,05:58,18.9
2017-10-06,05:58,18.9
2017-10-06,05:58,0.0
2017-10-06,05:58,18.9
2017-10-06,05:58,0.0
2017-10-06,05:58,0.0
2017-10-06,05:58,0.0
2017-10-06,05:58,18.9
2017-10-06,05:58,2.79
2017-10-06,05:58,0.0
2017-10-06,05:58,18.9
2017-10-06,05:58,0.0
2017-10-06,05:58,0.0
2017-10-06,05:58,18.9
2017-10-06,05:58,2.73
2017-10-06,05:58,0.0
2017-10-06,05:58,2.73
2017-10-06,05:58,0.0
2017-10-06,05:58,2.75
2017-10-06,05:58,19.0
2017-10-06,05:59,2.78
2017-10-06,05:59,19.0
2017-10-06,05:59,19.0
2017-10-06,05:59,18.9
2017-10-06,05:59,18.9
2017-10-06,05:59,18.9
2017-10-06,05:59,18.9
2017-10-06,05:59,18.9
2017-10-06,05:59,0.0
2017-10-06,05:59,1.0
2017-10-06,05:59,19.0
2017-10-06,05:59,19.0
2017-10-06,05:59,18.9
2017-10-06,05:59,18.9
2017-10-06,05:59,2.78
2017-10-06,05:59,19.0
2017-10-06,05:59,0.0
2017-10-06,05:59,19.0
2017-10-06,05:59,19.0
2017-10-06,05:59,0.0
2017-10-06,05:59,2.75
2017-10-06,05:59,0.0
2017-10-06,05:59,19.0
2017-10-06,05:59,0.0
2017-10-06,05:59,0.0
2017-10-06,05:59,18.9
2017-10-06,05:59,0.0
2017-10-06,05:59,0.0
2017-10-06,05:59,18.9
2017-10-06,05:59,0.0
2017-10-06,05:59,0.0
2017-10-06,05:59,18.9
2017-10-06,05:59,0.0
2017-10-06,06:00,0.0
2017-10-06,06:00,18.9
2017-10-06,06:00,0.0
2017-10-06,06:00,2.76
2017-10-06,06:00,19.0
2017-10-06,06:00,18.9
2017-10-06,06:00,2.77
2017-10-06,06:00,2.74
2017-10-06,06:00,0.0
2017-10-06,06:00,18.9
2017-10-06,06:00,2.74
2017-10-06,06:00,19.0
2017-10-06,06:00,2.81
2017-10-06,06:00,19.0
2017-10-06,06:00,0.0
2017-10-06,06:00,19.0
2017-10-06,06:00,19.0
2017-10-06,06:00,0.0
2017-10-06,06:00,18.9
2017-10-06,06:00,18.9
2017-10-06,06:00,0.0
2017-10-06,06:00,18.9
2017-10-06,06:00,18.9
2017-10-06,06:00,18.9
2017-10-06,06:00,18.9
2017-10-06,06:00,0.0
2017-10-06,06:00,18.9
2017-10-06,06:00,18.9
2017-10-06,06:00,2.79
2017-10-06,06:00,19.0
2017-10-06,06:00,0.0
2017-10-06,06:00,0.0
2017-10-06,06:01,0.0
2017-10-06,06:01,18.9
2017-10-06,06:01,2.81
2017-10-06,06:01,2.74
2017-10-06,06:01,19.0
2017-10-06,06:01,0.0
2017-10-06,06:01,18.9
2017-10-06,06:01,18.9
2017-10-06,06:01,2.75
2017-10-06,06:01,19.0
2017-10-06,06:01,19.0
2017-10-06,06:01,18.9
2017-10-06,06:01,0.0
2017-10-06,06:01,19.0
2017-10-06,06:01,19.0
2017-10-06,06:01,0.0
2017-10-06,06:01,19.0
2017-10-06,06:01,19.0
2017-10-06,06:01,2.8
2017-10-06,06:01,19.0
2017-10-06,06:01,0.0
2017-10-06,06:01,19.0
2017-10-06,06:01,19.0
2017-10-06,06:01,0.0
2017-10-06,06:01,18.9
2017-10-06,06:01,2.77
2017-10-06,06:01,0.0
2017-10-06,06:01,0.0
2017-10-06,06:01,18.9
2017-10-06,06:01,0.0
2017-10-06,06:01,18.9
2017-10-06,06:01,0.0
2017-10-06,06:01,0.0
2017-10-06,06:02,18.9
2017-10-06,06:02,0.0
2017-10-06,06:02,0.0
2017-10-06,06:02,18.9
2017-10-06,06:02,0.0
2017-10-06,06:02,2.75
2017-10-06,06:02,18.9
2017-10-06,06:02,0.0
2017-10-06,06:02,18.9
2017-10-06,06:02,18.9
2017-10-06,06:02,2.77
2017-10-06,06:02,18.9
2017-10-06,06:02,18.9
2017-10-06,06:02,0.0
2017-10-06,06:02,18.9
2017-10-06,06:02,18.9
2017-10-06,06:02,0.0
2017-10-06,06:02,18.9
2017-10-06,06:02,0.0
2017-10-06,06:02,18.9
2017-10-06,06:02,18.9
2017-10-06,06:02,2.75
2017-10-06,06:02,0.0
2017-10-06,06:02,0.0
2017-10-06,06:02,2.77
2017-10-06,06:02,0.0
2017-10-06,06:02,0.0
2017-10-06,06:02,2.74
2017-10-06,06:02,2.77
2017-10-06,06:02,0.0
2017-10-06,06:02,18.9
2017-10-06,06:02,0.0
2017-10-06,06:02,0.0
2017-10-06,06:02,19.0
2017-10-06,06:03,0.0
2017-10-06,06:03,18.9
2017-10-06,06:03,2.78
2017-10-06,06:03,0.0
2017-10-06,06:03,18.9
2017-10-06,06:03,0.0
2017-10-06,06:03,0.0
2017-10-06,06:03,19.0
2017-10-06,06:03,2.78
2017-10-06,06:03,0.0
2017-10-06,06:03,18.9
2017-10-06,06:03,0.0
2017-10-06,06:03,0.0
2017-10-06,06:03,18.9
2017-10-06,06:03,0.0
2017-10-06,06:03,2.77
2017-10-06,06:03,19.0
2017-10-06,06:03,0.0
2017-10-06,06:03,0.0
2017-10-06,06:03,19.0
2017-10-06,06:03,0.0
2017-10-06,06:03,2.81
2017-10-06,06:03,18.9
2017-10-06,06:03,0.0
2017-10-06,06:03,0.0
2017-10-06,06:03,18.9
2017-10-06,06:03,2.77
2017-10-06,06:03,2.76
2017-10-06,06:03,0.0
2017-10-06,06:03,18.9
2017-10-06,06:03,0.0
2017-10-06,06:03,0.0
2017-10-06,06:03,0.0
2017-10-06,06:04,2.78
2017-10-06,06:04,2.72
2017-10-06,06:04,2.74
2017-10-06,06:04,0.0
2017-10-06,06:04,18.9
2017-10-06,06:04,2.76
2017-10-06,06:04,18.9
2017-10-06,06:04,2.78
2017-10-06,06:04,18.9
2017-10-06,06:04,18.9
2017-10-06,06:04,0.0
2017-10-06,06:04,18.9
2017-10-06,06:04,18.9
2017-10-06,06:04,18.9
2017-10-06,06:04,2.75
2017-10-06,06:04,18.9
2017-10-06,06:04,18.9
2017-10-06,06:04,0.0
2017-10-06,06:04,19.0
2017-10-06,06:04,19.0
2017-10-06,06:04,0.0
2017-10-06,06:04,19.0
2017-10-06,06:04,19.0
2017-10-06,06:04,0.0
2017-10-06,06:04,2.77
2017-10-06,06:04,18.9
2017-10-06,06:04,0.0
2017-10-06,06:04,2.76
2017-10-06,06:04,18.9
2017-10-06,06:04,2.75
2017-10-06,06:04,18.9
2017-10-06,06:04,18.9
2017-10-06,06:04,0.0
2017-10-06,06:04,2.73
2017-10-06,06:05,19.0
2017-10-06,06:05,2.78
2017-10-06,06:05,18.9
2017-10-06,06:05,18.9
2017-10-06,06:05,0.0
2017-10-06,06:05,18.9
2017-10-06,06:05,18.9
2017-10-06,06:05,18.9
2017-10-06,06:05,2.77
2017-10-06,06:05,2.77
2017-10-06,06:05,18.9
2017-10-06,06:05,0.0
2017-10-06,06:05,2.84
2017-10-06,06:05,18.9
2017-10-06,06:05,409.0
2017-10-06,06:05,18.9
2017-10-06,06:05,18.9
2017-10-06,06:05,426.0
2017-10-06,06:05,18.9
2017-10-06,06:05,18.9
2017-10-06,06:05,19.0
2017-10-06,06:05,2.85
2017-10-06,06:05,18.9
2017-10-06,06:05,18.9
2017-10-06,06:05,429.0
2017-10-06,06:05,19.0
2017-10-06,06:05,18.9
2017-10-06,06:05,2.85
2017-10-06,06:05,19.0
2017-10-06,06:05,18.9
2017-10-06,06:05,429.0
2017-10-06,06:05,18.9
2017-10-06,06:05,18.9
2017-10-06,06:06,2.89
2017-10-06,06:06,19.0
2017-10-06,06:06,19.0
2017-10-06,06:06,426.0
2017-10-06,06:06,427.0
2017-10-06,06:06,19.0
2017-10-06,06:06,2.87
2017-10-06,06:06,426.0
2017-10-06,06:06,19.1
2017-10-06,06:06,427.0
2017-10-06,06:06,427.0
2017-10-06,06:06,427.0
2017-10-06,06:06,2.89
2017-10-06,06:06,426.0
2017-10-06,06:06,427.0
2017-10-06,06:06,426.0
2017-10-06,06:06,19.1
2017-10-06,06:06,2.85
2017-10-06,06:06,2.83
2017-10-06,06:06,19.1
2017-10-06,06:06,2.81
2017-10-06,06:06,425.0
2017-10-06,06:06,19.2
2017-10-06,06:06,19.2
2017-10-06,06:06,19.2
2017-10-06,06:06,2.85
2017-10-06,06:06,19.2
2017-10-06,06:06,423.0
2017-10-06,06:06,19.2
2017-10-06,06:06,19.2
2017-10-06,06:06,19.2
2017-10-06,06:06,2.87
2017-10-06,06:06,19.2
2017-10-06,06:07,422.0
2017-10-06,06:07,19.2
2017-10-06,06:07,19.2
2017-10-06,06:07,19.3
2017-10-06,06:07,419.0
2017-10-06,06:07,2.79
2017-10-06,06:07,420.0
2017-10-06,06:07,421.0
2017-10-06,06:07,19.3
2017-10-06,06:07,421.0
2017-10-06,06:07,19.3
2017-10-06,06:07,19.3
2017-10-06,06:07,2.83
2017-10-06,06:07,420.0
2017-10-06,06:07,19.3
2017-10-06,06:07,2.82
2017-10-06,06:07,421.0
2017-10-06,06:07,19.3
2017-10-06,06:07,2.85
2017-10-06,06:07,19.3
2017-10-06,06:07,421.0
2017-10-06,06:07,19.3
2017-10-06,06:07,420.0
2017-10-06,06:07,2.79
2017-10-06,06:07,19.4
2017-10-06,06:07,420.0
2017-10-06,06:07,419.0
2017-10-06,06:07,19.4
2017-10-06,06:07,19.4
2017-10-06,06:07,19.4
2017-10-06,06:07,19.4
2017-10-06,06:07,19.4
2017-10-06,06:07,2.81
2017-10-06,06:08,19.4
2017-10-06,06:08,19.4
2017-10-06,06:08,19.4
2017-10-06,06:08,19.4
2017-10-06,06:08,19.4
2017-10-06,06:08,2.82
2017-10-06,06:08,19.4
2017-10-06,06:08,19.4
2017-10-06,06:08,19.4
2017-10-06,06:08,19.4
2017-10-06,06:08,19.4
2017-10-06,06:08,2.84
2017-10-06,06:08,19.4
2017-10-06,06:08,19.4
2017-10-06,06:08,2.83
2017-10-06,06:08,2.8
2017-10-06,06:08,19.4
2017-10-06,06:08,2.81
2017-10-06,06:08,19.4
2017-10-06,06:08,19.4
2017-10-06,06:08,2.85
2017-10-06,06:08,19.4
2017-10-06,06:08,19.4
2017-10-06,06:08,19.4
2017-10-06,06:08,19.4
2017-10-06,06:08,19.4
2017-10-06,06:08,19.4
2017-10-06,06:08,19.4
2017-10-06,06:08,19.4
2017-10-06,06:08,19.4
2017-10-06,06:08,19.4
2017-10-06,06:08,416.0
2017-10-06,06:08,19.4
2017-10-06,06:09,416.0
2017-10-06,06:09,2.82
2017-10-06,06:09,19.4
2017-10-06,06:09,2.82
2017-10-06,06:09,19.3
2017-10-06,06:09,19.3
2017-10-06,06:09,2.82
2017-10-06,06:09,2.82
2017-10-06,06:09,19.3
2017-10-06,06:09,19.3
2017-10-06,06:09,19.3
2017-10-06,06:09,19.3
2017-10-06,06:09,19.3
2017-10-06,06:09,2.75
2017-10-06,06:09,19.3
2017-10-06,06:09,19.3
2017-10-06,06:09,19.3
2017-10-06,06:09,19.3
2017-10-06,06:09,19.3
2017-10-06,06:09,2.72
2017-10-06,06:09,19.3
2017-10-06,06:09,19.3
2017-10-06,06:09,19.3
2017-10-06,06:09,19.3
2017-10-06,06:09,19.3
2017-10-06,06:09,2.75
2017-10-06,06:09,19.3
2017-10-06,06:09,19.3
2017-10-06,06:09,2.74
2017-10-06,06:09,2.71
2017-10-06,06:09,19.3
2017-10-06,06:09,0.0
2017-10-06,06:09,19.3
2017-10-06,06:10,19.3
2017-10-06,06:10,0.0
2017-10-06,06:10,19.3
2017-10-06,06:10,19.3
2017-10-06,06:10,0.0
2017-10-06,06:10,19.3
2017-10-06,06:10,2.72
2017-10-06,06:10,2.74
2017-10-06,06:10,19.3
2017-10-06,06:10,0.0
2017-10-06,06:10,0.0
2017-10-06,06:10,19.3
2017-10-06,06:10,19.3
2017-10-06,06:10,0.0
2017-10-06,06:10,0.0
2017-10-06,06:10,19.2
2017-10-06,06:10,19.2
2017-10-06,06:10,0.0
2017-10-06,06:10,19.3
2017-10-06,06:10,19.2
2017-10-06,06:10,0.0
2017-10-06,06:10,19.2
2017-10-06,06:10,19.2
2017-10-06,06:10,19.2
2017-10-06,06:10,19.2
2017-10-06,06:10,19.2
2017-10-06,06:10,19.2
2017-10-06,06:10,19.2
2017-10-06,06:10,19.2
2017-10-06,06:10,19.2
2017-10-06,06:10,19.2
2017-10-06,06:10,19.2
2017-10-06,06:10,2.74
2017-10-06,06:11,19.2
2017-10-06,06:11,19.2
2017-10-06,06:11,0.0
2017-10-06,06:11,19.2
2017-10-06,06:11,19.2
2017-10-06,06:11,0.0
2017-10-06,06:11,2.76
2017-10-06,06:11,19.2
2017-10-06,06:11,0.0
2017-10-06,06:11,19.2
2017-10-06,06:11,19.2
2017-10-06,06:11,0.0
2017-10-06,06:11,19.2
2017-10-06,06:11,19.2
2017-10-06,06:11,19.2
2017-10-06,06:11,19.2
2017-10-06,06:11,19.2
2017-10-06,06:11,19.2
2017-10-06,06:11,19.2
2017-10-06,06:11,2.72
2017-10-06,06:11,19.2
2017-10-06,06:11,2.74
2017-10-06,06:11,19.2
2017-10-06,06:11,19.2
2017-10-06,06:11,2.72
2017-10-06,06:11,2.73
2017-10-06,06:11,19.2
2017-10-06,06:11,2.72
2017-10-06,06:11,19.2
2017-10-06,06:11,19.2
2017-10-06,06:11,2.72
2017-10-06,06:11,19.2
2017-10-06,06:11,19.1
2017-10-06,06:12,19.1
2017-10-06,06:12,19.1
2017-10-06,06:12,19.1
2017-10-06,06:12,19.1
2017-10-06,06:12,19.2
2017-10-06,06:12,19.1
2017-10-06,06:12,19.1
2017-10-06,06:12,19.1
2017-10-06,06:12,0.0
2017-10-06,06:12,19.1
2017-10-06,06:12,19.2
2017-10-06,06:12,0.0
2017-10-06,06:12,19.2
2017-10-06,06:12,0.0
2017-10-06,06:12,0.0
2017-10-06,06:12,19.1
2017-10-06,06:12,2.85
2017-10-06,06:12,19.1
2017-10-06,06:12,19.1
2017-10-06,06:12,2.87
2017-10-06,06:12,0.0
2017-10-06,06:12,19.1
2017-10-06,06:12,19.1
2017-10-06,06:12,19.1
2017-10-06,06:12,19.1
2017-10-06,06:12,19.1
2017-10-06,06:12,19.1
2017-10-06,06:12,2.85
2017-10-06,06:12,19.1
2017-10-06,06:12,19.1
2017-10-06,06:12,0.0
2017-10-06,06:12,19.1
2017-10-06,06:12,19.1
2017-10-06,06:13,2.82
2017-10-06,06:13,19.1
2017-10-06,06:13,0.0
2017-10-06,06:13,19.1
2017-10-06,06:13,19.1
2017-10-06,06:13,19.1
2017-10-06,06:13,19.1
2017-10-06,06:13,19.1
2017-10-06,06:13,19.1
2017-10-06,06:13,0.0
2017-10-06,06:13,19.0
2017-10-06,06:13,19.0
2017-10-06,06:13,19.0
2017-10-06,06:13,19.0
2017-10-06,06:13,19.1
2017-10-06,06:13,19.0
2017-10-06,06:13,0.0
2017-10-06,06:13,19.1
2017-10-06,06:13,19.1
2017-10-06,06:13,0.0
2017-10-06,06:13,19.0
2017-10-06,06:13,19.1
2017-10-06,06:13,19.1
2017-10-06,06:13,19.1
2017-10-06,06:13,19.0
2017-10-06,06:13,0.0
2017-10-06,06:13,19.1
2017-10-06,06:13,19.0
2017-10-06,06:13,19.1
2017-10-06,06:13,19.1
2017-10-06,06:13,19.0
2017-10-06,06:13,19.0
2017-10-06,06:13,19.0
2017-10-06,06:14,19.0
2017-10-06,06:14,19.0
2017-10-06,06:14,0.0
2017-10-06,06:14,19.0
2017-10-06,06:14,19.0
2017-10-06,06:14,0.0
2017-10-06,06:14,0.0
2017-10-06,06:14,19.0
2017-10-06,06:14,0.0
2017-10-06,06:14,19.1
2017-10-06,06:14,19.1
2017-10-06,06:14,0.0
2017-10-06,06:14,19.0
2017-10-06,06:14,19.0
2017-10-06,06:14,0.0
2017-10-06,06:14,19.1
2017-10-06,06:14,0.0
2017-10-06,06:14,2.89
2017-10-06,06:14,0.0
2017-10-06,06:14,19.0
2017-10-06,06:14,0.0
2017-10-06,06:14,0.0
2017-10-06,06:14,19.0
2017-10-06,06:14,2.89
2017-10-06,06:14,2.83
2017-10-06,06:14,19.1
2017-10-06,06:14,0.0
2017-10-06,06:14,19.1
2017-10-06,06:14,19.1
2017-10-06,06:14,19.1
2017-10-06,06:14,2.9
2017-10-06,06:14,19.0
2017-10-06,06:15,2.86
2017-10-06,06:15,0.0
2017-10-06,06:15,0.0
2017-10-06,06:15,19.0
2017-10-06,06:15,0.0
2017-10-06,06:15,0.0
2017-10-06,06:15,19.0
2017-10-06,06:15,0.0
2017-10-06,06:15,2.84
2017-10-06,06:15,19.0
2017-10-06,06:15,0.0
2017-10-06,06:15,2.85
2017-10-06,06:15,19.0
2017-10-06,06:15,0.0
2017-10-06,06:15,19.0
2017-10-06,06:15,19.0
2017-10-06,06:15,19.0
2017-10-06,06:15,0.0
2017-10-06,06:15,19.0
2017-10-06,06:15,19.0
2017-10-06,06:15,2.92
2017-10-06,06:15,2.85
2017-10-06,06:15,19.0
2017-10-06,06:15,0.0
2017-10-06,06:15,0.0
2017-10-06,06:15,19.0
2017-10-06,06:15,2.87
2017-10-06,06:15,0.0
2017-10-06,06:15,0.0
2017-10-06,06:15,0.0
2017-10-06,06:15,0.0
2017-10-06,06:15,19.0
2017-10-06,06:15,0.0
2017-10-06,06:15,19.0
2017-10-06,06:16,0.0
2017-10-06,06:16,0.0
2017-10-06,06:16,19.0
2017-10-06,06:16,0.0
2017-10-06,06:16,19.0
2017-10-06,06:16,2.88
2017-10-06,06:16,19.0
2017-10-06,06:16,19.0
2017-10-06,06:16,0.0
2017-10-06,06:16,19.0
2017-10-06,06:16,19.0
2017-10-06,06:16,0.0
2017-10-06,06:16,19.0
2017-10-06,06:16,19.1
2017-10-06,06:16,0.0
2017-10-06,06:16,19.1
2017-10-06,06:16,19.0
2017-10-06,06:16,19.0
2017-10-06,06:16,2.87
2017-10-06,06:16,19.0
2017-10-06,06:16,19.0
2017-10-06,06:16,0.0
2017-10-06,06:16,2.84
2017-10-06,06:16,19.0
2017-10-06,06:16,0.0
2017-10-06,06:16,2.83
2017-10-06,06:16,19.0
2017-10-06,06:16,0.0
2017-10-06,06:16,19.0
2017-10-06,06:16,0.0
2017-10-06,06:16,2.82
2017-10-06,06:16,19.0
2017-10-06,06:16,19.0
2017-10-06,06:16,2.85
2017-10-06,06:17,19.0
2017-10-06,06:17,19.0
2017-10-06,06:17,19.0
2017-10-06,06:17,19.0
2017-10-06,06:17,19.0
2017-10-06,06:17,19.0
2017-10-06,06:17,19.0
2017-10-06,06:17,19.0
2017-10-06,06:17,19.0
2017-10-06,06:17,19.0
2017-10-06,06:17,19.0
2017-10-06,06:17,19.0
2017-10-06,06:17,19.0
2017-10-06,06:17,19.0
2017-10-06,06:17,19.0
2017-10-06,06:17,0.0
2017-10-06,06:17,19.0
2017-10-06,06:17,19.0
2017-10-06,06:17,19.0
2017-10-06,06:17,0.0
2017-10-06,06:17,19.0
2017-10-06,06:17,19.0
2017-10-06,06:17,0.0
2017-10-06,06:17,19.0
2017-10-06,06:17,19.0
2017-10-06,06:17,0.0
2017-10-06,06:17,0.0
2017-10-06,06:17,19.0
2017-10-06,06:17,0.0
2017-10-06,06:17,0.0
2017-10-06,06:17,19.0
2017-10-06,06:17,0.0
2017-10-06,06:18,0.0
2017-10-06,06:18,0.0
2017-10-06,06:18,0.0
2017-10-06,06:18,0.0
2017-10-06,06:18,0.0
2017-10-06,06:18,2.87
2017-10-06,06:18,19.0
2017-10-06,06:18,0.0
2017-10-06,06:18,0.0
2017-10-06,06:18,19.0
2017-10-06,06:18,0.0
2017-10-06,06:18,2.9
2017-10-06,06:18,19.0
2017-10-06,06:18,2.86
2017-10-06,06:18,0.0
2017-10-06,06:18,19.0
2017-10-06,06:18,2.86
2017-10-06,06:18,2.85
2017-10-06,06:18,19.0
2017-10-06,06:18,19.0
2017-10-06,06:18,19.0
2017-10-06,06:18,19.0
2017-10-06,06:18,19.0
2017-10-06,06:18,19.0
2017-10-06,06:18,19.0
2017-10-06,06:18,0.0
2017-10-06,06:18,19.0
2017-10-06,06:18,19.0
2017-10-06,06:18,0.0
2017-10-06,06:18,19.0
2017-10-06,06:18,19.0
2017-10-06,06:18,0.0
2017-10-06,06:18,19.0
2017-10-06,06:18,0.0
2017-10-06,06:19,19.0
2017-10-06,06:19,18.9
2017-10-06,06:19,0.0
2017-10-06,06:19,2.87
2017-10-06,06:19,0.0
2017-10-06,06:19,0.0
2017-10-06,06:19,19.0
2017-10-06,06:19,0.0
2017-10-06,06:19,2.88
2017-10-06,06:19,0.0
2017-10-06,06:19,0.0
2017-10-06,06:19,2.87
2017-10-06,06:19,19.0
2017-10-06,06:19,0.0
2017-10-06,06:19,0.0
2017-10-06,06:19,2.91
2017-10-06,06:19,2.87
2017-10-06,06:19,18.9
2017-10-06,06:19,0.0
2017-10-06,06:19,2.85
2017-10-06,06:19,19.0
2017-10-06,06:19,2.9
2017-10-06,06:19,18.9
2017-10-06,06:19,18.9
2017-10-06,06:19,2.87
2017-10-06,06:19,0.0
2017-10-06,06:19,19.0
2017-10-06,06:19,2.89
2017-10-06,06:19,0.0
2017-10-06,06:19,18.9
2017-10-06,06:19,0.0
2017-10-06,06:19,0.0
2017-10-06,06:19,18.9
2017-10-06,06:20,0.0
2017-10-06,06:20,2.85
2017-10-06,06:20,18.9
2017-10-06,06:20,0.0
2017-10-06,06:20,19.0
2017-10-06,06:20,0.0
2017-10-06,06:20,0.0
2017-10-06,06:20,19.0
2017-10-06,06:20,0.0
2017-10-06,06:20,0.0
2017-10-06,06:20,18.9
2017-10-06,06:20,2.4
2017-10-06,06:20,2.36
2017-10-06,06:20,19.0
2017-10-06,06:20,0.0
2017-10-06,06:20,18.9
2017-10-06,06:20,19.0
2017-10-06,06:20,2.39
2017-10-06,06:20,18.9
2017-10-06,06:20,18.9
2017-10-06,06:20,0.0
2017-10-06,06:20,19.0
2017-10-06,06:20,2.39
2017-10-06,06:20,2.39
2017-10-06,06:20,19.0
2017-10-06,06:20,0.0
2017-10-06,06:20,18.9
2017-10-06,06:20,18.9
2017-10-06,06:20,2.37
2017-10-06,06:20,18.9
2017-10-06,06:20,2.4
2017-10-06,06:20,18.9
2017-10-06,06:20,18.9
2017-10-06,06:21,2.4
2017-10-06,06:21,19.0
2017-10-06,06:21,19.0
2017-10-06,06:21,0.0
2017-10-06,06:21,19.0
2017-10-06,06:21,19.0
2017-10-06,06:21,19.0
2017-10-06,06:21,0.0
2017-10-06,06:21,18.9
2017-10-06,06:21,18.9
2017-10-06,06:21,0.0
2017-10-06,06:21,19.0
2017-10-06,06:21,19.0
2017-10-06,06:21,0.0
2017-10-06,06:21,19.0
2017-10-06,06:21,19.0
2017-10-06,06:21,0.0
2017-10-06,06:21,19.0
2017-10-06,06:21,19.0
2017-10-06,06:21,0.0
2017-10-06,06:21,19.0
2017-10-06,06:21,19.0
2017-10-06,06:21,0.0
2017-10-06,06:21,19.0
2017-10-06,06:21,19.0
2017-10-06,06:21,0.0
2017-10-06,06:21,19.0
2017-10-06,06:21,19.0
2017-10-06,06:21,2.39
2017-10-06,06:21,2.39
2017-10-06,06:21,19.0
2017-10-06,06:21,0.0
2017-10-06,06:22,0.0
2017-10-06,06:22,19.0
2017-10-06,06:22,0.0
2017-10-06,06:22,0.0
2017-10-06,06:22,19.0
2017-10-06,06:22,2.41
2017-10-06,06:22,0.0
2017-10-06,06:22,2.36
2017-10-06,06:22,0.0
2017-10-06,06:22,19.0
2017-10-06,06:22,19.0
2017-10-06,06:22,0.0
2017-10-06,06:22,19.0
2017-10-06,06:22,2.39
2017-10-06,06:22,19.0
2017-10-06,06:22,2.43
2017-10-06,06:22,2.37
2017-10-06,06:22,19.0
2017-10-06,06:22,0.0
2017-10-06,06:22,2.37
2017-10-06,06:22,19.0
2017-10-06,06:22,19.0
2017-10-06,06:22,2.39
2017-10-06,06:22,19.0
2017-10-06,06:22,19.0
2017-10-06,06:22,1.0
2017-10-06,06:22,19.0
2017-10-06,06:22,19.0
2017-10-06,06:22,0.0
2017-10-06,06:22,19.0
2017-10-06,06:22,19.0
2017-10-06,06:22,0.0
2017-10-06,06:22,19.0
2017-10-06,06:22,19.0
2017-10-06,06:23,0.0
2017-10-06,06:23,19.0
2017-10-06,06:23,19.0
2017-10-06,06:23,0.0
2017-10-06,06:23,19.0
2017-10-06,06:23,19.0
2017-10-06,06:23,2.39
2017-10-06,06:23,2.37
2017-10-06,06:23,19.0
2017-10-06,06:23,2.35
2017-10-06,06:23,0.0
2017-10-06,06:23,19.0
2017-10-06,06:23,2.36
2017-10-06,06:23,0.0
2017-10-06,06:23,2.37
2017-10-06,06:23,19.0
2017-10-06,06:23,19.0
2017-10-06,06:23,0.0
2017-10-06,06:23,19.0
2017-10-06,06:23,19.0
2017-10-06,06:23,0.0
2017-10-06,06:23,19.0
2017-10-06,06:23,19.0
2017-10-06,06:23,0.0
2017-10-06,06:23,19.0
2017-10-06,06:23,19.0
2017-10-06,06:23,0.0
2017-10-06,06:23,0.0
2017-10-06,06:23,19.0
2017-10-06,06:23,0.0
2017-10-06,06:23,19.0
2017-10-06,06:23,19.0
2017-10-06,06:23,0.0
2017-10-06,06:24,19.0
2017-10-06,06:24,19.0
2017-10-06,06:24,19.0
2017-10-06,06:24,0.0
2017-10-06,06:24,19.0
2017-10-06,06:24,2.42
2017-10-06,06:24,0.0
2017-10-06,06:24,19.0
2017-10-06,06:24,0.0
2017-10-06,06:24,19.0
2017-10-06,06:24,0.0
2017-10-06,06:24,2.4
2017-10-06,06:24,19.0
2017-10-06,06:24,0.0
2017-10-06,06:24,0.0
2017-10-06,06:24,19.0
2017-10-06,06:24,19.0
2017-10-06,06:24,19.0
2017-10-06,06:24,2.39
2017-10-06,06:24,19.0
2017-10-06,06:24,19.0
2017-10-06,06:24,0.0
2017-10-06,06:24,19.0
2017-10-06,06:24,19.0
2017-10-06,06:24,2.36
2017-10-06,06:24,0.0
2017-10-06,06:24,18.9
2017-10-06,06:24,18.9
2017-10-06,06:24,0.0
2017-10-06,06:24,18.9
2017-10-06,06:24,18.9
2017-10-06,06:24,2.39
2017-10-06,06:24,18.9
2017-10-06,06:24,18.9
2017-10-06,06:25,0.0
2017-10-06,06:25,19.0
2017-10-06,06:25,19.0
2017-10-06,06:25,2.38
2017-10-06,06:25,18.9
2017-10-06,06:25,18.9
2017-10-06,06:25,0.0
2017-10-06,06:25,18.9
2017-10-06,06:25,18.9
2017-10-06,06:25,2.38
2017-10-06,06:25,0.0
2017-10-06,06:25,19.0
2017-10-06,06:25,0.0
2017-10-06,06:25,0.0
2017-10-06,06:25,2.37
2017-10-06,06:25,2.36
2017-10-06,06:25,0.0
2017-10-06,06:25,18.9
2017-10-06,06:25,0.0
2017-10-06,06:25,0.0
2017-10-06,06:25,19.0
2017-10-06,06:25,2.38
2017-10-06,06:25,0.0
2017-10-06,06:25,0.0
2017-10-06,06:25,0.0
2017-10-06,06:25,2.35
2017-10-06,06:25,19.0
2017-10-06,06:25,18.9
2017-10-06,06:25,2.38
2017-10-06,06:25,18.9
2017-10-06,06:25,19.0
2017-10-06,06:25,0.0
2017-10-06,06:25,19.0
2017-10-06,06:26,19.0
2017-10-06,06:26,19.0
2017-10-06,06:26,2.38
2017-10-06,06:26,19.0
2017-10-06,06:26,19.0
2017-10-06,06:26,0.0
2017-10-06,06:26,19.0
2017-10-06,06:26,19.0
2017-10-06,06:26,2.38
2017-10-06,06:26,18.9
2017-10-06,06:26,18.9
2017-10-06,06:26,0.0
2017-10-06,06:26,0.0
2017-10-06,06:26,18.9
2017-10-06,06:26,1.0
2017-10-06,06:26,0.0
2017-10-06,06:26,18.9
2017-10-06,06:26,0.0
2017-10-06,06:26,0.0
2017-10-06,06:26,0.0
2017-10-06,06:26,1.0
2017-10-06,06:26,0.0
2017-10-06,06:26,0.0
2017-10-06,06:26,2.36
2017-10-06,06:26,18.9
2017-10-06,06:26,0.0
2017-10-06,06:26,19.0
2017-10-06,06:26,19.0
2017-10-06,06:26,0.0
2017-10-06,06:26,0.0
2017-10-06,06:26,19.0
2017-10-06,06:26,19.0
2017-10-06,06:26,0.0
2017-10-06,06:27,19.0
2017-10-06,06:27,19.0
2017-10-06,06:27,18.9
2017-10-06,06:27,18.9
2017-10-06,06:27,2.36
2017-10-06,06:27,18.9
2017-10-06,06:27,18.9
2017-10-06,06:27,0.0
2017-10-06,06:27,19.0
2017-10-06,06:27,19.0
2017-10-06,06:27,2.37
2017-10-06,06:27,19.0
2017-10-06,06:27,0.0
2017-10-06,06:27,19.0
2017-10-06,06:27,19.0
2017-10-06,06:27,0.0
2017-10-06,06:27,19.0
2017-10-06,06:27,2.35
2017-10-06,06:27,19.0
2017-10-06,06:27,19.0
2017-10-06,06:27,2.35
2017-10-06,06:27,2.35
2017-10-06,06:27,19.0
2017-10-06,06:27,0.0
2017-10-06,06:27,2.36
2017-10-06,06:27,19.0
2017-10-06,06:27,0.0
2017-10-06,06:27,2.36
2017-10-06,06:27,2.37
2017-10-06,06:27,0.0
2017-10-06,06:27,0.0
2017-10-06,06:27,19.0
2017-10-06,06:27,2.34
2017-10-06,06:27,2.38
2017-10-06,06:28,18.9
2017-10-06,06:28,2.37
2017-10-06,06:28,2.35
2017-10-06,06:28,2.38
2017-10-06,06:28,19.0
2017-10-06,06:28,19.0
2017-10-06,06:28,18.9
2017-10-06,06:28,18.9
2017-10-06,06:28,2.37
2017-10-06,06:28,2.38
2017-10-06,06:28,18.9
2017-10-06,06:28,18.9
2017-10-06,06:28,18.9
2017-10-06,06:28,19.0
2017-10-06,06:28,19.0
2017-10-06,06:28,2.38
2017-10-06,06:28,18.9
2017-10-06,06:28,18.9
2017-10-06,06:28,19.0
2017-10-06,06:28,18.9
2017-10-06,06:28,18.9
2017-10-06,06:28,2.37
2017-10-06,06:28,18.9
2017-10-06,06:28,18.9
2017-10-06,06:28,0.0
2017-10-06,06:28,19.0
2017-10-06,06:28,19.0
2017-10-06,06:28,2.35
2017-10-06,06:28,19.0
2017-10-06,06:28,19.0
2017-10-06,06:28,2.35
2017-10-06,06:28,19.0
2017-10-06,06:28,19.0
2017-10-06,06:29,2.35
2017-10-06,06:29,19.0
2017-10-06,06:29,19.0
2017-10-06,06:29,0.0
2017-10-06,06:29,19.0
2017-10-06,06:29,19.0
2017-10-06,06:29,19.0
2017-10-06,06:29,0.0
2017-10-06,06:29,19.0
2017-10-06,06:29,19.0
2017-10-06,06:29,19.0
2017-10-06,06:29,18.9
2017-10-06,06:29,18.9
2017-10-06,06:29,19.0
2017-10-06,06:29,19.0
2017-10-06,06:29,19.0
2017-10-06,06:29,18.9
2017-10-06,06:29,18.9
2017-10-06,06:29,18.9
2017-10-06,06:29,2.37
2017-10-06,06:29,18.9
2017-10-06,06:29,18.9
2017-10-06,06:29,18.9
2017-10-06,06:29,18.9
2017-10-06,06:29,18.9
2017-10-06,06:29,2.36
2017-10-06,06:29,18.9
2017-10-06,06:29,18.9
2017-10-06,06:29,18.9
2017-10-06,06:29,18.9
2017-10-06,06:29,18.9
2017-10-06,06:29,2.35
2017-10-06,06:30,18.9
2017-10-06,06:30,18.9
2017-10-06,06:30,18.9
2017-10-06,06:30,18.9
2017-10-06,06:30,19.0
2017-10-06,06:30,19.0
2017-10-06,06:30,2.35
2017-10-06,06:30,19.0
2017-10-06,06:30,0.0
2017-10-06,06:30,18.9
2017-10-06,06:30,18.9
2017-10-06,06:30,18.9
2017-10-06,06:30,0.0
2017-10-06,06:30,0.0
2017-10-06,06:30,2.36
2017-10-06,06:30,0.0
2017-10-06,06:30,19.0
2017-10-06,06:30,2.36
2017-10-06,06:30,0.0
2017-10-06,06:30,2.36
2017-10-06,06:30,19.0
2017-10-06,06:30,19.0
2017-10-06,06:30,0.0
2017-10-06,06:30,18.9
2017-10-06,06:30,0.0
2017-10-06,06:30,2.35
2017-10-06,06:30,0.0
2017-10-06,06:30,0.0
2017-10-06,06:30,18.9
2017-10-06,06:30,19.0
2017-10-06,06:30,2.36
2017-10-06,06:30,0.0
2017-10-06,06:30,18.9
2017-10-06,06:31,18.9
2017-10-06,06:31,18.9
2017-10-06,06:31,0.0
2017-10-06,06:31,19.0
2017-10-06,06:31,0.0
2017-10-06,06:31,2.36
2017-10-06,06:31,18.9
2017-10-06,06:31,2.34
2017-10-06,06:31,2.35
2017-10-06,06:31,18.9
2017-10-06,06:31,2.34
2017-10-06,06:31,19.0
2017-10-06,06:31,19.0
2017-10-06,06:31,19.0
2017-10-06,06:31,19.0
2017-10-06,06:31,19.0
2017-10-06,06:31,2.36
2017-10-06,06:31,19.0
2017-10-06,06:31,19.0
2017-10-06,06:31,19.0
2017-10-06,06:31,19.0
2017-10-06,06:31,19.0
2017-10-06,06:31,2.35
2017-10-06,06:31,18.9
2017-10-06,06:31,18.9
2017-10-06,06:31,19.0
2017-10-06,06:31,19.0
2017-10-06,06:31,19.0
2017-10-06,06:31,2.34
2017-10-06,06:31,18.9
2017-10-06,06:31,18.9
2017-10-06,06:31,2.34
2017-10-06,06:31,2.36
2017-10-06,06:31,2.37
2017-10-06,06:32,2.34
2017-10-06,06:32,0.0
2017-10-06,06:32,18.9
2017-10-06,06:32,2.35
2017-10-06,06:32,18.9
2017-10-06,06:32,18.9
2017-10-06,06:32,18.9
2017-10-06,06:32,18.9
2017-10-06,06:32,18.9
2017-10-06,06:32,2.35
2017-10-06,06:32,19.0
2017-10-06,06:32,19.0
2017-10-06,06:32,2.0
2017-10-06,06:32,18.9
2017-10-06,06:32,18.9
2017-10-06,06:32,0.0
2017-10-06,06:32,3.68
2017-10-06,06:32,19.0
2017-10-06,06:32,3.65
2017-10-06,06:32,19.0
2017-10-06,06:32,19.0
2017-10-06,06:32,18.9
2017-10-06,06:32,18.9
2017-10-06,06:32,18.9
2017-10-06,06:32,19.0
2017-10-06,06:32,19.0
2017-10-06,06:32,19.0
2017-10-06,06:32,18.9
2017-10-06,06:32,18.9
2017-10-06,06:32,19.0
2017-10-06,06:32,19.0
2017-10-06,06:32,19.0
2017-10-06,06:32,19.0
2017-10-06,06:33,19.0
2017-10-06,06:33,3.78
2017-10-06,06:33,19.0
2017-10-06,06:33,19.0
2017-10-06,06:33,18.9
2017-10-06,06:33,19.0
2017-10-06,06:33,19.0
2017-10-06,06:33,3.75
2017-10-06,06:33,19.0
2017-10-06,06:33,19.0
2017-10-06,06:33,19.0
2017-10-06,06:33,19.0
2017-10-06,06:33,19.0
2017-10-06,06:33,19.0
2017-10-06,06:33,19.0
2017-10-06,06:33,19.0
2017-10-06,06:33,19.0
2017-10-06,06:33,19.1
2017-10-06,06:33,19.0
2017-10-06,06:33,3.75
2017-10-06,06:33,19.0
2017-10-06,06:33,19.0
2017-10-06,06:33,3.76
2017-10-06,06:33,19.0
2017-10-06,06:33,424.0
2017-10-06,06:33,424.0
2017-10-06,06:33,19.1
2017-10-06,06:33,424.0
2017-10-06,06:33,19.1
2017-10-06,06:33,422.0
2017-10-06,06:33,423.0
2017-10-06,06:33,3.73
2017-10-06,06:34,421.0
2017-10-06,06:34,3.76
2017-10-06,06:34,19.1
2017-10-06,06:34,3.72
2017-10-06,06:34,19.1
2017-10-06,06:34,19.1
2017-10-06,06:34,422.0
2017-10-06,06:34,421.0
2017-10-06,06:34,19.2
2017-10-06,06:34,419.0
2017-10-06,06:34,19.2
2017-10-06,06:34,3.69
2017-10-06,06:34,421.0
2017-10-06,06:34,19.2
2017-10-06,06:34,423.0
2017-10-06,06:34,421.0
2017-10-06,06:34,19.2
2017-10-06,06:34,421.0
2017-10-06,06:34,3.6
2017-10-06,06:34,19.2
2017-10-06,06:34,420.0
2017-10-06,06:34,19.2
2017-10-06,06:34,19.2
2017-10-06,06:34,19.2
2017-10-06,06:34,419.0
2017-10-06,06:34,19.2
2017-10-06,06:34,19.2
2017-10-06,06:34,420.0
2017-10-06,06:34,19.2
2017-10-06,06:34,19.2
2017-10-06,06:34,3.66
2017-10-06,06:34,19.2
2017-10-06,06:34,19.2
2017-10-06,06:34,3.67
2017-10-06,06:35,3.65
2017-10-06,06:35,19.2
2017-10-06,06:35,3.64
2017-10-06,06:35,19.2
2017-10-06,06:35,19.2
2017-10-06,06:35,3.66
2017-10-06,06:35,419.0
2017-10-06,06:35,19.2
2017-10-06,06:35,419.0
2017-10-06,06:35,3.64
2017-10-06,06:35,19.2
2017-10-06,06:35,3.63
2017-10-06,06:35,19.2
2017-10-06,06:35,19.2
2017-10-06,06:35,3.69
2017-10-06,06:35,417.0
2017-10-06,06:35,19.2
2017-10-06,06:35,419.0
2017-10-06,06:35,19.2
2017-10-06,06:35,19.2
2017-10-06,06:35,417.0
2017-10-06,06:35,418.0
2017-10-06,06:35,418.0
2017-10-06,06:35,419.0
2017-10-06,06:35,417.0
2017-10-06,06:35,19.2
2017-10-06,06:35,418.0
2017-10-06,06:35,3.64
2017-10-06,06:35,19.2
2017-10-06,06:35,418.0
2017-10-06,06:35,19.2
2017-10-06,06:35,418.0
2017-10-06,06:35,417.0
2017-10-06,06:36,19.2
2017-10-06,06:36,19.2
2017-10-06,06:36,417.0
2017-10-06,06:36,19.2
2017-10-06,06:36,417.0
2017-10-06,06:36,3.61
2017-10-06,06:36,19.2
2017-10-06,06:36,19.2
2017-10-06,06:36,3.55
2017-10-06,06:36,19.2
2017-10-06,06:36,19.2
2017-10-06,06:36,0.0
2017-10-06,06:36,19.2
2017-10-06,06:36,3.52
2017-10-06,06:36,19.2
2017-10-06,06:36,19.2
2017-10-06,06:36,19.2
2017-10-06,06:36,0.0
2017-10-06,06:36,19.2
2017-10-06,06:36,3.51
2017-10-06,06:36,19.2
2017-10-06,06:36,19.2
2017-10-06,06:36,3.55
2017-10-06,06:36,19.2
2017-10-06,06:36,19.2
2017-10-06,06:36,19.2
2017-10-06,06:36,19.2
2017-10-06,06:36,19.2
2017-10-06,06:36,19.2
2017-10-06,06:36,1.0
2017-10-06,06:36,19.2
2017-10-06,06:36,3.56
2017-10-06,06:37,19.2
2017-10-06,06:37,19.2
2017-10-06,06:37,19.2
2017-10-06,06:37,19.2
2017-10-06,06:37,19.2
2017-10-06,06:37,19.1
2017-10-06,06:37,0.0
2017-10-06,06:37,3.55
2017-10-06,06:37,19.1
2017-10-06,06:37,19.1
2017-10-06,06:37,0.0
2017-10-06,06:37,19.1
2017-10-06,06:37,3.53
2017-10-06,06:37,19.1
2017-10-06,06:37,1.0
2017-10-06,06:37,3.54
2017-10-06,06:37,0.0
2017-10-06,06:37,0.0
2017-10-06,06:37,19.1
2017-10-06,06:37,0.0
2017-10-06,06:37,19.1
2017-10-06,06:37,19.2
2017-10-06,06:37,1.0
2017-10-06,06:37,19.2
2017-10-06,06:37,19.1
2017-10-06,06:37,3.53
2017-10-06,06:37,19.1
2017-10-06,06:37,19.1
2017-10-06,06:37,3.56
2017-10-06,06:37,0.0
2017-10-06,06:37,3.51
2017-10-06,06:37,19.1
2017-10-06,06:37,19.1
2017-10-06,06:38,410.0
2017-10-06,06:38,19.1
2017-10-06,06:38,19.1
2017-10-06,06:38,415.0
2017-10-06,06:38,19.1
2017-10-06,06:38,416.0
2017-10-06,06:38,415.0
2017-10-06,06:38,19.1
2017-10-06,06:38,417.0
2017-10-06,06:38,19.1
2017-10-06,06:38,19.1
2017-10-06,06:38,415.0
2017-10-06,06:38,415.0
2017-10-06,06:38,19.1
2017-10-06,06:38,417.0
2017-10-06,06:38,19.1
2017-10-06,06:38,19.1
2017-10-06,06:38,416.0
2017-10-06,06:38,417.0
2017-10-06,06:38,19.1
2017-10-06,06:38,415.0
2017-10-06,06:38,19.2
2017-10-06,06:38,3.67
2017-10-06,06:38,3.65
2017-10-06,06:38,19.2
2017-10-06,06:38,418.0
2017-10-06,06:38,3.66
2017-10-06,06:38,19.2
2017-10-06,06:38,3.64
2017-10-06,06:38,19.2
2017-10-06,06:38,19.2
2017-10-06,06:38,416.0
2017-10-06,06:38,19.2
2017-10-06,06:39,19.2
2017-10-06,06:39,19.2
2017-10-06,06:39,416.0
2017-10-06,06:39,19.2
2017-10-06,06:39,33.59
2017-10-06,06:39,19.2
2017-10-06,06:39,19.2
2017-10-06,06:39,19.2
2017-10-06,06:39,414.0
2017-10-06,06:39,19.2
2017-10-06,06:39,19.2
2017-10-06,06:39,413.0
2017-10-06,06:39,19.2
2017-10-06,06:39,19.2
2017-10-06,06:39,19.3
2017-10-06,06:39,19.3
2017-10-06,06:39,19.3
2017-10-06,06:39,31.45
2017-10-06,06:39,19.3
2017-10-06,06:39,19.3
2017-10-06,06:39,19.3
2017-10-06,06:39,19.3
2017-10-06,06:39,19.3
2017-10-06,06:39,31.6
2017-10-06,06:39,19.3
2017-10-06,06:39,19.3
2017-10-06,06:39,31.49
2017-10-06,06:39,19.3
2017-10-06,06:39,418.0
2017-10-06,06:39,416.0
2017-10-06,06:39,19.3
2017-10-06,06:39,19.3
2017-10-06,06:39,418.0
2017-10-06,06:39,19.4
2017-10-06,06:39,19.4
2017-10-06,06:40,31.6
2017-10-06,06:40,19.4
2017-10-06,06:40,19.4
2017-10-06,06:40,31.48
2017-10-06,06:40,418.0
2017-10-06,06:40,19.4
2017-10-06,06:40,19.4
2017-10-06,06:40,418.0
2017-10-06,06:40,19.4
2017-10-06,06:40,19.4
2017-10-06,06:40,19.4
2017-10-06,06:40,19.4
2017-10-06,06:40,31.4
2017-10-06,06:40,19.4
2017-10-06,06:40,19.4
2017-10-06,06:40,2.35
2017-10-06,06:40,19.4
2017-10-06,06:40,417.0
2017-10-06,06:40,19.4
2017-10-06,06:40,417.0
2017-10-06,06:40,19.4
2017-10-06,06:40,19.4
2017-10-06,06:40,19.4
2017-10-06,06:40,19.4
2017-10-06,06:40,19.4
2017-10-06,06:40,19.4
2017-10-06,06:40,19.4
2017-10-06,06:40,19.4
2017-10-06,06:40,19.4
2017-10-06,06:40,416.0
2017-10-06,06:40,19.4
2017-10-06,06:40,19.4
2017-10-06,06:41,19.4
2017-10-06,06:41,19.4
2017-10-06,06:41,19.4
2017-10-06,06:41,19.4
2017-10-06,06:41,19.4
2017-10-06,06:41,19.4
2017-10-06,06:41,19.4
2017-10-06,06:41,19.4
2017-10-06,06:41,19.4
2017-10-06,06:41,19.4
2017-10-06,06:41,415.0
2017-10-06,06:41,19.4
2017-10-06,06:41,19.3
2017-10-06,06:41,416.0
2017-10-06,06:41,19.3
2017-10-06,06:41,19.3
2017-10-06,06:41,414.0
2017-10-06,06:41,417.0
2017-10-06,06:41,19.3
2017-10-06,06:41,416.0
2017-10-06,06:41,19.3
2017-10-06,06:41,416.0
2017-10-06,06:41,19.3
2017-10-06,06:41,416.0
2017-10-06,06:41,2.28
2017-10-06,06:41,19.3
2017-10-06,06:41,19.3
2017-10-06,06:41,2.27
2017-10-06,06:41,19.3
2017-10-06,06:41,19.3
2017-10-06,06:41,19.3
2017-10-06,06:41,19.3
2017-10-06,06:41,19.3
2017-10-06,06:42,19.3
2017-10-06,06:42,19.3
2017-10-06,06:42,0.0
2017-10-06,06:42,19.3
2017-10-06,06:42,19.3
2017-10-06,06:42,0.0
2017-10-06,06:42,19.3
2017-10-06,06:42,19.3
2017-10-06,06:42,0.0
2017-10-06,06:42,19.3
2017-10-06,06:42,19.3
2017-10-06,06:42,0.0
2017-10-06,06:42,19.3
2017-10-06,06:42,0.0
2017-10-06,06:42,2.3
2017-10-06,06:42,19.3
2017-10-06,06:42,0.0
2017-10-06,06:42,0.0
2017-10-06,06:42,0.0
2017-10-06,06:42,19.3
2017-10-06,06:42,2.29
2017-10-06,06:42,0.0
2017-10-06,06:42,0.0
2017-10-06,06:42,0.0
2017-10-06,06:42,2.26
2017-10-06,06:42,2.26
2017-10-06,06:42,2.27
2017-10-06,06:42,2.27
2017-10-06,06:42,2.26
2017-10-06,06:42,0.0
2017-10-06,06:42,19.3
2017-10-06,06:42,19.3
2017-10-06,06:42,0.0
2017-10-06,06:43,19.3
2017-10-06,06:43,2.26
2017-10-06,06:43,0.0
2017-10-06,06:43,19.2
2017-10-06,06:43,2.27
2017-10-06,06:43,0.0
2017-10-06,06:43,19.2
2017-10-06,06:43,2.27
2017-10-06,06:43,2.28
2017-10-06,06:43,19.2
2017-10-06,06:43,19.2
2017-10-06,06:43,2.3
2017-10-06,06:43,19.2
2017-10-06,06:43,19.2
2017-10-06,06:43,206.0
2017-10-06,06:43,19.2
2017-10-06,06:43,19.2
2017-10-06,06:43,19.2
2017-10-06,06:43,19.2
2017-10-06,06:43,2.38
2017-10-06,06:43,414.0
2017-10-06,06:43,19.2
2017-10-06,06:43,19.2
2017-10-06,06:43,414.0
2017-10-06,06:43,19.2
2017-10-06,06:43,19.2
2017-10-06,06:43,2.35
2017-10-06,06:43,19.2
2017-10-06,06:43,19.2
2017-10-06,06:43,19.2
2017-10-06,06:43,19.2
2017-10-06,06:43,19.2
2017-10-06,06:44,19.2
2017-10-06,06:44,19.2
2017-10-06,06:44,19.2
2017-10-06,06:44,19.2
2017-10-06,06:44,19.2
2017-10-06,06:44,19.2
2017-10-06,06:44,31.55
2017-10-06,06:44,19.2
2017-10-06,06:44,19.2
2017-10-06,06:44,19.2
2017-10-06,06:44,19.2
2017-10-06,06:44,19.2
2017-10-06,06:44,19.3
2017-10-06,06:44,411.0
2017-10-06,06:44,19.3
2017-10-06,06:44,414.0
2017-10-06,06:44,19.3
2017-10-06,06:44,19.3
2017-10-06,06:44,19.3
2017-10-06,06:44,19.3
2017-10-06,06:44,19.3
2017-10-06,06:44,31.53
2017-10-06,06:44,19.3
2017-10-06,06:44,19.3
2017-10-06,06:44,19.4
2017-10-06,06:44,19.3
2017-10-06,06:44,19.4
2017-10-06,06:44,31.65
2017-10-06,06:44,19.4
2017-10-06,06:44,19.4
2017-10-06,06:44,413.0
2017-10-06,06:44,19.4
2017-10-06,06:44,412.0
2017-10-06,06:45,413.0
2017-10-06,06:45,31.65
2017-10-06,06:45,412.0
2017-10-06,06:45,31.67
2017-10-06,06:45,19.5
2017-10-06,06:45,414.0
2017-10-06,06:45,31.51
2017-10-06,06:45,19.5
2017-10-06,06:45,412.0
2017-10-06,06:45,31.61
2017-10-06,06:45,411.0
2017-10-06,06:45,19.5
2017-10-06,06:45,31.76
2017-10-06,06:45,411.0
2017-10-06,06:45,411.0
2017-10-06,06:45,19.6
2017-10-06,06:45,31.5
2017-10-06,06:45,19.7
2017-10-06,06:45,19.7
2017-10-06,06:45,31.46
2017-10-06,06:45,409.0
2017-10-06,06:45,19.7
2017-10-06,06:45,19.7
2017-10-06,06:45,31.53
2017-10-06,06:45,19.7
2017-10-06,06:45,19.7
2017-10-06,06:45,409.0
2017-10-06,06:45,19.8
2017-10-06,06:45,19.8
2017-10-06,06:45,31.41
2017-10-06,06:45,19.8
2017-10-06,06:45,19.8
2017-10-06,06:45,411.0
2017-10-06,06:45,19.8
2017-10-06,06:46,19.8
2017-10-06,06:46,412.0
2017-10-06,06:46,19.8
2017-10-06,06:46,19.8
2017-10-06,06:46,412.0
2017-10-06,06:46,19.9
2017-10-06,06:46,19.9
2017-10-06,06:46,31.42
2017-10-06,06:46,410.0
2017-10-06,06:46,19.9
2017-10-06,06:46,31.31
2017-10-06,06:46,410.0
2017-10-06,06:46,19.9
2017-10-06,06:46,414.0
2017-10-06,06:46,19.9
2017-10-06,06:46,19.9
2017-10-06,06:46,412.0
2017-10-06,06:46,20.0
2017-10-06,06:46,31.51
2017-10-06,06:46,20.0
2017-10-06,06:46,20.0
2017-10-06,06:46,413.0
2017-10-06,06:46,20.0
2017-10-06,06:46,20.0
2017-10-06,06:46,412.0
2017-10-06,06:46,414.0
2017-10-06,06:46,414.0
2017-10-06,06:46,414.0
2017-10-06,06:46,412.0
2017-10-06,06:46,20.0
2017-10-06,06:46,414.0
2017-10-06,06:46,20.0
2017-10-06,06:46,413.0
2017-10-06,06:46,20.0
2017-10-06,06:47,20.0
2017-10-06,06:47,414.0
2017-10-06,06:47,20.0
2017-10-06,06:47,20.0
2017-10-06,06:47,20.0
2017-10-06,06:47,411.0
2017-10-06,06:47,20.0
2017-10-06,06:47,20.0
2017-10-06,06:47,412.0
2017-10-06,06:47,20.1
2017-10-06,06:47,20.1
2017-10-06,06:47,412.0
2017-10-06,06:47,20.1
2017-10-06,06:47,20.1
2017-10-06,06:47,412.0
2017-10-06,06:47,20.1
2017-10-06,06:47,20.1
2017-10-06,06:47,411.0
2017-10-06,06:47,20.1
2017-10-06,06:47,20.1
2017-10-06,06:47,411.0
2017-10-06,06:47,20.1
2017-10-06,06:47,20.1
2017-10-06,06:47,411.0
2017-10-06,06:47,20.0
2017-10-06,06:47,20.0
2017-10-06,06:47,411.0
2017-10-06,06:47,20.0
2017-10-06,06:47,20.0
2017-10-06,06:47,412.0
2017-10-06,06:47,20.1
2017-10-06,06:47,410.0
2017-10-06,06:48,20.1
2017-10-06,06:48,20.1
2017-10-06,06:48,20.1
2017-10-06,06:48,20.1
2017-10-06,06:48,20.1
2017-10-06,06:48,20.1
2017-10-06,06:48,20.1
2017-10-06,06:48,20.1
2017-10-06,06:48,20.1
2017-10-06,06:48,0.0
2017-10-06,06:48,20.0
2017-10-06,06:48,20.0
2017-10-06,06:48,20.0
2017-10-06,06:48,20.0
2017-10-06,06:48,20.0
2017-10-06,06:48,52.14
2017-10-06,06:48,52.12
2017-10-06,06:48,20.0
2017-10-06,06:48,20.0
2017-10-06,06:48,20.0
2017-10-06,06:48,20.0
2017-10-06,06:48,20.0
2017-10-06,06:48,20.0
2017-10-06,06:48,51.84
2017-10-06,06:48,20.0
2017-10-06,06:48,20.0
2017-10-06,06:48,20.0
2017-10-06,06:48,20.0
2017-10-06,06:48,20.0
2017-10-06,06:48,0.0
2017-10-06,06:48,20.0
2017-10-06,06:48,20.0
2017-10-06,06:49,20.0
2017-10-06,06:49,20.0
2017-10-06,06:49,20.0
2017-10-06,06:49,0.0
2017-10-06,06:49,0.0
2017-10-06,06:49,20.0
2017-10-06,06:49,20.0
2017-10-06,06:49,20.0
2017-10-06,06:49,0.0
2017-10-06,06:49,20.0
2017-10-06,06:49,20.0
2017-10-06,06:49,0.0
2017-10-06,06:49,20.0
2017-10-06,06:49,20.0
2017-10-06,06:49,0.0
2017-10-06,06:49,20.0
2017-10-06,06:49,20.0
2017-10-06,06:49,0.0
2017-10-06,06:49,20.0
2017-10-06,06:49,0.0
2017-10-06,06:49,20.0
2017-10-06,06:49,20.0
2017-10-06,06:49,20.0
2017-10-06,06:49,0.0
2017-10-06,06:49,0.0
2017-10-06,06:49,0.0
2017-10-06,06:49,20.0
2017-10-06,06:49,0.0
2017-10-06,06:49,20.0
2017-10-06,06:49,2.0
2017-10-06,06:49,20.0
2017-10-06,06:49,0.0
2017-10-06,06:49,19.9
2017-10-06,06:49,0.0
2017-10-06,06:50,2.0
2017-10-06,06:50,51.61
2017-10-06,06:50,19.9
2017-10-06,06:50,0.0
2017-10-06,06:50,19.9
2017-10-06,06:50,19.9
2017-10-06,06:50,19.9
2017-10-06,06:50,51.96
2017-10-06,06:50,19.9
2017-10-06,06:50,19.9
2017-10-06,06:50,19.9
2017-10-06,06:50,1.0
2017-10-06,06:50,19.9
2017-10-06,06:50,19.9
2017-10-06,06:50,52.22
2017-10-06,06:50,19.9
2017-10-06,06:50,19.9
2017-10-06,06:50,1.0
2017-10-06,06:50,19.9
2017-10-06,06:50,19.9
2017-10-06,06:50,0.0
2017-10-06,06:50,51.92
2017-10-06,06:50,19.9
2017-10-06,06:50,0.0
2017-10-06,06:50,19.9
2017-10-06,06:50,19.9
2017-10-06,06:50,0.0
2017-10-06,06:50,0.0
2017-10-06,06:50,19.9
2017-10-06,06:50,51.95
2017-10-06,06:50,19.9
2017-10-06,06:50,19.9
2017-10-06,06:50,19.9
2017-10-06,06:51,19.9
2017-10-06,06:51,19.9
2017-10-06,06:51,19.9
2017-10-06,06:51,19.9
2017-10-06,06:51,19.9
2017-10-06,06:51,19.9
2017-10-06,06:51,19.9
2017-10-06,06:51,19.9
2017-10-06,06:51,19.9
2017-10-06,06:51,19.9
2017-10-06,06:51,19.9
2017-10-06,06:51,19.9
2017-10-06,06:51,19.9
2017-10-06,06:51,1.0
2017-10-06,06:51,19.9
2017-10-06,06:51,19.9
2017-10-06,06:51,0.0
2017-10-06,06:51,19.9
2017-10-06,06:51,0.0
2017-10-06,06:51,19.9
2017-10-06,06:51,0.0
2017-10-06,06:51,42.52
2017-10-06,06:51,19.9
2017-10-06,06:51,19.9
2017-10-06,06:51,42.86
2017-10-06,06:51,19.8
2017-10-06,06:51,19.8
2017-10-06,06:51,19.8
2017-10-06,06:51,19.8
2017-10-06,06:51,19.8
2017-10-06,06:51,19.8
2017-10-06,06:51,19.8
2017-10-06,06:51,19.8
2017-10-06,06:52,19.8
2017-10-06,06:52,19.8
2017-10-06,06:52,19.8
2017-10-06,06:52,19.8
2017-10-06,06:52,19.8
2017-10-06,06:52,19.8
2017-10-06,06:52,19.8
2017-10-06,06:52,19.8
2017-10-06,06:52,19.8
2017-10-06,06:52,3.0
2017-10-06,06:52,19.8
2017-10-06,06:52,19.8
2017-10-06,06:52,0.0
2017-10-06,06:52,1.0
2017-10-06,06:52,19.8
2017-10-06,06:52,0.0
2017-10-06,06:52,0.0
2017-10-06,06:52,19.8
2017-10-06,06:52,1.0
2017-10-06,06:52,19.8
2017-10-06,06:52,19.8
2017-10-06,06:52,0.0
2017-10-06,06:52,19.8
2017-10-06,06:52,2.29
2017-10-06,06:52,19.8
2017-10-06,06:52,0.0
2017-10-06,06:52,19.8
2017-10-06,06:52,19.8
2017-10-06,06:52,19.8
2017-10-06,06:52,19.8
2017-10-06,06:52,19.8
2017-10-06,06:52,19.8
2017-10-06,06:53,19.8
2017-10-06,06:53,19.8
2017-10-06,06:53,19.8
2017-10-06,06:53,19.8
2017-10-06,06:53,0.0
2017-10-06,06:53,19.8
2017-10-06,06:53,1.0
2017-10-06,06:53,19.8
2017-10-06,06:53,19.8
2017-10-06,06:53,1.0
2017-10-06,06:53,19.8
2017-10-06,06:53,19.8
2017-10-06,06:53,19.8
2017-10-06,06:53,19.8
2017-10-06,06:53,19.8
2017-10-06,06:53,19.8
2017-10-06,06:53,19.8
2017-10-06,06:53,19.8
2017-10-06,06:53,19.8
2017-10-06,06:53,19.8
2017-10-06,06:53,19.8
2017-10-06,06:53,2.3
2017-10-06,06:53,19.8
2017-10-06,06:53,19.8
2017-10-06,06:53,2.31
2017-10-06,06:53,19.9
2017-10-06,06:53,19.8
2017-10-06,06:53,2.29
2017-10-06,06:53,19.8
2017-10-06,06:53,19.8
2017-10-06,06:53,19.8
2017-10-06,06:53,19.8
2017-10-06,06:54,19.8
2017-10-06,06:54,19.8
2017-10-06,06:54,19.8
2017-10-06,06:54,19.8
2017-10-06,06:54,19.8
2017-10-06,06:54,19.8
2017-10-06,06:54,19.8
2017-10-06,06:54,19.8
2017-10-06,06:54,19.8
2017-10-06,06:54,19.8
2017-10-06,06:54,19.8
2017-10-06,06:54,19.8
2017-10-06,06:54,19.8
2017-10-06,06:54,19.8
2017-10-06,06:54,19.8
2017-10-06,06:54,19.8
2017-10-06,06:54,19.8
2017-10-06,06:54,19.8
2017-10-06,06:54,19.8
2017-10-06,06:54,19.8
2017-10-06,06:54,19.8
2017-10-06,06:54,19.8
2017-10-06,06:54,19.8
2017-10-06,06:54,19.8
2017-10-06,06:54,1.0
2017-10-06,06:54,19.8
2017-10-06,06:54,19.8
2017-10-06,06:54,1.0
2017-10-06,06:54,19.8
2017-10-06,06:54,19.8
2017-10-06,06:54,2.28
2017-10-06,06:54,1.0
2017-10-06,06:55,19.8
2017-10-06,06:55,19.8
2017-10-06,06:55,2.0
2017-10-06,06:55,19.8
2017-10-06,06:55,19.8
2017-10-06,06:55,1.0
2017-10-06,06:55,19.8
2017-10-06,06:55,19.8
2017-10-06,06:55,0.0
2017-10-06,06:55,19.7
2017-10-06,06:55,19.7
2017-10-06,06:55,1.0
2017-10-06,06:55,19.8
2017-10-06,06:55,19.8
2017-10-06,06:55,2.3
2017-10-06,06:55,19.7
2017-10-06,06:55,19.7
2017-10-06,06:55,0.0
2017-10-06,06:55,0.0
2017-10-06,06:55,19.7
2017-10-06,06:55,0.0
2017-10-06,06:55,1.0
2017-10-06,06:55,1.0
2017-10-06,06:55,1.0
2017-10-06,06:55,19.7
2017-10-06,06:55,0.0
2017-10-06,06:55,1.0
2017-10-06,06:55,19.7
2017-10-06,06:55,19.7
2017-10-06,06:55,2.0
2017-10-06,06:55,19.7
2017-10-06,06:55,19.7
2017-10-06,06:55,13.26
2017-10-06,06:55,19.7
2017-10-06,06:55,19.7
2017-10-06,06:56,19.7
2017-10-06,06:56,19.7
2017-10-06,06:56,19.7
2017-10-06,06:56,2.29
2017-10-06,06:56,19.7
2017-10-06,06:56,19.7
2017-10-06,06:56,19.7
2017-10-06,06:56,19.7
2017-10-06,06:56,19.7
2017-10-06,06:56,19.7
2017-10-06,06:56,1.0
2017-10-06,06:56,19.7
2017-10-06,06:56,19.7
2017-10-06,06:56,19.7
2017-10-06,06:56,19.7
2017-10-06,06:56,19.7
2017-10-06,06:56,19.7
2017-10-06,06:56,19.7
2017-10-06,06:56,19.7
2017-10-06,06:56,3.0
2017-10-06,06:56,19.7
2017-10-06,06:56,19.7
2017-10-06,06:56,1.0
2017-10-06,06:56,19.7
2017-10-06,06:56,19.7
2017-10-06,06:56,1.0
2017-10-06,06:56,2.29
2017-10-06,06:56,19.7
2017-10-06,06:56,2.32
2017-10-06,06:56,2.29
2017-10-06,06:56,19.7
2017-10-06,06:57,1.0
2017-10-06,06:57,19.7
2017-10-06,06:57,19.7
2017-10-06,06:57,2.32
2017-10-06,06:57,19.7
2017-10-06,06:57,19.7
2017-10-06,06:57,0.0
2017-10-06,06:57,19.7
2017-10-06,06:57,19.7
2017-10-06,06:57,19.7
2017-10-06,06:57,2.32
2017-10-06,06:57,19.7
2017-10-06,06:57,19.7
2017-10-06,06:57,1.0
2017-10-06,06:57,19.7
2017-10-06,06:57,19.7
2017-10-06,06:57,2.31
2017-10-06,06:57,19.7
2017-10-06,06:57,19.7
2017-10-06,06:57,0.0
2017-10-06,06:57,19.7
2017-10-06,06:57,19.7
2017-10-06,06:57,2.36
2017-10-06,06:57,19.7
2017-10-06,06:57,19.7
2017-10-06,06:57,2.0
2017-10-06,06:57,19.6
2017-10-06,06:57,19.6
2017-10-06,06:57,2.0
2017-10-06,06:57,19.7
2017-10-06,06:57,0.0
2017-10-06,06:57,19.7
2017-10-06,06:58,19.7
2017-10-06,06:58,19.7
2017-10-06,06:58,3.0
2017-10-06,06:58,2.29
2017-10-06,06:58,19.6
2017-10-06,06:58,19.6
2017-10-06,06:58,2.29
2017-10-06,06:58,19.7
2017-10-06,06:58,2.31
2017-10-06,06:58,19.6
2017-10-06,06:58,19.6
2017-10-06,06:58,19.7
2017-10-06,06:58,19.6
2017-10-06,06:58,19.6
2017-10-06,06:58,2.3
2017-10-06,06:58,19.6
2017-10-06,06:58,19.7
2017-10-06,06:58,19.6
2017-10-06,06:58,19.6
2017-10-06,06:58,19.6
2017-10-06,06:58,2.3
2017-10-06,06:58,19.6
2017-10-06,06:58,19.6
2017-10-06,06:58,19.6
2017-10-06,06:58,19.6
2017-10-06,06:58,19.6
2017-10-06,06:58,2.29
2017-10-06,06:58,19.6
2017-10-06,06:58,19.6
2017-10-06,06:58,19.6
2017-10-06,06:58,19.6
2017-10-06,06:58,19.6
2017-10-06,06:58,19.6
2017-10-06,06:58,19.6
2017-10-06,06:58,2.3
2017-10-06,06:59,19.6
2017-10-06,06:59,1.0
2017-10-06,06:59,19.6
2017-10-06,06:59,19.6
2017-10-06,06:59,2.28
2017-10-06,06:59,19.6
2017-10-06,06:59,19.6
2017-10-06,06:59,19.6
2017-10-06,06:59,1.0
2017-10-06,06:59,19.6
2017-10-06,06:59,1.0
2017-10-06,06:59,19.6
2017-10-06,06:59,19.6
2017-10-06,06:59,19.6
2017-10-06,06:59,1.0
2017-10-06,06:59,19.6
2017-10-06,06:59,4.0
2017-10-06,06:59,19.6
2017-10-06,06:59,2.0
2017-10-06,06:59,19.6
2017-10-06,06:59,19.6
2017-10-06,06:59,2.26
2017-10-06,06:59,19.6
2017-10-06,06:59,19.6
2017-10-06,06:59,19.6
2017-10-06,06:59,19.6
2017-10-06,06:59,2.0
2017-10-06,06:59,2.29
2017-10-06,06:59,19.6
2017-10-06,06:59,1.0
2017-10-06,06:59,19.6
2017-10-06,06:59,1.0
2017-10-06,07:00,19.6
2017-10-06,07:00,19.6
2017-10-06,07:00,2.28
2017-10-06,07:00,19.6
2017-10-06,07:00,19.6
2017-10-06,07:00,19.6
2017-10-06,07:00,19.6
2017-10-06,07:00,19.6
2017-10-06,07:00,19.6
2017-10-06,07:00,2.29
2017-10-06,07:00,19.6
2017-10-06,07:00,19.6
2017-10-06,07:00,2.28
2017-10-06,07:00,19.6
2017-10-06,07:00,19.6
2017-10-06,07:00,1.0
2017-10-06,07:00,19.6
2017-10-06,07:00,19.6
2017-10-06,07:00,19.6
2017-10-06,07:00,19.6
2017-10-06,07:00,19.6
2017-10-06,07:00,2.28
2017-10-06,07:00,19.6
2017-10-06,07:00,19.6
2017-10-06,07:00,19.6
2017-10-06,07:00,19.6
2017-10-06,07:00,19.6
2017-10-06,07:00,2.28
2017-10-06,07:00,19.6
2017-10-06,07:00,19.6
2017-10-06,07:00,19.5
2017-10-06,07:00,19.5
2017-10-06,07:00,19.6
2017-10-06,07:01,19.6
2017-10-06,07:01,2.31
2017-10-06,07:01,19.6
2017-10-06,07:01,19.6
2017-10-06,07:01,3.0
2017-10-06,07:01,19.6
2017-10-06,07:01,19.6
2017-10-06,07:01,19.6
2017-10-06,07:01,19.6
2017-10-06,07:01,19.6
2017-10-06,07:01,19.6
2017-10-06,07:01,2.0
2017-10-06,07:01,19.6
2017-10-06,07:01,19.6
2017-10-06,07:01,2.0
2017-10-06,07:01,19.6
2017-10-06,07:01,19.6
2017-10-06,07:01,0.0
2017-10-06,07:01,19.5
2017-10-06,07:01,19.5
2017-10-06,07:01,2.31
2017-10-06,07:01,19.5
2017-10-06,07:01,19.5
2017-10-06,07:01,1.0
2017-10-06,07:01,19.5
2017-10-06,07:01,19.5
2017-10-06,07:01,2.31
2017-10-06,07:01,19.5
2017-10-06,07:01,19.5
2017-10-06,07:01,1.0
2017-10-06,07:01,19.5
2017-10-06,07:02,19.5
2017-10-06,07:02,3.0
2017-10-06,07:02,19.5
2017-10-06,07:02,19.5
2017-10-06,07:02,2.0
2017-10-06,07:02,19.5
2017-10-06,07:02,19.5
2017-10-06,07:02,0.0
2017-10-06,07:02,2.31
2017-10-06,07:02,19.5
2017-10-06,07:02,3.0
2017-10-06,07:02,19.5
2017-10-06,07:02,2.0
2017-10-06,07:02,1.0
2017-10-06,07:02,19.5
2017-10-06,07:02,3.0
2017-10-06,07:02,19.5
2017-10-06,07:02,2.27
2017-10-06,07:02,2.0
2017-10-06,07:02,0.0
2017-10-06,07:02,3.0
2017-10-06,07:02,19.5
2017-10-06,07:02,2.0
2017-10-06,07:02,2.28
2017-10-06,07:02,2.28
2017-10-06,07:02,2.0
2017-10-06,07:02,19.5
2017-10-06,07:02,19.5
2017-10-06,07:02,2.0
2017-10-06,07:02,19.5
2017-10-06,07:02,19.5
2017-10-06,07:02,2.0
2017-10-06,07:02,19.5
2017-10-06,07:03,19.5
2017-10-06,07:03,2.0
2017-10-06,07:03,19.5
2017-10-06,07:03,19.5
2017-10-06,07:03,2.0
2017-10-06,07:03,19.5
2017-10-06,07:03,19.5
2017-10-06,07:03,0.0
2017-10-06,07:03,19.5
2017-10-06,07:03,19.5
2017-10-06,07:03,19.5
2017-10-06,07:03,2.31
2017-10-06,07:03,1.0
2017-10-06,07:03,2.0
2017-10-06,07:03,19.5
2017-10-06,07:03,2.0
2017-10-06,07:03,19.5
2017-10-06,07:03,2.0
2017-10-06,07:03,2.0
2017-10-06,07:03,19.5
2017-10-06,07:03,2.0
2017-10-06,07:03,2.0
2017-10-06,07:03,19.5
2017-10-06,07:03,2.0
2017-10-06,07:03,19.5
2017-10-06,07:03,19.5
2017-10-06,07:03,1.0
2017-10-06,07:03,19.5
2017-10-06,07:03,19.5
2017-10-06,07:03,2.0
2017-10-06,07:03,19.5
2017-10-06,07:03,19.5
2017-10-06,07:03,1.0
2017-10-06,07:03,19.5
2017-10-06,07:04,19.5
2017-10-06,07:04,2.0
2017-10-06,07:04,2.0
2017-10-06,07:04,19.5
2017-10-06,07:04,19.5
2017-10-06,07:04,0.0
2017-10-06,07:04,19.5
2017-10-06,07:04,2.31
2017-10-06,07:04,2.0
2017-10-06,07:04,2.0
2017-10-06,07:04,19.5
2017-10-06,07:04,2.31
2017-10-06,07:04,2.0
2017-10-06,07:04,19.5
2017-10-06,07:04,2.32
2017-10-06,07:04,2.29
2017-10-06,07:04,19.5
2017-10-06,07:04,2.29
2017-10-06,07:04,2.29
2017-10-06,07:04,19.5
2017-10-06,07:04,2.0
2017-10-06,07:04,19.5
2017-10-06,07:04,19.5
2017-10-06,07:04,19.5
2017-10-06,07:04,2.36
2017-10-06,07:04,19.5
2017-10-06,07:04,411.0
2017-10-06,07:04,19.5
2017-10-06,07:04,19.5
2017-10-06,07:04,19.5
2017-10-06,07:04,2.35
2017-10-06,07:04,19.5
2017-10-06,07:05,19.5
2017-10-06,07:05,416.0
2017-10-06,07:05,19.5
2017-10-06,07:05,19.5
2017-10-06,07:05,2.36
2017-10-06,07:05,19.5
2017-10-06,07:05,19.5
2017-10-06,07:05,415.0
2017-10-06,07:05,19.5
2017-10-06,07:05,416.0
2017-10-06,07:05,19.5
2017-10-06,07:05,2.36
2017-10-06,07:05,414.0
2017-10-06,07:05,19.5
2017-10-06,07:05,415.0
2017-10-06,07:05,414.0
2017-10-06,07:05,19.5
2017-10-06,07:05,415.0
2017-10-06,07:05,415.0
2017-10-06,07:05,19.5
2017-10-06,07:05,2.37
2017-10-06,07:05,411.0
2017-10-06,07:05,19.5
2017-10-06,07:05,2.37
2017-10-06,07:05,19.5
2017-10-06,07:05,415.0
2017-10-06,07:05,19.5
2017-10-06,07:05,19.5
2017-10-06,07:05,2.34
2017-10-06,07:05,19.5
2017-10-06,07:05,19.5
2017-10-06,07:05,19.5
2017-10-06,07:05,19.5
2017-10-06,07:05,19.5
2017-10-06,07:06,19.6
2017-10-06,07:06,2.35
2017-10-06,07:06,19.6
2017-10-06,07:06,19.6
2017-10-06,07:06,19.6
2017-10-06,07:06,409.0
2017-10-06,07:06,19.6
2017-10-06,07:06,19.6
2017-10-06,07:06,410.0
2017-10-06,07:06,19.6
2017-10-06,07:06,19.6
2017-10-06,07:06,415.0
2017-10-06,07:06,19.6
2017-10-06,07:06,19.6
2017-10-06,07:06,417.0
2017-10-06,07:06,19.6
2017-10-06,07:06,19.6
2017-10-06,07:06,418.0
2017-10-06,07:06,31.56
2017-10-06,07:06,19.6
2017-10-06,07:06,19.6
2017-10-06,07:06,31.5
2017-10-06,07:06,19.6
2017-10-06,07:06,416.0
2017-10-06,07:06,31.64
2017-10-06,07:06,19.6
2017-10-06,07:06,418.0
2017-10-06,07:06,33.05
2017-10-06,07:06,19.6
2017-10-06,07:06,416.0
2017-10-06,07:06,33.11
2017-10-06,07:06,33.0
2017-10-06,07:07,33.3
2017-10-06,07:07,415.0
2017-10-06,07:07,32.96
2017-10-06,07:07,33.05
2017-10-06,07:07,19.6
2017-10-06,07:07,19.6
2017-10-06,07:07,19.6
2017-10-06,07:07,33.24
2017-10-06,07:07,19.6
2017-10-06,07:07,19.6
2017-10-06,07:07,19.6
2017-10-06,07:07,413.0
2017-10-06,07:07,19.6
2017-10-06,07:07,19.6
2017-10-06,07:07,19.6
2017-10-06,07:07,19.6
2017-10-06,07:07,19.6
2017-10-06,07:07,19.6
2017-10-06,07:07,19.6
2017-10-06,07:07,19.6
2017-10-06,07:07,19.6
2017-10-06,07:07,19.6
2017-10-06,07:07,19.6
2017-10-06,07:07,19.6
2017-10-06,07:07,19.6
2017-10-06,07:07,19.6
2017-10-06,07:07,33.34
2017-10-06,07:07,19.6
2017-10-06,07:07,19.6
2017-10-06,07:07,19.6
2017-10-06,07:07,19.6
2017-10-06,07:07,19.6
2017-10-06,07:08,19.6
2017-10-06,07:08,33.0
2017-10-06,07:08,411.0
2017-10-06,07:08,19.6
2017-10-06,07:08,410.0
2017-10-06,07:08,411.0
2017-10-06,07:08,409.0
2017-10-06,07:08,19.6
2017-10-06,07:08,410.0
2017-10-06,07:08,409.0
2017-10-06,07:08,19.6
2017-10-06,07:08,33.03
2017-10-06,07:08,414.0
2017-10-06,07:08,19.6
2017-10-06,07:08,414.0
2017-10-06,07:08,416.0
2017-10-06,07:08,414.0
2017-10-06,07:08,19.6
2017-10-06,07:08,415.0
2017-10-06,07:08,32.94
2017-10-06,07:08,19.7
2017-10-06,07:08,19.7
2017-10-06,07:08,19.7
2017-10-06,07:08,19.7
2017-10-06,07:08,19.7
2017-10-06,07:08,19.7
2017-10-06,07:08,19.7
2017-10-06,07:08,19.7
2017-10-06,07:08,33.16
2017-10-06,07:08,19.7
2017-10-06,07:08,19.7
2017-10-06,07:08,414.0
2017-10-06,07:08,19.7
2017-10-06,07:08,19.7
2017-10-06,07:09,414.0
2017-10-06,07:09,19.7
2017-10-06,07:09,19.7
2017-10-06,07:09,415.0
2017-10-06,07:09,19.7
2017-10-06,07:09,19.7
2017-10-06,07:09,3.73
2017-10-06,07:09,19.7
2017-10-06,07:09,19.7
2017-10-06,07:09,19.7
2017-10-06,07:09,414.0
2017-10-06,07:09,19.7
2017-10-06,07:09,19.7
2017-10-06,07:09,414.0
2017-10-06,07:09,19.7
2017-10-06,07:09,3.62
2017-10-06,07:09,19.7
2017-10-06,07:09,19.7
2017-10-06,07:09,3.61
2017-10-06,07:09,3.63
2017-10-06,07:09,19.7
2017-10-06,07:09,19.7
2017-10-06,07:09,19.7
2017-10-06,07:09,412.0
2017-10-06,07:09,19.7
2017-10-06,07:09,411.0
2017-10-06,07:09,19.7
2017-10-06,07:09,19.6
2017-10-06,07:09,414.0
2017-10-06,07:09,19.7
2017-10-06,07:09,19.6
2017-10-06,07:09,19.6
2017-10-06,07:09,19.7
2017-10-06,07:10,19.7
2017-10-06,07:10,19.7
2017-10-06,07:10,19.6
2017-10-06,07:10,19.6
2017-10-06,07:10,19.6
2017-10-06,07:10,19.7
2017-10-06,07:10,19.6
2017-10-06,07:10,19.6
2017-10-06,07:10,19.6
2017-10-06,07:10,412.0
2017-10-06,07:10,19.6
2017-10-06,07:10,19.6
2017-10-06,07:10,412.0
2017-10-06,07:10,19.6
2017-10-06,07:10,70.0
2017-10-06,07:10,19.6
2017-10-06,07:10,10.0
2017-10-06,07:10,7.0
2017-10-06,07:10,19.6
2017-10-06,07:10,5.0
2017-10-06,07:10,19.6
2017-10-06,07:10,3.62
2017-10-06,07:10,19.6
2017-10-06,07:10,19.6
2017-10-06,07:10,19.6
2017-10-06,07:10,19.6
2017-10-06,07:10,19.6
2017-10-06,07:10,19.6
2017-10-06,07:10,5.0
2017-10-06,07:10,19.6
2017-10-06,07:10,19.6
2017-10-06,07:10,19.6
2017-10-06,07:10,19.6
2017-10-06,07:10,19.6
2017-10-06,07:11,19.6
2017-10-06,07:11,19.6
2017-10-06,07:11,19.6
2017-10-06,07:11,19.6
2017-10-06,07:11,19.6
2017-10-06,07:11,19.6
2017-10-06,07:11,3.76
2017-10-06,07:11,3.74
2017-10-06,07:11,406.0
2017-10-06,07:11,3.73
2017-10-06,07:11,19.6
2017-10-06,07:11,410.0
2017-10-06,07:11,19.6
2017-10-06,07:11,413.0
2017-10-06,07:11,19.6
2017-10-06,07:11,19.6
2017-10-06,07:11,416.0
2017-10-06,07:11,19.6
2017-10-06,07:11,19.6
2017-10-06,07:11,3.83
2017-10-06,07:11,19.6
2017-10-06,07:11,3.83
2017-10-06,07:11,19.6
2017-10-06,07:11,415.0
2017-10-06,07:11,19.6
2017-10-06,07:11,415.0
2017-10-06,07:11,3.79
2017-10-06,07:11,414.0
2017-10-06,07:11,19.5
2017-10-06,07:11,415.0
2017-10-06,07:11,19.5
2017-10-06,07:11,19.5
2017-10-06,07:11,3.77
2017-10-06,07:12,19.6
2017-10-06,07:12,19.6
2017-10-06,07:12,19.5
2017-10-06,07:12,415.0
2017-10-06,07:12,19.6
2017-10-06,07:12,3.74
2017-10-06,07:12,19.5
2017-10-06,07:12,19.5
2017-10-06,07:12,19.5
2017-10-06,07:12,19.5
2017-10-06,07:12,19.5
2017-10-06,07:12,19.5
2017-10-06,07:12,415.0
2017-10-06,07:12,19.5
2017-10-06,07:12,414.0
2017-10-06,07:12,19.5
2017-10-06,07:12,19.5
2017-10-06,07:12,414.0
2017-10-06,07:12,19.5
2017-10-06,07:12,19.5
2017-10-06,07:12,415.0
2017-10-06,07:12,415.0
2017-10-06,07:12,19.5
2017-10-06,07:12,413.0
2017-10-06,07:12,3.73
2017-10-06,07:12,19.5
2017-10-06,07:12,3.73
2017-10-06,07:12,19.5
2017-10-06,07:12,19.5
2017-10-06,07:12,3.75
2017-10-06,07:12,19.5
2017-10-06,07:12,19.5
2017-10-06,07:12,19.5
2017-10-06,07:13,414.0
2017-10-06,07:13,19.5
2017-10-06,07:13,19.5
2017-10-06,07:13,0.0
2017-10-06,07:13,19.5
2017-10-06,07:13,19.5
2017-10-06,07:13,414.0
2017-10-06,07:13,19.5
2017-10-06,07:13,19.5
2017-10-06,07:13,0.0
2017-10-06,07:13,19.5
2017-10-06,07:13,19.5
2017-10-06,07:13,413.0
2017-10-06,07:13,19.5
2017-10-06,07:13,19.5
2017-10-06,07:13,414.0
2017-10-06,07:13,19.5
2017-10-06,07:13,19.5
2017-10-06,07:13,2.42
2017-10-06,07:13,2.41
2017-10-06,07:13,0.0
2017-10-06,07:13,2.4
2017-10-06,07:13,19.5
2017-10-06,07:13,2.4
2017-10-06,07:13,0.0
2017-10-06,07:13,0.0
2017-10-06,07:13,19.5
2017-10-06,07:13,1.0
2017-10-06,07:13,19.5
2017-10-06,07:13,19.5
2017-10-06,07:13,0.0
2017-10-06,07:13,19.5
2017-10-06,07:13,0.0
2017-10-06,07:14,0.0
2017-10-06,07:14,19.5
2017-10-06,07:14,0.0
2017-10-06,07:14,0.0
2017-10-06,07:14,19.5
2017-10-06,07:14,0.0
2017-10-06,07:14,0.0
2017-10-06,07:14,19.5
2017-10-06,07:14,2.41
2017-10-06,07:14,19.5
2017-10-06,07:14,0.0
2017-10-06,07:14,0.0
2017-10-06,07:14,19.5
2017-10-06,07:14,19.5
2017-10-06,07:14,0.0
2017-10-06,07:14,19.5
2017-10-06,07:14,0.0
2017-10-06,07:14,19.5
2017-10-06,07:14,19.5
2017-10-06,07:14,1.0
2017-10-06,07:14,2.41
2017-10-06,07:14,19.5
2017-10-06,07:14,0.0
2017-10-06,07:14,19.5
2017-10-06,07:14,19.5
2017-10-06,07:14,0.0
2017-10-06,07:14,19.5
2017-10-06,07:14,19.5
2017-10-06,07:14,0.0
2017-10-06,07:14,19.5
2017-10-06,07:14,0.0
2017-10-06,07:14,19.5
2017-10-06,07:15,19.5
2017-10-06,07:15,0.0
2017-10-06,07:15,19.5
2017-10-06,07:15,2.4
2017-10-06,07:15,0.0
2017-10-06,07:15,19.4
2017-10-06,07:15,0.0
2017-10-06,07:15,19.5
2017-10-06,07:15,19.5
2017-10-06,07:15,0.0
2017-10-06,07:15,2.41
2017-10-06,07:15,19.4
2017-10-06,07:15,19.4
2017-10-06,07:15,19.4
2017-10-06,07:15,19.5
2017-10-06,07:15,2.4
2017-10-06,07:15,19.5
2017-10-06,07:15,19.5
2017-10-06,07:15,19.5
2017-10-06,07:15,19.5
2017-10-06,07:15,19.4
2017-10-06,07:15,19.4
2017-10-06,07:15,19.5
2017-10-06,07:15,19.4
2017-10-06,07:15,19.5
2017-10-06,07:15,0.0
2017-10-06,07:15,0.0
2017-10-06,07:15,19.4
2017-10-06,07:15,19.4
2017-10-06,07:15,2.39
2017-10-06,07:15,2.4
2017-10-06,07:15,19.4
2017-10-06,07:15,0.0
2017-10-06,07:15,2.38
2017-10-06,07:16,0.0
2017-10-06,07:16,0.0
2017-10-06,07:16,19.4
2017-10-06,07:16,19.4
2017-10-06,07:16,2.41
2017-10-06,07:16,19.5
2017-10-06,07:16,19.5
2017-10-06,07:16,0.0
2017-10-06,07:16,19.4
2017-10-06,07:16,19.5
2017-10-06,07:16,19.4
2017-10-06,07:16,0.0
2017-10-06,07:16,19.4
2017-10-06,07:16,19.4
2017-10-06,07:16,0.0
2017-10-06,07:16,19.4
2017-10-06,07:16,19.4
2017-10-06,07:16,2.39
2017-10-06,07:16,19.4
2017-10-06,07:16,19.4
2017-10-06,07:16,0.0
2017-10-06,07:16,19.4
2017-10-06,07:16,19.4
2017-10-06,07:16,19.4
2017-10-06,07:16,2.4
2017-10-06,07:16,19.4
2017-10-06,07:16,19.4
2017-10-06,07:16,0.0
2017-10-06,07:16,19.4
2017-10-06,07:16,19.4
2017-10-06,07:16,0.0
2017-10-06,07:16,19.5
2017-10-06,07:16,19.5
2017-10-06,07:16,2.45
2017-10-06,07:17,0.0
2017-10-06,07:17,19.4
2017-10-06,07:17,0.0
2017-10-06,07:17,0.0
2017-10-06,07:17,19.4
2017-10-06,07:17,0.0
2017-10-06,07:17,0.0
2017-10-06,07:17,2.67
2017-10-06,07:17,2.53
2017-10-06,07:17,19.4
2017-10-06,07:17,19.4
2017-10-06,07:17,0.0
2017-10-06,07:17,2.5
2017-10-06,07:17,19.4
2017-10-06,07:17,2.52
2017-10-06,07:17,2.5
2017-10-06,07:17,19.4
2017-10-06,07:17,0.0
2017-10-06,07:17,19.4
2017-10-06,07:17,19.4
2017-10-06,07:17,19.4
2017-10-06,07:17,19.4
2017-10-06,07:17,2.52
2017-10-06,07:17,19.4
2017-10-06,07:17,19.4
2017-10-06,07:17,0.0
2017-10-06,07:17,19.4
2017-10-06,07:17,19.4
2017-10-06,07:17,2.55
2017-10-06,07:17,19.4
2017-10-06,07:17,19.4
2017-10-06,07:17,0.0
2017-10-06,07:18,19.4
2017-10-06,07:18,19.4
2017-10-06,07:18,0.0
2017-10-06,07:18,19.4
2017-10-06,07:18,19.4
2017-10-06,07:18,0.0
2017-10-06,07:18,19.4
2017-10-06,07:18,0.0
2017-10-06,07:18,19.4
2017-10-06,07:18,2.49
2017-10-06,07:18,19.4
2017-10-06,07:18,2.51
2017-10-06,07:18,2.5
2017-10-06,07:18,19.4
2017-10-06,07:18,0.0
2017-10-06,07:18,2.5
2017-10-06,07:18,19.4
2017-10-06,07:18,2.52
2017-10-06,07:18,19.4
2017-10-06,07:18,19.4
2017-10-06,07:18,0.0
2017-10-06,07:18,19.4
2017-10-06,07:18,19.4
2017-10-06,07:18,0.0
2017-10-06,07:18,19.4
2017-10-06,07:18,19.4
2017-10-06,07:18,0.0
2017-10-06,07:18,19.4
2017-10-06,07:18,19.4
2017-10-06,07:18,0.0
2017-10-06,07:18,19.4
2017-10-06,07:18,2.49
2017-10-06,07:18,19.4
2017-10-06,07:18,19.4
2017-10-06,07:19,2.51
2017-10-06,07:19,19.4
2017-10-06,07:19,0.0
2017-10-06,07:19,0.0
2017-10-06,07:19,19.4
2017-10-06,07:19,2.53
2017-10-06,07:19,2.49
2017-10-06,07:19,19.4
2017-10-06,07:19,0.0
2017-10-06,07:19,19.4
2017-10-06,07:19,0.0
2017-10-06,07:19,0.0
2017-10-06,07:19,19.4
2017-10-06,07:19,0.0
2017-10-06,07:19,19.4
2017-10-06,07:19,2.54
2017-10-06,07:19,0.0
2017-10-06,07:19,19.4
2017-10-06,07:19,0.0
2017-10-06,07:19,0.0
2017-10-06,07:19,19.4
2017-10-06,07:19,0.0
2017-10-06,07:19,0.0
2017-10-06,07:19,19.4
2017-10-06,07:19,0.0
2017-10-06,07:19,2.53
2017-10-06,07:19,2.49
2017-10-06,07:19,0.0
2017-10-06,07:19,2.54
2017-10-06,07:19,2.51
2017-10-06,07:19,0.0
2017-10-06,07:19,0.0
2017-10-06,07:19,2.5
2017-10-06,07:19,0.0
2017-10-06,07:20,2.54
2017-10-06,07:20,2.5
2017-10-06,07:20,0.0
2017-10-06,07:20,0.0
2017-10-06,07:20,19.4
2017-10-06,07:20,0.0
2017-10-06,07:20,19.4
2017-10-06,07:20,2.54
2017-10-06,07:20,19.4
2017-10-06,07:20,19.4
2017-10-06,07:20,0.0
2017-10-06,07:20,19.4
2017-10-06,07:20,19.4
2017-10-06,07:20,19.4
2017-10-06,07:20,2.52
2017-10-06,07:20,19.4
2017-10-06,07:20,19.4
2017-10-06,07:20,0.0
2017-10-06,07:20,19.4
2017-10-06,07:20,19.4
2017-10-06,07:20,2.52
2017-10-06,07:20,19.4
2017-10-06,07:20,0.0
2017-10-06,07:20,19.4
2017-10-06,07:20,19.4
2017-10-06,07:20,0.0
2017-10-06,07:20,19.4
2017-10-06,07:20,19.4
2017-10-06,07:20,0.0
2017-10-06,07:20,19.4
2017-10-06,07:20,0.0
2017-10-06,07:20,0.0
2017-10-06,07:20,19.4
2017-10-06,07:21,2.51
2017-10-06,07:21,2.51
2017-10-06,07:21,19.4
2017-10-06,07:21,2.51
2017-10-06,07:21,19.4
2017-10-06,07:21,0.0
2017-10-06,07:21,2.5
2017-10-06,07:21,19.4
2017-10-06,07:21,2.5
2017-10-06,07:21,19.4
2017-10-06,07:21,19.4
2017-10-06,07:21,0.0
2017-10-06,07:21,19.4
2017-10-06,07:21,19.4
2017-10-06,07:21,2.51
2017-10-06,07:21,19.4
2017-10-06,07:21,19.4
2017-10-06,07:21,2.53
2017-10-06,07:21,2.51
2017-10-06,07:21,19.4
2017-10-06,07:21,0.0
2017-10-06,07:21,0.0
2017-10-06,07:21,19.4
2017-10-06,07:21,0.0
2017-10-06,07:21,2.54
2017-10-06,07:21,19.4
2017-10-06,07:21,0.0
2017-10-06,07:21,0.0
2017-10-06,07:21,0.0
2017-10-06,07:21,19.4
2017-10-06,07:21,2.55
2017-10-06,07:21,2.49
2017-10-06,07:21,19.4
2017-10-06,07:22,0.0
2017-10-06,07:22,2.5
2017-10-06,07:22,19.4
2017-10-06,07:22,2.54
2017-10-06,07:22,2.49
2017-10-06,07:22,19.4
2017-10-06,07:22,2.53
2017-10-06,07:22,2.49
2017-10-06,07:22,0.0
2017-10-06,07:22,0.0
2017-10-06,07:22,19.4
2017-10-06,07:22,0.0
2017-10-06,07:22,19.4
2017-10-06,07:22,2.5
2017-10-06,07:22,19.4
2017-10-06,07:22,19.4
2017-10-06,07:22,0.0
2017-10-06,07:22,2.49
2017-10-06,07:22,2.5
2017-10-06,07:22,19.4
2017-10-06,07:22,2.49
2017-10-06,07:22,0.0
2017-10-06,07:22,19.4
2017-10-06,07:22,19.4
2017-10-06,07:22,0.0
2017-10-06,07:22,0.0
2017-10-06,07:22,19.4
2017-10-06,07:22,0.0
2017-10-06,07:22,0.0
2017-10-06,07:22,19.4
2017-10-06,07:22,0.0
2017-10-06,07:22,0.0
2017-10-06,07:22,2.51
2017-10-06,07:22,2.51
2017-10-06,07:23,0.0
2017-10-06,07:23,0.0
2017-10-06,07:23,19.4
2017-10-06,07:23,2.49
2017-10-06,07:23,2.49
2017-10-06,07:23,19.4
2017-10-06,07:23,19.4
2017-10-06,07:23,0.0
2017-10-06,07:23,19.4
2017-10-06,07:23,19.4
2017-10-06,07:23,0.0
2017-10-06,07:23,19.4
2017-10-06,07:23,0.0
2017-10-06,07:23,19.4
2017-10-06,07:23,19.4
2017-10-06,07:23,19.4
2017-10-06,07:23,2.5
2017-10-06,07:23,0.0
2017-10-06,07:23,19.4
2017-10-06,07:23,0.0
2017-10-06,07:23,19.4
2017-10-06,07:23,19.4
2017-10-06,07:23,0.0
2017-10-06,07:23,19.4
2017-10-06,07:23,19.4
2017-10-06,07:23,0.0
2017-10-06,07:23,2.51
2017-10-06,07:23,19.4
2017-10-06,07:23,19.4
2017-10-06,07:23,19.4
2017-10-06,07:23,19.4
2017-10-06,07:23,19.4
2017-10-06,07:23,0.0
2017-10-06,07:24,2.5
2017-10-06,07:24,19.4
2017-10-06,07:24,2.5
2017-10-06,07:24,19.4
2017-10-06,07:24,0.0
2017-10-06,07:24,0.0
2017-10-06,07:24,19.4
2017-10-06,07:24,19.4
2017-10-06,07:24,0.0
2017-10-06,07:24,19.4
2017-10-06,07:24,19.4
2017-10-06,07:24,0.0
2017-10-06,07:24,19.4
2017-10-06,07:24,19.4
2017-10-06,07:24,19.4
2017-10-06,07:24,19.4
2017-10-06,07:24,19.4
2017-10-06,07:24,2.5
2017-10-06,07:24,19.4
2017-10-06,07:24,19.4
2017-10-06,07:24,19.4
2017-10-06,07:24,19.4
2017-10-06,07:24,19.4
2017-10-06,07:24,0.0
2017-10-06,07:24,19.4
2017-10-06,07:24,19.4
2017-10-06,07:24,2.5
2017-10-06,07:24,0.0
2017-10-06,07:24,19.4
2017-10-06,07:24,19.4
2017-10-06,07:24,0.0
2017-10-06,07:24,19.4
2017-10-06,07:25,2.51
2017-10-06,07:25,19.4
2017-10-06,07:25,19.4
2017-10-06,07:25,2.52
2017-10-06,07:25,19.4
2017-10-06,07:25,19.4
2017-10-06,07:25,2.51
2017-10-06,07:25,19.4
2017-10-06,07:25,0.0
2017-10-06,07:25,2.5
2017-10-06,07:25,0.0
2017-10-06,07:25,19.4
2017-10-06,07:25,2.49
2017-10-06,07:25,1.0
2017-10-06,07:25,0.0
2017-10-06,07:25,19.4
2017-10-06,07:25,2.49
2017-10-06,07:25,19.4
2017-10-06,07:25,19.4
2017-10-06,07:25,19.4
2017-10-06,07:25,2.5
2017-10-06,07:25,19.4
2017-10-06,07:25,19.4
2017-10-06,07:25,0.0
2017-10-06,07:25,0.0
2017-10-06,07:25,2.48
2017-10-06,07:25,0.0
2017-10-06,07:25,19.4
2017-10-06,07:25,2.51
2017-10-06,07:25,19.4
2017-10-06,07:25,2.52
2017-10-06,07:25,19.4
2017-10-06,07:25,0.0
2017-10-06,07:25,19.4
2017-10-06,07:25,0.0
2017-10-06,07:26,2.51
2017-10-06,07:26,19.4
2017-10-06,07:26,0.0
2017-10-06,07:26,2.5
2017-10-06,07:26,0.0
2017-10-06,07:26,0.0
2017-10-06,07:26,2.48
2017-10-06,07:26,0.0
2017-10-06,07:26,0.0
2017-10-06,07:26,19.4
2017-10-06,07:26,2.49
2017-10-06,07:26,0.0
2017-10-06,07:26,19.4
2017-10-06,07:26,2.49
2017-10-06,07:26,19.4
2017-10-06,07:26,2.51
2017-10-06,07:26,19.4
2017-10-06,07:26,19.4
2017-10-06,07:26,0.0
2017-10-06,07:26,19.4
2017-10-06,07:26,19.4
2017-10-06,07:26,2.51
2017-10-06,07:26,19.4
2017-10-06,07:26,19.4
2017-10-06,07:26,0.0
2017-10-06,07:26,19.4
2017-10-06,07:26,19.4
2017-10-06,07:26,2.52
2017-10-06,07:26,19.4
2017-10-06,07:26,19.4
2017-10-06,07:26,0.0
2017-10-06,07:26,19.4
2017-10-06,07:27,19.4
2017-10-06,07:27,19.4
2017-10-06,07:27,2.53
2017-10-06,07:27,19.4
2017-10-06,07:27,19.4
2017-10-06,07:27,0.0
2017-10-06,07:27,19.4
2017-10-06,07:27,19.4
2017-10-06,07:27,2.54
2017-10-06,07:27,19.4
2017-10-06,07:27,19.4
2017-10-06,07:27,0.0
2017-10-06,07:27,19.4
2017-10-06,07:27,19.4
2017-10-06,07:27,2.54
2017-10-06,07:27,19.4
2017-10-06,07:27,19.4
2017-10-06,07:27,0.0
2017-10-06,07:27,19.4
2017-10-06,07:27,19.4
2017-10-06,07:27,0.0
2017-10-06,07:27,19.3
2017-10-06,07:27,19.3
2017-10-06,07:27,0.0
2017-10-06,07:27,19.4
2017-10-06,07:27,19.4
2017-10-06,07:27,0.0
2017-10-06,07:27,19.4
2017-10-06,07:27,19.4
2017-10-06,07:27,0.0
2017-10-06,07:27,19.4
2017-10-06,07:27,19.4
2017-10-06,07:27,0.0
2017-10-06,07:28,19.4
2017-10-06,07:28,19.4
2017-10-06,07:28,0.0
2017-10-06,07:28,19.4
2017-10-06,07:28,19.4
2017-10-06,07:28,0.0
2017-10-06,07:28,2.49
2017-10-06,07:28,19.4
2017-10-06,07:28,0.0
2017-10-06,07:28,19.4
2017-10-06,07:28,19.4
2017-10-06,07:28,2.53
2017-10-06,07:28,19.4
2017-10-06,07:28,19.4
2017-10-06,07:28,0.0
2017-10-06,07:28,19.4
2017-10-06,07:28,19.3
2017-10-06,07:28,0.0
2017-10-06,07:28,19.4
2017-10-06,07:28,0.0
2017-10-06,07:28,19.4
2017-10-06,07:28,2.51
2017-10-06,07:28,0.0
2017-10-06,07:28,19.4
2017-10-06,07:28,1.0
2017-10-06,07:28,0.0
2017-10-06,07:28,19.4
2017-10-06,07:28,2.52
2017-10-06,07:28,2.49
2017-10-06,07:28,19.4
2017-10-06,07:28,0.0
2017-10-06,07:28,19.4
2017-10-06,07:28,19.4
2017-10-06,07:29,19.4
2017-10-06,07:29,19.4
2017-10-06,07:29,2.53
2017-10-06,07:29,0.0
2017-10-06,07:29,19.4
2017-10-06,07:29,19.4
2017-10-06,07:29,19.4
2017-10-06,07:29,2.52
2017-10-06,07:29,19.4
2017-10-06,07:29,0.0
2017-10-06,07:29,19.4
2017-10-06,07:29,2.5
2017-10-06,07:29,0.0
2017-10-06,07:29,0.0
2017-10-06,07:29,19.3
2017-10-06,07:29,2.49
2017-10-06,07:29,19.3
2017-10-06,07:29,0.0
2017-10-06,07:29,2.52
2017-10-06,07:29,19.4
2017-10-06,07:29,0.0
2017-10-06,07:29,19.4
2017-10-06,07:29,19.3
2017-10-06,07:29,0.0
2017-10-06,07:29,19.3
2017-10-06,07:29,2.52
2017-10-06,07:29,19.4
2017-10-06,07:29,0.0
2017-10-06,07:29,2.48
2017-10-06,07:29,19.4
2017-10-06,07:29,2.53
2017-10-06,07:29,0.0
2017-10-06,07:29,19.4
2017-10-06,07:29,0.0
2017-10-06,07:30,2.49
2017-10-06,07:30,19.3
2017-10-06,07:30,0.0
2017-10-06,07:30,2.5
2017-10-06,07:30,0.0
2017-10-06,07:30,0.0
2017-10-06,07:30,2.52
2017-10-06,07:30,19.4
2017-10-06,07:30,19.4
2017-10-06,07:30,0.0
2017-10-06,07:30,0.0
2017-10-06,07:30,19.4
2017-10-06,07:30,0.0
2017-10-06,07:30,0.0
2017-10-06,07:30,19.3
2017-10-06,07:30,0.0
2017-10-06,07:30,0.0
2017-10-06,07:30,19.3
2017-10-06,07:30,0.0
2017-10-06,07:30,0.0
2017-10-06,07:30,19.3
2017-10-06,07:30,2.51
2017-10-06,07:30,19.3
2017-10-06,07:30,19.3
2017-10-06,07:30,0.0
2017-10-06,07:30,19.3
2017-10-06,07:30,19.3
2017-10-06,07:30,2.52
2017-10-06,07:30,19.3
2017-10-06,07:30,19.3
2017-10-06,07:30,0.0
2017-10-06,07:30,19.3
2017-10-06,07:30,19.3
2017-10-06,07:31,19.3
2017-10-06,07:31,2.53
2017-10-06,07:31,19.3
2017-10-06,07:31,19.3
2017-10-06,07:31,0.0
2017-10-06,07:31,19.3
2017-10-06,07:31,19.3
2017-10-06,07:31,2.53
2017-10-06,07:31,19.3
2017-10-06,07:31,19.3
2017-10-06,07:31,0.0
2017-10-06,07:31,19.3
2017-10-06,07:31,19.3
2017-10-06,07:31,2.53
2017-10-06,07:31,19.3
2017-10-06,07:31,19.3
2017-10-06,07:31,0.0
2017-10-06,07:31,19.3
2017-10-06,07:31,19.3
2017-10-06,07:31,2.52
2017-10-06,07:31,19.3
2017-10-06,07:31,19.3
2017-10-06,07:31,0.0
2017-10-06,07:31,2.51
2017-10-06,07:31,19.3
2017-10-06,07:31,2.53
2017-10-06,07:31,2.5
2017-10-06,07:31,19.3
2017-10-06,07:31,0.0
2017-10-06,07:31,2.48
2017-10-06,07:31,19.3
2017-10-06,07:31,2.52
2017-10-06,07:31,2.49
2017-10-06,07:32,19.3
2017-10-06,07:32,0.0
2017-10-06,07:32,19.3
2017-10-06,07:32,0.0
2017-10-06,07:32,19.3
2017-10-06,07:32,2.52
2017-10-06,07:32,0.0
2017-10-06,07:32,19.3
2017-10-06,07:32,0.0
2017-10-06,07:32,0.0
2017-10-06,07:32,19.3
2017-10-06,07:32,0.0
2017-10-06,07:32,0.0
2017-10-06,07:32,19.3
2017-10-06,07:32,0.0
2017-10-06,07:32,0.0
2017-10-06,07:32,0.0
2017-10-06,07:32,19.3
2017-10-06,07:32,2.51
2017-10-06,07:32,0.0
2017-10-06,07:32,0.0
2017-10-06,07:32,0.0
2017-10-06,07:32,0.0
2017-10-06,07:32,0.0
2017-10-06,07:32,2.53
2017-10-06,07:32,0.0
2017-10-06,07:32,0.0
2017-10-06,07:32,0.0
2017-10-06,07:32,0.0
2017-10-06,07:32,2.49
2017-10-06,07:32,2.55
2017-10-06,07:32,2.5
2017-10-06,07:32,19.3
2017-10-06,07:33,0.0
2017-10-06,07:33,19.3
2017-10-06,07:33,19.3
2017-10-06,07:33,19.4
2017-10-06,07:33,19.4
2017-10-06,07:33,2.53
2017-10-06,07:33,19.3
2017-10-06,07:33,19.3
2017-10-06,07:33,0.0
2017-10-06,07:33,19.3
2017-10-06,07:33,19.3
2017-10-06,07:33,2.53
2017-10-06,07:33,19.4
2017-10-06,07:33,19.4
2017-10-06,07:33,0.0
2017-10-06,07:33,19.3
2017-10-06,07:33,19.3
2017-10-06,07:33,2.49
2017-10-06,07:33,19.3
2017-10-06,07:33,0.0
2017-10-06,07:33,0.0
2017-10-06,07:33,0.0
2017-10-06,07:33,19.3
2017-10-06,07:33,2.5
2017-10-06,07:33,2.49
2017-10-06,07:33,19.3
2017-10-06,07:33,0.0
2017-10-06,07:33,2.5
2017-10-06,07:33,19.4
2017-10-06,07:33,2.51
2017-10-06,07:33,19.3
2017-10-06,07:33,0.0
2017-10-06,07:33,0.0
2017-10-06,07:33,19.3
2017-10-06,07:34,0.0
2017-10-06,07:34,0.0
2017-10-06,07:34,19.3
2017-10-06,07:34,19.3
2017-10-06,07:34,19.3
2017-10-06,07:34,19.3
2017-10-06,07:34,19.3
2017-10-06,07:34,0.0
2017-10-06,07:34,19.3
2017-10-06,07:34,19.3
2017-10-06,07:34,19.3
2017-10-06,07:34,2.51
2017-10-06,07:34,19.3
2017-10-06,07:34,19.3
2017-10-06,07:34,0.0
2017-10-06,07:34,19.3
2017-10-06,07:34,19.3
2017-10-06,07:34,19.3
2017-10-06,07:34,0.0
2017-10-06,07:34,19.3
2017-10-06,07:34,19.3
2017-10-06,07:34,0.0
2017-10-06,07:34,19.3
2017-10-06,07:34,19.3
2017-10-06,07:34,2.51
2017-10-06,07:34,19.3
2017-10-06,07:34,19.3
2017-10-06,07:34,0.0
2017-10-06,07:34,19.3
2017-10-06,07:34,19.3
2017-10-06,07:34,0.0
2017-10-06,07:34,19.3
2017-10-06,07:34,19.3
2017-10-06,07:35,2.54
2017-10-06,07:35,19.3
2017-10-06,07:35,19.3
2017-10-06,07:35,0.0
2017-10-06,07:35,19.3
2017-10-06,07:35,19.3
2017-10-06,07:35,2.53
2017-10-06,07:35,19.3
2017-10-06,07:35,19.3
2017-10-06,07:35,0.0
2017-10-06,07:35,19.3
2017-10-06,07:35,19.3
2017-10-06,07:35,2.51
2017-10-06,07:35,0.0
2017-10-06,07:35,19.4
2017-10-06,07:35,0.0
2017-10-06,07:35,0.0
2017-10-06,07:35,19.4
2017-10-06,07:35,0.0
2017-10-06,07:35,0.0
2017-10-06,07:35,2.52
2017-10-06,07:35,0.0
2017-10-06,07:35,19.3
2017-10-06,07:35,19.3
2017-10-06,07:35,0.0
2017-10-06,07:35,19.3
2017-10-06,07:35,2.51
2017-10-06,07:35,19.3
2017-10-06,07:35,19.3
2017-10-06,07:35,0.0
2017-10-06,07:35,19.3
2017-10-06,07:35,19.3
2017-10-06,07:35,0.0
2017-10-06,07:36,19.3
2017-10-06,07:36,19.3
2017-10-06,07:36,0.0
2017-10-06,07:36,19.4
2017-10-06,07:36,19.4
2017-10-06,07:36,0.0
2017-10-06,07:36,19.3
2017-10-06,07:36,0.0
2017-10-06,07:36,19.3
2017-10-06,07:36,19.3
2017-10-06,07:36,0.0
2017-10-06,07:36,19.3
2017-10-06,07:36,19.3
2017-10-06,07:36,19.3
2017-10-06,07:36,19.3
2017-10-06,07:36,2.55
2017-10-06,07:36,19.3
2017-10-06,07:36,0.0
2017-10-06,07:36,2.55
2017-10-06,07:36,19.3
2017-10-06,07:36,0.0
2017-10-06,07:36,2.54
2017-10-06,07:36,19.3
2017-10-06,07:36,1.0
2017-10-06,07:36,0.0
2017-10-06,07:36,19.3
2017-10-06,07:36,0.0
2017-10-06,07:36,2.54
2017-10-06,07:36,19.3
2017-10-06,07:36,0.0
2017-10-06,07:36,19.3
2017-10-06,07:36,19.3
2017-10-06,07:36,0.0
2017-10-06,07:36,19.3
2017-10-06,07:37,19.3
2017-10-06,07:37,19.3
2017-10-06,07:37,0.0
2017-10-06,07:37,19.3
2017-10-06,07:37,19.3
2017-10-06,07:37,0.0
2017-10-06,07:37,19.3
2017-10-06,07:37,19.3
2017-10-06,07:37,0.0
2017-10-06,07:37,19.3
2017-10-06,07:37,19.3
2017-10-06,07:37,2.53
2017-10-06,07:37,19.3
2017-10-06,07:37,19.3
2017-10-06,07:37,0.0
2017-10-06,07:37,2.5
2017-10-06,07:37,19.3
2017-10-06,07:37,2.51
2017-10-06,07:37,0.0
2017-10-06,07:37,2.5
2017-10-06,07:37,19.3
2017-10-06,07:37,0.0
2017-10-06,07:37,19.3
2017-10-06,07:37,2.53
2017-10-06,07:37,2.49
2017-10-06,07:37,2.51
2017-10-06,07:37,2.49
2017-10-06,07:37,19.3
2017-10-06,07:37,2.5
2017-10-06,07:37,0.0
2017-10-06,07:37,19.3
2017-10-06,07:37,19.3
2017-10-06,07:38,19.3
2017-10-06,07:38,2.5
2017-10-06,07:38,19.3
2017-10-06,07:38,19.3
2017-10-06,07:38,0.0
2017-10-06,07:38,19.3
2017-10-06,07:38,19.3
2017-10-06,07:38,19.3
2017-10-06,07:38,0.0
2017-10-06,07:38,19.3
2017-10-06,07:38,19.3
2017-10-06,07:38,0.0
2017-10-06,07:38,19.3
2017-10-06,07:38,19.3
2017-10-06,07:38,2.52
2017-10-06,07:38,19.3
2017-10-06,07:38,19.3
2017-10-06,07:38,0.0
2017-10-06,07:38,19.3
2017-10-06,07:38,19.3
2017-10-06,07:38,0.0
2017-10-06,07:38,19.3
2017-10-06,07:38,19.3
2017-10-06,07:38,0.0
2017-10-06,07:38,19.3
2017-10-06,07:38,19.3
2017-10-06,07:38,2.53
2017-10-06,07:38,19.3
2017-10-06,07:38,19.3
2017-10-06,07:38,0.0
2017-10-06,07:38,2.5
2017-10-06,07:38,19.3
2017-10-06,07:38,2.53
2017-10-06,07:39,2.51
2017-10-06,07:39,19.3
2017-10-06,07:39,0.0
2017-10-06,07:39,0.0
2017-10-06,07:39,0.0
2017-10-06,07:39,2.5
2017-10-06,07:39,0.0
2017-10-06,07:39,0.0
2017-10-06,07:39,0.0
2017-10-06,07:39,19.3
2017-10-06,07:39,2.39
2017-10-06,07:39,2.42
2017-10-06,07:39,19.3
2017-10-06,07:39,0.0
2017-10-06,07:39,0.0
2017-10-06,07:39,19.3
2017-10-06,07:39,0.0
2017-10-06,07:39,0.0
2017-10-06,07:39,0.0
2017-10-06,07:39,19.3
2017-10-06,07:39,2.44
2017-10-06,07:39,19.3
2017-10-06,07:39,19.3
2017-10-06,07:39,0.0
2017-10-06,07:39,19.3
2017-10-06,07:39,19.3
2017-10-06,07:39,19.3
2017-10-06,07:39,19.3
2017-10-06,07:39,2.41
2017-10-06,07:39,19.3
2017-10-06,07:39,19.3
2017-10-06,07:39,0.0
2017-10-06,07:40,19.3
2017-10-06,07:40,19.3
2017-10-06,07:40,0.0
2017-10-06,07:40,19.3
2017-10-06,07:40,19.3
2017-10-06,07:40,0.0
2017-10-06,07:40,19.3
2017-10-06,07:40,19.3
2017-10-06,07:40,2.41
2017-10-06,07:40,19.3
2017-10-06,07:40,19.3
2017-10-06,07:40,0.0
2017-10-06,07:40,19.3
2017-10-06,07:40,0.0
2017-10-06,07:40,2.42
2017-10-06,07:40,0.0
2017-10-06,07:40,19.3
2017-10-06,07:40,0.0
2017-10-06,07:40,2.4
2017-10-06,07:40,19.3
2017-10-06,07:40,2.41
2017-10-06,07:40,19.3
2017-10-06,07:40,0.0
2017-10-06,07:40,0.0
2017-10-06,07:40,19.3
2017-10-06,07:40,0.0
2017-10-06,07:40,3.04
2017-10-06,07:40,19.3
2017-10-06,07:40,0.0
2017-10-06,07:40,0.0
2017-10-06,07:40,19.3
2017-10-06,07:40,0.0
2017-10-06,07:40,2.95
2017-10-06,07:40,19.3
2017-10-06,07:40,19.3
2017-10-06,07:41,0.0
2017-10-06,07:41,19.3
2017-10-06,07:41,19.3
2017-10-06,07:41,19.3
2017-10-06,07:41,0.0
2017-10-06,07:41,19.3
2017-10-06,07:41,19.3
2017-10-06,07:41,19.3
2017-10-06,07:41,19.3
2017-10-06,07:41,0.0
2017-10-06,07:41,19.3
2017-10-06,07:41,19.3
2017-10-06,07:41,19.3
2017-10-06,07:41,19.3
2017-10-06,07:41,0.0
2017-10-06,07:41,0.0
2017-10-06,07:41,19.3
2017-10-06,07:41,2.96
2017-10-06,07:41,2.95
2017-10-06,07:41,19.3
2017-10-06,07:41,0.0
2017-10-06,07:41,19.3
2017-10-06,07:41,19.3
2017-10-06,07:41,2.98
2017-10-06,07:41,19.3
2017-10-06,07:41,19.3
2017-10-06,07:41,0.0
2017-10-06,07:41,19.3
2017-10-06,07:41,19.3
2017-10-06,07:41,19.3
2017-10-06,07:41,1.0
2017-10-06,07:42,19.3
2017-10-06,07:42,19.3
2017-10-06,07:42,0.0
2017-10-06,07:42,19.3
2017-10-06,07:42,19.3
2017-10-06,07:42,0.0
2017-10-06,07:42,19.3
2017-10-06,07:42,19.3
2017-10-06,07:42,2.97
2017-10-06,07:42,19.3
2017-10-06,07:42,19.3
2017-10-06,07:42,0.0
2017-10-06,07:42,19.3
2017-10-06,07:42,19.3
2017-10-06,07:42,2.94
2017-10-06,07:42,19.3
2017-10-06,07:42,19.3
2017-10-06,07:42,0.0
2017-10-06,07:42,19.3
2017-10-06,07:42,19.3
2017-10-06,07:42,2.91
2017-10-06,07:42,2.88
2017-10-06,07:42,19.3
2017-10-06,07:42,0.0
2017-10-06,07:42,19.3
2017-10-06,07:42,19.3
2017-10-06,07:42,0.0
2017-10-06,07:42,19.3
2017-10-06,07:42,19.3
2017-10-06,07:42,0.0
2017-10-06,07:42,2.87
2017-10-06,07:42,0.0
2017-10-06,07:42,0.0
2017-10-06,07:43,2.89
2017-10-06,07:43,1.0
2017-10-06,07:43,2.94
2017-10-06,07:43,2.87
2017-10-06,07:43,0.0
2017-10-06,07:43,0.0
2017-10-06,07:43,19.3
2017-10-06,07:43,0.0
2017-10-06,07:43,2.92
2017-10-06,07:43,19.3
2017-10-06,07:43,19.3
2017-10-06,07:43,0.0
2017-10-06,07:43,19.3
2017-10-06,07:43,19.3
2017-10-06,07:43,19.3
2017-10-06,07:43,19.3
2017-10-06,07:43,2.88
2017-10-06,07:43,19.3
2017-10-06,07:43,19.3
2017-10-06,07:43,0.0
2017-10-06,07:43,19.3
2017-10-06,07:43,19.3
2017-10-06,07:43,0.0
2017-10-06,07:43,19.3
2017-10-06,07:43,19.3
2017-10-06,07:43,0.0
2017-10-06,07:43,19.3
2017-10-06,07:43,19.3
2017-10-06,07:43,2.86
2017-10-06,07:43,19.3
2017-10-06,07:43,19.3
2017-10-06,07:43,0.0
2017-10-06,07:43,19.3
2017-10-06,07:44,19.3
2017-10-06,07:44,2.86
2017-10-06,07:44,19.3
2017-10-06,07:44,0.0
2017-10-06,07:44,0.0
2017-10-06,07:44,19.3
2017-10-06,07:44,0.0
2017-10-06,07:44,2.87
2017-10-06,07:44,19.3
2017-10-06,07:44,0.0
2017-10-06,07:44,2.86
2017-10-06,07:44,19.3
2017-10-06,07:44,0.0
2017-10-06,07:44,0.0
2017-10-06,07:44,19.3
2017-10-06,07:44,0.0
2017-10-06,07:44,2.85
2017-10-06,07:44,19.3
2017-10-06,07:44,0.0
2017-10-06,07:44,19.3
2017-10-06,07:44,19.3
2017-10-06,07:44,0.0
2017-10-06,07:44,19.3
2017-10-06,07:44,19.3
2017-10-06,07:44,2.84
2017-10-06,07:44,19.3
2017-10-06,07:44,19.3
2017-10-06,07:44,0.0
2017-10-06,07:44,19.3
2017-10-06,07:44,19.3
2017-10-06,07:44,2.84
2017-10-06,07:44,19.3
2017-10-06,07:44,19.3
2017-10-06,07:44,0.0
2017-10-06,07:45,19.3
2017-10-06,07:45,0.0
2017-10-06,07:45,0.0
2017-10-06,07:45,0.0
2017-10-06,07:45,19.3
2017-10-06,07:45,2.86
2017-10-06,07:45,0.0
2017-10-06,07:45,0.0
2017-10-06,07:45,0.0
2017-10-06,07:45,2.79
2017-10-06,07:45,2.84
2017-10-06,07:45,2.83
2017-10-06,07:45,19.3
2017-10-06,07:45,19.3
2017-10-06,07:45,0.0
2017-10-06,07:45,19.3
2017-10-06,07:45,19.3
2017-10-06,07:45,2.8
2017-10-06,07:45,19.3
2017-10-06,07:45,19.3
2017-10-06,07:45,0.0
2017-10-06,07:45,19.3
2017-10-06,07:45,19.3
2017-10-06,07:45,19.3
2017-10-06,07:45,2.81
2017-10-06,07:45,19.3
2017-10-06,07:45,19.3
2017-10-06,07:45,19.3
2017-10-06,07:45,0.0
2017-10-06,07:45,19.3
2017-10-06,07:45,19.3
2017-10-06,07:45,2.8
2017-10-06,07:46,19.3
2017-10-06,07:46,19.3
2017-10-06,07:46,0.0
2017-10-06,07:46,19.3
2017-10-06,07:46,19.3
2017-10-06,07:46,2.82
2017-10-06,07:46,19.3
2017-10-06,07:46,19.3
2017-10-06,07:46,0.0
2017-10-06,07:46,19.3
2017-10-06,07:46,0.0
2017-10-06,07:46,19.3
2017-10-06,07:46,19.3
2017-10-06,07:46,0.0
2017-10-06,07:46,19.3
2017-10-06,07:46,19.3
2017-10-06,07:46,2.82
2017-10-06,07:46,19.3
2017-10-06,07:46,19.3
2017-10-06,07:46,19.3
2017-10-06,07:46,19.3
2017-10-06,07:46,19.3
2017-10-06,07:46,19.3
2017-10-06,07:46,19.3
2017-10-06,07:46,2.83
2017-10-06,07:46,19.3
2017-10-06,07:46,2.8
2017-10-06,07:46,2.79
2017-10-06,07:46,0.0
2017-10-06,07:46,19.3
2017-10-06,07:46,19.3
2017-10-06,07:46,19.3
2017-10-06,07:46,2.81
2017-10-06,07:46,19.3
2017-10-06,07:47,0.0
2017-10-06,07:47,19.3
2017-10-06,07:47,19.3
2017-10-06,07:47,19.3
2017-10-06,07:47,2.81
2017-10-06,07:47,19.3
2017-10-06,07:47,0.0
2017-10-06,07:47,19.3
2017-10-06,07:47,19.3
2017-10-06,07:47,19.3
2017-10-06,07:47,19.3
2017-10-06,07:47,19.3
2017-10-06,07:47,0.0
2017-10-06,07:47,19.3
2017-10-06,07:47,19.3
2017-10-06,07:47,19.3
2017-10-06,07:47,19.3
2017-10-06,07:47,19.3
2017-10-06,07:47,2.78
2017-10-06,07:47,0.0
2017-10-06,07:47,19.3
2017-10-06,07:47,2.77
2017-10-06,07:47,0.0
2017-10-06,07:47,19.3
2017-10-06,07:47,0.0
2017-10-06,07:47,19.3
2017-10-06,07:47,0.0
2017-10-06,07:47,19.3
2017-10-06,07:47,0.0
2017-10-06,07:47,0.0
2017-10-06,07:47,19.3
2017-10-06,07:47,0.0
2017-10-06,07:47,19.3
2017-10-06,07:48,19.3
2017-10-06,07:48,0.0
2017-10-06,07:48,19.3
2017-10-06,07:48,19.3
2017-10-06,07:48,19.3
2017-10-06,07:48,19.3
2017-10-06,07:48,19.3
2017-10-06,07:48,19.3
2017-10-06,07:48,2.8
2017-10-06,07:48,19.3
2017-10-06,07:48,19.3
2017-10-06,07:48,19.3
2017-10-06,07:48,19.3
2017-10-06,07:48,19.3
2017-10-06,07:48,19.3
2017-10-06,07:48,19.3
2017-10-06,07:48,19.3
2017-10-06,07:48,19.3
2017-10-06,07:48,19.3
2017-10-06,07:48,19.3
2017-10-06,07:48,0.0
2017-10-06,07:48,19.3
2017-10-06,07:48,19.3
2017-10-06,07:48,19.3
2017-10-06,07:48,19.3
2017-10-06,07:48,19.3
2017-10-06,07:48,19.3
2017-10-06,07:48,19.3
2017-10-06,07:48,0.0
2017-10-06,07:48,19.3
2017-10-06,07:48,19.3
2017-10-06,07:48,19.3
2017-10-06,07:49,2.79
2017-10-06,07:49,19.3
2017-10-06,07:49,19.3
2017-10-06,07:49,2.78
2017-10-06,07:49,2.82
2017-10-06,07:49,0.0
2017-10-06,07:49,2.8
2017-10-06,07:49,2.81
2017-10-06,07:49,19.3
2017-10-06,07:49,2.86
2017-10-06,07:49,19.3
2017-10-06,07:49,19.3
2017-10-06,07:49,0.0
2017-10-06,07:49,19.3
2017-10-06,07:49,19.3
2017-10-06,07:49,19.3
2017-10-06,07:49,2.81
2017-10-06,07:49,19.3
2017-10-06,07:49,0.0
2017-10-06,07:49,19.3
2017-10-06,07:49,19.3
2017-10-06,07:49,0.0
2017-10-06,07:49,2.82
2017-10-06,07:49,19.3
2017-10-06,07:49,2.8
2017-10-06,07:49,2.83
2017-10-06,07:49,19.3
2017-10-06,07:49,19.3
2017-10-06,07:49,0.0
2017-10-06,07:49,19.3
2017-10-06,07:49,19.3
2017-10-06,07:49,0.0
2017-10-06,07:49,19.3
2017-10-06,07:50,19.3
2017-10-06,07:50,0.0
2017-10-06,07:50,2.79
2017-10-06,07:50,19.3
2017-10-06,07:50,2.86
2017-10-06,07:50,2.81
2017-10-06,07:50,19.3
2017-10-06,07:50,0.0
2017-10-06,07:50,0.0
2017-10-06,07:50,19.3
2017-10-06,07:50,0.0
2017-10-06,07:50,19.3
2017-10-06,07:50,19.3
2017-10-06,07:50,0.0
2017-10-06,07:50,2.84
2017-10-06,07:50,19.3
2017-10-06,07:50,0.0
2017-10-06,07:50,19.3
2017-10-06,07:50,19.3
2017-10-06,07:50,2.79
2017-10-06,07:50,0.0
2017-10-06,07:50,0.0
2017-10-06,07:50,19.3
2017-10-06,07:50,0.0
2017-10-06,07:50,19.3
2017-10-06,07:50,0.0
2017-10-06,07:50,19.3
2017-10-06,07:50,19.3
2017-10-06,07:50,523.0
2017-10-06,07:50,0.0
2017-10-06,07:50,19.3
2017-10-06,07:50,0.0
2017-10-06,07:50,19.3
2017-10-06,07:51,19.3
2017-10-06,07:51,2.83
2017-10-06,07:51,19.3
2017-10-06,07:51,19.2
2017-10-06,07:51,0.0
2017-10-06,07:51,19.2
2017-10-06,07:51,19.3
2017-10-06,07:51,19.3
2017-10-06,07:51,0.0
2017-10-06,07:51,19.3
2017-10-06,07:51,19.3
2017-10-06,07:51,0.0
2017-10-06,07:51,19.3
2017-10-06,07:51,19.3
2017-10-06,07:51,2.82
2017-10-06,07:51,19.3
2017-10-06,07:51,19.3
2017-10-06,07:51,0.0
2017-10-06,07:51,19.3
2017-10-06,07:51,0.0
2017-10-06,07:51,0.0
2017-10-06,07:51,0.0
2017-10-06,07:51,19.2
2017-10-06,07:51,2.84
2017-10-06,07:51,0.0
2017-10-06,07:51,19.3
2017-10-06,07:51,0.0
2017-10-06,07:51,2.8
2017-10-06,07:51,19.3
2017-10-06,07:51,0.0
2017-10-06,07:51,2.81
2017-10-06,07:51,0.0
2017-10-06,07:51,19.3
2017-10-06,07:52,2.79
2017-10-06,07:52,0.0
2017-10-06,07:52,19.3
2017-10-06,07:52,0.0
2017-10-06,07:52,0.0
2017-10-06,07:52,0.0
2017-10-06,07:52,0.0
2017-10-06,07:52,19.3
2017-10-06,07:52,19.3
2017-10-06,07:52,0.0
2017-10-06,07:52,19.3
2017-10-06,07:52,0.0
2017-10-06,07:52,19.3
2017-10-06,07:52,19.3
2017-10-06,07:52,19.3
2017-10-06,07:52,0.0
2017-10-06,07:52,19.3
2017-10-06,07:52,19.3
2017-10-06,07:52,0.0
2017-10-06,07:52,19.3
2017-10-06,07:52,19.3
2017-10-06,07:52,0.0
2017-10-06,07:52,19.3
2017-10-06,07:52,19.3
2017-10-06,07:52,0.0
2017-10-06,07:52,19.3
2017-10-06,07:52,0.0
2017-10-06,07:52,0.0
2017-10-06,07:52,19.3
2017-10-06,07:52,19.3
2017-10-06,07:52,0.0
2017-10-06,07:52,19.3
2017-10-06,07:52,19.3
2017-10-06,07:53,0.0
2017-10-06,07:53,19.2
2017-10-06,07:53,0.0
2017-10-06,07:53,0.0
2017-10-06,07:53,0.0
2017-10-06,07:53,19.2
2017-10-06,07:53,0.0
2017-10-06,07:53,0.0
2017-10-06,07:53,19.3
2017-10-06,07:53,0.0
2017-10-06,07:53,0.0
2017-10-06,07:53,0.0
2017-10-06,07:53,2.86
2017-10-06,07:53,19.3
2017-10-06,07:53,2.82
2017-10-06,07:53,0.0
2017-10-06,07:53,19.3
2017-10-06,07:53,19.3
2017-10-06,07:53,2.82
2017-10-06,07:53,19.3
2017-10-06,07:53,19.3
2017-10-06,07:53,19.3
2017-10-06,07:53,2.83
2017-10-06,07:53,19.3
2017-10-06,07:53,19.2
2017-10-06,07:53,0.0
2017-10-06,07:53,19.3
2017-10-06,07:53,19.3
2017-10-06,07:53,0.0
2017-10-06,07:53,2.8
2017-10-06,07:53,19.3
2017-10-06,07:53,0.0
2017-10-06,07:53,19.3
2017-10-06,07:54,19.3
2017-10-06,07:54,2.82
2017-10-06,07:54,19.3
2017-10-06,07:54,0.0
2017-10-06,07:54,19.3
2017-10-06,07:54,19.3
2017-10-06,07:54,19.3
2017-10-06,07:54,2.83
2017-10-06,07:54,0.0
2017-10-06,07:54,19.3
2017-10-06,07:54,19.3
2017-10-06,07:54,0.0
2017-10-06,07:54,19.3
2017-10-06,07:54,19.3
2017-10-06,07:54,0.0
2017-10-06,07:54,19.3
2017-10-06,07:54,19.3
2017-10-06,07:54,0.0
2017-10-06,07:54,19.3
2017-10-06,07:54,19.3
2017-10-06,07:54,0.0
2017-10-06,07:54,19.2
2017-10-06,07:54,19.2
2017-10-06,07:54,0.0
2017-10-06,07:54,19.3
2017-10-06,07:54,19.3
2017-10-06,07:54,0.0
2017-10-06,07:54,19.3
2017-10-06,07:54,19.3
2017-10-06,07:54,0.0
2017-10-06,07:54,19.3
2017-10-06,07:54,19.3
2017-10-06,07:54,0.0
2017-10-06,07:55,0.0
2017-10-06,07:55,19.2
2017-10-06,07:55,2.85
2017-10-06,07:55,0.0
2017-10-06,07:55,19.3
2017-10-06,07:55,0.0
2017-10-06,07:55,1.0
2017-10-06,07:55,19.3
2017-10-06,07:55,19.3
2017-10-06,07:55,2.79
2017-10-06,07:55,19.3
2017-10-06,07:55,0.0
2017-10-06,07:55,19.3
2017-10-06,07:55,2.83
2017-10-06,07:55,0.0
2017-10-06,07:55,2.81
2017-10-06,07:55,0.0
2017-10-06,07:55,0.0
2017-10-06,07:55,2.85
2017-10-06,07:55,0.0
2017-10-06,07:55,19.3
2017-10-06,07:55,19.3
2017-10-06,07:55,19.3
2017-10-06,07:55,2.84
2017-10-06,07:55,19.2
2017-10-06,07:55,2.86
2017-10-06,07:55,19.2
2017-10-06,07:55,19.2
2017-10-06,07:55,19.2
2017-10-06,07:55,19.2
2017-10-06,07:55,19.2
2017-10-06,07:55,2.84
2017-10-06,07:55,19.2
2017-10-06,07:55,19.2
2017-10-06,07:56,19.2
2017-10-06,07:56,19.2
2017-10-06,07:56,19.2
2017-10-06,07:56,2.81
2017-10-06,07:56,19.2
2017-10-06,07:56,19.2
2017-10-06,07:56,0.0
2017-10-06,07:56,19.2
2017-10-06,07:56,19.2
2017-10-06,07:56,19.2
2017-10-06,07:56,2.82
2017-10-06,07:56,19.2
2017-10-06,07:56,0.0
2017-10-06,07:56,19.2
2017-10-06,07:56,19.2
2017-10-06,07:56,19.3
2017-10-06,07:56,0.0
2017-10-06,07:56,19.3
2017-10-06,07:56,0.0
2017-10-06,07:56,0.0
2017-10-06,07:56,19.3
2017-10-06,07:56,0.0
2017-10-06,07:56,2.84
2017-10-06,07:56,0.0
2017-10-06,07:56,0.0
2017-10-06,07:56,2.82
2017-10-06,07:56,19.2
2017-10-06,07:56,0.0
2017-10-06,07:56,19.2
2017-10-06,07:56,2.83
2017-10-06,07:56,19.2
2017-10-06,07:56,19.2
2017-10-06,07:56,0.0
2017-10-06,07:57,19.2
2017-10-06,07:57,19.3
2017-10-06,07:57,2.82
2017-10-06,07:57,19.2
2017-10-06,07:57,2.81
2017-10-06,07:57,19.2
2017-10-06,07:57,19.2
2017-10-06,07:57,19.3
2017-10-06,07:57,19.2
2017-10-06,07:57,0.0
2017-10-06,07:57,19.2
2017-10-06,07:57,0.0
2017-10-06,07:57,19.3
2017-10-06,07:57,19.3
2017-10-06,07:57,19.2
2017-10-06,07:57,0.0
2017-10-06,07:57,0.0
2017-10-06,07:57,19.2
2017-10-06,07:57,0.0
2017-10-06,07:57,0.0
2017-10-06,07:57,19.3
2017-10-06,07:57,0.0
2017-10-06,07:57,2.84
2017-10-06,07:57,19.3
2017-10-06,07:57,0.0
2017-10-06,07:57,0.0
2017-10-06,07:57,0.0
2017-10-06,07:57,19.2
2017-10-06,07:57,0.0
2017-10-06,07:57,0.0
2017-10-06,07:57,19.2
2017-10-06,07:57,0.0
2017-10-06,07:57,0.0
2017-10-06,07:58,0.0
2017-10-06,07:58,2.81
2017-10-06,07:58,0.0
2017-10-06,07:58,0.0
2017-10-06,07:58,0.0
2017-10-06,07:58,19.2
2017-10-06,07:58,19.2
2017-10-06,07:58,2.79
2017-10-06,07:58,19.2
2017-10-06,07:58,2.81
2017-10-06,07:58,0.0
2017-10-06,07:58,19.2
2017-10-06,07:58,19.2
2017-10-06,07:58,19.2
2017-10-06,07:58,2.83
2017-10-06,07:58,19.2
2017-10-06,07:58,19.3
2017-10-06,07:58,0.0
2017-10-06,07:58,19.3
2017-10-06,07:58,0.0
2017-10-06,07:58,0.0
2017-10-06,07:58,19.2
2017-10-06,07:58,0.0
2017-10-06,07:58,19.3
2017-10-06,07:58,0.0
2017-10-06,07:58,2.82
2017-10-06,07:58,0.0
2017-10-06,07:58,0.0
2017-10-06,07:58,2.8
2017-10-06,07:58,0.0
2017-10-06,07:58,2.85
2017-10-06,07:58,2.82
2017-10-06,07:58,0.0
2017-10-06,07:58,0.0
2017-10-06,07:59,19.2
2017-10-06,07:59,2.79
2017-10-06,07:59,19.3
2017-10-06,07:59,2.82
2017-10-06,07:59,2.82
2017-10-06,07:59,19.3
2017-10-06,07:59,0.0
2017-10-06,07:59,19.3
2017-10-06,07:59,19.2
2017-10-06,07:59,2.84
2017-10-06,07:59,19.2
2017-10-06,07:59,19.2
2017-10-06,07:59,0.0
2017-10-06,07:59,19.2
2017-10-06,07:59,0.0
2017-10-06,07:59,19.2
2017-10-06,07:59,19.2
2017-10-06,07:59,19.3
2017-10-06,07:59,0.0
2017-10-06,07:59,19.2
2017-10-06,07:59,1.0
2017-10-06,07:59,2.8
2017-10-06,07:59,19.2
2017-10-06,07:59,2.82
2017-10-06,07:59,19.2
2017-10-06,07:59,0.0
2017-10-06,07:59,2.83
2017-10-06,07:59,0.0
2017-10-06,07:59,2.82
2017-10-06,07:59,19.2
2017-10-06,07:59,0.0
2017-10-06,07:59,2.83
2017-10-06,07:59,2.82
2017-10-06,08:00,0.0
2017-10-06,08:00,0.0
2017-10-06,08:00,19.2
2017-10-06,08:00,0.0
2017-10-06,08:00,2.82
2017-10-06,08:00,19.2
2017-10-06,08:00,0.0
2017-10-06,08:00,0.0
2017-10-06,08:00,19.2
2017-10-06,08:00,2.84
2017-10-06,08:00,2.8
2017-10-06,08:00,19.3
2017-10-06,08:00,19.3
2017-10-06,08:00,0.0
2017-10-06,08:00,19.2
2017-10-06,08:00,19.2
2017-10-06,08:00,0.0
2017-10-06,08:00,19.2
2017-10-06,08:00,19.2
2017-10-06,08:00,0.0
2017-10-06,08:00,0.0
2017-10-06,08:00,19.2
2017-10-06,08:00,0.0
2017-10-06,08:00,0.0
2017-10-06,08:00,2.84
2017-10-06,08:00,0.0
2017-10-06,08:00,19.2
2017-10-06,08:00,0.0
2017-10-06,08:00,0.0
2017-10-06,08:00,19.2
2017-10-06,08:00,1.0
2017-10-06,08:00,2.79
2017-10-06,08:00,19.2
2017-10-06,08:00,0.0
2017-10-06,08:01,19.3
2017-10-06,08:01,19.3
2017-10-06,08:01,0.0
2017-10-06,08:01,19.2
2017-10-06,08:01,0.0
2017-10-06,08:01,19.2
2017-10-06,08:01,19.2
2017-10-06,08:01,0.0
2017-10-06,08:01,19.2
2017-10-06,08:01,19.3
2017-10-06,08:01,2.82
2017-10-06,08:01,19.2
2017-10-06,08:01,19.2
2017-10-06,08:01,2.79
2017-10-06,08:01,19.2
2017-10-06,08:01,19.2
2017-10-06,08:01,19.2
2017-10-06,08:01,19.3
2017-10-06,08:01,19.3
2017-10-06,08:01,19.3
2017-10-06,08:01,0.0
2017-10-06,08:01,19.2
2017-10-06,08:01,19.3
2017-10-06,08:01,19.3
2017-10-06,08:01,0.0
2017-10-06,08:01,19.2
2017-10-06,08:01,0.0
2017-10-06,08:01,19.2
2017-10-06,08:01,19.2
2017-10-06,08:01,19.3
2017-10-06,08:01,19.3
2017-10-06,08:01,19.3
2017-10-06,08:01,19.2
2017-10-06,08:02,1.0
2017-10-06,08:02,19.2
2017-10-06,08:02,19.2
2017-10-06,08:02,0.0
2017-10-06,08:02,19.2
2017-10-06,08:02,19.2
2017-10-06,08:02,19.2
2017-10-06,08:02,19.2
2017-10-06,08:02,32.39
2017-10-06,08:02,32.3
2017-10-06,08:02,19.3
2017-10-06,08:02,32.59
2017-10-06,08:02,19.2
2017-10-06,08:02,0.0
2017-10-06,08:02,32.34
2017-10-06,08:02,0.0
2017-10-06,08:02,0.0
2017-10-06,08:02,19.2
2017-10-06,08:02,0.0
2017-10-06,08:02,19.2
2017-10-06,08:02,19.2
2017-10-06,08:02,0.0
2017-10-06,08:02,0.0
2017-10-06,08:02,19.2
2017-10-06,08:02,0.0
2017-10-06,08:02,0.0
2017-10-06,08:02,19.3
2017-10-06,08:02,0.0
2017-10-06,08:02,0.0
2017-10-06,08:02,0.0
2017-10-06,08:02,19.2
2017-10-06,08:02,0.0
2017-10-06,08:02,32.5
2017-10-06,08:02,0.0
2017-10-06,08:03,19.2
2017-10-06,08:03,32.58
2017-10-06,08:03,0.0
2017-10-06,08:03,32.54
2017-10-06,08:03,32.35
2017-10-06,08:03,0.0
2017-10-06,08:03,19.2
2017-10-06,08:03,0.0
2017-10-06,08:03,0.0
2017-10-06,08:03,0.0
2017-10-06,08:03,19.2
2017-10-06,08:03,0.0
2017-10-06,08:03,0.0
2017-10-06,08:03,19.2
2017-10-06,08:03,0.0
2017-10-06,08:03,0.0
2017-10-06,08:03,19.2
2017-10-06,08:03,19.2
2017-10-06,08:03,0.0
2017-10-06,08:03,19.2
2017-10-06,08:03,19.2
2017-10-06,08:03,1.0
2017-10-06,08:03,19.2
2017-10-06,08:03,19.2
2017-10-06,08:03,0.0
2017-10-06,08:03,19.2
2017-10-06,08:03,0.0
2017-10-06,08:03,32.48
2017-10-06,08:03,19.2
2017-10-06,08:03,0.0
2017-10-06,08:03,0.0
2017-10-06,08:03,19.2
2017-10-06,08:03,32.67
2017-10-06,08:04,32.56
2017-10-06,08:04,19.2
2017-10-06,08:04,19.2
2017-10-06,08:04,19.2
2017-10-06,08:04,19.2
2017-10-06,08:04,19.2
2017-10-06,08:04,19.2
2017-10-06,08:04,32.43
2017-10-06,08:04,19.2
2017-10-06,08:04,0.0
2017-10-06,08:04,19.2
2017-10-06,08:04,32.44
2017-10-06,08:04,32.52
2017-10-06,08:04,19.2
2017-10-06,08:04,19.2
2017-10-06,08:04,19.2
2017-10-06,08:04,19.2
2017-10-06,08:04,19.2
2017-10-06,08:04,0.0
2017-10-06,08:04,19.2
2017-10-06,08:04,19.2
2017-10-06,08:04,19.2
2017-10-06,08:04,19.2
2017-10-06,08:04,19.2
2017-10-06,08:04,0.0
2017-10-06,08:04,19.2
2017-10-06,08:04,19.2
2017-10-06,08:04,0.0
2017-10-06,08:04,19.2
2017-10-06,08:04,19.2
2017-10-06,08:04,32.24
2017-10-06,08:04,19.2
2017-10-06,08:04,19.3
2017-10-06,08:05,0.0
2017-10-06,08:05,19.2
2017-10-06,08:05,0.0
2017-10-06,08:05,0.0
2017-10-06,08:05,32.62
2017-10-06,08:05,32.39
2017-10-06,08:05,32.38
2017-10-06,08:05,19.2
2017-10-06,08:05,32.46
2017-10-06,08:05,19.2
2017-10-06,08:05,19.2
2017-10-06,08:05,0.0
2017-10-06,08:05,0.0
2017-10-06,08:05,0.0
2017-10-06,08:05,19.2
2017-10-06,08:05,0.0
2017-10-06,08:05,0.0
2017-10-06,08:05,19.2
2017-10-06,08:05,0.0
2017-10-06,08:05,0.0
2017-10-06,08:05,19.2
2017-10-06,08:05,0.0
2017-10-06,08:05,0.0
2017-10-06,08:05,0.0
2017-10-06,08:05,32.09
2017-10-06,08:05,0.0
2017-10-06,08:05,0.0
2017-10-06,08:05,19.2
2017-10-06,08:05,0.0
2017-10-06,08:05,32.28
2017-10-06,08:05,0.0
2017-10-06,08:05,19.2
2017-10-06,08:05,0.0
2017-10-06,08:06,19.2
2017-10-06,08:06,19.2
2017-10-06,08:06,0.0
2017-10-06,08:06,19.2
2017-10-06,08:06,0.0
2017-10-06,08:06,19.2
2017-10-06,08:06,19.2
2017-10-06,08:06,19.2
2017-10-06,08:06,19.2
2017-10-06,08:06,0.0
2017-10-06,08:06,19.2
2017-10-06,08:06,32.35
2017-10-06,08:06,19.2
2017-10-06,08:06,19.2
2017-10-06,08:06,0.0
2017-10-06,08:06,0.0
2017-10-06,08:06,19.2
2017-10-06,08:06,0.0
2017-10-06,08:06,0.0
2017-10-06,08:06,19.2
2017-10-06,08:06,0.0
2017-10-06,08:06,19.2
2017-10-06,08:06,19.2
2017-10-06,08:06,19.2
2017-10-06,08:06,0.0
2017-10-06,08:06,19.2
2017-10-06,08:06,19.2
2017-10-06,08:06,0.0
2017-10-06,08:06,19.2
2017-10-06,08:06,19.2
2017-10-06,08:06,19.2
2017-10-06,08:06,19.2
2017-10-06,08:06,19.2
2017-10-06,08:07,1.0
2017-10-06,08:07,19.2
2017-10-06,08:07,19.2
2017-10-06,08:07,19.2
2017-10-06,08:07,19.2
2017-10-06,08:07,19.2
2017-10-06,08:07,32.32
2017-10-06,08:07,32.45
2017-10-06,08:07,19.2
2017-10-06,08:07,32.45
2017-10-06,08:07,0.0
2017-10-06,08:07,19.2
2017-10-06,08:07,19.2
2017-10-06,08:07,19.2
2017-10-06,08:07,32.51
2017-10-06,08:07,19.2
2017-10-06,08:07,19.2
2017-10-06,08:07,0.0
2017-10-06,08:07,19.2
2017-10-06,08:07,32.4
2017-10-06,08:07,19.2
2017-10-06,08:07,19.2
2017-10-06,08:07,19.2
2017-10-06,08:07,19.2
2017-10-06,08:07,19.2
2017-10-06,08:07,19.2
2017-10-06,08:07,19.2
2017-10-06,08:07,19.2
2017-10-06,08:07,19.2
2017-10-06,08:07,19.2
2017-10-06,08:07,19.2
2017-10-06,08:07,19.2
2017-10-06,08:07,0.0
2017-10-06,08:07,19.2
2017-10-06,08:08,19.2
2017-10-06,08:08,32.88
2017-10-06,08:08,19.2
2017-10-06,08:08,19.2
2017-10-06,08:08,19.2
2017-10-06,08:08,0.0
2017-10-06,08:08,19.2
2017-10-06,08:08,19.2
2017-10-06,08:08,0.0
2017-10-06,08:08,19.2
2017-10-06,08:08,19.2
2017-10-06,08:08,0.0
2017-10-06,08:08,19.2
2017-10-06,08:08,19.2
2017-10-06,08:08,0.0
2017-10-06,08:08,19.2
2017-10-06,08:08,19.2
2017-10-06,08:08,19.2
2017-10-06,08:08,19.2
2017-10-06,08:08,19.2
2017-10-06,08:08,19.2
2017-10-06,08:08,19.2
2017-10-06,08:08,19.2
2017-10-06,08:08,32.55
2017-10-06,08:08,19.2
2017-10-06,08:08,19.2
2017-10-06,08:08,19.2
2017-10-06,08:08,19.2
2017-10-06,08:08,19.2
2017-10-06,08:08,19.2
2017-10-06,08:08,32.37
2017-10-06,08:08,19.2
2017-10-06,08:09,32.43
2017-10-06,08:09,19.2
2017-10-06,08:09,19.2
2017-10-06,08:09,0.0
2017-10-06,08:09,19.2
2017-10-06,08:09,19.2
2017-10-06,08:09,0.0
2017-10-06,08:09,19.2
2017-10-06,08:09,19.2
2017-10-06,08:09,19.2
2017-10-06,08:09,19.2
2017-10-06,08:09,19.2
2017-10-06,08:09,19.2
2017-10-06,08:09,19.2
2017-10-06,08:09,19.2
2017-10-06,08:09,19.2
2017-10-06,08:09,19.2
2017-10-06,08:09,19.2
2017-10-06,08:09,19.2
2017-10-06,08:09,19.2
2017-10-06,08:09,19.2
2017-10-06,08:09,19.2
2017-10-06,08:09,32.43
2017-10-06,08:09,19.2
2017-10-06,08:09,19.2
2017-10-06,08:09,32.41
2017-10-06,08:09,0.0
2017-10-06,08:09,19.2
2017-10-06,08:09,19.2
2017-10-06,08:09,0.0
2017-10-06,08:09,19.2
2017-10-06,08:10,19.2
2017-10-06,08:10,19.2
2017-10-06,08:10,19.2
2017-10-06,08:10,19.2
2017-10-06,08:10,19.2
2017-10-06,08:10,0.0
2017-10-06,08:10,19.2
2017-10-06,08:10,0.0
2017-10-06,08:10,0.0
2017-10-06,08:10,19.2
2017-10-06,08:10,0.0
2017-10-06,08:10,0.0
2017-10-06,08:10,19.2
2017-10-06,08:10,0.0
2017-10-06,08:10,0.0
2017-10-06,08:10,19.2
2017-10-06,08:10,0.0
2017-10-06,08:10,2.83
2017-10-06,08:10,19.2
2017-10-06,08:10,0.0
2017-10-06,08:10,0.0
2017-10-06,08:10,2.75
2017-10-06,08:10,0.0
2017-10-06,08:10,19.2
2017-10-06,08:10,0.0
2017-10-06,08:10,0.0
2017-10-06,08:10,0.0
2017-10-06,08:10,0.0
2017-10-06,08:10,19.2
2017-10-06,08:10,19.2
2017-10-06,08:10,0.0
2017-10-06,08:10,0.0
2017-10-06,08:10,19.2
2017-10-06,08:10,2.74
2017-10-06,08:10,0.0
2017-10-06,08:11,19.2
2017-10-06,08:11,19.2
2017-10-06,08:11,0.0
2017-10-06,08:11,19.2
2017-10-06,08:11,2.77
2017-10-06,08:11,19.2
2017-10-06,08:11,19.2
2017-10-06,08:11,19.2
2017-10-06,08:11,2.79
2017-10-06,08:11,19.2
2017-10-06,08:11,19.2
2017-10-06,08:11,0.0
2017-10-06,08:11,19.2
2017-10-06,08:11,19.2
2017-10-06,08:11,2.81
2017-10-06,08:11,0.0
2017-10-06,08:11,19.2
2017-10-06,08:11,0.0
2017-10-06,08:11,0.0
2017-10-06,08:11,2.76
2017-10-06,08:11,19.2
2017-10-06,08:11,19.2
2017-10-06,08:11,19.2
2017-10-06,08:11,0.0
2017-10-06,08:11,19.2
2017-10-06,08:11,0.0
2017-10-06,08:11,19.2
2017-10-06,08:11,19.2
2017-10-06,08:11,19.2
2017-10-06,08:11,0.0
2017-10-06,08:11,19.2
2017-10-06,08:11,19.2
2017-10-06,08:11,0.0
2017-10-06,08:12,19.2
2017-10-06,08:12,19.2
2017-10-06,08:12,0.0
2017-10-06,08:12,19.2
2017-10-06,08:12,19.2
2017-10-06,08:12,0.0
2017-10-06,08:12,0.0
2017-10-06,08:12,19.2
2017-10-06,08:12,0.0
2017-10-06,08:12,19.2
2017-10-06,08:12,19.2
2017-10-06,08:12,2.76
2017-10-06,08:12,19.2
2017-10-06,08:12,19.2
2017-10-06,08:12,0.0
2017-10-06,08:12,19.2
2017-10-06,08:12,19.2
2017-10-06,08:12,2.81
2017-10-06,08:12,19.2
2017-10-06,08:12,19.2
2017-10-06,08:12,0.0
2017-10-06,08:12,19.2
2017-10-06,08:12,19.2
2017-10-06,08:12,19.2
2017-10-06,08:12,0.0
2017-10-06,08:12,19.2
2017-10-06,08:12,19.2
2017-10-06,08:12,0.0
2017-10-06,08:12,19.2
2017-10-06,08:12,19.2
2017-10-06,08:12,0.0
2017-10-06,08:13,19.2
2017-10-06,08:13,0.0
2017-10-06,08:13,19.2
2017-10-06,08:13,19.2
2017-10-06,08:13,19.2
2017-10-06,08:13,2.77
2017-10-06,08:13,2.76
2017-10-06,08:13,0.0
2017-10-06,08:13,19.2
2017-10-06,08:13,0.0
2017-10-06,08:13,2.72
2017-10-06,08:13,19.2
2017-10-06,08:13,2.73
2017-10-06,08:13,19.2
2017-10-06,08:13,19.2
2017-10-06,08:13,19.2
2017-10-06,08:13,19.2
2017-10-06,08:13,0.0
2017-10-06,08:13,19.2
2017-10-06,08:13,19.2
2017-10-06,08:13,19.2
2017-10-06,08:13,19.2
2017-10-06,08:13,19.2
2017-10-06,08:13,19.2
2017-10-06,08:13,19.2
2017-10-06,08:13,19.2
2017-10-06,08:13,19.2
2017-10-06,08:13,19.2
2017-10-06,08:13,19.2
2017-10-06,08:13,19.2
2017-10-06,08:13,19.2
2017-10-06,08:13,19.2
2017-10-06,08:13,19.2
2017-10-06,08:14,0.0
2017-10-06,08:14,19.2
2017-10-06,08:14,0.0
2017-10-06,08:14,19.2
2017-10-06,08:14,19.2
2017-10-06,08:14,2.77
2017-10-06,08:14,19.2
2017-10-06,08:14,19.2
2017-10-06,08:14,19.2
2017-10-06,08:14,0.0
2017-10-06,08:14,19.2
2017-10-06,08:14,0.0
2017-10-06,08:14,19.2
2017-10-06,08:14,19.2
2017-10-06,08:14,0.0
2017-10-06,08:14,19.2
2017-10-06,08:14,19.2
2017-10-06,08:14,2.73
2017-10-06,08:14,19.2
2017-10-06,08:14,19.2
2017-10-06,08:14,2.74
2017-10-06,08:14,19.2
2017-10-06,08:14,0.0
2017-10-06,08:14,2.77
2017-10-06,08:14,19.2
2017-10-06,08:14,2.76
2017-10-06,08:14,19.2
2017-10-06,08:14,19.2
2017-10-06,08:14,0.0
2017-10-06,08:14,19.2
2017-10-06,08:14,19.2
2017-10-06,08:14,0.0
2017-10-06,08:14,19.2
2017-10-06,08:15,19.2
2017-10-06,08:15,2.77
2017-10-06,08:15,19.2
2017-10-06,08:15,19.2
2017-10-06,08:15,0.0
2017-10-06,08:15,19.2
2017-10-06,08:15,19.2
2017-10-06,08:15,2.76
2017-10-06,08:15,19.2
2017-10-06,08:15,19.2
2017-10-06,08:15,0.0
2017-10-06,08:15,19.2
2017-10-06,08:15,19.2
2017-10-06,08:15,19.2
2017-10-06,08:15,2.78
2017-10-06,08:15,19.2
2017-10-06,08:15,19.2
2017-10-06,08:15,0.0
2017-10-06,08:15,19.2
2017-10-06,08:15,19.2
2017-10-06,08:15,2.8
2017-10-06,08:15,19.2
2017-10-06,08:15,19.2
2017-10-06,08:15,0.0
2017-10-06,08:15,19.2
2017-10-06,08:15,19.2
2017-10-06,08:15,2.75
2017-10-06,08:15,2.71
2017-10-06,08:15,19.2
2017-10-06,08:15,19.2
2017-10-06,08:15,2.76
2017-10-06,08:15,19.2
2017-10-06,08:15,2.77
2017-10-06,08:16,2.76
2017-10-06,08:16,19.2
2017-10-06,08:16,0.0
2017-10-06,08:16,19.2
2017-10-06,08:16,2.76
2017-10-06,08:16,19.2
2017-10-06,08:16,19.2
2017-10-06,08:16,19.2
2017-10-06,08:16,19.2
2017-10-06,08:16,19.2
2017-10-06,08:16,19.2
2017-10-06,08:16,0.0
2017-10-06,08:16,19.2
2017-10-06,08:16,0.0
2017-10-06,08:16,0.0
2017-10-06,08:16,19.2
2017-10-06,08:16,0.0
2017-10-06,08:16,0.0
2017-10-06,08:16,0.0
2017-10-06,08:16,0.0
2017-10-06,08:16,0.0
2017-10-06,08:16,19.2
2017-10-06,08:16,0.0
2017-10-06,08:16,0.0
2017-10-06,08:16,19.2
2017-10-06,08:16,0.0
2017-10-06,08:16,2.74
2017-10-06,08:16,19.2
2017-10-06,08:16,2.76
2017-10-06,08:16,0.0
2017-10-06,08:16,19.2
2017-10-06,08:16,19.2
2017-10-06,08:17,2.81
2017-10-06,08:17,19.2
2017-10-06,08:17,19.2
2017-10-06,08:17,19.2
2017-10-06,08:17,0.0
2017-10-06,08:17,19.2
2017-10-06,08:17,2.75
2017-10-06,08:17,0.0
2017-10-06,08:17,19.2
2017-10-06,08:17,0.0
2017-10-06,08:17,2.76
2017-10-06,08:17,0.0
2017-10-06,08:17,0.0
2017-10-06,08:17,0.0
2017-10-06,08:17,19.2
2017-10-06,08:17,0.0
2017-10-06,08:17,0.0
2017-10-06,08:17,19.2
2017-10-06,08:17,2.72
2017-10-06,08:17,19.2
2017-10-06,08:17,0.0
2017-10-06,08:17,19.2
2017-10-06,08:17,19.2
2017-10-06,08:17,0.0
2017-10-06,08:17,19.2
2017-10-06,08:17,19.2
2017-10-06,08:17,0.0
2017-10-06,08:17,19.2
2017-10-06,08:17,19.2
2017-10-06,08:17,19.2
2017-10-06,08:17,2.76
2017-10-06,08:17,2.74
2017-10-06,08:17,0.0
2017-10-06,08:17,19.2
2017-10-06,08:18,2.73
2017-10-06,08:18,0.0
2017-10-06,08:18,2.74
2017-10-06,08:18,19.2
2017-10-06,08:18,2.72
2017-10-06,08:18,19.2
2017-10-06,08:18,19.2
2017-10-06,08:18,19.2
2017-10-06,08:18,2.77
2017-10-06,08:18,19.2
2017-10-06,08:18,19.2
2017-10-06,08:18,0.0
2017-10-06,08:18,19.2
2017-10-06,08:18,19.2
2017-10-06,08:18,2.78
2017-10-06,08:18,19.2
2017-10-06,08:18,19.2
2017-10-06,08:18,2.72
2017-10-06,08:18,0.0
2017-10-06,08:18,19.2
2017-10-06,08:18,0.0
2017-10-06,08:18,19.2
2017-10-06,08:18,19.2
2017-10-06,08:18,19.2
2017-10-06,08:18,19.2
2017-10-06,08:18,19.2
2017-10-06,08:18,19.2
2017-10-06,08:18,0.0
2017-10-06,08:18,19.2
2017-10-06,08:18,2.73
2017-10-06,08:18,0.0
2017-10-06,08:18,19.2
2017-10-06,08:18,0.0
2017-10-06,08:19,19.2
2017-10-06,08:19,19.2
2017-10-06,08:19,2.76
2017-10-06,08:19,2.79
2017-10-06,08:19,19.2
2017-10-06,08:19,19.2
2017-10-06,08:19,19.2
2017-10-06,08:19,19.2
2017-10-06,08:19,19.2
2017-10-06,08:19,2.74
2017-10-06,08:19,19.2
2017-10-06,08:19,19.2
2017-10-06,08:19,19.2
2017-10-06,08:19,2.71
2017-10-06,08:19,19.2
2017-10-06,08:19,0.0
2017-10-06,08:19,19.2
2017-10-06,08:19,0.0
2017-10-06,08:19,19.2
2017-10-06,08:19,19.2
2017-10-06,08:19,0.0
2017-10-06,08:19,19.2
2017-10-06,08:19,0.0
2017-10-06,08:19,0.0
2017-10-06,08:19,0.0
2017-10-06,08:19,19.2
2017-10-06,08:19,0.0
2017-10-06,08:19,0.0
2017-10-06,08:19,19.2
2017-10-06,08:19,0.0
2017-10-06,08:19,0.0
2017-10-06,08:19,2.76
2017-10-06,08:19,0.0
2017-10-06,08:19,19.2
2017-10-06,08:20,19.2
2017-10-06,08:20,0.0
2017-10-06,08:20,19.2
2017-10-06,08:20,0.0
2017-10-06,08:20,2.72
2017-10-06,08:20,0.0
2017-10-06,08:20,0.0
2017-10-06,08:20,0.0
2017-10-06,08:20,19.1
2017-10-06,08:20,0.0
2017-10-06,08:20,0.0
2017-10-06,08:20,19.2
2017-10-06,08:20,0.0
2017-10-06,08:20,19.1
2017-10-06,08:20,19.2
2017-10-06,08:20,2.76
2017-10-06,08:20,19.2
2017-10-06,08:20,19.2
2017-10-06,08:20,2.73
2017-10-06,08:20,19.1
2017-10-06,08:20,19.1
2017-10-06,08:20,19.1
2017-10-06,08:20,19.2
2017-10-06,08:20,19.2
2017-10-06,08:20,19.2
2017-10-06,08:20,2.75
2017-10-06,08:20,19.2
2017-10-06,08:20,19.1
2017-10-06,08:20,0.0
2017-10-06,08:20,19.1
2017-10-06,08:20,19.1
2017-10-06,08:20,19.1
2017-10-06,08:20,2.75
2017-10-06,08:20,19.1
2017-10-06,08:21,0.0
2017-10-06,08:21,2.74
2017-10-06,08:21,19.1
2017-10-06,08:21,19.2
2017-10-06,08:21,0.0
2017-10-06,08:21,19.2
2017-10-06,08:21,2.72
2017-10-06,08:21,0.0
2017-10-06,08:21,19.1
2017-10-06,08:21,2.74
2017-10-06,08:21,0.0
2017-10-06,08:21,2.72
2017-10-06,08:21,2.77
2017-10-06,08:21,0.0
2017-10-06,08:21,0.0
2017-10-06,08:21,19.1
2017-10-06,08:21,0.0
2017-10-06,08:21,19.2
2017-10-06,08:21,0.0
2017-10-06,08:21,19.2
2017-10-06,08:21,19.2
2017-10-06,08:21,0.0
2017-10-06,08:21,19.1
2017-10-06,08:21,0.0
2017-10-06,08:21,2.77
2017-10-06,08:21,19.1
2017-10-06,08:21,0.0
2017-10-06,08:21,0.0
2017-10-06,08:21,19.2
2017-10-06,08:21,0.0
2017-10-06,08:21,19.1
2017-10-06,08:21,19.1
2017-10-06,08:22,0.0
2017-10-06,08:22,19.2
2017-10-06,08:22,19.2
2017-10-06,08:22,2.72
2017-10-06,08:22,19.2
2017-10-06,08:22,19.2
2017-10-06,08:22,19.2
2017-10-06,08:22,19.2
2017-10-06,08:22,19.2
2017-10-06,08:22,2.91
2017-10-06,08:22,19.2
2017-10-06,08:22,19.2
2017-10-06,08:22,2.86
2017-10-06,08:22,0.0
2017-10-06,08:22,19.2
2017-10-06,08:22,19.2
2017-10-06,08:22,0.0
2017-10-06,08:22,19.2
2017-10-06,08:22,19.2
2017-10-06,08:22,0.0
2017-10-06,08:22,2.88
2017-10-06,08:22,19.2
2017-10-06,08:22,19.2
2017-10-06,08:22,2.82
2017-10-06,08:22,19.2
2017-10-06,08:22,19.2
2017-10-06,08:22,19.2
2017-10-06,08:22,19.2
2017-10-06,08:22,19.2
2017-10-06,08:22,2.88
2017-10-06,08:22,19.2
2017-10-06,08:22,19.2
2017-10-06,08:22,0.0
2017-10-06,08:22,19.2
2017-10-06,08:23,19.2
2017-10-06,08:23,19.2
2017-10-06,08:23,19.2
2017-10-06,08:23,19.2
2017-10-06,08:23,19.2
2017-10-06,08:23,19.2
2017-10-06,08:23,19.2
2017-10-06,08:23,19.2
2017-10-06,08:23,19.2
2017-10-06,08:23,19.2
2017-10-06,08:23,19.2
2017-10-06,08:23,19.2
2017-10-06,08:23,19.2
2017-10-06,08:23,19.2
2017-10-06,08:23,0.0
2017-10-06,08:23,19.2
2017-10-06,08:23,19.1
2017-10-06,08:23,0.0
2017-10-06,08:23,19.2
2017-10-06,08:23,2.84
2017-10-06,08:23,19.2
2017-10-06,08:23,19.2
2017-10-06,08:23,2.87
2017-10-06,08:23,19.2
2017-10-06,08:23,19.2
2017-10-06,08:23,2.82
2017-10-06,08:23,0.0
2017-10-06,08:23,19.2
2017-10-06,08:23,19.1
2017-10-06,08:23,19.1
2017-10-06,08:23,19.1
2017-10-06,08:23,19.2
2017-10-06,08:23,0.0
2017-10-06,08:23,19.2
2017-10-06,08:24,19.2
2017-10-06,08:24,19.2
2017-10-06,08:24,19.2
2017-10-06,08:24,19.2
2017-10-06,08:24,19.2
2017-10-06,08:24,19.2
2017-10-06,08:24,19.2
2017-10-06,08:24,0.0
2017-10-06,08:24,0.0
2017-10-06,08:24,19.2
2017-10-06,08:24,19.1
2017-10-06,08:24,19.2
2017-10-06,08:24,19.1
2017-10-06,08:24,19.2
2017-10-06,08:24,19.2
2017-10-06,08:24,19.2
2017-10-06,08:24,19.2
2017-10-06,08:24,0.0
2017-10-06,08:24,19.2
2017-10-06,08:24,19.2
2017-10-06,08:24,0.0
2017-10-06,08:24,19.2
2017-10-06,08:24,19.2
2017-10-06,08:24,19.2
2017-10-06,08:24,19.2
2017-10-06,08:24,0.0
2017-10-06,08:24,19.2
2017-10-06,08:24,19.2
2017-10-06,08:24,2.84
2017-10-06,08:24,0.0
2017-10-06,08:24,19.1
2017-10-06,08:25,19.1
2017-10-06,08:25,19.2
2017-10-06,08:25,19.2
2017-10-06,08:25,19.1
2017-10-06,08:25,19.2
2017-10-06,08:25,19.2
2017-10-06,08:25,19.2
2017-10-06,08:25,19.2
2017-10-06,08:25,0.0
2017-10-06,08:25,19.1
2017-10-06,08:25,19.2
2017-10-06,08:25,0.0
2017-10-06,08:25,19.1
2017-10-06,08:25,19.1
2017-10-06,08:25,2.88
2017-10-06,08:25,0.0
2017-10-06,08:25,0.0
2017-10-06,08:25,2.86
2017-10-06,08:25,19.2
2017-10-06,08:25,0.0
2017-10-06,08:25,0.0
2017-10-06,08:25,19.2
2017-10-06,08:25,2.82
2017-10-06,08:25,2.85
2017-10-06,08:25,19.2
2017-10-06,08:25,19.2
2017-10-06,08:25,0.0
2017-10-06,08:25,19.2
2017-10-06,08:25,19.2
2017-10-06,08:25,19.2
2017-10-06,08:25,19.2
2017-10-06,08:25,2.88
2017-10-06,08:25,19.2
2017-10-06,08:25,19.2
2017-10-06,08:26,0.0
2017-10-06,08:26,19.2
2017-10-06,08:26,19.2
2017-10-06,08:26,0.0
2017-10-06,08:26,19.2
2017-10-06,08:26,19.2
2017-10-06,08:26,0.0
2017-10-06,08:26,19.1
2017-10-06,08:26,19.1
2017-10-06,08:26,2.9
2017-10-06,08:26,19.2
2017-10-06,08:26,19.2
2017-10-06,08:26,0.0
2017-10-06,08:26,19.2
2017-10-06,08:26,19.2
2017-10-06,08:26,0.0
2017-10-06,08:26,19.1
2017-10-06,08:26,19.1
2017-10-06,08:26,2.9
2017-10-06,08:26,19.2
2017-10-06,08:26,19.2
2017-10-06,08:26,0.0
2017-10-06,08:26,19.1
2017-10-06,08:26,19.1
2017-10-06,08:26,2.88
2017-10-06,08:26,2.84
2017-10-06,08:26,19.2
2017-10-06,08:26,0.0
2017-10-06,08:26,0.0
2017-10-06,08:26,19.2
2017-10-06,08:26,2.87
2017-10-06,08:26,2.88
2017-10-06,08:27,19.2
2017-10-06,08:27,0.0
2017-10-06,08:27,19.2
2017-10-06,08:27,19.2
2017-10-06,08:27,0.0
2017-10-06,08:27,19.2
2017-10-06,08:27,0.0
2017-10-06,08:27,2.86
2017-10-06,08:27,19.2
2017-10-06,08:27,19.2
2017-10-06,08:27,0.0
2017-10-06,08:27,19.2
2017-10-06,08:27,19.2
2017-10-06,08:27,0.0
2017-10-06,08:27,19.2
2017-10-06,08:27,19.2
2017-10-06,08:27,19.2
2017-10-06,08:27,0.0
2017-10-06,08:27,19.2
2017-10-06,08:27,0.0
2017-10-06,08:27,19.2
2017-10-06,08:27,19.2
2017-10-06,08:27,0.0
2017-10-06,08:27,19.2
2017-10-06,08:27,19.2
2017-10-06,08:27,0.0
2017-10-06,08:27,19.2
2017-10-06,08:27,19.2
2017-10-06,08:27,19.2
2017-10-06,08:27,2.88
2017-10-06,08:27,2.85
2017-10-06,08:27,0.0
2017-10-06,08:27,19.2
2017-10-06,08:28,19.2
2017-10-06,08:28,19.2
2017-10-06,08:28,0.0
2017-10-06,08:28,19.1
2017-10-06,08:28,0.0
2017-10-06,08:28,19.1
2017-10-06,08:28,19.2
2017-10-06,08:28,0.0
2017-10-06,08:28,19.2
2017-10-06,08:28,19.2
2017-10-06,08:28,0.0
2017-10-06,08:28,19.2
2017-10-06,08:28,19.2
2017-10-06,08:28,0.0
2017-10-06,08:28,19.2
2017-10-06,08:28,0.0
2017-10-06,08:28,19.2
2017-10-06,08:28,19.2
2017-10-06,08:28,0.0
2017-10-06,08:28,19.2
2017-10-06,08:28,0.0
2017-10-06,08:28,0.0
2017-10-06,08:28,19.2
2017-10-06,08:28,0.0
2017-10-06,08:28,19.2
2017-10-06,08:28,19.2
2017-10-06,08:28,0.0
2017-10-06,08:28,0.0
2017-10-06,08:28,19.2
2017-10-06,08:28,2.84
2017-10-06,08:28,19.2
2017-10-06,08:28,19.2
2017-10-06,08:28,2.81
2017-10-06,08:29,0.0
2017-10-06,08:29,19.2
2017-10-06,08:29,2.84
2017-10-06,08:29,0.0
2017-10-06,08:29,2.83
2017-10-06,08:29,19.2
2017-10-06,08:29,0.0
2017-10-06,08:29,19.2
2017-10-06,08:29,19.1
2017-10-06,08:29,19.1
2017-10-06,08:29,19.1
2017-10-06,08:29,19.2
2017-10-06,08:29,19.2
2017-10-06,08:29,19.1
2017-10-06,08:29,19.1
2017-10-06,08:29,19.1
2017-10-06,08:29,19.2
2017-10-06,08:29,19.2
2017-10-06,08:29,19.2
2017-10-06,08:29,19.1
2017-10-06,08:29,19.2
2017-10-06,08:29,19.2
2017-10-06,08:29,19.1
2017-10-06,08:29,19.1
2017-10-06,08:29,19.1
2017-10-06,08:29,19.1
2017-10-06,08:29,19.1
2017-10-06,08:29,19.1
2017-10-06,08:29,2.85
2017-10-06,08:29,0.0
2017-10-06,08:29,19.2
2017-10-06,08:29,0.0
2017-10-06,08:29,19.1
2017-10-06,08:29,19.2
2017-10-06,08:30,0.0
2017-10-06,08:30,19.1
2017-10-06,08:30,19.1
2017-10-06,08:30,2.85
2017-10-06,08:30,19.1
2017-10-06,08:30,19.1
2017-10-06,08:30,19.1
2017-10-06,08:30,19.1
2017-10-06,08:30,19.1
2017-10-06,08:30,19.1
2017-10-06,08:30,19.1
2017-10-06,08:30,19.1
2017-10-06,08:30,19.1
2017-10-06,08:30,19.2
2017-10-06,08:30,2.81
2017-10-06,08:30,19.1
2017-10-06,08:30,0.0
2017-10-06,08:30,19.2
2017-10-06,08:30,19.2
2017-10-06,08:30,0.0
2017-10-06,08:30,19.1
2017-10-06,08:30,19.1
2017-10-06,08:30,2.86
2017-10-06,08:30,19.1
2017-10-06,08:30,19.1
2017-10-06,08:30,19.1
2017-10-06,08:30,19.1
2017-10-06,08:30,19.1
2017-10-06,08:30,0.0
2017-10-06,08:30,19.1
2017-10-06,08:30,2.81
2017-10-06,08:30,0.0
2017-10-06,08:31,0.0
2017-10-06,08:31,2.84
2017-10-06,08:31,0.0
2017-10-06,08:31,19.1
2017-10-06,08:31,2.84
2017-10-06,08:31,0.0
2017-10-06,08:31,0.0
2017-10-06,08:31,0.0
2017-10-06,08:31,0.0
2017-10-06,08:31,19.1
2017-10-06,08:31,2.83
2017-10-06,08:31,0.0
2017-10-06,08:31,19.1
2017-10-06,08:31,0.0
2017-10-06,08:31,2.83
2017-10-06,08:31,19.1
2017-10-06,08:31,2.84
2017-10-06,08:31,19.1
2017-10-06,08:31,0.0
2017-10-06,08:31,19.1
2017-10-06,08:31,19.1
2017-10-06,08:31,19.1
2017-10-06,08:31,2.83
2017-10-06,08:31,19.1
2017-10-06,08:31,0.0
2017-10-06,08:31,19.2
2017-10-06,08:31,19.2
2017-10-06,08:31,0.0
2017-10-06,08:31,19.2
2017-10-06,08:31,19.2
2017-10-06,08:31,0.0
2017-10-06,08:31,2.89
2017-10-06,08:31,19.1
2017-10-06,08:32,0.0
2017-10-06,08:32,19.1
2017-10-06,08:32,19.1
2017-10-06,08:32,0.0
2017-10-06,08:32,0.0
2017-10-06,08:32,19.1
2017-10-06,08:32,0.0
2017-10-06,08:32,19.1
2017-10-06,08:32,19.2
2017-10-06,08:32,19.2
2017-10-06,08:32,19.2
2017-10-06,08:32,19.1
2017-10-06,08:32,19.1
2017-10-06,08:32,0.0
2017-10-06,08:32,19.1
2017-10-06,08:32,19.1
2017-10-06,08:32,19.1
2017-10-06,08:32,19.1
2017-10-06,08:32,19.1
2017-10-06,08:32,19.1
2017-10-06,08:32,19.1
2017-10-06,08:32,19.1
2017-10-06,08:32,19.1
2017-10-06,08:32,19.1
2017-10-06,08:32,19.1
2017-10-06,08:32,19.1
2017-10-06,08:32,19.1
2017-10-06,08:32,19.1
2017-10-06,08:32,19.1
2017-10-06,08:32,19.1
2017-10-06,08:32,19.1
2017-10-06,08:32,19.1
2017-10-06,08:32,19.1
2017-10-06,08:33,19.1
2017-10-06,08:33,2.84
2017-10-06,08:33,19.1
2017-10-06,08:33,19.1
2017-10-06,08:33,19.1
2017-10-06,08:33,0.0
2017-10-06,08:33,19.1
2017-10-06,08:33,19.1
2017-10-06,08:33,0.0
2017-10-06,08:33,19.1
2017-10-06,08:33,0.0
2017-10-06,08:33,19.1
2017-10-06,08:33,19.1
2017-10-06,08:33,2.84
2017-10-06,08:33,19.1
2017-10-06,08:33,19.1
2017-10-06,08:33,19.1
2017-10-06,08:33,19.1
2017-10-06,08:33,19.1
2017-10-06,08:33,19.1
2017-10-06,08:33,19.1
2017-10-06,08:33,19.1
2017-10-06,08:33,19.1
2017-10-06,08:33,19.1
2017-10-06,08:33,19.1
2017-10-06,08:33,2.85
2017-10-06,08:33,19.1
2017-10-06,08:33,2.85
2017-10-06,08:33,2.81
2017-10-06,08:33,0.0
2017-10-06,08:33,19.1
2017-10-06,08:33,19.1
2017-10-06,08:34,19.1
2017-10-06,08:34,19.1
2017-10-06,08:34,2.81
2017-10-06,08:34,19.1
2017-10-06,08:34,19.1
2017-10-06,08:34,0.0
2017-10-06,08:34,19.1
2017-10-06,08:34,19.1
2017-10-06,08:34,0.0
2017-10-06,08:34,0.0
2017-10-06,08:34,19.1
2017-10-06,08:34,19.1
2017-10-06,08:34,2.82
2017-10-06,08:34,19.1
2017-10-06,08:34,0.0
2017-10-06,08:34,2.83
2017-10-06,08:34,19.1
2017-10-06,08:34,0.0
2017-10-06,08:34,2.79
2017-10-06,08:34,0.0
2017-10-06,08:34,2.85
2017-10-06,08:34,19.1
2017-10-06,08:34,19.1
2017-10-06,08:34,19.1
2017-10-06,08:34,19.1
2017-10-06,08:34,19.1
2017-10-06,08:34,0.0
2017-10-06,08:34,19.1
2017-10-06,08:34,19.1
2017-10-06,08:34,0.0
2017-10-06,08:34,19.1
2017-10-06,08:34,19.1
2017-10-06,08:34,0.0
2017-10-06,08:34,2.84
2017-10-06,08:35,19.1
2017-10-06,08:35,0.0
2017-10-06,08:35,19.1
2017-10-06,08:35,19.1
2017-10-06,08:35,0.0
2017-10-06,08:35,19.1
2017-10-06,08:35,19.1
2017-10-06,08:35,19.1
2017-10-06,08:35,2.84
2017-10-06,08:35,19.1
2017-10-06,08:35,19.1
2017-10-06,08:35,0.0
2017-10-06,08:35,19.1
2017-10-06,08:35,19.1
2017-10-06,08:35,2.8
2017-10-06,08:35,19.1
2017-10-06,08:35,19.1
2017-10-06,08:35,0.0
2017-10-06,08:35,2.81
2017-10-06,08:35,19.1
2017-10-06,08:35,0.0
2017-10-06,08:35,19.1
2017-10-06,08:35,19.1
2017-10-06,08:35,0.0
2017-10-06,08:35,19.1
2017-10-06,08:35,2.86
2017-10-06,08:35,19.2
2017-10-06,08:35,19.2
2017-10-06,08:35,19.1
2017-10-06,08:35,19.1
2017-10-06,08:35,2.84
2017-10-06,08:36,19.1
2017-10-06,08:36,2.87
2017-10-06,08:36,19.1
2017-10-06,08:36,0.0
2017-10-06,08:36,19.1
2017-10-06,08:36,19.1
2017-10-06,08:36,0.0
2017-10-06,08:36,19.1
2017-10-06,08:36,19.1
2017-10-06,08:36,2.79
2017-10-06,08:36,19.1
2017-10-06,08:36,19.1
2017-10-06,08:36,19.1
2017-10-06,08:36,19.1
2017-10-06,08:36,19.1
2017-10-06,08:36,2.82
2017-10-06,08:36,19.1
2017-10-06,08:36,19.1
2017-10-06,08:36,19.1
2017-10-06,08:36,19.1
2017-10-06,08:36,19.1
2017-10-06,08:36,19.1
2017-10-06,08:36,19.1
2017-10-06,08:36,19.1
2017-10-06,08:36,19.1
2017-10-06,08:36,19.1
2017-10-06,08:36,0.0
2017-10-06,08:36,19.1
2017-10-06,08:36,0.0
2017-10-06,08:36,19.1
2017-10-06,08:36,0.0
2017-10-06,08:36,0.0
2017-10-06,08:36,19.1
2017-10-06,08:37,2.8
2017-10-06,08:37,19.1
2017-10-06,08:37,19.1
2017-10-06,08:37,19.1
2017-10-06,08:37,19.1
2017-10-06,08:37,0.0
2017-10-06,08:37,19.1
2017-10-06,08:37,0.0
2017-10-06,08:37,0.0
2017-10-06,08:37,19.1
2017-10-06,08:37,19.1
2017-10-06,08:37,19.1
2017-10-06,08:37,19.1
2017-10-06,08:37,19.1
2017-10-06,08:37,19.1
2017-10-06,08:37,19.1
2017-10-06,08:37,19.1
2017-10-06,08:37,19.1
2017-10-06,08:37,19.1
2017-10-06,08:37,19.1
2017-10-06,08:37,19.1
2017-10-06,08:37,2.84
2017-10-06,08:37,19.1
2017-10-06,08:37,0.0
2017-10-06,08:37,19.2
2017-10-06,08:37,19.2
2017-10-06,08:37,19.1
2017-10-06,08:37,19.1
2017-10-06,08:37,2.82
2017-10-06,08:37,19.1
2017-10-06,08:37,19.1
2017-10-06,08:37,0.0
2017-10-06,08:37,19.1
2017-10-06,08:38,19.1
2017-10-06,08:38,0.0
2017-10-06,08:38,19.1
2017-10-06,08:38,19.1
2017-10-06,08:38,0.0
2017-10-06,08:38,19.1
2017-10-06,08:38,19.1
2017-10-06,08:38,0.0
2017-10-06,08:38,19.1
2017-10-06,08:38,19.1
2017-10-06,08:38,2.84
2017-10-06,08:38,19.1
2017-10-06,08:38,19.1
2017-10-06,08:38,0.0
2017-10-06,08:38,19.1
2017-10-06,08:38,19.1
2017-10-06,08:38,0.0
2017-10-06,08:38,2.78
2017-10-06,08:38,19.1
2017-10-06,08:38,19.1
2017-10-06,08:38,0.0
2017-10-06,08:38,19.1
2017-10-06,08:38,19.1
2017-10-06,08:38,0.0
2017-10-06,08:38,19.1
2017-10-06,08:38,19.1
2017-10-06,08:38,0.0
2017-10-06,08:38,19.1
2017-10-06,08:38,19.1
2017-10-06,08:38,0.0
2017-10-06,08:38,19.1
2017-10-06,08:38,19.1
2017-10-06,08:39,0.0
2017-10-06,08:39,19.1
2017-10-06,08:39,19.1
2017-10-06,08:39,2.8
2017-10-06,08:39,19.1
2017-10-06,08:39,19.1
2017-10-06,08:39,19.1
2017-10-06,08:39,19.1
2017-10-06,08:39,0.0
2017-10-06,08:39,2.83
2017-10-06,08:39,19.1
2017-10-06,08:39,19.1
2017-10-06,08:39,19.1
2017-10-06,08:39,19.1
2017-10-06,08:39,19.1
2017-10-06,08:39,0.0
2017-10-06,08:39,19.1
2017-10-06,08:39,19.1
2017-10-06,08:39,19.1
2017-10-06,08:39,19.1
2017-10-06,08:39,19.1
2017-10-06,08:39,0.0
2017-10-06,08:39,19.1
2017-10-06,08:39,19.1
2017-10-06,08:39,2.86
2017-10-06,08:39,19.1
2017-10-06,08:39,19.1
2017-10-06,08:39,19.1
2017-10-06,08:39,19.1
2017-10-06,08:39,19.1
2017-10-06,08:39,19.1
2017-10-06,08:39,19.1
2017-10-06,08:39,19.1
2017-10-06,08:40,19.1
2017-10-06,08:40,19.1
2017-10-06,08:40,19.1
2017-10-06,08:40,2.81
2017-10-06,08:40,19.1
2017-10-06,08:40,19.1
2017-10-06,08:40,0.0
2017-10-06,08:40,19.1
2017-10-06,08:40,19.1
2017-10-06,08:40,19.1
2017-10-06,08:40,19.1
2017-10-06,08:40,19.1
2017-10-06,08:40,19.1
2017-10-06,08:40,19.1
2017-10-06,08:40,2.83
2017-10-06,08:40,19.1
2017-10-06,08:40,0.0
2017-10-06,08:40,19.1
2017-10-06,08:40,19.1
2017-10-06,08:40,19.1
2017-10-06,08:40,19.1
2017-10-06,08:40,19.1
2017-10-06,08:40,19.1
2017-10-06,08:40,19.1
2017-10-06,08:40,19.1
2017-10-06,08:40,0.0
2017-10-06,08:40,19.1
2017-10-06,08:40,19.1
2017-10-06,08:40,0.0
2017-10-06,08:40,2.84
2017-10-06,08:40,19.1
2017-10-06,08:40,0.0
2017-10-06,08:41,2.81
2017-10-06,08:41,19.1
2017-10-06,08:41,0.0
2017-10-06,08:41,0.0
2017-10-06,08:41,19.1
2017-10-06,08:41,2.85
2017-10-06,08:41,19.1
2017-10-06,08:41,19.1
2017-10-06,08:41,19.1
2017-10-06,08:41,0.0
2017-10-06,08:41,19.1
2017-10-06,08:41,19.1
2017-10-06,08:41,0.0
2017-10-06,08:41,19.1
2017-10-06,08:41,0.0
2017-10-06,08:41,19.1
2017-10-06,08:41,2.79
2017-10-06,08:41,0.0
2017-10-06,08:41,19.1
2017-10-06,08:41,19.1
2017-10-06,08:41,0.0
2017-10-06,08:41,19.1
2017-10-06,08:41,19.1
2017-10-06,08:41,19.1
2017-10-06,08:41,0.0
2017-10-06,08:41,19.1
2017-10-06,08:41,0.0
2017-10-06,08:41,19.1
2017-10-06,08:41,19.1
2017-10-06,08:41,19.1
2017-10-06,08:41,19.1
2017-10-06,08:41,2.85
2017-10-06,08:41,19.1
2017-10-06,08:42,0.0
2017-10-06,08:42,19.1
2017-10-06,08:42,19.1
2017-10-06,08:42,19.1
2017-10-06,08:42,19.1
2017-10-06,08:42,19.1
2017-10-06,08:42,2.85
2017-10-06,08:42,19.1
2017-10-06,08:42,19.1
2017-10-06,08:42,19.1
2017-10-06,08:42,19.1
2017-10-06,08:42,19.1
2017-10-06,08:42,2.8
2017-10-06,08:42,19.1
2017-10-06,08:42,19.1
2017-10-06,08:42,19.1
2017-10-06,08:42,19.1
2017-10-06,08:42,19.1
2017-10-06,08:42,2.81
2017-10-06,08:42,19.1
2017-10-06,08:42,19.1
2017-10-06,08:42,0.0
2017-10-06,08:42,19.1
2017-10-06,08:42,19.1
2017-10-06,08:42,0.0
2017-10-06,08:42,2.85
2017-10-06,08:42,19.1
2017-10-06,08:42,2.81
2017-10-06,08:42,19.1
2017-10-06,08:42,19.1
2017-10-06,08:42,2.37
2017-10-06,08:42,19.1
2017-10-06,08:42,2.38
2017-10-06,08:43,0.0
2017-10-06,08:43,19.1
2017-10-06,08:43,0.0
2017-10-06,08:43,0.0
2017-10-06,08:43,19.1
2017-10-06,08:43,2.36
2017-10-06,08:43,19.1
2017-10-06,08:43,19.1
2017-10-06,08:43,0.0
2017-10-06,08:43,19.1
2017-10-06,08:43,19.1
2017-10-06,08:43,0.0
2017-10-06,08:43,19.1
2017-10-06,08:43,19.1
2017-10-06,08:43,0.0
2017-10-06,08:43,0.0
2017-10-06,08:43,19.1
2017-10-06,08:43,19.1
2017-10-06,08:43,2.37
2017-10-06,08:43,19.1
2017-10-06,08:43,0.0
2017-10-06,08:43,19.1
2017-10-06,08:43,19.1
2017-10-06,08:43,0.0
2017-10-06,08:43,2.37
2017-10-06,08:43,0.0
2017-10-06,08:43,19.1
2017-10-06,08:43,0.0
2017-10-06,08:43,0.0
2017-10-06,08:43,19.1
2017-10-06,08:43,19.1
2017-10-06,08:43,19.1
2017-10-06,08:43,0.0
2017-10-06,08:44,19.1
2017-10-06,08:44,19.1
2017-10-06,08:44,0.0
2017-10-06,08:44,19.1
2017-10-06,08:44,19.1
2017-10-06,08:44,0.0
2017-10-06,08:44,19.1
2017-10-06,08:44,19.1
2017-10-06,08:44,2.34
2017-10-06,08:44,2.29
2017-10-06,08:44,2.27
2017-10-06,08:44,19.1
2017-10-06,08:44,0.0
2017-10-06,08:44,19.0
2017-10-06,08:44,19.0
2017-10-06,08:44,0.0
2017-10-06,08:44,19.0
2017-10-06,08:44,19.0
2017-10-06,08:44,19.0
2017-10-06,08:44,19.0
2017-10-06,08:44,19.0
2017-10-06,08:44,0.0
2017-10-06,08:44,19.1
2017-10-06,08:44,19.1
2017-10-06,08:44,0.0
2017-10-06,08:44,19.0
2017-10-06,08:44,19.0
2017-10-06,08:44,0.0
2017-10-06,08:44,19.0
2017-10-06,08:44,19.0
2017-10-06,08:44,0.0
2017-10-06,08:44,19.0
2017-10-06,08:44,2.28
2017-10-06,08:45,0.0
2017-10-06,08:45,19.1
2017-10-06,08:45,0.0
2017-10-06,08:45,19.0
2017-10-06,08:45,2.28
2017-10-06,08:45,0.0
2017-10-06,08:45,0.0
2017-10-06,08:45,0.0
2017-10-06,08:45,19.1
2017-10-06,08:45,0.0
2017-10-06,08:45,19.0
2017-10-06,08:45,2.27
2017-10-06,08:45,0.0
2017-10-06,08:45,0.0
2017-10-06,08:45,19.0
2017-10-06,08:45,19.0
2017-10-06,08:45,0.0
2017-10-06,08:45,19.0
2017-10-06,08:45,2.28
2017-10-06,08:45,0.0
2017-10-06,08:45,0.0
2017-10-06,08:45,0.0
2017-10-06,08:45,19.0
2017-10-06,08:45,0.0
2017-10-06,08:45,0.0
2017-10-06,08:45,2.27
2017-10-06,08:45,19.0
2017-10-06,08:45,0.0
2017-10-06,08:45,2.26
2017-10-06,08:45,0.0
2017-10-06,08:45,19.0
2017-10-06,08:45,2.27
2017-10-06,08:45,19.0
2017-10-06,08:46,19.1
2017-10-06,08:46,0.0
2017-10-06,08:46,0.0
2017-10-06,08:46,19.1
2017-10-06,08:46,19.1
2017-10-06,08:46,0.0
2017-10-06,08:46,19.1
2017-10-06,08:46,19.1
2017-10-06,08:46,19.1
2017-10-06,08:46,19.1
2017-10-06,08:46,0.0
2017-10-06,08:46,19.1
2017-10-06,08:46,19.1
2017-10-06,08:46,0.0
2017-10-06,08:46,19.0
2017-10-06,08:46,0.0
2017-10-06,08:46,19.0
2017-10-06,08:46,0.0
2017-10-06,08:46,19.1
2017-10-06,08:46,19.1
2017-10-06,08:46,2.29
2017-10-06,08:46,19.1
2017-10-06,08:46,19.1
2017-10-06,08:46,2.27
2017-10-06,08:46,2.27
2017-10-06,08:46,2.27
2017-10-06,08:46,2.28
2017-10-06,08:46,0.0
2017-10-06,08:46,19.0
2017-10-06,08:46,19.0
2017-10-06,08:46,19.0
2017-10-06,08:46,19.0
2017-10-06,08:46,19.1
2017-10-06,08:46,19.1
2017-10-06,08:47,0.0
2017-10-06,08:47,19.0
2017-10-06,08:47,0.0
2017-10-06,08:47,19.0
2017-10-06,08:47,19.0
2017-10-06,08:47,0.0
2017-10-06,08:47,0.0
2017-10-06,08:47,19.0
2017-10-06,08:47,0.0
2017-10-06,08:47,19.0
2017-10-06,08:47,19.0
2017-10-06,08:47,19.0
2017-10-06,08:47,19.0
2017-10-06,08:47,19.1
2017-10-06,08:47,19.1
2017-10-06,08:47,19.1
2017-10-06,08:47,19.0
2017-10-06,08:47,19.0
2017-10-06,08:47,19.1
2017-10-06,08:47,19.0
2017-10-06,08:47,19.0
2017-10-06,08:47,19.1
2017-10-06,08:47,19.1
2017-10-06,08:47,19.1
2017-10-06,08:47,19.1
2017-10-06,08:47,19.1
2017-10-06,08:47,19.1
2017-10-06,08:47,0.0
2017-10-06,08:47,2.29
2017-10-06,08:47,0.0
2017-10-06,08:47,2.28
2017-10-06,08:47,0.0
2017-10-06,08:47,19.1
2017-10-06,08:48,2.26
2017-10-06,08:48,19.0
2017-10-06,08:48,19.0
2017-10-06,08:48,2.26
2017-10-06,08:48,19.1
2017-10-06,08:48,19.1
2017-10-06,08:48,19.1
2017-10-06,08:48,19.1
2017-10-06,08:48,19.1
2017-10-06,08:48,19.1
2017-10-06,08:48,19.1
2017-10-06,08:48,2.26
2017-10-06,08:48,2.29
2017-10-06,08:48,19.0
2017-10-06,08:48,2.27
2017-10-06,08:48,19.1
2017-10-06,08:48,0.0
2017-10-06,08:48,0.0
2017-10-06,08:48,19.1
2017-10-06,08:48,0.0
2017-10-06,08:48,0.0
2017-10-06,08:48,19.0
2017-10-06,08:48,19.0
2017-10-06,08:48,0.0
2017-10-06,08:48,2.27
2017-10-06,08:48,19.1
2017-10-06,08:48,0.0
2017-10-06,08:48,19.0
2017-10-06,08:48,19.0
2017-10-06,08:48,19.0
2017-10-06,08:48,19.1
2017-10-06,08:48,19.1
2017-10-06,08:48,0.0
2017-10-06,08:49,19.1
2017-10-06,08:49,19.1
2017-10-06,08:49,19.0
2017-10-06,08:49,19.0
2017-10-06,08:49,2.28
2017-10-06,08:49,19.1
2017-10-06,08:49,19.1
2017-10-06,08:49,0.0
2017-10-06,08:49,19.1
2017-10-06,08:49,2.29
2017-10-06,08:49,19.1
2017-10-06,08:49,19.1
2017-10-06,08:49,19.1
2017-10-06,08:49,0.0
2017-10-06,08:49,19.1
2017-10-06,08:49,19.1
2017-10-06,08:49,0.0
2017-10-06,08:49,19.0
2017-10-06,08:49,0.0
2017-10-06,08:49,19.0
2017-10-06,08:49,19.1
2017-10-06,08:49,0.0
2017-10-06,08:49,19.1
2017-10-06,08:49,19.0
2017-10-06,08:49,2.29
2017-10-06,08:49,19.0
2017-10-06,08:49,2.27
2017-10-06,08:49,0.0
2017-10-06,08:49,0.0
2017-10-06,08:49,2.27
2017-10-06,08:49,0.0
2017-10-06,08:49,19.1
2017-10-06,08:49,2.28
2017-10-06,08:50,0.0
2017-10-06,08:50,2.28
2017-10-06,08:50,0.0
2017-10-06,08:50,19.0
2017-10-06,08:50,19.0
2017-10-06,08:50,0.0
2017-10-06,08:50,0.0
2017-10-06,08:50,19.1
2017-10-06,08:50,0.0
2017-10-06,08:50,0.0
2017-10-06,08:50,2.28
2017-10-06,08:50,19.1
2017-10-06,08:50,19.1
2017-10-06,08:50,19.1
2017-10-06,08:50,19.0
2017-10-06,08:50,19.0
2017-10-06,08:50,0.0
2017-10-06,08:50,2.27
2017-10-06,08:50,2.29
2017-10-06,08:50,2.27
2017-10-06,08:50,19.1
2017-10-06,08:50,19.1
2017-10-06,08:50,19.0
2017-10-06,08:50,19.0
2017-10-06,08:50,19.0
2017-10-06,08:50,19.0
2017-10-06,08:50,19.0
2017-10-06,08:50,19.0
2017-10-06,08:50,19.0
2017-10-06,08:50,19.0
2017-10-06,08:50,19.0
2017-10-06,08:50,19.0
2017-10-06,08:50,19.0
2017-10-06,08:50,19.0
2017-10-06,08:51,19.0
2017-10-06,08:51,19.0
2017-10-06,08:51,19.1
2017-10-06,08:51,2.26
2017-10-06,08:51,19.1
2017-10-06,08:51,19.0
2017-10-06,08:51,19.1
2017-10-06,08:51,2.28
2017-10-06,08:51,19.1
2017-10-06,08:51,19.1
2017-10-06,08:51,0.0
2017-10-06,08:51,19.1
2017-10-06,08:51,1.0
2017-10-06,08:51,19.1
2017-10-06,08:51,19.1
2017-10-06,08:51,19.1
2017-10-06,08:51,2.26
2017-10-06,08:51,0.0
2017-10-06,08:51,2.27
2017-10-06,08:51,0.0
2017-10-06,08:51,19.1
2017-10-06,08:51,2.28
2017-10-06,08:51,0.0
2017-10-06,08:51,2.27
2017-10-06,08:51,19.1
2017-10-06,08:51,0.0
2017-10-06,08:51,19.1
2017-10-06,08:51,19.1
2017-10-06,08:51,19.1
2017-10-06,08:51,19.1
2017-10-06,08:51,19.1
2017-10-06,08:51,19.1
2017-10-06,08:51,19.1
2017-10-06,08:52,19.1
2017-10-06,08:52,19.1
2017-10-06,08:52,19.1
2017-10-06,08:52,19.0
2017-10-06,08:52,19.0
2017-10-06,08:52,2.28
2017-10-06,08:52,19.0
2017-10-06,08:52,19.0
2017-10-06,08:52,2.27
2017-10-06,08:52,19.1
2017-10-06,08:52,19.1
2017-10-06,08:52,2.25
2017-10-06,08:52,0.0
2017-10-06,08:52,0.0
2017-10-06,08:52,0.0
2017-10-06,08:52,0.0
2017-10-06,08:52,0.0
2017-10-06,08:52,0.0
2017-10-06,08:52,19.1
2017-10-06,08:52,19.1
2017-10-06,08:52,0.0
2017-10-06,08:52,0.0
2017-10-06,08:52,19.0
2017-10-06,08:52,0.0
2017-10-06,08:52,0.0
2017-10-06,08:52,0.0
2017-10-06,08:52,2.27
2017-10-06,08:52,19.1
2017-10-06,08:52,0.0
2017-10-06,08:52,19.0
2017-10-06,08:52,19.0
2017-10-06,08:52,0.0
2017-10-06,08:52,19.0
2017-10-06,08:53,19.1
2017-10-06,08:53,0.0
2017-10-06,08:53,19.0
2017-10-06,08:53,19.1
2017-10-06,08:53,2.29
2017-10-06,08:53,19.0
2017-10-06,08:53,19.1
2017-10-06,08:53,2.3
2017-10-06,08:53,0.0
2017-10-06,08:53,0.0
2017-10-06,08:53,0.0
2017-10-06,08:53,19.0
2017-10-06,08:53,0.0
2017-10-06,08:53,2.29
2017-10-06,08:53,19.0
2017-10-06,08:53,0.0
2017-10-06,08:53,0.0
2017-10-06,08:53,19.1
2017-10-06,08:53,0.0
2017-10-06,08:53,2.35
2017-10-06,08:53,19.0
2017-10-06,08:53,0.0
2017-10-06,08:53,0.0
2017-10-06,08:53,19.0
2017-10-06,08:53,0.0
2017-10-06,08:53,19.1
2017-10-06,08:53,0.0
2017-10-06,08:53,19.1
2017-10-06,08:53,19.0
2017-10-06,08:53,0.0
2017-10-06,08:53,19.0
2017-10-06,08:53,19.1
2017-10-06,08:53,19.1
2017-10-06,08:53,2.3
2017-10-06,08:54,19.1
2017-10-06,08:54,19.1
2017-10-06,08:54,0.0
2017-10-06,08:54,19.0
2017-10-06,08:54,19.0
2017-10-06,08:54,2.28
2017-10-06,08:54,19.1
2017-10-06,08:54,19.1
2017-10-06,08:54,0.0
2017-10-06,08:54,19.0
2017-10-06,08:54,19.0
2017-10-06,08:54,0.0
2017-10-06,08:54,2.28
2017-10-06,08:54,19.0
2017-10-06,08:54,19.0
2017-10-06,08:54,0.0
2017-10-06,08:54,19.0
2017-10-06,08:54,2.29
2017-10-06,08:54,2.27
2017-10-06,08:54,19.1
2017-10-06,08:54,2.29
2017-10-06,08:54,19.1
2017-10-06,08:54,19.1
2017-10-06,08:54,2.3
2017-10-06,08:54,0.0
2017-10-06,08:54,19.1
2017-10-06,08:54,0.0
2017-10-06,08:54,0.0
2017-10-06,08:54,0.0
2017-10-06,08:54,2.27
2017-10-06,08:54,2.27
2017-10-06,08:54,2.27
2017-10-06,08:55,0.0
2017-10-06,08:55,2.27
2017-10-06,08:55,19.0
2017-10-06,08:55,2.29
2017-10-06,08:55,19.0
2017-10-06,08:55,19.0
2017-10-06,08:55,0.0
2017-10-06,08:55,19.1
2017-10-06,08:55,19.1
2017-10-06,08:55,2.27
2017-10-06,08:55,19.0
2017-10-06,08:55,19.1
2017-10-06,08:55,0.0
2017-10-06,08:55,19.0
2017-10-06,08:55,19.0
2017-10-06,08:55,0.0
2017-10-06,08:55,19.1
2017-10-06,08:55,19.1
2017-10-06,08:55,2.27
2017-10-06,08:55,19.0
2017-10-06,08:55,19.0
2017-10-06,08:55,2.29
2017-10-06,08:55,19.0
2017-10-06,08:55,0.0
2017-10-06,08:55,2.27
2017-10-06,08:55,0.0
2017-10-06,08:55,19.0
2017-10-06,08:55,19.0
2017-10-06,08:55,0.0
2017-10-06,08:55,19.0
2017-10-06,08:55,0.0
2017-10-06,08:55,19.0
2017-10-06,08:55,0.0
2017-10-06,08:56,19.0
2017-10-06,08:56,2.28
2017-10-06,08:56,19.0
2017-10-06,08:56,2.28
2017-10-06,08:56,2.28
2017-10-06,08:56,19.0
2017-10-06,08:56,19.0
2017-10-06,08:56,19.0
2017-10-06,08:56,19.0
2017-10-06,08:56,19.0
2017-10-06,08:56,19.0
2017-10-06,08:56,2.29
2017-10-06,08:56,19.1
2017-10-06,08:56,19.1
2017-10-06,08:56,0.0
2017-10-06,08:56,19.0
2017-10-06,08:56,19.0
2017-10-06,08:56,2.28
2017-10-06,08:56,19.0
2017-10-06,08:56,19.0
2017-10-06,08:56,0.0
2017-10-06,08:56,19.0
2017-10-06,08:56,19.0
2017-10-06,08:56,19.0
2017-10-06,08:56,2.28
2017-10-06,08:56,19.0
2017-10-06,08:56,19.0
2017-10-06,08:56,0.0
2017-10-06,08:56,19.0
2017-10-06,08:56,19.0
2017-10-06,08:56,0.0
2017-10-06,08:56,19.0
2017-10-06,08:56,0.0
2017-10-06,08:56,19.0
2017-10-06,08:57,19.0
2017-10-06,08:57,0.0
2017-10-06,08:57,2.28
2017-10-06,08:57,19.0
2017-10-06,08:57,19.0
2017-10-06,08:57,19.0
2017-10-06,08:57,19.0
2017-10-06,08:57,19.0
2017-10-06,08:57,19.0
2017-10-06,08:57,19.1
2017-10-06,08:57,19.0
2017-10-06,08:57,2.25
2017-10-06,08:57,19.0
2017-10-06,08:57,19.0
2017-10-06,08:57,19.0
2017-10-06,08:57,19.0
2017-10-06,08:57,19.0
2017-10-06,08:57,2.26
2017-10-06,08:57,19.0
2017-10-06,08:57,19.0
2017-10-06,08:57,19.1
2017-10-06,08:57,19.1
2017-10-06,08:57,19.0
2017-10-06,08:57,19.1
2017-10-06,08:57,0.0
2017-10-06,08:57,19.0
2017-10-06,08:57,0.0
2017-10-06,08:57,19.0
2017-10-06,08:57,19.0
2017-10-06,08:57,0.0
2017-10-06,08:57,0.0
2017-10-06,08:57,19.0
2017-10-06,08:57,0.0
2017-10-06,08:58,19.0
2017-10-06,08:58,19.0
2017-10-06,08:58,2.29
2017-10-06,08:58,19.1
2017-10-06,08:58,0.0
2017-10-06,08:58,2.28
2017-10-06,08:58,19.0
2017-10-06,08:58,2.29
2017-10-06,08:58,19.0
2017-10-06,08:58,19.0
2017-10-06,08:58,0.0
2017-10-06,08:58,19.0
2017-10-06,08:58,19.1
2017-10-06,08:58,19.1
2017-10-06,08:58,2.4
2017-10-06,08:58,19.1
2017-10-06,08:58,19.1
2017-10-06,08:58,0.0
2017-10-06,08:58,2.27
2017-10-06,08:58,19.1
2017-10-06,08:58,19.1
2017-10-06,08:58,19.1
2017-10-06,08:58,19.1
2017-10-06,08:58,0.0
2017-10-06,08:58,19.0
2017-10-06,08:58,0.0
2017-10-06,08:58,19.0
2017-10-06,08:58,19.0
2017-10-06,08:58,0.0
2017-10-06,08:58,19.1
2017-10-06,08:58,0.0
2017-10-06,08:58,2.27
2017-10-06,08:59,19.0
2017-10-06,08:59,19.0
2017-10-06,08:59,0.0
2017-10-06,08:59,0.0
2017-10-06,08:59,19.0
2017-10-06,08:59,0.0
2017-10-06,08:59,0.0
2017-10-06,08:59,0.0
2017-10-06,08:59,2.25
2017-10-06,08:59,0.0
2017-10-06,08:59,19.1
2017-10-06,08:59,19.1
2017-10-06,08:59,0.0
2017-10-06,08:59,2.25
2017-10-06,08:59,2.27
2017-10-06,08:59,0.0
2017-10-06,08:59,19.0
2017-10-06,08:59,19.0
2017-10-06,08:59,0.0
2017-10-06,08:59,19.1
2017-10-06,08:59,0.0
2017-10-06,08:59,19.1
2017-10-06,08:59,19.1
2017-10-06,08:59,19.1
2017-10-06,08:59,0.0
2017-10-06,08:59,19.0
2017-10-06,08:59,19.0
2017-10-06,08:59,19.0
2017-10-06,08:59,19.0
2017-10-06,08:59,0.0
2017-10-06,08:59,19.1
2017-10-06,08:59,19.0
2017-10-06,08:59,0.0
2017-10-06,08:59,19.1
2017-10-06,09:00,19.1
2017-10-06,09:00,0.0
2017-10-06,09:00,19.0
2017-10-06,09:00,0.0
2017-10-06,09:00,19.0
2017-10-06,09:00,2.27
2017-10-06,09:00,19.1
2017-10-06,09:00,19.1
2017-10-06,09:00,2.26
2017-10-06,09:00,19.1
2017-10-06,09:00,0.0
2017-10-06,09:00,0.0
2017-10-06,09:00,19.1
2017-10-06,09:00,0.0
2017-10-06,09:00,2.26
2017-10-06,09:00,19.1
2017-10-06,09:00,2.29
2017-10-06,09:00,19.0
2017-10-06,09:00,19.1
2017-10-06,09:00,0.0
2017-10-06,09:00,19.1
2017-10-06,09:00,19.1
2017-10-06,09:00,2.28
2017-10-06,09:00,19.0
2017-10-06,09:00,19.1
2017-10-06,09:00,2.28
2017-10-06,09:00,19.0
2017-10-06,09:00,19.0
2017-10-06,09:00,2.28
2017-10-06,09:00,19.0
2017-10-06,09:00,19.0
2017-10-06,09:00,19.0
2017-10-06,09:00,2.3
2017-10-06,09:01,0.0
2017-10-06,09:01,19.0
2017-10-06,09:01,0.0
2017-10-06,09:01,19.0
2017-10-06,09:01,0.0
2017-10-06,09:01,19.0
2017-10-06,09:01,2.25
2017-10-06,09:01,0.0
2017-10-06,09:01,19.1
2017-10-06,09:01,19.1
2017-10-06,09:01,2.26
2017-10-06,09:01,19.1
2017-10-06,09:01,19.0
2017-10-06,09:01,19.0
2017-10-06,09:01,0.0
2017-10-06,09:01,19.0
2017-10-06,09:01,2.28
2017-10-06,09:01,0.0
2017-10-06,09:01,19.0
2017-10-06,09:01,0.0
2017-10-06,09:01,19.0
2017-10-06,09:01,19.0
2017-10-06,09:01,2.26
2017-10-06,09:01,19.0
2017-10-06,09:01,0.0
2017-10-06,09:01,19.0
2017-10-06,09:01,2.26
2017-10-06,09:01,0.0
2017-10-06,09:01,19.0
2017-10-06,09:01,0.0
2017-10-06,09:01,19.0
2017-10-06,09:01,19.0
2017-10-06,09:01,0.0
2017-10-06,09:01,0.0
2017-10-06,09:02,0.0
2017-10-06,09:02,19.1
2017-10-06,09:02,2.26
2017-10-06,09:02,0.0
2017-10-06,09:02,2.28
2017-10-06,09:02,0.0
2017-10-06,09:02,0.0
2017-10-06,09:02,2.27
2017-10-06,09:02,2.27
2017-10-06,09:02,0.0
2017-10-06,09:02,2.27
2017-10-06,09:02,0.0
2017-10-06,09:02,19.0
2017-10-06,09:02,19.0
2017-10-06,09:02,2.27
2017-10-06,09:02,19.0
2017-10-06,09:02,19.0
2017-10-06,09:02,0.0
2017-10-06,09:02,19.0
2017-10-06,09:02,19.0
2017-10-06,09:02,19.1
2017-10-06,09:02,19.1
2017-10-06,09:02,2.29
2017-10-06,09:02,19.1
2017-10-06,09:02,19.1
2017-10-06,09:02,0.0
2017-10-06,09:02,19.0
2017-10-06,09:02,19.0
2017-10-06,09:02,0.0
2017-10-06,09:02,19.0
2017-10-06,09:02,19.0
2017-10-06,09:02,0.0
2017-10-06,09:02,19.0
2017-10-06,09:03,19.0
2017-10-06,09:03,2.3
2017-10-06,09:03,19.0
2017-10-06,09:03,19.0
2017-10-06,09:03,0.0
2017-10-06,09:03,0.0
2017-10-06,09:03,19.0
2017-10-06,09:03,0.0
2017-10-06,09:03,0.0
2017-10-06,09:03,2.25
2017-10-06,09:03,19.0
2017-10-06,09:03,0.0
2017-10-06,09:03,19.0
2017-10-06,09:03,2.25
2017-10-06,09:03,19.0
2017-10-06,09:03,19.0
2017-10-06,09:03,19.0
2017-10-06,09:03,19.0
2017-10-06,09:03,19.0
2017-10-06,09:03,19.0
2017-10-06,09:03,19.0
2017-10-06,09:03,19.0
2017-10-06,09:03,19.0
2017-10-06,09:03,19.0
2017-10-06,09:03,19.0
2017-10-06,09:03,0.0
2017-10-06,09:03,19.0
2017-10-06,09:03,19.0
2017-10-06,09:03,19.0
2017-10-06,09:03,19.0
2017-10-06,09:03,19.0
2017-10-06,09:03,19.0
2017-10-06,09:03,19.0
2017-10-06,09:03,19.0
2017-10-06,09:04,2.27
2017-10-06,09:04,19.0
2017-10-06,09:04,19.0
2017-10-06,09:04,19.0
2017-10-06,09:04,19.0
2017-10-06,09:04,0.0
2017-10-06,09:04,2.25
2017-10-06,09:04,19.0
2017-10-06,09:04,19.0
2017-10-06,09:04,0.0
2017-10-06,09:04,19.0
2017-10-06,09:04,0.0
2017-10-06,09:04,19.0
2017-10-06,09:04,19.0
2017-10-06,09:04,0.0
2017-10-06,09:04,19.0
2017-10-06,09:04,0.0
2017-10-06,09:04,19.0
2017-10-06,09:04,19.0
2017-10-06,09:04,19.0
2017-10-06,09:04,2.27
2017-10-06,09:04,19.0
2017-10-06,09:04,0.0
2017-10-06,09:04,19.0
2017-10-06,09:04,19.0
2017-10-06,09:04,0.0
2017-10-06,09:04,0.0
2017-10-06,09:04,0.0
2017-10-06,09:04,19.0
2017-10-06,09:04,0.0
2017-10-06,09:04,0.0
2017-10-06,09:04,19.0
2017-10-06,09:04,2.34
2017-10-06,09:05,0.0
2017-10-06,09:05,2.26
2017-10-06,09:05,2.26
2017-10-06,09:05,0.0
2017-10-06,09:05,19.0
2017-10-06,09:05,0.0
2017-10-06,09:05,19.0
2017-10-06,09:05,19.0
2017-10-06,09:05,2.3
2017-10-06,09:05,19.0
2017-10-06,09:05,19.0
2017-10-06,09:05,0.0
2017-10-06,09:05,19.0
2017-10-06,09:05,19.0
2017-10-06,09:05,2.26
2017-10-06,09:05,19.0
2017-10-06,09:05,19.0
2017-10-06,09:05,2.25
2017-10-06,09:05,19.0
2017-10-06,09:05,19.0
2017-10-06,09:05,2.25
2017-10-06,09:05,19.0
2017-10-06,09:05,19.0
2017-10-06,09:05,19.0
2017-10-06,09:05,0.0
2017-10-06,09:05,19.0
2017-10-06,09:05,0.0
2017-10-06,09:05,0.0
2017-10-06,09:05,19.0
2017-10-06,09:05,2.27
2017-10-06,09:05,19.0
2017-10-06,09:05,19.0
2017-10-06,09:06,2.26
2017-10-06,09:06,19.0
2017-10-06,09:06,19.0
2017-10-06,09:06,19.0
2017-10-06,09:06,19.0
2017-10-06,09:06,19.0
2017-10-06,09:06,19.1
2017-10-06,09:06,19.1
2017-10-06,09:06,19.0
2017-10-06,09:06,19.0
2017-10-06,09:06,19.0
2017-10-06,09:06,19.0
2017-10-06,09:06,19.1
2017-10-06,09:06,19.0
2017-10-06,09:06,19.0
2017-10-06,09:06,19.0
2017-10-06,09:06,19.1
2017-10-06,09:06,0.0
2017-10-06,09:06,19.0
2017-10-06,09:06,0.0
2017-10-06,09:06,2.26
2017-10-06,09:06,19.0
2017-10-06,09:06,0.0
2017-10-06,09:06,0.0
2017-10-06,09:06,19.0
2017-10-06,09:06,0.0
2017-10-06,09:06,19.0
2017-10-06,09:06,0.0
2017-10-06,09:06,2.28
2017-10-06,09:06,19.0
2017-10-06,09:06,2.28
2017-10-06,09:06,19.0
2017-10-06,09:06,19.0
2017-10-06,09:06,0.0
2017-10-06,09:07,19.0
2017-10-06,09:07,19.1
2017-10-06,09:07,0.0
2017-10-06,09:07,19.0
2017-10-06,09:07,0.0
2017-10-06,09:07,19.0
2017-10-06,09:07,2.27
2017-10-06,09:07,2.25
2017-10-06,09:07,19.1
2017-10-06,09:07,19.1
2017-10-06,09:07,19.1
2017-10-06,09:07,19.1
2017-10-06,09:07,19.1
2017-10-06,09:07,0.0
2017-10-06,09:07,19.0
2017-10-06,09:07,19.0
2017-10-06,09:07,2.26
2017-10-06,09:07,19.1
2017-10-06,09:07,19.0
2017-10-06,09:07,19.0
2017-10-06,09:07,19.1
2017-10-06,09:07,19.0
2017-10-06,09:07,2.27
2017-10-06,09:07,0.0
2017-10-06,09:07,19.0
2017-10-06,09:07,19.0
2017-10-06,09:07,19.1
2017-10-06,09:07,0.0
2017-10-06,09:07,0.0
2017-10-06,09:07,0.0
2017-10-06,09:07,19.0
2017-10-06,09:07,0.0
2017-10-06,09:08,19.0
2017-10-06,09:08,0.0
2017-10-06,09:08,2.27
2017-10-06,09:08,0.0
2017-10-06,09:08,19.0
2017-10-06,09:08,0.0
2017-10-06,09:08,0.0
2017-10-06,09:08,0.0
2017-10-06,09:08,2.26
2017-10-06,09:08,0.0
2017-10-06,09:08,0.0
2017-10-06,09:08,0.0
2017-10-06,09:08,0.0
2017-10-06,09:08,0.0
2017-10-06,09:08,2.27
2017-10-06,09:08,2.25
2017-10-06,09:08,0.0
2017-10-06,09:08,0.0
2017-10-06,09:08,2.26
2017-10-06,09:08,0.0
2017-10-06,09:08,2.29
2017-10-06,09:08,19.0
2017-10-06,09:08,2.25
2017-10-06,09:08,0.0
2017-10-06,09:08,2.26
2017-10-06,09:08,19.0
2017-10-06,09:08,2.27
2017-10-06,09:08,2.27
2017-10-06,09:08,19.0
2017-10-06,09:08,0.0
2017-10-06,09:08,2.26
2017-10-06,09:08,19.0
2017-10-06,09:08,19.0
2017-10-06,09:08,19.0
2017-10-06,09:08,2.3
2017-10-06,09:09,19.0
2017-10-06,09:09,19.0
2017-10-06,09:09,0.0
2017-10-06,09:09,19.0
2017-10-06,09:09,19.0
2017-10-06,09:09,2.29
2017-10-06,09:09,19.0
2017-10-06,09:09,19.0
2017-10-06,09:09,0.0
2017-10-06,09:09,19.0
2017-10-06,09:09,19.0
2017-10-06,09:09,2.28
2017-10-06,09:09,19.0
2017-10-06,09:09,19.0
2017-10-06,09:09,0.0
2017-10-06,09:09,19.0
2017-10-06,09:09,19.0
2017-10-06,09:09,0.0
2017-10-06,09:09,19.0
2017-10-06,09:09,19.0
2017-10-06,09:09,2.31
2017-10-06,09:09,19.0
2017-10-06,09:09,19.0
2017-10-06,09:09,0.0
2017-10-06,09:09,19.0
2017-10-06,09:09,19.0
2017-10-06,09:09,0.0
2017-10-06,09:09,2.28
2017-10-06,09:09,19.0
2017-10-06,09:09,0.0
2017-10-06,09:09,19.0
2017-10-06,09:09,0.0
2017-10-06,09:09,2.3
2017-10-06,09:10,19.0
2017-10-06,09:10,19.0
2017-10-06,09:10,19.0
2017-10-06,09:10,19.0
2017-10-06,09:10,2.29
2017-10-06,09:10,0.0
2017-10-06,09:10,19.0
2017-10-06,09:10,19.0
2017-10-06,09:10,19.0
2017-10-06,09:10,2.27
2017-10-06,09:10,19.0
2017-10-06,09:10,19.0
2017-10-06,09:10,0.0
2017-10-06,09:10,19.0
2017-10-06,09:10,19.0
2017-10-06,09:10,0.0
2017-10-06,09:10,19.0
2017-10-06,09:10,19.0
2017-10-06,09:10,0.0
2017-10-06,09:10,2.3
2017-10-06,09:10,19.0
2017-10-06,09:10,0.0
2017-10-06,09:10,19.0
2017-10-06,09:10,19.0
2017-10-06,09:10,2.27
2017-10-06,09:10,19.1
2017-10-06,09:10,19.0
2017-10-06,09:10,0.0
2017-10-06,09:10,19.0
2017-10-06,09:10,19.0
2017-10-06,09:10,19.0
2017-10-06,09:10,0.0
2017-10-06,09:11,19.1
2017-10-06,09:11,19.1
2017-10-06,09:11,0.0
2017-10-06,09:11,0.0
2017-10-06,09:11,19.0
2017-10-06,09:11,2.3
2017-10-06,09:11,2.28
2017-10-06,09:11,19.0
2017-10-06,09:11,0.0
2017-10-06,09:11,0.0
2017-10-06,09:11,19.0
2017-10-06,09:11,2.29
2017-10-06,09:11,2.28
2017-10-06,09:11,19.0
2017-10-06,09:11,0.0
2017-10-06,09:11,2.28
2017-10-06,09:11,2.29
2017-10-06,09:11,2.28
2017-10-06,09:11,19.0
2017-10-06,09:11,2.26
2017-10-06,09:11,0.0
2017-10-06,09:11,19.0
2017-10-06,09:11,19.0
2017-10-06,09:11,19.0
2017-10-06,09:11,2.31
2017-10-06,09:11,19.0
2017-10-06,09:11,19.0
2017-10-06,09:11,0.0
2017-10-06,09:11,19.0
2017-10-06,09:11,19.0
2017-10-06,09:11,19.0
2017-10-06,09:11,0.0
2017-10-06,09:11,19.0
2017-10-06,09:11,19.0
2017-10-06,09:12,0.0
2017-10-06,09:12,19.0
2017-10-06,09:12,2.3
2017-10-06,09:12,19.0
2017-10-06,09:12,19.0
2017-10-06,09:12,19.0
2017-10-06,09:12,0.0
2017-10-06,09:12,0.0
2017-10-06,09:12,19.0
2017-10-06,09:12,0.0
2017-10-06,09:12,2.27
2017-10-06,09:12,19.0
2017-10-06,09:12,2.27
2017-10-06,09:12,2.25
2017-10-06,09:12,19.0
2017-10-06,09:12,0.0
2017-10-06,09:12,2.27
2017-10-06,09:12,19.0
2017-10-06,09:12,2.28
2017-10-06,09:12,19.0
2017-10-06,09:12,19.0
2017-10-06,09:12,1.0
2017-10-06,09:12,19.0
2017-10-06,09:12,19.0
2017-10-06,09:12,2.28
2017-10-06,09:12,19.0
2017-10-06,09:12,19.0
2017-10-06,09:12,0.0
2017-10-06,09:12,19.0
2017-10-06,09:12,19.0
2017-10-06,09:12,0.0
2017-10-06,09:12,19.0
2017-10-06,09:13,19.0
2017-10-06,09:13,0.0
2017-10-06,09:13,19.0
2017-10-06,09:13,19.0
2017-10-06,09:13,19.0
2017-10-06,09:13,2.28
2017-10-06,09:13,19.0
2017-10-06,09:13,19.0
2017-10-06,09:13,0.0
2017-10-06,09:13,19.0
2017-10-06,09:13,19.0
2017-10-06,09:13,0.0
2017-10-06,09:13,18.9
2017-10-06,09:13,18.9
2017-10-06,09:13,0.0
2017-10-06,09:13,19.0
2017-10-06,09:13,19.0
2017-10-06,09:13,19.0
2017-10-06,09:13,2.26
2017-10-06,09:13,19.0
2017-10-06,09:13,2.31
2017-10-06,09:13,18.9
2017-10-06,09:13,18.9
2017-10-06,09:13,0.0
2017-10-06,09:13,19.0
2017-10-06,09:13,19.0
2017-10-06,09:13,2.28
2017-10-06,09:13,19.0
2017-10-06,09:13,18.9
2017-10-06,09:13,0.0
2017-10-06,09:13,18.9
2017-10-06,09:13,19.0
2017-10-06,09:13,2.27
2017-10-06,09:13,19.0
2017-10-06,09:14,19.0
2017-10-06,09:14,2.28
2017-10-06,09:14,19.0
2017-10-06,09:14,0.0
2017-10-06,09:14,18.9
2017-10-06,09:14,18.9
2017-10-06,09:14,2.25
2017-10-06,09:14,0.0
2017-10-06,09:14,19.0
2017-10-06,09:14,0.0
2017-10-06,09:14,18.9
2017-10-06,09:14,18.9
2017-10-06,09:14,2.26
2017-10-06,09:14,2.26
2017-10-06,09:14,19.0
2017-10-06,09:14,19.0
2017-10-06,09:14,19.0
2017-10-06,09:14,19.0
2017-10-06,09:14,19.0
2017-10-06,09:14,2.27
2017-10-06,09:14,19.0
2017-10-06,09:14,19.0
2017-10-06,09:14,19.0
2017-10-06,09:14,19.0
2017-10-06,09:14,18.9
2017-10-06,09:14,18.9
2017-10-06,09:14,19.0
2017-10-06,09:14,18.9
2017-10-06,09:14,2.27
2017-10-06,09:14,18.9
2017-10-06,09:14,19.0
2017-10-06,09:14,0.0
2017-10-06,09:15,18.9
2017-10-06,09:15,18.9
2017-10-06,09:15,0.0
2017-10-06,09:15,0.0
2017-10-06,09:15,0.0
2017-10-06,09:15,19.0
2017-10-06,09:15,19.0
2017-10-06,09:15,0.0
2017-10-06,09:15,18.9
2017-10-06,09:15,19.0
2017-10-06,09:15,0.0
2017-10-06,09:15,18.9
2017-10-06,09:15,18.9
2017-10-06,09:15,0.0
2017-10-06,09:15,18.9
2017-10-06,09:15,0.0
2017-10-06,09:15,0.0
2017-10-06,09:15,18.9
2017-10-06,09:15,0.0
2017-10-06,09:15,18.9
2017-10-06,09:15,18.9
2017-10-06,09:15,0.0
2017-10-06,09:15,0.0
2017-10-06,09:15,18.9
2017-10-06,09:15,0.0
2017-10-06,09:15,18.9
2017-10-06,09:15,19.0
2017-10-06,09:15,0.0
2017-10-06,09:15,0.0
2017-10-06,09:15,19.0
2017-10-06,09:15,2.27
2017-10-06,09:15,19.0
2017-10-06,09:15,18.9
2017-10-06,09:15,18.9
2017-10-06,09:16,2.27
2017-10-06,09:16,18.9
2017-10-06,09:16,18.9
2017-10-06,09:16,18.9
2017-10-06,09:16,18.9
2017-10-06,09:16,19.0
2017-10-06,09:16,2.27
2017-10-06,09:16,18.9
2017-10-06,09:16,18.9
2017-10-06,09:16,18.9
2017-10-06,09:16,18.9
2017-10-06,09:16,18.9
2017-10-06,09:16,18.9
2017-10-06,09:16,2.27
2017-10-06,09:16,0.0
2017-10-06,09:16,19.0
2017-10-06,09:16,0.0
2017-10-06,09:16,0.0
2017-10-06,09:16,0.0
2017-10-06,09:16,19.0
2017-10-06,09:16,0.0
2017-10-06,09:16,2.25
2017-10-06,09:16,2.26
2017-10-06,09:16,19.0
2017-10-06,09:16,18.9
2017-10-06,09:16,0.0
2017-10-06,09:16,18.9
2017-10-06,09:16,18.9
2017-10-06,09:16,0.0
2017-10-06,09:16,2.27
2017-10-06,09:16,18.9
2017-10-06,09:16,0.0
2017-10-06,09:16,18.9
2017-10-06,09:17,19.0
2017-10-06,09:17,0.0
2017-10-06,09:17,2.26
2017-10-06,09:17,19.0
2017-10-06,09:17,19.0
2017-10-06,09:17,18.9
2017-10-06,09:17,18.9
2017-10-06,09:17,18.9
2017-10-06,09:17,0.0
2017-10-06,09:17,18.9
2017-10-06,09:17,18.9
2017-10-06,09:17,0.0
2017-10-06,09:17,18.9
2017-10-06,09:17,18.9
2017-10-06,09:17,0.0
2017-10-06,09:17,18.9
2017-10-06,09:17,18.9
2017-10-06,09:17,18.9
2017-10-06,09:17,18.9
2017-10-06,09:17,18.9
2017-10-06,09:17,2.27
2017-10-06,09:17,18.9
2017-10-06,09:17,2.27
2017-10-06,09:17,19.0
2017-10-06,09:17,19.0
2017-10-06,09:17,2.28
2017-10-06,09:17,19.0
2017-10-06,09:17,19.0
2017-10-06,09:17,2.28
2017-10-06,09:17,18.9
2017-10-06,09:17,18.9
2017-10-06,09:17,2.28
2017-10-06,09:18,19.0
2017-10-06,09:18,19.0
2017-10-06,09:18,0.0
2017-10-06,09:18,2.28
2017-10-06,09:18,19.0
2017-10-06,09:18,2.28
2017-10-06,09:18,0.0
2017-10-06,09:18,19.0
2017-10-06,09:18,0.0
2017-10-06,09:18,2.25
2017-10-06,09:18,19.0
2017-10-06,09:18,2.28
2017-10-06,09:18,18.9
2017-10-06,09:18,19.0
2017-10-06,09:18,0.0
2017-10-06,09:18,19.0
2017-10-06,09:18,19.0
2017-10-06,09:18,2.27
2017-10-06,09:18,19.0
2017-10-06,09:18,18.9
2017-10-06,09:18,0.0
2017-10-06,09:18,18.9
2017-10-06,09:18,19.0
2017-10-06,09:18,2.27
2017-10-06,09:18,18.9
2017-10-06,09:18,19.0
2017-10-06,09:18,2.26
2017-10-06,09:18,19.0
2017-10-06,09:18,0.0
2017-10-06,09:18,19.0
2017-10-06,09:18,19.0
2017-10-06,09:18,19.0
2017-10-06,09:18,19.0
2017-10-06,09:18,2.27
2017-10-06,09:19,19.0
2017-10-06,09:19,19.0
2017-10-06,09:19,0.0
2017-10-06,09:19,19.0
2017-10-06,09:19,19.0
2017-10-06,09:19,2.28
2017-10-06,09:19,19.0
2017-10-06,09:19,19.0
2017-10-06,09:19,0.0
2017-10-06,09:19,18.9
2017-10-06,09:19,18.9
2017-10-06,09:19,2.28
2017-10-06,09:19,18.9
2017-10-06,09:19,18.9
2017-10-06,09:19,0.0
2017-10-06,09:19,18.9
2017-10-06,09:19,0.0
2017-10-06,09:19,0.0
2017-10-06,09:19,0.0
2017-10-06,09:19,18.9
2017-10-06,09:19,2.28
2017-10-06,09:19,19.0
2017-10-06,09:19,19.0
2017-10-06,09:19,2.27
2017-10-06,09:19,0.0
2017-10-06,09:19,2.26
2017-10-06,09:19,0.0
2017-10-06,09:19,19.0
2017-10-06,09:19,19.0
2017-10-06,09:19,2.26
2017-10-06,09:19,18.9
2017-10-06,09:19,18.9
2017-10-06,09:20,2.29
2017-10-06,09:20,19.0
2017-10-06,09:20,19.0
2017-10-06,09:20,0.0
2017-10-06,09:20,19.0
2017-10-06,09:20,19.0
2017-10-06,09:20,18.9
2017-10-06,09:20,2.28
2017-10-06,09:20,18.9
2017-10-06,09:20,19.0
2017-10-06,09:20,0.0
2017-10-06,09:20,19.0
2017-10-06,09:20,19.0
2017-10-06,09:20,19.0
2017-10-06,09:20,0.0
2017-10-06,09:20,19.0
2017-10-06,09:20,19.0
2017-10-06,09:20,0.0
2017-10-06,09:20,19.0
2017-10-06,09:20,2.26
2017-10-06,09:20,19.0
2017-10-06,09:20,19.0
2017-10-06,09:20,19.0
2017-10-06,09:20,0.0
2017-10-06,09:20,19.0
2017-10-06,09:20,0.0
2017-10-06,09:20,19.0
2017-10-06,09:20,2.26
2017-10-06,09:20,2.27
2017-10-06,09:20,2.26
2017-10-06,09:20,2.28
2017-10-06,09:20,0.0
2017-10-06,09:20,2.27
2017-10-06,09:20,19.0
2017-10-06,09:21,19.0
2017-10-06,09:21,19.0
2017-10-06,09:21,19.0
2017-10-06,09:21,19.0
2017-10-06,09:21,2.29
2017-10-06,09:21,19.0
2017-10-06,09:21,19.0
2017-10-06,09:21,19.0
2017-10-06,09:21,19.0
2017-10-06,09:21,19.0
2017-10-06,09:21,2.28
2017-10-06,09:21,19.0
2017-10-06,09:21,19.0
2017-10-06,09:21,19.0
2017-10-06,09:21,19.0
2017-10-06,09:21,19.0
2017-10-06,09:21,19.0
2017-10-06,09:21,2.28
2017-10-06,09:21,19.0
2017-10-06,09:21,19.0
2017-10-06,09:21,0.0
2017-10-06,09:21,19.0
2017-10-06,09:21,19.0
2017-10-06,09:21,2.28
2017-10-06,09:21,19.0
2017-10-06,09:21,0.0
2017-10-06,09:21,19.0
2017-10-06,09:21,19.0
2017-10-06,09:21,19.0
2017-10-06,09:21,2.25
2017-10-06,09:21,19.0
2017-10-06,09:21,19.0
2017-10-06,09:21,19.0
2017-10-06,09:22,19.0
2017-10-06,09:22,19.0
2017-10-06,09:22,2.28
2017-10-06,09:22,19.0
2017-10-06,09:22,2.26
2017-10-06,09:22,19.0
2017-10-06,09:22,2.31
2017-10-06,09:22,0.0
2017-10-06,09:22,19.0
2017-10-06,09:22,0.0
2017-10-06,09:22,2.26
2017-10-06,09:22,19.0
2017-10-06,09:22,2.28
2017-10-06,09:22,19.0
2017-10-06,09:22,19.0
2017-10-06,09:22,0.0
2017-10-06,09:22,19.0
2017-10-06,09:22,19.0
2017-10-06,09:22,19.0
2017-10-06,09:22,2.29
2017-10-06,09:22,19.0
2017-10-06,09:22,19.0
2017-10-06,09:22,0.0
2017-10-06,09:22,19.0
2017-10-06,09:22,19.0
2017-10-06,09:22,2.27
2017-10-06,09:22,19.0
2017-10-06,09:22,19.0
2017-10-06,09:22,0.0
2017-10-06,09:22,19.0
2017-10-06,09:22,19.0
2017-10-06,09:22,0.0
2017-10-06,09:23,19.0
2017-10-06,09:23,0.0
2017-10-06,09:23,19.0
2017-10-06,09:23,19.0
2017-10-06,09:23,0.0
2017-10-06,09:23,19.0
2017-10-06,09:23,0.0
2017-10-06,09:23,19.0
2017-10-06,09:23,19.0
2017-10-06,09:23,19.0
2017-10-06,09:23,2.27
2017-10-06,09:23,19.0
2017-10-06,09:23,19.0
2017-10-06,09:23,0.0
2017-10-06,09:23,19.0
2017-10-06,09:23,2.28
2017-10-06,09:23,19.0
2017-10-06,09:23,0.0
2017-10-06,09:23,2.26
2017-10-06,09:23,0.0
2017-10-06,09:23,0.0
2017-10-06,09:23,18.9
2017-10-06,09:23,19.0
2017-10-06,09:23,0.0
2017-10-06,09:23,19.0
2017-10-06,09:23,0.0
2017-10-06,09:23,19.0
2017-10-06,09:23,19.0
2017-10-06,09:23,0.0
2017-10-06,09:23,19.0
2017-10-06,09:23,19.0
2017-10-06,09:23,0.0
2017-10-06,09:23,0.0
2017-10-06,09:23,19.0
2017-10-06,09:24,0.0
2017-10-06,09:24,0.0
2017-10-06,09:24,19.0
2017-10-06,09:24,0.0
2017-10-06,09:24,2.26
2017-10-06,09:24,19.0
2017-10-06,09:24,19.0
2017-10-06,09:24,0.0
2017-10-06,09:24,19.0
2017-10-06,09:24,19.0
2017-10-06,09:24,18.9
2017-10-06,09:24,2.27
2017-10-06,09:24,18.9
2017-10-06,09:24,19.0
2017-10-06,09:24,0.0
2017-10-06,09:24,19.0
2017-10-06,09:24,19.0
2017-10-06,09:24,19.0
2017-10-06,09:24,2.26
2017-10-06,09:24,19.0
2017-10-06,09:24,19.0
2017-10-06,09:24,0.0
2017-10-06,09:24,18.9
2017-10-06,09:24,18.9
2017-10-06,09:24,18.9
2017-10-06,09:24,0.0
2017-10-06,09:24,19.0
2017-10-06,09:24,0.0
2017-10-06,09:24,18.9
2017-10-06,09:24,18.9
2017-10-06,09:24,18.9
2017-10-06,09:24,2.27
2017-10-06,09:24,19.0
2017-10-06,09:24,2.28
2017-10-06,09:25,18.9
2017-10-06,09:25,19.0
2017-10-06,09:25,19.0
2017-10-06,09:25,19.0
2017-10-06,09:25,18.9
2017-10-06,09:25,18.9
2017-10-06,09:25,0.0
2017-10-06,09:25,2.28
2017-10-06,09:25,0.0
2017-10-06,09:25,19.0
2017-10-06,09:25,19.0
2017-10-06,09:25,18.9
2017-10-06,09:25,0.0
2017-10-06,09:25,19.0
2017-10-06,09:25,19.0
2017-10-06,09:25,19.0
2017-10-06,09:25,19.0
2017-10-06,09:25,19.0
2017-10-06,09:25,0.0
2017-10-06,09:25,2.27
2017-10-06,09:25,18.9
2017-10-06,09:25,0.0
2017-10-06,09:25,18.9
2017-10-06,09:25,19.0
2017-10-06,09:25,2.27
2017-10-06,09:25,18.9
2017-10-06,09:25,2.26
2017-10-06,09:25,19.0
2017-10-06,09:25,2.27
2017-10-06,09:25,2.26
2017-10-06,09:25,18.9
2017-10-06,09:25,0.0
2017-10-06,09:25,0.0
2017-10-06,09:26,19.0
2017-10-06,09:26,2.29
2017-10-06,09:26,19.0
2017-10-06,09:26,19.0
2017-10-06,09:26,0.0
2017-10-06,09:26,19.0
2017-10-06,09:26,19.0
2017-10-06,09:26,0.0
2017-10-06,09:26,19.0
2017-10-06,09:26,19.0
2017-10-06,09:26,2.28
2017-10-06,09:26,19.0
2017-10-06,09:26,18.9
2017-10-06,09:26,2.29
2017-10-06,09:26,0.0
2017-10-06,09:26,18.9
2017-10-06,09:26,0.0
2017-10-06,09:26,0.0
2017-10-06,09:26,19.0
2017-10-06,09:26,2.3
2017-10-06,09:26,19.0
2017-10-06,09:26,19.0
2017-10-06,09:26,0.0
2017-10-06,09:26,19.0
2017-10-06,09:26,18.9
2017-10-06,09:26,18.9
2017-10-06,09:26,0.0
2017-10-06,09:26,19.0
2017-10-06,09:26,19.0
2017-10-06,09:26,0.0
2017-10-06,09:26,18.9
2017-10-06,09:26,0.0
2017-10-06,09:27,0.0
2017-10-06,09:27,0.0
2017-10-06,09:27,19.0
2017-10-06,09:27,0.0
2017-10-06,09:27,2.42
2017-10-06,09:27,18.9
2017-10-06,09:27,2.57
2017-10-06,09:27,2.53
2017-10-06,09:27,18.9
2017-10-06,09:27,18.9
2017-10-06,09:27,0.0
2017-10-06,09:27,19.0
2017-10-06,09:27,18.9
2017-10-06,09:27,0.0
2017-10-06,09:27,18.9
2017-10-06,09:27,18.9
2017-10-06,09:27,0.0
2017-10-06,09:27,18.9
2017-10-06,09:27,18.9
2017-10-06,09:27,2.39
2017-10-06,09:27,18.9
2017-10-06,09:27,0.0
2017-10-06,09:27,2.38
2017-10-06,09:27,0.0
2017-10-06,09:27,0.0
2017-10-06,09:27,18.9
2017-10-06,09:27,0.0
2017-10-06,09:27,0.0
2017-10-06,09:27,18.9
2017-10-06,09:27,18.9
2017-10-06,09:27,0.0
2017-10-06,09:27,18.9
2017-10-06,09:27,0.0
2017-10-06,09:27,18.9
2017-10-06,09:28,18.9
2017-10-06,09:28,2.37
2017-10-06,09:28,18.9
2017-10-06,09:28,18.9
2017-10-06,09:28,18.9
2017-10-06,09:28,18.9
2017-10-06,09:28,18.9
2017-10-06,09:28,18.9
2017-10-06,09:28,0.0
2017-10-06,09:28,18.9
2017-10-06,09:28,18.9
2017-10-06,09:28,18.9
2017-10-06,09:28,18.9
2017-10-06,09:28,18.9
2017-10-06,09:28,18.9
2017-10-06,09:28,2.36
2017-10-06,09:28,18.9
2017-10-06,09:28,18.9
2017-10-06,09:28,18.9
2017-10-06,09:28,2.38
2017-10-06,09:28,0.0
2017-10-06,09:28,0.0
2017-10-06,09:28,18.9
2017-10-06,09:28,18.9
2017-10-06,09:28,18.9
2017-10-06,09:28,18.9
2017-10-06,09:28,18.9
2017-10-06,09:28,18.9
2017-10-06,09:28,0.0
2017-10-06,09:28,18.9
2017-10-06,09:28,18.9
2017-10-06,09:28,0.0
2017-10-06,09:29,18.9
2017-10-06,09:29,0.0
2017-10-06,09:29,18.9
2017-10-06,09:29,18.9
2017-10-06,09:29,18.9
2017-10-06,09:29,18.9
2017-10-06,09:29,18.9
2017-10-06,09:29,18.9
2017-10-06,09:29,0.0
2017-10-06,09:29,18.9
2017-10-06,09:29,18.9
2017-10-06,09:29,18.9
2017-10-06,09:29,0.0
2017-10-06,09:29,18.9
2017-10-06,09:29,0.0
2017-10-06,09:29,0.0
2017-10-06,09:29,18.9
2017-10-06,09:29,0.0
2017-10-06,09:29,19.0
2017-10-06,09:29,19.0
2017-10-06,09:29,2.36
2017-10-06,09:29,18.9
2017-10-06,09:29,18.9
2017-10-06,09:29,0.0
2017-10-06,09:29,18.9
2017-10-06,09:29,18.9
2017-10-06,09:29,2.36
2017-10-06,09:29,18.9
2017-10-06,09:29,18.9
2017-10-06,09:29,2.35
2017-10-06,09:29,2.35
2017-10-06,09:29,18.9
2017-10-06,09:29,0.0
2017-10-06,09:29,2.37
2017-10-06,09:30,18.9
2017-10-06,09:30,2.37
2017-10-06,09:30,18.9
2017-10-06,09:30,18.9
2017-10-06,09:30,18.9
2017-10-06,09:30,18.9
2017-10-06,09:30,18.9
2017-10-06,09:30,18.9
2017-10-06,09:30,18.9
2017-10-06,09:30,18.9
2017-10-06,09:30,18.9
2017-10-06,09:30,0.0
2017-10-06,09:30,0.0
2017-10-06,09:30,18.9
2017-10-06,09:30,18.9
2017-10-06,09:30,0.0
2017-10-06,09:30,18.9
2017-10-06,09:30,0.0
2017-10-06,09:30,18.9
2017-10-06,09:30,18.9
2017-10-06,09:30,2.36
2017-10-06,09:30,18.9
2017-10-06,09:30,18.9
2017-10-06,09:30,18.9
2017-10-06,09:30,18.9
2017-10-06,09:30,18.9
2017-10-06,09:30,18.9
2017-10-06,09:30,18.9
2017-10-06,09:30,18.9
2017-10-06,09:30,0.0
2017-10-06,09:30,19.0
2017-10-06,09:30,0.0
2017-10-06,09:30,19.0
2017-10-06,09:31,0.0
2017-10-06,09:31,18.9
2017-10-06,09:31,18.9
2017-10-06,09:31,2.39
2017-10-06,09:31,19.0
2017-10-06,09:31,2.37
2017-10-06,09:31,2.37
2017-10-06,09:31,18.9
2017-10-06,09:31,0.0
2017-10-06,09:31,19.0
2017-10-06,09:31,19.0
2017-10-06,09:31,19.0
2017-10-06,09:31,19.0
2017-10-06,09:31,19.0
2017-10-06,09:31,0.0
2017-10-06,09:31,19.0
2017-10-06,09:31,19.0
2017-10-06,09:31,19.0
2017-10-06,09:31,18.9
2017-10-06,09:31,18.9
2017-10-06,09:31,19.0
2017-10-06,09:31,19.0
2017-10-06,09:31,2.36
2017-10-06,09:31,19.0
2017-10-06,09:31,18.9
2017-10-06,09:31,0.0
2017-10-06,09:31,2.38
2017-10-06,09:31,19.0
2017-10-06,09:31,0.0
2017-10-06,09:31,0.0
2017-10-06,09:31,19.0
2017-10-06,09:31,0.0
2017-10-06,09:32,0.0
2017-10-06,09:32,18.9
2017-10-06,09:32,0.0
2017-10-06,09:32,19.0
2017-10-06,09:32,0.0
2017-10-06,09:32,19.0
2017-10-06,09:32,2.36
2017-10-06,09:32,19.0
2017-10-06,09:32,19.0
2017-10-06,09:32,2.38
2017-10-06,09:32,19.0
2017-10-06,09:32,19.0
2017-10-06,09:32,18.9
2017-10-06,09:32,18.9
2017-10-06,09:32,18.9
2017-10-06,09:32,18.9
2017-10-06,09:32,18.9
2017-10-06,09:32,0.0
2017-10-06,09:32,19.0
2017-10-06,09:32,19.0
2017-10-06,09:32,19.0
2017-10-06,09:32,18.9
2017-10-06,09:32,18.9
2017-10-06,09:32,18.9
2017-10-06,09:32,19.0
2017-10-06,09:32,19.0
2017-10-06,09:32,18.9
2017-10-06,09:32,18.9
2017-10-06,09:32,18.9
2017-10-06,09:32,2.37
2017-10-06,09:32,2.36
2017-10-06,09:32,18.9
2017-10-06,09:32,2.36
2017-10-06,09:32,19.0
2017-10-06,09:33,0.0
2017-10-06,09:33,19.0
2017-10-06,09:33,19.0
2017-10-06,09:33,0.0
2017-10-06,09:33,18.9
2017-10-06,09:33,18.9
2017-10-06,09:33,0.0
2017-10-06,09:33,2.34
2017-10-06,09:33,18.9
2017-10-06,09:33,0.0
2017-10-06,09:33,2.36
2017-10-06,09:33,18.9
2017-10-06,09:33,2.37
2017-10-06,09:33,19.0
2017-10-06,09:33,0.0
2017-10-06,09:33,0.0
2017-10-06,09:33,18.9
2017-10-06,09:33,0.0
2017-10-06,09:33,2.36
2017-10-06,09:33,18.9
2017-10-06,09:33,0.0
2017-10-06,09:33,0.0
2017-10-06,09:33,18.9
2017-10-06,09:33,2.36
2017-10-06,09:33,2.35
2017-10-06,09:33,18.9
2017-10-06,09:33,0.0
2017-10-06,09:33,2.36
2017-10-06,09:33,18.9
2017-10-06,09:33,0.0
2017-10-06,09:33,18.9
2017-10-06,09:33,0.0
2017-10-06,09:33,18.9
2017-10-06,09:34,18.9
2017-10-06,09:34,0.0
2017-10-06,09:34,18.9
2017-10-06,09:34,18.9
2017-10-06,09:34,18.9
2017-10-06,09:34,18.9
2017-10-06,09:34,18.9
2017-10-06,09:34,18.9
2017-10-06,09:34,18.9
2017-10-06,09:34,18.9
2017-10-06,09:34,0.0
2017-10-06,09:34,18.9
2017-10-06,09:34,18.9
2017-10-06,09:34,18.9
2017-10-06,09:34,18.9
2017-10-06,09:34,2.47
2017-10-06,09:34,0.0
2017-10-06,09:34,2.49
2017-10-06,09:34,18.9
2017-10-06,09:34,2.66
2017-10-06,09:34,18.9
2017-10-06,09:34,18.9
2017-10-06,09:34,18.9
2017-10-06,09:34,18.9
2017-10-06,09:34,18.9
2017-10-06,09:34,18.9
2017-10-06,09:34,18.9
2017-10-06,09:34,18.9
2017-10-06,09:34,18.9
2017-10-06,09:34,18.9
2017-10-06,09:34,18.9
2017-10-06,09:34,18.9
2017-10-06,09:35,0.0
2017-10-06,09:35,18.9
2017-10-06,09:35,18.9
2017-10-06,09:35,0.0
2017-10-06,09:35,0.0
2017-10-06,09:35,18.9
2017-10-06,09:35,0.0
2017-10-06,09:35,18.9
2017-10-06,09:35,18.9
2017-10-06,09:35,571.0
2017-10-06,09:35,18.9
2017-10-06,09:35,18.9
2017-10-06,09:35,575.0
2017-10-06,09:35,0.0
2017-10-06,09:35,18.9
2017-10-06,09:35,0.0
2017-10-06,09:35,18.9
2017-10-06,09:35,18.9
2017-10-06,09:35,0.0
2017-10-06,09:35,18.9
2017-10-06,09:35,18.9
2017-10-06,09:35,0.0
2017-10-06,09:35,18.9
2017-10-06,09:35,18.9
2017-10-06,09:35,0.0
2017-10-06,09:35,18.9
2017-10-06,09:35,18.9
2017-10-06,09:35,18.9
2017-10-06,09:35,2.53
2017-10-06,09:35,18.9
2017-10-06,09:35,0.0
2017-10-06,09:35,18.9
2017-10-06,09:35,18.9
2017-10-06,09:36,0.0
2017-10-06,09:36,18.9
2017-10-06,09:36,18.9
2017-10-06,09:36,2.5
2017-10-06,09:36,18.9
2017-10-06,09:36,2.5
2017-10-06,09:36,0.0
2017-10-06,09:36,18.9
2017-10-06,09:36,0.0
2017-10-06,09:36,0.0
2017-10-06,09:36,2.52
2017-10-06,09:36,0.0
2017-10-06,09:36,0.0
2017-10-06,09:36,0.0
2017-10-06,09:36,18.9
2017-10-06,09:36,0.0
2017-10-06,09:36,2.51
2017-10-06,09:36,18.9
2017-10-06,09:36,2.5
2017-10-06,09:36,0.0
2017-10-06,09:36,18.9
2017-10-06,09:36,2.51
2017-10-06,09:36,18.9
2017-10-06,09:36,2.52
2017-10-06,09:36,18.9
2017-10-06,09:36,18.9
2017-10-06,09:36,0.0
2017-10-06,09:36,18.9
2017-10-06,09:36,18.9
2017-10-06,09:36,2.52
2017-10-06,09:36,18.9
2017-10-06,09:36,18.9
2017-10-06,09:36,0.0
2017-10-06,09:36,18.9
2017-10-06,09:37,18.9
2017-10-06,09:37,18.9
2017-10-06,09:37,18.9
2017-10-06,09:37,18.9
2017-10-06,09:37,0.0
2017-10-06,09:37,18.9
2017-10-06,09:37,18.9
2017-10-06,09:37,0.0
2017-10-06,09:37,18.9
2017-10-06,09:37,18.9
2017-10-06,09:37,18.9
2017-10-06,09:37,0.0
2017-10-06,09:37,18.9
2017-10-06,09:37,0.0
2017-10-06,09:37,18.9
2017-10-06,09:37,18.9
2017-10-06,09:37,18.9
2017-10-06,09:37,0.0
2017-10-06,09:37,2.51
2017-10-06,09:37,0.0
2017-10-06,09:37,18.9
2017-10-06,09:37,0.0
2017-10-06,09:37,2.5
2017-10-06,09:37,2.49
2017-10-06,09:37,0.0
2017-10-06,09:37,2.49
2017-10-06,09:37,0.0
2017-10-06,09:37,2.51
2017-10-06,09:37,18.9
2017-10-06,09:37,18.9
2017-10-06,09:37,18.9
2017-10-06,09:37,18.9
2017-10-06,09:37,18.9
2017-10-06,09:38,18.9
2017-10-06,09:38,18.9
2017-10-06,09:38,18.9
2017-10-06,09:38,18.9
2017-10-06,09:38,18.9
2017-10-06,09:38,18.9
2017-10-06,09:38,18.9
2017-10-06,09:38,18.9
2017-10-06,09:38,2.49
2017-10-06,09:38,18.9
2017-10-06,09:38,18.9
2017-10-06,09:38,18.9
2017-10-06,09:38,18.9
2017-10-06,09:38,18.9
2017-10-06,09:38,2.5
2017-10-06,09:38,18.9
2017-10-06,09:38,18.9
2017-10-06,09:38,18.9
2017-10-06,09:38,18.9
2017-10-06,09:38,0.0
2017-10-06,09:38,18.9
2017-10-06,09:38,18.9
2017-10-06,09:38,2.5
2017-10-06,09:38,18.9
2017-10-06,09:38,18.9
2017-10-06,09:38,0.0
2017-10-06,09:38,18.9
2017-10-06,09:38,18.9
2017-10-06,09:38,0.0
2017-10-06,09:38,18.9
2017-10-06,09:38,0.0
2017-10-06,09:38,18.9
2017-10-06,09:39,18.9
2017-10-06,09:39,18.9
2017-10-06,09:39,0.0
2017-10-06,09:39,2.51
2017-10-06,09:39,18.9
2017-10-06,09:39,2.5
2017-10-06,09:39,18.9
2017-10-06,09:39,18.9
2017-10-06,09:39,2.51
2017-10-06,09:39,19.0
2017-10-06,09:39,19.0
2017-10-06,09:39,0.0
2017-10-06,09:39,19.0
2017-10-06,09:39,19.0
2017-10-06,09:39,2.53
2017-10-06,09:39,2.5
2017-10-06,09:39,19.0
2017-10-06,09:39,2.51
2017-10-06,09:39,18.9
2017-10-06,09:39,18.9
2017-10-06,09:39,0.0
2017-10-06,09:39,18.9
2017-10-06,09:39,18.9
2017-10-06,09:39,2.63
2017-10-06,09:39,18.9
2017-10-06,09:39,18.9
2017-10-06,09:39,0.0
2017-10-06,09:39,18.9
2017-10-06,09:39,18.9
2017-10-06,09:39,18.9
2017-10-06,09:39,0.0
2017-10-06,09:39,18.9
2017-10-06,09:40,18.9
2017-10-06,09:40,0.0
2017-10-06,09:40,18.9
2017-10-06,09:40,18.9
2017-10-06,09:40,0.0
2017-10-06,09:40,2.49
2017-10-06,09:40,18.9
2017-10-06,09:40,2.53
2017-10-06,09:40,18.9
2017-10-06,09:40,18.9
2017-10-06,09:40,0.0
2017-10-06,09:40,18.9
2017-10-06,09:40,0.0
2017-10-06,09:40,2.51
2017-10-06,09:40,18.9
2017-10-06,09:40,18.9
2017-10-06,09:40,0.0
2017-10-06,09:40,18.9
2017-10-06,09:40,18.9
2017-10-06,09:40,0.0
2017-10-06,09:40,18.9
2017-10-06,09:40,0.0
2017-10-06,09:40,2.52
2017-10-06,09:40,18.9
2017-10-06,09:40,18.9
2017-10-06,09:40,18.9
2017-10-06,09:40,2.53
2017-10-06,09:40,2.5
2017-10-06,09:40,0.0
2017-10-06,09:40,18.9
2017-10-06,09:40,0.0
2017-10-06,09:40,18.9
2017-10-06,09:40,2.54
2017-10-06,09:40,0.0
2017-10-06,09:41,0.0
2017-10-06,09:41,2.52
2017-10-06,09:41,0.0
2017-10-06,09:41,0.0
2017-10-06,09:41,0.0
2017-10-06,09:41,0.0
2017-10-06,09:41,0.0
2017-10-06,09:41,0.0
2017-10-06,09:41,18.9
2017-10-06,09:41,0.0
2017-10-06,09:41,1.0
2017-10-06,09:41,18.9
2017-10-06,09:41,18.9
2017-10-06,09:41,18.9
2017-10-06,09:41,2.52
2017-10-06,09:41,2.5
2017-10-06,09:41,18.9
2017-10-06,09:41,0.0
2017-10-06,09:41,18.9
2017-10-06,09:41,18.9
2017-10-06,09:41,2.54
2017-10-06,09:41,2.49
2017-10-06,09:41,18.9
2017-10-06,09:41,2.52
2017-10-06,09:41,18.9
2017-10-06,09:41,2.49
2017-10-06,09:41,18.9
2017-10-06,09:41,18.9
2017-10-06,09:41,0.0
2017-10-06,09:41,0.0
2017-10-06,09:41,18.9
2017-10-06,09:41,0.0
2017-10-06,09:41,18.9
2017-10-06,09:41,2.51
2017-10-06,09:42,2.5
2017-10-06,09:42,0.0
2017-10-06,09:42,18.9
2017-10-06,09:42,18.9
2017-10-06,09:42,18.9
2017-10-06,09:42,2.49
2017-10-06,09:42,18.9
2017-10-06,09:42,0.0
2017-10-06,09:42,18.9
2017-10-06,09:42,18.9
2017-10-06,09:42,2.5
2017-10-06,09:42,18.9
2017-10-06,09:42,18.9
2017-10-06,09:42,0.0
2017-10-06,09:42,18.9
2017-10-06,09:42,18.9
2017-10-06,09:42,18.8
2017-10-06,09:42,2.5
2017-10-06,09:42,18.8
2017-10-06,09:42,0.0
2017-10-06,09:42,18.9
2017-10-06,09:42,18.9
2017-10-06,09:42,18.9
2017-10-06,09:42,0.0
2017-10-06,09:42,2.51
2017-10-06,09:42,0.0
2017-10-06,09:42,0.0
2017-10-06,09:42,18.9
2017-10-06,09:42,0.0
2017-10-06,09:42,18.9
2017-10-06,09:42,18.9
2017-10-06,09:42,18.9
2017-10-06,09:43,18.9
2017-10-06,09:43,0.0
2017-10-06,09:43,18.9
2017-10-06,09:43,0.0
2017-10-06,09:43,18.9
2017-10-06,09:43,2.5
2017-10-06,09:43,18.8
2017-10-06,09:43,2.51
2017-10-06,09:43,2.5
2017-10-06,09:43,18.9
2017-10-06,09:43,2.5
2017-10-06,09:43,18.9
2017-10-06,09:43,18.9
2017-10-06,09:43,18.9
2017-10-06,09:43,18.9
2017-10-06,09:43,18.9
2017-10-06,09:43,18.9
2017-10-06,09:43,18.9
2017-10-06,09:43,18.9
2017-10-06,09:43,18.9
2017-10-06,09:43,18.9
2017-10-06,09:43,18.9
2017-10-06,09:43,0.0
2017-10-06,09:43,18.9
2017-10-06,09:43,18.9
2017-10-06,09:43,0.0
2017-10-06,09:43,18.9
2017-10-06,09:43,18.9
2017-10-06,09:43,18.9
2017-10-06,09:43,18.9
2017-10-06,09:43,18.9
2017-10-06,09:43,18.9
2017-10-06,09:43,18.9
2017-10-06,09:43,18.9
2017-10-06,09:44,18.9
2017-10-06,09:44,0.0
2017-10-06,09:44,18.9
2017-10-06,09:44,18.9
2017-10-06,09:44,0.0
2017-10-06,09:44,2.49
2017-10-06,09:44,2.5
2017-10-06,09:44,18.9
2017-10-06,09:44,0.0
2017-10-06,09:44,0.0
2017-10-06,09:44,18.9
2017-10-06,09:44,18.9
2017-10-06,09:44,0.0
2017-10-06,09:44,0.0
2017-10-06,09:44,18.9
2017-10-06,09:44,0.0
2017-10-06,09:44,2.51
2017-10-06,09:44,0.0
2017-10-06,09:44,0.0
2017-10-06,09:44,18.9
2017-10-06,09:44,0.0
2017-10-06,09:44,18.9
2017-10-06,09:44,18.9
2017-10-06,09:44,18.9
2017-10-06,09:44,18.9
2017-10-06,09:44,18.9
2017-10-06,09:44,2.5
2017-10-06,09:44,2.49
2017-10-06,09:44,2.5
2017-10-06,09:44,0.0
2017-10-06,09:44,18.9
2017-10-06,09:44,2.51
2017-10-06,09:44,2.52
2017-10-06,09:45,18.9
2017-10-06,09:45,18.9
2017-10-06,09:45,1.0
2017-10-06,09:45,18.8
2017-10-06,09:45,18.8
2017-10-06,09:45,18.9
2017-10-06,09:45,2.5
2017-10-06,09:45,18.9
2017-10-06,09:45,18.9
2017-10-06,09:45,0.0
2017-10-06,09:45,18.9
2017-10-06,09:45,18.9
2017-10-06,09:45,18.9
2017-10-06,09:45,18.9
2017-10-06,09:45,2.49
2017-10-06,09:45,0.0
2017-10-06,09:45,18.9
2017-10-06,09:45,18.9
2017-10-06,09:45,0.0
2017-10-06,09:45,18.9
2017-10-06,09:45,2.5
2017-10-06,09:45,2.49
2017-10-06,09:45,18.9
2017-10-06,09:45,18.9
2017-10-06,09:45,0.0
2017-10-06,09:45,0.0
2017-10-06,09:45,2.51
2017-10-06,09:45,0.0
2017-10-06,09:45,18.9
2017-10-06,09:45,2.51
2017-10-06,09:45,18.9
2017-10-06,09:45,18.9
2017-10-06,09:45,0.0
2017-10-06,09:46,0.0
2017-10-06,09:46,0.0
2017-10-06,09:46,18.9
2017-10-06,09:46,0.0
2017-10-06,09:46,0.0
2017-10-06,09:46,0.0
2017-10-06,09:46,18.9
2017-10-06,09:46,0.0
2017-10-06,09:46,0.0
2017-10-06,09:46,2.52
2017-10-06,09:46,2.49
2017-10-06,09:46,18.9
2017-10-06,09:46,18.9
2017-10-06,09:46,18.9
2017-10-06,09:46,2.49
2017-10-06,09:46,18.9
2017-10-06,09:46,2.5
2017-10-06,09:46,18.9
2017-10-06,09:46,18.9
2017-10-06,09:46,18.9
2017-10-06,09:46,18.9
2017-10-06,09:46,18.9
2017-10-06,09:46,2.5
2017-10-06,09:46,18.9
2017-10-06,09:46,18.9
2017-10-06,09:46,18.9
2017-10-06,09:46,18.9
2017-10-06,09:46,18.9
2017-10-06,09:46,18.9
2017-10-06,09:46,18.9
2017-10-06,09:46,18.9
2017-10-06,09:46,2.54
2017-10-06,09:46,18.9
2017-10-06,09:46,18.9
2017-10-06,09:47,18.9
2017-10-06,09:47,18.9
2017-10-06,09:47,18.9
2017-10-06,09:47,18.9
2017-10-06,09:47,18.9
2017-10-06,09:47,18.9
2017-10-06,09:47,18.9
2017-10-06,09:47,18.9
2017-10-06,09:47,18.9
2017-10-06,09:47,18.9
2017-10-06,09:47,18.9
2017-10-06,09:47,18.9
2017-10-06,09:47,0.0
2017-10-06,09:47,18.9
2017-10-06,09:47,18.9
2017-10-06,09:47,2.52
2017-10-06,09:47,0.0
2017-10-06,09:47,18.9
2017-10-06,09:47,0.0
2017-10-06,09:47,18.9
2017-10-06,09:47,0.0
2017-10-06,09:47,0.0
2017-10-06,09:47,0.0
2017-10-06,09:47,18.9
2017-10-06,09:47,0.0
2017-10-06,09:47,2.49
2017-10-06,09:47,18.9
2017-10-06,09:47,2.51
2017-10-06,09:47,18.9
2017-10-06,09:47,18.9
2017-10-06,09:47,18.9
2017-10-06,09:47,2.48
2017-10-06,09:48,18.9
2017-10-06,09:48,18.9
2017-10-06,09:48,18.9
2017-10-06,09:48,18.9
2017-10-06,09:48,18.9
2017-10-06,09:48,18.8
2017-10-06,09:48,18.8
2017-10-06,09:48,18.8
2017-10-06,09:48,18.8
2017-10-06,09:48,18.8
2017-10-06,09:48,18.8
2017-10-06,09:48,2.51
2017-10-06,09:48,18.8
2017-10-06,09:48,0.0
2017-10-06,09:48,0.0
2017-10-06,09:48,0.0
2017-10-06,09:48,18.9
2017-10-06,09:48,2.58
2017-10-06,09:48,18.8
2017-10-06,09:48,18.8
2017-10-06,09:48,2.49
2017-10-06,09:48,18.8
2017-10-06,09:48,18.9
2017-10-06,09:48,18.8
2017-10-06,09:48,18.8
2017-10-06,09:48,18.9
2017-10-06,09:48,18.8
2017-10-06,09:48,18.8
2017-10-06,09:48,2.51
2017-10-06,09:48,18.9
2017-10-06,09:48,18.9
2017-10-06,09:48,0.0
2017-10-06,09:48,18.8
2017-10-06,09:49,2.48
2017-10-06,09:49,18.9
2017-10-06,09:49,18.9
2017-10-06,09:49,0.0
2017-10-06,09:49,18.9
2017-10-06,09:49,18.9
2017-10-06,09:49,0.0
2017-10-06,09:49,0.0
2017-10-06,09:49,18.9
2017-10-06,09:49,18.8
2017-10-06,09:49,18.8
2017-10-06,09:49,18.9
2017-10-06,09:49,0.0
2017-10-06,09:49,18.8
2017-10-06,09:49,2.42
2017-10-06,09:49,18.8
2017-10-06,09:49,18.9
2017-10-06,09:49,2.41
2017-10-06,09:49,18.8
2017-10-06,09:49,18.8
2017-10-06,09:49,0.0
2017-10-06,09:49,18.9
2017-10-06,09:49,18.8
2017-10-06,09:49,0.0
2017-10-06,09:49,18.9
2017-10-06,09:49,18.9
2017-10-06,09:49,0.0
2017-10-06,09:49,18.9
2017-10-06,09:49,18.9
2017-10-06,09:49,0.0
2017-10-06,09:49,18.8
2017-10-06,09:49,18.9
2017-10-06,09:49,0.0
2017-10-06,09:49,18.9
2017-10-06,09:50,18.9
2017-10-06,09:50,0.0
2017-10-06,09:50,18.9
2017-10-06,09:50,18.9
2017-10-06,09:50,0.0
2017-10-06,09:50,2.43
2017-10-06,09:50,18.9
2017-10-06,09:50,0.0
2017-10-06,09:50,18.9
2017-10-06,09:50,18.9
2017-10-06,09:50,2.39
2017-10-06,09:50,18.9
2017-10-06,09:50,18.9
2017-10-06,09:50,0.0
2017-10-06,09:50,18.9
2017-10-06,09:50,0.0
2017-10-06,09:50,18.9
2017-10-06,09:50,18.9
2017-10-06,09:50,2.4
2017-10-06,09:50,18.9
2017-10-06,09:50,18.9
2017-10-06,09:50,2.41
2017-10-06,09:50,18.9
2017-10-06,09:50,18.9
2017-10-06,09:50,2.4
2017-10-06,09:50,18.9
2017-10-06,09:50,18.9
2017-10-06,09:50,2.41
2017-10-06,09:50,18.9
2017-10-06,09:50,0.0
2017-10-06,09:50,18.9
2017-10-06,09:50,0.0
2017-10-06,09:50,18.9
2017-10-06,09:51,18.9
2017-10-06,09:51,18.9
2017-10-06,09:51,18.9
2017-10-06,09:51,18.9
2017-10-06,09:51,2.39
2017-10-06,09:51,18.9
2017-10-06,09:51,18.9
2017-10-06,09:51,18.8
2017-10-06,09:51,18.8
2017-10-06,09:51,18.8
2017-10-06,09:51,2.41
2017-10-06,09:51,18.9
2017-10-06,09:51,18.9
2017-10-06,09:51,18.9
2017-10-06,09:51,0.0
2017-10-06,09:51,18.9
2017-10-06,09:51,18.9
2017-10-06,09:51,0.0
2017-10-06,09:51,18.8
2017-10-06,09:51,18.9
2017-10-06,09:51,0.0
2017-10-06,09:51,18.9
2017-10-06,09:51,0.0
2017-10-06,09:51,18.9
2017-10-06,09:51,18.9
2017-10-06,09:51,18.8
2017-10-06,09:51,18.8
2017-10-06,09:51,18.8
2017-10-06,09:51,18.9
2017-10-06,09:51,18.9
2017-10-06,09:51,18.9
2017-10-06,09:51,18.9
2017-10-06,09:52,0.0
2017-10-06,09:52,18.8
2017-10-06,09:52,0.0
2017-10-06,09:52,18.9
2017-10-06,09:52,18.8
2017-10-06,09:52,0.0
2017-10-06,09:52,18.9
2017-10-06,09:52,2.42
2017-10-06,09:52,0.0
2017-10-06,09:52,2.4
2017-10-06,09:52,18.8
2017-10-06,09:52,0.0
2017-10-06,09:52,18.9
2017-10-06,09:52,18.9
2017-10-06,09:52,0.0
2017-10-06,09:52,18.8
2017-10-06,09:52,18.8
2017-10-06,09:52,0.0
2017-10-06,09:52,18.9
2017-10-06,09:52,0.0
2017-10-06,09:52,0.0
2017-10-06,09:52,0.0
2017-10-06,09:52,0.0
2017-10-06,09:52,0.0
2017-10-06,09:52,0.0
2017-10-06,09:52,18.9
2017-10-06,09:52,18.9
2017-10-06,09:52,18.9
2017-10-06,09:52,18.9
2017-10-06,09:52,18.9
2017-10-06,09:52,2.39
2017-10-06,09:52,18.9
2017-10-06,09:52,18.9
2017-10-06,09:53,18.9
2017-10-06,09:53,18.9
2017-10-06,09:53,18.9
2017-10-06,09:53,18.8
2017-10-06,09:53,18.8
2017-10-06,09:53,0.0
2017-10-06,09:53,18.8
2017-10-06,09:53,18.8
2017-10-06,09:53,18.9
2017-10-06,09:53,18.9
2017-10-06,09:53,18.9
2017-10-06,09:53,18.9
2017-10-06,09:53,18.9
2017-10-06,09:53,0.0
2017-10-06,09:53,2.43
2017-10-06,09:53,18.9
2017-10-06,09:53,18.9
2017-10-06,09:53,18.9
2017-10-06,09:53,18.9
2017-10-06,09:53,18.9
2017-10-06,09:53,0.0
2017-10-06,09:53,18.9
2017-10-06,09:53,18.9
2017-10-06,09:53,18.8
2017-10-06,09:53,18.8
2017-10-06,09:53,2.42
2017-10-06,09:53,0.0
2017-10-06,09:53,18.8
2017-10-06,09:53,18.8
2017-10-06,09:53,18.9
2017-10-06,09:53,0.0
2017-10-06,09:53,2.43
2017-10-06,09:53,18.9
2017-10-06,09:54,18.9
2017-10-06,09:54,2.43
2017-10-06,09:54,18.8
2017-10-06,09:54,18.8
2017-10-06,09:54,0.0
2017-10-06,09:54,18.8
2017-10-06,09:54,18.8
2017-10-06,09:54,2.41
2017-10-06,09:54,18.8
2017-10-06,09:54,18.8
2017-10-06,09:54,0.0
2017-10-06,09:54,18.8
2017-10-06,09:54,18.8
2017-10-06,09:54,2.43
2017-10-06,09:54,18.8
2017-10-06,09:54,18.8
2017-10-06,09:54,0.0
2017-10-06,09:54,0.0
2017-10-06,09:54,18.9
2017-10-06,09:54,0.0
2017-10-06,09:54,18.9
2017-10-06,09:54,18.9
2017-10-06,09:54,0.0
2017-10-06,09:54,18.9
2017-10-06,09:54,18.9
2017-10-06,09:54,2.43
2017-10-06,09:54,2.41
2017-10-06,09:54,18.8
2017-10-06,09:54,0.0
2017-10-06,09:54,2.41
2017-10-06,09:54,18.9
2017-10-06,09:54,2.44
2017-10-06,09:54,18.9
2017-10-06,09:55,18.9
2017-10-06,09:55,0.0
2017-10-06,09:55,18.9
2017-10-06,09:55,18.9
2017-10-06,09:55,0.0
2017-10-06,09:55,18.8
2017-10-06,09:55,18.8
2017-10-06,09:55,0.0
2017-10-06,09:55,2.44
2017-10-06,09:55,18.9
2017-10-06,09:55,0.0
2017-10-06,09:55,18.8
2017-10-06,09:55,0.0
2017-10-06,09:55,2.42
2017-10-06,09:55,18.8
2017-10-06,09:55,0.0
2017-10-06,09:55,0.0
2017-10-06,09:55,18.8
2017-10-06,09:55,0.0
2017-10-06,09:55,2.41
2017-10-06,09:55,18.8
2017-10-06,09:55,18.8
2017-10-06,09:55,2.44
2017-10-06,09:55,18.9
2017-10-06,09:55,0.0
2017-10-06,09:55,18.9
2017-10-06,09:55,0.0
2017-10-06,09:55,0.0
2017-10-06,09:55,0.0
2017-10-06,09:55,2.41
2017-10-06,09:55,0.0
2017-10-06,09:55,0.0
2017-10-06,09:55,0.0
2017-10-06,09:55,0.0
2017-10-06,09:56,0.0
2017-10-06,09:56,0.0
2017-10-06,09:56,2.42
2017-10-06,09:56,2.41
2017-10-06,09:56,0.0
2017-10-06,09:56,0.0
2017-10-06,09:56,18.9
2017-10-06,09:56,0.0
2017-10-06,09:56,2.4
2017-10-06,09:56,18.8
2017-10-06,09:56,0.0
2017-10-06,09:56,0.0
2017-10-06,09:56,18.9
2017-10-06,09:56,0.0
2017-10-06,09:56,18.9
2017-10-06,09:56,2.4
2017-10-06,09:56,2.4
2017-10-06,09:56,0.0
2017-10-06,09:56,18.9
2017-10-06,09:56,18.9
2017-10-06,09:56,18.9
2017-10-06,09:56,2.39
2017-10-06,09:56,18.9
2017-10-06,09:56,0.0
2017-10-06,09:56,18.9
2017-10-06,09:56,18.9
2017-10-06,09:56,0.0
2017-10-06,09:56,0.0
2017-10-06,09:56,18.9
2017-10-06,09:56,2.39
2017-10-06,09:56,18.9
2017-10-06,09:56,18.9
2017-10-06,09:57,2.41
2017-10-06,09:57,2.39
2017-10-06,09:57,2.39
2017-10-06,09:57,2.38
2017-10-06,09:57,0.0
2017-10-06,09:57,18.9
2017-10-06,09:57,18.9
2017-10-06,09:57,2.4
2017-10-06,09:57,18.9
2017-10-06,09:57,2.4
2017-10-06,09:57,18.9
2017-10-06,09:57,0.0
2017-10-06,09:57,2.4
2017-10-06,09:57,0.0
2017-10-06,09:57,18.9
2017-10-06,09:57,2.4
2017-10-06,09:57,0.0
2017-10-06,09:57,2.4
2017-10-06,09:57,18.9
2017-10-06,09:57,18.9
2017-10-06,09:57,18.9
2017-10-06,09:57,18.9
2017-10-06,09:57,18.9
2017-10-06,09:57,18.9
2017-10-06,09:57,18.9
2017-10-06,09:57,18.9
2017-10-06,09:57,0.0
2017-10-06,09:57,18.9
2017-10-06,09:57,18.9
2017-10-06,09:57,18.9
2017-10-06,09:57,18.9
2017-10-06,09:57,18.9
2017-10-06,09:57,18.9
2017-10-06,09:57,18.9
2017-10-06,09:57,18.9
2017-10-06,09:58,2.4
2017-10-06,09:58,18.9
2017-10-06,09:58,18.9
2017-10-06,09:58,18.9
2017-10-06,09:58,18.9
2017-10-06,09:58,18.9
2017-10-06,09:58,2.4
2017-10-06,09:58,18.9
2017-10-06,09:58,18.9
2017-10-06,09:58,18.9
2017-10-06,09:58,18.9
2017-10-06,09:58,18.9
2017-10-06,09:58,0.0
2017-10-06,09:58,18.9
2017-10-06,09:58,18.9
2017-10-06,09:58,18.9
2017-10-06,09:58,18.9
2017-10-06,09:58,18.9
2017-10-06,09:58,18.9
2017-10-06,09:58,18.9
2017-10-06,09:58,0.0
2017-10-06,09:58,18.9
2017-10-06,09:58,0.0
2017-10-06,09:58,18.9
2017-10-06,09:58,18.9
2017-10-06,09:58,18.9
2017-10-06,09:58,2.4
2017-10-06,09:58,18.8
2017-10-06,09:58,18.8
2017-10-06,09:58,0.0
2017-10-06,09:58,18.9
2017-10-06,09:58,18.9
2017-10-06,09:58,18.9
2017-10-06,09:59,0.0
2017-10-06,09:59,18.9
2017-10-06,09:59,2.4
2017-10-06,09:59,18.9
2017-10-06,09:59,18.9
2017-10-06,09:59,0.0
2017-10-06,09:59,18.9
2017-10-06,09:59,2.4
2017-10-06,09:59,0.0
2017-10-06,09:59,18.9
2017-10-06,09:59,2.39
2017-10-06,09:59,2.4
2017-10-06,09:59,18.8
2017-10-06,09:59,18.8
2017-10-06,09:59,0.0
2017-10-06,09:59,18.9
2017-10-06,09:59,18.9
2017-10-06,09:59,18.9
2017-10-06,09:59,2.42
2017-10-06,09:59,18.9
2017-10-06,09:59,18.9
2017-10-06,09:59,0.0
2017-10-06,09:59,18.9
2017-10-06,09:59,2.39
2017-10-06,09:59,18.9
2017-10-06,09:59,18.9
2017-10-06,09:59,18.8
2017-10-06,09:59,0.0
2017-10-06,09:59,18.9
2017-10-06,09:59,0.0
2017-10-06,09:59,2.4
2017-10-06,09:59,18.8
2017-10-06,10:00,0.0
2017-10-06,10:00,18.9
2017-10-06,10:00,18.9
2017-10-06,10:00,2.4
2017-10-06,10:00,18.9
2017-10-06,10:00,18.9
2017-10-06,10:00,2.41
2017-10-06,10:00,18.9
2017-10-06,10:00,18.9
2017-10-06,10:00,1.0
2017-10-06,10:00,0.0
2017-10-06,10:00,18.8
2017-10-06,10:00,0.0
2017-10-06,10:00,0.0
2017-10-06,10:00,18.8
2017-10-06,10:00,2.4
2017-10-06,10:00,0.0
2017-10-06,10:00,18.9
2017-10-06,10:00,2.4
2017-10-06,10:00,0.0
2017-10-06,10:00,18.9
2017-10-06,10:00,0.0
2017-10-06,10:00,2.39
2017-10-06,10:00,18.9
2017-10-06,10:00,0.0
2017-10-06,10:00,18.9
2017-10-06,10:00,18.9
2017-10-06,10:00,0.0
2017-10-06,10:00,18.8
2017-10-06,10:00,18.9
2017-10-06,10:00,18.9
2017-10-06,10:00,18.9
2017-10-06,10:00,18.9
2017-10-06,10:00,18.9
2017-10-06,10:01,2.42
2017-10-06,10:01,18.8
2017-10-06,10:01,18.8
2017-10-06,10:01,18.9
2017-10-06,10:01,18.9
2017-10-06,10:01,18.9
2017-10-06,10:01,2.42
2017-10-06,10:01,18.8
2017-10-06,10:01,0.0
2017-10-06,10:01,0.0
2017-10-06,10:01,18.8
2017-10-06,10:01,18.8
2017-10-06,10:01,0.0
2017-10-06,10:01,18.9
2017-10-06,10:01,18.9
2017-10-06,10:01,0.0
2017-10-06,10:01,18.9
2017-10-06,10:01,18.9
2017-10-06,10:01,18.9
2017-10-06,10:01,2.4
2017-10-06,10:01,18.9
2017-10-06,10:01,0.0
2017-10-06,10:01,18.9
2017-10-06,10:01,18.9
2017-10-06,10:01,2.42
2017-10-06,10:01,18.8
2017-10-06,10:01,18.8
2017-10-06,10:01,2.39
2017-10-06,10:01,2.42
2017-10-06,10:01,18.9
2017-10-06,10:01,2.4
2017-10-06,10:01,0.0
2017-10-06,10:01,18.8
2017-10-06,10:02,18.8
2017-10-06,10:02,2.39
2017-10-06,10:02,18.9
2017-10-06,10:02,18.9
2017-10-06,10:02,18.9
2017-10-06,10:02,2.41
2017-10-06,10:02,18.8
2017-10-06,10:02,18.8
2017-10-06,10:02,18.9
2017-10-06,10:02,18.9
2017-10-06,10:02,18.9
2017-10-06,10:02,2.41
2017-10-06,10:02,18.9
2017-10-06,10:02,18.9
2017-10-06,10:02,18.9
2017-10-06,10:02,18.8
2017-10-06,10:02,18.8
2017-10-06,10:02,18.8
2017-10-06,10:02,18.9
2017-10-06,10:02,18.8
2017-10-06,10:02,18.8
2017-10-06,10:02,2.4
2017-10-06,10:02,18.9
2017-10-06,10:02,18.9
2017-10-06,10:02,0.0
2017-10-06,10:02,18.9
2017-10-06,10:02,2.41
2017-10-06,10:02,0.0
2017-10-06,10:02,18.9
2017-10-06,10:02,18.8
2017-10-06,10:02,18.8
2017-10-06,10:02,18.9
2017-10-06,10:02,18.9
2017-10-06,10:03,18.9
2017-10-06,10:03,18.8
2017-10-06,10:03,18.8
2017-10-06,10:03,18.8
2017-10-06,10:03,18.9
2017-10-06,10:03,18.8
2017-10-06,10:03,0.0
2017-10-06,10:03,18.9
2017-10-06,10:03,18.9
2017-10-06,10:03,0.0
2017-10-06,10:03,18.9
2017-10-06,10:03,0.0
2017-10-06,10:03,18.9
2017-10-06,10:03,18.9
2017-10-06,10:03,2.41
2017-10-06,10:03,0.0
2017-10-06,10:03,18.8
2017-10-06,10:03,2.42
2017-10-06,10:03,18.9
2017-10-06,10:03,18.9
2017-10-06,10:03,18.9
2017-10-06,10:03,18.9
2017-10-06,10:03,18.9
2017-10-06,10:03,2.42
2017-10-06,10:03,18.9
2017-10-06,10:03,18.9
2017-10-06,10:03,0.0
2017-10-06,10:03,18.8
2017-10-06,10:03,18.8
2017-10-06,10:03,2.4
2017-10-06,10:03,18.8
2017-10-06,10:03,18.8
2017-10-06,10:04,0.0
2017-10-06,10:04,18.9
2017-10-06,10:04,18.9
2017-10-06,10:04,18.9
2017-10-06,10:04,2.39
2017-10-06,10:04,18.9
2017-10-06,10:04,0.0
2017-10-06,10:04,18.9
2017-10-06,10:04,18.9
2017-10-06,10:04,18.8
2017-10-06,10:04,2.94
2017-10-06,10:04,18.8
2017-10-06,10:04,0.0
2017-10-06,10:04,18.8
2017-10-06,10:04,18.8
2017-10-06,10:04,0.0
2017-10-06,10:04,2.97
2017-10-06,10:04,18.8
2017-10-06,10:04,0.0
2017-10-06,10:04,18.8
2017-10-06,10:04,18.8
2017-10-06,10:04,0.0
2017-10-06,10:04,18.8
2017-10-06,10:04,0.0
2017-10-06,10:04,0.0
2017-10-06,10:04,0.0
2017-10-06,10:04,0.0
2017-10-06,10:04,3.01
2017-10-06,10:04,0.0
2017-10-06,10:04,18.8
2017-10-06,10:04,0.0
2017-10-06,10:04,0.0
2017-10-06,10:04,2.96
2017-10-06,10:05,18.8
2017-10-06,10:05,0.0
2017-10-06,10:05,18.8
2017-10-06,10:05,18.8
2017-10-06,10:05,18.8
2017-10-06,10:05,18.8
2017-10-06,10:05,18.8
2017-10-06,10:05,18.8
2017-10-06,10:05,18.8
2017-10-06,10:05,18.8
2017-10-06,10:05,18.8
2017-10-06,10:05,18.8
2017-10-06,10:05,18.8
2017-10-06,10:05,18.8
2017-10-06,10:05,18.8
2017-10-06,10:05,18.8
2017-10-06,10:05,18.8
2017-10-06,10:05,2.97
2017-10-06,10:05,18.8
2017-10-06,10:05,18.8
2017-10-06,10:05,18.8
2017-10-06,10:05,18.8
2017-10-06,10:05,18.8
2017-10-06,10:05,2.94
2017-10-06,10:05,18.8
2017-10-06,10:05,18.8
2017-10-06,10:05,2.92
2017-10-06,10:05,2.93
2017-10-06,10:05,18.8
2017-10-06,10:05,2.92
2017-10-06,10:05,18.8
2017-10-06,10:05,18.8
2017-10-06,10:06,18.8
2017-10-06,10:06,18.8
2017-10-06,10:06,18.8
2017-10-06,10:06,18.8
2017-10-06,10:06,0.0
2017-10-06,10:06,18.8
2017-10-06,10:06,18.8
2017-10-06,10:06,0.0
2017-10-06,10:06,18.8
2017-10-06,10:06,18.8
2017-10-06,10:06,0.0
2017-10-06,10:06,18.8
2017-10-06,10:06,18.8
2017-10-06,10:06,18.8
2017-10-06,10:06,18.8
2017-10-06,10:06,18.8
2017-10-06,10:06,18.8
2017-10-06,10:06,18.8
2017-10-06,10:06,18.8
2017-10-06,10:06,18.8
2017-10-06,10:06,18.8
2017-10-06,10:06,18.8
2017-10-06,10:06,18.8
2017-10-06,10:06,18.8
2017-10-06,10:06,18.8
2017-10-06,10:06,18.8
2017-10-06,10:06,0.0
2017-10-06,10:06,18.8
2017-10-06,10:06,18.8
2017-10-06,10:06,0.0
2017-10-06,10:06,2.91
2017-10-06,10:06,18.8
2017-10-06,10:06,0.0
2017-10-06,10:06,0.0
2017-10-06,10:07,18.8
2017-10-06,10:07,0.0
2017-10-06,10:07,2.93
2017-10-06,10:07,18.8
2017-10-06,10:07,18.8
2017-10-06,10:07,1.0
2017-10-06,10:07,2.89
2017-10-06,10:07,0.0
2017-10-06,10:07,1.0
2017-10-06,10:07,2.9
2017-10-06,10:07,18.8
2017-10-06,10:07,0.0
2017-10-06,10:07,0.0
2017-10-06,10:07,0.0
2017-10-06,10:07,18.8
2017-10-06,10:07,18.8
2017-10-06,10:07,0.0
2017-10-06,10:07,18.8
2017-10-06,10:07,18.8
2017-10-06,10:07,2.87
2017-10-06,10:07,18.8
2017-10-06,10:07,18.8
2017-10-06,10:07,2.85
2017-10-06,10:07,18.8
2017-10-06,10:07,18.8
2017-10-06,10:07,2.88
2017-10-06,10:07,18.8
2017-10-06,10:07,18.8
2017-10-06,10:07,2.87
2017-10-06,10:07,0.0
2017-10-06,10:07,18.8
2017-10-06,10:07,0.0
2017-10-06,10:08,0.0
2017-10-06,10:08,18.8
2017-10-06,10:08,0.0
2017-10-06,10:08,0.0
2017-10-06,10:08,18.8
2017-10-06,10:08,18.8
2017-10-06,10:08,0.0
2017-10-06,10:08,18.8
2017-10-06,10:08,0.0
2017-10-06,10:08,2.86
2017-10-06,10:08,18.8
2017-10-06,10:08,0.0
2017-10-06,10:08,0.0
2017-10-06,10:08,18.8
2017-10-06,10:08,0.0
2017-10-06,10:08,2.84
2017-10-06,10:08,18.8
2017-10-06,10:08,2.87
2017-10-06,10:08,18.8
2017-10-06,10:08,18.8
2017-10-06,10:08,18.8
2017-10-06,10:08,18.8
2017-10-06,10:08,18.8
2017-10-06,10:08,18.8
2017-10-06,10:08,18.8
2017-10-06,10:08,18.8
2017-10-06,10:08,18.8
2017-10-06,10:08,0.0
2017-10-06,10:08,18.8
2017-10-06,10:08,18.8
2017-10-06,10:08,0.0
2017-10-06,10:08,18.8
2017-10-06,10:08,18.8
2017-10-06,10:09,0.0
2017-10-06,10:09,18.8
2017-10-06,10:09,18.8
2017-10-06,10:09,0.0
2017-10-06,10:09,2.81
2017-10-06,10:09,18.8
2017-10-06,10:09,0.0
2017-10-06,10:09,2.84
2017-10-06,10:09,18.8
2017-10-06,10:09,0.0
2017-10-06,10:09,18.8
2017-10-06,10:09,18.8
2017-10-06,10:09,18.8
2017-10-06,10:09,2.87
2017-10-06,10:09,18.8
2017-10-06,10:09,18.8
2017-10-06,10:09,0.0
2017-10-06,10:09,18.8
2017-10-06,10:09,18.8
2017-10-06,10:09,18.8
2017-10-06,10:09,18.8
2017-10-06,10:09,18.8
2017-10-06,10:09,0.0
2017-10-06,10:09,18.8
2017-10-06,10:09,18.8
2017-10-06,10:09,0.0
2017-10-06,10:09,18.8
2017-10-06,10:09,18.8
2017-10-06,10:09,0.0
2017-10-06,10:09,2.85
2017-10-06,10:09,18.8
2017-10-06,10:09,2.85
2017-10-06,10:09,2.83
2017-10-06,10:10,18.8
2017-10-06,10:10,0.0
2017-10-06,10:10,18.8
2017-10-06,10:10,18.8
2017-10-06,10:10,2.87
2017-10-06,10:10,18.8
2017-10-06,10:10,18.8
2017-10-06,10:10,0.0
2017-10-06,10:10,18.8
2017-10-06,10:10,0.0
2017-10-06,10:10,18.8
2017-10-06,10:10,2.84
2017-10-06,10:10,0.0
2017-10-06,10:10,18.8
2017-10-06,10:10,2.86
2017-10-06,10:10,2.8
2017-10-06,10:10,18.8
2017-10-06,10:10,2.81
2017-10-06,10:10,2.83
2017-10-06,10:10,18.8
2017-10-06,10:10,0.0
2017-10-06,10:10,2.8
2017-10-06,10:10,18.8
2017-10-06,10:10,0.0
2017-10-06,10:10,18.8
2017-10-06,10:10,0.0
2017-10-06,10:10,18.8
2017-10-06,10:10,0.0
2017-10-06,10:10,0.0
2017-10-06,10:10,18.8
2017-10-06,10:10,18.8
2017-10-06,10:10,18.8
2017-10-06,10:10,2.83
2017-10-06,10:11,18.8
2017-10-06,10:11,18.8
2017-10-06,10:11,0.0
2017-10-06,10:11,18.8
2017-10-06,10:11,18.8
2017-10-06,10:11,0.0
2017-10-06,10:11,18.8
2017-10-06,10:11,18.8
2017-10-06,10:11,0.0
2017-10-06,10:11,18.8
2017-10-06,10:11,18.8
2017-10-06,10:11,0.0
2017-10-06,10:11,18.8
2017-10-06,10:11,18.8
2017-10-06,10:11,18.8
2017-10-06,10:11,2.84
2017-10-06,10:11,18.8
2017-10-06,10:11,0.0
2017-10-06,10:11,18.8
2017-10-06,10:11,18.8
2017-10-06,10:11,0.0
2017-10-06,10:11,0.0
2017-10-06,10:11,18.8
2017-10-06,10:11,18.8
2017-10-06,10:11,0.0
2017-10-06,10:11,18.8
2017-10-06,10:11,18.8
2017-10-06,10:11,0.0
2017-10-06,10:11,2.82
2017-10-06,10:11,2.85
2017-10-06,10:11,0.0
2017-10-06,10:11,0.0
2017-10-06,10:11,18.8
2017-10-06,10:12,0.0
2017-10-06,10:12,2.83
2017-10-06,10:12,18.8
2017-10-06,10:12,2.83
2017-10-06,10:12,0.0
2017-10-06,10:12,18.8
2017-10-06,10:12,18.8
2017-10-06,10:12,2.81
2017-10-06,10:12,18.8
2017-10-06,10:12,18.8
2017-10-06,10:12,0.0
2017-10-06,10:12,18.8
2017-10-06,10:12,18.8
2017-10-06,10:12,2.85
2017-10-06,10:12,18.8
2017-10-06,10:12,18.8
2017-10-06,10:12,2.84
2017-10-06,10:12,18.8
2017-10-06,10:12,18.8
2017-10-06,10:12,0.0
2017-10-06,10:12,18.8
2017-10-06,10:12,18.8
2017-10-06,10:12,18.8
2017-10-06,10:12,2.83
2017-10-06,10:12,18.8
2017-10-06,10:12,0.0
2017-10-06,10:12,18.8
2017-10-06,10:12,18.8
2017-10-06,10:12,18.8
2017-10-06,10:12,2.84
2017-10-06,10:12,18.8
2017-10-06,10:12,0.0
2017-10-06,10:12,18.8
2017-10-06,10:12,18.8
2017-10-06,10:13,18.8
2017-10-06,10:13,18.8
2017-10-06,10:13,18.8
2017-10-06,10:13,0.0
2017-10-06,10:13,18.8
2017-10-06,10:13,18.8
2017-10-06,10:13,18.8
2017-10-06,10:13,18.8
2017-10-06,10:13,18.8
2017-10-06,10:13,0.0
2017-10-06,10:13,18.8
2017-10-06,10:13,18.8
2017-10-06,10:13,2.85
2017-10-06,10:13,18.9
2017-10-06,10:13,0.0
2017-10-06,10:13,18.8
2017-10-06,10:13,18.8
2017-10-06,10:13,0.0
2017-10-06,10:13,2.82
2017-10-06,10:13,18.8
2017-10-06,10:13,2.86
2017-10-06,10:13,2.84
2017-10-06,10:13,18.8
2017-10-06,10:13,0.0
2017-10-06,10:13,18.8
2017-10-06,10:13,18.8
2017-10-06,10:13,2.8
2017-10-06,10:13,18.8
2017-10-06,10:13,18.9
2017-10-06,10:13,0.0
2017-10-06,10:13,18.8
2017-10-06,10:14,18.8
2017-10-06,10:14,0.0
2017-10-06,10:14,18.8
2017-10-06,10:14,18.8
2017-10-06,10:14,18.8
2017-10-06,10:14,18.9
2017-10-06,10:14,18.9
2017-10-06,10:14,0.0
2017-10-06,10:14,18.8
2017-10-06,10:14,18.8
2017-10-06,10:14,18.8
2017-10-06,10:14,2.89
2017-10-06,10:14,18.9
2017-10-06,10:14,18.8
2017-10-06,10:14,0.0
2017-10-06,10:14,18.8
2017-10-06,10:14,18.8
2017-10-06,10:14,2.87
2017-10-06,10:14,0.0
2017-10-06,10:14,18.8
2017-10-06,10:14,0.0
2017-10-06,10:14,0.0
2017-10-06,10:14,18.8
2017-10-06,10:14,2.86
2017-10-06,10:14,2.87
2017-10-06,10:14,18.8
2017-10-06,10:14,2.87
2017-10-06,10:14,18.8
2017-10-06,10:14,2.83
2017-10-06,10:14,0.0
2017-10-06,10:14,18.8
2017-10-06,10:14,2.86
2017-10-06,10:14,0.0
2017-10-06,10:15,18.8
2017-10-06,10:15,18.8
2017-10-06,10:15,2.85
2017-10-06,10:15,18.9
2017-10-06,10:15,18.9
2017-10-06,10:15,0.0
2017-10-06,10:15,18.9
2017-10-06,10:15,18.9
2017-10-06,10:15,18.9
2017-10-06,10:15,18.9
2017-10-06,10:15,2.86
2017-10-06,10:15,0.0
2017-10-06,10:15,18.9
2017-10-06,10:15,18.9
2017-10-06,10:15,18.8
2017-10-06,10:15,0.0
2017-10-06,10:15,2.86
2017-10-06,10:15,0.0
2017-10-06,10:15,0.0
2017-10-06,10:15,18.9
2017-10-06,10:15,0.0
2017-10-06,10:15,18.9
2017-10-06,10:15,18.9
2017-10-06,10:15,0.0
2017-10-06,10:15,18.9
2017-10-06,10:15,18.9
2017-10-06,10:15,18.9
2017-10-06,10:15,18.9
2017-10-06,10:15,0.0
2017-10-06,10:15,18.8
2017-10-06,10:15,0.0
2017-10-06,10:15,0.0
2017-10-06,10:15,2.84
2017-10-06,10:15,0.0
2017-10-06,10:15,2.81
2017-10-06,10:16,18.9
2017-10-06,10:16,0.0
2017-10-06,10:16,18.9
2017-10-06,10:16,18.9
2017-10-06,10:16,0.0
2017-10-06,10:16,18.9
2017-10-06,10:16,18.8
2017-10-06,10:16,0.0
2017-10-06,10:16,0.0
2017-10-06,10:16,18.9
2017-10-06,10:16,18.9
2017-10-06,10:16,2.83
2017-10-06,10:16,18.8
2017-10-06,10:16,18.8
2017-10-06,10:16,2.85
2017-10-06,10:16,18.9
2017-10-06,10:16,18.9
2017-10-06,10:16,18.9
2017-10-06,10:16,18.9
2017-10-06,10:16,18.9
2017-10-06,10:16,0.0
2017-10-06,10:16,18.8
2017-10-06,10:16,18.8
2017-10-06,10:16,18.9
2017-10-06,10:16,18.8
2017-10-06,10:16,18.8
2017-10-06,10:16,18.8
2017-10-06,10:16,18.8
2017-10-06,10:16,18.8
2017-10-06,10:16,18.9
2017-10-06,10:16,18.8
2017-10-06,10:16,18.8
2017-10-06,10:17,18.8
2017-10-06,10:17,18.8
2017-10-06,10:17,18.8
2017-10-06,10:17,18.8
2017-10-06,10:17,18.8
2017-10-06,10:17,18.9
2017-10-06,10:17,18.9
2017-10-06,10:17,18.9
2017-10-06,10:17,18.9
2017-10-06,10:17,18.8
2017-10-06,10:17,18.8
2017-10-06,10:17,18.8
2017-10-06,10:17,0.0
2017-10-06,10:17,18.9
2017-10-06,10:17,18.9
2017-10-06,10:17,0.0
2017-10-06,10:17,2.85
2017-10-06,10:17,18.8
2017-10-06,10:17,0.0
2017-10-06,10:17,18.8
2017-10-06,10:17,18.8
2017-10-06,10:17,0.0
2017-10-06,10:17,18.8
2017-10-06,10:17,18.8
2017-10-06,10:17,0.0
2017-10-06,10:17,18.9
2017-10-06,10:17,18.9
2017-10-06,10:17,0.0
2017-10-06,10:17,18.9
2017-10-06,10:17,0.0
2017-10-06,10:17,18.9
2017-10-06,10:17,0.0
2017-10-06,10:17,0.0
2017-10-06,10:18,18.9
2017-10-06,10:18,0.0
2017-10-06,10:18,0.0
2017-10-06,10:18,18.8
2017-10-06,10:18,0.0
2017-10-06,10:18,0.0
2017-10-06,10:18,0.0
2017-10-06,10:18,2.83
2017-10-06,10:18,18.8
2017-10-06,10:18,0.0
2017-10-06,10:18,2.86
2017-10-06,10:18,18.8
2017-10-06,10:18,0.0
2017-10-06,10:18,0.0
2017-10-06,10:18,18.9
2017-10-06,10:18,0.0
2017-10-06,10:18,18.9
2017-10-06,10:18,2.85
2017-10-06,10:18,2.86
2017-10-06,10:18,18.9
2017-10-06,10:18,18.9
2017-10-06,10:18,2.83
2017-10-06,10:18,18.8
2017-10-06,10:18,18.8
2017-10-06,10:18,18.8
2017-10-06,10:18,18.9
2017-10-06,10:18,18.9
2017-10-06,10:18,18.8
2017-10-06,10:18,0.0
2017-10-06,10:18,18.8
2017-10-06,10:18,0.0
2017-10-06,10:18,0.0
2017-10-06,10:18,0.0
2017-10-06,10:19,2.88
2017-10-06,10:19,18.9
2017-10-06,10:19,0.0
2017-10-06,10:19,0.0
2017-10-06,10:19,18.8
2017-10-06,10:19,0.0
2017-10-06,10:19,0.0
2017-10-06,10:19,18.8
2017-10-06,10:19,0.0
2017-10-06,10:19,2.84
2017-10-06,10:19,18.9
2017-10-06,10:19,0.0
2017-10-06,10:19,0.0
2017-10-06,10:19,0.0
2017-10-06,10:19,18.9
2017-10-06,10:19,0.0
2017-10-06,10:19,2.87
2017-10-06,10:19,18.8
2017-10-06,10:19,0.0
2017-10-06,10:19,18.8
2017-10-06,10:19,0.0
2017-10-06,10:19,0.0
2017-10-06,10:19,18.9
2017-10-06,10:19,0.0
2017-10-06,10:19,0.0
2017-10-06,10:19,0.0
2017-10-06,10:19,0.0
2017-10-06,10:19,0.0
2017-10-06,10:19,0.0
2017-10-06,10:19,0.0
2017-10-06,10:19,0.0
2017-10-06,10:19,0.0
2017-10-06,10:19,18.8
2017-10-06,10:19,2.87
2017-10-06,10:20,2.84
2017-10-06,10:20,18.8
2017-10-06,10:20,0.0
2017-10-06,10:20,18.9
2017-10-06,10:20,18.8
2017-10-06,10:20,2.9
2017-10-06,10:20,18.9
2017-10-06,10:20,18.8
2017-10-06,10:20,0.0
2017-10-06,10:20,18.8
2017-10-06,10:20,2.86
2017-10-06,10:20,18.8
2017-10-06,10:20,18.8
2017-10-06,10:20,2.93
2017-10-06,10:20,18.8
2017-10-06,10:20,18.8
2017-10-06,10:20,18.8
2017-10-06,10:20,0.0
2017-10-06,10:20,18.8
2017-10-06,10:20,18.9
2017-10-06,10:20,18.9
2017-10-06,10:20,2.87
2017-10-06,10:20,0.0
2017-10-06,10:20,18.8
2017-10-06,10:20,2.86
2017-10-06,10:20,2.86
2017-10-06,10:20,18.9
2017-10-06,10:20,0.0
2017-10-06,10:20,18.9
2017-10-06,10:20,0.0
2017-10-06,10:20,2.83
2017-10-06,10:20,18.9
2017-10-06,10:20,2.85
2017-10-06,10:21,18.9
2017-10-06,10:21,18.8
2017-10-06,10:21,2.88
2017-10-06,10:21,18.8
2017-10-06,10:21,18.9
2017-10-06,10:21,2.85
2017-10-06,10:21,18.8
2017-10-06,10:21,0.0
2017-10-06,10:21,18.9
2017-10-06,10:21,0.0
2017-10-06,10:21,0.0
2017-10-06,10:21,0.0
2017-10-06,10:21,18.8
2017-10-06,10:21,0.0
2017-10-06,10:21,18.8
2017-10-06,10:21,0.0
2017-10-06,10:21,0.0
2017-10-06,10:21,18.9
2017-10-06,10:21,0.0
2017-10-06,10:21,0.0
2017-10-06,10:21,2.84
2017-10-06,10:21,18.9
2017-10-06,10:21,0.0
2017-10-06,10:21,2.82
2017-10-06,10:21,0.0
2017-10-06,10:21,18.9
2017-10-06,10:21,2.82
2017-10-06,10:21,0.0
2017-10-06,10:21,2.81
2017-10-06,10:21,2.85
2017-10-06,10:21,0.0
2017-10-06,10:21,0.0
2017-10-06,10:21,18.8
2017-10-06,10:22,18.8
2017-10-06,10:22,2.86
2017-10-06,10:22,18.8
2017-10-06,10:22,18.8
2017-10-06,10:22,18.9
2017-10-06,10:22,18.9
2017-10-06,10:22,18.9
2017-10-06,10:22,2.88
2017-10-06,10:22,18.8
2017-10-06,10:22,18.9
2017-10-06,10:22,0.0
2017-10-06,10:22,18.8
2017-10-06,10:22,18.8
2017-10-06,10:22,2.86
2017-10-06,10:22,18.9
2017-10-06,10:22,18.9
2017-10-06,10:22,2.84
2017-10-06,10:22,18.8
2017-10-06,10:22,18.8
2017-10-06,10:22,2.85
2017-10-06,10:22,0.0
2017-10-06,10:22,18.9
2017-10-06,10:22,2.86
2017-10-06,10:22,0.0
2017-10-06,10:22,18.8
2017-10-06,10:22,18.9
2017-10-06,10:22,0.0
2017-10-06,10:22,0.0
2017-10-06,10:22,0.0
2017-10-06,10:22,18.8
2017-10-06,10:22,0.0
2017-10-06,10:22,2.85
2017-10-06,10:22,18.8
2017-10-06,10:22,18.8
2017-10-06,10:23,18.9
2017-10-06,10:23,18.9
2017-10-06,10:23,0.0
2017-10-06,10:23,18.8
2017-10-06,10:23,18.8
2017-10-06,10:23,18.8
2017-10-06,10:23,18.8
2017-10-06,10:23,18.8
2017-10-06,10:23,18.9
2017-10-06,10:23,18.9
2017-10-06,10:23,18.9
2017-10-06,10:23,0.0
2017-10-06,10:23,18.8
2017-10-06,10:23,18.8
2017-10-06,10:23,18.9
2017-10-06,10:23,18.8
2017-10-06,10:23,18.8
2017-10-06,10:23,18.9
2017-10-06,10:23,18.9
2017-10-06,10:23,18.9
2017-10-06,10:23,18.8
2017-10-06,10:23,18.8
2017-10-06,10:23,18.8
2017-10-06,10:23,2.9
2017-10-06,10:23,18.8
2017-10-06,10:23,2.84
2017-10-06,10:23,0.0
2017-10-06,10:23,0.0
2017-10-06,10:23,2.84
2017-10-06,10:23,0.0
2017-10-06,10:23,0.0
2017-10-06,10:23,0.0
2017-10-06,10:24,0.0
2017-10-06,10:24,0.0
2017-10-06,10:24,0.0
2017-10-06,10:24,2.82
2017-10-06,10:24,0.0
2017-10-06,10:24,0.0
2017-10-06,10:24,2.85
2017-10-06,10:24,0.0
2017-10-06,10:24,2.84
2017-10-06,10:24,0.0
2017-10-06,10:24,18.8
2017-10-06,10:24,2.88
2017-10-06,10:24,0.0
2017-10-06,10:24,18.8
2017-10-06,10:24,2.86
2017-10-06,10:24,0.0
2017-10-06,10:24,18.8
2017-10-06,10:24,2.87
2017-10-06,10:24,2.84
2017-10-06,10:24,18.8
2017-10-06,10:24,0.0
2017-10-06,10:24,2.81
2017-10-06,10:24,0.0
2017-10-06,10:24,2.88
2017-10-06,10:24,18.8
2017-10-06,10:24,0.0
2017-10-06,10:24,0.0
2017-10-06,10:24,18.8
2017-10-06,10:24,1.0
2017-10-06,10:24,18.9
2017-10-06,10:24,0.0
2017-10-06,10:24,2.8
2017-10-06,10:24,2.83
2017-10-06,10:24,0.0
2017-10-06,10:25,0.0
2017-10-06,10:25,0.0
2017-10-06,10:25,0.0
2017-10-06,10:25,18.8
2017-10-06,10:25,0.0
2017-10-06,10:25,0.0
2017-10-06,10:25,18.9
2017-10-06,10:25,2.81
2017-10-06,10:25,18.8
2017-10-06,10:25,2.83
2017-10-06,10:25,2.81
2017-10-06,10:25,18.8
2017-10-06,10:25,0.0
2017-10-06,10:25,2.8
2017-10-06,10:25,18.9
2017-10-06,10:25,0.0
2017-10-06,10:25,18.8
2017-10-06,10:25,2.83
2017-10-06,10:25,18.9
2017-10-06,10:25,0.0
2017-10-06,10:25,2.84
2017-10-06,10:25,18.9
2017-10-06,10:25,2.86
2017-10-06,10:25,18.9
2017-10-06,10:25,18.8
2017-10-06,10:25,0.0
2017-10-06,10:25,18.8
2017-10-06,10:25,18.8
2017-10-06,10:25,0.0
2017-10-06,10:25,18.9
2017-10-06,10:25,18.9
2017-10-06,10:25,0.0
2017-10-06,10:26,18.9
2017-10-06,10:26,18.9
2017-10-06,10:26,0.0
2017-10-06,10:26,18.9
2017-10-06,10:26,18.9
2017-10-06,10:26,0.0
2017-10-06,10:26,18.8
2017-10-06,10:26,0.0
2017-10-06,10:26,2.87
2017-10-06,10:26,0.0
2017-10-06,10:26,18.8
2017-10-06,10:26,0.0
2017-10-06,10:26,0.0
2017-10-06,10:26,18.9
2017-10-06,10:26,2.87
2017-10-06,10:26,2.8
2017-10-06,10:26,18.8
2017-10-06,10:26,0.0
2017-10-06,10:26,2.81
2017-10-06,10:26,0.0
2017-10-06,10:26,2.82
2017-10-06,10:26,2.83
2017-10-06,10:26,0.0
2017-10-06,10:26,0.0
2017-10-06,10:26,18.8
2017-10-06,10:26,2.85
2017-10-06,10:26,2.8
2017-10-06,10:26,18.8
2017-10-06,10:26,18.8
2017-10-06,10:26,18.8
2017-10-06,10:26,2.85
2017-10-06,10:26,2.8
2017-10-06,10:26,2.81
2017-10-06,10:26,0.0
2017-10-06,10:27,2.82
2017-10-06,10:27,2.84
2017-10-06,10:27,18.8
2017-10-06,10:27,18.9
2017-10-06,10:27,2.81
2017-10-06,10:27,18.9
2017-10-06,10:27,0.0
2017-10-06,10:27,2.81
2017-10-06,10:27,0.0
2017-10-06,10:27,2.85
2017-10-06,10:27,2.84
2017-10-06,10:27,0.0
2017-10-06,10:27,0.0
2017-10-06,10:27,18.9
2017-10-06,10:27,0.0
2017-10-06,10:27,2.8
2017-10-06,10:27,18.9
2017-10-06,10:27,2.84
2017-10-06,10:27,0.0
2017-10-06,10:27,18.8
2017-10-06,10:27,0.0
2017-10-06,10:27,18.8
2017-10-06,10:27,2.82
2017-10-06,10:27,0.0
2017-10-06,10:27,18.8
2017-10-06,10:27,0.0
2017-10-06,10:27,18.8
2017-10-06,10:27,18.8
2017-10-06,10:27,2.83
2017-10-06,10:27,2.79
2017-10-06,10:27,18.8
2017-10-06,10:27,0.0
2017-10-06,10:27,18.8
2017-10-06,10:28,18.9
2017-10-06,10:28,18.9
2017-10-06,10:28,2.85
2017-10-06,10:28,18.8
2017-10-06,10:28,18.8
2017-10-06,10:28,0.0
2017-10-06,10:28,18.8
2017-10-06,10:28,18.8
2017-10-06,10:28,2.83
2017-10-06,10:28,18.8
2017-10-06,10:28,0.0
2017-10-06,10:28,0.0
2017-10-06,10:28,0.0
2017-10-06,10:28,18.8
2017-10-06,10:28,2.8
2017-10-06,10:28,0.0
2017-10-06,10:28,2.8
2017-10-06,10:28,18.8
2017-10-06,10:28,2.77
2017-10-06,10:28,2.79
2017-10-06,10:28,0.0
2017-10-06,10:28,2.8
2017-10-06,10:28,18.8
2017-10-06,10:28,0.0
2017-10-06,10:28,18.8
2017-10-06,10:28,18.8
2017-10-06,10:28,2.79
2017-10-06,10:28,18.9
2017-10-06,10:28,18.9
2017-10-06,10:28,18.9
2017-10-06,10:28,18.8
2017-10-06,10:28,18.8
2017-10-06,10:28,0.0
2017-10-06,10:28,18.8
2017-10-06,10:28,18.8
2017-10-06,10:29,0.0
2017-10-06,10:29,18.8
2017-10-06,10:29,18.8
2017-10-06,10:29,2.79
2017-10-06,10:29,18.8
2017-10-06,10:29,18.8
2017-10-06,10:29,18.8
2017-10-06,10:29,18.8
2017-10-06,10:29,0.0
2017-10-06,10:29,18.8
2017-10-06,10:29,18.8
2017-10-06,10:29,0.0
2017-10-06,10:29,18.8
2017-10-06,10:29,0.0
2017-10-06,10:29,18.8
2017-10-06,10:29,0.0
2017-10-06,10:29,18.9
2017-10-06,10:29,2.8
2017-10-06,10:29,0.0
2017-10-06,10:29,0.0
2017-10-06,10:29,18.8
2017-10-06,10:29,2.8
2017-10-06,10:29,18.8
2017-10-06,10:29,18.8
2017-10-06,10:29,2.83
2017-10-06,10:29,0.0
2017-10-06,10:29,18.8
2017-10-06,10:29,18.8
2017-10-06,10:29,0.0
2017-10-06,10:29,18.8
2017-10-06,10:29,18.8
2017-10-06,10:29,0.0
2017-10-06,10:30,2.81
2017-10-06,10:30,18.8
2017-10-06,10:30,0.0
2017-10-06,10:30,0.0
2017-10-06,10:30,18.8
2017-10-06,10:30,0.0
2017-10-06,10:30,0.0
2017-10-06,10:30,18.8
2017-10-06,10:30,0.0
2017-10-06,10:30,18.8
2017-10-06,10:30,2.83
2017-10-06,10:30,0.0
2017-10-06,10:30,18.8
2017-10-06,10:30,0.0
2017-10-06,10:30,0.0
2017-10-06,10:30,2.81
2017-10-06,10:30,0.0
2017-10-06,10:30,18.8
2017-10-06,10:30,0.0
2017-10-06,10:30,0.0
2017-10-06,10:30,2.83
2017-10-06,10:30,2.8
2017-10-06,10:30,0.0
2017-10-06,10:30,0.0
2017-10-06,10:30,2.79
2017-10-06,10:30,0.0
2017-10-06,10:30,2.78
2017-10-06,10:30,18.8
2017-10-06,10:30,0.0
2017-10-06,10:30,0.0
2017-10-06,10:30,18.8
2017-10-06,10:30,18.8
2017-10-06,10:30,2.79
2017-10-06,10:30,18.8
2017-10-06,10:31,18.8
2017-10-06,10:31,18.8
2017-10-06,10:31,18.8
2017-10-06,10:31,18.8
2017-10-06,10:31,18.8
2017-10-06,10:31,18.8
2017-10-06,10:31,18.8
2017-10-06,10:31,18.8
2017-10-06,10:31,18.8
2017-10-06,10:31,0.0
2017-10-06,10:31,18.8
2017-10-06,10:31,18.8
2017-10-06,10:31,2.8
2017-10-06,10:31,18.8
2017-10-06,10:31,18.8
2017-10-06,10:31,0.0
2017-10-06,10:31,18.8
2017-10-06,10:31,18.8
2017-10-06,10:31,0.0
2017-10-06,10:31,18.8
2017-10-06,10:31,18.8
2017-10-06,10:31,2.8
2017-10-06,10:31,18.8
2017-10-06,10:31,18.8
2017-10-06,10:31,0.0
2017-10-06,10:31,18.8
2017-10-06,10:31,0.0
2017-10-06,10:31,0.0
2017-10-06,10:31,0.0
2017-10-06,10:31,18.8
2017-10-06,10:31,2.81
2017-10-06,10:31,0.0
2017-10-06,10:31,18.8
2017-10-06,10:32,0.0
2017-10-06,10:32,0.0
2017-10-06,10:32,18.8
2017-10-06,10:32,2.99
2017-10-06,10:32,3.09
2017-10-06,10:32,18.8
2017-10-06,10:32,0.0
2017-10-06,10:32,2.92
2017-10-06,10:32,0.0
2017-10-06,10:32,2.95
2017-10-06,10:32,18.8
2017-10-06,10:32,18.8
2017-10-06,10:32,18.8
2017-10-06,10:32,2.95
2017-10-06,10:32,18.8
2017-10-06,10:32,0.0
2017-10-06,10:32,2.91
2017-10-06,10:32,2.91
2017-10-06,10:32,0.0
2017-10-06,10:32,0.0
2017-10-06,10:32,0.0
2017-10-06,10:32,0.0
2017-10-06,10:32,0.0
2017-10-06,10:32,18.8
2017-10-06,10:32,0.0
2017-10-06,10:32,0.0
2017-10-06,10:32,2.92
2017-10-06,10:32,0.0
2017-10-06,10:32,18.8
2017-10-06,10:32,2.97
2017-10-06,10:32,18.8
2017-10-06,10:32,18.8
2017-10-06,10:32,0.0
2017-10-06,10:32,18.8
2017-10-06,10:33,18.8
2017-10-06,10:33,2.94
2017-10-06,10:33,18.8
2017-10-06,10:33,18.8
2017-10-06,10:33,18.8
2017-10-06,10:33,0.0
2017-10-06,10:33,18.8
2017-10-06,10:33,18.8
2017-10-06,10:33,0.0
2017-10-06,10:33,18.8
2017-10-06,10:33,18.8
2017-10-06,10:33,0.0
2017-10-06,10:33,18.8
2017-10-06,10:33,18.8
2017-10-06,10:33,0.0
2017-10-06,10:33,18.8
2017-10-06,10:33,18.8
2017-10-06,10:33,2.94
2017-10-06,10:33,18.8
2017-10-06,10:33,18.8
2017-10-06,10:33,2.99
2017-10-06,10:33,2.92
2017-10-06,10:33,18.8
2017-10-06,10:33,2.9
2017-10-06,10:33,0.0
2017-10-06,10:33,2.89
2017-10-06,10:33,2.91
2017-10-06,10:33,0.0
2017-10-06,10:33,2.9
2017-10-06,10:33,18.8
2017-10-06,10:33,18.8
2017-10-06,10:33,0.0
2017-10-06,10:34,18.8
2017-10-06,10:34,18.8
2017-10-06,10:34,0.0
2017-10-06,10:34,18.8
2017-10-06,10:34,18.8
2017-10-06,10:34,0.0
2017-10-06,10:34,18.8
2017-10-06,10:34,18.8
2017-10-06,10:34,0.0
2017-10-06,10:34,18.8
2017-10-06,10:34,0.0
2017-10-06,10:34,18.8
2017-10-06,10:34,18.8
2017-10-06,10:34,18.8
2017-10-06,10:34,0.0
2017-10-06,10:34,18.8
2017-10-06,10:34,0.0
2017-10-06,10:34,2.96
2017-10-06,10:34,18.8
2017-10-06,10:34,0.0
2017-10-06,10:34,2.97
2017-10-06,10:34,2.91
2017-10-06,10:34,0.0
2017-10-06,10:34,0.0
2017-10-06,10:34,18.8
2017-10-06,10:34,0.0
2017-10-06,10:34,18.8
2017-10-06,10:34,2.96
2017-10-06,10:34,0.0
2017-10-06,10:34,18.8
2017-10-06,10:34,0.0
2017-10-06,10:34,18.8
2017-10-06,10:34,18.8
2017-10-06,10:35,18.8
2017-10-06,10:35,2.93
2017-10-06,10:35,18.8
2017-10-06,10:35,18.8
2017-10-06,10:35,0.0
2017-10-06,10:35,18.8
2017-10-06,10:35,18.8
2017-10-06,10:35,0.0
2017-10-06,10:35,18.8
2017-10-06,10:35,18.8
2017-10-06,10:35,0.0
2017-10-06,10:35,18.8
2017-10-06,10:35,18.8
2017-10-06,10:35,0.0
2017-10-06,10:35,18.8
2017-10-06,10:35,18.8
2017-10-06,10:35,0.0
2017-10-06,10:35,18.8
2017-10-06,10:35,18.8
2017-10-06,10:35,18.8
2017-10-06,10:35,18.8
2017-10-06,10:35,18.8
2017-10-06,10:35,18.8
2017-10-06,10:35,0.0
2017-10-06,10:35,18.8
2017-10-06,10:35,2.88
2017-10-06,10:35,18.8
2017-10-06,10:35,18.8
2017-10-06,10:35,2.94
2017-10-06,10:35,18.8
2017-10-06,10:35,18.8
2017-10-06,10:35,2.9
2017-10-06,10:35,2.92
2017-10-06,10:35,18.8
2017-10-06,10:36,18.8
2017-10-06,10:36,18.8
2017-10-06,10:36,18.8
2017-10-06,10:36,18.8
2017-10-06,10:36,18.8
2017-10-06,10:36,2.88
2017-10-06,10:36,18.8
2017-10-06,10:36,18.8
2017-10-06,10:36,0.0
2017-10-06,10:36,18.8
2017-10-06,10:36,2.93
2017-10-06,10:36,0.0
2017-10-06,10:36,0.0
2017-10-06,10:36,2.88
2017-10-06,10:36,0.0
2017-10-06,10:36,18.8
2017-10-06,10:36,18.8
2017-10-06,10:36,0.0
2017-10-06,10:36,0.0
2017-10-06,10:36,18.8
2017-10-06,10:36,2.88
2017-10-06,10:36,18.8
2017-10-06,10:36,18.8
2017-10-06,10:36,2.9
2017-10-06,10:36,2.93
2017-10-06,10:36,18.8
2017-10-06,10:36,18.8
2017-10-06,10:36,18.8
2017-10-06,10:36,18.8
2017-10-06,10:36,18.8
2017-10-06,10:36,18.8
2017-10-06,10:36,18.8
2017-10-06,10:37,18.8
2017-10-06,10:37,0.0
2017-10-06,10:37,0.0
2017-10-06,10:37,18.8
2017-10-06,10:37,18.8
2017-10-06,10:37,0.0
2017-10-06,10:37,18.8
2017-10-06,10:37,0.0
2017-10-06,10:37,18.8
2017-10-06,10:37,18.8
2017-10-06,10:37,0.0
2017-10-06,10:37,18.8
2017-10-06,10:37,18.8
2017-10-06,10:37,2.93
2017-10-06,10:37,18.8
2017-10-06,10:37,18.8
2017-10-06,10:37,18.8
2017-10-06,10:37,18.8
2017-10-06,10:37,18.8
2017-10-06,10:37,18.8
2017-10-06,10:37,0.0
2017-10-06,10:37,18.8
2017-10-06,10:37,18.8
2017-10-06,10:37,18.8
2017-10-06,10:37,18.8
2017-10-06,10:37,18.8
2017-10-06,10:37,18.8
2017-10-06,10:37,18.8
2017-10-06,10:37,18.8
2017-10-06,10:37,18.8
2017-10-06,10:37,18.8
2017-10-06,10:37,0.0
2017-10-06,10:38,18.8
2017-10-06,10:38,0.0
2017-10-06,10:38,18.8
2017-10-06,10:38,0.0
2017-10-06,10:38,18.8
2017-10-06,10:38,0.0
2017-10-06,10:38,0.0
2017-10-06,10:38,0.0
2017-10-06,10:38,2.93
2017-10-06,10:38,18.8
2017-10-06,10:38,0.0
2017-10-06,10:38,18.8
2017-10-06,10:38,18.8
2017-10-06,10:38,0.0
2017-10-06,10:38,0.0
2017-10-06,10:38,18.8
2017-10-06,10:38,18.8
2017-10-06,10:38,18.8
2017-10-06,10:38,18.8
2017-10-06,10:38,18.8
2017-10-06,10:38,18.8
2017-10-06,10:38,18.8
2017-10-06,10:38,18.8
2017-10-06,10:38,18.8
2017-10-06,10:38,18.8
2017-10-06,10:38,18.8
2017-10-06,10:38,18.8
2017-10-06,10:38,18.8
2017-10-06,10:38,18.8
2017-10-06,10:38,18.8
2017-10-06,10:38,18.8
2017-10-06,10:38,18.8
2017-10-06,10:38,18.8
2017-10-06,10:38,2.88
2017-10-06,10:39,18.8
2017-10-06,10:39,2.88
2017-10-06,10:39,18.8
2017-10-06,10:39,18.8
2017-10-06,10:39,2.88
2017-10-06,10:39,2.91
2017-10-06,10:39,18.8
2017-10-06,10:39,2.91
2017-10-06,10:39,0.0
2017-10-06,10:39,18.8
2017-10-06,10:39,18.8
2017-10-06,10:39,18.8
2017-10-06,10:39,18.8
2017-10-06,10:39,18.8
2017-10-06,10:39,2.89
2017-10-06,10:39,18.8
2017-10-06,10:39,18.8
2017-10-06,10:39,18.8
2017-10-06,10:39,18.8
2017-10-06,10:39,18.8
2017-10-06,10:39,18.8
2017-10-06,10:39,18.8
2017-10-06,10:39,18.8
2017-10-06,10:39,18.8
2017-10-06,10:39,0.0
2017-10-06,10:39,0.0
2017-10-06,10:39,18.8
2017-10-06,10:39,18.8
2017-10-06,10:39,0.0
2017-10-06,10:39,18.8
2017-10-06,10:39,18.8
2017-10-06,10:39,0.0
2017-10-06,10:39,18.8
2017-10-06,10:40,2.9
2017-10-06,10:40,18.8
2017-10-06,10:40,18.8
2017-10-06,10:40,2.89
2017-10-06,10:40,18.8
2017-10-06,10:40,18.8
2017-10-06,10:40,18.8
2017-10-06,10:40,18.8
2017-10-06,10:40,18.8
2017-10-06,10:40,18.8
2017-10-06,10:40,18.8
2017-10-06,10:40,18.8
2017-10-06,10:40,18.8
2017-10-06,10:40,18.8
2017-10-06,10:40,18.8
2017-10-06,10:40,18.8
2017-10-06,10:40,2.88
2017-10-06,10:40,18.8
2017-10-06,10:40,18.8
2017-10-06,10:40,18.8
2017-10-06,10:40,18.8
2017-10-06,10:40,18.8
2017-10-06,10:40,18.8
2017-10-06,10:40,18.8
2017-10-06,10:40,18.8
2017-10-06,10:40,18.8
2017-10-06,10:40,0.0
2017-10-06,10:40,18.8
2017-10-06,10:40,18.8
2017-10-06,10:40,18.8
2017-10-06,10:40,18.8
2017-10-06,10:40,18.8
2017-10-06,10:41,0.0
2017-10-06,10:41,18.8
2017-10-06,10:41,18.8
2017-10-06,10:41,2.87
2017-10-06,10:41,18.8
2017-10-06,10:41,18.8
2017-10-06,10:41,18.8
2017-10-06,10:41,18.8
2017-10-06,10:41,18.8
2017-10-06,10:41,18.8
2017-10-06,10:41,18.8
2017-10-06,10:41,18.8
2017-10-06,10:41,18.8
2017-10-06,10:41,0.0
2017-10-06,10:41,18.8
2017-10-06,10:41,0.0
2017-10-06,10:41,18.8
2017-10-06,10:41,18.8
2017-10-06,10:41,0.0
2017-10-06,10:41,2.89
2017-10-06,10:41,18.7
2017-10-06,10:41,18.8
2017-10-06,10:41,18.8
2017-10-06,10:41,18.8
2017-10-06,10:41,18.8
2017-10-06,10:41,18.8
2017-10-06,10:41,18.8
2017-10-06,10:41,18.8
2017-10-06,10:41,18.8
2017-10-06,10:41,18.8
2017-10-06,10:41,18.8
2017-10-06,10:41,18.8
2017-10-06,10:41,18.8
2017-10-06,10:42,18.8
2017-10-06,10:42,18.8
2017-10-06,10:42,18.8
2017-10-06,10:42,18.8
2017-10-06,10:42,18.8
2017-10-06,10:42,18.8
2017-10-06,10:42,18.8
2017-10-06,10:42,18.8
2017-10-06,10:42,18.8
2017-10-06,10:42,2.9
2017-10-06,10:42,18.8
2017-10-06,10:42,2.86
2017-10-06,10:42,18.8
2017-10-06,10:42,18.8
2017-10-06,10:42,2.88
2017-10-06,10:42,18.8
2017-10-06,10:42,0.0
2017-10-06,10:42,18.8
2017-10-06,10:42,0.0
2017-10-06,10:42,18.8
2017-10-06,10:42,18.8
2017-10-06,10:42,0.0
2017-10-06,10:42,0.0
2017-10-06,10:42,18.8
2017-10-06,10:42,18.8
2017-10-06,10:42,0.0
2017-10-06,10:42,18.8
2017-10-06,10:42,0.0
2017-10-06,10:42,18.8
2017-10-06,10:42,18.8
2017-10-06,10:42,18.8
2017-10-06,10:42,0.0
2017-10-06,10:42,18.8
2017-10-06,10:43,18.8
2017-10-06,10:43,0.0
2017-10-06,10:43,18.8
2017-10-06,10:43,18.8
2017-10-06,10:43,0.0
2017-10-06,10:43,18.8
2017-10-06,10:43,18.8
2017-10-06,10:43,0.0
2017-10-06,10:43,18.8
2017-10-06,10:43,18.8
2017-10-06,10:43,0.0
2017-10-06,10:43,2.85
2017-10-06,10:43,18.8
2017-10-06,10:43,0.0
2017-10-06,10:43,2.88
2017-10-06,10:43,18.8
2017-10-06,10:43,18.8
2017-10-06,10:43,0.0
2017-10-06,10:43,18.8
2017-10-06,10:43,18.8
2017-10-06,10:43,0.0
2017-10-06,10:43,18.8
2017-10-06,10:43,18.8
2017-10-06,10:43,0.0
2017-10-06,10:43,0.0
2017-10-06,10:43,18.8
2017-10-06,10:43,0.0
2017-10-06,10:43,0.0
2017-10-06,10:43,18.8
2017-10-06,10:43,2.94
2017-10-06,10:43,2.88
2017-10-06,10:43,18.8
2017-10-06,10:43,0.0
2017-10-06,10:43,2.9
2017-10-06,10:44,2.89
2017-10-06,10:44,2.9
2017-10-06,10:44,2.84
2017-10-06,10:44,18.8
2017-10-06,10:44,2.93
2017-10-06,10:44,18.8
2017-10-06,10:44,2.91
2017-10-06,10:44,2.92
2017-10-06,10:44,18.8
2017-10-06,10:44,18.9
2017-10-06,10:44,18.8
2017-10-06,10:44,2.9
2017-10-06,10:44,18.8
2017-10-06,10:44,18.8
2017-10-06,10:44,0.0
2017-10-06,10:44,18.8
2017-10-06,10:44,18.8
2017-10-06,10:44,2.91
2017-10-06,10:44,0.0
2017-10-06,10:44,18.8
2017-10-06,10:44,0.0
2017-10-06,10:44,0.0
2017-10-06,10:44,18.8
2017-10-06,10:44,0.0
2017-10-06,10:44,0.0
2017-10-06,10:44,0.0
2017-10-06,10:44,2.88
2017-10-06,10:44,0.0
2017-10-06,10:44,0.0
2017-10-06,10:44,0.0
2017-10-06,10:44,0.0
2017-10-06,10:44,0.0
2017-10-06,10:45,0.0
2017-10-06,10:45,2.88
2017-10-06,10:45,18.9
2017-10-06,10:45,0.0
2017-10-06,10:45,0.0
2017-10-06,10:45,18.8
2017-10-06,10:45,0.0
2017-10-06,10:45,2.87
2017-10-06,10:45,18.8
2017-10-06,10:45,2.89
2017-10-06,10:45,0.0
2017-10-06,10:45,18.9
2017-10-06,10:45,18.9
2017-10-06,10:45,18.8
2017-10-06,10:45,2.84
2017-10-06,10:45,18.8
2017-10-06,10:45,0.0
2017-10-06,10:45,18.9
2017-10-06,10:45,18.8
2017-10-06,10:45,0.0
2017-10-06,10:45,18.9
2017-10-06,10:45,0.0
2017-10-06,10:45,18.8
2017-10-06,10:45,18.8
2017-10-06,10:45,0.0
2017-10-06,10:45,18.8
2017-10-06,10:45,0.0
2017-10-06,10:45,0.0
2017-10-06,10:45,0.0
2017-10-06,10:45,0.0
2017-10-06,10:45,18.8
2017-10-06,10:45,0.0
2017-10-06,10:45,0.0
2017-10-06,10:45,0.0
2017-10-06,10:46,18.8
2017-10-06,10:46,0.0
2017-10-06,10:46,0.0
2017-10-06,10:46,0.0
2017-10-06,10:46,18.8
2017-10-06,10:46,18.8
2017-10-06,10:46,18.9
2017-10-06,10:46,18.9
2017-10-06,10:46,0.0
2017-10-06,10:46,18.8
2017-10-06,10:46,18.8
2017-10-06,10:46,0.0
2017-10-06,10:46,18.9
2017-10-06,10:46,18.9
2017-10-06,10:46,2.86
2017-10-06,10:46,18.8
2017-10-06,10:46,18.8
2017-10-06,10:46,18.8
2017-10-06,10:46,18.8
2017-10-06,10:46,18.8
2017-10-06,10:46,18.8
2017-10-06,10:46,18.8
2017-10-06,10:46,2.84
2017-10-06,10:46,0.0
2017-10-06,10:46,18.8
2017-10-06,10:46,18.8
2017-10-06,10:46,18.8
2017-10-06,10:46,0.0
2017-10-06,10:46,2.88
2017-10-06,10:46,0.0
2017-10-06,10:46,0.0
2017-10-06,10:46,18.8
2017-10-06,10:46,2.84
2017-10-06,10:46,18.8
2017-10-06,10:47,18.8
2017-10-06,10:47,2.89
2017-10-06,10:47,0.0
2017-10-06,10:47,18.8
2017-10-06,10:47,18.8
2017-10-06,10:47,0.0
2017-10-06,10:47,18.8
2017-10-06,10:47,18.8
2017-10-06,10:47,0.0
2017-10-06,10:47,4.41
2017-10-06,10:47,18.8
2017-10-06,10:47,0.0
2017-10-06,10:47,0.0
2017-10-06,10:47,18.8
2017-10-06,10:47,0.0
2017-10-06,10:47,18.8
2017-10-06,10:47,18.8
2017-10-06,10:47,0.0
2017-10-06,10:47,0.0
2017-10-06,10:47,18.8
2017-10-06,10:47,0.0
2017-10-06,10:47,18.8
2017-10-06,10:47,0.0
2017-10-06,10:47,4.35
2017-10-06,10:47,18.9
2017-10-06,10:47,0.0
2017-10-06,10:47,0.0
2017-10-06,10:47,0.0
2017-10-06,10:47,18.9
2017-10-06,10:47,0.0
2017-10-06,10:47,0.0
2017-10-06,10:47,18.8
2017-10-06,10:47,0.0
2017-10-06,10:48,0.0
2017-10-06,10:48,18.8
2017-10-06,10:48,0.0
2017-10-06,10:48,0.0
2017-10-06,10:48,18.8
2017-10-06,10:48,18.8
2017-10-06,10:48,403.0
2017-10-06,10:48,18.8
2017-10-06,10:48,4.44
2017-10-06,10:48,18.8
2017-10-06,10:48,18.8
2017-10-06,10:48,426.0
2017-10-06,10:48,18.8
2017-10-06,10:48,18.8
2017-10-06,10:48,4.41
2017-10-06,10:48,18.8
2017-10-06,10:48,4.38
2017-10-06,10:48,428.0
2017-10-06,10:48,4.39
2017-10-06,10:48,18.8
2017-10-06,10:48,429.0
2017-10-06,10:48,428.0
2017-10-06,10:48,18.8
2017-10-06,10:48,428.0
2017-10-06,10:48,428.0
2017-10-06,10:48,18.8
2017-10-06,10:48,18.8
2017-10-06,10:48,427.0
2017-10-06,10:48,18.8
2017-10-06,10:48,4.44
2017-10-06,10:48,18.8
2017-10-06,10:48,18.8
2017-10-06,10:48,18.9
2017-10-06,10:48,4.48
2017-10-06,10:48,18.9
2017-10-06,10:49,19.0
2017-10-06,10:49,426.0
2017-10-06,10:49,19.0
2017-10-06,10:49,426.0
2017-10-06,10:49,427.0
2017-10-06,10:49,426.0
2017-10-06,10:49,4.39
2017-10-06,10:49,426.0
2017-10-06,10:49,425.0
2017-10-06,10:49,426.0
2017-10-06,10:49,4.36
2017-10-06,10:49,4.43
2017-10-06,10:49,4.41
2017-10-06,10:49,19.0
2017-10-06,10:49,426.0
2017-10-06,10:49,4.41
2017-10-06,10:49,19.1
2017-10-06,10:49,4.38
2017-10-06,10:49,19.0
2017-10-06,10:49,19.0
2017-10-06,10:49,4.41
2017-10-06,10:49,424.0
2017-10-06,10:49,19.1
2017-10-06,10:49,4.44
2017-10-06,10:49,422.0
2017-10-06,10:49,19.2
2017-10-06,10:49,422.0
2017-10-06,10:49,423.0
2017-10-06,10:49,19.2
2017-10-06,10:49,423.0
2017-10-06,10:49,423.0
2017-10-06,10:49,423.0
2017-10-06,10:50,4.42
2017-10-06,10:50,19.2
2017-10-06,10:50,423.0
2017-10-06,10:50,421.0
2017-10-06,10:50,19.2
2017-10-06,10:50,423.0
2017-10-06,10:50,19.3
2017-10-06,10:50,4.41
2017-10-06,10:50,422.0
2017-10-06,10:50,422.0
2017-10-06,10:50,19.3
2017-10-06,10:50,422.0
2017-10-06,10:50,4.39
2017-10-06,10:50,19.3
2017-10-06,10:50,19.3
2017-10-06,10:50,422.0
2017-10-06,10:50,19.3
2017-10-06,10:50,420.0
2017-10-06,10:50,4.39
2017-10-06,10:50,19.4
2017-10-06,10:50,4.39
2017-10-06,10:50,19.4
2017-10-06,10:50,19.4
2017-10-06,10:50,369.0
2017-10-06,10:50,19.4
2017-10-06,10:50,4.41
2017-10-06,10:50,19.4
2017-10-06,10:50,19.4
2017-10-06,10:50,4.37
2017-10-06,10:50,4.42
2017-10-06,10:50,19.4
2017-10-06,10:50,420.0
2017-10-06,10:50,19.4
2017-10-06,10:50,19.5
2017-10-06,10:51,4.37
2017-10-06,10:51,19.5
2017-10-06,10:51,19.5
2017-10-06,10:51,19.5
2017-10-06,10:51,19.5
2017-10-06,10:51,19.5
2017-10-06,10:51,19.5
2017-10-06,10:51,19.5
2017-10-06,10:51,19.5
2017-10-06,10:51,19.5
2017-10-06,10:51,4.36
2017-10-06,10:51,19.5
2017-10-06,10:51,19.5
2017-10-06,10:51,19.5
2017-10-06,10:51,19.5
2017-10-06,10:51,19.5
2017-10-06,10:51,4.41
2017-10-06,10:51,19.5
2017-10-06,10:51,19.5
2017-10-06,10:51,19.5
2017-10-06,10:51,19.5
2017-10-06,10:51,19.5
2017-10-06,10:51,19.5
2017-10-06,10:51,19.5
2017-10-06,10:51,19.6
2017-10-06,10:51,419.0
2017-10-06,10:51,19.6
2017-10-06,10:51,2.9
2017-10-06,10:51,418.0
2017-10-06,10:51,418.0
2017-10-06,10:51,2.91
2017-10-06,10:51,19.6
2017-10-06,10:51,19.6
2017-10-06,10:51,19.6
2017-10-06,10:52,19.6
2017-10-06,10:52,417.0
2017-10-06,10:52,19.6
2017-10-06,10:52,19.6
2017-10-06,10:52,416.0
2017-10-06,10:52,417.0
2017-10-06,10:52,19.6
2017-10-06,10:52,418.0
2017-10-06,10:52,2.93
2017-10-06,10:52,19.6
2017-10-06,10:52,2.89
2017-10-06,10:52,417.0
2017-10-06,10:52,19.6
2017-10-06,10:52,19.6
2017-10-06,10:52,2.92
2017-10-06,10:52,19.7
2017-10-06,10:52,19.6
2017-10-06,10:52,19.7
2017-10-06,10:52,416.0
2017-10-06,10:52,19.7
2017-10-06,10:52,19.7
2017-10-06,10:52,2.91
2017-10-06,10:52,19.7
2017-10-06,10:52,19.7
2017-10-06,10:52,417.0
2017-10-06,10:52,19.7
2017-10-06,10:52,19.7
2017-10-06,10:52,19.7
2017-10-06,10:52,2.92
2017-10-06,10:52,19.7
2017-10-06,10:52,19.7
2017-10-06,10:52,416.0
2017-10-06,10:53,19.7
2017-10-06,10:53,19.7
2017-10-06,10:53,416.0
2017-10-06,10:53,19.7
2017-10-06,10:53,19.7
2017-10-06,10:53,415.0
2017-10-06,10:53,19.7
2017-10-06,10:53,416.0
2017-10-06,10:53,19.7
2017-10-06,10:53,2.88
2017-10-06,10:53,414.0
2017-10-06,10:53,19.7
2017-10-06,10:53,2.9
2017-10-06,10:53,414.0
2017-10-06,10:53,2.92
2017-10-06,10:53,2.87
2017-10-06,10:53,414.0
2017-10-06,10:53,415.0
2017-10-06,10:53,19.8
2017-10-06,10:53,415.0
2017-10-06,10:53,2.91
2017-10-06,10:53,19.8
2017-10-06,10:53,2.88
2017-10-06,10:53,413.0
2017-10-06,10:53,19.8
2017-10-06,10:53,2.91
2017-10-06,10:53,19.8
2017-10-06,10:53,2.91
2017-10-06,10:53,2.88
2017-10-06,10:53,19.8
2017-10-06,10:53,413.0
2017-10-06,10:53,19.8
2017-10-06,10:53,2.89
2017-10-06,10:53,19.8
2017-10-06,10:54,19.8
2017-10-06,10:54,19.8
2017-10-06,10:54,19.8
2017-10-06,10:54,2.94
2017-10-06,10:54,19.8
2017-10-06,10:54,412.0
2017-10-06,10:54,411.0
2017-10-06,10:54,408.0
2017-10-06,10:54,19.8
2017-10-06,10:54,408.0
2017-10-06,10:54,409.0
2017-10-06,10:54,19.9
2017-10-06,10:54,407.0
2017-10-06,10:54,412.0
2017-10-06,10:54,19.9
2017-10-06,10:54,2.8
2017-10-06,10:54,411.0
2017-10-06,10:54,19.9
2017-10-06,10:54,2.78
2017-10-06,10:54,411.0
2017-10-06,10:54,19.9
2017-10-06,10:54,0.0
2017-10-06,10:54,19.9
2017-10-06,10:54,413.0
2017-10-06,10:54,2.81
2017-10-06,10:54,19.9
2017-10-06,10:54,415.0
2017-10-06,10:54,0.0
2017-10-06,10:54,19.9
2017-10-06,10:54,19.9
2017-10-06,10:54,19.9
2017-10-06,10:54,0.0
2017-10-06,10:54,419.0
2017-10-06,10:55,19.9
2017-10-06,10:55,421.0
2017-10-06,10:55,4.38
2017-10-06,10:55,421.0
2017-10-06,10:55,19.9
2017-10-06,10:55,418.0
2017-10-06,10:55,420.0
2017-10-06,10:55,19.9
2017-10-06,10:55,418.0
2017-10-06,10:55,419.0
2017-10-06,10:55,19.9
2017-10-06,10:55,420.0
2017-10-06,10:55,420.0
2017-10-06,10:55,419.0
2017-10-06,10:55,19.8
2017-10-06,10:55,421.0
2017-10-06,10:55,419.0
2017-10-06,10:55,4.93
2017-10-06,10:55,420.0
2017-10-06,10:55,420.0
2017-10-06,10:55,420.0
2017-10-06,10:55,19.8
2017-10-06,10:55,419.0
2017-10-06,10:55,5.01
2017-10-06,10:55,19.8
2017-10-06,10:55,420.0
2017-10-06,10:55,420.0
2017-10-06,10:55,420.0
2017-10-06,10:55,419.0
2017-10-06,10:55,420.0
2017-10-06,10:55,420.0
2017-10-06,10:55,35.07
2017-10-06,10:55,417.0
2017-10-06,10:55,19.7
2017-10-06,10:56,419.0
2017-10-06,10:56,419.0
2017-10-06,10:56,419.0
2017-10-06,10:56,419.0
2017-10-06,10:56,419.0
2017-10-06,10:56,419.0
2017-10-06,10:56,419.0
2017-10-06,10:56,419.0
2017-10-06,10:56,417.0
2017-10-06,10:56,417.0
2017-10-06,10:56,419.0
2017-10-06,10:56,419.0
2017-10-06,10:56,419.0
2017-10-06,10:56,19.6
2017-10-06,10:56,419.0
2017-10-06,10:56,19.6
2017-10-06,10:56,19.6
2017-10-06,10:56,419.0
2017-10-06,10:56,19.6
2017-10-06,10:56,419.0
2017-10-06,10:56,418.0
2017-10-06,10:56,34.9
2017-10-06,10:56,19.6
2017-10-06,10:56,418.0
2017-10-06,10:56,19.6
2017-10-06,10:56,418.0
2017-10-06,10:56,19.6
2017-10-06,10:56,418.0
2017-10-06,10:56,19.6
2017-10-06,10:56,34.86
2017-10-06,10:56,19.5
2017-10-06,10:56,19.5
2017-10-06,10:56,19.5
2017-10-06,10:57,19.5
2017-10-06,10:57,19.5
2017-10-06,10:57,19.5
2017-10-06,10:57,19.5
2017-10-06,10:57,19.5
2017-10-06,10:57,19.5
2017-10-06,10:57,19.5
2017-10-06,10:57,19.5
2017-10-06,10:57,34.72
2017-10-06,10:57,19.5
2017-10-06,10:57,47.0
2017-10-06,10:57,34.82
2017-10-06,10:57,47.0
2017-10-06,10:57,19.5
2017-10-06,10:57,19.5
2017-10-06,10:57,47.0
2017-10-06,10:57,19.5
2017-10-06,10:57,4.99
2017-10-06,10:57,46.0
2017-10-06,10:57,19.4
2017-10-06,10:57,19.4
2017-10-06,10:57,48.0
2017-10-06,10:57,19.4
2017-10-06,10:57,19.4
2017-10-06,10:57,48.0
2017-10-06,10:57,19.4
2017-10-06,10:57,48.0
2017-10-06,10:57,19.4
2017-10-06,10:57,19.4
2017-10-06,10:57,48.0
2017-10-06,10:57,19.4
2017-10-06,10:57,19.4
2017-10-06,10:57,48.0
2017-10-06,10:58,47.0
2017-10-06,10:58,19.4
2017-10-06,10:58,47.0
2017-10-06,10:58,48.0
2017-10-06,10:58,19.4
2017-10-06,10:58,47.0
2017-10-06,10:58,19.3
2017-10-06,10:58,19.3
2017-10-06,10:58,48.0
2017-10-06,10:58,19.3
2017-10-06,10:58,48.0
2017-10-06,10:58,48.0
2017-10-06,10:58,48.0
2017-10-06,10:58,49.0
2017-10-06,10:58,19.3
2017-10-06,10:58,48.0
2017-10-06,10:58,49.0
2017-10-06,10:58,49.0
2017-10-06,10:58,50.0
2017-10-06,10:58,49.0
2017-10-06,10:58,4.91
2017-10-06,10:58,48.0
2017-10-06,10:58,19.3
2017-10-06,10:58,4.99
2017-10-06,10:58,50.0
2017-10-06,10:58,49.0
2017-10-06,10:58,48.0
2017-10-06,10:58,4.91
2017-10-06,10:58,5.03
2017-10-06,10:58,50.0
2017-10-06,10:58,4.98
2017-10-06,10:58,4.9
2017-10-06,10:58,50.0
2017-10-06,10:58,19.3
2017-10-06,10:58,19.3
2017-10-06,10:59,5.83
2017-10-06,10:59,19.3
2017-10-06,10:59,19.3
2017-10-06,10:59,19.3
2017-10-06,10:59,19.2
2017-10-06,10:59,19.2
2017-10-06,10:59,19.3
2017-10-06,10:59,19.2
2017-10-06,10:59,19.2
2017-10-06,10:59,19.2
2017-10-06,10:59,19.2
2017-10-06,10:59,19.2
2017-10-06,10:59,19.2
2017-10-06,10:59,50.0
2017-10-06,10:59,19.2
2017-10-06,10:59,19.2
2017-10-06,10:59,50.0
2017-10-06,10:59,19.2
2017-10-06,10:59,50.0
2017-10-06,10:59,19.2
2017-10-06,10:59,3.93
2017-10-06,10:59,19.2
2017-10-06,10:59,19.2
2017-10-06,10:59,19.2
2017-10-06,10:59,19.2
2017-10-06,10:59,19.2
2017-10-06,10:59,3.95
2017-10-06,10:59,19.2
2017-10-06,10:59,49.0
2017-10-06,10:59,19.2
2017-10-06,10:59,19.2
2017-10-06,10:59,19.2
2017-10-06,11:00,19.2
2017-10-06,11:00,19.2
2017-10-06,11:00,19.1
2017-10-06,11:00,19.1
2017-10-06,11:00,19.1
2017-10-06,11:00,19.2
2017-10-06,11:00,48.0
2017-10-06,11:00,50.0
2017-10-06,11:00,19.2
2017-10-06,11:00,19.1
2017-10-06,11:00,50.0
2017-10-06,11:00,19.1
2017-10-06,11:00,50.0
2017-10-06,11:00,19.1
2017-10-06,11:00,19.1
2017-10-06,11:00,4.22
2017-10-06,11:00,19.1
2017-10-06,11:00,19.1
2017-10-06,11:00,3.91
2017-10-06,11:00,19.2
2017-10-06,11:00,19.1
2017-10-06,11:00,19.1
2017-10-06,11:00,19.1
2017-10-06,11:00,19.1
2017-10-06,11:00,19.1
2017-10-06,11:00,19.1
2017-10-06,11:00,19.1
2017-10-06,11:00,19.1
2017-10-06,11:00,3.84
2017-10-06,11:00,19.1
2017-10-06,11:00,19.1
2017-10-06,11:00,19.1
2017-10-06,11:01,19.1
2017-10-06,11:01,19.1
2017-10-06,11:01,19.1
2017-10-06,11:01,19.1
2017-10-06,11:01,19.1
2017-10-06,11:01,19.1
2017-10-06,11:01,19.1
2017-10-06,11:01,19.1
2017-10-06,11:01,19.1
2017-10-06,11:01,19.1
2017-10-06,11:01,19.1
2017-10-06,11:01,19.1
2017-10-06,11:01,19.1
2017-10-06,11:01,19.1
2017-10-06,11:01,19.1
2017-10-06,11:01,19.1
2017-10-06,11:01,19.1
2017-10-06,11:01,19.1
2017-10-06,11:01,19.1
2017-10-06,11:01,19.1
2017-10-06,11:01,51.0
2017-10-06,11:01,19.1
2017-10-06,11:01,19.1
2017-10-06,11:01,5.26
2017-10-06,11:01,19.1
2017-10-06,11:01,19.1
2017-10-06,11:01,19.1
2017-10-06,11:01,19.1
2017-10-06,11:01,19.1
2017-10-06,11:01,19.1
2017-10-06,11:01,50.0
2017-10-06,11:01,19.1
2017-10-06,11:01,19.1
2017-10-06,11:02,19.0
2017-10-06,11:02,19.0
2017-10-06,11:02,19.1
2017-10-06,11:02,51.0
2017-10-06,11:02,19.1
2017-10-06,11:02,19.1
2017-10-06,11:02,19.0
2017-10-06,11:02,19.0
2017-10-06,11:02,19.0
2017-10-06,11:02,19.0
2017-10-06,11:02,19.0
2017-10-06,11:02,51.0
2017-10-06,11:02,19.0
2017-10-06,11:02,19.0
2017-10-06,11:02,51.0
2017-10-06,11:02,19.0
2017-10-06,11:02,51.0
2017-10-06,11:02,19.0
2017-10-06,11:02,19.1
2017-10-06,11:02,52.0
2017-10-06,11:02,19.1
2017-10-06,11:02,5.31
2017-10-06,11:02,19.0
2017-10-06,11:02,19.0
2017-10-06,11:02,19.1
2017-10-06,11:02,406.0
2017-10-06,11:02,19.1
2017-10-06,11:02,19.1
2017-10-06,11:02,5.33
2017-10-06,11:02,417.0
2017-10-06,11:02,19.1
2017-10-06,11:02,0.0
2017-10-06,11:02,19.1
2017-10-06,11:03,19.0
2017-10-06,11:03,5.34
2017-10-06,11:03,0.0
2017-10-06,11:03,19.1
2017-10-06,11:03,420.0
2017-10-06,11:03,419.0
2017-10-06,11:03,19.0
2017-10-06,11:03,419.0
2017-10-06,11:03,0.0
2017-10-06,11:03,19.1
2017-10-06,11:03,420.0
2017-10-06,11:03,417.0
2017-10-06,11:03,419.0
2017-10-06,11:03,19.0
2017-10-06,11:03,5.37
2017-10-06,11:03,419.0
2017-10-06,11:03,19.1
2017-10-06,11:03,419.0
2017-10-06,11:03,418.0
2017-10-06,11:03,5.31
2017-10-06,11:03,5.4
2017-10-06,11:03,19.0
2017-10-06,11:03,5.61
2017-10-06,11:03,419.0
2017-10-06,11:03,19.0
2017-10-06,11:03,19.0
2017-10-06,11:03,19.1
2017-10-06,11:03,5.41
2017-10-06,11:03,19.1
2017-10-06,11:03,19.1
2017-10-06,11:03,418.0
2017-10-06,11:03,19.1
2017-10-06,11:04,19.1
2017-10-06,11:04,19.1
2017-10-06,11:04,416.0
2017-10-06,11:04,19.1
2017-10-06,11:04,19.1
2017-10-06,11:04,418.0
2017-10-06,11:04,19.1
2017-10-06,11:04,19.1
2017-10-06,11:04,418.0
2017-10-06,11:04,19.1
2017-10-06,11:04,19.1
2017-10-06,11:04,418.0
2017-10-06,11:04,19.0
2017-10-06,11:04,19.0
2017-10-06,11:04,5.35
2017-10-06,11:04,19.1
2017-10-06,11:04,19.1
2017-10-06,11:04,416.0
2017-10-06,11:04,19.0
2017-10-06,11:04,19.0
2017-10-06,11:04,417.0
2017-10-06,11:04,19.1
2017-10-06,11:04,19.1
2017-10-06,11:04,416.0
2017-10-06,11:04,19.1
2017-10-06,11:04,417.0
2017-10-06,11:04,19.1
2017-10-06,11:04,19.1
2017-10-06,11:04,416.0
2017-10-06,11:04,19.1
2017-10-06,11:04,5.0
2017-10-06,11:04,4.61
2017-10-06,11:04,19.0
2017-10-06,11:05,4.58
2017-10-06,11:05,19.0
2017-10-06,11:05,19.0
2017-10-06,11:05,19.0
2017-10-06,11:05,19.0
2017-10-06,11:05,19.0
2017-10-06,11:05,19.0
2017-10-06,11:05,19.0
2017-10-06,11:05,19.0
2017-10-06,11:05,19.0
2017-10-06,11:05,19.0
2017-10-06,11:05,19.0
2017-10-06,11:05,4.58
2017-10-06,11:05,19.0
2017-10-06,11:05,19.0
2017-10-06,11:05,0.0
2017-10-06,11:05,19.0
2017-10-06,11:05,19.0
2017-10-06,11:05,0.0
2017-10-06,11:05,0.0
2017-10-06,11:05,4.61
2017-10-06,11:05,0.0
2017-10-06,11:05,19.0
2017-10-06,11:05,0.0
2017-10-06,11:05,0.0
2017-10-06,11:05,0.0
2017-10-06,11:05,19.0
2017-10-06,11:05,0.0
2017-10-06,11:05,0.0
2017-10-06,11:05,19.0
2017-10-06,11:05,0.0
2017-10-06,11:05,0.0
2017-10-06,11:05,19.0
2017-10-06,11:05,19.0
2017-10-06,11:06,0.0
2017-10-06,11:06,0.0
2017-10-06,11:06,0.0
2017-10-06,11:06,0.0
2017-10-06,11:06,0.0
2017-10-06,11:06,0.0
2017-10-06,11:06,4.61
2017-10-06,11:06,0.0
2017-10-06,11:06,19.0
2017-10-06,11:06,0.0
2017-10-06,11:06,0.0
2017-10-06,11:06,19.0
2017-10-06,11:06,19.0
2017-10-06,11:06,19.0
2017-10-06,11:06,0.0
2017-10-06,11:06,19.0
2017-10-06,11:06,19.0
2017-10-06,11:06,0.0
2017-10-06,11:06,19.0
2017-10-06,11:06,19.0
2017-10-06,11:06,0.0
2017-10-06,11:06,19.0
2017-10-06,11:06,19.0
2017-10-06,11:06,0.0
2017-10-06,11:06,18.9
2017-10-06,11:06,18.9
2017-10-06,11:06,4.59
2017-10-06,11:06,18.9
2017-10-06,11:06,18.9
2017-10-06,11:06,0.0
2017-10-06,11:06,19.0
2017-10-06,11:06,0.0
2017-10-06,11:06,4.62
2017-10-06,11:07,0.0
2017-10-06,11:07,18.9
2017-10-06,11:07,0.0
2017-10-06,11:07,0.0
2017-10-06,11:07,0.0
2017-10-06,11:07,4.7
2017-10-06,11:07,0.0
2017-10-06,11:07,19.0
2017-10-06,11:07,0.0
2017-10-06,11:07,0.0
2017-10-06,11:07,0.0
2017-10-06,11:07,4.63
2017-10-06,11:07,0.0
2017-10-06,11:07,0.0
2017-10-06,11:07,0.0
2017-10-06,11:07,19.0
2017-10-06,11:07,19.0
2017-10-06,11:07,18.9
2017-10-06,11:07,4.98
2017-10-06,11:07,18.9
2017-10-06,11:07,19.0
2017-10-06,11:07,0.0
2017-10-06,11:07,19.0
2017-10-06,11:07,18.9
2017-10-06,11:07,18.9
2017-10-06,11:07,0.0
2017-10-06,11:07,19.0
2017-10-06,11:07,3.62
2017-10-06,11:07,0.0
2017-10-06,11:07,19.0
2017-10-06,11:07,3.56
2017-10-06,11:07,19.0
2017-10-06,11:07,18.9
2017-10-06,11:07,18.9
2017-10-06,11:08,3.59
2017-10-06,11:08,18.9
2017-10-06,11:08,0.0
2017-10-06,11:08,18.9
2017-10-06,11:08,0.0
2017-10-06,11:08,19.0
2017-10-06,11:08,3.63
2017-10-06,11:08,0.0
2017-10-06,11:08,3.34
2017-10-06,11:08,18.9
2017-10-06,11:08,0.0
2017-10-06,11:08,18.9
2017-10-06,11:08,18.9
2017-10-06,11:08,0.0
2017-10-06,11:08,18.9
2017-10-06,11:08,18.9
2017-10-06,11:08,0.0
2017-10-06,11:08,18.9
2017-10-06,11:08,0.0
2017-10-06,11:08,18.9
2017-10-06,11:08,19.0
2017-10-06,11:08,19.0
2017-10-06,11:08,0.0
2017-10-06,11:08,18.9
2017-10-06,11:08,19.0
2017-10-06,11:08,19.0
2017-10-06,11:08,18.9
2017-10-06,11:08,32.33
2017-10-06,11:08,32.5
2017-10-06,11:08,18.9
2017-10-06,11:08,32.1
2017-10-06,11:08,32.23
2017-10-06,11:09,18.9
2017-10-06,11:09,18.9
2017-10-06,11:09,0.0
2017-10-06,11:09,19.0
2017-10-06,11:09,32.0
2017-10-06,11:09,32.18
2017-10-06,11:09,32.05
2017-10-06,11:09,19.0
2017-10-06,11:09,0.0
2017-10-06,11:09,19.0
2017-10-06,11:09,19.0
2017-10-06,11:09,0.0
2017-10-06,11:09,18.9
2017-10-06,11:09,18.9
2017-10-06,11:09,0.0
2017-10-06,11:09,32.05
2017-10-06,11:09,18.9
2017-10-06,11:09,0.0
2017-10-06,11:09,0.0
2017-10-06,11:09,18.9
2017-10-06,11:09,18.9
2017-10-06,11:09,0.0
2017-10-06,11:09,18.9
2017-10-06,11:09,18.9
2017-10-06,11:09,0.0
2017-10-06,11:09,0.0
2017-10-06,11:09,0.0
2017-10-06,11:09,0.0
2017-10-06,11:09,18.9
2017-10-06,11:09,0.0
2017-10-06,11:09,18.9
2017-10-06,11:09,31.84
2017-10-06,11:09,0.0
2017-10-06,11:09,0.0
2017-10-06,11:10,18.9
2017-10-06,11:10,0.0
2017-10-06,11:10,32.13
2017-10-06,11:10,19.0
2017-10-06,11:10,0.0
2017-10-06,11:10,0.0
2017-10-06,11:10,19.0
2017-10-06,11:10,3.25
2017-10-06,11:10,3.27
2017-10-06,11:10,18.9
2017-10-06,11:10,18.9
2017-10-06,11:10,18.9
2017-10-06,11:10,0.0
2017-10-06,11:10,18.9
2017-10-06,11:10,18.9
2017-10-06,11:10,3.29
2017-10-06,11:10,18.9
2017-10-06,11:10,0.0
2017-10-06,11:10,19.0
2017-10-06,11:10,18.9
2017-10-06,11:10,3.37
2017-10-06,11:10,0.0
2017-10-06,11:10,19.0
2017-10-06,11:10,3.24
2017-10-06,11:10,18.9
2017-10-06,11:10,18.9
2017-10-06,11:10,0.0
2017-10-06,11:10,0.0
2017-10-06,11:10,0.0
2017-10-06,11:10,0.0
2017-10-06,11:10,19.0
2017-10-06,11:10,0.0
2017-10-06,11:10,3.27
2017-10-06,11:10,0.0
2017-10-06,11:11,3.27
2017-10-06,11:11,3.31
2017-10-06,11:11,0.0
2017-10-06,11:11,0.0
2017-10-06,11:11,18.9
2017-10-06,11:11,3.3
2017-10-06,11:11,3.3
2017-10-06,11:11,18.9
2017-10-06,11:11,0.0
2017-10-06,11:11,0.0
2017-10-06,11:11,18.9
2017-10-06,11:11,3.25
2017-10-06,11:11,3.26
2017-10-06,11:11,18.9
2017-10-06,11:11,18.9
2017-10-06,11:11,18.9
2017-10-06,11:11,0.0
2017-10-06,11:11,18.9
2017-10-06,11:11,18.9
2017-10-06,11:11,3.28
2017-10-06,11:11,19.0
2017-10-06,11:11,0.0
2017-10-06,11:11,18.9
2017-10-06,11:11,18.9
2017-10-06,11:11,0.0
2017-10-06,11:11,18.9
2017-10-06,11:11,18.9
2017-10-06,11:11,3.34
2017-10-06,11:11,19.0
2017-10-06,11:11,19.0
2017-10-06,11:11,18.9
2017-10-06,11:11,18.9
2017-10-06,11:11,0.0
2017-10-06,11:12,3.42
2017-10-06,11:12,0.0
2017-10-06,11:12,18.9
2017-10-06,11:12,0.0
2017-10-06,11:12,18.9
2017-10-06,11:12,18.9
2017-10-06,11:12,3.31
2017-10-06,11:12,3.29
2017-10-06,11:12,18.9
2017-10-06,11:12,3.29
2017-10-06,11:12,18.9
2017-10-06,11:12,0.0
2017-10-06,11:12,18.9
2017-10-06,11:12,0.0
2017-10-06,11:12,18.9
2017-10-06,11:12,18.9
2017-10-06,11:12,0.0
2017-10-06,11:12,18.9
2017-10-06,11:12,18.9
2017-10-06,11:12,0.0
2017-10-06,11:12,3.31
2017-10-06,11:12,18.9
2017-10-06,11:12,0.0
2017-10-06,11:12,0.0
2017-10-06,11:12,18.9
2017-10-06,11:12,0.0
2017-10-06,11:12,3.27
2017-10-06,11:12,18.9
2017-10-06,11:12,18.9
2017-10-06,11:12,0.0
2017-10-06,11:12,18.9
2017-10-06,11:12,18.9
2017-10-06,11:12,0.0
2017-10-06,11:12,18.9
2017-10-06,11:13,18.9
2017-10-06,11:13,18.9
2017-10-06,11:13,18.9
2017-10-06,11:13,19.0
2017-10-06,11:13,3.33
2017-10-06,11:13,18.9
2017-10-06,11:13,18.9
2017-10-06,11:13,18.9
2017-10-06,11:13,18.9
2017-10-06,11:13,18.9
2017-10-06,11:13,3.36
2017-10-06,11:13,18.9
2017-10-06,11:13,18.9
2017-10-06,11:13,18.9
2017-10-06,11:13,18.9
2017-10-06,11:13,18.9
2017-10-06,11:13,18.9
2017-10-06,11:13,3.35
2017-10-06,11:13,18.9
2017-10-06,11:13,3.38
2017-10-06,11:13,19.0
2017-10-06,11:13,3.36
2017-10-06,11:13,3.33
2017-10-06,11:13,0.0
2017-10-06,11:13,18.9
2017-10-06,11:13,18.9
2017-10-06,11:13,18.9
2017-10-06,11:13,0.0
2017-10-06,11:13,18.9
2017-10-06,11:13,18.9
2017-10-06,11:13,0.0
2017-10-06,11:13,18.9
2017-10-06,11:14,18.9
2017-10-06,11:14,0.0
2017-10-06,11:14,18.9
2017-10-06,11:14,3.3
2017-10-06,11:14,18.9
2017-10-06,11:14,18.9
2017-10-06,11:14,0.0
2017-10-06,11:14,18.9
2017-10-06,11:14,18.9
2017-10-06,11:14,0.0
2017-10-06,11:14,3.29
2017-10-06,11:14,18.9
2017-10-06,11:14,3.24
2017-10-06,11:14,18.9
2017-10-06,11:14,18.9
2017-10-06,11:14,3.3
2017-10-06,11:14,3.3
2017-10-06,11:14,18.9
2017-10-06,11:14,18.9
2017-10-06,11:14,18.9
2017-10-06,11:14,18.9
2017-10-06,11:14,19.0
2017-10-06,11:14,18.9
2017-10-06,11:14,3.29
2017-10-06,11:14,19.0
2017-10-06,11:14,3.26
2017-10-06,11:14,18.9
2017-10-06,11:14,18.9
2017-10-06,11:14,3.34
2017-10-06,11:14,0.0
2017-10-06,11:14,18.9
2017-10-06,11:14,18.9
2017-10-06,11:14,0.0
2017-10-06,11:14,18.9
2017-10-06,11:15,18.9
2017-10-06,11:15,3.3
2017-10-06,11:15,18.9
2017-10-06,11:15,18.9
2017-10-06,11:15,0.0
2017-10-06,11:15,18.9
2017-10-06,11:15,18.9
2017-10-06,11:15,18.9
2017-10-06,11:15,0.0
2017-10-06,11:15,0.0
2017-10-06,11:15,18.9
2017-10-06,11:15,18.9
2017-10-06,11:15,0.0
2017-10-06,11:15,18.9
2017-10-06,11:15,0.0
2017-10-06,11:15,0.0
2017-10-06,11:15,0.0
2017-10-06,11:15,18.9
2017-10-06,11:15,0.0
2017-10-06,11:15,3.28
2017-10-06,11:15,0.0
2017-10-06,11:15,18.9
2017-10-06,11:15,3.28
2017-10-06,11:15,18.9
2017-10-06,11:15,18.9
2017-10-06,11:15,3.31
2017-10-06,11:15,3.6
2017-10-06,11:15,18.9
2017-10-06,11:15,18.9
2017-10-06,11:15,18.9
2017-10-06,11:15,18.9
2017-10-06,11:15,18.9
2017-10-06,11:15,18.9
2017-10-06,11:16,18.9
2017-10-06,11:16,18.9
2017-10-06,11:16,18.9
2017-10-06,11:16,3.31
2017-10-06,11:16,18.9
2017-10-06,11:16,3.35
2017-10-06,11:16,3.33
2017-10-06,11:16,18.9
2017-10-06,11:16,0.0
2017-10-06,11:16,18.9
2017-10-06,11:16,18.9
2017-10-06,11:16,0.0
2017-10-06,11:16,0.0
2017-10-06,11:16,18.9
2017-10-06,11:16,3.25
2017-10-06,11:16,18.9
2017-10-06,11:16,18.9
2017-10-06,11:16,3.26
2017-10-06,11:16,0.0
2017-10-06,11:16,18.9
2017-10-06,11:16,19.0
2017-10-06,11:16,18.9
2017-10-06,11:16,19.0
2017-10-06,11:16,18.9
2017-10-06,11:16,18.9
2017-10-06,11:16,0.0
2017-10-06,11:16,0.0
2017-10-06,11:16,18.9
2017-10-06,11:16,18.9
2017-10-06,11:16,0.0
2017-10-06,11:16,3.57
2017-10-06,11:16,18.9
2017-10-06,11:17,3.32
2017-10-06,11:17,18.9
2017-10-06,11:17,18.9
2017-10-06,11:17,3.33
2017-10-06,11:17,3.32
2017-10-06,11:17,18.9
2017-10-06,11:17,18.9
2017-10-06,11:17,18.9
2017-10-06,11:17,18.9
2017-10-06,11:17,18.9
2017-10-06,11:17,18.9
2017-10-06,11:17,18.9
2017-10-06,11:17,18.9
2017-10-06,11:17,18.9
2017-10-06,11:17,3.62
2017-10-06,11:17,18.9
2017-10-06,11:17,0.0
2017-10-06,11:17,0.0
2017-10-06,11:17,18.9
2017-10-06,11:17,18.9
2017-10-06,11:17,3.31
2017-10-06,11:17,18.9
2017-10-06,11:17,18.9
2017-10-06,11:17,0.0
2017-10-06,11:17,18.9
2017-10-06,11:17,18.9
2017-10-06,11:17,18.9
2017-10-06,11:17,3.3
2017-10-06,11:17,18.9
2017-10-06,11:17,18.9
2017-10-06,11:17,0.0
2017-10-06,11:17,18.9
2017-10-06,11:17,3.31
2017-10-06,11:17,0.0
2017-10-06,11:18,18.9
2017-10-06,11:18,18.9
2017-10-06,11:18,18.9
2017-10-06,11:18,18.9
2017-10-06,11:18,18.9
2017-10-06,11:18,18.9
2017-10-06,11:18,18.9
2017-10-06,11:18,18.9
2017-10-06,11:18,18.9
2017-10-06,11:18,18.9
2017-10-06,11:18,18.9
2017-10-06,11:18,0.0
2017-10-06,11:18,18.9
2017-10-06,11:18,18.9
2017-10-06,11:18,3.3
2017-10-06,11:18,18.9
2017-10-06,11:18,18.9
2017-10-06,11:18,18.9
2017-10-06,11:18,18.9
2017-10-06,11:18,18.9
2017-10-06,11:18,0.0
2017-10-06,11:18,18.9
2017-10-06,11:18,18.9
2017-10-06,11:18,0.0
2017-10-06,11:18,18.9
2017-10-06,11:18,0.0
2017-10-06,11:18,3.26
2017-10-06,11:18,18.9
2017-10-06,11:18,0.0
2017-10-06,11:18,0.0
2017-10-06,11:18,18.9
2017-10-06,11:18,0.0
2017-10-06,11:18,0.0
2017-10-06,11:19,18.9
2017-10-06,11:19,3.32
2017-10-06,11:19,3.27
2017-10-06,11:19,18.9
2017-10-06,11:19,0.0
2017-10-06,11:19,18.9
2017-10-06,11:19,18.9
2017-10-06,11:19,3.29
2017-10-06,11:19,18.9
2017-10-06,11:19,18.9
2017-10-06,11:19,0.0
2017-10-06,11:19,18.9
2017-10-06,11:19,18.9
2017-10-06,11:19,18.9
2017-10-06,11:19,0.0
2017-10-06,11:19,18.9
2017-10-06,11:19,18.9
2017-10-06,11:19,0.0
2017-10-06,11:19,18.9
2017-10-06,11:19,18.9
2017-10-06,11:19,3.34
2017-10-06,11:19,18.9
2017-10-06,11:19,18.9
2017-10-06,11:19,0.0
2017-10-06,11:19,18.9
2017-10-06,11:19,18.9
2017-10-06,11:19,3.29
2017-10-06,11:19,18.9
2017-10-06,11:19,18.9
2017-10-06,11:19,0.0
2017-10-06,11:19,18.9
2017-10-06,11:19,18.9
2017-10-06,11:19,0.0
2017-10-06,11:20,18.9
2017-10-06,11:20,18.9
2017-10-06,11:20,0.0
2017-10-06,11:20,0.0
2017-10-06,11:20,0.0
2017-10-06,11:20,0.0
2017-10-06,11:20,0.0
2017-10-06,11:20,0.0
2017-10-06,11:20,3.26
2017-10-06,11:20,3.24
2017-10-06,11:20,18.9
2017-10-06,11:20,1.0
2017-10-06,11:20,3.25
2017-10-06,11:20,3.31
2017-10-06,11:20,18.8
2017-10-06,11:20,3.35
2017-10-06,11:20,18.8
2017-10-06,11:20,18.8
2017-10-06,11:20,3.33
2017-10-06,11:20,18.8
2017-10-06,11:20,18.9
2017-10-06,11:20,18.9
2017-10-06,11:20,0.0
2017-10-06,11:20,18.9
2017-10-06,11:20,18.9
2017-10-06,11:20,0.0
2017-10-06,11:20,18.9
2017-10-06,11:20,18.9
2017-10-06,11:20,0.0
2017-10-06,11:20,18.9
2017-10-06,11:20,18.9
2017-10-06,11:20,3.32
2017-10-06,11:20,18.9
2017-10-06,11:21,18.9
2017-10-06,11:21,0.0
2017-10-06,11:21,0.0
2017-10-06,11:21,18.9
2017-10-06,11:21,3.33
2017-10-06,11:21,18.9
2017-10-06,11:21,18.9
2017-10-06,11:21,0.0
2017-10-06,11:21,18.8
2017-10-06,11:21,0.0
2017-10-06,11:21,0.0
2017-10-06,11:21,18.9
2017-10-06,11:21,0.0
2017-10-06,11:21,0.0
2017-10-06,11:21,18.9
2017-10-06,11:21,0.0
2017-10-06,11:21,18.9
2017-10-06,11:21,3.59
2017-10-06,11:21,18.9
2017-10-06,11:21,18.9
2017-10-06,11:21,0.0
2017-10-06,11:21,18.9
2017-10-06,11:21,18.9
2017-10-06,11:21,0.0
2017-10-06,11:21,0.0
2017-10-06,11:21,18.9
2017-10-06,11:21,0.0
2017-10-06,11:21,18.9
2017-10-06,11:21,18.9
2017-10-06,11:21,3.33
2017-10-06,11:21,18.9
2017-10-06,11:21,3.27
2017-10-06,11:21,0.0
2017-10-06,11:21,18.9
2017-10-06,11:22,3.28
2017-10-06,11:22,18.9
2017-10-06,11:22,3.32
2017-10-06,11:22,18.9
2017-10-06,11:22,18.9
2017-10-06,11:22,0.0
2017-10-06,11:22,18.9
2017-10-06,11:22,18.9
2017-10-06,11:22,3.29
2017-10-06,11:22,18.9
2017-10-06,11:22,18.9
2017-10-06,11:22,0.0
2017-10-06,11:22,18.9
2017-10-06,11:22,3.33
2017-10-06,11:22,18.9
2017-10-06,11:22,18.9
2017-10-06,11:22,0.0
2017-10-06,11:22,18.9
2017-10-06,11:22,18.9
2017-10-06,11:22,0.0
2017-10-06,11:22,18.9
2017-10-06,11:22,0.0
2017-10-06,11:22,3.36
2017-10-06,11:22,18.9
2017-10-06,11:22,3.61
2017-10-06,11:22,3.32
2017-10-06,11:22,18.9
2017-10-06,11:22,0.0
2017-10-06,11:22,18.9
2017-10-06,11:22,18.9
2017-10-06,11:22,3.29
2017-10-06,11:22,18.9
2017-10-06,11:23,18.9
2017-10-06,11:23,0.0
2017-10-06,11:23,18.9
2017-10-06,11:23,18.9
2017-10-06,11:23,18.9
2017-10-06,11:23,0.0
2017-10-06,11:23,18.9
2017-10-06,11:23,18.9
2017-10-06,11:23,3.32
2017-10-06,11:23,18.9
2017-10-06,11:23,18.9
2017-10-06,11:23,0.0
2017-10-06,11:23,18.9
2017-10-06,11:23,18.9
2017-10-06,11:23,3.3
2017-10-06,11:23,18.9
2017-10-06,11:23,18.9
2017-10-06,11:23,0.0
2017-10-06,11:23,18.9
2017-10-06,11:23,18.9
2017-10-06,11:23,3.56
2017-10-06,11:23,3.21
2017-10-06,11:23,18.9
2017-10-06,11:23,0.0
2017-10-06,11:23,0.0
2017-10-06,11:23,18.9
2017-10-06,11:23,0.0
2017-10-06,11:23,18.9
2017-10-06,11:23,18.9
2017-10-06,11:23,3.27
2017-10-06,11:23,3.24
2017-10-06,11:23,0.0
2017-10-06,11:23,18.9
2017-10-06,11:23,18.9
2017-10-06,11:24,18.9
2017-10-06,11:24,3.26
2017-10-06,11:24,18.9
2017-10-06,11:24,18.9
2017-10-06,11:24,0.0
2017-10-06,11:24,18.9
2017-10-06,11:24,18.9
2017-10-06,11:24,18.9
2017-10-06,11:24,3.22
2017-10-06,11:24,18.9
2017-10-06,11:24,0.0
2017-10-06,11:24,18.9
2017-10-06,11:24,18.9
2017-10-06,11:24,18.9
2017-10-06,11:24,3.34
2017-10-06,11:24,0.0
2017-10-06,11:24,18.9
2017-10-06,11:24,18.9
2017-10-06,11:24,18.9
2017-10-06,11:24,3.25
2017-10-06,11:24,0.0
2017-10-06,11:24,3.25
2017-10-06,11:24,18.9
2017-10-06,11:24,18.9
2017-10-06,11:24,0.0
2017-10-06,11:24,18.9
2017-10-06,11:24,3.55
2017-10-06,11:24,3.24
2017-10-06,11:24,18.8
2017-10-06,11:24,0.0
2017-10-06,11:24,3.28
2017-10-06,11:24,18.9
2017-10-06,11:25,3.27
2017-10-06,11:25,3.26
2017-10-06,11:25,18.9
2017-10-06,11:25,0.0
2017-10-06,11:25,18.9
2017-10-06,11:25,18.9
2017-10-06,11:25,0.0
2017-10-06,11:25,18.9
2017-10-06,11:25,18.9
2017-10-06,11:25,18.9
2017-10-06,11:25,0.0
2017-10-06,11:25,18.9
2017-10-06,11:25,18.9
2017-10-06,11:25,0.0
2017-10-06,11:25,18.8
2017-10-06,11:25,18.8
2017-10-06,11:25,0.0
2017-10-06,11:25,3.23
2017-10-06,11:25,18.9
2017-10-06,11:25,3.29
2017-10-06,11:25,18.9
2017-10-06,11:25,18.9
2017-10-06,11:25,0.0
2017-10-06,11:25,18.9
2017-10-06,11:25,18.8
2017-10-06,11:25,3.29
2017-10-06,11:25,18.8
2017-10-06,11:25,0.0
2017-10-06,11:25,0.0
2017-10-06,11:25,18.9
2017-10-06,11:25,3.22
2017-10-06,11:25,18.9
2017-10-06,11:25,0.0
2017-10-06,11:26,18.9
2017-10-06,11:26,18.8
2017-10-06,11:26,0.0
2017-10-06,11:26,18.8
2017-10-06,11:26,18.8
2017-10-06,11:26,0.0
2017-10-06,11:26,18.9
2017-10-06,11:26,18.8
2017-10-06,11:26,0.0
2017-10-06,11:26,18.9
2017-10-06,11:26,18.9
2017-10-06,11:26,3.24
2017-10-06,11:26,18.8
2017-10-06,11:26,3.28
2017-10-06,11:26,18.8
2017-10-06,11:26,18.8
2017-10-06,11:26,3.33
2017-10-06,11:26,3.35
2017-10-06,11:26,18.9
2017-10-06,11:26,3.29
2017-10-06,11:26,0.0
2017-10-06,11:26,18.9
2017-10-06,11:26,18.8
2017-10-06,11:26,18.9
2017-10-06,11:26,3.4
2017-10-06,11:26,18.9
2017-10-06,11:26,18.8
2017-10-06,11:26,0.0
2017-10-06,11:26,18.9
2017-10-06,11:26,18.9
2017-10-06,11:26,0.0
2017-10-06,11:26,18.9
2017-10-06,11:26,18.9
2017-10-06,11:27,18.9
2017-10-06,11:27,18.8
2017-10-06,11:27,18.9
2017-10-06,11:27,0.0
2017-10-06,11:27,18.9
2017-10-06,11:27,18.8
2017-10-06,11:27,0.0
2017-10-06,11:27,18.9
2017-10-06,11:27,18.9
2017-10-06,11:27,0.0
2017-10-06,11:27,18.9
2017-10-06,11:27,18.8
2017-10-06,11:27,3.35
2017-10-06,11:27,18.9
2017-10-06,11:27,18.9
2017-10-06,11:27,0.0
2017-10-06,11:27,18.9
2017-10-06,11:27,0.0
2017-10-06,11:27,0.0
2017-10-06,11:27,18.9
2017-10-06,11:27,3.27
2017-10-06,11:27,0.0
2017-10-06,11:27,18.9
2017-10-06,11:27,0.0
2017-10-06,11:27,3.25
2017-10-06,11:27,18.9
2017-10-06,11:27,18.9
2017-10-06,11:27,18.8
2017-10-06,11:27,18.8
2017-10-06,11:27,3.26
2017-10-06,11:27,18.9
2017-10-06,11:27,0.0
2017-10-06,11:27,18.9
2017-10-06,11:28,18.8
2017-10-06,11:28,18.8
2017-10-06,11:28,0.0
2017-10-06,11:28,18.9
2017-10-06,11:28,18.9
2017-10-06,11:28,0.0
2017-10-06,11:28,18.9
2017-10-06,11:28,18.9
2017-10-06,11:28,1.0
2017-10-06,11:28,18.9
2017-10-06,11:28,18.9
2017-10-06,11:28,0.0
2017-10-06,11:28,18.8
2017-10-06,11:28,18.8
2017-10-06,11:28,0.0
2017-10-06,11:28,3.22
2017-10-06,11:28,18.9
2017-10-06,11:28,18.9
2017-10-06,11:28,3.24
2017-10-06,11:28,18.9
2017-10-06,11:28,0.0
2017-10-06,11:28,3.29
2017-10-06,11:28,18.9
2017-10-06,11:28,0.0
2017-10-06,11:28,18.9
2017-10-06,11:28,0.0
2017-10-06,11:28,3.24
2017-10-06,11:28,18.9
2017-10-06,11:28,0.0
2017-10-06,11:28,18.8
2017-10-06,11:28,18.9
2017-10-06,11:28,0.0
2017-10-06,11:29,3.28
2017-10-06,11:29,18.9
2017-10-06,11:29,0.0
2017-10-06,11:29,0.0
2017-10-06,11:29,18.9
2017-10-06,11:29,18.8
2017-10-06,11:29,0.0
2017-10-06,11:29,18.9
2017-10-06,11:29,18.9
2017-10-06,11:29,0.0
2017-10-06,11:29,18.9
2017-10-06,11:29,18.9
2017-10-06,11:29,18.9
2017-10-06,11:29,3.28
2017-10-06,11:29,18.9
2017-10-06,11:29,0.0
2017-10-06,11:29,18.9
2017-10-06,11:29,18.9
2017-10-06,11:29,18.8
2017-10-06,11:29,3.59
2017-10-06,11:29,18.8
2017-10-06,11:29,18.9
2017-10-06,11:29,0.0
2017-10-06,11:29,18.9
2017-10-06,11:29,18.9
2017-10-06,11:29,18.9
2017-10-06,11:29,3.65
2017-10-06,11:29,18.8
2017-10-06,11:29,18.8
2017-10-06,11:29,0.0
2017-10-06,11:29,18.9
2017-10-06,11:29,18.9
2017-10-06,11:29,18.9
2017-10-06,11:30,3.29
2017-10-06,11:30,18.9
2017-10-06,11:30,3.26
2017-10-06,11:30,18.8
2017-10-06,11:30,18.8
2017-10-06,11:30,0.0
2017-10-06,11:30,18.9
2017-10-06,11:30,18.9
2017-10-06,11:30,3.27
2017-10-06,11:30,18.8
2017-10-06,11:30,0.0
2017-10-06,11:30,18.9
2017-10-06,11:30,18.8
2017-10-06,11:30,3.24
2017-10-06,11:30,0.0
2017-10-06,11:30,18.9
2017-10-06,11:30,18.9
2017-10-06,11:30,3.28
2017-10-06,11:30,18.9
2017-10-06,11:30,18.8
2017-10-06,11:30,0.0
2017-10-06,11:30,18.8
2017-10-06,11:30,18.9
2017-10-06,11:30,18.9
2017-10-06,11:30,0.0
2017-10-06,11:30,18.8
2017-10-06,11:30,18.8
2017-10-06,11:30,18.8
2017-10-06,11:30,18.8
2017-10-06,11:30,18.8
2017-10-06,11:30,3.33
2017-10-06,11:30,18.9
2017-10-06,11:30,18.9
2017-10-06,11:31,0.0
2017-10-06,11:31,18.8
2017-10-06,11:31,18.8
2017-10-06,11:31,3.3
2017-10-06,11:31,3.3
2017-10-06,11:31,18.8
2017-10-06,11:31,0.0
2017-10-06,11:31,18.8
2017-10-06,11:31,18.9
2017-10-06,11:31,3.25
2017-10-06,11:31,18.9
2017-10-06,11:31,0.0
2017-10-06,11:31,0.0
2017-10-06,11:31,18.8
2017-10-06,11:31,0.0
2017-10-06,11:31,3.25
2017-10-06,11:31,18.9
2017-10-06,11:31,0.0
2017-10-06,11:31,0.0
2017-10-06,11:31,18.9
2017-10-06,11:31,0.0
2017-10-06,11:31,18.8
2017-10-06,11:31,3.24
2017-10-06,11:31,18.9
2017-10-06,11:31,18.8
2017-10-06,11:31,0.0
2017-10-06,11:31,3.24
2017-10-06,11:31,18.8
2017-10-06,11:31,0.0
2017-10-06,11:31,18.8
2017-10-06,11:31,18.9
2017-10-06,11:31,0.0
2017-10-06,11:31,18.9
2017-10-06,11:32,18.8
2017-10-06,11:32,18.8
2017-10-06,11:32,0.0
2017-10-06,11:32,18.9
2017-10-06,11:32,18.9
2017-10-06,11:32,0.0
2017-10-06,11:32,18.8
2017-10-06,11:32,18.8
2017-10-06,11:32,0.0
2017-10-06,11:32,18.9
2017-10-06,11:32,18.9
2017-10-06,11:32,0.0
2017-10-06,11:32,18.8
2017-10-06,11:32,18.8
2017-10-06,11:32,3.27
2017-10-06,11:32,18.8
2017-10-06,11:32,18.8
2017-10-06,11:32,3.31
2017-10-06,11:32,18.8
2017-10-06,11:32,18.8
2017-10-06,11:32,0.0
2017-10-06,11:32,0.0
2017-10-06,11:32,18.9
2017-10-06,11:32,3.31
2017-10-06,11:32,18.8
2017-10-06,11:32,18.8
2017-10-06,11:32,0.0
2017-10-06,11:32,18.8
2017-10-06,11:32,18.8
2017-10-06,11:32,3.25
2017-10-06,11:32,18.9
2017-10-06,11:32,18.8
2017-10-06,11:32,18.8
2017-10-06,11:32,3.3
2017-10-06,11:33,3.28
2017-10-06,11:33,18.9
2017-10-06,11:33,3.24
2017-10-06,11:33,3.27
2017-10-06,11:33,18.8
2017-10-06,11:33,0.0
2017-10-06,11:33,18.8
2017-10-06,11:33,18.8
2017-10-06,11:33,0.0
2017-10-06,11:33,18.8
2017-10-06,11:33,18.8
2017-10-06,11:33,0.0
2017-10-06,11:33,18.8
2017-10-06,11:33,18.8
2017-10-06,11:33,18.8
2017-10-06,11:33,4.51
2017-10-06,11:33,18.9
2017-10-06,11:33,0.0
2017-10-06,11:33,18.8
2017-10-06,11:33,18.8
2017-10-06,11:33,18.9
2017-10-06,11:33,4.48
2017-10-06,11:33,18.9
2017-10-06,11:33,18.9
2017-10-06,11:33,0.0
2017-10-06,11:33,18.9
2017-10-06,11:33,18.9
2017-10-06,11:33,4.51
2017-10-06,11:33,18.9
2017-10-06,11:33,18.9
2017-10-06,11:33,0.0
2017-10-06,11:34,0.0
2017-10-06,11:34,18.8
2017-10-06,11:34,4.52
2017-10-06,11:34,4.46
2017-10-06,11:34,18.9
2017-10-06,11:34,0.0
2017-10-06,11:34,18.9
2017-10-06,11:34,0.0
2017-10-06,11:34,4.5
2017-10-06,11:34,18.9
2017-10-06,11:34,0.0
2017-10-06,11:34,0.0
2017-10-06,11:34,18.9
2017-10-06,11:34,0.0
2017-10-06,11:34,4.47
2017-10-06,11:34,18.8
2017-10-06,11:34,0.0
2017-10-06,11:34,0.0
2017-10-06,11:34,18.8
2017-10-06,11:34,0.0
2017-10-06,11:34,4.47
2017-10-06,11:34,18.9
2017-10-06,11:34,18.9
2017-10-06,11:34,0.0
2017-10-06,11:34,18.8
2017-10-06,11:34,18.8
2017-10-06,11:34,0.0
2017-10-06,11:34,18.9
2017-10-06,11:34,18.9
2017-10-06,11:34,18.9
2017-10-06,11:34,18.9
2017-10-06,11:34,18.9
2017-10-06,11:34,18.9
2017-10-06,11:34,18.9
2017-10-06,11:34,0.0
2017-10-06,11:35,18.8
2017-10-06,11:35,18.8
2017-10-06,11:35,4.51
2017-10-06,11:35,18.9
2017-10-06,11:35,18.9
2017-10-06,11:35,4.48
2017-10-06,11:35,18.8
2017-10-06,11:35,0.0
2017-10-06,11:35,18.8
2017-10-06,11:35,18.9
2017-10-06,11:35,0.0
2017-10-06,11:35,4.48
2017-10-06,11:35,0.0
2017-10-06,11:35,0.0
2017-10-06,11:35,18.9
2017-10-06,11:35,0.0
2017-10-06,11:35,0.0
2017-10-06,11:35,4.49
2017-10-06,11:35,0.0
2017-10-06,11:35,0.0
2017-10-06,11:35,0.0
2017-10-06,11:35,4.48
2017-10-06,11:35,4.45
2017-10-06,11:35,18.9
2017-10-06,11:35,4.47
2017-10-06,11:35,4.53
2017-10-06,11:35,0.0
2017-10-06,11:35,18.8
2017-10-06,11:35,18.8
2017-10-06,11:35,18.8
2017-10-06,11:35,18.8
2017-10-06,11:35,18.8
2017-10-06,11:35,0.0
2017-10-06,11:36,18.8
2017-10-06,11:36,18.8
2017-10-06,11:36,4.47
2017-10-06,11:36,18.8
2017-10-06,11:36,18.8
2017-10-06,11:36,18.8
2017-10-06,11:36,0.0
2017-10-06,11:36,18.8
2017-10-06,11:36,4.5
2017-10-06,11:36,18.8
2017-10-06,11:36,18.8
2017-10-06,11:36,4.53
2017-10-06,11:36,18.8
2017-10-06,11:36,4.47
2017-10-06,11:36,4.52
2017-10-06,11:36,0.0
2017-10-06,11:36,18.8
2017-10-06,11:36,18.8
2017-10-06,11:36,18.7
2017-10-06,11:36,4.78
2017-10-06,11:36,18.8
2017-10-06,11:36,0.0
2017-10-06,11:36,18.8
2017-10-06,11:36,18.8
2017-10-06,11:36,0.0
2017-10-06,11:36,0.0
2017-10-06,11:36,18.8
2017-10-06,11:36,18.8
2017-10-06,11:36,4.54
2017-10-06,11:36,18.8
2017-10-06,11:36,0.0
2017-10-06,11:36,4.47
2017-10-06,11:36,18.8
2017-10-06,11:37,18.8
2017-10-06,11:37,18.8
2017-10-06,11:37,18.7
2017-10-06,11:37,18.8
2017-10-06,11:37,18.8
2017-10-06,11:37,0.0
2017-10-06,11:37,4.79
2017-10-06,11:37,18.8
2017-10-06,11:37,4.74
2017-10-06,11:37,4.67
2017-10-06,11:37,18.7
2017-10-06,11:37,4.72
2017-10-06,11:37,18.8
2017-10-06,11:37,18.8
2017-10-06,11:37,0.0
2017-10-06,11:37,18.8
2017-10-06,11:37,18.8
2017-10-06,11:37,0.0
2017-10-06,11:37,18.8
2017-10-06,11:37,18.8
2017-10-06,11:37,18.8
2017-10-06,11:37,0.0
2017-10-06,11:37,18.8
2017-10-06,11:37,18.8
2017-10-06,11:37,5.08
2017-10-06,11:37,18.8
2017-10-06,11:37,18.8
2017-10-06,11:37,0.0
2017-10-06,11:37,18.8
2017-10-06,11:37,18.8
2017-10-06,11:37,0.0
2017-10-06,11:37,18.8
2017-10-06,11:37,18.8
2017-10-06,11:38,0.0
2017-10-06,11:38,18.8
2017-10-06,11:38,18.8
2017-10-06,11:38,0.0
2017-10-06,11:38,18.8
2017-10-06,11:38,18.8
2017-10-06,11:38,0.0
2017-10-06,11:38,18.8
2017-10-06,11:38,0.0
2017-10-06,11:38,0.0
2017-10-06,11:38,18.8
2017-10-06,11:38,4.72
2017-10-06,11:38,18.8
2017-10-06,11:38,4.71
2017-10-06,11:38,0.0
2017-10-06,11:38,18.8
2017-10-06,11:38,0.0
2017-10-06,11:38,4.8
2017-10-06,11:38,18.8
2017-10-06,11:38,0.0
2017-10-06,11:38,4.72
2017-10-06,11:38,18.8
2017-10-06,11:38,0.0
2017-10-06,11:38,18.8
2017-10-06,11:38,18.8
2017-10-06,11:38,18.8
2017-10-06,11:38,0.0
2017-10-06,11:38,18.9
2017-10-06,11:38,18.9
2017-10-06,11:38,0.0
2017-10-06,11:38,18.8
2017-10-06,11:38,18.8
2017-10-06,11:38,4.74
2017-10-06,11:39,18.9
2017-10-06,11:39,18.9
2017-10-06,11:39,0.0
2017-10-06,11:39,18.8
2017-10-06,11:39,18.8
2017-10-06,11:39,4.8
2017-10-06,11:39,18.8
2017-10-06,11:39,18.8
2017-10-06,11:39,0.0
2017-10-06,11:39,18.9
2017-10-06,11:39,18.9
2017-10-06,11:39,4.77
2017-10-06,11:39,18.9
2017-10-06,11:39,18.9
2017-10-06,11:39,4.73
2017-10-06,11:39,4.64
2017-10-06,11:39,18.8
2017-10-06,11:39,0.0
2017-10-06,11:39,4.67
2017-10-06,11:39,18.8
2017-10-06,11:39,18.9
2017-10-06,11:39,0.0
2017-10-06,11:39,18.8
2017-10-06,11:39,18.8
2017-10-06,11:39,4.74
2017-10-06,11:39,18.9
2017-10-06,11:39,18.8
2017-10-06,11:39,0.0
2017-10-06,11:39,4.9
2017-10-06,11:39,18.8
2017-10-06,11:39,0.0
2017-10-06,11:39,18.8
2017-10-06,11:39,18.8
2017-10-06,11:40,0.0
2017-10-06,11:40,18.9
2017-10-06,11:40,18.9
2017-10-06,11:40,0.0
2017-10-06,11:40,18.9
2017-10-06,11:40,18.9
2017-10-06,11:40,18.9
2017-10-06,11:40,18.9
2017-10-06,11:40,18.9
2017-10-06,11:40,18.9
2017-10-06,11:40,18.9
2017-10-06,11:40,18.8
2017-10-06,11:40,18.8
2017-10-06,11:40,4.77
2017-10-06,11:40,18.8
2017-10-06,11:40,18.9
2017-10-06,11:40,4.68
2017-10-06,11:40,18.9
2017-10-06,11:40,18.8
2017-10-06,11:40,4.7
2017-10-06,11:40,0.0
2017-10-06,11:40,18.8
2017-10-06,11:40,18.8
2017-10-06,11:40,18.9
2017-10-06,11:40,18.9
2017-10-06,11:40,18.9
2017-10-06,11:40,18.8
2017-10-06,11:40,18.8
2017-10-06,11:40,18.8
2017-10-06,11:40,0.0
2017-10-06,11:40,0.0
2017-10-06,11:40,18.8
2017-10-06,11:40,0.0
2017-10-06,11:41,0.0
2017-10-06,11:41,18.8
2017-10-06,11:41,0.0
2017-10-06,11:41,0.0
2017-10-06,11:41,18.8
2017-10-06,11:41,0.0
2017-10-06,11:41,18.8
2017-10-06,11:41,18.8
2017-10-06,11:41,0.0
2017-10-06,11:41,18.9
2017-10-06,11:41,18.9
2017-10-06,11:41,18.9
2017-10-06,11:41,4.7
2017-10-06,11:41,18.8
2017-10-06,11:41,18.9
2017-10-06,11:41,0.0
2017-10-06,11:41,4.65
2017-10-06,11:41,18.8
2017-10-06,11:41,4.78
2017-10-06,11:41,4.68
2017-10-06,11:41,18.8
2017-10-06,11:41,0.0
2017-10-06,11:41,4.7
2017-10-06,11:41,18.9
2017-10-06,11:41,0.0
2017-10-06,11:41,4.65
2017-10-06,11:41,18.8
2017-10-06,11:41,0.0
2017-10-06,11:41,18.8
2017-10-06,11:41,18.8
2017-10-06,11:41,18.9
2017-10-06,11:41,4.79
2017-10-06,11:41,18.9
2017-10-06,11:42,18.9
2017-10-06,11:42,0.0
2017-10-06,11:42,18.9
2017-10-06,11:42,18.9
2017-10-06,11:42,0.0
2017-10-06,11:42,18.8
2017-10-06,11:42,18.8
2017-10-06,11:42,0.0
2017-10-06,11:42,18.8
2017-10-06,11:42,18.8
2017-10-06,11:42,18.8
2017-10-06,11:42,18.8
2017-10-06,11:42,18.8
2017-10-06,11:42,18.8
2017-10-06,11:42,18.8
2017-10-06,11:42,18.8
2017-10-06,11:42,18.9
2017-10-06,11:42,18.9
2017-10-06,11:42,18.9
2017-10-06,11:42,18.8
2017-10-06,11:42,0.0
2017-10-06,11:42,18.8
2017-10-06,11:42,18.9
2017-10-06,11:42,0.0
2017-10-06,11:42,0.0
2017-10-06,11:42,0.0
2017-10-06,11:42,0.0
2017-10-06,11:42,18.9
2017-10-06,11:42,0.0
2017-10-06,11:42,0.0
2017-10-06,11:42,18.9
2017-10-06,11:42,0.0
2017-10-06,11:42,18.8
2017-10-06,11:43,18.8
2017-10-06,11:43,0.0
2017-10-06,11:43,18.9
2017-10-06,11:43,18.8
2017-10-06,11:43,0.0
2017-10-06,11:43,18.8
2017-10-06,11:43,4.75
2017-10-06,11:43,0.0
2017-10-06,11:43,18.8
2017-10-06,11:43,18.8
2017-10-06,11:43,0.0
2017-10-06,11:43,18.9
2017-10-06,11:43,18.8
2017-10-06,11:43,0.0
2017-10-06,11:43,18.9
2017-10-06,11:43,0.0
2017-10-06,11:43,18.9
2017-10-06,11:43,18.8
2017-10-06,11:43,4.69
2017-10-06,11:43,18.8
2017-10-06,11:43,18.8
2017-10-06,11:43,18.8
2017-10-06,11:43,0.0
2017-10-06,11:43,18.8
2017-10-06,11:43,18.8
2017-10-06,11:43,0.0
2017-10-06,11:43,18.8
2017-10-06,11:43,18.8
2017-10-06,11:43,0.0
2017-10-06,11:43,18.8
2017-10-06,11:43,18.8
2017-10-06,11:43,18.8
2017-10-06,11:43,18.8
2017-10-06,11:44,18.8
2017-10-06,11:44,18.8
2017-10-06,11:44,18.8
2017-10-06,11:44,18.8
2017-10-06,11:44,18.8
2017-10-06,11:44,18.8
2017-10-06,11:44,18.8
2017-10-06,11:44,18.8
2017-10-06,11:44,18.8
2017-10-06,11:44,0.0
2017-10-06,11:44,4.68
2017-10-06,11:44,0.0
2017-10-06,11:44,18.8
2017-10-06,11:44,0.0
2017-10-06,11:44,4.61
2017-10-06,11:44,4.71
2017-10-06,11:44,0.0
2017-10-06,11:44,0.0
2017-10-06,11:44,4.68
2017-10-06,11:44,4.64
2017-10-06,11:44,4.64
2017-10-06,11:44,18.8
2017-10-06,11:44,4.68
2017-10-06,11:44,4.65
2017-10-06,11:44,18.8
2017-10-06,11:44,18.8
2017-10-06,11:44,18.8
2017-10-06,11:44,18.8
2017-10-06,11:44,18.8
2017-10-06,11:44,18.8
2017-10-06,11:44,18.8
2017-10-06,11:44,18.8
2017-10-06,11:44,18.8
2017-10-06,11:44,18.8
2017-10-06,11:45,18.8
2017-10-06,11:45,18.8
2017-10-06,11:45,18.8
2017-10-06,11:45,18.8
2017-10-06,11:45,18.8
2017-10-06,11:45,18.8
2017-10-06,11:45,18.8
2017-10-06,11:45,18.8
2017-10-06,11:45,18.8
2017-10-06,11:45,18.8
2017-10-06,11:45,18.8
2017-10-06,11:45,18.8
2017-10-06,11:45,18.8
2017-10-06,11:45,18.8
2017-10-06,11:45,18.8
2017-10-06,11:45,18.8
2017-10-06,11:45,18.8
2017-10-06,11:45,18.8
2017-10-06,11:45,0.0
2017-10-06,11:45,18.8
2017-10-06,11:45,18.8
2017-10-06,11:45,18.8
2017-10-06,11:45,18.8
2017-10-06,11:45,18.8
2017-10-06,11:45,18.8
2017-10-06,11:45,18.8
2017-10-06,11:45,18.8
2017-10-06,11:45,18.8
2017-10-06,11:45,18.8
2017-10-06,11:45,409.0
2017-10-06,11:45,18.8
2017-10-06,11:45,410.0
2017-10-06,11:46,4.73
2017-10-06,11:46,18.8
2017-10-06,11:46,422.0
2017-10-06,11:46,18.8
2017-10-06,11:46,18.8
2017-10-06,11:46,0.0
2017-10-06,11:46,18.8
2017-10-06,11:46,18.8
2017-10-06,11:46,426.0
2017-10-06,11:46,18.8
2017-10-06,11:46,18.8
2017-10-06,11:46,427.0
2017-10-06,11:46,18.8
2017-10-06,11:46,18.8
2017-10-06,11:46,18.8
2017-10-06,11:46,18.8
2017-10-06,11:46,18.8
2017-10-06,11:46,18.8
2017-10-06,11:46,18.8
2017-10-06,11:46,18.8
2017-10-06,11:46,4.73
2017-10-06,11:46,18.8
2017-10-06,11:46,18.8
2017-10-06,11:46,18.8
2017-10-06,11:46,18.8
2017-10-06,11:46,18.8
2017-10-06,11:46,18.9
2017-10-06,11:46,18.9
2017-10-06,11:46,424.0
2017-10-06,11:46,18.8
2017-10-06,11:46,424.0
2017-10-06,11:46,18.8
2017-10-06,11:47,421.0
2017-10-06,11:47,18.9
2017-10-06,11:47,18.9
2017-10-06,11:47,421.0
2017-10-06,11:47,18.8
2017-10-06,11:47,18.8
2017-10-06,11:47,18.8
2017-10-06,11:47,18.8
2017-10-06,11:47,419.0
2017-10-06,11:47,18.9
2017-10-06,11:47,418.0
2017-10-06,11:47,18.9
2017-10-06,11:47,418.0
2017-10-06,11:47,18.8
2017-10-06,11:47,18.8
2017-10-06,11:47,418.0
2017-10-06,11:47,418.0
2017-10-06,11:47,18.9
2017-10-06,11:47,419.0
2017-10-06,11:47,421.0
2017-10-06,11:47,18.9
2017-10-06,11:47,18.9
2017-10-06,11:47,423.0
2017-10-06,11:47,422.0
2017-10-06,11:47,421.0
2017-10-06,11:47,421.0
2017-10-06,11:47,421.0
2017-10-06,11:47,4.7
2017-10-06,11:47,422.0
2017-10-06,11:47,18.9
2017-10-06,11:47,421.0
2017-10-06,11:47,421.0
2017-10-06,11:47,4.77
2017-10-06,11:47,19.0
2017-10-06,11:48,421.0
2017-10-06,11:48,4.72
2017-10-06,11:48,19.0
2017-10-06,11:48,420.0
2017-10-06,11:48,19.0
2017-10-06,11:48,19.0
2017-10-06,11:48,420.0
2017-10-06,11:48,4.76
2017-10-06,11:48,421.0
2017-10-06,11:48,19.0
2017-10-06,11:48,4.66
2017-10-06,11:48,419.0
2017-10-06,11:48,421.0
2017-10-06,11:48,19.0
2017-10-06,11:48,19.0
2017-10-06,11:48,19.0
2017-10-06,11:48,19.0
2017-10-06,11:48,19.0
2017-10-06,11:48,19.0
2017-10-06,11:48,19.0
2017-10-06,11:48,19.0
2017-10-06,11:48,19.0
2017-10-06,11:48,19.1
2017-10-06,11:48,19.1
2017-10-06,11:48,419.0
2017-10-06,11:48,19.0
2017-10-06,11:48,19.0
2017-10-06,11:48,419.0
2017-10-06,11:48,19.0
2017-10-06,11:48,19.0
2017-10-06,11:48,420.0
2017-10-06,11:48,19.0
2017-10-06,11:48,19.0
2017-10-06,11:49,420.0
2017-10-06,11:49,19.0
2017-10-06,11:49,19.0
2017-10-06,11:49,419.0
2017-10-06,11:49,19.1
2017-10-06,11:49,19.1
2017-10-06,11:49,4.79
2017-10-06,11:49,19.1
2017-10-06,11:49,419.0
2017-10-06,11:49,4.69
2017-10-06,11:49,419.0
2017-10-06,11:49,419.0
2017-10-06,11:49,418.0
2017-10-06,11:49,420.0
2017-10-06,11:49,19.0
2017-10-06,11:49,4.73
2017-10-06,11:49,4.66
2017-10-06,11:49,4.72
2017-10-06,11:49,417.0
2017-10-06,11:49,19.0
2017-10-06,11:49,19.0
2017-10-06,11:49,19.0
2017-10-06,11:49,4.72
2017-10-06,11:49,19.0
2017-10-06,11:49,43.0
2017-10-06,11:49,19.0
2017-10-06,11:49,19.0
2017-10-06,11:49,19.0
2017-10-06,11:49,19.0
2017-10-06,11:49,4.63
2017-10-06,11:49,15.0
2017-10-06,11:49,19.0
2017-10-06,11:49,19.0
2017-10-06,11:50,16.0
2017-10-06,11:50,19.1
2017-10-06,11:50,19.1
2017-10-06,11:50,4.66
2017-10-06,11:50,19.0
2017-10-06,11:50,19.0
2017-10-06,11:50,4.57
2017-10-06,11:50,19.0
2017-10-06,11:50,19.0
2017-10-06,11:50,19.0
2017-10-06,11:50,15.0
2017-10-06,11:50,19.0
2017-10-06,11:50,19.0
2017-10-06,11:50,385.0
2017-10-06,11:50,19.0
2017-10-06,11:50,411.0
2017-10-06,11:50,19.0
2017-10-06,11:50,4.67
2017-10-06,11:50,19.1
2017-10-06,11:50,414.0
2017-10-06,11:50,413.0
2017-10-06,11:50,19.0
2017-10-06,11:50,413.0
2017-10-06,11:50,19.0
2017-10-06,11:50,4.67
2017-10-06,11:50,19.0
2017-10-06,11:50,19.0
2017-10-06,11:50,4.7
2017-10-06,11:50,19.1
2017-10-06,11:50,412.0
2017-10-06,11:50,19.0
2017-10-06,11:50,19.0
2017-10-06,11:50,19.0
2017-10-06,11:51,19.1
2017-10-06,11:51,19.1
2017-10-06,11:51,4.7
2017-10-06,11:51,19.1
2017-10-06,11:51,19.1
2017-10-06,11:51,19.1
2017-10-06,11:51,4.75
2017-10-06,11:51,19.1
2017-10-06,11:51,19.1
2017-10-06,11:51,418.0
2017-10-06,11:51,19.1
2017-10-06,11:51,19.1
2017-10-06,11:51,417.0
2017-10-06,11:51,19.1
2017-10-06,11:51,417.0
2017-10-06,11:51,4.66
2017-10-06,11:51,417.0
2017-10-06,11:51,4.66
2017-10-06,11:51,19.1
2017-10-06,11:51,418.0
2017-10-06,11:51,4.72
2017-10-06,11:51,417.0
2017-10-06,11:51,19.1
2017-10-06,11:51,4.69
2017-10-06,11:51,417.0
2017-10-06,11:51,417.0
2017-10-06,11:51,19.1
2017-10-06,11:51,417.0
2017-10-06,11:51,416.0
2017-10-06,11:51,19.1
2017-10-06,11:51,416.0
2017-10-06,11:51,4.85
2017-10-06,11:51,19.1
2017-10-06,11:51,415.0
2017-10-06,11:52,417.0
2017-10-06,11:52,19.1
2017-10-06,11:52,414.0
2017-10-06,11:52,19.1
2017-10-06,11:52,4.69
2017-10-06,11:52,4.99
2017-10-06,11:52,416.0
2017-10-06,11:52,19.1
2017-10-06,11:52,4.73
2017-10-06,11:52,19.1
2017-10-06,11:52,4.71
2017-10-06,11:52,4.65
2017-10-06,11:52,19.1
2017-10-06,11:52,415.0
2017-10-06,11:52,19.1
2017-10-06,11:52,19.1
2017-10-06,11:52,19.1
2017-10-06,11:52,415.0
2017-10-06,11:52,19.1
2017-10-06,11:52,19.1
2017-10-06,11:52,415.0
2017-10-06,11:52,19.1
2017-10-06,11:52,4.66
2017-10-06,11:52,19.1
2017-10-06,11:52,19.1
2017-10-06,11:52,4.68
2017-10-06,11:52,19.1
2017-10-06,11:52,4.69
2017-10-06,11:52,19.1
2017-10-06,11:52,19.1
2017-10-06,11:52,416.0
2017-10-06,11:52,19.1
2017-10-06,11:53,19.1
2017-10-06,11:53,415.0
2017-10-06,11:53,19.1
2017-10-06,11:53,416.0
2017-10-06,11:53,124.0
2017-10-06,11:53,19.1
2017-10-06,11:53,0.0
2017-10-06,11:53,0.0
2017-10-06,11:53,19.1
2017-10-06,11:53,1.0
2017-10-06,11:53,19.1
2017-10-06,11:53,3.85
2017-10-06,11:53,0.0
2017-10-06,11:53,0.0
2017-10-06,11:53,19.1
2017-10-06,11:53,19.1
2017-10-06,11:53,3.8
2017-10-06,11:53,19.1
2017-10-06,11:53,19.1
2017-10-06,11:53,3.82
2017-10-06,11:53,19.1
2017-10-06,11:53,19.1
2017-10-06,11:53,3.83
2017-10-06,11:53,3.86
2017-10-06,11:53,3.86
2017-10-06,11:53,3.84
2017-10-06,11:53,19.1
2017-10-06,11:53,0.0
2017-10-06,11:53,3.81
2017-10-06,11:53,19.1
2017-10-06,11:53,0.0
2017-10-06,11:53,19.1
2017-10-06,11:53,19.1
2017-10-06,11:53,0.0
2017-10-06,11:54,19.1
2017-10-06,11:54,19.1
2017-10-06,11:54,0.0
2017-10-06,11:54,19.0
2017-10-06,11:54,0.0
2017-10-06,11:54,19.1
2017-10-06,11:54,19.1
2017-10-06,11:54,0.0
2017-10-06,11:54,19.1
2017-10-06,11:54,19.1
2017-10-06,11:54,3.74
2017-10-06,11:54,19.0
2017-10-06,11:54,19.0
2017-10-06,11:54,19.1
2017-10-06,11:54,0.0
2017-10-06,11:54,19.0
2017-10-06,11:54,19.0
2017-10-06,11:54,0.0
2017-10-06,11:54,0.0
2017-10-06,11:54,19.0
2017-10-06,11:54,0.0
2017-10-06,11:54,0.0
2017-10-06,11:54,19.0
2017-10-06,11:54,0.0
2017-10-06,11:54,0.0
2017-10-06,11:54,19.0
2017-10-06,11:54,0.0
2017-10-06,11:54,0.0
2017-10-06,11:54,19.0
2017-10-06,11:54,0.0
2017-10-06,11:54,0.0
2017-10-06,11:54,0.0
2017-10-06,11:54,3.82
2017-10-06,11:54,0.0
2017-10-06,11:55,0.0
2017-10-06,11:55,0.0
2017-10-06,11:55,19.0
2017-10-06,11:55,19.0
2017-10-06,11:55,19.0
2017-10-06,11:55,3.82
2017-10-06,11:55,19.0
2017-10-06,11:55,19.0
2017-10-06,11:55,410.0
2017-10-06,11:55,19.0
2017-10-06,11:55,19.0
2017-10-06,11:55,19.0
2017-10-06,11:55,415.0
2017-10-06,11:55,414.0
2017-10-06,11:55,19.0
2017-10-06,11:55,528.0
2017-10-06,11:55,416.0
2017-10-06,11:55,19.0
2017-10-06,11:55,0.0
2017-10-06,11:55,19.1
2017-10-06,11:55,19.1
2017-10-06,11:55,416.0
2017-10-06,11:55,19.0
2017-10-06,11:55,19.0
2017-10-06,11:55,19.0
2017-10-06,11:55,19.0
2017-10-06,11:55,19.0
2017-10-06,11:55,19.0
2017-10-06,11:55,19.0
2017-10-06,11:55,19.0
2017-10-06,11:55,4.24
2017-10-06,11:55,19.0
2017-10-06,11:56,19.0
2017-10-06,11:56,19.1
2017-10-06,11:56,417.0
2017-10-06,11:56,19.1
2017-10-06,11:56,19.0
2017-10-06,11:56,19.0
2017-10-06,11:56,4.21
2017-10-06,11:56,19.0
2017-10-06,11:56,19.0
2017-10-06,11:56,19.0
2017-10-06,11:56,4.4
2017-10-06,11:56,19.0
2017-10-06,11:56,4.28
2017-10-06,11:56,4.18
2017-10-06,11:56,19.0
2017-10-06,11:56,415.0
2017-10-06,11:56,19.0
2017-10-06,11:56,414.0
2017-10-06,11:56,4.19
2017-10-06,11:56,4.37
2017-10-06,11:56,414.0
2017-10-06,11:56,414.0
2017-10-06,11:56,4.18
2017-10-06,11:56,415.0
2017-10-06,11:56,19.1
2017-10-06,11:56,4.19
2017-10-06,11:56,414.0
2017-10-06,11:56,19.1
2017-10-06,11:56,4.19
2017-10-06,11:56,414.0
2017-10-06,11:56,19.1
2017-10-06,11:56,19.1
2017-10-06,11:57,414.0
2017-10-06,11:57,19.0
2017-10-06,11:57,19.0
2017-10-06,11:57,19.0
2017-10-06,11:57,19.1
2017-10-06,11:57,19.1
