2017-09-24,00:00,0,342,0,20.3,63.7,43,21,40,19,2.045,1.755
2017-09-24,00:00,0,343,0,20.4,63.8,43,21,40,19,2.01,1.72
2017-09-24,00:00,0,341,0,20.4,63.8,43,21,40,19,1.855,1.61
2017-09-24,00:00,0,341,0,20.4,63.8,43,21,41,19,1.87,1.635
2017-09-24,00:00,0,340,0,20.4,64.1,43,21,40,19,1.955,1.595
2017-09-24,00:00,0,342,0,20.3,64.2,43,21,40,19,2.1,1.62
2017-09-24,00:00,0,342,0,20.4,64.2,43,21,40,19,1.82,1.59
2017-09-24,00:00,0,340,0,20.4,64.3,43,21,40,19,1.865,1.78
2017-09-24,00:00,0,340,0,20.4,64.2,43,21,40,20,2.06,1.615
2017-09-24,00:01,0,344,0,20.4,64.3,43,21,40,19,1.83,1.62
2017-09-24,00:01,0,342,0,20.4,64.4,43,21,40,19,1.865,1.595
2017-09-24,00:01,0,344,0,20.3,64.3,43,21,40,19,1.85,1.61
2017-09-24,00:01,0,340,0,20.3,64.2,43,21,40,19,1.845,1.625
2017-09-24,00:01,0,342,0,20.4,64.0,43,21,40,19,1.885,1.64
2017-09-24,00:01,0,339,0,20.4,63.9,43,21,40,19,1.865,1.62
2017-09-24,00:01,0,340,0,20.4,63.9,43,21,41,19,1.835,1.595
2017-09-24,00:01,0,342,0,20.4,63.9,44,21,40,19,1.965,1.85
2017-09-24,00:02,0,335,0,20.3,63.9,43,21,40,19,1.845,1.615
2017-09-24,00:02,0,341,0,20.3,63.8,43,21,40,19,1.87,1.615
2017-09-24,00:02,0,342,0,20.4,63.7,43,21,40,19,1.895,1.64
2017-09-24,00:02,0,341,0,20.3,63.7,43,20,40,19,1.845,1.655
2017-09-24,00:02,0,341,0,20.3,63.9,43,21,40,19,1.995,1.635
2017-09-24,00:02,0,343,0,20.3,63.9,43,21,40,19,1.85,1.605
2017-09-24,00:02,0,344,0,20.3,63.9,43,21,40,19,1.85,1.625
2017-09-24,00:02,0,337,0,20.4,64.0,43,21,40,19,1.855,1.61
2017-09-24,00:03,0,340,0,20.3,64.3,43,21,40,19,1.85,1.805
2017-09-24,00:03,0,339,0,20.3,64.2,43,21,40,19,1.87,1.605
2017-09-24,00:03,0,342,0,20.3,64.2,43,21,40,19,1.88,1.655
2017-09-24,00:03,0,337,0,20.3,64.2,43,21,40,19,2.11,1.63
2017-09-24,00:03,0,336,0,20.4,64.3,43,21,40,19,1.86,1.615
2017-09-24,00:03,0,342,0,20.3,64.1,43,21,40,19,1.825,1.63
2017-09-24,00:03,0,340,0,20.3,63.9,43,21,40,19,1.865,1.63
2017-09-24,00:03,0,341,0,20.3,63.9,43,21,40,19,1.89,1.61
2017-09-24,00:04,0,340,0,20.4,63.8,43,21,40,19,1.86,1.65
2017-09-24,00:04,0,336,0,20.4,63.9,43,21,40,19,1.95,1.65
2017-09-24,00:04,0,340,0,20.3,64.0,43,21,40,19,2.085,1.805
2017-09-24,00:04,0,341,0,20.3,63.9,43,21,40,19,1.88,1.79
2017-09-24,00:04,0,343,0,20.3,63.9,43,21,40,19,1.835,1.765
2017-09-24,00:04,0,340,0,20.3,64.0,43,21,40,20,1.855,1.605
2017-09-24,00:04,0,340,0,20.3,64.2,43,21,40,20,1.88,1.62
2017-09-24,00:04,0,340,0,20.3,64.3,43,21,40,19,1.83,1.605
2017-09-24,00:04,0,341,0,20.3,64.2,43,21,40,19,1.865,1.62
2017-09-24,00:05,0,342,0,20.4,64.0,43,21,40,19,2.05,1.74
2017-09-24,00:05,0,339,0,20.4,64.0,43,21,40,19,1.85,1.62
2017-09-24,00:05,0,342,0,20.3,64.0,43,21,40,19,1.87,1.675
2017-09-24,00:05,0,343,0,20.3,64.0,43,21,40,19,1.895,1.76
2017-09-24,00:05,0,338,0,20.3,64.0,43,21,40,19,2.02,1.61
2017-09-24,00:05,0,341,0,20.3,64.0,43,21,40,20,1.85,1.645
2017-09-24,00:05,0,341,0,20.3,63.9,43,21,40,19,1.84,1.615
2017-09-24,00:05,0,341,0,20.3,64.2,43,21,40,19,1.85,1.605
2017-09-24,00:06,0,342,0,20.3,64.0,43,21,40,19,1.85,1.625
2017-09-24,00:06,0,336,0,20.3,64.0,43,21,40,19,1.825,1.595
2017-09-24,00:06,0,341,0,20.3,63.9,43,21,40,20,1.87,1.625
2017-09-24,00:06,0,339,0,20.3,64.0,43,21,40,19,1.865,1.655
2017-09-24,00:06,0,341,0,20.3,64.1,43,21,40,19,1.84,1.64
2017-09-24,00:06,0,340,0,20.3,64.4,43,21,40,20,1.88,1.63
2017-09-24,00:06,0,340,0,20.3,64.5,43,21,40,19,1.905,1.605
2017-09-24,00:06,0,344,0,20.3,64.3,43,21,40,19,1.87,1.595
2017-09-24,00:07,0,344,0,20.3,64.0,43,21,40,19,1.85,1.605
2017-09-24,00:07,0,341,0,20.3,64.0,43,21,40,19,1.825,1.6
2017-09-24,00:07,0,341,0,20.3,64.0,43,21,40,19,1.84,1.625
2017-09-24,00:07,0,345,0,20.3,64.2,43,21,40,19,1.845,1.69
2017-09-24,00:07,0,335,0,20.3,64.3,43,21,40,19,1.885,1.63
2017-09-24,00:07,0,344,0,20.3,64.4,43,21,40,19,1.925,1.64
2017-09-24,00:07,0,343,0,20.3,64.5,43,21,40,19,2.01,1.77
2017-09-24,00:07,0,340,0,20.3,64.7,43,21,40,19,2.065,1.765
2017-09-24,00:07,0,340,0,20.3,64.4,43,21,40,20,2.035,1.745
2017-09-24,00:08,0,340,0,20.3,64.2,43,21,40,19,2.03,1.745
2017-09-24,00:08,0,340,0,20.3,64.5,43,21,40,19,2.045,1.765
2017-09-24,00:08,0,338,0,20.3,64.8,43,20,40,19,2.225,1.88
2017-09-24,00:08,0,341,0,20.3,64.6,43,21,40,19,1.91,1.615
2017-09-24,00:08,0,341,0,20.3,64.2,43,21,40,19,1.83,1.69
2017-09-24,00:08,0,340,0,20.3,64.6,43,21,40,19,2.26,1.755
2017-09-24,00:08,0,341,0,20.3,64.5,43,21,40,19,2.025,1.765
2017-09-24,00:08,0,341,0,20.3,64.3,43,21,40,19,2.025,1.745
2017-09-24,00:09,0,344,0,20.3,64.1,43,21,40,19,2.01,1.725
2017-09-24,00:09,0,340,0,20.3,64.1,43,21,40,19,2.05,1.735
2017-09-24,00:09,0,340,0,20.3,64.0,43,21,40,19,2.005,1.73
2017-09-24,00:09,0,341,0,20.3,64.0,43,21,40,19,1.845,1.625
2017-09-24,00:09,0,346,0,20.3,64.0,43,21,40,19,1.885,1.625
2017-09-24,00:09,0,344,0,20.3,64.2,43,21,40,19,1.84,1.63
2017-09-24,00:09,0,339,0,20.3,64.5,43,21,40,19,1.875,1.61
2017-09-24,00:09,0,338,0,20.3,64.7,43,21,40,19,1.825,1.62
2017-09-24,00:10,0,340,0,20.3,64.7,43,21,40,19,1.865,1.595
2017-09-24,00:10,0,341,0,20.3,64.5,43,21,40,19,1.845,1.725
2017-09-24,00:10,0,342,0,20.3,64.9,43,21,40,19,1.83,1.62
2017-09-24,00:10,0,346,0,20.3,64.6,43,21,40,19,1.86,1.61
2017-09-24,00:10,0,340,0,20.3,64.8,43,21,40,19,1.86,1.59
2017-09-24,00:10,0,340,0,20.3,64.7,43,21,40,20,2.0,1.625
2017-09-24,00:10,0,338,0,20.3,64.3,43,21,40,19,1.83,1.595
2017-09-24,00:10,0,342,0,20.3,64.2,43,21,40,19,1.85,1.6
2017-09-24,00:11,0,340,0,20.3,64.2,43,21,40,19,1.835,1.615
2017-09-24,00:11,0,337,0,20.3,64.2,43,21,40,19,1.86,1.615
2017-09-24,00:11,0,341,0,20.3,64.1,43,21,40,19,1.88,1.605
2017-09-24,00:11,0,340,0,20.3,64.0,43,21,40,19,1.845,1.63
2017-09-24,00:11,0,338,0,20.3,64.1,43,21,40,19,1.875,1.635
2017-09-24,00:11,0,342,0,20.3,64.1,43,21,40,19,1.865,1.6
2017-09-24,00:11,0,341,0,20.3,64.2,43,21,40,19,1.845,1.62
2017-09-24,00:11,0,342,0,20.3,64.3,43,21,40,19,1.84,1.595
2017-09-24,00:11,0,342,0,20.3,64.6,43,20,40,19,1.87,1.62
2017-09-24,00:12,0,341,0,20.3,64.7,43,21,40,19,1.84,1.7
2017-09-24,00:12,0,340,0,20.3,64.7,43,21,40,19,1.87,1.62
2017-09-24,00:12,0,340,0,20.3,64.9,43,21,40,19,1.845,1.59
2017-09-24,00:12,0,340,0,20.3,64.8,43,21,40,20,1.85,1.61
2017-09-24,00:12,0,341,0,20.3,65.0,43,21,40,19,1.835,1.605
2017-09-24,00:12,0,343,0,20.3,65.1,43,21,40,19,1.815,1.585
2017-09-24,00:12,0,341,0,20.3,64.9,43,21,40,19,1.86,1.605
2017-09-24,00:12,0,338,0,20.3,64.8,43,21,40,19,1.815,1.6
2017-09-24,00:13,0,342,0,20.3,64.8,43,21,40,19,1.84,1.59
2017-09-24,00:13,0,342,0,20.3,64.7,43,21,40,19,1.85,1.59
2017-09-24,00:13,0,341,0,20.3,64.5,43,21,40,19,1.85,1.615
2017-09-24,00:13,0,342,0,20.3,64.3,43,21,40,19,1.82,1.625
2017-09-24,00:13,0,340,0,20.3,64.3,43,21,40,19,1.86,1.585
2017-09-24,00:13,0,340,0,20.3,64.2,43,21,40,19,1.85,1.72
2017-09-24,00:13,0,338,0,20.3,64.3,43,21,40,19,1.885,1.605
2017-09-24,00:13,0,340,0,20.3,64.5,43,21,40,19,1.88,1.6
2017-09-24,00:14,0,342,0,20.3,64.6,43,21,40,19,1.85,1.615
2017-09-24,00:14,1,343,0,20.3,64.5,43,21,39,19,1.85,1.595
2017-09-24,00:14,0,340,0,20.3,64.5,43,21,40,19,1.815,1.59
2017-09-24,00:14,0,341,0,20.3,64.6,43,21,40,19,1.975,1.79
2017-09-24,00:14,0,341,0,20.3,64.6,43,21,40,19,1.95,1.625
2017-09-24,00:14,0,342,0,20.3,64.3,43,21,40,19,1.87,1.67
2017-09-24,00:14,0,341,0,20.3,64.3,43,21,40,19,1.965,1.645
2017-09-24,00:14,0,342,0,20.3,64.3,43,21,40,19,1.825,1.63
2017-09-24,00:14,0,343,0,20.3,64.2,43,21,40,19,2.1,1.605
2017-09-24,00:15,0,340,0,20.3,64.3,43,21,40,19,1.85,1.59
2017-09-24,00:15,0,341,0,20.3,64.2,43,21,40,19,1.84,1.58
2017-09-24,00:15,0,345,0,20.3,64.3,43,21,40,19,1.845,1.57
2017-09-24,00:15,0,340,0,20.3,64.5,43,21,40,19,1.82,1.605
2017-09-24,00:15,0,341,0,20.3,64.7,43,21,40,19,1.83,1.575
2017-09-24,00:15,0,342,0,20.3,64.7,43,21,40,19,1.825,1.605
2017-09-24,00:15,0,341,0,20.3,64.6,43,21,39,19,1.83,1.615
2017-09-24,00:15,0,340,0,20.3,64.4,43,21,40,19,1.845,1.605
2017-09-24,00:16,0,342,0,20.3,64.4,43,21,40,19,1.84,1.64
2017-09-24,00:16,0,338,0,20.3,64.7,43,21,40,20,1.915,1.62
2017-09-24,00:16,0,339,0,20.3,64.8,43,21,40,19,1.85,1.595
2017-09-24,00:16,0,345,0,20.3,64.5,43,21,40,19,1.85,1.61
2017-09-24,00:16,0,340,0,20.3,64.4,43,21,40,19,1.87,1.61
2017-09-24,00:16,0,337,0,20.3,64.4,43,21,40,19,1.85,1.62
2017-09-24,00:16,0,346,0,20.3,64.5,43,21,40,19,1.855,1.61
2017-09-24,00:16,0,340,0,20.3,64.4,43,21,40,19,1.89,1.625
2017-09-24,00:17,0,342,0,20.3,64.3,43,21,40,19,2.0,1.645
2017-09-24,00:17,0,342,0,20.3,64.3,43,21,39,19,1.85,1.63
2017-09-24,00:17,0,340,0,20.3,64.4,43,21,40,19,1.875,1.61
2017-09-24,00:17,0,340,0,20.3,64.4,43,21,40,19,1.875,1.64
2017-09-24,00:17,0,341,0,20.3,64.4,43,20,40,20,1.95,1.735
2017-09-24,00:17,0,342,0,20.3,64.4,43,21,40,19,1.915,1.655
2017-09-24,00:17,0,339,0,20.3,64.6,43,21,40,19,1.89,1.665
2017-09-24,00:17,0,344,0,20.3,64.7,43,21,40,19,1.855,1.605
2017-09-24,00:18,0,340,0,20.3,64.7,43,21,40,19,1.89,1.625
2017-09-24,00:18,1,341,0,20.3,64.7,43,21,40,19,1.87,1.595
2017-09-24,00:18,0,341,0,20.3,64.6,43,21,40,19,1.905,1.6
2017-09-24,00:18,0,341,0,20.3,64.4,43,21,40,19,1.9,1.62
2017-09-24,00:18,0,342,0,20.3,64.4,43,21,40,20,1.835,1.6
2017-09-24,00:18,0,344,0,20.3,64.4,43,21,40,19,1.89,1.625
2017-09-24,00:18,0,341,0,20.3,64.4,43,21,40,19,1.835,1.74
2017-09-24,00:18,0,342,0,20.3,64.4,43,21,40,19,1.86,1.61
2017-09-24,00:18,0,341,0,20.3,64.4,43,21,40,19,1.965,1.63
2017-09-24,00:19,0,341,0,20.3,64.6,43,21,40,19,2.045,1.75
2017-09-24,00:19,0,340,0,20.3,64.5,43,21,40,19,2.025,1.75
2017-09-24,00:19,0,339,0,20.3,64.4,43,21,40,19,1.855,1.65
2017-09-24,00:19,0,340,0,20.3,64.4,43,21,40,19,1.83,1.61
2017-09-24,00:19,0,336,0,20.3,64.4,43,21,40,19,1.83,1.595
2017-09-24,00:19,0,340,0,20.3,64.4,43,21,40,19,1.885,1.6
2017-09-24,00:19,0,341,0,20.3,64.4,43,21,40,20,1.845,1.615
2017-09-24,00:19,0,344,0,20.3,64.5,43,21,40,19,1.845,1.62
2017-09-24,00:20,0,340,0,20.3,64.4,43,21,40,19,1.88,1.62
2017-09-24,00:20,0,339,0,20.3,64.4,43,21,40,19,1.895,1.635
2017-09-24,00:20,0,337,0,20.3,64.5,43,21,40,19,1.86,1.585
2017-09-24,00:20,0,342,0,20.3,64.5,43,21,40,19,1.835,1.61
2017-09-24,00:20,0,345,0,20.3,64.7,43,21,40,19,1.84,1.61
2017-09-24,00:20,0,337,0,20.3,64.8,43,21,40,19,1.985,1.615
2017-09-24,00:20,0,340,0,20.3,64.8,43,21,40,19,1.87,1.61
2017-09-24,00:20,0,341,0,20.3,64.7,43,21,40,19,1.845,1.61
2017-09-24,00:21,0,342,0,20.3,64.6,43,21,40,19,2.02,1.835
2017-09-24,00:21,0,341,0,20.3,64.5,43,21,40,19,2.055,1.73
2017-09-24,00:21,0,342,0,20.3,64.4,43,20,40,19,1.98,1.745
2017-09-24,00:21,0,341,0,20.3,64.7,43,20,40,20,2.015,1.735
2017-09-24,00:21,0,340,0,20.3,64.8,43,21,40,19,2.015,1.73
2017-09-24,00:21,0,338,0,20.3,64.8,43,21,40,19,1.985,1.735
2017-09-24,00:21,0,340,0,20.3,64.8,43,21,40,19,1.92,1.65
2017-09-24,00:21,0,345,0,20.3,64.8,43,21,39,19,1.865,1.59
2017-09-24,00:21,0,340,0,20.3,64.7,43,21,40,19,1.835,1.655
2017-09-24,00:22,0,338,0,20.3,64.6,43,21,40,19,1.88,1.595
2017-09-24,00:22,0,341,0,20.3,64.6,43,21,40,19,1.835,1.62
2017-09-24,00:22,0,340,0,20.3,64.6,43,21,40,19,1.915,1.61
2017-09-24,00:22,0,342,0,20.3,64.5,43,21,40,19,1.86,1.59
2017-09-24,00:22,0,336,0,20.3,64.5,43,21,40,19,1.9,1.64
2017-09-24,00:22,0,341,0,20.3,64.6,43,21,40,20,1.865,1.61
2017-09-24,00:22,0,342,0,20.3,64.6,43,21,40,19,1.865,1.645
2017-09-24,00:22,0,338,0,20.3,64.5,43,21,40,19,1.845,1.66
2017-09-24,00:23,0,342,0,20.3,64.5,43,21,40,19,1.855,1.595
2017-09-24,00:23,0,341,0,20.3,64.6,43,21,40,19,1.855,1.6
2017-09-24,00:23,0,337,0,20.3,64.8,43,21,40,19,1.855,1.595
2017-09-24,00:23,0,341,0,20.3,64.6,43,21,40,20,1.915,1.62
2017-09-24,00:23,0,345,0,20.3,64.5,43,21,40,19,2.005,1.73
2017-09-24,00:23,0,340,0,20.3,64.4,43,21,40,19,1.995,1.74
2017-09-24,00:23,0,342,0,20.3,64.4,43,21,40,19,1.97,1.735
2017-09-24,00:23,0,340,0,20.3,64.4,43,21,40,19,2.01,1.745
2017-09-24,00:24,0,340,0,20.3,64.4,43,21,40,19,2.01,1.73
2017-09-24,00:24,0,342,0,20.3,64.3,43,21,40,20,1.985,1.72
2017-09-24,00:24,0,341,0,20.3,64.4,43,21,40,19,2.02,1.615
2017-09-24,00:24,0,340,0,20.3,64.4,43,21,40,19,1.83,1.595
2017-09-24,00:24,0,342,0,20.3,64.6,43,21,40,19,1.865,1.6
2017-09-24,00:24,0,342,0,20.3,64.8,43,20,40,20,1.84,1.64
2017-09-24,00:24,0,339,0,20.3,64.9,43,21,40,19,1.87,1.63
2017-09-24,00:24,0,344,0,20.3,64.9,43,21,40,19,1.87,1.63
2017-09-24,00:24,0,342,0,20.3,64.6,43,21,40,19,1.86,1.625
2017-09-24,00:25,0,340,0,20.3,64.6,43,21,39,19,1.85,1.595
2017-09-24,00:25,0,341,0,20.3,64.7,43,21,40,19,1.855,1.605
2017-09-24,00:25,0,342,0,20.3,64.6,43,21,40,19,1.825,1.585
2017-09-24,00:25,0,335,0,20.3,64.4,43,21,40,19,2.01,1.585
2017-09-24,00:25,0,342,0,20.3,64.4,43,20,40,20,1.815,1.6
2017-09-24,00:25,0,341,0,20.3,64.4,43,21,40,19,1.84,1.59
2017-09-24,00:25,0,340,0,20.3,64.7,43,21,40,19,1.825,1.615
2017-09-24,00:25,0,343,0,20.3,64.6,43,21,40,19,1.885,1.605
2017-09-24,00:26,0,342,0,20.3,64.6,43,20,40,19,1.85,1.625
2017-09-24,00:26,0,341,0,20.3,64.5,43,21,39,19,1.835,1.59
2017-09-24,00:26,0,340,0,20.3,64.8,43,21,40,19,1.85,1.615
2017-09-24,00:26,0,338,0,20.3,64.6,43,21,40,19,2.06,1.78
2017-09-24,00:26,0,342,0,20.3,64.5,43,21,40,19,1.84,1.455
2017-09-24,00:26,0,340,0,20.3,64.5,43,21,40,19,1.41,1.215
2017-09-24,00:26,0,340,0,20.3,64.8,43,21,40,19,1.405,1.21
2017-09-24,00:26,0,340,0,20.3,64.9,43,21,40,19,1.41,1.21
2017-09-24,00:27,0,340,0,20.3,64.8,43,21,40,19,1.415,1.21
2017-09-24,00:27,0,340,0,20.3,64.9,43,21,40,19,1.45,1.2
2017-09-24,00:27,0,341,0,20.3,65.0,43,21,40,19,1.41,1.245
2017-09-24,00:27,0,10,0,20.3,64.9,43,21,40,19,1.375,1.175
2017-09-24,00:27,0,0,0,20.3,64.8,43,21,39,19,1.385,1.18
2017-09-24,00:27,0,0,0,20.3,64.8,43,21,40,19,1.37,1.175
2017-09-24,00:27,0,0,0,20.3,65.0,43,21,40,19,1.355,1.17
2017-09-24,00:27,0,0,0,20.3,64.7,43,21,40,19,1.375,1.18
2017-09-24,00:28,0,1,0,20.3,64.6,43,21,40,19,1.385,1.205
2017-09-24,00:28,0,1,0,20.3,64.5,43,21,40,19,1.36,1.165
2017-09-24,00:28,0,0,0,20.3,64.7,43,21,40,19,1.375,1.175
2017-09-24,00:28,0,1,0,20.3,64.7,43,21,40,19,1.37,1.17
2017-09-24,00:28,0,0,0,20.3,64.8,43,21,40,19,1.36,1.175
2017-09-24,00:28,0,0,0,20.3,64.9,43,21,40,19,1.37,1.18
2017-09-24,00:28,0,0,0,20.3,65.0,43,21,40,19,1.45,1.25
2017-09-24,00:28,0,0,0,20.3,65.1,43,21,40,19,1.405,1.19
2017-09-24,00:28,0,0,0,20.3,65.1,43,20,40,20,1.415,1.21
2017-09-24,00:29,0,0,0,20.3,65.0,43,21,39,19,1.41,1.21
2017-09-24,00:29,0,0,0,20.3,64.7,43,21,40,19,1.42,1.205
2017-09-24,00:29,0,0,0,20.3,64.7,43,21,40,19,1.425,1.195
2017-09-24,00:29,0,0,0,20.3,64.6,43,20,40,19,1.42,1.205
2017-09-24,00:29,0,0,0,20.3,64.7,43,21,40,19,1.415,1.19
2017-09-24,00:29,0,0,0,20.3,64.9,43,21,40,19,1.415,1.215
2017-09-24,00:29,0,0,0,20.3,64.8,43,21,40,19,1.39,1.2
2017-09-24,00:29,0,0,0,20.3,64.7,43,21,40,19,1.405,1.195
2017-09-24,00:30,0,2,0,20.3,64.6,43,21,40,19,1.41,1.2
2017-09-24,00:30,0,0,0,20.3,64.6,43,21,40,20,1.415,1.195
2017-09-24,00:30,0,0,0,20.3,64.7,43,21,40,19,1.395,1.195
2017-09-24,00:30,0,0,0,20.3,64.8,43,21,40,19,1.405,1.19
2017-09-24,00:30,0,0,0,20.3,64.8,43,21,40,20,1.415,1.2
2017-09-24,00:30,0,2,0,20.3,64.9,43,21,39,19,1.42,1.225
2017-09-24,00:30,0,0,0,20.3,65.0,43,21,40,20,1.41,1.2
2017-09-24,00:30,0,2,0,20.3,65.2,43,21,40,19,1.415,1.2
2017-09-24,00:31,0,0,0,20.3,65.2,43,21,40,19,1.41,1.195
2017-09-24,00:31,0,2,0,20.3,65.2,43,21,39,19,1.41,1.2
2017-09-24,00:31,0,0,0,20.3,65.2,43,21,40,19,1.415,1.195
2017-09-24,00:31,0,0,0,20.2,65.0,43,21,40,19,1.42,1.185
2017-09-24,00:31,0,0,0,20.3,65.1,43,21,40,19,1.425,1.205
2017-09-24,00:31,0,0,0,20.3,65.1,43,21,39,19,1.78,1.5
2017-09-24,00:31,0,0,0,20.3,65.0,43,21,40,19,1.825,1.54
2017-09-24,00:31,0,0,0,20.3,64.8,43,21,40,19,1.805,1.51
2017-09-24,00:31,0,2,0,20.3,64.9,43,21,39,19,1.84,1.555
2017-09-24,00:32,0,0,0,20.3,65.0,43,21,40,19,1.83,1.53
2017-09-24,00:32,0,0,0,20.3,65.2,43,21,40,19,1.82,1.495
2017-09-24,00:32,0,0,0,20.2,65.2,43,21,40,19,2.04,1.53
2017-09-24,00:32,0,0,0,20.3,65.4,43,21,39,19,1.815,1.53
2017-09-24,00:32,0,0,0,20.3,65.4,43,21,40,19,1.81,1.505
2017-09-24,00:32,0,0,0,20.3,65.3,43,21,40,19,1.82,1.525
2017-09-24,00:32,0,0,0,20.2,65.2,43,20,39,19,1.79,1.525
2017-09-24,00:32,0,0,0,20.3,65.5,43,21,40,19,1.835,1.52
2017-09-24,00:33,0,0,0,20.2,65.4,43,21,40,19,1.795,1.53
2017-09-24,00:33,0,2,0,20.3,65.6,43,21,39,19,1.795,1.495
2017-09-24,00:33,0,0,0,20.2,65.4,43,21,40,19,1.79,1.505
2017-09-24,00:33,0,0,0,20.2,65.3,43,21,40,19,1.815,1.51
2017-09-24,00:33,0,0,0,20.2,65.1,43,21,40,19,1.785,1.5
2017-09-24,00:33,0,0,0,20.2,65.0,43,21,39,19,1.78,1.515
2017-09-24,00:33,0,0,0,20.3,65.1,43,21,40,19,1.765,1.49
2017-09-24,00:33,0,1,0,20.2,65.2,43,21,40,19,1.775,1.505
2017-09-24,00:34,0,0,0,20.2,65.2,43,20,40,20,1.76,1.49
2017-09-24,00:34,0,0,0,20.2,65.3,43,21,40,19,1.735,1.465
2017-09-24,00:34,0,0,0,20.2,65.3,43,21,40,19,1.765,1.46
2017-09-24,00:34,0,0,0,20.2,65.3,43,21,40,19,1.765,1.47
2017-09-24,00:34,0,0,0,20.2,65.1,43,21,40,19,1.75,1.46
2017-09-24,00:34,0,0,0,20.2,65.0,43,21,40,19,1.75,1.475
2017-09-24,00:34,0,0,0,20.2,65.0,43,21,40,19,1.725,1.45
2017-09-24,00:34,0,0,0,20.2,64.9,43,21,40,19,1.745,1.46
2017-09-24,00:34,0,0,0,20.2,64.9,43,20,40,20,1.73,1.465
2017-09-24,00:35,0,2,0,20.3,65.0,43,21,39,19,1.725,1.445
2017-09-24,00:35,0,0,0,20.3,65.1,43,21,40,19,1.745,1.46
2017-09-24,00:35,0,0,0,20.2,65.3,43,21,40,20,1.735,1.445
2017-09-24,00:35,0,0,0,20.2,65.4,43,21,39,19,1.75,1.46
2017-09-24,00:35,0,1,0,20.2,65.5,43,21,40,19,1.725,1.445
2017-09-24,00:35,0,0,0,20.2,65.5,43,21,40,19,1.735,1.47
2017-09-24,00:35,0,0,0,20.2,65.4,43,21,40,20,1.73,1.44
2017-09-24,00:35,0,0,0,20.2,65.4,43,21,39,19,1.74,1.47
2017-09-24,00:36,0,0,0,20.3,65.5,43,21,39,19,1.725,1.46
2017-09-24,00:36,0,0,0,20.3,65.4,43,21,40,19,1.755,1.455
2017-09-24,00:36,0,0,0,20.3,65.3,43,21,40,20,1.715,1.435
2017-09-24,00:36,0,2,0,20.2,65.0,43,21,39,19,1.755,1.445
2017-09-24,00:36,0,0,0,20.2,65.0,43,21,40,19,1.725,1.475
2017-09-24,00:36,0,0,0,20.2,65.0,43,21,39,20,1.71,1.435
2017-09-24,00:36,0,0,0,20.2,65.1,43,21,39,19,1.745,1.475
2017-09-24,00:36,0,0,0,20.3,65.1,43,21,40,19,1.71,1.445
2017-09-24,00:37,0,0,0,20.3,65.2,43,21,40,19,1.745,1.44
2017-09-24,00:37,0,0,0,20.2,65.2,43,21,40,19,1.73,1.455
2017-09-24,00:37,0,0,0,20.2,65.3,43,21,39,19,1.695,1.425
2017-09-24,00:37,0,0,0,20.2,65.1,43,21,40,19,1.73,1.435
2017-09-24,00:37,0,0,0,20.2,64.9,43,21,40,19,1.705,1.43
2017-09-24,00:37,0,0,0,20.2,64.9,43,21,39,19,1.715,1.45
2017-09-24,00:37,0,0,0,20.2,65.2,43,21,39,19,1.69,1.435
2017-09-24,00:37,0,0,0,20.3,65.3,43,21,40,19,1.745,1.455
2017-09-24,00:37,0,0,0,20.3,65.3,43,21,39,19,1.71,1.43
2017-09-24,00:38,0,0,0,20.2,65.2,43,21,39,19,1.725,1.43
2017-09-24,00:38,0,3,0,20.3,65.3,43,21,40,19,1.75,1.44
2017-09-24,00:38,0,0,0,20.3,65.3,43,21,39,19,1.715,1.44
2017-09-24,00:38,0,0,0,20.2,65.3,43,20,40,19,1.73,1.445
2017-09-24,00:38,0,0,0,20.2,65.3,43,21,39,19,1.72,1.43
2017-09-24,00:38,0,0,0,20.2,65.4,43,21,40,19,1.715,1.45
2017-09-24,00:38,0,0,0,20.2,65.3,43,21,40,19,1.7,1.44
2017-09-24,00:38,0,0,0,20.2,65.1,43,21,39,19,1.725,1.435
2017-09-24,00:39,0,3,0,20.2,65.0,43,21,39,19,1.71,1.44
2017-09-24,00:39,0,0,0,20.2,64.9,43,21,40,19,1.7,1.455
2017-09-24,00:39,0,1,0,20.2,64.8,43,21,40,19,1.725,1.445
2017-09-24,00:39,0,0,0,20.3,65.0,43,20,40,20,1.72,1.44
2017-09-24,00:39,0,0,0,20.3,65.0,43,20,39,19,1.745,1.455
2017-09-24,00:39,0,4,0,20.3,65.0,43,21,40,19,1.72,1.43
2017-09-24,00:39,0,0,0,20.3,65.0,43,21,40,19,1.72,1.445
2017-09-24,00:39,0,0,0,20.3,65.2,43,20,40,19,1.695,1.435
2017-09-24,00:40,0,0,0,20.2,65.3,43,21,39,19,1.745,1.455
2017-09-24,00:40,0,2,0,20.3,65.5,43,21,40,19,1.705,1.44
2017-09-24,00:40,0,0,0,20.2,65.5,43,21,39,19,1.715,1.45
2017-09-24,00:40,0,0,0,20.2,65.6,43,21,40,19,1.73,1.455
2017-09-24,00:40,0,0,0,20.2,65.6,43,21,40,19,1.715,1.45
2017-09-24,00:40,0,0,0,20.2,65.4,43,21,40,19,1.715,1.445
2017-09-24,00:40,0,0,0,20.3,65.2,43,21,39,19,1.73,1.44
2017-09-24,00:40,0,0,0,20.3,65.1,43,21,39,19,1.73,1.45
2017-09-24,00:41,0,2,0,20.3,65.0,43,21,39,19,1.74,1.465
2017-09-24,00:41,0,0,0,20.3,65.2,43,21,39,19,1.725,1.565
2017-09-24,00:41,0,0,0,20.3,65.4,43,21,40,19,1.74,1.44
2017-09-24,00:41,0,0,0,20.2,65.3,43,21,39,19,1.725,1.44
2017-09-24,00:41,0,0,0,20.3,65.5,43,20,39,19,1.72,1.42
2017-09-24,00:41,0,0,0,20.2,65.3,43,21,39,19,1.73,1.445
2017-09-24,00:41,0,0,0,20.3,65.5,43,21,39,19,1.73,1.465
2017-09-24,00:41,0,0,0,20.3,65.4,43,21,39,19,1.715,1.43
2017-09-24,00:41,0,0,0,20.3,65.6,43,21,39,19,1.695,1.435
2017-09-24,00:42,0,0,0,20.2,65.5,43,21,39,19,1.705,1.435
2017-09-24,00:42,0,0,0,20.2,65.5,43,21,39,19,1.7,1.44
2017-09-24,00:42,0,0,0,20.2,65.6,43,21,39,19,1.715,1.425
2017-09-24,00:42,0,0,0,20.3,65.6,43,21,39,19,1.735,1.46
2017-09-24,00:42,0,0,0,20.2,65.4,43,21,40,19,1.73,1.45
2017-09-24,00:42,0,0,0,20.2,65.3,43,21,40,19,1.725,1.44
2017-09-24,00:42,0,0,0,20.2,65.3,43,21,40,19,1.735,1.425
2017-09-24,00:42,0,0,0,20.2,65.2,43,21,39,19,1.72,1.43
2017-09-24,00:43,0,0,0,20.2,65.2,43,21,39,19,1.71,1.43
2017-09-24,00:43,0,0,0,20.2,65.3,43,21,39,19,1.73,1.455
2017-09-24,00:43,0,2,0,20.2,65.5,43,21,39,19,1.73,1.44
2017-09-24,00:43,0,1,0,20.2,65.5,43,21,39,19,1.745,1.465
2017-09-24,00:43,0,2,0,20.2,65.6,43,21,39,19,1.73,1.445
2017-09-24,00:43,0,0,0,20.2,65.5,43,21,39,19,1.73,1.455
2017-09-24,00:43,0,0,0,20.2,65.4,43,21,40,19,1.725,1.45
2017-09-24,00:43,0,1,0,20.2,65.3,43,21,40,19,1.72,1.43
2017-09-24,00:44,0,0,0,20.2,65.2,43,21,39,19,1.715,1.435
2017-09-24,00:44,0,0,0,20.2,65.1,43,20,39,19,1.7,1.44
2017-09-24,00:44,0,0,0,20.2,65.1,43,20,40,20,1.7,1.425
2017-09-24,00:44,0,0,0,20.2,65.1,43,21,39,19,1.715,1.435
2017-09-24,00:44,0,0,0,20.2,65.1,43,21,39,20,1.72,1.425
2017-09-24,00:44,0,0,0,20.2,65.3,43,20,40,20,1.7,1.435
2017-09-24,00:44,0,0,0,20.2,65.4,43,20,40,20,1.715,1.445
2017-09-24,00:44,0,0,0,20.2,65.5,43,21,40,19,1.73,1.45
2017-09-24,00:44,0,0,0,20.2,65.5,43,21,39,19,1.72,1.455
2017-09-24,00:45,0,2,0,20.2,65.5,43,21,39,19,1.73,1.45
2017-09-24,00:45,0,1,0,20.2,65.5,43,21,39,19,1.715,1.435
2017-09-24,00:45,0,0,0,20.2,65.5,43,20,40,20,1.71,1.445
2017-09-24,00:45,0,0,0,20.2,65.6,43,21,40,19,1.735,1.46
2017-09-24,00:45,0,0,0,20.2,65.6,43,21,40,19,1.74,1.455
2017-09-24,00:45,0,0,0,20.2,65.6,43,21,39,19,1.71,1.435
2017-09-24,00:45,0,4,0,20.2,65.5,43,21,39,19,1.715,1.445
2017-09-24,00:45,0,0,0,20.2,65.4,43,21,39,19,1.74,1.445
2017-09-24,00:46,0,0,0,20.2,65.5,43,21,40,19,1.715,1.455
2017-09-24,00:46,0,0,0,20.2,65.6,43,21,40,19,1.735,1.445
2017-09-24,00:46,0,0,0,20.2,65.6,43,21,39,19,1.75,1.46
2017-09-24,00:46,0,0,0,20.2,65.6,43,21,40,19,1.72,1.445
2017-09-24,00:46,0,0,0,20.2,65.6,43,21,40,19,1.705,1.48
2017-09-24,00:46,0,0,0,20.2,65.6,43,21,40,19,1.71,1.43
2017-09-24,00:46,0,0,0,20.2,65.5,43,21,40,19,1.755,1.475
2017-09-24,00:46,0,0,0,20.2,65.3,43,21,39,19,1.71,1.445
2017-09-24,00:47,0,0,0,20.2,65.3,43,21,39,20,1.725,1.43
2017-09-24,00:47,0,0,0,20.2,65.3,43,21,39,19,1.715,1.42
2017-09-24,00:47,0,0,0,20.2,65.3,43,21,39,19,1.73,1.445
2017-09-24,00:47,0,0,0,20.2,65.3,43,21,40,19,1.735,1.445
2017-09-24,00:47,0,0,0,20.2,65.4,43,21,39,19,1.72,1.45
2017-09-24,00:47,0,0,0,20.2,65.6,43,20,40,20,1.685,1.44
2017-09-24,00:47,0,0,0,20.2,65.6,43,21,39,19,1.71,1.465
2017-09-24,00:47,0,0,0,20.2,65.6,43,21,39,19,1.7,1.42
2017-09-24,00:47,0,0,0,20.2,65.5,43,21,39,19,1.72,1.43
2017-09-24,00:48,0,0,0,20.2,65.4,43,21,39,19,1.705,1.43
2017-09-24,00:48,0,0,0,20.2,65.4,43,21,40,19,1.7,1.435
2017-09-24,00:48,0,0,0,20.2,65.5,43,21,39,19,1.725,1.435
2017-09-24,00:48,0,0,0,20.2,65.5,43,21,39,19,1.705,1.43
2017-09-24,00:48,0,0,0,20.2,65.5,43,21,40,19,1.71,1.42
2017-09-24,00:48,0,0,0,20.2,65.5,43,21,39,19,1.71,1.45
2017-09-24,00:48,0,0,0,20.2,65.5,43,21,39,19,1.685,1.44
2017-09-24,00:48,0,4,0,20.2,65.5,43,21,39,19,1.705,1.435
2017-09-24,00:49,0,0,0,20.2,65.5,43,21,40,19,1.705,1.43
2017-09-24,00:49,0,0,0,20.2,65.7,43,21,39,19,1.7,1.43
2017-09-24,00:49,0,0,0,20.2,65.7,43,21,40,19,1.7,1.43
2017-09-24,00:49,0,0,0,20.2,65.7,43,21,39,19,1.705,1.445
2017-09-24,00:49,0,0,0,20.2,65.7,43,21,39,19,1.715,1.43
2017-09-24,00:49,0,0,0,20.2,65.7,43,21,39,19,1.72,1.425
2017-09-24,00:49,0,4,0,20.2,65.7,43,21,39,20,1.695,1.445
2017-09-24,00:49,0,0,0,20.2,65.7,43,21,39,19,1.7,1.445
2017-09-24,00:50,0,0,0,20.2,65.6,43,21,39,19,1.71,1.425
2017-09-24,00:50,0,0,0,20.2,65.5,43,21,39,19,1.69,1.435
2017-09-24,00:50,0,0,0,20.2,65.4,43,21,39,19,1.705,1.425
2017-09-24,00:50,0,0,0,20.2,65.5,43,21,39,19,1.705,1.415
2017-09-24,00:50,0,0,0,20.2,65.5,43,21,40,19,1.685,1.425
2017-09-24,00:50,0,0,0,20.2,65.4,43,21,39,19,1.7,1.44
2017-09-24,00:50,0,0,0,20.2,65.5,43,20,39,19,1.675,1.42
2017-09-24,00:50,0,0,0,20.2,65.7,43,21,39,19,1.615,1.345
2017-09-24,00:51,0,0,0,20.2,65.7,43,21,39,19,1.645,1.355
2017-09-24,00:51,0,0,0,20.2,65.7,43,21,40,19,1.62,1.385
2017-09-24,00:51,0,0,0,20.2,65.7,43,21,40,19,1.63,1.355
2017-09-24,00:51,0,1,0,20.2,65.7,43,21,40,20,1.635,1.365
2017-09-24,00:51,0,0,0,20.2,65.7,43,21,39,19,1.615,1.375
2017-09-24,00:51,0,0,0,20.2,65.6,43,21,39,19,1.87,1.38
2017-09-24,00:51,0,0,0,20.2,65.7,43,21,40,19,1.63,1.38
2017-09-24,00:51,0,1,0,20.2,65.8,43,21,39,20,1.62,1.405
2017-09-24,00:51,0,1,0,20.2,65.8,43,21,39,19,1.63,1.375
2017-09-24,00:52,0,0,0,20.2,65.7,43,21,39,19,1.625,1.35
2017-09-24,00:52,0,0,0,20.2,65.6,43,21,39,19,1.61,1.375
2017-09-24,00:52,0,0,0,20.2,65.6,43,20,39,19,1.64,1.355
2017-09-24,00:52,0,0,0,20.2,65.5,43,21,39,19,1.605,1.355
2017-09-24,00:52,0,0,0,20.2,65.5,43,21,39,19,1.64,1.37
2017-09-24,00:52,0,0,0,20.2,65.4,43,20,39,20,1.63,1.365
2017-09-24,00:52,0,0,0,20.2,65.4,43,21,39,19,1.615,1.36
2017-09-24,00:52,0,0,0,20.2,65.4,43,21,40,19,1.615,1.38
2017-09-24,00:53,0,0,0,20.2,65.6,43,21,39,19,1.62,1.35
2017-09-24,00:53,0,0,0,20.2,65.6,43,21,39,19,1.605,1.355
2017-09-24,00:53,0,0,0,20.2,65.5,43,21,40,19,1.62,1.385
2017-09-24,00:53,0,0,0,20.2,65.4,43,20,39,19,1.62,1.35
2017-09-24,00:53,0,5,0,20.2,65.3,43,21,39,19,1.62,1.36
2017-09-24,00:53,0,0,0,20.2,65.3,43,21,39,19,1.61,1.355
2017-09-24,00:53,0,0,0,20.2,65.5,43,21,39,19,1.625,1.375
2017-09-24,00:53,0,0,0,20.2,65.6,43,21,39,19,1.64,1.365
2017-09-24,00:54,0,0,0,20.2,65.6,43,21,39,19,1.645,1.36
2017-09-24,00:54,0,0,0,20.2,65.6,43,21,40,19,1.63,1.355
2017-09-24,00:54,0,4,0,20.2,65.5,43,21,39,19,1.61,1.38
2017-09-24,00:54,0,0,0,20.2,65.3,43,21,40,19,1.625,1.365
2017-09-24,00:54,0,0,0,20.2,65.2,43,21,39,19,1.62,1.35
2017-09-24,00:54,0,0,0,20.2,65.2,43,21,39,19,1.63,1.37
2017-09-24,00:54,0,1,0,20.2,65.2,43,21,39,19,1.625,1.355
2017-09-24,00:54,0,0,0,20.2,65.3,43,21,39,19,1.6,1.345
2017-09-24,00:54,0,0,0,20.2,65.3,43,21,39,19,1.635,1.375
2017-09-24,00:55,0,1,0,20.2,65.4,43,21,39,19,1.6,1.36
2017-09-24,00:55,0,0,0,20.2,65.6,43,20,39,19,1.625,1.375
2017-09-24,00:55,0,0,0,20.2,65.6,43,21,39,19,1.61,1.35
2017-09-24,00:55,0,0,0,20.2,65.5,43,21,39,19,1.625,1.365
2017-09-24,00:55,0,0,0,20.2,65.3,43,21,39,19,1.6,1.345
2017-09-24,00:55,0,0,0,20.2,65.3,43,21,39,19,1.635,1.375
2017-09-24,00:55,0,0,0,20.2,65.2,43,21,39,19,1.605,1.34
2017-09-24,00:55,0,0,0,20.2,65.3,43,21,39,19,1.615,1.365
2017-09-24,00:56,0,0,0,20.2,65.4,43,21,39,19,1.6,1.355
2017-09-24,00:56,0,0,0,20.2,65.4,43,21,39,19,1.62,1.375
2017-09-24,00:56,0,0,0,20.2,65.4,43,21,39,19,1.62,1.35
2017-09-24,00:56,0,0,0,20.2,65.4,43,21,39,19,1.6,1.355
2017-09-24,00:56,0,0,0,20.2,65.4,43,21,39,19,1.615,1.365
2017-09-24,00:56,0,1,0,20.2,65.3,43,21,39,19,1.595,1.34
2017-09-24,00:56,0,0,0,20.2,65.2,43,21,39,19,1.605,1.365
2017-09-24,00:56,0,0,0,20.2,65.1,43,21,39,19,1.61,1.34
2017-09-24,00:57,0,0,0,20.2,65.1,43,21,39,19,1.62,1.37
2017-09-24,00:57,0,2,0,20.2,65.0,43,21,39,19,1.595,1.335
2017-09-24,00:57,0,0,0,20.2,65.0,43,21,39,19,1.65,1.385
2017-09-24,00:57,0,0,0,20.2,65.0,43,21,39,19,1.615,1.365
2017-09-24,00:57,0,0,0,20.2,65.4,43,21,39,19,1.595,1.36
2017-09-24,00:57,0,0,0,20.2,65.5,43,21,40,19,1.585,1.35
2017-09-24,00:57,0,4,0,20.2,65.4,43,21,39,19,1.605,1.335
2017-09-24,00:57,0,0,0,20.2,65.4,43,21,39,19,1.61,1.35
2017-09-24,00:57,0,0,0,20.2,65.4,43,21,40,19,1.585,1.345
2017-09-24,00:58,0,2,0,20.2,65.3,43,21,39,19,1.6,1.335
2017-09-24,00:58,0,0,0,20.2,65.2,43,20,39,19,1.595,1.325
2017-09-24,00:58,0,0,0,20.2,65.1,43,21,39,19,1.6,1.34
2017-09-24,00:58,0,0,0,20.2,65.1,43,21,39,19,1.605,1.345
2017-09-24,00:58,0,0,0,20.2,65.2,43,21,40,19,1.575,1.365
2017-09-24,00:58,0,2,0,20.2,65.2,43,21,39,19,1.59,1.335
2017-09-24,00:58,0,0,0,20.2,65.2,43,20,39,20,1.635,1.35
2017-09-24,00:58,0,0,0,20.2,65.3,43,21,39,19,1.6,1.34
2017-09-24,00:59,0,0,0,20.2,65.3,43,21,39,19,1.595,1.335
2017-09-24,00:59,0,3,0,20.2,65.4,43,21,39,19,1.625,1.35
2017-09-24,00:59,0,0,0,20.2,65.3,43,21,39,19,1.58,1.35
2017-09-24,00:59,0,0,0,20.2,65.2,43,21,40,19,1.595,1.355
2017-09-24,00:59,0,0,0,20.2,65.2,43,21,39,19,1.585,1.36
2017-09-24,00:59,0,0,0,20.2,65.3,43,21,39,19,1.585,1.325
2017-09-24,00:59,0,0,0,20.2,65.4,43,21,39,19,1.58,1.325
2017-09-24,00:59,0,0,0,20.2,65.5,43,21,39,19,1.575,1.325
2017-09-24,01:00,0,1,0,20.2,65.6,43,21,39,19,1.57,1.37
2017-09-24,01:00,0,0,0,20.2,65.6,43,21,40,19,1.595,1.345
2017-09-24,01:00,0,0,0,20.2,65.6,43,21,39,20,1.6,1.345
2017-09-24,01:00,0,0,0,20.2,65.7,43,21,39,19,1.58,1.355
2017-09-24,01:00,0,0,0,20.2,65.7,43,21,39,19,1.57,1.34
2017-09-24,01:00,0,0,0,20.2,65.6,43,21,39,19,1.565,1.355
2017-09-24,01:00,0,4,0,20.2,65.5,43,21,39,19,1.7,1.385
2017-09-24,01:00,0,0,0,20.2,65.4,43,21,39,19,1.605,1.345
2017-09-24,01:01,0,0,0,20.2,65.4,43,21,39,19,1.585,1.325
2017-09-24,01:01,0,0,0,20.2,65.5,43,21,39,19,1.6,1.335
2017-09-24,01:01,0,0,0,20.2,65.6,43,21,39,19,1.58,1.34
2017-09-24,01:01,0,0,0,20.2,65.6,43,21,39,19,1.58,1.34
2017-09-24,01:01,0,0,0,20.2,65.6,43,21,39,19,1.57,1.335
2017-09-24,01:01,0,0,0,20.2,65.6,43,20,39,19,1.615,1.33
2017-09-24,01:01,0,0,0,20.2,65.6,43,21,39,19,1.585,1.34
2017-09-24,01:01,0,3,0,20.2,65.6,43,21,39,19,1.565,1.32
2017-09-24,01:01,0,0,0,20.2,65.6,43,21,39,19,1.62,1.35
2017-09-24,01:02,0,0,0,20.2,65.5,43,21,39,19,1.57,1.335
2017-09-24,01:02,0,1,0,20.2,65.4,43,21,39,19,1.6,1.33
2017-09-24,01:02,0,0,0,20.2,65.4,43,21,39,19,1.61,1.35
2017-09-24,01:02,0,0,0,20.2,65.4,43,21,39,19,1.575,1.345
2017-09-24,01:02,0,2,0,20.2,65.4,43,21,39,19,1.585,1.33
2017-09-24,01:02,0,0,0,20.2,65.3,43,20,39,20,1.605,1.345
2017-09-24,01:02,0,0,0,20.2,65.3,43,21,39,19,1.6,1.375
2017-09-24,01:02,0,1,0,20.2,65.3,43,21,39,19,1.59,1.34
2017-09-24,01:03,0,0,0,20.2,65.4,43,21,39,19,1.585,1.33
2017-09-24,01:03,0,0,0,20.2,65.5,43,21,39,19,1.595,1.35
2017-09-24,01:03,0,0,0,20.2,65.6,43,21,39,19,1.57,1.33
2017-09-24,01:03,0,0,0,20.2,65.6,43,20,39,20,1.61,1.35
2017-09-24,01:03,0,0,0,20.2,65.5,43,21,39,19,1.585,1.34
2017-09-24,01:03,0,1,0,20.2,65.4,43,21,39,19,1.58,1.32
2017-09-24,01:03,0,0,0,20.2,65.5,43,21,39,19,1.67,1.345
2017-09-24,01:03,0,0,0,20.2,65.5,43,21,39,19,1.585,1.355
2017-09-24,01:04,0,2,0,20.2,65.6,43,21,39,19,1.575,1.335
2017-09-24,01:04,0,0,0,20.2,65.6,43,21,39,19,1.585,1.325
2017-09-24,01:04,0,0,0,20.2,65.6,43,21,39,19,1.585,1.35
2017-09-24,01:04,0,0,0,20.2,65.6,43,21,39,19,1.57,1.35
2017-09-24,01:04,0,0,0,20.2,65.6,43,21,39,19,1.585,1.34
2017-09-24,01:04,0,0,0,20.2,65.6,43,21,39,19,1.59,1.33
2017-09-24,01:04,0,0,0,20.2,65.6,43,21,39,19,1.585,1.345
2017-09-24,01:04,0,0,0,20.2,65.5,43,21,39,19,1.585,1.34
2017-09-24,01:04,0,0,0,20.2,65.6,43,21,39,20,1.585,1.315
2017-09-24,01:05,0,0,0,20.2,65.6,43,21,39,19,1.565,1.325
2017-09-24,01:05,0,0,0,20.2,65.6,43,21,39,19,1.58,1.345
2017-09-24,01:05,0,0,0,20.2,65.6,43,21,39,19,1.59,1.33
2017-09-24,01:05,0,0,0,20.2,65.5,43,21,39,19,1.585,1.33
2017-09-24,01:05,0,0,0,20.2,65.5,43,21,40,19,1.62,1.345
2017-09-24,01:05,0,0,0,20.2,65.6,43,21,39,20,1.575,1.325
2017-09-24,01:05,0,0,0,20.2,65.6,43,20,39,19,1.6,1.345
2017-09-24,01:05,0,0,0,20.2,65.7,43,21,39,19,1.56,1.345
2017-09-24,01:06,0,2,0,20.2,65.7,43,21,39,19,1.575,1.315
2017-09-24,01:06,0,0,0,20.2,65.7,43,21,40,19,1.6,1.335
2017-09-24,01:06,0,0,0,20.2,65.6,43,21,40,19,1.58,1.355
2017-09-24,01:06,0,1,0,20.2,65.5,43,20,39,19,1.58,1.325
2017-09-24,01:06,0,0,0,20.2,65.5,43,21,39,19,1.605,1.315
2017-09-24,01:06,0,2,0,20.2,65.6,43,21,39,19,1.59,1.34
2017-09-24,01:06,0,0,0,20.2,65.7,43,21,39,19,1.56,1.32
2017-09-24,01:06,0,0,0,20.2,65.6,43,21,39,19,1.59,1.325
2017-09-24,01:07,0,0,0,20.2,65.5,43,21,39,19,1.59,1.335
2017-09-24,01:07,0,0,0,20.2,65.5,43,21,40,19,1.585,1.325
2017-09-24,01:07,0,0,0,20.2,65.5,43,21,39,19,1.56,1.34
2017-09-24,01:07,0,0,0,20.2,65.5,43,21,39,19,1.585,1.345
2017-09-24,01:07,0,2,0,20.2,65.7,43,21,39,19,1.575,1.32
2017-09-24,01:07,0,0,0,20.2,65.8,43,21,39,19,1.57,1.325
2017-09-24,01:07,0,0,0,20.2,65.8,43,21,39,19,1.585,1.315
2017-09-24,01:07,0,0,0,20.2,65.8,43,21,39,19,1.765,1.325
2017-09-24,01:07,0,0,0,20.2,65.7,43,21,39,19,1.56,1.315
2017-09-24,01:08,0,0,0,20.2,65.7,43,20,39,19,1.585,1.335
2017-09-24,01:08,0,2,0,20.2,65.7,43,21,39,19,1.55,1.355
2017-09-24,01:08,0,0,0,20.2,65.6,43,21,39,19,1.58,1.33
2017-09-24,01:08,0,0,0,20.2,65.6,43,21,40,19,1.555,1.335
2017-09-24,01:08,0,0,0,20.2,65.6,43,21,39,19,1.58,1.355
2017-09-24,01:08,0,0,0,20.2,65.6,43,21,39,19,1.585,1.31
2017-09-24,01:08,0,0,0,20.2,65.7,43,21,39,19,1.57,1.325
2017-09-24,01:08,0,0,0,20.2,65.7,43,21,39,19,1.555,1.325
2017-09-24,01:09,0,0,0,20.2,65.7,43,21,39,19,1.57,1.325
2017-09-24,01:09,0,0,0,20.2,65.7,43,21,39,19,1.6,1.305
2017-09-24,01:09,0,0,0,20.2,65.8,43,21,39,19,1.575,1.325
2017-09-24,01:09,0,0,0,20.2,65.8,43,21,39,19,1.555,1.345
2017-09-24,01:09,0,0,0,20.2,65.7,43,21,39,19,1.58,1.3
2017-09-24,01:09,0,1,0,20.2,65.7,43,21,39,19,1.58,1.32
2017-09-24,01:09,0,0,0,20.2,65.7,43,21,39,19,1.585,1.305
2017-09-24,01:09,0,0,0,20.2,65.6,43,21,39,19,1.55,1.335
2017-09-24,01:10,0,0,0,20.2,65.6,43,21,39,19,1.565,1.3
2017-09-24,01:10,0,1,0,20.2,65.6,43,21,39,19,1.565,1.315
2017-09-24,01:10,0,1,0,20.2,65.6,43,21,39,19,1.555,1.32
2017-09-24,01:10,0,0,0,20.2,65.7,43,21,39,19,1.565,1.325
2017-09-24,01:10,0,0,0,20.2,65.8,43,21,39,19,1.575,1.31
2017-09-24,01:10,0,0,0,20.2,65.8,43,21,39,19,1.565,1.325
2017-09-24,01:10,0,0,0,20.2,65.9,43,21,39,19,1.555,1.34
2017-09-24,01:10,0,1,0,20.2,65.9,43,20,39,19,1.61,1.31
2017-09-24,01:11,0,0,0,20.2,66.0,43,21,39,20,1.56,1.305
2017-09-24,01:11,1,0,0,20.2,65.8,43,21,39,19,1.57,1.305
2017-09-24,01:11,0,1,0,20.2,65.8,43,20,39,19,1.56,1.3
2017-09-24,01:11,0,0,0,20.2,65.8,43,21,39,20,1.555,1.32
2017-09-24,01:11,0,5,0,20.2,65.7,43,21,39,19,1.545,1.315
2017-09-24,01:11,0,0,0,20.2,65.7,43,21,39,19,1.56,1.325
2017-09-24,01:11,0,0,0,20.2,65.7,43,21,39,19,1.565,1.325
2017-09-24,01:11,0,0,0,20.2,65.7,43,21,39,19,1.56,1.31
2017-09-24,01:11,0,0,0,20.2,65.6,43,21,39,19,1.575,1.31
2017-09-24,01:12,0,0,0,20.2,65.7,43,21,39,19,1.57,1.305
2017-09-24,01:12,0,0,0,20.2,65.6,43,21,39,19,1.575,1.3
2017-09-24,01:12,0,0,0,20.2,65.6,43,21,39,19,1.565,1.315
2017-09-24,01:12,0,0,0,20.2,65.7,43,21,39,19,1.57,1.31
2017-09-24,01:12,0,0,0,20.2,65.7,43,21,39,19,1.55,1.315
2017-09-24,01:12,0,0,0,20.2,65.7,43,21,39,19,1.555,1.335
2017-09-24,01:12,0,0,0,20.2,65.7,43,21,39,19,1.555,1.32
2017-09-24,01:12,0,0,0,20.2,65.6,43,21,39,19,1.56,1.365
2017-09-24,01:13,0,0,0,20.2,65.7,43,21,39,19,1.55,1.32
2017-09-24,01:13,0,0,0,20.2,65.6,43,21,39,19,1.565,1.32
2017-09-24,01:13,0,0,0,20.2,65.6,43,21,39,19,1.57,1.325
2017-09-24,01:13,0,0,0,20.2,65.7,43,21,39,19,1.565,1.32
2017-09-24,01:13,0,0,1,20.2,65.8,43,20,39,19,1.685,1.325
2017-09-24,01:13,0,0,0,20.2,65.9,43,21,39,19,1.55,1.32
2017-09-24,01:13,0,0,0,20.2,65.9,43,21,39,19,1.545,1.305
2017-09-24,01:13,0,0,0,20.2,65.8,43,21,39,19,1.565,1.3
2017-09-24,01:14,0,0,0,20.2,65.6,43,21,39,19,1.575,1.315
2017-09-24,01:14,0,0,0,20.2,65.7,43,21,39,19,1.56,1.315
2017-09-24,01:14,0,0,0,20.2,65.7,43,21,39,19,1.55,1.33
2017-09-24,01:14,0,0,0,20.2,65.8,43,20,39,19,1.555,1.31
2017-09-24,01:14,0,0,0,20.2,65.9,43,20,39,20,1.575,1.32
2017-09-24,01:14,0,5,0,20.2,65.7,43,21,39,19,1.555,1.315
2017-09-24,01:14,0,0,0,20.2,65.7,43,20,39,19,1.555,1.325
2017-09-24,01:14,0,0,0,20.2,65.7,43,21,39,19,1.57,1.31
2017-09-24,01:14,0,0,0,20.2,65.6,43,21,39,19,1.605,1.315
2017-09-24,01:15,0,0,0,20.2,65.7,43,21,39,19,1.555,1.32
2017-09-24,01:15,0,0,0,20.2,65.6,43,20,39,19,1.555,1.305
2017-09-24,01:15,0,3,0,20.2,65.7,43,20,39,19,1.555,1.315
2017-09-24,01:15,0,0,0,20.2,65.7,43,21,39,19,1.55,1.33
2017-09-24,01:15,0,0,0,20.2,65.7,42,21,39,19,1.575,1.32
2017-09-24,01:15,0,0,0,20.2,65.7,43,21,39,19,1.56,1.34
2017-09-24,01:15,0,0,0,20.2,65.7,43,20,39,19,1.55,1.31
2017-09-24,01:15,0,0,0,20.2,65.8,43,20,39,20,1.56,1.31
2017-09-24,01:16,0,0,0,20.2,65.8,43,21,39,19,1.555,1.445
2017-09-24,01:16,0,0,0,20.2,65.9,43,21,39,19,1.56,1.315
2017-09-24,01:16,0,1,0,20.2,65.9,43,21,39,19,1.57,1.3
2017-09-24,01:16,0,0,0,20.2,65.9,43,21,39,19,1.565,1.31
2017-09-24,01:16,0,0,0,20.2,65.8,43,21,40,19,1.545,1.31
2017-09-24,01:16,0,0,0,20.2,65.8,43,20,39,19,1.56,1.295
2017-09-24,01:16,0,1,0,20.2,65.7,43,21,39,19,1.565,1.32
2017-09-24,01:16,0,0,0,20.2,65.7,43,21,39,19,1.55,1.31
2017-09-24,01:17,0,0,0,20.2,65.6,43,21,39,19,1.565,1.31
2017-09-24,01:17,0,0,0,20.2,65.7,43,21,39,19,1.545,1.31
2017-09-24,01:17,0,0,0,20.2,65.8,43,20,39,19,1.55,1.3
2017-09-24,01:17,0,0,0,20.2,65.8,43,21,39,19,1.535,1.305
2017-09-24,01:17,0,0,0,20.2,65.9,43,21,39,19,1.54,1.295
2017-09-24,01:17,0,0,0,20.2,65.8,43,21,39,19,1.56,1.32
2017-09-24,01:17,0,0,0,20.2,65.8,43,21,39,19,1.545,1.315
2017-09-24,01:17,0,0,0,20.2,66.0,43,21,39,19,1.545,1.31
2017-09-24,01:17,1,0,0,20.2,66.0,43,21,39,19,1.54,1.31
2017-09-24,01:18,0,0,0,20.2,65.8,43,20,39,20,1.56,1.305
2017-09-24,01:18,0,0,0,20.2,65.9,43,21,39,19,1.555,1.31
2017-09-24,01:18,0,0,0,20.2,65.9,43,21,39,19,1.54,1.32
2017-09-24,01:18,0,0,0,20.2,65.7,43,21,39,19,1.555,1.295
2017-09-24,01:18,0,0,0,20.2,65.6,43,21,39,19,1.565,1.315
2017-09-24,01:18,0,0,0,20.2,65.6,43,21,39,19,1.535,1.31
2017-09-24,01:18,0,0,0,20.2,65.6,43,20,39,19,1.55,1.305
2017-09-24,01:18,0,0,0,20.2,65.5,43,20,39,19,1.545,1.3
2017-09-24,01:19,0,0,0,20.2,65.6,43,21,39,19,1.56,1.31
2017-09-24,01:19,0,0,0,20.2,65.7,43,21,39,19,1.56,1.32
2017-09-24,01:19,0,0,0,20.2,65.7,43,21,39,19,1.645,1.31
2017-09-24,01:19,0,0,0,20.2,65.7,43,21,39,19,1.545,1.31
2017-09-24,01:19,0,0,0,20.2,65.7,43,21,39,19,1.62,1.295
2017-09-24,01:19,0,0,0,20.2,65.7,43,21,39,19,1.53,1.31
2017-09-24,01:19,0,0,0,20.2,65.7,43,21,39,19,1.555,1.295
2017-09-24,01:19,0,0,0,20.2,65.5,43,21,39,19,1.545,1.31
2017-09-24,01:20,0,0,1,20.2,65.4,43,21,39,19,1.575,1.32
2017-09-24,01:20,0,0,0,20.2,65.5,43,21,39,19,1.555,1.32
2017-09-24,01:20,0,0,0,20.2,65.5,43,21,39,19,1.535,1.3
2017-09-24,01:20,0,2,0,20.2,65.4,42,20,39,20,1.57,1.295
2017-09-24,01:20,0,0,0,20.2,65.6,43,21,39,19,1.535,1.3
2017-09-24,01:20,0,0,0,20.2,65.7,43,21,39,19,1.565,1.31
2017-09-24,01:20,0,0,0,20.2,65.7,43,21,39,19,1.54,1.32
2017-09-24,01:20,0,0,0,20.2,65.6,43,21,39,19,1.565,1.305
2017-09-24,01:21,0,0,0,20.2,65.5,43,21,39,19,1.53,1.3
2017-09-24,01:21,0,0,0,20.2,65.4,43,21,39,19,1.565,1.31
2017-09-24,01:21,0,0,0,20.2,65.4,42,21,39,19,1.55,1.32
2017-09-24,01:21,0,0,0,20.2,65.5,43,20,39,19,1.565,1.295
2017-09-24,01:21,0,0,0,20.2,65.5,43,21,39,19,1.57,1.325
2017-09-24,01:21,0,0,0,20.2,65.7,43,21,39,19,1.545,1.295
2017-09-24,01:21,0,0,0,20.2,65.8,42,21,39,19,1.55,1.31
2017-09-24,01:21,0,0,0,20.2,65.7,43,20,39,19,1.54,1.32
2017-09-24,01:21,0,0,0,20.2,65.8,43,21,39,19,1.57,1.31
2017-09-24,01:22,0,0,0,20.2,65.7,43,21,39,19,1.56,1.3
2017-09-24,01:22,0,0,0,20.2,65.5,43,21,39,19,1.54,1.32
2017-09-24,01:22,0,0,0,20.2,65.3,43,21,39,19,1.555,1.315
2017-09-24,01:22,0,0,0,20.2,65.3,43,21,39,19,1.565,1.29
2017-09-24,01:22,0,0,0,20.2,65.2,42,21,39,19,1.54,1.295
2017-09-24,01:22,0,1,0,20.2,65.2,43,21,39,19,1.545,1.315
2017-09-24,01:22,0,0,0,20.2,65.3,43,21,39,19,1.565,1.32
2017-09-24,01:22,0,0,0,20.2,65.4,43,21,39,19,1.57,1.335
2017-09-24,01:23,0,0,0,20.2,65.4,42,21,39,19,1.535,1.32
2017-09-24,01:23,0,0,0,20.2,65.4,43,21,39,19,1.535,1.295
2017-09-24,01:23,0,0,0,20.2,65.4,43,20,39,19,1.56,1.29
2017-09-24,01:23,0,0,0,20.2,65.6,43,21,39,20,1.56,1.305
2017-09-24,01:23,0,0,0,20.2,65.6,43,21,39,19,1.555,1.31
2017-09-24,01:23,0,0,0,20.2,65.4,43,21,39,19,1.525,1.31
2017-09-24,01:23,0,0,0,20.2,65.3,43,21,39,19,1.57,1.295
2017-09-24,01:23,0,0,0,20.2,65.2,43,21,39,19,1.565,1.305
2017-09-24,01:24,0,0,0,20.2,65.2,43,21,39,19,1.56,1.3
2017-09-24,01:24,0,0,0,20.2,65.2,43,21,39,19,1.785,1.315
2017-09-24,01:24,0,0,0,20.2,65.3,43,21,39,19,1.535,1.31
2017-09-24,01:24,0,0,0,20.2,65.3,43,21,39,19,1.55,1.315
2017-09-24,01:24,0,0,0,20.2,65.3,43,21,39,19,1.565,1.32
2017-09-24,01:24,0,0,0,20.2,65.5,43,21,39,19,1.565,1.325
2017-09-24,01:24,0,0,0,20.2,65.4,43,21,39,19,1.555,1.335
2017-09-24,01:24,0,0,0,20.2,65.3,43,21,39,19,1.545,1.32
2017-09-24,01:24,0,0,0,20.2,65.2,43,21,39,19,1.555,1.305
2017-09-24,01:25,0,0,0,20.2,65.1,43,20,39,19,1.56,1.3
2017-09-24,01:25,0,0,0,20.2,65.3,43,21,39,19,1.58,1.305
2017-09-24,01:25,0,0,0,20.2,65.5,43,21,39,19,1.54,1.315
2017-09-24,01:25,0,0,0,20.2,65.5,43,21,39,19,1.54,1.295
2017-09-24,01:25,0,0,0,20.2,65.5,42,21,39,19,1.58,1.31
2017-09-24,01:25,0,0,0,20.2,65.5,43,21,39,19,1.555,1.305
2017-09-24,01:25,0,0,0,20.2,65.5,43,21,39,19,1.54,1.29
2017-09-24,01:25,0,0,0,20.2,65.5,43,20,39,19,1.56,1.295
2017-09-24,01:26,0,0,0,20.2,65.5,43,21,39,19,1.555,1.33
2017-09-24,01:26,0,0,0,20.2,65.4,43,20,39,19,1.54,1.305
2017-09-24,01:26,0,0,0,20.2,65.3,43,21,39,19,1.54,1.3
2017-09-24,01:26,0,0,0,20.2,65.1,43,21,39,19,1.545,1.32
2017-09-24,01:26,0,0,0,20.2,65.1,43,21,39,19,1.54,1.29
2017-09-24,01:26,0,0,0,20.2,65.1,43,21,39,19,1.555,1.285
2017-09-24,01:26,0,0,0,20.2,65.3,43,21,39,19,1.575,1.3
2017-09-24,01:26,0,0,0,20.2,65.3,43,21,39,19,1.565,1.3
2017-09-24,01:27,0,0,0,20.2,65.2,43,21,39,19,1.53,1.365
2017-09-24,01:27,0,0,0,20.2,65.3,43,21,39,19,1.53,1.295
2017-09-24,01:27,0,0,0,20.2,65.5,43,20,39,19,1.625,1.3
2017-09-24,01:27,0,3,0,20.2,65.3,43,21,39,19,1.54,1.305
2017-09-24,01:27,0,0,0,20.2,65.2,43,21,39,19,1.55,1.295
2017-09-24,01:27,0,0,0,20.2,65.1,43,21,39,19,1.56,1.3
2017-09-24,01:27,0,0,0,20.2,65.1,43,21,39,19,1.55,1.315
2017-09-24,01:27,0,0,0,20.2,65.2,43,21,39,19,1.555,1.295
2017-09-24,01:27,0,0,0,20.2,65.2,43,21,39,19,1.565,1.295
2017-09-24,01:28,0,3,0,20.2,65.1,43,21,39,19,1.54,1.305
2017-09-24,01:28,0,0,0,20.2,65.0,43,21,39,19,1.54,1.315
2017-09-24,01:28,0,1,0,20.2,65.1,43,21,39,19,1.565,1.295
2017-09-24,01:28,0,0,0,20.2,65.3,42,21,39,19,1.54,1.305
2017-09-24,01:28,0,0,0,20.2,65.3,43,21,39,19,1.53,1.29
2017-09-24,01:28,0,2,0,20.2,65.3,43,20,39,19,1.565,1.3
2017-09-24,01:28,0,0,0,20.2,65.3,43,21,39,19,1.56,1.31
2017-09-24,01:28,0,0,0,20.2,65.2,43,21,39,19,1.53,1.3
2017-09-24,01:29,0,0,0,20.2,65.0,43,21,39,19,1.565,1.295
2017-09-24,01:29,0,0,0,20.2,65.0,43,21,39,19,1.525,1.31
2017-09-24,01:29,0,0,0,20.2,64.9,43,20,39,19,1.565,1.305
2017-09-24,01:29,0,0,0,20.2,65.0,43,21,39,19,1.535,1.295
2017-09-24,01:29,0,0,0,20.2,64.9,43,21,39,19,1.55,1.305
2017-09-24,01:29,0,0,0,20.2,64.9,43,21,39,19,1.545,1.3
2017-09-24,01:29,0,1,0,20.2,65.0,43,21,39,19,1.56,1.3
2017-09-24,01:29,0,0,0,20.2,65.0,43,21,39,19,1.545,1.29
2017-09-24,01:30,0,0,0,20.2,65.0,43,21,39,19,1.54,1.31
2017-09-24,01:30,0,0,0,20.2,65.0,43,21,39,20,1.545,1.32
2017-09-24,01:30,0,0,0,20.2,64.9,43,21,39,19,1.535,1.31
2017-09-24,01:30,0,0,0,20.2,64.9,43,20,39,19,1.545,1.3
2017-09-24,01:30,0,0,0,20.2,65.0,43,21,39,19,1.55,1.305
2017-09-24,01:30,0,0,0,20.2,65.3,43,21,39,19,1.55,1.295
2017-09-24,01:30,0,0,0,20.2,65.4,43,21,39,19,1.56,1.3
2017-09-24,01:30,0,0,0,20.2,65.5,43,21,39,19,1.55,1.39
2017-09-24,01:30,0,2,0,20.2,65.5,43,21,39,19,1.55,1.3
2017-09-24,01:31,0,0,0,20.2,65.4,43,21,39,19,1.54,1.305
2017-09-24,01:31,0,1,0,20.2,65.3,43,21,39,19,1.54,1.315
2017-09-24,01:31,0,0,0,20.2,65.2,43,21,39,19,1.55,1.295
2017-09-24,01:31,0,0,0,20.2,65.1,43,21,39,19,1.555,1.29
2017-09-24,01:31,0,0,0,20.1,65.1,43,21,39,19,1.55,1.3
2017-09-24,01:31,0,0,0,20.2,65.0,43,21,39,19,1.56,1.315
2017-09-24,01:31,0,0,0,20.2,65.0,43,21,39,19,1.535,1.3
2017-09-24,01:31,0,3,0,20.2,65.1,43,21,38,19,1.54,1.31
2017-09-24,01:32,0,1,0,20.2,65.1,43,21,39,19,1.57,1.3
2017-09-24,01:32,0,0,0,20.2,65.3,43,21,39,19,1.545,1.29
2017-09-24,01:32,0,3,0,20.2,65.4,43,21,39,19,1.52,1.29
2017-09-24,01:32,0,0,0,20.2,65.5,43,21,39,19,1.545,1.315
2017-09-24,01:32,0,0,0,20.2,65.5,43,20,39,19,1.56,1.32
2017-09-24,01:32,0,0,0,20.2,65.5,43,21,39,19,1.565,1.31
2017-09-24,01:32,0,0,0,20.2,65.3,43,21,39,19,1.555,1.29
2017-09-24,01:32,0,5,0,20.2,65.2,43,21,39,19,1.565,1.3
2017-09-24,01:33,0,0,0,20.2,65.2,43,21,39,19,1.535,1.295
2017-09-24,01:33,0,0,0,20.2,65.2,43,21,39,19,1.55,1.305
2017-09-24,01:33,0,0,0,20.2,65.4,43,21,39,19,1.555,1.34
2017-09-24,01:33,0,0,0,20.2,65.6,43,21,39,19,1.55,1.305
2017-09-24,01:33,0,0,0,20.2,65.5,43,21,39,19,1.535,1.29
2017-09-24,01:33,0,0,0,20.2,65.6,43,21,39,19,1.53,1.31
2017-09-24,01:33,0,1,0,20.2,65.6,43,20,39,19,1.755,1.47
2017-09-24,01:33,0,0,0,20.2,65.5,43,21,39,19,1.645,1.37
2017-09-24,01:34,0,0,0,20.2,65.4,43,21,39,19,1.62,1.355
2017-09-24,01:34,0,2,0,20.2,65.3,43,20,39,19,1.635,1.395
2017-09-24,01:34,0,0,0,20.2,65.3,43,21,39,19,1.645,1.37
2017-09-24,01:34,0,0,0,20.2,65.3,43,21,39,19,1.64,1.36
2017-09-24,01:34,0,0,0,20.2,65.2,43,21,39,19,1.625,1.38
2017-09-24,01:34,0,0,0,20.2,65.2,43,21,39,19,1.64,1.375
2017-09-24,01:34,0,0,0,20.2,65.2,43,21,39,19,1.62,1.385
2017-09-24,01:34,0,0,0,20.2,65.1,43,20,39,19,1.645,1.35
2017-09-24,01:34,0,4,0,20.2,65.2,43,21,39,19,1.64,1.39
2017-09-24,01:35,0,0,0,20.2,65.5,43,21,39,19,1.61,1.375
2017-09-24,01:35,0,0,0,20.2,65.6,43,21,39,19,1.615,1.37
2017-09-24,01:35,0,0,0,20.2,65.7,43,21,39,19,1.645,1.37
2017-09-24,01:35,0,0,0,20.2,65.7,43,21,39,19,1.65,1.37
2017-09-24,01:35,0,0,0,20.2,65.5,43,20,39,19,1.63,1.36
2017-09-24,01:35,0,0,0,20.2,65.4,43,21,39,19,1.62,1.385
2017-09-24,01:35,0,0,0,20.2,65.4,43,21,39,19,1.64,1.365
2017-09-24,01:35,0,0,0,20.2,65.4,43,21,39,19,1.7,1.38
2017-09-24,01:36,0,0,0,20.2,65.4,43,21,39,19,1.615,1.355
2017-09-24,01:36,0,3,0,20.2,65.3,43,20,39,19,1.635,1.365
2017-09-24,01:36,0,0,0,20.2,65.5,43,20,39,19,1.625,1.38
2017-09-24,01:36,0,0,0,20.2,65.4,43,21,39,19,1.625,1.36
2017-09-24,01:36,0,0,0,20.2,65.3,43,21,39,19,1.65,1.37
2017-09-24,01:36,0,0,0,20.2,65.1,43,21,39,19,1.64,1.365
2017-09-24,01:36,0,0,0,20.2,65.1,43,21,39,19,1.615,1.365
2017-09-24,01:36,0,1,0,20.2,65.2,43,20,39,19,1.645,1.355
2017-09-24,01:37,0,3,0,20.2,65.2,43,20,39,19,1.62,1.565
2017-09-24,01:37,0,0,0,20.2,65.1,43,20,38,19,1.63,1.355
2017-09-24,01:37,0,0,0,20.2,65.2,43,21,39,19,1.645,1.37
2017-09-24,01:37,0,0,0,20.2,65.2,43,20,39,19,1.63,1.385
2017-09-24,01:37,0,0,0,20.2,65.1,43,21,39,19,1.62,1.385
2017-09-24,01:37,0,0,0,20.2,65.2,43,20,39,19,1.645,1.36
2017-09-24,01:37,0,0,0,20.1,65.3,43,20,39,19,1.63,1.35
2017-09-24,01:37,0,0,0,20.2,65.1,43,20,39,19,1.61,1.37
2017-09-24,01:37,0,0,0,20.2,65.1,43,21,39,19,1.64,1.365
2017-09-24,01:38,0,0,0,20.2,65.0,43,21,39,19,1.625,1.365
2017-09-24,01:38,0,0,0,20.2,64.9,43,21,39,19,1.615,1.35
2017-09-24,01:38,0,0,0,20.2,65.0,43,20,39,19,1.655,1.37
2017-09-24,01:38,0,0,0,20.2,65.0,43,20,39,20,1.61,1.405
2017-09-24,01:38,0,0,0,20.2,65.1,43,21,39,19,1.64,1.37
2017-09-24,01:38,0,0,0,20.2,65.1,43,21,39,19,1.62,1.385
2017-09-24,01:38,0,0,0,20.2,65.2,43,20,39,19,1.64,1.345
2017-09-24,01:38,0,4,0,20.2,65.1,43,21,39,19,1.625,1.39
2017-09-24,01:39,0,0,0,20.2,65.1,43,21,39,19,1.63,1.355
2017-09-24,01:39,0,0,0,20.1,65.1,43,21,39,19,1.64,1.37
2017-09-24,01:39,0,0,0,20.2,65.1,43,21,39,19,1.63,1.35
2017-09-24,01:39,0,0,0,20.2,65.1,43,20,39,20,1.625,1.38
2017-09-24,01:39,0,0,0,20.2,65.0,43,20,39,19,1.595,1.36
2017-09-24,01:39,0,0,0,20.2,65.2,43,21,39,19,1.63,1.365
2017-09-24,01:39,0,0,0,20.2,65.3,42,21,39,19,1.615,1.375
2017-09-24,01:39,0,0,0,20.2,65.1,43,20,39,19,1.635,1.35
2017-09-24,01:40,0,1,0,20.2,65.0,43,20,39,19,1.61,1.375
2017-09-24,01:40,0,0,0,20.2,65.0,43,21,39,19,1.645,1.345
2017-09-24,01:40,0,0,0,20.2,65.0,43,21,39,19,1.62,1.385
2017-09-24,01:40,0,0,0,20.2,65.1,43,21,39,19,1.615,1.36
2017-09-24,01:40,0,0,0,20.2,65.0,43,20,39,19,1.625,1.36
2017-09-24,01:40,0,0,0,20.2,65.2,43,21,39,19,1.61,1.37
2017-09-24,01:40,0,0,0,20.2,65.2,43,21,39,19,1.64,1.36
2017-09-24,01:40,0,1,0,20.2,65.2,43,21,39,19,1.63,1.375
2017-09-24,01:40,0,1,0,20.2,65.0,43,20,39,19,1.635,1.375
2017-09-24,01:41,0,2,0,20.2,64.9,43,20,39,19,1.62,1.365
2017-09-24,01:41,0,0,0,20.2,64.8,43,21,39,19,1.63,1.36
2017-09-24,01:41,0,0,0,20.2,64.8,43,21,39,19,1.605,1.385
2017-09-24,01:41,0,0,0,20.2,64.8,43,21,39,19,1.605,1.355
2017-09-24,01:41,0,1,0,20.2,64.8,43,21,39,19,1.605,1.36
2017-09-24,01:41,0,2,0,20.2,64.8,43,21,39,19,1.635,1.345
2017-09-24,01:41,0,5,0,20.2,64.8,43,20,39,19,1.685,1.35
2017-09-24,01:41,0,0,0,20.2,64.8,43,20,39,19,1.6,1.36
2017-09-24,01:42,0,0,0,20.2,64.8,43,20,39,19,1.61,1.37
2017-09-24,01:42,0,0,0,20.2,64.7,43,21,39,19,1.62,1.39
2017-09-24,01:42,0,0,0,20.2,64.8,43,20,39,19,1.665,1.38
2017-09-24,01:42,0,0,0,20.2,65.0,43,21,39,19,1.615,1.38
2017-09-24,01:42,0,0,0,20.2,65.0,43,21,39,19,1.615,1.38
2017-09-24,01:42,0,0,0,20.1,65.0,43,21,39,19,1.635,1.365
2017-09-24,01:42,0,0,0,20.2,64.9,43,21,39,19,1.635,1.365
2017-09-24,01:42,0,0,0,20.2,64.9,43,21,39,19,1.615,1.38
2017-09-24,01:43,0,0,0,20.2,65.0,43,21,39,19,1.395,1.19
2017-09-24,01:43,0,0,1,20.2,65.0,43,20,38,19,1.395,1.185
2017-09-24,01:43,0,0,0,20.2,64.9,43,21,39,19,1.39,1.185
2017-09-24,01:43,0,1,0,20.2,64.8,43,21,39,19,1.385,1.185
2017-09-24,01:43,0,0,0,20.2,64.7,43,21,39,19,1.37,1.18
2017-09-24,01:43,0,0,0,20.2,64.7,43,21,39,19,1.37,1.19
2017-09-24,01:43,0,0,0,20.2,64.8,43,20,39,19,1.375,1.18
2017-09-24,01:43,0,0,0,20.2,64.7,43,21,39,19,1.39,1.19
2017-09-24,01:43,0,0,0,20.2,64.7,43,21,39,19,1.425,1.195
2017-09-24,01:44,0,0,0,20.2,64.8,43,21,39,19,1.405,1.18
2017-09-24,01:44,0,0,0,20.2,64.9,43,21,39,19,1.4,1.19
2017-09-24,01:44,0,0,0,20.2,64.8,43,21,39,19,1.375,1.185
2017-09-24,01:44,0,1,0,20.2,64.9,43,21,38,19,1.385,1.17
2017-09-24,01:44,0,0,0,20.2,64.8,43,21,39,19,1.385,1.18
2017-09-24,01:44,0,0,0,20.2,64.9,43,21,39,19,1.39,1.185
2017-09-24,01:44,0,0,0,20.2,64.9,43,21,39,19,1.37,1.175
2017-09-24,01:44,0,0,0,20.2,64.9,43,21,39,19,1.365,1.17
2017-09-24,01:45,0,0,0,20.2,65.1,43,21,39,19,1.375,1.17
2017-09-24,01:45,0,0,0,20.2,65.0,43,20,39,19,1.38,1.16
2017-09-24,01:45,0,0,0,20.2,65.0,43,20,39,19,1.37,1.195
2017-09-24,01:45,0,0,0,20.2,65.1,43,21,39,19,1.39,1.195
2017-09-24,01:45,0,1,0,20.2,65.1,43,20,39,19,1.395,1.18
2017-09-24,01:45,0,2,0,20.2,65.0,43,21,39,19,1.4,1.185
2017-09-24,01:45,0,0,0,20.1,65.1,43,20,39,19,1.395,1.185
2017-09-24,01:45,0,0,0,20.2,65.0,43,20,38,19,1.39,1.18
2017-09-24,01:46,0,0,0,20.2,65.0,43,21,39,19,1.395,1.18
2017-09-24,01:46,0,2,0,20.2,64.9,43,21,39,19,1.375,1.175
2017-09-24,01:46,0,0,0,20.2,64.9,43,21,39,19,1.375,1.175
2017-09-24,01:46,0,0,0,20.2,65.0,43,21,39,19,1.375,1.17
2017-09-24,01:46,0,0,0,20.2,65.0,43,21,39,19,1.37,1.18
2017-09-24,01:46,0,0,0,20.1,65.1,43,21,39,19,1.37,1.17
2017-09-24,01:46,0,0,0,20.2,65.2,43,21,39,19,1.38,1.17
2017-09-24,01:46,0,0,0,20.2,65.2,43,21,39,19,1.365,1.17
2017-09-24,01:47,0,0,0,20.1,65.2,43,21,39,19,1.365,1.175
2017-09-24,01:47,0,0,0,20.1,65.1,43,21,39,19,1.4,1.18
2017-09-24,01:47,0,2,0,20.2,65.1,43,21,39,19,1.39,1.185
2017-09-24,01:47,0,0,0,20.1,65.0,43,21,39,19,1.4,1.195
2017-09-24,01:47,0,0,0,20.1,65.1,43,21,39,19,1.375,1.18
2017-09-24,01:47,0,0,0,20.2,65.1,43,20,39,19,1.37,1.17
2017-09-24,01:47,0,0,0,20.1,65.1,43,21,39,19,1.385,1.19
2017-09-24,01:47,0,0,0,20.1,65.3,43,20,39,19,1.375,1.175
2017-09-24,01:47,0,0,0,20.1,65.2,43,21,39,19,1.375,1.175
2017-09-24,01:48,0,0,0,20.1,65.2,43,21,39,19,1.38,1.185
2017-09-24,01:48,0,0,0,20.1,65.2,43,20,39,19,1.375,1.18
2017-09-24,01:48,0,0,0,20.2,65.1,43,20,39,19,1.375,1.185
2017-09-24,01:48,0,0,0,20.1,65.1,43,21,39,19,1.37,1.17
2017-09-24,01:48,0,0,0,20.1,65.1,43,20,39,19,1.405,1.17
2017-09-24,01:48,0,0,0,20.1,65.1,43,20,39,19,1.365,1.17
2017-09-24,01:48,0,0,0,20.1,65.0,43,20,39,19,1.38,1.175
2017-09-24,01:48,0,0,0,20.1,65.1,43,20,39,19,1.4,1.17
2017-09-24,01:49,0,0,0,20.2,65.2,42,20,39,19,1.37,1.175
2017-09-24,01:49,0,0,0,20.1,65.2,43,20,39,20,1.385,1.175
2017-09-24,01:49,0,0,0,20.1,65.3,42,20,39,19,1.39,1.185
2017-09-24,01:49,0,0,0,20.1,65.2,43,20,38,19,1.39,1.18
2017-09-24,01:49,0,0,0,20.1,65.1,43,20,39,19,1.42,1.18
2017-09-24,01:49,0,0,0,20.1,65.0,43,21,39,19,1.395,1.18
2017-09-24,01:49,0,0,0,20.1,65.2,42,20,39,19,1.375,1.165
2017-09-24,01:49,0,0,0,20.1,65.3,43,21,39,19,1.385,1.175
2017-09-24,01:50,0,0,0,20.1,65.2,43,20,39,19,1.375,1.185
2017-09-24,01:50,0,0,0,20.1,65.2,43,21,39,19,1.37,1.175
2017-09-24,01:50,0,0,0,20.2,65.2,43,21,39,19,1.375,1.175
2017-09-24,01:50,0,1,0,20.1,65.2,43,21,39,19,1.39,1.17
2017-09-24,01:50,0,0,0,20.2,65.1,43,21,39,19,1.38,1.175
2017-09-24,01:50,0,0,0,20.1,65.1,43,20,39,19,1.365,1.17
2017-09-24,01:50,0,0,0,20.1,65.1,43,21,39,19,1.39,1.175
2017-09-24,01:50,0,0,0,20.1,65.1,43,21,39,19,1.375,1.165
2017-09-24,01:50,0,0,0,20.1,65.4,43,21,39,19,1.385,1.18
2017-09-24,01:51,0,0,0,20.1,65.5,42,21,39,19,1.385,1.17
2017-09-24,01:51,0,0,0,20.1,65.5,43,21,39,19,1.37,1.17
2017-09-24,01:51,0,0,0,20.1,65.5,43,21,38,19,1.39,1.175
2017-09-24,01:51,0,0,0,20.1,65.4,43,20,39,19,1.365,1.165
2017-09-24,01:51,0,0,0,20.1,65.3,43,21,39,19,1.39,1.17
2017-09-24,01:51,0,0,0,20.1,65.2,43,20,39,19,1.375,1.175
2017-09-24,01:51,0,1,0,20.1,65.1,43,20,39,19,1.395,1.18
2017-09-24,01:51,0,2,0,20.1,65.1,43,21,39,19,1.365,1.16
2017-09-24,01:52,0,0,0,20.1,65.2,43,21,39,19,1.5,1.18
2017-09-24,01:52,0,0,0,20.1,65.3,43,21,39,19,1.375,1.17
2017-09-24,01:52,0,0,0,20.1,65.4,43,20,39,19,1.375,1.165
2017-09-24,01:52,0,0,0,20.1,65.4,43,20,39,19,1.385,1.18
2017-09-24,01:52,0,0,0,20.1,65.5,43,20,39,19,1.385,1.18
2017-09-24,01:52,0,0,0,20.1,65.4,43,21,39,19,1.375,1.175
2017-09-24,01:52,0,0,0,20.2,65.5,43,21,39,19,1.385,1.17
2017-09-24,01:52,0,0,0,20.1,65.5,42,21,39,20,1.37,1.175
2017-09-24,01:53,0,2,0,20.1,65.4,43,21,39,19,1.375,1.165
2017-09-24,01:53,0,0,0,20.1,65.4,43,21,39,19,1.395,1.175
2017-09-24,01:53,0,0,0,20.1,65.4,43,20,39,19,1.36,1.17
2017-09-24,01:53,0,0,0,20.1,65.3,43,21,38,19,1.41,1.17
2017-09-24,01:53,0,0,0,20.1,65.3,43,21,39,19,1.375,1.17
2017-09-24,01:53,0,0,0,20.1,65.2,42,21,39,19,1.365,1.17
2017-09-24,01:53,0,0,0,20.2,65.3,43,20,39,19,1.37,1.18
2017-09-24,01:53,0,2,0,20.2,65.3,43,20,38,19,1.395,1.21
2017-09-24,01:53,0,0,0,20.1,65.4,43,21,39,19,1.375,1.175
2017-09-24,01:54,0,0,0,20.2,65.4,42,21,39,19,1.385,1.17
2017-09-24,01:54,0,0,0,20.1,65.4,43,21,39,19,1.38,1.17
2017-09-24,01:54,0,0,0,20.1,65.4,43,21,39,19,1.365,1.165
2017-09-24,01:54,0,0,0,20.1,65.2,43,20,39,19,1.375,1.165
2017-09-24,01:54,0,0,0,20.1,65.3,43,21,39,19,1.375,1.19
2017-09-24,01:54,0,0,0,20.1,65.3,43,21,39,19,1.38,1.17
2017-09-24,01:54,0,0,0,20.1,65.3,42,21,39,19,1.38,1.17
2017-09-24,01:54,0,0,0,20.1,65.4,43,21,39,19,1.39,1.17
2017-09-24,01:55,0,0,0,20.1,65.4,43,21,39,19,1.395,1.185
2017-09-24,01:55,0,0,0,20.1,65.4,43,21,39,19,1.38,1.175
2017-09-24,01:55,0,0,0,20.1,65.3,43,20,39,19,1.365,1.175
2017-09-24,01:55,1,0,0,20.1,65.4,43,21,38,19,1.37,1.17
2017-09-24,01:55,0,2,0,20.1,65.5,42,21,39,19,1.375,1.165
2017-09-24,01:55,0,0,0,20.1,65.6,43,20,39,19,1.38,1.175
2017-09-24,01:55,0,1,0,20.1,65.6,43,21,39,19,1.36,1.145
2017-09-24,01:55,0,0,0,20.1,65.5,43,20,38,19,1.305,1.13
2017-09-24,01:56,0,0,0,20.1,65.5,43,20,39,19,1.325,1.13
2017-09-24,01:56,0,0,0,20.1,65.5,43,21,39,19,1.32,1.13
2017-09-24,01:56,0,0,0,20.1,65.4,43,21,39,19,1.315,1.135
2017-09-24,01:56,0,0,0,20.1,65.4,43,20,39,19,1.335,1.125
2017-09-24,01:56,0,0,0,20.1,65.4,43,21,39,19,1.315,1.125
2017-09-24,01:56,0,0,0,20.1,65.4,43,21,38,19,1.35,1.14
2017-09-24,01:56,0,0,0,20.1,65.4,43,21,39,19,1.33,1.115
2017-09-24,01:56,0,0,0,20.1,65.3,43,21,39,19,1.315,1.125
2017-09-24,01:56,0,1,0,20.1,65.4,43,21,39,19,1.355,1.125
2017-09-24,01:57,0,0,0,20.1,65.4,43,21,39,19,1.33,1.115
2017-09-24,01:57,0,0,0,20.1,65.4,43,21,39,19,1.305,1.18
2017-09-24,01:57,0,0,0,20.1,65.5,43,21,39,19,1.33,1.125
2017-09-24,01:57,0,0,0,20.1,65.6,43,20,39,19,1.33,1.12
2017-09-24,01:57,0,0,0,20.1,65.5,43,21,39,19,1.32,1.135
2017-09-24,01:57,0,0,0,20.1,65.4,43,21,39,19,1.32,1.135
2017-09-24,01:57,0,0,0,20.1,65.4,43,21,38,19,1.31,1.13
2017-09-24,01:57,0,0,0,20.1,65.4,43,20,39,20,1.315,1.12
2017-09-24,01:58,0,0,0,20.1,65.3,42,21,39,19,1.315,1.13
2017-09-24,01:58,1,0,0,20.1,65.4,43,21,39,19,1.33,1.12
2017-09-24,01:58,0,0,0,20.1,65.5,43,21,38,19,1.325,1.17
2017-09-24,01:58,0,0,0,20.1,65.5,43,21,39,19,1.32,1.12
2017-09-24,01:58,0,0,0,20.1,65.6,43,21,39,19,1.305,1.12
2017-09-24,01:58,1,0,0,20.1,65.5,43,21,39,19,1.32,1.115
2017-09-24,01:58,0,0,0,20.1,65.6,43,21,38,19,1.31,1.13
2017-09-24,01:58,0,0,0,20.1,65.5,43,20,39,19,1.325,1.12
2017-09-24,01:59,0,0,0,20.1,65.4,42,21,39,20,1.325,1.125
2017-09-24,01:59,0,0,0,20.1,65.4,43,21,39,19,1.31,1.125
2017-09-24,01:59,0,0,0,20.1,65.3,43,21,38,19,1.325,1.12
2017-09-24,01:59,0,0,0,20.1,65.4,43,21,39,19,1.325,1.13
2017-09-24,01:59,0,0,0,20.1,65.4,43,21,38,19,1.335,1.14
2017-09-24,01:59,0,0,0,20.1,65.4,43,21,38,19,1.305,1.13
2017-09-24,01:59,0,0,0,20.1,65.4,43,21,38,19,1.39,1.125
2017-09-24,01:59,0,0,0,20.1,65.6,43,20,39,19,1.31,1.115
2017-09-24,01:59,0,0,0,20.1,65.7,43,20,39,19,1.32,1.12
2017-09-24,02:00,0,0,0,20.1,65.7,43,21,39,19,1.34,1.12
2017-09-24,02:00,0,0,0,20.1,65.6,43,20,39,19,1.31,1.12
2017-09-24,02:00,0,1,0,20.1,65.7,43,20,39,19,1.315,1.12
2017-09-24,02:00,0,0,0,20.1,65.6,43,20,39,19,1.31,1.115
2017-09-24,02:00,0,0,0,20.1,65.6,43,21,39,19,1.295,1.125
2017-09-24,02:00,0,0,0,20.1,65.5,43,21,38,19,1.31,1.125
2017-09-24,02:00,0,0,0,20.1,65.4,43,21,39,19,1.315,1.135
2017-09-24,02:00,0,0,0,20.1,65.5,43,21,39,19,1.305,1.13
2017-09-24,02:01,0,0,0,20.1,65.5,43,21,38,19,1.305,1.13
2017-09-24,02:01,0,0,0,20.1,65.5,43,21,38,19,1.31,1.135
2017-09-24,02:01,0,0,0,20.1,65.5,43,21,39,19,1.305,1.14
2017-09-24,02:01,0,0,0,20.1,65.5,43,21,39,19,1.305,1.13
2017-09-24,02:01,0,0,0,20.1,65.5,43,21,38,19,1.305,1.125
2017-09-24,02:01,0,0,0,20.1,65.5,43,21,38,19,1.305,1.13
2017-09-24,02:01,0,0,0,20.1,65.5,43,20,39,19,1.32,1.115
2017-09-24,02:01,0,0,0,20.1,65.5,43,21,39,19,1.33,1.125
2017-09-24,02:02,0,0,0,20.1,65.6,43,21,39,19,1.485,1.12
2017-09-24,02:02,0,0,0,20.1,65.6,43,20,39,20,1.335,1.125
2017-09-24,02:02,0,0,0,20.1,65.6,42,21,39,19,1.335,1.125
2017-09-24,02:02,0,0,0,20.1,65.5,43,20,39,19,1.34,1.14
2017-09-24,02:02,0,0,0,20.1,65.5,42,21,39,19,1.3,1.12
2017-09-24,02:02,0,1,0,20.1,65.5,43,21,39,19,1.305,1.125
2017-09-24,02:02,0,0,0,20.1,65.6,43,21,39,19,1.325,1.125
2017-09-24,02:02,0,0,0,20.1,65.7,43,21,39,19,1.335,1.155
2017-09-24,02:02,0,0,0,20.1,65.7,43,21,39,19,1.315,1.13
2017-09-24,02:03,0,0,0,20.1,65.6,43,21,38,19,1.315,1.16
2017-09-24,02:03,0,0,0,20.1,65.6,43,21,38,19,1.3,1.125
2017-09-24,02:03,0,0,0,20.1,65.6,43,21,38,19,1.3,1.125
2017-09-24,02:03,0,0,0,20.1,65.6,43,20,39,19,1.31,1.12
2017-09-24,02:03,0,0,0,20.1,65.6,43,21,38,19,1.31,1.13
2017-09-24,02:03,0,0,0,20.1,65.6,43,21,38,19,1.3,1.125
2017-09-24,02:03,0,0,0,20.1,65.7,43,20,38,19,1.395,1.135
2017-09-24,02:03,0,0,0,20.1,65.7,43,21,38,19,1.3,1.15
2017-09-24,02:04,0,0,0,20.1,65.6,43,21,38,19,1.315,1.145
2017-09-24,02:04,0,0,0,20.1,65.6,43,21,38,19,1.315,1.125
2017-09-24,02:04,0,0,0,20.1,65.6,42,21,38,19,1.315,1.12
2017-09-24,02:04,0,0,0,20.1,65.6,43,20,39,19,1.31,1.115
2017-09-24,02:04,0,0,0,20.1,65.5,43,21,39,19,1.31,1.135
2017-09-24,02:04,0,0,0,20.1,65.5,42,21,39,19,1.31,1.135
2017-09-24,02:04,0,0,0,20.1,65.5,43,20,38,19,1.31,1.13
2017-09-24,02:04,0,0,0,20.1,65.5,43,21,38,19,1.315,1.13
2017-09-24,02:05,0,0,0,20.1,65.5,43,21,39,19,1.34,1.145
2017-09-24,02:05,0,0,0,20.1,65.6,43,21,39,19,1.325,1.13
2017-09-24,02:05,0,0,0,20.1,65.6,43,21,39,19,1.325,1.135
2017-09-24,02:05,0,0,0,20.1,65.6,43,21,38,19,1.33,1.125
2017-09-24,02:05,0,0,0,20.1,65.6,43,21,38,19,19.33,15.855
2017-09-24,02:05,0,0,0,20.1,65.6,42,21,39,19,19.205,15.73
2017-09-24,02:05,0,0,0,20.1,65.6,42,21,39,19,19.095,15.83
2017-09-24,02:05,0,0,0,20.1,65.7,42,21,39,19,19.1,15.735
2017-09-24,02:05,0,0,0,20.1,65.8,43,21,39,19,19.005,15.84
2017-09-24,02:06,0,0,0,20.1,65.8,43,21,38,19,19.1,15.695
2017-09-24,02:06,0,0,0,20.1,65.7,43,21,39,19,18.96,15.775
2017-09-24,02:06,0,0,0,20.1,65.6,43,21,39,19,19.035,15.875
2017-09-24,02:06,0,0,0,20.1,65.7,43,20,39,19,1.305,1.125
2017-09-24,02:06,0,0,0,20.1,65.6,43,21,39,19,1.32,1.125
2017-09-24,02:06,0,0,0,20.1,65.6,43,20,39,19,1.325,1.135
2017-09-24,02:06,0,3,0,20.1,65.6,43,21,39,19,1.32,1.125
2017-09-24,02:06,0,0,0,20.1,65.6,43,20,39,19,1.32,1.125
2017-09-24,02:07,0,0,0,20.1,65.6,43,21,39,19,1.315,1.145
2017-09-24,02:07,0,0,0,20.1,65.7,43,20,39,19,1.32,1.125
2017-09-24,02:07,0,4,0,20.1,65.8,43,21,39,19,1.33,1.13
2017-09-24,02:07,0,0,0,20.1,65.7,43,21,39,19,1.305,1.125
2017-09-24,02:07,0,0,0,20.1,65.8,43,20,39,19,1.305,1.115
2017-09-24,02:07,0,0,0,20.1,66.0,43,21,39,19,1.325,1.12
2017-09-24,02:07,0,0,0,20.1,65.9,43,20,39,19,1.31,1.125
2017-09-24,02:07,0,0,0,20.1,65.7,42,20,39,20,1.315,1.12
2017-09-24,02:08,0,6,0,20.1,65.7,43,20,39,19,1.305,1.14
2017-09-24,02:08,0,0,0,20.1,65.7,43,21,39,19,1.325,1.12
2017-09-24,02:08,0,0,0,20.1,65.7,42,21,40,19,1.305,1.12
2017-09-24,02:08,0,0,0,20.1,65.7,43,20,39,19,1.325,1.125
2017-09-24,02:08,0,0,0,20.1,65.7,43,21,39,19,1.325,1.135
2017-09-24,02:08,0,0,0,20.1,65.9,42,21,40,19,1.305,1.13
2017-09-24,02:08,0,0,0,20.1,65.9,43,20,40,20,1.32,1.125
2017-09-24,02:08,0,0,0,20.1,65.9,42,20,39,19,1.32,1.12
2017-09-24,02:08,0,0,0,20.1,65.8,43,21,39,19,1.305,1.125
2017-09-24,02:09,0,0,0,20.1,65.8,43,21,40,19,1.32,1.135
2017-09-24,02:09,0,0,0,20.1,65.8,43,21,39,19,1.32,1.13
2017-09-24,02:09,0,0,0,20.1,65.8,43,21,40,19,1.335,1.135
2017-09-24,02:09,0,0,0,20.1,65.7,43,21,39,19,1.335,1.135
2017-09-24,02:09,0,0,0,20.1,65.8,43,21,40,19,1.325,1.135
2017-09-24,02:09,0,0,0,20.1,65.8,42,21,40,19,1.34,1.14
2017-09-24,02:09,0,0,0,20.1,65.8,42,21,40,19,1.305,1.125
2017-09-24,02:09,0,0,0,20.1,65.8,43,21,40,19,1.305,1.12
2017-09-24,02:10,0,0,0,20.1,65.9,43,20,40,20,1.33,1.15
2017-09-24,02:10,0,0,0,20.1,66.0,42,20,40,19,1.34,1.13
2017-09-24,02:10,0,0,0,20.1,65.9,43,21,40,19,1.32,1.14
2017-09-24,02:10,0,0,0,20.1,65.8,43,21,40,19,1.33,1.14
2017-09-24,02:10,0,0,0,20.1,65.8,42,21,40,19,1.315,1.12
2017-09-24,02:10,0,0,0,20.1,65.7,42,20,40,19,1.325,1.13
2017-09-24,02:10,0,0,0,20.1,65.7,43,21,40,19,1.325,1.125
2017-09-24,02:10,0,0,0,20.1,65.8,43,20,40,19,1.305,1.135
2017-09-24,02:11,0,0,0,20.1,65.8,43,21,40,19,1.335,1.125
2017-09-24,02:11,0,0,0,20.1,65.8,42,21,40,19,1.315,1.125
2017-09-24,02:11,0,0,0,20.1,65.8,43,20,40,19,1.325,1.135
2017-09-24,02:11,0,0,0,20.1,65.8,43,20,40,19,1.35,1.14
2017-09-24,02:11,0,2,0,20.1,66.0,43,21,40,19,1.325,1.135
2017-09-24,02:11,0,0,0,20.1,66.0,43,21,40,19,1.315,1.125
2017-09-24,02:11,0,0,0,20.1,65.9,43,21,40,19,1.325,1.135
2017-09-24,02:11,0,0,0,20.1,65.8,43,21,40,19,1.325,1.135
2017-09-24,02:11,0,0,0,20.1,65.9,43,21,40,19,1.315,1.125
2017-09-24,02:12,0,0,0,20.1,65.9,43,21,40,19,1.325,1.125
2017-09-24,02:12,0,1,0,20.1,65.8,43,20,40,20,1.335,1.195
2017-09-24,02:12,0,0,0,20.1,65.8,43,21,40,19,1.325,1.16
2017-09-24,02:12,0,0,0,20.1,65.8,43,20,40,19,1.315,1.125
2017-09-24,02:12,0,0,0,20.1,65.8,42,21,40,19,1.325,1.13
2017-09-24,02:12,0,0,0,20.1,65.8,42,20,40,19,1.315,1.125
2017-09-24,02:12,0,0,0,20.1,65.8,42,21,40,19,1.315,1.125
2017-09-24,02:12,0,5,0,20.1,65.7,43,20,40,19,1.33,1.135
2017-09-24,02:13,0,0,0,20.1,65.8,43,21,40,19,1.34,1.135
2017-09-24,02:13,0,0,0,20.1,65.9,43,20,40,19,1.325,1.145
2017-09-24,02:13,0,0,0,20.1,65.9,42,21,40,19,1.325,1.14
2017-09-24,02:13,0,5,0,20.1,65.9,43,20,40,19,1.31,1.135
2017-09-24,02:13,0,0,0,20.1,65.8,43,20,40,19,1.31,1.14
2017-09-24,02:13,0,0,0,20.1,65.8,42,21,40,19,1.325,1.125
2017-09-24,02:13,0,2,0,20.1,65.8,42,20,40,19,1.31,1.135
2017-09-24,02:13,0,0,0,20.1,65.8,43,20,40,20,1.335,1.13
2017-09-24,02:14,0,0,0,20.1,65.9,42,20,40,19,1.32,1.13
2017-09-24,02:14,0,0,0,20.1,66.0,42,21,40,19,1.325,1.125
2017-09-24,02:14,0,0,0,20.1,66.0,42,21,40,19,1.305,1.13
2017-09-24,02:14,0,0,0,20.1,66.0,43,20,40,19,1.325,1.145
2017-09-24,02:14,0,0,0,20.1,66.0,42,20,40,19,1.305,1.14
2017-09-24,02:14,0,0,0,20.1,65.9,42,21,40,19,1.325,1.13
2017-09-24,02:14,0,0,0,20.1,65.8,42,21,40,19,1.325,1.135
2017-09-24,02:14,0,1,0,20.1,65.8,42,20,40,19,1.31,1.135
2017-09-24,02:14,0,0,0,20.1,65.8,43,20,40,19,1.33,1.13
2017-09-24,02:15,0,0,0,20.1,65.8,43,21,40,20,1.31,1.13
2017-09-24,02:15,0,0,0,20.1,65.8,42,21,40,20,1.33,1.13
2017-09-24,02:15,0,0,0,20.1,65.8,42,21,40,19,1.33,1.135
2017-09-24,02:15,0,0,0,20.1,65.8,43,21,40,19,1.325,1.13
2017-09-24,02:15,0,0,0,20.1,65.9,42,20,40,19,1.33,1.135
2017-09-24,02:15,0,1,0,20.1,65.9,43,20,40,20,1.345,1.145
2017-09-24,02:15,0,0,0,20.1,65.9,43,21,40,19,1.335,1.14
2017-09-24,02:15,0,0,0,20.1,66.0,43,20,40,19,1.33,1.13
2017-09-24,02:16,0,0,0,20.1,65.9,42,20,40,19,1.32,1.145
2017-09-24,02:16,0,0,0,20.1,65.9,42,21,40,19,1.345,1.145
2017-09-24,02:16,0,0,0,20.1,66.0,42,20,40,19,1.33,1.135
2017-09-24,02:16,0,0,0,20.1,66.0,42,21,40,19,1.33,1.15
2017-09-24,02:16,0,0,0,20.1,66.0,42,21,40,19,1.325,1.135
2017-09-24,02:16,0,0,0,20.1,66.0,42,21,40,20,1.345,1.14
2017-09-24,02:16,0,0,0,20.1,66.1,42,21,40,19,1.355,1.135
2017-09-24,02:16,0,0,0,20.1,66.0,42,20,40,19,1.315,1.13
2017-09-24,02:17,0,0,0,20.1,66.0,43,20,40,19,1.5,1.13
2017-09-24,02:17,0,0,0,20.1,65.9,42,20,40,19,1.31,1.14
2017-09-24,02:17,0,0,0,20.1,66.0,43,21,40,19,1.31,1.13
2017-09-24,02:17,0,0,0,20.1,66.0,42,21,40,19,1.325,1.14
2017-09-24,02:17,0,0,0,20.1,65.9,43,21,40,19,1.315,1.135
2017-09-24,02:17,0,0,0,20.1,66.0,42,21,40,19,1.315,1.135
2017-09-24,02:17,0,0,0,20.1,66.1,43,20,40,19,1.315,1.135
2017-09-24,02:17,0,0,0,20.1,66.1,42,21,40,19,1.315,1.135
2017-09-24,02:18,0,0,0,20.1,66.0,43,20,40,20,1.37,1.135
2017-09-24,02:18,0,0,0,20.1,65.9,43,20,40,19,1.32,1.13
2017-09-24,02:18,0,0,0,20.1,66.0,43,21,40,19,1.335,1.13
2017-09-24,02:18,0,0,0,20.1,66.0,43,20,40,19,1.335,1.155
2017-09-24,02:18,0,0,0,20.1,66.0,42,21,40,19,1.33,1.14
2017-09-24,02:18,0,0,0,20.1,66.1,43,21,40,19,1.33,1.13
2017-09-24,02:18,0,0,0,20.1,66.1,43,20,40,19,1.325,1.14
2017-09-24,02:18,0,1,0,20.1,66.1,42,20,40,19,1.325,1.13
2017-09-24,02:18,0,0,0,20.1,66.1,42,21,40,19,1.33,1.125
2017-09-24,02:19,0,0,0,20.1,66.1,43,21,40,19,1.325,1.275
2017-09-24,02:19,0,0,0,20.1,66.1,43,20,40,19,1.31,1.14
2017-09-24,02:19,0,3,0,20.1,66.0,43,20,40,20,1.335,1.135
2017-09-24,02:19,1,0,0,20.1,66.0,43,21,40,19,1.325,1.13
2017-09-24,02:19,0,0,0,20.1,66.0,42,21,40,19,1.315,1.13
2017-09-24,02:19,0,0,0,20.1,66.0,43,21,40,19,1.32,1.13
2017-09-24,02:19,0,0,0,20.1,66.0,43,21,40,19,1.31,1.125
2017-09-24,02:19,0,0,0,20.1,66.0,43,20,40,19,1.31,1.13
2017-09-24,02:20,0,0,0,20.1,65.9,43,21,40,19,1.305,1.125
2017-09-24,02:20,0,0,0,20.1,66.0,43,21,40,20,1.325,1.145
2017-09-24,02:20,0,4,0,20.1,65.9,43,21,40,20,1.335,1.125
2017-09-24,02:20,0,0,0,20.1,65.8,43,20,40,19,1.325,1.125
2017-09-24,02:20,0,0,0,20.1,65.9,43,20,40,19,1.32,1.145
2017-09-24,02:20,0,0,0,20.1,65.9,42,20,40,19,1.32,1.145
2017-09-24,02:20,0,0,0,20.1,65.9,43,20,40,19,1.31,1.12
2017-09-24,02:20,0,0,0,20.1,66.0,42,21,40,19,1.31,1.13
2017-09-24,02:21,0,0,0,20.1,66.0,42,20,40,19,1.32,1.125
2017-09-24,02:21,0,0,0,20.1,66.1,42,20,40,19,1.31,1.13
2017-09-24,02:21,0,0,0,20.1,66.1,42,21,40,19,1.32,1.12
2017-09-24,02:21,0,0,0,20.1,66.1,42,21,40,19,1.305,1.125
2017-09-24,02:21,0,0,0,20.1,66.0,42,20,40,19,1.31,1.13
2017-09-24,02:21,0,0,0,20.1,66.0,42,21,40,19,1.325,1.16
2017-09-24,02:21,0,0,0,20.1,65.9,42,21,40,19,1.345,1.165
2017-09-24,02:21,0,0,0,20.1,65.8,42,21,40,19,1.335,1.135
2017-09-24,02:21,0,0,0,20.1,65.8,42,21,40,19,1.335,1.135
2017-09-24,02:22,0,0,0,20.1,65.8,42,21,40,19,1.315,1.225
2017-09-24,02:22,0,0,0,20.1,65.8,43,21,40,19,1.31,1.13
2017-09-24,02:22,0,0,0,20.1,65.9,42,20,40,19,1.325,1.13
2017-09-24,02:22,0,0,0,20.1,65.9,43,21,40,19,1.325,1.13
2017-09-24,02:22,0,0,0,20.1,66.0,42,21,40,19,1.305,1.12
2017-09-24,02:22,0,0,0,20.1,65.9,42,21,40,19,1.31,1.13
2017-09-24,02:22,0,0,0,20.1,66.0,43,21,40,19,1.31,1.12
2017-09-24,02:22,0,0,0,20.1,66.0,43,20,40,19,1.325,1.115
2017-09-24,02:23,0,0,0,20.1,65.9,42,20,40,19,1.33,1.125
2017-09-24,02:23,0,0,0,20.1,65.8,42,20,40,19,1.305,1.12
2017-09-24,02:23,0,0,0,20.1,65.8,43,21,40,19,1.315,1.14
2017-09-24,02:23,0,2,0,20.1,65.8,43,21,40,20,1.335,1.135
2017-09-24,02:23,0,4,0,20.1,65.8,42,21,40,20,1.325,1.125
2017-09-24,02:23,0,0,0,20.1,65.8,42,21,40,19,1.345,1.13
2017-09-24,02:23,0,0,0,20.1,66.0,42,20,40,19,1.325,1.14
2017-09-24,02:23,0,0,0,20.1,66.0,42,20,40,19,1.31,1.12
2017-09-24,02:24,0,0,0,20.1,65.9,42,20,40,19,1.315,1.125
2017-09-24,02:24,0,0,0,20.1,65.9,42,21,40,19,1.345,1.13
2017-09-24,02:24,0,0,0,20.1,65.8,42,20,40,20,1.325,1.135
2017-09-24,02:24,0,0,0,20.1,65.9,42,20,40,19,1.32,1.13
2017-09-24,02:24,0,0,0,20.1,65.9,42,20,40,19,1.31,1.12
2017-09-24,02:24,0,0,0,20.1,65.9,42,20,39,19,1.305,1.125
2017-09-24,02:24,0,0,0,20.1,66.0,42,21,40,19,1.33,1.13
2017-09-24,02:24,0,1,0,20.1,66.0,42,21,40,19,1.33,1.13
2017-09-24,02:24,0,0,0,20.1,66.1,42,21,40,19,1.325,1.135
2017-09-24,02:25,0,0,0,20.1,66.0,42,21,40,19,1.315,1.125
2017-09-24,02:25,0,0,0,20.1,66.0,42,21,40,19,1.305,1.14
2017-09-24,02:25,0,0,0,20.1,66.0,42,20,40,19,1.32,1.13
2017-09-24,02:25,0,4,0,20.1,65.9,42,21,40,19,1.315,1.125
2017-09-24,02:25,0,0,0,20.1,65.9,42,20,40,19,1.32,1.135
2017-09-24,02:25,0,0,0,20.1,65.9,42,21,40,19,1.31,1.125
2017-09-24,02:25,0,0,0,20.1,65.9,42,21,40,19,1.35,1.145
2017-09-24,02:25,0,0,0,20.1,65.9,42,21,40,19,1.325,1.14
2017-09-24,02:26,0,0,0,20.1,66.0,42,20,40,19,1.315,1.135
2017-09-24,02:26,0,3,0,20.1,65.9,42,21,40,19,1.33,1.195
2017-09-24,02:26,0,0,0,20.1,66.0,42,20,40,19,1.315,1.125
2017-09-24,02:26,0,0,0,20.1,66.0,42,21,40,19,1.32,1.12
2017-09-24,02:26,0,0,0,20.1,66.0,42,21,40,19,1.315,1.135
2017-09-24,02:26,0,0,0,20.1,66.0,42,21,40,19,1.35,1.125
2017-09-24,02:26,0,0,0,20.1,66.0,42,21,40,19,1.31,1.12
2017-09-24,02:26,0,0,0,20.1,66.0,42,21,40,19,1.34,1.235
2017-09-24,02:27,0,0,0,20.1,66.0,42,21,40,19,1.345,1.165
2017-09-24,02:27,0,0,0,20.1,66.0,42,21,40,19,1.365,1.15
2017-09-24,02:27,0,0,0,20.1,66.0,42,20,40,19,1.425,1.2
2017-09-24,02:27,0,0,0,20.1,66.1,42,20,40,19,1.42,1.185
2017-09-24,02:27,0,0,0,20.1,66.0,43,20,40,19,1.35,1.2
2017-09-24,02:27,0,0,0,20.1,66.0,42,21,39,19,1.35,1.205
2017-09-24,02:27,0,0,0,20.1,66.0,42,21,40,19,1.425,1.22
2017-09-24,02:27,0,0,0,20.1,65.9,42,21,40,19,1.39,1.175
2017-09-24,02:27,0,0,0,20.1,66.0,42,21,40,19,1.48,1.31
2017-09-24,02:28,0,0,0,20.1,66.0,42,21,40,19,1.38,1.19
2017-09-24,02:28,0,0,0,20.1,66.0,42,21,40,19,1.385,1.175
2017-09-24,02:28,0,0,0,20.1,66.0,42,21,40,19,1.39,1.175
2017-09-24,02:28,0,0,0,20.1,66.0,42,21,40,19,1.385,1.175
2017-09-24,02:28,0,0,0,20.1,65.9,42,21,40,19,1.395,1.195
2017-09-24,02:28,0,0,0,20.1,66.0,42,21,40,19,1.36,1.165
2017-09-24,02:28,0,0,0,20.1,65.9,42,20,40,20,1.36,1.165
2017-09-24,02:28,0,0,0,20.1,65.9,42,20,40,19,1.38,1.175
2017-09-24,02:29,0,2,0,20.1,66.0,42,20,39,19,1.395,1.21
2017-09-24,02:29,0,2,0,20.1,66.0,42,21,40,19,1.375,1.18
2017-09-24,02:29,0,4,0,20.1,66.1,42,21,40,19,1.365,1.16
2017-09-24,02:29,0,0,0,20.1,66.1,42,21,40,19,1.37,1.175
2017-09-24,02:29,0,0,0,20.1,66.0,42,21,40,19,1.36,1.165
2017-09-24,02:29,0,0,0,20.1,66.1,43,21,40,19,1.4,1.185
2017-09-24,02:29,0,2,0,20.1,66.0,42,21,40,19,1.39,1.18
2017-09-24,02:29,0,0,0,20.1,66.0,42,21,40,19,1.38,1.175
2017-09-24,02:30,0,0,0,20.1,65.9,42,21,40,19,1.39,1.195
2017-09-24,02:30,0,0,0,20.1,65.9,42,21,40,19,1.395,1.185
2017-09-24,02:30,0,0,0,20.1,66.0,42,21,40,19,1.36,1.17
2017-09-24,02:30,0,0,0,20.1,66.0,42,20,40,19,1.375,1.175
2017-09-24,02:30,0,0,0,20.1,65.9,42,21,40,19,1.38,1.17
2017-09-24,02:30,0,0,0,20.1,65.8,42,21,40,19,1.355,1.16
2017-09-24,02:30,0,0,0,20.1,65.9,42,21,40,19,1.355,1.17
2017-09-24,02:30,0,0,0,20.1,65.9,42,21,40,19,1.38,1.175
2017-09-24,02:30,0,0,0,20.1,65.9,42,21,40,20,1.39,1.235
2017-09-24,02:31,0,0,0,20.1,66.0,42,21,40,19,1.365,1.18
2017-09-24,02:31,0,0,0,20.1,66.0,42,21,40,19,1.365,1.165
2017-09-24,02:31,0,0,0,20.1,66.0,42,20,40,20,1.36,1.17
2017-09-24,02:31,0,0,0,20.1,66.0,42,20,40,19,1.38,1.175
2017-09-24,02:31,0,0,0,20.1,66.1,42,20,40,19,1.385,1.185
2017-09-24,02:31,0,0,0,20.1,66.0,42,21,40,19,1.385,1.175
2017-09-24,02:31,0,0,0,20.1,66.0,42,20,40,20,1.36,1.175
2017-09-24,02:31,0,0,0,20.1,65.9,42,20,40,19,1.355,1.17
2017-09-24,02:32,0,0,0,20.1,66.1,42,20,40,20,1.36,1.18
2017-09-24,02:32,0,0,0,20.1,66.1,42,20,40,20,1.365,1.165
2017-09-24,02:32,0,0,0,20.1,66.1,42,21,40,19,1.385,1.175
2017-09-24,02:32,0,0,0,20.1,66.0,42,21,40,19,1.385,1.18
2017-09-24,02:32,0,0,0,20.1,65.9,42,20,40,19,1.37,1.17
2017-09-24,02:32,0,0,0,20.1,65.9,42,21,40,19,1.385,1.185
2017-09-24,02:32,0,0,0,20.1,65.9,42,21,40,20,1.39,1.18
2017-09-24,02:32,0,0,0,20.1,65.9,42,21,40,19,1.38,1.195
2017-09-24,02:33,0,1,0,20.1,65.9,42,21,40,19,1.37,1.185
2017-09-24,02:33,0,0,0,20.1,65.9,43,21,40,19,1.37,1.19
2017-09-24,02:33,0,0,0,20.1,66.0,42,21,40,19,1.39,1.17
2017-09-24,02:33,0,0,0,20.1,66.0,42,21,40,19,1.38,1.19
2017-09-24,02:33,0,0,0,20.1,66.0,42,21,40,19,1.4,1.185
2017-09-24,02:33,0,0,0,20.1,66.1,42,21,40,19,1.385,1.175
2017-09-24,02:33,0,0,0,20.1,66.0,42,21,40,19,1.37,1.17
2017-09-24,02:33,0,0,0,20.1,66.1,42,20,40,20,1.37,1.18
2017-09-24,02:33,0,3,0,20.1,66.1,43,20,40,19,1.385,1.185
2017-09-24,02:34,0,1,0,20.1,66.0,42,20,39,20,1.38,1.17
2017-09-24,02:34,0,0,0,20.1,66.0,42,21,40,19,1.38,1.18
2017-09-24,02:34,0,0,0,20.1,66.1,42,21,40,19,1.395,1.205
2017-09-24,02:34,0,0,0,20.1,66.1,42,21,40,19,1.39,1.185
2017-09-24,02:34,0,0,0,20.1,66.0,42,21,40,19,1.385,1.205
2017-09-24,02:34,0,0,0,20.1,66.0,42,21,40,19,1.385,1.18
2017-09-24,02:34,0,0,0,20.1,66.0,42,21,40,19,1.39,1.18
2017-09-24,02:34,0,0,0,20.1,66.0,43,21,40,19,1.385,1.185
2017-09-24,02:35,0,0,0,20.1,66.0,42,21,40,19,1.365,1.165
2017-09-24,02:35,0,0,0,20.1,65.9,42,21,40,19,1.375,1.165
2017-09-24,02:35,0,0,0,20.1,65.9,42,21,40,19,1.4,1.18
2017-09-24,02:35,0,0,0,20.1,65.9,42,21,40,19,1.37,1.165
2017-09-24,02:35,0,3,0,20.1,65.9,43,21,40,19,1.38,1.19
2017-09-24,02:35,0,0,0,20.1,65.8,42,20,40,20,1.4,1.215
2017-09-24,02:35,0,0,0,20.1,65.9,42,21,40,19,1.39,1.19
2017-09-24,02:35,0,0,0,20.1,65.9,42,21,40,19,1.43,1.19
2017-09-24,02:36,0,0,0,20.1,66.0,42,21,40,19,1.38,1.185
2017-09-24,02:36,0,0,0,20.1,66.1,42,21,39,19,1.395,1.19
2017-09-24,02:36,0,0,0,20.1,66.0,42,21,40,19,1.37,1.17
2017-09-24,02:36,0,0,0,20.1,65.9,42,21,40,19,1.38,1.185
2017-09-24,02:36,0,0,0,20.1,65.9,42,21,40,20,1.375,1.18
2017-09-24,02:36,0,0,0,20.1,65.9,42,20,40,20,1.37,1.195
2017-09-24,02:36,0,0,0,20.1,66.0,42,21,40,19,1.38,1.205
2017-09-24,02:36,0,0,0,20.1,66.1,42,21,40,20,1.39,1.175
2017-09-24,02:37,0,0,0,20.1,66.1,42,20,40,19,1.375,1.175
2017-09-24,02:37,0,0,0,20.1,66.1,42,21,40,19,1.405,1.17
2017-09-24,02:37,0,0,0,20.1,66.0,43,21,40,19,1.375,1.18
2017-09-24,02:37,0,0,0,20.1,65.9,42,20,40,19,1.365,1.175
2017-09-24,02:37,0,0,0,20.1,65.8,42,21,40,19,1.38,1.17
2017-09-24,02:37,0,2,0,20.1,65.9,43,21,39,19,1.37,1.18
2017-09-24,02:37,0,0,0,20.1,66.0,42,21,40,19,1.365,1.18
2017-09-24,02:37,0,0,0,20.1,66.0,43,21,40,19,1.38,1.165
2017-09-24,02:37,0,0,0,20.1,66.0,42,21,40,19,1.37,1.16
2017-09-24,02:38,0,0,0,20.1,65.9,42,20,40,19,1.37,1.16
2017-09-24,02:38,0,0,0,20.1,65.8,42,21,40,19,1.38,1.18
2017-09-24,02:38,0,2,0,20.1,65.8,43,20,40,20,1.395,1.175
2017-09-24,02:38,0,0,0,20.1,65.8,43,21,40,19,1.4,1.205
2017-09-24,02:38,0,0,0,20.1,65.8,43,21,40,19,1.395,1.195
2017-09-24,02:38,0,0,0,20.1,65.8,43,21,40,19,1.405,1.185
2017-09-24,02:38,0,0,0,20.1,65.8,42,21,40,19,1.37,1.17
2017-09-24,02:38,0,1,0,20.1,65.8,42,21,40,20,1.365,1.175
2017-09-24,02:39,0,0,0,20.1,65.9,42,21,39,19,1.395,1.19
2017-09-24,02:39,0,0,0,20.1,65.9,43,21,40,19,1.395,1.18
2017-09-24,02:39,0,0,0,20.1,66.0,42,20,40,19,1.385,1.18
2017-09-24,02:39,0,0,0,20.1,66.0,43,21,40,19,1.37,1.175
2017-09-24,02:39,0,0,0,20.1,65.9,43,20,40,19,1.39,1.205
2017-09-24,02:39,0,0,0,20.1,65.8,42,21,40,19,1.405,1.175
2017-09-24,02:39,0,0,0,20.1,65.8,42,21,40,19,1.365,1.155
2017-09-24,02:39,0,0,0,20.1,65.7,42,21,40,19,1.335,1.145
2017-09-24,02:40,0,0,0,20.1,65.7,42,20,40,19,1.36,1.15
2017-09-24,02:40,0,0,0,20.1,65.7,43,21,40,19,1.36,1.155
2017-09-24,02:40,0,0,0,20.1,65.7,42,21,40,19,1.35,1.155
2017-09-24,02:40,0,3,0,20.1,65.8,43,21,39,19,1.335,1.145
2017-09-24,02:40,0,0,0,20.1,65.9,43,21,39,19,1.34,1.16
2017-09-24,02:40,0,0,0,20.1,66.0,42,21,40,19,1.36,1.18
2017-09-24,02:40,0,0,0,20.1,66.0,42,21,40,19,1.355,1.155
2017-09-24,02:40,0,0,0,20.1,66.0,42,21,40,19,1.395,1.15
2017-09-24,02:40,0,0,0,20.1,65.9,42,21,40,19,1.365,1.145
2017-09-24,02:41,0,0,0,20.1,66.0,42,21,40,19,1.36,1.16
2017-09-24,02:41,0,0,0,20.1,65.9,43,21,40,19,1.34,1.16
2017-09-24,02:41,0,0,0,20.1,65.8,42,21,39,19,1.365,1.145
2017-09-24,02:41,0,0,0,20.1,65.8,42,21,40,19,1.37,1.155
2017-09-24,02:41,0,0,0,20.1,65.8,42,21,40,19,1.345,1.155
2017-09-24,02:41,0,0,0,20.1,65.8,43,20,40,20,1.365,1.155
2017-09-24,02:41,0,0,0,20.1,65.7,42,21,40,19,1.355,1.16
2017-09-24,02:41,0,0,0,20.1,65.9,42,20,40,19,1.345,1.145
2017-09-24,02:42,0,0,0,20.1,65.9,42,21,39,19,1.355,1.16
2017-09-24,02:42,0,0,0,20.1,65.9,42,21,40,19,1.365,1.14
2017-09-24,02:42,0,1,0,20.1,65.9,43,21,40,19,1.36,1.205
2017-09-24,02:42,0,0,0,20.1,65.7,42,21,40,19,1.365,1.155
2017-09-24,02:42,0,4,0,20.1,65.5,42,20,40,20,1.36,1.16
2017-09-24,02:42,0,0,0,20.1,65.6,42,21,40,20,1.35,1.16
2017-09-24,02:42,0,0,0,20.1,65.7,42,20,39,19,1.34,1.17
2017-09-24,02:42,0,0,0,20.1,65.6,42,21,40,19,1.355,1.15
2017-09-24,02:43,0,0,0,20.1,65.7,43,21,40,19,1.375,1.165
2017-09-24,02:43,0,0,0,20.1,65.8,42,21,40,19,1.33,1.14
2017-09-24,02:43,0,0,0,20.1,65.8,42,20,40,19,1.365,1.15
2017-09-24,02:43,0,0,0,20.1,65.8,43,20,39,19,1.35,1.165
2017-09-24,02:43,0,0,1,20.1,65.7,43,21,39,19,1.345,1.14
2017-09-24,02:43,0,0,0,20.1,65.6,42,21,40,19,1.345,1.15
2017-09-24,02:43,0,0,0,20.1,65.6,42,21,40,19,1.34,1.145
2017-09-24,02:43,0,2,0,20.1,65.5,43,20,40,19,1.36,1.145
2017-09-24,02:43,0,5,0,20.1,65.5,42,21,39,19,1.36,1.16
2017-09-24,02:44,0,0,0,20.1,65.4,42,21,39,19,1.34,1.15
2017-09-24,02:44,0,0,0,20.1,65.4,43,21,40,19,1.35,1.15
2017-09-24,02:44,0,0,0,20.1,65.4,42,21,40,19,1.33,1.16
2017-09-24,02:44,0,0,0,20.1,65.5,42,20,40,19,1.35,1.16
2017-09-24,02:44,0,0,0,20.1,65.5,42,21,39,19,1.335,1.14
2017-09-24,02:44,0,0,0,20.1,65.5,42,21,40,19,1.35,1.175
2017-09-24,02:44,0,0,0,20.1,65.6,42,21,40,19,1.36,1.14
2017-09-24,02:44,0,0,0,20.1,65.5,42,20,40,20,1.34,1.14
2017-09-24,02:45,0,0,0,20.1,65.5,42,21,39,19,1.36,1.155
2017-09-24,02:45,0,0,0,20.1,65.3,42,21,40,19,1.35,1.145
2017-09-24,02:45,0,2,0,20.1,65.4,42,20,40,19,1.335,1.145
2017-09-24,02:45,0,0,0,20.1,65.5,42,20,40,19,1.355,1.155
2017-09-24,02:45,0,0,0,20.1,65.4,42,21,40,19,1.49,1.145
2017-09-24,02:45,0,0,0,20.1,65.4,42,21,39,19,1.335,1.145
2017-09-24,02:45,0,0,0,20.1,65.3,42,21,39,19,1.345,1.155
2017-09-24,02:45,0,0,0,20.1,65.3,42,20,40,19,1.355,1.15
2017-09-24,02:46,0,0,0,20.1,65.3,42,21,39,19,1.365,1.16
2017-09-24,02:46,0,0,0,20.1,65.4,43,20,40,19,1.345,1.18
2017-09-24,02:46,0,0,0,20.1,65.3,42,21,39,19,1.335,1.15
2017-09-24,02:46,0,3,0,20.1,65.2,43,21,39,19,1.325,1.16
2017-09-24,02:46,0,0,0,20.1,65.4,42,21,40,19,1.355,1.155
2017-09-24,02:46,0,0,0,20.1,65.4,42,21,39,19,1.36,1.16
2017-09-24,02:46,0,0,0,20.1,65.5,43,20,40,20,1.365,1.165
2017-09-24,02:46,0,2,0,20.1,65.5,42,21,40,19,1.365,1.16
2017-09-24,02:46,0,0,0,20.1,65.5,42,20,40,20,1.415,1.16
2017-09-24,02:47,0,0,0,20.1,65.5,42,21,39,19,1.34,1.15
2017-09-24,02:47,0,4,0,20.1,65.4,43,20,40,19,1.34,1.145
2017-09-24,02:47,0,0,0,20.1,65.3,42,21,40,19,1.355,1.145
2017-09-24,02:47,0,0,0,20.1,65.2,43,21,39,19,1.355,1.155
2017-09-24,02:47,0,0,0,20.1,65.2,43,20,40,19,1.335,1.155
2017-09-24,02:47,0,0,0,20.1,65.2,42,21,39,19,1.35,1.145
2017-09-24,02:47,0,0,0,20.1,65.5,42,21,40,19,1.36,1.155
2017-09-24,02:47,0,0,0,20.1,65.6,43,20,39,19,1.35,1.145
2017-09-24,02:48,0,0,0,20.1,65.4,42,20,40,20,1.345,1.15
2017-09-24,02:48,0,0,0,20.1,65.5,42,21,40,19,1.355,1.155
2017-09-24,02:48,0,0,0,20.1,65.4,42,20,40,19,1.36,1.155
2017-09-24,02:48,0,0,0,20.1,65.4,42,21,39,19,1.35,1.15
2017-09-24,02:48,0,0,0,20.1,65.4,42,21,39,19,1.345,1.155
2017-09-24,02:48,0,0,0,20.1,65.5,43,21,39,19,1.345,1.145
2017-09-24,02:48,0,0,0,20.1,65.4,43,21,39,19,1.33,1.135
2017-09-24,02:48,0,0,0,20.1,65.2,42,21,40,19,1.345,1.14
2017-09-24,02:49,0,0,0,20.1,65.2,42,21,40,19,1.35,1.165
2017-09-24,02:49,0,0,0,20.1,65.2,42,20,40,19,1.355,1.15
2017-09-24,02:49,0,0,0,20.1,65.2,42,20,40,20,1.33,1.155
2017-09-24,02:49,0,0,0,20.1,65.2,42,20,39,19,1.33,1.145
2017-09-24,02:49,0,0,0,20.1,65.4,42,20,40,19,1.33,1.14
2017-09-24,02:49,0,0,0,20.1,65.5,43,20,40,19,1.335,1.145
2017-09-24,02:49,0,0,0,20.1,65.3,42,21,39,19,1.35,1.155
2017-09-24,02:49,0,0,0,20.1,65.4,43,21,39,19,1.465,1.275
2017-09-24,02:49,0,0,0,20.1,65.3,42,21,39,19,1.51,1.265
2017-09-24,02:50,0,1,0,20.1,65.3,43,21,39,19,1.48,1.265
2017-09-24,02:50,0,0,0,20.1,65.3,42,21,40,19,1.485,1.26
2017-09-24,02:50,0,0,0,20.1,65.3,42,21,40,19,1.43,1.195
2017-09-24,02:50,0,0,0,20.1,65.3,42,20,39,19,1.44,1.19
2017-09-24,02:50,0,0,0,20.1,65.4,42,21,39,19,1.36,1.165
2017-09-24,02:50,0,4,0,20.1,65.3,42,21,39,19,1.34,1.15
2017-09-24,02:50,0,0,0,20.1,65.4,42,20,40,19,1.365,1.16
2017-09-24,02:50,0,0,0,20.1,65.3,42,20,40,19,1.36,1.135
2017-09-24,02:51,0,0,0,20.1,65.2,42,20,39,19,1.38,1.155
2017-09-24,02:51,0,0,0,20.1,65.1,42,21,39,19,1.36,1.16
2017-09-24,02:51,0,2,0,20.1,65.2,42,21,40,19,1.35,1.165
2017-09-24,02:51,0,0,0,20.1,65.3,42,21,39,19,1.345,1.16
2017-09-24,02:51,0,0,0,20.1,65.4,42,20,39,19,1.37,1.16
2017-09-24,02:51,0,2,0,20.1,65.4,42,21,39,19,1.37,1.15
2017-09-24,02:51,0,0,0,20.1,65.2,42,21,40,19,1.37,1.165
2017-09-24,02:51,0,0,0,20.1,65.1,42,20,40,20,1.355,1.155
2017-09-24,02:52,0,2,0,20.1,65.2,42,21,39,19,1.38,1.175
2017-09-24,02:52,0,4,0,20.1,65.3,43,20,39,19,1.355,1.165
2017-09-24,02:52,0,0,0,20.1,65.4,42,21,39,20,1.35,1.18
2017-09-24,02:52,0,0,0,20.1,65.4,42,21,39,19,1.355,1.19
2017-09-24,02:52,0,2,0,20.1,65.3,43,21,39,19,1.365,1.17
2017-09-24,02:52,0,0,0,20.1,65.3,42,21,39,19,1.35,1.16
2017-09-24,02:52,0,0,0,20.1,65.3,42,21,40,19,1.38,1.17
2017-09-24,02:52,0,0,0,20.1,65.0,42,20,39,19,1.36,1.15
2017-09-24,02:53,0,0,0,20.1,65.1,42,20,39,19,1.355,1.16
2017-09-24,02:53,0,0,0,20.1,65.2,42,21,39,19,1.355,1.165
2017-09-24,02:53,0,0,0,20.1,65.2,42,21,40,19,1.35,1.15
2017-09-24,02:53,0,0,0,20.1,65.1,42,21,40,19,1.365,1.295
2017-09-24,02:53,0,0,0,20.1,65.2,43,21,39,19,1.38,1.145
2017-09-24,02:53,0,0,0,20.1,65.1,42,20,39,19,1.585,1.22
2017-09-24,02:53,0,0,0,20.1,65.3,42,21,39,19,1.525,1.29
2017-09-24,02:53,0,0,0,20.1,65.3,43,20,39,19,1.64,1.475
2017-09-24,02:53,0,0,0,20.1,65.2,42,20,39,19,1.48,1.33
2017-09-24,02:54,0,0,0,20.1,65.2,42,20,39,19,1.6,1.17
2017-09-24,02:54,0,0,0,20.1,65.0,42,21,40,19,1.535,1.17
2017-09-24,02:54,0,0,0,20.1,65.0,42,20,40,19,1.38,1.17
2017-09-24,02:54,0,0,0,20.1,65.0,42,21,39,19,1.355,1.155
2017-09-24,02:54,0,0,0,20.1,64.8,42,20,39,19,1.375,1.16
2017-09-24,02:54,0,0,0,20.1,64.8,42,21,40,19,1.35,1.155
2017-09-24,02:54,0,0,0,20.1,65.1,42,20,40,19,1.365,1.16
2017-09-24,02:54,0,0,0,20.1,65.1,42,21,39,19,1.355,1.15
2017-09-24,02:55,0,0,0,20.1,65.1,42,21,39,19,1.36,1.16
2017-09-24,02:55,0,0,0,20.1,65.1,42,21,40,19,1.345,1.155
2017-09-24,02:55,0,0,0,20.1,65.0,42,21,39,19,1.355,1.15
2017-09-24,02:55,0,5,0,20.1,65.1,42,21,39,19,1.36,1.155
2017-09-24,02:55,0,0,0,20.1,65.0,42,20,39,19,1.39,1.135
2017-09-24,02:55,0,0,0,20.1,64.8,42,21,40,19,1.35,1.145
2017-09-24,02:55,0,0,0,20.1,64.8,42,21,40,19,1.345,1.16
2017-09-24,02:55,0,0,0,20.1,64.9,42,21,39,19,1.335,1.14
2017-09-24,02:56,0,1,0,20.1,64.9,42,21,39,19,1.35,1.155
2017-09-24,02:56,0,0,0,20.1,64.9,42,20,39,19,1.355,1.145
2017-09-24,02:56,0,0,0,20.1,65.0,42,20,40,19,1.355,1.155
2017-09-24,02:56,0,0,0,20.1,65.1,42,21,39,19,1.33,1.15
2017-09-24,02:56,0,1,0,20.1,65.2,42,20,39,19,1.35,1.16
2017-09-24,02:56,0,0,0,20.1,65.3,42,21,39,20,1.335,1.135
2017-09-24,02:56,0,0,0,20.1,65.4,42,21,39,19,1.35,1.155
2017-09-24,02:56,0,0,0,20.1,65.3,42,21,39,19,1.325,1.15
2017-09-24,02:56,0,0,0,20.1,65.1,42,21,39,19,1.355,1.165
2017-09-24,02:57,0,0,0,20.1,64.9,42,20,39,19,1.345,1.145
2017-09-24,02:57,0,0,0,20.1,65.0,42,20,39,19,1.325,1.14
2017-09-24,02:57,0,0,0,20.1,65.0,42,20,39,19,1.36,1.16
2017-09-24,02:57,0,0,0,20.1,65.0,42,21,40,19,1.355,1.155
2017-09-24,02:57,0,0,0,20.1,65.0,42,21,40,19,1.35,1.145
2017-09-24,02:57,0,0,0,20.1,64.8,42,21,40,19,1.365,1.3
2017-09-24,02:57,0,0,0,20.1,64.8,42,21,39,19,1.375,1.155
2017-09-24,02:57,0,0,0,20.1,64.9,42,21,40,19,1.355,1.165
2017-09-24,02:58,0,0,0,20.1,65.1,42,21,39,19,1.365,1.16
2017-09-24,02:58,0,0,0,20.1,65.1,42,21,39,19,1.44,1.29
2017-09-24,02:58,0,0,0,20.1,65.2,42,20,39,20,1.505,1.305
2017-09-24,02:58,0,0,0,20.1,65.2,42,20,40,19,1.52,1.145
2017-09-24,02:58,0,0,0,20.1,65.3,42,20,39,19,1.34,1.145
2017-09-24,02:58,0,0,0,20.1,65.2,42,21,39,19,1.35,1.16
2017-09-24,02:58,0,0,0,20.1,65.2,42,20,39,19,1.355,1.14
2017-09-24,02:58,0,0,0,20.1,65.3,42,21,39,19,1.36,1.17
2017-09-24,02:59,0,0,0,20.1,65.3,42,21,39,19,1.35,1.155
2017-09-24,02:59,0,0,0,20.1,65.0,42,20,39,19,1.35,1.16
2017-09-24,02:59,0,0,0,20.1,65.1,42,21,39,19,1.37,1.155
2017-09-24,02:59,0,0,0,20.1,65.1,42,21,39,19,1.345,1.165
2017-09-24,02:59,0,3,0,20.1,65.0,42,21,39,19,1.345,1.15
2017-09-24,02:59,0,0,0,20.1,64.9,42,21,39,19,1.355,1.145
2017-09-24,02:59,0,0,0,20.1,65.1,42,21,39,19,1.355,1.145
2017-09-24,02:59,0,0,0,20.1,65.3,42,20,39,19,1.365,1.155
2017-09-24,02:59,0,0,0,20.1,65.2,42,21,39,19,1.335,1.145
2017-09-24,03:00,0,0,0,20.1,65.0,42,20,39,19,1.34,1.14
2017-09-24,03:00,0,2,0,20.1,64.8,42,21,39,19,1.36,1.155
2017-09-24,03:00,0,3,0,20.1,64.8,42,21,39,19,1.35,1.15
2017-09-24,03:00,0,0,0,20.1,64.8,42,21,39,19,1.335,1.155
2017-09-24,03:00,0,0,0,20.1,64.8,42,20,39,19,1.34,1.145
2017-09-24,03:00,0,0,0,20.1,64.8,42,20,39,19,1.335,1.15
2017-09-24,03:00,0,0,0,20.1,64.8,42,21,39,19,1.365,1.145
2017-09-24,03:00,0,0,0,20.1,65.1,42,21,40,19,1.335,1.14
2017-09-24,03:01,0,0,0,20.1,65.2,42,21,39,19,1.33,1.14
2017-09-24,03:01,0,0,0,20.1,65.2,42,20,39,19,1.345,1.15
2017-09-24,03:01,0,0,0,20.1,65.3,42,21,39,19,1.33,1.19
2017-09-24,03:01,0,0,0,20.1,65.2,42,21,39,19,1.345,1.15
2017-09-24,03:01,0,2,0,20.1,65.1,42,21,39,19,1.35,1.16
2017-09-24,03:01,0,0,0,20.1,65.0,42,21,39,19,1.36,1.16
2017-09-24,03:01,0,0,0,20.1,64.8,42,21,39,19,1.35,1.19
2017-09-24,03:01,0,0,0,20.1,64.9,42,21,39,19,1.37,1.175
2017-09-24,03:02,0,0,0,20.1,65.2,42,21,39,19,1.345,1.155
2017-09-24,03:02,0,0,0,20.1,65.0,42,21,39,19,1.355,1.15
2017-09-24,03:02,0,0,0,20.0,64.7,42,20,39,20,1.36,1.16
2017-09-24,03:02,0,0,0,20.1,64.7,42,21,39,19,1.34,1.15
2017-09-24,03:02,0,5,0,20.1,64.9,42,20,39,19,1.345,1.155
2017-09-24,03:02,0,0,0,20.0,64.8,42,20,39,19,1.335,1.16
2017-09-24,03:02,0,0,0,20.1,64.9,42,21,39,19,1.335,1.135
2017-09-24,03:02,0,0,0,20.1,65.0,42,21,39,19,1.355,1.155
2017-09-24,03:02,0,0,0,20.1,64.8,42,20,39,19,1.345,1.14
2017-09-24,03:03,0,0,0,20.1,65.0,42,20,40,19,1.335,1.135
2017-09-24,03:03,0,0,0,20.0,65.1,42,21,39,19,1.345,1.165
2017-09-24,03:03,0,0,0,20.1,65.0,42,21,39,19,1.34,1.145
2017-09-24,03:03,0,0,0,20.1,64.9,42,21,39,19,1.34,1.155
2017-09-24,03:03,0,0,0,20.1,64.9,42,21,39,19,1.33,1.145
2017-09-24,03:03,0,0,0,20.0,64.9,42,21,39,19,1.35,1.15
2017-09-24,03:03,0,0,0,20.1,65.0,42,20,39,19,1.33,1.14
2017-09-24,03:03,0,0,0,20.1,65.0,42,20,39,19,1.355,1.155
2017-09-24,03:04,0,0,0,20.1,64.9,42,21,39,19,1.355,1.155
2017-09-24,03:04,0,3,0,20.1,64.9,42,21,39,19,1.365,1.155
2017-09-24,03:04,0,0,0,20.1,64.9,42,21,39,19,1.355,1.16
2017-09-24,03:04,0,0,0,20.1,64.8,42,21,39,19,1.33,1.14
2017-09-24,03:04,0,0,0,20.1,64.8,42,21,39,19,1.345,1.155
2017-09-24,03:04,0,0,0,20.1,64.8,42,21,39,19,1.395,1.185
2017-09-24,03:04,0,0,0,20.1,64.8,42,20,39,19,1.36,1.16
2017-09-24,03:04,0,0,0,20.1,65.0,42,20,39,19,1.375,1.175
2017-09-24,03:05,0,0,0,20.1,65.0,42,21,39,19,1.395,1.185
2017-09-24,03:05,0,0,0,20.1,65.0,42,20,40,19,1.355,1.155
2017-09-24,03:05,0,0,0,20.0,64.7,42,21,39,19,1.365,1.17
2017-09-24,03:05,0,0,0,20.1,64.9,42,21,39,19,1.365,1.17
2017-09-24,03:05,0,3,0,20.1,64.7,42,21,39,19,1.39,1.18
2017-09-24,03:05,0,0,0,20.1,64.8,42,21,39,19,1.36,1.16
2017-09-24,03:05,0,0,0,20.0,64.9,42,21,39,19,1.38,1.175
2017-09-24,03:05,0,0,0,20.1,65.0,42,21,39,19,1.345,1.165
2017-09-24,03:06,0,0,0,20.1,65.0,42,21,39,19,1.37,1.17
2017-09-24,03:06,0,0,0,20.0,64.8,42,20,39,19,1.36,1.175
2017-09-24,03:06,0,0,0,20.0,64.7,42,20,39,19,1.36,1.18
2017-09-24,03:06,0,0,0,20.1,64.9,42,20,39,19,1.38,1.175
2017-09-24,03:06,0,0,0,20.0,64.6,42,21,39,19,1.385,1.18
2017-09-24,03:06,0,0,0,20.1,64.7,42,20,39,19,1.355,1.17
2017-09-24,03:06,0,0,0,20.1,64.7,42,20,39,19,1.765,1.49
2017-09-24,03:06,0,0,0,20.1,64.9,42,20,39,19,1.775,1.5
2017-09-24,03:06,0,2,0,20.0,64.6,42,21,39,19,1.785,1.48
2017-09-24,03:07,0,0,0,20.1,65.0,42,20,39,19,1.785,1.5
2017-09-24,03:07,0,0,0,20.1,64.9,42,20,39,19,1.785,1.535
2017-09-24,03:07,0,4,0,20.1,64.9,42,21,39,19,1.73,1.455
2017-09-24,03:07,0,0,0,20.1,65.0,42,20,39,19,1.76,1.46
2017-09-24,03:07,0,0,0,20.0,64.7,42,20,39,19,1.745,1.465
2017-09-24,03:07,0,0,0,20.0,64.6,42,21,39,19,1.77,1.485
2017-09-24,03:07,0,0,0,20.1,64.9,42,20,39,19,1.78,1.49
2017-09-24,03:07,0,0,0,20.0,64.8,42,21,39,19,1.76,1.475
2017-09-24,03:08,0,0,0,20.1,65.1,42,20,39,19,1.75,1.465
2017-09-24,03:08,0,0,0,20.0,64.9,42,20,39,19,1.765,1.475
2017-09-24,03:08,0,0,0,20.0,64.8,42,21,39,19,1.75,1.46
2017-09-24,03:08,0,0,0,20.0,64.6,42,21,39,19,1.75,1.47
2017-09-24,03:08,0,0,0,20.0,64.5,42,21,39,19,1.725,1.45
2017-09-24,03:08,0,0,0,20.0,64.5,42,21,39,19,1.72,1.455
2017-09-24,03:08,0,0,0,20.1,64.6,42,20,39,19,1.745,1.46
2017-09-24,03:08,0,0,0,20.1,64.6,42,20,39,19,1.71,1.44
2017-09-24,03:09,0,4,0,20.0,64.4,42,21,39,19,1.71,1.44
2017-09-24,03:09,0,0,0,20.1,64.5,42,21,39,19,1.72,1.435
2017-09-24,03:09,0,0,0,20.0,64.7,42,21,40,19,1.72,1.44
2017-09-24,03:09,0,0,0,20.1,65.0,42,21,39,19,1.72,1.445
2017-09-24,03:09,0,0,0,20.0,64.8,42,21,39,19,1.71,1.435
2017-09-24,03:09,0,0,0,20.0,65.0,42,21,39,19,1.71,1.425
2017-09-24,03:09,0,0,0,20.0,64.9,42,21,39,19,1.705,1.43
2017-09-24,03:09,0,0,0,20.1,64.7,42,21,39,19,1.695,1.41
2017-09-24,03:09,0,0,0,20.1,64.6,42,21,39,19,1.675,1.4
2017-09-24,03:10,0,0,0,20.1,64.7,42,21,39,19,1.67,1.405
2017-09-24,03:10,0,3,0,20.0,64.5,42,21,39,19,1.685,1.425
2017-09-24,03:10,0,0,0,20.0,64.4,42,20,39,19,1.69,1.41
2017-09-24,03:10,0,0,0,20.0,64.4,42,20,39,19,1.655,1.425
2017-09-24,03:10,0,0,0,20.1,64.5,42,20,39,19,1.685,1.415
2017-09-24,03:10,0,0,0,20.0,64.5,42,21,39,19,1.68,1.405
2017-09-24,03:10,0,0,0,20.0,64.5,42,21,39,19,1.66,1.405
2017-09-24,03:10,0,1,0,20.0,64.7,42,21,39,19,1.685,1.405
2017-09-24,03:11,0,0,0,20.0,65.0,42,20,39,19,1.67,1.405
2017-09-24,03:11,0,0,0,20.0,65.0,42,21,39,19,1.66,1.4
2017-09-24,03:11,0,3,0,20.1,65.1,42,21,39,19,1.685,1.4
2017-09-24,03:11,0,0,0,20.0,64.8,42,20,39,19,1.665,1.405
2017-09-24,03:11,0,0,0,20.0,64.6,42,20,39,19,1.695,1.435
2017-09-24,03:11,0,0,0,20.1,64.6,42,21,39,19,1.69,1.405
2017-09-24,03:11,0,5,0,20.1,64.6,42,21,39,19,1.675,1.405
2017-09-24,03:11,0,0,0,20.0,64.6,42,20,39,19,1.68,1.415
2017-09-24,03:12,0,0,0,20.0,64.4,42,21,39,19,1.655,1.41
2017-09-24,03:12,0,1,0,20.0,64.4,42,20,39,19,1.67,1.395
2017-09-24,03:12,0,0,0,20.0,64.5,42,20,39,19,1.695,1.435
2017-09-24,03:12,0,0,0,20.0,64.4,42,21,39,19,1.69,1.415
2017-09-24,03:12,0,0,0,20.1,64.6,42,21,39,19,1.695,1.43
2017-09-24,03:12,0,0,0,20.0,64.6,42,21,39,19,1.67,1.405
2017-09-24,03:12,0,0,0,20.0,64.7,42,20,39,19,1.66,1.395
2017-09-24,03:12,0,0,0,20.0,64.8,42,21,39,19,1.66,1.395
2017-09-24,03:12,0,4,0,20.0,65.0,42,20,39,19,2.0,1.405
2017-09-24,03:13,0,0,0,20.1,65.0,42,21,39,19,1.655,1.41
2017-09-24,03:13,0,0,0,20.0,64.8,42,20,39,19,1.68,1.41
2017-09-24,03:13,0,0,0,20.0,64.6,42,21,39,19,1.69,1.395
2017-09-24,03:13,0,0,0,20.0,64.5,42,21,39,19,1.655,1.41
2017-09-24,03:13,0,0,0,20.0,64.4,42,21,39,19,1.665,1.415
2017-09-24,03:13,0,1,0,20.0,64.5,42,21,39,19,1.67,1.41
2017-09-24,03:13,0,0,0,20.0,64.4,42,20,39,19,1.68,1.405
2017-09-24,03:13,0,0,0,20.0,64.5,42,21,39,19,1.685,1.415
2017-09-24,03:14,0,0,0,20.0,64.4,42,20,39,19,1.68,1.42
2017-09-24,03:14,0,0,0,20.0,64.5,42,21,39,19,1.68,1.41
2017-09-24,03:14,0,0,0,20.0,64.5,42,20,39,19,1.68,1.42
2017-09-24,03:14,0,0,0,20.0,64.4,42,21,39,19,1.67,1.42
2017-09-24,03:14,0,1,0,20.0,64.3,42,20,39,19,1.66,1.435
2017-09-24,03:14,0,0,0,20.0,64.4,42,21,39,19,1.69,1.42
2017-09-24,03:14,0,0,0,20.0,64.5,42,20,39,19,1.69,1.405
2017-09-24,03:14,0,0,0,20.1,64.7,42,21,39,19,1.68,1.495
2017-09-24,03:15,0,0,0,20.0,64.4,42,20,39,19,1.705,1.405
2017-09-24,03:15,0,0,0,20.0,64.5,42,20,39,19,1.715,1.39
2017-09-24,03:15,0,0,0,20.0,64.6,42,21,39,19,1.685,1.415
2017-09-24,03:15,0,0,0,20.0,64.7,42,20,39,19,1.66,1.42
2017-09-24,03:15,0,0,0,20.0,65.0,42,21,39,19,1.66,1.415
2017-09-24,03:15,0,0,0,20.0,65.1,42,20,39,19,1.655,1.4
2017-09-24,03:15,0,0,0,20.0,65.0,42,21,39,19,1.665,1.395
2017-09-24,03:15,0,0,0,20.0,64.9,42,20,39,19,1.69,1.39
2017-09-24,03:15,0,0,0,20.0,64.9,42,20,39,20,1.71,1.42
2017-09-24,03:16,0,1,0,20.0,64.8,42,21,39,19,1.685,1.4
2017-09-24,03:16,0,0,0,20.0,64.7,42,21,39,19,1.68,1.4
2017-09-24,03:16,0,0,0,20.0,64.5,42,20,39,19,1.7,1.45
2017-09-24,03:16,0,0,0,20.0,64.7,42,21,39,19,1.7,1.42
2017-09-24,03:16,0,0,0,20.0,64.8,42,20,39,19,1.67,1.42
2017-09-24,03:16,0,0,0,20.0,64.7,42,21,39,19,1.66,1.39
2017-09-24,03:16,0,0,0,20.0,64.8,42,21,39,19,1.635,1.36
2017-09-24,03:16,0,0,0,20.0,64.9,42,21,39,19,1.63,1.345
2017-09-24,03:17,0,0,0,20.0,65.0,42,20,39,19,1.615,1.345
2017-09-24,03:17,0,1,0,20.0,64.8,42,21,39,19,1.61,1.37
2017-09-24,03:17,0,0,0,20.0,64.9,42,21,39,19,1.62,1.355
2017-09-24,03:17,0,0,0,20.0,64.8,42,20,39,19,1.605,1.35
2017-09-24,03:17,0,0,0,20.0,64.7,42,21,39,19,1.615,1.37
2017-09-24,03:17,0,0,0,20.0,64.6,42,21,39,19,1.615,1.34
2017-09-24,03:17,0,0,0,20.0,64.7,42,21,40,19,1.62,1.38
2017-09-24,03:17,0,0,0,20.0,64.8,42,21,39,19,1.595,1.365
2017-09-24,03:18,0,0,0,20.0,64.6,42,20,39,19,1.63,1.36
2017-09-24,03:18,0,0,0,20.0,64.8,42,21,39,19,1.63,1.34
2017-09-24,03:18,0,0,0,20.0,65.0,42,21,39,19,1.595,1.37
2017-09-24,03:18,0,0,0,20.0,65.2,42,20,39,20,1.61,1.34
2017-09-24,03:18,0,0,0,20.0,65.1,42,21,39,19,1.615,1.375
2017-09-24,03:18,0,0,0,20.0,64.8,42,20,39,19,1.59,1.35
2017-09-24,03:18,0,0,0,20.0,64.6,42,21,39,19,1.615,1.335
2017-09-24,03:18,0,0,0,20.0,64.6,42,20,39,19,1.595,1.36
2017-09-24,03:19,0,0,0,20.0,64.5,42,20,39,19,1.595,1.345
2017-09-24,03:19,0,0,0,20.0,64.5,42,20,39,19,1.64,1.34
2017-09-24,03:19,0,0,0,20.0,64.7,42,20,39,19,1.615,1.355
2017-09-24,03:19,0,0,0,20.0,64.8,42,21,39,19,1.605,1.37
2017-09-24,03:19,0,0,0,20.0,64.8,42,21,39,19,1.605,1.355
2017-09-24,03:19,0,0,0,20.0,65.0,42,21,39,19,1.61,1.37
2017-09-24,03:19,0,0,0,20.0,64.8,42,21,39,19,1.61,1.35
2017-09-24,03:19,0,0,0,20.0,64.8,42,21,39,19,1.63,1.355
2017-09-24,03:19,0,0,0,20.0,65.0,42,21,39,19,1.635,1.35
2017-09-24,03:20,0,0,0,20.0,64.8,42,21,39,19,1.62,1.345
2017-09-24,03:20,0,0,0,20.0,64.8,42,21,39,19,1.64,1.345
2017-09-24,03:20,0,0,0,20.0,64.8,42,21,39,19,1.635,1.355
2017-09-24,03:20,0,0,0,20.0,64.9,42,21,39,19,1.65,1.35
2017-09-24,03:20,0,0,0,20.0,64.9,42,21,39,19,1.6,1.37
2017-09-24,03:20,0,0,0,20.0,65.0,42,21,39,19,1.63,1.36
2017-09-24,03:20,0,1,0,20.0,64.8,42,20,39,19,1.625,1.36
2017-09-24,03:20,0,2,0,20.0,64.8,42,20,39,19,1.63,1.345
2017-09-24,03:21,0,1,0,20.0,65.1,42,20,39,20,1.62,1.355
2017-09-24,03:21,0,0,0,20.0,64.8,42,21,39,19,1.645,1.38
2017-09-24,03:21,0,0,0,20.0,64.8,42,21,39,19,1.605,1.375
2017-09-24,03:21,0,0,0,20.0,65.0,42,21,39,19,1.615,1.365
2017-09-24,03:21,0,0,0,20.0,65.0,42,20,39,19,1.615,1.37
2017-09-24,03:21,0,0,0,20.0,64.9,42,20,39,19,1.62,1.38
2017-09-24,03:21,0,0,0,20.0,64.8,42,21,39,19,1.65,1.37
2017-09-24,03:21,0,0,0,20.0,64.8,42,21,39,19,1.605,1.365
2017-09-24,03:22,0,0,0,20.0,64.9,42,20,39,19,1.635,1.37
2017-09-24,03:22,0,0,0,20.0,65.0,42,21,39,19,1.635,1.545
2017-09-24,03:22,0,0,0,20.0,64.7,42,20,39,19,1.63,1.37
2017-09-24,03:22,0,0,0,20.0,64.8,42,21,39,19,1.655,1.39
2017-09-24,03:22,0,0,0,20.0,64.9,42,21,39,19,1.645,1.36
2017-09-24,03:22,0,0,0,20.0,64.9,42,21,39,19,1.625,1.365
2017-09-24,03:22,0,0,0,20.0,64.9,42,20,39,19,1.61,1.385
2017-09-24,03:22,0,0,0,20.0,64.9,42,21,39,19,1.615,1.37
2017-09-24,03:22,0,2,0,20.0,64.8,42,21,39,19,1.63,1.355
2017-09-24,03:23,0,0,0,20.0,64.7,42,21,39,19,1.6,1.355
2017-09-24,03:23,0,3,0,20.0,64.8,42,21,39,19,1.6,1.35
2017-09-24,03:23,0,0,0,20.0,65.0,42,20,39,19,1.61,1.355
2017-09-24,03:23,0,2,0,20.0,65.0,42,21,39,19,1.6,1.36
2017-09-24,03:23,0,0,0,20.0,65.0,42,20,39,19,1.635,1.36
2017-09-24,03:23,0,0,0,20.0,64.8,42,21,39,19,1.61,1.365
2017-09-24,03:23,0,0,0,20.0,64.9,42,21,39,19,1.605,1.35
2017-09-24,03:23,0,0,0,20.0,65.0,42,20,39,19,1.625,1.35
2017-09-24,03:24,0,0,0,20.0,65.0,42,21,39,19,1.64,1.36
2017-09-24,03:24,0,0,0,20.0,64.9,42,20,39,19,1.625,1.355
2017-09-24,03:24,0,0,0,20.0,64.8,42,21,39,19,1.61,1.365
2017-09-24,03:24,0,0,0,20.0,64.8,42,20,39,19,1.605,1.34
2017-09-24,03:24,0,0,0,20.0,64.9,42,21,39,19,1.59,1.35
2017-09-24,03:24,0,0,0,20.0,64.9,42,20,39,19,1.615,1.36
2017-09-24,03:24,0,0,0,20.0,65.2,42,21,39,19,1.63,1.345
2017-09-24,03:24,0,0,0,20.0,65.4,42,20,39,19,1.59,1.335
2017-09-24,03:25,0,0,0,20.0,65.3,42,20,39,19,1.6,1.355
2017-09-24,03:25,0,0,0,20.0,65.2,42,21,39,19,1.605,1.38
2017-09-24,03:25,0,3,0,20.0,65.2,42,20,39,19,1.605,1.365
2017-09-24,03:25,0,0,0,20.0,65.1,42,21,39,19,1.605,1.375
2017-09-24,03:25,0,0,0,20.0,65.2,42,20,39,19,1.62,1.37
2017-09-24,03:25,0,0,0,20.0,65.2,42,21,39,19,1.61,1.365
2017-09-24,03:25,0,0,0,20.0,65.2,42,21,39,19,1.605,1.35
2017-09-24,03:25,0,0,0,20.0,65.1,42,20,39,19,1.595,1.36
2017-09-24,03:25,0,4,0,20.0,65.0,42,20,39,19,1.59,1.37
2017-09-24,03:26,0,0,0,20.0,65.0,42,20,39,19,1.605,1.34
2017-09-24,03:26,0,3,0,20.0,64.9,42,21,39,19,1.605,1.34
2017-09-24,03:26,0,0,0,20.0,65.0,42,20,39,19,1.61,1.35
2017-09-24,03:26,0,2,0,20.0,64.9,42,21,39,19,1.59,1.365
2017-09-24,03:26,0,0,0,20.0,65.0,42,20,39,19,1.605,1.345
2017-09-24,03:26,0,0,0,20.0,65.0,42,21,39,19,1.59,1.335
2017-09-24,03:26,0,0,0,20.0,65.0,42,21,39,19,1.615,1.34
2017-09-24,03:26,0,0,0,20.0,65.1,42,20,39,20,1.615,1.355
2017-09-24,03:27,0,2,0,20.0,65.0,42,21,39,19,1.625,1.345
2017-09-24,03:27,0,0,0,20.0,65.0,42,20,39,19,1.585,1.34
2017-09-24,03:27,0,0,0,20.0,65.1,42,21,39,19,1.65,1.38
2017-09-24,03:27,0,0,0,20.0,65.1,42,20,39,19,1.61,1.34
2017-09-24,03:27,0,0,0,20.0,65.1,42,20,39,19,1.605,1.335
2017-09-24,03:27,0,3,0,20.0,65.0,42,21,39,19,1.6,1.335
2017-09-24,03:27,0,0,0,20.0,65.0,42,20,39,19,1.58,1.33
2017-09-24,03:27,0,0,0,20.0,65.0,42,21,39,19,1.615,1.345
2017-09-24,03:28,0,0,0,20.0,65.0,42,20,39,19,1.605,1.355
2017-09-24,03:28,0,0,0,20.0,65.0,42,21,39,19,1.58,1.34
2017-09-24,03:28,0,1,0,20.0,65.1,42,21,39,19,1.59,1.33
2017-09-24,03:28,0,0,0,20.0,65.2,42,20,39,19,1.615,1.345
2017-09-24,03:28,0,0,0,20.0,65.3,42,21,39,19,1.6,1.345
2017-09-24,03:28,0,0,0,20.0,65.2,42,21,39,19,1.62,1.335
2017-09-24,03:28,0,0,0,20.0,65.2,42,21,39,19,1.575,1.325
2017-09-24,03:28,0,0,0,20.0,65.2,42,21,39,19,1.595,1.325
2017-09-24,03:29,0,0,0,20.0,65.2,42,21,39,19,1.625,1.345
2017-09-24,03:29,0,0,0,20.0,65.1,42,21,39,19,1.61,1.345
2017-09-24,03:29,0,2,0,20.0,65.2,42,20,39,19,1.58,1.35
2017-09-24,03:29,0,0,0,20.0,65.2,42,21,39,19,1.59,1.33
2017-09-24,03:29,0,0,0,20.0,65.2,42,21,39,19,1.6,1.345
2017-09-24,03:29,0,0,0,20.0,65.2,42,20,39,19,1.595,1.34
2017-09-24,03:29,0,0,0,20.0,65.2,42,21,39,19,1.59,1.35
2017-09-24,03:29,0,0,0,20.0,65.1,42,20,39,19,1.585,1.355
2017-09-24,03:29,0,0,0,20.0,65.1,42,20,39,19,1.59,1.35
2017-09-24,03:30,0,0,0,20.0,65.2,42,21,39,19,1.575,1.335
2017-09-24,03:30,0,0,0,20.0,65.2,42,21,39,20,1.59,1.34
2017-09-24,03:30,0,2,0,20.0,65.3,42,21,39,19,1.6,1.34
2017-09-24,03:30,0,2,0,20.0,65.3,42,20,39,19,1.595,1.36
2017-09-24,03:30,0,0,0,20.0,65.3,42,21,39,19,1.6,1.36
2017-09-24,03:30,0,4,0,20.0,65.3,42,21,39,19,1.58,1.32
2017-09-24,03:30,0,0,0,20.0,65.3,42,20,39,19,1.6,1.335
2017-09-24,03:30,0,0,0,20.0,65.3,42,21,39,19,1.575,1.34
2017-09-24,03:31,0,3,0,20.0,65.4,42,21,39,19,1.59,1.32
2017-09-24,03:31,0,0,0,20.0,65.3,42,21,39,19,1.585,1.36
2017-09-24,03:31,0,0,0,20.0,65.2,42,21,39,19,1.6,1.34
2017-09-24,03:31,0,0,0,20.0,65.2,42,21,39,19,1.61,1.345
2017-09-24,03:31,0,3,0,20.0,65.2,42,21,39,19,1.58,1.325
2017-09-24,03:31,0,0,0,20.0,65.2,42,20,39,19,1.6,1.335
2017-09-24,03:31,0,1,0,20.0,65.2,42,21,39,19,1.58,1.325
2017-09-24,03:31,0,0,0,20.0,65.3,42,21,39,19,1.59,1.33
2017-09-24,03:32,0,3,0,20.0,65.5,42,20,39,19,1.565,1.435
2017-09-24,03:32,0,0,0,20.0,65.4,42,20,39,19,1.6,1.335
2017-09-24,03:32,0,1,0,20.0,65.3,42,21,39,19,1.575,1.33
2017-09-24,03:32,0,3,0,20.0,65.1,42,21,39,19,1.585,1.33
2017-09-24,03:32,0,0,0,20.0,65.1,43,20,39,19,1.57,1.32
2017-09-24,03:32,0,0,0,20.0,65.2,42,20,39,19,1.605,1.345
2017-09-24,03:32,0,0,0,20.0,65.2,42,21,39,19,1.585,1.33
2017-09-24,03:32,0,0,0,20.0,65.2,42,21,39,19,1.6,1.345
2017-09-24,03:32,0,1,0,20.0,65.2,42,21,39,19,1.565,1.33
2017-09-24,03:33,0,0,0,20.0,65.4,42,21,39,19,1.59,1.33
2017-09-24,03:33,0,0,0,20.0,65.4,42,21,39,19,1.605,1.345
2017-09-24,03:33,0,0,0,20.0,65.4,42,20,39,19,1.625,1.34
2017-09-24,03:33,0,0,0,20.0,65.4,42,21,39,19,1.565,1.33
2017-09-24,03:33,1,0,0,20.0,65.3,42,20,39,19,1.58,1.34
2017-09-24,03:33,0,0,0,20.0,65.3,42,21,39,19,1.56,1.315
2017-09-24,03:33,0,1,0,20.0,65.4,42,21,39,19,1.605,1.32
2017-09-24,03:33,0,0,0,20.0,65.4,42,20,39,19,1.59,1.33
2017-09-24,03:34,0,0,0,20.0,65.4,42,21,39,19,1.57,1.345
2017-09-24,03:34,0,0,0,20.0,65.3,42,20,38,19,1.575,1.325
2017-09-24,03:34,0,0,0,20.0,65.3,42,21,39,19,1.57,1.335
2017-09-24,03:34,0,2,0,20.0,65.4,42,20,39,19,1.57,1.33
2017-09-24,03:34,0,0,0,20.0,65.5,42,20,39,19,1.565,1.335
2017-09-24,03:34,0,4,0,20.0,65.6,42,20,39,19,1.585,1.32
2017-09-24,03:34,0,0,0,20.0,65.6,42,20,39,19,1.605,1.33
2017-09-24,03:34,0,0,0,20.0,65.4,42,21,39,19,1.595,1.325
2017-09-24,03:35,0,0,0,20.0,65.3,42,20,39,19,1.595,1.34
2017-09-24,03:35,0,0,0,20.0,65.2,42,21,39,19,1.575,1.34
2017-09-24,03:35,0,3,0,20.0,65.2,42,20,39,19,1.565,1.325
2017-09-24,03:35,0,0,0,20.0,65.3,42,20,39,20,1.605,1.33
2017-09-24,03:35,0,0,0,20.0,65.3,42,21,39,19,1.61,1.33
2017-09-24,03:35,0,5,0,20.0,65.3,42,21,39,19,1.62,1.335
2017-09-24,03:35,0,0,0,20.0,65.3,42,20,39,19,1.61,1.345
2017-09-24,03:35,0,1,0,20.0,65.4,42,21,39,19,1.56,1.33
2017-09-24,03:35,0,0,0,20.0,65.4,42,21,39,19,1.575,1.325
2017-09-24,03:36,0,0,0,20.0,65.4,42,20,39,19,1.56,1.31
2017-09-24,03:36,0,0,0,20.0,65.4,42,21,39,19,1.565,1.315
2017-09-24,03:36,0,0,0,20.0,65.3,42,20,39,19,1.58,1.325
2017-09-24,03:36,0,0,0,20.0,65.3,42,21,39,19,1.565,1.335
2017-09-24,03:36,0,0,0,20.0,65.4,42,21,39,19,1.58,1.315
2017-09-24,03:36,0,0,0,20.0,65.4,42,21,39,19,1.58,1.325
2017-09-24,03:36,0,0,0,20.0,65.4,42,21,39,19,1.575,1.34
2017-09-24,03:36,0,0,0,20.0,65.5,42,20,39,19,1.575,1.33
2017-09-24,03:37,0,0,0,20.0,65.4,42,20,39,19,1.625,1.325
2017-09-24,03:37,0,0,0,20.0,65.4,42,21,39,19,1.59,1.31
2017-09-24,03:37,0,0,0,20.0,65.4,42,21,39,19,1.555,1.345
2017-09-24,03:37,0,0,0,20.0,65.5,42,21,39,19,1.58,1.335
2017-09-24,03:37,0,0,0,20.0,65.4,42,20,39,19,1.585,1.31
2017-09-24,03:37,0,0,0,20.0,65.4,42,20,39,19,1.565,1.325
2017-09-24,03:37,0,0,0,20.0,65.4,42,21,39,19,1.595,1.33
2017-09-24,03:37,0,0,0,20.0,65.3,42,21,39,19,1.555,1.33
2017-09-24,03:38,0,0,0,20.0,65.4,42,20,39,19,1.57,1.32
2017-09-24,03:38,0,0,0,20.0,65.5,42,20,39,19,1.555,1.33
2017-09-24,03:38,0,0,0,20.0,65.5,42,21,39,19,1.59,1.325
2017-09-24,03:38,0,0,0,20.0,65.4,42,21,39,19,1.56,1.445
2017-09-24,03:38,0,0,0,20.0,65.3,42,21,39,19,1.59,1.345
2017-09-24,03:38,0,0,0,20.0,65.4,42,21,39,19,1.59,1.32
2017-09-24,03:38,0,0,0,20.0,65.3,42,21,39,19,1.545,1.32
2017-09-24,03:38,0,0,0,20.0,65.3,42,20,39,19,1.58,1.33
2017-09-24,03:39,0,0,0,20.0,65.3,42,21,39,19,1.565,1.335
2017-09-24,03:39,0,0,0,20.0,65.3,42,20,39,19,1.57,1.325
2017-09-24,03:39,0,0,0,20.0,65.4,42,20,39,19,1.565,1.315
2017-09-24,03:39,0,0,0,20.0,65.4,42,21,39,19,1.55,1.33
2017-09-24,03:39,0,0,0,20.0,65.4,42,20,39,19,1.565,1.33
2017-09-24,03:39,0,0,0,20.0,65.5,42,21,39,19,1.58,1.345
2017-09-24,03:39,0,0,1,20.0,65.4,42,21,39,19,1.575,1.315
2017-09-24,03:39,0,0,0,20.0,65.4,42,21,39,19,1.57,1.31
2017-09-24,03:39,0,0,0,20.0,65.3,42,21,39,19,1.565,1.325
2017-09-24,03:40,0,0,0,20.0,65.3,42,20,39,19,1.57,1.305
2017-09-24,03:40,0,0,0,20.0,65.4,42,20,39,19,1.57,1.335
2017-09-24,03:40,0,0,0,20.0,65.5,42,21,39,19,1.57,1.305
2017-09-24,03:40,0,0,0,20.0,65.6,42,21,39,19,1.565,1.33
2017-09-24,03:40,0,0,0,20.0,65.5,42,20,39,19,1.555,1.32
2017-09-24,03:40,0,0,0,20.0,65.5,42,20,39,19,1.58,1.31
2017-09-24,03:40,0,2,0,20.0,65.6,42,20,39,19,1.565,1.335
2017-09-24,03:40,0,0,0,20.0,65.6,42,20,39,19,1.565,1.34
2017-09-24,03:41,0,0,0,20.0,65.5,42,21,39,19,1.59,1.325
2017-09-24,03:41,0,0,0,20.0,65.5,42,21,39,19,1.79,1.355
2017-09-24,03:41,0,0,0,20.0,65.5,42,21,39,19,1.62,1.325
2017-09-24,03:41,0,0,0,20.0,65.5,42,21,39,19,1.575,1.295
2017-09-24,03:41,0,0,0,20.0,65.4,42,21,39,19,1.57,1.315
2017-09-24,03:41,0,0,0,20.0,65.4,42,21,39,19,1.56,1.335
2017-09-24,03:41,0,0,0,20.0,65.5,42,20,38,19,1.575,1.32
2017-09-24,03:41,0,6,0,20.0,65.4,42,21,39,19,1.575,1.305
2017-09-24,03:42,0,0,0,20.0,65.5,42,20,39,19,1.56,1.385
2017-09-24,03:42,0,0,0,20.0,65.4,42,20,39,19,1.575,1.32
2017-09-24,03:42,0,0,0,20.0,65.5,42,20,39,19,1.605,1.365
2017-09-24,03:42,0,0,1,20.0,65.7,42,20,39,19,1.58,1.32
2017-09-24,03:42,0,0,0,20.0,65.7,42,21,39,19,1.59,1.33
2017-09-24,03:42,0,3,0,20.0,65.7,42,20,39,19,1.605,1.315
2017-09-24,03:42,0,0,0,20.0,65.5,42,20,39,19,1.575,1.32
2017-09-24,03:42,0,0,0,20.0,65.5,42,21,39,19,1.6,1.35
2017-09-24,03:42,0,0,0,20.0,65.5,42,21,39,19,1.58,1.32
2017-09-24,03:43,0,0,0,20.0,65.7,42,21,39,19,1.58,1.33
2017-09-24,03:43,0,0,0,20.0,65.7,42,20,39,19,1.555,1.325
2017-09-24,03:43,0,1,0,20.0,65.6,42,21,39,19,1.605,1.31
2017-09-24,03:43,0,0,0,20.0,65.6,42,21,39,19,1.56,1.335
2017-09-24,03:43,0,0,0,20.0,65.6,42,21,39,19,1.585,1.31
2017-09-24,03:43,0,0,0,20.0,65.6,42,21,39,19,1.765,1.49
2017-09-24,03:43,0,0,0,20.0,65.6,42,21,39,19,1.68,1.41
2017-09-24,03:43,0,0,0,20.0,65.5,42,20,39,19,1.645,1.37
2017-09-24,03:44,0,0,0,20.0,65.4,42,21,39,19,1.625,1.38
2017-09-24,03:44,0,0,0,20.0,65.4,42,21,39,19,1.64,1.385
2017-09-24,03:44,0,0,0,20.0,65.5,42,21,39,19,1.635,1.37
2017-09-24,03:44,0,1,0,20.0,65.5,42,20,39,19,1.625,1.375
2017-09-24,03:44,0,0,0,20.0,65.6,42,21,39,19,1.655,1.385
2017-09-24,03:44,0,0,0,20.0,65.6,42,21,39,19,1.66,1.365
2017-09-24,03:44,0,0,0,20.0,65.6,42,20,39,19,1.635,1.38
2017-09-24,03:44,0,0,0,20.0,65.6,42,21,39,19,1.655,1.375
2017-09-24,03:45,0,0,0,20.0,65.5,42,21,39,19,1.655,1.38
2017-09-24,03:45,0,3,0,20.0,65.6,42,21,38,19,1.63,1.37
2017-09-24,03:45,0,0,0,20.0,65.6,42,21,39,19,1.645,1.39
2017-09-24,03:45,0,0,0,20.0,65.6,42,21,39,20,1.655,1.385
2017-09-24,03:45,0,0,0,20.0,65.6,42,21,39,19,1.655,1.38
2017-09-24,03:45,0,0,0,20.0,65.6,42,20,39,19,1.685,1.38
2017-09-24,03:45,0,0,0,20.0,65.6,42,21,39,19,1.675,1.38
2017-09-24,03:45,0,0,0,20.0,65.6,42,20,39,19,1.66,1.37
2017-09-24,03:45,0,2,0,20.0,65.7,42,21,39,19,1.645,1.37
2017-09-24,03:46,0,0,0,20.0,65.6,42,21,39,19,1.615,1.37
2017-09-24,03:46,0,0,0,20.0,65.7,42,21,39,19,1.625,1.36
2017-09-24,03:46,0,0,0,20.0,65.6,42,21,39,19,1.63,1.39
2017-09-24,03:46,0,1,0,20.0,65.6,42,20,39,19,1.665,1.37
2017-09-24,03:46,0,0,0,20.0,65.6,42,21,39,19,1.65,1.36
2017-09-24,03:46,0,0,0,20.0,65.6,42,21,39,19,1.68,1.39
2017-09-24,03:46,0,0,0,20.0,65.8,42,20,38,19,1.62,1.38
2017-09-24,03:46,0,0,0,20.0,65.9,42,21,39,19,1.66,1.375
2017-09-24,03:47,0,0,0,20.0,66.0,42,20,39,20,1.645,1.38
2017-09-24,03:47,0,0,0,19.9,65.9,42,21,39,19,1.625,1.355
2017-09-24,03:47,0,0,0,20.0,65.9,42,21,39,19,1.625,1.38
2017-09-24,03:47,0,0,0,20.0,65.9,42,20,39,19,1.65,1.41
2017-09-24,03:47,0,0,0,20.0,65.9,42,21,39,19,1.64,1.395
2017-09-24,03:47,0,0,0,20.0,65.8,42,21,39,19,1.655,1.385
2017-09-24,03:47,0,0,0,20.0,65.8,42,21,39,19,1.665,1.385
2017-09-24,03:47,0,0,0,20.0,65.7,42,20,39,19,1.645,1.38
2017-09-24,03:48,0,0,0,20.0,65.7,42,21,39,19,1.615,1.39
2017-09-24,03:48,0,2,0,20.0,65.7,42,21,39,19,1.615,1.365
2017-09-24,03:48,0,0,0,20.0,65.7,42,21,39,20,1.645,1.415
2017-09-24,03:48,0,0,0,20.0,65.8,42,21,39,19,1.63,1.385
2017-09-24,03:48,0,1,0,20.0,65.8,42,20,38,19,1.63,1.355
2017-09-24,03:48,0,0,0,20.0,66.0,42,21,39,19,1.63,1.365
2017-09-24,03:48,0,0,0,20.0,65.8,42,21,39,19,1.64,1.365
2017-09-24,03:48,0,0,0,20.0,65.7,42,21,39,19,1.62,1.355
2017-09-24,03:49,0,0,0,20.0,65.7,42,21,39,19,1.67,1.375
2017-09-24,03:49,0,0,0,20.0,65.8,42,20,39,19,1.64,1.375
2017-09-24,03:49,0,0,0,20.0,65.9,42,21,39,19,1.875,1.42
2017-09-24,03:49,0,0,0,20.0,66.0,42,21,39,19,1.635,1.38
2017-09-24,03:49,0,1,0,20.0,65.9,42,20,39,19,1.61,1.36
2017-09-24,03:49,0,0,0,20.0,65.7,42,20,39,19,1.65,1.36
2017-09-24,03:49,0,0,0,20.0,65.7,42,21,39,19,1.635,1.39
2017-09-24,03:49,0,0,0,20.0,65.6,42,21,38,19,1.61,1.355
2017-09-24,03:49,0,0,0,20.0,65.6,42,20,39,19,1.635,1.37
2017-09-24,03:50,0,2,0,20.0,65.6,42,21,39,19,1.63,1.35
2017-09-24,03:50,0,3,0,20.0,65.7,42,21,39,19,1.665,1.36
2017-09-24,03:50,0,0,0,20.0,65.7,42,20,39,19,1.645,1.37
2017-09-24,03:50,0,0,0,20.0,65.7,42,21,39,19,1.64,1.395
2017-09-24,03:50,0,0,0,20.0,65.7,42,21,38,19,1.62,1.405
2017-09-24,03:50,0,0,0,20.0,65.8,42,21,39,19,1.62,1.37
2017-09-24,03:50,0,1,0,20.0,65.7,42,20,38,19,1.62,1.38
2017-09-24,03:50,0,0,0,20.0,65.9,42,20,39,19,1.635,1.39
2017-09-24,03:51,0,0,0,20.0,65.9,42,21,39,19,1.61,1.365
2017-09-24,03:51,0,0,0,20.0,65.8,42,21,39,19,1.645,1.385
2017-09-24,03:51,0,0,0,20.0,65.7,42,20,38,19,1.62,1.365
2017-09-24,03:51,0,0,0,20.0,65.7,42,21,39,19,1.65,1.385
2017-09-24,03:51,0,0,0,20.0,65.7,42,21,39,19,1.62,1.37
2017-09-24,03:51,0,5,0,20.0,65.7,42,21,39,19,1.65,1.41
2017-09-24,03:51,0,0,0,20.0,65.8,42,21,38,19,1.625,1.36
2017-09-24,03:51,0,0,0,20.0,65.7,42,20,39,19,1.635,1.39
2017-09-24,03:52,0,0,0,20.0,65.8,42,21,39,19,1.62,1.505
2017-09-24,03:52,0,0,0,20.0,65.7,42,21,39,19,1.62,1.375
2017-09-24,03:52,0,2,0,20.0,65.8,42,21,39,19,1.64,1.365
2017-09-24,03:52,0,0,0,19.9,65.8,42,21,39,19,1.645,1.395
2017-09-24,03:52,0,0,0,20.0,65.7,42,20,39,19,1.62,1.35
2017-09-24,03:52,1,0,0,20.0,65.7,42,21,39,19,1.625,1.38
2017-09-24,03:52,0,0,0,20.0,65.7,42,21,39,19,1.65,1.385
2017-09-24,03:52,0,0,0,20.0,65.7,42,20,38,19,1.62,1.36
2017-09-24,03:52,0,0,0,20.0,65.6,42,20,39,19,1.63,1.38
2017-09-24,03:53,0,0,0,20.0,65.6,42,20,39,19,1.65,1.38
2017-09-24,03:53,0,0,0,20.0,65.7,42,21,39,19,1.645,1.38
2017-09-24,03:53,0,0,0,20.0,65.6,42,21,39,19,1.625,1.37
2017-09-24,03:53,0,0,0,20.0,65.6,42,21,39,19,1.63,1.365
2017-09-24,03:53,0,0,0,20.0,65.6,42,21,39,19,1.64,1.38
2017-09-24,03:53,0,0,0,19.9,65.7,42,21,39,19,1.81,1.535
2017-09-24,03:53,0,0,0,20.0,65.8,42,20,38,19,1.8,1.51
2017-09-24,03:53,0,0,0,20.0,65.8,42,21,39,19,1.76,1.525
2017-09-24,03:54,0,0,0,20.0,65.8,42,20,38,19,1.81,1.515
2017-09-24,03:54,0,0,0,20.0,65.8,42,21,39,19,1.78,1.495
2017-09-24,03:54,0,0,0,19.9,65.7,42,20,38,19,1.655,1.355
2017-09-24,03:54,0,0,0,20.0,65.6,42,21,39,19,1.615,1.36
2017-09-24,03:54,0,0,0,20.0,65.7,42,21,39,19,1.64,1.375
2017-09-24,03:54,0,0,0,19.9,65.7,42,21,39,19,1.625,1.35
2017-09-24,03:54,0,0,0,20.0,65.7,42,20,39,19,1.635,1.37
2017-09-24,03:54,0,0,0,20.0,65.8,42,21,39,19,1.62,1.345
2017-09-24,03:55,0,0,0,20.0,65.7,42,21,39,19,1.63,1.365
2017-09-24,03:55,0,0,0,20.0,65.7,42,21,39,19,1.665,1.375
2017-09-24,03:55,0,0,0,20.0,65.7,42,21,39,19,1.635,1.37
2017-09-24,03:55,0,0,0,20.0,65.7,42,21,39,19,1.62,1.355
2017-09-24,03:55,0,0,0,20.0,65.7,42,20,39,19,1.615,1.4
2017-09-24,03:55,0,0,0,20.0,65.8,42,20,39,19,1.635,1.385
2017-09-24,03:55,0,0,0,20.0,66.1,42,21,39,19,1.64,1.375
2017-09-24,03:55,0,0,0,19.9,66.1,42,21,39,19,1.62,1.355
2017-09-24,03:55,0,2,0,20.0,65.9,42,21,39,19,1.64,1.38
2017-09-24,03:56,0,0,0,20.0,65.7,42,20,39,19,1.62,1.355
2017-09-24,03:56,0,0,0,20.0,65.7,42,20,39,19,1.64,1.375
2017-09-24,03:56,0,0,0,20.0,65.7,42,21,39,19,1.63,1.37
2017-09-24,03:56,0,0,0,20.0,65.6,42,21,39,19,1.615,1.37
2017-09-24,03:56,0,0,0,20.0,65.6,42,20,39,19,1.64,1.375
2017-09-24,03:56,0,0,0,20.0,65.6,42,21,39,19,1.615,1.36
2017-09-24,03:56,0,0,0,20.0,65.6,42,21,39,19,1.635,1.385
2017-09-24,03:56,0,0,0,20.0,65.7,42,21,39,19,1.65,1.37
2017-09-24,03:57,0,0,0,20.0,65.6,42,21,38,19,1.625,1.38
2017-09-24,03:57,0,0,0,20.0,65.7,42,20,38,19,1.63,1.355
2017-09-24,03:57,0,0,0,20.0,65.8,42,20,39,19,1.64,1.415
2017-09-24,03:57,0,0,0,20.0,65.8,42,20,38,19,1.62,1.37
2017-09-24,03:57,0,0,0,20.0,65.9,42,21,39,19,1.64,1.39
2017-09-24,03:57,0,0,0,20.0,65.8,42,20,39,19,1.645,1.37
2017-09-24,03:57,0,0,0,19.9,65.6,42,21,39,19,1.62,1.36
2017-09-24,03:57,0,0,0,20.0,65.6,42,21,38,19,1.635,1.39
2017-09-24,03:58,0,3,0,20.0,65.5,42,21,39,19,1.645,1.37
2017-09-24,03:58,0,0,0,20.0,65.5,42,21,39,19,1.61,1.355
2017-09-24,03:58,0,0,0,20.0,65.4,42,20,38,19,1.63,1.37
2017-09-24,03:58,0,0,0,19.9,65.4,42,20,39,19,1.65,1.37
2017-09-24,03:58,0,0,0,19.9,65.4,42,20,39,19,1.63,1.365
2017-09-24,03:58,0,0,0,20.0,65.4,42,21,39,19,1.61,1.37
2017-09-24,03:58,0,0,0,20.0,65.4,42,21,39,19,1.625,1.365
2017-09-24,03:58,0,0,0,20.0,65.5,42,21,39,19,1.605,1.35
2017-09-24,03:59,0,0,0,20.0,65.6,42,21,39,19,1.615,1.35
2017-09-24,03:59,0,0,0,20.0,65.5,42,21,39,19,1.615,1.35
2017-09-24,03:59,0,0,0,20.0,65.6,42,20,39,19,1.62,1.355
2017-09-24,03:59,0,0,0,20.0,65.6,42,20,39,19,1.645,1.37
2017-09-24,03:59,0,0,0,20.0,65.5,42,20,39,19,1.62,1.35
2017-09-24,03:59,0,4,0,20.0,65.5,42,21,38,19,1.605,1.355
2017-09-24,03:59,0,0,0,20.0,65.5,42,21,39,19,1.61,1.365
2017-09-24,03:59,0,2,0,19.9,65.5,42,20,38,19,1.615,1.355
2017-09-24,03:59,0,0,0,20.0,65.5,42,21,39,19,1.625,1.375
2017-09-24,04:00,0,2,0,20.0,65.4,42,20,39,19,1.645,1.36
2017-09-24,04:00,0,0,0,19.9,65.4,42,21,39,19,1.615,1.34
2017-09-24,04:00,0,0,0,20.0,65.4,42,21,39,19,1.61,1.35
2017-09-24,04:00,0,0,0,20.0,65.4,42,21,38,19,1.62,1.355
2017-09-24,04:00,0,0,0,20.0,65.5,42,21,39,19,1.605,1.36
2017-09-24,04:00,0,2,0,20.0,65.4,42,20,39,19,1.61,1.345
2017-09-24,04:00,0,0,0,19.9,65.4,42,21,39,19,1.625,1.375
2017-09-24,04:00,0,0,0,20.0,65.4,42,20,38,19,1.61,1.375
2017-09-24,04:01,0,0,0,19.9,65.5,42,21,39,19,1.605,1.365
2017-09-24,04:01,0,0,0,19.9,65.6,42,20,39,19,1.625,1.37
2017-09-24,04:01,0,0,0,20.0,65.5,42,21,38,19,1.625,1.375
2017-09-24,04:01,0,0,0,19.9,65.4,42,20,38,19,1.65,1.37
2017-09-24,04:01,0,0,0,20.0,65.3,42,21,39,19,1.615,1.37
2017-09-24,04:01,0,0,0,19.9,65.4,42,21,38,19,1.605,1.35
2017-09-24,04:01,0,0,0,20.0,65.3,42,20,38,19,19.89,16.345
2017-09-24,04:01,0,0,0,20.0,65.5,42,21,38,19,19.595,16.35
2017-09-24,04:02,0,2,0,20.0,65.5,42,21,38,19,19.615,16.365
2017-09-24,04:02,0,0,0,20.0,65.3,42,20,39,19,19.73,16.235
2017-09-24,04:02,0,0,0,20.0,65.3,42,21,39,19,19.695,16.235
2017-09-24,04:02,0,0,0,20.0,65.2,42,21,39,19,19.55,16.305
2017-09-24,04:02,0,0,0,20.0,65.2,42,21,39,19,19.545,16.35
2017-09-24,04:02,0,0,0,20.0,65.3,42,21,38,19,19.545,16.36
2017-09-24,04:02,0,0,0,20.0,65.5,42,21,39,19,19.64,16.38
2017-09-24,04:02,0,0,0,20.0,65.5,42,20,39,19,19.635,16.37
2017-09-24,04:02,0,0,0,20.0,65.6,42,21,39,19,19.78,16.28
2017-09-24,04:03,0,0,0,20.0,65.4,42,21,38,19,19.74,16.23
2017-09-24,04:03,0,0,0,20.0,65.4,42,20,39,19,19.585,16.305
2017-09-24,04:03,0,2,0,19.9,65.3,42,21,39,19,19.555,16.355
2017-09-24,04:03,0,0,0,20.0,65.4,42,21,39,19,19.645,16.315
2017-09-24,04:03,0,0,0,19.9,65.5,42,20,39,19,19.63,16.245
2017-09-24,04:03,0,0,0,20.0,65.5,42,20,39,19,19.54,16.335
2017-09-24,04:03,0,1,0,19.9,65.4,42,21,39,19,19.69,16.275
2017-09-24,04:03,0,0,0,20.0,65.4,42,20,39,19,19.635,16.235
2017-09-24,04:03,0,0,0,20.0,65.3,42,21,39,19,19.75,16.24
2017-09-24,04:04,0,0,0,20.0,65.2,42,20,39,19,19.715,16.225
2017-09-24,04:04,0,0,0,20.0,65.2,42,21,39,19,19.72,16.25
2017-09-24,04:04,0,0,0,20.0,65.2,42,20,39,20,19.7,16.22
2017-09-24,04:04,0,0,0,20.0,65.4,42,21,40,19,19.72,16.23
2017-09-24,04:04,0,0,0,20.0,65.5,42,20,40,20,19.61,16.24
2017-09-24,04:04,0,0,0,20.0,65.4,42,20,40,19,19.6,16.29
2017-09-24,04:04,0,0,0,19.9,65.3,42,20,40,19,19.575,16.375
2017-09-24,04:04,0,0,0,20.0,65.3,42,20,40,19,19.705,16.185
2017-09-24,04:05,0,0,0,20.0,65.3,42,21,40,19,19.67,16.185
2017-09-24,04:05,0,0,0,20.0,65.3,42,20,40,19,19.525,16.245
2017-09-24,04:05,0,0,0,20.0,65.3,42,20,41,19,19.505,16.28
2017-09-24,04:05,0,0,0,20.0,65.5,42,20,40,19,19.515,16.26
2017-09-24,04:05,0,0,0,20.0,65.6,42,21,41,19,19.63,16.15
2017-09-24,04:05,0,0,0,20.0,65.5,42,20,41,19,19.63,16.195
2017-09-24,04:05,0,0,0,19.9,65.5,42,20,41,19,19.465,16.25
2017-09-24,04:05,0,0,0,19.9,65.6,42,20,41,19,19.47,16.105
2017-09-24,04:05,0,0,0,20.0,65.6,42,20,41,19,19.555,16.125
2017-09-24,04:06,0,3,0,20.0,65.5,42,20,41,19,19.415,16.205
2017-09-24,04:06,0,0,0,20.0,65.5,42,21,41,19,19.58,16.125
2017-09-24,04:06,0,0,0,20.0,65.5,42,20,42,19,19.525,16.23
2017-09-24,04:06,0,0,0,19.9,65.5,42,20,41,19,1.545,1.32
2017-09-24,04:06,0,0,0,20.0,65.6,42,20,42,19,1.545,1.31
2017-09-24,04:06,0,0,0,20.0,65.5,42,20,41,19,1.54,1.315
2017-09-24,04:06,0,0,0,20.0,65.4,42,20,42,19,1.56,1.3
2017-09-24,04:06,0,0,0,20.0,65.4,42,20,42,19,1.545,1.305
2017-09-24,04:07,0,0,0,19.9,65.4,42,20,42,19,1.56,1.29
2017-09-24,04:07,0,0,0,19.9,65.3,42,20,42,19,1.53,1.295
2017-09-24,04:07,0,2,0,19.9,65.3,42,20,42,19,1.54,1.29
2017-09-24,04:07,0,0,0,20.0,65.5,42,20,42,19,1.56,1.3
2017-09-24,04:07,0,0,0,19.9,65.5,42,20,43,19,1.56,1.315
2017-09-24,04:07,0,0,0,20.0,65.5,42,20,42,19,1.545,1.315
2017-09-24,04:07,0,1,0,19.9,65.4,42,20,43,19,1.535,1.31
2017-09-24,04:07,0,0,0,19.9,65.4,43,20,42,19,1.875,1.49
2017-09-24,04:08,0,0,0,19.9,65.4,42,20,42,19,1.555,1.33
2017-09-24,04:08,0,0,0,19.9,65.4,42,20,43,19,1.555,1.355
2017-09-24,04:08,0,0,0,19.9,65.5,42,20,43,19,1.545,1.32
2017-09-24,04:08,0,0,0,20.0,65.6,42,20,43,19,1.575,1.305
2017-09-24,04:08,0,1,0,19.9,65.4,43,20,43,19,1.54,1.295
2017-09-24,04:08,0,0,0,19.9,65.4,42,20,43,19,1.54,1.3
2017-09-24,04:08,0,0,0,19.9,65.4,43,20,43,19,1.565,1.295
2017-09-24,04:08,0,0,0,19.9,65.4,42,20,43,19,1.555,1.295
2017-09-24,04:08,0,0,0,19.9,65.4,42,20,43,19,1.56,1.305
2017-09-24,04:09,0,0,0,19.9,65.4,42,20,43,19,1.56,1.315
2017-09-24,04:09,0,0,0,19.9,65.4,42,20,43,19,1.545,1.285
2017-09-24,04:09,0,0,0,19.9,65.5,43,20,43,19,1.57,1.315
2017-09-24,04:09,0,0,0,19.9,65.6,43,20,43,20,1.555,1.345
2017-09-24,04:09,0,0,0,19.9,65.6,42,20,43,19,1.7,1.31
2017-09-24,04:09,0,0,0,19.9,65.7,43,20,43,19,1.56,1.305
2017-09-24,04:09,0,0,0,19.9,65.7,43,20,43,19,1.565,1.3
2017-09-24,04:09,0,0,0,19.9,65.6,43,20,43,19,1.56,1.32
2017-09-24,04:10,1,3,0,19.9,65.7,43,20,43,19,1.535,1.305
2017-09-24,04:10,0,0,0,19.9,65.8,43,20,43,19,1.54,1.295
2017-09-24,04:10,0,0,0,19.9,65.7,43,20,43,19,1.54,1.29
2017-09-24,04:10,0,0,0,19.9,65.5,43,20,43,19,1.56,1.315
2017-09-24,04:10,0,0,0,19.9,65.6,43,20,43,19,1.565,1.32
2017-09-24,04:10,0,0,0,19.9,65.7,43,20,43,19,1.54,1.325
2017-09-24,04:10,0,1,0,19.9,65.7,43,20,44,19,1.565,1.305
2017-09-24,04:10,0,0,0,19.9,65.7,43,20,43,19,1.56,1.315
2017-09-24,04:11,0,0,0,19.9,65.7,43,20,44,19,1.535,1.31
2017-09-24,04:11,0,2,0,19.9,65.7,43,20,43,19,1.54,1.435
2017-09-24,04:11,0,0,0,19.9,65.6,43,20,43,20,1.565,1.32
2017-09-24,04:11,0,0,0,19.9,65.6,43,20,44,19,1.565,1.32
2017-09-24,04:11,0,0,0,19.9,65.7,43,20,43,19,1.325,1.145
2017-09-24,04:11,0,1,0,19.9,65.6,43,20,43,19,1.34,1.14
2017-09-24,04:11,0,0,0,19.9,65.5,43,20,43,19,1.345,1.145
2017-09-24,04:11,0,0,0,19.9,65.5,43,20,44,19,1.325,1.135
2017-09-24,04:11,0,0,0,19.9,65.5,43,20,43,19,1.335,1.145
2017-09-24,04:12,0,0,0,19.9,65.5,43,20,43,19,1.32,1.135
2017-09-24,04:12,0,0,0,19.9,65.5,43,20,43,19,1.345,1.205
2017-09-24,04:12,0,0,0,19.9,65.6,43,20,44,19,1.34,1.155
2017-09-24,04:12,0,0,0,19.9,65.7,43,20,43,19,1.32,1.145
2017-09-24,04:12,0,0,0,19.9,65.6,43,20,43,19,1.345,1.145
2017-09-24,04:12,0,0,0,19.9,65.6,43,20,43,19,1.335,1.135
2017-09-24,04:12,0,1,0,19.9,65.7,43,20,43,19,1.315,1.135
2017-09-24,04:12,0,0,0,19.9,65.6,43,20,43,19,1.345,1.135
2017-09-24,04:13,0,0,0,19.9,65.6,43,20,43,19,1.335,1.14
2017-09-24,04:13,0,0,0,19.9,65.6,43,20,43,19,1.345,1.13
2017-09-24,04:13,0,0,0,19.9,65.6,43,20,43,19,1.315,1.14
2017-09-24,04:13,0,0,0,19.9,65.6,43,20,44,19,1.32,1.135
2017-09-24,04:13,0,0,0,19.9,65.6,43,20,43,20,1.32,1.135
2017-09-24,04:13,0,0,0,19.9,65.5,43,20,43,19,1.34,1.13
2017-09-24,04:13,0,5,0,19.9,65.4,43,20,43,19,1.32,1.13
2017-09-24,04:13,0,0,0,19.9,65.4,43,20,43,19,1.335,1.145
2017-09-24,04:14,0,0,0,19.9,65.4,43,20,44,19,1.41,1.135
2017-09-24,04:14,0,0,0,19.9,65.4,43,20,43,19,1.335,1.145
2017-09-24,04:14,0,0,0,19.9,65.5,43,20,43,19,1.315,1.14
2017-09-24,04:14,0,0,0,19.9,65.6,43,20,43,19,1.335,1.14
2017-09-24,04:14,0,0,0,19.9,65.6,43,20,44,19,1.34,1.145
2017-09-24,04:14,0,0,0,19.9,65.7,43,20,44,19,1.315,1.14
2017-09-24,04:14,0,0,0,19.9,65.6,43,20,43,19,1.345,1.145
2017-09-24,04:14,0,1,0,19.9,65.6,43,20,44,20,1.335,1.135
2017-09-24,04:15,0,0,0,19.9,65.5,43,20,43,19,1.315,1.135
2017-09-24,04:15,0,0,0,19.9,65.5,43,20,43,19,1.34,1.145
2017-09-24,04:15,0,0,0,19.9,65.6,43,20,44,19,1.335,1.125
2017-09-24,04:15,0,0,0,19.9,65.6,43,20,43,19,1.315,1.14
2017-09-24,04:15,0,0,0,19.9,65.7,43,20,43,19,1.325,1.14
2017-09-24,04:15,0,0,0,19.9,65.6,43,20,44,20,1.335,1.145
2017-09-24,04:15,0,0,0,19.9,65.5,43,20,43,19,1.33,1.14
2017-09-24,04:15,0,0,0,19.9,65.5,43,20,43,19,1.34,1.135
2017-09-24,04:15,0,0,0,19.9,65.4,43,20,43,19,1.34,1.145
2017-09-24,04:16,0,0,0,19.9,65.4,43,20,44,19,1.32,1.135
2017-09-24,04:16,0,0,0,19.9,65.5,43,20,43,20,1.34,1.145
2017-09-24,04:16,0,0,0,19.9,65.6,43,20,43,19,1.33,1.145
2017-09-24,04:16,0,3,0,19.9,65.6,43,20,43,19,1.335,1.15
2017-09-24,04:16,0,0,0,19.9,65.5,43,20,43,19,1.34,1.135
2017-09-24,04:16,0,0,0,19.9,65.4,43,20,44,19,1.32,1.15
2017-09-24,04:16,0,0,0,19.9,65.4,43,20,43,19,1.36,1.15
2017-09-24,04:16,0,0,0,19.9,65.4,43,20,43,20,1.335,1.15
2017-09-24,04:17,0,0,0,19.9,65.5,43,20,43,19,1.33,1.15
2017-09-24,04:17,0,0,0,19.9,65.5,43,20,43,19,1.35,1.165
2017-09-24,04:17,0,0,0,19.9,65.4,43,20,43,19,1.325,1.14
2017-09-24,04:17,0,0,0,19.9,65.5,43,20,43,19,1.35,1.145
2017-09-24,04:17,0,0,0,19.9,65.6,43,20,43,19,1.33,1.135
2017-09-24,04:17,0,0,0,19.9,65.6,43,20,43,19,1.33,1.14
2017-09-24,04:17,0,0,0,19.9,65.6,43,20,44,19,1.33,1.135
2017-09-24,04:17,0,0,0,19.9,65.6,43,20,44,19,1.315,1.13
2017-09-24,04:18,0,0,0,19.9,65.5,43,20,44,19,1.335,1.16
2017-09-24,04:18,0,0,0,19.9,65.4,43,20,43,19,1.33,1.135
2017-09-24,04:18,0,2,0,19.9,65.5,43,20,43,19,1.335,1.145
2017-09-24,04:18,0,0,0,19.9,65.6,43,20,43,19,1.335,1.14
2017-09-24,04:18,0,0,0,19.9,65.6,43,20,43,19,1.335,1.135
2017-09-24,04:18,0,0,0,19.9,65.7,43,20,43,19,1.335,1.14
2017-09-24,04:18,0,0,0,19.9,65.8,43,20,43,19,1.355,1.135
2017-09-24,04:18,0,0,0,19.9,65.7,43,20,44,19,1.32,1.13
2017-09-24,04:18,0,0,0,19.9,65.7,43,20,43,19,1.325,1.14
2017-09-24,04:19,0,0,0,19.9,65.6,43,20,43,19,1.335,1.135
2017-09-24,04:19,0,2,0,19.9,65.6,43,20,43,19,1.32,1.14
2017-09-24,04:19,0,0,0,19.9,65.6,43,20,43,19,1.34,1.135
2017-09-24,04:19,0,1,0,19.9,65.6,43,20,44,19,1.315,1.14
2017-09-24,04:19,0,0,0,19.9,65.5,43,20,44,19,1.325,1.13
2017-09-24,04:19,0,0,0,19.9,65.5,43,20,43,19,1.32,1.13
2017-09-24,04:19,0,0,0,19.9,65.5,43,20,43,19,1.335,1.14
2017-09-24,04:19,0,0,0,19.9,65.5,43,20,44,19,1.315,1.135
2017-09-24,04:20,0,0,0,19.9,65.4,43,20,43,20,1.335,1.145
2017-09-24,04:20,0,0,0,19.9,65.4,43,20,43,19,1.315,1.13
2017-09-24,04:20,0,0,0,19.9,65.5,43,20,43,19,1.33,1.135
2017-09-24,04:20,0,0,0,19.9,65.5,43,20,43,19,1.335,1.13
2017-09-24,04:20,0,0,0,19.9,65.5,43,20,43,20,1.335,1.135
2017-09-24,04:20,0,0,0,19.9,65.5,43,20,43,19,1.32,1.135
2017-09-24,04:20,0,0,0,19.9,65.6,43,20,43,19,1.32,1.14
2017-09-24,04:20,0,0,0,19.9,65.6,43,20,43,19,1.335,1.14
2017-09-24,04:21,0,0,0,19.9,65.6,43,20,44,19,1.325,1.13
2017-09-24,04:21,0,0,0,19.9,65.5,43,20,43,19,1.325,1.15
2017-09-24,04:21,0,3,0,19.9,65.5,43,20,43,19,1.33,1.13
2017-09-24,04:21,0,5,0,19.9,65.5,43,20,43,19,1.32,1.15
2017-09-24,04:21,0,0,0,19.9,65.6,43,21,43,19,1.345,1.14
2017-09-24,04:21,0,0,0,19.9,65.6,43,20,44,19,1.32,1.135
2017-09-24,04:21,0,0,0,19.9,65.6,43,20,43,20,1.32,1.15
2017-09-24,04:21,0,0,0,19.9,65.5,43,20,43,19,1.335,1.12
2017-09-24,04:21,0,0,0,19.9,65.4,43,20,43,19,1.32,1.14
2017-09-24,04:22,0,0,0,19.9,65.4,43,20,43,19,1.36,1.16
2017-09-24,04:22,0,0,0,19.9,65.4,43,20,43,20,1.325,1.14
2017-09-24,04:22,0,0,0,19.9,65.3,43,20,43,19,1.345,1.15
2017-09-24,04:22,0,1,0,19.9,65.3,43,20,43,19,1.35,1.145
2017-09-24,04:22,0,0,0,19.9,65.4,43,20,43,19,1.335,1.185
2017-09-24,04:22,0,0,0,19.9,65.5,43,20,43,19,1.345,1.14
2017-09-24,04:22,0,0,0,19.9,65.6,43,20,43,19,1.35,1.15
2017-09-24,04:22,0,0,0,19.9,65.6,43,20,43,19,1.325,1.165
2017-09-24,04:23,0,0,0,19.9,65.6,43,20,44,19,1.33,1.135
2017-09-24,04:23,0,0,0,19.9,65.5,43,20,43,19,1.325,1.145
2017-09-24,04:23,0,0,0,19.9,65.4,43,20,43,19,1.325,1.14
2017-09-24,04:23,0,0,0,19.9,65.5,43,20,43,19,1.325,1.135
2017-09-24,04:23,0,0,0,19.9,65.6,43,20,43,19,1.335,1.145
2017-09-24,04:23,0,2,0,19.9,65.5,43,20,43,19,1.335,1.145
2017-09-24,04:23,0,0,0,19.9,65.5,43,20,43,19,1.35,1.135
2017-09-24,04:23,0,0,0,19.9,65.6,43,20,43,19,1.33,1.235
2017-09-24,04:24,0,0,0,19.9,65.6,43,20,43,19,1.325,1.135
2017-09-24,04:24,0,0,0,19.9,65.6,43,20,43,19,1.335,1.145
2017-09-24,04:24,0,0,0,19.9,65.5,43,20,43,19,1.33,1.145
2017-09-24,04:24,0,5,0,19.9,65.5,43,20,43,19,1.33,1.13
2017-09-24,04:24,0,0,0,19.9,65.6,43,20,43,20,1.38,1.175
2017-09-24,04:24,0,178,384,19.9,65.6,43,20,43,19,1.375,1.18
2017-09-24,04:24,1,204,395,19.9,65.6,43,20,43,19,1.375,1.17
2017-09-24,04:24,0,202,395,19.9,65.5,43,20,43,19,1.385,1.19
2017-09-24,04:24,0,206,397,19.9,65.6,43,20,43,19,1.38,1.165
2017-09-24,04:25,0,209,396,19.9,65.4,43,20,43,19,1.38,1.18
2017-09-24,04:25,0,201,396,19.9,65.6,43,20,43,19,1.38,1.17
2017-09-24,04:25,0,207,394,19.9,65.5,43,20,43,19,1.385,1.205
2017-09-24,04:25,0,212,395,20.0,65.6,43,20,43,19,1.38,1.175
2017-09-24,04:25,0,203,395,20.0,65.5,43,20,43,19,1.39,1.17
2017-09-24,04:25,0,212,392,20.0,65.4,43,20,43,19,1.385,1.205
2017-09-24,04:25,0,213,393,20.0,65.2,43,20,43,19,1.375,1.175
2017-09-24,04:25,0,212,393,20.0,65.1,43,20,43,19,1.425,1.205
2017-09-24,04:26,0,209,391,20.0,65.1,43,20,43,19,1.4,1.175
2017-09-24,04:26,0,213,390,20.0,65.0,43,20,43,19,1.385,1.175
2017-09-24,04:26,0,216,391,20.1,65.0,43,20,43,19,1.365,1.19
2017-09-24,04:26,0,212,390,20.0,64.9,43,20,43,19,1.37,1.17
2017-09-24,04:26,0,214,391,20.0,64.8,43,20,43,19,1.37,1.165
2017-09-24,04:26,0,211,390,20.1,65.0,43,20,43,19,1.4,1.18
2017-09-24,04:26,0,207,389,20.0,64.7,43,20,43,19,1.375,1.195
2017-09-24,04:26,1,209,390,20.0,64.6,43,20,43,19,1.37,1.175
2017-09-24,04:27,0,211,388,20.1,64.5,43,20,43,19,1.39,1.185
2017-09-24,04:27,0,209,389,20.0,64.3,43,20,43,19,1.375,1.185
2017-09-24,04:27,0,214,389,20.1,64.4,43,20,43,20,1.4,1.215
2017-09-24,04:27,0,211,389,20.0,64.5,43,20,43,19,1.4,1.19
2017-09-24,04:27,0,208,387,20.1,64.8,43,20,43,19,1.375,1.19
2017-09-24,04:27,0,211,388,20.0,64.6,43,20,43,19,1.39,1.185
2017-09-24,04:27,0,210,386,20.1,64.7,43,20,43,19,1.345,1.145
2017-09-24,04:27,0,0,0,20.0,64.7,43,20,43,19,1.325,1.135
2017-09-24,04:27,0,0,0,20.1,64.6,43,20,42,19,1.315,1.145
2017-09-24,04:28,0,0,0,20.1,64.6,43,20,43,19,1.33,1.145
2017-09-24,04:28,0,0,0,20.0,64.3,43,20,43,19,1.33,1.14
2017-09-24,04:28,0,0,0,20.0,64.2,43,20,43,20,1.345,1.155
2017-09-24,04:28,1,2,0,20.0,64.3,43,20,43,19,1.35,1.155
2017-09-24,04:28,0,0,0,20.0,64.3,43,20,43,19,1.335,1.14
2017-09-24,04:28,0,0,0,20.0,64.4,43,20,43,19,1.345,1.15
2017-09-24,04:28,0,0,0,20.0,64.3,43,20,43,19,1.325,1.155
2017-09-24,04:28,0,0,0,20.0,64.2,43,20,43,19,1.335,1.14
2017-09-24,04:29,0,0,0,20.0,64.1,43,21,43,19,1.33,1.13
2017-09-24,04:29,0,1,0,20.0,64.1,43,20,43,19,1.325,1.135
2017-09-24,04:29,0,0,0,20.0,64.1,43,20,43,19,1.43,1.13
2017-09-24,04:29,0,0,0,20.0,64.1,43,20,43,19,1.33,1.135
2017-09-24,04:29,0,1,0,20.0,64.2,43,21,43,19,1.335,1.135
2017-09-24,04:29,0,0,0,20.0,64.2,43,20,43,19,1.345,1.135
2017-09-24,04:29,0,0,0,20.0,64.1,43,20,43,19,1.33,1.14
2017-09-24,04:29,0,0,0,20.0,64.0,43,21,43,19,1.325,1.14
2017-09-24,04:30,0,0,0,20.0,63.9,43,20,43,19,1.34,1.14
2017-09-24,04:30,0,0,0,20.0,63.9,43,21,43,19,1.335,1.145
2017-09-24,04:30,0,0,0,20.0,63.9,43,20,43,19,1.34,1.145
2017-09-24,04:30,0,0,0,20.0,64.0,43,20,43,19,1.335,1.14
2017-09-24,04:30,0,0,0,20.0,63.8,43,20,43,19,1.335,1.145
2017-09-24,04:30,0,0,0,20.0,63.7,43,21,43,19,1.34,1.14
2017-09-24,04:30,0,0,0,20.0,63.8,43,20,43,19,1.33,1.145
2017-09-24,04:30,0,2,0,20.0,63.8,43,20,43,19,1.335,1.145
2017-09-24,04:30,0,0,0,20.0,63.8,43,20,43,19,1.315,1.135
2017-09-24,04:31,0,0,0,20.0,63.8,43,20,43,19,1.335,1.22
2017-09-24,04:31,0,0,0,20.0,63.7,43,20,43,19,1.315,1.13
2017-09-24,04:31,0,0,0,19.9,63.7,43,20,43,19,1.32,1.14
2017-09-24,04:31,0,0,0,20.0,63.7,43,21,43,19,1.345,1.145
2017-09-24,04:31,0,0,0,20.0,63.7,43,21,43,19,1.32,1.14
2017-09-24,04:31,0,0,0,20.0,63.7,43,20,43,19,1.31,1.135
2017-09-24,04:31,0,5,0,20.0,63.8,43,20,43,19,1.32,1.135
2017-09-24,04:31,0,0,0,19.9,63.6,43,20,43,20,1.33,1.145
2017-09-24,04:32,0,0,0,19.9,63.7,43,20,43,19,1.335,1.135
2017-09-24,04:32,0,0,0,20.0,63.7,43,20,43,19,1.325,1.135
2017-09-24,04:32,0,0,0,20.0,63.6,43,20,43,19,1.325,1.125
2017-09-24,04:32,0,0,0,19.9,63.7,43,20,43,19,1.325,1.13
2017-09-24,04:32,0,0,0,19.9,63.6,43,20,42,19,1.335,1.14
2017-09-24,04:32,0,0,0,19.9,63.6,43,20,43,19,1.32,1.125
2017-09-24,04:32,0,0,0,19.9,63.5,43,20,42,19,1.32,1.14
2017-09-24,04:32,0,0,0,19.9,63.4,43,20,43,19,1.33,1.14
2017-09-24,04:33,0,0,0,20.0,63.4,43,20,43,19,1.31,1.13
2017-09-24,04:33,0,0,0,19.9,63.5,43,20,43,19,1.315,1.13
2017-09-24,04:33,0,0,0,19.9,63.6,43,21,43,19,1.335,1.135
2017-09-24,04:33,0,0,0,19.9,63.7,43,21,43,19,1.335,1.165
2017-09-24,04:33,0,0,0,19.9,63.9,43,21,43,19,1.32,1.13
2017-09-24,04:33,0,0,0,20.0,63.6,43,20,43,19,1.32,1.13
2017-09-24,04:33,0,4,0,19.9,63.5,43,20,43,20,1.335,1.14
2017-09-24,04:33,0,0,0,20.0,63.3,43,20,43,19,1.325,1.13
2017-09-24,04:33,0,0,0,19.9,63.3,43,20,43,19,1.33,1.135
2017-09-24,04:34,0,0,0,19.9,63.5,43,20,42,19,1.33,1.135
2017-09-24,04:34,0,0,0,19.9,63.6,43,20,42,19,1.32,1.14
2017-09-24,04:34,0,0,0,19.9,63.5,43,20,43,19,1.32,1.135
2017-09-24,04:34,0,0,0,19.9,63.4,43,20,43,20,1.33,1.14
2017-09-24,04:34,0,0,0,19.9,63.3,43,20,43,19,1.315,1.13
2017-09-24,04:34,0,0,0,19.9,63.4,43,20,43,19,1.335,1.14
2017-09-24,04:34,0,0,0,19.9,63.4,43,21,43,19,1.325,1.135
2017-09-24,04:34,0,0,0,20.0,63.5,43,20,42,19,1.325,1.135
2017-09-24,04:35,0,0,0,19.9,63.5,43,20,43,19,1.33,1.14
2017-09-24,04:35,0,0,0,19.9,63.5,43,20,43,19,1.36,1.145
2017-09-24,04:35,0,0,0,19.9,63.6,43,20,43,19,1.33,1.14
2017-09-24,04:35,0,0,0,19.9,63.5,43,20,43,20,1.345,1.155
2017-09-24,04:35,0,1,0,19.9,63.5,43,20,43,19,1.33,1.135
2017-09-24,04:35,0,0,0,19.9,63.3,43,20,43,19,1.32,1.135
2017-09-24,04:35,0,0,0,19.9,63.3,43,20,43,19,1.335,1.14
2017-09-24,04:35,0,0,0,19.9,63.2,43,20,43,19,1.325,1.15
2017-09-24,04:36,0,0,0,19.9,63.2,43,20,43,19,1.34,1.14
2017-09-24,04:36,0,0,0,19.9,63.1,43,20,42,19,1.35,1.15
2017-09-24,04:36,0,0,0,20.0,63.0,43,20,43,19,1.315,1.135
2017-09-24,04:36,0,0,0,19.9,63.2,43,20,43,20,1.33,1.14
2017-09-24,04:36,0,0,0,19.9,63.2,43,20,43,20,1.34,1.135
2017-09-24,04:36,0,0,0,19.9,63.2,43,20,43,19,1.335,1.135
2017-09-24,04:36,0,1,0,19.9,63.3,43,20,43,19,1.345,1.145
2017-09-24,04:36,0,0,0,19.9,63.6,43,20,43,19,1.335,1.145
2017-09-24,04:37,0,0,0,19.9,63.6,43,20,43,19,1.335,1.145
2017-09-24,04:37,0,0,0,19.9,63.4,43,20,42,19,1.335,1.14
2017-09-24,04:37,0,1,0,19.9,63.4,43,20,43,19,1.335,1.145
2017-09-24,04:37,0,0,0,19.9,63.2,43,20,43,19,1.335,1.16
2017-09-24,04:37,0,0,0,19.9,63.2,43,20,43,20,1.35,1.145
2017-09-24,04:37,0,1,0,19.9,63.1,43,20,43,19,1.335,1.14
2017-09-24,04:37,0,0,0,19.9,63.3,43,20,42,20,1.325,1.15
2017-09-24,04:37,0,0,0,19.9,63.4,43,20,42,19,1.325,1.145
2017-09-24,04:37,0,0,0,19.9,63.3,43,20,43,19,1.345,1.155
2017-09-24,04:38,0,1,0,19.9,63.0,43,21,42,19,1.33,1.14
2017-09-24,04:38,0,0,0,19.9,62.9,43,20,42,19,1.345,1.145
2017-09-24,04:38,0,0,0,19.9,62.9,43,20,42,19,1.325,1.17
2017-09-24,04:38,0,0,0,19.9,63.0,43,20,43,19,1.325,1.135
2017-09-24,04:38,0,0,0,19.9,62.8,43,20,43,19,1.335,1.15
2017-09-24,04:38,0,0,0,19.9,63.0,43,20,43,20,1.335,1.15
2017-09-24,04:38,0,3,0,19.9,63.1,43,20,42,19,1.335,1.155
2017-09-24,04:38,0,5,0,19.9,63.0,43,20,42,19,1.315,1.14
2017-09-24,04:39,0,0,0,19.9,62.9,43,20,42,20,1.355,1.155
2017-09-24,04:39,0,0,0,19.9,62.9,43,20,43,19,1.365,1.24
2017-09-24,04:39,0,0,0,19.9,63.0,43,20,43,19,1.335,1.15
2017-09-24,04:39,0,0,0,19.9,62.9,43,20,43,19,1.34,1.145
2017-09-24,04:39,0,2,0,19.9,62.8,43,20,42,20,1.32,1.135
2017-09-24,04:39,0,0,0,19.9,62.9,43,20,42,19,1.32,1.14
2017-09-24,04:39,0,0,0,19.9,62.8,43,21,42,19,1.335,1.145
2017-09-24,04:39,0,1,0,19.9,62.8,43,20,43,19,1.32,1.13
2017-09-24,04:40,0,0,0,19.9,62.8,43,20,43,20,1.31,1.125
2017-09-24,04:40,0,0,0,19.9,62.8,43,20,43,19,1.34,1.145
2017-09-24,04:40,0,0,0,19.9,62.7,43,20,42,19,1.315,1.13
2017-09-24,04:40,0,0,0,19.9,62.8,43,21,42,19,1.335,1.125
2017-09-24,04:40,0,0,0,19.9,62.8,43,20,43,19,1.31,1.13
2017-09-24,04:40,0,0,0,19.9,62.8,43,20,42,19,1.34,1.145
2017-09-24,04:40,0,1,0,19.9,62.8,43,20,42,19,1.31,1.135
2017-09-24,04:40,0,0,0,19.9,62.8,43,21,42,19,1.325,1.135
2017-09-24,04:40,0,0,0,19.9,62.8,43,20,43,19,1.32,1.13
2017-09-24,04:41,0,0,0,19.9,62.7,43,20,43,19,1.325,1.125
2017-09-24,04:41,0,0,0,19.9,62.6,43,20,43,19,1.32,1.135
2017-09-24,04:41,0,0,0,19.9,62.6,43,20,43,19,1.325,1.13
2017-09-24,04:41,0,0,0,19.9,62.7,43,20,43,19,1.375,1.14
2017-09-24,04:41,0,0,0,19.9,62.7,43,20,43,19,1.33,1.14
2017-09-24,04:41,0,0,0,19.9,62.7,43,20,42,19,1.32,1.14
2017-09-24,04:41,0,0,0,19.9,62.6,43,20,42,19,1.32,1.125
2017-09-24,04:41,0,0,0,19.9,62.4,43,21,42,19,1.32,1.135
2017-09-24,04:42,0,0,0,19.9,62.4,43,20,42,19,1.325,1.14
2017-09-24,04:42,0,0,0,19.9,62.7,43,20,42,19,1.34,1.15
2017-09-24,04:42,0,0,0,19.9,62.9,43,20,43,19,1.38,1.185
2017-09-24,04:42,0,0,0,19.9,62.8,43,21,42,19,1.325,1.14
2017-09-24,04:42,0,0,0,19.9,62.7,43,20,42,19,1.335,1.145
2017-09-24,04:42,0,3,0,19.9,62.6,43,20,42,19,1.33,1.13
2017-09-24,04:42,0,0,0,19.9,62.5,43,20,42,19,1.335,1.14
2017-09-24,04:42,0,0,0,19.9,62.8,43,20,43,19,1.32,1.125
2017-09-24,04:43,0,0,0,19.9,62.8,43,20,42,19,1.325,1.18
2017-09-24,04:43,0,1,0,19.9,62.6,43,20,43,20,1.365,1.125
2017-09-24,04:43,0,0,0,19.9,62.5,43,20,42,19,1.325,1.145
2017-09-24,04:43,0,0,0,19.9,62.6,43,20,42,19,1.32,1.13
2017-09-24,04:43,0,0,0,19.9,62.6,43,20,42,20,1.325,1.145
2017-09-24,04:43,0,0,0,19.9,62.8,43,20,42,19,1.32,1.135
2017-09-24,04:43,0,0,0,19.9,62.9,43,21,42,19,1.345,1.145
2017-09-24,04:43,0,0,0,19.9,62.7,43,20,42,19,1.335,1.145
2017-09-24,04:43,0,0,0,19.9,62.5,43,20,42,19,1.32,1.135
2017-09-24,04:44,0,0,0,19.9,62.3,43,20,42,19,1.335,1.14
2017-09-24,04:44,0,0,0,19.9,62.2,43,20,42,19,1.32,1.15
2017-09-24,04:44,0,0,0,19.9,62.2,43,20,42,19,1.315,1.14
2017-09-24,04:44,0,0,0,19.9,62.4,43,20,42,19,1.32,1.13
2017-09-24,04:44,0,0,0,19.9,62.4,43,20,42,19,1.465,1.18
2017-09-24,04:44,0,2,0,19.9,62.4,43,20,42,19,1.315,1.14
2017-09-24,04:44,0,0,0,19.9,62.5,43,20,42,19,1.315,1.14
2017-09-24,04:44,0,0,0,19.9,62.5,43,20,42,19,1.32,1.13
2017-09-24,04:45,0,0,0,19.9,62.5,43,20,42,19,1.325,1.13
2017-09-24,04:45,0,0,0,19.9,62.3,43,20,42,19,1.34,1.15
2017-09-24,04:45,0,1,0,19.9,62.1,43,20,42,19,1.35,1.14
2017-09-24,04:45,0,0,0,19.9,62.1,43,20,42,19,1.305,1.13
2017-09-24,04:45,0,0,0,19.9,62.4,43,20,42,19,1.32,1.13
2017-09-24,04:45,0,0,0,19.9,62.6,43,21,42,19,1.32,1.135
2017-09-24,04:45,0,0,0,19.9,62.8,43,20,42,19,1.33,1.13
2017-09-24,04:45,0,6,0,19.9,62.8,43,21,42,19,1.33,1.125
2017-09-24,04:46,0,0,0,19.9,62.6,43,20,43,20,1.315,1.13
2017-09-24,04:46,0,0,0,19.9,62.4,43,20,42,19,1.315,1.24
2017-09-24,04:46,0,0,0,19.9,62.4,43,20,42,19,1.335,1.135
2017-09-24,04:46,0,0,0,19.9,62.3,43,20,42,19,1.32,1.135
2017-09-24,04:46,0,3,0,19.9,62.3,43,21,42,19,1.32,1.14
2017-09-24,04:46,0,0,0,19.9,62.5,43,20,42,19,1.335,1.15
2017-09-24,04:46,0,0,0,19.9,62.4,43,21,42,19,1.34,1.145
2017-09-24,04:46,0,0,0,19.9,62.5,43,20,42,19,1.335,1.125
2017-09-24,04:46,0,0,0,19.9,62.5,43,21,42,19,1.355,1.145
2017-09-24,04:47,0,0,0,19.8,62.3,43,20,42,19,1.325,1.14
2017-09-24,04:47,0,0,0,19.9,62.3,43,20,43,19,1.325,1.14
2017-09-24,04:47,0,0,0,19.9,62.3,43,20,42,19,1.325,1.135
2017-09-24,04:47,0,0,0,19.9,62.4,43,21,42,19,1.31,1.13
2017-09-24,04:47,0,0,0,19.9,62.5,43,20,42,19,1.34,1.13
2017-09-24,04:47,0,0,0,19.9,62.5,43,20,42,19,1.315,1.135
2017-09-24,04:47,0,0,0,19.9,62.5,43,20,42,19,1.325,1.14
2017-09-24,04:47,0,0,0,19.9,62.4,43,20,42,19,1.35,1.135
2017-09-24,04:48,0,0,0,19.9,62.3,43,21,42,19,1.32,1.15
2017-09-24,04:48,0,0,0,19.9,62.2,43,20,42,19,1.32,1.14
2017-09-24,04:48,0,0,0,19.9,62.3,43,20,42,19,1.33,1.15
2017-09-24,04:48,0,0,0,19.9,62.5,43,20,42,19,1.33,1.145
2017-09-24,04:48,0,0,0,19.9,62.6,43,20,42,19,1.34,1.14
2017-09-24,04:48,0,0,0,19.9,62.6,43,21,42,19,1.405,1.24
2017-09-24,04:48,0,0,0,19.9,62.6,43,20,42,19,1.4,1.2
2017-09-24,04:48,0,0,0,19.9,62.8,43,20,42,19,1.395,1.19
2017-09-24,04:49,0,0,0,19.8,62.3,43,20,42,19,1.405,1.185
2017-09-24,04:49,0,0,0,19.9,62.3,43,20,42,19,1.395,1.185
2017-09-24,04:49,0,3,0,19.8,62.2,43,20,42,19,1.375,1.18
2017-09-24,04:49,0,0,0,19.8,62.2,43,21,42,19,1.385,1.19
2017-09-24,04:49,0,0,0,19.8,62.2,43,20,42,19,1.38,1.18
2017-09-24,04:49,0,0,0,19.9,62.3,43,20,42,19,1.37,1.17
2017-09-24,04:49,0,0,0,19.9,62.3,43,20,42,19,1.39,1.19
2017-09-24,04:49,0,0,0,19.9,62.3,43,20,42,19,1.38,1.175
2017-09-24,04:49,0,0,0,19.9,62.2,43,20,42,19,1.38,1.175
2017-09-24,04:50,0,4,0,19.9,62.3,43,20,42,19,1.38,1.175
2017-09-24,04:50,0,0,0,19.9,62.3,43,21,42,19,1.37,1.17
2017-09-24,04:50,0,0,0,19.9,62.3,43,21,42,19,1.385,1.175
2017-09-24,04:50,0,1,0,19.9,62.1,43,20,42,19,1.385,1.19
2017-09-24,04:50,0,0,0,19.9,62.2,43,21,43,19,1.38,1.175
2017-09-24,04:50,0,0,0,19.9,62.4,43,20,42,19,1.39,1.175
2017-09-24,04:50,0,0,0,19.9,62.4,43,20,42,19,1.39,1.19
2017-09-24,04:50,0,2,0,19.9,62.4,43,20,42,19,1.395,1.18
2017-09-24,04:51,0,0,0,19.9,62.5,43,20,42,19,1.38,1.17
2017-09-24,04:51,0,2,0,19.9,62.6,43,21,42,19,1.365,1.175
2017-09-24,04:51,0,0,0,19.9,62.5,43,21,42,19,1.385,1.18
2017-09-24,04:51,0,0,0,19.9,62.7,43,21,42,19,1.375,1.18
2017-09-24,04:51,0,0,0,19.9,62.9,43,20,42,19,1.39,1.175
2017-09-24,04:51,0,0,0,19.9,62.8,43,20,42,19,1.39,1.19
2017-09-24,04:51,0,0,0,19.9,62.4,43,20,42,19,1.395,1.19
2017-09-24,04:51,0,1,0,19.9,62.3,43,21,42,19,1.395,1.225
2017-09-24,04:52,0,0,0,19.8,62.1,43,21,42,19,1.385,1.18
2017-09-24,04:52,0,0,0,19.9,62.1,43,21,42,19,1.375,1.17
2017-09-24,04:52,0,0,0,19.9,62.1,43,21,42,19,1.385,1.185
2017-09-24,04:52,0,0,0,19.8,62.2,43,20,42,19,1.39,1.19
2017-09-24,04:52,0,1,0,19.9,62.3,43,21,42,19,1.39,1.18
2017-09-24,04:52,0,0,0,19.9,62.5,43,21,42,19,1.37,1.17
2017-09-24,04:52,0,0,0,19.9,62.3,43,21,42,19,1.365,1.17
2017-09-24,04:52,0,0,0,19.9,62.3,43,20,42,19,1.375,1.175
2017-09-24,04:52,0,0,0,19.9,62.0,43,21,42,19,1.37,1.185
2017-09-24,04:53,0,0,0,19.8,61.9,43,20,42,19,1.385,1.18
2017-09-24,04:53,0,0,0,19.9,62.5,43,21,42,19,1.365,1.21
2017-09-24,04:53,0,2,0,19.9,62.4,43,20,42,19,1.405,1.17
2017-09-24,04:53,0,0,0,19.9,62.6,43,20,42,19,1.395,1.185
2017-09-24,04:53,0,2,0,19.9,62.7,43,21,42,19,1.385,1.175
2017-09-24,04:53,0,0,0,19.9,62.6,43,20,42,19,1.39,1.17
2017-09-24,04:53,0,0,0,19.8,62.5,43,20,42,19,1.39,1.175
2017-09-24,04:53,0,0,0,19.9,62.7,43,20,42,19,1.38,1.18
2017-09-24,04:54,0,0,0,19.9,62.8,43,20,42,20,1.38,1.185
2017-09-24,04:54,0,0,0,19.8,62.7,43,21,42,19,1.375,1.19
2017-09-24,04:54,0,0,0,19.9,62.8,43,21,42,19,1.375,1.175
2017-09-24,04:54,0,0,0,19.9,62.7,43,20,42,19,1.375,1.18
2017-09-24,04:54,0,0,0,19.9,62.6,43,21,42,19,1.375,1.18
2017-09-24,04:54,0,2,0,19.9,62.6,43,20,42,19,1.365,1.18
2017-09-24,04:54,0,0,0,19.9,62.7,43,21,42,19,1.375,1.19
2017-09-24,04:54,1,0,0,19.8,62.7,43,20,42,19,1.39,1.18
2017-09-24,04:55,0,0,0,19.9,62.8,43,20,42,19,1.375,1.175
2017-09-24,04:55,0,0,0,19.9,62.6,43,20,42,19,1.37,1.185
2017-09-24,04:55,0,0,0,19.9,62.5,43,20,42,19,1.37,1.175
2017-09-24,04:55,0,0,0,19.9,62.5,43,20,42,19,1.405,1.175
2017-09-24,04:55,0,0,0,19.9,62.4,43,21,42,19,1.38,1.19
2017-09-24,04:55,0,0,0,19.9,62.4,43,21,42,19,1.365,1.18
2017-09-24,04:55,0,0,0,19.9,62.6,43,20,42,19,1.395,1.185
2017-09-24,04:55,0,0,0,19.8,62.3,43,20,42,19,1.37,1.175
2017-09-24,04:56,0,0,0,19.8,62.6,43,21,42,19,1.395,1.18
2017-09-24,04:56,0,0,0,19.9,62.5,43,20,42,19,1.37,1.175
2017-09-24,04:56,0,3,0,19.9,62.8,43,20,42,19,1.375,1.17
2017-09-24,04:56,0,0,0,19.9,62.8,43,21,42,19,1.395,1.175
2017-09-24,04:56,0,0,0,19.9,62.9,43,21,42,19,1.37,1.18
2017-09-24,04:56,0,0,0,19.8,62.6,43,20,42,20,1.38,1.165
2017-09-24,04:56,0,0,0,19.9,62.8,43,21,42,19,1.385,1.18
2017-09-24,04:56,0,0,0,19.9,62.8,43,20,42,19,1.385,1.2
2017-09-24,04:56,0,0,0,19.9,62.7,43,20,42,19,1.37,1.17
2017-09-24,04:57,0,0,0,19.9,62.6,43,21,42,19,1.435,1.18
2017-09-24,04:57,0,0,0,19.9,62.5,43,21,42,19,1.375,1.175
2017-09-24,04:57,0,3,0,19.9,62.5,43,20,42,19,1.43,1.18
2017-09-24,04:57,0,0,0,19.9,62.4,43,20,42,19,1.4,1.19
2017-09-24,04:57,0,0,0,19.9,62.3,43,21,42,19,1.38,1.18
2017-09-24,04:57,0,0,0,19.9,62.4,43,20,42,19,1.395,1.18
2017-09-24,04:57,0,0,0,19.8,62.3,43,21,42,19,1.385,1.185
2017-09-24,04:57,0,0,0,19.8,62.2,43,21,42,19,1.37,1.19
2017-09-24,04:58,0,0,0,19.9,62.6,43,20,42,19,1.395,1.175
2017-09-24,04:58,0,0,0,19.8,62.4,43,21,42,19,1.395,1.19
2017-09-24,04:58,0,0,0,19.9,62.5,43,21,42,19,1.385,1.185
2017-09-24,04:58,0,0,0,19.9,62.5,43,20,42,19,1.39,1.185
2017-09-24,04:58,0,2,0,19.9,62.6,43,20,42,20,1.41,1.19
2017-09-24,04:58,0,0,0,19.9,62.5,43,20,42,19,1.39,1.185
2017-09-24,04:58,0,0,0,19.8,62.4,43,21,42,19,1.405,1.19
2017-09-24,04:58,0,0,0,19.9,62.5,43,21,42,19,1.385,1.185
2017-09-24,04:59,0,0,0,19.8,62.5,43,20,42,19,1.4,1.185
2017-09-24,04:59,0,0,0,19.9,62.6,43,20,42,19,1.405,1.185
2017-09-24,04:59,0,0,0,19.9,62.4,43,21,42,19,1.39,1.185
2017-09-24,04:59,0,0,0,19.9,62.4,43,21,42,19,1.39,1.18
2017-09-24,04:59,0,0,0,19.9,62.4,43,21,42,19,1.395,1.185
2017-09-24,04:59,0,0,0,19.9,62.6,43,20,42,19,1.375,1.2
2017-09-24,04:59,0,1,0,19.9,62.6,43,20,42,20,1.395,1.18
2017-09-24,04:59,0,0,0,19.9,62.6,43,20,42,19,1.395,1.185
2017-09-24,04:59,0,0,0,19.9,62.7,43,21,42,19,1.395,1.19
2017-09-24,05:00,0,0,0,19.9,62.7,43,20,42,19,1.37,1.185
2017-09-24,05:00,0,0,0,19.8,62.4,43,21,41,19,1.375,1.185
2017-09-24,05:00,0,0,0,19.9,62.5,43,20,42,19,1.4,1.175
2017-09-24,05:00,0,0,0,19.8,62.6,43,21,42,19,1.375,1.185
2017-09-24,05:00,0,0,0,19.9,62.9,43,20,42,19,1.38,1.18
2017-09-24,05:00,0,1,0,19.9,62.7,43,20,42,20,1.37,1.185
2017-09-24,05:00,0,0,0,19.8,62.5,43,21,42,19,1.38,1.175
2017-09-24,05:00,0,2,0,19.9,62.6,43,20,42,20,1.38,1.175
2017-09-24,05:01,0,0,0,19.8,62.3,43,21,42,19,1.375,1.18
2017-09-24,05:01,0,3,0,19.8,62.3,43,20,42,19,1.515,1.185
2017-09-24,05:01,0,0,0,19.9,62.6,43,21,42,19,1.38,1.205
2017-09-24,05:01,0,0,0,19.9,62.6,43,21,42,19,1.385,1.19
2017-09-24,05:01,0,0,0,19.9,62.7,43,21,42,19,1.37,1.18
2017-09-24,05:01,0,0,0,19.8,62.4,43,21,42,19,1.395,1.195
2017-09-24,05:01,0,0,0,19.9,62.5,43,21,42,19,1.37,1.175
2017-09-24,05:01,0,0,0,19.9,62.4,43,21,42,19,1.38,1.185
2017-09-24,05:02,0,0,0,19.9,62.6,43,20,42,19,1.385,1.22
2017-09-24,05:02,0,0,0,19.8,62.5,43,21,42,19,1.36,1.175
2017-09-24,05:02,0,1,0,19.9,62.8,43,20,42,19,1.37,1.18
2017-09-24,05:02,0,0,0,19.9,62.9,43,21,42,19,1.4,1.19
2017-09-24,05:02,0,0,0,19.9,62.6,43,21,42,19,1.4,1.175
2017-09-24,05:02,0,2,0,19.9,62.7,43,20,42,19,1.375,1.175
2017-09-24,05:02,0,0,0,19.9,62.6,43,21,42,19,1.38,1.185
2017-09-24,05:02,0,0,0,19.9,62.5,43,21,42,19,1.395,1.18
2017-09-24,05:02,0,0,0,19.9,62.4,43,21,42,19,1.38,1.18
2017-09-24,05:03,0,0,0,19.9,62.4,43,21,42,19,1.375,1.175
2017-09-24,05:03,0,4,0,19.9,62.5,43,21,42,19,1.37,1.22
2017-09-24,05:03,0,2,0,19.9,62.6,43,20,42,19,1.375,1.18
2017-09-24,05:03,0,0,0,19.8,62.5,43,20,42,19,1.39,1.195
2017-09-24,05:03,0,0,0,19.9,62.8,43,20,42,19,1.39,1.185
2017-09-24,05:03,0,0,0,19.9,62.9,43,21,42,19,1.39,1.175
2017-09-24,05:03,0,0,0,19.9,63.0,43,20,42,19,1.4,1.19
2017-09-24,05:03,0,0,0,19.9,62.9,43,21,42,19,1.4,1.2
2017-09-24,05:04,0,0,0,19.9,62.8,43,21,42,19,1.385,1.19
2017-09-24,05:04,0,0,0,19.9,62.8,43,20,42,20,1.4,1.175
2017-09-24,05:04,0,0,0,19.9,62.8,43,21,42,19,1.375,1.17
2017-09-24,05:04,0,2,0,19.9,62.6,43,20,41,19,1.375,1.17
2017-09-24,05:04,0,0,0,19.9,62.5,43,21,42,19,1.39,1.185
2017-09-24,05:04,0,0,0,19.9,62.4,43,21,42,19,1.38,1.185
2017-09-24,05:04,0,1,0,19.9,62.4,43,20,42,19,1.385,1.175
2017-09-24,05:04,0,0,0,19.9,62.3,43,21,42,19,1.37,1.18
2017-09-24,05:05,0,0,0,19.9,62.5,43,20,41,19,1.395,1.195
2017-09-24,05:05,0,2,0,19.8,62.4,43,20,42,20,1.39,1.2
2017-09-24,05:05,0,0,0,19.9,62.6,43,20,42,19,1.39,1.185
2017-09-24,05:05,0,0,0,19.9,62.6,43,21,42,19,1.375,1.18
2017-09-24,05:05,0,0,0,19.8,62.4,43,21,42,19,1.37,1.185
2017-09-24,05:05,0,0,0,19.9,62.5,43,21,42,19,1.375,1.18
2017-09-24,05:05,0,0,0,19.9,62.4,43,21,42,19,1.39,1.185
2017-09-24,05:05,0,0,0,19.9,62.5,43,20,42,19,1.38,1.18
2017-09-24,05:05,0,0,0,19.8,62.4,43,20,42,20,1.37,1.185
2017-09-24,05:06,0,0,0,19.9,62.5,43,21,42,19,1.385,1.18
2017-09-24,05:06,0,0,0,19.9,62.5,43,20,41,19,1.385,1.18
2017-09-24,05:06,0,0,0,19.9,62.5,43,20,42,20,1.405,1.205
2017-09-24,05:06,0,0,0,19.8,62.3,43,20,42,19,1.385,1.175
2017-09-24,05:06,0,0,0,19.9,62.4,43,20,42,20,1.365,1.175
2017-09-24,05:06,0,0,0,19.9,62.5,43,21,42,19,1.375,1.17
2017-09-24,05:06,0,0,0,19.9,62.5,43,21,42,19,1.39,1.18
2017-09-24,05:06,0,0,0,19.9,62.4,43,21,42,19,1.385,1.18
2017-09-24,05:07,0,0,0,19.9,62.5,43,20,42,19,1.38,1.18
2017-09-24,05:07,0,0,0,19.9,62.6,43,20,42,19,1.375,1.185
2017-09-24,05:07,0,0,0,19.9,62.7,43,21,42,19,1.38,1.185
2017-09-24,05:07,0,0,0,19.9,62.6,43,21,42,19,1.4,1.21
2017-09-24,05:07,0,0,0,19.9,62.6,43,20,41,19,1.39,1.185
2017-09-24,05:07,0,0,0,19.9,62.8,43,21,42,20,1.4,1.19
2017-09-24,05:07,0,0,0,19.8,62.5,43,20,42,19,1.405,1.19
2017-09-24,05:07,0,0,0,19.8,62.5,43,21,42,19,1.395,1.18
2017-09-24,05:08,0,2,0,19.9,62.7,43,20,42,19,1.38,1.18
2017-09-24,05:08,0,0,0,19.9,62.7,43,21,41,19,1.385,1.175
2017-09-24,05:08,0,0,0,19.9,62.8,43,21,42,19,1.4,1.185
2017-09-24,05:08,0,0,0,19.9,62.6,43,21,42,19,1.41,1.185
2017-09-24,05:08,0,0,0,19.9,62.6,43,20,42,19,1.38,1.18
2017-09-24,05:08,0,0,0,19.9,62.8,43,21,42,19,1.385,1.19
2017-09-24,05:08,0,0,0,19.9,62.8,43,21,42,19,1.4,1.185
2017-09-24,05:08,0,0,0,19.9,62.8,43,20,42,20,1.37,1.185
2017-09-24,05:08,1,0,0,19.8,62.7,43,20,41,19,1.465,1.185
2017-09-24,05:09,0,0,0,19.9,62.8,43,21,42,19,1.37,1.18
2017-09-24,05:09,0,0,0,19.9,62.7,43,21,42,19,1.4,1.17
2017-09-24,05:09,0,0,0,19.9,62.7,43,20,42,20,1.365,1.175
2017-09-24,05:09,0,0,0,19.9,62.7,43,20,42,19,1.39,1.185
2017-09-24,05:09,0,5,0,19.9,62.8,43,21,42,19,1.375,1.18
2017-09-24,05:09,0,0,0,19.9,63.0,43,20,42,19,1.46,1.175
2017-09-24,05:09,0,0,0,19.9,62.8,43,20,42,19,1.41,1.18
2017-09-24,05:09,0,0,0,19.9,62.6,43,21,42,19,1.365,1.17
2017-09-24,05:10,0,0,0,19.9,62.5,43,21,42,19,1.405,1.18
2017-09-24,05:10,0,0,0,19.8,62.3,43,20,41,19,1.385,1.19
2017-09-24,05:10,0,0,0,19.9,62.6,43,20,41,19,1.365,1.17
2017-09-24,05:10,0,0,0,19.9,62.8,43,21,42,19,1.38,1.18
2017-09-24,05:10,0,0,0,19.9,62.8,43,20,42,20,1.385,1.18
2017-09-24,05:10,0,2,0,19.9,62.8,43,20,41,19,1.39,1.18
2017-09-24,05:10,0,0,0,19.9,62.8,43,21,42,19,1.335,1.135
2017-09-24,05:10,0,0,0,19.9,62.6,43,20,41,19,1.32,1.135
2017-09-24,05:11,0,0,0,19.9,62.6,43,20,42,19,1.33,1.155
2017-09-24,05:11,0,4,0,19.9,62.6,43,20,41,19,1.35,1.145
2017-09-24,05:11,0,0,0,19.9,62.5,43,21,42,20,1.34,1.14
2017-09-24,05:11,0,0,0,19.9,62.6,43,21,41,19,1.33,1.135
2017-09-24,05:11,0,0,0,19.9,62.4,43,21,42,19,1.33,1.135
2017-09-24,05:11,0,0,0,19.8,62.3,43,21,42,19,1.335,1.15
2017-09-24,05:11,0,3,0,19.9,62.5,43,21,41,19,1.335,1.145
2017-09-24,05:11,0,0,0,19.9,62.5,43,20,41,20,1.345,1.145
2017-09-24,05:11,0,5,0,19.8,62.4,43,21,41,19,1.335,1.135
2017-09-24,05:12,0,0,0,19.9,62.5,43,20,41,19,1.32,1.14
2017-09-24,05:12,0,0,0,19.9,62.5,43,20,42,20,1.34,1.21
2017-09-24,05:12,0,0,0,19.9,62.5,43,21,41,19,1.34,1.165
2017-09-24,05:12,0,0,0,19.9,62.6,43,20,41,20,1.345,1.15
2017-09-24,05:12,0,3,0,19.9,62.8,43,21,41,19,1.345,1.135
2017-09-24,05:12,0,0,0,19.8,62.4,43,20,42,20,1.33,1.14
2017-09-24,05:12,0,2,0,19.8,62.5,43,20,41,19,1.325,1.135
2017-09-24,05:12,0,0,0,19.9,62.8,43,20,41,19,1.335,1.15
2017-09-24,05:13,0,0,0,19.9,62.8,43,20,42,19,1.335,1.14
2017-09-24,05:13,0,0,0,19.8,62.5,43,21,42,19,1.33,1.15
2017-09-24,05:13,0,1,0,19.8,62.3,43,21,42,19,1.34,1.14
2017-09-24,05:13,0,0,0,19.9,62.5,43,20,41,19,1.33,1.135
2017-09-24,05:13,0,0,0,19.9,62.5,43,21,41,19,1.35,1.14
2017-09-24,05:13,0,1,0,19.9,62.5,43,21,41,19,1.365,1.15
2017-09-24,05:13,0,0,0,19.9,62.4,43,20,41,19,1.335,1.145
2017-09-24,05:13,0,0,0,19.9,62.4,43,21,41,19,1.335,1.155
2017-09-24,05:14,0,0,0,19.9,62.4,43,20,42,19,1.355,1.15
2017-09-24,05:14,0,5,0,19.8,62.3,43,21,41,19,1.345,1.145
2017-09-24,05:14,0,0,0,19.9,62.7,43,21,42,19,1.34,1.14
2017-09-24,05:14,0,1,0,19.9,62.6,43,21,41,19,1.33,1.145
2017-09-24,05:14,0,0,0,19.9,62.7,43,20,42,20,1.34,1.14
2017-09-24,05:14,0,0,0,19.9,62.8,43,21,41,19,1.33,1.13
2017-09-24,05:14,0,0,0,19.9,62.7,43,20,41,19,1.33,1.155
2017-09-24,05:14,0,0,0,19.9,62.6,43,21,42,19,1.335,1.145
2017-09-24,05:15,0,0,0,19.9,62.6,43,20,41,19,1.34,1.14
2017-09-24,05:15,0,0,0,19.9,62.6,43,21,42,19,1.33,1.165
2017-09-24,05:15,0,0,0,19.9,62.6,43,20,42,19,1.34,1.135
2017-09-24,05:15,0,0,0,19.9,62.6,43,21,41,19,1.34,1.15
2017-09-24,05:15,0,0,0,19.9,62.5,43,21,41,19,1.33,1.14
2017-09-24,05:15,0,0,0,19.8,62.6,43,20,41,19,1.33,1.155
2017-09-24,05:15,0,0,0,19.9,62.7,43,21,42,19,1.34,1.145
2017-09-24,05:15,0,1,0,19.9,62.7,43,21,41,19,1.33,1.14
2017-09-24,05:15,0,2,0,19.9,62.7,43,21,41,19,1.345,1.15
2017-09-24,05:16,0,0,0,19.9,62.6,43,20,42,19,1.34,1.14
2017-09-24,05:16,0,0,0,19.9,62.5,43,21,41,19,1.375,1.145
2017-09-24,05:16,0,0,0,19.8,62.6,43,21,41,19,1.34,1.14
2017-09-24,05:16,0,0,0,19.9,62.7,43,21,41,19,1.345,1.145
2017-09-24,05:16,0,0,0,19.9,62.6,43,20,41,20,1.33,1.15
2017-09-24,05:16,0,0,0,19.9,62.6,43,20,42,19,1.34,1.135
2017-09-24,05:16,0,1,0,19.9,62.7,43,21,42,19,1.36,1.15
2017-09-24,05:16,0,0,0,19.8,62.5,43,21,41,19,1.34,1.145
2017-09-24,05:17,0,0,0,19.9,62.8,43,21,41,19,1.35,1.14
2017-09-24,05:17,0,0,0,19.9,62.8,43,20,41,19,1.34,1.14
2017-09-24,05:17,1,0,0,19.9,62.6,43,20,41,19,1.38,1.145
2017-09-24,05:17,0,0,0,19.9,62.8,43,20,42,19,1.33,1.14
2017-09-24,05:17,0,0,0,19.8,62.6,43,21,42,19,1.355,1.145
2017-09-24,05:17,0,2,0,19.9,62.6,43,21,41,19,1.315,1.145
2017-09-24,05:17,0,0,0,19.8,62.4,43,21,41,19,1.32,1.15
2017-09-24,05:17,0,2,0,19.9,62.6,43,21,41,19,1.32,1.14
2017-09-24,05:18,0,0,0,19.8,62.6,43,21,41,19,1.32,1.145
2017-09-24,05:18,0,1,0,19.9,62.6,43,21,41,19,1.315,1.14
2017-09-24,05:18,0,0,0,19.9,62.5,43,21,41,19,1.34,1.135
2017-09-24,05:18,0,0,0,19.9,62.6,43,21,41,19,1.345,1.13
2017-09-24,05:18,0,0,0,19.8,62.3,43,21,41,19,1.335,1.135
2017-09-24,05:18,0,0,0,19.9,62.7,43,21,41,19,1.33,1.145
2017-09-24,05:18,0,0,0,19.9,62.8,43,21,41,19,1.34,1.14
2017-09-24,05:18,0,0,0,19.8,62.5,43,21,41,19,1.32,1.13
2017-09-24,05:18,0,3,0,19.9,62.6,43,21,42,19,1.32,1.14
2017-09-24,05:19,0,2,0,19.8,62.4,43,21,41,19,1.335,1.135
2017-09-24,05:19,0,0,0,19.8,62.6,43,21,42,19,1.34,1.145
2017-09-24,05:19,0,0,0,19.8,62.6,43,21,41,19,1.32,1.135
2017-09-24,05:19,0,1,0,19.8,62.6,43,21,41,19,1.33,1.13
2017-09-24,05:19,0,0,0,19.8,62.7,43,21,41,19,1.33,1.14
2017-09-24,05:19,0,2,0,19.8,62.5,43,21,41,19,1.33,1.145
2017-09-24,05:19,0,0,0,19.8,62.5,43,21,41,19,1.335,1.14
2017-09-24,05:19,0,0,0,19.8,62.7,43,21,41,19,1.325,1.135
2017-09-24,05:20,0,0,0,19.9,62.8,43,21,41,19,1.32,1.135
2017-09-24,05:20,0,0,0,19.8,62.5,43,21,41,19,1.34,1.25
2017-09-24,05:20,0,0,0,19.8,62.3,43,20,41,19,1.325,1.145
2017-09-24,05:20,0,0,0,19.8,62.3,43,21,42,19,1.34,1.14
2017-09-24,05:20,0,0,0,19.9,62.7,43,21,41,19,1.32,1.145
2017-09-24,05:20,0,0,0,19.8,62.7,43,21,41,19,1.33,1.14
2017-09-24,05:20,0,0,0,19.8,62.8,43,20,41,19,1.33,1.125
2017-09-24,05:20,0,1,0,19.8,62.8,43,21,41,20,1.33,1.145
2017-09-24,05:21,0,3,0,19.8,62.7,43,21,41,19,1.345,1.14
2017-09-24,05:21,0,0,0,19.8,62.7,43,20,41,19,1.34,1.13
2017-09-24,05:21,0,0,0,19.8,62.8,43,21,41,19,1.315,1.155
2017-09-24,05:21,0,0,0,19.8,62.9,43,20,42,19,1.335,1.135
2017-09-24,05:21,0,0,0,19.8,63.0,43,21,41,19,1.315,1.135
2017-09-24,05:21,0,0,0,19.8,62.7,43,21,41,19,1.33,1.14
2017-09-24,05:21,0,0,0,19.8,62.7,43,20,41,19,1.325,1.135
2017-09-24,05:21,0,0,0,19.8,62.6,43,21,41,19,1.36,1.135
2017-09-24,05:21,0,3,0,19.8,62.6,43,21,41,19,1.34,1.14
2017-09-24,05:22,0,0,0,19.8,62.6,43,20,41,20,1.34,1.145
2017-09-24,05:22,0,0,0,19.8,62.7,43,21,41,19,1.33,1.145
2017-09-24,05:22,0,0,0,19.8,62.8,43,21,41,19,1.335,1.14
2017-09-24,05:22,0,0,0,19.8,62.9,43,21,41,19,1.33,1.14
2017-09-24,05:22,0,0,0,19.8,62.9,43,21,41,19,1.325,1.145
2017-09-24,05:22,0,0,0,19.8,62.8,43,21,41,19,1.315,1.14
2017-09-24,05:22,0,0,0,19.8,62.8,43,21,41,19,1.33,1.145
2017-09-24,05:22,0,0,0,19.8,62.7,43,21,41,19,1.33,1.145
2017-09-24,05:23,0,0,0,19.8,62.6,43,21,41,19,1.335,1.145
2017-09-24,05:23,0,0,0,19.8,62.6,43,20,41,19,1.335,1.15
2017-09-24,05:23,0,0,0,19.8,62.6,43,21,41,19,1.34,1.15
2017-09-24,05:23,0,0,0,19.8,62.7,43,21,42,19,1.33,1.15
2017-09-24,05:23,0,0,0,19.8,62.7,43,20,41,20,1.345,1.145
2017-09-24,05:23,0,0,0,19.8,62.9,43,21,41,19,1.33,1.15
2017-09-24,05:23,0,0,0,19.8,62.8,43,21,41,19,1.325,1.15
2017-09-24,05:23,0,0,0,19.8,62.6,43,20,41,19,1.335,1.14
2017-09-24,05:24,0,0,0,19.8,62.7,43,20,41,19,1.32,1.145
2017-09-24,05:24,0,0,0,19.8,62.7,43,21,41,19,1.345,1.13
2017-09-24,05:24,0,0,0,19.8,62.7,43,21,41,20,1.345,1.145
2017-09-24,05:24,0,0,0,19.8,62.6,43,21,41,19,1.345,1.15
2017-09-24,05:24,0,0,0,19.8,62.4,43,21,41,19,1.335,1.155
2017-09-24,05:24,0,5,0,19.8,62.6,43,21,41,19,1.33,1.15
2017-09-24,05:24,0,0,0,19.8,62.7,43,21,42,19,1.35,1.165
2017-09-24,05:24,0,4,0,19.8,62.7,43,21,41,19,1.325,1.145
2017-09-24,05:24,0,0,0,19.8,62.5,43,21,41,19,1.425,1.135
2017-09-24,05:25,0,0,0,19.8,62.3,43,20,41,19,1.335,1.145
2017-09-24,05:25,0,0,0,19.8,62.3,43,21,41,19,1.34,1.14
2017-09-24,05:25,0,0,0,19.8,62.3,43,20,41,19,1.345,1.15
2017-09-24,05:25,0,0,0,19.8,62.4,43,21,41,19,1.33,1.145
2017-09-24,05:25,0,0,0,19.8,62.7,43,21,41,19,1.33,1.13
2017-09-24,05:25,0,0,0,19.8,62.7,43,20,41,20,1.34,1.14
2017-09-24,05:25,0,0,0,19.8,62.6,43,21,41,19,1.34,1.145
2017-09-24,05:25,0,0,0,19.8,62.6,43,21,41,19,1.33,1.145
2017-09-24,05:26,0,0,0,19.8,62.5,43,20,41,19,1.34,1.135
2017-09-24,05:26,0,0,0,19.8,62.4,43,21,41,19,1.32,1.13
2017-09-24,05:26,0,0,0,19.8,62.4,43,21,41,19,1.33,1.135
2017-09-24,05:26,0,0,0,19.8,62.7,43,21,41,19,1.32,1.13
2017-09-24,05:26,0,0,0,19.8,62.9,43,20,41,19,1.355,1.15
2017-09-24,05:26,0,1,0,19.8,62.9,43,21,41,19,1.34,1.14
2017-09-24,05:26,0,0,0,19.8,62.6,43,20,41,20,1.345,1.175
2017-09-24,05:26,0,0,0,19.8,62.7,43,21,41,19,1.34,1.145
2017-09-24,05:27,0,0,0,19.8,62.7,43,21,41,20,1.335,1.14
2017-09-24,05:27,0,2,0,19.8,62.8,43,21,41,19,1.34,1.145
2017-09-24,05:27,0,0,0,19.8,62.7,43,20,41,20,1.365,1.15
2017-09-24,05:27,0,0,0,19.8,62.7,43,21,41,19,1.36,1.15
2017-09-24,05:27,0,0,0,19.8,62.5,43,20,41,20,1.34,1.2
2017-09-24,05:27,0,2,0,19.8,62.5,43,21,41,19,1.425,1.205
2017-09-24,05:27,0,2,0,19.8,62.7,43,21,41,19,1.44,1.21
2017-09-24,05:27,0,0,0,19.8,62.7,43,21,41,19,1.41,1.21
2017-09-24,05:27,0,0,0,19.8,62.6,43,20,41,19,1.415,1.215
2017-09-24,05:28,0,2,0,19.8,62.4,43,21,41,19,1.41,1.205
2017-09-24,05:28,0,0,0,19.8,62.6,43,21,41,20,1.405,1.21
2017-09-24,05:28,0,0,0,19.8,62.7,43,21,41,19,1.405,1.195
2017-09-24,05:28,0,0,0,19.8,62.6,43,20,41,19,1.405,1.205
2017-09-24,05:28,0,1,0,19.8,62.5,43,21,41,19,1.395,1.205
2017-09-24,05:28,0,0,0,19.8,62.5,43,20,41,19,1.4,1.2
2017-09-24,05:28,0,0,1,19.8,62.4,43,21,42,19,1.44,1.205
2017-09-24,05:28,0,0,0,19.8,62.4,43,21,41,19,1.42,1.19
2017-09-24,05:29,0,0,0,19.8,62.6,43,21,41,19,1.41,1.2
2017-09-24,05:29,0,1,0,19.8,62.5,43,21,41,19,1.395,1.205
2017-09-24,05:29,0,0,0,19.8,62.7,43,20,41,20,1.415,1.205
2017-09-24,05:29,0,0,0,19.8,62.7,43,21,41,19,1.46,1.215
2017-09-24,05:29,0,0,0,19.8,62.7,43,20,41,19,1.415,1.2
2017-09-24,05:29,0,0,0,19.8,62.7,43,21,41,19,1.43,1.205
2017-09-24,05:29,0,0,0,19.8,62.7,43,21,41,19,1.43,1.205
2017-09-24,05:29,0,0,0,19.8,62.7,43,21,41,19,1.42,1.205
2017-09-24,05:30,0,0,0,19.8,62.9,43,20,41,19,1.415,1.22
2017-09-24,05:30,0,0,0,19.8,62.7,43,21,41,19,1.41,1.205
2017-09-24,05:30,0,0,0,19.8,62.7,43,20,41,20,1.42,1.195
2017-09-24,05:30,0,0,0,19.8,62.7,43,21,41,19,1.43,1.21
2017-09-24,05:30,0,0,0,19.8,62.7,43,21,41,19,1.425,1.2
2017-09-24,05:30,0,0,0,19.8,62.8,43,21,42,19,1.42,1.205
2017-09-24,05:30,0,3,0,19.8,62.7,43,21,41,19,1.42,1.22
2017-09-24,05:30,0,0,0,19.8,62.8,43,20,41,20,1.41,1.205
2017-09-24,05:30,0,2,0,19.8,62.9,43,21,41,19,1.405,1.205
2017-09-24,05:31,0,0,0,19.8,63.0,43,21,41,19,1.42,1.21
2017-09-24,05:31,0,0,0,19.8,63.1,43,21,41,19,1.415,1.215
2017-09-24,05:31,0,0,0,19.8,63.1,43,21,41,19,1.405,1.205
2017-09-24,05:31,0,0,0,19.8,62.8,43,21,41,19,1.42,1.205
2017-09-24,05:31,0,0,0,19.8,62.7,43,21,42,19,1.43,1.215
2017-09-24,05:31,0,0,0,19.8,62.8,43,21,41,19,1.395,1.195
2017-09-24,05:31,0,0,0,19.8,62.8,43,21,41,19,1.43,1.2
2017-09-24,05:31,0,0,0,19.8,62.7,43,20,41,19,1.4,1.2
2017-09-24,05:32,0,0,0,19.8,62.5,43,21,41,19,1.42,1.195
2017-09-24,05:32,0,0,0,19.8,62.5,43,21,41,19,1.41,1.21
2017-09-24,05:32,0,0,0,19.8,62.4,43,21,41,19,1.42,1.21
2017-09-24,05:32,0,0,0,19.8,62.3,43,20,41,19,1.405,1.205
2017-09-24,05:32,0,0,0,19.8,62.3,43,20,41,19,1.415,1.21
2017-09-24,05:32,0,0,0,19.8,62.5,43,21,41,19,1.425,1.205
2017-09-24,05:32,0,2,0,19.8,62.8,43,21,41,19,1.4,1.2
2017-09-24,05:32,0,0,0,19.8,62.9,43,21,41,19,1.405,1.21
2017-09-24,05:33,0,0,0,19.8,62.9,43,21,41,19,1.42,1.195
2017-09-24,05:33,0,0,0,19.8,63.1,43,20,41,19,1.4,1.2
2017-09-24,05:33,0,0,0,19.8,63.1,43,20,41,20,1.415,1.205
2017-09-24,05:33,0,0,0,19.8,62.9,43,21,41,20,1.41,1.205
2017-09-24,05:33,0,0,0,19.8,62.9,43,20,41,19,1.42,1.2
2017-09-24,05:33,0,2,0,19.8,62.9,43,21,41,19,1.415,1.195
2017-09-24,05:33,0,3,0,19.8,62.7,43,21,41,19,1.42,1.21
2017-09-24,05:33,0,1,0,19.8,62.7,43,21,41,19,1.43,1.195
2017-09-24,05:33,1,0,0,19.7,62.8,43,21,41,19,1.44,1.2
2017-09-24,05:34,0,0,0,19.7,62.6,43,21,41,19,1.41,1.21
2017-09-24,05:34,0,0,0,19.8,62.6,43,21,41,19,1.43,1.205
2017-09-24,05:34,0,0,0,19.8,62.4,43,20,41,19,1.41,1.21
2017-09-24,05:34,0,0,0,19.8,62.4,43,20,41,20,1.42,1.195
2017-09-24,05:34,0,4,0,19.8,62.5,43,21,41,19,1.405,1.205
2017-09-24,05:34,0,0,0,19.8,62.7,43,21,41,19,1.405,1.21
2017-09-24,05:34,0,0,0,19.8,62.7,43,21,41,19,1.4,1.215
2017-09-24,05:34,0,0,0,19.8,62.6,43,21,41,19,1.415,1.21
2017-09-24,05:35,0,0,0,19.8,62.7,43,21,41,19,1.405,1.2
2017-09-24,05:35,0,0,0,19.8,62.9,43,20,41,19,1.405,1.21
2017-09-24,05:35,0,0,0,19.8,62.7,43,20,41,19,1.425,1.205
2017-09-24,05:35,0,0,0,19.8,62.7,43,21,41,19,1.42,1.195
2017-09-24,05:35,0,0,0,19.8,62.6,43,21,41,19,1.725,1.44
2017-09-24,05:35,0,0,0,19.8,62.5,43,20,41,19,1.705,1.425
2017-09-24,05:35,0,2,0,19.8,62.8,43,21,41,19,1.715,1.44
2017-09-24,05:35,0,0,0,19.7,62.6,43,21,41,19,1.755,1.475
2017-09-24,05:36,0,0,0,19.8,62.5,43,20,41,19,1.71,1.45
2017-09-24,05:36,0,0,0,19.8,62.4,43,21,41,19,1.685,1.42
2017-09-24,05:36,0,0,0,19.8,62.7,43,21,41,19,1.71,1.44
2017-09-24,05:36,0,0,0,19.8,62.9,43,21,41,19,1.715,1.43
2017-09-24,05:36,0,0,0,19.8,62.6,43,21,41,19,1.715,1.45
2017-09-24,05:36,0,0,0,19.8,62.6,43,21,41,19,1.705,1.435
2017-09-24,05:36,0,0,0,19.8,62.7,43,21,41,19,1.755,1.44
2017-09-24,05:36,0,0,0,19.8,62.7,43,20,41,19,1.71,1.435
2017-09-24,05:36,0,3,0,19.8,63.0,43,21,41,19,1.71,1.44
2017-09-24,05:37,0,4,0,19.8,63.1,43,21,41,19,1.69,1.415
2017-09-24,05:37,0,1,0,19.8,63.1,43,21,41,19,1.71,1.43
2017-09-24,05:37,0,0,0,19.8,62.8,43,21,41,20,1.72,1.41
2017-09-24,05:37,0,0,0,19.8,62.9,43,20,41,20,1.69,1.41
2017-09-24,05:37,0,0,0,19.8,63.2,43,21,41,20,1.705,1.42
2017-09-24,05:37,0,0,0,19.8,63.2,43,20,41,19,1.69,1.42
2017-09-24,05:37,0,0,0,19.7,63.1,43,21,41,19,1.665,1.4
2017-09-24,05:37,0,0,0,19.8,62.7,43,21,41,19,1.66,1.41
2017-09-24,05:38,0,0,0,19.8,62.6,43,21,41,19,1.665,1.405
2017-09-24,05:38,0,0,0,19.8,62.6,43,20,40,19,1.645,1.395
2017-09-24,05:38,0,0,0,19.8,62.4,43,21,41,19,1.665,1.405
2017-09-24,05:38,0,0,0,19.8,62.3,43,21,41,19,1.64,1.385
2017-09-24,05:38,0,0,0,19.8,62.6,43,21,41,19,1.65,1.395
2017-09-24,05:38,0,6,0,19.8,62.7,43,21,41,19,1.665,1.365
2017-09-24,05:38,0,0,0,19.8,62.5,43,20,41,20,1.645,1.39
2017-09-24,05:38,0,0,0,19.8,62.5,43,21,41,19,1.625,1.365
2017-09-24,05:39,0,0,0,19.8,62.7,43,21,41,19,1.635,1.37
2017-09-24,05:39,0,0,0,19.8,62.6,43,20,41,19,1.64,1.38
2017-09-24,05:39,0,0,0,19.8,62.4,43,20,41,19,1.65,1.37
2017-09-24,05:39,0,2,0,19.8,62.4,43,21,41,19,1.635,1.355
2017-09-24,05:39,0,0,0,19.8,62.7,43,20,41,19,1.65,1.415
2017-09-24,05:39,0,0,0,19.8,62.6,43,21,41,19,1.61,1.395
2017-09-24,05:39,0,1,0,19.8,62.4,43,21,41,19,1.625,1.355
2017-09-24,05:39,0,0,0,19.8,62.6,43,20,41,20,1.64,1.38
2017-09-24,05:40,0,0,0,19.8,62.4,43,21,41,19,1.61,1.35
2017-09-24,05:40,0,0,0,19.8,62.3,43,21,41,19,1.64,1.375
2017-09-24,05:40,0,3,0,19.8,62.3,43,21,41,19,1.71,1.355
2017-09-24,05:40,0,0,0,19.8,62.4,43,20,41,19,1.615,1.39
2017-09-24,05:40,0,0,0,19.8,62.6,43,21,41,19,1.64,1.36
2017-09-24,05:40,0,0,0,19.8,62.4,43,21,41,19,1.62,1.37
2017-09-24,05:40,0,5,0,19.8,62.7,43,21,41,19,1.64,1.38
2017-09-24,05:40,0,0,0,19.8,62.8,43,21,40,19,1.62,1.36
2017-09-24,05:40,0,0,0,19.8,62.8,43,20,41,19,1.65,1.375
2017-09-24,05:41,0,0,0,19.8,62.9,43,21,41,19,1.615,1.37
2017-09-24,05:41,0,0,0,19.8,62.7,43,21,41,19,1.625,1.36
2017-09-24,05:41,0,0,0,19.8,62.6,43,21,41,19,1.645,1.385
2017-09-24,05:41,0,0,0,19.8,62.7,43,20,41,19,1.63,1.36
2017-09-24,05:41,0,0,0,19.7,62.6,43,21,41,19,1.725,1.375
2017-09-24,05:41,0,2,0,19.8,62.4,43,21,41,19,1.62,1.36
2017-09-24,05:41,0,5,0,19.8,62.3,43,21,41,19,1.64,1.4
2017-09-24,05:41,0,1,0,19.8,62.2,43,20,41,19,1.645,1.38
2017-09-24,05:42,0,3,0,19.8,62.3,43,20,41,19,1.63,1.36
2017-09-24,05:42,0,0,0,19.8,62.5,43,21,41,19,1.67,1.38
2017-09-24,05:42,0,0,0,19.8,62.5,43,21,41,19,1.68,1.41
2017-09-24,05:42,0,2,0,19.8,62.3,43,21,41,19,1.65,1.38
2017-09-24,05:42,0,1,0,19.8,62.5,43,21,41,19,1.655,1.39
2017-09-24,05:42,0,0,0,19.8,62.4,43,21,41,19,1.62,1.365
2017-09-24,05:42,0,5,0,19.8,62.3,43,21,41,19,1.64,1.36
2017-09-24,05:42,0,0,0,19.8,62.2,43,20,41,20,1.64,1.375
2017-09-24,05:43,0,1,0,19.8,62.1,43,21,41,19,1.62,1.375
2017-09-24,05:43,0,0,0,19.7,62.3,43,20,41,19,1.615,1.355
2017-09-24,05:43,0,1,0,19.8,62.3,43,21,41,19,1.645,1.415
2017-09-24,05:43,0,4,0,19.7,62.5,43,21,41,19,1.615,1.38
2017-09-24,05:43,0,6,0,19.8,62.7,43,21,41,19,1.66,1.365
2017-09-24,05:43,0,0,0,19.8,62.6,43,20,41,19,1.655,1.38
2017-09-24,05:43,0,0,0,19.8,62.4,43,21,41,19,1.64,1.39
2017-09-24,05:43,0,1,0,19.8,62.4,43,21,41,19,1.615,1.37
2017-09-24,05:43,0,0,0,19.8,62.6,43,21,41,19,1.67,1.37
2017-09-24,05:44,0,0,0,19.8,62.7,43,21,41,19,1.655,1.375
2017-09-24,05:44,0,1,0,19.7,62.7,43,20,41,19,1.635,1.365
2017-09-24,05:44,0,0,0,19.7,62.7,43,21,41,19,1.65,1.375
2017-09-24,05:44,0,0,0,19.8,62.8,43,21,41,19,1.645,1.39
2017-09-24,05:44,0,4,0,19.7,62.6,43,20,41,19,1.645,1.36
2017-09-24,05:44,0,0,0,19.8,62.4,43,21,41,20,1.65,1.375
2017-09-24,05:44,0,0,0,19.8,62.2,43,21,40,19,1.625,1.385
2017-09-24,05:44,0,2,0,19.8,62.2,43,20,41,19,1.61,1.365
2017-09-24,05:45,0,0,0,19.8,62.3,43,21,41,19,1.64,1.36
2017-09-24,05:45,0,6,0,19.8,62.7,43,21,41,19,1.68,1.39
2017-09-24,05:45,0,2,0,19.8,62.8,43,20,41,20,1.65,1.39
2017-09-24,05:45,0,0,0,19.8,62.6,43,21,41,19,1.66,1.385
2017-09-24,05:45,0,2,0,19.8,62.5,43,21,41,19,1.63,1.37
2017-09-24,05:45,0,2,0,19.8,62.5,43,21,41,19,1.64,1.38
2017-09-24,05:45,0,1,0,19.8,62.3,43,21,41,19,1.605,1.38
2017-09-24,05:45,0,0,0,19.8,62.2,43,20,41,19,1.645,1.385
2017-09-24,05:46,0,1,0,19.8,62.4,43,21,41,19,1.635,1.365
2017-09-24,05:46,0,3,0,19.7,62.6,43,21,41,19,1.65,1.385
2017-09-24,05:46,0,2,0,19.8,62.3,43,21,41,19,1.65,1.37
2017-09-24,05:46,0,7,0,19.8,62.2,43,20,41,19,1.625,1.39
2017-09-24,05:46,0,1,0,19.8,62.3,43,21,41,19,1.66,1.37
2017-09-24,05:46,0,0,0,19.8,62.3,43,21,41,19,1.625,1.395
2017-09-24,05:46,0,2,0,19.8,62.5,43,20,41,19,1.625,1.38
2017-09-24,05:46,0,1,0,19.8,62.7,43,20,41,20,1.66,1.38
2017-09-24,05:46,0,8,0,19.8,62.7,43,20,41,19,1.635,1.37
2017-09-24,05:47,0,6,0,19.8,62.7,43,21,41,19,1.65,1.37
2017-09-24,05:47,0,5,0,19.8,62.7,43,20,41,19,1.66,1.375
2017-09-24,05:47,0,2,0,19.7,62.8,43,21,41,20,1.645,1.37
2017-09-24,05:47,0,7,0,19.8,62.5,43,20,40,19,1.65,1.37
2017-09-24,05:47,0,1,1,19.8,62.2,43,21,41,19,1.655,1.375
2017-09-24,05:47,0,7,0,19.8,62.1,43,20,41,19,1.645,1.365
2017-09-24,05:47,0,8,0,19.8,62.2,43,20,41,19,1.64,1.36
2017-09-24,05:47,0,6,0,19.7,62.1,43,20,41,19,1.64,1.38
2017-09-24,05:48,0,3,0,19.8,62.0,43,21,41,20,1.645,1.375
2017-09-24,05:48,0,2,0,19.8,62.1,43,20,41,19,1.635,1.385
2017-09-24,05:48,0,2,0,19.7,62.2,43,20,41,19,1.645,1.38
2017-09-24,05:48,0,0,0,19.8,62.2,43,20,41,19,1.62,1.395
2017-09-24,05:48,0,5,0,19.8,62.3,43,20,41,19,1.635,1.385
2017-09-24,05:48,0,2,0,19.7,62.2,43,20,41,19,1.645,1.405
2017-09-24,05:48,0,2,0,19.8,62.2,43,20,41,20,1.63,1.385
2017-09-24,05:48,0,4,0,19.8,62.1,43,21,41,19,1.625,1.395
2017-09-24,05:49,0,4,0,19.8,62.1,43,21,41,19,1.635,1.395
2017-09-24,05:49,0,3,0,19.7,62.0,43,20,41,19,1.625,1.385
2017-09-24,05:49,0,6,0,19.7,62.1,43,20,41,19,1.675,1.39
2017-09-24,05:49,0,4,0,19.8,62.2,43,20,41,20,1.7,1.385
2017-09-24,05:49,0,4,0,19.8,62.4,43,21,41,19,1.635,1.4
2017-09-24,05:49,0,3,0,19.8,62.6,43,21,40,19,1.65,1.375
2017-09-24,05:49,0,4,0,19.7,62.7,43,21,41,19,1.66,1.395
2017-09-24,05:49,0,4,0,19.8,62.8,43,21,41,19,1.645,1.4
2017-09-24,05:50,0,1,0,19.7,62.6,43,20,41,20,1.67,1.395
2017-09-24,05:50,0,3,0,19.8,62.4,43,21,41,19,1.64,1.395
2017-09-24,05:50,0,2,0,19.7,62.4,43,21,41,19,1.665,1.39
2017-09-24,05:50,0,4,0,19.8,62.4,43,21,41,19,1.67,1.4
2017-09-24,05:50,0,4,0,19.8,62.4,43,20,41,19,1.665,1.385
2017-09-24,05:50,0,3,0,19.8,62.5,43,21,41,19,1.625,1.39
2017-09-24,05:50,0,3,0,19.8,62.8,43,21,41,19,1.815,1.395
2017-09-24,05:50,0,5,0,19.7,62.8,43,20,40,19,1.67,1.41
2017-09-24,05:50,0,3,0,19.8,62.9,43,21,41,19,1.635,1.375
2017-09-24,05:51,0,4,0,19.8,62.7,43,21,41,19,1.635,1.395
2017-09-24,05:51,0,5,0,19.7,62.7,43,20,41,19,1.66,1.375
2017-09-24,05:51,0,4,0,19.7,62.7,43,21,41,19,1.82,1.39
2017-09-24,05:51,0,5,0,19.7,62.7,43,20,41,19,1.68,1.385
2017-09-24,05:51,0,4,0,19.7,62.6,43,21,41,19,1.65,1.38
2017-09-24,05:51,0,5,0,19.8,62.3,43,20,40,19,1.665,1.375
2017-09-24,05:51,0,4,0,19.7,62.4,43,21,40,19,1.65,1.37
2017-09-24,05:51,0,5,0,19.8,62.3,43,20,41,19,1.635,1.36
2017-09-24,05:52,0,4,0,19.7,62.7,43,21,41,19,1.62,1.37
2017-09-24,05:52,0,4,0,19.8,62.6,43,21,41,19,1.635,1.385
2017-09-24,05:52,0,10,0,19.8,62.5,43,20,40,19,1.63,1.4
2017-09-24,05:52,0,5,0,19.8,62.6,43,21,41,19,1.66,1.395
2017-09-24,05:52,0,7,0,19.8,62.6,43,20,40,19,1.645,1.395
2017-09-24,05:52,0,9,0,19.7,62.5,43,21,41,19,1.625,1.375
2017-09-24,05:52,0,11,0,19.8,62.7,43,21,41,19,1.645,1.37
2017-09-24,05:52,0,6,0,19.8,62.8,43,21,41,19,1.645,1.38
2017-09-24,05:53,0,8,0,19.7,62.5,43,21,40,19,1.635,1.385
2017-09-24,05:53,0,3,0,19.7,62.4,43,20,41,19,1.615,1.345
2017-09-24,05:53,0,2,0,19.8,62.5,43,21,41,19,1.615,1.38
2017-09-24,05:53,0,5,0,19.7,62.5,43,21,41,19,1.7,1.37
2017-09-24,05:53,0,7,0,19.7,62.6,43,20,41,20,1.66,1.395
2017-09-24,05:53,0,5,0,19.8,62.6,43,21,41,19,1.69,1.43
2017-09-24,05:53,0,8,0,19.8,62.3,43,20,41,19,1.84,1.565
2017-09-24,05:53,0,12,0,19.7,62.4,43,21,40,19,1.73,1.46
2017-09-24,05:53,0,8,0,19.8,62.6,43,21,41,19,1.74,1.505
2017-09-24,05:54,0,7,0,19.8,62.3,43,20,40,19,1.73,1.445
2017-09-24,05:54,0,8,0,19.8,62.1,43,20,40,19,1.75,1.455
2017-09-24,05:54,0,7,0,19.7,62.1,43,21,41,19,1.73,1.45
2017-09-24,05:54,0,7,0,19.8,62.1,43,20,41,19,1.715,1.435
2017-09-24,05:54,0,6,0,19.8,62.2,43,21,41,19,1.695,1.415
2017-09-24,05:54,0,7,0,19.8,62.3,43,21,40,19,1.705,1.44
2017-09-24,05:54,0,7,0,19.8,62.4,43,20,41,19,1.695,1.435
2017-09-24,05:54,0,5,0,19.8,62.3,43,20,41,19,1.705,1.45
2017-09-24,05:55,0,3,0,19.7,62.3,43,21,41,19,1.74,1.465
2017-09-24,05:55,0,7,0,19.7,62.3,43,21,41,19,1.69,1.43
2017-09-24,05:55,0,6,0,19.8,62.1,43,21,40,19,1.735,1.455
2017-09-24,05:55,0,11,0,19.7,62.1,43,20,41,19,1.73,1.45
2017-09-24,05:55,0,7,0,19.8,62.1,43,20,41,19,1.72,1.455
2017-09-24,05:55,0,6,0,19.7,62.4,43,21,41,19,1.72,1.425
2017-09-24,05:55,0,6,0,19.8,62.5,43,21,41,19,1.71,1.45
2017-09-24,05:55,0,10,0,19.8,62.6,43,20,40,19,1.73,1.43
2017-09-24,05:56,0,8,0,19.7,62.6,43,20,41,20,1.72,1.455
2017-09-24,05:56,0,8,0,19.8,62.5,43,21,41,19,1.73,1.45
2017-09-24,05:56,0,7,0,19.7,62.2,43,21,41,19,1.705,1.425
2017-09-24,05:56,0,8,0,19.8,62.2,43,20,40,19,1.71,1.425
2017-09-24,05:56,0,8,0,19.7,62.5,43,21,41,19,1.69,1.41
2017-09-24,05:56,0,14,0,19.7,62.6,43,20,41,19,1.725,1.41
2017-09-24,05:56,0,8,0,19.7,62.6,43,21,41,19,1.71,1.435
2017-09-24,05:56,0,4,0,19.7,62.7,43,21,41,19,1.69,1.415
2017-09-24,05:56,0,8,0,19.7,62.7,43,20,40,19,1.725,1.445
2017-09-24,05:57,0,9,0,19.7,62.6,43,20,41,20,1.695,1.445
2017-09-24,05:57,0,4,0,19.7,62.2,43,21,40,19,1.69,1.415
2017-09-24,05:57,0,8,0,19.7,62.1,43,20,40,19,1.72,1.425
2017-09-24,05:57,0,9,0,19.7,62.2,43,20,41,19,1.705,1.415
2017-09-24,05:57,0,10,0,19.7,62.0,43,21,40,19,1.7,1.43
2017-09-24,05:57,0,9,0,19.7,61.9,43,20,41,19,1.725,1.445
2017-09-24,05:57,0,9,0,19.7,62.0,43,21,41,19,1.73,1.435
2017-09-24,05:57,0,8,0,19.7,62.1,43,20,40,19,1.715,1.425
2017-09-24,05:58,0,10,0,19.7,62.3,43,21,41,19,1.73,1.44
2017-09-24,05:58,0,10,0,19.7,61.9,43,20,41,19,1.705,1.425
2017-09-24,05:58,0,4,0,19.7,61.8,43,21,41,19,1.69,1.415
2017-09-24,05:58,0,12,0,19.7,61.7,43,20,41,19,1.7,1.425
2017-09-24,05:58,0,5,0,19.7,61.7,43,21,41,19,1.72,1.43
2017-09-24,05:58,0,9,0,19.7,61.5,43,21,40,19,1.72,1.45
2017-09-24,05:58,0,16,0,19.7,61.6,43,20,40,19,1.71,1.42
2017-09-24,05:58,0,10,0,19.7,61.7,43,20,41,20,1.695,1.445
2017-09-24,05:59,0,6,0,19.7,61.9,43,20,41,19,1.685,1.415
2017-09-24,05:59,0,9,0,19.7,61.7,43,21,40,19,1.705,1.425
2017-09-24,05:59,1,7,0,19.7,61.6,43,20,40,19,1.685,1.44
2017-09-24,05:59,0,8,0,19.7,61.5,43,21,40,19,1.705,1.41
2017-09-24,05:59,0,10,0,19.7,61.6,43,21,40,19,1.695,1.42
2017-09-24,05:59,0,16,0,19.7,61.6,43,21,40,19,1.715,1.435
2017-09-24,05:59,0,14,0,19.7,61.5,43,21,40,19,1.715,1.435
2017-09-24,05:59,0,13,0,19.7,61.5,43,21,40,19,1.69,1.405
2017-09-24,05:59,0,10,0,19.7,61.3,43,21,41,19,1.675,1.42
2017-09-24,06:00,0,13,0,19.7,61.2,43,20,41,20,1.705,1.425
2017-09-24,06:00,0,11,0,19.7,61.1,43,20,40,19,1.7,1.445
2017-09-24,06:00,0,13,0,19.7,61.3,43,21,41,19,1.695,1.44
2017-09-24,06:00,0,10,0,19.7,61.3,43,21,41,19,1.72,1.445
2017-09-24,06:00,0,8,0,19.7,61.3,43,21,41,19,1.84,1.425
2017-09-24,06:00,0,8,0,19.7,61.2,43,21,40,19,1.71,1.435
2017-09-24,06:00,0,11,0,19.7,61.1,43,21,40,19,1.705,1.425
2017-09-24,06:00,0,8,0,19.7,61.1,43,20,40,19,1.685,1.425
2017-09-24,06:01,0,12,0,19.7,61.3,43,20,40,19,1.675,1.405
2017-09-24,06:01,0,11,0,19.7,61.9,43,21,41,19,1.72,1.425
2017-09-24,06:01,0,11,0,19.7,62.3,43,20,40,19,1.675,1.495
2017-09-24,06:01,0,10,0,19.7,61.7,43,21,40,19,1.695,1.43
2017-09-24,06:01,0,17,0,19.7,61.7,43,21,40,19,1.685,1.405
2017-09-24,06:01,0,12,0,19.7,61.8,43,21,41,19,1.675,1.405
2017-09-24,06:01,0,13,0,19.7,61.7,43,21,40,19,1.695,1.41
2017-09-24,06:01,0,11,0,19.7,61.5,43,21,40,19,1.675,1.395
2017-09-24,06:02,0,12,0,19.7,61.8,43,21,41,19,1.72,1.425
2017-09-24,06:02,0,11,0,19.7,61.9,43,20,40,19,1.695,1.435
2017-09-24,06:02,0,19,0,19.7,61.4,43,21,41,19,1.705,1.42
2017-09-24,06:02,0,11,0,19.7,61.4,43,20,40,19,1.695,1.43
2017-09-24,06:02,0,16,0,19.7,61.7,43,21,41,19,1.71,1.425
2017-09-24,06:02,0,8,0,19.7,61.8,43,21,40,19,1.685,1.425
2017-09-24,06:02,0,19,0,19.7,61.6,43,21,40,19,1.71,1.42
2017-09-24,06:02,0,13,0,19.7,61.5,43,20,41,19,1.675,1.42
2017-09-24,06:03,0,13,0,19.7,61.4,43,21,40,19,1.705,1.425
2017-09-24,06:03,0,13,0,19.7,61.5,43,20,41,19,1.665,1.415
2017-09-24,06:03,0,18,0,19.7,61.5,43,21,41,19,1.69,1.4
2017-09-24,06:03,0,15,0,19.7,61.6,43,21,40,19,1.695,1.42
2017-09-24,06:03,0,14,0,19.7,61.9,43,20,41,19,1.68,1.405
2017-09-24,06:03,0,16,0,19.7,61.7,43,20,40,19,1.685,1.405
2017-09-24,06:03,0,14,0,19.7,61.3,43,20,41,20,1.69,1.42
2017-09-24,06:03,0,14,0,19.7,61.3,43,21,40,19,1.675,1.4
2017-09-24,06:03,0,15,0,19.7,61.4,43,21,40,19,1.71,1.43
2017-09-24,06:04,0,16,0,19.7,61.2,43,20,40,19,1.7,1.42
2017-09-24,06:04,0,18,0,19.7,61.0,43,21,41,19,1.695,1.43
2017-09-24,06:04,0,9,0,19.7,61.1,43,20,41,20,1.665,1.405
2017-09-24,06:04,0,17,0,19.7,61.3,43,20,40,19,1.655,1.405
2017-09-24,06:04,0,17,0,19.7,61.4,43,21,40,19,1.68,1.43
2017-09-24,06:04,0,17,0,19.7,61.2,43,21,41,19,1.69,1.415
2017-09-24,06:04,0,13,0,19.7,61.1,43,20,40,19,1.68,1.395
2017-09-24,06:04,0,17,0,19.7,61.1,43,20,40,19,1.685,1.41
2017-09-24,06:05,0,19,0,19.7,61.0,43,21,40,19,1.665,1.41
2017-09-24,06:05,0,16,0,19.7,61.1,43,21,41,19,1.71,1.415
2017-09-24,06:05,0,15,0,19.7,61.4,43,20,40,19,1.67,1.41
2017-09-24,06:05,0,17,0,19.7,61.6,43,20,40,19,1.675,1.4
2017-09-24,06:05,0,19,0,19.7,61.7,43,21,40,19,1.68,1.425
2017-09-24,06:05,0,19,0,19.7,62.0,43,21,41,19,1.675,1.41
2017-09-24,06:05,0,16,0,19.7,61.7,43,21,40,19,1.66,1.4
2017-09-24,06:05,0,17,0,19.7,61.5,43,21,41,19,1.68,1.385
2017-09-24,06:06,0,17,0,19.7,61.5,43,21,40,19,1.66,1.42
2017-09-24,06:06,0,17,0,19.7,61.2,43,21,40,19,1.69,1.415
2017-09-24,06:06,0,19,0,19.7,61.0,43,20,40,20,1.695,1.41
2017-09-24,06:06,0,19,0,19.7,61.0,43,21,40,19,1.665,1.385
2017-09-24,06:06,0,19,0,19.7,61.1,43,21,40,19,1.68,1.415
2017-09-24,06:06,0,23,0,19.7,61.1,43,21,40,19,1.685,1.42
2017-09-24,06:06,0,23,0,19.7,60.9,43,21,40,19,1.665,1.405
2017-09-24,06:06,0,19,0,19.7,61.1,43,21,41,19,1.665,1.4
2017-09-24,06:06,0,21,0,19.7,61.4,43,20,40,19,1.715,1.43
2017-09-24,06:07,0,15,0,19.7,61.6,43,20,41,20,1.69,1.415
2017-09-24,06:07,0,14,0,19.7,61.6,43,21,40,19,1.665,1.4
2017-09-24,06:07,0,20,0,19.7,61.5,43,20,40,19,1.695,1.42
2017-09-24,06:07,0,21,0,19.7,61.5,43,21,40,19,1.685,1.405
2017-09-24,06:07,0,18,0,19.7,61.5,43,21,40,19,1.685,1.415
2017-09-24,06:07,0,22,0,19.7,61.3,43,21,40,19,1.67,1.4
2017-09-24,06:07,0,19,0,19.7,61.1,43,20,40,19,1.685,1.405
2017-09-24,06:07,0,23,0,19.7,61.2,43,20,40,19,1.695,1.41
2017-09-24,06:08,0,21,0,19.7,61.3,43,21,40,19,1.68,1.41
2017-09-24,06:08,0,23,0,19.7,61.4,43,21,40,19,1.665,1.4
2017-09-24,06:08,0,20,0,19.7,61.5,43,21,40,19,1.68,1.425
2017-09-24,06:08,0,25,0,19.7,61.4,43,20,40,19,1.67,1.4
2017-09-24,06:08,0,22,0,19.7,61.5,43,21,40,19,1.65,1.39
2017-09-24,06:08,0,22,0,19.7,61.4,43,20,40,19,1.67,1.4
2017-09-24,06:08,0,22,0,19.7,61.3,43,20,41,19,1.67,1.405
2017-09-24,06:08,0,22,0,19.7,61.1,43,21,41,20,1.665,1.395
2017-09-24,06:09,0,21,0,19.7,61.2,43,21,41,19,1.675,1.39
2017-09-24,06:09,0,22,1,19.7,61.1,43,21,40,19,1.66,1.395
2017-09-24,06:09,0,21,0,19.7,61.1,43,21,40,19,1.65,1.39
2017-09-24,06:09,0,22,0,19.7,61.0,43,21,41,19,1.665,1.405
2017-09-24,06:09,0,22,0,19.7,60.9,43,21,40,19,1.66,1.39
2017-09-24,06:09,0,22,0,19.7,60.8,43,21,40,19,1.665,1.395
2017-09-24,06:09,0,23,0,19.7,60.7,43,21,40,19,1.65,1.39
2017-09-24,06:09,0,23,0,19.7,61.2,43,21,40,19,1.655,1.395
2017-09-24,06:09,0,25,0,19.7,61.4,42,20,41,19,1.68,1.41
2017-09-24,06:10,0,23,0,19.7,61.2,43,21,41,19,1.675,1.395
2017-09-24,06:10,0,25,0,19.7,61.3,43,21,40,19,1.67,1.4
2017-09-24,06:10,0,22,0,19.7,61.3,43,20,41,19,1.67,1.405
2017-09-24,06:10,0,24,0,19.7,61.2,43,21,41,19,1.68,1.405
2017-09-24,06:10,0,23,0,19.7,61.3,43,21,41,19,1.67,1.39
2017-09-24,06:10,0,28,0,19.7,61.4,43,20,40,20,1.67,1.4
2017-09-24,06:10,0,24,0,19.7,61.6,43,21,40,19,1.66,1.4
2017-09-24,06:10,0,25,0,19.7,61.6,43,20,40,19,1.655,1.39
2017-09-24,06:11,0,25,0,19.7,61.5,43,21,40,19,1.81,1.395
2017-09-24,06:11,0,28,0,19.7,61.4,43,21,40,19,1.69,1.395
2017-09-24,06:11,0,25,0,19.7,61.3,43,21,41,19,1.655,1.395
2017-09-24,06:11,0,25,0,19.7,61.1,43,21,41,19,1.655,1.395
2017-09-24,06:11,0,28,0,19.7,61.1,43,21,40,19,1.65,1.405
2017-09-24,06:11,0,26,0,19.7,61.2,43,20,40,19,1.66,1.395
2017-09-24,06:11,0,22,0,19.7,61.0,43,20,40,19,1.65,1.38
2017-09-24,06:11,0,28,0,19.7,61.2,43,20,40,19,1.65,1.39
2017-09-24,06:12,0,28,0,19.7,61.4,43,21,40,19,1.675,1.4
2017-09-24,06:12,0,30,0,19.7,61.4,43,21,40,19,1.64,1.38
2017-09-24,06:12,0,28,0,19.7,61.2,43,21,41,19,1.685,1.385
2017-09-24,06:12,0,27,0,19.7,61.1,43,20,40,19,1.665,1.4
2017-09-24,06:12,0,28,0,19.7,61.2,43,20,40,19,1.665,1.405
2017-09-24,06:12,0,31,0,19.7,61.6,43,21,41,19,1.67,1.42
2017-09-24,06:12,0,26,0,19.7,61.7,42,20,40,19,1.68,1.405
2017-09-24,06:12,0,30,0,19.7,61.4,43,20,40,19,1.68,1.41
2017-09-24,06:13,0,31,1,19.7,61.2,43,21,40,19,1.685,1.41
2017-09-24,06:13,0,25,0,19.7,61.2,43,21,40,19,1.675,1.41
2017-09-24,06:13,0,30,0,19.7,61.1,42,21,40,19,1.69,1.41
2017-09-24,06:13,0,31,0,19.7,61.1,43,20,40,19,1.68,1.395
2017-09-24,06:13,0,27,0,19.7,61.2,43,21,40,19,1.665,1.41
2017-09-24,06:13,0,28,0,19.7,61.2,43,21,40,19,1.67,1.4
2017-09-24,06:13,0,30,0,19.7,61.2,43,20,40,20,1.665,1.405
2017-09-24,06:13,0,30,0,19.7,61.2,43,20,40,20,1.67,1.395
2017-09-24,06:13,0,33,0,19.7,61.4,43,20,40,19,1.665,1.41
2017-09-24,06:14,0,32,0,19.7,61.3,43,20,40,19,1.665,1.4
2017-09-24,06:14,0,34,0,19.7,61.2,43,20,40,19,1.65,1.38
2017-09-24,06:14,0,34,0,19.7,61.6,43,20,40,19,1.645,1.38
2017-09-24,06:14,0,34,0,19.7,61.7,43,20,40,19,1.65,1.395
2017-09-24,06:14,0,34,0,19.7,61.8,43,20,40,19,1.655,1.385
2017-09-24,06:14,0,33,0,19.7,61.5,43,20,40,19,1.66,1.405
2017-09-24,06:14,0,32,0,19.7,61.4,43,20,40,19,1.66,1.395
2017-09-24,06:14,0,36,0,19.7,61.6,43,20,40,19,1.655,1.385
2017-09-24,06:15,0,36,0,19.7,61.5,43,20,40,19,1.655,1.39
2017-09-24,06:15,0,37,0,19.7,61.5,43,20,40,19,1.665,1.395
2017-09-24,06:15,0,37,0,19.7,61.4,42,20,40,20,1.67,1.4
2017-09-24,06:15,0,36,0,19.7,61.4,43,20,40,19,1.69,1.415
2017-09-24,06:15,0,34,0,19.7,61.3,42,20,40,19,1.64,1.39
2017-09-24,06:15,0,36,0,19.7,61.4,43,21,40,19,1.645,1.38
2017-09-24,06:15,0,40,0,19.7,61.2,43,20,40,19,1.645,1.355
2017-09-24,06:15,0,40,0,19.7,61.3,43,20,40,19,1.6,1.325
2017-09-24,06:16,0,39,0,19.7,61.5,43,20,40,20,1.59,1.345
2017-09-24,06:16,0,36,0,19.7,61.6,43,20,41,19,1.58,1.315
2017-09-24,06:16,0,38,1,19.7,61.8,43,21,40,19,1.585,1.335
2017-09-24,06:16,0,40,0,19.7,61.9,43,20,40,19,1.575,1.315
2017-09-24,06:16,0,34,0,19.7,61.9,43,20,41,19,1.585,1.325
2017-09-24,06:16,0,39,0,19.7,61.4,43,20,40,19,1.59,1.35
2017-09-24,06:16,0,40,0,19.7,61.1,42,20,40,20,1.555,1.325
2017-09-24,06:16,0,38,0,19.7,61.1,43,21,40,19,1.735,1.355
2017-09-24,06:16,0,40,0,19.7,61.2,43,21,40,19,1.58,1.325
2017-09-24,06:17,0,42,1,19.7,61.2,43,20,40,19,1.6,1.335
2017-09-24,06:17,0,42,0,19.7,61.2,43,20,40,19,1.58,1.335
2017-09-24,06:17,0,42,0,19.7,61.3,43,21,40,19,1.57,1.325
2017-09-24,06:17,0,45,0,19.7,61.3,43,20,40,19,1.565,1.315
2017-09-24,06:17,0,40,0,19.7,61.1,42,20,41,19,1.585,1.325
2017-09-24,06:17,0,42,0,19.7,61.1,43,21,40,19,1.585,1.34
2017-09-24,06:17,0,44,0,19.7,61.2,43,20,40,20,1.565,1.325
2017-09-24,06:17,0,43,1,19.7,61.5,42,20,40,19,1.57,1.325
2017-09-24,06:18,0,44,0,19.7,61.2,43,21,40,19,1.57,1.345
2017-09-24,06:18,0,46,0,19.7,61.3,43,20,40,19,1.565,1.32
2017-09-24,06:18,0,46,0,19.7,61.5,43,20,40,19,1.575,1.33
2017-09-24,06:18,0,46,0,19.7,61.8,42,20,40,19,1.565,1.315
2017-09-24,06:18,0,45,0,19.7,61.5,42,21,40,19,1.595,1.335
2017-09-24,06:18,0,49,0,19.7,61.4,43,20,40,19,1.57,1.33
2017-09-24,06:18,0,46,0,19.7,61.2,42,21,40,19,1.575,1.31
2017-09-24,06:18,0,46,1,19.7,61.1,43,21,40,19,1.58,1.345
2017-09-24,06:19,0,51,0,19.7,61.1,43,20,40,19,1.56,1.315
2017-09-24,06:19,0,43,0,19.7,61.0,42,21,40,19,1.58,1.315
2017-09-24,06:19,0,48,2,19.7,61.1,42,21,40,19,1.58,1.325
2017-09-24,06:19,0,50,0,19.7,61.1,43,20,40,19,1.58,1.33
2017-09-24,06:19,0,48,1,19.7,61.0,43,20,40,19,1.56,1.32
2017-09-24,06:19,0,47,0,19.7,61.0,43,21,40,19,1.61,1.33
2017-09-24,06:19,0,51,0,19.7,61.3,43,20,40,19,1.575,1.31
2017-09-24,06:19,0,55,0,19.7,61.5,43,20,40,19,1.56,1.34
2017-09-24,06:19,0,50,0,19.7,61.6,43,21,40,19,1.585,1.33
2017-09-24,06:20,0,50,0,19.7,61.3,42,21,40,19,1.565,1.33
2017-09-24,06:20,0,53,0,19.7,61.2,43,20,40,20,1.595,1.33
2017-09-24,06:20,0,51,0,19.7,61.3,43,21,40,19,1.575,1.32
2017-09-24,06:20,0,52,0,19.7,61.2,42,21,40,19,1.56,1.33
2017-09-24,06:20,0,57,0,19.7,61.3,43,20,40,19,1.59,1.315
2017-09-24,06:20,0,52,1,19.7,61.1,43,20,40,19,1.565,1.34
2017-09-24,06:20,0,52,0,19.7,61.2,43,21,40,19,1.585,1.31
2017-09-24,06:20,0,48,0,19.7,61.3,43,21,41,19,1.565,1.345
2017-09-24,06:21,0,54,0,19.7,61.1,43,20,40,19,1.56,1.33
2017-09-24,06:21,0,55,0,19.6,60.9,43,20,40,19,1.58,1.32
2017-09-24,06:21,0,54,0,19.7,60.9,43,21,40,19,1.6,1.325
2017-09-24,06:21,0,55,0,19.7,60.9,43,20,40,19,1.59,1.335
2017-09-24,06:21,0,54,0,19.7,60.9,43,21,40,19,1.6,1.32
2017-09-24,06:21,0,56,1,19.7,61.1,43,20,40,20,1.595,1.39
2017-09-24,06:21,0,55,2,19.7,61.0,43,21,40,19,1.565,1.33
2017-09-24,06:21,0,56,0,19.7,61.1,43,20,40,20,1.57,1.35
2017-09-24,06:22,0,56,0,19.7,61.3,43,21,40,19,1.585,1.33
2017-09-24,06:22,0,58,0,19.7,61.3,43,20,40,19,1.585,1.345
2017-09-24,06:22,0,56,0,19.7,61.2,43,21,40,19,1.575,1.33
2017-09-24,06:22,0,58,0,19.7,61.2,43,20,40,19,1.55,1.31
2017-09-24,06:22,0,58,0,19.7,61.3,43,21,40,19,1.555,1.315
2017-09-24,06:22,0,58,1,19.7,61.3,43,21,40,19,1.565,1.335
2017-09-24,06:22,0,56,1,19.7,61.1,43,20,40,20,1.58,1.345
2017-09-24,06:22,0,57,0,19.7,61.2,43,20,40,19,1.56,1.315
2017-09-24,06:23,0,59,0,19.7,61.1,43,21,40,19,1.575,1.325
2017-09-24,06:23,0,61,2,19.7,61.3,43,21,40,19,1.575,1.335
2017-09-24,06:23,0,62,0,19.7,61.4,43,21,40,19,1.56,1.34
2017-09-24,06:23,0,59,0,19.7,61.2,42,21,40,19,1.575,1.355
2017-09-24,06:23,0,60,1,19.7,61.1,43,20,40,20,1.58,1.33
2017-09-24,06:23,0,57,1,19.7,61.1,43,20,40,20,1.58,1.325
2017-09-24,06:23,0,56,0,19.7,61.1,43,20,40,19,1.58,1.33
2017-09-24,06:23,0,57,0,19.7,61.1,42,20,40,19,1.615,1.335
2017-09-24,06:23,0,59,0,19.7,61.0,43,21,40,19,1.57,1.335
2017-09-24,06:24,0,62,2,19.7,61.1,43,20,40,19,1.575,1.325
2017-09-24,06:24,0,63,1,19.7,61.3,43,20,40,19,1.57,1.315
2017-09-24,06:24,0,62,1,19.7,61.1,43,20,40,19,1.62,1.32
2017-09-24,06:24,0,62,0,19.7,61.1,43,20,40,19,1.6,1.335
2017-09-24,06:24,0,61,0,19.7,61.3,42,21,40,19,1.57,1.32
2017-09-24,06:24,0,61,0,19.7,61.1,43,20,40,19,1.55,1.31
2017-09-24,06:24,0,62,0,19.7,61.4,43,21,40,19,1.57,1.32
2017-09-24,06:24,0,63,0,19.6,61.1,43,20,40,19,1.595,1.335
2017-09-24,06:25,0,65,1,19.6,60.9,43,21,40,19,1.575,1.32
2017-09-24,06:25,0,61,0,19.7,61.0,43,20,40,20,1.56,1.315
2017-09-24,06:25,0,63,0,19.7,61.4,43,20,40,19,1.56,1.315
2017-09-24,06:25,0,63,1,19.7,61.4,43,21,40,19,1.57,1.305
2017-09-24,06:25,0,65,0,19.7,61.1,43,20,40,19,1.57,1.325
2017-09-24,06:25,0,66,0,19.6,61.1,43,20,40,19,1.585,1.335
2017-09-24,06:25,0,64,0,19.7,61.5,43,20,40,19,1.58,1.325
2017-09-24,06:25,0,67,0,19.6,61.4,42,21,40,19,1.57,1.32
2017-09-24,06:26,0,64,0,19.6,61.4,43,21,40,19,1.565,1.3
2017-09-24,06:26,0,64,1,19.7,61.2,43,21,40,19,1.555,1.305
2017-09-24,06:26,0,69,2,19.7,61.0,43,21,40,19,1.58,1.345
2017-09-24,06:26,0,65,1,19.7,61.0,43,21,40,19,1.56,1.315
2017-09-24,06:26,0,67,0,19.7,61.2,43,20,40,20,1.56,1.325
2017-09-24,06:26,0,61,1,19.7,61.4,42,20,40,19,1.59,1.315
2017-09-24,06:26,0,67,0,19.7,61.4,43,21,40,19,1.55,1.315
2017-09-24,06:26,0,68,1,19.7,61.3,43,21,40,19,1.59,1.335
2017-09-24,06:26,0,66,1,19.7,61.2,43,20,40,19,1.575,1.315
2017-09-24,06:27,0,63,0,19.7,61.1,43,20,40,19,1.57,1.345
2017-09-24,06:27,0,65,0,19.7,61.2,43,20,40,19,1.58,1.32
2017-09-24,06:27,0,68,0,19.7,61.2,43,21,40,19,1.56,1.325
2017-09-24,06:27,0,68,2,19.7,61.1,43,21,40,19,1.575,1.34
2017-09-24,06:27,0,74,0,19.6,61.0,43,21,40,19,1.585,1.33
2017-09-24,06:27,0,70,1,19.6,61.0,43,20,40,19,1.555,1.3
2017-09-24,06:27,0,70,2,19.6,60.8,42,20,40,19,1.55,1.315
2017-09-24,06:27,0,70,0,19.7,61.1,43,20,40,20,1.57,1.325
2017-09-24,06:28,0,65,2,19.7,61.3,42,20,40,19,1.575,1.325
2017-09-24,06:28,0,69,0,19.7,61.2,43,21,40,19,1.555,1.33
2017-09-24,06:28,0,74,1,19.7,61.0,43,20,40,19,1.58,1.325
2017-09-24,06:28,0,72,1,19.7,61.0,43,21,40,19,1.55,1.325
2017-09-24,06:28,0,66,0,19.7,60.9,42,21,40,19,1.575,1.32
2017-09-24,06:28,0,73,0,19.7,60.9,43,21,40,19,1.545,1.31
2017-09-24,06:28,0,71,1,19.7,61.0,43,21,40,19,1.61,1.325
2017-09-24,06:28,0,74,2,19.6,60.8,43,20,40,19,1.55,1.305
2017-09-24,06:29,0,73,1,19.7,60.9,43,20,40,20,1.56,1.335
2017-09-24,06:29,0,74,0,19.7,60.9,42,21,40,19,1.565,1.315
2017-09-24,06:29,0,73,1,19.7,61.0,42,21,40,19,1.545,1.34
2017-09-24,06:29,0,72,2,19.7,60.9,43,21,40,19,1.545,1.315
2017-09-24,06:29,0,78,3,19.6,60.8,43,21,40,19,1.57,1.32
2017-09-24,06:29,0,75,1,19.7,60.8,43,20,40,19,1.54,1.295
2017-09-24,06:29,0,75,0,19.7,60.9,43,20,40,19,1.56,1.32
2017-09-24,06:29,0,75,0,19.7,60.8,43,20,40,19,1.545,1.32
2017-09-24,06:29,0,67,0,19.7,61.0,42,20,40,19,1.565,1.33
2017-09-24,06:30,0,74,0,19.7,61.1,42,20,40,20,1.585,1.355
2017-09-24,06:30,0,75,2,19.7,61.3,42,20,40,20,1.6,1.365
2017-09-24,06:30,0,74,2,19.7,61.3,43,20,40,20,1.575,1.325
2017-09-24,06:30,0,71,0,19.6,61.3,43,20,40,19,1.585,1.33
2017-09-24,06:30,0,72,2,19.6,61.1,43,21,40,19,1.585,1.34
2017-09-24,06:30,0,73,1,19.7,61.4,42,20,40,19,1.55,1.31
2017-09-24,06:30,0,75,1,19.6,61.3,43,21,40,19,1.62,1.325
2017-09-24,06:30,0,78,2,19.6,61.2,43,20,40,20,1.58,1.32
2017-09-24,06:31,0,77,2,19.6,61.2,43,20,40,19,1.56,1.32
2017-09-24,06:31,0,75,1,19.7,61.3,43,21,40,19,1.585,1.33
2017-09-24,06:31,0,77,1,19.7,61.2,43,21,40,19,1.705,1.31
2017-09-24,06:31,0,77,2,19.6,61.0,43,21,40,19,1.59,1.34
2017-09-24,06:31,0,79,2,19.6,60.9,42,20,40,19,1.58,1.33
2017-09-24,06:31,0,75,2,19.6,61.0,43,20,40,19,1.58,1.31
2017-09-24,06:31,0,78,2,19.6,60.9,42,20,40,19,1.56,1.315
2017-09-24,06:31,0,79,0,19.6,60.9,42,20,40,20,1.555,1.31
2017-09-24,06:32,0,79,2,19.6,61.0,42,20,40,19,1.555,1.305
2017-09-24,06:32,0,74,0,19.6,61.0,42,20,40,19,1.55,1.3
2017-09-24,06:32,0,78,0,19.6,61.0,42,20,40,20,1.54,1.31
2017-09-24,06:32,0,80,0,19.6,61.0,42,20,40,19,1.54,1.3
2017-09-24,06:32,0,80,0,19.6,61.0,43,21,40,19,1.54,1.3
2017-09-24,06:32,0,77,1,19.6,60.9,43,20,40,20,1.555,1.305
2017-09-24,06:32,0,75,1,19.6,61.1,42,20,40,19,1.555,1.325
2017-09-24,06:32,0,76,2,19.6,61.2,42,20,40,19,1.585,1.32
2017-09-24,06:32,0,80,1,19.6,61.2,43,20,40,19,1.59,1.315
2017-09-24,06:33,0,80,1,19.6,61.3,43,20,40,19,1.565,1.31
2017-09-24,06:33,0,79,0,19.6,61.4,43,21,40,19,1.545,1.31
2017-09-24,06:33,0,80,1,19.6,61.1,42,21,40,19,1.555,1.33
2017-09-24,06:33,0,80,1,19.6,61.3,43,20,40,19,1.575,1.315
2017-09-24,06:33,0,80,1,19.6,61.4,42,20,40,19,1.56,1.325
2017-09-24,06:33,0,80,1,19.6,61.2,42,21,40,19,1.57,1.33
2017-09-24,06:33,0,81,1,19.6,61.1,42,20,40,19,1.56,1.315
2017-09-24,06:33,0,80,1,19.6,60.9,42,20,40,19,1.57,1.32
2017-09-24,06:34,0,79,0,19.6,61.1,43,20,40,20,1.565,1.305
2017-09-24,06:34,0,82,0,19.6,61.0,43,20,40,19,1.565,1.305
2017-09-24,06:34,0,83,2,19.6,61.0,42,20,40,19,1.55,1.31
2017-09-24,06:34,0,83,1,19.6,61.1,42,20,40,19,1.55,1.315
2017-09-24,06:34,0,85,1,19.6,61.0,42,20,40,20,1.555,1.3
2017-09-24,06:34,0,84,1,19.6,60.9,43,20,40,20,1.56,1.315
2017-09-24,06:34,0,78,1,19.6,60.8,43,20,40,19,1.535,1.305
2017-09-24,06:34,0,85,1,19.6,60.7,42,20,40,19,1.54,1.305
2017-09-24,06:35,0,85,1,19.6,60.7,43,20,40,19,1.56,1.315
2017-09-24,06:35,0,81,1,19.6,60.7,43,20,40,19,1.59,1.31
2017-09-24,06:35,0,85,1,19.7,60.8,43,20,40,19,1.545,1.315
2017-09-24,06:35,0,81,3,19.6,60.8,43,20,40,19,1.555,1.315
2017-09-24,06:35,0,86,2,19.6,61.0,43,20,40,19,1.55,1.31
2017-09-24,06:35,0,85,0,19.6,61.0,43,20,40,20,1.55,1.31
2017-09-24,06:35,0,86,0,19.6,60.9,43,20,40,20,1.55,1.305
2017-09-24,06:35,0,86,0,19.6,60.7,42,20,40,19,1.555,1.305
2017-09-24,06:36,0,82,0,19.6,60.8,42,20,40,19,1.565,1.32
2017-09-24,06:36,0,87,0,19.6,60.8,42,20,40,19,1.56,1.32
2017-09-24,06:36,0,87,1,19.6,60.8,42,20,40,19,1.56,1.32
2017-09-24,06:36,0,87,2,19.6,60.9,42,20,40,19,1.545,1.305
2017-09-24,06:36,0,87,3,19.6,61.0,42,20,40,19,1.545,1.31
2017-09-24,06:36,0,88,3,19.6,60.9,43,20,40,20,1.55,1.31
2017-09-24,06:36,0,84,0,19.6,60.9,42,20,40,19,1.335,1.155
2017-09-24,06:36,0,87,1,19.6,61.0,42,20,40,19,1.365,1.185
2017-09-24,06:36,0,90,2,19.6,61.2,43,20,40,19,1.335,1.14
2017-09-24,06:37,0,87,2,19.6,61.0,43,20,40,19,1.355,1.16
2017-09-24,06:37,0,86,0,19.6,61.0,42,20,40,19,1.345,1.145
2017-09-24,06:37,0,87,4,19.6,60.9,42,21,40,19,1.325,1.16
2017-09-24,06:37,0,89,3,19.6,60.8,42,20,40,19,1.345,1.145
2017-09-24,06:37,0,88,2,19.6,60.7,42,20,40,19,1.335,1.14
2017-09-24,06:37,0,88,1,19.6,60.7,43,20,40,19,1.34,1.16
2017-09-24,06:37,0,86,2,19.6,60.8,42,20,39,19,1.33,1.15
2017-09-24,06:37,0,87,1,19.6,60.9,42,21,40,19,1.355,1.145
2017-09-24,06:38,0,88,2,19.6,60.9,42,21,40,19,1.345,1.14
2017-09-24,06:38,0,89,4,19.6,60.9,42,20,40,19,1.345,1.165
2017-09-24,06:38,0,90,2,19.6,60.8,43,20,40,19,1.355,1.16
2017-09-24,06:38,0,88,1,19.6,60.9,42,21,40,19,1.355,1.15
2017-09-24,06:38,0,92,4,19.6,61.0,42,20,40,19,1.355,1.145
2017-09-24,06:38,0,87,2,19.6,61.1,42,20,40,19,1.35,1.15
2017-09-24,06:38,0,92,2,19.6,61.0,42,20,40,19,1.375,1.155
2017-09-24,06:38,0,92,1,19.6,61.0,42,20,40,19,1.355,1.16
2017-09-24,06:39,0,94,2,19.6,61.0,42,20,40,19,1.335,1.17
2017-09-24,06:39,0,94,2,19.6,61.0,42,20,40,19,1.33,1.155
2017-09-24,06:39,0,93,3,19.6,60.9,43,20,40,19,1.34,1.165
2017-09-24,06:39,0,94,1,19.6,60.8,42,20,40,19,1.355,1.185
2017-09-24,06:39,0,93,2,19.6,61.1,43,20,40,19,1.35,1.155
2017-09-24,06:39,0,95,0,19.6,61.3,42,20,40,19,1.36,1.16
2017-09-24,06:39,0,92,1,19.6,61.5,42,20,40,19,1.365,1.16
2017-09-24,06:39,0,94,2,19.6,61.4,42,20,40,19,1.345,1.15
2017-09-24,06:39,0,91,2,19.6,61.5,42,20,40,19,1.335,1.145
2017-09-24,06:40,0,94,2,19.6,61.6,42,20,40,20,1.33,1.135
2017-09-24,06:40,0,92,4,19.6,61.4,43,21,40,19,1.34,1.145
2017-09-24,06:40,0,94,0,19.6,61.1,43,20,40,19,1.35,1.145
2017-09-24,06:40,0,92,3,19.6,61.0,43,21,40,19,1.35,1.14
2017-09-24,06:40,0,94,1,19.6,61.0,42,20,40,19,1.37,1.15
2017-09-24,06:40,0,96,4,19.6,61.0,43,20,40,19,1.34,1.155
2017-09-24,06:40,0,90,2,19.6,61.0,43,21,40,19,1.335,1.145
2017-09-24,06:40,0,94,2,19.6,61.2,43,20,40,19,1.34,1.15
2017-09-24,06:41,0,93,4,19.6,61.5,42,21,40,19,1.345,1.15
2017-09-24,06:41,0,91,1,19.6,61.4,42,20,40,19,1.53,1.21
2017-09-24,06:41,0,94,1,19.6,61.2,42,20,40,19,1.345,1.15
2017-09-24,06:41,0,94,3,19.6,61.0,42,21,40,19,1.33,1.17
2017-09-24,06:41,0,95,3,19.6,61.0,42,20,40,19,1.335,1.145
2017-09-24,06:41,0,94,3,19.6,61.0,42,20,40,19,1.34,1.15
2017-09-24,06:41,0,95,2,19.6,61.0,42,20,40,20,1.34,1.155
2017-09-24,06:41,0,94,3,19.6,60.9,42,21,40,19,1.345,1.145
2017-09-24,06:42,0,91,1,19.6,60.9,42,21,40,19,1.345,1.255
2017-09-24,06:42,0,94,2,19.6,61.0,42,20,40,19,1.33,1.15
2017-09-24,06:42,0,96,3,19.6,61.1,43,20,39,19,1.4,1.2
2017-09-24,06:42,0,92,2,19.6,61.2,42,20,40,19,1.35,1.16
2017-09-24,06:42,0,94,2,19.6,61.5,42,20,40,19,1.345,1.17
2017-09-24,06:42,0,86,3,19.6,61.6,42,21,40,19,1.36,1.155
2017-09-24,06:42,0,91,3,19.6,61.3,42,21,40,19,1.35,1.145
2017-09-24,06:42,0,93,3,19.6,61.2,42,20,40,20,1.365,1.155
2017-09-24,06:42,0,91,4,19.6,61.2,42,21,40,19,1.345,1.165
2017-09-24,06:43,0,92,3,19.6,61.1,42,20,40,19,1.355,1.15
2017-09-24,06:43,0,87,2,19.6,61.0,42,20,40,19,1.365,1.15
2017-09-24,06:43,0,92,3,19.6,60.9,42,21,40,19,1.355,1.14
2017-09-24,06:43,0,91,3,19.6,60.9,43,20,40,19,1.34,1.15
2017-09-24,06:43,0,89,1,19.6,60.9,42,21,40,19,1.33,1.15
2017-09-24,06:43,0,96,2,19.6,61.2,42,20,40,19,1.345,1.14
2017-09-24,06:43,0,85,0,19.6,61.1,42,21,40,19,1.36,1.17
2017-09-24,06:43,0,95,2,19.6,61.2,42,21,40,19,1.34,1.14
2017-09-24,06:44,0,91,1,19.6,61.4,42,21,40,19,1.335,1.145
2017-09-24,06:44,0,89,1,19.6,61.3,42,21,40,19,1.35,1.145
2017-09-24,06:44,0,94,1,19.6,61.2,42,21,40,19,1.44,1.145
2017-09-24,06:44,0,86,0,19.6,61.2,42,20,40,20,1.355,1.145
2017-09-24,06:44,0,90,3,19.6,61.1,43,21,40,19,1.325,1.15
2017-09-24,06:44,0,93,2,19.6,61.3,43,20,40,19,1.355,1.155
2017-09-24,06:44,0,87,2,19.6,61.1,42,20,40,20,1.34,1.135
2017-09-24,06:44,0,91,1,19.6,61.3,42,20,40,19,1.335,1.145
2017-09-24,06:45,0,94,3,19.6,61.6,42,21,40,19,1.345,1.145
2017-09-24,06:45,0,94,3,19.6,61.5,43,21,39,19,1.36,1.175
2017-09-24,06:45,0,95,0,19.6,61.5,42,20,40,19,1.34,1.14
2017-09-24,06:45,0,94,2,19.6,61.4,42,21,40,19,1.33,1.145
2017-09-24,06:45,0,97,4,19.6,61.4,43,20,40,19,1.345,1.15
2017-09-24,06:45,0,96,2,19.6,61.6,42,21,40,19,1.365,1.145
2017-09-24,06:45,0,97,2,19.6,61.4,42,21,40,19,1.34,1.145
2017-09-24,06:45,0,99,2,19.6,61.6,43,20,40,19,1.36,1.155
2017-09-24,06:45,0,96,4,19.6,61.5,42,20,40,19,1.335,1.14
2017-09-24,06:46,0,98,2,19.6,61.5,42,21,40,19,1.335,1.17
2017-09-24,06:46,0,101,2,19.6,61.4,42,21,40,19,1.34,1.15
2017-09-24,06:46,0,101,3,19.6,61.4,42,20,40,19,1.34,1.145
2017-09-24,06:46,0,100,0,19.6,61.4,42,20,40,20,1.34,1.155
2017-09-24,06:46,0,101,2,19.6,61.3,42,20,40,20,1.355,1.155
2017-09-24,06:46,0,101,4,19.6,61.2,42,21,40,19,1.35,1.155
2017-09-24,06:46,0,101,3,19.6,61.3,43,20,39,19,1.355,1.15
2017-09-24,06:46,0,98,3,19.6,61.2,42,20,40,19,1.355,1.145
2017-09-24,06:47,0,103,3,19.6,61.4,42,20,40,19,1.34,1.155
2017-09-24,06:47,0,104,2,19.6,61.5,42,20,40,19,1.355,1.145
2017-09-24,06:47,0,104,3,19.6,61.5,43,21,40,19,1.355,1.16
2017-09-24,06:47,0,102,2,19.6,61.4,42,20,40,19,1.34,1.14
2017-09-24,06:47,0,104,2,19.6,61.3,42,21,40,19,1.36,1.165
2017-09-24,06:47,0,108,4,19.6,61.3,42,21,40,19,1.345,1.14
2017-09-24,06:47,0,104,3,19.6,61.5,43,20,40,19,1.345,1.145
2017-09-24,06:47,0,106,0,19.6,61.6,42,21,40,19,1.335,1.15
2017-09-24,06:48,0,101,2,19.6,61.4,42,20,40,19,1.345,1.15
2017-09-24,06:48,0,101,2,19.6,61.4,42,20,40,19,1.345,1.15
2017-09-24,06:48,0,106,2,19.6,61.4,42,20,40,19,1.355,1.155
2017-09-24,06:48,0,104,2,19.6,61.6,42,21,40,19,1.385,1.15
2017-09-24,06:48,0,105,2,19.6,61.7,42,21,40,19,1.36,1.15
2017-09-24,06:48,0,105,2,19.6,61.6,42,21,40,19,1.355,1.15
2017-09-24,06:48,0,105,2,19.6,61.6,42,21,40,19,1.375,1.16
2017-09-24,06:48,0,105,2,19.6,61.7,42,21,40,19,1.33,1.15
2017-09-24,06:48,0,109,2,19.6,61.6,42,20,40,19,1.33,1.165
2017-09-24,06:49,0,109,3,19.6,61.6,42,21,40,19,1.33,1.175
2017-09-24,06:49,0,105,3,19.6,61.5,42,21,40,19,1.33,1.175
2017-09-24,06:49,0,110,3,19.6,61.5,42,21,40,19,1.35,1.145
2017-09-24,06:49,0,109,4,19.6,61.4,42,20,40,19,1.35,1.14
2017-09-24,06:49,0,106,3,19.6,61.4,42,20,39,19,1.35,1.15
2017-09-24,06:49,0,107,4,19.6,61.4,43,21,39,19,1.36,1.16
2017-09-24,06:49,0,105,3,19.6,61.5,42,21,40,19,1.34,1.17
2017-09-24,06:49,0,101,4,19.6,61.7,42,20,40,19,1.335,1.16
2017-09-24,06:50,0,105,3,19.6,61.7,42,20,40,20,1.34,1.145
2017-09-24,06:50,0,107,2,19.6,61.8,42,20,40,20,1.385,1.15
2017-09-24,06:50,0,106,3,19.6,61.9,42,20,40,19,1.355,1.155
2017-09-24,06:50,0,106,4,19.6,61.8,42,21,40,19,1.34,1.16
2017-09-24,06:50,1,112,2,19.6,61.9,42,20,40,19,1.365,1.145
2017-09-24,06:50,0,110,3,19.6,62.1,42,20,40,19,1.355,1.15
2017-09-24,06:50,0,110,2,19.6,62.1,42,20,39,19,1.34,1.15
2017-09-24,06:50,0,110,2,19.6,62.1,42,20,40,19,1.325,1.15
2017-09-24,06:51,0,110,3,19.6,62.0,42,20,39,19,1.325,1.145
2017-09-24,06:51,0,106,2,19.6,61.7,42,20,40,20,1.335,1.135
2017-09-24,06:51,0,110,3,19.6,61.8,42,20,40,19,1.345,1.14
2017-09-24,06:51,0,109,5,19.6,61.9,42,21,40,19,1.355,1.145
2017-09-24,06:51,0,110,3,19.6,61.9,42,20,40,19,1.34,1.16
2017-09-24,06:51,0,108,4,19.6,61.8,42,20,40,20,1.35,1.145
2017-09-24,06:51,0,109,2,19.6,61.7,43,21,40,19,1.335,1.155
2017-09-24,06:51,0,111,4,19.6,61.6,42,20,39,19,1.37,1.145
2017-09-24,06:51,0,111,1,19.6,61.7,43,20,39,19,1.34,1.15
2017-09-24,06:52,0,107,3,19.6,61.7,42,20,40,19,1.36,1.145
2017-09-24,06:52,0,110,3,19.6,61.7,42,20,40,19,1.345,1.16
2017-09-24,06:52,0,114,4,19.6,61.7,43,21,40,19,1.345,1.14
2017-09-24,06:52,0,111,3,19.6,61.7,42,20,39,19,1.36,1.15
2017-09-24,06:52,0,112,2,19.6,61.6,42,20,40,19,1.335,1.17
2017-09-24,06:52,0,111,3,19.6,61.7,42,20,40,19,1.335,1.14
2017-09-24,06:52,0,112,2,19.6,61.6,43,20,40,20,1.345,1.145
2017-09-24,06:52,0,113,3,19.6,61.6,43,20,40,19,1.34,1.16
2017-09-24,06:53,0,114,3,19.6,61.6,43,21,40,19,1.345,1.145
2017-09-24,06:53,0,112,3,19.6,61.6,42,20,39,19,1.35,1.16
2017-09-24,06:53,0,107,4,19.6,61.7,42,20,40,19,1.34,1.14
2017-09-24,06:53,0,112,3,19.6,61.9,42,20,40,19,1.34,1.15
2017-09-24,06:53,0,115,5,19.6,61.8,42,20,40,19,1.35,1.15
2017-09-24,06:53,0,113,4,19.6,62.0,42,20,39,19,1.34,1.145
2017-09-24,06:53,0,112,3,19.6,61.8,42,20,40,19,1.345,1.165
2017-09-24,06:53,0,115,5,19.6,61.7,43,21,40,19,1.335,1.14
2017-09-24,06:54,0,109,4,19.6,61.6,43,20,39,19,1.345,1.145
2017-09-24,06:54,0,113,4,19.6,61.6,42,20,39,19,1.35,1.145
2017-09-24,06:54,0,114,2,19.6,61.6,42,20,39,19,1.325,1.155
2017-09-24,06:54,0,109,1,19.6,61.6,42,20,40,20,1.335,1.14
2017-09-24,06:54,0,114,3,19.6,61.6,42,20,40,19,1.34,1.14
2017-09-24,06:54,0,112,3,19.6,61.6,42,21,40,19,1.335,1.15
2017-09-24,06:54,0,114,2,19.6,61.7,42,21,40,19,1.34,1.14
2017-09-24,06:54,0,110,3,19.6,61.7,43,20,40,19,1.35,1.155
2017-09-24,06:54,0,114,2,19.6,61.6,42,20,40,19,1.355,1.15
2017-09-24,06:55,0,114,3,19.6,61.6,42,20,40,19,1.335,1.145
2017-09-24,06:55,0,113,4,19.6,61.6,42,21,39,19,1.34,1.145
2017-09-24,06:55,0,113,3,19.6,61.8,42,20,40,19,1.35,1.15
2017-09-24,06:55,0,113,3,19.6,61.7,42,21,39,19,1.33,1.155
2017-09-24,06:55,0,116,3,19.6,61.7,42,20,39,19,1.345,1.155
2017-09-24,06:55,0,111,3,19.6,61.6,42,21,40,19,1.355,1.165
2017-09-24,06:55,0,118,2,19.6,61.6,42,21,40,19,1.36,1.16
2017-09-24,06:55,0,115,3,19.6,61.6,42,20,39,19,1.345,1.165
2017-09-24,06:56,0,114,2,19.6,61.7,42,20,40,19,1.35,1.155
2017-09-24,06:56,0,114,3,19.6,61.6,43,21,40,19,1.355,1.145
2017-09-24,06:56,0,116,3,19.6,61.5,42,20,40,19,1.345,1.145
2017-09-24,06:56,0,114,4,19.6,61.5,42,21,39,19,1.335,1.145
2017-09-24,06:56,0,114,4,19.6,61.5,43,20,39,19,1.345,1.15
2017-09-24,06:56,0,115,4,19.6,61.5,42,20,40,19,1.36,1.15
2017-09-24,06:56,0,118,4,19.6,61.5,43,20,40,19,1.35,1.145
2017-09-24,06:56,0,116,2,19.6,61.5,42,20,40,19,1.34,1.155
2017-09-24,06:57,0,115,5,19.6,61.5,42,20,40,19,1.55,1.16
2017-09-24,06:57,0,114,4,19.6,61.5,42,21,40,19,1.335,1.14
2017-09-24,06:57,0,118,4,19.6,61.5,43,20,39,19,1.39,1.15
2017-09-24,06:57,0,111,4,19.6,61.5,42,20,40,19,1.36,1.165
2017-09-24,06:57,0,122,3,19.6,61.5,42,21,40,19,1.355,1.15
2017-09-24,06:57,0,117,3,19.6,61.5,42,20,40,19,1.35,1.155
2017-09-24,06:57,0,116,3,19.6,61.5,42,21,40,19,1.335,1.155
2017-09-24,06:57,0,120,4,19.6,61.5,43,20,39,19,1.345,1.15
2017-09-24,06:58,0,113,3,19.6,61.6,43,21,40,19,1.345,1.15
2017-09-24,06:58,0,118,4,19.6,61.6,43,20,39,19,1.355,1.165
2017-09-24,06:58,0,118,4,19.6,61.6,42,21,40,19,1.36,1.19
2017-09-24,06:58,0,120,5,19.6,61.6,43,20,39,19,1.35,1.16
2017-09-24,06:58,0,112,3,19.6,61.6,43,20,40,19,1.365,1.14
2017-09-24,06:58,0,117,2,19.6,61.5,42,20,40,19,1.345,1.18
2017-09-24,06:58,0,115,4,19.6,61.6,42,20,39,19,1.525,1.28
2017-09-24,06:58,0,116,3,19.6,61.8,42,20,39,19,1.45,1.2
2017-09-24,06:58,0,115,4,19.6,62.0,42,21,40,19,1.41,1.21
2017-09-24,06:59,0,111,1,19.6,61.9,42,20,39,19,1.39,1.2
2017-09-24,06:59,0,115,4,19.6,61.8,42,20,40,19,1.4,1.19
2017-09-24,06:59,0,117,4,19.6,61.7,42,21,39,19,1.395,1.19
2017-09-24,06:59,0,118,4,19.6,61.7,42,21,40,19,1.41,1.2
2017-09-24,06:59,0,117,4,19.6,61.6,42,20,40,19,1.405,1.195
2017-09-24,06:59,0,117,5,19.6,61.6,42,21,39,19,1.42,1.205
2017-09-24,06:59,0,112,3,19.6,61.6,42,20,40,19,1.415,1.215
2017-09-24,06:59,0,115,4,19.6,61.6,42,20,39,19,1.395,1.205
2017-09-24,07:00,0,116,4,19.6,61.6,42,21,40,19,1.455,1.22
2017-09-24,07:00,0,119,3,19.6,61.6,42,21,39,19,1.44,1.235
2017-09-24,07:00,0,118,3,19.6,61.6,42,21,40,19,1.42,1.22
2017-09-24,07:00,0,118,3,19.6,61.6,42,20,40,19,1.415,1.2
2017-09-24,07:00,0,114,4,19.6,61.5,42,20,40,19,1.42,1.205
2017-09-24,07:00,0,112,2,19.6,61.6,42,20,40,19,1.41,1.21
2017-09-24,07:00,0,119,3,19.6,61.6,42,21,40,19,1.41,1.2
2017-09-24,07:00,0,115,4,19.6,61.6,42,20,40,19,1.405,1.21
2017-09-24,07:01,0,114,2,19.6,61.7,42,20,39,19,1.415,1.21
2017-09-24,07:01,0,117,3,19.6,61.8,42,20,40,19,1.415,1.2
2017-09-24,07:01,0,114,3,19.6,62.0,42,20,40,19,1.415,1.195
2017-09-24,07:01,0,117,3,19.6,61.8,42,20,40,19,1.395,1.195
2017-09-24,07:01,0,120,2,19.6,61.7,42,20,40,19,1.52,1.185
2017-09-24,07:01,0,120,5,19.6,61.6,42,20,40,19,1.39,1.195
2017-09-24,07:01,0,121,3,19.6,61.6,42,21,40,19,1.39,1.2
2017-09-24,07:01,0,122,3,19.6,61.6,42,20,40,19,1.4,1.205
2017-09-24,07:01,0,121,3,19.6,61.7,42,20,40,19,1.38,1.19
2017-09-24,07:02,0,121,4,19.6,61.7,42,20,40,19,1.4,1.365
2017-09-24,07:02,0,121,3,19.6,61.8,42,20,40,19,1.405,1.195
2017-09-24,07:02,0,119,2,19.6,61.7,42,20,39,19,1.41,1.21
2017-09-24,07:02,0,119,3,19.6,61.7,42,21,39,19,1.42,1.2
2017-09-24,07:02,0,122,3,19.6,61.9,42,21,39,19,1.425,1.205
2017-09-24,07:02,0,118,3,19.6,61.8,42,21,39,19,1.41,1.205
2017-09-24,07:02,0,120,5,19.6,61.7,42,20,39,19,1.4,1.19
2017-09-24,07:02,0,120,4,19.5,61.6,42,20,40,19,1.4,1.195
2017-09-24,07:03,0,126,2,19.6,61.7,42,20,39,20,1.415,1.195
2017-09-24,07:03,0,123,4,19.6,61.8,42,20,40,20,1.425,1.205
2017-09-24,07:03,0,121,5,19.6,61.7,42,20,39,19,1.42,1.205
2017-09-24,07:03,0,122,4,19.6,61.6,42,20,40,19,1.43,1.215
2017-09-24,07:03,0,122,4,19.5,61.7,42,20,40,19,1.4,1.2
2017-09-24,07:03,0,122,2,19.6,61.7,42,20,40,19,1.445,1.205
2017-09-24,07:03,0,115,3,19.6,61.8,42,21,40,19,1.41,1.205
2017-09-24,07:03,0,124,3,19.6,61.8,42,20,39,19,1.415,1.205
2017-09-24,07:04,0,121,5,19.6,61.8,42,20,39,19,1.41,1.21
2017-09-24,07:04,0,121,4,19.6,61.7,43,20,40,19,1.395,1.2
2017-09-24,07:04,0,122,3,19.6,61.7,42,20,40,20,1.41,1.2
2017-09-24,07:04,0,127,3,19.6,61.7,43,20,40,19,1.47,1.205
2017-09-24,07:04,0,123,1,19.6,61.7,42,20,40,19,1.39,1.195
2017-09-24,07:04,0,123,5,19.6,61.6,42,20,40,19,1.4,1.2
2017-09-24,07:04,0,116,3,19.6,61.6,42,20,39,19,1.415,1.2
2017-09-24,07:04,0,121,4,19.6,61.7,42,20,40,19,1.43,1.205
2017-09-24,07:04,0,122,3,19.6,61.7,43,21,39,19,1.425,1.21
2017-09-24,07:05,0,122,3,19.6,61.7,42,20,40,19,1.405,1.215
2017-09-24,07:05,0,124,3,19.6,61.7,42,20,40,19,1.4,1.2
2017-09-24,07:05,0,123,3,19.6,61.7,42,20,40,19,1.425,1.21
2017-09-24,07:05,0,122,4,19.6,61.7,42,20,40,19,1.4,1.215
2017-09-24,07:05,0,127,6,19.6,61.7,43,20,39,19,1.39,1.19
2017-09-24,07:05,0,121,6,19.6,61.6,42,20,39,19,1.41,1.205
2017-09-24,07:05,0,121,3,19.6,61.7,42,21,39,19,1.43,1.205
2017-09-24,07:05,0,119,4,19.6,61.8,42,21,40,19,1.41,1.205
2017-09-24,07:06,0,120,3,19.6,62.0,42,20,40,19,1.4,1.205
2017-09-24,07:06,0,120,4,19.6,62.1,42,21,39,19,1.41,1.2
2017-09-24,07:06,0,113,2,19.6,61.9,42,20,40,19,1.4,1.2
2017-09-24,07:06,0,119,4,19.6,61.7,42,20,40,19,1.405,1.185
2017-09-24,07:06,0,119,2,19.6,61.7,42,21,39,19,1.395,1.2
2017-09-24,07:06,0,118,4,19.6,61.9,42,21,39,19,1.41,1.205
2017-09-24,07:06,0,120,4,19.6,61.9,42,20,40,19,1.415,1.2
2017-09-24,07:06,0,119,3,19.6,61.8,42,20,39,19,1.395,1.195
2017-09-24,07:07,0,116,3,19.6,61.8,42,20,39,19,1.4,1.305
2017-09-24,07:07,0,116,2,19.6,61.9,42,21,39,19,1.385,1.185
2017-09-24,07:07,0,122,2,19.6,62.0,42,20,39,19,1.41,1.185
2017-09-24,07:07,0,119,3,19.6,61.9,42,20,40,19,1.375,1.18
2017-09-24,07:07,0,113,3,19.6,61.8,42,20,39,19,1.425,1.195
2017-09-24,07:07,0,116,3,19.6,61.8,42,21,39,19,1.395,1.185
2017-09-24,07:07,0,116,4,19.6,61.7,42,20,40,19,1.415,1.2
2017-09-24,07:07,0,116,3,19.6,61.7,42,20,40,19,1.395,1.195
2017-09-24,07:07,0,113,1,19.6,61.7,42,21,39,19,1.405,1.2
2017-09-24,07:08,0,114,4,19.6,61.8,42,20,39,19,1.39,1.19
2017-09-24,07:08,0,114,4,19.6,61.9,42,20,39,19,1.395,1.2
2017-09-24,07:08,0,115,4,19.6,61.9,42,21,40,19,1.395,1.19
2017-09-24,07:08,0,113,3,19.6,61.8,42,21,39,19,1.385,1.185
2017-09-24,07:08,0,117,4,19.6,62.1,42,20,39,20,1.4,1.195
2017-09-24,07:08,0,114,1,19.6,62.1,42,20,40,19,1.39,1.325
2017-09-24,07:08,0,108,3,19.6,62.0,42,21,39,19,1.4,1.185
2017-09-24,07:08,0,114,3,19.5,61.9,42,21,39,19,1.4,1.195
2017-09-24,07:09,0,113,4,19.5,62.0,42,20,40,19,1.39,1.195
2017-09-24,07:09,0,110,3,19.6,61.9,42,21,39,19,1.375,1.195
2017-09-24,07:09,0,115,3,19.6,61.9,42,20,39,20,1.415,1.185
2017-09-24,07:09,0,114,3,19.6,61.8,42,21,40,19,1.4,1.185
2017-09-24,07:09,0,113,3,19.6,61.9,43,20,39,19,1.4,1.195
2017-09-24,07:09,0,116,3,19.6,61.8,42,21,40,19,1.385,1.195
2017-09-24,07:09,0,113,5,19.6,61.8,42,20,40,19,1.41,1.19
2017-09-24,07:09,0,114,1,19.6,61.9,42,20,40,19,1.385,1.18
2017-09-24,07:10,0,115,3,19.6,62.0,42,20,39,19,1.37,1.185
2017-09-24,07:10,0,109,3,19.6,62.2,42,21,39,19,1.38,1.18
2017-09-24,07:10,0,115,4,19.6,62.3,42,20,40,19,1.38,1.18
2017-09-24,07:10,0,110,2,19.6,62.3,42,21,39,19,1.405,1.19
2017-09-24,07:10,0,113,5,19.6,62.2,42,20,39,19,1.39,1.19
2017-09-24,07:10,0,116,4,19.6,62.1,42,20,40,19,1.395,1.195
2017-09-24,07:10,0,114,1,19.6,62.1,42,20,40,19,1.405,1.205
2017-09-24,07:10,0,111,3,19.6,62.0,42,21,39,19,1.38,1.175
2017-09-24,07:10,0,121,5,19.6,61.9,42,20,40,19,1.43,1.195
2017-09-24,07:11,0,117,3,19.6,61.9,42,20,39,19,1.405,1.195
2017-09-24,07:11,0,116,4,19.6,62.0,42,20,39,19,1.39,1.195
2017-09-24,07:11,0,119,4,19.5,62.1,42,20,40,19,1.4,1.195
2017-09-24,07:11,0,112,3,19.6,62.0,42,21,39,19,1.415,1.195
2017-09-24,07:11,0,118,3,19.5,62.0,42,20,39,19,1.425,1.2
2017-09-24,07:11,0,119,4,19.6,62.0,42,20,40,19,1.38,1.185
2017-09-24,07:11,0,117,2,19.6,62.0,42,21,39,19,1.41,1.195
2017-09-24,07:11,0,119,2,19.6,62.0,42,21,39,19,1.385,1.185
2017-09-24,07:12,0,123,4,19.5,62.0,42,20,40,19,1.41,1.19
2017-09-24,07:12,0,120,3,19.6,61.9,42,20,39,19,1.385,1.18
2017-09-24,07:12,0,115,2,19.6,62.0,42,21,39,19,1.42,1.25
2017-09-24,07:12,0,118,2,19.6,62.0,43,20,39,19,1.4,1.2
2017-09-24,07:12,0,119,3,19.6,62.1,42,20,40,19,1.415,1.19
2017-09-24,07:12,0,120,4,19.6,62.1,42,20,40,19,1.4,1.2
2017-09-24,07:12,0,119,2,19.6,62.2,42,20,40,19,1.385,1.195
2017-09-24,07:12,0,120,4,19.6,62.0,42,21,40,19,1.385,1.215
2017-09-24,07:13,0,114,3,19.5,62.0,42,20,39,19,1.415,1.19
2017-09-24,07:13,0,113,3,19.6,62.0,42,21,39,19,1.425,1.205
2017-09-24,07:13,0,119,3,19.6,62.0,42,21,39,19,1.4,1.195
2017-09-24,07:13,0,119,2,19.6,62.0,42,21,39,19,1.4,1.2
2017-09-24,07:13,0,119,3,19.6,62.0,42,21,39,19,1.385,1.185
2017-09-24,07:13,0,120,4,19.6,62.1,43,21,39,19,1.4,1.195
2017-09-24,07:13,0,120,2,19.6,62.2,42,20,39,19,1.41,1.195
2017-09-24,07:13,0,124,5,19.6,62.1,43,20,39,19,1.39,1.195
2017-09-24,07:13,0,123,5,19.6,62.0,42,20,39,19,1.415,1.19
2017-09-24,07:14,0,124,4,19.5,62.0,42,20,39,19,1.4,1.19
2017-09-24,07:14,0,126,5,19.6,62.0,42,20,39,19,1.4,1.2
2017-09-24,07:14,0,126,4,19.6,62.0,42,20,39,19,1.4,1.19
2017-09-24,07:14,0,125,4,19.6,62.3,42,21,40,19,1.385,1.18
2017-09-24,07:14,0,122,3,19.6,62.3,42,20,39,19,1.395,1.185
2017-09-24,07:14,0,124,5,19.6,62.2,42,21,39,19,1.385,1.19
2017-09-24,07:14,0,124,3,19.6,62.2,43,20,39,19,1.425,1.185
2017-09-24,07:14,0,128,5,19.6,62.1,42,20,39,19,1.41,1.19
2017-09-24,07:15,0,127,4,19.5,62.1,42,20,39,19,1.41,1.19
2017-09-24,07:15,0,126,4,19.6,62.1,42,20,40,19,1.4,1.185
2017-09-24,07:15,0,120,3,19.6,62.1,42,20,39,19,1.39,1.19
2017-09-24,07:15,0,125,3,19.5,62.2,42,21,39,19,1.405,1.19
2017-09-24,07:15,0,126,4,19.6,62.3,42,21,39,19,1.39,1.185
2017-09-24,07:15,0,126,4,19.5,62.3,42,20,39,19,1.4,1.205
2017-09-24,07:15,1,129,4,19.6,62.3,42,20,39,20,1.415,1.2
2017-09-24,07:15,0,127,3,19.6,62.3,42,20,40,19,1.405,1.21
2017-09-24,07:16,0,130,3,19.5,62.3,42,20,39,19,1.445,1.185
2017-09-24,07:16,0,127,2,19.6,62.3,42,20,40,20,1.41,1.195
2017-09-24,07:16,0,126,3,19.6,62.2,42,21,39,19,1.385,1.19
2017-09-24,07:16,0,124,3,19.6,62.2,42,20,39,19,1.405,1.19
2017-09-24,07:16,0,124,3,19.5,62.4,42,20,39,19,1.385,1.185
2017-09-24,07:16,0,125,3,19.6,62.5,43,20,39,19,1.445,1.19
2017-09-24,07:16,0,125,1,19.6,62.4,42,20,40,19,1.4,1.205
2017-09-24,07:16,0,125,3,19.6,62.5,43,20,39,19,1.39,1.2
2017-09-24,07:16,0,127,3,19.6,62.6,42,20,40,20,1.425,1.205
2017-09-24,07:17,0,121,4,19.5,62.6,42,20,39,19,1.395,1.195
2017-09-24,07:17,0,121,3,19.6,62.5,42,20,39,19,1.39,1.2
2017-09-24,07:17,0,127,3,19.6,62.4,42,21,39,19,1.375,1.185
2017-09-24,07:17,0,128,4,19.6,62.3,43,20,39,19,1.4,1.195
2017-09-24,07:17,0,128,4,19.5,62.3,42,20,39,20,1.4,1.2
2017-09-24,07:17,0,125,4,19.6,62.3,42,20,40,19,1.385,1.185
2017-09-24,07:17,0,122,5,19.5,62.2,42,21,40,19,1.39,1.18
2017-09-24,07:17,0,124,3,19.5,62.3,42,20,39,19,1.405,1.2
2017-09-24,07:18,0,125,3,19.6,62.4,42,21,39,19,1.38,1.19
2017-09-24,07:18,0,128,3,19.5,62.4,43,20,39,19,1.4,1.19
2017-09-24,07:18,0,125,4,19.6,62.5,42,20,39,19,1.405,1.19
2017-09-24,07:18,0,127,2,19.6,62.6,42,20,40,19,1.385,1.185
2017-09-24,07:18,0,126,3,19.6,62.5,42,21,39,19,1.39,1.195
2017-09-24,07:18,0,125,4,19.6,62.4,42,20,39,19,1.405,1.205
2017-09-24,07:18,0,123,4,19.6,62.3,43,20,39,19,1.39,1.19
2017-09-24,07:18,0,126,3,19.5,62.3,42,20,40,19,1.385,1.19
2017-09-24,07:19,0,125,3,19.5,62.3,42,21,39,19,1.38,1.185
2017-09-24,07:19,0,126,4,19.6,62.5,42,20,39,19,1.39,1.2
2017-09-24,07:19,0,127,5,19.6,62.5,42,20,39,19,1.385,1.2
2017-09-24,07:19,0,121,3,19.6,62.4,42,21,39,19,1.405,1.185
2017-09-24,07:19,0,125,5,19.6,62.4,43,20,39,19,1.41,1.2
2017-09-24,07:19,0,127,3,19.5,62.4,42,20,40,19,1.405,1.205
2017-09-24,07:19,0,125,3,19.6,62.4,42,21,39,19,1.395,1.2
2017-09-24,07:19,0,125,4,19.5,62.4,43,20,39,19,1.4,1.185
2017-09-24,07:20,0,123,4,19.6,62.4,42,21,39,19,1.4,1.18
2017-09-24,07:20,0,128,2,19.6,62.6,43,20,39,20,1.42,1.19
2017-09-24,07:20,0,130,5,19.6,62.6,42,20,39,19,1.405,1.185
2017-09-24,07:20,0,129,6,19.5,62.8,42,20,39,19,1.39,1.195
2017-09-24,07:20,0,128,4,19.5,62.7,42,20,39,19,1.385,1.185
2017-09-24,07:20,0,129,4,19.6,62.7,42,21,39,19,1.395,1.175
2017-09-24,07:20,0,133,5,19.5,62.7,42,20,40,19,1.385,1.18
2017-09-24,07:20,0,126,2,19.5,62.6,42,20,39,19,1.35,1.145
2017-09-24,07:20,0,130,5,19.5,62.6,43,20,39,19,1.33,1.145
2017-09-24,07:21,0,130,5,19.5,62.6,42,20,39,20,1.36,1.155
2017-09-24,07:21,0,132,5,19.5,62.6,42,20,39,19,1.36,1.16
2017-09-24,07:21,0,132,2,19.5,62.6,42,20,39,19,1.33,1.145
2017-09-24,07:21,0,127,4,19.5,62.5,42,21,39,19,1.35,1.145
2017-09-24,07:21,0,130,4,19.5,62.6,42,20,39,19,1.33,1.145
2017-09-24,07:21,0,138,6,19.5,62.6,42,20,39,20,1.37,1.16
2017-09-24,07:21,0,131,5,19.5,62.6,42,20,39,19,1.35,1.16
2017-09-24,07:21,0,132,4,19.5,62.6,42,20,40,19,1.325,1.145
2017-09-24,07:22,0,128,2,19.5,62.7,42,20,39,19,1.32,1.14
2017-09-24,07:22,0,130,4,19.5,62.6,42,21,39,19,1.35,1.155
2017-09-24,07:22,0,128,4,19.5,62.6,42,20,39,19,1.36,1.14
2017-09-24,07:22,0,129,4,19.5,62.6,43,20,39,19,1.33,1.15
2017-09-24,07:22,0,134,2,19.5,62.5,42,20,40,20,1.36,1.16
2017-09-24,07:22,0,132,1,19.5,62.6,42,20,40,19,1.35,1.155
2017-09-24,07:22,0,126,5,19.5,62.6,42,20,39,19,1.34,1.145
2017-09-24,07:22,0,130,3,19.5,62.6,42,20,39,19,1.53,1.16
2017-09-24,07:23,0,130,5,19.5,62.6,43,20,39,19,1.34,1.145
2017-09-24,07:23,0,132,4,19.5,62.6,42,20,39,20,1.365,1.15
2017-09-24,07:23,0,127,5,19.5,62.6,42,20,39,19,1.35,1.145
2017-09-24,07:23,0,133,5,19.5,62.6,42,20,39,19,1.345,1.145
2017-09-24,07:23,0,132,4,19.5,62.7,42,20,39,19,1.34,1.155
2017-09-24,07:23,0,132,5,19.5,62.7,42,20,39,19,1.335,1.14
2017-09-24,07:23,0,132,4,19.5,62.7,42,20,39,19,1.34,1.14
2017-09-24,07:23,0,127,5,19.5,62.8,42,20,39,19,1.35,1.16
2017-09-24,07:23,0,132,5,19.5,62.7,42,20,39,19,1.335,1.145
2017-09-24,07:24,0,135,5,19.5,62.7,42,20,39,19,1.335,1.14
2017-09-24,07:24,0,131,5,19.5,62.7,42,20,39,19,1.32,1.14
2017-09-24,07:24,0,137,6,19.5,62.6,42,20,40,20,1.32,1.145
2017-09-24,07:24,0,131,6,19.5,62.6,42,20,39,19,1.335,1.155
2017-09-24,07:24,0,132,5,19.5,62.6,42,21,39,19,1.355,1.16
2017-09-24,07:24,0,132,5,19.5,62.6,42,20,39,19,1.34,1.15
2017-09-24,07:24,0,131,4,19.5,62.6,42,20,39,19,1.345,1.155
2017-09-24,07:24,0,128,6,19.5,62.6,42,20,39,19,1.365,1.17
2017-09-24,07:25,0,128,5,19.5,62.6,42,20,39,19,1.355,1.16
2017-09-24,07:25,0,134,6,19.5,62.6,42,20,39,19,1.38,1.17
2017-09-24,07:25,0,136,5,19.5,62.6,42,20,39,19,1.33,1.15
2017-09-24,07:25,0,132,5,19.5,62.6,42,20,39,19,1.355,1.16
2017-09-24,07:25,0,134,4,19.5,62.6,42,20,39,19,1.39,1.15
2017-09-24,07:25,0,128,6,19.5,62.6,42,20,40,19,1.36,1.15
2017-09-24,07:25,0,134,4,19.5,62.8,42,20,39,19,1.335,1.155
2017-09-24,07:25,0,134,4,19.5,62.7,42,20,39,20,1.355,1.16
2017-09-24,07:26,0,133,6,19.5,62.8,42,20,39,19,1.33,1.155
2017-09-24,07:26,0,135,4,19.5,62.6,42,21,39,19,1.37,1.165
2017-09-24,07:26,0,134,3,19.5,62.6,42,21,39,19,1.355,1.16
2017-09-24,07:26,0,135,5,19.5,62.6,42,20,39,19,1.345,1.145
2017-09-24,07:26,0,134,7,19.5,62.6,42,21,39,19,1.35,1.165
2017-09-24,07:26,0,132,3,19.5,62.6,42,20,39,19,1.335,1.155
2017-09-24,07:26,0,136,2,19.5,62.6,42,20,39,20,1.345,1.15
2017-09-24,07:26,0,135,5,19.5,62.6,42,20,39,19,1.345,1.145
2017-09-24,07:26,0,134,5,19.5,62.6,42,20,39,19,1.36,1.145
2017-09-24,07:27,0,135,5,19.5,62.6,42,20,39,19,1.355,1.165
2017-09-24,07:27,0,136,2,19.5,62.6,42,20,39,19,1.355,1.18
2017-09-24,07:27,0,139,5,19.5,62.6,42,20,39,19,1.4,1.18
2017-09-24,07:27,0,135,5,19.5,62.6,43,20,39,19,1.365,1.165
2017-09-24,07:27,0,135,4,19.5,62.6,42,21,39,19,1.34,1.15
2017-09-24,07:27,0,137,4,19.5,62.6,42,20,39,19,1.36,1.155
2017-09-24,07:27,0,140,4,19.5,62.6,42,20,39,19,1.375,1.16
2017-09-24,07:27,0,136,3,19.5,62.6,42,20,39,19,1.35,1.155
2017-09-24,07:28,0,135,4,19.5,62.6,42,20,39,19,1.335,1.145
2017-09-24,07:28,0,135,5,19.5,62.6,42,20,39,19,1.35,1.16
2017-09-24,07:28,0,135,4,19.5,62.7,42,20,39,19,1.33,1.14
2017-09-24,07:28,0,135,3,19.5,62.9,42,20,39,19,1.345,1.14
2017-09-24,07:28,0,133,5,19.5,62.9,42,20,39,19,1.335,1.14
2017-09-24,07:28,0,135,3,19.5,62.8,42,20,39,19,1.34,1.145
2017-09-24,07:28,0,129,4,19.5,62.7,42,21,39,19,1.34,1.15
2017-09-24,07:28,0,137,3,19.5,62.8,42,21,40,19,1.325,1.145
2017-09-24,07:29,0,137,5,19.5,62.7,42,20,39,19,1.335,1.145
2017-09-24,07:29,0,139,5,19.5,62.7,42,20,39,19,1.325,1.14
2017-09-24,07:29,0,135,4,19.5,62.6,42,20,39,19,1.325,1.15
2017-09-24,07:29,0,130,5,19.5,62.7,42,20,39,19,1.34,1.145
2017-09-24,07:29,0,136,5,19.5,62.7,42,20,39,19,1.355,1.14
2017-09-24,07:29,0,136,5,19.5,62.7,42,20,39,19,1.345,1.145
2017-09-24,07:29,0,134,5,19.5,62.7,42,21,39,19,1.35,1.15
2017-09-24,07:29,0,135,4,19.5,62.8,42,21,39,19,1.32,1.14
2017-09-24,07:29,0,135,3,19.5,62.8,42,20,39,19,1.335,1.15
2017-09-24,07:30,0,135,5,19.5,62.9,42,20,39,19,1.355,1.155
2017-09-24,07:30,0,137,5,19.5,63.0,42,20,39,19,1.345,1.15
2017-09-24,07:30,0,137,5,19.5,63.0,42,20,39,19,1.325,1.14
2017-09-24,07:30,0,140,6,19.5,63.1,42,20,39,19,1.35,1.15
2017-09-24,07:30,0,136,4,19.5,63.2,42,21,39,19,1.33,1.145
2017-09-24,07:30,0,132,4,19.5,63.1,42,20,39,19,1.33,1.165
2017-09-24,07:30,0,129,4,19.5,63.1,42,20,39,19,1.335,1.145
2017-09-24,07:30,0,134,2,19.5,63.0,42,20,39,19,1.34,1.155
2017-09-24,07:31,0,136,2,19.5,62.9,42,20,39,19,1.35,1.155
2017-09-24,07:31,0,136,5,19.5,63.0,42,20,39,19,1.355,1.15
2017-09-24,07:31,0,137,5,19.5,62.9,42,20,39,19,1.33,1.14
2017-09-24,07:31,0,138,5,19.5,62.9,42,20,39,19,1.325,1.145
2017-09-24,07:31,0,136,5,19.5,62.9,42,21,39,19,1.355,1.17
2017-09-24,07:31,0,134,4,19.5,62.9,42,20,39,19,1.33,1.14
2017-09-24,07:31,0,134,3,19.5,62.9,42,20,39,19,1.33,1.15
2017-09-24,07:31,0,137,3,19.5,62.9,42,21,39,19,1.33,1.17
2017-09-24,07:32,0,137,5,19.5,62.9,42,20,39,19,1.345,1.15
2017-09-24,07:32,0,138,4,19.5,62.9,42,20,39,19,1.345,1.15
2017-09-24,07:32,0,138,5,19.5,63.0,42,20,39,19,1.325,1.145
2017-09-24,07:32,0,141,5,19.5,63.1,43,20,39,19,1.335,1.145
2017-09-24,07:32,0,136,4,19.5,63.2,42,20,39,19,1.335,1.145
2017-09-24,07:32,0,137,6,19.5,63.2,42,21,39,19,1.36,1.17
2017-09-24,07:32,0,137,4,19.5,63.3,42,21,39,19,1.34,1.15
2017-09-24,07:32,0,136,6,19.5,63.2,42,20,39,19,1.33,1.155
2017-09-24,07:32,0,136,4,19.5,63.2,43,21,39,19,1.375,1.165
2017-09-24,07:33,0,138,4,19.5,63.1,42,21,39,19,1.635,1.18
2017-09-24,07:33,0,136,4,19.5,63.0,42,21,39,19,1.355,1.155
2017-09-24,07:33,0,139,4,19.5,63.0,42,20,39,19,1.34,1.15
2017-09-24,07:33,0,133,4,19.5,63.0,42,21,39,19,1.33,1.16
2017-09-24,07:33,0,135,6,19.5,63.1,42,20,39,19,1.335,1.145
2017-09-24,07:33,0,135,3,19.5,63.2,42,21,39,19,1.335,1.145
2017-09-24,07:33,0,138,3,19.5,63.3,42,20,39,19,1.35,1.15
2017-09-24,07:33,0,139,5,19.5,63.4,42,20,39,19,1.34,1.15
2017-09-24,07:34,0,140,5,19.5,63.3,42,20,39,20,1.335,1.145
2017-09-24,07:34,0,142,5,19.5,63.3,42,20,39,19,1.33,1.15
2017-09-24,07:34,0,136,6,19.5,63.3,42,21,39,19,1.365,1.14
2017-09-24,07:34,0,136,5,19.5,63.3,42,20,39,19,1.335,1.155
2017-09-24,07:34,0,139,4,19.5,63.2,42,21,39,19,1.35,1.14
2017-09-24,07:34,0,131,3,19.5,63.1,42,20,39,19,1.33,1.145
2017-09-24,07:34,0,138,5,19.5,63.2,42,20,39,19,1.33,1.15
2017-09-24,07:34,0,139,4,19.5,63.2,42,20,40,19,1.34,1.155
2017-09-24,07:35,0,134,5,19.5,63.3,42,20,39,19,1.34,1.14
2017-09-24,07:35,0,136,3,19.5,63.3,42,20,39,19,1.335,1.15
2017-09-24,07:35,0,138,4,19.5,63.3,42,21,39,19,1.43,1.215
2017-09-24,07:35,0,137,3,19.5,63.2,42,20,39,19,1.41,1.21
2017-09-24,07:35,0,135,5,19.5,63.2,42,20,39,19,1.42,1.215
2017-09-24,07:35,0,138,3,19.5,63.2,42,20,39,19,1.425,1.21
2017-09-24,07:35,0,135,4,19.4,63.1,42,20,39,19,1.42,1.215
2017-09-24,07:35,0,135,5,19.5,63.2,42,20,39,19,1.43,1.23
2017-09-24,07:35,0,134,5,19.5,63.3,42,20,39,19,1.42,1.21
2017-09-24,07:36,0,138,3,19.4,63.3,42,20,40,19,1.405,1.215
2017-09-24,07:36,0,137,4,19.5,63.4,42,21,39,19,1.43,1.24
2017-09-24,07:36,0,136,5,19.5,63.4,42,20,39,19,1.415,1.21
2017-09-24,07:36,0,135,4,19.4,63.3,42,20,39,19,1.41,1.21
2017-09-24,07:36,0,133,4,19.5,63.4,42,21,39,19,1.43,1.21
2017-09-24,07:36,0,143,4,19.5,63.4,42,20,39,19,1.415,1.21
2017-09-24,07:36,0,138,3,19.5,63.3,42,20,39,19,1.415,1.2
2017-09-24,07:36,0,136,5,19.5,63.5,42,21,39,19,1.415,1.21
2017-09-24,07:37,0,137,3,19.4,63.3,42,20,40,19,1.425,1.215
2017-09-24,07:37,0,136,4,19.5,63.5,42,20,39,19,1.42,1.225
2017-09-24,07:37,0,137,3,19.4,63.3,42,20,39,19,1.425,1.215
2017-09-24,07:37,0,136,4,19.4,63.3,42,20,39,19,1.405,1.21
2017-09-24,07:37,0,137,5,19.4,63.3,42,20,39,19,1.42,1.205
2017-09-24,07:37,0,135,4,19.5,63.3,42,21,39,19,1.425,1.225
2017-09-24,07:37,0,141,5,19.5,63.4,42,20,39,19,1.415,1.2
2017-09-24,07:37,0,138,2,19.5,63.3,42,20,39,19,1.405,1.205
2017-09-24,07:38,0,137,5,19.5,63.4,42,20,39,19,1.415,1.205
2017-09-24,07:38,0,140,5,19.5,63.4,42,20,39,19,1.41,1.2
2017-09-24,07:38,0,138,5,19.5,63.4,42,20,39,19,1.42,1.215
2017-09-24,07:38,0,133,4,19.4,63.3,42,20,39,19,1.42,1.205
2017-09-24,07:38,0,138,4,19.4,63.3,42,21,39,19,1.435,1.215
2017-09-24,07:38,0,140,4,19.4,63.4,42,20,39,19,1.41,1.22
2017-09-24,07:38,0,138,6,19.5,63.6,42,20,39,19,1.405,1.215
2017-09-24,07:38,0,136,4,19.4,63.5,42,21,39,19,1.425,1.215
2017-09-24,07:38,0,139,5,19.5,63.6,42,20,39,19,1.44,1.2
2017-09-24,07:39,0,138,4,19.4,63.5,42,20,39,19,1.425,1.215
2017-09-24,07:39,0,136,4,19.4,63.4,42,20,39,19,1.43,1.22
2017-09-24,07:39,0,138,5,19.4,63.4,42,20,39,19,1.415,1.205
2017-09-24,07:39,0,137,5,19.4,63.4,42,20,39,19,1.42,1.21
2017-09-24,07:39,0,134,4,19.5,63.4,42,20,39,19,1.4,1.21
2017-09-24,07:39,0,134,4,19.4,63.5,42,21,39,19,1.44,1.21
2017-09-24,07:39,0,137,5,19.5,63.5,42,20,39,19,1.415,1.205
2017-09-24,07:39,0,138,5,19.5,63.5,42,20,39,19,1.41,1.21
2017-09-24,07:40,0,132,4,19.5,63.5,42,21,39,19,1.44,1.21
2017-09-24,07:40,0,144,5,19.4,63.4,42,20,39,20,1.425,1.21
2017-09-24,07:40,0,137,3,19.4,63.4,42,21,39,19,1.41,1.205
2017-09-24,07:40,0,136,4,19.4,63.4,42,20,39,19,1.405,1.21
2017-09-24,07:40,0,141,5,19.4,63.4,42,20,39,19,1.425,1.21
2017-09-24,07:40,0,138,5,19.4,63.4,42,20,39,19,1.425,1.205
2017-09-24,07:40,0,136,3,19.5,63.6,42,21,39,19,1.425,1.245
2017-09-24,07:40,0,136,3,19.5,63.5,42,20,39,19,1.435,1.2
2017-09-24,07:41,0,137,4,19.5,63.6,42,20,39,19,1.425,1.215
2017-09-24,07:41,0,140,5,19.5,63.5,42,20,39,19,1.425,1.34
2017-09-24,07:41,0,137,2,19.4,63.5,42,20,39,19,1.425,1.22
2017-09-24,07:41,0,133,3,19.5,63.7,42,20,39,19,1.42,1.205
2017-09-24,07:41,0,135,4,19.5,63.7,42,21,39,19,1.42,1.215
2017-09-24,07:41,0,138,5,19.5,63.7,42,20,39,19,1.41,1.205
2017-09-24,07:41,0,135,5,19.5,63.6,42,20,39,20,1.415,1.215
2017-09-24,07:41,0,137,2,19.5,63.5,42,20,39,19,1.425,1.22
2017-09-24,07:41,0,133,4,19.5,63.5,42,20,39,19,1.415,1.205
2017-09-24,07:42,0,131,4,19.5,63.6,42,21,39,19,1.435,1.205
2017-09-24,07:42,0,134,5,19.5,63.7,42,21,39,19,1.435,1.35
2017-09-24,07:42,0,134,4,19.5,63.7,42,20,39,19,1.55,1.37
2017-09-24,07:42,0,137,4,19.5,63.6,42,20,39,19,1.5,1.28
2017-09-24,07:42,0,134,5,19.5,63.6,42,20,39,19,1.49,1.28
2017-09-24,07:42,0,134,4,19.4,63.4,42,20,39,19,1.48,1.27
2017-09-24,07:42,0,137,5,19.5,63.5,42,20,39,19,1.475,1.27
2017-09-24,07:42,0,135,5,19.5,63.5,42,20,39,19,1.48,1.265
2017-09-24,07:43,0,137,5,19.5,63.5,42,20,39,19,1.49,1.25
2017-09-24,07:43,0,137,3,19.5,63.5,42,20,39,19,1.48,1.27
2017-09-24,07:43,0,135,4,19.5,63.6,42,20,39,19,1.475,1.265
2017-09-24,07:43,0,134,4,19.5,63.6,42,21,39,19,1.475,1.245
2017-09-24,07:43,0,135,5,19.5,63.7,42,20,39,19,1.485,1.265
2017-09-24,07:43,0,137,5,19.5,63.7,42,20,39,19,1.47,1.26
2017-09-24,07:43,0,137,2,19.5,63.6,42,20,39,19,1.47,1.25
2017-09-24,07:43,0,133,4,19.5,63.7,42,20,39,19,1.475,1.25
2017-09-24,07:44,0,131,4,19.5,63.6,42,20,39,19,1.47,1.255
2017-09-24,07:44,0,138,4,19.5,63.6,42,20,39,19,1.46,1.245
2017-09-24,07:44,0,135,4,19.5,63.6,42,20,39,19,1.465,1.245
2017-09-24,07:44,0,140,4,19.5,63.7,42,20,39,19,1.46,1.255
2017-09-24,07:44,0,135,5,19.5,63.8,42,20,39,19,1.485,1.245
2017-09-24,07:44,0,139,3,19.5,63.7,42,21,39,19,1.495,1.27
2017-09-24,07:44,0,139,4,19.4,63.6,42,20,39,19,1.48,1.255
2017-09-24,07:44,0,138,5,19.5,63.8,42,20,39,20,1.47,1.255
2017-09-24,07:44,0,139,5,19.5,63.8,42,20,39,19,1.47,1.27
2017-09-24,07:45,0,139,5,19.4,63.7,42,20,39,19,1.49,1.25
2017-09-24,07:45,0,137,4,19.5,63.8,42,21,39,19,1.485,1.245
2017-09-24,07:45,0,137,4,19.5,63.9,42,21,39,19,1.475,1.29
2017-09-24,07:45,0,136,4,19.5,63.9,42,21,39,19,1.465,1.25
2017-09-24,07:45,0,134,4,19.5,63.8,42,20,39,19,1.47,1.25
2017-09-24,07:45,0,134,4,19.4,63.7,42,20,39,19,1.48,1.26
2017-09-24,07:45,0,132,3,19.5,63.8,42,20,39,19,1.485,1.25
2017-09-24,07:45,0,137,4,19.4,63.7,42,20,39,19,1.48,1.255
2017-09-24,07:46,0,136,4,19.4,63.7,42,20,39,19,1.47,1.25
2017-09-24,07:46,0,137,4,19.5,63.9,42,20,39,19,1.47,1.28
2017-09-24,07:46,0,135,5,19.4,63.7,42,20,39,19,1.46,1.245
2017-09-24,07:46,0,134,4,19.5,63.8,42,20,39,19,1.48,1.245
2017-09-24,07:46,0,131,5,19.4,63.7,42,20,39,19,1.475,1.27
2017-09-24,07:46,0,131,4,19.4,63.7,42,21,39,19,1.48,1.255
2017-09-24,07:46,0,129,4,19.4,63.7,42,20,39,19,1.47,1.275
2017-09-24,07:46,0,132,4,19.4,63.7,42,21,39,19,1.48,1.265
2017-09-24,07:47,0,134,2,19.4,63.8,42,20,39,19,1.495,1.25
2017-09-24,07:47,0,135,2,19.4,63.9,42,20,40,19,1.48,1.26
2017-09-24,07:47,0,133,6,19.4,64.1,42,20,39,19,1.465,1.265
2017-09-24,07:47,0,137,4,19.4,64.0,42,20,39,19,1.48,1.265
2017-09-24,07:47,0,135,3,19.4,63.9,42,20,40,19,1.485,1.25
2017-09-24,07:47,0,136,2,19.4,63.8,42,20,39,19,1.485,1.25
2017-09-24,07:47,0,136,5,19.4,63.8,42,20,39,20,1.485,1.25
2017-09-24,07:47,1,135,4,19.4,63.8,42,20,39,19,1.5,1.265
2017-09-24,07:47,0,135,5,19.4,63.8,42,20,39,19,1.5,1.26
2017-09-24,07:48,0,135,4,19.5,63.9,42,20,39,19,1.48,1.26
2017-09-24,07:48,0,137,5,19.5,64.0,42,20,39,19,1.48,1.26
2017-09-24,07:48,0,134,4,19.4,64.0,42,20,39,19,1.5,1.27
2017-09-24,07:48,0,134,3,19.5,64.1,42,20,39,19,1.47,1.27
2017-09-24,07:48,0,132,4,19.4,63.9,42,20,39,19,1.47,1.25
2017-09-24,07:48,0,133,4,19.4,63.9,42,20,39,19,1.495,1.27
2017-09-24,07:48,0,139,5,19.4,63.9,42,20,39,19,1.49,1.265
2017-09-24,07:48,0,133,4,19.5,64.0,42,20,39,19,1.62,1.26
2017-09-24,07:49,0,134,5,19.4,63.9,42,20,39,19,1.5,1.265
2017-09-24,07:49,0,133,3,19.4,64.1,42,20,39,19,1.48,1.27
2017-09-24,07:49,0,131,6,19.5,64.0,42,20,39,19,1.48,1.275
2017-09-24,07:49,0,132,5,19.5,64.0,42,20,39,19,1.49,1.275
2017-09-24,07:49,0,133,4,19.5,64.0,42,21,39,19,1.495,1.27
2017-09-24,07:49,0,131,4,19.4,63.8,42,20,39,19,1.495,1.255
2017-09-24,07:49,0,132,4,19.4,63.8,42,21,39,19,1.47,1.265
2017-09-24,07:49,0,134,5,19.4,63.8,42,20,39,19,1.48,1.285
2017-09-24,07:50,0,132,4,19.4,63.8,42,20,39,19,1.49,1.265
2017-09-24,07:50,0,136,5,19.4,63.9,42,20,39,19,1.485,1.265
2017-09-24,07:50,0,134,5,19.4,63.8,42,20,39,19,1.465,1.255
2017-09-24,07:50,0,137,3,19.4,63.9,42,20,39,19,1.47,1.25
2017-09-24,07:50,0,135,5,19.5,64.1,42,20,39,19,1.475,1.265
2017-09-24,07:50,0,136,3,19.4,63.9,42,20,39,19,1.495,1.265
2017-09-24,07:50,0,138,5,19.4,63.9,42,20,39,19,1.49,1.265
2017-09-24,07:50,0,138,4,19.4,63.9,42,21,39,19,1.485,1.265
2017-09-24,07:50,0,136,5,19.4,63.9,42,20,39,19,1.48,1.255
2017-09-24,07:51,0,136,4,19.4,64.0,42,20,39,19,1.47,1.255
2017-09-24,07:51,0,134,6,19.4,64.0,42,20,39,19,1.48,1.26
2017-09-24,07:51,0,136,4,19.4,64.1,42,20,39,19,1.485,1.265
2017-09-24,07:51,0,134,4,19.4,64.1,42,20,39,19,1.49,1.26
2017-09-24,07:51,0,138,5,19.4,64.1,42,20,39,20,1.48,1.255
2017-09-24,07:51,0,136,2,19.4,64.1,42,20,39,19,1.485,1.255
2017-09-24,07:51,0,128,4,19.4,64.1,42,20,39,19,1.47,1.25
2017-09-24,07:51,0,133,3,19.4,64.1,42,20,39,19,1.48,1.265
2017-09-24,07:52,0,137,5,19.4,64.0,42,20,39,19,1.485,1.265
2017-09-24,07:52,0,129,4,19.5,64.2,42,21,39,19,1.48,1.255
2017-09-24,07:52,0,133,4,19.4,64.1,42,20,39,19,1.475,1.26
2017-09-24,07:52,0,135,4,19.4,64.1,42,20,39,19,1.5,1.28
2017-09-24,07:52,0,132,4,19.5,64.3,42,20,39,19,1.485,1.28
2017-09-24,07:52,0,131,5,19.4,64.2,42,20,39,19,1.48,1.27
2017-09-24,07:52,0,132,2,19.5,64.4,42,21,39,19,1.51,1.28
2017-09-24,07:52,0,126,4,19.5,64.5,42,20,39,19,1.49,1.26
2017-09-24,07:53,0,131,4,19.5,64.5,42,20,39,19,1.465,1.265
2017-09-24,07:53,0,132,4,19.5,64.6,42,20,39,19,1.485,1.255
2017-09-24,07:53,0,131,3,19.4,64.5,42,20,39,19,1.475,1.26
2017-09-24,07:53,0,132,3,19.4,64.5,42,20,39,19,1.49,1.275
2017-09-24,07:53,0,137,4,19.4,64.5,42,20,39,19,1.495,1.26
2017-09-24,07:53,0,129,2,19.4,64.4,42,20,39,19,1.49,1.265
2017-09-24,07:53,0,131,5,19.4,64.3,42,20,39,19,1.5,1.26
2017-09-24,07:53,0,133,3,19.4,64.3,42,20,39,19,1.5,1.27
2017-09-24,07:53,0,135,4,19.4,64.4,42,20,39,19,1.495,1.265
2017-09-24,07:54,0,128,4,19.5,64.4,42,21,39,19,1.49,1.275
2017-09-24,07:54,0,134,3,19.4,64.4,42,20,39,19,1.475,1.265
2017-09-24,07:54,0,137,4,19.4,64.1,42,20,39,19,1.475,1.265
2017-09-24,07:54,0,134,1,19.5,64.1,42,21,39,19,1.495,1.27
2017-09-24,07:54,0,130,3,19.5,64.2,42,20,39,19,1.47,1.27
2017-09-24,07:54,0,135,2,19.4,64.1,42,20,39,19,1.5,1.275
2017-09-24,07:54,0,134,5,19.4,64.2,42,20,39,19,1.515,1.28
2017-09-24,07:54,0,133,4,19.4,64.2,42,21,39,19,1.485,1.27
2017-09-24,07:55,0,133,4,19.4,64.3,42,20,39,19,1.495,1.265
2017-09-24,07:55,0,134,1,19.4,64.4,42,20,39,19,1.5,1.275
2017-09-24,07:55,0,116,3,19.4,64.5,42,20,39,19,1.55,1.3
2017-09-24,07:55,0,282,389,19.4,64.5,42,20,39,19,1.545,1.3
2017-09-24,07:55,1,280,395,19.4,64.4,43,20,39,19,1.535,1.305
2017-09-24,07:55,0,281,395,19.5,64.4,42,21,39,19,1.53,1.325
2017-09-24,07:55,0,280,396,19.4,64.5,42,21,39,19,1.55,1.32
2017-09-24,07:55,2,281,395,19.4,64.9,42,20,39,19,1.525,1.315
2017-09-24,07:56,0,279,393,19.5,65.3,42,20,39,19,1.535,1.345
2017-09-24,07:56,0,279,394,19.5,65.4,42,20,39,19,1.545,1.315
2017-09-24,07:56,0,279,393,19.5,65.6,42,20,39,19,1.545,1.31
2017-09-24,07:56,0,285,394,19.5,65.4,42,20,39,20,1.525,1.295
2017-09-24,07:56,0,280,393,19.5,65.2,42,20,39,19,1.54,1.31
2017-09-24,07:56,1,274,392,19.6,65.2,42,21,39,19,1.52,1.315
2017-09-24,07:56,0,278,393,19.6,65.0,42,20,39,19,1.55,1.31
2017-09-24,07:56,0,267,393,19.6,65.1,42,20,39,19,1.53,1.3
2017-09-24,07:56,0,273,394,19.6,65.0,42,20,39,19,1.535,1.295
2017-09-24,07:57,0,260,389,19.6,64.9,42,20,39,19,1.535,1.31
2017-09-24,07:57,1,263,391,19.6,64.8,42,21,39,19,1.535,1.3
2017-09-24,07:57,1,265,391,19.6,64.8,42,20,39,19,1.56,1.315
2017-09-24,07:57,0,267,389,19.6,64.7,42,20,39,19,1.555,1.32
2017-09-24,07:57,0,266,389,19.7,64.8,42,21,39,19,1.56,1.315
2017-09-24,07:57,0,264,390,19.7,64.7,42,20,39,19,1.85,1.535
2017-09-24,07:57,1,263,389,19.7,64.7,42,20,39,19,1.875,1.545
2017-09-24,07:57,0,265,390,19.7,64.6,42,20,39,19,1.88,1.56
2017-09-24,07:58,0,264,389,19.7,64.5,42,20,39,19,1.88,1.58
2017-09-24,07:58,2,266,388,19.7,64.4,42,20,39,19,1.875,1.56
2017-09-24,07:58,2,266,387,19.7,64.4,42,20,39,19,1.825,1.54
2017-09-24,07:58,1,263,387,19.7,64.4,42,20,39,19,1.855,1.55
2017-09-24,07:58,1,265,387,19.7,64.3,42,20,39,19,1.835,1.54
2017-09-24,07:58,1,265,388,19.7,64.3,42,20,39,19,1.855,1.555
2017-09-24,07:58,0,267,388,19.7,64.2,42,20,39,19,1.85,1.56
2017-09-24,07:58,0,269,388,19.7,64.1,42,20,39,19,1.855,1.555
2017-09-24,07:59,0,266,387,19.7,64.0,42,20,39,19,1.835,1.555
2017-09-24,07:59,1,261,386,19.7,64.0,42,20,39,19,1.805,1.505
2017-09-24,07:59,0,134,3,19.7,64.0,42,20,39,19,1.79,1.51
2017-09-24,07:59,0,135,0,19.7,64.0,42,20,39,19,1.785,1.495
2017-09-24,07:59,0,134,3,19.7,64.0,42,20,39,19,1.77,1.48
2017-09-24,07:59,0,134,1,19.7,64.1,42,21,39,19,1.755,1.47
2017-09-24,07:59,0,137,2,19.7,64.0,42,20,39,19,1.78,1.495
2017-09-24,07:59,0,134,1,19.7,64.1,42,21,39,19,1.775,1.485
2017-09-24,07:59,0,136,2,19.7,64.1,42,20,39,19,1.775,1.49
2017-09-24,08:00,0,136,1,19.6,63.9,42,20,39,19,1.755,1.48
2017-09-24,08:00,0,133,1,19.7,64.0,42,20,39,19,1.725,1.46
2017-09-24,08:00,0,141,2,19.7,64.1,42,20,39,19,1.76,1.46
2017-09-24,08:00,0,135,2,19.6,63.9,42,20,39,19,1.73,1.475
2017-09-24,08:00,0,134,2,19.6,63.9,42,20,39,19,1.72,1.455
2017-09-24,08:00,0,135,4,19.6,63.9,42,20,39,19,1.72,1.455
2017-09-24,08:00,0,130,2,19.7,64.1,42,20,39,19,1.75,1.445
2017-09-24,08:00,0,136,4,19.6,64.0,42,20,39,19,1.71,1.45
2017-09-24,08:01,0,132,1,19.6,64.1,42,21,39,19,1.72,1.46
2017-09-24,08:01,0,137,3,19.6,64.1,42,20,39,19,1.73,1.45
2017-09-24,08:01,0,137,3,19.6,64.1,42,20,39,19,1.73,1.44
2017-09-24,08:01,0,132,3,19.6,64.1,42,20,39,19,1.7,1.595
2017-09-24,08:01,0,141,2,19.6,64.2,42,20,39,19,1.735,1.465
2017-09-24,08:01,0,136,2,19.6,64.2,42,20,38,19,1.755,1.445
2017-09-24,08:01,0,137,2,19.5,64.3,42,20,39,19,1.745,1.43
2017-09-24,08:01,0,137,2,19.6,64.3,42,20,39,19,1.87,1.44
2017-09-24,08:02,0,138,0,19.6,64.3,42,20,39,19,1.74,1.625
2017-09-24,08:02,0,139,2,19.6,64.3,42,20,39,19,1.725,1.435
2017-09-24,08:02,0,137,4,19.6,64.3,42,20,39,19,1.725,1.465
2017-09-24,08:02,0,137,3,19.5,64.3,42,20,39,19,1.735,1.43
2017-09-24,08:02,0,138,3,19.6,64.4,42,20,39,19,1.695,1.425
2017-09-24,08:02,0,139,0,19.5,64.5,42,20,39,20,1.705,1.45
2017-09-24,08:02,0,137,0,19.5,64.5,42,20,39,19,1.725,1.44
2017-09-24,08:02,0,138,2,19.5,64.5,42,20,39,19,1.705,1.42
2017-09-24,08:02,0,137,5,19.5,64.4,42,20,39,19,1.715,1.44
2017-09-24,08:03,0,140,3,19.5,64.5,42,20,39,19,1.735,1.505
2017-09-24,08:03,0,138,3,19.6,64.5,42,20,39,19,1.7,1.425
2017-09-24,08:03,0,139,3,19.5,64.5,42,20,39,19,1.715,1.47
2017-09-24,08:03,0,138,2,19.5,64.5,42,20,39,19,1.7,1.425
2017-09-24,08:03,0,136,2,19.5,64.5,42,20,39,19,1.69,1.445
2017-09-24,08:03,0,140,4,19.5,64.5,42,20,39,19,1.735,1.45
2017-09-24,08:03,0,141,3,19.5,64.5,42,20,39,19,1.695,1.425
2017-09-24,08:03,0,138,3,19.5,64.5,42,20,39,19,1.7,1.435
2017-09-24,08:04,0,136,1,19.5,64.5,42,20,39,19,1.705,1.445
2017-09-24,08:04,0,138,0,19.5,64.5,42,20,39,19,1.71,1.42
2017-09-24,08:04,0,138,3,19.5,64.5,42,20,39,19,1.7,1.435
2017-09-24,08:04,0,137,3,19.5,64.5,42,20,39,19,1.73,1.425
2017-09-24,08:04,0,137,3,19.5,64.5,42,20,39,19,1.685,1.425
2017-09-24,08:04,0,130,1,19.5,64.5,42,20,39,19,1.73,1.45
2017-09-24,08:04,0,138,2,19.5,64.5,42,20,39,19,1.72,1.435
2017-09-24,08:04,0,135,4,19.5,64.5,42,21,39,19,1.695,1.44
2017-09-24,08:05,0,137,2,19.5,64.5,42,21,39,19,1.71,1.45
2017-09-24,08:05,0,142,1,19.5,64.5,42,21,39,19,1.75,1.46
2017-09-24,08:05,0,143,2,19.5,64.5,42,20,39,19,1.705,1.52
2017-09-24,08:05,0,137,5,19.5,64.5,42,20,39,19,1.695,1.43
2017-09-24,08:05,0,137,2,19.5,64.5,42,20,39,20,1.7,1.43
2017-09-24,08:05,0,138,1,19.5,64.5,42,20,39,19,1.89,1.445
2017-09-24,08:05,0,143,4,19.5,64.5,42,21,39,19,1.695,1.42
2017-09-24,08:05,0,136,5,19.5,64.5,42,20,39,19,1.685,1.43
2017-09-24,08:05,0,136,2,19.5,64.5,42,20,39,19,1.69,1.43
2017-09-24,08:06,0,138,3,19.5,64.5,42,20,39,19,1.725,1.44
2017-09-24,08:06,0,139,4,19.5,64.5,42,21,39,19,1.695,1.425
2017-09-24,08:06,0,137,2,19.5,64.5,42,20,39,19,1.71,1.43
2017-09-24,08:06,0,134,2,19.5,64.5,42,20,39,19,1.735,1.44
2017-09-24,08:06,0,136,2,19.5,64.5,42,20,39,19,1.705,1.43
2017-09-24,08:06,0,139,2,19.5,64.5,42,20,39,19,1.73,1.43
2017-09-24,08:06,0,141,3,19.5,64.5,42,20,39,19,1.71,1.43
2017-09-24,08:06,0,140,3,19.5,64.5,42,21,39,19,1.76,1.445
2017-09-24,08:07,0,145,3,19.5,64.5,42,20,39,19,1.715,1.445
2017-09-24,08:07,0,140,3,19.5,64.5,42,21,39,19,1.73,1.455
2017-09-24,08:07,0,145,3,19.5,64.5,42,20,39,19,1.71,1.44
2017-09-24,08:07,0,138,2,19.5,64.5,42,21,39,19,1.95,1.595
2017-09-24,08:07,0,140,3,19.5,64.5,42,20,39,19,1.7,1.43
2017-09-24,08:07,1,139,1,19.5,64.5,42,20,39,19,1.695,1.43
2017-09-24,08:07,0,139,3,19.5,64.5,42,20,38,19,1.715,1.435
2017-09-24,08:07,0,140,3,19.5,64.5,42,20,39,19,1.715,1.435
2017-09-24,08:08,0,140,3,19.5,64.5,42,20,39,19,1.72,1.445
2017-09-24,08:08,0,138,3,19.5,64.6,42,20,39,19,1.715,1.445
2017-09-24,08:08,0,140,3,19.5,64.6,42,21,39,19,1.73,1.435
2017-09-24,08:08,0,139,3,19.5,64.7,42,21,39,19,1.71,1.43
2017-09-24,08:08,0,138,3,19.5,64.8,42,20,39,19,1.725,1.435
2017-09-24,08:08,0,138,3,19.5,64.8,42,20,39,19,1.7,1.415
2017-09-24,08:08,0,135,2,19.5,64.9,42,20,39,19,1.7,1.435
2017-09-24,08:08,0,136,3,19.5,65.0,42,20,39,19,1.725,1.435
2017-09-24,08:09,0,135,1,19.5,65.0,42,20,39,19,1.69,1.435
2017-09-24,08:09,0,140,4,19.5,65.0,42,21,39,19,1.73,1.435
2017-09-24,08:09,0,135,3,19.5,64.9,42,20,39,19,1.685,1.43
2017-09-24,08:09,0,132,2,19.5,65.0,42,20,39,19,1.695,1.425
2017-09-24,08:09,0,135,3,19.5,65.0,42,20,39,19,1.73,1.46
2017-09-24,08:09,0,136,3,19.5,65.0,42,20,39,19,1.695,1.46
2017-09-24,08:09,0,137,3,19.5,64.8,42,20,39,19,1.7,1.45
2017-09-24,08:09,0,139,3,19.5,64.6,42,20,39,19,1.695,1.44
2017-09-24,08:09,0,139,2,19.5,64.4,42,20,39,19,1.735,1.45
2017-09-24,08:10,0,137,3,19.5,64.5,42,20,39,19,1.7,1.44
2017-09-24,08:10,0,132,3,19.5,64.6,42,20,39,19,1.735,1.455
2017-09-24,08:10,0,136,2,19.5,64.6,42,21,39,19,1.715,1.445
2017-09-24,08:10,0,138,3,19.5,64.7,42,20,39,19,1.7,1.44
2017-09-24,08:10,0,134,2,19.5,64.7,42,20,39,19,1.695,1.43
2017-09-24,08:10,0,137,3,19.5,64.7,42,21,39,19,1.735,1.45
2017-09-24,08:10,0,139,3,19.5,64.8,42,20,39,19,1.76,1.445
2017-09-24,08:10,0,134,2,19.5,65.0,42,21,39,19,1.735,1.44
2017-09-24,08:11,0,137,1,19.5,65.2,42,21,39,19,1.74,1.45
2017-09-24,08:11,0,139,3,19.5,65.2,42,20,39,19,1.725,1.45
2017-09-24,08:11,0,139,2,19.5,65.3,42,21,39,19,1.73,1.42
2017-09-24,08:11,0,138,3,19.5,65.3,42,21,39,19,1.73,1.48
2017-09-24,08:11,0,139,3,19.5,65.3,42,20,39,19,1.735,1.445
2017-09-24,08:11,0,138,3,19.5,65.1,42,20,39,19,1.73,1.45
2017-09-24,08:11,0,139,2,19.5,65.1,42,20,39,19,1.705,1.43
2017-09-24,08:11,0,139,3,19.5,65.1,42,20,39,19,1.695,1.43
2017-09-24,08:12,0,133,2,19.5,65.0,42,21,39,19,1.71,1.45
2017-09-24,08:12,0,138,2,19.4,64.9,42,20,38,19,1.715,1.435
2017-09-24,08:12,0,133,0,19.5,64.8,42,21,39,19,1.76,1.495
2017-09-24,08:12,0,137,3,19.5,64.8,42,20,39,19,1.76,1.465
2017-09-24,08:12,0,137,3,19.4,64.7,42,20,39,19,1.715,1.45
2017-09-24,08:12,0,138,3,19.5,64.8,42,20,39,19,1.735,1.44
2017-09-24,08:12,0,137,1,19.5,64.9,42,20,39,19,1.725,1.435
2017-09-24,08:12,0,139,3,19.5,65.0,42,20,39,19,1.74,1.46
2017-09-24,08:12,0,141,2,19.5,64.9,42,20,39,19,1.705,1.435
2017-09-24,08:13,0,137,3,19.5,64.8,42,21,39,19,1.715,1.46
2017-09-24,08:13,0,139,4,19.5,64.8,42,20,39,19,1.705,1.435
2017-09-24,08:13,0,138,3,19.5,64.8,42,20,39,19,1.695,1.43
2017-09-24,08:13,0,132,2,19.5,64.8,42,20,39,19,1.725,1.46
2017-09-24,08:13,0,136,2,19.5,65.0,42,21,39,19,1.7,1.44
2017-09-24,08:13,0,138,2,19.5,65.1,42,20,39,19,1.72,1.445
2017-09-24,08:13,0,138,2,19.5,65.0,42,20,39,19,1.725,1.44
2017-09-24,08:13,0,139,0,19.5,65.0,42,20,39,19,1.725,1.455
2017-09-24,08:14,0,135,2,19.5,65.0,42,20,39,19,1.715,1.435
2017-09-24,08:14,0,137,4,19.5,65.0,42,21,39,19,1.745,1.445
2017-09-24,08:14,0,136,3,19.5,65.0,42,20,39,19,1.68,1.42
2017-09-24,08:14,0,137,1,19.5,65.0,42,20,39,20,1.695,1.44
2017-09-24,08:14,0,139,2,19.5,65.0,42,21,39,19,1.72,1.45
2017-09-24,08:14,0,140,2,19.5,65.0,42,20,39,19,1.71,1.44
2017-09-24,08:14,0,138,2,19.5,65.0,42,20,39,19,1.765,1.435
2017-09-24,08:14,0,142,2,19.5,65.0,42,21,39,19,1.71,1.425
2017-09-24,08:15,0,139,3,19.5,65.0,42,20,39,19,1.725,1.45
2017-09-24,08:15,0,138,2,19.5,65.1,42,21,39,19,1.69,1.43
2017-09-24,08:15,0,144,4,19.5,65.1,42,21,39,19,1.75,1.44
2017-09-24,08:15,0,139,3,19.5,65.0,42,20,38,19,1.69,1.425
2017-09-24,08:15,0,139,1,19.5,65.0,42,20,39,19,1.715,1.455
2017-09-24,08:15,0,141,2,19.5,65.0,42,20,39,19,1.715,1.435
2017-09-24,08:15,0,136,2,19.5,65.0,42,20,39,19,1.705,1.435
2017-09-24,08:15,0,138,2,19.5,65.0,42,21,39,19,1.715,1.45
2017-09-24,08:15,0,140,3,19.5,65.1,42,20,39,19,1.725,1.445
2017-09-24,08:16,0,141,3,19.5,65.1,42,20,39,19,1.705,1.415
2017-09-24,08:16,0,139,0,19.5,65.2,42,20,39,19,1.71,1.425
2017-09-24,08:16,0,139,3,19.5,65.1,42,20,39,19,1.76,1.43
2017-09-24,08:16,0,137,3,19.5,65.0,42,20,39,20,1.73,1.45
2017-09-24,08:16,0,139,2,19.5,65.1,42,21,39,19,1.74,1.445
2017-09-24,08:16,0,141,2,19.5,65.1,42,20,39,19,1.7,1.45
2017-09-24,08:16,0,138,4,19.5,65.1,42,20,39,19,1.705,1.435
2017-09-24,08:16,0,144,3,19.5,65.1,42,20,39,19,1.745,1.45
2017-09-24,08:17,0,138,2,19.5,65.1,42,20,39,19,1.715,1.435
2017-09-24,08:17,0,138,3,19.5,65.1,42,21,39,19,1.73,1.445
2017-09-24,08:17,0,140,3,19.5,65.1,42,21,39,19,1.725,1.445
2017-09-24,08:17,0,137,2,19.5,65.2,42,20,39,19,1.705,1.42
2017-09-24,08:17,0,138,2,19.5,65.2,42,21,39,19,1.74,1.445
2017-09-24,08:17,0,134,1,19.5,65.3,42,20,39,19,1.7,1.44
2017-09-24,08:17,0,141,3,19.5,65.3,42,20,39,19,1.725,1.45
2017-09-24,08:17,0,139,4,19.5,65.3,42,21,39,19,1.72,1.44
2017-09-24,08:18,0,144,1,19.5,65.2,42,20,39,19,1.695,1.42
2017-09-24,08:18,0,139,2,19.5,65.2,42,20,39,19,1.7,1.445
2017-09-24,08:18,0,135,2,19.5,65.2,42,20,39,19,1.72,1.44
2017-09-24,08:18,0,136,1,19.5,65.2,42,20,39,19,1.775,1.45
2017-09-24,08:18,0,136,3,19.4,65.2,42,20,39,19,1.705,1.435
2017-09-24,08:18,0,141,0,19.4,65.3,42,20,39,19,1.69,1.42
2017-09-24,08:18,0,141,2,19.5,65.4,42,20,38,19,1.7,1.425
2017-09-24,08:18,0,142,3,19.4,65.3,42,21,39,19,1.72,1.44
2017-09-24,08:18,0,140,1,19.5,65.4,42,20,39,19,1.715,1.43
2017-09-24,08:19,0,140,2,19.4,65.3,42,20,39,19,1.715,1.44
2017-09-24,08:19,0,137,2,19.4,65.2,42,20,39,19,1.715,1.435
2017-09-24,08:19,0,136,4,19.5,65.3,42,20,39,20,1.7,1.43
2017-09-24,08:19,0,141,1,19.5,65.3,42,20,39,19,1.69,1.445
2017-09-24,08:19,0,142,2,19.5,65.4,42,20,39,19,1.715,1.425
2017-09-24,08:19,0,142,2,19.4,65.3,42,20,39,19,1.685,1.425
2017-09-24,08:19,0,142,3,19.4,65.3,42,20,39,19,1.69,1.425
2017-09-24,08:19,0,142,3,19.5,65.4,42,20,39,19,1.695,1.415
2017-09-24,08:20,0,142,3,19.4,65.3,42,20,39,19,1.71,1.41
2017-09-24,08:20,0,140,3,19.4,65.4,42,20,38,19,1.69,1.415
2017-09-24,08:20,0,140,3,19.4,65.3,42,20,39,19,1.685,1.41
2017-09-24,08:20,0,140,2,19.5,65.4,42,20,38,19,1.685,1.415
2017-09-24,08:20,0,140,1,19.4,65.4,42,20,39,19,1.685,1.425
2017-09-24,08:20,0,141,0,19.4,65.5,42,20,39,19,1.7,1.44
2017-09-24,08:20,0,136,1,19.5,65.6,42,20,39,19,1.735,1.45
2017-09-24,08:20,0,134,4,19.4,65.6,42,20,39,19,1.71,1.44
2017-09-24,08:21,0,139,1,19.4,65.6,42,20,39,19,1.715,1.435
2017-09-24,08:21,0,141,3,19.4,65.4,42,20,39,19,1.69,1.415
2017-09-24,08:21,0,141,3,19.4,65.5,42,20,39,19,1.685,1.41
2017-09-24,08:21,0,141,3,19.4,65.7,42,20,39,19,1.695,1.43
2017-09-24,08:21,0,142,3,19.4,65.7,42,21,39,19,1.725,1.43
2017-09-24,08:21,0,141,1,19.4,65.7,42,20,39,19,1.705,1.425
2017-09-24,08:21,0,140,1,19.4,65.8,42,20,38,19,1.69,1.415
2017-09-24,08:21,0,142,3,19.4,65.8,42,21,39,19,1.69,1.41
2017-09-24,08:22,0,141,2,19.5,66.0,42,20,39,19,1.72,1.435
2017-09-24,08:22,0,142,0,19.4,66.0,42,20,38,19,1.695,1.425
2017-09-24,08:22,0,142,5,19.4,65.7,42,21,39,19,1.7,1.415
2017-09-24,08:22,0,140,4,19.4,65.8,42,20,39,19,1.715,1.44
2017-09-24,08:22,0,137,4,19.4,65.9,42,20,38,19,1.695,1.445
2017-09-24,08:22,0,146,1,19.5,66.0,42,21,39,19,1.685,1.425
2017-09-24,08:22,0,140,1,19.4,65.8,42,20,39,19,1.68,1.405
2017-09-24,08:22,0,142,3,19.4,65.7,42,20,39,19,1.695,1.405
2017-09-24,08:22,0,140,2,19.4,65.8,42,20,39,20,1.71,1.435
2017-09-24,08:23,0,141,2,19.5,66.0,42,20,39,19,1.71,1.43
2017-09-24,08:23,0,144,3,19.4,65.9,42,20,39,19,1.675,1.405
2017-09-24,08:23,0,136,2,19.5,66.1,42,20,39,19,1.69,1.405
2017-09-24,08:23,0,138,3,19.4,65.9,42,21,39,19,1.755,1.425
2017-09-24,08:23,0,138,2,19.4,65.9,42,20,39,19,1.68,1.43
2017-09-24,08:23,0,142,2,19.4,65.9,42,21,39,19,1.705,1.415
2017-09-24,08:23,0,139,2,19.4,65.8,42,20,39,20,1.7,1.41
2017-09-24,08:23,0,142,3,19.5,65.8,42,20,39,19,1.7,1.435
2017-09-24,08:24,0,144,4,19.4,65.6,42,21,39,19,1.685,1.43
2017-09-24,08:24,0,142,1,19.4,65.5,42,20,38,19,1.685,1.43
2017-09-24,08:24,0,145,2,19.5,65.6,42,20,39,19,1.69,1.415
2017-09-24,08:24,0,144,2,19.4,65.3,42,20,39,19,1.68,1.415
2017-09-24,08:24,0,143,3,19.5,65.5,42,20,39,19,1.705,1.425
2017-09-24,08:24,0,140,2,19.5,65.4,42,20,39,20,1.715,1.435
2017-09-24,08:24,0,136,2,19.5,65.6,42,20,39,19,1.7,1.435
2017-09-24,08:24,0,141,4,19.5,65.8,42,20,39,19,1.7,1.42
2017-09-24,08:25,0,136,0,19.5,65.8,42,20,38,19,1.685,1.42
2017-09-24,08:25,0,144,4,19.5,65.7,42,21,39,19,1.675,1.46
2017-09-24,08:25,0,137,0,19.5,65.6,42,20,39,19,1.705,1.42
2017-09-24,08:25,0,139,2,19.5,65.6,42,20,39,20,1.72,1.425
2017-09-24,08:25,0,141,3,19.5,65.5,42,20,38,19,1.695,1.415
2017-09-24,08:25,0,140,3,19.5,65.5,42,20,39,20,1.715,1.4
2017-09-24,08:25,0,142,3,19.5,65.6,42,20,39,19,1.685,1.395
2017-09-24,08:25,0,141,2,19.5,65.6,42,21,39,19,1.62,1.37
2017-09-24,08:25,0,139,4,19.5,65.6,42,20,39,19,1.62,1.365
2017-09-24,08:26,0,142,3,19.5,65.6,42,21,39,19,1.64,1.39
2017-09-24,08:26,0,141,3,19.5,65.6,42,20,39,19,1.625,1.38
2017-09-24,08:26,0,143,4,19.5,65.5,42,20,39,19,1.63,1.36
2017-09-24,08:26,0,140,3,19.5,65.5,42,21,39,19,1.645,1.37
2017-09-24,08:26,0,141,2,19.4,65.4,42,20,39,20,1.625,1.375
2017-09-24,08:26,0,137,3,19.4,65.5,42,20,39,19,1.64,1.38
2017-09-24,08:26,0,136,3,19.4,65.5,42,20,39,19,1.635,1.38
2017-09-24,08:26,0,140,2,19.4,65.5,42,20,39,19,1.62,1.38
2017-09-24,08:27,0,139,1,19.5,65.6,42,20,38,19,1.71,1.36
2017-09-24,08:27,0,139,3,19.5,65.6,42,21,39,19,1.605,1.355
2017-09-24,08:27,0,143,3,19.4,65.5,42,21,39,19,1.63,1.37
2017-09-24,08:27,0,140,3,19.5,65.7,42,20,38,19,1.605,1.355
2017-09-24,08:27,0,135,3,19.5,65.7,42,20,39,19,1.63,1.355
2017-09-24,08:27,0,140,3,19.5,65.7,42,20,39,19,1.61,1.355
2017-09-24,08:27,0,137,3,19.5,65.8,42,21,39,19,1.63,1.375
2017-09-24,08:27,0,145,3,19.4,65.7,42,20,39,19,1.615,1.365
2017-09-24,08:28,0,139,1,19.5,65.8,42,20,38,19,1.64,1.38
2017-09-24,08:28,0,134,3,19.5,65.8,42,20,38,19,1.62,1.36
2017-09-24,08:28,0,140,3,19.4,65.8,42,21,39,19,1.64,1.385
2017-09-24,08:28,0,141,4,19.4,65.7,42,20,39,19,1.62,1.355
2017-09-24,08:28,0,140,2,19.4,65.7,42,20,39,19,1.64,1.37
2017-09-24,08:28,0,136,2,19.4,65.8,42,20,39,19,1.6,1.35
2017-09-24,08:28,0,140,3,19.4,65.9,42,21,39,19,1.64,1.38
2017-09-24,08:28,0,139,3,19.5,65.9,42,20,39,19,1.63,1.375
2017-09-24,08:28,0,141,1,19.4,65.7,42,21,39,19,1.615,1.38
2017-09-24,08:29,0,139,2,19.4,65.8,42,20,39,19,1.62,1.37
2017-09-24,08:29,0,140,2,19.4,65.8,42,20,39,19,1.63,1.38
2017-09-24,08:29,0,140,0,19.4,65.8,42,20,38,19,1.615,1.365
2017-09-24,08:29,0,141,3,19.4,65.8,42,20,38,19,1.61,1.345
2017-09-24,08:29,0,141,2,19.4,65.8,42,20,39,19,1.61,1.36
2017-09-24,08:29,0,142,2,19.4,65.8,42,20,39,19,1.62,1.365
2017-09-24,08:29,0,143,1,19.5,65.9,42,21,38,19,1.62,1.36
2017-09-24,08:29,0,143,2,19.4,65.8,42,20,39,19,1.6,1.35
2017-09-24,08:30,0,141,1,19.4,65.8,42,20,39,20,1.615,1.365
2017-09-24,08:30,0,141,1,19.5,66.0,42,20,39,19,1.595,1.345
2017-09-24,08:30,0,136,3,19.4,65.8,42,20,38,19,1.6,1.36
2017-09-24,08:30,0,145,3,19.5,66.0,42,21,39,19,1.595,1.345
2017-09-24,08:30,0,143,1,19.4,65.9,42,21,39,19,1.6,1.36
2017-09-24,08:30,0,142,2,19.4,65.9,42,20,39,19,1.62,1.345
2017-09-24,08:30,0,143,3,19.4,65.8,42,20,38,19,1.61,1.375
2017-09-24,08:30,0,142,3,19.4,65.8,42,20,39,19,1.61,1.355
2017-09-24,08:31,0,141,3,19.4,65.8,42,20,39,19,1.605,1.345
2017-09-24,08:31,0,141,2,19.5,66.0,42,20,39,20,1.595,1.335
2017-09-24,08:31,0,142,2,19.4,65.9,42,20,38,19,1.61,1.355
2017-09-24,08:31,0,146,1,19.5,66.1,42,20,39,19,1.595,1.34
2017-09-24,08:31,0,141,2,19.4,66.0,42,20,39,19,1.61,1.355
2017-09-24,08:31,0,138,1,19.5,66.1,42,20,39,19,1.655,1.37
2017-09-24,08:31,0,136,2,19.4,66.0,42,20,39,20,1.645,1.385
2017-09-24,08:31,0,141,2,19.4,66.0,42,20,39,19,1.61,1.365
2017-09-24,08:32,0,143,0,19.4,66.0,42,20,38,19,1.6,1.345
2017-09-24,08:32,0,141,3,19.4,66.0,42,20,39,19,1.595,1.365
2017-09-24,08:32,0,144,3,19.4,66.0,42,21,39,19,1.62,1.37
2017-09-24,08:32,0,144,3,19.5,66.0,42,21,39,19,1.595,1.35
2017-09-24,08:32,0,142,2,19.5,66.0,42,20,39,19,1.6,1.345
2017-09-24,08:32,0,142,4,19.5,66.0,42,20,39,19,1.59,1.34
2017-09-24,08:32,0,142,4,19.4,65.8,42,20,39,19,1.63,1.37
2017-09-24,08:32,0,147,4,19.5,66.0,42,21,39,19,1.625,1.36
2017-09-24,08:32,0,139,3,19.4,65.9,42,20,39,19,1.78,1.345
2017-09-24,08:33,0,144,3,19.4,65.9,42,20,38,19,1.605,1.35
2017-09-24,08:33,0,145,3,19.5,66.0,42,20,38,19,1.6,1.36
2017-09-24,08:33,0,143,3,19.4,65.8,42,20,38,19,1.6,1.34
2017-09-24,08:33,0,143,4,19.4,65.9,42,20,38,19,1.595,1.345
2017-09-24,08:33,0,144,3,19.4,65.9,42,20,39,19,1.625,1.37
2017-09-24,08:33,0,139,1,19.4,65.9,42,20,39,19,1.61,1.34
2017-09-24,08:33,0,142,2,19.5,66.0,42,20,39,19,1.615,1.37
2017-09-24,08:33,0,144,4,19.5,66.0,42,21,39,19,1.61,1.355
2017-09-24,08:34,0,146,3,19.4,65.9,42,20,39,19,1.595,1.35
2017-09-24,08:34,0,143,0,19.4,65.8,42,20,39,19,1.585,1.35
2017-09-24,08:34,0,144,2,19.5,65.9,42,20,39,19,1.595,1.355
2017-09-24,08:34,0,137,3,19.5,65.9,42,20,39,19,1.59,1.355
2017-09-24,08:34,0,139,2,19.5,65.8,42,20,39,20,1.61,1.365
2017-09-24,08:34,0,142,2,19.5,65.9,42,20,39,20,1.61,1.35
2017-09-24,08:34,0,144,2,19.5,65.9,42,20,39,19,1.59,1.34
2017-09-24,08:34,0,142,1,19.5,65.9,42,21,39,19,1.63,1.355
2017-09-24,08:35,0,146,3,19.5,65.9,42,21,39,19,1.61,1.355
2017-09-24,08:35,0,144,3,19.5,65.7,42,20,39,19,1.615,1.385
2017-09-24,08:35,0,141,3,19.5,65.7,42,20,39,19,1.62,1.365
2017-09-24,08:35,0,144,1,19.5,65.7,42,20,38,19,1.61,1.365
2017-09-24,08:35,0,136,1,19.5,65.7,42,20,39,19,1.61,1.36
2017-09-24,08:35,0,143,2,19.5,65.8,42,20,39,20,1.605,1.36
2017-09-24,08:35,0,142,2,19.5,65.8,42,20,39,19,1.59,1.335
2017-09-24,08:35,0,142,1,19.5,65.8,42,21,39,19,1.595,1.345
2017-09-24,08:35,0,142,1,19.5,65.9,42,20,39,19,1.61,1.35
2017-09-24,08:36,0,142,3,19.4,65.8,42,20,39,19,1.595,1.365
2017-09-24,08:36,0,147,3,19.5,65.9,42,20,39,19,1.615,1.525
2017-09-24,08:36,0,134,2,19.5,66.0,42,20,39,19,1.585,1.345
2017-09-24,08:36,0,138,0,19.5,66.0,42,20,39,19,1.62,1.355
2017-09-24,08:36,0,138,2,19.5,66.1,42,20,39,19,1.59,1.34
2017-09-24,08:36,0,140,4,19.5,66.1,42,21,39,19,1.61,1.355
2017-09-24,08:36,0,140,3,19.5,66.0,42,20,38,19,19.5,16.25
2017-09-24,08:36,0,138,2,19.4,65.9,42,20,39,19,19.575,16.17
2017-09-24,08:37,0,147,3,19.5,66.0,42,21,38,19,19.505,16.04
2017-09-24,08:37,0,141,1,19.4,65.9,42,21,39,19,19.42,16.2
2017-09-24,08:37,0,139,1,19.5,66.0,42,21,39,19,19.625,16.16
2017-09-24,08:37,0,140,3,19.5,66.1,42,21,38,19,19.755,16.245
2017-09-24,08:37,0,141,3,19.4,66.0,42,20,38,19,19.54,16.305
2017-09-24,08:37,0,141,2,19.4,66.1,42,21,39,19,19.58,16.345
2017-09-24,08:37,0,143,3,19.4,66.1,42,20,38,19,19.605,16.25
2017-09-24,08:37,0,141,2,19.5,66.2,42,21,39,19,19.395,16.18
2017-09-24,08:37,0,139,3,19.4,66.0,42,20,38,19,19.515,16.095
2017-09-24,08:38,0,140,3,19.4,66.0,42,21,38,19,19.5,16.2
2017-09-24,08:38,0,128,0,19.4,66.0,42,21,39,19,19.445,16.215
2017-09-24,08:38,0,270,385,19.5,66.1,42,20,39,19,19.55,16.115
2017-09-24,08:38,0,268,393,19.5,66.2,42,20,39,19,19.56,16.24
2017-09-24,08:38,0,266,393,19.5,66.3,42,21,39,19,19.555,16.26
2017-09-24,08:38,0,267,395,19.4,66.3,42,20,39,19,1.625,1.385
2017-09-24,08:38,2,270,393,19.5,66.5,42,20,39,19,1.65,1.405
2017-09-24,08:38,0,268,392,19.5,66.8,42,21,39,19,1.65,1.395
2017-09-24,08:39,0,270,392,19.5,67.0,42,20,38,19,1.645,1.375
2017-09-24,08:39,0,271,393,19.5,67.2,42,20,38,19,1.665,1.39
2017-09-24,08:39,0,272,393,19.5,67.1,42,20,39,19,1.64,1.38
2017-09-24,08:39,0,271,391,19.5,67.0,42,20,38,19,1.655,1.385
2017-09-24,08:39,0,272,391,19.5,66.7,42,20,39,19,1.635,1.37
2017-09-24,08:39,0,271,392,19.5,66.7,42,20,38,19,1.64,1.375
2017-09-24,08:39,0,270,390,19.5,66.6,42,20,39,19,1.66,1.37
2017-09-24,08:39,0,275,390,19.5,66.6,42,20,38,19,1.63,1.385
2017-09-24,08:40,0,273,389,19.5,66.5,42,21,38,19,1.635,1.395
2017-09-24,08:40,0,268,390,19.5,66.5,42,20,38,19,1.64,1.395
2017-09-24,08:40,1,269,389,19.5,66.5,42,20,39,19,1.65,1.395
2017-09-24,08:40,2,272,390,19.5,66.5,42,20,38,20,1.685,1.395
2017-09-24,08:40,0,271,389,19.5,66.4,42,20,38,19,1.645,1.38
2017-09-24,08:40,1,268,388,19.5,66.4,42,20,39,19,1.635,1.375
2017-09-24,08:40,0,272,389,19.5,66.4,42,20,38,19,1.645,1.375
2017-09-24,08:40,1,271,387,19.5,66.4,41,20,39,19,1.635,1.365
2017-09-24,08:40,0,270,389,19.5,66.4,42,21,38,19,1.655,1.365
2017-09-24,08:41,0,143,4,19.5,66.5,42,20,38,19,1.605,1.35
2017-09-24,08:41,0,140,3,19.6,66.7,42,20,38,19,1.575,1.35
2017-09-24,08:41,0,145,1,19.6,66.8,42,20,39,19,1.605,1.36
2017-09-24,08:41,0,142,1,19.5,67.0,42,21,38,19,1.615,1.355
2017-09-24,08:41,0,140,2,19.5,67.0,42,20,38,19,1.61,1.355
2017-09-24,08:41,0,140,1,19.5,67.0,42,20,38,19,1.615,1.365
2017-09-24,08:41,0,141,1,19.5,66.9,42,20,39,19,1.605,1.33
2017-09-24,08:41,0,140,3,19.5,66.8,42,20,38,19,1.59,1.335
2017-09-24,08:42,0,136,0,19.5,66.7,42,20,39,19,1.575,1.33
2017-09-24,08:42,0,139,0,19.5,66.6,42,20,38,19,1.59,1.345
2017-09-24,08:42,0,134,1,19.5,66.6,42,20,39,19,1.64,1.54
2017-09-24,08:42,0,143,1,19.5,66.7,42,20,38,19,1.615,1.37
2017-09-24,08:42,0,140,3,19.5,66.9,42,20,39,19,1.59,1.34
2017-09-24,08:42,0,140,3,19.5,66.8,42,21,39,19,1.62,1.345
2017-09-24,08:42,0,141,0,19.5,67.0,42,20,38,19,1.61,1.365
2017-09-24,08:42,0,143,1,19.5,67.1,42,21,38,19,1.58,1.36
2017-09-24,08:43,0,139,2,19.5,66.8,42,20,38,19,1.585,1.36
2017-09-24,08:43,0,140,1,19.5,66.7,42,21,38,19,1.61,1.365
2017-09-24,08:43,0,142,2,19.5,66.7,42,20,38,19,1.585,1.345
2017-09-24,08:43,0,140,1,19.5,66.7,42,20,39,19,1.585,1.355
2017-09-24,08:43,0,145,2,19.5,66.6,42,20,38,19,1.59,1.35
2017-09-24,08:43,0,138,1,19.5,66.7,42,20,39,19,1.585,1.35
2017-09-24,08:43,0,143,2,19.5,67.0,42,20,38,19,1.59,1.38
2017-09-24,08:43,0,140,1,19.5,66.9,42,20,39,19,1.57,1.36
2017-09-24,08:44,0,141,2,19.5,66.8,42,21,38,20,1.575,1.34
2017-09-24,08:44,0,140,1,19.5,66.7,42,21,39,19,1.575,1.36
2017-09-24,08:44,0,140,2,19.5,66.8,42,20,38,19,1.59,1.36
2017-09-24,08:44,0,136,0,19.5,66.9,42,20,39,19,1.595,1.335
2017-09-24,08:44,0,142,2,19.5,66.9,42,21,38,19,1.605,1.345
2017-09-24,08:44,0,137,2,19.5,67.1,42,20,38,19,1.58,1.33
2017-09-24,08:44,0,140,1,19.5,67.1,42,20,38,19,1.585,1.35
2017-09-24,08:44,0,135,2,19.5,67.1,42,20,38,19,1.61,1.355
2017-09-24,08:44,0,139,1,19.5,67.0,42,20,39,19,1.585,1.34
2017-09-24,08:45,0,139,1,19.5,67.0,42,21,39,19,1.585,1.335
2017-09-24,08:45,0,138,3,19.5,67.1,42,20,39,19,1.6,1.365
2017-09-24,08:45,0,139,3,19.5,67.3,42,20,38,19,1.6,1.35
2017-09-24,08:45,0,139,3,19.5,67.3,42,21,38,19,1.61,1.36
2017-09-24,08:45,0,143,3,19.5,67.4,42,21,39,19,1.62,1.35
2017-09-24,08:45,0,139,2,19.5,67.4,42,20,38,19,1.595,1.34
2017-09-24,08:45,0,140,0,19.5,67.5,42,20,38,19,1.58,1.32
2017-09-24,08:45,0,140,2,19.5,67.5,42,20,38,19,1.595,1.35
2017-09-24,08:46,0,140,1,19.5,67.6,42,20,38,19,1.615,1.37
2017-09-24,08:46,0,135,3,19.5,67.5,42,20,39,19,1.615,1.365
2017-09-24,08:46,0,138,1,19.5,67.5,42,20,39,20,1.605,1.36
2017-09-24,08:46,0,139,1,19.5,67.4,42,21,38,19,1.6,1.35
2017-09-24,08:46,0,137,0,19.5,67.3,42,20,38,19,1.59,1.35
2017-09-24,08:46,0,139,3,19.5,67.5,42,20,39,19,1.615,1.355
2017-09-24,08:46,0,139,4,19.5,67.5,42,20,38,19,1.59,1.35
2017-09-24,08:46,0,139,0,19.5,67.7,42,20,38,19,1.62,1.365
2017-09-24,08:47,0,138,1,19.5,67.6,42,20,38,19,1.61,1.365
2017-09-24,08:47,0,139,2,19.5,67.6,42,20,38,19,1.6,1.345
2017-09-24,08:47,0,137,0,19.5,67.5,42,20,39,19,1.625,1.36
2017-09-24,08:47,0,137,0,19.4,67.3,42,21,38,19,1.63,1.365
2017-09-24,08:47,0,138,2,19.5,67.6,42,20,38,19,1.59,1.37
2017-09-24,08:47,0,135,2,19.5,67.5,42,20,39,19,1.62,1.36
2017-09-24,08:47,0,137,0,19.5,67.5,42,20,38,19,1.64,1.365
2017-09-24,08:47,0,139,2,19.5,67.5,42,20,38,19,1.595,1.36
2017-09-24,08:47,0,135,2,19.5,67.5,42,20,39,20,1.625,1.365
2017-09-24,08:48,0,140,1,19.5,67.4,41,20,39,19,1.595,1.345
2017-09-24,08:48,0,142,2,19.5,67.4,42,20,38,19,1.615,1.335
2017-09-24,08:48,0,139,2,19.5,67.5,42,20,39,20,1.585,1.345
2017-09-24,08:48,0,132,2,19.5,67.5,42,20,39,20,1.61,1.36
2017-09-24,08:48,0,138,1,19.5,67.5,41,20,39,19,1.59,1.345
2017-09-24,08:48,0,137,2,19.5,67.6,42,20,39,19,1.585,1.335
2017-09-24,08:48,0,142,1,19.5,67.6,42,20,39,19,1.595,1.35
2017-09-24,08:48,0,143,2,19.5,67.5,42,20,38,19,1.61,1.355
2017-09-24,08:49,0,138,2,19.5,67.4,42,20,38,19,1.615,1.345
2017-09-24,08:49,0,137,2,19.5,67.4,42,20,38,19,1.59,1.335
2017-09-24,08:49,0,140,2,19.5,67.5,42,20,38,19,1.655,1.345
2017-09-24,08:49,0,138,2,19.5,67.5,42,21,38,19,1.605,1.355
2017-09-24,08:49,0,138,2,19.5,67.6,42,21,38,19,1.575,1.33
2017-09-24,08:49,0,138,2,19.5,67.8,42,20,38,19,1.575,1.335
2017-09-24,08:49,0,139,0,19.5,67.8,42,20,38,19,1.595,1.34
2017-09-24,08:49,0,133,0,19.5,67.9,41,20,38,19,1.59,1.355
2017-09-24,08:50,0,137,1,19.5,67.6,42,20,38,20,1.59,1.355
2017-09-24,08:50,0,132,0,19.5,67.4,42,20,39,19,1.6,1.345
2017-09-24,08:50,0,134,0,19.5,67.3,42,20,39,20,1.58,1.335
2017-09-24,08:50,0,134,2,19.5,67.3,42,20,39,19,1.58,1.35
2017-09-24,08:50,0,136,1,19.5,67.5,42,20,39,19,1.575,1.335
2017-09-24,08:50,0,138,3,19.5,67.4,42,20,39,19,1.595,1.36
2017-09-24,08:50,0,138,1,19.5,67.5,42,20,38,19,1.6,1.355
2017-09-24,08:50,0,138,3,19.5,67.5,42,20,38,19,1.605,1.335
2017-09-24,08:50,0,138,2,19.5,67.4,42,20,38,19,1.58,1.335
2017-09-24,08:51,0,137,2,19.5,67.5,42,20,38,19,1.615,1.355
2017-09-24,08:51,0,137,1,19.5,67.5,42,20,38,19,1.61,1.35
2017-09-24,08:51,0,136,2,19.5,67.4,42,20,38,19,1.615,1.355
2017-09-24,08:51,0,134,2,19.5,67.3,42,20,38,19,1.6,1.355
2017-09-24,08:51,0,136,1,19.5,67.3,42,20,38,19,1.58,1.345
2017-09-24,08:51,0,136,1,19.5,67.3,42,20,39,19,1.605,1.37
2017-09-24,08:51,0,132,1,19.5,67.4,42,20,39,19,1.61,1.36
2017-09-24,08:51,0,133,0,19.5,67.4,42,20,38,19,1.615,1.35
2017-09-24,08:52,0,134,1,19.4,67.3,42,20,38,19,1.615,1.37
2017-09-24,08:52,0,133,1,19.4,67.5,42,20,39,19,1.6,1.345
2017-09-24,08:52,0,136,0,19.5,67.5,42,20,38,19,1.595,1.345
2017-09-24,08:52,0,140,2,19.4,67.3,42,20,38,19,1.6,1.345
2017-09-24,08:52,0,139,2,19.4,67.4,42,20,38,19,1.605,1.36
2017-09-24,08:52,0,141,1,19.4,67.4,42,21,38,19,1.6,1.36
2017-09-24,08:52,0,141,3,19.4,67.4,42,20,38,19,1.6,1.37
2017-09-24,08:52,0,139,1,19.5,67.4,42,20,39,19,1.605,1.355
2017-09-24,08:53,0,137,2,19.4,67.2,42,21,38,19,1.595,1.345
2017-09-24,08:53,0,137,1,19.4,67.1,42,21,38,19,1.58,1.34
2017-09-24,08:53,0,134,3,19.5,67.0,42,21,38,19,1.58,1.335
2017-09-24,08:53,0,134,1,19.5,66.9,42,21,38,19,1.575,1.33
2017-09-24,08:53,0,135,1,19.5,67.1,42,20,39,19,1.595,1.355
2017-09-24,08:53,0,137,1,19.5,67.1,42,20,38,19,1.61,1.345
2017-09-24,08:53,0,132,1,19.5,67.2,41,21,39,19,1.59,1.34
2017-09-24,08:53,0,132,1,19.5,67.2,42,20,39,19,1.74,1.33
2017-09-24,08:53,0,135,2,19.5,67.4,42,20,39,19,1.575,1.365
2017-09-24,08:54,0,134,2,19.5,67.6,42,20,39,19,1.595,1.34
2017-09-24,08:54,0,135,1,19.5,67.9,42,20,39,19,1.575,1.335
2017-09-24,08:54,0,135,1,19.5,67.9,42,20,39,19,1.58,1.34
2017-09-24,08:54,0,136,1,19.5,67.9,42,20,38,19,1.59,1.335
2017-09-24,08:54,0,132,1,19.5,67.9,42,20,39,19,1.6,1.345
2017-09-24,08:54,0,136,1,19.5,68.1,42,20,38,20,1.58,1.34
2017-09-24,08:54,0,136,0,19.5,68.0,42,20,38,19,1.57,1.33
2017-09-24,08:54,0,136,1,19.5,67.8,42,20,38,19,1.58,1.325
2017-09-24,08:55,0,139,2,19.5,67.7,42,20,38,19,1.595,1.345
2017-09-24,08:55,0,138,2,19.5,67.6,42,21,38,19,1.615,1.36
2017-09-24,08:55,0,138,1,19.5,67.7,42,20,38,19,1.58,1.34
2017-09-24,08:55,0,135,2,19.5,67.7,42,21,38,19,1.575,1.315
2017-09-24,08:55,0,135,0,19.5,67.8,42,21,39,19,1.615,1.355
2017-09-24,08:55,0,130,2,19.4,67.9,42,20,39,20,1.59,1.345
2017-09-24,08:55,0,129,3,19.5,68.0,42,20,38,20,1.585,1.35
2017-09-24,08:55,0,131,1,19.5,67.6,42,20,38,19,1.585,1.345
2017-09-24,08:56,0,135,1,19.5,67.6,42,20,39,19,1.575,1.34
2017-09-24,08:56,1,135,2,19.4,67.5,42,20,38,19,1.61,1.35
2017-09-24,08:56,0,137,2,19.5,67.5,42,21,38,19,1.605,1.36
2017-09-24,08:56,0,140,1,19.5,67.3,42,21,38,19,1.565,1.335
2017-09-24,08:56,0,132,1,19.5,67.1,42,20,39,19,1.61,1.345
2017-09-24,08:56,0,129,0,19.5,67.3,42,20,38,19,1.595,1.33
2017-09-24,08:56,0,134,2,19.5,67.5,42,20,38,19,1.595,1.34
2017-09-24,08:56,0,136,2,19.5,67.8,42,21,38,19,1.59,1.345
2017-09-24,08:57,0,135,3,19.5,67.8,42,21,38,19,1.575,1.37
2017-09-24,08:57,0,134,0,19.5,67.9,42,20,38,19,1.575,1.32
2017-09-24,08:57,0,135,2,19.5,68.0,42,21,38,19,1.59,1.39
2017-09-24,08:57,0,138,2,19.5,68.0,42,21,38,19,1.575,1.325
2017-09-24,08:57,0,134,1,19.5,67.9,42,20,38,20,1.605,1.35
2017-09-24,08:57,0,134,3,19.4,67.7,42,20,38,19,1.575,1.32
2017-09-24,08:57,0,135,2,19.5,67.7,42,20,38,19,1.605,1.345
2017-09-24,08:57,0,137,2,19.5,67.9,42,21,38,19,1.595,1.355
2017-09-24,08:57,0,138,2,19.5,67.9,42,21,38,19,1.565,1.335
2017-09-24,08:58,0,134,4,19.5,67.8,42,20,39,19,1.58,1.375
2017-09-24,08:58,0,135,1,19.5,67.7,42,20,38,20,1.565,1.32
2017-09-24,08:58,0,135,2,19.5,67.7,42,20,38,19,1.59,1.34
2017-09-24,08:58,0,135,2,19.5,67.7,42,20,39,19,1.595,1.355
2017-09-24,08:58,0,132,1,19.5,67.7,42,20,38,19,1.565,1.32
2017-09-24,08:58,0,135,2,19.5,67.6,42,20,38,19,1.6,1.35
2017-09-24,08:58,0,134,2,19.5,67.8,42,20,39,19,1.595,1.34
2017-09-24,08:58,0,132,0,19.5,67.8,42,20,38,19,1.59,1.34
2017-09-24,08:59,0,136,2,19.5,67.9,42,21,38,19,1.605,1.365
2017-09-24,08:59,0,137,2,19.5,67.8,42,20,39,19,1.605,1.36
2017-09-24,08:59,0,134,1,19.4,67.6,42,20,38,19,1.585,1.335
2017-09-24,08:59,0,136,2,19.5,67.8,42,20,38,19,1.605,1.36
2017-09-24,08:59,0,135,1,19.5,67.8,42,21,38,19,1.58,1.325
2017-09-24,08:59,0,133,1,19.5,67.8,42,21,39,19,1.585,1.34
2017-09-24,08:59,0,133,0,19.5,67.6,42,21,38,19,1.575,1.38
2017-09-24,08:59,0,133,1,19.5,67.5,41,21,39,19,1.605,1.345
2017-09-24,09:00,0,134,1,19.5,67.5,42,21,38,19,1.6,1.36
2017-09-24,09:00,0,132,3,19.5,67.4,42,20,38,19,1.59,1.35
2017-09-24,09:00,0,132,1,19.5,67.3,42,20,38,19,1.59,1.325
2017-09-24,09:00,0,133,1,19.5,67.4,42,20,38,19,1.585,1.345
2017-09-24,09:00,0,128,1,19.5,67.4,42,21,38,19,1.595,1.345
2017-09-24,09:00,0,136,2,19.5,67.5,42,21,38,19,1.58,1.35
2017-09-24,09:00,0,328,279,19.5,67.7,41,20,38,19,2.39,1.98
2017-09-24,09:00,0,329,305,19.5,67.6,42,21,38,19,2.41,2.015
2017-09-24,09:00,3,393,498,19.5,67.8,42,21,38,19,2.405,1.985
2017-09-24,09:01,3,386,490,19.4,67.6,42,21,39,19,2.41,2.01
2017-09-24,09:01,3,384,492,19.4,67.7,42,21,39,19,2.415,2.005
2017-09-24,09:01,4,388,489,19.5,68.0,41,21,39,19,2.41,2.02
2017-09-24,09:01,4,383,499,19.6,68.3,41,21,39,19,2.44,2.01
2017-09-24,09:01,2,395,494,19.7,67.9,42,20,38,19,2.415,2.005
2017-09-24,09:01,4,395,493,19.7,67.5,43,20,39,19,19.9,16.625
2017-09-24,09:01,5,396,493,19.7,67.5,44,20,38,19,19.77,16.465
2017-09-24,09:01,5,397,491,19.7,67.6,45,19,38,19,19.86,16.34
2017-09-24,09:02,4,393,490,19.7,67.6,46,19,38,19,19.81,16.425
2017-09-24,09:02,4,399,489,19.7,68.9,46,18,38,20,19.695,16.5
2017-09-24,09:02,5,395,490,19.7,73.0,46,18,38,19,19.905,16.335
2017-09-24,09:02,3,394,490,19.8,72.1,47,18,38,19,19.7,16.42
2017-09-24,09:02,5,392,486,19.9,74.7,47,17,38,19,19.795,16.33
2017-09-24,09:02,4,392,490,20.5,91.1,47,17,38,19,19.76,16.265
2017-09-24,09:02,5,392,488,20.6,89.3,47,17,38,19,19.78,16.37
2017-09-24,09:02,5,392,487,21.1,98.2,48,17,38,19,19.655,16.415
2017-09-24,09:02,5,393,485,21.2,99.9,47,17,38,19,19.75,16.265
2017-09-24,09:03,3,390,482,21.5,99.9,48,17,38,20,19.535,16.31
2017-09-24,09:03,5,387,481,21.6,99.9,48,17,38,19,19.575,16.28
2017-09-24,09:03,3,392,488,21.8,99.9,48,17,38,20,19.82,16.37
2017-09-24,09:03,5,396,486,22.0,99.9,48,17,38,19,19.665,16.01
2017-09-24,09:03,5,393,484,22.0,99.9,48,17,38,19,19.245,16.075
2017-09-24,09:03,5,395,485,22.3,99.9,48,17,38,19,19.185,16.075
2017-09-24,09:03,5,395,487,22.7,99.9,48,17,38,19,19.255,16.1
2017-09-24,09:03,5,395,486,23.6,99.9,48,17,38,19,19.2,16.085
2017-09-24,09:04,5,396,484,23.8,99.9,48,17,38,19,19.285,16.055
2017-09-24,09:04,5,394,486,23.7,99.9,48,17,38,19,19.3,16.035
2017-09-24,09:04,5,394,485,22.6,99.9,48,17,38,19,19.35,16.0
2017-09-24,09:04,4,323,303,22.3,99.9,48,17,38,19,19.39,15.89
2017-09-24,09:04,3,320,302,23.0,99.9,48,17,38,19,19.225,16.03
2017-09-24,09:04,4,325,301,22.9,99.9,48,17,38,19,19.285,16.0
2017-09-24,09:04,4,322,306,22.8,99.9,48,17,38,19,19.34,16.0
2017-09-24,09:04,3,323,304,22.7,99.9,48,17,38,19,19.21,16.045
2017-09-24,09:04,3,323,304,23.1,99.9,48,17,38,20,19.345,15.955
2017-09-24,09:05,5,320,301,23.0,99.9,48,17,37,19,19.275,16.025
2017-09-24,09:05,4,322,295,23.3,99.9,48,17,37,19,19.33,16.01
2017-09-24,09:05,3,321,306,23.1,99.9,48,17,37,19,19.39,16.01
2017-09-24,09:05,4,322,306,23.1,99.9,48,17,37,19,19.42,15.945
2017-09-24,09:05,5,394,485,22.9,99.9,48,17,37,19,19.415,16.05
2017-09-24,09:05,5,396,486,22.8,99.9,48,17,37,19,19.43,16.115
2017-09-24,09:05,5,399,487,22.6,99.4,48,17,37,19,19.365,16.155
2017-09-24,09:05,5,399,486,22.9,99.9,48,17,37,19,19.365,16.175
2017-09-24,09:06,5,397,488,23.6,99.9,48,17,36,19,19.49,16.18
2017-09-24,09:06,4,396,487,23.2,99.9,48,17,36,19,19.54,16.08
2017-09-24,09:06,5,389,484,23.0,99.9,48,17,36,19,19.355,16.19
2017-09-24,09:06,6,398,487,22.8,99.9,48,17,36,19,19.57,16.12
2017-09-24,09:06,7,395,485,23.3,99.9,48,17,36,19,19.53,16.265
2017-09-24,09:06,6,399,487,23.5,99.9,48,17,36,19,19.6,16.225
2017-09-24,09:06,6,396,487,24.1,99.9,48,17,35,19,19.525,16.275
2017-09-24,09:06,6,400,488,23.2,99.9,48,17,35,19,19.605,16.135
2017-09-24,09:06,7,397,485,23.2,99.9,48,17,35,19,19.525,16.33
2017-09-24,09:07,5,398,487,23.7,99.9,47,17,35,19,19.59,16.22
2017-09-24,09:07,4,392,482,23.5,99.9,47,17,34,19,19.56,16.14
2017-09-24,09:07,7,398,486,23.7,99.9,47,17,34,19,19.585,16.195
2017-09-24,09:07,6,398,487,24.2,99.9,47,17,35,19,19.445,16.265
2017-09-24,09:07,3,395,485,23.6,99.9,47,17,34,19,19.6,16.15
2017-09-24,09:07,3,396,482,23.8,99.9,47,17,33,19,19.5,16.14
2017-09-24,09:07,5,379,486,23.7,99.9,47,17,34,19,19.57,16.165
2017-09-24,09:07,6,400,487,23.7,99.9,47,17,34,19,19.54,16.295
2017-09-24,09:08,6,403,490,23.4,99.9,47,17,33,19,19.685,16.165
2017-09-24,09:08,5,401,488,23.2,99.9,46,17,33,19,19.45,16.235
2017-09-24,09:08,5,404,490,23.1,99.9,47,17,33,19,19.625,16.21
2017-09-24,09:08,5,404,488,22.9,99.9,46,17,33,19,19.61,16.1
2017-09-24,09:08,6,399,485,22.7,98.0,46,17,32,19,19.545,16.09
2017-09-24,09:08,8,403,487,22.5,96.1,46,17,33,19,19.545,16.375
2017-09-24,09:08,7,404,489,22.4,95.0,46,17,32,19,19.72,16.23
2017-09-24,09:08,6,406,487,22.2,94.2,46,17,32,19,19.53,16.35
2017-09-24,09:08,8,404,489,22.1,96.3,46,17,32,19,19.53,16.3
2017-09-24,09:09,8,404,490,22.0,96,46,17,32,19,19.035,15.65
2017-09-24,09:09,0,265,378,22.0,94.8,46,17,32,19,19.02,15.805
2017-09-24,09:09,0,260,374,21.8,92.1,46,17,32,19,18.99,15.775
2017-09-24,09:09,1,260,374,21.7,93.1,46,17,31,19,19.025,15.735
2017-09-24,09:09,1,259,374,21.6,94.0,46,17,31,19,18.96,15.76
2017-09-24,09:09,0,258,378,21.6,93.1,46,17,31,19,19.055,15.675
2017-09-24,09:09,2,267,378,21.4,89.9,46,17,31,19,19.005,15.76
2017-09-24,09:09,0,261,378,21.4,91.4,46,17,31,19,18.915,15.74
2017-09-24,09:10,0,133,3,21.3,91.4,46,17,31,19,19.015,15.68
2017-09-24,09:10,0,139,2,21.2,90.2,46,17,30,19,18.965,15.61
2017-09-24,09:10,0,137,1,21.2,90.7,46,17,31,19,18.99,15.66
2017-09-24,09:10,0,136,1,21.1,89.7,46,17,30,19,18.97,15.625
2017-09-24,09:10,0,137,1,21.1,91.6,45,17,30,19,18.94,15.715
2017-09-24,09:10,0,134,1,21.0,90.1,46,17,30,19,18.9,15.72
2017-09-24,09:10,0,134,1,21.0,89.1,46,17,30,19,18.93,15.715
2017-09-24,09:10,0,135,1,20.9,88.3,45,17,30,19,18.86,15.75
2017-09-24,09:10,0,134,0,20.8,88.2,45,17,30,19,18.855,15.71
2017-09-24,09:11,0,131,1,20.8,86.9,45,17,30,19,18.995,15.68
2017-09-24,09:11,0,132,0,20.8,88.1,45,17,30,19,19.115,15.675
2017-09-24,09:11,0,133,0,20.8,86.3,45,17,30,19,18.89,15.785
2017-09-24,09:11,0,138,3,20.8,87.9,45,17,31,19,19.035,15.71
2017-09-24,09:11,0,140,2,20.7,87.0,45,17,30,19,19.03,15.65
2017-09-24,09:11,0,138,2,20.7,87.4,45,17,30,19,18.94,15.63
2017-09-24,09:11,0,134,1,20.6,87.1,45,17,30,19,18.93,15.745
2017-09-24,09:11,0,135,1,20.6,88.1,45,17,30,19,18.915,15.77
2017-09-24,09:12,0,128,2,20.6,89.0,45,17,30,19,19.09,15.72
2017-09-24,09:12,0,137,0,20.6,88.8,45,17,30,19,19.105,15.755
2017-09-24,09:12,0,133,3,20.6,87.3,45,17,31,19,19.035,15.885
2017-09-24,09:12,0,139,3,20.6,89.2,45,17,31,19,19.15,15.745
2017-09-24,09:12,1,137,2,20.6,87.4,45,17,30,19,19.025,15.83
2017-09-24,09:12,0,134,0,20.5,85.1,45,17,30,19,18.99,15.84
2017-09-24,09:12,0,134,0,20.5,84.8,45,17,30,19,19.085,15.725
2017-09-24,09:12,0,135,0,20.5,85.1,45,17,30,19,19.055,15.94
2017-09-24,09:12,0,133,3,20.4,84.2,45,17,30,19,19.085,15.74
2017-09-24,09:13,0,136,3,20.4,84.5,45,17,30,19,19.075,15.71
2017-09-24,09:13,0,137,0,20.4,86.4,45,17,30,19,19.065,15.68
2017-09-24,09:13,0,134,2,20.4,85.7,45,17,30,18,19.055,15.77
2017-09-24,09:13,0,134,2,20.4,87.0,45,17,30,19,18.985,15.785
2017-09-24,09:13,0,135,1,20.4,85.5,45,17,31,19,18.92,15.785
2017-09-24,09:13,0,135,1,20.4,86.5,44,17,31,19,19.075,15.72
2017-09-24,09:13,0,132,0,20.4,87.2,44,17,31,19,19.1,15.665
2017-09-24,09:13,0,133,0,20.4,88.0,44,17,31,19,18.88,15.775
2017-09-24,09:14,0,133,1,20.4,87.7,44,18,31,19,19.03,15.75
2017-09-24,09:14,0,136,0,20.4,87.2,44,17,31,18,19.06,15.685
2017-09-24,09:14,0,137,2,20.3,86.5,44,17,31,18,19.045,15.745
2017-09-24,09:14,0,134,2,20.3,84.3,45,17,31,18,18.995,15.825
2017-09-24,09:14,0,134,2,20.3,84.6,45,17,31,19,18.93,15.845
2017-09-24,09:14,0,134,0,20.3,84.9,44,17,31,19,30.555,26.29
2017-09-24,09:14,0,134,0,20.2,83.7,44,18,32,18,30.885,26.155
2017-09-24,09:14,0,137,3,20.2,83.0,44,18,31,18,30.585,26.22
2017-09-24,09:14,0,135,1,20.3,86.0,44,17,31,18,30.445,26.26
2017-09-24,09:15,0,131,0,20.3,85.5,44,17,32,19,30.75,25.955
2017-09-24,09:15,0,138,1,20.2,83.9,44,18,32,18,30.345,26.135
2017-09-24,09:15,0,135,2,20.2,82.7,44,17,32,18,30.625,25.86
2017-09-24,09:15,0,135,0,20.3,84.8,44,17,32,19,30.34,26.19
2017-09-24,09:15,0,133,1,20.2,83.2,44,17,32,19,30.625,25.83
2017-09-24,09:15,0,134,3,20.2,82.1,44,17,32,18,30.45,25.915
2017-09-24,09:15,0,134,1,20.1,81.0,44,18,32,18,18.895,15.54
2017-09-24,09:15,0,134,0,20.1,81.1,44,18,32,18,18.885,25.94
2017-09-24,09:16,0,134,1,20.2,80.9,44,18,32,19,30.68,25.885
2017-09-24,09:16,0,138,1,20.1,81.2,44,18,32,18,30.42,26.02
2017-09-24,09:16,0,136,2,20.1,84.1,44,17,32,18,30.67,25.95
2017-09-24,09:16,0,135,0,20.2,84.3,44,17,32,19,30.365,26.195
2017-09-24,09:16,0,134,1,20.2,86.3,44,17,33,19,30.67,25.885
2017-09-24,09:16,0,139,1,20.2,86.3,44,18,33,18,30.615,25.955
2017-09-24,09:16,0,136,0,20.2,85.9,44,17,33,18,30.405,26.065
2017-09-24,09:16,0,135,0,20.2,86.5,44,17,33,19,30.6,25.855
2017-09-24,09:16,0,140,3,20.2,84.2,44,18,33,18,30.365,26.205
2017-09-24,09:17,0,137,2,20.2,83.8,44,18,33,18,30.615,25.815
2017-09-24,09:17,0,136,1,20.2,83.6,44,17,33,19,30.32,26.045
2017-09-24,09:17,0,136,1,20.2,82.9,43,17,33,19,30.565,25.78
2017-09-24,09:17,0,133,2,20.2,84.6,44,18,34,18,30.465,26.015
2017-09-24,09:17,0,136,2,20.3,85.8,44,17,33,18,30.675,25.975
2017-09-24,09:17,0,136,0,20.3,85.1,44,17,33,19,30.4,25.905
2017-09-24,09:17,0,131,1,20.3,84.4,43,17,34,19,30.35,26.22
2017-09-24,09:17,0,134,1,20.3,83.0,43,17,34,19,30.535,25.87
2017-09-24,09:17,0,134,3,20.4,84.0,43,18,34,18,30.61,25.905
2017-09-24,09:18,0,139,1,20.4,83.8,43,18,34,18,30.41,26.07
2017-09-24,09:18,0,138,2,20.5,82.3,43,18,34,18,30.67,25.93
2017-09-24,09:18,0,136,2,20.5,82.3,44,17,34,18,30.415,26.07
2017-09-24,09:18,0,130,0,20.5,82.4,43,17,34,18,18.945,15.62
2017-09-24,09:18,0,137,2,20.6,81.3,43,18,35,18,18.97,15.64
2017-09-24,09:18,0,135,2,20.6,81.5,44,17,35,18,21.665,17.88
2017-09-24,09:18,0,134,0,20.6,80.8,43,17,35,18,21.215,17.64
2017-09-24,09:18,0,135,1,20.6,80.9,43,18,35,18,20.7,16.95
2017-09-24,09:19,0,138,2,20.6,81.3,43,18,35,18,20.31,16.305
2017-09-24,09:19,0,135,0,20.6,80.8,43,18,35,18,20.375,16.42
2017-09-24,09:19,0,135,1,20.6,81.3,43,18,35,18,20.49,16.11
2017-09-24,09:19,0,135,2,20.6,81.0,43,18,35,18,19.265,16.795
2017-09-24,09:19,0,138,1,20.6,81.3,43,17,35,18,19.66,16.45
2017-09-24,09:19,0,132,1,20.6,81.5,43,17,35,18,19.82,15.76
2017-09-24,09:19,0,134,2,20.5,81.9,43,18,35,18,20.705,15.99
2017-09-24,09:19,0,139,2,20.5,82.2,43,18,35,18,18.99,16.025
2017-09-24,09:19,0,143,2,20.5,82.2,43,18,35,18,18.87,16.405
2017-09-24,09:20,0,142,3,20.5,81.8,43,18,36,18,19.585,15.68
2017-09-24,09:20,0,136,0,20.5,82.6,43,17,36,18,18.945,16.225
2017-09-24,09:20,0,133,2,20.5,82.7,43,17,36,19,18.9,16.045
2017-09-24,09:20,0,134,1,20.5,84.3,43,17,36,18,19.385,16.98
2017-09-24,09:20,0,137,1,20.5,84.3,43,17,36,18,19.645,15.665
2017-09-24,09:20,0,135,2,20.5,84.0,43,18,36,18,19.005,15.625
2017-09-24,09:20,0,139,2,20.4,83.0,43,18,36,18,19.005,16.05
2017-09-24,09:20,0,136,1,20.4,82.9,43,17,36,18,19.495,15.655
2017-09-24,09:21,0,136,2,20.4,83.0,43,18,36,18,20.77,15.67
2017-09-24,09:21,0,140,2,20.4,83.0,43,18,37,18,20.515,15.63
2017-09-24,09:21,0,137,2,20.3,84.7,43,18,37,18,20.735,15.655
2017-09-24,09:21,0,135,1,20.3,83.9,43,18,37,18,20.58,15.69
2017-09-24,09:21,0,136,2,20.3,83.6,43,17,37,18,20.755,15.685
2017-09-24,09:21,0,136,2,20.3,84.2,43,18,37,18,19.16,15.78
2017-09-24,09:21,0,139,2,20.3,83.6,43,18,37,18,18.93,16.89
2017-09-24,09:21,0,139,2,20.2,83.3,43,18,37,18,19.955,15.605
2017-09-24,09:21,0,138,2,20.2,83.4,43,17,37,18,18.975,15.65
2017-09-24,09:22,0,137,2,20.2,82.5,43,17,37,18,18.98,15.635
2017-09-24,09:22,0,134,1,20.2,82.6,43,18,37,18,20.615,15.68
2017-09-24,09:22,0,140,1,20.2,83.2,43,18,38,18,18.82,15.78
2017-09-24,09:22,0,140,2,20.2,82.5,43,18,38,18,19.07,15.745
2017-09-24,09:22,0,142,2,20.2,82.7,43,18,38,18,18.835,17.11
2017-09-24,09:22,0,138,3,20.1,82.0,43,18,38,18,18.87,16.195
2017-09-24,09:22,0,140,2,20.1,82.0,43,17,38,18,19.74,15.965
2017-09-24,09:22,0,136,2,20.1,82.1,43,18,38,18,20.035,15.94
2017-09-24,09:23,0,137,2,20.1,82.6,43,18,38,18,20.39,15.535
2017-09-24,09:23,0,139,2,20.1,82.7,43,17,38,18,19.215,16.98
2017-09-24,09:23,0,140,2,20.1,82.4,43,18,38,18,20.5,15.95
2017-09-24,09:23,0,141,1,20.1,82.8,43,18,38,18,20.55,16.98
2017-09-24,09:23,0,142,2,20.2,82.9,43,18,39,18,18.755,16.585
2017-09-24,09:23,0,137,2,20.2,82.8,42,18,39,18,18.81,16.915
2017-09-24,09:23,0,137,1,20.2,82.6,42,18,39,18,18.82,15.57
2017-09-24,09:23,0,137,1,20.2,82.8,42,17,39,18,20.435,16.92
2017-09-24,09:23,0,140,1,20.2,82.2,42,18,39,18,20.42,15.53
2017-09-24,09:24,0,140,1,20.1,82.3,42,17,39,18,18.76,16.96
2017-09-24,09:24,0,137,0,20.1,82.4,42,17,39,18,18.73,15.61
2017-09-24,09:24,0,139,0,20.1,82.8,42,17,39,18,20.25,16.055
2017-09-24,09:24,0,140,2,20.0,81.6,43,17,39,18,18.865,16.98
2017-09-24,09:24,0,139,2,20.1,82.7,42,17,39,18,18.935,16.54
2017-09-24,09:24,0,139,2,20.1,83.0,42,18,39,18,18.92,17.05
2017-09-24,09:24,0,141,2,20.1,82.5,42,17,39,18,20.59,15.695
2017-09-24,09:24,0,142,2,20.1,82.2,42,18,40,18,20.675,15.92
2017-09-24,09:25,0,137,2,20.0,81.6,42,18,40,18,19.24,16.895
2017-09-24,09:25,0,141,1,20.0,80.8,42,17,40,18,20.1,15.735
2017-09-24,09:25,0,139,0,20.0,81.0,42,17,40,18,18.89,17.12
2017-09-24,09:25,0,139,2,20.0,80.6,42,18,40,18,20.02,16.11
2017-09-24,09:25,0,141,3,20.0,80.6,42,18,40,18,18.995,16.195
2017-09-24,09:25,0,143,2,20.0,79.8,42,18,40,18,19.48,15.63
2017-09-24,09:25,1,141,2,19.9,79.4,42,18,40,18,20.485,15.73
2017-09-24,09:25,0,140,2,19.9,79.7,42,18,40,18,19.875,15.92
2017-09-24,09:25,0,143,2,20.0,79.6,42,18,40,18,18.98,16.81
2017-09-24,09:26,0,143,2,19.9,78.7,42,17,40,18,18.95,15.605
2017-09-24,09:26,0,138,2,19.9,79.3,42,18,40,18,20.71,15.61
2017-09-24,09:26,0,140,2,20.0,79.8,42,17,41,18,20.135,15.655
2017-09-24,09:26,0,140,1,20.0,79.4,42,18,41,18,20.63,15.73
2017-09-24,09:26,0,140,2,19.9,79.8,42,18,41,18,18.82,16.95
2017-09-24,09:26,0,142,2,19.9,81.2,42,18,41,18,19.34,17.015
2017-09-24,09:26,0,139,2,20.0,79.8,42,18,41,18,18.805,16.72
2017-09-24,09:26,0,142,3,20.0,79.7,42,18,41,18,1.495,2.605
2017-09-24,09:27,0,140,2,20.0,79.6,42,18,41,18,1.4,1.21
2017-09-24,09:27,0,143,3,19.9,79.4,42,18,41,18,1.41,1.745
2017-09-24,09:27,0,144,2,19.9,78.6,42,18,41,18,1.425,1.265
2017-09-24,09:27,0,139,4,20.0,78.1,42,18,41,18,1.42,2.27
2017-09-24,09:27,0,140,2,19.9,77.9,42,18,41,18,1.44,2.285
2017-09-24,09:27,0,141,0,19.9,77.6,42,17,41,18,1.435,2.635
2017-09-24,09:27,0,141,2,19.9,77.4,42,18,42,18,1.415,1.215
2017-09-24,09:27,0,141,2,19.9,77.2,42,17,41,18,1.42,1.225
2017-09-24,09:27,0,134,0,19.9,78.0,42,17,41,18,2.37,1.215
2017-09-24,09:28,0,141,2,19.9,77.6,42,18,42,18,1.53,1.21
2017-09-24,09:28,0,146,4,19.9,78.9,42,18,42,18,1.44,1.205
2017-09-24,09:28,0,140,1,19.9,79.2,42,18,42,18,2.535,1.2
2017-09-24,09:28,0,140,1,20.0,78.2,42,17,42,18,3.105,1.21
2017-09-24,09:28,0,144,0,19.9,78.5,42,18,42,18,1.445,1.205
2017-09-24,09:28,0,138,1,19.9,78.7,42,18,42,18,2.575,2.535
2017-09-24,09:28,0,144,1,19.9,79.4,42,18,42,18,1.86,1.195
2017-09-24,09:28,0,139,2,19.9,80.7,42,18,42,18,1.84,1.23
2017-09-24,09:29,0,138,1,19.9,80.8,42,18,42,18,2.84,2.335
2017-09-24,09:29,0,140,0,19.9,79.7,42,18,42,18,1.415,1.19
2017-09-24,09:29,0,142,0,19.9,79.2,42,18,42,18,3.135,2.655
2017-09-24,09:29,0,135,0,19.9,79.4,42,17,42,18,1.425,1.195
2017-09-24,09:29,0,144,1,19.9,80.2,42,18,42,18,1.42,1.245
2017-09-24,09:29,0,142,2,19.9,79.4,42,18,42,18,3.01,2.665
2017-09-24,09:29,0,141,0,19.9,79.9,42,18,42,18,1.44,1.22
2017-09-24,09:29,0,140,2,19.9,79.6,42,18,42,18,1.44,1.23
2017-09-24,09:30,0,141,2,20.0,78.1,42,18,42,18,1.44,1.205
2017-09-24,09:30,0,134,2,20.0,77.1,42,18,42,18,1.41,1.205
2017-09-24,09:30,0,140,1,20.0,76.1,42,18,42,18,1.415,1.22
2017-09-24,09:30,0,141,1,20.0,78.7,42,18,42,18,2.38,1.195
2017-09-24,09:30,0,140,1,20.0,77.5,42,18,42,18,3.275,1.785
2017-09-24,09:30,0,141,0,19.9,77.4,42,18,42,18,2.1,2.415
2017-09-24,09:30,0,142,0,19.9,77.7,42,18,42,18,1.39,1.205
2017-09-24,09:30,1,145,2,19.9,77.6,42,18,42,18,2.0,1.15
2017-09-24,09:30,0,141,2,19.9,79.3,42,18,42,18,1.345,2.275
2017-09-24,09:31,0,143,3,19.9,79.2,42,18,42,18,1.345,1.155
2017-09-24,09:31,0,140,1,19.8,80.2,42,18,42,18,1.365,1.7
2017-09-24,09:31,0,143,2,19.8,79.1,42,18,42,18,1.35,1.17
2017-09-24,09:31,0,141,2,19.9,80.4,42,18,42,18,1.355,1.15
2017-09-24,09:31,0,142,0,19.8,80.4,42,18,42,18,2.455,2.17
2017-09-24,09:31,0,143,2,19.9,80.9,42,18,42,18,1.36,1.165
2017-09-24,09:31,0,142,3,19.8,80.0,42,18,42,18,2.05,1.155
2017-09-24,09:31,0,142,2,19.8,79.3,42,18,42,18,2.3,2.495
2017-09-24,09:32,0,144,2,19.8,78.6,42,18,42,18,1.345,1.165
2017-09-24,09:32,0,142,1,19.8,78.3,42,18,42,18,1.36,1.16
2017-09-24,09:32,0,136,0,19.8,79.1,42,18,42,18,1.36,1.16
2017-09-24,09:32,0,142,2,19.8,79.7,42,18,42,18,1.38,1.155
2017-09-24,09:32,0,140,2,19.9,79.3,42,18,42,18,1.37,1.17
2017-09-24,09:32,0,142,2,19.9,79.8,42,18,42,19,1.365,1.155
2017-09-24,09:32,0,142,1,19.8,79.6,42,18,42,18,1.37,1.16
2017-09-24,09:32,0,140,4,19.8,79.7,42,18,42,18,1.35,1.19
2017-09-24,09:33,0,136,1,19.8,78.9,42,18,42,18,1.345,1.17
2017-09-24,09:33,0,140,2,19.8,78.7,42,18,42,18,1.365,1.185
2017-09-24,09:33,0,141,1,19.8,79.1,42,18,42,18,1.355,1.86
2017-09-24,09:33,0,141,0,19.8,78.8,42,18,42,18,1.92,2.62
2017-09-24,09:33,0,138,2,19.8,79.4,42,18,42,18,3.245,1.795
2017-09-24,09:33,0,143,2,19.9,78.8,42,18,42,18,2.495,1.16
2017-09-24,09:33,0,138,1,19.8,77.8,42,18,42,18,1.375,1.17
2017-09-24,09:33,0,141,3,19.9,77.6,42,18,42,18,1.36,1.165
2017-09-24,09:33,0,142,3,19.8,75.9,42,18,42,18,1.345,1.16
2017-09-24,09:34,0,139,2,19.8,75.2,42,18,42,18,1.355,1.17
2017-09-24,09:34,0,141,4,19.8,75.6,42,18,42,18,1.365,1.175
2017-09-24,09:34,0,138,2,19.9,76.0,42,18,42,18,1.74,2.605
2017-09-24,09:34,0,135,4,19.8,75.8,42,18,42,18,3.235,1.58
2017-09-24,09:34,0,138,0,19.9,76.2,42,18,41,18,2.035,1.18
2017-09-24,09:34,0,136,0,19.9,78.2,42,18,42,18,1.36,1.305
2017-09-24,09:34,0,134,0,19.8,78.6,42,18,42,18,1.35,1.17
2017-09-24,09:34,0,130,0,19.9,78.4,42,18,42,18,1.365,1.155
2017-09-24,09:35,0,139,2,19.8,77.3,42,18,42,18,1.37,1.715
2017-09-24,09:35,0,129,0,19.8,75.3,42,18,42,18,2.595,2.225
2017-09-24,09:35,0,140,2,19.8,74.7,42,18,42,18,2.11,1.16
2017-09-24,09:35,0,128,0,19.8,75.2,42,18,42,18,1.37,1.165
2017-09-24,09:35,0,137,1,19.8,74.8,42,18,42,18,1.345,1.165
2017-09-24,09:35,0,130,1,19.8,74.8,42,18,42,18,1.36,1.41
2017-09-24,09:35,0,131,1,19.8,74.9,42,18,42,18,2.645,2.145
2017-09-24,09:35,0,134,1,19.8,75.3,42,18,42,18,1.365,1.17
2017-09-24,09:36,0,134,1,19.8,75.4,42,18,42,18,1.36,1.16
2017-09-24,09:36,0,129,0,19.8,75.6,42,18,42,18,1.375,1.145
2017-09-24,09:36,0,134,1,19.9,75.1,42,18,42,18,1.375,2.13
2017-09-24,09:36,0,130,0,19.8,74.4,42,18,42,18,3.23,1.545
2017-09-24,09:36,0,139,2,19.8,75.1,42,18,42,18,1.37,1.165
2017-09-24,09:36,0,129,0,19.8,76.0,42,18,42,18,1.345,1.16
2017-09-24,09:36,0,137,1,19.8,75.3,42,18,42,18,1.355,1.165
2017-09-24,09:36,0,134,2,19.8,74.8,42,18,42,18,1.355,2.255
2017-09-24,09:36,0,135,2,19.8,74.8,43,18,42,18,3.23,1.15
2017-09-24,09:37,0,134,1,19.8,75.9,42,18,42,18,1.375,1.175
2017-09-24,09:37,0,135,0,19.7,75.1,42,18,42,18,1.345,1.16
2017-09-24,09:37,0,137,1,19.7,75.3,42,18,41,18,1.345,1.515
2017-09-24,09:37,0,133,1,19.8,76.0,42,18,42,18,2.95,1.845
2017-09-24,09:37,0,138,1,19.7,76.1,42,18,42,18,1.355,1.165
2017-09-24,09:37,0,134,2,19.8,76.5,42,18,41,18,1.36,1.165
2017-09-24,09:37,0,130,3,19.7,75.2,42,18,42,18,1.35,1.395
2017-09-24,09:37,0,136,1,19.7,74.8,42,18,41,18,3.245,1.155
2017-09-24,09:38,0,132,1,19.7,75.3,42,18,42,18,1.345,1.16
2017-09-24,09:38,0,138,1,19.7,75.2,42,18,42,18,1.36,1.145
2017-09-24,09:38,0,137,2,19.7,74.5,42,18,42,18,1.55,2.41
2017-09-24,09:38,0,137,1,19.7,74.7,42,18,42,18,2.47,1.165
2017-09-24,09:38,0,136,3,19.7,75.2,42,18,42,18,1.355,1.15
2017-09-24,09:38,0,138,2,19.7,75.3,42,18,42,18,1.345,1.185
2017-09-24,09:38,0,138,1,19.8,75.8,42,18,41,18,3.25,1.17
2017-09-24,09:38,0,145,0,19.8,75.6,42,18,41,18,1.355,1.175
2017-09-24,09:39,0,138,0,19.8,75.9,42,18,42,18,1.355,1.16
2017-09-24,09:39,0,139,2,19.8,76.2,42,18,41,18,2.13,2.315
2017-09-24,09:39,0,141,3,19.8,75.7,42,18,41,18,1.365,1.16
2017-09-24,09:39,0,138,0,19.8,75.8,42,18,41,18,1.36,1.15
2017-09-24,09:39,0,138,1,19.7,76.3,42,18,41,18,1.355,2.19
2017-09-24,09:39,0,139,3,19.8,75.7,42,18,41,18,2.65,1.155
2017-09-24,09:39,0,137,1,19.7,75.9,42,18,42,18,1.385,1.16
2017-09-24,09:39,0,140,3,19.7,76.2,42,19,41,18,1.355,1.17
2017-09-24,09:39,0,141,2,19.7,75.8,42,18,41,18,2.895,1.6
2017-09-24,09:40,0,140,1,19.7,75.3,42,18,41,18,1.365,1.165
2017-09-24,09:40,0,139,1,19.8,74.6,42,18,41,18,1.37,1.16
2017-09-24,09:40,0,139,1,19.8,74.3,42,18,42,18,1.545,2.6
2017-09-24,09:40,0,139,2,19.8,74.1,42,18,41,18,1.34,1.16
2017-09-24,09:40,0,141,0,19.8,73.4,42,18,41,18,1.365,1.16
2017-09-24,09:40,0,142,2,19.8,73.5,42,18,41,18,1.38,1.755
2017-09-24,09:40,0,141,0,19.8,73.1,42,18,41,18,2.985,1.15
2017-09-24,09:40,0,139,1,19.8,72.5,42,18,42,18,1.34,1.145
2017-09-24,09:41,0,135,0,19.8,72.4,42,18,41,18,1.33,1.14
2017-09-24,09:41,0,141,0,19.8,72.4,42,18,41,18,1.53,1.14
2017-09-24,09:41,0,141,2,19.8,72.4,42,18,41,18,1.325,1.13
2017-09-24,09:41,0,138,1,19.8,72.2,42,18,41,18,1.335,1.14
2017-09-24,09:41,0,137,2,19.8,72.8,42,18,41,18,1.355,1.145
2017-09-24,09:41,0,140,3,19.8,73.3,42,19,41,18,1.345,1.15
2017-09-24,09:41,0,144,1,19.8,73.6,42,18,41,18,1.33,1.135
2017-09-24,09:41,0,139,0,19.8,73.8,42,18,42,18,1.325,1.14
2017-09-24,09:42,0,141,0,19.8,74.3,42,18,41,18,1.33,1.175
2017-09-24,09:42,0,142,1,19.8,74.5,42,18,41,18,1.355,1.185
2017-09-24,09:42,0,143,1,19.8,74.1,42,19,41,18,1.405,1.155
2017-09-24,09:42,0,143,3,19.7,73.3,42,18,41,18,1.335,1.15
2017-09-24,09:42,0,142,0,19.7,73.9,42,18,41,18,1.385,1.17
2017-09-24,09:42,0,137,1,19.7,73.7,42,19,41,18,1.37,1.155
2017-09-24,09:42,0,137,1,19.7,73.4,42,18,41,18,1.345,1.15
2017-09-24,09:42,0,140,3,19.7,74.2,42,18,41,18,1.36,1.16
2017-09-24,09:42,0,138,1,19.7,74.1,42,19,41,18,1.355,1.195
2017-09-24,09:43,0,264,368,19.7,74.2,42,19,41,18,1.4,1.19
2017-09-24,09:43,0,252,384,19.7,73.9,42,19,41,18,1.395,1.2
2017-09-24,09:43,1,259,387,19.8,73.4,42,19,41,18,1.405,1.205
2017-09-24,09:43,0,258,385,19.9,72.9,42,18,41,18,1.425,1.205
2017-09-24,09:43,0,246,385,20.0,71.7,42,19,41,18,1.41,1.19
2017-09-24,09:43,1,248,385,20.1,72.2,42,18,41,18,1.44,1.215
2017-09-24,09:43,1,254,384,20.1,72.0,42,19,41,18,1.43,1.21
2017-09-24,09:43,0,260,385,20.1,71.6,42,19,41,18,1.41,1.205
2017-09-24,09:44,0,270,388,20.1,71.7,42,18,41,18,1.4,1.195
2017-09-24,09:44,0,272,387,20.1,71.9,42,18,41,18,1.45,1.19
2017-09-24,09:44,0,272,387,20.1,71.9,42,18,41,18,1.41,1.2
2017-09-24,09:44,0,272,386,20.1,72.0,42,19,41,18,1.385,1.185
2017-09-24,09:44,1,271,387,20.1,71.7,42,19,41,18,1.42,1.22
2017-09-24,09:44,1,271,385,20.1,71.8,42,19,41,18,1.42,1.19
2017-09-24,09:44,0,273,383,20.1,71.8,42,18,41,18,1.43,1.195
2017-09-24,09:44,0,272,383,20.1,71.8,42,18,41,18,1.42,1.235
2017-09-24,09:45,0,272,385,20.0,71.3,42,18,41,18,1.43,1.2
2017-09-24,09:45,0,272,384,20.0,71.4,42,19,41,18,1.425,1.195
2017-09-24,09:45,0,271,383,20.0,72.1,42,19,41,18,1.43,1.21
2017-09-24,09:45,0,269,385,20.0,72.3,42,18,41,18,1.4,1.19
2017-09-24,09:45,0,271,384,20.0,72.4,42,18,41,18,1.4,1.2
2017-09-24,09:45,3,271,384,20.0,72.4,42,18,41,18,1.4,1.18
2017-09-24,09:45,0,269,383,20.0,72.6,42,19,41,18,1.39,1.18
2017-09-24,09:45,2,271,382,20.0,72.6,42,18,41,18,1.395,1.2
2017-09-24,09:46,0,272,384,19.9,72.1,42,19,41,18,1.385,1.18
2017-09-24,09:46,1,270,382,19.9,71.9,42,19,41,18,1.355,1.165
2017-09-24,09:46,0,138,1,19.9,71.9,42,19,41,18,1.34,1.145
2017-09-24,09:46,0,142,1,19.9,72.1,42,19,41,18,1.39,1.19
2017-09-24,09:46,0,142,1,19.9,72.3,42,19,41,18,1.35,1.15
2017-09-24,09:46,0,142,1,19.9,72.5,42,19,41,18,1.35,1.14
2017-09-24,09:46,0,142,1,19.9,74.5,42,19,41,18,1.355,1.16
2017-09-24,09:46,0,138,0,19.9,74.2,42,19,41,18,1.335,1.14
2017-09-24,09:46,0,139,0,19.9,73.9,42,19,41,18,1.355,1.155
2017-09-24,09:47,0,135,2,19.9,73.9,42,18,41,18,1.37,1.16
2017-09-24,09:47,0,137,1,19.8,73.5,42,19,41,18,1.335,1.15
2017-09-24,09:47,0,137,1,19.8,73.4,42,19,41,18,1.34,1.145
2017-09-24,09:47,0,143,0,19.8,73.0,42,18,40,18,1.395,1.145
2017-09-24,09:47,0,142,0,19.8,72.9,42,19,40,18,1.35,1.16
2017-09-24,09:47,0,143,2,19.8,72.8,42,18,41,18,1.355,1.16
2017-09-24,09:47,0,141,2,19.8,72.6,42,19,40,18,1.345,1.16
2017-09-24,09:47,0,141,3,19.8,72.5,42,19,40,18,1.35,1.15
2017-09-24,09:48,0,138,1,19.8,72.5,42,19,41,18,1.355,1.16
2017-09-24,09:48,0,141,1,19.8,72.4,42,19,41,18,1.365,1.175
2017-09-24,09:48,0,137,1,19.8,72.3,42,19,40,18,1.35,1.155
2017-09-24,09:48,0,141,1,19.8,72.2,42,19,41,18,1.365,1.165
2017-09-24,09:48,0,140,1,19.9,72.6,42,19,41,18,1.36,1.145
2017-09-24,09:48,0,136,1,19.8,72.6,42,19,41,18,1.345,1.155
2017-09-24,09:48,0,143,0,19.8,72.5,42,19,40,18,1.36,1.15
2017-09-24,09:48,0,138,0,19.8,72.3,42,19,40,18,1.35,1.155
2017-09-24,09:49,0,139,2,19.8,72.2,42,19,40,18,1.365,1.15
2017-09-24,09:49,0,138,1,19.8,72.4,42,19,41,18,1.345,1.155
2017-09-24,09:49,0,144,1,19.8,72.4,42,19,40,18,1.34,1.145
2017-09-24,09:49,0,142,0,19.8,72.3,42,19,40,18,1.335,1.14
2017-09-24,09:49,0,142,1,19.8,72.1,42,19,40,18,1.345,1.14
2017-09-24,09:49,0,142,1,19.8,72.1,42,19,40,18,1.34,1.15
2017-09-24,09:49,0,141,3,19.9,72.5,42,19,40,18,1.335,1.14
2017-09-24,09:49,0,141,3,19.8,72.4,42,19,40,18,1.345,1.145
2017-09-24,09:49,0,143,2,19.8,72.5,42,19,40,18,1.355,1.155
2017-09-24,09:50,0,144,2,19.7,72.9,42,19,40,18,1.355,1.155
2017-09-24,09:50,0,143,2,19.7,73.0,42,19,40,18,1.36,1.145
2017-09-24,09:50,0,142,2,19.8,72.8,42,19,40,18,1.345,1.155
2017-09-24,09:50,0,141,2,19.8,73.2,42,19,40,18,1.345,1.14
2017-09-24,09:50,0,143,0,19.8,72.9,42,19,40,18,1.36,1.155
2017-09-24,09:50,0,143,2,19.8,73.5,42,19,40,18,1.355,1.15
2017-09-24,09:50,0,145,1,19.8,73.2,42,19,40,18,1.345,1.145
2017-09-24,09:50,0,142,1,19.8,73.3,42,19,40,18,1.35,1.15
2017-09-24,09:51,0,146,2,19.8,73.7,42,19,40,18,1.355,1.15
2017-09-24,09:51,0,143,1,19.8,73.6,42,19,40,18,1.345,1.135
2017-09-24,09:51,0,144,1,19.8,73.5,42,19,40,18,1.37,1.15
2017-09-24,09:51,0,147,1,19.8,73.8,42,19,40,18,1.35,1.145
2017-09-24,09:51,0,143,1,19.8,73.9,42,18,40,18,1.345,1.145
2017-09-24,09:51,0,143,2,19.8,73.9,42,19,40,18,1.335,1.15
2017-09-24,09:51,0,144,0,19.8,73.8,42,19,40,18,1.345,1.14
2017-09-24,09:51,0,144,0,19.8,73.4,42,19,40,18,1.37,1.16
2017-09-24,09:52,0,143,1,19.8,73.0,42,19,40,18,1.36,1.295
2017-09-24,09:52,0,141,1,19.8,72.8,42,19,40,18,1.34,1.145
2017-09-24,09:52,0,143,0,19.8,73.5,42,19,40,18,1.345,1.145
2017-09-24,09:52,0,143,1,19.7,74.0,42,19,40,18,1.365,1.165
2017-09-24,09:52,0,148,0,19.7,74.1,42,19,40,18,1.37,1.16
2017-09-24,09:52,0,148,2,19.7,74.0,42,19,40,18,1.37,1.16
2017-09-24,09:52,0,144,1,19.7,73.8,42,19,40,18,1.34,1.175
2017-09-24,09:52,0,144,0,19.8,73.5,42,19,40,18,1.34,1.15
2017-09-24,09:52,0,139,2,19.8,73.3,42,19,40,18,1.36,1.16
2017-09-24,09:53,0,138,1,19.8,73.1,42,19,40,18,1.355,1.165
2017-09-24,09:53,0,146,1,19.8,72.6,42,19,40,18,1.365,1.16
2017-09-24,09:53,0,138,1,19.8,72.4,42,19,40,18,1.35,1.145
2017-09-24,09:53,0,145,1,19.8,72.0,42,19,40,18,1.34,1.15
2017-09-24,09:53,0,140,1,19.8,72.1,42,19,40,18,1.375,1.16
2017-09-24,09:53,0,148,2,19.8,72.2,42,19,40,18,1.34,1.155
2017-09-24,09:53,0,144,1,19.8,72.3,42,19,40,18,1.37,1.175
2017-09-24,09:53,0,140,0,19.8,72.5,42,19,40,18,1.37,1.155
2017-09-24,09:54,0,145,0,19.8,72.4,42,19,40,18,1.345,1.14
2017-09-24,09:54,0,145,2,19.8,72.4,42,19,40,18,1.36,1.16
2017-09-24,09:54,0,149,2,19.8,72.2,42,19,40,18,1.395,1.15
2017-09-24,09:54,0,144,1,19.9,72.2,42,19,40,18,1.35,1.165
2017-09-24,09:54,0,144,1,19.9,72.1,42,19,40,18,1.34,1.14
2017-09-24,09:54,0,144,1,19.8,72.5,42,19,40,18,1.35,1.14
2017-09-24,09:54,0,145,1,19.8,72.1,42,19,40,18,1.34,1.15
2017-09-24,09:54,0,143,1,19.8,71.9,42,19,40,18,1.355,1.145
2017-09-24,09:55,0,145,0,19.8,71.4,42,19,40,18,1.335,1.135
2017-09-24,09:55,0,145,1,19.8,71.4,42,19,40,18,1.36,1.185
2017-09-24,09:55,0,148,3,19.9,71.7,42,19,40,18,1.335,1.14
2017-09-24,09:55,0,144,1,19.9,71.9,42,19,40,18,1.35,1.16
2017-09-24,09:55,0,148,1,19.8,71.9,42,19,40,18,1.36,1.15
2017-09-24,09:55,0,145,2,19.8,71.2,42,19,40,18,1.37,1.17
2017-09-24,09:55,0,145,0,19.8,71.3,42,19,40,18,1.35,1.135
2017-09-24,09:55,0,148,1,19.8,71.3,42,19,40,18,1.365,1.155
2017-09-24,09:55,0,140,1,19.8,71.5,42,19,40,18,1.335,1.14
2017-09-24,09:56,0,145,2,19.8,71.7,42,19,40,18,1.365,1.155
2017-09-24,09:56,0,144,3,19.8,71.5,42,19,40,18,1.37,1.14
2017-09-24,09:56,0,145,1,19.8,71.5,42,19,40,18,1.33,1.14
2017-09-24,09:56,0,142,2,19.8,71.7,42,19,39,18,1.35,1.145
2017-09-24,09:56,0,144,3,19.8,71.9,42,19,40,18,1.34,1.16
2017-09-24,09:56,0,145,0,19.8,71.3,42,19,40,18,1.33,1.14
2017-09-24,09:56,0,148,2,19.8,71.3,42,19,40,18,1.35,1.15
2017-09-24,09:56,0,144,0,19.8,71.3,42,19,40,18,1.33,1.14
2017-09-24,09:57,0,145,1,19.9,71.5,42,19,40,18,1.36,1.16
2017-09-24,09:57,0,139,2,19.8,71.3,42,19,40,18,1.355,1.15
2017-09-24,09:57,0,147,2,19.8,71.3,42,19,39,18,1.41,1.16
2017-09-24,09:57,0,148,1,19.8,71.3,42,19,39,18,1.345,1.155
2017-09-24,09:57,0,148,1,19.8,71.2,42,19,40,18,1.37,1.175
2017-09-24,09:57,0,143,1,19.8,71.3,42,19,40,18,1.38,1.17
2017-09-24,09:57,0,141,0,19.8,71.5,42,19,40,18,1.355,1.15
2017-09-24,09:57,0,146,1,19.8,71.6,42,19,40,18,1.355,1.145
2017-09-24,09:58,0,147,2,19.8,71.1,42,19,39,18,1.365,1.155
2017-09-24,09:58,0,148,3,19.8,71.0,42,19,39,18,1.345,1.155
2017-09-24,09:58,0,148,1,19.9,71.5,42,19,40,18,1.335,1.15
2017-09-24,09:58,0,143,2,19.8,71.4,42,19,39,18,1.35,1.155
2017-09-24,09:58,0,144,3,19.8,71.5,42,19,40,18,1.355,1.155
2017-09-24,09:58,0,141,1,19.8,71.5,41,19,40,18,1.345,1.165
2017-09-24,09:58,0,146,2,19.8,71.5,42,19,39,18,1.36,1.155
2017-09-24,09:58,0,144,0,19.8,71.5,42,19,39,18,1.36,1.155
2017-09-24,09:59,0,144,1,19.8,71.6,42,19,40,18,1.345,1.15
2017-09-24,09:59,0,146,2,19.8,71.7,42,19,40,18,1.345,1.145
2017-09-24,09:59,0,144,1,19.8,71.6,42,19,40,18,1.355,1.145
2017-09-24,09:59,0,148,2,19.8,71.2,42,19,39,18,1.34,1.15
2017-09-24,09:59,0,145,1,19.8,71.1,42,19,40,18,1.375,1.155
2017-09-24,09:59,0,146,0,19.8,71.7,42,19,39,18,1.35,1.165
2017-09-24,09:59,0,146,2,19.8,72.1,42,19,39,18,1.355,1.155
2017-09-24,09:59,0,145,2,19.8,71.9,42,19,39,18,1.355,1.155
2017-09-24,09:59,0,147,0,19.8,71.7,42,19,40,18,1.335,1.145
2017-09-24,10:00,0,147,2,19.8,71.9,42,19,39,18,1.385,1.15
2017-09-24,10:00,0,145,1,19.8,71.7,41,19,40,18,1.37,1.155
2017-09-24,10:00,0,146,1,19.8,72.0,42,19,39,18,1.365,1.16
2017-09-24,10:00,0,144,4,19.8,71.9,42,19,40,18,1.36,1.155
2017-09-24,10:00,0,147,0,19.8,71.9,42,19,39,18,1.425,1.155
2017-09-24,10:00,0,145,1,19.8,71.6,42,19,40,18,1.35,1.145
2017-09-24,10:00,0,148,2,19.8,71.6,42,19,39,18,1.345,1.155
2017-09-24,10:00,0,144,2,19.8,71.5,42,19,39,18,1.365,1.145
2017-09-24,10:01,0,144,1,19.8,71.8,42,19,39,18,1.355,1.145
2017-09-24,10:01,0,145,2,19.8,72.2,42,19,40,18,1.365,1.16
2017-09-24,10:01,0,147,0,19.8,72.6,42,19,39,18,1.36,1.15
2017-09-24,10:01,0,145,1,19.8,73.0,42,19,39,18,1.345,1.175
2017-09-24,10:01,0,147,2,19.8,73.2,42,19,39,18,1.35,1.16
2017-09-24,10:01,0,144,3,19.7,72.9,42,19,39,18,1.36,1.155
2017-09-24,10:01,0,145,1,19.7,73.1,41,19,39,18,1.355,1.145
2017-09-24,10:01,0,149,2,19.8,72.4,42,19,39,18,1.335,1.15
2017-09-24,10:02,0,143,2,19.8,71.6,42,19,39,18,1.36,1.155
2017-09-24,10:02,0,144,4,19.8,71.4,41,19,39,18,1.36,1.145
2017-09-24,10:02,0,146,2,19.9,71.2,42,19,39,18,1.36,1.145
2017-09-24,10:02,0,145,1,19.8,71.0,41,19,39,18,1.36,1.145
2017-09-24,10:02,0,145,2,19.8,71.7,42,19,39,18,1.36,1.145
2017-09-24,10:02,0,147,1,19.8,72.0,41,19,39,18,1.345,1.165
2017-09-24,10:02,0,145,2,19.8,71.1,42,19,40,18,1.355,1.165
2017-09-24,10:02,0,141,0,19.8,70.7,41,19,39,18,1.36,1.175
2017-09-24,10:02,0,144,1,19.8,71.2,42,19,40,18,1.37,1.165
2017-09-24,10:03,0,145,0,19.8,71.2,42,19,39,18,1.365,1.16
2017-09-24,10:03,0,144,2,19.8,71.5,42,19,39,18,1.365,1.16
2017-09-24,10:03,0,143,0,19.8,71.8,41,19,39,18,1.35,1.16
2017-09-24,10:03,0,150,2,19.7,71.8,41,19,40,18,1.355,1.155
2017-09-24,10:03,0,145,1,19.7,72.4,42,19,39,18,19.095,15.685
2017-09-24,10:03,0,144,1,19.8,72.3,42,19,39,18,18.885,15.705
2017-09-24,10:03,0,144,1,19.8,71.7,42,19,39,18,18.92,15.505
2017-09-24,10:03,0,146,2,19.8,71.7,42,19,39,18,18.685,15.605
2017-09-24,10:04,0,145,2,19.8,71.7,42,19,39,18,18.74,15.51
2017-09-24,10:04,0,144,1,19.8,71.5,41,19,39,18,18.875,15.58
2017-09-24,10:04,0,144,1,19.8,71.8,42,19,39,18,18.825,15.515
2017-09-24,10:04,0,146,1,19.8,72.3,42,19,39,18,18.79,15.58
2017-09-24,10:04,0,145,1,19.8,72.0,42,19,39,18,18.775,15.555
2017-09-24,10:04,0,144,1,19.8,71.5,42,19,39,18,18.78,15.675
2017-09-24,10:04,0,147,2,19.8,72.2,42,19,39,18,18.87,15.555
2017-09-24,10:04,0,145,2,19.8,72.3,42,19,39,18,18.73,1.155
2017-09-24,10:04,0,149,2,19.8,72.3,42,19,39,18,1.365,1.165
2017-09-24,10:05,0,144,2,19.8,71.7,42,19,40,18,1.345,1.15
2017-09-24,10:05,0,141,1,19.8,71.4,42,19,39,18,1.35,1.32
2017-09-24,10:05,0,146,2,19.8,71.6,42,19,39,18,1.335,1.145
2017-09-24,10:05,0,144,1,19.8,71.4,42,19,40,18,1.345,1.155
2017-09-24,10:05,0,147,3,19.8,71.4,42,19,40,18,1.345,1.145
2017-09-24,10:05,0,148,1,19.9,71.2,41,19,40,18,1.36,1.145
2017-09-24,10:05,0,145,2,19.9,71.1,42,19,40,18,1.38,1.175
2017-09-24,10:05,0,146,3,19.9,71.1,42,19,40,18,1.36,1.15
2017-09-24,10:06,0,139,1,19.8,71.0,41,19,40,18,1.365,1.155
2017-09-24,10:06,0,139,1,19.8,71.0,41,19,40,18,1.385,1.205
2017-09-24,10:06,0,266,379,19.9,71.1,42,19,40,18,1.39,1.215
2017-09-24,10:06,0,268,386,19.8,71.1,42,19,40,18,1.405,1.195
2017-09-24,10:06,0,277,388,19.8,71.1,42,19,40,18,1.4,1.2
2017-09-24,10:06,0,272,389,19.8,70.8,43,19,40,18,1.41,1.205
2017-09-24,10:06,0,270,390,19.9,70.7,44,19,40,18,1.405,1.195
2017-09-24,10:06,0,269,387,20.0,70.6,45,19,40,18,1.395,1.2
2017-09-24,10:07,1,275,390,20.0,70.4,46,18,40,18,1.41,15.535
2017-09-24,10:07,0,271,387,20.0,70.3,46,18,41,18,19.015,15.79
2017-09-24,10:07,0,275,387,20.0,71.8,46,18,40,18,19.005,15.77
2017-09-24,10:07,0,273,388,20.3,86.5,47,18,40,18,19.0,15.67
2017-09-24,10:07,2,271,385,20.6,93.4,47,18,41,18,18.85,15.715
2017-09-24,10:07,0,271,388,20.7,93.6,47,17,40,18,19.565,16.255
2017-09-24,10:07,4,412,498,20.9,93.0,47,17,40,18,19.53,16.265
2017-09-24,10:07,5,354,495,21.0,95.5,47,17,40,18,19.605,16.275
2017-09-24,10:07,4,412,498,21.2,98.6,48,17,40,18,19.605,16.17
2017-09-24,10:08,3,409,497,21.2,96.9,47,17,40,18,19.655,16.185
2017-09-24,10:08,6,410,497,21.4,99.9,48,17,39,18,19.87,16.495
2017-09-24,10:08,6,407,493,21.3,96.6,48,17,39,18,20.015,16.595
2017-09-24,10:08,5,304,499,21.3,96.8,48,17,39,18,20.035,16.845
2017-09-24,10:08,6,299,500,21.4,97.5,47,17,39,18,20.115,16.61
2017-09-24,10:08,7,300,498,21.3,94.3,47,17,39,18,20.08,16.535
2017-09-24,10:08,6,301,497,21.2,92.9,47,17,39,18,19.93,16.475
2017-09-24,10:08,8,304,498,21.2,91.0,47,17,39,18,22.59,18.82
2017-09-24,10:09,7,300,495,21.1,89.1,47,17,38,18,21.955,18.2
2017-09-24,10:09,6,306,498,21.0,89.3,47,17,38,18,21.27,17.435
2017-09-24,10:09,7,303,498,20.9,87.0,47,17,38,18,20.545,17.385
2017-09-24,10:09,6,306,495,20.9,87.4,47,17,37,18,20.83,17.97
2017-09-24,10:09,7,300,494,20.8,86.5,47,17,37,18,20.045,17.94
2017-09-24,10:09,5,306,496,20.8,86.3,47,17,37,18,20.765,16.565
2017-09-24,10:09,9,306,498,20.8,86.2,47,17,37,18,20.07,16.635
2017-09-24,10:09,6,305,498,20.7,84.6,47,17,36,18,21.335,18.07
2017-09-24,10:09,6,303,497,20.6,82.6,47,17,36,18,21.69,18.22
2017-09-24,10:10,6,303,496,20.6,83.5,47,17,36,18,21.275,17.295
2017-09-24,10:10,7,300,496,20.6,84.3,47,17,36,18,20.04,16.86
2017-09-24,10:10,6,303,498,20.6,85.1,47,17,36,18,19.99,16.665
2017-09-24,10:10,8,306,496,20.5,83.6,47,17,35,18,20.075,16.6
2017-09-24,10:10,5,299,323,20.5,83.1,47,17,35,18,21.215,16.555
2017-09-24,10:10,5,300,319,20.4,82.9,47,17,35,18,19.98,17.175
2017-09-24,10:10,3,297,321,20.3,78.6,47,17,35,18,20.02,16.52
2017-09-24,10:10,7,298,324,20.3,77.5,47,17,34,18,20.725,17.08
2017-09-24,10:11,4,297,323,20.2,75.3,47,17,35,18,21.72,16.575
2017-09-24,10:11,4,302,320,20.2,77.9,47,17,34,18,20.875,17.42
2017-09-24,10:11,4,300,319,20.2,79.1,47,17,35,18,20.04,16.48
2017-09-24,10:11,4,299,323,20.2,77.0,47,17,35,18,21.53,16.62
2017-09-24,10:11,5,298,325,20.2,76.7,46,17,34,18,19.95,16.465
2017-09-24,10:11,4,298,320,20.2,78.0,46,17,35,18,19.915,16.55
2017-09-24,10:11,4,299,319,20.1,78.9,46,17,34,18,19.84,16.57
2017-09-24,10:11,5,295,319,20.1,78.5,46,17,35,18,19.86,16.505
2017-09-24,10:11,3,298,323,20.1,77.9,46,18,34,18,19.825,16.605
2017-09-24,10:12,4,300,325,20.1,78.8,46,17,34,18,20.24,16.47
2017-09-24,10:12,2,299,321,20.1,77.1,46,17,34,18,21.46,17.91
2017-09-24,10:12,2,300,321,20.1,78.2,46,17,35,18,20.025,16.53
2017-09-24,10:12,4,298,319,20.1,78.6,46,17,34,18,19.885,16.5
2017-09-24,10:12,4,299,320,20.1,78.3,46,17,35,18,21.205,17.64
2017-09-24,10:12,2,295,321,20.1,78.9,46,17,35,18,20.065,16.505
2017-09-24,10:12,4,299,321,20.1,79.4,46,17,35,18,21.7,17.875
2017-09-24,10:12,4,299,320,20.1,79.7,46,17,35,18,19.83,16.565
2017-09-24,10:13,5,298,323,20.1,78.8,46,18,35,18,21.2,17.315
2017-09-24,10:13,3,299,324,20.1,79.0,46,17,35,18,19.875,16.595
2017-09-24,10:13,4,299,319,20.1,79.9,46,17,35,18,19.955,16.51
2017-09-24,10:13,7,298,325,20.1,79.7,46,17,35,18,21.75,17.575
2017-09-24,10:13,4,299,325,20.1,79.4,46,17,36,18,20.005,16.565
2017-09-24,10:13,3,299,327,20.1,79.3,46,17,36,18,20.0,16.71
2017-09-24,10:13,5,299,324,20.1,79.6,46,18,36,18,20.185,16.865
2017-09-24,10:13,5,300,321,20.1,78.2,46,17,36,18,21.14,16.765
2017-09-24,10:13,4,299,322,20.1,77.9,45,17,36,18,21.155,18.065
2017-09-24,10:14,5,303,328,20.1,77.4,46,17,36,18,20.335,17.21
2017-09-24,10:14,4,305,323,20.1,76.6,46,17,36,18,20.175,16.74
2017-09-24,10:14,4,300,324,20.1,76.7,46,18,36,18,19.985,16.835
2017-09-24,10:14,3,301,327,20.1,77.4,46,18,36,18,20.005,16.77
2017-09-24,10:14,4,301,327,20.1,77.5,46,17,36,18,20.195,16.785
2017-09-24,10:14,5,305,328,20.1,78.5,45,17,37,18,20.135,16.61
2017-09-24,10:14,7,305,327,20.1,78.7,46,18,37,18,20.135,16.83
2017-09-24,10:14,5,302,328,20.1,78.6,45,17,37,18,20.2,16.615
2017-09-24,10:14,3,302,327,20.1,77.8,45,17,37,18,20.125,16.605
2017-09-24,10:15,5,302,328,20.1,78.6,45,18,38,18,20.075,16.66
2017-09-24,10:15,4,301,326,20.1,77.8,45,18,37,18,20.305,16.75
2017-09-24,10:15,3,304,325,20.1,77.3,45,17,37,18,20.265,16.74
2017-09-24,10:15,4,307,323,20.0,76.7,45,18,38,18,20.22,16.97
2017-09-24,10:15,4,303,327,20.0,75.0,45,18,38,18,19.985,16.75
2017-09-24,10:15,4,303,324,20.0,74.9,45,18,38,18,20.185,16.93
2017-09-24,10:15,4,302,326,20.0,75.1,45,18,38,18,19.965,16.725
2017-09-24,10:15,4,307,323,20.1,75.5,45,18,38,18,20.075,16.705
2017-09-24,10:16,4,304,325,20.1,75.7,45,18,38,18,20.15,16.59
2017-09-24,10:16,4,304,324,20.1,76.3,45,18,38,18,20.1,16.55
2017-09-24,10:16,4,303,327,20.1,76.8,45,17,39,18,19.98,17.2
2017-09-24,10:16,5,304,319,20.1,77.0,45,18,39,18,20.02,17.965
2017-09-24,10:16,5,304,329,20.0,77.1,45,18,39,18,3.315,3.595
2017-09-24,10:16,4,304,327,20.1,77.2,45,18,39,18,3.73,3.295
2017-09-24,10:16,4,304,328,20.1,77.9,45,18,39,18,4.375,2.64
2017-09-24,10:16,6,309,325,20.0,76.6,45,18,39,18,2.61,2.335
2017-09-24,10:16,4,310,326,20.0,75.9,45,18,40,18,4.355,2.14
2017-09-24,10:17,4,310,326,20.0,76.1,45,18,40,18,2.875,2.15
2017-09-24,10:17,4,312,324,20.1,76.5,45,18,40,18,2.6,2.29
2017-09-24,10:17,6,305,329,20.1,76.3,45,17,40,18,2.52,2.64
2017-09-24,10:17,3,305,329,20.1,76.7,45,17,40,18,2.49,2.155
2017-09-24,10:17,5,305,325,20.1,76.4,45,17,40,18,2.54,2.16
2017-09-24,10:17,5,304,327,20.1,75.6,45,18,41,18,2.505,2.16
2017-09-24,10:17,6,306,330,20.0,74.3,45,18,40,18,4.135,3.52
2017-09-24,10:17,4,309,327,20.0,73.8,45,18,40,18,2.495,2.13
2017-09-24,10:18,6,308,327,20.0,72.5,45,17,41,18,2.54,2.15
2017-09-24,10:18,5,307,325,20.0,72.1,45,17,41,18,2.51,2.135
2017-09-24,10:18,3,308,326,20.0,71.9,45,17,41,18,2.5,2.145
2017-09-24,10:18,5,309,322,20.0,72.3,45,18,41,18,2.545,2.13
2017-09-24,10:18,2,309,328,20.0,71.5,45,18,41,18,2.51,2.14
2017-09-24,10:18,4,308,329,20.0,71.0,45,18,41,18,2.53,2.135
2017-09-24,10:18,6,309,328,20.0,70.6,45,18,41,18,3.385,2.76
2017-09-24,10:18,3,307,328,20.0,70.7,45,18,41,18,3.295,2.76
2017-09-24,10:19,4,312,330,19.9,70.7,45,18,41,18,3.3,2.755
2017-09-24,10:19,5,308,326,20.0,70.9,45,18,41,18,3.295,3.675
2017-09-24,10:19,6,265,327,20.0,71.4,45,18,41,18,4.6,3.64
2017-09-24,10:19,4,505,325,19.9,71.2,45,18,41,18,4.125,2.8
2017-09-24,10:19,5,501,330,20.0,72.5,45,18,42,18,3.29,2.765
2017-09-24,10:19,3,499,327,20.0,72.6,45,18,42,18,3.295,2.75
2017-09-24,10:19,5,504,323,20.0,73.0,45,17,41,18,3.345,2.775
2017-09-24,10:19,5,504,331,20.0,74.0,45,18,41,18,3.35,4.195
2017-09-24,10:19,4,505,329,20.0,74.2,45,18,42,18,4.56,2.74
2017-09-24,10:20,3,507,329,20.0,73.5,45,18,42,18,3.3,2.76
2017-09-24,10:20,5,503,326,20.0,73.9,45,18,42,18,3.3,2.775
2017-09-24,10:20,5,506,326,20.0,74.5,45,18,41,18,3.325,4.07
2017-09-24,10:20,5,510,333,20.0,75.7,45,18,41,18,4.465,2.74
2017-09-24,10:20,4,507,328,20.0,75.9,45,18,42,18,3.31,2.76
2017-09-24,10:20,3,503,326,20.0,75.7,45,18,42,18,3.29,2.745
2017-09-24,10:20,5,506,325,20.0,77.0,45,18,42,18,4.085,3.855
2017-09-24,10:20,3,506,330,20.0,76.5,45,18,42,18,3.275,2.745
2017-09-24,10:21,4,507,327,20.1,77.2,45,18,41,18,3.325,2.8
2017-09-24,10:21,5,506,330,20.1,77.6,45,18,42,18,3.285,3.19
2017-09-24,10:21,3,507,328,20.1,78.1,45,18,42,18,5.095,2.745
2017-09-24,10:21,4,510,319,20.1,77.6,46,18,42,18,3.325,2.78
2017-09-24,10:21,6,505,329,20.1,77.4,46,18,42,18,3.295,2.75
2017-09-24,10:21,2,508,322,20.1,78.0,47,18,42,18,3.32,3.675
2017-09-24,10:21,4,507,330,20.1,78.3,47,18,42,18,4.925,2.76
2017-09-24,10:21,4,508,327,20.1,78.7,47,18,42,18,3.49,2.765
2017-09-24,10:22,6,505,327,20.1,78.3,47,18,42,18,3.28,2.75
2017-09-24,10:22,2,505,325,20.1,78.6,47,18,42,18,4.0,4.355
2017-09-24,10:22,5,503,323,20.1,77.5,47,18,42,18,3.935,3.03
2017-09-24,10:22,7,508,327,20.1,77.4,47,18,42,18,3.59,2.97
2017-09-24,10:22,4,507,323,20.1,76.7,47,18,42,18,3.61,3.025
2017-09-24,10:22,2,508,328,20.1,76.1,47,18,42,18,4.6,3.805
2017-09-24,10:22,6,508,327,20.1,75.6,47,18,42,18,3.555,2.915
2017-09-24,10:22,5,508,326,20.1,75.3,47,18,42,18,3.5,2.74
2017-09-24,10:22,5,512,322,20.1,75.3,47,18,42,18,3.365,3.075
2017-09-24,10:23,5,510,325,20.1,75.2,47,18,42,18,5.125,2.75
2017-09-24,10:23,6,511,324,20.1,75.2,47,18,42,18,3.33,2.78
2017-09-24,10:23,4,510,323,20.1,75.3,47,18,42,18,3.36,2.89
2017-09-24,10:23,4,511,321,20.1,75.5,47,18,42,18,3.4,4.25
2017-09-24,10:23,6,511,328,20.1,77.9,47,18,42,18,3.995,2.815
2017-09-24,10:23,4,512,321,20.1,76.9,47,18,42,18,3.38,2.815
2017-09-24,10:23,5,512,326,20.1,77.0,47,18,42,18,3.355,2.815
2017-09-24,10:23,5,508,320,20.1,77.3,47,18,42,18,4.995,3.195
2017-09-24,10:24,4,511,323,20.1,77.1,47,18,42,18,3.36,2.815
2017-09-24,10:24,4,510,324,20.1,77.1,47,18,42,18,3.365,2.915
2017-09-24,10:24,4,513,325,20.1,77.3,47,18,42,18,4.18,3.7
2017-09-24,10:24,5,510,327,20.1,76.9,47,18,42,18,15.87,12.95
2017-09-24,10:24,5,509,325,20.1,78.2,47,18,42,18,14.975,12.385
2017-09-24,10:24,4,508,328,20.1,77.2,46,18,42,18,17.135,13.255
2017-09-24,10:24,5,510,329,20.1,76.3,46,18,42,18,15.41,12.705
2017-09-24,10:24,6,508,327,20.1,76.0,47,19,42,18,15.665,12.775
2017-09-24,10:24,5,505,326,20.1,75.9,46,18,42,18,16.275,12.325
2017-09-24,10:25,4,505,329,20.2,77.2,46,19,42,18,15.52,12.91
2017-09-24,10:25,3,507,328,20.1,76.8,46,18,41,18,15.68,13.445
2017-09-24,10:25,5,499,322,20.1,75.8,46,18,42,18,15.98,12.955
2017-09-24,10:25,4,504,323,20.2,75.9,46,18,42,18,14.92,12.3
2017-09-24,10:25,5,499,322,20.2,77.4,46,18,42,18,15.835,14.2
2017-09-24,10:25,4,503,323,20.2,77.8,46,18,42,18,15.685,12.3
2017-09-24,10:25,5,496,324,20.2,78.6,46,18,42,18,15.735,12.62
2017-09-24,10:25,4,497,323,20.2,78.0,46,18,41,18,16.645,12.31
2017-09-24,10:26,5,496,325,20.2,78.8,46,18,42,18,15.63,12.765
2017-09-24,10:26,4,497,325,20.2,79.7,46,18,41,18,15.095,13.32
2017-09-24,10:26,5,499,325,20.2,80.9,46,18,42,18,15.58,12.695
2017-09-24,10:26,4,496,324,20.2,79.8,46,18,41,18,14.905,12.295
2017-09-24,10:26,5,494,324,20.2,78.3,46,18,42,18,17.545,13.68
2017-09-24,10:26,4,499,322,20.2,77.9,46,18,41,18,15.94,12.8
2017-09-24,10:26,5,492,326,20.2,77.4,46,18,41,18,5.38,5.055
2017-09-24,10:26,3,497,329,20.3,78.4,46,19,41,18,5.11,3.285
2017-09-24,10:26,4,499,331,20.3,77.8,46,18,42,18,5.38,4.565
2017-09-24,10:27,6,497,327,20.3,77.9,46,18,41,18,3.94,4.62
2017-09-24,10:27,4,495,325,20.3,77.1,46,18,41,18,5.12,4.385
2017-09-24,10:27,4,496,323,20.3,76.6,46,18,41,18,3.94,3.525
2017-09-24,10:27,4,496,328,20.3,76.9,46,18,41,18,5.625,5.22
2017-09-24,10:27,4,495,324,20.3,77.5,46,18,41,18,4.22,3.275
2017-09-24,10:27,4,497,329,20.3,77.4,45,18,41,18,5.775,4.6
2017-09-24,10:27,3,427,326,20.3,77.7,45,18,41,18,3.915,5.18
2017-09-24,10:27,4,496,323,20.3,77.5,45,18,41,18,5.295,3.675
2017-09-24,10:28,0,490,0,20.3,76.9,46,18,41,18,3.28,2.755
2017-09-24,10:28,0,494,0,20.3,77.6,45,19,41,18,5.2,5.17
2017-09-24,10:28,0,491,1,20.3,78.4,45,19,41,18,3.29,4.42
2017-09-24,10:28,0,491,0,20.3,77.2,45,19,41,18,5.205,4.475
2017-09-24,10:28,0,486,0,20.3,76.6,45,18,42,18,5.415,4.905
2017-09-24,10:28,0,493,0,20.3,76.2,45,18,41,18,3.43,4.61
2017-09-24,10:28,0,493,0,20.3,76.0,45,18,41,18,4.87,4.16
2017-09-24,10:28,0,492,0,20.3,77.2,45,18,41,18,4.735,4.375
2017-09-24,10:29,0,493,1,20.3,76.7,45,19,41,18,3.935,3.485
2017-09-24,10:29,0,494,0,20.3,77.2,45,18,41,18,5.0,3.625
2017-09-24,10:29,0,496,0,20.3,77.7,45,18,41,18,4.985,3.945
2017-09-24,10:29,0,495,0,20.3,77.3,45,18,41,18,4.595,3.37
2017-09-24,10:29,0,496,0,20.3,77.1,45,19,41,18,3.985,3.205
2017-09-24,10:29,0,497,0,20.3,77.5,45,18,41,18,6.015,4.11
2017-09-24,10:29,0,497,0,20.2,77.1,45,18,41,18,4.245,3.04
2017-09-24,10:29,0,499,0,20.2,77.1,45,18,41,18,4.365,3.635
2017-09-24,10:29,0,500,0,20.2,76.6,45,19,41,18,5.33,2.985
2017-09-24,10:30,0,497,0,20.3,76.4,45,19,41,18,4.16,3.37
2017-09-24,10:30,0,501,0,20.2,75.8,45,18,41,18,3.825,4.145
2017-09-24,10:30,0,506,1,20.2,75.5,45,19,41,18,4.705,3.57
2017-09-24,10:30,0,503,0,20.2,75.6,45,18,41,18,3.92,3.125
2017-09-24,10:30,0,502,0,20.2,75.7,45,18,41,18,4.445,5.07
2017-09-24,10:30,0,509,0,20.2,75.4,45,19,41,18,3.71,3.255
2017-09-24,10:30,0,505,0,20.2,74.6,45,19,41,18,4.64,3.33
2017-09-24,10:30,0,506,0,20.1,74.3,45,18,41,18,3.79,4.39
2017-09-24,10:31,0,507,0,20.1,74.2,45,19,41,18,4.18,3.175
2017-09-24,10:31,0,506,0,20.1,74.6,45,19,41,18,3.75,3.165
2017-09-24,10:31,0,508,0,20.2,75.3,45,19,41,18,4.44,4.51
2017-09-24,10:31,0,508,0,20.2,75.7,45,18,41,18,3.245,2.485
2017-09-24,10:31,0,508,0,20.1,76.5,45,18,41,18,3.56,2.785
2017-09-24,10:31,0,506,0,20.1,76.2,45,19,41,18,2.71,4.13
2017-09-24,10:31,0,510,0,20.1,77.3,45,18,41,18,3.04,2.7
2017-09-24,10:31,0,511,0,20.1,77.7,45,19,41,18,2.675,3.05
2017-09-24,10:31,0,511,0,20.1,77.4,45,18,41,18,2.915,3.83
2017-09-24,10:32,0,509,0,20.1,76.5,45,18,41,18,2.73,2.945
2017-09-24,10:32,0,514,0,20.1,76.2,45,18,41,18,3.34,2.725
2017-09-24,10:32,0,513,0,20.1,75.8,45,19,41,18,2.75,3.82
2017-09-24,10:32,0,514,0,20.1,76.1,45,18,41,19,3.77,2.485
2017-09-24,10:32,0,515,0,20.1,77.1,45,18,41,18,2.905,3.1
2017-09-24,10:32,0,516,0,20.1,78.1,45,18,41,18,3.105,3.055
2017-09-24,10:32,0,513,1,20.1,76.9,45,19,41,18,6.19,2.79
2017-09-24,10:32,0,517,0,20.1,76.3,45,18,40,18,2.495,2.695
2017-09-24,10:33,0,515,0,20.1,75.8,44,19,41,18,3.17,3.12
2017-09-24,10:33,0,517,0,20.1,75.7,45,18,41,18,4.06,2.74
2017-09-24,10:33,0,522,0,20.2,75.8,45,19,41,18,3.0,2.51
2017-09-24,10:33,0,515,0,20.2,75.7,45,19,41,18,5.87,3.795
2017-09-24,10:33,0,520,0,20.1,75.9,45,19,41,18,4.875,3.625
2017-09-24,10:33,0,517,0,20.2,77.2,45,19,40,18,3.945,3.24
2017-09-24,10:33,0,519,0,20.2,79.1,45,18,41,18,3.91,4.32
2017-09-24,10:33,0,523,0,20.2,78.5,44,19,41,18,4.245,3.195
2017-09-24,10:34,0,520,0,20.2,77.1,45,19,40,18,2.525,2.115
2017-09-24,10:34,0,522,1,20.2,76.8,45,19,40,18,2.565,3.43
2017-09-24,10:34,0,521,0,20.2,77.0,44,18,41,18,2.7,1.99
2017-09-24,10:34,0,522,0,20.2,77.6,44,19,41,18,2.33,2.01
2017-09-24,10:34,0,519,0,20.2,78.5,44,19,41,18,3.345,4.09
2017-09-24,10:34,0,522,0,20.2,78.1,44,18,40,18,2.585,2.315
2017-09-24,10:34,0,523,0,20.2,79.8,45,19,40,18,3.435,2.905
2017-09-24,10:34,0,524,0,20.2,78.8,45,18,40,18,2.675,3.585
2017-09-24,10:34,0,523,0,20.2,78.2,44,19,40,18,3.895,3.285
2017-09-24,10:35,0,527,0,20.2,78.4,45,19,40,18,2.445,3.015
2017-09-24,10:35,0,529,0,20.2,78.5,44,19,40,18,4.82,4.86
2017-09-24,10:35,0,525,2,20.2,77.9,44,19,40,18,2.435,11.69
2017-09-24,10:35,0,522,0,20.2,78.3,44,19,40,18,14.67,12.405
2017-09-24,10:35,0,526,2,20.2,77.2,44,19,40,18,15.7,12.515
2017-09-24,10:35,0,530,0,20.3,78.2,44,19,40,18,14.875,12.64
2017-09-24,10:35,0,527,0,20.3,79.2,44,19,40,18,13.95,12.56
2017-09-24,10:35,0,527,0,20.3,79.6,44,19,40,18,14.505,12.445
2017-09-24,10:36,0,528,0,20.3,78.5,44,19,40,18,14.905,12.44
2017-09-24,10:36,0,530,1,20.3,79.1,44,19,40,18,16.375,11.905
2017-09-24,10:36,0,531,0,20.3,78.4,44,19,40,18,14.14,11.665
2017-09-24,10:36,0,525,0,20.3,78.3,44,18,40,19,14.45,13.455
2017-09-24,10:36,0,530,0,20.3,78.2,44,19,40,18,14.745,12.065
2017-09-24,10:36,0,532,0,20.3,77.8,44,19,40,18,14.63,12.265
2017-09-24,10:36,0,529,0,20.3,79.9,44,19,40,18,14.16,11.71
2017-09-24,10:36,0,533,0,20.3,79.5,44,19,40,18,14.7,11.545
2017-09-24,10:36,0,533,0,20.3,77.7,44,19,40,18,16.475,12.185
2017-09-24,10:37,0,533,0,20.3,77.7,44,19,40,18,14.635,12.17
2017-09-24,10:37,0,531,0,20.3,79.1,44,19,40,18,15.015,12.405
2017-09-24,10:37,0,532,1,20.3,79.0,44,19,40,18,14.655,11.555
2017-09-24,10:37,0,533,0,20.3,79.4,44,19,40,18,14.835,13.13
2017-09-24,10:37,0,534,0,20.3,79.3,44,18,40,18,14.52,12.13
2017-09-24,10:37,0,536,0,20.3,78.5,44,19,40,18,14.01,13.58
2017-09-24,10:37,0,534,1,20.3,77.9,44,19,40,18,13.94,11.535
2017-09-24,10:37,0,535,0,20.3,77.9,44,19,40,18,14.545,12.42
2017-09-24,10:38,0,533,0,20.3,77.6,44,19,40,18,14.75,12.15
2017-09-24,10:38,0,536,0,20.3,77.3,44,19,40,18,14.73,12.24
2017-09-24,10:38,0,535,0,20.3,77.8,44,19,40,18,15.69,11.7
2017-09-24,10:38,0,535,0,20.3,78.5,44,19,40,18,14.51,12.25
2017-09-24,10:38,0,536,0,20.3,79.3,44,19,40,18,15.395,12.745
2017-09-24,10:38,0,536,0,20.2,79.7,44,19,40,18,14.81,12.215
2017-09-24,10:38,0,536,0,20.3,79.3,44,19,40,18,13.985,12.96
2017-09-24,10:38,0,537,0,20.2,78.7,44,19,40,18,14.54,12.18
2017-09-24,10:38,0,536,1,20.3,77.8,44,19,40,18,14.495,12.16
2017-09-24,10:39,0,540,0,20.3,77.5,44,19,40,18,14.52,12.135
2017-09-24,10:39,0,536,0,20.3,77.4,44,19,40,18,13.97,11.515
2017-09-24,10:39,0,537,1,20.3,77.1,44,19,40,18,15.585,12.12
2017-09-24,10:39,0,538,0,20.3,77.8,44,19,40,18,14.42,11.555
2017-09-24,10:39,0,538,0,20.3,79.4,44,19,40,18,3.945,2.505
2017-09-24,10:39,0,539,0,20.3,77.9,44,19,40,18,2.665,2.1
2017-09-24,10:39,0,538,0,20.3,77.5,44,19,40,18,2.515,3.1
2017-09-24,10:39,0,540,0,20.3,76.9,44,19,40,18,3.01,2.295
2017-09-24,10:40,0,541,2,20.3,76.8,44,19,40,18,2.54,2.13
2017-09-24,10:40,0,541,0,20.3,79.3,44,19,40,18,3.72,2.755
2017-09-24,10:40,0,544,1,20.3,79.0,44,19,40,18,2.495,2.115
2017-09-24,10:40,0,539,0,20.3,78.8,44,19,40,18,2.5,2.615
2017-09-24,10:40,0,546,0,20.3,79.7,44,19,40,18,3.24,2.12
2017-09-24,10:40,0,541,0,20.3,78.6,44,19,40,18,20.185,16.805
2017-09-24,10:40,0,546,0,20.3,78.2,44,19,40,18,21.695,16.645
2017-09-24,10:40,0,547,0,20.3,78.0,44,19,39,18,20.13,16.67
2017-09-24,10:41,0,551,0,20.3,78.1,44,19,40,18,19.95,17.88
2017-09-24,10:41,0,555,0,20.4,77.5,44,19,40,18,20.085,16.56
2017-09-24,10:41,0,555,0,20.4,77.8,44,19,40,18,19.915,17.32
2017-09-24,10:41,0,560,0,20.4,77.3,44,19,40,18,29.145,24.09
2017-09-24,10:41,0,562,0,20.4,76.9,44,19,40,18,28.805,24.06
2017-09-24,10:41,0,560,0,20.5,77.0,44,19,40,18,29.075,23.7
2017-09-24,10:41,0,563,0,20.4,77.0,44,19,40,18,28.255,23.735
2017-09-24,10:41,0,565,0,20.4,77.0,44,19,40,18,30.21,23.515
2017-09-24,10:41,0,566,0,20.5,76.7,44,19,40,18,28.455,23.41
2017-09-24,10:42,0,566,0,20.5,77.8,44,19,40,18,29.195,24.465
2017-09-24,10:42,0,559,0,20.4,79.3,44,19,40,18,28.21,23.475
2017-09-24,10:42,0,553,0,20.4,79.6,44,19,40,18,28.74,25.37
2017-09-24,10:42,0,556,0,20.4,78.6,44,19,40,18,28.275,23.365
2017-09-24,10:42,0,555,0,20.4,79.2,44,19,40,18,28.39,24.27
2017-09-24,10:42,0,554,0,20.4,78.6,44,19,40,18,28.5,23.61
2017-09-24,10:42,0,552,0,20.4,78.6,44,19,40,18,28.75,23.81
2017-09-24,10:42,0,548,0,20.4,79.0,44,19,40,18,28.445,23.705
2017-09-24,10:42,0,552,0,20.4,78.6,44,19,41,18,28.4,23.72
2017-09-24,10:43,0,555,0,20.4,78.9,44,19,40,18,28.565,23.465
2017-09-24,10:43,0,554,0,20.4,78.7,44,19,40,18,28.765,23.825
2017-09-24,10:43,0,552,0,20.4,78.3,44,19,40,18,29.4,23.745
2017-09-24,10:43,0,553,0,20.4,79.0,44,19,41,18,28.935,24.23
2017-09-24,10:43,0,552,0,20.4,78.8,44,19,41,18,29.325,23.82
2017-09-24,10:43,0,553,1,20.4,78.7,44,19,41,18,28.705,23.905
2017-09-24,10:43,0,553,0,20.4,78.0,44,19,41,18,29.24,23.755
2017-09-24,10:43,0,553,1,20.4,77.9,44,19,41,18,28.71,9.32
2017-09-24,10:44,0,554,0,20.4,78.6,44,19,41,18,12.81,9.08
2017-09-24,10:44,0,553,0,20.4,77.8,44,19,41,18,11.505,9.285
2017-09-24,10:44,0,552,0,20.4,78.2,44,19,41,18,12.46,9.05
2017-09-24,10:44,0,553,0,20.4,77.4,44,19,41,18,11.39,9.35
2017-09-24,10:44,0,554,0,20.4,77.1,44,19,41,18,12.38,9.32
2017-09-24,10:44,0,548,1,20.4,77.4,44,19,42,18,11.375,9.29
2017-09-24,10:44,0,552,0,20.4,77.9,44,19,42,18,11.88,9.33
2017-09-24,10:44,0,554,0,20.4,78.8,44,19,42,18,11.535,9.315
2017-09-24,10:44,0,553,0,20.4,77.9,44,19,42,18,12.025,9.465
2017-09-24,10:45,0,551,0,20.4,77.1,44,19,42,18,11.33,9.41
2017-09-24,10:45,0,553,0,20.4,76.6,44,19,42,18,11.035,10.12
2017-09-24,10:45,0,552,0,20.4,77.0,44,19,42,18,11.17,9.365
2017-09-24,10:45,0,550,0,20.4,76.5,44,19,42,18,11.115,10.435
2017-09-24,10:45,0,552,0,20.5,76.4,44,19,43,18,11.515,9.115
2017-09-24,10:45,0,553,0,20.5,76.9,44,19,42,18,10.985,9.77
2017-09-24,10:45,0,552,0,20.4,78.6,44,19,42,18,11.56,9.495
2017-09-24,10:45,0,551,0,20.4,80.3,44,19,43,18,11.62,9.595
2017-09-24,10:46,0,551,1,20.4,78.5,44,19,43,18,12.905,9.665
2017-09-24,10:46,0,553,0,20.4,78.8,44,19,42,18,11.88,9.675
2017-09-24,10:46,0,551,0,20.4,79.1,44,19,42,18,12.705,10.28
2017-09-24,10:46,0,551,0,20.4,78.6,44,19,43,18,11.79,9.74
2017-09-24,10:46,0,550,2,20.4,77.8,44,19,42,18,11.835,11.05
2017-09-24,10:46,0,552,0,20.4,78.5,44,19,42,18,11.63,9.61
2017-09-24,10:46,0,551,0,20.4,78.9,44,19,43,18,11.63,9.575
2017-09-24,10:46,0,549,0,20.4,78.7,44,19,43,18,12.81,9.57
2017-09-24,10:46,0,552,0,20.4,78.3,44,19,43,18,11.595,9.55
2017-09-24,10:47,0,549,0,20.4,77.9,44,19,43,18,12.145,10.505
2017-09-24,10:47,0,549,0,20.4,77.6,44,19,43,18,11.565,9.525
2017-09-24,10:47,0,549,0,20.4,78.3,44,19,43,18,11.58,9.8
2017-09-24,10:47,0,545,0,20.4,78.5,44,19,43,18,12.525,9.52
2017-09-24,10:47,0,547,1,20.3,78.9,44,19,43,18,11.535,9.5
2017-09-24,10:47,0,547,0,20.4,77.4,44,19,43,18,11.49,10.98
2017-09-24,10:47,0,547,1,20.4,77.1,44,19,43,18,11.605,9.525
2017-09-24,10:47,0,546,0,20.4,77.5,44,19,43,18,11.765,9.72
2017-09-24,10:48,0,543,0,20.4,77.3,44,19,43,18,12.68,9.54
2017-09-24,10:48,0,543,0,20.4,77.4,44,19,43,18,11.545,9.565
2017-09-24,10:48,0,543,0,20.4,78.3,44,19,43,18,12.395,10.215
2017-09-24,10:48,0,544,0,20.4,80.2,44,19,43,18,11.57,9.68
2017-09-24,10:48,0,546,1,20.3,81.1,44,19,43,18,11.615,10.565
2017-09-24,10:48,0,543,0,20.3,79.4,45,19,43,18,11.545,9.475
2017-09-24,10:48,0,541,0,20.4,78.3,44,19,43,18,11.615,9.485
2017-09-24,10:48,0,543,0,20.4,77.5,44,19,43,18,13.035,9.55
2017-09-24,10:48,0,540,0,20.4,77.6,44,19,43,18,11.515,9.47
2017-09-24,10:49,0,543,0,20.4,77.5,44,19,43,18,11.475,10.53
2017-09-24,10:49,0,540,0,20.4,77.5,44,19,43,18,11.685,9.64
2017-09-24,10:49,0,540,0,20.4,77.8,44,19,43,18,11.895,9.87
2017-09-24,10:49,0,540,0,20.4,77.8,44,19,43,18,12.665,9.865
2017-09-24,10:49,0,538,0,20.4,77.7,44,19,43,18,11.5,9.5
2017-09-24,10:49,0,538,0,20.4,77.8,45,19,43,18,11.575,10.84
2017-09-24,10:49,0,538,0,20.4,77.8,44,19,43,18,11.54,9.67
2017-09-24,10:49,0,534,0,20.4,78.2,44,19,43,18,11.575,9.47
2017-09-24,10:50,0,539,0,20.4,77.4,44,19,43,18,13.195,9.5
2017-09-24,10:50,0,537,0,20.4,77.4,44,19,43,18,11.48,9.465
2017-09-24,10:50,0,536,0,20.4,77.3,44,19,43,18,11.45,10.875
2017-09-24,10:50,0,539,0,20.5,77.2,44,19,43,18,10.56,8.68
2017-09-24,10:50,0,535,0,20.4,76.9,44,19,43,19,10.5,8.835
2017-09-24,10:50,0,539,0,20.4,77.0,44,19,43,18,11.15,8.58
2017-09-24,10:50,0,532,0,20.5,77.4,44,19,43,18,10.395,8.78
2017-09-24,10:50,0,532,1,20.4,77.5,44,19,43,18,11.315,8.97
2017-09-24,10:51,0,528,0,20.4,77.4,44,19,43,18,3.54,3.12
2017-09-24,10:51,0,532,0,20.4,77.4,44,19,43,18,3.675,4.065
2017-09-24,10:51,0,534,0,20.4,77.4,44,19,43,18,3.89,3.245
2017-09-24,10:51,0,533,0,20.4,77.4,45,19,43,18,3.635,3.08
2017-09-24,10:51,0,531,0,20.4,77.5,45,19,43,18,4.655,2.37
2017-09-24,10:51,0,528,0,20.4,77.4,45,19,43,18,4.24,9.81
2017-09-24,10:51,0,527,0,20.4,77.2,44,19,43,18,12.22,10.2
2017-09-24,10:51,0,526,0,20.5,76.9,44,19,43,18,11.845,9.775
2017-09-24,10:51,0,525,1,20.5,76.8,44,19,43,18,11.75,10.68
2017-09-24,10:52,0,524,0,20.6,76.3,44,19,43,18,11.27,9.53
2017-09-24,10:52,0,524,0,20.6,76.2,44,19,43,18,11.74,9.92
2017-09-24,10:52,0,522,0,20.6,76.0,44,19,43,18,12.955,9.37
2017-09-24,10:52,0,520,1,20.6,76.3,44,19,43,18,11.76,9.7
2017-09-24,10:52,0,520,0,20.6,76.6,44,19,43,18,12.47,10.665
2017-09-24,10:52,0,519,0,20.5,76.6,44,19,43,18,11.435,9.86
2017-09-24,10:52,0,519,0,20.5,76.4,44,19,43,18,11.865,10.69
2017-09-24,10:52,0,520,1,20.6,76.2,44,19,43,18,11.49,9.595
2017-09-24,10:53,0,518,2,20.6,76.3,44,19,43,18,11.865,9.845
2017-09-24,10:53,0,519,1,20.6,76.4,44,19,43,18,13.615,9.855
2017-09-24,10:53,0,518,1,20.5,76.5,44,19,43,18,12.165,9.91
2017-09-24,10:53,0,519,0,20.5,76.9,44,19,43,18,11.895,11.23
2017-09-24,10:53,0,516,0,20.5,76.7,44,19,43,18,11.505,9.535
2017-09-24,10:53,0,519,0,20.5,76.4,44,19,43,18,11.995,10.105
2017-09-24,10:53,0,519,0,20.5,76.3,44,19,43,18,12.435,10.12
2017-09-24,10:53,0,519,0,20.5,76.5,44,19,43,18,12.11,9.95
2017-09-24,10:53,0,515,0,20.5,76.7,44,19,43,18,13.69,9.835
2017-09-24,10:54,0,516,0,20.5,76.9,44,19,43,18,11.435,9.49
2017-09-24,10:54,0,513,1,20.5,76.9,44,19,43,18,13.385,3.665
2017-09-24,10:54,1,513,0,20.5,76.9,44,19,43,18,11.85,9.51
2017-09-24,10:54,0,513,0,20.5,76.9,44,19,43,18,11.84,10.855
2017-09-24,10:54,0,512,0,20.5,77.0,44,19,43,18,11.79,9.855
2017-09-24,10:54,0,510,0,20.5,76.9,44,19,43,18,11.47,10.92
2017-09-24,10:54,0,512,0,20.5,77.1,44,19,43,18,4.31,3.78
2017-09-24,10:54,0,512,0,20.4,77.1,44,19,43,18,3.8,3.715
2017-09-24,10:55,0,509,0,20.4,77.4,44,19,43,18,12.14,9.415
2017-09-24,10:55,0,511,0,20.4,77.1,45,19,43,18,10.98,9.135
2017-09-24,10:55,0,509,0,20.4,76.9,44,19,43,18,11.23,9.375
2017-09-24,10:55,0,510,0,20.4,77.1,44,19,43,18,11.445,9.245
2017-09-24,10:55,0,510,0,20.4,77.1,44,19,43,18,4.09,2.425
2017-09-24,10:55,0,511,0,20.4,77.6,44,19,43,18,3.66,9.185
2017-09-24,10:55,0,512,1,20.4,77.6,44,19,43,18,12.785,9.175
2017-09-24,10:55,0,513,0,20.4,77.9,45,19,43,18,11.45,9.31
2017-09-24,10:55,0,508,0,20.4,77.2,44,19,43,18,11.625,10.06
2017-09-24,10:56,0,507,0,20.4,76.8,44,19,43,18,10.64,8.815
2017-09-24,10:56,0,507,0,20.4,76.7,44,19,42,18,3.685,4.145
2017-09-24,10:56,0,507,0,20.4,76.4,44,19,43,18,11.11,8.89
2017-09-24,10:56,0,506,0,20.5,76.8,44,19,43,18,11.09,9.145
2017-09-24,10:56,0,505,0,20.5,76.7,44,19,43,18,12.28,9.16
2017-09-24,10:56,0,507,0,20.5,76.8,44,19,42,18,10.675,8.92
2017-09-24,10:56,0,504,0,20.5,76.9,44,19,43,18,11.525,10.24
2017-09-24,10:56,0,505,0,20.5,76.9,44,19,43,18,3.235,2.585
2017-09-24,10:57,0,504,0,20.5,76.5,44,19,43,18,11.095,9.61
2017-09-24,10:57,0,503,0,20.5,76.5,44,19,43,18,11.035,9.13
2017-09-24,10:57,0,505,0,20.5,76.2,44,19,43,18,10.805,9.31
2017-09-24,10:57,0,509,0,20.5,75.9,44,19,42,18,12.425,9.235
2017-09-24,10:57,0,508,0,20.5,75.7,44,19,42,18,10.805,9.075
2017-09-24,10:57,0,506,0,20.5,75.6,44,19,43,18,5.065,8.09
2017-09-24,10:57,0,511,0,20.6,75.6,45,19,43,18,11.205,9.245
2017-09-24,10:57,0,503,0,20.6,75.6,44,19,43,18,12.325,9.765
2017-09-24,10:57,0,507,0,20.6,75.7,44,19,43,18,11.275,9.27
2017-09-24,23:33,0,0,0,20.6,75.5,47,21,41,19,6.38,3.51
2017-09-24,23:33,0,0,0,nan,nan,46,21,41,19,6.835,5.995
2017-09-24,23:54,0,0,0,nan,nan,46,21,40,19,2.62,2.22
