2017-12-29,20:52,129,,,0,15.4,76.9,0,13,23.50,48.60,0,40,14,38,12,9.135,9.165,9.04,9.06
2017-12-29,20:53,125,,,0,15.4,77.1,0,6,23.50,48.60,0,40,15,38,12,9.08,9.05,9.15,9.205
2017-12-29,21:04,125,,,0,15.4,77.0,0,0,23.50,48.60,0,40,14,39,12,9.225,9.22,9.155,9.135
2017-12-29,22:23,DoorMotion,DoorMotionCount,DoorOpened,DoorOpenedCount,126,HallwayLightStatus,,,HallwayTemperatureReading,HallwayHumidityReading,1,BathroomLightStatus,BathroomLightCommanded,15.6,76.1,BathroomFanStatus,HackerspaceLightReading,HackerspaceLightStatus,HackerspaceLightCommanded,HackerspaceTemperatureReading,HackerspaceHumidityReading,0,LoftLightStatus,82,22.30,50.90,0,46,15,41,12,HotWaterStatus,ColdWaterStatus,DayWaterElementStatus,NightWaterElementStatus,2.97,2.87,2.895,2.915
2017-12-29,22:26,DoorMotion,DoorMotionCount,DoorOpened,DoorOpenedCount,125,HallwayLightStatus,,,HallwayTemperatureReading,HallwayHumidityReading,1,BathroomLightStatus,BathroomLightCommanded,15.6,75.9,BathroomFanStatus,HackerspaceLightReading,HackerspaceLightStatus,HackerspaceLightCommanded,HackerspaceTemperatureReading,HackerspaceHumidityReading,0,LoftLightStatus,90,22.30,51.00,0,45,15,40,12,HotWaterStatus,ColdWaterStatus,DayWaterElementStatus,NightWaterElementStatus,3.085,3.115,2.97,3.07
2017-12-29,22:26,DoorMotion,DoorMotionCount,DoorOpened,DoorOpenedCount,126,HallwayLightStatus,,,HallwayTemperatureReading,HallwayHumidityReading,0,BathroomLightStatus,BathroomLightCommanded,15.5,75.3,BathroomFanStatus,HackerspaceLightReading,HackerspaceLightStatus,HackerspaceLightCommanded,HackerspaceTemperatureReading,HackerspaceHumidityReading,0,LoftLightStatus,59,22.20,50.90,0,45,15,41,12,HotWaterStatus,ColdWaterStatus,DayWaterElementStatus,NightWaterElementStatus,2.945,3.17,3.155,3.095
2017-12-29,22:27,DoorMotion,DoorMotionCount,DoorOpened,DoorOpenedCount,127,HallwayLightStatus,,,HallwayTemperatureReading,HallwayHumidityReading,0,BathroomLightStatus,BathroomLightCommanded,15.5,75.2,BathroomFanStatus,HackerspaceLightReading,HackerspaceLightStatus,HackerspaceLightCommanded,HackerspaceTemperatureReading,HackerspaceHumidityReading,0,LoftLightStatus,9,22.20,50.90,0,44,15,41,12,HotWaterStatus,ColdWaterStatus,DayWaterElementStatus,NightWaterElementStatus,2.23,2.19,2.235,2.355
2017-12-29,22:27,DoorMotion,DoorMotionCount,DoorOpened,DoorOpenedCount,127,HallwayLightStatus,,,HallwayTemperatureReading,HallwayHumidityReading,0,BathroomLightStatus,BathroomLightCommanded,15.5,75.3,BathroomFanStatus,HackerspaceLightReading,HackerspaceLightStatus,HackerspaceLightCommanded,HackerspaceTemperatureReading,HackerspaceHumidityReading,0,LoftLightStatus,0,22.20,50.90,0,44,15,40,12,HotWaterStatus,ColdWaterStatus,DayWaterElementStatus,NightWaterElementStatus,2.225,2.355,2.2,2.23
2017-12-29,22:27,DoorMotion,DoorMotionCount,DoorOpened,DoorOpenedCount,125,HallwayLightStatus,,,HallwayTemperatureReading,HallwayHumidityReading,0,BathroomLightStatus,BathroomLightCommanded,15.5,75.3,BathroomFanStatus,HackerspaceLightReading,HackerspaceLightStatus,HackerspaceLightCommanded,HackerspaceTemperatureReading,HackerspaceHumidityReading,0,LoftLightStatus,4,22.20,51.00,0,45,15,41,12,HotWaterStatus,ColdWaterStatus,DayWaterElementStatus,NightWaterElementStatus,2.205,2.29,2.385,2.26
2017-12-29,22:28,DoorMotion,DoorMotionCount,DoorOpened,DoorOpenedCount,124,HallwayLightStatus,,,HallwayTemperatureReading,HallwayHumidityReading,1,BathroomLightStatus,BathroomLightCommanded,15.5,75.2,BathroomFanStatus,HackerspaceLightReading,HackerspaceLightStatus,HackerspaceLightCommanded,HackerspaceTemperatureReading,HackerspaceHumidityReading,0,LoftLightStatus,9,22.20,50.90,0,44,15,41,12,HotWaterStatus,ColdWaterStatus,DayWaterElementStatus,NightWaterElementStatus,2.215,2.22,2.185,2.2
2017-12-29,22:28,DoorMotion,DoorMotionCount,DoorOpened,DoorOpenedCount,125,HallwayLightStatus,,,HallwayTemperatureReading,HallwayHumidityReading,1,BathroomLightStatus,BathroomLightCommanded,15.5,75.2,BathroomFanStatus,HackerspaceLightReading,HackerspaceLightStatus,HackerspaceLightCommanded,HackerspaceTemperatureReading,HackerspaceHumidityReading,0,LoftLightStatus,9,22.20,50.90,0,44,15,41,12,HotWaterStatus,ColdWaterStatus,DayWaterElementStatus,NightWaterElementStatus,2.2,2.195,2.205,2.195
2017-12-29,22:28,DoorMotion,DoorMotionCount,DoorOpened,DoorOpenedCount,126,HallwayLightStatus,,,HallwayTemperatureReading,HallwayHumidityReading,0,BathroomLightStatus,BathroomLightCommanded,15.5,75.2,BathroomFanStatus,HackerspaceLightReading,HackerspaceLightStatus,HackerspaceLightCommanded,HackerspaceTemperatureReading,HackerspaceHumidityReading,0,LoftLightStatus,1,22.20,50.90,0,44,15,41,12,HotWaterStatus,ColdWaterStatus,DayWaterElementStatus,NightWaterElementStatus,2.205,2.2,2.195,2.265
2017-12-29,22:29,DoorMotion,DoorMotionCount,DoorOpened,DoorOpenedCount,128,HallwayLightStatus,,,HallwayTemperatureReading,HallwayHumidityReading,0,BathroomLightStatus,BathroomLightCommanded,15.5,75.1,BathroomFanStatus,HackerspaceLightReading,HackerspaceLightStatus,HackerspaceLightCommanded,HackerspaceTemperatureReading,HackerspaceHumidityReading,0,LoftLightStatus,0,22.20,50.90,0,44,15,41,12,HotWaterStatus,ColdWaterStatus,DayWaterElementStatus,NightWaterElementStatus,2.39,2.28,2.2,2.225
2017-12-29,22:29,DoorMotion,DoorMotionCount,DoorOpened,DoorOpenedCount,124,HallwayLightStatus,,,HallwayTemperatureReading,HallwayHumidityReading,1,BathroomLightStatus,BathroomLightCommanded,15.5,75.1,BathroomFanStatus,HackerspaceLightReading,HackerspaceLightStatus,HackerspaceLightCommanded,HackerspaceTemperatureReading,HackerspaceHumidityReading,0,LoftLightStatus,0,22.20,50.90,0,44,15,41,12,HotWaterStatus,ColdWaterStatus,DayWaterElementStatus,NightWaterElementStatus,2.255,2.275,2.245,2.325
2017-12-29,22:29,DoorMotion,DoorMotionCount,DoorOpened,DoorOpenedCount,129,HallwayLightStatus,,,HallwayTemperatureReading,HallwayHumidityReading,0,BathroomLightStatus,BathroomLightCommanded,15.5,75.2,BathroomFanStatus,HackerspaceLightReading,HackerspaceLightStatus,HackerspaceLightCommanded,HackerspaceTemperatureReading,HackerspaceHumidityReading,0,LoftLightStatus,2,22.20,50.90,0,44,15,41,12,HotWaterStatus,ColdWaterStatus,DayWaterElementStatus,NightWaterElementStatus,2.255,2.22,2.225,2.17
2017-12-29,22:30,DoorMotion,DoorMotionCount,DoorOpened,DoorOpenedCount,126,HallwayLightStatus,,,HallwayTemperatureReading,HallwayHumidityReading,0,BathroomLightStatus,BathroomLightCommanded,15.5,75.1,BathroomFanStatus,HackerspaceLightReading,HackerspaceLightStatus,HackerspaceLightCommanded,HackerspaceTemperatureReading,HackerspaceHumidityReading,0,LoftLightStatus,74,22.20,50.90,0,44,15,41,12,HotWaterStatus,ColdWaterStatus,DayWaterElementStatus,NightWaterElementStatus,2.89,2.895,2.88,2.93
2017-12-29,22:30,DoorMotion,DoorMotionCount,DoorOpened,DoorOpenedCount,124,HallwayLightStatus,,,HallwayTemperatureReading,HallwayHumidityReading,1,BathroomLightStatus,BathroomLightCommanded,15.4,75.0,BathroomFanStatus,HackerspaceLightReading,HackerspaceLightStatus,HackerspaceLightCommanded,HackerspaceTemperatureReading,HackerspaceHumidityReading,0,LoftLightStatus,100,22.20,50.90,0,44,15,41,12,HotWaterStatus,ColdWaterStatus,DayWaterElementStatus,NightWaterElementStatus,2.9,2.9,2.915,2.845
2017-12-29,22:30,DoorMotion,DoorMotionCount,DoorOpened,DoorOpenedCount,127,HallwayLightStatus,,,HallwayTemperatureReading,HallwayHumidityReading,0,BathroomLightStatus,BathroomLightCommanded,15.5,75.1,BathroomFanStatus,HackerspaceLightReading,HackerspaceLightStatus,HackerspaceLightCommanded,HackerspaceTemperatureReading,HackerspaceHumidityReading,0,LoftLightStatus,97,22.20,50.90,0,44,15,40,12,HotWaterStatus,ColdWaterStatus,DayWaterElementStatus,NightWaterElementStatus,2.885,2.9,2.895,2.855
2017-12-29,22:31,DoorMotion,DoorMotionCount,DoorOpened,DoorOpenedCount,124,HallwayLightStatus,,,HallwayTemperatureReading,HallwayHumidityReading,0,BathroomLightStatus,BathroomLightCommanded,15.5,74.9,BathroomFanStatus,HackerspaceLightReading,HackerspaceLightStatus,HackerspaceLightCommanded,HackerspaceTemperatureReading,HackerspaceHumidityReading,0,LoftLightStatus,93,22.20,51.00,0,45,15,40,12,HotWaterStatus,ColdWaterStatus,DayWaterElementStatus,NightWaterElementStatus,2.89,2.85,2.885,2.89
2017-12-29,22:31,DoorMotion,DoorMotionCount,DoorOpened,DoorOpenedCount,126,HallwayLightStatus,,,HallwayTemperatureReading,HallwayHumidityReading,1,BathroomLightStatus,BathroomLightCommanded,15.5,74.8,BathroomFanStatus,HackerspaceLightReading,HackerspaceLightStatus,HackerspaceLightCommanded,HackerspaceTemperatureReading,HackerspaceHumidityReading,0,LoftLightStatus,86,22.20,50.90,0,44,15,40,12,HotWaterStatus,ColdWaterStatus,DayWaterElementStatus,NightWaterElementStatus,2.895,2.93,2.885,2.91
2017-12-29,22:31,DoorMotion,DoorMotionCount,DoorOpened,DoorOpenedCount,127,HallwayLightStatus,,,HallwayTemperatureReading,HallwayHumidityReading,0,BathroomLightStatus,BathroomLightCommanded,15.5,74.9,BathroomFanStatus,HackerspaceLightReading,HackerspaceLightStatus,HackerspaceLightCommanded,HackerspaceTemperatureReading,HackerspaceHumidityReading,0,LoftLightStatus,100,22.20,51.00,0,43,15,40,12,HotWaterStatus,ColdWaterStatus,DayWaterElementStatus,NightWaterElementStatus,2.89,2.9,2.89,2.94
2017-12-29,22:32,DoorMotion,DoorMotionCount,DoorOpened,DoorOpenedCount,127,HallwayLightStatus,,,HallwayTemperatureReading,HallwayHumidityReading,1,BathroomLightStatus,BathroomLightCommanded,15.5,74.9,BathroomFanStatus,HackerspaceLightReading,HackerspaceLightStatus,HackerspaceLightCommanded,HackerspaceTemperatureReading,HackerspaceHumidityReading,0,LoftLightStatus,86,22.20,50.80,0,43,15,40,12,HotWaterStatus,ColdWaterStatus,DayWaterElementStatus,NightWaterElementStatus,2.86,2.875,2.9,2.905
2017-12-29,22:32,DoorMotion,DoorMotionCount,DoorOpened,DoorOpenedCount,127,HallwayLightStatus,,,HallwayTemperatureReading,HallwayHumidityReading,0,BathroomLightStatus,BathroomLightCommanded,15.5,75.0,BathroomFanStatus,HackerspaceLightReading,HackerspaceLightStatus,HackerspaceLightCommanded,HackerspaceTemperatureReading,HackerspaceHumidityReading,0,LoftLightStatus,93,22.20,51.00,0,43,15,40,12,HotWaterStatus,ColdWaterStatus,DayWaterElementStatus,NightWaterElementStatus,2.905,2.905,2.88,2.915
2017-12-29,22:32,DoorMotion,DoorMotionCount,DoorOpened,DoorOpenedCount,123,HallwayLightStatus,,,HallwayTemperatureReading,HallwayHumidityReading,1,BathroomLightStatus,BathroomLightCommanded,15.4,74.7,BathroomFanStatus,HackerspaceLightReading,HackerspaceLightStatus,HackerspaceLightCommanded,HackerspaceTemperatureReading,HackerspaceHumidityReading,0,LoftLightStatus,87,22.20,50.90,0,44,15,40,12,HotWaterStatus,ColdWaterStatus,DayWaterElementStatus,NightWaterElementStatus,2.92,2.945,2.885,2.895
2017-12-29,22:33,DoorMotion,DoorMotionCount,DoorOpened,DoorOpenedCount,124,HallwayLightStatus,,,HallwayTemperatureReading,HallwayHumidityReading,0,BathroomLightStatus,BathroomLightCommanded,15.4,74.8,BathroomFanStatus,HackerspaceLightReading,HackerspaceLightStatus,HackerspaceLightCommanded,HackerspaceTemperatureReading,HackerspaceHumidityReading,0,LoftLightStatus,82,22.10,50.90,0,44,15,40,12,HotWaterStatus,ColdWaterStatus,DayWaterElementStatus,NightWaterElementStatus,2.88,2.865,2.84,2.875
2017-12-29,22:33,DoorMotion,DoorMotionCount,DoorOpened,DoorOpenedCount,125,HallwayLightStatus,,,HallwayTemperatureReading,HallwayHumidityReading,1,BathroomLightStatus,BathroomLightCommanded,15.5,74.9,BathroomFanStatus,HackerspaceLightReading,HackerspaceLightStatus,HackerspaceLightCommanded,HackerspaceTemperatureReading,HackerspaceHumidityReading,0,LoftLightStatus,99,22.10,50.90,0,43,15,40,12,HotWaterStatus,ColdWaterStatus,DayWaterElementStatus,NightWaterElementStatus,3.095,2.96,2.94,2.97
2017-12-29,22:33,DoorMotion,DoorMotionCount,DoorOpened,DoorOpenedCount,126,HallwayLightStatus,,,HallwayTemperatureReading,HallwayHumidityReading,0,BathroomLightStatus,BathroomLightCommanded,15.4,74.6,BathroomFanStatus,HackerspaceLightReading,HackerspaceLightStatus,HackerspaceLightCommanded,HackerspaceTemperatureReading,HackerspaceHumidityReading,2,LoftLightStatus,85,22.10,50.90,0,43,15,40,12,HotWaterStatus,ColdWaterStatus,DayWaterElementStatus,NightWaterElementStatus,2.935,2.955,2.93,2.93
2017-12-29,22:34,DoorMotion,DoorMotionCount,DoorOpened,DoorOpenedCount,130,HallwayLightStatus,,,HallwayTemperatureReading,HallwayHumidityReading,1,BathroomLightStatus,BathroomLightCommanded,15.4,74.5,BathroomFanStatus,HackerspaceLightReading,HackerspaceLightStatus,HackerspaceLightCommanded,HackerspaceTemperatureReading,HackerspaceHumidityReading,0,LoftLightStatus,84,22.10,51.00,0,43,15,40,12,HotWaterStatus,ColdWaterStatus,DayWaterElementStatus,NightWaterElementStatus,2.925,2.92,2.93,2.88
2017-12-29,22:34,DoorMotion,DoorMotionCount,DoorOpened,DoorOpenedCount,123,HallwayLightStatus,,,HallwayTemperatureReading,HallwayHumidityReading,0,BathroomLightStatus,BathroomLightCommanded,15.5,74.5,BathroomFanStatus,HackerspaceLightReading,HackerspaceLightStatus,HackerspaceLightCommanded,HackerspaceTemperatureReading,HackerspaceHumidityReading,0,LoftLightStatus,82,22.10,51.00,0,44,15,40,12,HotWaterStatus,ColdWaterStatus,DayWaterElementStatus,NightWaterElementStatus,2.94,2.935,3.005,2.93
2017-12-29,22:34,DoorMotion,DoorMotionCount,DoorOpened,DoorOpenedCount,125,HallwayLightStatus,,,HallwayTemperatureReading,HallwayHumidityReading,1,BathroomLightStatus,BathroomLightCommanded,15.4,74.3,BathroomFanStatus,HackerspaceLightReading,HackerspaceLightStatus,HackerspaceLightCommanded,HackerspaceTemperatureReading,HackerspaceHumidityReading,0,LoftLightStatus,91,22.10,51.10,0,43,15,40,12,HotWaterStatus,ColdWaterStatus,DayWaterElementStatus,NightWaterElementStatus,2.95,2.945,3.18,2.925
2017-12-29,22:35,DoorMotion,DoorMotionCount,DoorOpened,DoorOpenedCount,127,HallwayLightStatus,,,HallwayTemperatureReading,HallwayHumidityReading,0,BathroomLightStatus,BathroomLightCommanded,15.4,74.2,BathroomFanStatus,HackerspaceLightReading,HackerspaceLightStatus,HackerspaceLightCommanded,HackerspaceTemperatureReading,HackerspaceHumidityReading,0,LoftLightStatus,82,22.10,51.10,0,44,15,40,12,HotWaterStatus,ColdWaterStatus,DayWaterElementStatus,NightWaterElementStatus,2.965,2.92,2.945,2.925
2017-12-29,22:35,DoorMotion,DoorMotionCount,DoorOpened,DoorOpenedCount,124,HallwayLightStatus,,,HallwayTemperatureReading,HallwayHumidityReading,0,BathroomLightStatus,BathroomLightCommanded,15.4,74.2,BathroomFanStatus,HackerspaceLightReading,HackerspaceLightStatus,HackerspaceLightCommanded,HackerspaceTemperatureReading,HackerspaceHumidityReading,0,LoftLightStatus,89,22.10,51.20,0,43,15,40,12,HotWaterStatus,ColdWaterStatus,DayWaterElementStatus,NightWaterElementStatus,2.94,2.945,2.945,2.96
2017-12-29,22:35,DoorMotion,DoorMotionCount,DoorOpened,DoorOpenedCount,128,HallwayLightStatus,,,HallwayTemperatureReading,HallwayHumidityReading,0,BathroomLightStatus,BathroomLightCommanded,15.4,74.1,BathroomFanStatus,HackerspaceLightReading,HackerspaceLightStatus,HackerspaceLightCommanded,HackerspaceTemperatureReading,HackerspaceHumidityReading,0,LoftLightStatus,89,22.10,51.30,0,43,15,40,12,HotWaterStatus,ColdWaterStatus,DayWaterElementStatus,NightWaterElementStatus,2.915,2.925,2.9,2.91
2017-12-29,22:36,DoorMotion,DoorMotionCount,DoorOpened,DoorOpenedCount,126,HallwayLightStatus,,,HallwayTemperatureReading,HallwayHumidityReading,0,BathroomLightStatus,BathroomLightCommanded,15.5,74.2,BathroomFanStatus,HackerspaceLightReading,HackerspaceLightStatus,HackerspaceLightCommanded,HackerspaceTemperatureReading,HackerspaceHumidityReading,0,LoftLightStatus,96,22.10,51.30,0,43,15,40,12,HotWaterStatus,ColdWaterStatus,DayWaterElementStatus,NightWaterElementStatus,2.985,2.93,2.905,2.905
2017-12-29,22:36,DoorMotion,DoorMotionCount,DoorOpened,DoorOpenedCount,128,HallwayLightStatus,,,HallwayTemperatureReading,HallwayHumidityReading,1,BathroomLightStatus,BathroomLightCommanded,15.4,74.1,BathroomFanStatus,HackerspaceLightReading,HackerspaceLightStatus,HackerspaceLightCommanded,HackerspaceTemperatureReading,HackerspaceHumidityReading,0,LoftLightStatus,91,22.10,51.20,0,43,15,40,12,HotWaterStatus,ColdWaterStatus,DayWaterElementStatus,NightWaterElementStatus,2.915,2.935,2.895,2.875
2017-12-29,22:36,DoorMotion,DoorMotionCount,DoorOpened,DoorOpenedCount,126,HallwayLightStatus,,,HallwayTemperatureReading,HallwayHumidityReading,0,BathroomLightStatus,BathroomLightCommanded,15.5,74.3,BathroomFanStatus,HackerspaceLightReading,HackerspaceLightStatus,HackerspaceLightCommanded,HackerspaceTemperatureReading,HackerspaceHumidityReading,0,LoftLightStatus,0,22.10,51.20,0,43,15,40,12,HotWaterStatus,ColdWaterStatus,DayWaterElementStatus,NightWaterElementStatus,2.23,2.26,2.2,2.23
2017-12-29,22:36,DoorMotion,DoorMotionCount,DoorOpened,DoorOpenedCount,128,HallwayLightStatus,,,HallwayTemperatureReading,HallwayHumidityReading,0,BathroomLightStatus,BathroomLightCommanded,15.4,74.2,BathroomFanStatus,HackerspaceLightReading,HackerspaceLightStatus,HackerspaceLightCommanded,HackerspaceTemperatureReading,HackerspaceHumidityReading,0,LoftLightStatus,0,22.00,51.20,0,43,15,40,12,HotWaterStatus,ColdWaterStatus,DayWaterElementStatus,NightWaterElementStatus,2.34,2.35,2.235,2.24
2017-12-29,22:37,DoorMotion,DoorMotionCount,DoorOpened,DoorOpenedCount,126,HallwayLightStatus,,,HallwayTemperatureReading,HallwayHumidityReading,0,BathroomLightStatus,BathroomLightCommanded,15.5,74.4,BathroomFanStatus,HackerspaceLightReading,HackerspaceLightStatus,HackerspaceLightCommanded,HackerspaceTemperatureReading,HackerspaceHumidityReading,0,LoftLightStatus,8,22.00,51.20,0,44,15,40,12,HotWaterStatus,ColdWaterStatus,DayWaterElementStatus,NightWaterElementStatus,2.235,2.23,2.25,2.26
2017-12-29,22:37,DoorMotion,DoorMotionCount,DoorOpened,DoorOpenedCount,128,HallwayLightStatus,,,HallwayTemperatureReading,HallwayHumidityReading,0,BathroomLightStatus,BathroomLightCommanded,15.4,74.3,BathroomFanStatus,HackerspaceLightReading,HackerspaceLightStatus,HackerspaceLightCommanded,HackerspaceTemperatureReading,HackerspaceHumidityReading,0,LoftLightStatus,1,22.00,51.10,0,43,15,40,12,HotWaterStatus,ColdWaterStatus,DayWaterElementStatus,NightWaterElementStatus,2.335,2.365,2.36,2.59
2017-12-29,22:37,DoorMotion,DoorMotionCount,DoorOpened,DoorOpenedCount,125,HallwayLightStatus,,,HallwayTemperatureReading,HallwayHumidityReading,2,BathroomLightStatus,BathroomLightCommanded,15.4,74.2,BathroomFanStatus,HackerspaceLightReading,HackerspaceLightStatus,HackerspaceLightCommanded,HackerspaceTemperatureReading,HackerspaceHumidityReading,0,LoftLightStatus,9,22.00,51.20,0,43,15,40,12,HotWaterStatus,ColdWaterStatus,DayWaterElementStatus,NightWaterElementStatus,2.385,2.365,2.355,2.48
2017-12-29,22:38,DoorMotion,DoorMotionCount,DoorOpened,DoorOpenedCount,126,HallwayLightStatus,,,HallwayTemperatureReading,HallwayHumidityReading,2,BathroomLightStatus,BathroomLightCommanded,15.4,74.2,BathroomFanStatus,HackerspaceLightReading,HackerspaceLightStatus,HackerspaceLightCommanded,HackerspaceTemperatureReading,HackerspaceHumidityReading,0,LoftLightStatus,0,22.00,51.20,0,43,15,40,12,HotWaterStatus,ColdWaterStatus,DayWaterElementStatus,NightWaterElementStatus,2.225,2.235,2.25,2.205
2017-12-29,22:40,DoorMotion,DoorMotionCount,DoorOpened,DoorOpenedCount,125,HallwayLightStatus,,,HallwayTemperatureReading,HallwayHumidityReading,2,BathroomLightStatus,BathroomLightCommanded,15.4,74.2,BathroomFanStatus,HackerspaceLightReading,HackerspaceLightStatus,HackerspaceLightCommanded,HackerspaceTemperatureReading,HackerspaceHumidityReading,0,LoftLightStatus,0,22.00,51.20,0,43,15,39,12,HotWaterStatus,ColdWaterStatus,DayWaterElementStatus,NightWaterElementStatus,2.24,2.395,2.275,2.225
2017-12-29,22:41,DoorMotion,DoorMotionCount,DoorOpened,DoorOpenedCount,126,HallwayLightStatus,,,HallwayTemperatureReading,HallwayHumidityReading,1,BathroomLightStatus,BathroomLightCommanded,15.4,74.0,BathroomFanStatus,HackerspaceLightReading,HackerspaceLightStatus,HackerspaceLightCommanded,HackerspaceTemperatureReading,HackerspaceHumidityReading,0,LoftLightStatus,0,22.00,51.20,0,43,15,40,13,HotWaterStatus,ColdWaterStatus,DayWaterElementStatus,NightWaterElementStatus,2.235,2.255,2.205,2.275
2017-12-29,22:41,DoorMotion,DoorMotionCount,DoorOpened,DoorOpenedCount,125,HallwayLightStatus,,,HallwayTemperatureReading,HallwayHumidityReading,1,BathroomLightStatus,BathroomLightCommanded,15.5,74.0,BathroomFanStatus,HackerspaceLightReading,HackerspaceLightStatus,HackerspaceLightCommanded,HackerspaceTemperatureReading,HackerspaceHumidityReading,0,LoftLightStatus,0,22.00,51.30,0,43,15,40,12,HotWaterStatus,ColdWaterStatus,DayWaterElementStatus,NightWaterElementStatus,2.455,2.44,2.415,2.605
2017-12-29,22:41,DoorMotion,DoorMotionCount,DoorOpened,DoorOpenedCount,124,HallwayLightStatus,,,HallwayTemperatureReading,HallwayHumidityReading,0,BathroomLightStatus,BathroomLightCommanded,15.4,73.8,BathroomFanStatus,HackerspaceLightReading,HackerspaceLightStatus,HackerspaceLightCommanded,HackerspaceTemperatureReading,HackerspaceHumidityReading,0,LoftLightStatus,0,22.00,51.30,0,43,15,40,12,HotWaterStatus,ColdWaterStatus,DayWaterElementStatus,NightWaterElementStatus,2.205,2.395,2.23,2.3
2017-12-29,22:42,DoorMotion,DoorMotionCount,DoorOpened,DoorOpenedCount,128,HallwayLightStatus,,,HallwayTemperatureReading,HallwayHumidityReading,1,BathroomLightStatus,BathroomLightCommanded,15.4,73.7,BathroomFanStatus,HackerspaceLightReading,HackerspaceLightStatus,HackerspaceLightCommanded,HackerspaceTemperatureReading,HackerspaceHumidityReading,0,LoftLightStatus,0,21.90,51.20,0,43,15,40,12,HotWaterStatus,ColdWaterStatus,DayWaterElementStatus,NightWaterElementStatus,2.35,2.43,2.465,2.355
2017-12-29,22:42,DoorMotion,DoorMotionCount,DoorOpened,DoorOpenedCount,126,HallwayLightStatus,,,HallwayTemperatureReading,HallwayHumidityReading,0,BathroomLightStatus,BathroomLightCommanded,15.4,73.8,BathroomFanStatus,HackerspaceLightReading,HackerspaceLightStatus,HackerspaceLightCommanded,HackerspaceTemperatureReading,HackerspaceHumidityReading,0,LoftLightStatus,2,22.00,51.30,0,43,15,39,12,HotWaterStatus,ColdWaterStatus,DayWaterElementStatus,NightWaterElementStatus,2.28,2.27,2.26,2.34
2017-12-29,22:42,DoorMotion,DoorMotionCount,DoorOpened,DoorOpenedCount,128,HallwayLightStatus,,,HallwayTemperatureReading,HallwayHumidityReading,0,BathroomLightStatus,BathroomLightCommanded,15.4,73.8,BathroomFanStatus,HackerspaceLightReading,HackerspaceLightStatus,HackerspaceLightCommanded,HackerspaceTemperatureReading,HackerspaceHumidityReading,0,LoftLightStatus,9,21.90,51.20,0,43,15,39,13,HotWaterStatus,ColdWaterStatus,DayWaterElementStatus,NightWaterElementStatus,2.25,2.32,2.255,2.275
2017-12-29,22:43,DoorMotion,DoorMotionCount,DoorOpened,DoorOpenedCount,123,HallwayLightStatus,,,HallwayTemperatureReading,HallwayHumidityReading,0,BathroomLightStatus,BathroomLightCommanded,15.5,73.8,BathroomFanStatus,HackerspaceLightReading,HackerspaceLightStatus,HackerspaceLightCommanded,HackerspaceTemperatureReading,HackerspaceHumidityReading,0,LoftLightStatus,8,21.90,51.20,0,43,15,40,12,HotWaterStatus,ColdWaterStatus,DayWaterElementStatus,NightWaterElementStatus,2.21,2.33,2.3,2.27
2017-12-29,22:43,DoorMotion,DoorMotionCount,DoorOpened,DoorOpenedCount,124,HallwayLightStatus,,,HallwayTemperatureReading,HallwayHumidityReading,0,BathroomLightStatus,BathroomLightCommanded,15.4,73.6,BathroomFanStatus,HackerspaceLightReading,HackerspaceLightStatus,HackerspaceLightCommanded,HackerspaceTemperatureReading,HackerspaceHumidityReading,0,LoftLightStatus,4,21.90,51.20,0,43,15,40,12,HotWaterStatus,ColdWaterStatus,DayWaterElementStatus,NightWaterElementStatus,2.285,2.215,2.395,2.275
2017-12-29,22:43,DoorMotion,DoorMotionCount,DoorOpened,DoorOpenedCount,128,HallwayLightStatus,,,HallwayTemperatureReading,HallwayHumidityReading,0,BathroomLightStatus,BathroomLightCommanded,15.4,73.5,BathroomFanStatus,HackerspaceLightReading,HackerspaceLightStatus,HackerspaceLightCommanded,HackerspaceTemperatureReading,HackerspaceHumidityReading,0,LoftLightStatus,4.74,0,21.90,4,42,15,40,12,HotWaterStatus,ColdWaterStatus,DayWaterElementStatus,NightWaterElementStatus,2.19,2.21,,2.35
2017-12-29,22:44,DoorMotion,DoorMotionCount,DoorOpened,DoorOpenedCount,0,HallwayLightStatus,,,HallwayTemperatureReading,HallwayHumidityReading,73.70,BathroomLightStatus,BathroomLightCommanded,51.2,15.4,BathroomFanStatus,HackerspaceLightReading,HackerspaceLightStatus,HackerspaceLightCommanded,HackerspaceTemperatureReading,HackerspaceHumidityReading,0,LoftLightStatus,0,0,21.90,4.90,122,42,15,39,HotWaterStatus,ColdWaterStatus,DayWaterElementStatus,NightWaterElementStatus,6.0,2.275,2.205,2.445
2017-12-29,22:44,DoorMotion,DoorMotionCount,DoorOpened,DoorOpenedCount,0,HallwayLightStatus,,,HallwayTemperatureReading,HallwayHumidityReading,73.60,BathroomLightStatus,BathroomLightCommanded,51.3,15.4,BathroomFanStatus,HackerspaceLightReading,HackerspaceLightStatus,HackerspaceLightCommanded,HackerspaceTemperatureReading,HackerspaceHumidityReading,2,LoftLightStatus,4,0,21.90,4.39,128,42,14,39,HotWaterStatus,ColdWaterStatus,DayWaterElementStatus,NightWaterElementStatus,6.0,2.17,2.22,2.205
2017-12-29,22:44,DoorMotion,DoorMotionCount,DoorOpened,DoorOpenedCount,0,HallwayLightStatus,,,HallwayTemperatureReading,HallwayHumidityReading,73.60,BathroomLightStatus,BathroomLightCommanded,51.3,15.4,BathroomFanStatus,HackerspaceLightReading,HackerspaceLightStatus,HackerspaceLightCommanded,HackerspaceTemperatureReading,HackerspaceHumidityReading,2,LoftLightStatus,2,0,21.90,4.80,126,42,15,40,HotWaterStatus,ColdWaterStatus,DayWaterElementStatus,NightWaterElementStatus,6.0,2.5,2.385,2.35
2017-12-29,22:44,DoorMotion,DoorMotionCount,DoorOpened,DoorOpenedCount,0,HallwayLightStatus,,,HallwayTemperatureReading,HallwayHumidityReading,73.50,BathroomLightStatus,BathroomLightCommanded,51.4,15.4,BathroomFanStatus,HackerspaceLightReading,HackerspaceLightStatus,HackerspaceLightCommanded,HackerspaceTemperatureReading,HackerspaceHumidityReading,1,LoftLightStatus,0,0,21.90,4.99,124,42,15,39,HotWaterStatus,ColdWaterStatus,DayWaterElementStatus,NightWaterElementStatus,6.0,2.335,2.345,2.325
2017-12-29,22:45,DoorMotion,DoorMotionCount,DoorOpened,DoorOpenedCount,0,HallwayLightStatus,,,HallwayTemperatureReading,HallwayHumidityReading,73.60,BathroomLightStatus,BathroomLightCommanded,51.3,15.4,BathroomFanStatus,HackerspaceLightReading,HackerspaceLightStatus,HackerspaceLightCommanded,HackerspaceTemperatureReading,HackerspaceHumidityReading,0,LoftLightStatus,2,0,22.00,4.45,127,42,14,39,HotWaterStatus,ColdWaterStatus,DayWaterElementStatus,NightWaterElementStatus,6.0,2.24,2.195,2.265
2017-12-29,22:45,DoorMotion,DoorMotionCount,DoorOpened,DoorOpenedCount,0,HallwayLightStatus,,,HallwayTemperatureReading,HallwayHumidityReading,73.60,BathroomLightStatus,BathroomLightCommanded,51.3,15.4,BathroomFanStatus,HackerspaceLightReading,HackerspaceLightStatus,HackerspaceLightCommanded,HackerspaceTemperatureReading,HackerspaceHumidityReading,0,LoftLightStatus,0,0,21.90,4.39,125,42,15,39,HotWaterStatus,ColdWaterStatus,DayWaterElementStatus,NightWaterElementStatus,6.0,2.23,2.315,2.185
2017-12-29,22:45,DoorMotion,DoorMotionCount,DoorOpened,DoorOpenedCount,0,HallwayLightStatus,,,HallwayTemperatureReading,HallwayHumidityReading,73.50,BathroomLightStatus,BathroomLightCommanded,51.3,15.4,BathroomFanStatus,HackerspaceLightReading,HackerspaceLightStatus,HackerspaceLightCommanded,HackerspaceTemperatureReading,HackerspaceHumidityReading,2,LoftLightStatus,13,0,21.90,4.41,128,42,15,39,HotWaterStatus,ColdWaterStatus,DayWaterElementStatus,NightWaterElementStatus,6.0,2.205,2.245,2.17
2017-12-29,22:46,DoorMotion,DoorMotionCount,DoorOpened,DoorOpenedCount,0,HallwayLightStatus,,,HallwayTemperatureReading,HallwayHumidityReading,73.40,BathroomLightStatus,BathroomLightCommanded,51.3,15.4,BathroomFanStatus,HackerspaceLightReading,HackerspaceLightStatus,HackerspaceLightCommanded,HackerspaceTemperatureReading,HackerspaceHumidityReading,1,LoftLightStatus,0,0,21.90,4.49,125,43,15,40,HotWaterStatus,ColdWaterStatus,DayWaterElementStatus,NightWaterElementStatus,6.0,2.35,2.43,2.415
2017-12-29,22:46,DoorMotion,DoorMotionCount,DoorOpened,DoorOpenedCount,0,HallwayLightStatus,,,HallwayTemperatureReading,HallwayHumidityReading,73.50,BathroomLightStatus,BathroomLightCommanded,51.3,15.4,BathroomFanStatus,HackerspaceLightReading,HackerspaceLightStatus,HackerspaceLightCommanded,HackerspaceTemperatureReading,HackerspaceHumidityReading,0,LoftLightStatus,4,0,21.90,4.51,125,43,15,40,HotWaterStatus,ColdWaterStatus,DayWaterElementStatus,NightWaterElementStatus,6.0,2.235,2.225,2.28
2017-12-29,22:46,DoorMotion,DoorMotionCount,DoorOpened,DoorOpenedCount,0,HallwayLightStatus,,,HallwayTemperatureReading,HallwayHumidityReading,73.50,BathroomLightStatus,BathroomLightCommanded,51.3,15.4,BathroomFanStatus,HackerspaceLightReading,HackerspaceLightStatus,HackerspaceLightCommanded,HackerspaceTemperatureReading,HackerspaceHumidityReading,0,LoftLightStatus,4,0,21.90,4.41,124,42,15,40,HotWaterStatus,ColdWaterStatus,DayWaterElementStatus,NightWaterElementStatus,6.0,2.18,2.185,2.27
2017-12-29,22:46,DoorMotion,DoorMotionCount,DoorOpened,DoorOpenedCount,0,HallwayLightStatus,,,HallwayTemperatureReading,HallwayHumidityReading,73.50,BathroomLightStatus,BathroomLightCommanded,51.3,15.4,BathroomFanStatus,HackerspaceLightReading,HackerspaceLightStatus,HackerspaceLightCommanded,HackerspaceTemperatureReading,HackerspaceHumidityReading,0,LoftLightStatus,1,0,21.90,4.67,128,42,15,40,HotWaterStatus,ColdWaterStatus,DayWaterElementStatus,NightWaterElementStatus,6.0,2.35,2.445,2.385
2017-12-29,22:47,DoorMotion,DoorMotionCount,DoorOpened,DoorOpenedCount,0,HallwayLightStatus,,,HallwayTemperatureReading,HallwayHumidityReading,73.50,BathroomLightStatus,BathroomLightCommanded,51.3,15.4,BathroomFanStatus,HackerspaceLightReading,HackerspaceLightStatus,HackerspaceLightCommanded,HackerspaceTemperatureReading,HackerspaceHumidityReading,0,LoftLightStatus,13,0,21.90,4.46,123,42,15,39,HotWaterStatus,ColdWaterStatus,DayWaterElementStatus,NightWaterElementStatus,6.0,2.365,2.33,2.32
2017-12-29,22:47,DoorMotion,DoorMotionCount,DoorOpened,DoorOpenedCount,0,HallwayLightStatus,,,HallwayTemperatureReading,HallwayHumidityReading,73.50,BathroomLightStatus,BathroomLightCommanded,51.3,15.4,BathroomFanStatus,HackerspaceLightReading,HackerspaceLightStatus,HackerspaceLightCommanded,HackerspaceTemperatureReading,HackerspaceHumidityReading,0,LoftLightStatus,0,0,21.90,4.43,126,42,14,39,HotWaterStatus,ColdWaterStatus,DayWaterElementStatus,NightWaterElementStatus,6.0,2.17,2.18,2.175
2017-12-29,22:47,DoorMotion,DoorMotionCount,DoorOpened,DoorOpenedCount,0,HallwayLightStatus,,,HallwayTemperatureReading,HallwayHumidityReading,73.30,BathroomLightStatus,BathroomLightCommanded,51.3,15.4,BathroomFanStatus,HackerspaceLightReading,HackerspaceLightStatus,HackerspaceLightCommanded,HackerspaceTemperatureReading,HackerspaceHumidityReading,0,LoftLightStatus,4,0,21.90,4.73,126,42,14,39,HotWaterStatus,ColdWaterStatus,DayWaterElementStatus,NightWaterElementStatus,6.0,2.365,2.355,2.315
2017-12-29,22:48,DoorMotion,DoorMotionCount,DoorOpened,DoorOpenedCount,0,HallwayLightStatus,,,HallwayTemperatureReading,HallwayHumidityReading,73.30,BathroomLightStatus,BathroomLightCommanded,51.3,15.4,BathroomFanStatus,HackerspaceLightReading,HackerspaceLightStatus,HackerspaceLightCommanded,HackerspaceTemperatureReading,HackerspaceHumidityReading,1,LoftLightStatus,0,0,21.90,4.41,127,42,15,39,HotWaterStatus,ColdWaterStatus,DayWaterElementStatus,NightWaterElementStatus,6.0,2.195,2.195,2.25
2017-12-29,22:48,DoorMotion,DoorMotionCount,DoorOpened,DoorOpenedCount,0,HallwayLightStatus,,,HallwayTemperatureReading,HallwayHumidityReading,73.30,BathroomLightStatus,BathroomLightCommanded,51.4,15.4,BathroomFanStatus,HackerspaceLightReading,HackerspaceLightStatus,HackerspaceLightCommanded,HackerspaceTemperatureReading,HackerspaceHumidityReading,1,LoftLightStatus,2,0,21.90,4.41,129,42,14,39,HotWaterStatus,ColdWaterStatus,DayWaterElementStatus,NightWaterElementStatus,6.0,2.215,2.305,2.235
2017-12-29,22:48,DoorMotion,DoorMotionCount,DoorOpened,DoorOpenedCount,0,HallwayLightStatus,,,HallwayTemperatureReading,HallwayHumidityReading,73.30,BathroomLightStatus,BathroomLightCommanded,51.4,15.4,BathroomFanStatus,HackerspaceLightReading,HackerspaceLightStatus,HackerspaceLightCommanded,HackerspaceTemperatureReading,HackerspaceHumidityReading,0,LoftLightStatus,4,0,21.90,4.51,126,43,14,40,HotWaterStatus,ColdWaterStatus,DayWaterElementStatus,NightWaterElementStatus,6.0,2.255,2.22,2.205
2017-12-29,22:48,DoorMotion,DoorMotionCount,DoorOpened,DoorOpenedCount,0,HallwayLightStatus,,,HallwayTemperatureReading,HallwayHumidityReading,73.30,BathroomLightStatus,BathroomLightCommanded,51.4,15.4,BathroomFanStatus,HackerspaceLightReading,HackerspaceLightStatus,HackerspaceLightCommanded,HackerspaceTemperatureReading,HackerspaceHumidityReading,1,LoftLightStatus,2,0,21.90,4.81,127,42,15,39,HotWaterStatus,ColdWaterStatus,DayWaterElementStatus,NightWaterElementStatus,6.0,2.19,2.19,2.185
2017-12-29,22:49,DoorMotion,DoorMotionCount,DoorOpened,DoorOpenedCount,0,HallwayLightStatus,,,HallwayTemperatureReading,HallwayHumidityReading,73.30,BathroomLightStatus,BathroomLightCommanded,51.4,15.4,BathroomFanStatus,HackerspaceLightReading,HackerspaceLightStatus,HackerspaceLightCommanded,HackerspaceTemperatureReading,HackerspaceHumidityReading,1,LoftLightStatus,11,0,21.90,4.41,128,42,14,39,HotWaterStatus,ColdWaterStatus,DayWaterElementStatus,NightWaterElementStatus,6.0,2.195,2.225,2.27
2017-12-29,22:49,DoorMotion,DoorMotionCount,DoorOpened,DoorOpenedCount,0,HallwayLightStatus,,,HallwayTemperatureReading,HallwayHumidityReading,73.30,BathroomLightStatus,BathroomLightCommanded,51.4,15.4,BathroomFanStatus,HackerspaceLightReading,HackerspaceLightStatus,HackerspaceLightCommanded,HackerspaceTemperatureReading,HackerspaceHumidityReading,0,LoftLightStatus,4,0,21.90,4.68,123,42,14,39,HotWaterStatus,ColdWaterStatus,DayWaterElementStatus,NightWaterElementStatus,6.0,2.175,2.325,2.33
2017-12-29,22:49,DoorMotion,DoorMotionCount,DoorOpened,DoorOpenedCount,0,HallwayLightStatus,,,HallwayTemperatureReading,HallwayHumidityReading,73.30,BathroomLightStatus,BathroomLightCommanded,51.3,15.4,BathroomFanStatus,HackerspaceLightReading,HackerspaceLightStatus,HackerspaceLightCommanded,HackerspaceTemperatureReading,HackerspaceHumidityReading,0,LoftLightStatus,3,0,21.90,4.37,126,42,15,39,HotWaterStatus,ColdWaterStatus,DayWaterElementStatus,NightWaterElementStatus,6.0,2.23,2.215,2.185
2017-12-29,22:50,DoorMotion,DoorMotionCount,DoorOpened,DoorOpenedCount,0,HallwayLightStatus,,,HallwayTemperatureReading,HallwayHumidityReading,73.30,BathroomLightStatus,BathroomLightCommanded,51.3,15.4,BathroomFanStatus,HackerspaceLightReading,HackerspaceLightStatus,HackerspaceLightCommanded,HackerspaceTemperatureReading,HackerspaceHumidityReading,0,LoftLightStatus,9,0,21.90,4.57,126,42,15,39,HotWaterStatus,ColdWaterStatus,DayWaterElementStatus,NightWaterElementStatus,6.0,2.165,2.21,2.17
2017-12-29,22:50,DoorMotion,DoorMotionCount,DoorOpened,DoorOpenedCount,0,HallwayLightStatus,,,HallwayTemperatureReading,HallwayHumidityReading,73.20,BathroomLightStatus,BathroomLightCommanded,51.3,15.4,BathroomFanStatus,HackerspaceLightReading,HackerspaceLightStatus,HackerspaceLightCommanded,HackerspaceTemperatureReading,HackerspaceHumidityReading,0,LoftLightStatus,0,0,21.90,4.49,126,42,14,39,HotWaterStatus,ColdWaterStatus,DayWaterElementStatus,NightWaterElementStatus,6.0,2.22,2.23,2.205
2017-12-29,22:50,DoorMotion,DoorMotionCount,DoorOpened,DoorOpenedCount,0,HallwayLightStatus,,,HallwayTemperatureReading,HallwayHumidityReading,73.20,BathroomLightStatus,BathroomLightCommanded,51.3,15.4,BathroomFanStatus,HackerspaceLightReading,HackerspaceLightStatus,HackerspaceLightCommanded,HackerspaceTemperatureReading,HackerspaceHumidityReading,1,LoftLightStatus,0,0,21.90,4.41,128,42,15,39,HotWaterStatus,ColdWaterStatus,DayWaterElementStatus,NightWaterElementStatus,6.0,2.215,2.275,2.2
2017-12-29,22:50,DoorMotion,DoorMotionCount,DoorOpened,DoorOpenedCount,0,HallwayLightStatus,,,HallwayTemperatureReading,HallwayHumidityReading,73.10,BathroomLightStatus,BathroomLightCommanded,51.3,15.4,BathroomFanStatus,HackerspaceLightReading,HackerspaceLightStatus,HackerspaceLightCommanded,HackerspaceTemperatureReading,HackerspaceHumidityReading,1,LoftLightStatus,4,0,21.90,3.87,127,42,15,39,HotWaterStatus,ColdWaterStatus,DayWaterElementStatus,NightWaterElementStatus,6.0,1.935,1.945,1.96
2017-12-29,22:51,DoorMotion,DoorMotionCount,DoorOpened,DoorOpenedCount,0,HallwayLightStatus,,,HallwayTemperatureReading,HallwayHumidityReading,73.10,BathroomLightStatus,BathroomLightCommanded,51.3,15.4,BathroomFanStatus,HackerspaceLightReading,HackerspaceLightStatus,HackerspaceLightCommanded,HackerspaceTemperatureReading,HackerspaceHumidityReading,1,LoftLightStatus,2,0,21.90,4.04,128,43,14,39,HotWaterStatus,ColdWaterStatus,DayWaterElementStatus,NightWaterElementStatus,6.0,2.045,2.04,1.99
2017-12-29,22:51,DoorMotion,DoorMotionCount,DoorOpened,DoorOpenedCount,0,HallwayLightStatus,,,HallwayTemperatureReading,HallwayHumidityReading,73.00,BathroomLightStatus,BathroomLightCommanded,51.3,15.4,BathroomFanStatus,HackerspaceLightReading,HackerspaceLightStatus,HackerspaceLightCommanded,HackerspaceTemperatureReading,HackerspaceHumidityReading,0,LoftLightStatus,4,0,21.90,3.93,123,42,14,39,HotWaterStatus,ColdWaterStatus,DayWaterElementStatus,NightWaterElementStatus,6.0,2.04,2.02,2.08
2017-12-29,22:51,DoorMotion,DoorMotionCount,DoorOpened,DoorOpenedCount,0,HallwayLightStatus,,,HallwayTemperatureReading,HallwayHumidityReading,73.20,BathroomLightStatus,BathroomLightCommanded,51.3,15.4,BathroomFanStatus,HackerspaceLightReading,HackerspaceLightStatus,HackerspaceLightCommanded,HackerspaceTemperatureReading,HackerspaceHumidityReading,0,LoftLightStatus,11,0,21.90,3.85,124,42,14,39,HotWaterStatus,ColdWaterStatus,DayWaterElementStatus,NightWaterElementStatus,6.0,2.01,1.935,1.965
2017-12-29,22:52,DoorMotion,DoorMotionCount,DoorOpened,DoorOpenedCount,0,HallwayLightStatus,,,HallwayTemperatureReading,HallwayHumidityReading,73.30,BathroomLightStatus,BathroomLightCommanded,51.4,15.5,BathroomFanStatus,HackerspaceLightReading,HackerspaceLightStatus,HackerspaceLightCommanded,HackerspaceTemperatureReading,HackerspaceHumidityReading,1,LoftLightStatus,4,0,21.90,3.97,128,42,15,39,HotWaterStatus,ColdWaterStatus,DayWaterElementStatus,NightWaterElementStatus,6.0,2.03,2.0,2.07
2017-12-29,22:52,DoorMotion,DoorMotionCount,DoorOpened,DoorOpenedCount,0,HallwayLightStatus,,,HallwayTemperatureReading,HallwayHumidityReading,73.20,BathroomLightStatus,BathroomLightCommanded,51.4,15.4,BathroomFanStatus,HackerspaceLightReading,HackerspaceLightStatus,HackerspaceLightCommanded,HackerspaceTemperatureReading,HackerspaceHumidityReading,0,LoftLightStatus,1,0,21.90,4.21,123,42,14,39,HotWaterStatus,ColdWaterStatus,DayWaterElementStatus,NightWaterElementStatus,6.0,2.06,2.19,2.085
2017-12-29,22:52,DoorMotion,DoorMotionCount,DoorOpened,DoorOpenedCount,0,HallwayLightStatus,,,HallwayTemperatureReading,HallwayHumidityReading,73.10,BathroomLightStatus,BathroomLightCommanded,51.4,15.4,BathroomFanStatus,HackerspaceLightReading,HackerspaceLightStatus,HackerspaceLightCommanded,HackerspaceTemperatureReading,HackerspaceHumidityReading,1,LoftLightStatus,9,0,21.90,4.18,126,42,14,39,HotWaterStatus,ColdWaterStatus,DayWaterElementStatus,NightWaterElementStatus,6.0,1.945,1.94,1.925
2017-12-29,22:52,DoorMotion,DoorMotionCount,DoorOpened,DoorOpenedCount,0,HallwayLightStatus,,,HallwayTemperatureReading,HallwayHumidityReading,73.00,BathroomLightStatus,BathroomLightCommanded,51.4,15.4,BathroomFanStatus,HackerspaceLightReading,HackerspaceLightStatus,HackerspaceLightCommanded,HackerspaceTemperatureReading,HackerspaceHumidityReading,0,LoftLightStatus,15,0,21.90,3.89,125,42,14,39,HotWaterStatus,ColdWaterStatus,DayWaterElementStatus,NightWaterElementStatus,6.5,2.005,1.935,1.945
2017-12-29,22:53,DoorMotion,DoorMotionCount,DoorOpened,DoorOpenedCount,0,HallwayLightStatus,,,HallwayTemperatureReading,HallwayHumidityReading,73.00,BathroomLightStatus,BathroomLightCommanded,51.4,15.4,BathroomFanStatus,HackerspaceLightReading,HackerspaceLightStatus,HackerspaceLightCommanded,HackerspaceTemperatureReading,HackerspaceHumidityReading,0,LoftLightStatus,2,0,21.90,3.88,128,42,14,39,HotWaterStatus,ColdWaterStatus,DayWaterElementStatus,NightWaterElementStatus,6.0,1.95,1.995,1.94
2017-12-29,22:53,DoorMotion,DoorMotionCount,DoorOpened,DoorOpenedCount,0,HallwayLightStatus,,,HallwayTemperatureReading,HallwayHumidityReading,72.90,BathroomLightStatus,BathroomLightCommanded,51.4,15.4,BathroomFanStatus,HackerspaceLightReading,HackerspaceLightStatus,HackerspaceLightCommanded,HackerspaceTemperatureReading,HackerspaceHumidityReading,0,LoftLightStatus,4,0,21.90,3.99,127,42,14,39,HotWaterStatus,ColdWaterStatus,DayWaterElementStatus,NightWaterElementStatus,6.0,1.945,1.975,1.915
2017-12-29,22:53,DoorMotion,DoorMotionCount,DoorOpened,DoorOpenedCount,0,HallwayLightStatus,,,HallwayTemperatureReading,HallwayHumidityReading,72.90,BathroomLightStatus,BathroomLightCommanded,51.4,15.4,BathroomFanStatus,HackerspaceLightReading,HackerspaceLightStatus,HackerspaceLightCommanded,HackerspaceTemperatureReading,HackerspaceHumidityReading,1,LoftLightStatus,24,0,21.90,3.92,124,42,15,39,HotWaterStatus,ColdWaterStatus,DayWaterElementStatus,NightWaterElementStatus,6.0,1.935,1.955,1.95
2017-12-29,22:54,DoorMotion,DoorMotionCount,DoorOpened,DoorOpenedCount,0,HallwayLightStatus,,,HallwayTemperatureReading,HallwayHumidityReading,72.90,BathroomLightStatus,BathroomLightCommanded,51.4,15.4,BathroomFanStatus,HackerspaceLightReading,HackerspaceLightStatus,HackerspaceLightCommanded,HackerspaceTemperatureReading,HackerspaceHumidityReading,0,LoftLightStatus,77,0,21.80,5.11,125,42,15,39,HotWaterStatus,ColdWaterStatus,DayWaterElementStatus,NightWaterElementStatus,6.5,2.55,2.555,2.565
2017-12-29,22:54,DoorMotion,DoorMotionCount,DoorOpened,DoorOpenedCount,0,HallwayLightStatus,,,HallwayTemperatureReading,HallwayHumidityReading,72.80,BathroomLightStatus,BathroomLightCommanded,51.3,15.4,BathroomFanStatus,HackerspaceLightReading,HackerspaceLightStatus,HackerspaceLightCommanded,HackerspaceTemperatureReading,HackerspaceHumidityReading,0,LoftLightStatus,87,0,21.90,5.10,124,43,14,39,HotWaterStatus,ColdWaterStatus,DayWaterElementStatus,NightWaterElementStatus,6.0,2.59,2.565,2.58
2017-12-29,22:54,DoorMotion,DoorMotionCount,DoorOpened,DoorOpenedCount,0,HallwayLightStatus,,,HallwayTemperatureReading,HallwayHumidityReading,72.80,BathroomLightStatus,BathroomLightCommanded,51.4,15.4,BathroomFanStatus,HackerspaceLightReading,HackerspaceLightStatus,HackerspaceLightCommanded,HackerspaceTemperatureReading,HackerspaceHumidityReading,0,LoftLightStatus,91,0,21.80,5.14,123,42,14,39,HotWaterStatus,ColdWaterStatus,DayWaterElementStatus,NightWaterElementStatus,6.0,2.565,2.58,2.555
2017-12-29,22:54,DoorMotion,DoorMotionCount,DoorOpened,DoorOpenedCount,0,HallwayLightStatus,,,HallwayTemperatureReading,HallwayHumidityReading,72.90,BathroomLightStatus,BathroomLightCommanded,51.3,15.4,BathroomFanStatus,HackerspaceLightReading,HackerspaceLightStatus,HackerspaceLightCommanded,HackerspaceTemperatureReading,HackerspaceHumidityReading,0,LoftLightStatus,82,0,21.80,5.25,125,42,14,39,HotWaterStatus,ColdWaterStatus,DayWaterElementStatus,NightWaterElementStatus,6.0,2.585,2.555,2.65
2017-12-29,22:55,DoorMotion,DoorMotionCount,DoorOpened,DoorOpenedCount,0,HallwayLightStatus,,,HallwayTemperatureReading,HallwayHumidityReading,73.00,BathroomLightStatus,BathroomLightCommanded,51.3,15.4,BathroomFanStatus,HackerspaceLightReading,HackerspaceLightStatus,HackerspaceLightCommanded,HackerspaceTemperatureReading,HackerspaceHumidityReading,0,LoftLightStatus,82,0,21.80,5.26,128,42,14,39,HotWaterStatus,ColdWaterStatus,DayWaterElementStatus,NightWaterElementStatus,6.0,2.565,2.635,2.58
2017-12-29,22:55,DoorMotion,DoorMotionCount,DoorOpened,DoorOpenedCount,0,HallwayLightStatus,,,HallwayTemperatureReading,HallwayHumidityReading,72.90,BathroomLightStatus,BathroomLightCommanded,51.3,15.4,BathroomFanStatus,HackerspaceLightReading,HackerspaceLightStatus,HackerspaceLightCommanded,HackerspaceTemperatureReading,HackerspaceHumidityReading,1,LoftLightStatus,89,0,21.80,5.23,126,44,14,39,HotWaterStatus,ColdWaterStatus,DayWaterElementStatus,NightWaterElementStatus,6.0,2.575,2.635,2.585
2017-12-29,22:55,DoorMotion,DoorMotionCount,DoorOpened,DoorOpenedCount,0,HallwayLightStatus,,,HallwayTemperatureReading,HallwayHumidityReading,72.90,BathroomLightStatus,BathroomLightCommanded,51.2,15.4,BathroomFanStatus,HackerspaceLightReading,HackerspaceLightStatus,HackerspaceLightCommanded,HackerspaceTemperatureReading,HackerspaceHumidityReading,0,LoftLightStatus,86,0,21.80,5.23,123,46,14,39,HotWaterStatus,ColdWaterStatus,DayWaterElementStatus,NightWaterElementStatus,6.0,2.62,2.61,2.625
2017-12-29,22:56,DoorMotion,DoorMotionCount,DoorOpened,DoorOpenedCount,0,HallwayLightStatus,,,HallwayTemperatureReading,HallwayHumidityReading,72.70,BathroomLightStatus,BathroomLightCommanded,51.3,15.4,BathroomFanStatus,HackerspaceLightReading,HackerspaceLightStatus,HackerspaceLightCommanded,HackerspaceTemperatureReading,HackerspaceHumidityReading,1,LoftLightStatus,86,0,21.80,5.24,129,48,14,39,HotWaterStatus,ColdWaterStatus,DayWaterElementStatus,NightWaterElementStatus,6.0,2.635,2.59,2.6
2017-12-29,22:56,DoorMotion,DoorMotionCount,DoorOpened,DoorOpenedCount,0,HallwayLightStatus,,,HallwayTemperatureReading,HallwayHumidityReading,72.90,BathroomLightStatus,BathroomLightCommanded,51.2,15.4,BathroomFanStatus,HackerspaceLightReading,HackerspaceLightStatus,HackerspaceLightCommanded,HackerspaceTemperatureReading,HackerspaceHumidityReading,0,LoftLightStatus,86,0,21.70,5.28,123,48,13,39,HotWaterStatus,ColdWaterStatus,DayWaterElementStatus,NightWaterElementStatus,6.0,2.57,2.57,2.53
2017-12-29,22:56,DoorMotion,DoorMotionCount,DoorOpened,DoorOpenedCount,0,HallwayLightStatus,,,HallwayTemperatureReading,HallwayHumidityReading,72.90,BathroomLightStatus,BathroomLightCommanded,51.2,15.4,BathroomFanStatus,HackerspaceLightReading,HackerspaceLightStatus,HackerspaceLightCommanded,HackerspaceTemperatureReading,HackerspaceHumidityReading,1,LoftLightStatus,74,0,21.70,5.13,126,48,13,39,HotWaterStatus,ColdWaterStatus,DayWaterElementStatus,NightWaterElementStatus,6.0,2.55,2.585,2.52
2017-12-29,22:56,DoorMotion,DoorMotionCount,DoorOpened,DoorOpenedCount,0,HallwayLightStatus,,,HallwayTemperatureReading,HallwayHumidityReading,71.80,BathroomLightStatus,BathroomLightCommanded,51.2,15.4,BathroomFanStatus,HackerspaceLightReading,HackerspaceLightStatus,HackerspaceLightCommanded,HackerspaceTemperatureReading,HackerspaceHumidityReading,0,LoftLightStatus,91,0,21.70,5.23,127,49,14,38,HotWaterStatus,ColdWaterStatus,DayWaterElementStatus,NightWaterElementStatus,6.0,2.55,2.585,2.535
2017-12-29,22:57,DoorMotion,DoorMotionCount,DoorOpened,DoorOpenedCount,0,HallwayLightStatus,,,HallwayTemperatureReading,HallwayHumidityReading,70.80,BathroomLightStatus,BathroomLightCommanded,51.3,15.4,BathroomFanStatus,HackerspaceLightReading,HackerspaceLightStatus,HackerspaceLightCommanded,HackerspaceTemperatureReading,HackerspaceHumidityReading,0,LoftLightStatus,89,0,21.70,5.16,126,48,14,38,HotWaterStatus,ColdWaterStatus,DayWaterElementStatus,NightWaterElementStatus,6.0,2.54,2.56,2.52
2017-12-29,22:57,DoorMotion,DoorMotionCount,DoorOpened,DoorOpenedCount,0,HallwayLightStatus,,,HallwayTemperatureReading,HallwayHumidityReading,70.40,BathroomLightStatus,BathroomLightCommanded,51.3,15.4,BathroomFanStatus,HackerspaceLightReading,HackerspaceLightStatus,HackerspaceLightCommanded,HackerspaceTemperatureReading,HackerspaceHumidityReading,0,LoftLightStatus,89,0,21.70,5.24,124,48,13,39,HotWaterStatus,ColdWaterStatus,DayWaterElementStatus,NightWaterElementStatus,6.0,2.615,2.525,2.545
2017-12-29,22:57,DoorMotion,DoorMotionCount,DoorOpened,DoorOpenedCount,0,HallwayLightStatus,,,HallwayTemperatureReading,HallwayHumidityReading,71.10,BathroomLightStatus,BathroomLightCommanded,51.5,15.5,BathroomFanStatus,HackerspaceLightReading,HackerspaceLightStatus,HackerspaceLightCommanded,HackerspaceTemperatureReading,HackerspaceHumidityReading,0,LoftLightStatus,93,0,21.70,5.56,124,48,14,39,HotWaterStatus,ColdWaterStatus,DayWaterElementStatus,NightWaterElementStatus,6.0,2.605,2.555,2.565
2017-12-29,22:58,DoorMotion,DoorMotionCount,DoorOpened,DoorOpenedCount,0,HallwayLightStatus,,,HallwayTemperatureReading,HallwayHumidityReading,70.80,BathroomLightStatus,BathroomLightCommanded,51.5,15.5,BathroomFanStatus,HackerspaceLightReading,HackerspaceLightStatus,HackerspaceLightCommanded,HackerspaceTemperatureReading,HackerspaceHumidityReading,1,LoftLightStatus,61,0,21.60,5.32,128,48,14,38,HotWaterStatus,ColdWaterStatus,DayWaterElementStatus,NightWaterElementStatus,6.0,2.56,2.675,2.72
2017-12-29,22:58,DoorMotion,DoorMotionCount,DoorOpened,DoorOpenedCount,0,HallwayLightStatus,,,HallwayTemperatureReading,HallwayHumidityReading,71.20,BathroomLightStatus,BathroomLightCommanded,51.3,15.5,BathroomFanStatus,HackerspaceLightReading,HackerspaceLightStatus,HackerspaceLightCommanded,HackerspaceTemperatureReading,HackerspaceHumidityReading,0,LoftLightStatus,82,0,21.60,5.11,126,48,13,39,HotWaterStatus,ColdWaterStatus,DayWaterElementStatus,NightWaterElementStatus,6.0,2.545,2.55,2.51
2017-12-29,22:58,DoorMotion,DoorMotionCount,DoorOpened,DoorOpenedCount,0,HallwayLightStatus,,,HallwayTemperatureReading,HallwayHumidityReading,71.00,BathroomLightStatus,BathroomLightCommanded,51.4,15.5,BathroomFanStatus,HackerspaceLightReading,HackerspaceLightStatus,HackerspaceLightCommanded,HackerspaceTemperatureReading,HackerspaceHumidityReading,1,LoftLightStatus,86,0,21.60,5.16,126,48,13,38,HotWaterStatus,ColdWaterStatus,DayWaterElementStatus,NightWaterElementStatus,6.0,2.565,2.61,2.525
2017-12-29,22:58,DoorMotion,DoorMotionCount,DoorOpened,DoorOpenedCount,0,HallwayLightStatus,,,HallwayTemperatureReading,HallwayHumidityReading,71.80,BathroomLightStatus,BathroomLightCommanded,51.3,15.5,BathroomFanStatus,HackerspaceLightReading,HackerspaceLightStatus,HackerspaceLightCommanded,HackerspaceTemperatureReading,HackerspaceHumidityReading,1,LoftLightStatus,84,0,21.60,5.15,127,48,14,38,HotWaterStatus,ColdWaterStatus,DayWaterElementStatus,NightWaterElementStatus,6.0,2.55,2.555,2.54
2017-12-29,22:59,DoorMotion,DoorMotionCount,DoorOpened,DoorOpenedCount,0,HallwayLightStatus,,,HallwayTemperatureReading,HallwayHumidityReading,72.20,BathroomLightStatus,BathroomLightCommanded,51.5,15.5,BathroomFanStatus,HackerspaceLightReading,HackerspaceLightStatus,HackerspaceLightCommanded,HackerspaceTemperatureReading,HackerspaceHumidityReading,1,LoftLightStatus,89,0,21.60,5.11,123,48,14,39,HotWaterStatus,ColdWaterStatus,DayWaterElementStatus,NightWaterElementStatus,6.0,2.53,2.58,2.54
2017-12-29,22:59,DoorMotion,DoorMotionCount,DoorOpened,DoorOpenedCount,0,HallwayLightStatus,,,HallwayTemperatureReading,HallwayHumidityReading,72.40,BathroomLightStatus,BathroomLightCommanded,51.6,15.5,BathroomFanStatus,HackerspaceLightReading,HackerspaceLightStatus,HackerspaceLightCommanded,HackerspaceTemperatureReading,HackerspaceHumidityReading,0,LoftLightStatus,93,0,21.60,5.12,126,47,14,38,HotWaterStatus,ColdWaterStatus,DayWaterElementStatus,NightWaterElementStatus,6.0,2.62,2.565,2.525
2017-12-29,22:59,DoorMotion,DoorMotionCount,DoorOpened,DoorOpenedCount,0,HallwayLightStatus,,,HallwayTemperatureReading,HallwayHumidityReading,72.60,BathroomLightStatus,BathroomLightCommanded,51.4,15.5,BathroomFanStatus,HackerspaceLightReading,HackerspaceLightStatus,HackerspaceLightCommanded,HackerspaceTemperatureReading,HackerspaceHumidityReading,0,LoftLightStatus,97,0,21.60,5.17,125,47,14,38,HotWaterStatus,ColdWaterStatus,DayWaterElementStatus,NightWaterElementStatus,6.0,2.575,2.61,2.575
2017-12-29,23:00,DoorMotion,DoorMotionCount,DoorOpened,DoorOpenedCount,0,HallwayLightStatus,,,HallwayTemperatureReading,HallwayHumidityReading,72.60,BathroomLightStatus,BathroomLightCommanded,51.4,15.5,BathroomFanStatus,HackerspaceLightReading,HackerspaceLightStatus,HackerspaceLightCommanded,HackerspaceTemperatureReading,HackerspaceHumidityReading,0,LoftLightStatus,84,0,21.60,5.13,125,47,14,38,HotWaterStatus,ColdWaterStatus,DayWaterElementStatus,NightWaterElementStatus,6.0,2.55,2.58,2.625
2017-12-29,23:00,DoorMotion,DoorMotionCount,DoorOpened,DoorOpenedCount,0,HallwayLightStatus,,,HallwayTemperatureReading,HallwayHumidityReading,72.40,BathroomLightStatus,BathroomLightCommanded,51.5,15.5,BathroomFanStatus,HackerspaceLightReading,HackerspaceLightStatus,HackerspaceLightCommanded,HackerspaceTemperatureReading,HackerspaceHumidityReading,0,LoftLightStatus,84,0,21.60,5.28,127,48,13,38,HotWaterStatus,ColdWaterStatus,DayWaterElementStatus,NightWaterElementStatus,6.0,2.63,2.585,2.54
2017-12-29,23:00,DoorMotion,DoorMotionCount,DoorOpened,DoorOpenedCount,0,HallwayLightStatus,,,HallwayTemperatureReading,HallwayHumidityReading,72.40,BathroomLightStatus,BathroomLightCommanded,51.6,15.5,BathroomFanStatus,HackerspaceLightReading,HackerspaceLightStatus,HackerspaceLightCommanded,HackerspaceTemperatureReading,HackerspaceHumidityReading,1,LoftLightStatus,86,0,21.50,5.15,126,49,14,38,HotWaterStatus,ColdWaterStatus,DayWaterElementStatus,NightWaterElementStatus,6.0,2.545,2.595,2.56
2017-12-29,23:00,DoorMotion,DoorMotionCount,DoorOpened,DoorOpenedCount,0,HallwayLightStatus,,,HallwayTemperatureReading,HallwayHumidityReading,72.30,BathroomLightStatus,BathroomLightCommanded,51.5,15.5,BathroomFanStatus,HackerspaceLightReading,HackerspaceLightStatus,HackerspaceLightCommanded,HackerspaceTemperatureReading,HackerspaceHumidityReading,1,LoftLightStatus,82,0,21.50,33.35,127,49,13,39,HotWaterStatus,ColdWaterStatus,DayWaterElementStatus,NightWaterElementStatus,6.0,16.66,16.69,16.535
2017-12-29,23:01,DoorMotion,DoorMotionCount,DoorOpened,DoorOpenedCount,0,HallwayLightStatus,,,HallwayTemperatureReading,HallwayHumidityReading,72.30,BathroomLightStatus,BathroomLightCommanded,51.6,15.5,BathroomFanStatus,HackerspaceLightReading,HackerspaceLightStatus,HackerspaceLightCommanded,HackerspaceTemperatureReading,HackerspaceHumidityReading,0,LoftLightStatus,89,0,21.50,32.84,126,49,13,38,HotWaterStatus,ColdWaterStatus,DayWaterElementStatus,NightWaterElementStatus,6.0,16.595,16.55,16.395
2017-12-29,23:01,DoorMotion,DoorMotionCount,DoorOpened,DoorOpenedCount,0,HallwayLightStatus,,,HallwayTemperatureReading,HallwayHumidityReading,72.60,BathroomLightStatus,BathroomLightCommanded,51.6,15.5,BathroomFanStatus,HackerspaceLightReading,HackerspaceLightStatus,HackerspaceLightCommanded,HackerspaceTemperatureReading,HackerspaceHumidityReading,1,LoftLightStatus,33.22,0,21.50,85,124,50,12,38,HotWaterStatus,ColdWaterStatus,DayWaterElementStatus,NightWaterElementStatus,6.0,16.455,16.55,16.625
2017-12-29,23:01,DoorMotion,DoorMotionCount,DoorOpened,DoorOpenedCount,0,HallwayLightStatus,,,HallwayTemperatureReading,HallwayHumidityReading,72.60,BathroomLightStatus,BathroomLightCommanded,51.8,15.5,BathroomFanStatus,HackerspaceLightReading,HackerspaceLightStatus,HackerspaceLightCommanded,HackerspaceTemperatureReading,HackerspaceHumidityReading,0,LoftLightStatus,82,0,21.50,33.03,124,49,12,38,HotWaterStatus,ColdWaterStatus,DayWaterElementStatus,NightWaterElementStatus,6.0,16.47,16.565,16.505
2017-12-29,23:02,DoorMotion,DoorMotionCount,DoorOpened,DoorOpenedCount,0,HallwayLightStatus,,,HallwayTemperatureReading,HallwayHumidityReading,72.50,BathroomLightStatus,BathroomLightCommanded,51.8,15.5,BathroomFanStatus,HackerspaceLightReading,HackerspaceLightStatus,HackerspaceLightCommanded,HackerspaceTemperatureReading,HackerspaceHumidityReading,1,LoftLightStatus,33.01,0,21.50,96,129,48,12,38,HotWaterStatus,ColdWaterStatus,DayWaterElementStatus,NightWaterElementStatus,6.0,16.425,16.4,16.52
2017-12-29,23:02,DoorMotion,DoorMotionCount,DoorOpened,DoorOpenedCount,0,HallwayLightStatus,,,HallwayTemperatureReading,HallwayHumidityReading,72.40,BathroomLightStatus,BathroomLightCommanded,52.0,15.5,BathroomFanStatus,HackerspaceLightReading,HackerspaceLightStatus,HackerspaceLightCommanded,HackerspaceTemperatureReading,HackerspaceHumidityReading,2,LoftLightStatus,84,0,21.50,33.11,126,49,13,38,HotWaterStatus,ColdWaterStatus,DayWaterElementStatus,NightWaterElementStatus,6.0,16.455,16.495,16.495
2017-12-29,23:02,DoorMotion,DoorMotionCount,DoorOpened,DoorOpenedCount,0,HallwayLightStatus,,,HallwayTemperatureReading,HallwayHumidityReading,72.50,BathroomLightStatus,BathroomLightCommanded,52.1,15.5,BathroomFanStatus,HackerspaceLightReading,HackerspaceLightStatus,HackerspaceLightCommanded,HackerspaceTemperatureReading,HackerspaceHumidityReading,0,LoftLightStatus,33.35,0,21.50,82,126,48,12,39,HotWaterStatus,ColdWaterStatus,DayWaterElementStatus,NightWaterElementStatus,6.0,16.57,16.595,16.515
2017-12-29,23:03,DoorMotion,DoorMotionCount,DoorOpened,DoorOpenedCount,0,HallwayLightStatus,,,HallwayTemperatureReading,HallwayHumidityReading,72.40,BathroomLightStatus,BathroomLightCommanded,51.9,15.5,BathroomFanStatus,HackerspaceLightReading,HackerspaceLightStatus,HackerspaceLightCommanded,HackerspaceTemperatureReading,HackerspaceHumidityReading,1,LoftLightStatus,85,0,21.50,33.17,127,48,13,38,HotWaterStatus,ColdWaterStatus,DayWaterElementStatus,NightWaterElementStatus,6.0,16.5,16.515,16.45
2017-12-29,23:03,DoorMotion,DoorMotionCount,DoorOpened,DoorOpenedCount,0,HallwayLightStatus,,,HallwayTemperatureReading,HallwayHumidityReading,72.40,BathroomLightStatus,BathroomLightCommanded,51.8,15.5,BathroomFanStatus,HackerspaceLightReading,HackerspaceLightStatus,HackerspaceLightCommanded,HackerspaceTemperatureReading,HackerspaceHumidityReading,0,LoftLightStatus,96,0,21.50,5.05,126,48,12,38,HotWaterStatus,ColdWaterStatus,DayWaterElementStatus,NightWaterElementStatus,6.0,2.565,2.545,2.565
2017-12-29,23:03,DoorMotion,DoorMotionCount,DoorOpened,DoorOpenedCount,0,HallwayLightStatus,,,HallwayTemperatureReading,HallwayHumidityReading,72.40,BathroomLightStatus,BathroomLightCommanded,51.8,15.5,BathroomFanStatus,HackerspaceLightReading,HackerspaceLightStatus,HackerspaceLightCommanded,HackerspaceTemperatureReading,HackerspaceHumidityReading,1,LoftLightStatus,86,0,21.50,5.12,127,48,12,38,HotWaterStatus,ColdWaterStatus,DayWaterElementStatus,NightWaterElementStatus,6.0,2.555,2.605,2.55
2017-12-29,23:03,DoorMotion,DoorMotionCount,DoorOpened,DoorOpenedCount,0,HallwayLightStatus,,,HallwayTemperatureReading,HallwayHumidityReading,72.40,BathroomLightStatus,BathroomLightCommanded,51.8,15.5,BathroomFanStatus,HackerspaceLightReading,HackerspaceLightStatus,HackerspaceLightCommanded,HackerspaceTemperatureReading,HackerspaceHumidityReading,1,LoftLightStatus,93,0,21.50,5.10,126,48,13,39,HotWaterStatus,ColdWaterStatus,DayWaterElementStatus,NightWaterElementStatus,6.0,2.605,2.565,2.56
2017-12-29,23:04,DoorMotion,DoorMotionCount,DoorOpened,DoorOpenedCount,0,HallwayLightStatus,,,HallwayTemperatureReading,HallwayHumidityReading,72.40,BathroomLightStatus,BathroomLightCommanded,51.9,15.5,BathroomFanStatus,HackerspaceLightReading,HackerspaceLightStatus,HackerspaceLightCommanded,HackerspaceTemperatureReading,HackerspaceHumidityReading,2,LoftLightStatus,84,0,21.50,5.04,127,48,12,39,HotWaterStatus,ColdWaterStatus,DayWaterElementStatus,NightWaterElementStatus,6.0,2.545,2.545,2.565
2017-12-29,23:04,DoorMotion,DoorMotionCount,DoorOpened,DoorOpenedCount,0,HallwayLightStatus,,,HallwayTemperatureReading,HallwayHumidityReading,72.40,BathroomLightStatus,BathroomLightCommanded,51.7,15.5,BathroomFanStatus,HackerspaceLightReading,HackerspaceLightStatus,HackerspaceLightCommanded,HackerspaceTemperatureReading,HackerspaceHumidityReading,1,LoftLightStatus,90,0,21.50,5.10,129,48,12,39,HotWaterStatus,ColdWaterStatus,DayWaterElementStatus,NightWaterElementStatus,6.0,2.58,2.525,2.565
2017-12-29,23:04,DoorMotion,DoorMotionCount,DoorOpened,DoorOpenedCount,0,HallwayLightStatus,,,HallwayTemperatureReading,HallwayHumidityReading,72.50,BathroomLightStatus,BathroomLightCommanded,51.6,15.5,BathroomFanStatus,HackerspaceLightReading,HackerspaceLightStatus,HackerspaceLightCommanded,HackerspaceTemperatureReading,HackerspaceHumidityReading,1,LoftLightStatus,89,0,21.40,5.11,128,48,12,39,HotWaterStatus,ColdWaterStatus,DayWaterElementStatus,NightWaterElementStatus,6.0,2.53,2.57,2.59
2017-12-29,23:05,DoorMotion,DoorMotionCount,DoorOpened,DoorOpenedCount,0,HallwayLightStatus,,,HallwayTemperatureReading,HallwayHumidityReading,72.60,BathroomLightStatus,BathroomLightCommanded,51.7,15.5,BathroomFanStatus,HackerspaceLightReading,HackerspaceLightStatus,HackerspaceLightCommanded,HackerspaceTemperatureReading,HackerspaceHumidityReading,0,LoftLightStatus,92,0,21.50,5.12,128,48,12,39,HotWaterStatus,ColdWaterStatus,DayWaterElementStatus,NightWaterElementStatus,6.0,2.585,2.58,2.535
2017-12-29,23:05,DoorMotion,DoorMotionCount,DoorOpened,DoorOpenedCount,0,HallwayLightStatus,,,HallwayTemperatureReading,HallwayHumidityReading,72.50,BathroomLightStatus,BathroomLightCommanded,51.7,15.5,BathroomFanStatus,HackerspaceLightReading,HackerspaceLightStatus,HackerspaceLightCommanded,HackerspaceTemperatureReading,HackerspaceHumidityReading,1,LoftLightStatus,95,0,21.50,5.13,125,48,12,39,HotWaterStatus,ColdWaterStatus,DayWaterElementStatus,NightWaterElementStatus,6.0,2.67,2.725,2.66
2017-12-29,23:05,DoorMotion,DoorMotionCount,DoorOpened,DoorOpenedCount,0,HallwayLightStatus,,,HallwayTemperatureReading,HallwayHumidityReading,72.50,BathroomLightStatus,BathroomLightCommanded,51.7,15.5,BathroomFanStatus,HackerspaceLightReading,HackerspaceLightStatus,HackerspaceLightCommanded,HackerspaceTemperatureReading,HackerspaceHumidityReading,0,LoftLightStatus,109,0,21.50,5.29,124,48,13,40,HotWaterStatus,ColdWaterStatus,DayWaterElementStatus,NightWaterElementStatus,6.0,2.535,2.57,2.54
2017-12-29,23:05,DoorMotion,DoorMotionCount,DoorOpened,DoorOpenedCount,0,HallwayLightStatus,,,HallwayTemperatureReading,HallwayHumidityReading,72.50,BathroomLightStatus,BathroomLightCommanded,51.7,15.5,BathroomFanStatus,HackerspaceLightReading,HackerspaceLightStatus,HackerspaceLightCommanded,HackerspaceTemperatureReading,HackerspaceHumidityReading,1,LoftLightStatus,93,0,21.40,5.17,124,50,12,40,HotWaterStatus,ColdWaterStatus,DayWaterElementStatus,NightWaterElementStatus,6.0,2.52,2.55,2.555
2017-12-29,23:06,DoorMotion,DoorMotionCount,DoorOpened,DoorOpenedCount,0,HallwayLightStatus,,,HallwayTemperatureReading,HallwayHumidityReading,72.40,BathroomLightStatus,BathroomLightCommanded,51.9,15.4,BathroomFanStatus,HackerspaceLightReading,HackerspaceLightStatus,HackerspaceLightCommanded,HackerspaceTemperatureReading,HackerspaceHumidityReading,1,LoftLightStatus,90,0,21.50,5.15,129,50,13,40,HotWaterStatus,ColdWaterStatus,DayWaterElementStatus,NightWaterElementStatus,6.0,2.56,2.56,2.52
2017-12-29,23:06,DoorMotion,DoorMotionCount,DoorOpened,DoorOpenedCount,0,HallwayLightStatus,,,HallwayTemperatureReading,HallwayHumidityReading,72.40,BathroomLightStatus,BathroomLightCommanded,51.9,15.4,BathroomFanStatus,HackerspaceLightReading,HackerspaceLightStatus,HackerspaceLightCommanded,HackerspaceTemperatureReading,HackerspaceHumidityReading,0,LoftLightStatus,80,0,21.40,33.97,127,50,12,40,HotWaterStatus,ColdWaterStatus,DayWaterElementStatus,NightWaterElementStatus,6.0,2.635,12.285,17.13
2017-12-29,23:06,DoorMotion,DoorMotionCount,DoorOpened,DoorOpenedCount,0,HallwayLightStatus,,,HallwayTemperatureReading,HallwayHumidityReading,72.40,BathroomLightStatus,BathroomLightCommanded,51.7,15.4,BathroomFanStatus,HackerspaceLightReading,HackerspaceLightStatus,HackerspaceLightCommanded,HackerspaceTemperatureReading,HackerspaceHumidityReading,0,LoftLightStatus,33.84,0,21.40,85,129,49,11,40,HotWaterStatus,ColdWaterStatus,DayWaterElementStatus,NightWaterElementStatus,6.0,16.9,16.91,16.815
2017-12-29,23:07,DoorMotion,DoorMotionCount,DoorOpened,DoorOpenedCount,0,HallwayLightStatus,,,HallwayTemperatureReading,HallwayHumidityReading,72.40,BathroomLightStatus,BathroomLightCommanded,52.0,15.4,BathroomFanStatus,HackerspaceLightReading,HackerspaceLightStatus,HackerspaceLightCommanded,HackerspaceTemperatureReading,HackerspaceHumidityReading,2,LoftLightStatus,82,0,21.40,34.01,128,49,12,40,HotWaterStatus,ColdWaterStatus,DayWaterElementStatus,NightWaterElementStatus,6.0,16.75,16.92,16.805
2017-12-29,23:07,DoorMotion,DoorMotionCount,DoorOpened,DoorOpenedCount,0,HallwayLightStatus,,,HallwayTemperatureReading,HallwayHumidityReading,72.40,BathroomLightStatus,BathroomLightCommanded,52.1,15.4,BathroomFanStatus,HackerspaceLightReading,HackerspaceLightStatus,HackerspaceLightCommanded,HackerspaceTemperatureReading,HackerspaceHumidityReading,1,LoftLightStatus,33.55,0,21.40,82,124,50,12,40,HotWaterStatus,ColdWaterStatus,DayWaterElementStatus,NightWaterElementStatus,6.0,16.945,16.915,16.85
2017-12-29,23:07,DoorMotion,DoorMotionCount,DoorOpened,DoorOpenedCount,0,HallwayLightStatus,,,HallwayTemperatureReading,HallwayHumidityReading,72.30,BathroomLightStatus,BathroomLightCommanded,52.1,15.4,BathroomFanStatus,HackerspaceLightReading,HackerspaceLightStatus,HackerspaceLightCommanded,HackerspaceTemperatureReading,HackerspaceHumidityReading,1,LoftLightStatus,90,0,21.40,34.12,126,49,13,39,HotWaterStatus,ColdWaterStatus,DayWaterElementStatus,NightWaterElementStatus,6.0,16.945,16.965,16.975
2017-12-29,23:07,DoorMotion,DoorMotionCount,DoorOpened,DoorOpenedCount,0,HallwayLightStatus,,,HallwayTemperatureReading,HallwayHumidityReading,72.30,BathroomLightStatus,BathroomLightCommanded,52.2,15.4,BathroomFanStatus,HackerspaceLightReading,HackerspaceLightStatus,HackerspaceLightCommanded,HackerspaceTemperatureReading,HackerspaceHumidityReading,2,LoftLightStatus,5.07,0,21.40,93,126,49,12,40,HotWaterStatus,ColdWaterStatus,DayWaterElementStatus,NightWaterElementStatus,6.0,17.02,16.91,16.905
2017-12-29,23:08,DoorMotion,DoorMotionCount,DoorOpened,DoorOpenedCount,0,HallwayLightStatus,,,HallwayTemperatureReading,HallwayHumidityReading,72.40,BathroomLightStatus,BathroomLightCommanded,52.1,15.4,BathroomFanStatus,HackerspaceLightReading,HackerspaceLightStatus,HackerspaceLightCommanded,HackerspaceTemperatureReading,HackerspaceHumidityReading,2,LoftLightStatus,70,0,21.40,5.27,129,49,12,39,HotWaterStatus,ColdWaterStatus,DayWaterElementStatus,NightWaterElementStatus,6.0,2.56,2.58,2.54
2017-12-29,23:08,DoorMotion,DoorMotionCount,DoorOpened,DoorOpenedCount,0,HallwayLightStatus,,,HallwayTemperatureReading,HallwayHumidityReading,72.40,BathroomLightStatus,BathroomLightCommanded,52.2,15.4,BathroomFanStatus,HackerspaceLightReading,HackerspaceLightStatus,HackerspaceLightCommanded,HackerspaceTemperatureReading,HackerspaceHumidityReading,0,LoftLightStatus,86,0,21.40,5.10,125,49,12,40,HotWaterStatus,ColdWaterStatus,DayWaterElementStatus,NightWaterElementStatus,6.0,2.54,2.55,2.52
2017-12-29,23:08,DoorMotion,DoorMotionCount,DoorOpened,DoorOpenedCount,0,HallwayLightStatus,,,HallwayTemperatureReading,HallwayHumidityReading,72.40,BathroomLightStatus,BathroomLightCommanded,52.4,15.4,BathroomFanStatus,HackerspaceLightReading,HackerspaceLightStatus,HackerspaceLightCommanded,HackerspaceTemperatureReading,HackerspaceHumidityReading,0,LoftLightStatus,74,0,21.40,5.39,128,49,12,40,HotWaterStatus,ColdWaterStatus,DayWaterElementStatus,NightWaterElementStatus,6.0,2.85,2.87,2.635
2017-12-29,23:09,DoorMotion,DoorMotionCount,DoorOpened,DoorOpenedCount,0,HallwayLightStatus,,,HallwayTemperatureReading,HallwayHumidityReading,72.50,BathroomLightStatus,BathroomLightCommanded,52.7,15.4,BathroomFanStatus,HackerspaceLightReading,HackerspaceLightStatus,HackerspaceLightCommanded,HackerspaceTemperatureReading,HackerspaceHumidityReading,0,LoftLightStatus,96,0,21.40,5.13,125,51,12,40,HotWaterStatus,ColdWaterStatus,DayWaterElementStatus,NightWaterElementStatus,6.0,2.54,2.555,2.63
2017-12-29,23:09,DoorMotion,DoorMotionCount,DoorOpened,DoorOpenedCount,0,HallwayLightStatus,,,HallwayTemperatureReading,HallwayHumidityReading,72.50,BathroomLightStatus,BathroomLightCommanded,52.6,15.4,BathroomFanStatus,HackerspaceLightReading,HackerspaceLightStatus,HackerspaceLightCommanded,HackerspaceTemperatureReading,HackerspaceHumidityReading,0,LoftLightStatus,96,0,21.30,5.22,125,49,12,39,HotWaterStatus,ColdWaterStatus,DayWaterElementStatus,NightWaterElementStatus,6.0,2.615,2.65,2.54
2017-12-29,23:09,DoorMotion,DoorMotionCount,DoorOpened,DoorOpenedCount,0,HallwayLightStatus,,,HallwayTemperatureReading,HallwayHumidityReading,72.40,BathroomLightStatus,BathroomLightCommanded,53.0,15.4,BathroomFanStatus,HackerspaceLightReading,HackerspaceLightStatus,HackerspaceLightCommanded,HackerspaceTemperatureReading,HackerspaceHumidityReading,1,LoftLightStatus,93,0,21.40,5.12,126,49,12,39,HotWaterStatus,ColdWaterStatus,DayWaterElementStatus,NightWaterElementStatus,6.0,2.58,2.545,2.61
2017-12-29,23:09,DoorMotion,DoorMotionCount,DoorOpened,DoorOpenedCount,0,HallwayLightStatus,,,HallwayTemperatureReading,HallwayHumidityReading,72.50,BathroomLightStatus,BathroomLightCommanded,52.9,15.4,BathroomFanStatus,HackerspaceLightReading,HackerspaceLightStatus,HackerspaceLightCommanded,HackerspaceTemperatureReading,HackerspaceHumidityReading,1,LoftLightStatus,82,0,21.40,5.46,127,49,12,39,HotWaterStatus,ColdWaterStatus,DayWaterElementStatus,NightWaterElementStatus,6.0,2.56,2.55,2.575
2017-12-29,23:10,DoorMotion,DoorMotionCount,DoorOpened,DoorOpenedCount,0,HallwayLightStatus,,,HallwayTemperatureReading,HallwayHumidityReading,72.40,BathroomLightStatus,BathroomLightCommanded,52.7,15.4,BathroomFanStatus,HackerspaceLightReading,HackerspaceLightStatus,HackerspaceLightCommanded,HackerspaceTemperatureReading,HackerspaceHumidityReading,0,LoftLightStatus,90,0,21.40,5.77,130,49,12,39,HotWaterStatus,ColdWaterStatus,DayWaterElementStatus,NightWaterElementStatus,6.0,2.675,2.885,2.82
2017-12-29,23:10,DoorMotion,DoorMotionCount,DoorOpened,DoorOpenedCount,0,HallwayLightStatus,,,HallwayTemperatureReading,HallwayHumidityReading,72.40,BathroomLightStatus,BathroomLightCommanded,52.4,15.4,BathroomFanStatus,HackerspaceLightReading,HackerspaceLightStatus,HackerspaceLightCommanded,HackerspaceTemperatureReading,HackerspaceHumidityReading,1,LoftLightStatus,93,0,21.40,6.97,127,49,12,39,HotWaterStatus,ColdWaterStatus,DayWaterElementStatus,NightWaterElementStatus,6.0,3.475,3.465,3.48
2017-12-29,23:10,DoorMotion,DoorMotionCount,DoorOpened,DoorOpenedCount,0,HallwayLightStatus,,,HallwayTemperatureReading,HallwayHumidityReading,72.50,BathroomLightStatus,BathroomLightCommanded,52.5,15.4,BathroomFanStatus,HackerspaceLightReading,HackerspaceLightStatus,HackerspaceLightCommanded,HackerspaceTemperatureReading,HackerspaceHumidityReading,0,LoftLightStatus,93,0,21.30,5.86,128,49,12,39,HotWaterStatus,ColdWaterStatus,DayWaterElementStatus,NightWaterElementStatus,6.0,3.16,3.17,3.125
2017-12-29,23:11,DoorMotion,DoorMotionCount,DoorOpened,DoorOpenedCount,0,HallwayLightStatus,,,HallwayTemperatureReading,HallwayHumidityReading,72.30,BathroomLightStatus,BathroomLightCommanded,52.4,15.4,BathroomFanStatus,HackerspaceLightReading,HackerspaceLightStatus,HackerspaceLightCommanded,HackerspaceTemperatureReading,HackerspaceHumidityReading,1,LoftLightStatus,83,0,21.30,6.52,128,48,12,39,HotWaterStatus,ColdWaterStatus,DayWaterElementStatus,NightWaterElementStatus,6.0,3.165,3.15,3.185
2017-12-29,23:11,DoorMotion,DoorMotionCount,DoorOpened,DoorOpenedCount,0,HallwayLightStatus,,,HallwayTemperatureReading,HallwayHumidityReading,72.40,BathroomLightStatus,BathroomLightCommanded,52.4,15.4,BathroomFanStatus,HackerspaceLightReading,HackerspaceLightStatus,HackerspaceLightCommanded,HackerspaceTemperatureReading,HackerspaceHumidityReading,0,LoftLightStatus,96,0,21.30,6.93,126,48,12,39,HotWaterStatus,ColdWaterStatus,DayWaterElementStatus,NightWaterElementStatus,6.0,3.4,3.2,3.215
2017-12-29,23:11,DoorMotion,DoorMotionCount,DoorOpened,DoorOpenedCount,0,HallwayLightStatus,,,HallwayTemperatureReading,HallwayHumidityReading,72.40,BathroomLightStatus,BathroomLightCommanded,52.6,15.4,BathroomFanStatus,HackerspaceLightReading,HackerspaceLightStatus,HackerspaceLightCommanded,HackerspaceTemperatureReading,HackerspaceHumidityReading,0,LoftLightStatus,84,0,21.30,6.39,126,49,12,39,HotWaterStatus,ColdWaterStatus,DayWaterElementStatus,NightWaterElementStatus,6.0,3.18,3.19,3.185
2017-12-29,23:11,DoorMotion,DoorMotionCount,DoorOpened,DoorOpenedCount,0,HallwayLightStatus,,,HallwayTemperatureReading,HallwayHumidityReading,72.40,BathroomLightStatus,BathroomLightCommanded,52.5,15.4,BathroomFanStatus,HackerspaceLightReading,HackerspaceLightStatus,HackerspaceLightCommanded,HackerspaceTemperatureReading,HackerspaceHumidityReading,1,LoftLightStatus,96,0,21.30,6.31,127,48,12,39,HotWaterStatus,ColdWaterStatus,DayWaterElementStatus,NightWaterElementStatus,6.0,3.305,3.26,3.24
2017-12-29,23:12,DoorMotion,DoorMotionCount,DoorOpened,DoorOpenedCount,0,HallwayLightStatus,,,HallwayTemperatureReading,HallwayHumidityReading,72.40,BathroomLightStatus,BathroomLightCommanded,52.7,15.4,BathroomFanStatus,HackerspaceLightReading,HackerspaceLightStatus,HackerspaceLightCommanded,HackerspaceTemperatureReading,HackerspaceHumidityReading,0,LoftLightStatus,85,0,21.30,6.63,125,48,12,39,HotWaterStatus,ColdWaterStatus,DayWaterElementStatus,NightWaterElementStatus,6.0,3.225,3.31,3.32
2017-12-29,23:12,DoorMotion,DoorMotionCount,DoorOpened,DoorOpenedCount,0,HallwayLightStatus,,,HallwayTemperatureReading,HallwayHumidityReading,72.50,BathroomLightStatus,BathroomLightCommanded,52.7,15.4,BathroomFanStatus,HackerspaceLightReading,HackerspaceLightStatus,HackerspaceLightCommanded,HackerspaceTemperatureReading,HackerspaceHumidityReading,1,LoftLightStatus,4,0,21.30,5.13,128,48,12,38,HotWaterStatus,ColdWaterStatus,DayWaterElementStatus,NightWaterElementStatus,6.0,2.535,2.57,2.56
2017-12-29,23:12,DoorMotion,DoorMotionCount,DoorOpened,DoorOpenedCount,0,HallwayLightStatus,,,HallwayTemperatureReading,HallwayHumidityReading,72.50,BathroomLightStatus,BathroomLightCommanded,52.6,15.4,BathroomFanStatus,HackerspaceLightReading,HackerspaceLightStatus,HackerspaceLightCommanded,HackerspaceTemperatureReading,HackerspaceHumidityReading,1,LoftLightStatus,4,0,21.30,5.13,127,48,12,38,HotWaterStatus,ColdWaterStatus,DayWaterElementStatus,NightWaterElementStatus,6.0,2.6,2.59,2.585
2017-12-29,23:13,DoorMotion,DoorMotionCount,DoorOpened,DoorOpenedCount,0,HallwayLightStatus,,,HallwayTemperatureReading,HallwayHumidityReading,72.40,BathroomLightStatus,BathroomLightCommanded,52.7,15.4,BathroomFanStatus,HackerspaceLightReading,HackerspaceLightStatus,HackerspaceLightCommanded,HackerspaceTemperatureReading,HackerspaceHumidityReading,1,LoftLightStatus,0,0,21.30,5.26,126,47,12,39,HotWaterStatus,ColdWaterStatus,DayWaterElementStatus,NightWaterElementStatus,6.0,2.375,2.56,2.56
2017-12-29,23:13,DoorMotion,DoorMotionCount,DoorOpened,DoorOpenedCount,0,HallwayLightStatus,,,HallwayTemperatureReading,HallwayHumidityReading,72.40,BathroomLightStatus,BathroomLightCommanded,52.7,15.4,BathroomFanStatus,HackerspaceLightReading,HackerspaceLightStatus,HackerspaceLightCommanded,HackerspaceTemperatureReading,HackerspaceHumidityReading,1,LoftLightStatus,1,0,21.30,5.09,126,47,12,38,HotWaterStatus,ColdWaterStatus,DayWaterElementStatus,NightWaterElementStatus,6.0,2.585,2.57,2.57
2017-12-29,23:13,DoorMotion,DoorMotionCount,DoorOpened,DoorOpenedCount,0,HallwayLightStatus,,,HallwayTemperatureReading,HallwayHumidityReading,72.50,BathroomLightStatus,BathroomLightCommanded,52.7,15.4,BathroomFanStatus,HackerspaceLightReading,HackerspaceLightStatus,HackerspaceLightCommanded,HackerspaceTemperatureReading,HackerspaceHumidityReading,0,LoftLightStatus,0,0,21.30,5.07,124,47,12,39,HotWaterStatus,ColdWaterStatus,DayWaterElementStatus,NightWaterElementStatus,6.0,2.53,2.49,2.53
2017-12-29,23:13,DoorMotion,DoorMotionCount,DoorOpened,DoorOpenedCount,0,HallwayLightStatus,,,HallwayTemperatureReading,HallwayHumidityReading,72.40,BathroomLightStatus,BathroomLightCommanded,52.9,15.4,BathroomFanStatus,HackerspaceLightReading,HackerspaceLightStatus,HackerspaceLightCommanded,HackerspaceTemperatureReading,HackerspaceHumidityReading,0,LoftLightStatus,0,0,21.30,5.08,128,47,12,38,HotWaterStatus,ColdWaterStatus,DayWaterElementStatus,NightWaterElementStatus,6.0,2.555,2.495,2.525
2017-12-29,23:14,DoorMotion,DoorMotionCount,DoorOpened,DoorOpenedCount,0,HallwayLightStatus,,,HallwayTemperatureReading,HallwayHumidityReading,72.50,BathroomLightStatus,BathroomLightCommanded,52.9,15.4,BathroomFanStatus,HackerspaceLightReading,HackerspaceLightStatus,HackerspaceLightCommanded,HackerspaceTemperatureReading,HackerspaceHumidityReading,1,LoftLightStatus,0,0,21.30,5.16,125,47,12,38,HotWaterStatus,ColdWaterStatus,DayWaterElementStatus,NightWaterElementStatus,6.0,2.515,2.495,2.5
2017-12-29,23:14,DoorMotion,DoorMotionCount,DoorOpened,DoorOpenedCount,0,HallwayLightStatus,,,HallwayTemperatureReading,HallwayHumidityReading,72.40,BathroomLightStatus,BathroomLightCommanded,52.9,15.4,BathroomFanStatus,HackerspaceLightReading,HackerspaceLightStatus,HackerspaceLightCommanded,HackerspaceTemperatureReading,HackerspaceHumidityReading,1,LoftLightStatus,9,0,21.30,5.12,127,47,12,38,HotWaterStatus,ColdWaterStatus,DayWaterElementStatus,NightWaterElementStatus,6.0,2.52,2.545,2.595
2017-12-29,23:14,DoorMotion,DoorMotionCount,DoorOpened,DoorOpenedCount,0,HallwayLightStatus,,,HallwayTemperatureReading,HallwayHumidityReading,72.40,BathroomLightStatus,BathroomLightCommanded,52.9,15.4,BathroomFanStatus,HackerspaceLightReading,HackerspaceLightStatus,HackerspaceLightCommanded,HackerspaceTemperatureReading,HackerspaceHumidityReading,1,LoftLightStatus,0,0,21.30,5.09,125,47,12,38,HotWaterStatus,ColdWaterStatus,DayWaterElementStatus,NightWaterElementStatus,6.0,2.555,2.595,2.52
2017-12-29,23:15,DoorMotion,DoorMotionCount,DoorOpened,DoorOpenedCount,0,HallwayLightStatus,,,HallwayTemperatureReading,HallwayHumidityReading,72.50,BathroomLightStatus,BathroomLightCommanded,52.9,15.4,BathroomFanStatus,HackerspaceLightReading,HackerspaceLightStatus,HackerspaceLightCommanded,HackerspaceTemperatureReading,HackerspaceHumidityReading,1,LoftLightStatus,9,0,21.30,5.09,129,47,12,38,HotWaterStatus,ColdWaterStatus,DayWaterElementStatus,NightWaterElementStatus,6.0,2.55,2.475,2.51
2017-12-29,23:15,DoorMotion,DoorMotionCount,DoorOpened,DoorOpenedCount,0,HallwayLightStatus,,,HallwayTemperatureReading,HallwayHumidityReading,72.50,BathroomLightStatus,BathroomLightCommanded,53.0,15.3,BathroomFanStatus,HackerspaceLightReading,HackerspaceLightStatus,HackerspaceLightCommanded,HackerspaceTemperatureReading,HackerspaceHumidityReading,2,LoftLightStatus,3,0,21.30,5.06,126,46,12,38,HotWaterStatus,ColdWaterStatus,DayWaterElementStatus,NightWaterElementStatus,6.0,2.51,2.51,2.575
2017-12-29,23:15,DoorMotion,DoorMotionCount,DoorOpened,DoorOpenedCount,0,HallwayLightStatus,,,HallwayTemperatureReading,HallwayHumidityReading,72.40,BathroomLightStatus,BathroomLightCommanded,52.9,15.4,BathroomFanStatus,HackerspaceLightReading,HackerspaceLightStatus,HackerspaceLightCommanded,HackerspaceTemperatureReading,HackerspaceHumidityReading,0,LoftLightStatus,4,0,21.30,5.10,124,46,12,38,HotWaterStatus,ColdWaterStatus,DayWaterElementStatus,NightWaterElementStatus,6.0,2.585,2.565,2.53
2017-12-29,23:15,DoorMotion,DoorMotionCount,DoorOpened,DoorOpenedCount,0,HallwayLightStatus,,,HallwayTemperatureReading,HallwayHumidityReading,72.40,BathroomLightStatus,BathroomLightCommanded,52.9,15.4,BathroomFanStatus,HackerspaceLightReading,HackerspaceLightStatus,HackerspaceLightCommanded,HackerspaceTemperatureReading,HackerspaceHumidityReading,1,LoftLightStatus,0,0,21.30,5.07,128,47,12,38,HotWaterStatus,ColdWaterStatus,DayWaterElementStatus,NightWaterElementStatus,6.0,2.51,2.59,2.53
2017-12-29,23:16,DoorMotion,DoorMotionCount,DoorOpened,DoorOpenedCount,0,HallwayLightStatus,,,HallwayTemperatureReading,HallwayHumidityReading,72.40,BathroomLightStatus,BathroomLightCommanded,52.8,15.4,BathroomFanStatus,HackerspaceLightReading,HackerspaceLightStatus,HackerspaceLightCommanded,HackerspaceTemperatureReading,HackerspaceHumidityReading,0,LoftLightStatus,1,0,21.30,5.08,125,46,12,38,HotWaterStatus,ColdWaterStatus,DayWaterElementStatus,NightWaterElementStatus,6.0,2.54,2.445,2.52
2017-12-29,23:16,DoorMotion,DoorMotionCount,DoorOpened,DoorOpenedCount,0,HallwayLightStatus,,,HallwayTemperatureReading,HallwayHumidityReading,72.40,BathroomLightStatus,BathroomLightCommanded,52.9,15.4,BathroomFanStatus,HackerspaceLightReading,HackerspaceLightStatus,HackerspaceLightCommanded,HackerspaceTemperatureReading,HackerspaceHumidityReading,0,LoftLightStatus,9,0,21.30,4.99,124,46,12,38,HotWaterStatus,ColdWaterStatus,DayWaterElementStatus,NightWaterElementStatus,6.0,2.5,2.51,2.49
2017-12-29,23:16,DoorMotion,DoorMotionCount,DoorOpened,DoorOpenedCount,0,HallwayLightStatus,,,HallwayTemperatureReading,HallwayHumidityReading,72.30,BathroomLightStatus,BathroomLightCommanded,52.9,15.4,BathroomFanStatus,HackerspaceLightReading,HackerspaceLightStatus,HackerspaceLightCommanded,HackerspaceTemperatureReading,HackerspaceHumidityReading,0,LoftLightStatus,0,0,21.30,4.94,124,46,13,38,HotWaterStatus,ColdWaterStatus,DayWaterElementStatus,NightWaterElementStatus,6.0,2.56,2.555,2.49
2017-12-29,23:17,DoorMotion,DoorMotionCount,DoorOpened,DoorOpenedCount,0,HallwayLightStatus,,,HallwayTemperatureReading,HallwayHumidityReading,72.40,BathroomLightStatus,BathroomLightCommanded,52.7,15.4,BathroomFanStatus,HackerspaceLightReading,HackerspaceLightStatus,HackerspaceLightCommanded,HackerspaceTemperatureReading,HackerspaceHumidityReading,0,LoftLightStatus,18,0,21.30,5.05,126,46,12,38,HotWaterStatus,ColdWaterStatus,DayWaterElementStatus,NightWaterElementStatus,6.0,2.47,2.515,2.495
2017-12-29,23:17,DoorMotion,DoorMotionCount,DoorOpened,DoorOpenedCount,0,HallwayLightStatus,,,HallwayTemperatureReading,HallwayHumidityReading,72.30,BathroomLightStatus,BathroomLightCommanded,52.9,15.4,BathroomFanStatus,HackerspaceLightReading,HackerspaceLightStatus,HackerspaceLightCommanded,HackerspaceTemperatureReading,HackerspaceHumidityReading,0,LoftLightStatus,9,0,21.30,5.04,129,46,12,38,HotWaterStatus,ColdWaterStatus,DayWaterElementStatus,NightWaterElementStatus,6.0,2.515,2.515,2.495
2017-12-29,23:17,DoorMotion,DoorMotionCount,DoorOpened,DoorOpenedCount,0,HallwayLightStatus,,,HallwayTemperatureReading,HallwayHumidityReading,72.30,BathroomLightStatus,BathroomLightCommanded,52.9,15.4,BathroomFanStatus,HackerspaceLightReading,HackerspaceLightStatus,HackerspaceLightCommanded,HackerspaceTemperatureReading,HackerspaceHumidityReading,2,LoftLightStatus,9,0,21.30,4.94,123,47,12,38,HotWaterStatus,ColdWaterStatus,DayWaterElementStatus,NightWaterElementStatus,6.0,2.46,2.455,2.46
2017-12-29,23:17,DoorMotion,DoorMotionCount,DoorOpened,DoorOpenedCount,0,HallwayLightStatus,,,HallwayTemperatureReading,HallwayHumidityReading,72.30,BathroomLightStatus,BathroomLightCommanded,53.0,15.4,BathroomFanStatus,HackerspaceLightReading,HackerspaceLightStatus,HackerspaceLightCommanded,HackerspaceTemperatureReading,HackerspaceHumidityReading,0,LoftLightStatus,0,0,21.30,4.95,128,46,12,38,HotWaterStatus,ColdWaterStatus,DayWaterElementStatus,NightWaterElementStatus,6.0,2.53,2.53,2.48
2017-12-29,23:18,DoorMotion,DoorMotionCount,DoorOpened,DoorOpenedCount,0,HallwayLightStatus,,,HallwayTemperatureReading,HallwayHumidityReading,72.30,BathroomLightStatus,BathroomLightCommanded,53.0,15.4,BathroomFanStatus,HackerspaceLightReading,HackerspaceLightStatus,HackerspaceLightCommanded,HackerspaceTemperatureReading,HackerspaceHumidityReading,1,LoftLightStatus,4,0,21.30,5.05,126,46,12,38,HotWaterStatus,ColdWaterStatus,DayWaterElementStatus,NightWaterElementStatus,6.0,2.5,2.475,2.46
2017-12-29,23:18,DoorMotion,DoorMotionCount,DoorOpened,DoorOpenedCount,0,HallwayLightStatus,,,HallwayTemperatureReading,HallwayHumidityReading,72.20,BathroomLightStatus,BathroomLightCommanded,53.0,15.4,BathroomFanStatus,HackerspaceLightReading,HackerspaceLightStatus,HackerspaceLightCommanded,HackerspaceTemperatureReading,HackerspaceHumidityReading,1,LoftLightStatus,0,0,21.30,5.07,127,45,12,38,HotWaterStatus,ColdWaterStatus,DayWaterElementStatus,NightWaterElementStatus,6.0,2.44,2.495,2.49
2017-12-29,23:18,DoorMotion,DoorMotionCount,DoorOpened,DoorOpenedCount,0,HallwayLightStatus,,,HallwayTemperatureReading,HallwayHumidityReading,72.30,BathroomLightStatus,BathroomLightCommanded,53.0,15.4,BathroomFanStatus,HackerspaceLightReading,HackerspaceLightStatus,HackerspaceLightCommanded,HackerspaceTemperatureReading,HackerspaceHumidityReading,0,LoftLightStatus,9,0,21.30,5.06,124,45,13,38,HotWaterStatus,ColdWaterStatus,DayWaterElementStatus,NightWaterElementStatus,6.0,2.51,2.555,2.49
2017-12-29,23:19,DoorMotion,DoorMotionCount,DoorOpened,DoorOpenedCount,0,HallwayLightStatus,,,HallwayTemperatureReading,HallwayHumidityReading,72.30,BathroomLightStatus,BathroomLightCommanded,52.9,15.4,BathroomFanStatus,HackerspaceLightReading,HackerspaceLightStatus,HackerspaceLightCommanded,HackerspaceTemperatureReading,HackerspaceHumidityReading,0,LoftLightStatus,2,0,21.30,5.00,125,45,13,37,HotWaterStatus,ColdWaterStatus,DayWaterElementStatus,NightWaterElementStatus,6.0,2.445,2.465,2.46
2017-12-29,23:19,DoorMotion,DoorMotionCount,DoorOpened,DoorOpenedCount,0,HallwayLightStatus,,,HallwayTemperatureReading,HallwayHumidityReading,72.30,BathroomLightStatus,BathroomLightCommanded,52.9,15.4,BathroomFanStatus,HackerspaceLightReading,HackerspaceLightStatus,HackerspaceLightCommanded,HackerspaceTemperatureReading,HackerspaceHumidityReading,1,LoftLightStatus,0,0,21.30,4.95,127,45,12,37,HotWaterStatus,ColdWaterStatus,DayWaterElementStatus,NightWaterElementStatus,6.0,2.465,2.465,2.48
2017-12-29,23:19,DoorMotion,DoorMotionCount,DoorOpened,DoorOpenedCount,0,HallwayLightStatus,,,HallwayTemperatureReading,HallwayHumidityReading,72.20,BathroomLightStatus,BathroomLightCommanded,53.0,15.4,BathroomFanStatus,HackerspaceLightReading,HackerspaceLightStatus,HackerspaceLightCommanded,HackerspaceTemperatureReading,HackerspaceHumidityReading,0,LoftLightStatus,0,0,21.30,4.97,123,46,13,38,HotWaterStatus,ColdWaterStatus,DayWaterElementStatus,NightWaterElementStatus,6.0,2.5,2.51,2.475
2017-12-29,23:19,DoorMotion,DoorMotionCount,DoorOpened,DoorOpenedCount,0,HallwayLightStatus,,,HallwayTemperatureReading,HallwayHumidityReading,72.30,BathroomLightStatus,BathroomLightCommanded,52.9,15.4,BathroomFanStatus,HackerspaceLightReading,HackerspaceLightStatus,HackerspaceLightCommanded,HackerspaceTemperatureReading,HackerspaceHumidityReading,1,LoftLightStatus,9,0,21.30,4.97,128,45,12,38,HotWaterStatus,ColdWaterStatus,DayWaterElementStatus,NightWaterElementStatus,6.0,2.48,2.52,2.5
2017-12-29,23:20,DoorMotion,DoorMotionCount,DoorOpened,DoorOpenedCount,0,HallwayLightStatus,,,HallwayTemperatureReading,HallwayHumidityReading,72.30,BathroomLightStatus,BathroomLightCommanded,53.0,15.4,BathroomFanStatus,HackerspaceLightReading,HackerspaceLightStatus,HackerspaceLightCommanded,HackerspaceTemperatureReading,HackerspaceHumidityReading,1,LoftLightStatus,33.53,0,21.30,0,128,45,13,38,HotWaterStatus,ColdWaterStatus,DayWaterElementStatus,NightWaterElementStatus,6.0,16.5,16.57,16.375
2017-12-29,23:20,DoorMotion,DoorMotionCount,DoorOpened,DoorOpenedCount,0,HallwayLightStatus,,,HallwayTemperatureReading,HallwayHumidityReading,72.20,BathroomLightStatus,BathroomLightCommanded,53.0,15.4,BathroomFanStatus,HackerspaceLightReading,HackerspaceLightStatus,HackerspaceLightCommanded,HackerspaceTemperatureReading,HackerspaceHumidityReading,1,LoftLightStatus,5,0,21.30,33.25,128,45,12,38,HotWaterStatus,ColdWaterStatus,DayWaterElementStatus,NightWaterElementStatus,6.0,16.48,16.44,16.69
2017-12-29,23:20,DoorMotion,DoorMotionCount,DoorOpened,DoorOpenedCount,0,HallwayLightStatus,,,HallwayTemperatureReading,HallwayHumidityReading,72.20,BathroomLightStatus,BathroomLightCommanded,52.9,15.4,BathroomFanStatus,HackerspaceLightReading,HackerspaceLightStatus,HackerspaceLightCommanded,HackerspaceTemperatureReading,HackerspaceHumidityReading,1,LoftLightStatus,33.21,0,21.20,4,128,45,12,38,HotWaterStatus,ColdWaterStatus,DayWaterElementStatus,NightWaterElementStatus,6.0,16.495,16.595,16.65
2017-12-29,23:21,DoorMotion,DoorMotionCount,DoorOpened,DoorOpenedCount,0,HallwayLightStatus,,,HallwayTemperatureReading,HallwayHumidityReading,72.20,BathroomLightStatus,BathroomLightCommanded,52.8,15.4,BathroomFanStatus,HackerspaceLightReading,HackerspaceLightStatus,HackerspaceLightCommanded,HackerspaceTemperatureReading,HackerspaceHumidityReading,0,LoftLightStatus,2,0,21.30,33.31,128,45,13,37,HotWaterStatus,ColdWaterStatus,DayWaterElementStatus,NightWaterElementStatus,6.0,16.51,16.545,16.45
2017-12-29,23:21,DoorMotion,DoorMotionCount,DoorOpened,DoorOpenedCount,0,HallwayLightStatus,,,HallwayTemperatureReading,HallwayHumidityReading,72.20,BathroomLightStatus,BathroomLightCommanded,53.1,15.4,BathroomFanStatus,HackerspaceLightReading,HackerspaceLightStatus,HackerspaceLightCommanded,HackerspaceTemperatureReading,HackerspaceHumidityReading,0,LoftLightStatus,32.88,0,21.30,4,122,45,13,38,HotWaterStatus,ColdWaterStatus,DayWaterElementStatus,NightWaterElementStatus,6.0,16.41,16.655,16.3
2017-12-29,23:21,DoorMotion,DoorMotionCount,DoorOpened,DoorOpenedCount,0,HallwayLightStatus,,,HallwayTemperatureReading,HallwayHumidityReading,72.20,BathroomLightStatus,BathroomLightCommanded,53.0,15.4,BathroomFanStatus,HackerspaceLightReading,HackerspaceLightStatus,HackerspaceLightCommanded,HackerspaceTemperatureReading,HackerspaceHumidityReading,0,LoftLightStatus,0,0,21.30,33.24,124,45,13,38,HotWaterStatus,ColdWaterStatus,DayWaterElementStatus,NightWaterElementStatus,6.5,16.425,16.655,16.435
2017-12-29,23:21,DoorMotion,DoorMotionCount,DoorOpened,DoorOpenedCount,0,HallwayLightStatus,,,HallwayTemperatureReading,HallwayHumidityReading,72.20,BathroomLightStatus,BathroomLightCommanded,53.0,15.4,BathroomFanStatus,HackerspaceLightReading,HackerspaceLightStatus,HackerspaceLightCommanded,HackerspaceTemperatureReading,HackerspaceHumidityReading,2,LoftLightStatus,32.81,0,21.20,15,125,45,13,38,HotWaterStatus,ColdWaterStatus,DayWaterElementStatus,NightWaterElementStatus,6.0,16.41,16.48,16.5
2017-12-29,23:22,DoorMotion,DoorMotionCount,DoorOpened,DoorOpenedCount,0,HallwayLightStatus,,,HallwayTemperatureReading,HallwayHumidityReading,72.20,BathroomLightStatus,BathroomLightCommanded,53.0,15.4,BathroomFanStatus,HackerspaceLightReading,HackerspaceLightStatus,HackerspaceLightCommanded,HackerspaceTemperatureReading,HackerspaceHumidityReading,0,LoftLightStatus,9,0,21.20,33.00,126,45,13,38,HotWaterStatus,ColdWaterStatus,DayWaterElementStatus,NightWaterElementStatus,6.0,16.335,16.37,16.405
2017-12-29,23:22,DoorMotion,DoorMotionCount,DoorOpened,DoorOpenedCount,0,HallwayLightStatus,,,HallwayTemperatureReading,HallwayHumidityReading,72.20,BathroomLightStatus,BathroomLightCommanded,52.9,15.4,BathroomFanStatus,HackerspaceLightReading,HackerspaceLightStatus,HackerspaceLightCommanded,HackerspaceTemperatureReading,HackerspaceHumidityReading,1,LoftLightStatus,33.06,0,21.20,24,126,45,13,38,HotWaterStatus,ColdWaterStatus,DayWaterElementStatus,NightWaterElementStatus,6.0,16.49,16.46,16.39
2017-12-29,23:22,DoorMotion,DoorMotionCount,DoorOpened,DoorOpenedCount,0,HallwayLightStatus,,,HallwayTemperatureReading,HallwayHumidityReading,72.20,BathroomLightStatus,BathroomLightCommanded,52.9,15.4,BathroomFanStatus,HackerspaceLightReading,HackerspaceLightStatus,HackerspaceLightCommanded,HackerspaceTemperatureReading,HackerspaceHumidityReading,1,LoftLightStatus,5,0,21.20,4.58,125,44,13,39,HotWaterStatus,ColdWaterStatus,DayWaterElementStatus,NightWaterElementStatus,6.0,2.425,2.385,2.41
2017-12-29,23:23,DoorMotion,DoorMotionCount,DoorOpened,DoorOpenedCount,0,HallwayLightStatus,,,HallwayTemperatureReading,HallwayHumidityReading,72.20,BathroomLightStatus,BathroomLightCommanded,52.9,15.4,BathroomFanStatus,HackerspaceLightReading,HackerspaceLightStatus,HackerspaceLightCommanded,HackerspaceTemperatureReading,HackerspaceHumidityReading,1,LoftLightStatus,11,0,21.20,4.56,124,44,13,39,HotWaterStatus,ColdWaterStatus,DayWaterElementStatus,NightWaterElementStatus,6.0,2.255,2.255,2.27
2017-12-29,23:23,DoorMotion,DoorMotionCount,DoorOpened,DoorOpenedCount,0,HallwayLightStatus,,,HallwayTemperatureReading,HallwayHumidityReading,72.20,BathroomLightStatus,BathroomLightCommanded,53.0,15.4,BathroomFanStatus,HackerspaceLightReading,HackerspaceLightStatus,HackerspaceLightCommanded,HackerspaceTemperatureReading,HackerspaceHumidityReading,0,LoftLightStatus,13,0,21.20,4.56,129,44,13,39,HotWaterStatus,ColdWaterStatus,DayWaterElementStatus,NightWaterElementStatus,6.0,2.255,2.3,2.27
2017-12-29,23:23,DoorMotion,DoorMotionCount,DoorOpened,DoorOpenedCount,0,HallwayLightStatus,,,HallwayTemperatureReading,HallwayHumidityReading,72.20,BathroomLightStatus,BathroomLightCommanded,53.1,15.4,BathroomFanStatus,HackerspaceLightReading,HackerspaceLightStatus,HackerspaceLightCommanded,HackerspaceTemperatureReading,HackerspaceHumidityReading,1,LoftLightStatus,2,0,21.20,4.56,126,45,13,41,HotWaterStatus,ColdWaterStatus,DayWaterElementStatus,NightWaterElementStatus,6.0,2.285,2.28,2.26
2017-12-29,23:23,DoorMotion,DoorMotionCount,DoorOpened,DoorOpenedCount,0,HallwayLightStatus,,,HallwayTemperatureReading,HallwayHumidityReading,72.20,BathroomLightStatus,BathroomLightCommanded,53.1,15.4,BathroomFanStatus,HackerspaceLightReading,HackerspaceLightStatus,HackerspaceLightCommanded,HackerspaceTemperatureReading,HackerspaceHumidityReading,0,LoftLightStatus,0,0,21.20,4.56,126,45,13,39,HotWaterStatus,ColdWaterStatus,DayWaterElementStatus,NightWaterElementStatus,6.0,2.27,2.285,2.265
2017-12-29,23:24,DoorMotion,DoorMotionCount,DoorOpened,DoorOpenedCount,0,HallwayLightStatus,,,HallwayTemperatureReading,HallwayHumidityReading,72.10,BathroomLightStatus,BathroomLightCommanded,53.0,15.4,BathroomFanStatus,HackerspaceLightReading,HackerspaceLightStatus,HackerspaceLightCommanded,HackerspaceTemperatureReading,HackerspaceHumidityReading,0,LoftLightStatus,9,0,21.20,4.51,125,45,13,40,HotWaterStatus,ColdWaterStatus,DayWaterElementStatus,NightWaterElementStatus,6.0,2.285,2.26,2.23
2017-12-29,23:24,DoorMotion,DoorMotionCount,DoorOpened,DoorOpenedCount,1,HallwayLightStatus,,,HallwayTemperatureReading,HallwayHumidityReading,72.10,BathroomLightStatus,BathroomLightCommanded,53.1,15.4,BathroomFanStatus,HackerspaceLightReading,HackerspaceLightStatus,HackerspaceLightCommanded,HackerspaceTemperatureReading,HackerspaceHumidityReading,0,LoftLightStatus,2,0,21.20,4.85,128,44,13,40,HotWaterStatus,ColdWaterStatus,DayWaterElementStatus,NightWaterElementStatus,6.0,2.275,2.41,2.405
2017-12-29,23:24,DoorMotion,DoorMotionCount,DoorOpened,DoorOpenedCount,0,HallwayLightStatus,,,HallwayTemperatureReading,HallwayHumidityReading,72.10,BathroomLightStatus,BathroomLightCommanded,53.1,15.4,BathroomFanStatus,HackerspaceLightReading,HackerspaceLightStatus,HackerspaceLightCommanded,HackerspaceTemperatureReading,HackerspaceHumidityReading,1,LoftLightStatus,5,0,21.20,4.88,123,45,13,40,HotWaterStatus,ColdWaterStatus,DayWaterElementStatus,NightWaterElementStatus,6.0,2.43,2.395,2.435
2017-12-29,23:25,DoorMotion,DoorMotionCount,DoorOpened,DoorOpenedCount,0,HallwayLightStatus,,,HallwayTemperatureReading,HallwayHumidityReading,72.10,BathroomLightStatus,BathroomLightCommanded,53.1,15.3,BathroomFanStatus,HackerspaceLightReading,HackerspaceLightStatus,HackerspaceLightCommanded,HackerspaceTemperatureReading,HackerspaceHumidityReading,0,LoftLightStatus,2,0,21.20,4.96,123,44,12,40,HotWaterStatus,ColdWaterStatus,DayWaterElementStatus,NightWaterElementStatus,6.0,2.455,2.48,2.455
2017-12-29,23:25,DoorMotion,DoorMotionCount,DoorOpened,DoorOpenedCount,0,HallwayLightStatus,,,HallwayTemperatureReading,HallwayHumidityReading,72.10,BathroomLightStatus,BathroomLightCommanded,53.1,15.4,BathroomFanStatus,HackerspaceLightReading,HackerspaceLightStatus,HackerspaceLightCommanded,HackerspaceTemperatureReading,HackerspaceHumidityReading,1,LoftLightStatus,1,0,21.20,4.66,124,45,12,40,HotWaterStatus,ColdWaterStatus,DayWaterElementStatus,NightWaterElementStatus,6.0,2.3,2.27,2.29
2017-12-29,23:25,DoorMotion,DoorMotionCount,DoorOpened,DoorOpenedCount,0,HallwayLightStatus,,,HallwayTemperatureReading,HallwayHumidityReading,72.10,BathroomLightStatus,BathroomLightCommanded,53.2,15.4,BathroomFanStatus,HackerspaceLightReading,HackerspaceLightStatus,HackerspaceLightCommanded,HackerspaceTemperatureReading,HackerspaceHumidityReading,1,LoftLightStatus,9,0,21.20,4.62,124,44,13,40,HotWaterStatus,ColdWaterStatus,DayWaterElementStatus,NightWaterElementStatus,6.5,2.33,2.31,2.29
2017-12-29,23:25,DoorMotion,DoorMotionCount,DoorOpened,DoorOpenedCount,0,HallwayLightStatus,,,HallwayTemperatureReading,HallwayHumidityReading,72.10,BathroomLightStatus,BathroomLightCommanded,53.3,15.4,BathroomFanStatus,HackerspaceLightReading,HackerspaceLightStatus,HackerspaceLightCommanded,HackerspaceTemperatureReading,HackerspaceHumidityReading,0,LoftLightStatus,8,0,21.20,4.57,126,45,13,40,HotWaterStatus,ColdWaterStatus,DayWaterElementStatus,NightWaterElementStatus,6.0,2.28,2.275,2.3
2017-12-29,23:26,DoorMotion,DoorMotionCount,DoorOpened,DoorOpenedCount,0,HallwayLightStatus,,,HallwayTemperatureReading,HallwayHumidityReading,72.10,BathroomLightStatus,BathroomLightCommanded,53.1,15.4,BathroomFanStatus,HackerspaceLightReading,HackerspaceLightStatus,HackerspaceLightCommanded,HackerspaceTemperatureReading,HackerspaceHumidityReading,1,LoftLightStatus,0,0,21.20,4.55,129,44,12,40,HotWaterStatus,ColdWaterStatus,DayWaterElementStatus,NightWaterElementStatus,6.5,2.275,2.285,2.28
2017-12-29,23:26,DoorMotion,DoorMotionCount,DoorOpened,DoorOpenedCount,0,HallwayLightStatus,,,HallwayTemperatureReading,HallwayHumidityReading,72.10,BathroomLightStatus,BathroomLightCommanded,53.1,15.4,BathroomFanStatus,HackerspaceLightReading,HackerspaceLightStatus,HackerspaceLightCommanded,HackerspaceTemperatureReading,HackerspaceHumidityReading,0,LoftLightStatus,0,0,21.20,4.57,127,44,13,41,HotWaterStatus,ColdWaterStatus,DayWaterElementStatus,NightWaterElementStatus,6.0,2.285,2.295,2.28
2017-12-29,23:26,DoorMotion,DoorMotionCount,DoorOpened,DoorOpenedCount,0,HallwayLightStatus,,,HallwayTemperatureReading,HallwayHumidityReading,72.10,BathroomLightStatus,BathroomLightCommanded,53.2,15.4,BathroomFanStatus,HackerspaceLightReading,HackerspaceLightStatus,HackerspaceLightCommanded,HackerspaceTemperatureReading,HackerspaceHumidityReading,1,LoftLightStatus,0,0,21.20,4.71,124,45,12,41,HotWaterStatus,ColdWaterStatus,DayWaterElementStatus,NightWaterElementStatus,6.0,2.31,2.33,2.325
2017-12-29,23:27,DoorMotion,DoorMotionCount,DoorOpened,DoorOpenedCount,0,HallwayLightStatus,,,HallwayTemperatureReading,HallwayHumidityReading,72.10,BathroomLightStatus,BathroomLightCommanded,53.3,15.4,BathroomFanStatus,HackerspaceLightReading,HackerspaceLightStatus,HackerspaceLightCommanded,HackerspaceTemperatureReading,HackerspaceHumidityReading,0,LoftLightStatus,0,0,21.20,4.74,126,44,13,41,HotWaterStatus,ColdWaterStatus,DayWaterElementStatus,NightWaterElementStatus,6.0,2.315,2.38,2.36
2017-12-29,23:27,DoorMotion,DoorMotionCount,DoorOpened,DoorOpenedCount,0,HallwayLightStatus,,,HallwayTemperatureReading,HallwayHumidityReading,72.10,BathroomLightStatus,BathroomLightCommanded,53.3,15.4,BathroomFanStatus,HackerspaceLightReading,HackerspaceLightStatus,HackerspaceLightCommanded,HackerspaceTemperatureReading,HackerspaceHumidityReading,0,LoftLightStatus,2,0,21.20,4.57,125,44,13,41,HotWaterStatus,ColdWaterStatus,DayWaterElementStatus,NightWaterElementStatus,6.0,2.315,2.3,2.295
2017-12-29,23:27,DoorMotion,DoorMotionCount,DoorOpened,DoorOpenedCount,0,HallwayLightStatus,,,HallwayTemperatureReading,HallwayHumidityReading,72.10,BathroomLightStatus,BathroomLightCommanded,53.2,15.4,BathroomFanStatus,HackerspaceLightReading,HackerspaceLightStatus,HackerspaceLightCommanded,HackerspaceTemperatureReading,HackerspaceHumidityReading,0,LoftLightStatus,4,0,21.10,4.59,124,44,13,41,HotWaterStatus,ColdWaterStatus,DayWaterElementStatus,NightWaterElementStatus,6.0,2.27,2.28,2.28
2017-12-29,23:27,DoorMotion,DoorMotionCount,DoorOpened,DoorOpenedCount,0,HallwayLightStatus,,,HallwayTemperatureReading,HallwayHumidityReading,72.10,BathroomLightStatus,BathroomLightCommanded,53.2,15.4,BathroomFanStatus,HackerspaceLightReading,HackerspaceLightStatus,HackerspaceLightCommanded,HackerspaceTemperatureReading,HackerspaceHumidityReading,0,LoftLightStatus,8,0,21.20,4.61,124,44,13,41,HotWaterStatus,ColdWaterStatus,DayWaterElementStatus,NightWaterElementStatus,6.0,2.3,2.315,2.285
2017-12-29,23:28,DoorMotion,DoorMotionCount,DoorOpened,DoorOpenedCount,0,HallwayLightStatus,,,HallwayTemperatureReading,HallwayHumidityReading,72.10,BathroomLightStatus,BathroomLightCommanded,53.3,15.4,BathroomFanStatus,HackerspaceLightReading,HackerspaceLightStatus,HackerspaceLightCommanded,HackerspaceTemperatureReading,HackerspaceHumidityReading,0,LoftLightStatus,4,0,21.20,4.61,125,44,13,41,HotWaterStatus,ColdWaterStatus,DayWaterElementStatus,NightWaterElementStatus,6.0,2.33,2.345,2.315
2017-12-29,23:28,DoorMotion,DoorMotionCount,DoorOpened,DoorOpenedCount,0,HallwayLightStatus,,,HallwayTemperatureReading,HallwayHumidityReading,72.10,BathroomLightStatus,BathroomLightCommanded,53.4,15.4,BathroomFanStatus,HackerspaceLightReading,HackerspaceLightStatus,HackerspaceLightCommanded,HackerspaceTemperatureReading,HackerspaceHumidityReading,0,LoftLightStatus,0,0,21.10,4.57,124,44,13,41,HotWaterStatus,ColdWaterStatus,DayWaterElementStatus,NightWaterElementStatus,6.0,2.31,2.23,2.295
2017-12-29,23:28,DoorMotion,DoorMotionCount,DoorOpened,DoorOpenedCount,0,HallwayLightStatus,,,HallwayTemperatureReading,HallwayHumidityReading,72.10,BathroomLightStatus,BathroomLightCommanded,53.2,15.4,BathroomFanStatus,HackerspaceLightReading,HackerspaceLightStatus,HackerspaceLightCommanded,HackerspaceTemperatureReading,HackerspaceHumidityReading,0,LoftLightStatus,0,0,21.10,4.56,126,44,13,41,HotWaterStatus,ColdWaterStatus,DayWaterElementStatus,NightWaterElementStatus,6.0,2.26,2.275,2.285
2017-12-29,23:29,DoorMotion,DoorMotionCount,DoorOpened,DoorOpenedCount,0,HallwayLightStatus,,,HallwayTemperatureReading,HallwayHumidityReading,72.00,BathroomLightStatus,BathroomLightCommanded,53.3,15.4,BathroomFanStatus,HackerspaceLightReading,HackerspaceLightStatus,HackerspaceLightCommanded,HackerspaceTemperatureReading,HackerspaceHumidityReading,1,LoftLightStatus,0,0,21.10,4.58,127,44,13,42,HotWaterStatus,ColdWaterStatus,DayWaterElementStatus,NightWaterElementStatus,6.0,2.275,2.32,2.25
2017-12-29,23:29,DoorMotion,DoorMotionCount,DoorOpened,DoorOpenedCount,0,HallwayLightStatus,,,HallwayTemperatureReading,HallwayHumidityReading,72.10,BathroomLightStatus,BathroomLightCommanded,53.3,15.4,BathroomFanStatus,HackerspaceLightReading,HackerspaceLightStatus,HackerspaceLightCommanded,HackerspaceTemperatureReading,HackerspaceHumidityReading,0,LoftLightStatus,0,0,21.10,4.52,125,44,13,41,HotWaterStatus,ColdWaterStatus,DayWaterElementStatus,NightWaterElementStatus,6.0,2.24,2.285,2.24
2017-12-29,23:29,DoorMotion,DoorMotionCount,DoorOpened,DoorOpenedCount,0,HallwayLightStatus,,,HallwayTemperatureReading,HallwayHumidityReading,72.10,BathroomLightStatus,BathroomLightCommanded,53.1,15.4,BathroomFanStatus,HackerspaceLightReading,HackerspaceLightStatus,HackerspaceLightCommanded,HackerspaceTemperatureReading,HackerspaceHumidityReading,0,LoftLightStatus,0,0,21.10,4.54,125,44,14,41,HotWaterStatus,ColdWaterStatus,DayWaterElementStatus,NightWaterElementStatus,6.0,2.265,2.29,2.255
2017-12-29,23:29,DoorMotion,DoorMotionCount,DoorOpened,DoorOpenedCount,0,HallwayLightStatus,,,HallwayTemperatureReading,HallwayHumidityReading,72.10,BathroomLightStatus,BathroomLightCommanded,53.2,15.4,BathroomFanStatus,HackerspaceLightReading,HackerspaceLightStatus,HackerspaceLightCommanded,HackerspaceTemperatureReading,HackerspaceHumidityReading,0,LoftLightStatus,1,0,21.10,4.58,127,45,14,41,HotWaterStatus,ColdWaterStatus,DayWaterElementStatus,NightWaterElementStatus,6.0,2.315,2.295,2.285
2017-12-29,23:30,DoorMotion,DoorMotionCount,DoorOpened,DoorOpenedCount,0,HallwayLightStatus,,,HallwayTemperatureReading,HallwayHumidityReading,72.10,BathroomLightStatus,BathroomLightCommanded,53.2,15.4,BathroomFanStatus,HackerspaceLightReading,HackerspaceLightStatus,HackerspaceLightCommanded,HackerspaceTemperatureReading,HackerspaceHumidityReading,0,LoftLightStatus,5,0,21.10,4.59,123,44,13,41,HotWaterStatus,ColdWaterStatus,DayWaterElementStatus,NightWaterElementStatus,6.0,2.295,2.3,2.295
2017-12-29,23:30,DoorMotion,DoorMotionCount,DoorOpened,DoorOpenedCount,0,HallwayLightStatus,,,HallwayTemperatureReading,HallwayHumidityReading,72.10,BathroomLightStatus,BathroomLightCommanded,53.3,15.4,BathroomFanStatus,HackerspaceLightReading,HackerspaceLightStatus,HackerspaceLightCommanded,HackerspaceTemperatureReading,HackerspaceHumidityReading,0,LoftLightStatus,0,0,21.10,4.59,124,44,13,41,HotWaterStatus,ColdWaterStatus,DayWaterElementStatus,NightWaterElementStatus,6.0,2.27,2.285,2.275
2017-12-29,23:30,DoorMotion,DoorMotionCount,DoorOpened,DoorOpenedCount,0,HallwayLightStatus,,,HallwayTemperatureReading,HallwayHumidityReading,72.10,BathroomLightStatus,BathroomLightCommanded,53.3,15.4,BathroomFanStatus,HackerspaceLightReading,HackerspaceLightStatus,HackerspaceLightCommanded,HackerspaceTemperatureReading,HackerspaceHumidityReading,1,LoftLightStatus,0,0,21.10,4.59,128,45,13,41,HotWaterStatus,ColdWaterStatus,DayWaterElementStatus,NightWaterElementStatus,6.0,2.285,2.28,2.28
2017-12-29,23:31,DoorMotion,DoorMotionCount,DoorOpened,DoorOpenedCount,0,HallwayLightStatus,,,HallwayTemperatureReading,HallwayHumidityReading,72.20,BathroomLightStatus,BathroomLightCommanded,53.4,15.4,BathroomFanStatus,HackerspaceLightReading,HackerspaceLightStatus,HackerspaceLightCommanded,HackerspaceTemperatureReading,HackerspaceHumidityReading,2,LoftLightStatus,4,0,21.10,4.64,127,44,13,41,HotWaterStatus,ColdWaterStatus,DayWaterElementStatus,NightWaterElementStatus,6.0,2.325,2.32,2.31
2017-12-29,23:31,DoorMotion,DoorMotionCount,DoorOpened,DoorOpenedCount,0,HallwayLightStatus,,,HallwayTemperatureReading,HallwayHumidityReading,72.20,BathroomLightStatus,BathroomLightCommanded,53.4,15.4,BathroomFanStatus,HackerspaceLightReading,HackerspaceLightStatus,HackerspaceLightCommanded,HackerspaceTemperatureReading,HackerspaceHumidityReading,0,LoftLightStatus,9,0,21.10,4.72,122,44,13,41,HotWaterStatus,ColdWaterStatus,DayWaterElementStatus,NightWaterElementStatus,6.0,2.31,2.31,2.29
2017-12-29,23:31,DoorMotion,DoorMotionCount,DoorOpened,DoorOpenedCount,0,HallwayLightStatus,,,HallwayTemperatureReading,HallwayHumidityReading,72.10,BathroomLightStatus,BathroomLightCommanded,53.4,15.4,BathroomFanStatus,HackerspaceLightReading,HackerspaceLightStatus,HackerspaceLightCommanded,HackerspaceTemperatureReading,HackerspaceHumidityReading,1,LoftLightStatus,0,0,21.10,4.61,127,43,14,41,HotWaterStatus,ColdWaterStatus,DayWaterElementStatus,NightWaterElementStatus,6.0,2.3,2.305,2.345
2017-12-29,23:31,DoorMotion,DoorMotionCount,DoorOpened,DoorOpenedCount,0,HallwayLightStatus,,,HallwayTemperatureReading,HallwayHumidityReading,72.10,BathroomLightStatus,BathroomLightCommanded,53.5,15.3,BathroomFanStatus,HackerspaceLightReading,HackerspaceLightStatus,HackerspaceLightCommanded,HackerspaceTemperatureReading,HackerspaceHumidityReading,0,LoftLightStatus,1,0,21.10,4.79,126,44,13,42,HotWaterStatus,ColdWaterStatus,DayWaterElementStatus,NightWaterElementStatus,6.0,2.295,2.29,2.385
2017-12-29,23:32,DoorMotion,DoorMotionCount,DoorOpened,DoorOpenedCount,0,HallwayLightStatus,,,HallwayTemperatureReading,HallwayHumidityReading,72.10,BathroomLightStatus,BathroomLightCommanded,53.5,15.4,BathroomFanStatus,HackerspaceLightReading,HackerspaceLightStatus,HackerspaceLightCommanded,HackerspaceTemperatureReading,HackerspaceHumidityReading,1,LoftLightStatus,8,0,21.10,4.64,126,45,14,41,HotWaterStatus,ColdWaterStatus,DayWaterElementStatus,NightWaterElementStatus,6.0,2.33,2.355,2.315
2017-12-29,23:32,DoorMotion,DoorMotionCount,DoorOpened,DoorOpenedCount,0,HallwayLightStatus,,,HallwayTemperatureReading,HallwayHumidityReading,72.10,BathroomLightStatus,BathroomLightCommanded,53.6,15.4,BathroomFanStatus,HackerspaceLightReading,HackerspaceLightStatus,HackerspaceLightCommanded,HackerspaceTemperatureReading,HackerspaceHumidityReading,0,LoftLightStatus,4,0,21.10,4.66,124,44,14,41,HotWaterStatus,ColdWaterStatus,DayWaterElementStatus,NightWaterElementStatus,6.0,2.325,2.325,2.45
2017-12-29,23:32,DoorMotion,DoorMotionCount,DoorOpened,DoorOpenedCount,0,HallwayLightStatus,,,HallwayTemperatureReading,HallwayHumidityReading,72.00,BathroomLightStatus,BathroomLightCommanded,53.5,15.4,BathroomFanStatus,HackerspaceLightReading,HackerspaceLightStatus,HackerspaceLightCommanded,HackerspaceTemperatureReading,HackerspaceHumidityReading,1,LoftLightStatus,4,0,21.10,4.58,126,44,14,41,HotWaterStatus,ColdWaterStatus,DayWaterElementStatus,NightWaterElementStatus,6.0,2.285,2.29,2.285
2017-12-29,23:33,DoorMotion,DoorMotionCount,DoorOpened,DoorOpenedCount,0,HallwayLightStatus,,,HallwayTemperatureReading,HallwayHumidityReading,71.90,BathroomLightStatus,BathroomLightCommanded,53.5,15.3,BathroomFanStatus,HackerspaceLightReading,HackerspaceLightStatus,HackerspaceLightCommanded,HackerspaceTemperatureReading,HackerspaceHumidityReading,1,LoftLightStatus,1,0,21.10,4.57,125,44,13,40,HotWaterStatus,ColdWaterStatus,DayWaterElementStatus,NightWaterElementStatus,6.0,2.29,2.31,2.275
2017-12-29,23:33,DoorMotion,DoorMotionCount,DoorOpened,DoorOpenedCount,0,HallwayLightStatus,,,HallwayTemperatureReading,HallwayHumidityReading,72.00,BathroomLightStatus,BathroomLightCommanded,53.5,15.4,BathroomFanStatus,HackerspaceLightReading,HackerspaceLightStatus,HackerspaceLightCommanded,HackerspaceTemperatureReading,HackerspaceHumidityReading,0,LoftLightStatus,0,0,21.10,4.55,128,44,13,41,HotWaterStatus,ColdWaterStatus,DayWaterElementStatus,NightWaterElementStatus,6.0,2.28,2.32,2.275
2017-12-29,23:33,DoorMotion,DoorMotionCount,DoorOpened,DoorOpenedCount,0,HallwayLightStatus,,,HallwayTemperatureReading,HallwayHumidityReading,71.90,BathroomLightStatus,BathroomLightCommanded,53.5,15.4,BathroomFanStatus,HackerspaceLightReading,HackerspaceLightStatus,HackerspaceLightCommanded,HackerspaceTemperatureReading,HackerspaceHumidityReading,0,LoftLightStatus,2,0,21.00,4.58,126,44,13,41,HotWaterStatus,ColdWaterStatus,DayWaterElementStatus,NightWaterElementStatus,6.0,2.275,2.275,2.28
2017-12-29,23:33,DoorMotion,DoorMotionCount,DoorOpened,DoorOpenedCount,0,HallwayLightStatus,,,HallwayTemperatureReading,HallwayHumidityReading,71.90,BathroomLightStatus,BathroomLightCommanded,53.4,15.4,BathroomFanStatus,HackerspaceLightReading,HackerspaceLightStatus,HackerspaceLightCommanded,HackerspaceTemperatureReading,HackerspaceHumidityReading,0,LoftLightStatus,9,0,21.10,4.61,123,44,13,41,HotWaterStatus,ColdWaterStatus,DayWaterElementStatus,NightWaterElementStatus,6.0,2.28,2.27,2.255
2017-12-29,23:34,DoorMotion,DoorMotionCount,DoorOpened,DoorOpenedCount,0,HallwayLightStatus,,,HallwayTemperatureReading,HallwayHumidityReading,71.90,BathroomLightStatus,BathroomLightCommanded,53.6,15.4,BathroomFanStatus,HackerspaceLightReading,HackerspaceLightStatus,HackerspaceLightCommanded,HackerspaceTemperatureReading,HackerspaceHumidityReading,0,LoftLightStatus,2,0,21.10,4.59,126,44,13,41,HotWaterStatus,ColdWaterStatus,DayWaterElementStatus,NightWaterElementStatus,6.0,2.33,2.295,2.28
2017-12-29,23:34,DoorMotion,DoorMotionCount,DoorOpened,DoorOpenedCount,0,HallwayLightStatus,,,HallwayTemperatureReading,HallwayHumidityReading,71.90,BathroomLightStatus,BathroomLightCommanded,53.6,15.4,BathroomFanStatus,HackerspaceLightReading,HackerspaceLightStatus,HackerspaceLightCommanded,HackerspaceTemperatureReading,HackerspaceHumidityReading,0,LoftLightStatus,5,0,21.00,4.55,126,44,13,41,HotWaterStatus,ColdWaterStatus,DayWaterElementStatus,NightWaterElementStatus,6.0,2.24,2.275,2.305
2017-12-29,23:34,DoorMotion,DoorMotionCount,DoorOpened,DoorOpenedCount,0,HallwayLightStatus,,,HallwayTemperatureReading,HallwayHumidityReading,71.90,BathroomLightStatus,BathroomLightCommanded,53.5,15.4,BathroomFanStatus,HackerspaceLightReading,HackerspaceLightStatus,HackerspaceLightCommanded,HackerspaceTemperatureReading,HackerspaceHumidityReading,0,LoftLightStatus,0,0,21.00,4.53,124,43,13,41,HotWaterStatus,ColdWaterStatus,DayWaterElementStatus,NightWaterElementStatus,6.0,2.345,2.26,2.255
2017-12-29,23:35,DoorMotion,DoorMotionCount,DoorOpened,DoorOpenedCount,0,HallwayLightStatus,,,HallwayTemperatureReading,HallwayHumidityReading,71.90,BathroomLightStatus,BathroomLightCommanded,53.5,15.3,BathroomFanStatus,HackerspaceLightReading,HackerspaceLightStatus,HackerspaceLightCommanded,HackerspaceTemperatureReading,HackerspaceHumidityReading,1,LoftLightStatus,0,0,21.00,4.61,127,44,13,40,HotWaterStatus,ColdWaterStatus,DayWaterElementStatus,NightWaterElementStatus,6.0,2.335,2.38,2.365
2017-12-29,23:35,DoorMotion,DoorMotionCount,DoorOpened,DoorOpenedCount,0,HallwayLightStatus,,,HallwayTemperatureReading,HallwayHumidityReading,71.90,BathroomLightStatus,BathroomLightCommanded,53.4,15.3,BathroomFanStatus,HackerspaceLightReading,HackerspaceLightStatus,HackerspaceLightCommanded,HackerspaceTemperatureReading,HackerspaceHumidityReading,2,LoftLightStatus,0,0,21.00,4.75,125,44,13,41,HotWaterStatus,ColdWaterStatus,DayWaterElementStatus,NightWaterElementStatus,6.0,2.33,2.34,2.395
2017-12-29,23:35,DoorMotion,DoorMotionCount,DoorOpened,DoorOpenedCount,0,HallwayLightStatus,,,HallwayTemperatureReading,HallwayHumidityReading,71.90,BathroomLightStatus,BathroomLightCommanded,53.3,15.4,BathroomFanStatus,HackerspaceLightReading,HackerspaceLightStatus,HackerspaceLightCommanded,HackerspaceTemperatureReading,HackerspaceHumidityReading,0,LoftLightStatus,9,0,21.00,4.68,123,44,13,41,HotWaterStatus,ColdWaterStatus,DayWaterElementStatus,NightWaterElementStatus,6.0,2.345,2.36,2.375
2017-12-29,23:35,DoorMotion,DoorMotionCount,DoorOpened,DoorOpenedCount,0,HallwayLightStatus,,,HallwayTemperatureReading,HallwayHumidityReading,71.90,BathroomLightStatus,BathroomLightCommanded,53.4,15.4,BathroomFanStatus,HackerspaceLightReading,HackerspaceLightStatus,HackerspaceLightCommanded,HackerspaceTemperatureReading,HackerspaceHumidityReading,1,LoftLightStatus,0,0,21.00,4.56,127,45,13,40,HotWaterStatus,ColdWaterStatus,DayWaterElementStatus,NightWaterElementStatus,6.0,2.275,2.295,2.28
2017-12-29,23:36,DoorMotion,DoorMotionCount,DoorOpened,DoorOpenedCount,0,HallwayLightStatus,,,HallwayTemperatureReading,HallwayHumidityReading,71.90,BathroomLightStatus,BathroomLightCommanded,53.4,15.4,BathroomFanStatus,HackerspaceLightReading,HackerspaceLightStatus,HackerspaceLightCommanded,HackerspaceTemperatureReading,HackerspaceHumidityReading,0,LoftLightStatus,8,0,21.00,4.67,125,44,13,40,HotWaterStatus,ColdWaterStatus,DayWaterElementStatus,NightWaterElementStatus,6.0,2.275,2.285,2.27
2017-12-29,23:36,DoorMotion,DoorMotionCount,DoorOpened,DoorOpenedCount,0,HallwayLightStatus,,,HallwayTemperatureReading,HallwayHumidityReading,71.90,BathroomLightStatus,BathroomLightCommanded,53.5,15.4,BathroomFanStatus,HackerspaceLightReading,HackerspaceLightStatus,HackerspaceLightCommanded,HackerspaceTemperatureReading,HackerspaceHumidityReading,0,LoftLightStatus,5,0,21.00,4.64,123,43,13,41,HotWaterStatus,ColdWaterStatus,DayWaterElementStatus,NightWaterElementStatus,6.0,2.315,2.35,2.325
2017-12-29,23:36,DoorMotion,DoorMotionCount,DoorOpened,DoorOpenedCount,0,HallwayLightStatus,,,HallwayTemperatureReading,HallwayHumidityReading,71.70,BathroomLightStatus,BathroomLightCommanded,53.4,15.3,BathroomFanStatus,HackerspaceLightReading,HackerspaceLightStatus,HackerspaceLightCommanded,HackerspaceTemperatureReading,HackerspaceHumidityReading,1,LoftLightStatus,8,0,21.00,4.60,127,43,13,40,HotWaterStatus,ColdWaterStatus,DayWaterElementStatus,NightWaterElementStatus,6.0,2.24,2.265,2.265
2017-12-29,23:37,DoorMotion,DoorMotionCount,DoorOpened,DoorOpenedCount,0,HallwayLightStatus,,,HallwayTemperatureReading,HallwayHumidityReading,71.90,BathroomLightStatus,BathroomLightCommanded,53.5,15.4,BathroomFanStatus,HackerspaceLightReading,HackerspaceLightStatus,HackerspaceLightCommanded,HackerspaceTemperatureReading,HackerspaceHumidityReading,1,LoftLightStatus,0,0,21.00,4.53,127,44,13,40,HotWaterStatus,ColdWaterStatus,DayWaterElementStatus,NightWaterElementStatus,6.0,2.285,2.33,2.26
2017-12-29,23:37,DoorMotion,DoorMotionCount,DoorOpened,DoorOpenedCount,0,HallwayLightStatus,,,HallwayTemperatureReading,HallwayHumidityReading,71.70,BathroomLightStatus,BathroomLightCommanded,53.5,15.4,BathroomFanStatus,HackerspaceLightReading,HackerspaceLightStatus,HackerspaceLightCommanded,HackerspaceTemperatureReading,HackerspaceHumidityReading,1,LoftLightStatus,4,0,21.00,4.54,124,43,13,40,HotWaterStatus,ColdWaterStatus,DayWaterElementStatus,NightWaterElementStatus,6.0,2.27,2.25,2.26
2017-12-29,23:37,DoorMotion,DoorMotionCount,DoorOpened,DoorOpenedCount,0,HallwayLightStatus,,,HallwayTemperatureReading,HallwayHumidityReading,71.70,BathroomLightStatus,BathroomLightCommanded,53.4,15.4,BathroomFanStatus,HackerspaceLightReading,HackerspaceLightStatus,HackerspaceLightCommanded,HackerspaceTemperatureReading,HackerspaceHumidityReading,0,LoftLightStatus,8,0,21.00,4.55,122,43,13,40,HotWaterStatus,ColdWaterStatus,DayWaterElementStatus,NightWaterElementStatus,6.0,2.255,2.255,2.28
2017-12-29,23:37,DoorMotion,DoorMotionCount,DoorOpened,DoorOpenedCount,0,HallwayLightStatus,,,HallwayTemperatureReading,HallwayHumidityReading,71.80,BathroomLightStatus,BathroomLightCommanded,53.5,15.4,BathroomFanStatus,HackerspaceLightReading,HackerspaceLightStatus,HackerspaceLightCommanded,HackerspaceTemperatureReading,HackerspaceHumidityReading,1,LoftLightStatus,4,0,21.00,4.54,127,43,13,40,HotWaterStatus,ColdWaterStatus,DayWaterElementStatus,NightWaterElementStatus,6.0,2.27,2.275,2.285
2017-12-29,23:38,DoorMotion,DoorMotionCount,DoorOpened,DoorOpenedCount,0,HallwayLightStatus,,,HallwayTemperatureReading,HallwayHumidityReading,71.80,BathroomLightStatus,BathroomLightCommanded,53.7,15.4,BathroomFanStatus,HackerspaceLightReading,HackerspaceLightStatus,HackerspaceLightCommanded,HackerspaceTemperatureReading,HackerspaceHumidityReading,0,LoftLightStatus,9,0,21.00,4.58,125,43,13,40,HotWaterStatus,ColdWaterStatus,DayWaterElementStatus,NightWaterElementStatus,6.0,2.295,2.27,2.315
2017-12-29,23:38,DoorMotion,DoorMotionCount,DoorOpened,DoorOpenedCount,0,HallwayLightStatus,,,HallwayTemperatureReading,HallwayHumidityReading,71.70,BathroomLightStatus,BathroomLightCommanded,53.6,15.4,BathroomFanStatus,HackerspaceLightReading,HackerspaceLightStatus,HackerspaceLightCommanded,HackerspaceTemperatureReading,HackerspaceHumidityReading,0,LoftLightStatus,2,0,20.90,4.57,124,43,13,40,HotWaterStatus,ColdWaterStatus,DayWaterElementStatus,NightWaterElementStatus,6.0,2.255,2.275,2.275
2017-12-29,23:38,DoorMotion,DoorMotionCount,DoorOpened,DoorOpenedCount,0,HallwayLightStatus,,,HallwayTemperatureReading,HallwayHumidityReading,71.80,BathroomLightStatus,BathroomLightCommanded,53.5,15.3,BathroomFanStatus,HackerspaceLightReading,HackerspaceLightStatus,HackerspaceLightCommanded,HackerspaceTemperatureReading,HackerspaceHumidityReading,0,LoftLightStatus,4,0,21.00,4.55,125,43,13,40,HotWaterStatus,ColdWaterStatus,DayWaterElementStatus,NightWaterElementStatus,6.0,2.245,2.265,2.275
2017-12-29,23:39,DoorMotion,DoorMotionCount,DoorOpened,DoorOpenedCount,0,HallwayLightStatus,,,HallwayTemperatureReading,HallwayHumidityReading,71.70,BathroomLightStatus,BathroomLightCommanded,53.5,15.4,BathroomFanStatus,HackerspaceLightReading,HackerspaceLightStatus,HackerspaceLightCommanded,HackerspaceTemperatureReading,HackerspaceHumidityReading,0,LoftLightStatus,9,0,20.90,4.52,124,43,13,41,HotWaterStatus,ColdWaterStatus,DayWaterElementStatus,NightWaterElementStatus,6.0,2.26,2.25,2.27
2017-12-29,23:39,DoorMotion,DoorMotionCount,DoorOpened,DoorOpenedCount,0,HallwayLightStatus,,,HallwayTemperatureReading,HallwayHumidityReading,71.80,BathroomLightStatus,BathroomLightCommanded,53.5,15.4,BathroomFanStatus,HackerspaceLightReading,HackerspaceLightStatus,HackerspaceLightCommanded,HackerspaceTemperatureReading,HackerspaceHumidityReading,1,LoftLightStatus,0,0,21.00,4.56,127,44,13,40,HotWaterStatus,ColdWaterStatus,DayWaterElementStatus,NightWaterElementStatus,6.0,2.245,2.26,2.245
2017-12-29,23:39,DoorMotion,DoorMotionCount,DoorOpened,DoorOpenedCount,0,HallwayLightStatus,,,HallwayTemperatureReading,HallwayHumidityReading,71.80,BathroomLightStatus,BathroomLightCommanded,53.5,15.4,BathroomFanStatus,HackerspaceLightReading,HackerspaceLightStatus,HackerspaceLightCommanded,HackerspaceTemperatureReading,HackerspaceHumidityReading,1,LoftLightStatus,8,0,20.90,4.56,127,44,13,41,HotWaterStatus,ColdWaterStatus,DayWaterElementStatus,NightWaterElementStatus,6.0,2.325,2.31,2.3
2017-12-29,23:40,DoorMotion,DoorMotionCount,DoorOpened,DoorOpenedCount,0,HallwayLightStatus,,,HallwayTemperatureReading,HallwayHumidityReading,71.70,BathroomLightStatus,BathroomLightCommanded,53.4,15.4,BathroomFanStatus,HackerspaceLightReading,HackerspaceLightStatus,HackerspaceLightCommanded,HackerspaceTemperatureReading,HackerspaceHumidityReading,0,LoftLightStatus,4,0,20.90,4.59,123,43,13,40,HotWaterStatus,ColdWaterStatus,DayWaterElementStatus,NightWaterElementStatus,6.0,2.295,2.39,2.285
2017-12-29,23:40,DoorMotion,DoorMotionCount,DoorOpened,DoorOpenedCount,0,HallwayLightStatus,,,HallwayTemperatureReading,HallwayHumidityReading,71.80,BathroomLightStatus,BathroomLightCommanded,53.5,15.4,BathroomFanStatus,HackerspaceLightReading,HackerspaceLightStatus,HackerspaceLightCommanded,HackerspaceTemperatureReading,HackerspaceHumidityReading,1,LoftLightStatus,5,0,20.90,4.65,125,43,13,40,HotWaterStatus,ColdWaterStatus,DayWaterElementStatus,NightWaterElementStatus,6.0,2.28,2.255,2.32
2017-12-29,23:40,DoorMotion,DoorMotionCount,DoorOpened,DoorOpenedCount,0,HallwayLightStatus,,,HallwayTemperatureReading,HallwayHumidityReading,71.80,BathroomLightStatus,BathroomLightCommanded,53.7,15.4,BathroomFanStatus,HackerspaceLightReading,HackerspaceLightStatus,HackerspaceLightCommanded,HackerspaceTemperatureReading,HackerspaceHumidityReading,0,LoftLightStatus,0,0,20.90,4.56,124,43,13,40,HotWaterStatus,ColdWaterStatus,DayWaterElementStatus,NightWaterElementStatus,6.0,2.34,2.275,2.285
2017-12-29,23:40,DoorMotion,DoorMotionCount,DoorOpened,DoorOpenedCount,0,HallwayLightStatus,,,HallwayTemperatureReading,HallwayHumidityReading,71.70,BathroomLightStatus,BathroomLightCommanded,53.6,15.4,BathroomFanStatus,HackerspaceLightReading,HackerspaceLightStatus,HackerspaceLightCommanded,HackerspaceTemperatureReading,HackerspaceHumidityReading,0,LoftLightStatus,9,0,20.90,4.63,124,43,13,40,HotWaterStatus,ColdWaterStatus,DayWaterElementStatus,NightWaterElementStatus,6.0,2.255,2.28,2.26
2017-12-29,23:41,DoorMotion,DoorMotionCount,DoorOpened,DoorOpenedCount,0,HallwayLightStatus,,,HallwayTemperatureReading,HallwayHumidityReading,71.70,BathroomLightStatus,BathroomLightCommanded,53.5,15.4,BathroomFanStatus,HackerspaceLightReading,HackerspaceLightStatus,HackerspaceLightCommanded,HackerspaceTemperatureReading,HackerspaceHumidityReading,0,LoftLightStatus,4,0,20.90,4.59,125,43,13,40,HotWaterStatus,ColdWaterStatus,DayWaterElementStatus,NightWaterElementStatus,6.0,2.31,2.305,2.325
2017-12-29,23:41,DoorMotion,DoorMotionCount,DoorOpened,DoorOpenedCount,0,HallwayLightStatus,,,HallwayTemperatureReading,HallwayHumidityReading,71.70,BathroomLightStatus,BathroomLightCommanded,53.5,15.4,BathroomFanStatus,HackerspaceLightReading,HackerspaceLightStatus,HackerspaceLightCommanded,HackerspaceTemperatureReading,HackerspaceHumidityReading,0,LoftLightStatus,2,0,20.90,4.55,125,43,13,40,HotWaterStatus,ColdWaterStatus,DayWaterElementStatus,NightWaterElementStatus,6.0,2.26,2.3,2.285
2017-12-29,23:41,DoorMotion,DoorMotionCount,DoorOpened,DoorOpenedCount,0,HallwayLightStatus,,,HallwayTemperatureReading,HallwayHumidityReading,71.60,BathroomLightStatus,BathroomLightCommanded,53.7,15.4,BathroomFanStatus,HackerspaceLightReading,HackerspaceLightStatus,HackerspaceLightCommanded,HackerspaceTemperatureReading,HackerspaceHumidityReading,1,LoftLightStatus,0,0,20.90,4.56,126,43,13,40,HotWaterStatus,ColdWaterStatus,DayWaterElementStatus,NightWaterElementStatus,6.0,2.35,2.295,2.28
2017-12-29,23:42,DoorMotion,DoorMotionCount,DoorOpened,DoorOpenedCount,0,HallwayLightStatus,,,HallwayTemperatureReading,HallwayHumidityReading,71.70,BathroomLightStatus,BathroomLightCommanded,53.7,15.3,BathroomFanStatus,HackerspaceLightReading,HackerspaceLightStatus,HackerspaceLightCommanded,HackerspaceTemperatureReading,HackerspaceHumidityReading,0,LoftLightStatus,4,0,20.90,4.66,126,43,13,40,HotWaterStatus,ColdWaterStatus,DayWaterElementStatus,NightWaterElementStatus,6.0,2.265,2.29,2.285
2017-12-29,23:42,DoorMotion,DoorMotionCount,DoorOpened,DoorOpenedCount,0,HallwayLightStatus,,,HallwayTemperatureReading,HallwayHumidityReading,71.60,BathroomLightStatus,BathroomLightCommanded,53.7,15.4,BathroomFanStatus,HackerspaceLightReading,HackerspaceLightStatus,HackerspaceLightCommanded,HackerspaceTemperatureReading,HackerspaceHumidityReading,0,LoftLightStatus,4,0,20.90,4.58,126,43,13,40,HotWaterStatus,ColdWaterStatus,DayWaterElementStatus,NightWaterElementStatus,6.0,2.265,2.29,2.32
2017-12-29,23:42,DoorMotion,DoorMotionCount,DoorOpened,DoorOpenedCount,0,HallwayLightStatus,,,HallwayTemperatureReading,HallwayHumidityReading,71.60,BathroomLightStatus,BathroomLightCommanded,53.7,15.3,BathroomFanStatus,HackerspaceLightReading,HackerspaceLightStatus,HackerspaceLightCommanded,HackerspaceTemperatureReading,HackerspaceHumidityReading,1,LoftLightStatus,0,0,20.90,4.54,128,43,13,40,HotWaterStatus,ColdWaterStatus,DayWaterElementStatus,NightWaterElementStatus,6.0,2.26,2.315,2.255
2017-12-29,23:42,DoorMotion,DoorMotionCount,DoorOpened,DoorOpenedCount,0,HallwayLightStatus,,,HallwayTemperatureReading,HallwayHumidityReading,71.60,BathroomLightStatus,BathroomLightCommanded,53.7,15.4,BathroomFanStatus,HackerspaceLightReading,HackerspaceLightStatus,HackerspaceLightCommanded,HackerspaceTemperatureReading,HackerspaceHumidityReading,1,LoftLightStatus,0,0,20.90,4.60,126,43,13,40,HotWaterStatus,ColdWaterStatus,DayWaterElementStatus,NightWaterElementStatus,6.0,2.245,2.265,2.25
2017-12-29,23:43,DoorMotion,DoorMotionCount,DoorOpened,DoorOpenedCount,0,HallwayLightStatus,,,HallwayTemperatureReading,HallwayHumidityReading,71.70,BathroomLightStatus,BathroomLightCommanded,53.7,15.3,BathroomFanStatus,HackerspaceLightReading,HackerspaceLightStatus,HackerspaceLightCommanded,HackerspaceTemperatureReading,HackerspaceHumidityReading,0,LoftLightStatus,4,0,20.90,4.53,126,43,13,40,HotWaterStatus,ColdWaterStatus,DayWaterElementStatus,NightWaterElementStatus,6.0,2.295,2.26,2.28
2017-12-29,23:43,DoorMotion,DoorMotionCount,DoorOpened,DoorOpenedCount,0,HallwayLightStatus,,,HallwayTemperatureReading,HallwayHumidityReading,71.70,BathroomLightStatus,BathroomLightCommanded,53.7,15.4,BathroomFanStatus,HackerspaceLightReading,HackerspaceLightStatus,HackerspaceLightCommanded,HackerspaceTemperatureReading,HackerspaceHumidityReading,0,LoftLightStatus,4,0,20.90,4.50,125,43,13,40,HotWaterStatus,ColdWaterStatus,DayWaterElementStatus,NightWaterElementStatus,6.0,2.24,2.275,2.27
2017-12-29,23:43,DoorMotion,DoorMotionCount,DoorOpened,DoorOpenedCount,0,HallwayLightStatus,,,HallwayTemperatureReading,HallwayHumidityReading,71.70,BathroomLightStatus,BathroomLightCommanded,53.7,15.4,BathroomFanStatus,HackerspaceLightReading,HackerspaceLightStatus,HackerspaceLightCommanded,HackerspaceTemperatureReading,HackerspaceHumidityReading,0,LoftLightStatus,2,0,20.90,4.48,126,43,14,40,HotWaterStatus,ColdWaterStatus,DayWaterElementStatus,NightWaterElementStatus,6.0,2.265,2.27,2.32
2017-12-29,23:44,DoorMotion,DoorMotionCount,DoorOpened,DoorOpenedCount,0,HallwayLightStatus,,,HallwayTemperatureReading,HallwayHumidityReading,71.70,BathroomLightStatus,BathroomLightCommanded,53.7,15.3,BathroomFanStatus,HackerspaceLightReading,HackerspaceLightStatus,HackerspaceLightCommanded,HackerspaceTemperatureReading,HackerspaceHumidityReading,0,LoftLightStatus,0,0,20.90,4.55,127,43,13,40,HotWaterStatus,ColdWaterStatus,DayWaterElementStatus,NightWaterElementStatus,6.0,2.24,2.265,2.27
2017-12-29,23:44,DoorMotion,DoorMotionCount,DoorOpened,DoorOpenedCount,0,HallwayLightStatus,,,HallwayTemperatureReading,HallwayHumidityReading,71.60,BathroomLightStatus,BathroomLightCommanded,53.6,15.4,BathroomFanStatus,HackerspaceLightReading,HackerspaceLightStatus,HackerspaceLightCommanded,HackerspaceTemperatureReading,HackerspaceHumidityReading,1,LoftLightStatus,0,0,20.90,4.54,127,43,13,40,HotWaterStatus,ColdWaterStatus,DayWaterElementStatus,NightWaterElementStatus,6.0,2.265,2.26,2.265
2017-12-29,23:44,DoorMotion,DoorMotionCount,DoorOpened,DoorOpenedCount,0,HallwayLightStatus,,,HallwayTemperatureReading,HallwayHumidityReading,71.60,BathroomLightStatus,BathroomLightCommanded,53.8,15.4,BathroomFanStatus,HackerspaceLightReading,HackerspaceLightStatus,HackerspaceLightCommanded,HackerspaceTemperatureReading,HackerspaceHumidityReading,0,LoftLightStatus,0,0,20.80,4.56,125,43,13,40,HotWaterStatus,ColdWaterStatus,DayWaterElementStatus,NightWaterElementStatus,6.0,2.345,2.26,2.285
2017-12-29,23:44,DoorMotion,DoorMotionCount,DoorOpened,DoorOpenedCount,0,HallwayLightStatus,,,HallwayTemperatureReading,HallwayHumidityReading,71.50,BathroomLightStatus,BathroomLightCommanded,53.6,15.4,BathroomFanStatus,HackerspaceLightReading,HackerspaceLightStatus,HackerspaceLightCommanded,HackerspaceTemperatureReading,HackerspaceHumidityReading,0,LoftLightStatus,9,0,20.80,4.54,126,43,13,40,HotWaterStatus,ColdWaterStatus,DayWaterElementStatus,NightWaterElementStatus,6.0,2.305,2.285,2.28
2017-12-29,23:45,DoorMotion,DoorMotionCount,DoorOpened,DoorOpenedCount,0,HallwayLightStatus,,,HallwayTemperatureReading,HallwayHumidityReading,71.50,BathroomLightStatus,BathroomLightCommanded,53.8,15.4,BathroomFanStatus,HackerspaceLightReading,HackerspaceLightStatus,HackerspaceLightCommanded,HackerspaceTemperatureReading,HackerspaceHumidityReading,1,LoftLightStatus,9,0,20.80,4.55,126,43,14,40,HotWaterStatus,ColdWaterStatus,DayWaterElementStatus,NightWaterElementStatus,6.0,2.27,2.3,2.26
2017-12-29,23:45,DoorMotion,DoorMotionCount,DoorOpened,DoorOpenedCount,0,HallwayLightStatus,,,HallwayTemperatureReading,HallwayHumidityReading,71.50,BathroomLightStatus,BathroomLightCommanded,53.8,15.4,BathroomFanStatus,HackerspaceLightReading,HackerspaceLightStatus,HackerspaceLightCommanded,HackerspaceTemperatureReading,HackerspaceHumidityReading,1,LoftLightStatus,9,0,20.80,4.60,124,43,13,40,HotWaterStatus,ColdWaterStatus,DayWaterElementStatus,NightWaterElementStatus,6.0,2.26,2.3,2.265
2017-12-29,23:45,DoorMotion,DoorMotionCount,DoorOpened,DoorOpenedCount,0,HallwayLightStatus,,,HallwayTemperatureReading,HallwayHumidityReading,71.50,BathroomLightStatus,BathroomLightCommanded,53.7,15.3,BathroomFanStatus,HackerspaceLightReading,HackerspaceLightStatus,HackerspaceLightCommanded,HackerspaceTemperatureReading,HackerspaceHumidityReading,1,LoftLightStatus,2,0,20.80,4.57,127,43,14,40,HotWaterStatus,ColdWaterStatus,DayWaterElementStatus,NightWaterElementStatus,6.5,2.255,2.26,2.265
2017-12-29,23:46,DoorMotion,DoorMotionCount,DoorOpened,DoorOpenedCount,0,HallwayLightStatus,,,HallwayTemperatureReading,HallwayHumidityReading,71.60,BathroomLightStatus,BathroomLightCommanded,53.7,15.4,BathroomFanStatus,HackerspaceLightReading,HackerspaceLightStatus,HackerspaceLightCommanded,HackerspaceTemperatureReading,HackerspaceHumidityReading,1,LoftLightStatus,11,0,20.80,4.51,124,43,14,39,HotWaterStatus,ColdWaterStatus,DayWaterElementStatus,NightWaterElementStatus,6.0,2.29,2.285,2.28
2017-12-29,23:46,DoorMotion,DoorMotionCount,DoorOpened,DoorOpenedCount,0,HallwayLightStatus,,,HallwayTemperatureReading,HallwayHumidityReading,71.50,BathroomLightStatus,BathroomLightCommanded,53.7,15.4,BathroomFanStatus,HackerspaceLightReading,HackerspaceLightStatus,HackerspaceLightCommanded,HackerspaceTemperatureReading,HackerspaceHumidityReading,0,LoftLightStatus,9,0,20.80,4.56,124,43,14,40,HotWaterStatus,ColdWaterStatus,DayWaterElementStatus,NightWaterElementStatus,6.0,2.265,2.26,2.295
2017-12-29,23:46,DoorMotion,DoorMotionCount,DoorOpened,DoorOpenedCount,0,HallwayLightStatus,,,HallwayTemperatureReading,HallwayHumidityReading,71.50,BathroomLightStatus,BathroomLightCommanded,53.6,15.4,BathroomFanStatus,HackerspaceLightReading,HackerspaceLightStatus,HackerspaceLightCommanded,HackerspaceTemperatureReading,HackerspaceHumidityReading,1,LoftLightStatus,2,0,20.80,4.50,124,43,14,40,HotWaterStatus,ColdWaterStatus,DayWaterElementStatus,NightWaterElementStatus,6.5,2.25,2.27,2.225
2017-12-29,23:46,DoorMotion,DoorMotionCount,DoorOpened,DoorOpenedCount,0,HallwayLightStatus,,,HallwayTemperatureReading,HallwayHumidityReading,71.50,BathroomLightStatus,BathroomLightCommanded,53.7,15.3,BathroomFanStatus,HackerspaceLightReading,HackerspaceLightStatus,HackerspaceLightCommanded,HackerspaceTemperatureReading,HackerspaceHumidityReading,0,LoftLightStatus,2,0,20.80,4.56,126,43,13,40,HotWaterStatus,ColdWaterStatus,DayWaterElementStatus,NightWaterElementStatus,6.0,2.265,2.275,2.265
2017-12-29,23:47,DoorMotion,DoorMotionCount,DoorOpened,DoorOpenedCount,0,HallwayLightStatus,,,HallwayTemperatureReading,HallwayHumidityReading,71.60,BathroomLightStatus,BathroomLightCommanded,53.8,15.3,BathroomFanStatus,HackerspaceLightReading,HackerspaceLightStatus,HackerspaceLightCommanded,HackerspaceTemperatureReading,HackerspaceHumidityReading,1,LoftLightStatus,8,0,20.80,4.53,124,43,14,40,HotWaterStatus,ColdWaterStatus,DayWaterElementStatus,NightWaterElementStatus,6.0,2.27,2.265,2.25
2017-12-29,23:47,DoorMotion,DoorMotionCount,DoorOpened,DoorOpenedCount,0,HallwayLightStatus,,,HallwayTemperatureReading,HallwayHumidityReading,71.50,BathroomLightStatus,BathroomLightCommanded,53.8,15.4,BathroomFanStatus,HackerspaceLightReading,HackerspaceLightStatus,HackerspaceLightCommanded,HackerspaceTemperatureReading,HackerspaceHumidityReading,1,LoftLightStatus,11,0,20.80,4.51,127,43,14,39,HotWaterStatus,ColdWaterStatus,DayWaterElementStatus,NightWaterElementStatus,6.0,2.26,2.25,2.275
2017-12-29,23:47,DoorMotion,DoorMotionCount,DoorOpened,DoorOpenedCount,0,HallwayLightStatus,,,HallwayTemperatureReading,HallwayHumidityReading,71.60,BathroomLightStatus,BathroomLightCommanded,53.9,15.4,BathroomFanStatus,HackerspaceLightReading,HackerspaceLightStatus,HackerspaceLightCommanded,HackerspaceTemperatureReading,HackerspaceHumidityReading,1,LoftLightStatus,9,0,20.80,4.51,124,43,13,40,HotWaterStatus,ColdWaterStatus,DayWaterElementStatus,NightWaterElementStatus,6.0,2.275,2.305,2.26
2017-12-29,23:48,DoorMotion,DoorMotionCount,DoorOpened,DoorOpenedCount,0,HallwayLightStatus,,,HallwayTemperatureReading,HallwayHumidityReading,71.60,BathroomLightStatus,BathroomLightCommanded,53.8,15.4,BathroomFanStatus,HackerspaceLightReading,HackerspaceLightStatus,HackerspaceLightCommanded,HackerspaceTemperatureReading,HackerspaceHumidityReading,1,LoftLightStatus,4,0,20.80,4.50,128,43,13,39,HotWaterStatus,ColdWaterStatus,DayWaterElementStatus,NightWaterElementStatus,6.0,2.26,2.26,2.22
2017-12-29,23:48,DoorMotion,DoorMotionCount,DoorOpened,DoorOpenedCount,0,HallwayLightStatus,,,HallwayTemperatureReading,HallwayHumidityReading,71.50,BathroomLightStatus,BathroomLightCommanded,53.8,15.4,BathroomFanStatus,HackerspaceLightReading,HackerspaceLightStatus,HackerspaceLightCommanded,HackerspaceTemperatureReading,HackerspaceHumidityReading,0,LoftLightStatus,0,0,20.80,4.50,125,43,14,39,HotWaterStatus,ColdWaterStatus,DayWaterElementStatus,NightWaterElementStatus,6.0,2.26,2.25,2.235
2017-12-29,23:48,DoorMotion,DoorMotionCount,DoorOpened,DoorOpenedCount,0,HallwayLightStatus,,,HallwayTemperatureReading,HallwayHumidityReading,71.50,BathroomLightStatus,BathroomLightCommanded,53.8,15.4,BathroomFanStatus,HackerspaceLightReading,HackerspaceLightStatus,HackerspaceLightCommanded,HackerspaceTemperatureReading,HackerspaceHumidityReading,0,LoftLightStatus,0,0,20.80,4.53,125,43,14,40,HotWaterStatus,ColdWaterStatus,DayWaterElementStatus,NightWaterElementStatus,6.0,2.255,2.27,2.25
2017-12-29,23:48,DoorMotion,DoorMotionCount,DoorOpened,DoorOpenedCount,0,HallwayLightStatus,,,HallwayTemperatureReading,HallwayHumidityReading,71.50,BathroomLightStatus,BathroomLightCommanded,53.8,15.3,BathroomFanStatus,HackerspaceLightReading,HackerspaceLightStatus,HackerspaceLightCommanded,HackerspaceTemperatureReading,HackerspaceHumidityReading,1,LoftLightStatus,4,0,20.80,4.54,128,43,13,39,HotWaterStatus,ColdWaterStatus,DayWaterElementStatus,NightWaterElementStatus,6.0,2.285,2.28,2.27
2017-12-29,23:49,DoorMotion,DoorMotionCount,DoorOpened,DoorOpenedCount,0,HallwayLightStatus,,,HallwayTemperatureReading,HallwayHumidityReading,71.50,BathroomLightStatus,BathroomLightCommanded,53.9,15.3,BathroomFanStatus,HackerspaceLightReading,HackerspaceLightStatus,HackerspaceLightCommanded,HackerspaceTemperatureReading,HackerspaceHumidityReading,0,LoftLightStatus,5,0,20.80,4.55,125,43,14,39,HotWaterStatus,ColdWaterStatus,DayWaterElementStatus,NightWaterElementStatus,6.0,2.255,2.315,2.265
2017-12-29,23:49,DoorMotion,DoorMotionCount,DoorOpened,DoorOpenedCount,0,HallwayLightStatus,,,HallwayTemperatureReading,HallwayHumidityReading,71.50,BathroomLightStatus,BathroomLightCommanded,53.8,15.4,BathroomFanStatus,HackerspaceLightReading,HackerspaceLightStatus,HackerspaceLightCommanded,HackerspaceTemperatureReading,HackerspaceHumidityReading,0,LoftLightStatus,3,0,20.80,4.51,123,43,14,39,HotWaterStatus,ColdWaterStatus,DayWaterElementStatus,NightWaterElementStatus,6.0,2.26,2.255,2.235
2017-12-29,23:49,DoorMotion,DoorMotionCount,DoorOpened,DoorOpenedCount,0,HallwayLightStatus,,,HallwayTemperatureReading,HallwayHumidityReading,71.40,BathroomLightStatus,BathroomLightCommanded,53.8,15.3,BathroomFanStatus,HackerspaceLightReading,HackerspaceLightStatus,HackerspaceLightCommanded,HackerspaceTemperatureReading,HackerspaceHumidityReading,0,LoftLightStatus,8,0,20.80,4.59,127,43,14,39,HotWaterStatus,ColdWaterStatus,DayWaterElementStatus,NightWaterElementStatus,6.0,2.33,2.355,2.34
2017-12-29,23:50,DoorMotion,DoorMotionCount,DoorOpened,DoorOpenedCount,0,HallwayLightStatus,,,HallwayTemperatureReading,HallwayHumidityReading,71.50,BathroomLightStatus,BathroomLightCommanded,53.8,15.4,BathroomFanStatus,HackerspaceLightReading,HackerspaceLightStatus,HackerspaceLightCommanded,HackerspaceTemperatureReading,HackerspaceHumidityReading,0,LoftLightStatus,0,0,20.80,4.69,123,43,14,40,HotWaterStatus,ColdWaterStatus,DayWaterElementStatus,NightWaterElementStatus,6.0,2.26,2.265,2.305
2017-12-29,23:50,DoorMotion,DoorMotionCount,DoorOpened,DoorOpenedCount,0,HallwayLightStatus,,,HallwayTemperatureReading,HallwayHumidityReading,71.50,BathroomLightStatus,BathroomLightCommanded,53.8,15.4,BathroomFanStatus,HackerspaceLightReading,HackerspaceLightStatus,HackerspaceLightCommanded,HackerspaceTemperatureReading,HackerspaceHumidityReading,1,LoftLightStatus,2,0,20.80,4.58,128,43,13,39,HotWaterStatus,ColdWaterStatus,DayWaterElementStatus,NightWaterElementStatus,6.0,2.285,2.305,2.28
2017-12-29,23:50,DoorMotion,DoorMotionCount,DoorOpened,DoorOpenedCount,0,HallwayLightStatus,,,HallwayTemperatureReading,HallwayHumidityReading,71.50,BathroomLightStatus,BathroomLightCommanded,53.9,15.3,BathroomFanStatus,HackerspaceLightReading,HackerspaceLightStatus,HackerspaceLightCommanded,HackerspaceTemperatureReading,HackerspaceHumidityReading,0,LoftLightStatus,1,0,20.70,4.59,125,43,14,39,HotWaterStatus,ColdWaterStatus,DayWaterElementStatus,NightWaterElementStatus,6.0,2.255,2.245,2.285
2017-12-29,23:50,DoorMotion,DoorMotionCount,DoorOpened,DoorOpenedCount,0,HallwayLightStatus,,,HallwayTemperatureReading,HallwayHumidityReading,71.50,BathroomLightStatus,BathroomLightCommanded,53.8,15.4,BathroomFanStatus,HackerspaceLightReading,HackerspaceLightStatus,HackerspaceLightCommanded,HackerspaceTemperatureReading,HackerspaceHumidityReading,0,LoftLightStatus,2,0,20.70,4.53,123,43,14,39,HotWaterStatus,ColdWaterStatus,DayWaterElementStatus,NightWaterElementStatus,6.0,2.255,2.285,2.26
2017-12-29,23:51,DoorMotion,DoorMotionCount,DoorOpened,DoorOpenedCount,0,HallwayLightStatus,,,HallwayTemperatureReading,HallwayHumidityReading,71.50,BathroomLightStatus,BathroomLightCommanded,53.9,15.4,BathroomFanStatus,HackerspaceLightReading,HackerspaceLightStatus,HackerspaceLightCommanded,HackerspaceTemperatureReading,HackerspaceHumidityReading,1,LoftLightStatus,0,0,20.70,4.55,128,43,14,39,HotWaterStatus,ColdWaterStatus,DayWaterElementStatus,NightWaterElementStatus,6.0,2.27,2.29,2.255
2017-12-29,23:51,DoorMotion,DoorMotionCount,DoorOpened,DoorOpenedCount,0,HallwayLightStatus,,,HallwayTemperatureReading,HallwayHumidityReading,71.50,BathroomLightStatus,BathroomLightCommanded,53.8,15.4,BathroomFanStatus,HackerspaceLightReading,HackerspaceLightStatus,HackerspaceLightCommanded,HackerspaceTemperatureReading,HackerspaceHumidityReading,0,LoftLightStatus,2,0,20.80,4.56,123,43,14,39,HotWaterStatus,ColdWaterStatus,DayWaterElementStatus,NightWaterElementStatus,6.0,2.265,2.285,2.325
2017-12-29,23:51,DoorMotion,DoorMotionCount,DoorOpened,DoorOpenedCount,0,HallwayLightStatus,,,HallwayTemperatureReading,HallwayHumidityReading,71.50,BathroomLightStatus,BathroomLightCommanded,54.0,15.4,BathroomFanStatus,HackerspaceLightReading,HackerspaceLightStatus,HackerspaceLightCommanded,HackerspaceTemperatureReading,HackerspaceHumidityReading,0,LoftLightStatus,0,0,20.70,4.58,126,43,14,39,HotWaterStatus,ColdWaterStatus,DayWaterElementStatus,NightWaterElementStatus,6.0,2.295,2.315,2.295
2017-12-29,23:52,DoorMotion,DoorMotionCount,DoorOpened,DoorOpenedCount,0,HallwayLightStatus,,,HallwayTemperatureReading,HallwayHumidityReading,71.40,BathroomLightStatus,BathroomLightCommanded,54.0,15.4,BathroomFanStatus,HackerspaceLightReading,HackerspaceLightStatus,HackerspaceLightCommanded,HackerspaceTemperatureReading,HackerspaceHumidityReading,0,LoftLightStatus,0,0,20.70,4.49,126,43,14,39,HotWaterStatus,ColdWaterStatus,DayWaterElementStatus,NightWaterElementStatus,6.0,2.255,2.235,2.23
2017-12-29,23:52,DoorMotion,DoorMotionCount,DoorOpened,DoorOpenedCount,0,HallwayLightStatus,,,HallwayTemperatureReading,HallwayHumidityReading,71.40,BathroomLightStatus,BathroomLightCommanded,54.0,15.4,BathroomFanStatus,HackerspaceLightReading,HackerspaceLightStatus,HackerspaceLightCommanded,HackerspaceTemperatureReading,HackerspaceHumidityReading,1,LoftLightStatus,5,0,20.70,4.54,124,43,14,39,HotWaterStatus,ColdWaterStatus,DayWaterElementStatus,NightWaterElementStatus,6.0,2.28,2.28,2.255
2017-12-29,23:52,DoorMotion,DoorMotionCount,DoorOpened,DoorOpenedCount,0,HallwayLightStatus,,,HallwayTemperatureReading,HallwayHumidityReading,71.40,BathroomLightStatus,BathroomLightCommanded,53.9,15.3,BathroomFanStatus,HackerspaceLightReading,HackerspaceLightStatus,HackerspaceLightCommanded,HackerspaceTemperatureReading,HackerspaceHumidityReading,0,LoftLightStatus,4,0,20.70,4.49,125,44,14,39,HotWaterStatus,ColdWaterStatus,DayWaterElementStatus,NightWaterElementStatus,6.0,2.28,2.305,2.255
2017-12-29,23:52,DoorMotion,DoorMotionCount,DoorOpened,DoorOpenedCount,0,HallwayLightStatus,,,HallwayTemperatureReading,HallwayHumidityReading,71.40,BathroomLightStatus,BathroomLightCommanded,54.0,15.4,BathroomFanStatus,HackerspaceLightReading,HackerspaceLightStatus,HackerspaceLightCommanded,HackerspaceTemperatureReading,HackerspaceHumidityReading,1,LoftLightStatus,2,0,20.70,4.57,128,43,13,39,HotWaterStatus,ColdWaterStatus,DayWaterElementStatus,NightWaterElementStatus,6.0,2.275,2.28,2.255
2017-12-29,23:53,DoorMotion,DoorMotionCount,DoorOpened,DoorOpenedCount,0,HallwayLightStatus,,,HallwayTemperatureReading,HallwayHumidityReading,71.40,BathroomLightStatus,BathroomLightCommanded,53.9,15.4,BathroomFanStatus,HackerspaceLightReading,HackerspaceLightStatus,HackerspaceLightCommanded,HackerspaceTemperatureReading,HackerspaceHumidityReading,1,LoftLightStatus,9,0,20.70,4.50,125,43,14,39,HotWaterStatus,ColdWaterStatus,DayWaterElementStatus,NightWaterElementStatus,6.0,2.25,2.245,2.25
2017-12-29,23:53,DoorMotion,DoorMotionCount,DoorOpened,DoorOpenedCount,0,HallwayLightStatus,,,HallwayTemperatureReading,HallwayHumidityReading,71.40,BathroomLightStatus,BathroomLightCommanded,53.9,15.4,BathroomFanStatus,HackerspaceLightReading,HackerspaceLightStatus,HackerspaceLightCommanded,HackerspaceTemperatureReading,HackerspaceHumidityReading,0,LoftLightStatus,0,0,20.70,4.58,129,43,13,40,HotWaterStatus,ColdWaterStatus,DayWaterElementStatus,NightWaterElementStatus,6.0,2.34,2.285,2.305
2017-12-29,23:53,DoorMotion,DoorMotionCount,DoorOpened,DoorOpenedCount,0,HallwayLightStatus,,,HallwayTemperatureReading,HallwayHumidityReading,71.40,BathroomLightStatus,BathroomLightCommanded,54.0,15.4,BathroomFanStatus,HackerspaceLightReading,HackerspaceLightStatus,HackerspaceLightCommanded,HackerspaceTemperatureReading,HackerspaceHumidityReading,0,LoftLightStatus,9,0,20.70,4.55,124,43,14,39,HotWaterStatus,ColdWaterStatus,DayWaterElementStatus,NightWaterElementStatus,6.0,2.265,2.28,2.27
2017-12-29,23:54,DoorMotion,DoorMotionCount,DoorOpened,DoorOpenedCount,0,HallwayLightStatus,,,HallwayTemperatureReading,HallwayHumidityReading,71.30,BathroomLightStatus,BathroomLightCommanded,54.0,15.4,BathroomFanStatus,HackerspaceLightReading,HackerspaceLightStatus,HackerspaceLightCommanded,HackerspaceTemperatureReading,HackerspaceHumidityReading,1,LoftLightStatus,0,0,20.70,4.52,127,43,14,39,HotWaterStatus,ColdWaterStatus,DayWaterElementStatus,NightWaterElementStatus,6.0,2.23,2.215,2.255
2017-12-29,23:54,DoorMotion,DoorMotionCount,DoorOpened,DoorOpenedCount,0,HallwayLightStatus,,,HallwayTemperatureReading,HallwayHumidityReading,71.30,BathroomLightStatus,BathroomLightCommanded,53.9,15.4,BathroomFanStatus,HackerspaceLightReading,HackerspaceLightStatus,HackerspaceLightCommanded,HackerspaceTemperatureReading,HackerspaceHumidityReading,0,LoftLightStatus,0,0,20.70,4.60,127,43,14,39,HotWaterStatus,ColdWaterStatus,DayWaterElementStatus,NightWaterElementStatus,6.0,2.27,2.33,2.265
2017-12-29,23:54,DoorMotion,DoorMotionCount,DoorOpened,DoorOpenedCount,0,HallwayLightStatus,,,HallwayTemperatureReading,HallwayHumidityReading,71.40,BathroomLightStatus,BathroomLightCommanded,54.0,15.4,BathroomFanStatus,HackerspaceLightReading,HackerspaceLightStatus,HackerspaceLightCommanded,HackerspaceTemperatureReading,HackerspaceHumidityReading,1,LoftLightStatus,9,0,20.70,4.58,128,43,14,39,HotWaterStatus,ColdWaterStatus,DayWaterElementStatus,NightWaterElementStatus,6.0,2.29,2.32,2.3
2017-12-29,23:54,DoorMotion,DoorMotionCount,DoorOpened,DoorOpenedCount,0,HallwayLightStatus,,,HallwayTemperatureReading,HallwayHumidityReading,71.30,BathroomLightStatus,BathroomLightCommanded,54.0,15.4,BathroomFanStatus,HackerspaceLightReading,HackerspaceLightStatus,HackerspaceLightCommanded,HackerspaceTemperatureReading,HackerspaceHumidityReading,0,LoftLightStatus,8,0,20.70,4.60,128,43,14,39,HotWaterStatus,ColdWaterStatus,DayWaterElementStatus,NightWaterElementStatus,6.0,2.265,2.25,2.265
2017-12-29,23:55,DoorMotion,DoorMotionCount,DoorOpened,DoorOpenedCount,0,HallwayLightStatus,,,HallwayTemperatureReading,HallwayHumidityReading,71.30,BathroomLightStatus,BathroomLightCommanded,54.0,15.4,BathroomFanStatus,HackerspaceLightReading,HackerspaceLightStatus,HackerspaceLightCommanded,HackerspaceTemperatureReading,HackerspaceHumidityReading,1,LoftLightStatus,0,0,20.70,4.51,127,43,14,39,HotWaterStatus,ColdWaterStatus,DayWaterElementStatus,NightWaterElementStatus,6.5,2.265,2.25,2.245
2017-12-29,23:55,DoorMotion,DoorMotionCount,DoorOpened,DoorOpenedCount,0,HallwayLightStatus,,,HallwayTemperatureReading,HallwayHumidityReading,71.40,BathroomLightStatus,BathroomLightCommanded,54.0,15.3,BathroomFanStatus,HackerspaceLightReading,HackerspaceLightStatus,HackerspaceLightCommanded,HackerspaceTemperatureReading,HackerspaceHumidityReading,2,LoftLightStatus,4,0,20.70,4.57,128,44,14,39,HotWaterStatus,ColdWaterStatus,DayWaterElementStatus,NightWaterElementStatus,6.0,2.275,2.32,2.265
2017-12-29,23:55,DoorMotion,DoorMotionCount,DoorOpened,DoorOpenedCount,0,HallwayLightStatus,,,HallwayTemperatureReading,HallwayHumidityReading,71.40,BathroomLightStatus,BathroomLightCommanded,54.1,15.4,BathroomFanStatus,HackerspaceLightReading,HackerspaceLightStatus,HackerspaceLightCommanded,HackerspaceTemperatureReading,HackerspaceHumidityReading,1,LoftLightStatus,10,0,20.70,4.60,126,43,14,39,HotWaterStatus,ColdWaterStatus,DayWaterElementStatus,NightWaterElementStatus,6.0,2.29,2.27,2.27
2017-12-29,23:56,DoorMotion,DoorMotionCount,DoorOpened,DoorOpenedCount,0,HallwayLightStatus,,,HallwayTemperatureReading,HallwayHumidityReading,71.30,BathroomLightStatus,BathroomLightCommanded,54.1,15.4,BathroomFanStatus,HackerspaceLightReading,HackerspaceLightStatus,HackerspaceLightCommanded,HackerspaceTemperatureReading,HackerspaceHumidityReading,1,LoftLightStatus,4,0,20.70,4.56,128,43,14,39,HotWaterStatus,ColdWaterStatus,DayWaterElementStatus,NightWaterElementStatus,6.0,2.275,2.28,2.29
2017-12-29,23:56,DoorMotion,DoorMotionCount,DoorOpened,DoorOpenedCount,0,HallwayLightStatus,,,HallwayTemperatureReading,HallwayHumidityReading,71.30,BathroomLightStatus,BathroomLightCommanded,54.2,15.4,BathroomFanStatus,HackerspaceLightReading,HackerspaceLightStatus,HackerspaceLightCommanded,HackerspaceTemperatureReading,HackerspaceHumidityReading,0,LoftLightStatus,0,0,20.70,4.54,125,42,14,40,HotWaterStatus,ColdWaterStatus,DayWaterElementStatus,NightWaterElementStatus,6.0,2.29,2.28,2.28
2017-12-29,23:56,DoorMotion,DoorMotionCount,DoorOpened,DoorOpenedCount,0,HallwayLightStatus,,,HallwayTemperatureReading,HallwayHumidityReading,71.30,BathroomLightStatus,BathroomLightCommanded,54.1,15.4,BathroomFanStatus,HackerspaceLightReading,HackerspaceLightStatus,HackerspaceLightCommanded,HackerspaceTemperatureReading,HackerspaceHumidityReading,1,LoftLightStatus,2,0,20.70,4.58,126,43,14,39,HotWaterStatus,ColdWaterStatus,DayWaterElementStatus,NightWaterElementStatus,6.5,2.275,2.305,2.275
2017-12-29,23:56,DoorMotion,DoorMotionCount,DoorOpened,DoorOpenedCount,0,HallwayLightStatus,,,HallwayTemperatureReading,HallwayHumidityReading,71.20,BathroomLightStatus,BathroomLightCommanded,54.1,15.4,BathroomFanStatus,HackerspaceLightReading,HackerspaceLightStatus,HackerspaceLightCommanded,HackerspaceTemperatureReading,HackerspaceHumidityReading,0,LoftLightStatus,2,0,20.70,4.60,124,42,14,39,HotWaterStatus,ColdWaterStatus,DayWaterElementStatus,NightWaterElementStatus,6.0,2.305,2.325,2.285
2017-12-29,23:57,DoorMotion,DoorMotionCount,DoorOpened,DoorOpenedCount,0,HallwayLightStatus,,,HallwayTemperatureReading,HallwayHumidityReading,71.20,BathroomLightStatus,BathroomLightCommanded,54.2,15.4,BathroomFanStatus,HackerspaceLightReading,HackerspaceLightStatus,HackerspaceLightCommanded,HackerspaceTemperatureReading,HackerspaceHumidityReading,1,LoftLightStatus,0,0,20.60,4.60,128,43,14,39,HotWaterStatus,ColdWaterStatus,DayWaterElementStatus,NightWaterElementStatus,6.0,2.275,2.295,2.28
2017-12-29,23:57,DoorMotion,DoorMotionCount,DoorOpened,DoorOpenedCount,0,HallwayLightStatus,,,HallwayTemperatureReading,HallwayHumidityReading,71.20,BathroomLightStatus,BathroomLightCommanded,54.1,15.4,BathroomFanStatus,HackerspaceLightReading,HackerspaceLightStatus,HackerspaceLightCommanded,HackerspaceTemperatureReading,HackerspaceHumidityReading,2,LoftLightStatus,0,0,20.60,4.60,126,43,14,39,HotWaterStatus,ColdWaterStatus,DayWaterElementStatus,NightWaterElementStatus,6.0,2.31,2.275,2.3
2017-12-29,23:57,DoorMotion,DoorMotionCount,DoorOpened,DoorOpenedCount,0,HallwayLightStatus,,,HallwayTemperatureReading,HallwayHumidityReading,71.20,BathroomLightStatus,BathroomLightCommanded,54.1,15.4,BathroomFanStatus,HackerspaceLightReading,HackerspaceLightStatus,HackerspaceLightCommanded,HackerspaceTemperatureReading,HackerspaceHumidityReading,1,LoftLightStatus,9,0,20.70,4.61,127,43,14,39,HotWaterStatus,ColdWaterStatus,DayWaterElementStatus,NightWaterElementStatus,6.0,2.28,2.28,2.315
2017-12-29,23:58,DoorMotion,DoorMotionCount,DoorOpened,DoorOpenedCount,0,HallwayLightStatus,,,HallwayTemperatureReading,HallwayHumidityReading,71.30,BathroomLightStatus,BathroomLightCommanded,54.1,15.4,BathroomFanStatus,HackerspaceLightReading,HackerspaceLightStatus,HackerspaceLightCommanded,HackerspaceTemperatureReading,HackerspaceHumidityReading,1,LoftLightStatus,1,0,20.70,4.84,127,42,14,39,HotWaterStatus,ColdWaterStatus,DayWaterElementStatus,NightWaterElementStatus,6.0,2.255,2.26,2.36
2017-12-29,23:58,DoorMotion,DoorMotionCount,DoorOpened,DoorOpenedCount,0,HallwayLightStatus,,,HallwayTemperatureReading,HallwayHumidityReading,71.20,BathroomLightStatus,BathroomLightCommanded,54.2,15.4,BathroomFanStatus,HackerspaceLightReading,HackerspaceLightStatus,HackerspaceLightCommanded,HackerspaceTemperatureReading,HackerspaceHumidityReading,0,LoftLightStatus,0,0,20.60,4.94,123,42,14,39,HotWaterStatus,ColdWaterStatus,DayWaterElementStatus,NightWaterElementStatus,6.0,2.5,2.5,2.435
2017-12-29,23:58,DoorMotion,DoorMotionCount,DoorOpened,DoorOpenedCount,0,HallwayLightStatus,,,HallwayTemperatureReading,HallwayHumidityReading,71.20,BathroomLightStatus,BathroomLightCommanded,54.1,15.3,BathroomFanStatus,HackerspaceLightReading,HackerspaceLightStatus,HackerspaceLightCommanded,HackerspaceTemperatureReading,HackerspaceHumidityReading,1,LoftLightStatus,3,0,20.60,4.96,126,42,14,39,HotWaterStatus,ColdWaterStatus,DayWaterElementStatus,NightWaterElementStatus,6.0,2.44,2.415,2.41
2017-12-29,23:58,DoorMotion,DoorMotionCount,DoorOpened,DoorOpenedCount,0,HallwayLightStatus,,,HallwayTemperatureReading,HallwayHumidityReading,71.20,BathroomLightStatus,BathroomLightCommanded,54.1,15.4,BathroomFanStatus,HackerspaceLightReading,HackerspaceLightStatus,HackerspaceLightCommanded,HackerspaceTemperatureReading,HackerspaceHumidityReading,1,LoftLightStatus,0,0,20.60,4.65,128,43,14,39,HotWaterStatus,ColdWaterStatus,DayWaterElementStatus,NightWaterElementStatus,6.0,2.34,2.325,2.33
2017-12-29,23:59,DoorMotion,DoorMotionCount,DoorOpened,DoorOpenedCount,0,HallwayLightStatus,,,HallwayTemperatureReading,HallwayHumidityReading,71.20,BathroomLightStatus,BathroomLightCommanded,54.1,15.4,BathroomFanStatus,HackerspaceLightReading,HackerspaceLightStatus,HackerspaceLightCommanded,HackerspaceTemperatureReading,HackerspaceHumidityReading,0,LoftLightStatus,9,0,20.70,4.74,123,42,14,39,HotWaterStatus,ColdWaterStatus,DayWaterElementStatus,NightWaterElementStatus,6.0,2.335,2.335,2.33
2017-12-29,23:59,DoorMotion,DoorMotionCount,DoorOpened,DoorOpenedCount,0,HallwayLightStatus,,,HallwayTemperatureReading,HallwayHumidityReading,71.20,BathroomLightStatus,BathroomLightCommanded,54.3,15.4,BathroomFanStatus,HackerspaceLightReading,HackerspaceLightStatus,HackerspaceLightCommanded,HackerspaceTemperatureReading,HackerspaceHumidityReading,0,LoftLightStatus,9,0,20.60,4.68,123,42,14,39,HotWaterStatus,ColdWaterStatus,DayWaterElementStatus,NightWaterElementStatus,6.0,2.33,2.315,2.37
2017-12-29,23:59,DoorMotion,DoorMotionCount,DoorOpened,DoorOpenedCount,0,HallwayLightStatus,,,HallwayTemperatureReading,HallwayHumidityReading,71.20,BathroomLightStatus,BathroomLightCommanded,54.2,15.4,BathroomFanStatus,HackerspaceLightReading,HackerspaceLightStatus,HackerspaceLightCommanded,HackerspaceTemperatureReading,HackerspaceHumidityReading,0,LoftLightStatus,4,0,20.60,4.63,125,42,14,39,HotWaterStatus,ColdWaterStatus,DayWaterElementStatus,NightWaterElementStatus,6.0,2.335,2.385,2.33
