2018-01-04,00:00,not set,not set,not set,not set,71.90,not set,,,not set,not set,55.00,not set,BathroomLightCommanded,0.0,19.1,not set,not set,not set,not set,not set,not set,16.50,not set,4.74,11,4.72,4.77,0,0,4,44,high,normal,on,on,7.5,19.5,7.0,2.41
2018-01-04,00:00,not set,not set,not set,not set,71.80,not set,,,not set,not set,54.90,not set,BathroomLightCommanded,0.0,19.1,not set,not set,not set,not set,not set,not set,16.50,not set,4.97,2,4.86,4.87,0,0,3,44,high,normal,on,on,7.5,19.5,7.0,2.46
2018-01-04,00:00,not set,not set,not set,not set,71.70,not set,,,not set,not set,55.00,not set,BathroomLightCommanded,0.0,19.1,not set,not set,not set,not set,not set,not set,16.50,not set,4.61,0,4.90,4.63,0,0,5,44,high,normal,on,on,7.5,19.0,7.0,2.365
2018-01-04,00:01,not set,not set,not set,not set,71.80,not set,,,not set,not set,54.90,not set,BathroomLightCommanded,0.0,19.1,not set,not set,not set,not set,not set,not set,16.50,not set,4.85,1,4.78,4.82,0,0,3,44,high,normal,on,on,7.5,19.5,7.0,2.355
2018-01-04,00:01,not set,not set,not set,not set,71.60,not set,,,not set,not set,54.90,not set,BathroomLightCommanded,0.0,19.1,not set,not set,not set,not set,not set,not set,16.50,not set,4.67,0,4.84,4.86,0,0,5,44,high,normal,on,on,8.0,19.5,7.0,2.375
2018-01-04,00:01,not set,not set,not set,not set,71.40,not set,,,not set,not set,55.00,not set,BathroomLightCommanded,0.0,19.1,not set,not set,not set,not set,not set,not set,16.50,not set,4.72,1,4.80,4.78,0,0,5,44,high,normal,on,on,7.5,19.5,7.0,2.34
2018-01-04,00:01,not set,not set,not set,not set,71.50,not set,,,not set,not set,54.90,not set,BathroomLightCommanded,0.0,19.1,not set,not set,not set,not set,not set,not set,16.50,not set,4.94,7,5.09,4.95,0,0,0,44,high,normal,on,on,7.5,19.0,7.0,2.55
2018-01-04,00:02,not set,not set,not set,not set,72.00,not set,,,not set,not set,55.00,not set,BathroomLightCommanded,0.0,19.1,not set,not set,not set,not set,not set,not set,16.50,not set,4.86,0,4.81,4.82,0,0,5,44,high,normal,on,on,7.5,19.5,7.5,2.425
2018-01-04,00:02,not set,not set,not set,not set,71.90,not set,,,not set,not set,54.90,not set,BathroomLightCommanded,0.0,19.1,not set,not set,not set,not set,not set,not set,16.50,not set,5.02,8,4.87,4.95,0,0,2,44,high,normal,on,on,8.0,19.5,7.0,2.475
2018-01-04,00:02,not set,not set,not set,not set,71.90,not set,,,not set,not set,54.90,not set,BathroomLightCommanded,0.0,19.1,not set,not set,not set,not set,not set,not set,16.50,not set,4.89,3,5.06,4.85,0,0,1,44,high,normal,on,on,8.0,19.0,7.0,2.555
2018-01-04,00:03,not set,not set,not set,not set,72.00,not set,,,not set,not set,54.90,not set,BathroomLightCommanded,0.0,19.1,not set,not set,not set,not set,not set,not set,16.50,not set,4.80,2,4.88,4.85,0,0,4,44,high,normal,on,on,7.5,19.5,7.0,2.43
2018-01-04,00:03,not set,not set,not set,not set,72.00,not set,,,not set,not set,54.90,not set,BathroomLightCommanded,0.0,19.1,not set,not set,not set,not set,not set,not set,16.50,not set,4.87,1,0,5.00,0,0,2,44,high,normal,on,on,7.5,19.5,7.0,2.365
2018-01-04,00:03,not set,not set,not set,not set,72.10,not set,,,not set,not set,54.80,not set,BathroomLightCommanded,4.84,19.1,not set,not set,not set,not set,not set,not set,16.50,not set,4.88,0,4.80,4.85,0,0,2,44,high,normal,on,on,7.5,19.5,7.0,2.44
2018-01-04,00:03,not set,not set,not set,not set,71.90,not set,,,not set,not set,55.00,not set,BathroomLightCommanded,0.0,19.1,not set,not set,not set,not set,not set,not set,16.50,not set,4.88,1,4.95,4.72,0,0,0,44,high,normal,on,on,7.5,19.5,7.0,2.47
2018-01-04,00:04,not set,not set,not set,not set,71.90,not set,,,not set,not set,54.90,not set,BathroomLightCommanded,0.0,19.1,not set,not set,not set,not set,not set,not set,16.50,not set,4.75,0,4.75,4.84,0,0,4,44,high,normal,on,on,8.0,19.0,7.0,2.36
2018-01-04,00:04,not set,not set,not set,not set,71.80,not set,,,not set,not set,54.90,not set,BathroomLightCommanded,0.0,19.1,not set,not set,not set,not set,not set,not set,16.50,not set,4.84,8,4.77,4.87,0,0,3,44,high,normal,on,on,7.5,19.5,7.0,2.48
2018-01-04,00:04,not set,not set,not set,not set,72.00,not set,,,not set,not set,55.00,not set,BathroomLightCommanded,0.0,19.2,not set,not set,not set,not set,not set,not set,16.50,not set,4.94,0,4.84,4.92,0,0,5,44,high,normal,on,on,7.5,19.0,7.0,2.51
2018-01-04,00:05,not set,not set,not set,not set,72.00,not set,,,not set,not set,54.90,not set,BathroomLightCommanded,0.0,19.1,not set,not set,not set,not set,not set,not set,16.50,not set,4.81,4,4.70,4.75,0,0,5,43,high,normal,on,on,7.5,19.5,7.5,2.395
2018-01-04,00:05,not set,not set,not set,not set,72.10,not set,,,not set,not set,54.80,not set,BathroomLightCommanded,0.0,19.1,not set,not set,not set,not set,not set,not set,16.50,not set,4.82,0,4.80,4.81,0,0,4,43,high,normal,on,on,7.5,19.0,7.0,2.505
2018-01-04,00:05,not set,not set,not set,not set,72.10,not set,,,not set,not set,54.80,not set,BathroomLightCommanded,0.0,19.1,not set,not set,not set,not set,not set,not set,16.50,not set,4.87,6,4.86,4.81,0,0,4,43,high,normal,on,on,7.5,19.5,7.0,2.425
2018-01-04,00:05,not set,not set,not set,not set,72.10,not set,,,not set,not set,54.90,not set,BathroomLightCommanded,0.0,19.2,not set,not set,not set,not set,not set,not set,16.50,not set,4.84,3,4.94,4.75,0,0,2,43,high,normal,on,on,8.0,19.0,7.0,2.39
2018-01-04,00:06,not set,not set,not set,not set,72.20,not set,,,not set,not set,54.80,not set,BathroomLightCommanded,0.0,19.1,not set,not set,not set,not set,not set,not set,16.50,not set,4.94,1,4.95,4.94,0,0,3,43,high,normal,on,on,7.5,19.0,7.0,2.505
2018-01-04,00:06,not set,not set,not set,not set,72.00,not set,,,not set,not set,54.80,not set,BathroomLightCommanded,0.0,19.2,not set,not set,not set,not set,not set,not set,16.50,not set,4.91,3,4.89,4.78,0,0,2,43,high,normal,on,on,7.5,19.0,7.0,2.455
2018-01-04,00:06,not set,not set,not set,not set,72.00,not set,,,not set,not set,54.90,not set,BathroomLightCommanded,0.0,19.2,not set,not set,not set,not set,not set,not set,16.50,not set,4.77,0,4.79,4.76,0,0,2,43,high,normal,on,on,8.0,19.5,7.0,2.4
2018-01-04,00:06,not set,not set,not set,not set,72.10,not set,,,not set,not set,54.80,not set,BathroomLightCommanded,0.0,19.1,not set,not set,not set,not set,not set,not set,16.50,not set,4.74,3,0,4.70,0,0,4,43,high,normal,on,on,7.5,19.5,7.0,2.34
2018-01-04,00:07,not set,not set,not set,not set,71.60,not set,,,not set,not set,54.80,not set,BathroomLightCommanded,4.68,19.1,not set,not set,not set,not set,not set,not set,16.50,not set,4.84,2,0,4.80,0,0,4,43,high,normal,on,on,7.5,19.0,7.0,2.37
2018-01-04,00:07,not set,not set,not set,not set,71.70,not set,,,not set,not set,54.80,not set,BathroomLightCommanded,4.84,19.1,not set,not set,not set,not set,not set,not set,16.50,not set,4.72,3,4.97,4.83,0,0,2,43,high,normal,on,on,8.0,19.0,7.0,2.435
2018-01-04,00:07,not set,not set,not set,not set,71.90,not set,,,not set,not set,54.80,not set,BathroomLightCommanded,0.0,19.2,not set,not set,not set,not set,not set,not set,16.50,not set,4.72,1,4.66,4.73,0,0,3,43,high,normal,on,on,8.0,19.5,7.0,2.365
2018-01-04,00:08,not set,not set,not set,not set,71.80,not set,,,not set,not set,54.80,not set,BathroomLightCommanded,0.0,19.2,not set,not set,not set,not set,not set,not set,16.50,not set,4.70,6,4.81,4.74,0,0,2,44,high,normal,on,on,8.0,19.5,7.0,2.34
2018-01-04,00:08,not set,not set,not set,not set,71.90,not set,,,not set,not set,54.80,not set,BathroomLightCommanded,0.0,19.2,not set,not set,not set,not set,not set,not set,16.50,not set,4.89,2,4.84,4.24,0,0,1,43,high,normal,on,on,7.5,19.0,7.0,2.45
2018-01-04,00:08,not set,not set,not set,not set,71.90,not set,,,not set,not set,54.80,not set,BathroomLightCommanded,0.0,19.2,not set,not set,not set,not set,not set,not set,16.50,not set,4.84,0,4.81,4.77,0,0,3,43,high,normal,on,on,7.5,19.0,7.0,2.44
2018-01-04,00:08,not set,not set,not set,not set,71.70,not set,,,not set,not set,54.80,not set,BathroomLightCommanded,0.0,19.2,not set,not set,not set,not set,not set,not set,16.50,not set,4.83,0,4.81,4.85,0,0,3,43,high,normal,on,on,7.5,19.0,7.0,2.42
2018-01-04,00:09,not set,not set,not set,not set,71.90,not set,,,not set,not set,54.80,not set,BathroomLightCommanded,0.0,19.2,not set,not set,not set,not set,not set,not set,16.50,not set,5.13,0,5.04,5.05,0,0,0,43,high,normal,on,on,8.0,19.0,7.0,2.505
2018-01-04,00:09,not set,not set,not set,not set,71.90,not set,,,not set,not set,54.70,not set,BathroomLightCommanded,0.0,19.1,not set,not set,not set,not set,not set,not set,16.50,not set,5.40,4,5.09,4.95,0,0,5,43,high,normal,on,on,7.5,19.0,7.0,2.675
2018-01-04,00:09,not set,not set,not set,not set,71.90,not set,,,not set,not set,54.70,not set,BathroomLightCommanded,0.0,19.1,not set,not set,not set,not set,not set,not set,16.50,not set,4.80,3,3.76,3.53,0,0,2,43,high,normal,on,on,7.5,19.0,7.0,2.39
2018-01-04,00:10,not set,not set,not set,not set,71.90,not set,,,not set,not set,54.70,not set,BathroomLightCommanded,0.0,19.1,not set,not set,not set,not set,not set,not set,16.50,not set,3.87,0,4.69,3.91,0,0,5,44,high,normal,on,on,7.5,19.5,7.0,1.93
2018-01-04,00:10,not set,not set,not set,not set,71.90,not set,,,not set,not set,54.80,not set,BathroomLightCommanded,0.0,19.2,not set,not set,not set,not set,not set,not set,16.50,not set,4.32,0,0,4.32,0,0,2,43,high,normal,on,on,8.0,19.0,7.0,2.125
2018-01-04,00:10,not set,not set,not set,not set,71.70,not set,,,not set,not set,54.80,not set,BathroomLightCommanded,5.67,19.2,not set,not set,not set,not set,not set,not set,16.50,not set,7.03,219,0,7.16,0,0,209,43,high,normal,on,on,8.0,19.0,7.0,3.44
2018-01-04,00:10,not set,not set,not set,not set,71.90,not set,,,not set,not set,54.80,not set,BathroomLightCommanded,7.21,19.2,not set,not set,not set,not set,not set,not set,16.50,not set,6.57,215,0,6.54,0,0,288,43,high,normal,on,on,8.0,19.5,7.0,3.27
2018-01-04,00:11,not set,not set,not set,not set,71.80,not set,,,not set,not set,54.80,not set,BathroomLightCommanded,6.4,19.2,not set,not set,not set,not set,not set,not set,16.50,not set,6.35,6.27,217,6.58,0,0,289,43,high,normal,on,on,7.5,19.5,7.5,3.14
2018-01-04,00:11,not set,not set,not set,not set,71.90,not set,,,not set,not set,54.80,not set,BathroomLightCommanded,0.0,19.2,not set,not set,not set,not set,not set,not set,16.50,not set,6.36,6.59,243,6.28,0,0,293,43,high,normal,on,on,8.0,19.5,7.0,3.245
2018-01-04,00:11,not set,not set,not set,not set,72.00,not set,,,not set,not set,54.70,not set,BathroomLightCommanded,0.0,19.1,not set,not set,not set,not set,not set,not set,16.50,not set,6.80,6.81,217,6.76,0,0,298,43,high,normal,on,on,7.5,19.5,7.0,3.445
2018-01-04,00:12,not set,not set,not set,not set,72.10,not set,,,not set,not set,54.80,not set,BathroomLightCommanded,0.0,19.2,not set,not set,not set,not set,not set,not set,16.50,not set,6.72,6.93,217,6.80,0,0,297,43,high,normal,on,on,8.0,19.5,7.0,3.395
2018-01-04,00:12,not set,not set,not set,not set,72.10,not set,,,not set,not set,54.70,not set,BathroomLightCommanded,0.0,19.2,not set,not set,not set,not set,not set,not set,16.50,not set,6.72,219,6.71,6.80,0,0,296,43,high,normal,on,on,8.0,19.0,7.5,3.385
2018-01-04,00:12,not set,not set,not set,not set,71.90,not set,,,not set,not set,54.70,not set,BathroomLightCommanded,0.0,19.2,not set,not set,not set,not set,not set,not set,16.50,not set,6.85,246,6.80,6.72,0,0,292,43,high,normal,on,on,7.5,19.0,7.0,3.305
2018-01-04,00:12,not set,not set,not set,not set,72.00,not set,,,not set,not set,54.60,not set,BathroomLightCommanded,0.0,19.1,not set,not set,not set,not set,not set,not set,16.50,not set,6.72,222,6.76,6.77,0,0,298,43,high,normal,on,on,8.0,19.0,7.0,3.39
2018-01-04,00:13,not set,not set,not set,not set,71.90,not set,,,not set,not set,54.60,not set,BathroomLightCommanded,0.0,19.1,not set,not set,not set,not set,not set,not set,16.50,not set,6.65,221,6.73,6.71,0,0,295,43,high,normal,on,on,8.0,19.0,7.0,3.385
2018-01-04,00:13,not set,not set,not set,not set,72.00,not set,,,not set,not set,54.60,not set,BathroomLightCommanded,0.0,19.2,not set,not set,not set,not set,not set,not set,16.50,not set,6.81,224,6.80,6.89,0,0,302,43,high,normal,on,on,7.5,19.0,7.0,3.305
2018-01-04,00:13,not set,not set,not set,not set,72.00,not set,,,not set,not set,54.70,not set,BathroomLightCommanded,0.0,19.2,not set,not set,not set,not set,not set,not set,16.50,not set,6.88,217,6.83,6.75,0,0,301,43,high,normal,on,on,7.5,19.0,7.0,3.385
2018-01-04,00:14,not set,not set,not set,not set,71.90,not set,,,not set,not set,54.60,not set,BathroomLightCommanded,0.0,19.2,not set,not set,not set,not set,not set,not set,16.50,not set,5.33,0,5.37,5.36,0,0,303,43,high,normal,on,on,8.0,19.0,7.0,2.66
2018-01-04,00:14,not set,not set,not set,not set,71.90,not set,,,not set,not set,54.40,not set,BathroomLightCommanded,0.0,19.1,not set,not set,not set,not set,not set,not set,16.50,not set,5.28,1,5.31,5.35,0,0,303,43,high,normal,on,on,8.0,19.0,7.0,2.645
2018-01-04,00:14,not set,not set,not set,not set,71.70,not set,,,not set,not set,54.40,not set,BathroomLightCommanded,0.0,19.1,not set,not set,not set,not set,not set,not set,16.50,not set,5.34,0,4.26,5.28,0,0,304,43,high,normal,on,on,8.0,19.0,7.0,2.645
2018-01-04,00:14,not set,not set,not set,not set,71.70,not set,,,not set,not set,54.40,not set,BathroomLightCommanded,0.0,19.1,not set,not set,not set,not set,not set,not set,16.40,not set,4.35,0,4.38,4.26,0,0,16,43,high,normal,on,on,7.5,19.0,7.0,2.13
2018-01-04,00:15,not set,not set,not set,not set,71.80,not set,,,not set,not set,54.40,not set,BathroomLightCommanded,0.0,19.1,not set,not set,not set,not set,not set,not set,16.40,not set,5.12,4,4.58,4.98,0,0,23,43,high,normal,on,on,8.0,19.0,7.0,2.54
2018-01-04,00:15,not set,not set,not set,not set,71.80,not set,,,not set,not set,54.40,not set,BathroomLightCommanded,0.0,19.1,not set,not set,not set,not set,not set,not set,16.40,not set,4.68,0,4.65,4.87,0,0,19,43,high,normal,on,on,8.0,19.0,7.0,2.395
2018-01-04,00:15,not set,not set,not set,not set,72.00,not set,,,not set,not set,54.30,not set,BathroomLightCommanded,0.0,19.1,not set,not set,not set,not set,not set,not set,16.50,not set,4.64,8,0,5.06,0,0,24,43,high,normal,on,on,7.5,19.0,7.0,2.81
2018-01-04,00:16,not set,not set,not set,not set,72.00,not set,,,not set,not set,54.30,not set,BathroomLightCommanded,5.12,19.1,not set,not set,not set,not set,not set,not set,16.50,not set,4.63,1,4.63,4.73,0,0,18,43,high,normal,on,on,8.0,19.5,7.0,2.395
2018-01-04,00:16,not set,not set,not set,not set,72.10,not set,,,not set,not set,54.30,not set,BathroomLightCommanded,0.0,19.1,not set,not set,not set,not set,not set,not set,16.50,not set,4.59,3,4.63,4.65,0,0,21,43,high,normal,on,on,8.0,19.0,7.5,2.37
2018-01-04,00:16,not set,not set,not set,not set,72.10,not set,,,not set,not set,54.20,not set,BathroomLightCommanded,0.0,19.0,not set,not set,not set,not set,not set,not set,16.50,not set,4.38,6,4.56,4.63,0,0,25,43,high,normal,on,on,8.0,19.0,7.0,2.295
2018-01-04,00:16,not set,not set,not set,not set,72.10,not set,,,not set,not set,54.30,not set,BathroomLightCommanded,0.0,19.1,not set,not set,not set,not set,not set,not set,16.50,not set,4.69,1,4.54,4.55,0,0,20,43,high,normal,on,on,8.0,19.0,7.0,2.26
2018-01-04,00:17,not set,not set,not set,not set,71.90,not set,,,not set,not set,54.40,not set,BathroomLightCommanded,0.0,19.1,not set,not set,not set,not set,not set,not set,16.40,not set,4.50,1,4.42,4.71,0,0,23,43,high,normal,on,on,8.0,19.0,7.0,2.315
2018-01-04,00:17,not set,not set,not set,not set,72.00,not set,,,not set,not set,54.30,not set,BathroomLightCommanded,0.0,19.0,not set,not set,not set,not set,not set,not set,16.40,not set,4.48,0,4.46,4.59,0,0,18,43,high,normal,on,on,8.0,19.0,7.0,2.245
2018-01-04,00:17,not set,not set,not set,not set,72.00,not set,,,not set,not set,54.30,not set,BathroomLightCommanded,0.0,19.0,not set,not set,not set,not set,not set,not set,16.50,not set,4.69,0,0,4.51,0,0,20,43,high,normal,on,on,8.0,19.0,7.0,2.26
2018-01-04,00:18,not set,not set,not set,not set,72.00,not set,,,not set,not set,54.40,not set,BathroomLightCommanded,4.61,19.0,not set,not set,not set,not set,not set,not set,16.50,not set,4.43,0,4.44,4.49,0,0,21,43,high,normal,on,on,8.0,19.0,7.0,2.195
2018-01-04,00:18,not set,not set,not set,not set,71.90,not set,,,not set,not set,54.40,not set,BathroomLightCommanded,0.0,19.0,not set,not set,not set,not set,not set,not set,16.50,not set,4.74,3,4.75,4.72,0,0,17,43,high,normal,on,on,7.5,19.0,7.0,2.22
2018-01-04,00:18,not set,not set,not set,not set,72.00,not set,,,not set,not set,54.50,not set,BathroomLightCommanded,0.0,19.0,not set,not set,not set,not set,not set,not set,16.50,not set,4.44,0,4.64,4.43,0,0,23,43,high,normal,on,on,7.5,19.0,7.0,2.33
2018-01-04,00:18,not set,not set,not set,not set,72.10,not set,,,not set,not set,54.60,not set,BathroomLightCommanded,0.0,19.0,not set,not set,not set,not set,not set,not set,16.50,not set,4.56,1,4.62,4.53,0,0,18,43,high,normal,on,on,8.0,19.0,7.0,2.225
2018-01-04,00:19,not set,not set,not set,not set,71.90,not set,,,not set,not set,54.60,not set,BathroomLightCommanded,0.0,19.0,not set,not set,not set,not set,not set,not set,16.40,not set,4.59,14,4.60,4.54,0,0,19,43,high,normal,on,on,8.0,19.5,7.0,2.255
2018-01-04,00:19,not set,not set,not set,not set,72.00,not set,,,not set,not set,54.50,not set,BathroomLightCommanded,0.0,19.0,not set,not set,not set,not set,not set,not set,16.50,not set,4.43,0,4.56,4.45,0,0,17,43,high,normal,on,on,8.0,19.0,7.5,2.25
2018-01-04,00:19,not set,not set,not set,not set,72.10,not set,,,not set,not set,54.70,not set,BathroomLightCommanded,0.0,19.0,not set,not set,not set,not set,not set,not set,16.50,not set,4.54,11,0,4.56,0,0,16,43,high,normal,on,on,8.0,19.0,7.0,2.36
2018-01-04,00:20,not set,not set,not set,not set,71.90,not set,,,not set,not set,54.60,not set,BathroomLightCommanded,4.86,19.0,not set,not set,not set,not set,not set,not set,16.40,not set,4.53,11,4.35,4.58,0,0,20,43,high,normal,on,on,7.5,19.0,7.0,2.3
2018-01-04,00:20,not set,not set,not set,not set,71.90,not set,,,not set,not set,54.60,not set,BathroomLightCommanded,0.0,19.0,not set,not set,not set,not set,not set,not set,16.50,not set,4.69,1,4.47,4.41,0,0,17,43,high,normal,on,on,8.0,19.0,7.0,2.23
2018-01-04,00:20,not set,not set,not set,not set,71.90,not set,,,not set,not set,54.60,not set,BathroomLightCommanded,0.0,19.0,not set,not set,not set,not set,not set,not set,16.40,not set,4.37,0,4.46,4.37,0,0,24,43,high,normal,on,on,8.0,19.0,7.0,2.42
2018-01-04,00:20,not set,not set,not set,not set,71.90,not set,,,not set,not set,54.70,not set,BathroomLightCommanded,0.0,19.0,not set,not set,not set,not set,not set,not set,16.40,not set,4.41,3,4.45,4.71,0,0,19,43,high,normal,on,on,8.0,19.0,7.0,2.23
2018-01-04,00:21,not set,not set,not set,not set,71.60,not set,,,not set,not set,54.70,not set,BathroomLightCommanded,0.0,19.0,not set,not set,not set,not set,not set,not set,16.40,not set,4.79,3,4.38,4.36,0,0,20,43,high,normal,on,on,8.0,19.0,7.0,2.355
2018-01-04,00:21,not set,not set,not set,not set,71.90,not set,,,not set,not set,54.60,not set,BathroomLightCommanded,0.0,18.9,not set,not set,not set,not set,not set,not set,16.40,not set,4.53,16,4.58,4.46,0,0,22,43,high,normal,on,on,8.0,19.0,7.0,2.205
2018-01-04,00:21,not set,not set,not set,not set,72.00,not set,,,not set,not set,54.80,not set,BathroomLightCommanded,0.0,19.0,not set,not set,not set,not set,not set,not set,16.40,not set,4.53,4.42,0,17,0,0,15,43,high,normal,on,on,8.0,19.0,7.5,2.27
2018-01-04,00:22,not set,not set,not set,not set,71.90,not set,,,not set,not set,54.60,not set,BathroomLightCommanded,4.53,18.9,not set,not set,not set,not set,not set,not set,16.40,not set,4.44,6,4.51,4.48,0,0,26,43,high,normal,on,on,8.0,19.0,7.0,2.2
2018-01-04,00:22,not set,not set,not set,not set,71.90,not set,,,not set,not set,54.80,not set,BathroomLightCommanded,0.0,19.0,not set,not set,not set,not set,not set,not set,16.40,not set,4.50,0,4.51,4.43,0,0,20,43,high,normal,on,on,7.5,19.0,7.0,2.24
2018-01-04,00:22,not set,not set,not set,not set,72.00,not set,,,not set,not set,54.60,not set,BathroomLightCommanded,0.0,18.9,not set,not set,not set,not set,not set,not set,16.40,not set,4.41,11,4.52,4.50,0,0,22,43,high,normal,on,on,8.0,19.0,7.0,2.21
2018-01-04,00:22,not set,not set,not set,not set,71.90,not set,,,not set,not set,54.50,not set,BathroomLightCommanded,0.0,18.9,not set,not set,not set,not set,not set,not set,16.40,not set,4.44,0,4.59,4.44,0,0,16,43,high,normal,on,on,8.0,19.0,7.0,2.195
2018-01-04,00:23,not set,not set,not set,not set,72.00,not set,,,not set,not set,54.60,not set,BathroomLightCommanded,0.0,18.9,not set,not set,not set,not set,not set,not set,16.40,not set,4.45,8,4.53,4.52,0,0,21,43,high,normal,on,on,7.5,19.0,7.0,2.275
2018-01-04,00:23,not set,not set,not set,not set,71.90,not set,,,not set,not set,54.60,not set,BathroomLightCommanded,0.0,18.9,not set,not set,not set,not set,not set,not set,16.40,not set,4.62,1,0,4.45,0,0,21,43,high,normal,on,on,8.0,19.0,7.0,2.28
2018-01-04,00:23,not set,not set,not set,not set,71.90,not set,,,not set,not set,54.50,not set,BathroomLightCommanded,4.48,18.9,not set,not set,not set,not set,not set,not set,16.40,not set,4.44,0,4.50,4.54,0,0,16,43,high,normal,on,on,8.0,19.0,7.0,2.365
2018-01-04,00:24,not set,not set,not set,not set,71.70,not set,,,not set,not set,54.80,not set,BathroomLightCommanded,0.0,18.9,not set,not set,not set,not set,not set,not set,16.40,not set,4.41,1,4.39,4.58,0,0,18,43,high,normal,on,on,8.0,19.0,7.0,2.335
2018-01-04,00:24,not set,not set,not set,not set,71.80,not set,,,not set,not set,54.70,not set,BathroomLightCommanded,0.0,18.9,not set,not set,not set,not set,not set,not set,16.40,not set,4.43,1,4.68,4.52,0,0,20,43,high,normal,on,on,8.0,19.0,7.0,2.215
2018-01-04,00:24,not set,not set,not set,not set,72.00,not set,,,not set,not set,54.70,not set,BathroomLightCommanded,0.0,18.9,not set,not set,not set,not set,not set,not set,16.40,not set,4.41,0,4.54,4.48,0,0,21,43,high,normal,on,on,8.0,19.0,7.0,2.345
2018-01-04,00:24,not set,not set,not set,not set,72.00,not set,,,not set,not set,54.70,not set,BathroomLightCommanded,0.0,18.9,not set,not set,not set,not set,not set,not set,16.40,not set,4.46,0,4.44,4.60,0,0,19,43,high,normal,on,on,8.0,19.0,7.5,2.265
2018-01-04,00:25,not set,not set,not set,not set,72.00,not set,,,not set,not set,54.80,not set,BathroomLightCommanded,0.0,18.9,not set,not set,not set,not set,not set,not set,16.40,not set,4.56,7,4.49,4.62,0,0,16,43,high,normal,on,on,8.0,19.0,7.0,2.265
2018-01-04,00:25,not set,not set,not set,not set,71.90,not set,,,not set,not set,54.90,not set,BathroomLightCommanded,0.0,18.9,not set,not set,not set,not set,not set,not set,16.40,not set,4.40,3,0,4.52,0,0,24,43,high,normal,on,on,8.0,19.0,7.0,2.295
2018-01-04,00:25,not set,not set,not set,not set,71.90,not set,,,not set,not set,54.90,not set,BathroomLightCommanded,4.36,18.9,not set,not set,not set,not set,not set,not set,16.40,not set,4.50,1,4.58,4.51,0,0,18,43,high,normal,on,on,8.0,19.0,7.0,2.28
2018-01-04,00:26,not set,not set,not set,not set,72.00,not set,,,not set,not set,54.70,not set,BathroomLightCommanded,0.0,18.9,not set,not set,not set,not set,not set,not set,16.40,not set,4.58,0,4.48,4.45,0,0,20,43,high,normal,on,on,8.0,19.0,7.0,2.29
2018-01-04,00:26,not set,not set,not set,not set,71.90,not set,,,not set,not set,54.90,not set,BathroomLightCommanded,0.0,18.9,not set,not set,not set,not set,not set,not set,16.40,not set,4.55,0,4.64,4.50,0,0,19,43,high,normal,on,on,8.0,19.0,7.0,2.36
2018-01-04,00:26,not set,not set,not set,not set,72.00,not set,,,not set,not set,54.70,not set,BathroomLightCommanded,0.0,18.9,not set,not set,not set,not set,not set,not set,16.40,not set,4.50,1,4.45,4.55,0,0,19,43,high,normal,on,on,8.0,19.5,7.0,2.25
2018-01-04,00:26,not set,not set,not set,not set,72.00,not set,,,not set,not set,54.70,not set,BathroomLightCommanded,0.0,18.9,not set,not set,not set,not set,not set,not set,16.40,not set,4.50,3,4.42,4.33,0,0,22,43,high,normal,on,on,8.0,19.0,7.0,2.18
2018-01-04,00:27,not set,not set,not set,not set,71.90,not set,,,not set,not set,54.60,not set,BathroomLightCommanded,0.0,18.9,not set,not set,not set,not set,not set,not set,16.40,not set,4.58,0,0,4.48,0,0,15,43,high,normal,on,on,8.0,19.0,7.0,2.255
2018-01-04,00:27,not set,not set,not set,not set,71.90,not set,,,not set,not set,54.70,not set,BathroomLightCommanded,4.53,18.9,not set,not set,not set,not set,not set,not set,16.40,not set,4.37,7,4.67,4.51,0,0,24,43,high,normal,on,on,8.0,19.0,7.0,2.23
2018-01-04,00:27,not set,not set,not set,not set,71.80,not set,,,not set,not set,54.80,not set,BathroomLightCommanded,0.0,18.9,not set,not set,not set,not set,not set,not set,16.40,not set,4.41,51,4.48,4.51,0,0,23,43,high,normal,on,on,8.0,19.0,7.0,2.18
2018-01-04,00:28,not set,not set,not set,not set,71.90,not set,,,not set,not set,54.60,not set,BathroomLightCommanded,0.0,18.9,not set,not set,not set,not set,not set,not set,16.40,not set,4.38,0,4.34,4.46,0,0,23,43,high,normal,on,on,8.0,19.0,7.0,2.255
2018-01-04,00:28,not set,not set,not set,not set,71.90,not set,,,not set,not set,54.60,not set,BathroomLightCommanded,0.0,18.9,not set,not set,not set,not set,not set,not set,16.40,not set,4.56,8,4.49,4.40,0,0,22,43,high,normal,on,on,8.0,19.0,7.0,2.185
2018-01-04,00:28,not set,not set,not set,not set,71.90,not set,,,not set,not set,54.60,not set,BathroomLightCommanded,0.0,18.9,not set,not set,not set,not set,not set,not set,16.40,not set,4.36,0,4.46,4.37,0,0,18,43,high,normal,on,on,8.0,19.0,7.0,2.22
2018-01-04,00:28,not set,not set,not set,not set,71.90,not set,,,not set,not set,54.60,not set,BathroomLightCommanded,0.0,18.9,not set,not set,not set,not set,not set,not set,16.40,not set,4.37,0,4.23,4.38,0,0,22,43,high,normal,on,on,8.0,19.0,7.0,2.115
2018-01-04,00:29,not set,not set,not set,not set,71.80,not set,,,not set,not set,54.60,not set,BathroomLightCommanded,0.0,18.9,not set,not set,not set,not set,not set,not set,16.40,not set,5.74,197,0,5.69,0,0,19,43,high,normal,on,on,8.0,19.0,7.0,2.86
2018-01-04,00:29,not set,not set,not set,not set,71.90,not set,,,not set,not set,54.90,not set,BathroomLightCommanded,5.69,18.9,not set,not set,not set,not set,not set,not set,16.40,not set,5.84,5.16,164,5.70,0,0,24,43,high,normal,on,on,8.0,19.0,7.5,2.83
2018-01-04,00:29,not set,not set,not set,not set,71.90,not set,,,not set,not set,54.80,not set,BathroomLightCommanded,0.0,18.8,not set,not set,not set,not set,not set,not set,16.40,not set,5.05,4.47,164,4.45,0,0,21,43,high,normal,on,on,8.0,19.0,7.0,2.58
2018-01-04,00:30,not set,not set,not set,not set,23,not set,,,not set,not set,0,not set,BathroomLightCommanded,16.4,72.0,not set,not set,not set,not set,not set,not set,0,not set,5.05,4.47,164,4.45,43,16,39,14,high,normal,on,on,2.295,2.31,2.285,2.185
2018-01-04,00:30,not set,not set,not set,not set,20,not set,,,not set,not set,0,not set,BathroomLightCommanded,16.4,72.0,not set,not set,not set,not set,not set,not set,0,not set,5.05,4.47,164,4.45,43,16,38,14,high,normal,on,on,2.315,2.21,2.245,2.21
2018-01-04,00:30,not set,not set,not set,not set,15,not set,,,not set,not set,0,not set,BathroomLightCommanded,16.4,72.0,not set,not set,not set,not set,not set,not set,0,not set,5.05,4.47,164,4.45,43,16,38,14,high,normal,on,on,2.22,2.235,2.415,2.35
2018-01-04,00:31,not set,not set,not set,not set,16,not set,,,not set,not set,0,not set,BathroomLightCommanded,16.4,72.0,not set,not set,not set,not set,not set,not set,0,not set,5.05,4.47,164,4.45,43,16,38,14,high,normal,on,on,2.3,2.235,2.24,2.29
2018-01-04,00:31,not set,not set,not set,not set,18,not set,,,not set,not set,0,not set,BathroomLightCommanded,16.4,72.1,not set,not set,not set,not set,not set,not set,0,not set,5.05,4.47,164,4.45,43,16,38,14,high,normal,on,on,2.265,2.21,2.255,2.255
2018-01-04,00:32,not set,not set,not set,not set,18,not set,,,not set,not set,0,not set,BathroomLightCommanded,16.4,72.1,not set,not set,not set,not set,not set,not set,0,not set,5.05,4.47,164,4.45,43,16,38,14,high,normal,on,on,2.325,2.205,2.2,2.345
2018-01-04,00:32,not set,not set,not set,not set,19,not set,,,not set,not set,0,not set,BathroomLightCommanded,16.4,72.0,not set,not set,not set,not set,not set,not set,0,not set,5.05,4.47,164,4.45,43,16,38,14,high,normal,on,on,2.255,2.355,2.17,2.225
2018-01-04,00:32,not set,not set,not set,not set,21,not set,,,not set,not set,0,not set,BathroomLightCommanded,16.4,72.0,not set,not set,not set,not set,not set,not set,0,not set,5.05,4.47,164,4.45,43,16,38,14,high,normal,on,on,2.275,2.33,2.21,2.175
2018-01-04,00:33,not set,not set,not set,not set,24,not set,,,not set,not set,0,not set,BathroomLightCommanded,16.4,71.9,not set,not set,not set,not set,not set,not set,0,not set,5.05,4.47,164,4.45,43,16,38,14,high,normal,on,on,2.27,2.295,2.21,2.22
2018-01-04,00:33,not set,not set,not set,not set,22,not set,,,not set,not set,0,not set,BathroomLightCommanded,16.4,72.0,not set,not set,not set,not set,not set,not set,0,not set,5.05,4.47,164,4.45,43,16,38,14,high,normal,on,on,1.65,1.605,1.55,1.57
2018-01-04,00:33,not set,not set,not set,not set,23,not set,,,not set,not set,0,not set,BathroomLightCommanded,16.4,71.9,not set,not set,not set,not set,not set,not set,0,not set,5.05,4.47,164,4.45,43,16,38,14,high,normal,on,on,1.565,1.685,1.685,1.545
2018-01-04,00:34,not set,not set,not set,not set,22,not set,,,not set,not set,0,not set,BathroomLightCommanded,16.4,72.0,not set,not set,not set,not set,not set,not set,0,not set,5.05,4.47,164,4.45,43,16,38,14,high,normal,on,on,1.555,1.565,1.675,1.64
2018-01-04,00:34,not set,not set,not set,not set,17,not set,,,not set,not set,0,not set,BathroomLightCommanded,16.4,72.0,not set,not set,not set,not set,not set,not set,0,not set,5.05,4.47,164,4.45,43,16,39,15,high,normal,on,on,1.685,1.555,1.575,1.595
2018-01-04,00:35,not set,not set,not set,not set,18,not set,,,not set,not set,0,not set,BathroomLightCommanded,16.4,72.1,not set,not set,not set,not set,not set,not set,0,not set,5.05,4.47,164,4.45,43,16,38,14,high,normal,on,on,1.64,1.575,1.605,1.57
2018-01-04,00:35,not set,not set,not set,not set,17,not set,,,not set,not set,0,not set,BathroomLightCommanded,16.4,72.1,not set,not set,not set,not set,not set,not set,0,not set,5.05,4.47,164,4.45,43,16,38,14,high,normal,on,on,1.52,1.665,1.64,1.56
2018-01-04,00:35,not set,not set,not set,not set,18,not set,,,not set,not set,0,not set,BathroomLightCommanded,16.4,72.1,not set,not set,not set,not set,not set,not set,0,not set,5.05,4.47,164,4.45,43,16,37,14,high,normal,on,on,1.55,1.55,1.67,1.645
2018-01-04,00:36,not set,not set,not set,not set,17,not set,,,not set,not set,0,not set,BathroomLightCommanded,16.3,72.1,not set,not set,not set,not set,not set,not set,0,not set,5.05,4.47,164,4.45,42,16,37,14,high,normal,on,on,1.67,1.555,1.575,1.67
2018-01-04,00:36,not set,not set,not set,not set,14,not set,,,not set,not set,0,not set,BathroomLightCommanded,16.4,72.2,not set,not set,not set,not set,not set,not set,0,not set,5.05,4.47,164,4.45,43,16,38,14,high,normal,on,on,1.69,1.58,1.54,1.665
2018-01-04,00:36,not set,not set,not set,not set,23,not set,,,not set,not set,0,not set,BathroomLightCommanded,16.3,72.1,not set,not set,not set,not set,not set,not set,0,not set,5.05,4.47,164,4.45,42,16,38,14,high,normal,on,on,1.695,1.63,1.67,1.555
2018-01-04,00:37,not set,not set,not set,not set,20,not set,,,not set,not set,0,not set,BathroomLightCommanded,16.3,72.1,not set,not set,not set,not set,not set,not set,0,not set,5.05,4.47,164,4.45,42,16,38,14,high,normal,on,on,1.58,1.62,1.675,1.6
2018-01-04,00:37,not set,not set,not set,not set,23,not set,,,not set,not set,0,not set,BathroomLightCommanded,16.3,72.1,not set,not set,not set,not set,not set,not set,0,not set,5.05,4.47,164,4.45,43,16,38,14,high,normal,on,on,1.68,1.585,1.535,1.6
2018-01-04,00:38,not set,not set,not set,not set,21,not set,,,not set,not set,0,not set,BathroomLightCommanded,16.3,72.3,not set,not set,not set,not set,not set,not set,0,not set,5.05,4.47,164,4.45,42,16,37,14,high,normal,on,on,1.645,1.665,1.535,1.645
2018-01-04,00:38,not set,not set,not set,not set,21,not set,,,not set,not set,0,not set,BathroomLightCommanded,16.3,72.1,not set,not set,not set,not set,not set,not set,0,not set,5.05,4.47,164,4.45,43,16,38,14,high,normal,on,on,1.55,1.655,1.685,1.545
2018-01-04,00:38,not set,not set,not set,not set,17,not set,,,not set,not set,0,not set,BathroomLightCommanded,16.3,72.0,not set,not set,not set,not set,not set,not set,0,not set,5.05,4.47,164,4.45,43,16,38,14,high,normal,on,on,1.69,1.565,1.59,1.66
2018-01-04,00:39,not set,not set,not set,not set,16,not set,,,not set,not set,0,not set,BathroomLightCommanded,16.4,71.9,not set,not set,not set,not set,not set,not set,0,not set,5.05,4.47,164,4.45,43,16,37,15,high,normal,on,on,1.59,1.66,1.675,1.585
2018-01-04,00:39,not set,not set,not set,not set,14,not set,,,not set,not set,0,not set,BathroomLightCommanded,16.3,72.0,not set,not set,not set,not set,not set,not set,0,not set,5.05,4.47,164,4.45,42,16,38,14,high,normal,on,on,1.645,1.695,1.6,1.61
2018-01-04,00:40,not set,not set,not set,not set,16,not set,,,not set,not set,0,not set,BathroomLightCommanded,16.4,71.9,not set,not set,not set,not set,not set,not set,0,not set,5.05,4.47,164,4.45,43,16,37,14,high,normal,on,on,1.55,1.695,1.585,1.585
2018-01-04,00:40,not set,not set,not set,not set,20,not set,,,not set,not set,0,not set,BathroomLightCommanded,16.4,71.9,not set,not set,not set,not set,not set,not set,0,not set,5.05,4.47,164,4.45,43,16,38,14,high,normal,on,on,1.65,1.545,1.675,1.695
2018-01-04,00:40,not set,not set,not set,not set,18,not set,,,not set,not set,0,not set,BathroomLightCommanded,16.3,72.0,not set,not set,not set,not set,not set,not set,0,not set,5.05,4.47,164,4.45,42,16,38,14,high,normal,on,on,1.79,1.74,1.63,1.605
2018-01-04,00:41,not set,not set,not set,not set,23,not set,,,not set,not set,0,not set,BathroomLightCommanded,16.3,72.0,not set,not set,not set,not set,not set,not set,0,not set,5.05,4.47,164,4.45,43,16,38,14,high,normal,on,on,1.565,1.595,1.66,1.625
2018-01-04,00:41,not set,not set,not set,not set,25,not set,,,not set,not set,0,not set,BathroomLightCommanded,16.3,72.0,not set,not set,not set,not set,not set,not set,0,not set,5.05,4.47,164,4.45,43,16,38,14,high,normal,on,on,1.645,1.59,1.59,1.555
2018-01-04,00:41,not set,not set,not set,not set,22,not set,,,not set,not set,0,not set,BathroomLightCommanded,16.3,72.0,not set,not set,not set,not set,not set,not set,0,not set,5.05,4.47,164,4.45,42,16,38,15,high,normal,on,on,1.59,1.655,1.625,1.65
2018-01-04,00:42,not set,not set,not set,not set,25,not set,,,not set,not set,0,not set,BathroomLightCommanded,16.3,71.9,not set,not set,not set,not set,not set,not set,0,not set,5.05,4.47,164,4.45,42,16,39,14,high,normal,on,on,1.685,1.695,1.535,1.675
2018-01-04,00:42,not set,not set,not set,not set,22,not set,,,not set,not set,0,not set,BathroomLightCommanded,16.3,72.1,not set,not set,not set,not set,not set,not set,0,not set,5.05,4.47,164,4.45,42,17,37,14,high,normal,on,on,1.64,1.595,1.65,1.65
2018-01-04,00:43,not set,not set,not set,not set,21,not set,,,not set,not set,0,not set,BathroomLightCommanded,16.3,72.2,not set,not set,not set,not set,not set,not set,0,not set,5.05,4.47,164,4.45,42,16,38,14,high,normal,on,on,1.59,1.595,1.68,1.565
2018-01-04,00:43,not set,not set,not set,not set,14,not set,,,not set,not set,0,not set,BathroomLightCommanded,16.3,72.2,not set,not set,not set,not set,not set,not set,0,not set,5.05,4.47,164,4.45,42,16,38,14,high,normal,on,on,1.595,1.665,1.675,1.59
2018-01-04,00:43,not set,not set,not set,not set,18,not set,,,not set,not set,0,not set,BathroomLightCommanded,16.3,72.0,not set,not set,not set,not set,not set,not set,0,not set,5.05,4.47,164,4.45,42,16,38,14,high,normal,on,on,1.695,1.69,1.745,1.615
2018-01-04,00:44,not set,not set,not set,not set,17,not set,,,not set,not set,0,not set,BathroomLightCommanded,16.3,72.1,not set,not set,not set,not set,not set,not set,0,not set,5.05,4.47,164,4.45,42,17,38,14,high,normal,on,on,1.85,1.91,1.775,1.835
2018-01-04,00:44,not set,not set,not set,not set,21,not set,,,not set,not set,0,not set,BathroomLightCommanded,16.3,72.1,not set,not set,not set,not set,not set,not set,0,not set,5.05,4.47,164,4.45,42,16,37,14,high,normal,on,on,1.595,1.585,1.74,1.63
2018-01-04,00:45,not set,not set,not set,not set,18,not set,,,not set,not set,0,not set,BathroomLightCommanded,16.3,72.0,not set,not set,not set,not set,not set,not set,0,not set,5.05,4.47,164,4.45,42,16,37,14,high,normal,on,on,1.625,1.68,1.64,1.685
2018-01-04,00:45,not set,not set,not set,not set,21,not set,,,not set,not set,0,not set,BathroomLightCommanded,16.3,72.1,not set,not set,not set,not set,not set,not set,0,not set,5.05,4.47,164,4.45,42,16,38,14,high,normal,on,on,1.655,1.72,1.58,1.625
2018-01-04,00:45,not set,not set,not set,not set,22,not set,,,not set,not set,0,not set,BathroomLightCommanded,16.3,72.2,not set,not set,not set,not set,not set,not set,0,not set,5.05,4.47,164,4.45,42,16,37,14,high,normal,on,on,1.705,1.705,1.665,1.65
2018-01-04,00:46,not set,not set,not set,not set,20,not set,,,not set,not set,0,not set,BathroomLightCommanded,16.3,72.2,not set,not set,not set,not set,not set,not set,0,not set,5.05,4.47,164,4.45,42,16,37,15,high,normal,on,on,1.595,1.615,1.61,1.685
2018-01-04,00:46,not set,not set,not set,not set,23,not set,,,not set,not set,0,not set,BathroomLightCommanded,16.3,72.1,not set,not set,not set,not set,not set,not set,0,not set,5.05,4.47,164,4.45,42,16,38,15,high,normal,on,on,1.745,1.68,1.605,1.74
2018-01-04,00:46,not set,not set,not set,not set,18,not set,,,not set,not set,0,not set,BathroomLightCommanded,16.3,72.1,not set,not set,not set,not set,not set,not set,0,not set,5.05,4.47,164,4.45,42,16,38,14,high,normal,on,on,1.61,1.645,1.57,1.575
2018-01-04,00:47,not set,not set,not set,not set,21,not set,,,not set,not set,0,not set,BathroomLightCommanded,16.3,72.1,not set,not set,not set,not set,not set,not set,0,not set,5.05,4.47,164,4.45,42,16,37,14,high,normal,on,on,1.585,1.6,1.61,1.565
2018-01-04,00:47,not set,not set,not set,not set,16,not set,,,not set,not set,0,not set,BathroomLightCommanded,16.3,72.1,not set,not set,not set,not set,not set,not set,0,not set,5.05,4.47,164,4.45,42,16,37,14,high,normal,on,on,1.595,1.57,1.595,1.575
2018-01-04,00:48,not set,not set,not set,not set,13,not set,,,not set,not set,0,not set,BathroomLightCommanded,16.3,72.1,not set,not set,not set,not set,not set,not set,0,not set,5.05,4.47,164,4.45,42,16,37,14,high,normal,on,on,16.14,15.91,15.92,16.015
2018-01-04,00:48,not set,not set,not set,not set,17,not set,,,not set,not set,0,not set,BathroomLightCommanded,16.3,72.1,not set,not set,not set,not set,not set,not set,0,not set,5.05,4.47,164,4.45,42,17,37,14,high,normal,on,on,15.82,15.795,15.905,15.845
2018-01-04,00:48,not set,not set,not set,not set,18,not set,,,not set,not set,0,not set,BathroomLightCommanded,16.3,72.2,not set,not set,not set,not set,not set,not set,0,not set,5.05,4.47,164,4.45,42,16,37,15,high,normal,on,on,15.96,15.905,15.805,15.785
2018-01-04,00:49,not set,not set,not set,not set,17,not set,,,not set,not set,0,not set,BathroomLightCommanded,16.3,72.2,not set,not set,not set,not set,not set,not set,0,not set,5.05,4.47,164,4.45,42,16,37,14,high,normal,on,on,15.78,15.865,15.96,15.855
2018-01-04,00:49,not set,not set,not set,not set,25,not set,,,not set,not set,0,not set,BathroomLightCommanded,16.3,72.1,not set,not set,not set,not set,not set,not set,0,not set,5.05,4.47,164,4.45,42,16,37,14,high,normal,on,on,15.775,15.84,15.995,16.005
2018-01-04,00:49,not set,not set,not set,not set,19,not set,,,not set,not set,0,not set,BathroomLightCommanded,16.3,72.3,not set,not set,not set,not set,not set,not set,0,not set,5.05,4.47,164,4.45,42,16,38,14,high,normal,on,on,15.925,15.855,15.78,15.97
2018-01-04,00:50,not set,not set,not set,not set,21,not set,,,not set,not set,0,not set,BathroomLightCommanded,16.3,72.2,not set,not set,not set,not set,not set,not set,0,not set,5.05,4.47,164,4.45,42,16,38,14,high,normal,on,on,15.755,15.93,15.945,15.89
2018-01-04,00:50,not set,not set,not set,not set,18,not set,,,not set,not set,0,not set,BathroomLightCommanded,16.3,72.3,not set,not set,not set,not set,not set,not set,0,not set,5.05,4.47,164,4.45,42,16,38,14,high,normal,on,on,15.965,15.885,15.92,15.88
2018-01-04,00:51,not set,not set,not set,not set,16,not set,,,not set,not set,0,not set,BathroomLightCommanded,16.3,72.3,not set,not set,not set,not set,not set,not set,0,not set,5.05,4.47,164,4.45,42,16,39,14,high,normal,on,on,15.91,15.82,15.82,15.88
2018-01-04,00:51,not set,not set,not set,not set,19,not set,,,not set,not set,0,not set,BathroomLightCommanded,16.3,72.4,not set,not set,not set,not set,not set,not set,0,not set,5.05,4.47,164,4.45,42,16,39,14,high,normal,on,on,1.59,1.56,1.625,1.635
2018-01-04,00:51,not set,not set,not set,not set,15,not set,,,not set,not set,0,not set,BathroomLightCommanded,16.3,72.3,not set,not set,not set,not set,not set,not set,0,not set,5.05,4.47,164,4.45,42,15,40,15,high,normal,on,on,1.61,1.6,1.585,1.72
2018-01-04,00:52,not set,not set,not set,not set,17,not set,,,not set,not set,0,not set,BathroomLightCommanded,16.3,72.3,not set,not set,not set,not set,not set,not set,0,not set,5.05,4.47,164,4.45,42,15,40,14,high,normal,on,on,1.585,1.655,1.595,1.575
2018-01-04,00:52,not set,not set,not set,not set,23,not set,,,not set,not set,0,not set,BathroomLightCommanded,16.3,72.3,not set,not set,not set,not set,not set,not set,0,not set,5.05,4.47,164,4.45,42,15,40,14,high,normal,on,on,1.59,1.6,1.625,1.575
2018-01-04,00:52,not set,not set,not set,not set,20,not set,,,not set,not set,0,not set,BathroomLightCommanded,16.3,72.4,not set,not set,not set,not set,not set,not set,0,not set,5.05,4.47,164,4.45,42,16,40,14,high,normal,on,on,1.6,1.55,1.585,1.59
2018-01-04,00:53,not set,not set,not set,not set,19,not set,,,not set,not set,0,not set,BathroomLightCommanded,16.3,72.3,not set,not set,not set,not set,not set,not set,0,not set,5.05,4.47,164,4.45,42,15,41,14,high,normal,on,on,1.84,1.895,1.88,1.89
2018-01-04,00:53,not set,not set,not set,not set,23,not set,,,not set,not set,0,not set,BathroomLightCommanded,16.3,72.3,not set,not set,not set,not set,not set,not set,0,not set,5.05,4.47,164,4.45,42,15,41,14,high,normal,on,on,1.645,1.88,1.665,1.635
2018-01-04,00:54,not set,not set,not set,not set,18,not set,,,not set,not set,0,not set,BathroomLightCommanded,16.3,72.3,not set,not set,not set,not set,not set,not set,0,not set,5.05,4.47,164,4.45,42,15,41,14,high,normal,on,on,1.595,1.685,1.61,1.685
2018-01-04,00:54,not set,not set,not set,not set,15,not set,,,not set,not set,0,not set,BathroomLightCommanded,16.3,72.1,not set,not set,not set,not set,not set,not set,0,not set,5.05,4.47,164,4.45,42,15,42,14,high,normal,on,on,1.65,1.555,1.705,1.645
2018-01-04,00:54,not set,not set,not set,not set,13,not set,,,not set,not set,0,not set,BathroomLightCommanded,16.3,72.2,not set,not set,not set,not set,not set,not set,0,not set,5.05,4.47,164,4.45,42,15,41,14,high,normal,on,on,1.6,1.605,1.58,1.665
2018-01-04,00:55,not set,not set,not set,not set,15,not set,,,not set,not set,0,not set,BathroomLightCommanded,16.3,72.4,not set,not set,not set,not set,not set,not set,0,not set,5.05,4.47,164,4.45,42,15,42,15,high,normal,on,on,1.59,1.645,1.63,1.655
2018-01-04,00:55,not set,not set,not set,not set,19,not set,,,not set,not set,0,not set,BathroomLightCommanded,16.3,72.4,not set,not set,not set,not set,not set,not set,0,not set,5.05,4.47,164,4.45,42,15,42,14,high,normal,on,on,1.625,1.66,1.635,1.63
2018-01-04,00:56,not set,not set,not set,not set,19,not set,,,not set,not set,0,not set,BathroomLightCommanded,16.3,72.3,not set,not set,not set,not set,not set,not set,0,not set,5.05,4.47,164,4.45,42,15,42,14,high,normal,on,on,1.62,1.64,1.635,1.615
2018-01-04,00:56,not set,not set,not set,not set,21,not set,,,not set,not set,0,not set,BathroomLightCommanded,16.2,72.3,not set,not set,not set,not set,not set,not set,0,not set,5.05,4.47,164,4.45,42,15,42,14,high,normal,on,on,1.585,1.61,1.665,1.71
2018-01-04,00:56,not set,not set,not set,not set,20,not set,,,not set,not set,0,not set,BathroomLightCommanded,16.3,72.5,not set,not set,not set,not set,not set,not set,0,not set,5.05,4.47,164,4.45,42,15,42,14,high,normal,on,on,1.595,1.625,1.61,1.59
2018-01-04,00:57,not set,not set,not set,not set,22,not set,,,not set,not set,0,not set,BathroomLightCommanded,16.3,72.4,not set,not set,not set,not set,not set,not set,0,not set,5.05,4.47,164,4.45,42,15,42,15,high,normal,on,on,1.58,1.63,1.625,1.615
2018-01-04,00:57,not set,not set,not set,not set,23,not set,,,not set,not set,0,not set,BathroomLightCommanded,16.2,72.2,not set,not set,not set,not set,not set,not set,0,not set,5.05,4.47,164,4.45,42,15,42,14,high,normal,on,on,1.66,1.615,1.565,1.66
2018-01-04,00:57,not set,not set,not set,not set,18,not set,,,not set,not set,0,not set,BathroomLightCommanded,16.2,72.3,not set,not set,not set,not set,not set,not set,0,not set,5.05,4.47,164,4.45,43,15,42,14,high,normal,on,on,1.595,1.655,1.6,1.585
2018-01-04,00:58,not set,not set,not set,not set,20,not set,,,not set,not set,0,not set,BathroomLightCommanded,16.2,72.3,not set,not set,not set,not set,not set,not set,0,not set,5.05,4.47,164,4.45,42,15,42,14,high,normal,on,on,1.62,1.625,1.73,1.61
2018-01-04,00:58,not set,not set,not set,not set,17,not set,,,not set,not set,0,not set,BathroomLightCommanded,16.3,72.5,not set,not set,not set,not set,not set,not set,0,not set,5.05,4.47,164,4.45,42,15,42,14,high,normal,on,on,1.605,1.585,1.585,1.605
2018-01-04,00:59,not set,not set,not set,not set,16,not set,,,not set,not set,0,not set,BathroomLightCommanded,16.2,72.4,not set,not set,not set,not set,not set,not set,0,not set,5.05,4.47,164,4.45,42,15,42,14,high,normal,on,on,1.61,1.64,1.625,1.655
2018-01-04,00:59,not set,not set,not set,not set,17,not set,,,not set,not set,0,not set,BathroomLightCommanded,16.3,72.4,not set,not set,not set,not set,not set,not set,0,not set,5.05,4.47,164,4.45,43,15,42,14,high,normal,on,on,1.58,1.62,1.575,1.61
2018-01-04,00:59,not set,not set,not set,not set,17,not set,,,not set,not set,0,not set,BathroomLightCommanded,16.3,72.5,not set,not set,not set,not set,not set,not set,0,not set,5.05,4.47,164,4.45,43,15,42,15,high,normal,on,on,1.58,1.57,1.595,1.575
2018-01-04,01:00,not set,not set,not set,not set,14,not set,,,not set,not set,0,not set,BathroomLightCommanded,16.3,72.5,not set,not set,not set,not set,not set,not set,0,not set,5.05,4.47,164,4.45,42,15,43,14,high,normal,on,on,1.58,1.56,1.585,1.61
2018-01-04,01:00,not set,not set,not set,not set,14,not set,,,not set,not set,0,not set,BathroomLightCommanded,16.2,72.3,not set,not set,not set,not set,not set,not set,0,not set,5.05,4.47,164,4.45,43,15,42,14,high,normal,on,on,1.6,1.57,1.545,1.645
2018-01-04,01:01,not set,not set,not set,not set,18,not set,,,not set,not set,0,not set,BathroomLightCommanded,16.3,72.4,not set,not set,not set,not set,not set,not set,0,not set,5.05,4.47,164,4.45,42,15,42,14,high,normal,on,on,1.715,1.59,1.605,1.59
2018-01-04,01:01,not set,not set,not set,not set,23,not set,,,not set,not set,0,not set,BathroomLightCommanded,16.2,72.3,not set,not set,not set,not set,not set,not set,0,not set,5.05,4.47,164,4.45,43,16,42,14,high,normal,on,on,1.695,1.62,1.705,1.695
2018-01-04,01:01,not set,not set,not set,not set,20,not set,,,not set,not set,0,not set,BathroomLightCommanded,16.3,72.5,not set,not set,not set,not set,not set,not set,0,not set,5.05,4.47,164,4.45,43,15,42,14,high,normal,on,on,1.61,1.58,1.565,1.59
2018-01-04,01:02,not set,not set,not set,not set,21,not set,,,not set,not set,0,not set,BathroomLightCommanded,16.3,72.4,not set,not set,not set,not set,not set,not set,0,not set,5.05,4.47,164,4.45,43,15,42,14,high,normal,on,on,1.585,1.6,1.555,1.715
2018-01-04,01:02,not set,not set,not set,not set,21,not set,,,not set,not set,0,not set,BathroomLightCommanded,16.2,72.3,not set,not set,not set,not set,not set,not set,0,not set,5.05,4.47,164,4.45,43,15,42,14,high,normal,on,on,1.58,1.585,1.575,1.555
2018-01-04,01:02,not set,not set,not set,not set,17,not set,,,not set,not set,0,not set,BathroomLightCommanded,16.2,72.3,not set,not set,not set,not set,not set,not set,0,not set,5.05,4.47,164,4.45,43,15,42,14,high,normal,on,on,1.595,1.575,1.62,1.58
2018-01-04,01:03,not set,not set,not set,not set,17,not set,,,not set,not set,0,not set,BathroomLightCommanded,16.2,72.3,not set,not set,not set,not set,not set,not set,0,not set,5.05,4.47,164,4.45,42,16,43,14,high,normal,on,on,1.6,1.59,1.595,1.63
2018-01-04,01:03,not set,not set,not set,not set,7,not set,,,not set,not set,0,not set,BathroomLightCommanded,16.2,72.4,not set,not set,not set,not set,not set,not set,0,not set,5.05,4.47,164,4.45,43,15,42,14,high,normal,on,on,1.295,1.29,1.21,1.175
2018-01-04,01:04,not set,not set,not set,not set,301,not set,,,not set,not set,359,not set,BathroomLightCommanded,16.3,72.5,not set,not set,not set,not set,not set,not set,0,not set,5.05,4.47,164,4.45,44,16,43,14,high,normal,on,on,1.215,1.24,1.22,1.215
2018-01-04,01:04,not set,not set,not set,not set,290,not set,,,not set,not set,375,not set,BathroomLightCommanded,16.3,72.5,not set,not set,not set,not set,not set,not set,0,not set,5.05,4.47,164,4.45,48,16,42,14,high,normal,on,on,1.235,1.215,1.225,1.235
2018-01-04,01:04,not set,not set,not set,not set,312,not set,,,not set,not set,368,not set,BathroomLightCommanded,16.3,72.3,not set,not set,not set,not set,not set,not set,0,not set,5.05,4.47,164,4.45,49,15,42,14,high,normal,on,on,1.82,1.805,1.815,1.82
2018-01-04,01:05,not set,not set,not set,not set,311,not set,,,not set,not set,368,not set,BathroomLightCommanded,16.3,71.8,not set,not set,not set,not set,not set,not set,0,not set,5.05,4.47,164,4.45,50,15,42,14,high,normal,on,on,1.95,1.965,1.965,1.955
2018-01-04,01:05,not set,not set,not set,not set,309,not set,,,not set,not set,367,not set,BathroomLightCommanded,16.3,71.1,not set,not set,not set,not set,not set,not set,0,not set,5.05,4.47,164,4.45,50,15,42,14,high,normal,on,on,2.375,2.11,2.33,2.255
2018-01-04,01:06,not set,not set,not set,not set,311,not set,,,not set,not set,365,not set,BathroomLightCommanded,16.4,70.6,not set,not set,not set,not set,not set,not set,0,not set,5.05,4.47,164,4.45,50,16,42,14,high,normal,on,on,1.495,1.5,1.495,1.49
2018-01-04,01:06,not set,not set,not set,not set,308,not set,,,not set,not set,365,not set,BathroomLightCommanded,16.5,70.2,not set,not set,not set,not set,not set,not set,0,not set,5.05,4.47,164,4.45,50,15,41,15,high,normal,on,on,1.49,1.515,1.485,1.49
2018-01-04,01:06,not set,not set,not set,not set,7,not set,,,not set,not set,363,not set,BathroomLightCommanded,16.6,69.8,not set,not set,not set,not set,not set,not set,0,not set,5.05,4.47,164,4.45,50,16,42,14,high,normal,on,on,1.46,1.46,1.46,1.46
2018-01-04,01:07,not set,not set,not set,not set,0,not set,,,not set,not set,0,not set,BathroomLightCommanded,16.6,69.4,not set,not set,not set,not set,not set,not set,0,not set,5.05,4.47,164,4.45,50,16,41,14,high,normal,on,on,1.445,1.455,1.45,1.465
2018-01-04,01:07,not set,not set,not set,not set,0,not set,,,not set,not set,0,not set,BathroomLightCommanded,16.7,69.3,not set,not set,not set,not set,not set,not set,0,not set,5.05,4.47,164,4.45,50,16,42,14,high,normal,on,on,1.465,1.46,1.445,1.475
2018-01-04,01:07,not set,not set,not set,not set,0,not set,,,not set,not set,0,not set,BathroomLightCommanded,16.7,69.0,not set,not set,not set,not set,not set,not set,0,not set,5.05,4.47,164,4.45,49,16,41,14,high,normal,on,on,1.445,1.455,1.455,1.45
2018-01-04,01:08,not set,not set,not set,not set,0,not set,,,not set,not set,0,not set,BathroomLightCommanded,16.8,69.0,not set,not set,not set,not set,not set,not set,0,not set,5.05,4.47,164,4.45,49,16,41,14,high,normal,on,on,1.45,1.45,1.455,1.46
2018-01-04,01:08,not set,not set,not set,not set,0,not set,,,not set,not set,0,not set,BathroomLightCommanded,16.8,68.8,not set,not set,not set,not set,not set,not set,0,not set,5.05,4.47,164,4.45,49,16,41,14,high,normal,on,on,1.45,1.45,1.455,1.46
2018-01-04,01:09,not set,not set,not set,not set,0,not set,,,not set,not set,0,not set,BathroomLightCommanded,16.8,68.5,not set,not set,not set,not set,not set,not set,0,not set,5.05,4.47,164,4.45,49,16,41,14,high,normal,on,on,1.46,1.44,1.45,1.46
2018-01-04,01:09,not set,not set,not set,not set,1,not set,,,not set,not set,0,not set,BathroomLightCommanded,16.8,68.2,not set,not set,not set,not set,not set,not set,0,not set,5.05,4.47,164,4.45,49,16,41,14,high,normal,on,on,0.95,0.945,0.95,0.945
2018-01-04,01:09,not set,not set,not set,not set,0,not set,,,not set,not set,0,not set,BathroomLightCommanded,16.8,68.1,not set,not set,not set,not set,not set,not set,0,not set,5.05,4.47,164,4.45,48,17,41,14,high,normal,on,on,0.95,0.95,0.95,0.94
2018-01-04,01:10,not set,not set,not set,not set,0,not set,,,not set,not set,0,not set,BathroomLightCommanded,16.9,68.0,not set,not set,not set,not set,not set,not set,0,not set,5.05,4.47,164,4.45,48,16,41,14,high,normal,on,on,0.955,0.95,0.95,0.94
2018-01-04,01:10,not set,not set,not set,not set,0,not set,,,not set,not set,0,not set,BathroomLightCommanded,16.9,67.8,not set,not set,not set,not set,not set,not set,0,not set,5.05,4.47,164,4.45,48,16,41,14,high,normal,on,on,0.95,0.945,0.95,0.965
2018-01-04,01:10,not set,not set,not set,not set,0,not set,,,not set,not set,0,not set,BathroomLightCommanded,16.9,67.6,not set,not set,not set,not set,not set,not set,0,not set,5.05,4.47,164,4.45,48,16,40,14,high,normal,on,on,0.96,0.95,0.945,0.94
2018-01-04,01:11,not set,not set,not set,not set,0,not set,,,not set,not set,0,not set,BathroomLightCommanded,17.0,67.5,not set,not set,not set,not set,not set,not set,0,not set,5.05,4.47,164,4.45,48,16,40,14,high,normal,on,on,0.94,0.955,0.95,0.955
2018-01-04,01:11,not set,not set,not set,not set,0,not set,,,not set,not set,0,not set,BathroomLightCommanded,16.9,67.4,not set,not set,not set,not set,not set,not set,0,not set,5.05,4.47,164,4.45,48,16,41,14,high,normal,on,on,0.95,0.94,0.94,0.96
2018-01-04,01:12,not set,not set,not set,not set,0,not set,,,not set,not set,0,not set,BathroomLightCommanded,16.9,67.4,not set,not set,not set,not set,not set,not set,0,not set,5.05,4.47,164,4.45,48,16,40,14,high,normal,on,on,0.945,0.935,0.955,0.965
2018-01-04,01:12,not set,not set,not set,not set,0,not set,,,not set,not set,0,not set,BathroomLightCommanded,17.0,67.4,not set,not set,not set,not set,not set,not set,0,not set,5.05,4.47,164,4.45,47,16,40,14,high,normal,on,on,0.94,0.935,0.95,0.945
2018-01-04,01:12,not set,not set,not set,not set,0,not set,,,not set,not set,0,not set,BathroomLightCommanded,17.0,67.4,not set,not set,not set,not set,not set,not set,0,not set,5.05,4.47,164,4.45,47,16,40,14,high,normal,on,on,0.945,0.94,0.935,0.955
2018-01-04,01:13,not set,not set,not set,not set,0,not set,,,not set,not set,0,not set,BathroomLightCommanded,17.0,67.4,not set,not set,not set,not set,not set,not set,0,not set,5.05,4.47,164,4.45,47,16,40,14,high,normal,on,on,0.95,0.95,0.95,0.945
2018-01-04,01:13,not set,not set,not set,not set,1,not set,,,not set,not set,0,not set,BathroomLightCommanded,17.0,67.3,not set,not set,not set,not set,not set,not set,0,not set,5.05,4.47,164,4.45,47,16,40,14,high,normal,on,on,0.955,0.955,0.945,0.955
2018-01-04,01:14,not set,not set,not set,not set,0,not set,,,not set,not set,0,not set,BathroomLightCommanded,17.0,67.3,not set,not set,not set,not set,not set,not set,0,not set,5.05,4.47,164,4.45,47,16,40,14,high,normal,on,on,0.955,0.96,0.95,0.95
2018-01-04,01:14,not set,not set,not set,not set,0,not set,,,not set,not set,0,not set,BathroomLightCommanded,17.0,67.2,not set,not set,not set,not set,not set,not set,0,not set,5.05,4.47,164,4.45,47,16,40,14,high,normal,on,on,0.95,0.95,0.945,0.955
2018-01-04,01:14,not set,not set,not set,not set,0,not set,,,not set,not set,0,not set,BathroomLightCommanded,17.0,67.1,not set,not set,not set,not set,not set,not set,0,not set,5.05,4.47,164,4.45,47,16,40,14,high,normal,on,on,0.945,0.95,0.935,0.945
2018-01-04,01:15,not set,not set,not set,not set,0,not set,,,not set,not set,0,not set,BathroomLightCommanded,17.0,67.4,not set,not set,not set,not set,not set,not set,0,not set,5.05,4.47,164,4.45,47,16,40,14,high,normal,on,on,0.95,0.93,0.945,0.955
2018-01-04,01:15,not set,not set,not set,not set,0,not set,,,not set,not set,0,not set,BathroomLightCommanded,17.0,67.1,not set,not set,not set,not set,not set,not set,0,not set,5.05,4.47,164,4.45,47,16,40,14,high,normal,on,on,0.94,0.95,0.96,0.945
2018-01-04,01:15,not set,not set,not set,not set,0,not set,,,not set,not set,0,not set,BathroomLightCommanded,17.0,67.0,not set,not set,not set,not set,not set,not set,0,not set,5.05,4.47,164,4.45,47,16,40,14,high,normal,on,on,0.945,0.95,0.955,0.945
2018-01-04,01:16,not set,not set,not set,not set,0,not set,,,not set,not set,0,not set,BathroomLightCommanded,17.0,67.2,not set,not set,not set,not set,not set,not set,0,not set,5.05,4.47,164,4.45,46,16,40,14,high,normal,on,on,0.94,0.945,0.94,0.94
2018-01-04,01:16,not set,not set,not set,not set,0,not set,,,not set,not set,0,not set,BathroomLightCommanded,17.0,67.1,not set,not set,not set,not set,not set,not set,0,not set,5.05,4.47,164,4.45,46,16,40,14,high,normal,on,on,0.94,0.935,0.94,0.925
2018-01-04,01:17,not set,not set,not set,not set,0,not set,,,not set,not set,0,not set,BathroomLightCommanded,17.0,67.3,not set,not set,not set,not set,not set,not set,0,not set,5.05,4.47,164,4.45,46,16,40,15,high,normal,on,on,0.945,0.95,0.95,0.945
2018-01-04,01:17,not set,not set,not set,not set,0,not set,,,not set,not set,0,not set,BathroomLightCommanded,17.0,67.3,not set,not set,not set,not set,not set,not set,0,not set,5.05,4.47,164,4.45,46,16,40,14,high,normal,on,on,0.94,0.945,0.95,0.95
2018-01-04,01:17,not set,not set,not set,not set,0,not set,,,not set,not set,0,not set,BathroomLightCommanded,17.0,67.3,not set,not set,not set,not set,not set,not set,0,not set,5.05,4.47,164,4.45,46,16,40,14,high,normal,on,on,0.94,0.96,0.95,0.955
2018-01-04,01:18,not set,not set,not set,not set,0,not set,,,not set,not set,0,not set,BathroomLightCommanded,17.0,67.2,not set,not set,not set,not set,not set,not set,0,not set,5.05,4.47,164,4.45,46,17,40,14,high,normal,on,on,0.955,0.95,0.945,0.945
2018-01-04,01:18,not set,not set,not set,not set,0,not set,,,not set,not set,0,not set,BathroomLightCommanded,17.0,67.2,not set,not set,not set,not set,not set,not set,0,not set,5.05,4.47,164,4.45,46,16,40,14,high,normal,on,on,0.945,0.94,0.945,0.945
2018-01-04,01:19,not set,not set,not set,not set,0,not set,,,not set,not set,0,not set,BathroomLightCommanded,17.0,67.2,not set,not set,not set,not set,not set,not set,0,not set,5.05,4.47,164,4.45,46,16,40,14,high,normal,on,on,0.955,0.945,0.935,0.94
2018-01-04,01:19,not set,not set,not set,not set,0,not set,,,not set,not set,0,not set,BathroomLightCommanded,17.0,67.3,not set,not set,not set,not set,not set,not set,0,not set,5.05,4.47,164,4.45,46,16,40,14,high,normal,on,on,0.94,0.955,0.945,0.95
2018-01-04,01:19,not set,not set,not set,not set,0,not set,,,not set,not set,0,not set,BathroomLightCommanded,17.0,67.3,not set,not set,not set,not set,not set,not set,0,not set,5.05,4.47,164,4.45,46,16,40,14,high,normal,on,on,0.935,0.96,0.95,0.935
2018-01-04,01:20,not set,not set,not set,not set,0,not set,,,not set,not set,0,not set,BathroomLightCommanded,17.0,67.2,not set,not set,not set,not set,not set,not set,0,not set,5.05,4.47,164,4.45,46,16,40,15,high,normal,on,on,0.94,0.945,0.955,0.94
2018-01-04,01:20,not set,not set,not set,not set,0,not set,,,not set,not set,0,not set,BathroomLightCommanded,17.0,67.2,not set,not set,not set,not set,not set,not set,0,not set,5.05,4.47,164,4.45,46,16,40,15,high,normal,on,on,0.95,0.945,0.935,0.945
2018-01-04,01:21,not set,not set,not set,not set,0,not set,,,not set,not set,0,not set,BathroomLightCommanded,16.9,67.3,not set,not set,not set,not set,not set,not set,0,not set,5.05,4.47,164,4.45,46,16,40,14,high,normal,on,on,0.935,0.935,0.945,0.935
2018-01-04,01:21,not set,not set,not set,not set,0,not set,,,not set,not set,0,not set,BathroomLightCommanded,16.9,67.4,not set,not set,not set,not set,not set,not set,0,not set,5.05,4.47,164,4.45,46,16,40,14,high,normal,on,on,0.935,0.935,0.94,0.955
2018-01-04,01:21,not set,not set,not set,not set,0,not set,,,not set,not set,0,not set,BathroomLightCommanded,16.9,67.4,not set,not set,not set,not set,not set,not set,0,not set,5.05,4.47,164,4.45,45,16,40,14,high,normal,on,on,0.955,0.945,0.945,0.945
2018-01-04,01:22,not set,not set,not set,not set,0,not set,,,not set,not set,0,not set,BathroomLightCommanded,16.9,67.4,not set,not set,not set,not set,not set,not set,0,not set,5.05,4.47,164,4.45,45,17,40,14,high,normal,on,on,0.93,0.935,0.95,0.945
2018-01-04,01:22,not set,not set,not set,not set,0,not set,,,not set,not set,0,not set,BathroomLightCommanded,17.0,67.4,not set,not set,not set,not set,not set,not set,0,not set,5.05,4.47,164,4.45,45,16,40,14,high,normal,on,on,0.935,0.95,0.95,0.94
2018-01-04,01:22,not set,not set,not set,not set,0,not set,,,not set,not set,0,not set,BathroomLightCommanded,17.0,67.4,not set,not set,not set,not set,not set,not set,0,not set,5.05,4.47,164,4.45,45,16,39,15,high,normal,on,on,0.95,0.96,0.935,0.94
2018-01-04,01:23,not set,not set,not set,not set,0,not set,,,not set,not set,0,not set,BathroomLightCommanded,17.0,67.4,not set,not set,not set,not set,not set,not set,0,not set,5.05,4.47,164,4.45,45,16,40,14,high,normal,on,on,0.95,0.945,0.94,0.95
2018-01-04,01:23,not set,not set,not set,not set,0,not set,,,not set,not set,0,not set,BathroomLightCommanded,16.9,67.4,not set,not set,not set,not set,not set,not set,0,not set,5.05,4.47,164,4.45,45,16,40,14,high,normal,on,on,0.935,0.94,0.945,0.95
2018-01-04,01:24,not set,not set,not set,not set,0,not set,,,not set,not set,0,not set,BathroomLightCommanded,16.9,67.4,not set,not set,not set,not set,not set,not set,0,not set,5.05,4.47,164,4.45,46,16,39,15,high,normal,on,on,0.94,0.94,0.95,0.955
2018-01-04,01:24,not set,not set,not set,not set,0,not set,,,not set,not set,0,not set,BathroomLightCommanded,16.9,67.4,not set,not set,not set,not set,not set,not set,0,not set,5.05,4.47,164,4.45,45,16,40,14,high,normal,on,on,0.94,0.945,0.94,0.935
2018-01-04,01:24,not set,not set,not set,not set,0,not set,,,not set,not set,0,not set,BathroomLightCommanded,16.9,67.5,not set,not set,not set,not set,not set,not set,0,not set,5.05,4.47,164,4.45,45,16,40,14,high,normal,on,on,0.95,0.945,0.955,0.94
2018-01-04,01:25,not set,not set,not set,not set,0,not set,,,not set,not set,0,not set,BathroomLightCommanded,16.9,67.6,not set,not set,not set,not set,not set,not set,0,not set,5.05,4.47,164,4.45,45,16,40,14,high,normal,on,on,0.955,0.935,0.94,0.95
2018-01-04,01:25,not set,not set,not set,not set,0,not set,,,not set,not set,0,not set,BathroomLightCommanded,16.9,67.5,not set,not set,not set,not set,not set,not set,0,not set,5.05,4.47,164,4.45,45,16,39,14,high,normal,on,on,0.945,0.945,0.94,0.96
2018-01-04,01:26,not set,not set,not set,not set,0,not set,,,not set,not set,0,not set,BathroomLightCommanded,16.9,67.5,not set,not set,not set,not set,not set,not set,0,not set,5.05,4.47,164,4.45,45,16,40,14,high,normal,on,on,0.93,0.95,0.93,0.955
2018-01-04,01:26,not set,not set,not set,not set,0,not set,,,not set,not set,0,not set,BathroomLightCommanded,16.9,67.5,not set,not set,not set,not set,not set,not set,0,not set,5.05,4.47,164,4.45,45,16,41,14,high,normal,on,on,0.94,0.94,0.945,0.945
2018-01-04,01:26,not set,not set,not set,not set,0,not set,,,not set,not set,0,not set,BathroomLightCommanded,16.9,67.5,not set,not set,not set,not set,not set,not set,0,not set,5.05,4.47,164,4.45,45,16,39,14,high,normal,on,on,0.935,0.95,0.935,0.935
2018-01-04,01:27,not set,not set,not set,not set,0,not set,,,not set,not set,0,not set,BathroomLightCommanded,16.9,67.6,not set,not set,not set,not set,not set,not set,0,not set,5.05,4.47,164,4.45,45,16,39,14,high,normal,on,on,0.945,0.955,0.95,0.945
2018-01-04,01:27,not set,not set,not set,not set,0,not set,,,not set,not set,0,not set,BathroomLightCommanded,16.9,67.5,not set,not set,not set,not set,not set,not set,0,not set,5.05,4.47,164,4.45,45,16,39,14,high,normal,on,on,0.95,0.945,0.93,0.935
2018-01-04,01:27,not set,not set,not set,not set,0,not set,,,not set,not set,0,not set,BathroomLightCommanded,16.9,67.5,not set,not set,not set,not set,not set,not set,0,not set,5.05,4.47,164,4.45,45,16,39,14,high,normal,on,on,0.935,0.945,0.94,0.95
2018-01-04,01:28,not set,not set,not set,not set,0,not set,,,not set,not set,0,not set,BathroomLightCommanded,16.9,67.5,not set,not set,not set,not set,not set,not set,0,not set,5.05,4.47,164,4.45,45,16,39,14,high,normal,on,on,0.935,0.94,0.945,0.95
2018-01-04,01:28,not set,not set,not set,not set,0,not set,,,not set,not set,0,not set,BathroomLightCommanded,16.9,67.8,not set,not set,not set,not set,not set,not set,0,not set,5.05,4.47,164,4.45,45,16,39,14,high,normal,on,on,0.935,0.94,0.94,0.945
2018-01-04,01:29,not set,not set,not set,not set,0,not set,,,not set,not set,0,not set,BathroomLightCommanded,16.9,67.6,not set,not set,not set,not set,not set,not set,0,not set,5.05,4.47,164,4.45,45,16,39,14,high,normal,on,on,0.94,0.95,0.94,0.94
2018-01-04,01:29,not set,not set,not set,not set,0,not set,,,not set,not set,0,not set,BathroomLightCommanded,16.9,67.5,not set,not set,not set,not set,not set,not set,0,not set,5.05,4.47,164,4.45,45,16,39,14,high,normal,on,on,0.945,0.945,0.94,0.945
2018-01-04,01:29,not set,not set,not set,not set,0,not set,,,not set,not set,0,not set,BathroomLightCommanded,16.9,67.6,not set,not set,not set,not set,not set,not set,0,not set,5.05,4.47,164,4.45,45,16,39,14,high,normal,on,on,0.955,0.94,0.945,0.93
2018-01-04,01:30,not set,not set,not set,not set,0,not set,,,not set,not set,0,not set,BathroomLightCommanded,16.9,67.4,not set,not set,not set,not set,not set,not set,0,not set,5.05,4.47,164,4.45,44,16,39,14,high,normal,on,on,0.955,0.95,0.945,0.935
2018-01-04,01:30,not set,not set,not set,not set,0,not set,,,not set,not set,0,not set,BathroomLightCommanded,16.9,67.5,not set,not set,not set,not set,not set,not set,0,not set,5.05,4.47,164,4.45,44,16,39,14,high,normal,on,on,0.94,0.94,0.935,0.94
2018-01-04,01:31,not set,not set,not set,not set,0,not set,,,not set,not set,0,not set,BathroomLightCommanded,16.9,67.5,not set,not set,not set,not set,not set,not set,0,not set,5.05,4.47,164,4.45,45,16,39,14,high,normal,on,on,0.94,0.94,0.96,0.95
2018-01-04,01:31,not set,not set,not set,not set,0,not set,,,not set,not set,0,not set,BathroomLightCommanded,16.9,67.5,not set,not set,not set,not set,not set,not set,0,not set,5.05,4.47,164,4.45,45,16,39,14,high,normal,on,on,0.94,0.93,0.955,0.94
2018-01-04,01:31,not set,not set,not set,not set,0,not set,,,not set,not set,0,not set,BathroomLightCommanded,16.9,67.6,not set,not set,not set,not set,not set,not set,0,not set,5.05,4.47,164,4.45,45,16,39,14,high,normal,on,on,0.95,0.94,0.94,0.955
2018-01-04,01:32,not set,not set,not set,not set,0,not set,,,not set,not set,0,not set,BathroomLightCommanded,16.9,67.6,not set,not set,not set,not set,not set,not set,0,not set,5.05,4.47,164,4.45,45,16,39,14,high,normal,on,on,0.965,0.945,0.945,0.945
2018-01-04,01:32,not set,not set,not set,not set,0,not set,,,not set,not set,0,not set,BathroomLightCommanded,16.9,67.6,not set,not set,not set,not set,not set,not set,0,not set,5.05,4.47,164,4.45,44,16,40,14,high,normal,on,on,0.94,0.955,0.945,0.95
2018-01-04,01:32,not set,not set,not set,not set,0,not set,,,not set,not set,0,not set,BathroomLightCommanded,16.9,67.9,not set,not set,not set,not set,not set,not set,0,not set,5.05,4.47,164,4.45,44,16,39,14,high,normal,on,on,0.955,0.945,0.945,0.94
2018-01-04,01:33,not set,not set,not set,not set,0,not set,,,not set,not set,0,not set,BathroomLightCommanded,16.9,67.6,not set,not set,not set,not set,not set,not set,0,not set,5.05,4.47,164,4.45,44,16,39,14,high,normal,on,on,0.935,0.95,0.945,0.96
2018-01-04,01:33,not set,not set,not set,not set,0,not set,,,not set,not set,0,not set,BathroomLightCommanded,16.9,67.6,not set,not set,not set,not set,not set,not set,0,not set,5.05,4.47,164,4.45,44,16,39,14,high,normal,on,on,0.94,0.94,0.935,0.945
2018-01-04,01:34,not set,not set,not set,not set,0,not set,,,not set,not set,0,not set,BathroomLightCommanded,16.9,67.6,not set,not set,not set,not set,not set,not set,0,not set,5.05,4.47,164,4.45,44,16,39,14,high,normal,on,on,0.935,0.935,0.925,0.95
2018-01-04,01:34,not set,not set,not set,not set,1,not set,,,not set,not set,0,not set,BathroomLightCommanded,16.9,67.6,not set,not set,not set,not set,not set,not set,0,not set,5.05,4.47,164,4.45,44,16,39,14,high,normal,on,on,0.955,0.935,0.94,0.93
2018-01-04,01:34,not set,not set,not set,not set,0,not set,,,not set,not set,0,not set,BathroomLightCommanded,16.8,67.6,not set,not set,not set,not set,not set,not set,0,not set,5.05,4.47,164,4.45,45,16,39,14,high,normal,on,on,0.95,0.94,0.945,0.925
2018-01-04,01:35,not set,not set,not set,not set,0,not set,,,not set,not set,0,not set,BathroomLightCommanded,16.8,67.6,not set,not set,not set,not set,not set,not set,0,not set,5.05,4.47,164,4.45,44,16,39,14,high,normal,on,on,0.935,0.945,0.95,0.95
2018-01-04,01:35,not set,not set,not set,not set,0,not set,,,not set,not set,0,not set,BathroomLightCommanded,16.8,67.6,not set,not set,not set,not set,not set,not set,0,not set,5.05,4.47,164,4.45,44,16,39,14,high,normal,on,on,0.945,0.95,0.945,0.93
2018-01-04,01:36,not set,not set,not set,not set,0,not set,,,not set,not set,0,not set,BathroomLightCommanded,16.8,67.6,not set,not set,not set,not set,not set,not set,0,not set,5.05,4.47,164,4.45,44,16,39,14,high,normal,on,on,0.935,0.94,0.93,0.935
2018-01-04,01:36,not set,not set,not set,not set,0,not set,,,not set,not set,0,not set,BathroomLightCommanded,16.8,67.5,not set,not set,not set,not set,not set,not set,0,not set,5.05,4.47,164,4.45,44,16,39,14,high,normal,on,on,0.945,0.955,0.93,0.945
2018-01-04,01:36,not set,not set,not set,not set,0,not set,,,not set,not set,0,not set,BathroomLightCommanded,16.8,67.5,not set,not set,not set,not set,not set,not set,0,not set,5.05,4.47,164,4.45,44,16,39,14,high,normal,on,on,0.935,0.955,0.95,0.955
2018-01-04,01:37,not set,not set,not set,not set,0,not set,,,not set,not set,0,not set,BathroomLightCommanded,16.8,67.5,not set,not set,not set,not set,not set,not set,0,not set,5.05,4.47,164,4.45,45,16,39,14,high,normal,on,on,0.94,0.94,0.935,0.935
2018-01-04,01:37,not set,not set,not set,not set,1,not set,,,not set,not set,0,not set,BathroomLightCommanded,16.8,67.5,not set,not set,not set,not set,not set,not set,0,not set,5.05,4.47,164,4.45,44,16,39,15,high,normal,on,on,0.94,0.94,0.925,0.94
2018-01-04,01:37,not set,not set,not set,not set,0,not set,,,not set,not set,0,not set,BathroomLightCommanded,16.8,67.4,not set,not set,not set,not set,not set,not set,0,not set,5.05,4.47,164,4.45,44,16,39,14,high,normal,on,on,1.045,1.045,1.05,1.045
2018-01-04,01:38,not set,not set,not set,not set,0,not set,,,not set,not set,0,not set,BathroomLightCommanded,16.8,67.5,not set,not set,not set,not set,not set,not set,0,not set,5.05,4.47,164,4.45,44,16,39,14,high,normal,on,on,1.02,1.025,1.03,1.03
2018-01-04,01:38,not set,not set,not set,not set,0,not set,,,not set,not set,0,not set,BathroomLightCommanded,16.8,67.5,not set,not set,not set,not set,not set,not set,0,not set,5.05,4.47,164,4.45,44,16,39,14,high,normal,on,on,1.04,1.03,1.02,1.04
2018-01-04,01:39,not set,not set,not set,not set,0,not set,,,not set,not set,0,not set,BathroomLightCommanded,16.8,67.6,not set,not set,not set,not set,not set,not set,0,not set,5.05,4.47,164,4.45,45,16,39,14,high,normal,on,on,1.025,1.03,1.03,1.03
2018-01-04,01:39,not set,not set,not set,not set,0,not set,,,not set,not set,0,not set,BathroomLightCommanded,16.8,67.7,not set,not set,not set,not set,not set,not set,0,not set,5.05,4.47,164,4.45,44,16,39,14,high,normal,on,on,1.025,1.025,1.02,1.02
2018-01-04,01:39,not set,not set,not set,not set,0,not set,,,not set,not set,0,not set,BathroomLightCommanded,16.8,67.5,not set,not set,not set,not set,not set,not set,0,not set,5.05,4.47,164,4.45,44,17,39,14,high,normal,on,on,1.015,1.015,1.005,1.015
2018-01-04,01:40,not set,not set,not set,not set,1,not set,,,not set,not set,0,not set,BathroomLightCommanded,16.8,67.6,not set,not set,not set,not set,not set,not set,0,not set,5.05,4.47,164,4.45,44,16,39,14,high,normal,on,on,1.0,1.01,1.005,1.015
2018-01-04,01:40,not set,not set,not set,not set,0,not set,,,not set,not set,0,not set,BathroomLightCommanded,16.8,67.6,not set,not set,not set,not set,not set,not set,0,not set,5.05,4.47,164,4.45,44,16,39,14,high,normal,on,on,1.015,1.01,0.99,1.01
2018-01-04,01:41,not set,not set,not set,not set,0,not set,,,not set,not set,0,not set,BathroomLightCommanded,16.8,67.6,not set,not set,not set,not set,not set,not set,0,not set,5.05,4.47,164,4.45,44,16,39,14,high,normal,on,on,1.005,1.005,1.0,0.99
2018-01-04,01:41,not set,not set,not set,not set,0,not set,,,not set,not set,0,not set,BathroomLightCommanded,16.8,67.6,not set,not set,not set,not set,not set,not set,0,not set,5.05,4.47,164,4.45,44,16,39,14,high,normal,on,on,0.985,0.995,1.0,0.995
2018-01-04,01:41,not set,not set,not set,not set,0,not set,,,not set,not set,0,not set,BathroomLightCommanded,16.8,67.8,not set,not set,not set,not set,not set,not set,0,not set,5.05,4.47,164,4.45,44,16,39,14,high,normal,on,on,1.0,0.995,0.99,1.005
2018-01-04,01:42,not set,not set,not set,not set,1,not set,,,not set,not set,0,not set,BathroomLightCommanded,16.8,67.5,not set,not set,not set,not set,not set,not set,0,not set,5.05,4.47,164,4.45,44,16,39,15,high,normal,on,on,0.995,0.99,1.005,1.0
2018-01-04,01:42,not set,not set,not set,not set,0,not set,,,not set,not set,0,not set,BathroomLightCommanded,16.8,67.5,not set,not set,not set,not set,not set,not set,0,not set,5.05,4.47,164,4.45,44,16,39,14,high,normal,on,on,0.985,1.0,1.0,0.995
2018-01-04,01:42,not set,not set,not set,not set,0,not set,,,not set,not set,0,not set,BathroomLightCommanded,16.8,67.4,not set,not set,not set,not set,not set,not set,0,not set,5.05,4.47,164,4.45,44,16,39,14,high,normal,on,on,0.995,0.995,0.99,0.995
2018-01-04,01:43,not set,not set,not set,not set,0,not set,,,not set,not set,0,not set,BathroomLightCommanded,16.8,67.5,not set,not set,not set,not set,not set,not set,0,not set,5.05,4.47,164,4.45,44,16,39,14,high,normal,on,on,0.995,1.0,0.985,1.0
2018-01-04,01:43,not set,not set,not set,not set,0,not set,,,not set,not set,0,not set,BathroomLightCommanded,16.8,67.4,not set,not set,not set,not set,not set,not set,0,not set,5.05,4.47,164,4.45,44,16,39,14,high,normal,on,on,0.99,1.005,1.0,0.99
2018-01-04,01:44,not set,not set,not set,not set,0,not set,,,not set,not set,0,not set,BathroomLightCommanded,16.8,67.4,not set,not set,not set,not set,not set,not set,0,not set,5.05,4.47,164,4.45,44,16,39,14,high,normal,on,on,1.0,1.01,0.995,1.01
2018-01-04,01:44,not set,not set,not set,not set,0,not set,,,not set,not set,0,not set,BathroomLightCommanded,16.8,67.6,not set,not set,not set,not set,not set,not set,0,not set,5.05,4.47,164,4.45,44,16,39,14,high,normal,on,on,0.995,0.995,1.0,0.995
2018-01-04,01:44,not set,not set,not set,not set,0,not set,,,not set,not set,0,not set,BathroomLightCommanded,16.8,67.4,not set,not set,not set,not set,not set,not set,0,not set,5.05,4.47,164,4.45,44,16,39,14,high,normal,on,on,1.01,0.995,0.995,1.01
2018-01-04,01:45,not set,not set,not set,not set,0,not set,,,not set,not set,0,not set,BathroomLightCommanded,16.8,67.5,not set,not set,not set,not set,not set,not set,0,not set,5.05,4.47,164,4.45,44,16,39,14,high,normal,on,on,1.005,1.005,1.005,1.005
2018-01-04,01:45,not set,not set,not set,not set,0,not set,,,not set,not set,0,not set,BathroomLightCommanded,16.8,67.4,not set,not set,not set,not set,not set,not set,0,not set,5.05,4.47,164,4.45,44,17,39,14,high,normal,on,on,1.01,1.01,1.005,1.01
2018-01-04,01:46,not set,not set,not set,not set,0,not set,,,not set,not set,0,not set,BathroomLightCommanded,16.8,67.3,not set,not set,not set,not set,not set,not set,0,not set,5.05,4.47,164,4.45,44,16,39,14,high,normal,on,on,1.01,1.005,1.005,1.01
2018-01-04,01:46,not set,not set,not set,not set,0,not set,,,not set,not set,0,not set,BathroomLightCommanded,16.8,67.3,not set,not set,not set,not set,not set,not set,0,not set,5.05,4.47,164,4.45,44,16,39,15,high,normal,on,on,1.005,1.005,1.0,0.995
2018-01-04,01:46,not set,not set,not set,not set,0,not set,,,not set,not set,0,not set,BathroomLightCommanded,16.8,67.4,not set,not set,not set,not set,not set,not set,0,not set,5.05,4.47,164,4.45,44,16,39,14,high,normal,on,on,1.005,1.01,1.005,1.005
2018-01-04,01:47,not set,not set,not set,not set,1,not set,,,not set,not set,0,not set,BathroomLightCommanded,16.8,67.5,not set,not set,not set,not set,not set,not set,0,not set,5.05,4.47,164,4.45,44,16,39,14,high,normal,on,on,1.01,1.005,1.0,1.005
2018-01-04,01:47,not set,not set,not set,not set,0,not set,,,not set,not set,0,not set,BathroomLightCommanded,16.8,67.8,not set,not set,not set,not set,not set,not set,0,not set,5.05,4.47,164,4.45,44,17,39,15,high,normal,on,on,1.01,1.01,1.0,0.99
2018-01-04,01:47,not set,not set,not set,not set,0,not set,,,not set,not set,0,not set,BathroomLightCommanded,16.8,67.5,not set,not set,not set,not set,not set,not set,0,not set,5.05,4.47,164,4.45,44,16,40,14,high,normal,on,on,1.005,1.005,1.005,1.015
2018-01-04,01:48,not set,not set,not set,not set,0,not set,,,not set,not set,0,not set,BathroomLightCommanded,16.8,67.4,not set,not set,not set,not set,not set,not set,0,not set,5.05,4.47,164,4.45,45,16,39,14,high,normal,on,on,0.995,0.98,0.985,0.995
2018-01-04,01:48,not set,not set,not set,not set,0,not set,,,not set,not set,0,not set,BathroomLightCommanded,16.8,67.5,not set,not set,not set,not set,not set,not set,0,not set,5.05,4.47,164,4.45,44,16,39,14,high,normal,on,on,0.995,1.0,1.0,1.0
2018-01-04,01:49,not set,not set,not set,not set,0,not set,,,not set,not set,0,not set,BathroomLightCommanded,16.8,67.4,not set,not set,not set,not set,not set,not set,0,not set,5.05,4.47,164,4.45,44,16,39,14,high,normal,on,on,0.995,0.995,0.995,1.0
2018-01-04,01:49,not set,not set,not set,not set,0,not set,,,not set,not set,0,not set,BathroomLightCommanded,16.8,67.6,not set,not set,not set,not set,not set,not set,0,not set,5.05,4.47,164,4.45,44,16,39,14,high,normal,on,on,0.99,1.0,0.995,0.99
2018-01-04,01:49,not set,not set,not set,not set,0,not set,,,not set,not set,0,not set,BathroomLightCommanded,16.8,67.6,not set,not set,not set,not set,not set,not set,0,not set,5.05,4.47,164,4.45,43,16,39,14,high,normal,on,on,0.99,0.995,0.995,1.0
2018-01-04,01:50,not set,not set,not set,not set,0,not set,,,not set,not set,0,not set,BathroomLightCommanded,16.8,67.5,not set,not set,not set,not set,not set,not set,0,not set,5.05,4.47,164,4.45,44,16,39,14,high,normal,on,on,0.995,0.995,1.0,1.0
2018-01-04,01:50,not set,not set,not set,not set,0,not set,,,not set,not set,0,not set,BathroomLightCommanded,16.8,67.5,not set,not set,not set,not set,not set,not set,0,not set,5.05,4.47,164,4.45,44,16,39,14,high,normal,on,on,1.0,1.005,0.995,0.995
2018-01-04,01:51,not set,not set,not set,not set,0,not set,,,not set,not set,0,not set,BathroomLightCommanded,16.8,67.5,not set,not set,not set,not set,not set,not set,0,not set,5.05,4.47,164,4.45,44,17,39,14,high,normal,on,on,1.0,0.995,0.99,1.0
2018-01-04,01:51,not set,not set,not set,not set,0,not set,,,not set,not set,0,not set,BathroomLightCommanded,16.8,67.6,not set,not set,not set,not set,not set,not set,0,not set,5.05,4.47,164,4.45,44,16,39,14,high,normal,on,on,0.99,1.005,0.985,0.98
2018-01-04,01:51,not set,not set,not set,not set,0,not set,,,not set,not set,0,not set,BathroomLightCommanded,16.8,67.6,not set,not set,not set,not set,not set,not set,0,not set,5.05,4.47,164,4.45,43,16,39,14,high,normal,on,on,0.99,0.995,0.99,0.98
2018-01-04,01:52,not set,not set,not set,not set,0,not set,,,not set,not set,0,not set,BathroomLightCommanded,16.8,67.8,not set,not set,not set,not set,not set,not set,0,not set,5.05,4.47,164,4.45,44,16,39,14,high,normal,on,on,0.995,1.0,0.985,0.99
2018-01-04,01:52,not set,not set,not set,not set,0,not set,,,not set,not set,0,not set,BathroomLightCommanded,16.8,67.7,not set,not set,not set,not set,not set,not set,0,not set,5.05,4.47,164,4.45,44,16,39,14,high,normal,on,on,0.97,1.005,0.985,0.995
2018-01-04,01:52,not set,not set,not set,not set,0,not set,,,not set,not set,0,not set,BathroomLightCommanded,16.8,67.7,not set,not set,not set,not set,not set,not set,0,not set,5.05,4.47,164,4.45,43,16,39,14,high,normal,on,on,0.985,0.995,0.99,1.0
2018-01-04,01:53,not set,not set,not set,not set,0,not set,,,not set,not set,0,not set,BathroomLightCommanded,16.8,67.9,not set,not set,not set,not set,not set,not set,0,not set,5.05,4.47,164,4.45,44,16,38,14,high,normal,on,on,0.99,0.99,0.975,0.98
2018-01-04,01:53,not set,not set,not set,not set,0,not set,,,not set,not set,0,not set,BathroomLightCommanded,16.8,67.5,not set,not set,not set,not set,not set,not set,0,not set,5.05,4.47,164,4.45,44,16,39,14,high,normal,on,on,1.0,1.0,0.98,0.99
2018-01-04,01:54,not set,not set,not set,not set,0,not set,,,not set,not set,0,not set,BathroomLightCommanded,16.8,67.6,not set,not set,not set,not set,not set,not set,0,not set,5.05,4.47,164,4.45,44,16,38,14,high,normal,on,on,0.995,0.98,0.985,0.995
2018-01-04,01:54,not set,not set,not set,not set,0,not set,,,not set,not set,0,not set,BathroomLightCommanded,16.8,67.5,not set,not set,not set,not set,not set,not set,0,not set,5.05,4.47,164,4.45,44,16,39,14,high,normal,on,on,0.98,0.985,0.995,0.995
2018-01-04,01:54,not set,not set,not set,not set,0,not set,,,not set,not set,0,not set,BathroomLightCommanded,16.8,67.5,not set,not set,not set,not set,not set,not set,0,not set,5.05,4.47,164,4.45,43,16,39,14,high,normal,on,on,0.975,0.975,0.985,0.99
2018-01-04,01:55,not set,not set,not set,not set,0,not set,,,not set,not set,0,not set,BathroomLightCommanded,16.8,67.3,not set,not set,not set,not set,not set,not set,0,not set,5.05,4.47,164,4.45,43,16,38,14,high,normal,on,on,0.975,0.98,0.98,0.995
2018-01-04,01:55,not set,not set,not set,not set,0,not set,,,not set,not set,0,not set,BathroomLightCommanded,16.8,67.4,not set,not set,not set,not set,not set,not set,0,not set,5.05,4.47,164,4.45,43,16,39,14,high,normal,on,on,0.985,0.98,0.985,0.99
2018-01-04,01:56,not set,not set,not set,not set,0,not set,,,not set,not set,0,not set,BathroomLightCommanded,16.8,67.4,not set,not set,not set,not set,not set,not set,0,not set,5.05,4.47,164,4.45,43,16,39,15,high,normal,on,on,0.965,0.975,0.98,0.98
2018-01-04,01:56,not set,not set,not set,not set,0,not set,,,not set,not set,0,not set,BathroomLightCommanded,16.8,67.6,not set,not set,not set,not set,not set,not set,0,not set,5.05,4.47,164,4.45,43,16,38,14,high,normal,on,on,0.98,0.98,0.975,0.99
2018-01-04,01:56,not set,not set,not set,not set,0,not set,,,not set,not set,0,not set,BathroomLightCommanded,16.8,67.5,not set,not set,not set,not set,not set,not set,0,not set,5.05,4.47,164,4.45,43,16,38,14,high,normal,on,on,0.98,0.975,0.97,0.98
2018-01-04,01:57,not set,not set,not set,not set,0,not set,,,not set,not set,0,not set,BathroomLightCommanded,16.8,67.5,not set,not set,not set,not set,not set,not set,0,not set,5.05,4.47,164,4.45,43,16,38,14,high,normal,on,on,0.98,0.975,0.975,0.98
2018-01-04,01:57,not set,not set,not set,not set,0,not set,,,not set,not set,0,not set,BathroomLightCommanded,16.8,67.5,not set,not set,not set,not set,not set,not set,0,not set,5.05,4.47,164,4.45,43,16,38,14,high,normal,on,on,0.975,0.97,0.99,0.995
2018-01-04,01:57,not set,not set,not set,not set,0,not set,,,not set,not set,0,not set,BathroomLightCommanded,16.8,67.4,not set,not set,not set,not set,not set,not set,0,not set,5.05,4.47,164,4.45,43,16,38,14,high,normal,on,on,0.965,0.975,0.99,0.98
2018-01-04,01:58,not set,not set,not set,not set,0,not set,,,not set,not set,0,not set,BathroomLightCommanded,16.8,67.5,not set,not set,not set,not set,not set,not set,0,not set,5.05,4.47,164,4.45,43,16,38,14,high,normal,on,on,0.985,0.99,0.97,0.98
2018-01-04,01:58,not set,not set,not set,not set,0,not set,,,not set,not set,0,not set,BathroomLightCommanded,16.8,67.5,not set,not set,not set,not set,not set,not set,0,not set,5.05,4.47,164,4.45,44,16,38,14,high,normal,on,on,0.97,0.98,0.975,0.985
2018-01-04,01:59,not set,not set,not set,not set,0,not set,,,not set,not set,0,not set,BathroomLightCommanded,16.8,67.6,not set,not set,not set,not set,not set,not set,0,not set,5.05,4.47,164,4.45,43,16,38,15,high,normal,on,on,0.98,0.965,0.98,0.975
2018-01-04,01:59,not set,not set,not set,not set,0,not set,,,not set,not set,0,not set,BathroomLightCommanded,16.8,67.6,not set,not set,not set,not set,not set,not set,0,not set,5.05,4.47,164,4.45,43,16,38,14,high,normal,on,on,0.97,0.975,0.97,0.97
2018-01-04,01:59,not set,not set,not set,not set,0,not set,,,not set,not set,0,not set,BathroomLightCommanded,16.8,67.4,not set,not set,not set,not set,not set,not set,0,not set,5.05,4.47,164,4.45,43,16,38,14,high,normal,on,on,0.965,0.985,0.97,0.975
2018-01-04,02:00,not set,not set,not set,not set,0,not set,,,not set,not set,0,not set,BathroomLightCommanded,16.8,67.4,not set,not set,not set,not set,not set,not set,0,not set,5.05,4.47,164,4.45,43,16,38,14,high,normal,on,on,0.98,0.99,0.97,0.975
2018-01-04,02:00,not set,not set,not set,not set,0,not set,,,not set,not set,0,not set,BathroomLightCommanded,16.8,67.6,not set,not set,not set,not set,not set,not set,0,not set,5.05,4.47,164,4.45,43,16,38,14,high,normal,on,on,0.97,0.985,0.965,0.975
2018-01-04,02:01,not set,not set,not set,not set,0,not set,,,not set,not set,0,not set,BathroomLightCommanded,16.8,67.5,not set,not set,not set,not set,not set,not set,0,not set,5.05,4.47,164,4.45,43,16,38,14,high,normal,on,on,0.97,0.965,0.97,0.975
2018-01-04,02:01,not set,not set,not set,not set,0,not set,,,not set,not set,0,not set,BathroomLightCommanded,16.8,67.5,not set,not set,not set,not set,not set,not set,0,not set,5.05,4.47,164,4.45,43,16,38,14,high,normal,on,on,0.985,0.98,0.97,0.965
2018-01-04,02:01,not set,not set,not set,not set,0,not set,,,not set,not set,0,not set,BathroomLightCommanded,16.8,67.5,not set,not set,not set,not set,not set,not set,0,not set,5.05,4.47,164,4.45,43,16,38,14,high,normal,on,on,0.965,0.975,0.98,0.98
2018-01-04,02:02,not set,not set,not set,not set,0,not set,,,not set,not set,0,not set,BathroomLightCommanded,16.8,67.3,not set,not set,not set,not set,not set,not set,0,not set,5.05,4.47,164,4.45,43,16,38,15,high,normal,on,on,0.975,0.965,0.97,0.965
2018-01-04,02:02,not set,not set,not set,not set,0,not set,,,not set,not set,0,not set,BathroomLightCommanded,16.8,67.4,not set,not set,not set,not set,not set,not set,0,not set,5.05,4.47,164,4.45,43,16,39,14,high,normal,on,on,0.965,0.965,0.955,0.965
2018-01-04,02:02,not set,not set,not set,not set,0,not set,,,not set,not set,0,not set,BathroomLightCommanded,16.8,67.6,not set,not set,not set,not set,not set,not set,0,not set,5.05,4.47,164,4.45,43,16,38,14,high,normal,on,on,0.975,0.96,0.965,0.97
2018-01-04,02:03,not set,not set,not set,not set,0,not set,,,not set,not set,0,not set,BathroomLightCommanded,16.8,67.4,not set,not set,not set,not set,not set,not set,0,not set,5.05,4.47,164,4.45,43,16,38,14,high,normal,on,on,0.96,0.96,0.965,0.96
2018-01-04,02:03,not set,not set,not set,not set,0,not set,,,not set,not set,0,not set,BathroomLightCommanded,16.8,67.5,not set,not set,not set,not set,not set,not set,0,not set,5.05,4.47,164,4.45,43,16,39,14,high,normal,on,on,0.965,0.965,0.97,0.97
2018-01-04,02:04,not set,not set,not set,not set,0,not set,,,not set,not set,0,not set,BathroomLightCommanded,16.8,67.6,not set,not set,not set,not set,not set,not set,0,not set,5.05,4.47,164,4.45,43,16,38,14,high,normal,on,on,0.975,0.97,0.945,0.965
2018-01-04,02:04,not set,not set,not set,not set,0,not set,,,not set,not set,0,not set,BathroomLightCommanded,16.8,67.4,not set,not set,not set,not set,not set,not set,0,not set,5.05,4.47,164,4.45,43,16,38,14,high,normal,on,on,0.96,0.965,0.955,0.965
2018-01-04,02:04,not set,not set,not set,not set,0,not set,,,not set,not set,0,not set,BathroomLightCommanded,16.8,67.5,not set,not set,not set,not set,not set,not set,0,not set,5.05,4.47,164,4.45,43,16,38,14,high,normal,on,on,0.96,0.97,0.96,0.96
2018-01-04,02:05,not set,not set,not set,not set,0,not set,,,not set,not set,0,not set,BathroomLightCommanded,16.8,67.6,not set,not set,not set,not set,not set,not set,0,not set,5.05,4.47,164,4.45,43,16,38,14,high,normal,on,on,0.965,0.96,0.95,0.965
2018-01-04,02:05,not set,not set,not set,not set,0,not set,,,not set,not set,0,not set,BathroomLightCommanded,16.8,67.5,not set,not set,not set,not set,not set,not set,0,not set,5.05,4.47,164,4.45,43,16,39,14,high,normal,on,on,0.965,0.965,0.955,0.965
2018-01-04,02:06,not set,not set,not set,not set,0,not set,,,not set,not set,0,not set,BathroomLightCommanded,16.8,67.4,not set,not set,not set,not set,not set,not set,0,not set,5.05,4.47,164,4.45,43,16,38,14,high,normal,on,on,0.96,0.95,0.96,0.95
2018-01-04,02:06,not set,not set,not set,not set,0,not set,,,not set,not set,0,not set,BathroomLightCommanded,16.8,67.4,not set,not set,not set,not set,not set,not set,0,not set,5.05,4.47,164,4.45,43,16,38,14,high,normal,on,on,0.965,0.97,0.945,0.97
2018-01-04,02:06,not set,not set,not set,not set,0,not set,,,not set,not set,0,not set,BathroomLightCommanded,16.8,67.5,not set,not set,not set,not set,not set,not set,0,not set,5.05,4.47,164,4.45,43,16,38,14,high,normal,on,on,0.96,0.965,0.95,0.95
2018-01-04,02:07,not set,not set,not set,not set,0,not set,,,not set,not set,0,not set,BathroomLightCommanded,16.8,67.4,not set,not set,not set,not set,not set,not set,0,not set,5.05,4.47,164,4.45,43,16,38,14,high,normal,on,on,0.965,0.955,0.955,0.955
2018-01-04,02:07,not set,not set,not set,not set,0,not set,,,not set,not set,0,not set,BathroomLightCommanded,16.8,67.5,not set,not set,not set,not set,not set,not set,0,not set,5.05,4.47,164,4.45,43,16,38,14,high,normal,on,on,0.955,0.96,0.96,0.955
2018-01-04,02:07,not set,not set,not set,not set,0,not set,,,not set,not set,0,not set,BathroomLightCommanded,16.8,67.5,not set,not set,not set,not set,not set,not set,0,not set,5.05,4.47,164,4.45,43,16,38,14,high,normal,on,on,0.95,0.955,0.955,0.955
2018-01-04,02:08,not set,not set,not set,not set,0,not set,,,not set,not set,0,not set,BathroomLightCommanded,16.8,67.4,not set,not set,not set,not set,not set,not set,0,not set,5.05,4.47,164,4.45,43,16,38,14,high,normal,on,on,0.94,0.95,0.96,0.96
2018-01-04,02:08,not set,not set,not set,not set,0,not set,,,not set,not set,0,not set,BathroomLightCommanded,16.8,67.4,not set,not set,not set,not set,not set,not set,0,not set,5.05,4.47,164,4.45,43,16,38,14,high,normal,on,on,0.945,0.955,0.955,0.955
2018-01-04,02:09,not set,not set,not set,not set,0,not set,,,not set,not set,0,not set,BathroomLightCommanded,16.8,67.5,not set,not set,not set,not set,not set,not set,0,not set,5.05,4.47,164,4.45,43,16,38,14,high,normal,on,on,0.96,0.955,0.95,0.955
2018-01-04,02:09,not set,not set,not set,not set,0,not set,,,not set,not set,0,not set,BathroomLightCommanded,16.8,67.4,not set,not set,not set,not set,not set,not set,0,not set,5.05,4.47,164,4.45,43,16,38,15,high,normal,on,on,0.94,0.965,0.95,0.955
2018-01-04,02:09,not set,not set,not set,not set,0,not set,,,not set,not set,0,not set,BathroomLightCommanded,16.8,67.5,not set,not set,not set,not set,not set,not set,0,not set,5.05,4.47,164,4.45,43,16,39,14,high,normal,on,on,0.955,0.955,0.955,0.96
2018-01-04,02:10,not set,not set,not set,not set,0,not set,,,not set,not set,0,not set,BathroomLightCommanded,16.8,67.5,not set,not set,not set,not set,not set,not set,0,not set,5.05,4.47,164,4.45,43,16,38,14,high,normal,on,on,0.96,0.96,0.955,0.97
2018-01-04,02:10,not set,not set,not set,not set,1,not set,,,not set,not set,0,not set,BathroomLightCommanded,16.8,67.6,not set,not set,not set,not set,not set,not set,0,not set,5.05,4.47,164,4.45,43,16,39,14,high,normal,on,on,0.945,0.95,0.94,0.965
2018-01-04,02:11,not set,not set,not set,not set,0,not set,,,not set,not set,0,not set,BathroomLightCommanded,16.8,67.4,not set,not set,not set,not set,not set,not set,0,not set,5.05,4.47,164,4.45,43,16,38,14,high,normal,on,on,0.945,0.955,0.95,0.96
2018-01-04,02:11,not set,not set,not set,not set,0,not set,,,not set,not set,0,not set,BathroomLightCommanded,16.8,67.4,not set,not set,not set,not set,not set,not set,0,not set,5.05,4.47,164,4.45,43,17,38,14,high,normal,on,on,0.95,0.955,0.945,0.95
2018-01-04,02:11,not set,not set,not set,not set,0,not set,,,not set,not set,0,not set,BathroomLightCommanded,16.8,67.5,not set,not set,not set,not set,not set,not set,0,not set,5.05,4.47,164,4.45,43,16,39,14,high,normal,on,on,0.945,0.95,0.95,0.95
2018-01-04,02:12,not set,not set,not set,not set,0,not set,,,not set,not set,0,not set,BathroomLightCommanded,16.8,67.5,not set,not set,not set,not set,not set,not set,0,not set,5.05,4.47,164,4.45,43,16,38,14,high,normal,on,on,0.955,0.96,0.95,0.955
2018-01-04,02:12,not set,not set,not set,not set,0,not set,,,not set,not set,0,not set,BathroomLightCommanded,16.8,67.6,not set,not set,not set,not set,not set,not set,0,not set,5.05,4.47,164,4.45,43,16,38,14,high,normal,on,on,0.935,0.96,0.95,0.955
2018-01-04,02:12,not set,not set,not set,not set,0,not set,,,not set,not set,0,not set,BathroomLightCommanded,16.8,67.5,not set,not set,not set,not set,not set,not set,0,not set,5.05,4.47,164,4.45,43,16,38,14,high,normal,on,on,0.935,0.945,0.925,0.95
2018-01-04,02:13,not set,not set,not set,not set,0,not set,,,not set,not set,0,not set,BathroomLightCommanded,16.8,67.5,not set,not set,not set,not set,not set,not set,0,not set,5.05,4.47,164,4.45,43,16,38,14,high,normal,on,on,0.945,0.95,0.945,0.95
2018-01-04,02:13,not set,not set,not set,not set,0,not set,,,not set,not set,0,not set,BathroomLightCommanded,16.8,67.6,not set,not set,not set,not set,not set,not set,0,not set,5.05,4.47,164,4.45,43,16,38,14,high,normal,on,on,0.945,0.945,0.94,0.96
2018-01-04,02:14,not set,not set,not set,not set,0,not set,,,not set,not set,0,not set,BathroomLightCommanded,16.8,67.6,not set,not set,not set,not set,not set,not set,0,not set,5.05,4.47,164,4.45,43,16,38,14,high,normal,on,on,0.95,0.945,0.95,0.945
2018-01-04,02:14,not set,not set,not set,not set,0,not set,,,not set,not set,0,not set,BathroomLightCommanded,16.7,67.4,not set,not set,not set,not set,not set,not set,0,not set,5.05,4.47,164,4.45,43,16,38,15,high,normal,on,on,0.945,0.95,0.945,0.945
2018-01-04,02:14,not set,not set,not set,not set,0,not set,,,not set,not set,0,not set,BathroomLightCommanded,16.7,67.7,not set,not set,not set,not set,not set,not set,0,not set,5.05,4.47,164,4.45,43,16,38,14,high,normal,on,on,0.94,0.955,0.94,0.93
2018-01-04,02:15,not set,not set,not set,not set,0,not set,,,not set,not set,0,not set,BathroomLightCommanded,16.8,67.7,not set,not set,not set,not set,not set,not set,0,not set,5.05,4.47,164,4.45,43,16,38,14,high,normal,on,on,0.95,0.94,0.955,0.96
2018-01-04,02:15,not set,not set,not set,not set,0,not set,,,not set,not set,0,not set,BathroomLightCommanded,16.8,68.0,not set,not set,not set,not set,not set,not set,0,not set,5.05,4.47,164,4.45,43,16,38,14,high,normal,on,on,0.95,0.94,0.935,0.955
2018-01-04,02:16,not set,not set,not set,not set,0,not set,,,not set,not set,0,not set,BathroomLightCommanded,16.8,67.8,not set,not set,not set,not set,not set,not set,0,not set,5.05,4.47,164,4.45,43,16,39,14,high,normal,on,on,0.935,0.94,0.94,0.95
2018-01-04,02:16,not set,not set,not set,not set,0,not set,,,not set,not set,0,not set,BathroomLightCommanded,16.8,67.9,not set,not set,not set,not set,not set,not set,0,not set,5.05,4.47,164,4.45,43,16,38,15,high,normal,on,on,0.945,0.95,0.935,0.94
2018-01-04,02:16,not set,not set,not set,not set,0,not set,,,not set,not set,0,not set,BathroomLightCommanded,16.8,67.6,not set,not set,not set,not set,not set,not set,0,not set,5.05,4.47,164,4.45,43,16,38,14,high,normal,on,on,0.94,0.955,0.945,0.945
2018-01-04,02:17,not set,not set,not set,not set,0,not set,,,not set,not set,0,not set,BathroomLightCommanded,16.8,67.6,not set,not set,not set,not set,not set,not set,0,not set,5.05,4.47,164,4.45,43,16,38,14,high,normal,on,on,0.93,0.935,0.95,0.93
2018-01-04,02:17,not set,not set,not set,not set,0,not set,,,not set,not set,0,not set,BathroomLightCommanded,16.8,67.6,not set,not set,not set,not set,not set,not set,0,not set,5.05,4.47,164,4.45,43,16,38,14,high,normal,on,on,0.945,0.95,0.945,0.945
2018-01-04,02:17,not set,not set,not set,not set,0,not set,,,not set,not set,0,not set,BathroomLightCommanded,16.8,67.5,not set,not set,not set,not set,not set,not set,0,not set,5.05,4.47,164,4.45,43,16,38,14,high,normal,on,on,0.94,0.94,0.94,0.94
2018-01-04,02:18,not set,not set,not set,not set,0,not set,,,not set,not set,0,not set,BathroomLightCommanded,16.8,67.6,not set,not set,not set,not set,not set,not set,0,not set,5.05,4.47,164,4.45,43,16,38,15,high,normal,on,on,0.95,0.935,0.94,0.935
2018-01-04,02:18,not set,not set,not set,not set,0,not set,,,not set,not set,0,not set,BathroomLightCommanded,16.7,67.6,not set,not set,not set,not set,not set,not set,0,not set,5.05,4.47,164,4.45,43,16,38,14,high,normal,on,on,0.945,0.94,0.935,0.93
2018-01-04,02:19,not set,not set,not set,not set,0,not set,,,not set,not set,0,not set,BathroomLightCommanded,16.7,67.7,not set,not set,not set,not set,not set,not set,0,not set,5.05,4.47,164,4.45,43,16,38,14,high,normal,on,on,0.94,0.95,0.945,0.94
2018-01-04,02:19,not set,not set,not set,not set,0,not set,,,not set,not set,0,not set,BathroomLightCommanded,16.7,67.5,not set,not set,not set,not set,not set,not set,0,not set,5.05,4.47,164,4.45,43,16,38,14,high,normal,on,on,0.94,0.93,0.935,0.945
2018-01-04,02:19,not set,not set,not set,not set,0,not set,,,not set,not set,0,not set,BathroomLightCommanded,16.7,67.8,not set,not set,not set,not set,not set,not set,0,not set,5.05,4.47,164,4.45,43,16,38,14,high,normal,on,on,0.94,0.945,0.935,0.945
2018-01-04,02:20,not set,not set,not set,not set,0,not set,,,not set,not set,0,not set,BathroomLightCommanded,16.8,67.5,not set,not set,not set,not set,not set,not set,0,not set,5.05,4.47,164,4.45,43,16,38,14,high,normal,on,on,0.935,0.94,0.945,0.935
2018-01-04,02:20,not set,not set,not set,not set,0,not set,,,not set,not set,0,not set,BathroomLightCommanded,16.8,67.4,not set,not set,not set,not set,not set,not set,0,not set,5.05,4.47,164,4.45,43,16,38,14,high,normal,on,on,0.95,0.935,0.935,0.945
2018-01-04,02:21,not set,not set,not set,not set,1,not set,,,not set,not set,0,not set,BathroomLightCommanded,16.7,67.6,not set,not set,not set,not set,not set,not set,0,not set,5.05,4.47,164,4.45,43,16,38,14,high,normal,on,on,0.94,0.945,0.94,0.945
2018-01-04,02:21,not set,not set,not set,not set,0,not set,,,not set,not set,0,not set,BathroomLightCommanded,16.7,67.6,not set,not set,not set,not set,not set,not set,0,not set,5.05,4.47,164,4.45,42,16,38,14,high,normal,on,on,0.935,0.95,0.935,0.945
2018-01-04,02:21,not set,not set,not set,not set,0,not set,,,not set,not set,0,not set,BathroomLightCommanded,16.7,67.5,not set,not set,not set,not set,not set,not set,0,not set,5.05,4.47,164,4.45,43,17,38,14,high,normal,on,on,0.935,0.925,0.94,0.945
2018-01-04,02:22,not set,not set,not set,not set,1,not set,,,not set,not set,0,not set,BathroomLightCommanded,16.7,67.7,not set,not set,not set,not set,not set,not set,0,not set,5.05,4.47,164,4.45,43,17,37,14,high,normal,on,on,0.945,0.935,0.92,0.935
2018-01-04,02:22,not set,not set,not set,not set,0,not set,,,not set,not set,0,not set,BathroomLightCommanded,16.7,67.8,not set,not set,not set,not set,not set,not set,0,not set,5.05,4.47,164,4.45,43,16,38,14,high,normal,on,on,0.935,0.95,0.94,0.94
2018-01-04,02:22,not set,not set,not set,not set,0,not set,,,not set,not set,0,not set,BathroomLightCommanded,16.7,67.6,not set,not set,not set,not set,not set,not set,0,not set,5.05,4.47,164,4.45,43,16,38,14,high,normal,on,on,0.935,0.93,0.945,0.94
2018-01-04,02:23,not set,not set,not set,not set,0,not set,,,not set,not set,0,not set,BathroomLightCommanded,16.7,67.7,not set,not set,not set,not set,not set,not set,0,not set,5.05,4.47,164,4.45,43,16,38,14,high,normal,on,on,0.93,0.955,0.95,0.935
2018-01-04,02:23,not set,not set,not set,not set,0,not set,,,not set,not set,0,not set,BathroomLightCommanded,16.7,67.8,not set,not set,not set,not set,not set,not set,0,not set,5.05,4.47,164,4.45,43,16,38,14,high,normal,on,on,0.94,0.95,0.935,0.935
2018-01-04,02:24,not set,not set,not set,not set,0,not set,,,not set,not set,0,not set,BathroomLightCommanded,16.7,67.6,not set,not set,not set,not set,not set,not set,0,not set,5.05,4.47,164,4.45,43,16,38,14,high,normal,on,on,0.93,0.94,0.945,0.94
2018-01-04,02:24,not set,not set,not set,not set,0,not set,,,not set,not set,0,not set,BathroomLightCommanded,16.7,67.6,not set,not set,not set,not set,not set,not set,0,not set,5.05,4.47,164,4.45,43,16,38,14,high,normal,on,on,0.94,0.935,0.93,0.94
2018-01-04,02:24,not set,not set,not set,not set,0,not set,,,not set,not set,0,not set,BathroomLightCommanded,16.7,67.8,not set,not set,not set,not set,not set,not set,0,not set,5.05,4.47,164,4.45,43,16,38,14,high,normal,on,on,0.935,0.94,0.935,0.945
2018-01-04,02:25,not set,not set,not set,not set,0,not set,,,not set,not set,0,not set,BathroomLightCommanded,16.7,67.8,not set,not set,not set,not set,not set,not set,0,not set,5.05,4.47,164,4.45,43,16,38,14,high,normal,on,on,0.945,0.945,0.93,0.94
2018-01-04,02:25,not set,not set,not set,not set,0,not set,,,not set,not set,0,not set,BathroomLightCommanded,16.7,67.8,not set,not set,not set,not set,not set,not set,0,not set,5.05,4.47,164,4.45,43,16,37,14,high,normal,on,on,0.95,0.95,0.945,0.94
2018-01-04,02:26,not set,not set,not set,not set,0,not set,,,not set,not set,0,not set,BathroomLightCommanded,16.7,67.6,not set,not set,not set,not set,not set,not set,0,not set,5.05,4.47,164,4.45,43,17,38,14,high,normal,on,on,0.93,0.945,0.94,0.94
2018-01-04,02:26,not set,not set,not set,not set,0,not set,,,not set,not set,0,not set,BathroomLightCommanded,16.7,67.8,not set,not set,not set,not set,not set,not set,0,not set,5.05,4.47,164,4.45,43,16,38,14,high,normal,on,on,0.95,0.93,0.92,0.94
2018-01-04,02:26,not set,not set,not set,not set,0,not set,,,not set,not set,0,not set,BathroomLightCommanded,16.7,67.8,not set,not set,not set,not set,not set,not set,0,not set,5.05,4.47,164,4.45,43,16,38,14,high,normal,on,on,0.94,0.935,0.94,0.935
2018-01-04,02:27,not set,not set,not set,not set,0,not set,,,not set,not set,0,not set,BathroomLightCommanded,16.7,67.8,not set,not set,not set,not set,not set,not set,0,not set,5.05,4.47,164,4.45,43,16,38,15,high,normal,on,on,0.955,0.94,0.94,0.94
2018-01-04,02:27,not set,not set,not set,not set,0,not set,,,not set,not set,0,not set,BathroomLightCommanded,16.7,67.7,not set,not set,not set,not set,not set,not set,0,not set,5.05,4.47,164,4.45,43,16,38,14,high,normal,on,on,0.945,0.945,0.94,0.95
2018-01-04,02:27,not set,not set,not set,not set,0,not set,,,not set,not set,0,not set,BathroomLightCommanded,16.7,67.8,not set,not set,not set,not set,not set,not set,0,not set,5.05,4.47,164,4.45,42,16,38,14,high,normal,on,on,0.935,0.94,0.945,0.945
2018-01-04,02:28,not set,not set,not set,not set,0,not set,,,not set,not set,0,not set,BathroomLightCommanded,16.7,67.7,not set,not set,not set,not set,not set,not set,0,not set,5.05,4.47,164,4.45,43,16,38,14,high,normal,on,on,0.94,0.94,0.945,0.94
2018-01-04,02:28,not set,not set,not set,not set,0,not set,,,not set,not set,0,not set,BathroomLightCommanded,16.7,67.7,not set,not set,not set,not set,not set,not set,0,not set,5.05,4.47,164,4.45,43,16,38,14,high,normal,on,on,0.95,0.945,0.935,0.945
2018-01-04,02:29,not set,not set,not set,not set,0,not set,,,not set,not set,0,not set,BathroomLightCommanded,16.7,68.0,not set,not set,not set,not set,not set,not set,0,not set,5.05,4.47,164,4.45,42,16,38,14,high,normal,on,on,0.945,0.95,0.935,0.95
2018-01-04,02:29,not set,not set,not set,not set,0,not set,,,not set,not set,0,not set,BathroomLightCommanded,16.7,67.7,not set,not set,not set,not set,not set,not set,0,not set,5.05,4.47,164,4.45,43,16,37,14,high,normal,on,on,15.435,15.425,15.35,15.47
2018-01-04,02:29,not set,not set,not set,not set,0,not set,,,not set,not set,0,not set,BathroomLightCommanded,16.7,67.8,not set,not set,not set,not set,not set,not set,0,not set,5.05,4.47,164,4.45,43,16,38,14,high,normal,on,on,15.335,15.415,15.35,15.425
2018-01-04,02:30,not set,not set,not set,not set,0,not set,,,not set,not set,0,not set,BathroomLightCommanded,16.7,67.6,not set,not set,not set,not set,not set,not set,0,not set,5.05,4.47,164,4.45,42,16,38,15,high,normal,on,on,15.26,15.27,15.34,15.39
2018-01-04,02:30,not set,not set,not set,not set,0,not set,,,not set,not set,0,not set,BathroomLightCommanded,16.7,67.6,not set,not set,not set,not set,not set,not set,0,not set,5.05,4.47,164,4.45,43,17,38,14,high,normal,on,on,15.245,15.32,15.22,15.175
2018-01-04,02:31,not set,not set,not set,not set,0,not set,,,not set,not set,0,not set,BathroomLightCommanded,16.7,67.6,not set,not set,not set,not set,not set,not set,0,not set,5.05,4.47,164,4.45,42,16,38,14,high,normal,on,on,15.365,15.265,15.4,15.27
2018-01-04,02:31,not set,not set,not set,not set,0,not set,,,not set,not set,0,not set,BathroomLightCommanded,16.7,67.7,not set,not set,not set,not set,not set,not set,0,not set,5.05,4.47,164,4.45,42,16,39,14,high,normal,on,on,15.35,15.38,15.28,15.38
2018-01-04,02:31,not set,not set,not set,not set,0,not set,,,not set,not set,0,not set,BathroomLightCommanded,16.7,67.8,not set,not set,not set,not set,not set,not set,0,not set,5.05,4.47,164,4.45,42,16,38,14,high,normal,on,on,15.325,15.355,15.265,15.325
2018-01-04,02:32,not set,not set,not set,not set,0,not set,,,not set,not set,0,not set,BathroomLightCommanded,16.7,67.6,not set,not set,not set,not set,not set,not set,0,not set,5.05,4.47,164,4.45,42,16,39,15,high,normal,on,on,15.32,15.085,15.335,15.255
2018-01-04,02:32,not set,not set,not set,not set,1,not set,,,not set,not set,0,not set,BathroomLightCommanded,16.7,67.8,not set,not set,not set,not set,not set,not set,0,not set,5.05,4.47,164,4.45,42,17,39,14,high,normal,on,on,0.95,0.935,0.945,0.935
2018-01-04,02:32,not set,not set,not set,not set,0,not set,,,not set,not set,0,not set,BathroomLightCommanded,16.7,67.9,not set,not set,not set,not set,not set,not set,0,not set,5.05,4.47,164,4.45,42,16,39,14,high,normal,on,on,0.94,0.935,0.95,0.95
2018-01-04,02:33,not set,not set,not set,not set,1,not set,,,not set,not set,0,not set,BathroomLightCommanded,16.7,67.7,not set,not set,not set,not set,not set,not set,0,not set,5.05,4.47,164,4.45,42,16,40,14,high,normal,on,on,0.94,0.945,0.945,0.945
2018-01-04,02:33,not set,not set,not set,not set,0,not set,,,not set,not set,0,not set,BathroomLightCommanded,16.7,67.8,not set,not set,not set,not set,not set,not set,0,not set,5.05,4.47,164,4.45,43,16,41,15,high,normal,on,on,0.945,0.945,0.935,0.955
2018-01-04,02:34,not set,not set,not set,not set,1,not set,,,not set,not set,0,not set,BathroomLightCommanded,16.7,68.0,not set,not set,not set,not set,not set,not set,0,not set,5.05,4.47,164,4.45,42,16,40,14,high,normal,on,on,0.95,0.95,0.945,0.95
2018-01-04,02:34,not set,not set,not set,not set,0,not set,,,not set,not set,0,not set,BathroomLightCommanded,16.7,68.0,not set,not set,not set,not set,not set,not set,0,not set,5.05,4.47,164,4.45,42,17,41,14,high,normal,on,on,0.945,0.95,0.945,0.95
2018-01-04,02:34,not set,not set,not set,not set,0,not set,,,not set,not set,0,not set,BathroomLightCommanded,16.7,67.9,not set,not set,not set,not set,not set,not set,0,not set,5.05,4.47,164,4.45,42,16,41,14,high,normal,on,on,0.955,0.945,0.95,0.945
2018-01-04,02:35,not set,not set,not set,not set,0,not set,,,not set,not set,0,not set,BathroomLightCommanded,16.7,68.0,not set,not set,not set,not set,not set,not set,0,not set,5.05,4.47,164,4.45,43,16,41,14,high,normal,on,on,0.945,0.95,0.945,0.95
2018-01-04,02:35,not set,not set,not set,not set,0,not set,,,not set,not set,0,not set,BathroomLightCommanded,16.7,67.8,not set,not set,not set,not set,not set,not set,0,not set,5.05,4.47,164,4.45,43,16,41,14,high,normal,on,on,0.94,0.95,0.945,0.96
2018-01-04,02:35,not set,not set,not set,not set,0,not set,,,not set,not set,0,not set,BathroomLightCommanded,16.7,67.9,not set,not set,not set,not set,not set,not set,0,not set,5.05,4.47,164,4.45,42,16,41,14,high,normal,on,on,0.94,0.95,0.935,0.955
2018-01-04,02:36,not set,not set,not set,not set,0,not set,,,not set,not set,0,not set,BathroomLightCommanded,16.7,67.9,not set,not set,not set,not set,not set,not set,0,not set,5.05,4.47,164,4.45,42,16,42,15,high,normal,on,on,0.95,0.945,0.945,0.955
2018-01-04,02:36,not set,not set,not set,not set,0,not set,,,not set,not set,0,not set,BathroomLightCommanded,16.7,68.1,not set,not set,not set,not set,not set,not set,0,not set,5.05,4.47,164,4.45,43,16,42,15,high,normal,on,on,0.935,0.945,0.945,0.94
2018-01-04,02:37,not set,not set,not set,not set,0,not set,,,not set,not set,0,not set,BathroomLightCommanded,16.7,67.8,not set,not set,not set,not set,not set,not set,0,not set,5.05,4.47,164,4.45,43,16,42,14,high,normal,on,on,0.945,0.935,0.96,0.955
2018-01-04,02:37,not set,not set,not set,not set,0,not set,,,not set,not set,0,not set,BathroomLightCommanded,16.7,68.0,not set,not set,not set,not set,not set,not set,0,not set,5.05,4.47,164,4.45,43,16,41,14,high,normal,on,on,0.93,0.935,0.93,0.95
2018-01-04,02:37,not set,not set,not set,not set,0,not set,,,not set,not set,0,not set,BathroomLightCommanded,16.7,68.0,not set,not set,not set,not set,not set,not set,0,not set,5.05,4.47,164,4.45,42,16,41,14,high,normal,on,on,0.95,0.945,0.95,0.955
2018-01-04,02:38,not set,not set,not set,not set,0,not set,,,not set,not set,0,not set,BathroomLightCommanded,16.7,68.0,not set,not set,not set,not set,not set,not set,0,not set,5.05,4.47,164,4.45,43,16,42,14,high,normal,on,on,0.94,0.94,0.945,0.94
2018-01-04,02:38,not set,not set,not set,not set,0,not set,,,not set,not set,0,not set,BathroomLightCommanded,16.7,68.0,not set,not set,not set,not set,not set,not set,0,not set,5.05,4.47,164,4.45,42,16,42,14,high,normal,on,on,0.95,0.94,0.94,0.94
2018-01-04,02:39,not set,not set,not set,not set,0,not set,,,not set,not set,0,not set,BathroomLightCommanded,16.7,68.0,not set,not set,not set,not set,not set,not set,0,not set,5.05,4.47,164,4.45,43,15,42,14,high,normal,on,on,0.945,0.935,0.935,0.945
2018-01-04,02:39,not set,not set,not set,not set,292,not set,,,not set,not set,362,not set,BathroomLightCommanded,16.7,67.9,not set,not set,not set,not set,not set,not set,0,not set,5.05,4.47,164,4.45,43,16,42,14,high,normal,on,on,0.985,0.98,0.965,0.975
2018-01-04,02:39,not set,not set,not set,not set,291,not set,,,not set,not set,367,not set,BathroomLightCommanded,16.7,68.0,not set,not set,not set,not set,not set,not set,0,not set,5.05,4.47,164,4.45,42,15,43,14,high,normal,on,on,0.975,0.97,0.975,0.98
2018-01-04,02:40,not set,not set,not set,not set,291,not set,,,not set,not set,377,not set,BathroomLightCommanded,16.7,69.9,not set,not set,not set,not set,not set,not set,0,not set,5.05,4.47,164,4.45,43,15,42,14,high,normal,on,on,1.31,1.315,1.315,1.31
2018-01-04,02:40,not set,not set,not set,not set,292,not set,,,not set,not set,375,not set,BathroomLightCommanded,16.8,69.9,not set,not set,not set,not set,not set,not set,0,not set,5.05,4.47,164,4.45,42,15,42,14,high,normal,on,on,1.395,1.575,1.62,1.73
2018-01-04,02:40,not set,not set,not set,not set,21,not set,,,not set,not set,374,not set,BathroomLightCommanded,16.8,69.1,not set,not set,not set,not set,not set,not set,0,not set,5.05,4.47,164,4.45,43,16,43,15,high,normal,on,on,1.89,1.9,1.895,1.885
2018-01-04,02:41,not set,not set,not set,not set,22,not set,,,not set,not set,373,not set,BathroomLightCommanded,16.8,68.6,not set,not set,not set,not set,not set,not set,0,not set,5.05,4.47,164,4.45,43,15,42,14,high,normal,on,on,1.97,1.88,1.89,1.895
2018-01-04,02:41,not set,not set,not set,not set,19,not set,,,not set,not set,371,not set,BathroomLightCommanded,16.8,68.6,not set,not set,not set,not set,not set,not set,0,not set,5.05,4.47,164,4.45,43,16,42,15,high,normal,on,on,1.91,1.915,1.87,1.865
2018-01-04,02:42,not set,not set,not set,not set,24,not set,,,not set,not set,371,not set,BathroomLightCommanded,16.8,68.6,not set,not set,not set,not set,not set,not set,0,not set,5.05,4.47,164,4.45,43,15,42,14,high,normal,on,on,1.845,1.895,1.855,1.84
2018-01-04,02:42,not set,not set,not set,not set,13,not set,,,not set,not set,0,not set,BathroomLightCommanded,16.8,68.7,not set,not set,not set,not set,not set,not set,0,not set,5.05,4.47,164,4.45,43,16,43,14,high,normal,on,on,2.225,2.205,2.15,1.945
2018-01-04,02:42,not set,not set,not set,not set,12,not set,,,not set,not set,0,not set,BathroomLightCommanded,16.8,68.7,not set,not set,not set,not set,not set,not set,0,not set,5.05,4.47,164,4.45,43,16,42,14,high,normal,on,on,2.215,1.9,2.03,2.01
2018-01-04,02:43,not set,not set,not set,not set,12,not set,,,not set,not set,0,not set,BathroomLightCommanded,16.7,68.7,not set,not set,not set,not set,not set,not set,0,not set,5.05,4.47,164,4.45,43,16,42,14,high,normal,on,on,2.005,2.02,1.95,1.975
2018-01-04,02:43,not set,not set,not set,not set,14,not set,,,not set,not set,0,not set,BathroomLightCommanded,16.7,68.7,not set,not set,not set,not set,not set,not set,0,not set,5.05,4.47,164,4.45,43,16,42,14,high,normal,on,on,1.895,1.94,1.97,1.855
2018-01-04,02:44,not set,not set,not set,not set,16,not set,,,not set,not set,0,not set,BathroomLightCommanded,16.6,68.9,not set,not set,not set,not set,not set,not set,0,not set,5.05,4.47,164,4.45,43,15,42,15,high,normal,on,on,2.04,1.935,1.935,2.01
2018-01-04,02:44,not set,not set,not set,not set,9,not set,,,not set,not set,0,not set,BathroomLightCommanded,16.6,69.1,not set,not set,not set,not set,not set,not set,0,not set,5.05,4.47,164,4.45,43,16,42,14,high,normal,on,on,1.945,1.98,1.915,1.97
2018-01-04,02:44,not set,not set,not set,not set,294,not set,,,not set,not set,363,not set,BathroomLightCommanded,16.6,69.1,not set,not set,not set,not set,not set,not set,0,not set,5.05,4.47,164,4.45,43,16,42,14,high,normal,on,on,1.89,1.975,2.045,2.05
2018-01-04,02:45,not set,not set,not set,not set,299,not set,,,not set,not set,363,not set,BathroomLightCommanded,16.6,69.3,not set,not set,not set,not set,not set,not set,0,not set,5.05,4.47,164,4.45,42,16,42,14,high,normal,on,on,1.98,1.92,1.955,1.975
2018-01-04,02:45,not set,not set,not set,not set,286,not set,,,not set,not set,361,not set,BathroomLightCommanded,16.6,70.6,not set,not set,not set,not set,not set,not set,0,not set,5.05,4.47,164,4.45,43,16,42,15,high,normal,on,on,1.36,1.345,1.335,1.365
2018-01-04,02:45,not set,not set,not set,not set,36,not set,,,not set,not set,368,not set,BathroomLightCommanded,16.7,71.5,not set,not set,not set,not set,not set,not set,0,not set,5.05,4.47,164,4.45,43,16,42,15,high,normal,on,on,1.335,1.345,1.325,1.34
2018-01-04,02:46,not set,not set,not set,not set,32,not set,,,not set,not set,367,not set,BathroomLightCommanded,16.8,70.7,not set,not set,not set,not set,not set,not set,0,not set,5.05,4.47,164,4.45,43,16,41,15,high,normal,on,on,1.35,1.36,1.375,1.325
2018-01-04,02:46,not set,not set,not set,not set,26,not set,,,not set,not set,365,not set,BathroomLightCommanded,16.8,70.0,not set,not set,not set,not set,not set,not set,0,not set,5.05,4.47,164,4.45,43,16,42,14,high,normal,on,on,1.36,1.34,1.385,1.355
2018-01-04,02:47,not set,not set,not set,not set,29,not set,,,not set,not set,366,not set,BathroomLightCommanded,16.8,69.5,not set,not set,not set,not set,not set,not set,0,not set,5.05,4.47,164,4.45,42,16,42,14,high,normal,on,on,1.375,1.37,1.35,1.365
2018-01-04,02:47,not set,not set,not set,not set,32,not set,,,not set,not set,364,not set,BathroomLightCommanded,16.8,69.4,not set,not set,not set,not set,not set,not set,0,not set,5.05,4.47,164,4.45,43,16,41,15,high,normal,on,on,1.305,1.345,1.315,1.365
2018-01-04,02:47,not set,not set,not set,not set,17,not set,,,not set,not set,0,not set,BathroomLightCommanded,16.8,69.3,not set,not set,not set,not set,not set,not set,0,not set,5.05,4.47,164,4.45,42,17,42,15,high,normal,on,on,1.26,1.29,1.28,1.395
2018-01-04,02:48,not set,not set,not set,not set,13,not set,,,not set,not set,0,not set,BathroomLightCommanded,16.8,69.2,not set,not set,not set,not set,not set,not set,0,not set,5.05,4.47,164,4.45,43,16,42,14,high,normal,on,on,1.32,1.29,1.315,1.31
2018-01-04,02:48,not set,not set,not set,not set,11,not set,,,not set,not set,0,not set,BathroomLightCommanded,16.8,69.2,not set,not set,not set,not set,not set,not set,0,not set,5.05,4.47,164,4.45,42,16,41,14,high,normal,on,on,1.37,1.31,1.235,1.295
2018-01-04,02:49,not set,not set,not set,not set,16,not set,,,not set,not set,0,not set,BathroomLightCommanded,16.7,69.2,not set,not set,not set,not set,not set,not set,0,not set,5.05,4.47,164,4.45,42,16,41,14,high,normal,on,on,1.275,1.335,1.3,1.32
2018-01-04,02:49,not set,not set,not set,not set,19,not set,,,not set,not set,0,not set,BathroomLightCommanded,16.7,69.3,not set,not set,not set,not set,not set,not set,0,not set,5.05,4.47,164,4.45,43,16,42,14,high,normal,on,on,1.29,1.3,1.26,1.285
2018-01-04,02:49,not set,not set,not set,not set,15,not set,,,not set,not set,0,not set,BathroomLightCommanded,16.7,69.6,not set,not set,not set,not set,not set,not set,0,not set,5.05,4.47,164,4.45,43,16,41,14,high,normal,on,on,1.265,1.245,1.285,1.27
2018-01-04,02:50,not set,not set,not set,not set,18,not set,,,not set,not set,0,not set,BathroomLightCommanded,16.6,69.6,not set,not set,not set,not set,not set,not set,0,not set,5.05,4.47,164,4.45,43,16,42,14,high,normal,on,on,1.33,1.26,1.24,1.255
2018-01-04,02:50,not set,not set,not set,not set,15,not set,,,not set,not set,0,not set,BathroomLightCommanded,16.6,69.7,not set,not set,not set,not set,not set,not set,0,not set,5.05,4.47,164,4.45,43,16,41,14,high,normal,on,on,1.305,1.29,1.285,1.25
2018-01-04,02:50,not set,not set,not set,not set,14,not set,,,not set,not set,0,not set,BathroomLightCommanded,16.6,69.9,not set,not set,not set,not set,not set,not set,0,not set,5.05,4.47,164,4.45,43,16,41,14,high,normal,on,on,1.295,1.31,1.32,1.305
2018-01-04,02:51,not set,not set,not set,not set,15,not set,,,not set,not set,0,not set,BathroomLightCommanded,16.6,70.2,not set,not set,not set,not set,not set,not set,0,not set,5.05,4.47,164,4.45,43,16,41,15,high,normal,on,on,1.32,1.29,1.325,1.31
2018-01-04,02:51,not set,not set,not set,not set,12,not set,,,not set,not set,0,not set,BathroomLightCommanded,16.5,70.1,not set,not set,not set,not set,not set,not set,0,not set,5.05,4.47,164,4.45,43,16,42,14,high,normal,on,on,1.275,1.3,1.295,1.33
2018-01-04,02:52,not set,not set,not set,not set,14,not set,,,not set,not set,0,not set,BathroomLightCommanded,16.5,70.2,not set,not set,not set,not set,not set,not set,0,not set,5.05,4.47,164,4.45,43,16,41,14,high,normal,on,on,1.31,1.315,1.26,1.255
2018-01-04,02:52,not set,not set,not set,not set,11,not set,,,not set,not set,0,not set,BathroomLightCommanded,16.5,70.4,not set,not set,not set,not set,not set,not set,0,not set,5.05,4.47,164,4.45,42,16,41,15,high,normal,on,on,1.28,1.235,1.31,1.245
2018-01-04,02:52,not set,not set,not set,not set,10,not set,,,not set,not set,0,not set,BathroomLightCommanded,16.5,70.4,not set,not set,not set,not set,not set,not set,0,not set,5.05,4.47,164,4.45,43,16,41,14,high,normal,on,on,1.295,1.23,1.35,1.365
2018-01-04,02:53,not set,not set,not set,not set,13,not set,,,not set,not set,0,not set,BathroomLightCommanded,16.5,70.5,not set,not set,not set,not set,not set,not set,0,not set,5.05,4.47,164,4.45,43,16,41,14,high,normal,on,on,1.385,1.285,1.235,1.285
2018-01-04,02:53,not set,not set,not set,not set,15,not set,,,not set,not set,0,not set,BathroomLightCommanded,16.5,70.5,not set,not set,not set,not set,not set,not set,0,not set,5.05,4.47,164,4.45,43,17,41,14,high,normal,on,on,1.23,1.315,1.235,1.27
2018-01-04,02:54,not set,not set,not set,not set,18,not set,,,not set,not set,0,not set,BathroomLightCommanded,16.5,70.6,not set,not set,not set,not set,not set,not set,0,not set,5.05,4.47,164,4.45,43,16,41,15,high,normal,on,on,1.305,1.29,1.355,1.34
2018-01-04,02:54,not set,not set,not set,not set,15,not set,,,not set,not set,0,not set,BathroomLightCommanded,16.5,70.7,not set,not set,not set,not set,not set,not set,0,not set,5.05,4.47,164,4.45,43,16,41,14,high,normal,on,on,1.32,1.275,1.315,1.295
2018-01-04,02:54,not set,not set,not set,not set,13,not set,,,not set,not set,0,not set,BathroomLightCommanded,16.5,70.8,not set,not set,not set,not set,not set,not set,0,not set,5.05,4.47,164,4.45,43,16,41,14,high,normal,on,on,1.36,1.34,1.27,1.335
2018-01-04,02:55,not set,not set,not set,not set,14,not set,,,not set,not set,0,not set,BathroomLightCommanded,16.5,70.9,not set,not set,not set,not set,not set,not set,0,not set,5.05,4.47,164,4.45,43,16,41,14,high,normal,on,on,1.31,1.35,1.305,1.395
2018-01-04,02:55,not set,not set,not set,not set,18,not set,,,not set,not set,0,not set,BathroomLightCommanded,16.4,70.9,not set,not set,not set,not set,not set,not set,0,not set,5.05,4.47,164,4.45,42,16,42,15,high,normal,on,on,1.31,1.33,1.32,1.295
2018-01-04,02:55,not set,not set,not set,not set,12,not set,,,not set,not set,0,not set,BathroomLightCommanded,16.4,70.8,not set,not set,not set,not set,not set,not set,0,not set,5.05,4.47,164,4.45,43,16,41,15,high,normal,on,on,1.355,1.27,1.345,1.285
2018-01-04,02:56,not set,not set,not set,not set,10,not set,,,not set,not set,0,not set,BathroomLightCommanded,16.4,70.8,not set,not set,not set,not set,not set,not set,0,not set,5.05,4.47,164,4.45,43,16,41,14,high,normal,on,on,1.34,1.33,1.305,1.36
2018-01-04,02:56,not set,not set,not set,not set,12,not set,,,not set,not set,0,not set,BathroomLightCommanded,16.4,70.7,not set,not set,not set,not set,not set,not set,0,not set,5.05,4.47,164,4.45,42,16,41,14,high,normal,on,on,1.35,1.36,1.325,1.34
2018-01-04,02:57,not set,not set,not set,not set,11,not set,,,not set,not set,0,not set,BathroomLightCommanded,16.4,70.9,not set,not set,not set,not set,not set,not set,0,not set,5.05,4.47,164,4.45,42,16,41,15,high,normal,on,on,1.375,1.315,1.33,1.27
2018-01-04,02:57,not set,not set,not set,not set,12,not set,,,not set,not set,0,not set,BathroomLightCommanded,16.4,70.8,not set,not set,not set,not set,not set,not set,0,not set,5.05,4.47,164,4.45,42,16,41,14,high,normal,on,on,1.26,1.255,1.295,1.33
2018-01-04,02:57,not set,not set,not set,not set,11,not set,,,not set,not set,0,not set,BathroomLightCommanded,16.4,70.9,not set,not set,not set,not set,not set,not set,0,not set,5.05,4.47,164,4.45,42,16,41,14,high,normal,on,on,1.315,1.33,1.28,1.3
2018-01-04,02:58,not set,not set,not set,not set,17,not set,,,not set,not set,0,not set,BathroomLightCommanded,16.4,70.9,not set,not set,not set,not set,not set,not set,0,not set,5.05,4.47,164,4.45,42,16,41,14,high,normal,on,on,1.32,1.35,1.29,1.365
2018-01-04,02:58,not set,not set,not set,not set,20,not set,,,not set,not set,0,not set,BathroomLightCommanded,16.4,71.0,not set,not set,not set,not set,not set,not set,0,not set,5.05,4.47,164,4.45,42,16,41,15,high,normal,on,on,1.3,1.325,1.335,1.38
2018-01-04,02:58,not set,not set,not set,not set,18,not set,,,not set,not set,0,not set,BathroomLightCommanded,16.4,70.9,not set,not set,not set,not set,not set,not set,0,not set,5.05,4.47,164,4.45,42,16,41,15,high,normal,on,on,1.385,1.28,1.315,1.29
2018-01-04,02:59,not set,not set,not set,not set,16,not set,,,not set,not set,0,not set,BathroomLightCommanded,16.4,71.0,not set,not set,not set,not set,not set,not set,0,not set,5.05,4.47,164,4.45,42,16,41,14,high,normal,on,on,1.32,1.315,1.285,1.3
2018-01-04,02:59,not set,not set,not set,not set,17,not set,,,not set,not set,0,not set,BathroomLightCommanded,16.4,70.8,not set,not set,not set,not set,not set,not set,0,not set,5.05,4.47,164,4.45,43,16,41,14,high,normal,on,on,1.31,1.295,1.32,1.25
2018-01-04,03:00,not set,not set,not set,not set,17,not set,,,not set,not set,0,not set,BathroomLightCommanded,16.4,70.9,not set,not set,not set,not set,not set,not set,0,not set,5.05,4.47,164,4.45,42,16,41,14,high,normal,on,on,1.325,1.32,1.285,1.31
2018-01-04,03:00,not set,not set,not set,not set,14,not set,,,not set,not set,0,not set,BathroomLightCommanded,16.4,70.9,not set,not set,not set,not set,not set,not set,0,not set,5.05,4.47,164,4.45,43,16,41,14,high,normal,on,on,1.295,1.295,1.33,1.275
2018-01-04,03:00,not set,not set,not set,not set,8,not set,,,not set,not set,0,not set,BathroomLightCommanded,16.4,70.9,not set,not set,not set,not set,not set,not set,0,not set,5.05,4.47,164,4.45,42,16,41,14,high,normal,on,on,1.285,1.32,1.305,1.32
2018-01-04,03:01,not set,not set,not set,not set,10,not set,,,not set,not set,0,not set,BathroomLightCommanded,16.4,70.9,not set,not set,not set,not set,not set,not set,0,not set,5.05,4.47,164,4.45,43,16,42,14,high,normal,on,on,1.23,1.33,1.29,1.31
2018-01-04,03:01,not set,not set,not set,not set,11,not set,,,not set,not set,0,not set,BathroomLightCommanded,16.4,70.9,not set,not set,not set,not set,not set,not set,0,not set,5.05,4.47,164,4.45,42,16,41,14,high,normal,on,on,1.35,1.315,1.295,1.29
2018-01-04,03:02,not set,not set,not set,not set,12,not set,,,not set,not set,0,not set,BathroomLightCommanded,16.4,71.1,not set,not set,not set,not set,not set,not set,0,not set,5.05,4.47,164,4.45,42,16,41,14,high,normal,on,on,1.305,1.335,1.305,1.255
2018-01-04,03:02,not set,not set,not set,not set,11,not set,,,not set,not set,0,not set,BathroomLightCommanded,16.4,70.8,not set,not set,not set,not set,not set,not set,0,not set,5.05,4.47,164,4.45,42,16,41,15,high,normal,on,on,1.3,1.295,1.225,1.29
2018-01-04,03:02,not set,not set,not set,not set,12,not set,,,not set,not set,0,not set,BathroomLightCommanded,16.4,71.0,not set,not set,not set,not set,not set,not set,0,not set,5.05,4.47,164,4.45,42,16,41,14,high,normal,on,on,1.275,1.335,1.26,1.385
2018-01-04,03:03,not set,not set,not set,not set,21,not set,,,not set,not set,0,not set,BathroomLightCommanded,16.4,71.0,not set,not set,not set,not set,not set,not set,0,not set,5.05,4.47,164,4.45,42,16,41,15,high,normal,on,on,1.285,1.335,1.265,1.295
2018-01-04,03:03,not set,not set,not set,not set,14,not set,,,not set,not set,0,not set,BathroomLightCommanded,16.4,71.0,not set,not set,not set,not set,not set,not set,0,not set,5.05,4.47,164,4.45,42,16,41,14,high,normal,on,on,1.39,1.39,1.32,1.33
2018-01-04,03:03,not set,not set,not set,not set,17,not set,,,not set,not set,0,not set,BathroomLightCommanded,16.4,71.2,not set,not set,not set,not set,not set,not set,0,not set,5.05,4.47,164,4.45,43,16,41,15,high,normal,on,on,1.37,1.27,1.29,1.315
2018-01-04,03:04,not set,not set,not set,not set,15,not set,,,not set,not set,0,not set,BathroomLightCommanded,16.4,71.2,not set,not set,not set,not set,not set,not set,0,not set,5.05,4.47,164,4.45,43,16,41,14,high,normal,on,on,1.255,1.335,1.3,1.29
2018-01-04,03:04,not set,not set,not set,not set,14,not set,,,not set,not set,0,not set,BathroomLightCommanded,16.4,71.0,not set,not set,not set,not set,not set,not set,0,not set,5.05,4.47,164,4.45,43,16,41,14,high,normal,on,on,1.245,1.295,1.34,1.29
2018-01-04,03:05,not set,not set,not set,not set,11,not set,,,not set,not set,0,not set,BathroomLightCommanded,16.4,71.0,not set,not set,not set,not set,not set,not set,0,not set,5.05,4.47,164,4.45,43,16,41,14,high,normal,on,on,1.33,1.295,1.315,1.34
2018-01-04,03:05,not set,not set,not set,not set,9,not set,,,not set,not set,0,not set,BathroomLightCommanded,16.4,70.9,not set,not set,not set,not set,not set,not set,0,not set,5.05,4.47,164,4.45,43,16,41,14,high,normal,on,on,1.3,1.285,1.32,1.325
2018-01-04,03:05,not set,not set,not set,not set,12,not set,,,not set,not set,0,not set,BathroomLightCommanded,16.4,70.9,not set,not set,not set,not set,not set,not set,0,not set,5.05,4.47,164,4.45,43,16,41,14,high,normal,on,on,1.27,1.33,1.31,1.295
2018-01-04,03:06,not set,not set,not set,not set,15,not set,,,not set,not set,0,not set,BathroomLightCommanded,16.4,71.0,not set,not set,not set,not set,not set,not set,0,not set,5.05,4.47,164,4.45,43,16,40,14,high,normal,on,on,1.245,1.265,1.305,1.275
2018-01-04,03:06,not set,not set,not set,not set,12,not set,,,not set,not set,0,not set,BathroomLightCommanded,16.4,71.0,not set,not set,not set,not set,not set,not set,0,not set,5.05,4.47,164,4.45,43,16,41,14,high,normal,on,on,1.34,1.295,1.26,1.265
2018-01-04,03:07,not set,not set,not set,not set,15,not set,,,not set,not set,0,not set,BathroomLightCommanded,16.4,70.9,not set,not set,not set,not set,not set,not set,0,not set,5.05,4.47,164,4.45,43,17,40,14,high,normal,on,on,1.295,1.305,1.28,1.3
2018-01-04,03:07,not set,not set,not set,not set,16,not set,,,not set,not set,0,not set,BathroomLightCommanded,16.4,71.1,not set,not set,not set,not set,not set,not set,0,not set,5.05,4.47,164,4.45,42,16,41,14,high,normal,on,on,1.285,1.3,1.27,1.3
2018-01-04,03:07,not set,not set,not set,not set,17,not set,,,not set,not set,0,not set,BathroomLightCommanded,16.4,71.1,not set,not set,not set,not set,not set,not set,0,not set,5.05,4.47,164,4.45,43,16,41,14,high,normal,on,on,1.275,1.315,1.385,1.245
2018-01-04,03:08,not set,not set,not set,not set,17,not set,,,not set,not set,0,not set,BathroomLightCommanded,16.4,71.0,not set,not set,not set,not set,not set,not set,0,not set,5.05,4.47,164,4.45,42,16,41,14,high,normal,on,on,1.32,1.27,1.285,1.4
2018-01-04,03:08,not set,not set,not set,not set,13,not set,,,not set,not set,0,not set,BathroomLightCommanded,16.4,71.1,not set,not set,not set,not set,not set,not set,0,not set,5.05,4.47,164,4.45,43,16,40,15,high,normal,on,on,1.315,1.145,1.075,1.12
2018-01-04,03:08,not set,not set,not set,not set,299,not set,,,not set,not set,346,not set,BathroomLightCommanded,16.4,71.0,not set,not set,not set,not set,not set,not set,0,not set,5.05,4.47,164,4.45,43,16,41,14,high,normal,on,on,0.985,0.985,0.96,0.98
2018-01-04,03:09,not set,not set,not set,not set,302,not set,,,not set,not set,367,not set,BathroomLightCommanded,16.3,71.1,not set,not set,not set,not set,not set,not set,0,not set,5.05,4.47,164,4.45,46,16,41,15,high,normal,on,on,0.97,0.98,0.97,0.985
2018-01-04,03:09,not set,not set,not set,not set,302,not set,,,not set,not set,365,not set,BathroomLightCommanded,16.3,71.1,not set,not set,not set,not set,not set,not set,0,not set,5.05,4.47,164,4.45,48,17,40,15,high,normal,on,on,0.975,0.985,0.99,0.985
2018-01-04,03:10,not set,not set,not set,not set,302,not set,,,not set,not set,365,not set,BathroomLightCommanded,16.3,71.1,not set,not set,not set,not set,not set,not set,0,not set,5.05,4.47,164,4.45,49,16,41,14,high,normal,on,on,0.98,0.985,0.98,0.985
2018-01-04,03:10,not set,not set,not set,not set,302,not set,,,not set,not set,364,not set,BathroomLightCommanded,16.4,70.3,not set,not set,not set,not set,not set,not set,0,not set,5.05,4.47,164,4.45,49,16,41,14,high,normal,on,on,0.98,0.98,0.97,0.975
2018-01-04,03:10,not set,not set,not set,not set,300,not set,,,not set,not set,362,not set,BathroomLightCommanded,16.4,69.9,not set,not set,not set,not set,not set,not set,0,not set,5.05,4.47,164,4.45,49,16,40,14,high,normal,on,on,0.985,0.965,0.965,0.98
2018-01-04,03:11,not set,not set,not set,not set,298,not set,,,not set,not set,361,not set,BathroomLightCommanded,16.4,69.7,not set,not set,not set,not set,not set,not set,0,not set,5.05,4.47,164,4.45,49,16,40,14,high,normal,on,on,0.965,0.98,0.975,0.985
2018-01-04,03:11,not set,not set,not set,not set,0,not set,,,not set,not set,0,not set,BathroomLightCommanded,16.5,69.8,not set,not set,not set,not set,not set,not set,0,not set,5.05,4.47,164,4.45,49,16,40,14,high,normal,on,on,0.945,0.935,0.95,0.945
2018-01-04,03:12,not set,not set,not set,not set,0,not set,,,not set,not set,0,not set,BathroomLightCommanded,16.5,69.7,not set,not set,not set,not set,not set,not set,0,not set,5.05,4.47,164,4.45,49,17,40,14,high,normal,on,on,0.935,0.925,0.94,0.95
2018-01-04,03:12,not set,not set,not set,not set,0,not set,,,not set,not set,0,not set,BathroomLightCommanded,16.5,69.3,not set,not set,not set,not set,not set,not set,0,not set,5.05,4.47,164,4.45,48,16,40,14,high,normal,on,on,0.935,0.95,0.935,0.94
2018-01-04,03:12,not set,not set,not set,not set,0,not set,,,not set,not set,0,not set,BathroomLightCommanded,16.5,69.3,not set,not set,not set,not set,not set,not set,0,not set,5.05,4.47,164,4.45,48,16,40,14,high,normal,on,on,0.925,0.94,0.945,0.94
2018-01-04,03:13,not set,not set,not set,not set,0,not set,,,not set,not set,0,not set,BathroomLightCommanded,16.5,69.0,not set,not set,not set,not set,not set,not set,0,not set,5.05,4.47,164,4.45,48,16,40,15,high,normal,on,on,0.93,0.93,0.925,0.935
2018-01-04,03:13,not set,not set,not set,not set,0,not set,,,not set,not set,0,not set,BathroomLightCommanded,16.5,69.1,not set,not set,not set,not set,not set,not set,0,not set,5.05,4.47,164,4.45,48,16,40,14,high,normal,on,on,0.95,0.94,0.94,0.945
2018-01-04,03:13,not set,not set,not set,not set,0,not set,,,not set,not set,0,not set,BathroomLightCommanded,16.5,69.2,not set,not set,not set,not set,not set,not set,0,not set,5.05,4.47,164,4.45,48,16,40,14,high,normal,on,on,0.935,0.95,0.95,0.935
2018-01-04,03:14,not set,not set,not set,not set,0,not set,,,not set,not set,0,not set,BathroomLightCommanded,16.5,69.2,not set,not set,not set,not set,not set,not set,0,not set,5.05,4.47,164,4.45,47,16,40,14,high,normal,on,on,0.94,0.925,0.94,0.94
2018-01-04,03:14,not set,not set,not set,not set,0,not set,,,not set,not set,0,not set,BathroomLightCommanded,16.5,69.1,not set,not set,not set,not set,not set,not set,0,not set,5.05,4.47,164,4.45,47,16,40,14,high,normal,on,on,0.945,0.955,0.945,0.945
2018-01-04,03:15,not set,not set,not set,not set,0,not set,,,not set,not set,0,not set,BathroomLightCommanded,16.5,68.9,not set,not set,not set,not set,not set,not set,0,not set,5.05,4.47,164,4.45,47,16,40,14,high,normal,on,on,0.94,0.935,0.935,0.935
2018-01-04,03:15,not set,not set,not set,not set,0,not set,,,not set,not set,0,not set,BathroomLightCommanded,16.6,68.9,not set,not set,not set,not set,not set,not set,0,not set,5.05,4.47,164,4.45,47,16,40,14,high,normal,on,on,0.94,0.93,0.925,0.95
2018-01-04,03:15,not set,not set,not set,not set,0,not set,,,not set,not set,0,not set,BathroomLightCommanded,16.6,69.0,not set,not set,not set,not set,not set,not set,0,not set,5.05,4.47,164,4.45,47,16,40,14,high,normal,on,on,0.94,0.935,0.95,0.935
2018-01-04,03:16,not set,not set,not set,not set,0,not set,,,not set,not set,0,not set,BathroomLightCommanded,16.6,69.0,not set,not set,not set,not set,not set,not set,0,not set,5.05,4.47,164,4.45,47,16,40,15,high,normal,on,on,0.935,0.95,0.94,0.945
2018-01-04,03:16,not set,not set,not set,not set,1,not set,,,not set,not set,0,not set,BathroomLightCommanded,16.6,68.9,not set,not set,not set,not set,not set,not set,0,not set,5.05,4.47,164,4.45,47,17,40,14,high,normal,on,on,0.935,0.94,0.945,0.945
2018-01-04,03:17,not set,not set,not set,not set,1,not set,,,not set,not set,0,not set,BathroomLightCommanded,16.6,69.0,not set,not set,not set,not set,not set,not set,0,not set,5.05,4.47,164,4.45,47,16,40,14,high,normal,on,on,0.93,0.925,0.95,0.94
2018-01-04,03:17,not set,not set,not set,not set,0,not set,,,not set,not set,0,not set,BathroomLightCommanded,16.6,68.9,not set,not set,not set,not set,not set,not set,0,not set,5.05,4.47,164,4.45,46,17,40,14,high,normal,on,on,0.94,0.93,0.935,0.93
2018-01-04,03:17,not set,not set,not set,not set,1,not set,,,not set,not set,0,not set,BathroomLightCommanded,16.6,68.9,not set,not set,not set,not set,not set,not set,0,not set,5.05,4.47,164,4.45,46,16,40,14,high,normal,on,on,0.95,0.94,0.94,0.96
2018-01-04,03:18,not set,not set,not set,not set,0,not set,,,not set,not set,0,not set,BathroomLightCommanded,16.5,68.9,not set,not set,not set,not set,not set,not set,0,not set,5.05,4.47,164,4.45,47,16,40,14,high,normal,on,on,0.935,0.95,0.925,0.925
2018-01-04,03:18,not set,not set,not set,not set,0,not set,,,not set,not set,0,not set,BathroomLightCommanded,16.5,68.9,not set,not set,not set,not set,not set,not set,0,not set,5.05,4.47,164,4.45,46,16,40,15,high,normal,on,on,0.95,0.935,0.94,0.935
2018-01-04,03:18,not set,not set,not set,not set,0,not set,,,not set,not set,0,not set,BathroomLightCommanded,16.5,68.9,not set,not set,not set,not set,not set,not set,0,not set,5.05,4.47,164,4.45,46,17,40,14,high,normal,on,on,0.935,0.93,0.94,0.93
2018-01-04,03:19,not set,not set,not set,not set,0,not set,,,not set,not set,0,not set,BathroomLightCommanded,16.5,68.9,not set,not set,not set,not set,not set,not set,0,not set,5.05,4.47,164,4.45,46,16,40,14,high,normal,on,on,0.93,0.935,0.925,0.94
2018-01-04,03:19,not set,not set,not set,not set,0,not set,,,not set,not set,0,not set,BathroomLightCommanded,16.5,68.9,not set,not set,not set,not set,not set,not set,0,not set,5.05,4.47,164,4.45,46,16,41,15,high,normal,on,on,0.945,0.93,0.925,0.945
2018-01-04,03:20,not set,not set,not set,not set,0,not set,,,not set,not set,0,not set,BathroomLightCommanded,16.5,68.9,not set,not set,not set,not set,not set,not set,0,not set,5.05,4.47,164,4.45,46,16,40,14,high,normal,on,on,0.935,0.94,0.935,0.93
2018-01-04,03:20,not set,not set,not set,not set,0,not set,,,not set,not set,0,not set,BathroomLightCommanded,16.5,69.1,not set,not set,not set,not set,not set,not set,0,not set,5.05,4.47,164,4.45,46,16,40,15,high,normal,on,on,0.94,0.93,0.93,0.925
2018-01-04,03:20,not set,not set,not set,not set,0,not set,,,not set,not set,0,not set,BathroomLightCommanded,16.5,68.9,not set,not set,not set,not set,not set,not set,0,not set,5.05,4.47,164,4.45,46,16,40,14,high,normal,on,on,0.935,0.935,0.93,0.945
2018-01-04,03:21,not set,not set,not set,not set,0,not set,,,not set,not set,0,not set,BathroomLightCommanded,16.5,68.9,not set,not set,not set,not set,not set,not set,0,not set,5.05,4.47,164,4.45,45,17,40,14,high,normal,on,on,0.935,0.93,0.94,0.94
2018-01-04,03:21,not set,not set,not set,not set,0,not set,,,not set,not set,0,not set,BathroomLightCommanded,16.5,68.8,not set,not set,not set,not set,not set,not set,0,not set,5.05,4.47,164,4.45,45,16,40,14,high,normal,on,on,0.935,0.945,0.93,0.955
2018-01-04,03:22,not set,not set,not set,not set,0,not set,,,not set,not set,0,not set,BathroomLightCommanded,16.5,69.0,not set,not set,not set,not set,not set,not set,0,not set,5.05,4.47,164,4.45,45,16,40,14,high,normal,on,on,0.95,0.94,0.935,0.965
2018-01-04,03:22,not set,not set,not set,not set,0,not set,,,not set,not set,0,not set,BathroomLightCommanded,16.5,68.9,not set,not set,not set,not set,not set,not set,0,not set,5.05,4.47,164,4.45,45,16,40,14,high,normal,on,on,0.94,0.955,0.945,0.945
2018-01-04,03:22,not set,not set,not set,not set,1,not set,,,not set,not set,0,not set,BathroomLightCommanded,16.5,68.9,not set,not set,not set,not set,not set,not set,0,not set,5.05,4.47,164,4.45,45,16,40,15,high,normal,on,on,0.94,0.95,0.94,0.94
2018-01-04,03:23,not set,not set,not set,not set,0,not set,,,not set,not set,0,not set,BathroomLightCommanded,16.5,68.9,not set,not set,not set,not set,not set,not set,0,not set,5.05,4.47,164,4.45,45,16,40,14,high,normal,on,on,0.95,0.95,0.94,0.94
2018-01-04,03:23,not set,not set,not set,not set,0,not set,,,not set,not set,0,not set,BathroomLightCommanded,16.5,68.9,not set,not set,not set,not set,not set,not set,0,not set,5.05,4.47,164,4.45,45,16,40,15,high,normal,on,on,0.945,0.94,0.93,0.945
2018-01-04,03:23,not set,not set,not set,not set,0,not set,,,not set,not set,0,not set,BathroomLightCommanded,16.5,68.9,not set,not set,not set,not set,not set,not set,0,not set,5.05,4.47,164,4.45,45,16,40,14,high,normal,on,on,0.94,0.935,0.935,0.94
2018-01-04,03:24,not set,not set,not set,not set,0,not set,,,not set,not set,0,not set,BathroomLightCommanded,16.5,69.0,not set,not set,not set,not set,not set,not set,0,not set,5.05,4.47,164,4.45,45,16,40,14,high,normal,on,on,0.955,0.945,0.945,0.945
2018-01-04,03:24,not set,not set,not set,not set,0,not set,,,not set,not set,0,not set,BathroomLightCommanded,16.5,69.1,not set,not set,not set,not set,not set,not set,0,not set,5.05,4.47,164,4.45,45,16,40,14,high,normal,on,on,0.945,0.93,0.935,0.935
2018-01-04,03:25,not set,not set,not set,not set,0,not set,,,not set,not set,0,not set,BathroomLightCommanded,16.5,69.1,not set,not set,not set,not set,not set,not set,0,not set,5.05,4.47,164,4.45,45,16,40,14,high,normal,on,on,0.945,0.935,0.935,0.94
2018-01-04,03:25,not set,not set,not set,not set,0,not set,,,not set,not set,0,not set,BathroomLightCommanded,16.5,69.0,not set,not set,not set,not set,not set,not set,0,not set,5.05,4.47,164,4.45,45,16,40,14,high,normal,on,on,0.94,0.935,0.935,0.94
2018-01-04,03:25,not set,not set,not set,not set,0,not set,,,not set,not set,0,not set,BathroomLightCommanded,16.5,69.1,not set,not set,not set,not set,not set,not set,0,not set,5.05,4.47,164,4.45,45,16,40,14,high,normal,on,on,0.94,0.94,0.95,0.955
2018-01-04,03:26,not set,not set,not set,not set,0,not set,,,not set,not set,0,not set,BathroomLightCommanded,16.5,69.2,not set,not set,not set,not set,not set,not set,0,not set,5.05,4.47,164,4.45,44,16,40,14,high,normal,on,on,0.94,0.96,0.935,0.95
2018-01-04,03:26,not set,not set,not set,not set,0,not set,,,not set,not set,0,not set,BathroomLightCommanded,16.5,69.2,not set,not set,not set,not set,not set,not set,0,not set,5.05,4.47,164,4.45,45,16,39,14,high,normal,on,on,1.025,1.035,1.045,1.045
2018-01-04,03:27,not set,not set,not set,not set,0,not set,,,not set,not set,0,not set,BathroomLightCommanded,16.5,69.2,not set,not set,not set,not set,not set,not set,0,not set,5.05,4.47,164,4.45,44,16,40,14,high,normal,on,on,1.04,1.04,1.035,1.035
2018-01-04,03:27,not set,not set,not set,not set,0,not set,,,not set,not set,0,not set,BathroomLightCommanded,16.5,68.9,not set,not set,not set,not set,not set,not set,0,not set,5.05,4.47,164,4.45,45,16,39,15,high,normal,on,on,1.03,1.04,1.045,1.03
2018-01-04,03:27,not set,not set,not set,not set,0,not set,,,not set,not set,0,not set,BathroomLightCommanded,16.5,69.0,not set,not set,not set,not set,not set,not set,0,not set,5.05,4.47,164,4.45,45,16,40,15,high,normal,on,on,1.04,1.03,1.035,1.035
2018-01-04,03:28,not set,not set,not set,not set,0,not set,,,not set,not set,0,not set,BathroomLightCommanded,16.5,69.1,not set,not set,not set,not set,not set,not set,0,not set,5.05,4.47,164,4.45,44,16,39,14,high,normal,on,on,1.02,1.025,1.02,1.02
2018-01-04,03:28,not set,not set,not set,not set,0,not set,,,not set,not set,0,not set,BathroomLightCommanded,16.5,69.1,not set,not set,not set,not set,not set,not set,0,not set,5.05,4.47,164,4.45,45,16,40,14,high,normal,on,on,1.01,1.02,1.015,1.015
2018-01-04,03:28,not set,not set,not set,not set,0,not set,,,not set,not set,0,not set,BathroomLightCommanded,16.5,69.1,not set,not set,not set,not set,not set,not set,0,not set,5.05,4.47,164,4.45,44,16,39,15,high,normal,on,on,1.01,1.005,1.02,0.995
2018-01-04,03:29,not set,not set,not set,not set,0,not set,,,not set,not set,0,not set,BathroomLightCommanded,16.5,69.1,not set,not set,not set,not set,not set,not set,0,not set,5.05,4.47,164,4.45,44,16,39,14,high,normal,on,on,1.005,1.005,1.0,1.005
2018-01-04,03:29,not set,not set,not set,not set,0,not set,,,not set,not set,0,not set,BathroomLightCommanded,16.5,68.9,not set,not set,not set,not set,not set,not set,0,not set,5.05,4.47,164,4.45,44,16,40,14,high,normal,on,on,1.0,0.985,0.99,1.005
2018-01-04,03:30,not set,not set,not set,not set,0,not set,,,not set,not set,0,not set,BathroomLightCommanded,16.5,69.1,not set,not set,not set,not set,not set,not set,0,not set,5.05,4.47,164,4.45,44,16,40,14,high,normal,on,on,0.99,0.965,0.985,1.01
2018-01-04,03:30,not set,not set,not set,not set,0,not set,,,not set,not set,0,not set,BathroomLightCommanded,16.5,69.0,not set,not set,not set,not set,not set,not set,0,not set,5.05,4.47,164,4.45,45,16,39,14,high,normal,on,on,0.98,0.985,0.98,1.0
2018-01-04,03:30,not set,not set,not set,not set,0,not set,,,not set,not set,0,not set,BathroomLightCommanded,16.5,69.2,not set,not set,not set,not set,not set,not set,0,not set,5.05,4.47,164,4.45,44,17,39,14,high,normal,on,on,0.99,0.99,0.985,0.98
2018-01-04,03:31,not set,not set,not set,not set,0,not set,,,not set,not set,0,not set,BathroomLightCommanded,16.5,69.2,not set,not set,not set,not set,not set,not set,0,not set,5.05,4.47,164,4.45,44,16,39,15,high,normal,on,on,0.975,0.97,0.98,0.985
2018-01-04,03:31,not set,not set,not set,not set,0,not set,,,not set,not set,0,not set,BathroomLightCommanded,16.5,69.1,not set,not set,not set,not set,not set,not set,0,not set,5.05,4.47,164,4.45,45,16,39,15,high,normal,on,on,0.975,0.98,0.98,0.98
2018-01-04,03:32,not set,not set,not set,not set,0,not set,,,not set,not set,0,not set,BathroomLightCommanded,16.5,69.2,not set,not set,not set,not set,not set,not set,0,not set,5.05,4.47,164,4.45,44,16,39,15,high,normal,on,on,0.97,0.99,0.98,0.98
2018-01-04,03:32,not set,not set,not set,not set,0,not set,,,not set,not set,0,not set,BathroomLightCommanded,16.5,69.2,not set,not set,not set,not set,not set,not set,0,not set,5.05,4.47,164,4.45,44,16,40,15,high,normal,on,on,0.97,0.97,0.975,0.97
2018-01-04,03:32,not set,not set,not set,not set,0,not set,,,not set,not set,0,not set,BathroomLightCommanded,16.5,69.2,not set,not set,not set,not set,not set,not set,0,not set,5.05,4.47,164,4.45,44,17,39,15,high,normal,on,on,0.965,0.975,0.975,0.98
2018-01-04,03:33,not set,not set,not set,not set,0,not set,,,not set,not set,0,not set,BathroomLightCommanded,16.5,69.2,not set,not set,not set,not set,not set,not set,0,not set,5.05,4.47,164,4.45,44,16,39,15,high,normal,on,on,0.98,0.985,0.975,0.99
2018-01-04,03:33,not set,not set,not set,not set,0,not set,,,not set,not set,0,not set,BathroomLightCommanded,16.5,69.1,not set,not set,not set,not set,not set,not set,0,not set,5.05,4.47,164,4.45,44,16,39,14,high,normal,on,on,0.98,0.97,0.97,0.97
2018-01-04,03:34,not set,not set,not set,not set,0,not set,,,not set,not set,0,not set,BathroomLightCommanded,16.5,69.0,not set,not set,not set,not set,not set,not set,0,not set,5.05,4.47,164,4.45,44,17,39,14,high,normal,on,on,0.98,0.975,0.97,0.97
2018-01-04,03:34,not set,not set,not set,not set,0,not set,,,not set,not set,0,not set,BathroomLightCommanded,16.5,69.1,not set,not set,not set,not set,not set,not set,0,not set,5.05,4.47,164,4.45,44,16,39,15,high,normal,on,on,0.98,0.975,0.98,0.975
2018-01-04,03:34,not set,not set,not set,not set,0,not set,,,not set,not set,0,not set,BathroomLightCommanded,16.5,69.1,not set,not set,not set,not set,not set,not set,0,not set,5.05,4.47,164,4.45,44,17,39,14,high,normal,on,on,0.975,0.99,0.975,0.975
2018-01-04,03:35,not set,not set,not set,not set,0,not set,,,not set,not set,0,not set,BathroomLightCommanded,16.5,69.1,not set,not set,not set,not set,not set,not set,0,not set,5.05,4.47,164,4.45,43,16,39,14,high,normal,on,on,0.975,0.98,0.98,0.985
2018-01-04,03:35,not set,not set,not set,not set,0,not set,,,not set,not set,0,not set,BathroomLightCommanded,16.5,69.1,not set,not set,not set,not set,not set,not set,0,not set,5.05,4.47,164,4.45,43,16,39,14,high,normal,on,on,0.98,0.985,0.98,0.98
2018-01-04,03:35,not set,not set,not set,not set,0,not set,,,not set,not set,0,not set,BathroomLightCommanded,16.5,69.1,not set,not set,not set,not set,not set,not set,0,not set,5.05,4.47,164,4.45,43,17,39,14,high,normal,on,on,0.98,0.98,0.975,0.985
2018-01-04,03:36,not set,not set,not set,not set,1,not set,,,not set,not set,0,not set,BathroomLightCommanded,16.5,69.1,not set,not set,not set,not set,not set,not set,0,not set,5.05,4.47,164,4.45,43,16,39,15,high,normal,on,on,0.975,0.965,0.98,0.975
2018-01-04,03:36,not set,not set,not set,not set,0,not set,,,not set,not set,0,not set,BathroomLightCommanded,16.5,69.1,not set,not set,not set,not set,not set,not set,0,not set,5.05,4.47,164,4.45,43,16,40,15,high,normal,on,on,0.965,0.985,0.97,0.98
2018-01-04,03:37,not set,not set,not set,not set,0,not set,,,not set,not set,0,not set,BathroomLightCommanded,16.5,69.2,not set,not set,not set,not set,not set,not set,0,not set,5.05,4.47,164,4.45,43,16,39,14,high,normal,on,on,0.99,0.98,0.985,0.96
2018-01-04,03:37,not set,not set,not set,not set,0,not set,,,not set,not set,0,not set,BathroomLightCommanded,16.5,69.1,not set,not set,not set,not set,not set,not set,0,not set,5.05,4.47,164,4.45,43,16,40,15,high,normal,on,on,0.98,0.975,0.97,0.975
2018-01-04,03:37,not set,not set,not set,not set,0,not set,,,not set,not set,0,not set,BathroomLightCommanded,16.5,69.1,not set,not set,not set,not set,not set,not set,0,not set,5.05,4.47,164,4.45,43,16,40,14,high,normal,on,on,0.99,0.985,0.985,0.975
2018-01-04,03:38,not set,not set,not set,not set,0,not set,,,not set,not set,0,not set,BathroomLightCommanded,16.5,69.0,not set,not set,not set,not set,not set,not set,0,not set,5.05,4.47,164,4.45,44,17,39,14,high,normal,on,on,0.965,0.985,0.975,0.99
2018-01-04,03:38,not set,not set,not set,not set,0,not set,,,not set,not set,0,not set,BathroomLightCommanded,16.5,69.0,not set,not set,not set,not set,not set,not set,0,not set,5.05,4.47,164,4.45,43,16,39,14,high,normal,on,on,0.98,0.985,0.99,0.98
2018-01-04,03:39,not set,not set,not set,not set,0,not set,,,not set,not set,0,not set,BathroomLightCommanded,16.5,69.0,not set,not set,not set,not set,not set,not set,0,not set,5.05,4.47,164,4.45,43,16,39,15,high,normal,on,on,0.985,0.97,0.985,0.985
2018-01-04,03:39,not set,not set,not set,not set,0,not set,,,not set,not set,0,not set,BathroomLightCommanded,16.5,69.0,not set,not set,not set,not set,not set,not set,0,not set,5.05,4.47,164,4.45,44,16,39,15,high,normal,on,on,0.975,0.975,0.98,0.975
2018-01-04,03:39,not set,not set,not set,not set,0,not set,,,not set,not set,0,not set,BathroomLightCommanded,16.5,69.1,not set,not set,not set,not set,not set,not set,0,not set,5.05,4.47,164,4.45,43,16,39,15,high,normal,on,on,0.98,0.99,0.98,0.975
2018-01-04,03:40,not set,not set,not set,not set,0,not set,,,not set,not set,0,not set,BathroomLightCommanded,16.5,69.1,not set,not set,not set,not set,not set,not set,0,not set,5.05,4.47,164,4.45,43,16,39,15,high,normal,on,on,0.975,0.97,0.985,0.985
2018-01-04,03:40,not set,not set,not set,not set,0,not set,,,not set,not set,0,not set,BathroomLightCommanded,16.5,69.1,not set,not set,not set,not set,not set,not set,0,not set,5.05,4.47,164,4.45,44,16,39,14,high,normal,on,on,0.995,0.995,0.98,0.99
2018-01-04,03:40,not set,not set,not set,not set,0,not set,,,not set,not set,0,not set,BathroomLightCommanded,16.5,69.0,not set,not set,not set,not set,not set,not set,0,not set,5.05,4.47,164,4.45,43,16,39,14,high,normal,on,on,0.99,0.985,0.975,0.975
2018-01-04,03:41,not set,not set,not set,not set,0,not set,,,not set,not set,0,not set,BathroomLightCommanded,16.5,69.0,not set,not set,not set,not set,not set,not set,0,not set,5.05,4.47,164,4.45,43,17,39,14,high,normal,on,on,0.975,0.975,1.0,0.965
2018-01-04,03:41,not set,not set,not set,not set,0,not set,,,not set,not set,0,not set,BathroomLightCommanded,16.5,69.0,not set,not set,not set,not set,not set,not set,0,not set,5.05,4.47,164,4.45,43,16,39,14,high,normal,on,on,0.98,0.98,0.985,0.985
2018-01-04,03:42,not set,not set,not set,not set,0,not set,,,not set,not set,0,not set,BathroomLightCommanded,16.5,69.1,not set,not set,not set,not set,not set,not set,0,not set,5.05,4.47,164,4.45,43,16,39,15,high,normal,on,on,0.975,0.965,0.98,0.99
2018-01-04,03:42,not set,not set,not set,not set,0,not set,,,not set,not set,0,not set,BathroomLightCommanded,16.5,69.0,not set,not set,not set,not set,not set,not set,0,not set,5.05,4.47,164,4.45,43,17,39,14,high,normal,on,on,0.99,0.99,0.985,0.975
2018-01-04,03:42,not set,not set,not set,not set,0,not set,,,not set,not set,0,not set,BathroomLightCommanded,16.5,69.1,not set,not set,not set,not set,not set,not set,0,not set,5.05,4.47,164,4.45,43,16,39,15,high,normal,on,on,0.985,0.99,0.98,0.985
2018-01-04,03:43,not set,not set,not set,not set,0,not set,,,not set,not set,0,not set,BathroomLightCommanded,16.5,69.1,not set,not set,not set,not set,not set,not set,0,not set,5.05,4.47,164,4.45,43,16,40,14,high,normal,on,on,0.99,1.0,0.99,0.99
2018-01-04,03:43,not set,not set,not set,not set,0,not set,,,not set,not set,0,not set,BathroomLightCommanded,16.5,68.9,not set,not set,not set,not set,not set,not set,0,not set,5.05,4.47,164,4.45,43,16,39,14,high,normal,on,on,0.99,0.985,0.985,0.995
2018-01-04,03:44,not set,not set,not set,not set,0,not set,,,not set,not set,0,not set,BathroomLightCommanded,16.5,69.0,not set,not set,not set,not set,not set,not set,0,not set,5.05,4.47,164,4.45,43,16,39,15,high,normal,on,on,0.995,0.98,0.99,1.0
2018-01-04,03:44,not set,not set,not set,not set,0,not set,,,not set,not set,0,not set,BathroomLightCommanded,16.5,69.0,not set,not set,not set,not set,not set,not set,0,not set,5.05,4.47,164,4.45,43,16,39,14,high,normal,on,on,0.975,0.985,0.98,0.985
2018-01-04,03:44,not set,not set,not set,not set,0,not set,,,not set,not set,0,not set,BathroomLightCommanded,16.5,69.1,not set,not set,not set,not set,not set,not set,0,not set,5.05,4.47,164,4.45,43,16,39,14,high,normal,on,on,0.98,0.985,0.985,0.97
2018-01-04,03:45,not set,not set,not set,not set,0,not set,,,not set,not set,0,not set,BathroomLightCommanded,16.5,68.9,not set,not set,not set,not set,not set,not set,0,not set,5.05,4.47,164,4.45,43,16,39,14,high,normal,on,on,0.975,0.99,0.985,0.98
2018-01-04,03:45,not set,not set,not set,not set,0,not set,,,not set,not set,0,not set,BathroomLightCommanded,16.5,68.9,not set,not set,not set,not set,not set,not set,0,not set,5.05,4.47,164,4.45,43,16,39,14,high,normal,on,on,0.98,0.985,0.98,0.995
2018-01-04,03:45,not set,not set,not set,not set,0,not set,,,not set,not set,0,not set,BathroomLightCommanded,16.5,69.0,not set,not set,not set,not set,not set,not set,0,not set,5.05,4.47,164,4.45,43,17,39,14,high,normal,on,on,0.975,0.98,0.99,0.975
2018-01-04,03:46,not set,not set,not set,not set,0,not set,,,not set,not set,0,not set,BathroomLightCommanded,16.5,69.0,not set,not set,not set,not set,not set,not set,0,not set,5.05,4.47,164,4.45,43,17,39,14,high,normal,on,on,0.99,0.985,0.975,0.985
2018-01-04,03:46,not set,not set,not set,not set,0,not set,,,not set,not set,0,not set,BathroomLightCommanded,16.5,69.0,not set,not set,not set,not set,not set,not set,0,not set,5.05,4.47,164,4.45,43,16,39,15,high,normal,on,on,0.98,0.98,0.98,0.975
2018-01-04,03:47,not set,not set,not set,not set,0,not set,,,not set,not set,0,not set,BathroomLightCommanded,16.5,69.0,not set,not set,not set,not set,not set,not set,0,not set,5.05,4.47,164,4.45,43,16,39,14,high,normal,on,on,0.98,0.965,0.98,0.965
2018-01-04,03:47,not set,not set,not set,not set,0,not set,,,not set,not set,0,not set,BathroomLightCommanded,16.5,69.1,not set,not set,not set,not set,not set,not set,0,not set,5.05,4.47,164,4.45,43,16,39,14,high,normal,on,on,0.975,0.975,0.98,0.995
2018-01-04,03:47,not set,not set,not set,not set,0,not set,,,not set,not set,0,not set,BathroomLightCommanded,16.5,69.2,not set,not set,not set,not set,not set,not set,0,not set,5.05,4.47,164,4.45,43,16,39,14,high,normal,on,on,0.975,0.96,0.98,0.985
2018-01-04,03:48,not set,not set,not set,not set,1,not set,,,not set,not set,0,not set,BathroomLightCommanded,16.5,69.0,not set,not set,not set,not set,not set,not set,0,not set,5.05,4.47,164,4.45,43,16,39,14,high,normal,on,on,0.965,0.985,0.98,0.98
2018-01-04,03:48,not set,not set,not set,not set,1,not set,,,not set,not set,0,not set,BathroomLightCommanded,16.5,69.0,not set,not set,not set,not set,not set,not set,0,not set,5.05,4.47,164,4.45,43,16,39,14,high,normal,on,on,0.985,0.98,0.97,0.99
2018-01-04,03:49,not set,not set,not set,not set,0,not set,,,not set,not set,0,not set,BathroomLightCommanded,16.5,68.9,not set,not set,not set,not set,not set,not set,0,not set,5.05,4.47,164,4.45,43,16,39,14,high,normal,on,on,0.97,0.965,0.97,0.98
2018-01-04,03:49,not set,not set,not set,not set,0,not set,,,not set,not set,0,not set,BathroomLightCommanded,16.5,69.1,not set,not set,not set,not set,not set,not set,0,not set,5.05,4.47,164,4.45,43,16,39,15,high,normal,on,on,0.965,0.98,0.97,0.98
2018-01-04,03:49,not set,not set,not set,not set,1,not set,,,not set,not set,0,not set,BathroomLightCommanded,16.5,69.1,not set,not set,not set,not set,not set,not set,0,not set,5.05,4.47,164,4.45,43,16,39,14,high,normal,on,on,0.95,0.975,0.96,0.97
2018-01-04,03:50,not set,not set,not set,not set,0,not set,,,not set,not set,0,not set,BathroomLightCommanded,16.5,69.1,not set,not set,not set,not set,not set,not set,0,not set,5.05,4.47,164,4.45,42,16,39,14,high,normal,on,on,0.98,0.98,0.96,0.985
2018-01-04,03:50,not set,not set,not set,not set,0,not set,,,not set,not set,0,not set,BathroomLightCommanded,16.5,69.2,not set,not set,not set,not set,not set,not set,0,not set,5.05,4.47,164,4.45,43,16,39,15,high,normal,on,on,0.975,0.97,0.965,0.98
2018-01-04,03:50,not set,not set,not set,not set,1,not set,,,not set,not set,0,not set,BathroomLightCommanded,16.5,69.2,not set,not set,not set,not set,not set,not set,0,not set,5.05,4.47,164,4.45,43,16,39,14,high,normal,on,on,0.965,0.98,0.975,0.97
2018-01-04,03:51,not set,not set,not set,not set,0,not set,,,not set,not set,0,not set,BathroomLightCommanded,16.5,69.2,not set,not set,not set,not set,not set,not set,0,not set,5.05,4.47,164,4.45,43,16,39,14,high,normal,on,on,0.965,0.97,0.975,0.97
2018-01-04,03:51,not set,not set,not set,not set,0,not set,,,not set,not set,0,not set,BathroomLightCommanded,16.5,69.2,not set,not set,not set,not set,not set,not set,0,not set,5.05,4.47,164,4.45,43,16,39,15,high,normal,on,on,0.985,0.96,0.96,0.97
2018-01-04,03:52,not set,not set,not set,not set,0,not set,,,not set,not set,0,not set,BathroomLightCommanded,16.5,69.2,not set,not set,not set,not set,not set,not set,0,not set,5.05,4.47,164,4.45,43,16,39,14,high,normal,on,on,0.945,0.97,0.965,0.98
2018-01-04,03:52,not set,not set,not set,not set,0,not set,,,not set,not set,0,not set,BathroomLightCommanded,16.5,69.1,not set,not set,not set,not set,not set,not set,0,not set,5.05,4.47,164,4.45,43,16,39,14,high,normal,on,on,0.97,0.955,0.955,0.96
2018-01-04,03:52,not set,not set,not set,not set,0,not set,,,not set,not set,0,not set,BathroomLightCommanded,16.5,69.3,not set,not set,not set,not set,not set,not set,0,not set,5.05,4.47,164,4.45,43,16,40,15,high,normal,on,on,0.97,0.97,0.96,0.975
2018-01-04,03:53,not set,not set,not set,not set,0,not set,,,not set,not set,0,not set,BathroomLightCommanded,16.5,69.3,not set,not set,not set,not set,not set,not set,0,not set,5.05,4.47,164,4.45,43,16,39,14,high,normal,on,on,0.96,0.96,0.955,0.97
2018-01-04,03:53,not set,not set,not set,not set,0,not set,,,not set,not set,0,not set,BathroomLightCommanded,16.5,69.2,not set,not set,not set,not set,not set,not set,0,not set,5.05,4.47,164,4.45,43,16,39,15,high,normal,on,on,0.97,0.965,0.97,0.965
2018-01-04,03:54,not set,not set,not set,not set,0,not set,,,not set,not set,0,not set,BathroomLightCommanded,16.5,69.2,not set,not set,not set,not set,not set,not set,0,not set,5.05,4.47,164,4.45,43,16,39,14,high,normal,on,on,0.955,0.975,0.96,0.96
2018-01-04,03:54,not set,not set,not set,not set,0,not set,,,not set,not set,0,not set,BathroomLightCommanded,16.5,69.3,not set,not set,not set,not set,not set,not set,0,not set,5.05,4.47,164,4.45,43,16,39,14,high,normal,on,on,0.965,0.97,0.965,0.965
2018-01-04,03:54,not set,not set,not set,not set,0,not set,,,not set,not set,0,not set,BathroomLightCommanded,16.5,69.3,not set,not set,not set,not set,not set,not set,0,not set,5.05,4.47,164,4.45,43,16,39,14,high,normal,on,on,0.96,0.965,0.965,0.97
2018-01-04,03:55,not set,not set,not set,not set,0,not set,,,not set,not set,0,not set,BathroomLightCommanded,16.5,69.2,not set,not set,not set,not set,not set,not set,0,not set,5.05,4.47,164,4.45,42,16,39,14,high,normal,on,on,0.965,0.96,0.96,0.96
2018-01-04,03:55,not set,not set,not set,not set,0,not set,,,not set,not set,0,not set,BathroomLightCommanded,16.5,69.2,not set,not set,not set,not set,not set,not set,0,not set,5.05,4.47,164,4.45,44,16,40,14,high,normal,on,on,0.975,0.96,0.96,0.965
2018-01-04,03:55,not set,not set,not set,not set,0,not set,,,not set,not set,0,not set,BathroomLightCommanded,16.5,69.1,not set,not set,not set,not set,not set,not set,0,not set,5.05,4.47,164,4.45,43,16,39,15,high,normal,on,on,0.945,0.955,0.955,0.955
2018-01-04,03:56,not set,not set,not set,not set,0,not set,,,not set,not set,0,not set,BathroomLightCommanded,16.5,69.2,not set,not set,not set,not set,not set,not set,0,not set,5.05,4.47,164,4.45,43,16,39,14,high,normal,on,on,0.96,0.96,0.955,0.95
2018-01-04,03:56,not set,not set,not set,not set,1,not set,,,not set,not set,0,not set,BathroomLightCommanded,16.5,69.2,not set,not set,not set,not set,not set,not set,0,not set,5.05,4.47,164,4.45,43,16,39,14,high,normal,on,on,0.95,0.95,0.96,0.965
2018-01-04,03:57,not set,not set,not set,not set,0,not set,,,not set,not set,0,not set,BathroomLightCommanded,16.5,69.1,not set,not set,not set,not set,not set,not set,0,not set,5.05,4.47,164,4.45,43,16,39,14,high,normal,on,on,0.955,0.955,0.95,0.955
2018-01-04,03:57,not set,not set,not set,not set,0,not set,,,not set,not set,0,not set,BathroomLightCommanded,16.5,69.1,not set,not set,not set,not set,not set,not set,0,not set,5.05,4.47,164,4.45,43,16,39,15,high,normal,on,on,0.965,0.96,0.965,0.965
2018-01-04,03:57,not set,not set,not set,not set,0,not set,,,not set,not set,0,not set,BathroomLightCommanded,16.5,69.2,not set,not set,not set,not set,not set,not set,0,not set,5.05,4.47,164,4.45,43,16,39,15,high,normal,on,on,0.955,0.96,0.96,0.955
2018-01-04,03:58,not set,not set,not set,not set,0,not set,,,not set,not set,0,not set,BathroomLightCommanded,16.5,69.1,not set,not set,not set,not set,not set,not set,0,not set,5.05,4.47,164,4.45,43,16,39,14,high,normal,on,on,0.95,0.965,0.965,0.96
2018-01-04,03:58,not set,not set,not set,not set,0,not set,,,not set,not set,0,not set,BathroomLightCommanded,16.5,69.1,not set,not set,not set,not set,not set,not set,0,not set,5.05,4.47,164,4.45,42,16,39,15,high,normal,on,on,0.965,0.95,0.96,0.96
2018-01-04,03:59,not set,not set,not set,not set,0,not set,,,not set,not set,0,not set,BathroomLightCommanded,16.5,69.1,not set,not set,not set,not set,not set,not set,0,not set,5.05,4.47,164,4.45,42,17,39,14,high,normal,on,on,0.965,0.96,0.945,0.965
2018-01-04,03:59,not set,not set,not set,not set,0,not set,,,not set,not set,0,not set,BathroomLightCommanded,16.5,69.1,not set,not set,not set,not set,not set,not set,0,not set,5.05,4.47,164,4.45,42,16,39,14,high,normal,on,on,0.965,0.955,0.95,0.96
2018-01-04,03:59,not set,not set,not set,not set,0,not set,,,not set,not set,0,not set,BathroomLightCommanded,16.5,69.1,not set,not set,not set,not set,not set,not set,0,not set,5.05,4.47,164,4.45,43,16,40,14,high,normal,on,on,0.955,0.955,0.95,0.97
2018-01-04,04:00,not set,not set,not set,not set,0,not set,,,not set,not set,0,not set,BathroomLightCommanded,16.5,69.0,not set,not set,not set,not set,not set,not set,0,not set,5.05,4.47,164,4.45,42,16,39,14,high,normal,on,on,0.96,0.95,0.945,0.95
2018-01-04,04:00,not set,not set,not set,not set,0,not set,,,not set,not set,0,not set,BathroomLightCommanded,16.5,69.1,not set,not set,not set,not set,not set,not set,0,not set,5.05,4.47,164,4.45,42,16,39,15,high,normal,on,on,0.955,0.96,0.945,0.965
2018-01-04,04:00,not set,not set,not set,not set,0,not set,,,not set,not set,0,not set,BathroomLightCommanded,16.5,69.1,not set,not set,not set,not set,not set,not set,0,not set,5.05,4.47,164,4.45,42,16,39,15,high,normal,on,on,0.945,0.955,0.935,0.955
2018-01-04,04:01,not set,not set,not set,not set,0,not set,,,not set,not set,0,not set,BathroomLightCommanded,16.5,69.2,not set,not set,not set,not set,not set,not set,0,not set,5.05,4.47,164,4.45,43,16,39,15,high,normal,on,on,0.955,0.95,0.96,0.95
2018-01-04,04:01,not set,not set,not set,not set,0,not set,,,not set,not set,0,not set,BathroomLightCommanded,16.5,69.1,not set,not set,not set,not set,not set,not set,0,not set,5.05,4.47,164,4.45,42,16,39,14,high,normal,on,on,0.945,0.95,0.955,0.955
2018-01-04,04:02,not set,not set,not set,not set,0,not set,,,not set,not set,0,not set,BathroomLightCommanded,16.5,69.1,not set,not set,not set,not set,not set,not set,0,not set,5.05,4.47,164,4.45,43,16,39,14,high,normal,on,on,0.945,0.945,0.95,0.95
2018-01-04,04:02,not set,not set,not set,not set,0,not set,,,not set,not set,0,not set,BathroomLightCommanded,16.5,69.3,not set,not set,not set,not set,not set,not set,0,not set,5.05,4.47,164,4.45,43,16,39,15,high,normal,on,on,0.96,0.945,0.955,0.965
2018-01-04,04:02,not set,not set,not set,not set,0,not set,,,not set,not set,0,not set,BathroomLightCommanded,16.5,69.1,not set,not set,not set,not set,not set,not set,0,not set,5.05,4.47,164,4.45,43,16,39,14,high,normal,on,on,0.955,0.95,0.94,0.95
2018-01-04,04:03,not set,not set,not set,not set,0,not set,,,not set,not set,0,not set,BathroomLightCommanded,16.5,69.1,not set,not set,not set,not set,not set,not set,0,not set,5.05,4.47,164,4.45,43,16,39,15,high,normal,on,on,0.945,0.95,0.95,0.95
2018-01-04,04:03,not set,not set,not set,not set,0,not set,,,not set,not set,0,not set,BathroomLightCommanded,16.5,69.2,not set,not set,not set,not set,not set,not set,0,not set,5.05,4.47,164,4.45,43,16,39,15,high,normal,on,on,0.95,0.955,0.955,0.945
2018-01-04,04:04,not set,not set,not set,not set,0,not set,,,not set,not set,0,not set,BathroomLightCommanded,16.5,69.2,not set,not set,not set,not set,not set,not set,0,not set,5.05,4.47,164,4.45,43,16,39,14,high,normal,on,on,0.955,0.955,0.955,0.945
2018-01-04,04:04,not set,not set,not set,not set,0,not set,,,not set,not set,0,not set,BathroomLightCommanded,16.5,69.2,not set,not set,not set,not set,not set,not set,0,not set,5.05,4.47,164,4.45,43,16,39,14,high,normal,on,on,0.945,0.945,0.945,0.94
2018-01-04,04:04,not set,not set,not set,not set,0,not set,,,not set,not set,0,not set,BathroomLightCommanded,16.5,69.3,not set,not set,not set,not set,not set,not set,0,not set,5.05,4.47,164,4.45,42,16,39,15,high,normal,on,on,0.935,0.95,0.95,0.945
2018-01-04,04:05,not set,not set,not set,not set,0,not set,,,not set,not set,0,not set,BathroomLightCommanded,16.5,69.3,not set,not set,not set,not set,not set,not set,0,not set,5.05,4.47,164,4.45,43,16,38,15,high,normal,on,on,0.955,0.96,0.955,0.95
2018-01-04,04:05,not set,not set,not set,not set,0,not set,,,not set,not set,0,not set,BathroomLightCommanded,16.5,69.3,not set,not set,not set,not set,not set,not set,0,not set,5.05,4.47,164,4.45,42,16,39,15,high,normal,on,on,0.94,0.945,0.94,0.945
2018-01-04,04:05,not set,not set,not set,not set,0,not set,,,not set,not set,0,not set,BathroomLightCommanded,16.5,69.2,not set,not set,not set,not set,not set,not set,0,not set,5.05,4.47,164,4.45,42,17,39,14,high,normal,on,on,0.935,0.95,0.945,0.945
2018-01-04,04:06,not set,not set,not set,not set,0,not set,,,not set,not set,0,not set,BathroomLightCommanded,16.5,69.3,not set,not set,not set,not set,not set,not set,0,not set,5.05,4.47,164,4.45,43,16,39,15,high,normal,on,on,0.945,0.945,0.935,0.945
2018-01-04,04:06,not set,not set,not set,not set,0,not set,,,not set,not set,0,not set,BathroomLightCommanded,16.5,69.3,not set,not set,not set,not set,not set,not set,0,not set,5.05,4.47,164,4.45,42,16,39,15,high,normal,on,on,0.935,0.95,0.94,0.94
2018-01-04,04:07,not set,not set,not set,not set,0,not set,,,not set,not set,0,not set,BathroomLightCommanded,16.5,69.2,not set,not set,not set,not set,not set,not set,0,not set,5.05,4.47,164,4.45,43,16,38,15,high,normal,on,on,0.945,0.95,0.94,0.945
2018-01-04,04:07,not set,not set,not set,not set,0,not set,,,not set,not set,0,not set,BathroomLightCommanded,16.5,69.0,not set,not set,not set,not set,not set,not set,0,not set,5.05,4.47,164,4.45,43,16,38,14,high,normal,on,on,0.945,0.945,0.95,0.95
2018-01-04,04:07,not set,not set,not set,not set,0,not set,,,not set,not set,0,not set,BathroomLightCommanded,16.5,69.1,not set,not set,not set,not set,not set,not set,0,not set,5.05,4.47,164,4.45,42,16,39,15,high,normal,on,on,0.945,0.945,0.94,0.935
2018-01-04,04:08,not set,not set,not set,not set,0,not set,,,not set,not set,0,not set,BathroomLightCommanded,16.5,69.2,not set,not set,not set,not set,not set,not set,0,not set,5.05,4.47,164,4.45,42,16,39,15,high,normal,on,on,0.94,0.93,0.94,0.935
2018-01-04,04:08,not set,not set,not set,not set,0,not set,,,not set,not set,0,not set,BathroomLightCommanded,16.5,69.2,not set,not set,not set,not set,not set,not set,0,not set,5.05,4.47,164,4.45,42,16,39,14,high,normal,on,on,0.94,0.945,0.94,0.96
2018-01-04,04:09,not set,not set,not set,not set,0,not set,,,not set,not set,0,not set,BathroomLightCommanded,16.5,69.3,not set,not set,not set,not set,not set,not set,0,not set,5.05,4.47,164,4.45,42,16,39,14,high,normal,on,on,0.95,0.95,0.94,0.93
2018-01-04,04:09,not set,not set,not set,not set,0,not set,,,not set,not set,0,not set,BathroomLightCommanded,16.5,69.2,not set,not set,not set,not set,not set,not set,0,not set,5.05,4.47,164,4.45,43,16,39,14,high,normal,on,on,0.945,0.95,0.935,0.95
2018-01-04,04:09,not set,not set,not set,not set,0,not set,,,not set,not set,0,not set,BathroomLightCommanded,16.5,69.2,not set,not set,not set,not set,not set,not set,0,not set,5.05,4.47,164,4.45,43,16,38,14,high,normal,on,on,0.945,0.96,0.94,0.95
2018-01-04,04:10,not set,not set,not set,not set,0,not set,,,not set,not set,0,not set,BathroomLightCommanded,16.5,69.3,not set,not set,not set,not set,not set,not set,0,not set,5.05,4.47,164,4.45,43,16,39,15,high,normal,on,on,0.935,0.94,0.94,0.945
2018-01-04,04:10,not set,not set,not set,not set,0,not set,,,not set,not set,0,not set,BathroomLightCommanded,16.5,69.3,not set,not set,not set,not set,not set,not set,0,not set,5.05,4.47,164,4.45,42,16,39,14,high,normal,on,on,0.945,0.95,0.935,0.945
2018-01-04,04:10,not set,not set,not set,not set,0,not set,,,not set,not set,0,not set,BathroomLightCommanded,16.5,69.3,not set,not set,not set,not set,not set,not set,0,not set,5.05,4.47,164,4.45,42,16,38,14,high,normal,on,on,0.945,0.96,0.955,0.945
2018-01-04,04:11,not set,not set,not set,not set,0,not set,,,not set,not set,0,not set,BathroomLightCommanded,16.5,69.4,not set,not set,not set,not set,not set,not set,0,not set,5.05,4.47,164,4.45,42,17,39,15,high,normal,on,on,0.955,0.95,0.94,0.95
2018-01-04,04:11,not set,not set,not set,not set,0,not set,,,not set,not set,0,not set,BathroomLightCommanded,16.5,69.4,not set,not set,not set,not set,not set,not set,0,not set,5.05,4.47,164,4.45,43,16,38,14,high,normal,on,on,0.945,0.94,0.935,0.945
2018-01-04,04:12,not set,not set,not set,not set,0,not set,,,not set,not set,0,not set,BathroomLightCommanded,16.5,69.3,not set,not set,not set,not set,not set,not set,0,not set,5.05,4.47,164,4.45,42,16,39,15,high,normal,on,on,0.945,0.95,0.95,0.935
2018-01-04,04:12,not set,not set,not set,not set,0,not set,,,not set,not set,0,not set,BathroomLightCommanded,16.5,69.3,not set,not set,not set,not set,not set,not set,0,not set,5.05,4.47,164,4.45,42,16,38,15,high,normal,on,on,0.945,0.945,0.95,0.935
2018-01-04,04:12,not set,not set,not set,not set,0,not set,,,not set,not set,0,not set,BathroomLightCommanded,16.5,69.3,not set,not set,not set,not set,not set,not set,0,not set,5.05,4.47,164,4.45,42,16,38,14,high,normal,on,on,0.95,0.96,0.945,0.95
2018-01-04,04:13,not set,not set,not set,not set,0,not set,,,not set,not set,0,not set,BathroomLightCommanded,16.5,69.3,not set,not set,not set,not set,not set,not set,0,not set,5.05,4.47,164,4.45,42,16,38,15,high,normal,on,on,0.935,0.945,0.94,0.94
2018-01-04,04:13,not set,not set,not set,not set,0,not set,,,not set,not set,0,not set,BathroomLightCommanded,16.5,69.3,not set,not set,not set,not set,not set,not set,0,not set,5.05,4.47,164,4.45,42,16,38,14,high,normal,on,on,0.935,0.945,0.945,0.94
2018-01-04,04:14,not set,not set,not set,not set,0,not set,,,not set,not set,0,not set,BathroomLightCommanded,16.5,69.3,not set,not set,not set,not set,not set,not set,0,not set,5.05,4.47,164,4.45,42,16,38,15,high,normal,on,on,0.95,0.945,0.94,0.955
2018-01-04,04:14,not set,not set,not set,not set,0,not set,,,not set,not set,0,not set,BathroomLightCommanded,16.5,69.3,not set,not set,not set,not set,not set,not set,0,not set,5.05,4.47,164,4.45,42,17,38,15,high,normal,on,on,0.94,0.95,0.945,0.935
2018-01-04,04:14,not set,not set,not set,not set,0,not set,,,not set,not set,0,not set,BathroomLightCommanded,16.5,69.3,not set,not set,not set,not set,not set,not set,0,not set,5.05,4.47,164,4.45,42,16,38,14,high,normal,on,on,0.965,0.945,0.94,0.945
2018-01-04,04:15,not set,not set,not set,not set,0,not set,,,not set,not set,0,not set,BathroomLightCommanded,16.5,69.2,not set,not set,not set,not set,not set,not set,0,not set,5.05,4.47,164,4.45,42,16,38,15,high,normal,on,on,0.95,0.96,0.945,0.95
2018-01-04,04:15,not set,not set,not set,not set,0,not set,,,not set,not set,0,not set,BathroomLightCommanded,16.5,69.2,not set,not set,not set,not set,not set,not set,0,not set,5.05,4.47,164,4.45,42,17,38,15,high,normal,on,on,0.94,0.945,0.915,0.945
2018-01-04,04:15,not set,not set,not set,not set,0,not set,,,not set,not set,0,not set,BathroomLightCommanded,16.5,69.2,not set,not set,not set,not set,not set,not set,0,not set,5.05,4.47,164,4.45,42,16,39,14,high,normal,on,on,0.94,0.94,0.945,0.935
2018-01-04,04:16,not set,not set,not set,not set,0,not set,,,not set,not set,0,not set,BathroomLightCommanded,16.5,69.2,not set,not set,not set,not set,not set,not set,0,not set,5.05,4.47,164,4.45,42,16,38,14,high,normal,on,on,0.925,0.91,0.935,0.94
2018-01-04,04:16,not set,not set,not set,not set,0,not set,,,not set,not set,0,not set,BathroomLightCommanded,16.5,69.3,not set,not set,not set,not set,not set,not set,0,not set,5.05,4.47,164,4.45,42,16,38,15,high,normal,on,on,0.955,0.935,0.93,0.945
2018-01-04,04:17,not set,not set,not set,not set,0,not set,,,not set,not set,0,not set,BathroomLightCommanded,16.4,69.1,not set,not set,not set,not set,not set,not set,0,not set,5.05,4.47,164,4.45,42,16,38,14,high,normal,on,on,0.945,0.955,0.96,0.95
2018-01-04,04:17,not set,not set,not set,not set,0,not set,,,not set,not set,0,not set,BathroomLightCommanded,16.4,69.1,not set,not set,not set,not set,not set,not set,0,not set,5.05,4.47,164,4.45,42,16,38,14,high,normal,on,on,0.945,0.95,0.94,0.955
2018-01-04,04:17,not set,not set,not set,not set,0,not set,,,not set,not set,0,not set,BathroomLightCommanded,16.4,69.1,not set,not set,not set,not set,not set,not set,0,not set,5.05,4.47,164,4.45,42,16,38,15,high,normal,on,on,0.94,0.945,0.935,0.94
2018-01-04,04:18,not set,not set,not set,not set,0,not set,,,not set,not set,0,not set,BathroomLightCommanded,16.4,69.1,not set,not set,not set,not set,not set,not set,0,not set,5.05,4.47,164,4.45,42,16,38,15,high,normal,on,on,0.945,0.95,0.935,0.94
2018-01-04,04:18,not set,not set,not set,not set,0,not set,,,not set,not set,0,not set,BathroomLightCommanded,16.4,69.2,not set,not set,not set,not set,not set,not set,0,not set,5.05,4.47,164,4.45,42,16,38,14,high,normal,on,on,0.935,0.945,0.925,0.945
2018-01-04,04:19,not set,not set,not set,not set,0,not set,,,not set,not set,0,not set,BathroomLightCommanded,16.4,69.3,not set,not set,not set,not set,not set,not set,0,not set,5.05,4.47,164,4.45,42,16,38,14,high,normal,on,on,0.95,0.945,0.935,0.94
2018-01-04,04:19,not set,not set,not set,not set,0,not set,,,not set,not set,0,not set,BathroomLightCommanded,16.4,69.3,not set,not set,not set,not set,not set,not set,0,not set,5.05,4.47,164,4.45,42,16,38,15,high,normal,on,on,0.94,0.925,0.93,0.945
2018-01-04,04:19,not set,not set,not set,not set,0,not set,,,not set,not set,0,not set,BathroomLightCommanded,16.4,69.1,not set,not set,not set,not set,not set,not set,0,not set,5.05,4.47,164,4.45,42,16,39,14,high,normal,on,on,0.925,0.945,0.935,0.935
2018-01-04,04:20,not set,not set,not set,not set,0,not set,,,not set,not set,0,not set,BathroomLightCommanded,16.4,69.3,not set,not set,not set,not set,not set,not set,0,not set,5.05,4.47,164,4.45,42,16,38,15,high,normal,on,on,0.95,0.95,0.945,0.95
2018-01-04,04:20,not set,not set,not set,not set,0,not set,,,not set,not set,0,not set,BathroomLightCommanded,16.4,69.3,not set,not set,not set,not set,not set,not set,0,not set,5.05,4.47,164,4.45,42,16,38,14,high,normal,on,on,0.94,0.93,0.955,0.945
2018-01-04,04:20,not set,not set,not set,not set,0,not set,,,not set,not set,0,not set,BathroomLightCommanded,16.4,69.2,not set,not set,not set,not set,not set,not set,0,not set,5.05,4.47,164,4.45,42,16,38,14,high,normal,on,on,0.93,0.935,0.955,0.94
2018-01-04,04:21,not set,not set,not set,not set,1,not set,,,not set,not set,0,not set,BathroomLightCommanded,16.4,69.3,not set,not set,not set,not set,not set,not set,0,not set,5.05,4.47,164,4.45,42,16,38,15,high,normal,on,on,0.92,0.945,0.945,0.96
2018-01-04,04:21,not set,not set,not set,not set,0,not set,,,not set,not set,0,not set,BathroomLightCommanded,16.4,69.3,not set,not set,not set,not set,not set,not set,0,not set,5.05,4.47,164,4.45,42,16,38,14,high,normal,on,on,0.95,0.93,0.945,0.935
2018-01-04,04:22,not set,not set,not set,not set,0,not set,,,not set,not set,0,not set,BathroomLightCommanded,16.4,69.2,not set,not set,not set,not set,not set,not set,0,not set,5.05,4.47,164,4.45,42,16,38,14,high,normal,on,on,0.94,0.955,0.95,0.93
2018-01-04,04:22,not set,not set,not set,not set,0,not set,,,not set,not set,0,not set,BathroomLightCommanded,16.4,69.3,not set,not set,not set,not set,not set,not set,0,not set,5.05,4.47,164,4.45,42,16,38,15,high,normal,on,on,0.945,0.92,0.925,0.95
2018-01-04,04:22,not set,not set,not set,not set,0,not set,,,not set,not set,0,not set,BathroomLightCommanded,16.4,69.3,not set,not set,not set,not set,not set,not set,0,not set,5.05,4.47,164,4.45,42,16,38,15,high,normal,on,on,0.945,0.945,0.91,0.935
2018-01-04,04:23,not set,not set,not set,not set,0,not set,,,not set,not set,0,not set,BathroomLightCommanded,16.4,69.3,not set,not set,not set,not set,not set,not set,0,not set,5.05,4.47,164,4.45,42,16,38,14,high,normal,on,on,0.94,0.935,0.94,0.95
2018-01-04,04:23,not set,not set,not set,not set,0,not set,,,not set,not set,0,not set,BathroomLightCommanded,16.4,69.3,not set,not set,not set,not set,not set,not set,0,not set,5.05,4.47,164,4.45,42,17,38,15,high,normal,on,on,0.94,0.94,0.935,0.95
2018-01-04,04:24,not set,not set,not set,not set,1,not set,,,not set,not set,0,not set,BathroomLightCommanded,16.4,69.3,not set,not set,not set,not set,not set,not set,0,not set,5.05,4.47,164,4.45,42,17,38,14,high,normal,on,on,0.945,0.935,0.945,0.95
2018-01-04,04:24,not set,not set,not set,not set,0,not set,,,not set,not set,0,not set,BathroomLightCommanded,16.4,69.2,not set,not set,not set,not set,not set,not set,0,not set,5.05,4.47,164,4.45,42,16,38,14,high,normal,on,on,0.935,0.94,0.95,0.935
2018-01-04,04:24,not set,not set,not set,not set,0,not set,,,not set,not set,0,not set,BathroomLightCommanded,16.4,69.2,not set,not set,not set,not set,not set,not set,0,not set,5.05,4.47,164,4.45,42,17,38,14,high,normal,on,on,0.945,0.94,0.935,0.945
2018-01-04,04:25,not set,not set,not set,not set,0,not set,,,not set,not set,0,not set,BathroomLightCommanded,16.4,69.1,not set,not set,not set,not set,not set,not set,0,not set,5.05,4.47,164,4.45,42,17,38,14,high,normal,on,on,0.94,0.945,0.94,0.935
2018-01-04,04:25,not set,not set,not set,not set,0,not set,,,not set,not set,0,not set,BathroomLightCommanded,16.4,69.1,not set,not set,not set,not set,not set,not set,0,not set,5.05,4.47,164,4.45,42,16,38,15,high,normal,on,on,0.94,0.945,0.94,0.94
2018-01-04,04:25,not set,not set,not set,not set,0,not set,,,not set,not set,0,not set,BathroomLightCommanded,16.4,69.2,not set,not set,not set,not set,not set,not set,0,not set,5.05,4.47,164,4.45,42,16,38,15,high,normal,on,on,0.95,0.945,0.93,0.94
2018-01-04,04:26,not set,not set,not set,not set,0,not set,,,not set,not set,0,not set,BathroomLightCommanded,16.4,69.3,not set,not set,not set,not set,not set,not set,0,not set,5.05,4.47,164,4.45,42,16,38,14,high,normal,on,on,0.94,0.925,0.95,0.945
2018-01-04,04:26,not set,not set,not set,not set,0,not set,,,not set,not set,0,not set,BathroomLightCommanded,16.4,69.2,not set,not set,not set,not set,not set,not set,0,not set,5.05,4.47,164,4.45,42,16,38,15,high,normal,on,on,0.95,0.94,0.935,0.945
2018-01-04,04:27,not set,not set,not set,not set,0,not set,,,not set,not set,0,not set,BathroomLightCommanded,16.4,69.3,not set,not set,not set,not set,not set,not set,0,not set,5.05,4.47,164,4.45,42,16,38,14,high,normal,on,on,0.94,0.94,0.935,0.945
2018-01-04,04:27,not set,not set,not set,not set,0,not set,,,not set,not set,0,not set,BathroomLightCommanded,16.4,69.1,not set,not set,not set,not set,not set,not set,0,not set,5.05,4.47,164,4.45,42,16,38,14,high,normal,on,on,0.945,0.935,0.935,0.94
2018-01-04,04:27,not set,not set,not set,not set,0,not set,,,not set,not set,0,not set,BathroomLightCommanded,16.4,69.4,not set,not set,not set,not set,not set,not set,0,not set,5.05,4.47,164,4.45,43,17,38,15,high,normal,on,on,0.935,0.945,0.945,0.94
2018-01-04,04:28,not set,not set,not set,not set,0,not set,,,not set,not set,0,not set,BathroomLightCommanded,16.4,69.3,not set,not set,not set,not set,not set,not set,0,not set,5.05,4.47,164,4.45,42,16,39,14,high,normal,on,on,0.94,0.945,0.945,0.925
2018-01-04,04:28,not set,not set,not set,not set,0,not set,,,not set,not set,0,not set,BathroomLightCommanded,16.4,69.4,not set,not set,not set,not set,not set,not set,0,not set,5.05,4.47,164,4.45,42,16,38,15,high,normal,on,on,0.945,0.955,0.935,0.94
2018-01-04,04:29,not set,not set,not set,not set,0,not set,,,not set,not set,0,not set,BathroomLightCommanded,16.4,69.3,not set,not set,not set,not set,not set,not set,0,not set,5.05,4.47,164,4.45,42,16,39,14,high,normal,on,on,0.945,0.95,0.93,0.945
2018-01-04,04:29,not set,not set,not set,not set,0,not set,,,not set,not set,0,not set,BathroomLightCommanded,16.4,69.3,not set,not set,not set,not set,not set,not set,0,not set,5.05,4.47,164,4.45,42,16,38,14,high,normal,on,on,0.935,0.94,0.93,0.945
2018-01-04,04:29,not set,not set,not set,not set,0,not set,,,not set,not set,0,not set,BathroomLightCommanded,16.4,69.4,not set,not set,not set,not set,not set,not set,0,not set,5.05,4.47,164,4.45,42,16,38,14,high,normal,on,on,0.925,0.95,0.935,0.955
2018-01-04,04:30,not set,not set,not set,not set,0,not set,,,not set,not set,0,not set,BathroomLightCommanded,16.4,69.4,not set,not set,not set,not set,not set,not set,0,not set,5.05,4.47,164,4.45,42,16,38,14,high,normal,on,on,0.93,0.94,0.935,0.935
2018-01-04,04:30,not set,not set,not set,not set,0,not set,,,not set,not set,0,not set,BathroomLightCommanded,16.4,69.4,not set,not set,not set,not set,not set,not set,0,not set,5.05,4.47,164,4.45,42,16,38,14,high,normal,on,on,0.935,0.945,0.95,0.95
2018-01-04,04:30,not set,not set,not set,not set,0,not set,,,not set,not set,0,not set,BathroomLightCommanded,16.4,69.5,not set,not set,not set,not set,not set,not set,0,not set,5.05,4.47,164,4.45,42,16,39,14,high,normal,on,on,0.95,0.945,0.945,0.94
2018-01-04,04:31,not set,not set,not set,not set,0,not set,,,not set,not set,0,not set,BathroomLightCommanded,16.4,69.4,not set,not set,not set,not set,not set,not set,0,not set,5.05,4.47,164,4.45,42,17,38,14,high,normal,on,on,0.935,0.92,0.935,0.94
2018-01-04,04:31,not set,not set,not set,not set,0,not set,,,not set,not set,0,not set,BathroomLightCommanded,16.4,69.5,not set,not set,not set,not set,not set,not set,0,not set,5.05,4.47,164,4.45,42,16,38,14,high,normal,on,on,0.95,0.93,0.935,0.945
2018-01-04,04:32,not set,not set,not set,not set,0,not set,,,not set,not set,0,not set,BathroomLightCommanded,16.4,69.5,not set,not set,not set,not set,not set,not set,0,not set,5.05,4.47,164,4.45,42,16,38,14,high,normal,on,on,0.945,0.925,0.935,0.94
2018-01-04,04:32,not set,not set,not set,not set,0,not set,,,not set,not set,0,not set,BathroomLightCommanded,16.4,69.5,not set,not set,not set,not set,not set,not set,0,not set,5.05,4.47,164,4.45,42,17,38,14,high,normal,on,on,0.935,0.94,0.92,0.93
2018-01-04,04:32,not set,not set,not set,not set,0,not set,,,not set,not set,0,not set,BathroomLightCommanded,16.4,69.4,not set,not set,not set,not set,not set,not set,0,not set,5.05,4.47,164,4.45,42,17,38,15,high,normal,on,on,0.94,0.935,0.955,0.935
2018-01-04,04:33,not set,not set,not set,not set,1,not set,,,not set,not set,0,not set,BathroomLightCommanded,16.4,69.5,not set,not set,not set,not set,not set,not set,0,not set,5.05,4.47,164,4.45,42,16,38,14,high,normal,on,on,0.935,0.935,0.945,0.935
2018-01-04,04:33,not set,not set,not set,not set,0,not set,,,not set,not set,0,not set,BathroomLightCommanded,16.4,69.5,not set,not set,not set,not set,not set,not set,0,not set,5.05,4.47,164,4.45,42,16,38,14,high,normal,on,on,0.94,0.945,0.945,0.94
2018-01-04,04:34,not set,not set,not set,not set,0,not set,,,not set,not set,0,not set,BathroomLightCommanded,16.4,69.6,not set,not set,not set,not set,not set,not set,0,not set,5.05,4.47,164,4.45,42,16,38,15,high,normal,on,on,0.95,0.94,0.925,0.945
2018-01-04,04:34,not set,not set,not set,not set,0,not set,,,not set,not set,0,not set,BathroomLightCommanded,16.4,69.6,not set,not set,not set,not set,not set,not set,0,not set,5.05,4.47,164,4.45,42,16,38,14,high,normal,on,on,0.94,0.94,0.955,0.935
2018-01-04,04:34,not set,not set,not set,not set,0,not set,,,not set,not set,0,not set,BathroomLightCommanded,16.4,69.6,not set,not set,not set,not set,not set,not set,0,not set,5.05,4.47,164,4.45,42,16,38,14,high,normal,on,on,0.93,0.95,0.94,0.96
2018-01-04,04:35,not set,not set,not set,not set,0,not set,,,not set,not set,0,not set,BathroomLightCommanded,16.4,69.6,not set,not set,not set,not set,not set,not set,0,not set,5.05,4.47,164,4.45,42,16,38,14,high,normal,on,on,0.94,0.94,0.93,0.945
2018-01-04,04:35,not set,not set,not set,not set,0,not set,,,not set,not set,0,not set,BathroomLightCommanded,16.4,69.5,not set,not set,not set,not set,not set,not set,0,not set,5.05,4.47,164,4.45,42,16,38,14,high,normal,on,on,0.945,0.95,0.93,0.935
2018-01-04,04:35,not set,not set,not set,not set,0,not set,,,not set,not set,0,not set,BathroomLightCommanded,16.4,69.6,not set,not set,not set,not set,not set,not set,0,not set,5.05,4.47,164,4.45,42,16,38,15,high,normal,on,on,0.945,0.945,0.95,0.945
2018-01-04,04:36,not set,not set,not set,not set,0,not set,,,not set,not set,0,not set,BathroomLightCommanded,16.4,69.7,not set,not set,not set,not set,not set,not set,0,not set,5.05,4.47,164,4.45,42,16,38,14,high,normal,on,on,0.94,0.955,0.935,0.945
2018-01-04,04:36,not set,not set,not set,not set,0,not set,,,not set,not set,0,not set,BathroomLightCommanded,16.4,69.7,not set,not set,not set,not set,not set,not set,0,not set,5.05,4.47,164,4.45,42,17,38,14,high,normal,on,on,0.945,0.945,0.93,0.94
2018-01-04,04:37,not set,not set,not set,not set,0,not set,,,not set,not set,0,not set,BathroomLightCommanded,16.4,69.8,not set,not set,not set,not set,not set,not set,0,not set,5.05,4.47,164,4.45,42,16,38,14,high,normal,on,on,0.94,0.935,0.945,0.945
2018-01-04,04:37,not set,not set,not set,not set,0,not set,,,not set,not set,0,not set,BathroomLightCommanded,16.4,69.9,not set,not set,not set,not set,not set,not set,0,not set,5.05,4.47,164,4.45,43,16,38,14,high,normal,on,on,0.94,0.945,0.93,0.94
2018-01-04,04:37,not set,not set,not set,not set,0,not set,,,not set,not set,0,not set,BathroomLightCommanded,16.4,69.9,not set,not set,not set,not set,not set,not set,0,not set,5.05,4.47,164,4.45,42,16,38,15,high,normal,on,on,0.955,0.95,0.935,0.95
2018-01-04,04:38,not set,not set,not set,not set,0,not set,,,not set,not set,0,not set,BathroomLightCommanded,16.4,69.8,not set,not set,not set,not set,not set,not set,0,not set,5.05,4.47,164,4.45,42,17,38,14,high,normal,on,on,0.96,0.945,0.945,0.945
2018-01-04,04:38,not set,not set,not set,not set,0,not set,,,not set,not set,0,not set,BathroomLightCommanded,16.4,69.8,not set,not set,not set,not set,not set,not set,0,not set,5.05,4.47,164,4.45,42,16,38,14,high,normal,on,on,0.97,0.955,0.95,0.945
2018-01-04,04:39,not set,not set,not set,not set,0,not set,,,not set,not set,0,not set,BathroomLightCommanded,16.4,69.9,not set,not set,not set,not set,not set,not set,0,not set,5.05,4.47,164,4.45,42,16,38,14,high,normal,on,on,0.95,0.935,0.945,0.95
2018-01-04,04:39,not set,not set,not set,not set,0,not set,,,not set,not set,0,not set,BathroomLightCommanded,16.4,69.8,not set,not set,not set,not set,not set,not set,0,not set,5.05,4.47,164,4.45,42,16,38,15,high,normal,on,on,0.94,0.94,0.945,0.945
2018-01-04,04:39,not set,not set,not set,not set,0,not set,,,not set,not set,0,not set,BathroomLightCommanded,16.4,69.9,not set,not set,not set,not set,not set,not set,0,not set,5.05,4.47,164,4.45,42,16,38,15,high,normal,on,on,0.935,0.955,0.945,0.95
2018-01-04,04:40,not set,not set,not set,not set,0,not set,,,not set,not set,0,not set,BathroomLightCommanded,16.4,69.9,not set,not set,not set,not set,not set,not set,0,not set,5.05,4.47,164,4.45,42,17,38,15,high,normal,on,on,0.955,0.935,0.94,0.955
2018-01-04,04:40,not set,not set,not set,not set,0,not set,,,not set,not set,0,not set,BathroomLightCommanded,16.4,69.8,not set,not set,not set,not set,not set,not set,0,not set,5.05,4.47,164,4.45,42,16,38,14,high,normal,on,on,0.95,0.96,0.935,0.95
2018-01-04,04:40,not set,not set,not set,not set,0,not set,,,not set,not set,0,not set,BathroomLightCommanded,16.4,69.7,not set,not set,not set,not set,not set,not set,0,not set,5.05,4.47,164,4.45,42,16,38,15,high,normal,on,on,0.93,0.95,0.945,0.95
2018-01-04,04:41,not set,not set,not set,not set,0,not set,,,not set,not set,0,not set,BathroomLightCommanded,16.4,69.8,not set,not set,not set,not set,not set,not set,0,not set,5.05,4.47,164,4.45,42,16,38,14,high,normal,on,on,0.945,0.935,0.95,0.95
2018-01-04,04:41,not set,not set,not set,not set,0,not set,,,not set,not set,0,not set,BathroomLightCommanded,16.4,69.8,not set,not set,not set,not set,not set,not set,0,not set,5.05,4.47,164,4.45,42,17,38,15,high,normal,on,on,0.95,0.95,0.945,0.945
2018-01-04,04:42,not set,not set,not set,not set,0,not set,,,not set,not set,0,not set,BathroomLightCommanded,16.4,69.8,not set,not set,not set,not set,not set,not set,0,not set,5.05,4.47,164,4.45,42,16,37,14,high,normal,on,on,0.945,0.94,0.935,0.95
2018-01-04,04:42,not set,not set,not set,not set,0,not set,,,not set,not set,0,not set,BathroomLightCommanded,16.4,69.8,not set,not set,not set,not set,not set,not set,0,not set,5.05,4.47,164,4.45,42,16,38,15,high,normal,on,on,0.94,0.96,0.945,0.955
2018-01-04,04:42,not set,not set,not set,not set,0,not set,,,not set,not set,0,not set,BathroomLightCommanded,16.4,69.7,not set,not set,not set,not set,not set,not set,0,not set,5.05,4.47,164,4.45,42,16,38,15,high,normal,on,on,0.955,0.955,0.95,0.95
2018-01-04,04:43,not set,not set,not set,not set,0,not set,,,not set,not set,0,not set,BathroomLightCommanded,16.4,69.8,not set,not set,not set,not set,not set,not set,0,not set,5.05,4.47,164,4.45,42,16,38,14,high,normal,on,on,0.94,0.935,0.935,0.93
2018-01-04,04:43,not set,not set,not set,not set,0,not set,,,not set,not set,0,not set,BathroomLightCommanded,16.4,69.8,not set,not set,not set,not set,not set,not set,0,not set,5.05,4.47,164,4.45,42,16,38,14,high,normal,on,on,0.945,0.955,0.94,0.95
2018-01-04,04:44,not set,not set,not set,not set,0,not set,,,not set,not set,0,not set,BathroomLightCommanded,16.4,69.7,not set,not set,not set,not set,not set,not set,0,not set,5.05,4.47,164,4.45,42,16,38,14,high,normal,on,on,0.94,0.945,0.93,0.93
2018-01-04,04:44,not set,not set,not set,not set,0,not set,,,not set,not set,0,not set,BathroomLightCommanded,16.4,69.7,not set,not set,not set,not set,not set,not set,0,not set,5.05,4.47,164,4.45,42,16,38,15,high,normal,on,on,0.945,0.935,0.95,0.94
2018-01-04,04:44,not set,not set,not set,not set,0,not set,,,not set,not set,0,not set,BathroomLightCommanded,16.4,69.6,not set,not set,not set,not set,not set,not set,0,not set,5.05,4.47,164,4.45,42,17,38,14,high,normal,on,on,0.945,0.94,0.94,0.945
2018-01-04,04:45,not set,not set,not set,not set,0,not set,,,not set,not set,0,not set,BathroomLightCommanded,16.4,69.7,not set,not set,not set,not set,not set,not set,0,not set,5.05,4.47,164,4.45,42,16,38,14,high,normal,on,on,0.935,0.945,0.95,0.935
2018-01-04,04:45,not set,not set,not set,not set,0,not set,,,not set,not set,0,not set,BathroomLightCommanded,16.4,69.7,not set,not set,not set,not set,not set,not set,0,not set,5.05,4.47,164,4.45,42,16,38,15,high,normal,on,on,0.95,0.94,0.95,0.935
2018-01-04,04:45,not set,not set,not set,not set,0,not set,,,not set,not set,0,not set,BathroomLightCommanded,16.4,69.7,not set,not set,not set,not set,not set,not set,0,not set,5.05,4.47,164,4.45,42,16,38,15,high,normal,on,on,0.945,0.95,0.945,0.95
2018-01-04,04:46,not set,not set,not set,not set,0,not set,,,not set,not set,0,not set,BathroomLightCommanded,16.4,69.7,not set,not set,not set,not set,not set,not set,0,not set,5.05,4.47,164,4.45,42,16,38,14,high,normal,on,on,0.95,0.945,0.935,0.94
2018-01-04,04:46,not set,not set,not set,not set,0,not set,,,not set,not set,0,not set,BathroomLightCommanded,16.4,69.7,not set,not set,not set,not set,not set,not set,0,not set,5.05,4.47,164,4.45,42,16,38,15,high,normal,on,on,0.945,0.925,0.94,0.95
2018-01-04,04:47,not set,not set,not set,not set,0,not set,,,not set,not set,0,not set,BathroomLightCommanded,16.4,69.7,not set,not set,not set,not set,not set,not set,0,not set,5.05,4.47,164,4.45,43,16,38,15,high,normal,on,on,0.945,0.96,0.955,0.945
2018-01-04,04:47,not set,not set,not set,not set,0,not set,,,not set,not set,0,not set,BathroomLightCommanded,16.4,69.7,not set,not set,not set,not set,not set,not set,0,not set,5.05,4.47,164,4.45,42,16,38,15,high,normal,on,on,0.935,0.975,0.95,0.94
2018-01-04,04:47,not set,not set,not set,not set,0,not set,,,not set,not set,0,not set,BathroomLightCommanded,16.4,69.8,not set,not set,not set,not set,not set,not set,0,not set,5.05,4.47,164,4.45,42,16,38,14,high,normal,on,on,0.955,0.93,0.935,0.95
2018-01-04,04:48,not set,not set,not set,not set,0,not set,,,not set,not set,0,not set,BathroomLightCommanded,16.4,69.8,not set,not set,not set,not set,not set,not set,0,not set,5.05,4.47,164,4.45,42,16,38,14,high,normal,on,on,0.95,0.935,0.93,0.945
2018-01-04,04:48,not set,not set,not set,not set,0,not set,,,not set,not set,0,not set,BathroomLightCommanded,16.4,69.7,not set,not set,not set,not set,not set,not set,0,not set,5.05,4.47,164,4.45,42,16,38,15,high,normal,on,on,0.935,0.935,0.95,0.95
2018-01-04,04:49,not set,not set,not set,not set,0,not set,,,not set,not set,0,not set,BathroomLightCommanded,16.4,69.6,not set,not set,not set,not set,not set,not set,0,not set,5.05,4.47,164,4.45,42,16,38,14,high,normal,on,on,0.94,0.945,0.94,0.94
2018-01-04,04:49,not set,not set,not set,not set,1,not set,,,not set,not set,0,not set,BathroomLightCommanded,16.4,69.7,not set,not set,not set,not set,not set,not set,0,not set,5.05,4.47,164,4.45,42,16,37,15,high,normal,on,on,0.95,0.935,0.94,0.945
2018-01-04,04:49,not set,not set,not set,not set,0,not set,,,not set,not set,0,not set,BathroomLightCommanded,16.4,69.7,not set,not set,not set,not set,not set,not set,0,not set,5.05,4.47,164,4.45,42,16,37,14,high,normal,on,on,0.945,0.93,0.945,0.94
2018-01-04,04:50,not set,not set,not set,not set,0,not set,,,not set,not set,0,not set,BathroomLightCommanded,16.4,69.7,not set,not set,not set,not set,not set,not set,0,not set,5.05,4.47,164,4.45,42,16,38,15,high,normal,on,on,0.935,0.94,0.95,0.94
2018-01-04,04:50,not set,not set,not set,not set,0,not set,,,not set,not set,0,not set,BathroomLightCommanded,16.4,69.7,not set,not set,not set,not set,not set,not set,0,not set,5.05,4.47,164,4.45,42,16,38,14,high,normal,on,on,0.94,0.94,0.935,0.945
2018-01-04,04:51,not set,not set,not set,not set,0,not set,,,not set,not set,0,not set,BathroomLightCommanded,16.4,69.7,not set,not set,not set,not set,not set,not set,0,not set,5.05,4.47,164,4.45,42,16,38,14,high,normal,on,on,0.945,0.94,0.94,0.95
2018-01-04,04:51,not set,not set,not set,not set,0,not set,,,not set,not set,0,not set,BathroomLightCommanded,16.4,69.8,not set,not set,not set,not set,not set,not set,0,not set,5.05,4.47,164,4.45,42,16,38,15,high,normal,on,on,0.94,0.945,0.94,0.94
2018-01-04,04:51,not set,not set,not set,not set,0,not set,,,not set,not set,0,not set,BathroomLightCommanded,16.4,69.6,not set,not set,not set,not set,not set,not set,0,not set,5.05,4.47,164,4.45,42,16,38,15,high,normal,on,on,0.945,0.94,0.94,0.95
2018-01-04,04:52,not set,not set,not set,not set,1,not set,,,not set,not set,0,not set,BathroomLightCommanded,16.4,69.6,not set,not set,not set,not set,not set,not set,0,not set,5.05,4.47,164,4.45,42,16,37,14,high,normal,on,on,0.93,0.935,0.94,0.935
2018-01-04,04:52,not set,not set,not set,not set,0,not set,,,not set,not set,0,not set,BathroomLightCommanded,16.4,69.8,not set,not set,not set,not set,not set,not set,0,not set,5.05,4.47,164,4.45,42,17,38,14,high,normal,on,on,0.95,0.935,0.935,0.95
2018-01-04,04:52,not set,not set,not set,not set,0,not set,,,not set,not set,0,not set,BathroomLightCommanded,16.4,69.7,not set,not set,not set,not set,not set,not set,0,not set,5.05,4.47,164,4.45,42,16,38,14,high,normal,on,on,0.95,0.945,0.925,0.94
2018-01-04,04:53,not set,not set,not set,not set,0,not set,,,not set,not set,0,not set,BathroomLightCommanded,16.4,69.8,not set,not set,not set,not set,not set,not set,0,not set,5.05,4.47,164,4.45,42,16,37,14,high,normal,on,on,0.94,0.935,0.945,0.955
2018-01-04,04:53,not set,not set,not set,not set,0,not set,,,not set,not set,0,not set,BathroomLightCommanded,16.4,69.8,not set,not set,not set,not set,not set,not set,0,not set,5.05,4.47,164,4.45,42,16,38,15,high,normal,on,on,0.935,0.945,0.935,0.955
2018-01-04,04:54,not set,not set,not set,not set,1,not set,,,not set,not set,0,not set,BathroomLightCommanded,16.4,69.8,not set,not set,not set,not set,not set,not set,0,not set,5.05,4.47,164,4.45,42,16,38,14,high,normal,on,on,0.935,0.95,0.925,0.945
2018-01-04,04:54,not set,not set,not set,not set,0,not set,,,not set,not set,0,not set,BathroomLightCommanded,16.4,69.7,not set,not set,not set,not set,not set,not set,0,not set,5.05,4.47,164,4.45,42,16,37,15,high,normal,on,on,0.95,0.935,0.94,0.94
2018-01-04,04:54,not set,not set,not set,not set,0,not set,,,not set,not set,0,not set,BathroomLightCommanded,16.4,69.7,not set,not set,not set,not set,not set,not set,0,not set,5.05,4.47,164,4.45,42,16,38,14,high,normal,on,on,0.945,0.95,0.935,0.95
2018-01-04,04:55,not set,not set,not set,not set,0,not set,,,not set,not set,0,not set,BathroomLightCommanded,16.4,69.9,not set,not set,not set,not set,not set,not set,0,not set,5.05,4.47,164,4.45,42,16,37,15,high,normal,on,on,0.93,0.945,0.935,0.95
2018-01-04,04:55,not set,not set,not set,not set,0,not set,,,not set,not set,0,not set,BathroomLightCommanded,16.4,69.9,not set,not set,not set,not set,not set,not set,0,not set,5.05,4.47,164,4.45,42,16,38,14,high,normal,on,on,0.93,0.93,0.93,0.93
2018-01-04,04:56,not set,not set,not set,not set,0,not set,,,not set,not set,0,not set,BathroomLightCommanded,16.4,69.8,not set,not set,not set,not set,not set,not set,0,not set,5.05,4.47,164,4.45,42,16,38,15,high,normal,on,on,0.945,0.94,0.94,0.945
2018-01-04,04:56,not set,not set,not set,not set,0,not set,,,not set,not set,0,not set,BathroomLightCommanded,16.4,70.0,not set,not set,not set,not set,not set,not set,0,not set,5.05,4.47,164,4.45,42,16,37,15,high,normal,on,on,0.945,0.955,0.94,0.95
2018-01-04,04:56,not set,not set,not set,not set,0,not set,,,not set,not set,0,not set,BathroomLightCommanded,16.4,69.8,not set,not set,not set,not set,not set,not set,0,not set,5.05,4.47,164,4.45,42,16,37,15,high,normal,on,on,0.955,0.95,0.945,0.945
2018-01-04,04:57,not set,not set,not set,not set,0,not set,,,not set,not set,0,not set,BathroomLightCommanded,16.4,69.9,not set,not set,not set,not set,not set,not set,0,not set,5.05,4.47,164,4.45,42,16,37,14,high,normal,on,on,0.945,0.945,0.94,0.945
2018-01-04,04:57,not set,not set,not set,not set,0,not set,,,not set,not set,0,not set,BathroomLightCommanded,16.4,69.8,not set,not set,not set,not set,not set,not set,0,not set,5.05,4.47,164,4.45,42,16,38,15,high,normal,on,on,0.95,0.945,0.945,0.935
2018-01-04,04:57,not set,not set,not set,not set,0,not set,,,not set,not set,0,not set,BathroomLightCommanded,16.4,69.9,not set,not set,not set,not set,not set,not set,0,not set,5.05,4.47,164,4.45,42,16,38,14,high,normal,on,on,0.945,0.95,0.945,0.94
2018-01-04,04:58,not set,not set,not set,not set,0,not set,,,not set,not set,0,not set,BathroomLightCommanded,16.4,69.9,not set,not set,not set,not set,not set,not set,0,not set,5.05,4.47,164,4.45,42,16,37,15,high,normal,on,on,0.945,0.95,0.94,0.945
2018-01-04,04:58,not set,not set,not set,not set,0,not set,,,not set,not set,0,not set,BathroomLightCommanded,16.4,69.9,not set,not set,not set,not set,not set,not set,0,not set,5.05,4.47,164,4.45,42,16,38,14,high,normal,on,on,0.95,0.95,0.94,0.94
2018-01-04,04:59,not set,not set,not set,not set,0,not set,,,not set,not set,0,not set,BathroomLightCommanded,16.4,69.8,not set,not set,not set,not set,not set,not set,0,not set,5.05,4.47,164,4.45,42,16,38,15,high,normal,on,on,15.365,15.32,15.34,15.295
2018-01-04,04:59,not set,not set,not set,not set,0,not set,,,not set,not set,0,not set,BathroomLightCommanded,16.4,69.8,not set,not set,not set,not set,not set,not set,0,not set,5.05,4.47,164,4.45,41,16,38,14,high,normal,on,on,15.125,15.025,15.04,15.145
2018-01-04,04:59,not set,not set,not set,not set,0,not set,,,not set,not set,0,not set,BathroomLightCommanded,16.4,69.9,not set,not set,not set,not set,not set,not set,0,not set,5.05,4.47,164,4.45,42,16,37,14,high,normal,on,on,15.16,15.15,15.15,15.18
2018-01-04,05:00,not set,not set,not set,not set,0,not set,,,not set,not set,0,not set,BathroomLightCommanded,16.4,69.8,not set,not set,not set,not set,not set,not set,0,not set,5.05,4.47,164,4.45,41,16,38,15,high,normal,on,on,15.195,15.17,15.185,15.075
2018-01-04,05:00,not set,not set,not set,not set,0,not set,,,not set,not set,0,not set,BathroomLightCommanded,16.4,69.9,not set,not set,not set,not set,not set,not set,0,not set,5.05,4.47,164,4.45,42,16,37,14,high,normal,on,on,15.175,15.225,15.135,15.14
2018-01-04,05:00,not set,not set,not set,not set,0,not set,,,not set,not set,0,not set,BathroomLightCommanded,16.4,69.9,not set,not set,not set,not set,not set,not set,0,not set,5.05,4.47,164,4.45,41,16,38,15,high,normal,on,on,14.99,15.11,15.085,15.195
2018-01-04,05:01,not set,not set,not set,not set,0,not set,,,not set,not set,0,not set,BathroomLightCommanded,16.4,69.9,not set,not set,not set,not set,not set,not set,0,not set,5.05,4.47,164,4.45,42,16,38,15,high,normal,on,on,15.12,15.215,14.895,15.105
2018-01-04,05:01,not set,not set,not set,not set,0,not set,,,not set,not set,0,not set,BathroomLightCommanded,16.4,69.8,not set,not set,not set,not set,not set,not set,0,not set,5.05,4.47,164,4.45,42,16,39,15,high,normal,on,on,15.175,15.105,15.21,14.985
2018-01-04,05:02,not set,not set,not set,not set,0,not set,,,not set,not set,0,not set,BathroomLightCommanded,16.4,69.8,not set,not set,not set,not set,not set,not set,0,not set,5.05,4.47,164,4.45,42,16,39,15,high,normal,on,on,15.105,14.99,15.04,15.045
2018-01-04,05:02,not set,not set,not set,not set,0,not set,,,not set,not set,0,not set,BathroomLightCommanded,16.4,69.9,not set,not set,not set,not set,not set,not set,0,not set,5.05,4.47,164,4.45,42,16,39,15,high,normal,on,on,0.94,0.93,0.94,0.945
2018-01-04,05:02,not set,not set,not set,not set,0,not set,,,not set,not set,0,not set,BathroomLightCommanded,16.4,69.9,not set,not set,not set,not set,not set,not set,0,not set,5.05,4.47,164,4.45,42,16,40,14,high,normal,on,on,0.945,0.945,0.94,0.95
2018-01-04,05:03,not set,not set,not set,not set,0,not set,,,not set,not set,0,not set,BathroomLightCommanded,16.4,70.0,not set,not set,not set,not set,not set,not set,0,not set,5.05,4.47,164,4.45,41,16,40,14,high,normal,on,on,0.945,0.95,0.945,0.96
2018-01-04,05:03,not set,not set,not set,not set,0,not set,,,not set,not set,0,not set,BathroomLightCommanded,16.4,70.0,not set,not set,not set,not set,not set,not set,0,not set,5.05,4.47,164,4.45,41,17,40,14,high,normal,on,on,0.945,0.95,0.935,0.945
2018-01-04,05:03,not set,not set,not set,not set,0,not set,,,not set,not set,0,not set,BathroomLightCommanded,16.4,69.9,not set,not set,not set,not set,not set,not set,0,not set,5.05,4.47,164,4.45,42,16,40,15,high,normal,on,on,0.95,0.955,0.93,0.94
2018-01-04,05:04,not set,not set,not set,not set,0,not set,,,not set,not set,0,not set,BathroomLightCommanded,16.4,69.9,not set,not set,not set,not set,not set,not set,0,not set,5.05,4.47,164,4.45,41,16,40,15,high,normal,on,on,0.95,0.95,0.935,0.945
2018-01-04,05:04,not set,not set,not set,not set,0,not set,,,not set,not set,0,not set,BathroomLightCommanded,16.4,69.9,not set,not set,not set,not set,not set,not set,0,not set,5.05,4.47,164,4.45,41,16,41,15,high,normal,on,on,0.945,0.93,0.93,0.95
2018-01-04,05:05,not set,not set,not set,not set,0,not set,,,not set,not set,0,not set,BathroomLightCommanded,16.4,70.0,not set,not set,not set,not set,not set,not set,0,not set,5.05,4.47,164,4.45,42,16,41,15,high,normal,on,on,0.95,0.95,0.935,0.945
2018-01-04,05:05,not set,not set,not set,not set,0,not set,,,not set,not set,0,not set,BathroomLightCommanded,16.4,70.0,not set,not set,not set,not set,not set,not set,0,not set,5.05,4.47,164,4.45,41,16,41,15,high,normal,on,on,0.94,0.95,0.935,0.95
2018-01-04,05:05,not set,not set,not set,not set,0,not set,,,not set,not set,0,not set,BathroomLightCommanded,16.4,70.0,not set,not set,not set,not set,not set,not set,0,not set,5.05,4.47,164,4.45,41,16,41,15,high,normal,on,on,0.94,0.935,0.945,0.95
2018-01-04,05:06,not set,not set,not set,not set,0,not set,,,not set,not set,0,not set,BathroomLightCommanded,16.4,69.9,not set,not set,not set,not set,not set,not set,0,not set,5.05,4.47,164,4.45,41,16,42,15,high,normal,on,on,0.94,0.95,0.94,0.94
2018-01-04,05:06,not set,not set,not set,not set,0,not set,,,not set,not set,0,not set,BathroomLightCommanded,16.4,70.0,not set,not set,not set,not set,not set,not set,0,not set,5.05,4.47,164,4.45,41,16,41,14,high,normal,on,on,0.96,0.94,0.945,0.94
2018-01-04,05:07,not set,not set,not set,not set,0,not set,,,not set,not set,0,not set,BathroomLightCommanded,16.4,70.0,not set,not set,not set,not set,not set,not set,0,not set,5.05,4.47,164,4.45,42,16,42,14,high,normal,on,on,0.95,0.94,0.935,0.945
2018-01-04,05:07,not set,not set,not set,not set,0,not set,,,not set,not set,0,not set,BathroomLightCommanded,16.4,70.0,not set,not set,not set,not set,not set,not set,0,not set,5.05,4.47,164,4.45,42,16,42,15,high,normal,on,on,0.935,0.94,0.92,0.94
2018-01-04,05:07,not set,not set,not set,not set,0,not set,,,not set,not set,0,not set,BathroomLightCommanded,16.4,70.0,not set,not set,not set,not set,not set,not set,0,not set,5.05,4.47,164,4.45,42,15,42,15,high,normal,on,on,0.935,0.945,0.93,0.925
2018-01-04,05:08,not set,not set,not set,not set,0,not set,,,not set,not set,0,not set,BathroomLightCommanded,16.4,70.0,not set,not set,not set,not set,not set,not set,0,not set,5.05,4.47,164,4.45,42,16,42,15,high,normal,on,on,0.94,0.95,0.935,0.94
2018-01-04,05:08,not set,not set,not set,not set,0,not set,,,not set,not set,0,not set,BathroomLightCommanded,16.4,69.9,not set,not set,not set,not set,not set,not set,0,not set,5.05,4.47,164,4.45,42,17,42,15,high,normal,on,on,0.93,0.955,0.935,0.945
2018-01-04,05:08,not set,not set,not set,not set,0,not set,,,not set,not set,0,not set,BathroomLightCommanded,16.4,69.9,not set,not set,not set,not set,not set,not set,0,not set,5.05,4.47,164,4.45,42,16,42,14,high,normal,on,on,0.945,0.935,0.93,0.94
2018-01-04,05:09,not set,not set,not set,not set,1,not set,,,not set,not set,0,not set,BathroomLightCommanded,16.4,69.9,not set,not set,not set,not set,not set,not set,0,not set,5.05,4.47,164,4.45,42,16,43,14,high,normal,on,on,0.95,0.94,0.95,0.95
2018-01-04,05:09,not set,not set,not set,not set,0,not set,,,not set,not set,0,not set,BathroomLightCommanded,16.4,69.9,not set,not set,not set,not set,not set,not set,0,not set,5.05,4.47,164,4.45,43,16,43,14,high,normal,on,on,0.945,0.94,0.93,0.93
2018-01-04,05:10,not set,not set,not set,not set,0,not set,,,not set,not set,0,not set,BathroomLightCommanded,16.4,70.0,not set,not set,not set,not set,not set,not set,0,not set,5.05,4.47,164,4.45,42,16,42,15,high,normal,on,on,0.945,0.95,0.935,0.945
2018-01-04,05:10,not set,not set,not set,not set,0,not set,,,not set,not set,0,not set,BathroomLightCommanded,16.4,69.9,not set,not set,not set,not set,not set,not set,0,not set,5.05,4.47,164,4.45,42,16,42,15,high,normal,on,on,0.945,0.95,0.94,0.955
2018-01-04,05:10,not set,not set,not set,not set,0,not set,,,not set,not set,0,not set,BathroomLightCommanded,16.4,69.9,not set,not set,not set,not set,not set,not set,0,not set,5.05,4.47,164,4.45,42,16,42,15,high,normal,on,on,0.945,0.955,0.94,0.94
2018-01-04,05:11,not set,not set,not set,not set,0,not set,,,not set,not set,0,not set,BathroomLightCommanded,16.4,69.9,not set,not set,not set,not set,not set,not set,0,not set,5.05,4.47,164,4.45,42,16,42,15,high,normal,on,on,0.94,0.945,0.94,0.955
2018-01-04,05:11,not set,not set,not set,not set,0,not set,,,not set,not set,0,not set,BathroomLightCommanded,16.4,69.9,not set,not set,not set,not set,not set,not set,0,not set,5.05,4.47,164,4.45,42,16,42,15,high,normal,on,on,0.93,0.945,0.935,0.935
2018-01-04,05:12,not set,not set,not set,not set,0,not set,,,not set,not set,0,not set,BathroomLightCommanded,16.4,69.8,not set,not set,not set,not set,not set,not set,0,not set,5.05,4.47,164,4.45,42,16,42,14,high,normal,on,on,0.94,0.955,0.95,0.955
2018-01-04,05:12,not set,not set,not set,not set,0,not set,,,not set,not set,0,not set,BathroomLightCommanded,16.3,69.9,not set,not set,not set,not set,not set,not set,0,not set,5.05,4.47,164,4.45,42,16,42,14,high,normal,on,on,0.945,0.945,0.945,0.95
2018-01-04,05:12,not set,not set,not set,not set,0,not set,,,not set,not set,0,not set,BathroomLightCommanded,16.4,69.8,not set,not set,not set,not set,not set,not set,0,not set,5.05,4.47,164,4.45,42,16,42,15,high,normal,on,on,0.96,0.95,0.945,0.955
2018-01-04,05:13,not set,not set,not set,not set,0,not set,,,not set,not set,0,not set,BathroomLightCommanded,16.3,69.9,not set,not set,not set,not set,not set,not set,0,not set,5.05,4.47,164,4.45,42,16,42,14,high,normal,on,on,0.945,0.945,0.94,0.96
2018-01-04,05:13,not set,not set,not set,not set,0,not set,,,not set,not set,0,not set,BathroomLightCommanded,16.3,69.9,not set,not set,not set,not set,not set,not set,0,not set,5.05,4.47,164,4.45,42,16,43,15,high,normal,on,on,0.935,0.945,0.95,0.95
2018-01-04,05:13,not set,not set,not set,not set,0,not set,,,not set,not set,0,not set,BathroomLightCommanded,16.4,70.0,not set,not set,not set,not set,not set,not set,0,not set,5.05,4.47,164,4.45,42,16,42,15,high,normal,on,on,0.935,0.95,0.955,0.955
2018-01-04,05:14,not set,not set,not set,not set,0,not set,,,not set,not set,0,not set,BathroomLightCommanded,16.3,69.9,not set,not set,not set,not set,not set,not set,0,not set,5.05,4.47,164,4.45,42,16,42,15,high,normal,on,on,0.95,0.95,0.945,0.94
2018-01-04,05:14,not set,not set,not set,not set,0,not set,,,not set,not set,0,not set,BathroomLightCommanded,16.4,69.8,not set,not set,not set,not set,not set,not set,0,not set,5.05,4.47,164,4.45,42,16,42,14,high,normal,on,on,0.95,0.94,0.93,0.95
2018-01-04,05:15,not set,not set,not set,not set,0,not set,,,not set,not set,0,not set,BathroomLightCommanded,16.3,69.9,not set,not set,not set,not set,not set,not set,0,not set,5.05,4.47,164,4.45,42,17,42,15,high,normal,on,on,0.945,0.945,0.94,0.945
2018-01-04,05:15,not set,not set,not set,not set,0,not set,,,not set,not set,0,not set,BathroomLightCommanded,16.3,70.0,not set,not set,not set,not set,not set,not set,0,not set,5.05,4.47,164,4.45,42,16,42,15,high,normal,on,on,0.935,0.935,0.93,0.935
2018-01-04,05:15,not set,not set,not set,not set,0,not set,,,not set,not set,0,not set,BathroomLightCommanded,16.3,69.9,not set,not set,not set,not set,not set,not set,0,not set,5.05,4.47,164,4.45,42,16,42,14,high,normal,on,on,0.95,0.935,0.945,0.94
2018-01-04,05:16,not set,not set,not set,not set,0,not set,,,not set,not set,0,not set,BathroomLightCommanded,16.4,69.8,not set,not set,not set,not set,not set,not set,0,not set,5.05,4.47,164,4.45,42,16,42,15,high,normal,on,on,0.955,0.935,0.945,0.945
2018-01-04,05:16,not set,not set,not set,not set,0,not set,,,not set,not set,0,not set,BathroomLightCommanded,16.3,69.9,not set,not set,not set,not set,not set,not set,0,not set,5.05,4.47,164,4.45,42,16,42,14,high,normal,on,on,0.945,0.94,0.945,0.95
2018-01-04,05:17,not set,not set,not set,not set,0,not set,,,not set,not set,0,not set,BathroomLightCommanded,16.3,69.9,not set,not set,not set,not set,not set,not set,0,not set,5.05,4.47,164,4.45,42,16,42,15,high,normal,on,on,0.96,0.945,0.925,0.935
2018-01-04,05:17,not set,not set,not set,not set,0,not set,,,not set,not set,0,not set,BathroomLightCommanded,16.3,69.9,not set,not set,not set,not set,not set,not set,0,not set,5.05,4.47,164,4.45,43,16,42,14,high,normal,on,on,0.935,0.955,0.94,0.94
2018-01-04,05:17,not set,not set,not set,not set,0,not set,,,not set,not set,0,not set,BathroomLightCommanded,16.3,69.8,not set,not set,not set,not set,not set,not set,0,not set,5.05,4.47,164,4.45,42,16,42,14,high,normal,on,on,0.95,0.94,0.945,0.94
2018-01-04,05:18,not set,not set,not set,not set,0,not set,,,not set,not set,0,not set,BathroomLightCommanded,16.3,69.9,not set,not set,not set,not set,not set,not set,0,not set,5.05,4.47,164,4.45,42,16,42,15,high,normal,on,on,0.92,0.935,0.945,0.95
2018-01-04,05:18,not set,not set,not set,not set,0,not set,,,not set,not set,0,not set,BathroomLightCommanded,16.3,69.9,not set,not set,not set,not set,not set,not set,0,not set,5.05,4.47,164,4.45,42,16,42,15,high,normal,on,on,0.96,0.95,0.94,0.95
2018-01-04,05:18,not set,not set,not set,not set,0,not set,,,not set,not set,0,not set,BathroomLightCommanded,16.3,69.8,not set,not set,not set,not set,not set,not set,0,not set,5.05,4.47,164,4.45,42,16,41,15,high,normal,on,on,0.955,0.945,0.935,0.935
2018-01-04,05:19,not set,not set,not set,not set,0,not set,,,not set,not set,0,not set,BathroomLightCommanded,16.3,69.9,not set,not set,not set,not set,not set,not set,0,not set,5.05,4.47,164,4.45,42,16,42,15,high,normal,on,on,0.945,0.955,0.95,0.94
2018-01-04,05:19,not set,not set,not set,not set,0,not set,,,not set,not set,0,not set,BathroomLightCommanded,16.3,69.8,not set,not set,not set,not set,not set,not set,0,not set,5.05,4.47,164,4.45,42,16,42,15,high,normal,on,on,1.04,1.045,1.045,1.045
2018-01-04,05:20,not set,not set,not set,not set,0,not set,,,not set,not set,0,not set,BathroomLightCommanded,16.3,69.9,not set,not set,not set,not set,not set,not set,0,not set,5.05,4.47,164,4.45,42,16,42,15,high,normal,on,on,1.03,1.025,1.03,1.02
2018-01-04,05:20,not set,not set,not set,not set,0,not set,,,not set,not set,0,not set,BathroomLightCommanded,16.3,69.9,not set,not set,not set,not set,not set,not set,0,not set,5.05,4.47,164,4.45,42,17,42,14,high,normal,on,on,1.035,1.04,1.025,1.035
2018-01-04,05:20,not set,not set,not set,not set,0,not set,,,not set,not set,0,not set,BathroomLightCommanded,16.3,69.8,not set,not set,not set,not set,not set,not set,0,not set,5.05,4.47,164,4.45,42,16,41,15,high,normal,on,on,1.03,1.04,1.045,1.04
2018-01-04,05:21,not set,not set,not set,not set,0,not set,,,not set,not set,0,not set,BathroomLightCommanded,16.3,69.7,not set,not set,not set,not set,not set,not set,0,not set,5.05,4.47,164,4.45,42,17,42,14,high,normal,on,on,1.025,1.025,1.02,1.015
2018-01-04,05:21,not set,not set,not set,not set,1,not set,,,not set,not set,0,not set,BathroomLightCommanded,16.3,69.7,not set,not set,not set,not set,not set,not set,0,not set,5.05,4.47,164,4.45,42,17,42,15,high,normal,on,on,1.02,1.01,1.02,1.01
2018-01-04,05:22,not set,not set,not set,not set,0,not set,,,not set,not set,0,not set,BathroomLightCommanded,16.3,69.8,not set,not set,not set,not set,not set,not set,0,not set,5.05,4.47,164,4.45,42,16,42,15,high,normal,on,on,0.99,1.005,1.015,1.015
2018-01-04,05:22,not set,not set,not set,not set,0,not set,,,not set,not set,0,not set,BathroomLightCommanded,16.3,69.8,not set,not set,not set,not set,not set,not set,0,not set,5.05,4.47,164,4.45,42,16,41,15,high,normal,on,on,1.02,1.0,0.995,1.005
2018-01-04,05:22,not set,not set,not set,not set,0,not set,,,not set,not set,0,not set,BathroomLightCommanded,16.3,69.8,not set,not set,not set,not set,not set,not set,0,not set,5.05,4.47,164,4.45,42,16,41,15,high,normal,on,on,0.995,0.995,1.0,1.005
2018-01-04,05:23,not set,not set,not set,not set,0,not set,,,not set,not set,0,not set,BathroomLightCommanded,16.3,69.7,not set,not set,not set,not set,not set,not set,0,not set,5.05,4.47,164,4.45,42,16,41,14,high,normal,on,on,0.995,0.995,1.005,0.99
2018-01-04,05:23,not set,not set,not set,not set,0,not set,,,not set,not set,0,not set,BathroomLightCommanded,16.3,69.7,not set,not set,not set,not set,not set,not set,0,not set,5.05,4.47,164,4.45,42,16,42,14,high,normal,on,on,1.0,0.99,0.995,0.995
2018-01-04,05:24,not set,not set,not set,not set,0,not set,,,not set,not set,0,not set,BathroomLightCommanded,16.3,69.8,not set,not set,not set,not set,not set,not set,0,not set,5.05,4.47,164,4.45,42,16,41,15,high,normal,on,on,0.99,0.99,1.0,0.995
2018-01-04,05:24,not set,not set,not set,not set,0,not set,,,not set,not set,0,not set,BathroomLightCommanded,16.3,69.6,not set,not set,not set,not set,not set,not set,0,not set,5.05,4.47,164,4.45,42,16,41,14,high,normal,on,on,0.99,0.99,1.0,1.005
2018-01-04,05:24,not set,not set,not set,not set,0,not set,,,not set,not set,0,not set,BathroomLightCommanded,16.3,69.7,not set,not set,not set,not set,not set,not set,0,not set,5.05,4.47,164,4.45,42,16,41,15,high,normal,on,on,0.99,1.0,0.995,1.0
2018-01-04,05:25,not set,not set,not set,not set,0,not set,,,not set,not set,0,not set,BathroomLightCommanded,16.3,69.8,not set,not set,not set,not set,not set,not set,0,not set,5.05,4.47,164,4.45,42,16,41,15,high,normal,on,on,0.99,0.995,1.005,0.995
2018-01-04,05:25,not set,not set,not set,not set,0,not set,,,not set,not set,0,not set,BathroomLightCommanded,16.3,69.7,not set,not set,not set,not set,not set,not set,0,not set,5.05,4.47,164,4.45,43,16,41,15,high,normal,on,on,0.99,1.0,0.995,0.99
2018-01-04,05:25,not set,not set,not set,not set,0,not set,,,not set,not set,0,not set,BathroomLightCommanded,16.3,69.8,not set,not set,not set,not set,not set,not set,0,not set,5.05,4.47,164,4.45,42,16,41,15,high,normal,on,on,1.0,1.005,0.995,1.0
2018-01-04,05:26,not set,not set,not set,not set,0,not set,,,not set,not set,0,not set,BathroomLightCommanded,16.3,69.7,not set,not set,not set,not set,not set,not set,0,not set,5.05,4.47,164,4.45,42,16,41,15,high,normal,on,on,1.0,1.005,1.005,1.0
2018-01-04,05:26,not set,not set,not set,not set,0,not set,,,not set,not set,0,not set,BathroomLightCommanded,16.3,69.7,not set,not set,not set,not set,not set,not set,0,not set,5.05,4.47,164,4.45,42,16,41,15,high,normal,on,on,1.01,1.015,1.01,1.0
2018-01-04,05:27,not set,not set,not set,not set,0,not set,,,not set,not set,0,not set,BathroomLightCommanded,16.3,69.7,not set,not set,not set,not set,not set,not set,0,not set,5.05,4.47,164,4.45,42,16,41,15,high,normal,on,on,0.995,1.0,0.99,1.0
2018-01-04,05:27,not set,not set,not set,not set,0,not set,,,not set,not set,0,not set,BathroomLightCommanded,16.3,69.8,not set,not set,not set,not set,not set,not set,0,not set,5.05,4.47,164,4.45,42,16,41,15,high,normal,on,on,1.01,1.005,1.005,1.015
2018-01-04,05:27,not set,not set,not set,not set,0,not set,,,not set,not set,0,not set,BathroomLightCommanded,16.3,69.9,not set,not set,not set,not set,not set,not set,0,not set,5.05,4.47,164,4.45,42,16,41,15,high,normal,on,on,1.005,0.995,1.015,1.01
2018-01-04,05:28,not set,not set,not set,not set,0,not set,,,not set,not set,0,not set,BathroomLightCommanded,16.3,69.9,not set,not set,not set,not set,not set,not set,0,not set,5.05,4.47,164,4.45,42,16,41,15,high,normal,on,on,1.01,1.025,1.005,1.02
2018-01-04,05:28,not set,not set,not set,not set,0,not set,,,not set,not set,0,not set,BathroomLightCommanded,16.3,69.9,not set,not set,not set,not set,not set,not set,0,not set,5.05,4.47,164,4.45,42,16,41,15,high,normal,on,on,1.005,0.995,0.99,1.01
2018-01-04,05:29,not set,not set,not set,not set,0,not set,,,not set,not set,0,not set,BathroomLightCommanded,16.3,69.9,not set,not set,not set,not set,not set,not set,0,not set,5.05,4.47,164,4.45,42,16,41,15,high,normal,on,on,1.005,1.01,1.01,1.005
2018-01-04,05:29,not set,not set,not set,not set,0,not set,,,not set,not set,0,not set,BathroomLightCommanded,16.3,69.9,not set,not set,not set,not set,not set,not set,0,not set,5.05,4.47,164,4.45,42,16,41,14,high,normal,on,on,1.01,0.995,1.01,1.005
2018-01-04,05:29,not set,not set,not set,not set,0,not set,,,not set,not set,0,not set,BathroomLightCommanded,16.3,70.0,not set,not set,not set,not set,not set,not set,0,not set,5.05,4.47,164,4.45,42,16,41,15,high,normal,on,on,1.005,1.0,1.0,1.005
2018-01-04,05:30,not set,not set,not set,not set,0,not set,,,not set,not set,0,not set,BathroomLightCommanded,16.3,70.0,not set,not set,not set,not set,not set,not set,0,not set,5.05,4.47,164,4.45,42,16,41,14,high,normal,on,on,1.01,1.005,0.985,1.01
2018-01-04,05:30,not set,not set,not set,not set,0,not set,,,not set,not set,0,not set,BathroomLightCommanded,16.3,69.9,not set,not set,not set,not set,not set,not set,0,not set,5.05,4.47,164,4.45,42,16,41,15,high,normal,on,on,1.005,1.02,1.015,1.01
2018-01-04,05:30,not set,not set,not set,not set,0,not set,,,not set,not set,0,not set,BathroomLightCommanded,16.3,69.9,not set,not set,not set,not set,not set,not set,0,not set,5.05,4.47,164,4.45,42,16,41,15,high,normal,on,on,1.0,1.01,0.985,1.005
2018-01-04,05:31,not set,not set,not set,not set,0,not set,,,not set,not set,0,not set,BathroomLightCommanded,16.3,69.9,not set,not set,not set,not set,not set,not set,0,not set,5.05,4.47,164,4.45,42,16,41,14,high,normal,on,on,0.995,1.0,1.01,1.0
2018-01-04,05:31,not set,not set,not set,not set,0,not set,,,not set,not set,0,not set,BathroomLightCommanded,16.3,69.9,not set,not set,not set,not set,not set,not set,0,not set,5.05,4.47,164,4.45,42,16,41,15,high,normal,on,on,1.01,1.0,0.99,1.005
2018-01-04,05:32,not set,not set,not set,not set,0,not set,,,not set,not set,0,not set,BathroomLightCommanded,16.3,69.9,not set,not set,not set,not set,not set,not set,0,not set,5.05,4.47,164,4.45,42,16,41,14,high,normal,on,on,1.0,0.995,0.995,1.01
2018-01-04,05:32,not set,not set,not set,not set,0,not set,,,not set,not set,0,not set,BathroomLightCommanded,16.3,70.0,not set,not set,not set,not set,not set,not set,0,not set,5.05,4.47,164,4.45,42,16,41,15,high,normal,on,on,0.995,1.005,1.0,1.0
2018-01-04,05:32,not set,not set,not set,not set,0,not set,,,not set,not set,0,not set,BathroomLightCommanded,16.3,69.9,not set,not set,not set,not set,not set,not set,0,not set,5.05,4.47,164,4.45,42,17,41,14,high,normal,on,on,1.005,1.0,1.005,1.0
2018-01-04,05:33,not set,not set,not set,not set,0,not set,,,not set,not set,0,not set,BathroomLightCommanded,16.3,69.9,not set,not set,not set,not set,not set,not set,0,not set,5.05,4.47,164,4.45,42,16,41,15,high,normal,on,on,1.0,0.99,0.995,1.005
2018-01-04,05:33,not set,not set,not set,not set,0,not set,,,not set,not set,0,not set,BathroomLightCommanded,16.3,70.0,not set,not set,not set,not set,not set,not set,0,not set,5.05,4.47,164,4.45,42,16,41,15,high,normal,on,on,0.995,1.0,0.985,1.01
2018-01-04,05:34,not set,not set,not set,not set,0,not set,,,not set,not set,0,not set,BathroomLightCommanded,16.3,70.0,not set,not set,not set,not set,not set,not set,0,not set,5.05,4.47,164,4.45,42,16,41,15,high,normal,on,on,0.995,0.98,0.99,1.0
2018-01-04,05:34,not set,not set,not set,not set,0,not set,,,not set,not set,0,not set,BathroomLightCommanded,16.3,70.0,not set,not set,not set,not set,not set,not set,0,not set,5.05,4.47,164,4.45,42,16,41,15,high,normal,on,on,0.985,0.985,1.0,1.0
2018-01-04,05:34,not set,not set,not set,not set,0,not set,,,not set,not set,0,not set,BathroomLightCommanded,16.3,70.0,not set,not set,not set,not set,not set,not set,0,not set,5.05,4.47,164,4.45,42,16,41,14,high,normal,on,on,1.0,1.005,1.005,0.995
2018-01-04,05:35,not set,not set,not set,not set,0,not set,,,not set,not set,0,not set,BathroomLightCommanded,16.3,70.0,not set,not set,not set,not set,not set,not set,0,not set,5.05,4.47,164,4.45,42,17,41,14,high,normal,on,on,0.995,0.985,0.99,0.995
2018-01-04,05:35,not set,not set,not set,not set,0,not set,,,not set,not set,0,not set,BathroomLightCommanded,16.3,70.0,not set,not set,not set,not set,not set,not set,0,not set,5.05,4.47,164,4.45,42,16,41,14,high,normal,on,on,0.99,0.99,0.985,0.99
2018-01-04,05:35,not set,not set,not set,not set,0,not set,,,not set,not set,0,not set,BathroomLightCommanded,16.3,70.0,not set,not set,not set,not set,not set,not set,0,not set,5.05,4.47,164,4.45,42,16,41,14,high,normal,on,on,1.0,0.99,0.995,1.0
2018-01-04,05:36,not set,not set,not set,not set,0,not set,,,not set,not set,0,not set,BathroomLightCommanded,16.3,70.0,not set,not set,not set,not set,not set,not set,0,not set,5.05,4.47,164,4.45,42,16,41,15,high,normal,on,on,0.995,0.99,1.005,0.99
2018-01-04,05:36,not set,not set,not set,not set,0,not set,,,not set,not set,0,not set,BathroomLightCommanded,16.3,70.0,not set,not set,not set,not set,not set,not set,0,not set,5.05,4.47,164,4.45,42,16,41,15,high,normal,on,on,0.985,0.995,0.985,1.0
2018-01-04,05:37,not set,not set,not set,not set,0,not set,,,not set,not set,0,not set,BathroomLightCommanded,16.3,70.0,not set,not set,not set,not set,not set,not set,0,not set,5.05,4.47,164,4.45,43,16,41,15,high,normal,on,on,0.985,0.985,0.985,1.0
2018-01-04,05:37,not set,not set,not set,not set,0,not set,,,not set,not set,0,not set,BathroomLightCommanded,16.3,70.0,not set,not set,not set,not set,not set,not set,0,not set,5.05,4.47,164,4.45,42,16,41,15,high,normal,on,on,0.995,1.005,0.995,0.975
2018-01-04,05:37,not set,not set,not set,not set,0,not set,,,not set,not set,0,not set,BathroomLightCommanded,16.3,70.0,not set,not set,not set,not set,not set,not set,0,not set,5.05,4.47,164,4.45,42,16,41,15,high,normal,on,on,0.99,0.995,0.985,0.99
2018-01-04,05:38,not set,not set,not set,not set,0,not set,,,not set,not set,0,not set,BathroomLightCommanded,16.3,69.9,not set,not set,not set,not set,not set,not set,0,not set,5.05,4.47,164,4.45,42,16,40,15,high,normal,on,on,0.99,0.99,0.985,0.99
2018-01-04,05:38,not set,not set,not set,not set,0,not set,,,not set,not set,0,not set,BathroomLightCommanded,16.3,69.9,not set,not set,not set,not set,not set,not set,0,not set,5.05,4.47,164,4.45,42,16,41,14,high,normal,on,on,0.965,0.975,0.98,0.97
2018-01-04,05:39,not set,not set,not set,not set,0,not set,,,not set,not set,0,not set,BathroomLightCommanded,16.3,70.0,not set,not set,not set,not set,not set,not set,0,not set,5.05,4.47,164,4.45,42,17,41,15,high,normal,on,on,0.975,0.985,0.995,0.99
2018-01-04,05:39,not set,not set,not set,not set,0,not set,,,not set,not set,0,not set,BathroomLightCommanded,16.3,69.9,not set,not set,not set,not set,not set,not set,0,not set,5.05,4.47,164,4.45,42,16,41,15,high,normal,on,on,0.98,0.98,0.975,0.98
2018-01-04,05:39,not set,not set,not set,not set,0,not set,,,not set,not set,0,not set,BathroomLightCommanded,16.3,70.0,not set,not set,not set,not set,not set,not set,0,not set,5.05,4.47,164,4.45,42,16,41,15,high,normal,on,on,0.985,0.995,0.98,0.975
2018-01-04,05:40,not set,not set,not set,not set,0,not set,,,not set,not set,0,not set,BathroomLightCommanded,16.3,70.0,not set,not set,not set,not set,not set,not set,0,not set,5.05,4.47,164,4.45,42,17,41,14,high,normal,on,on,0.975,0.985,0.98,0.995
2018-01-04,05:40,not set,not set,not set,not set,1,not set,,,not set,not set,0,not set,BathroomLightCommanded,16.3,69.9,not set,not set,not set,not set,not set,not set,0,not set,5.05,4.47,164,4.45,42,16,41,15,high,normal,on,on,0.975,0.985,0.98,0.98
2018-01-04,05:40,not set,not set,not set,not set,0,not set,,,not set,not set,0,not set,BathroomLightCommanded,16.3,69.9,not set,not set,not set,not set,not set,not set,0,not set,5.05,4.47,164,4.45,42,16,41,15,high,normal,on,on,0.985,0.97,0.975,0.98
2018-01-04,05:41,not set,not set,not set,not set,1,not set,,,not set,not set,0,not set,BathroomLightCommanded,16.3,70.0,not set,not set,not set,not set,not set,not set,0,not set,5.05,4.47,164,4.45,42,16,41,14,high,normal,on,on,0.985,0.98,0.98,0.965
2018-01-04,05:41,not set,not set,not set,not set,0,not set,,,not set,not set,0,not set,BathroomLightCommanded,16.3,70.0,not set,not set,not set,not set,not set,not set,0,not set,5.05,4.47,164,4.45,42,16,41,15,high,normal,on,on,0.98,0.975,0.965,0.97
2018-01-04,05:42,not set,not set,not set,not set,0,not set,,,not set,not set,0,not set,BathroomLightCommanded,16.3,69.9,not set,not set,not set,not set,not set,not set,0,not set,5.05,4.47,164,4.45,42,16,41,15,high,normal,on,on,0.98,0.985,0.955,0.985
2018-01-04,05:42,not set,not set,not set,not set,0,not set,,,not set,not set,0,not set,BathroomLightCommanded,16.3,69.9,not set,not set,not set,not set,not set,not set,0,not set,5.05,4.47,164,4.45,42,17,41,15,high,normal,on,on,0.975,0.97,0.97,0.98
2018-01-04,05:42,not set,not set,not set,not set,0,not set,,,not set,not set,0,not set,BathroomLightCommanded,16.3,69.9,not set,not set,not set,not set,not set,not set,0,not set,5.05,4.47,164,4.45,42,17,41,15,high,normal,on,on,0.975,0.975,0.98,0.985
2018-01-04,05:43,not set,not set,not set,not set,0,not set,,,not set,not set,0,not set,BathroomLightCommanded,16.3,69.9,not set,not set,not set,not set,not set,not set,0,not set,5.05,4.47,164,4.45,42,16,41,15,high,normal,on,on,0.97,0.98,0.965,0.98
2018-01-04,05:43,not set,not set,not set,not set,0,not set,,,not set,not set,0,not set,BathroomLightCommanded,16.3,69.8,not set,not set,not set,not set,not set,not set,0,not set,5.05,4.47,164,4.45,43,17,40,14,high,normal,on,on,0.96,0.975,0.97,0.98
2018-01-04,05:44,not set,not set,not set,not set,0,not set,,,not set,not set,0,not set,BathroomLightCommanded,16.3,69.9,not set,not set,not set,not set,not set,not set,0,not set,5.05,4.47,164,4.45,42,17,40,15,high,normal,on,on,0.975,0.975,0.965,0.97
2018-01-04,05:44,not set,not set,not set,not set,0,not set,,,not set,not set,0,not set,BathroomLightCommanded,16.3,69.8,not set,not set,not set,not set,not set,not set,0,not set,5.05,4.47,164,4.45,42,16,41,15,high,normal,on,on,0.97,0.975,0.965,0.97
2018-01-04,05:44,not set,not set,not set,not set,1,not set,,,not set,not set,0,not set,BathroomLightCommanded,16.3,69.8,not set,not set,not set,not set,not set,not set,0,not set,5.05,4.47,164,4.45,42,17,40,15,high,normal,on,on,0.97,0.97,0.98,0.975
2018-01-04,05:45,not set,not set,not set,not set,0,not set,,,not set,not set,0,not set,BathroomLightCommanded,16.3,69.8,not set,not set,not set,not set,not set,not set,0,not set,5.05,4.47,164,4.45,42,16,40,15,high,normal,on,on,0.96,0.97,0.965,0.985
2018-01-04,05:45,not set,not set,not set,not set,0,not set,,,not set,not set,0,not set,BathroomLightCommanded,16.3,69.9,not set,not set,not set,not set,not set,not set,0,not set,5.05,4.47,164,4.45,42,16,40,15,high,normal,on,on,0.98,0.96,0.97,0.955
2018-01-04,05:45,not set,not set,not set,not set,0,not set,,,not set,not set,0,not set,BathroomLightCommanded,16.3,69.8,not set,not set,not set,not set,not set,not set,0,not set,5.05,4.47,164,4.45,42,16,40,15,high,normal,on,on,0.965,0.975,0.965,0.97
2018-01-04,05:46,not set,not set,not set,not set,0,not set,,,not set,not set,0,not set,BathroomLightCommanded,16.3,69.8,not set,not set,not set,not set,not set,not set,0,not set,5.05,4.47,164,4.45,42,17,40,14,high,normal,on,on,0.965,0.98,0.97,0.975
2018-01-04,05:46,not set,not set,not set,not set,0,not set,,,not set,not set,0,not set,BathroomLightCommanded,16.3,69.8,not set,not set,not set,not set,not set,not set,0,not set,5.05,4.47,164,4.45,42,17,41,15,high,normal,on,on,0.96,0.965,0.955,0.965
2018-01-04,05:47,not set,not set,not set,not set,0,not set,,,not set,not set,0,not set,BathroomLightCommanded,16.3,69.8,not set,not set,not set,not set,not set,not set,0,not set,5.05,4.47,164,4.45,42,17,40,16,high,normal,on,on,0.955,0.97,0.955,0.96
2018-01-04,05:47,not set,not set,not set,not set,0,not set,,,not set,not set,0,not set,BathroomLightCommanded,16.3,69.8,not set,not set,not set,not set,not set,not set,0,not set,5.05,4.47,164,4.45,42,16,40,15,high,normal,on,on,0.97,0.955,0.96,0.96
2018-01-04,05:47,not set,not set,not set,not set,0,not set,,,not set,not set,0,not set,BathroomLightCommanded,16.3,69.8,not set,not set,not set,not set,not set,not set,0,not set,5.05,4.47,164,4.45,42,16,40,15,high,normal,on,on,0.965,0.965,0.965,0.965
2018-01-04,05:48,not set,not set,not set,not set,0,not set,,,not set,not set,0,not set,BathroomLightCommanded,16.3,69.8,not set,not set,not set,not set,not set,not set,0,not set,5.05,4.47,164,4.45,42,16,40,14,high,normal,on,on,0.97,0.965,0.97,0.975
2018-01-04,05:48,not set,not set,not set,not set,0,not set,,,not set,not set,0,not set,BathroomLightCommanded,16.3,69.7,not set,not set,not set,not set,not set,not set,0,not set,5.05,4.47,164,4.45,42,16,40,14,high,normal,on,on,0.965,0.945,0.95,0.965
2018-01-04,05:49,not set,not set,not set,not set,0,not set,,,not set,not set,0,not set,BathroomLightCommanded,16.3,69.8,not set,not set,not set,not set,not set,not set,0,not set,5.05,4.47,164,4.45,42,16,40,14,high,normal,on,on,0.965,0.965,0.96,0.97
2018-01-04,05:49,not set,not set,not set,not set,0,not set,,,not set,not set,0,not set,BathroomLightCommanded,16.3,69.9,not set,not set,not set,not set,not set,not set,0,not set,5.05,4.47,164,4.45,43,16,40,15,high,normal,on,on,0.965,0.955,0.955,0.965
2018-01-04,05:49,not set,not set,not set,not set,0,not set,,,not set,not set,0,not set,BathroomLightCommanded,16.3,69.9,not set,not set,not set,not set,not set,not set,0,not set,5.05,4.47,164,4.45,42,16,40,15,high,normal,on,on,0.955,0.975,0.97,0.955
2018-01-04,05:50,not set,not set,not set,not set,0,not set,,,not set,not set,0,not set,BathroomLightCommanded,16.3,69.8,not set,not set,not set,not set,not set,not set,0,not set,5.05,4.47,164,4.45,42,16,40,15,high,normal,on,on,0.97,0.96,0.945,0.965
2018-01-04,05:50,not set,not set,not set,not set,0,not set,,,not set,not set,0,not set,BathroomLightCommanded,16.3,69.8,not set,not set,not set,not set,not set,not set,0,not set,5.05,4.47,164,4.45,42,16,41,15,high,normal,on,on,0.965,0.96,0.96,0.97
2018-01-04,05:50,not set,not set,not set,not set,1,not set,,,not set,not set,0,not set,BathroomLightCommanded,16.3,69.8,not set,not set,not set,not set,not set,not set,0,not set,5.05,4.47,164,4.45,42,17,40,15,high,normal,on,on,0.94,0.96,0.955,0.965
2018-01-04,05:51,not set,not set,not set,not set,0,not set,,,not set,not set,0,not set,BathroomLightCommanded,16.3,69.9,not set,not set,not set,not set,not set,not set,0,not set,5.05,4.47,164,4.45,42,16,40,15,high,normal,on,on,0.96,0.955,0.955,0.96
2018-01-04,05:51,not set,not set,not set,not set,0,not set,,,not set,not set,0,not set,BathroomLightCommanded,16.3,69.8,not set,not set,not set,not set,not set,not set,0,not set,5.05,4.47,164,4.45,42,17,40,15,high,normal,on,on,0.935,0.96,0.95,0.965
2018-01-04,05:52,not set,not set,not set,not set,0,not set,,,not set,not set,0,not set,BathroomLightCommanded,16.3,69.8,not set,not set,not set,not set,not set,not set,0,not set,5.05,4.47,164,4.45,42,16,41,14,high,normal,on,on,0.965,0.96,0.97,0.97
2018-01-04,05:52,not set,not set,not set,not set,0,not set,,,not set,not set,0,not set,BathroomLightCommanded,16.3,69.9,not set,not set,not set,not set,not set,not set,0,not set,5.05,4.47,164,4.45,42,16,40,15,high,normal,on,on,0.955,0.95,0.965,0.965
2018-01-04,05:52,not set,not set,not set,not set,0,not set,,,not set,not set,0,not set,BathroomLightCommanded,16.3,70.0,not set,not set,not set,not set,not set,not set,0,not set,5.05,4.47,164,4.45,43,16,40,14,high,normal,on,on,0.95,0.96,0.965,0.98
2018-01-04,05:53,not set,not set,not set,not set,0,not set,,,not set,not set,0,not set,BathroomLightCommanded,16.3,69.8,not set,not set,not set,not set,not set,not set,0,not set,5.05,4.47,164,4.45,42,16,40,15,high,normal,on,on,0.95,0.945,0.955,0.965
2018-01-04,05:53,not set,not set,not set,not set,0,not set,,,not set,not set,0,not set,BathroomLightCommanded,16.3,69.8,not set,not set,not set,not set,not set,not set,0,not set,5.05,4.47,164,4.45,42,17,40,14,high,normal,on,on,0.945,0.96,0.94,0.95
2018-01-04,05:54,not set,not set,not set,not set,0,not set,,,not set,not set,0,not set,BathroomLightCommanded,16.3,69.8,not set,not set,not set,not set,not set,not set,0,not set,5.05,4.47,164,4.45,42,16,40,14,high,normal,on,on,0.96,0.955,0.95,0.96
2018-01-04,05:54,not set,not set,not set,not set,0,not set,,,not set,not set,0,not set,BathroomLightCommanded,16.3,69.8,not set,not set,not set,not set,not set,not set,0,not set,5.05,4.47,164,4.45,42,16,40,14,high,normal,on,on,0.945,0.955,0.955,0.965
2018-01-04,05:54,not set,not set,not set,not set,0,not set,,,not set,not set,0,not set,BathroomLightCommanded,16.3,69.9,not set,not set,not set,not set,not set,not set,0,not set,5.05,4.47,164,4.45,42,16,40,15,high,normal,on,on,0.955,0.97,0.965,0.95
2018-01-04,05:55,not set,not set,not set,not set,0,not set,,,not set,not set,0,not set,BathroomLightCommanded,16.3,69.8,not set,not set,not set,not set,not set,not set,0,not set,5.05,4.47,164,4.45,42,16,40,15,high,normal,on,on,0.945,0.96,0.95,0.945
2018-01-04,05:55,not set,not set,not set,not set,0,not set,,,not set,not set,0,not set,BathroomLightCommanded,16.3,69.9,not set,not set,not set,not set,not set,not set,0,not set,5.05,4.47,164,4.45,42,16,40,14,high,normal,on,on,0.95,0.96,0.965,0.96
2018-01-04,05:55,not set,not set,not set,not set,0,not set,,,not set,not set,0,not set,BathroomLightCommanded,16.3,69.8,not set,not set,not set,not set,not set,not set,0,not set,5.05,4.47,164,4.45,42,16,40,15,high,normal,on,on,0.945,0.96,0.96,0.95
2018-01-04,05:56,not set,not set,not set,not set,0,not set,,,not set,not set,0,not set,BathroomLightCommanded,16.3,69.8,not set,not set,not set,not set,not set,not set,0,not set,5.05,4.47,164,4.45,42,16,40,15,high,normal,on,on,0.955,0.955,0.935,0.96
2018-01-04,05:56,not set,not set,not set,not set,0,not set,,,not set,not set,0,not set,BathroomLightCommanded,16.3,69.7,not set,not set,not set,not set,not set,not set,0,not set,5.05,4.47,164,4.45,42,16,40,15,high,normal,on,on,0.95,0.955,0.955,0.96
2018-01-04,05:57,not set,not set,not set,not set,0,not set,,,not set,not set,0,not set,BathroomLightCommanded,16.3,69.8,not set,not set,not set,not set,not set,not set,0,not set,5.05,4.47,164,4.45,42,16,40,15,high,normal,on,on,0.96,0.955,0.935,0.955
2018-01-04,05:57,not set,not set,not set,not set,0,not set,,,not set,not set,0,not set,BathroomLightCommanded,16.3,69.9,not set,not set,not set,not set,not set,not set,0,not set,5.05,4.47,164,4.45,42,16,41,15,high,normal,on,on,0.955,0.955,0.955,0.955
2018-01-04,05:57,not set,not set,not set,not set,0,not set,,,not set,not set,0,not set,BathroomLightCommanded,16.3,69.9,not set,not set,not set,not set,not set,not set,0,not set,5.05,4.47,164,4.45,42,16,41,14,high,normal,on,on,0.95,0.955,0.95,0.945
2018-01-04,05:58,not set,not set,not set,not set,0,not set,,,not set,not set,0,not set,BathroomLightCommanded,16.3,69.8,not set,not set,not set,not set,not set,not set,0,not set,5.05,4.47,164,4.45,42,16,40,15,high,normal,on,on,0.95,0.95,0.94,0.94
2018-01-04,05:58,not set,not set,not set,not set,0,not set,,,not set,not set,0,not set,BathroomLightCommanded,16.3,69.8,not set,not set,not set,not set,not set,not set,0,not set,5.05,4.47,164,4.45,42,16,40,15,high,normal,on,on,0.95,0.95,0.935,0.955
2018-01-04,05:59,not set,not set,not set,not set,0,not set,,,not set,not set,0,not set,BathroomLightCommanded,16.3,69.8,not set,not set,not set,not set,not set,not set,0,not set,5.05,4.47,164,4.45,42,16,40,15,high,normal,on,on,0.945,0.95,0.95,0.945
2018-01-04,05:59,not set,not set,not set,not set,0,not set,,,not set,not set,0,not set,BathroomLightCommanded,16.3,69.8,not set,not set,not set,not set,not set,not set,0,not set,5.05,4.47,164,4.45,42,16,40,15,high,normal,on,on,0.955,0.94,0.955,0.945
2018-01-04,05:59,not set,not set,not set,not set,0,not set,,,not set,not set,0,not set,BathroomLightCommanded,16.3,69.8,not set,not set,not set,not set,not set,not set,0,not set,5.05,4.47,164,4.45,42,17,40,14,high,normal,on,on,0.95,0.95,0.95,0.95
2018-01-04,06:00,not set,not set,not set,not set,0,not set,,,not set,not set,0,not set,BathroomLightCommanded,16.3,69.9,not set,not set,not set,not set,not set,not set,0,not set,5.05,4.47,164,4.45,42,16,40,14,high,normal,on,on,0.945,0.94,0.935,0.955
2018-01-04,06:00,not set,not set,not set,not set,0,not set,,,not set,not set,0,not set,BathroomLightCommanded,16.3,70.0,not set,not set,not set,not set,not set,not set,0,not set,5.05,4.47,164,4.45,42,16,40,14,high,normal,on,on,0.935,0.945,0.925,0.955
2018-01-04,06:00,not set,not set,not set,not set,0,not set,,,not set,not set,0,not set,BathroomLightCommanded,16.3,69.9,not set,not set,not set,not set,not set,not set,0,not set,5.05,4.47,164,4.45,42,16,40,15,high,normal,on,on,0.915,0.94,0.955,0.95
2018-01-04,06:01,not set,not set,not set,not set,0,not set,,,not set,not set,0,not set,BathroomLightCommanded,16.3,69.9,not set,not set,not set,not set,not set,not set,0,not set,5.05,4.47,164,4.45,42,16,40,15,high,normal,on,on,0.945,0.94,0.945,0.95
2018-01-04,06:01,not set,not set,not set,not set,0,not set,,,not set,not set,0,not set,BathroomLightCommanded,16.3,69.9,not set,not set,not set,not set,not set,not set,0,not set,5.05,4.47,164,4.45,42,16,41,14,high,normal,on,on,0.95,0.94,0.955,0.95
2018-01-04,06:02,not set,not set,not set,not set,0,not set,,,not set,not set,0,not set,BathroomLightCommanded,16.3,69.9,not set,not set,not set,not set,not set,not set,0,not set,5.05,4.47,164,4.45,42,16,40,15,high,normal,on,on,0.94,0.945,0.955,0.945
2018-01-04,06:02,not set,not set,not set,not set,0,not set,,,not set,not set,0,not set,BathroomLightCommanded,16.3,69.9,not set,not set,not set,not set,not set,not set,0,not set,5.05,4.47,164,4.45,42,16,40,15,high,normal,on,on,0.935,0.955,0.95,0.945
2018-01-04,06:02,not set,not set,not set,not set,0,not set,,,not set,not set,0,not set,BathroomLightCommanded,16.3,69.9,not set,not set,not set,not set,not set,not set,0,not set,5.05,4.47,164,4.45,42,16,40,14,high,normal,on,on,0.94,0.965,0.93,0.94
2018-01-04,06:03,not set,not set,not set,not set,0,not set,,,not set,not set,0,not set,BathroomLightCommanded,16.3,70.0,not set,not set,not set,not set,not set,not set,0,not set,5.05,4.47,164,4.45,42,16,40,14,high,normal,on,on,0.955,0.94,0.96,0.945
2018-01-04,06:03,not set,not set,not set,not set,0,not set,,,not set,not set,0,not set,BathroomLightCommanded,16.3,70.0,not set,not set,not set,not set,not set,not set,0,not set,5.05,4.47,164,4.45,42,17,40,15,high,normal,on,on,0.935,0.955,0.95,0.94
2018-01-04,06:04,not set,not set,not set,not set,0,not set,,,not set,not set,0,not set,BathroomLightCommanded,16.3,70.1,not set,not set,not set,not set,not set,not set,0,not set,5.05,4.47,164,4.45,42,16,40,15,high,normal,on,on,0.945,0.94,0.94,0.94
2018-01-04,06:04,not set,not set,not set,not set,0,not set,,,not set,not set,0,not set,BathroomLightCommanded,16.3,70.0,not set,not set,not set,not set,not set,not set,0,not set,5.05,4.47,164,4.45,42,16,40,14,high,normal,on,on,0.945,0.95,0.945,0.95
2018-01-04,06:04,not set,not set,not set,not set,0,not set,,,not set,not set,0,not set,BathroomLightCommanded,16.3,70.0,not set,not set,not set,not set,not set,not set,0,not set,5.05,4.47,164,4.45,42,16,40,14,high,normal,on,on,0.935,0.96,0.945,0.94
2018-01-04,06:05,not set,not set,not set,not set,0,not set,,,not set,not set,0,not set,BathroomLightCommanded,16.3,70.0,not set,not set,not set,not set,not set,not set,0,not set,5.05,4.47,164,4.45,42,16,40,15,high,normal,on,on,0.95,0.94,0.955,0.945
2018-01-04,06:05,not set,not set,not set,not set,0,not set,,,not set,not set,0,not set,BathroomLightCommanded,16.3,70.0,not set,not set,not set,not set,not set,not set,0,not set,5.05,4.47,164,4.45,42,16,40,14,high,normal,on,on,0.945,0.95,0.955,0.96
2018-01-04,06:05,not set,not set,not set,not set,0,not set,,,not set,not set,0,not set,BathroomLightCommanded,16.3,70.0,not set,not set,not set,not set,not set,not set,0,not set,5.05,4.47,164,4.45,42,16,40,14,high,normal,on,on,0.94,0.95,0.93,0.955
2018-01-04,06:06,not set,not set,not set,not set,0,not set,,,not set,not set,0,not set,BathroomLightCommanded,16.3,70.0,not set,not set,not set,not set,not set,not set,0,not set,5.05,4.47,164,4.45,42,16,40,15,high,normal,on,on,0.955,0.95,0.95,0.96
2018-01-04,06:06,not set,not set,not set,not set,0,not set,,,not set,not set,0,not set,BathroomLightCommanded,16.3,70.0,not set,not set,not set,not set,not set,not set,0,not set,5.05,4.47,164,4.45,42,16,40,15,high,normal,on,on,0.94,0.95,0.95,0.955
2018-01-04,06:07,not set,not set,not set,not set,0,not set,,,not set,not set,0,not set,BathroomLightCommanded,16.3,70.0,not set,not set,not set,not set,not set,not set,0,not set,5.05,4.47,164,4.45,42,17,40,15,high,normal,on,on,0.945,0.945,0.955,0.95
2018-01-04,06:07,not set,not set,not set,not set,0,not set,,,not set,not set,0,not set,BathroomLightCommanded,16.3,70.0,not set,not set,not set,not set,not set,not set,0,not set,5.05,4.47,164,4.45,42,16,40,15,high,normal,on,on,0.95,0.95,0.95,0.955
2018-01-04,06:07,not set,not set,not set,not set,0,not set,,,not set,not set,0,not set,BathroomLightCommanded,16.3,70.0,not set,not set,not set,not set,not set,not set,0,not set,5.05,4.47,164,4.45,42,16,40,15,high,normal,on,on,0.95,0.95,0.95,0.95
2018-01-04,06:08,not set,not set,not set,not set,0,not set,,,not set,not set,0,not set,BathroomLightCommanded,16.3,70.0,not set,not set,not set,not set,not set,not set,0,not set,5.05,4.47,164,4.45,42,17,40,15,high,normal,on,on,0.945,0.95,0.94,0.95
2018-01-04,06:08,not set,not set,not set,not set,0,not set,,,not set,not set,0,not set,BathroomLightCommanded,16.3,69.9,not set,not set,not set,not set,not set,not set,0,not set,5.05,4.47,164,4.45,42,16,40,15,high,normal,on,on,0.95,0.945,0.955,0.95
2018-01-04,06:09,not set,not set,not set,not set,0,not set,,,not set,not set,0,not set,BathroomLightCommanded,16.3,70.0,not set,not set,not set,not set,not set,not set,0,not set,5.05,4.47,164,4.45,42,16,40,14,high,normal,on,on,0.95,0.96,0.935,0.955
2018-01-04,06:09,not set,not set,not set,not set,0,not set,,,not set,not set,0,not set,BathroomLightCommanded,16.3,70.0,not set,not set,not set,not set,not set,not set,0,not set,5.05,4.47,164,4.45,42,16,39,15,high,normal,on,on,0.96,0.95,0.94,0.95
2018-01-04,06:09,not set,not set,not set,not set,0,not set,,,not set,not set,0,not set,BathroomLightCommanded,16.3,69.9,not set,not set,not set,not set,not set,not set,0,not set,5.05,4.47,164,4.45,42,16,40,15,high,normal,on,on,0.945,0.955,0.95,0.955
2018-01-04,06:10,not set,not set,not set,not set,0,not set,,,not set,not set,0,not set,BathroomLightCommanded,16.3,69.9,not set,not set,not set,not set,not set,not set,0,not set,5.05,4.47,164,4.45,42,16,40,14,high,normal,on,on,0.955,0.945,0.945,0.95
2018-01-04,06:10,not set,not set,not set,not set,0,not set,,,not set,not set,0,not set,BathroomLightCommanded,16.3,69.9,not set,not set,not set,not set,not set,not set,0,not set,5.05,4.47,164,4.45,42,16,40,15,high,normal,on,on,0.95,0.96,0.95,0.955
2018-01-04,06:10,not set,not set,not set,not set,0,not set,,,not set,not set,0,not set,BathroomLightCommanded,16.3,69.9,not set,not set,not set,not set,not set,not set,0,not set,5.05,4.47,164,4.45,42,16,40,15,high,normal,on,on,0.965,0.955,0.95,0.96
2018-01-04,06:11,not set,not set,not set,not set,0,not set,,,not set,not set,0,not set,BathroomLightCommanded,16.3,69.9,not set,not set,not set,not set,not set,not set,0,not set,5.05,4.47,164,4.45,42,16,40,15,high,normal,on,on,0.955,0.955,0.935,0.955
2018-01-04,06:11,not set,not set,not set,not set,1,not set,,,not set,not set,0,not set,BathroomLightCommanded,16.3,69.9,not set,not set,not set,not set,not set,not set,0,not set,5.05,4.47,164,4.45,42,16,40,14,high,normal,on,on,0.95,0.97,0.95,0.95
2018-01-04,06:12,not set,not set,not set,not set,0,not set,,,not set,not set,0,not set,BathroomLightCommanded,16.3,70.0,not set,not set,not set,not set,not set,not set,0,not set,5.05,4.47,164,4.45,42,16,40,15,high,normal,on,on,0.955,0.945,0.955,0.945
2018-01-04,06:12,not set,not set,not set,not set,0,not set,,,not set,not set,0,not set,BathroomLightCommanded,16.3,70.0,not set,not set,not set,not set,not set,not set,0,not set,5.05,4.47,164,4.45,42,17,40,15,high,normal,on,on,0.955,0.96,0.945,0.955
2018-01-04,06:12,not set,not set,not set,not set,0,not set,,,not set,not set,0,not set,BathroomLightCommanded,16.3,70.0,not set,not set,not set,not set,not set,not set,0,not set,5.05,4.47,164,4.45,42,16,40,15,high,normal,on,on,0.955,0.955,0.95,0.955
2018-01-04,06:13,not set,not set,not set,not set,0,not set,,,not set,not set,0,not set,BathroomLightCommanded,16.3,70.0,not set,not set,not set,not set,not set,not set,0,not set,5.05,4.47,164,4.45,42,16,39,15,high,normal,on,on,0.96,0.955,0.945,0.955
2018-01-04,06:13,not set,not set,not set,not set,0,not set,,,not set,not set,0,not set,BathroomLightCommanded,16.2,69.9,not set,not set,not set,not set,not set,not set,0,not set,5.05,4.47,164,4.45,43,17,40,15,high,normal,on,on,0.945,0.945,0.96,0.955
2018-01-04,06:14,not set,not set,not set,not set,0,not set,,,not set,not set,0,not set,BathroomLightCommanded,16.3,70.0,not set,not set,not set,not set,not set,not set,0,not set,5.05,4.47,164,4.45,42,17,40,15,high,normal,on,on,0.94,0.945,0.945,0.95
2018-01-04,06:14,not set,not set,not set,not set,0,not set,,,not set,not set,0,not set,BathroomLightCommanded,16.2,69.9,not set,not set,not set,not set,not set,not set,0,not set,5.05,4.47,164,4.45,42,16,40,15,high,normal,on,on,0.96,0.95,0.965,0.95
2018-01-04,06:14,not set,not set,not set,not set,0,not set,,,not set,not set,0,not set,BathroomLightCommanded,16.2,69.8,not set,not set,not set,not set,not set,not set,0,not set,5.05,4.47,164,4.45,42,17,40,16,high,normal,on,on,0.955,0.95,0.955,0.955
2018-01-04,06:15,not set,not set,not set,not set,0,not set,,,not set,not set,0,not set,BathroomLightCommanded,16.2,69.9,not set,not set,not set,not set,not set,not set,0,not set,5.05,4.47,164,4.45,42,16,39,14,high,normal,on,on,0.955,0.955,0.945,0.955
2018-01-04,06:15,not set,not set,not set,not set,0,not set,,,not set,not set,0,not set,BathroomLightCommanded,16.2,69.9,not set,not set,not set,not set,not set,not set,0,not set,5.05,4.47,164,4.45,42,16,40,14,high,normal,on,on,0.96,0.955,0.95,0.96
2018-01-04,06:15,not set,not set,not set,not set,0,not set,,,not set,not set,0,not set,BathroomLightCommanded,16.2,69.9,not set,not set,not set,not set,not set,not set,0,not set,5.05,4.47,164,4.45,42,17,40,15,high,normal,on,on,0.94,0.955,0.945,0.955
2018-01-04,06:16,not set,not set,not set,not set,0,not set,,,not set,not set,0,not set,BathroomLightCommanded,16.2,69.8,not set,not set,not set,not set,not set,not set,0,not set,5.05,4.47,164,4.45,42,16,40,15,high,normal,on,on,0.95,0.955,0.955,0.95
2018-01-04,06:16,not set,not set,not set,not set,1,not set,,,not set,not set,0,not set,BathroomLightCommanded,16.2,69.9,not set,not set,not set,not set,not set,not set,0,not set,5.05,4.47,164,4.45,42,17,40,15,high,normal,on,on,0.95,0.955,0.95,0.945
2018-01-04,06:17,not set,not set,not set,not set,0,not set,,,not set,not set,0,not set,BathroomLightCommanded,16.2,69.8,not set,not set,not set,not set,not set,not set,0,not set,5.05,4.47,164,4.45,42,16,40,14,high,normal,on,on,0.96,0.945,0.95,0.965
2018-01-04,06:17,not set,not set,not set,not set,0,not set,,,not set,not set,0,not set,BathroomLightCommanded,16.2,69.9,not set,not set,not set,not set,not set,not set,0,not set,5.05,4.47,164,4.45,42,16,40,15,high,normal,on,on,0.95,0.955,0.95,0.945
2018-01-04,06:17,not set,not set,not set,not set,0,not set,,,not set,not set,0,not set,BathroomLightCommanded,16.2,69.9,not set,not set,not set,not set,not set,not set,0,not set,5.05,4.47,164,4.45,42,16,39,15,high,normal,on,on,0.95,0.945,0.96,0.95
2018-01-04,06:18,not set,not set,not set,not set,0,not set,,,not set,not set,0,not set,BathroomLightCommanded,16.2,69.9,not set,not set,not set,not set,not set,not set,0,not set,5.05,4.47,164,4.45,42,17,39,15,high,normal,on,on,0.96,0.95,0.95,0.945
2018-01-04,06:18,not set,not set,not set,not set,0,not set,,,not set,not set,0,not set,BathroomLightCommanded,16.2,69.9,not set,not set,not set,not set,not set,not set,0,not set,5.05,4.47,164,4.45,42,17,39,15,high,normal,on,on,0.95,0.955,0.945,0.96
2018-01-04,06:19,not set,not set,not set,not set,0,not set,,,not set,not set,0,not set,BathroomLightCommanded,16.2,70.0,not set,not set,not set,not set,not set,not set,0,not set,5.05,4.47,164,4.45,42,17,39,15,high,normal,on,on,0.95,0.95,0.945,0.955
2018-01-04,06:19,not set,not set,not set,not set,0,not set,,,not set,not set,0,not set,BathroomLightCommanded,16.2,70.0,not set,not set,not set,not set,not set,not set,0,not set,5.05,4.47,164,4.45,42,17,39,15,high,normal,on,on,0.955,0.95,0.945,0.955
2018-01-04,06:19,not set,not set,not set,not set,0,not set,,,not set,not set,0,not set,BathroomLightCommanded,16.2,69.8,not set,not set,not set,not set,not set,not set,0,not set,5.05,4.47,164,4.45,42,17,39,15,high,normal,on,on,0.95,0.955,0.96,0.965
2018-01-04,06:20,not set,not set,not set,not set,0,not set,,,not set,not set,0,not set,BathroomLightCommanded,16.2,69.9,not set,not set,not set,not set,not set,not set,0,not set,5.05,4.47,164,4.45,42,16,39,15,high,normal,on,on,0.955,0.95,0.95,0.96
2018-01-04,06:20,not set,not set,not set,not set,0,not set,,,not set,not set,0,not set,BathroomLightCommanded,16.2,69.9,not set,not set,not set,not set,not set,not set,0,not set,5.05,4.47,164,4.45,42,17,39,15,high,normal,on,on,0.955,0.96,0.94,0.945
2018-01-04,06:20,not set,not set,not set,not set,0,not set,,,not set,not set,0,not set,BathroomLightCommanded,16.2,69.9,not set,not set,not set,not set,not set,not set,0,not set,5.05,4.47,164,4.45,42,16,39,15,high,normal,on,on,0.945,0.955,0.955,0.955
2018-01-04,06:21,not set,not set,not set,not set,0,not set,,,not set,not set,0,not set,BathroomLightCommanded,16.2,70.0,not set,not set,not set,not set,not set,not set,0,not set,5.05,4.47,164,4.45,41,16,39,15,high,normal,on,on,0.95,0.945,0.955,0.945
2018-01-04,06:21,not set,not set,not set,not set,0,not set,,,not set,not set,0,not set,BathroomLightCommanded,16.2,69.9,not set,not set,not set,not set,not set,not set,0,not set,5.05,4.47,164,4.45,42,17,39,15,high,normal,on,on,0.955,0.94,0.94,0.955
2018-01-04,06:22,not set,not set,not set,not set,0,not set,,,not set,not set,0,not set,BathroomLightCommanded,16.2,70.0,not set,not set,not set,not set,not set,not set,0,not set,5.05,4.47,164,4.45,42,17,39,15,high,normal,on,on,0.96,0.95,0.95,0.965
2018-01-04,06:22,not set,not set,not set,not set,1,not set,,,not set,not set,0,not set,BathroomLightCommanded,16.2,69.9,not set,not set,not set,not set,not set,not set,0,not set,5.05,4.47,164,4.45,42,17,39,15,high,normal,on,on,0.96,0.955,0.945,0.96
2018-01-04,06:22,not set,not set,not set,not set,0,not set,,,not set,not set,0,not set,BathroomLightCommanded,16.2,69.9,not set,not set,not set,not set,not set,not set,0,not set,5.05,4.47,164,4.45,41,17,39,15,high,normal,on,on,0.975,0.955,0.95,0.95
2018-01-04,06:23,not set,not set,not set,not set,0,not set,,,not set,not set,0,not set,BathroomLightCommanded,16.2,69.9,not set,not set,not set,not set,not set,not set,0,not set,5.05,4.47,164,4.45,42,16,39,15,high,normal,on,on,0.965,0.955,0.955,0.97
2018-01-04,06:23,not set,not set,not set,not set,0,not set,,,not set,not set,0,not set,BathroomLightCommanded,16.2,69.8,not set,not set,not set,not set,not set,not set,0,not set,5.05,4.47,164,4.45,42,17,39,15,high,normal,on,on,0.955,0.955,0.945,0.96
2018-01-04,06:24,not set,not set,not set,not set,0,not set,,,not set,not set,0,not set,BathroomLightCommanded,16.2,69.9,not set,not set,not set,not set,not set,not set,0,not set,5.05,4.47,164,4.45,42,16,39,15,high,normal,on,on,0.955,0.955,0.945,0.955
2018-01-04,06:24,not set,not set,not set,not set,0,not set,,,not set,not set,0,not set,BathroomLightCommanded,16.2,70.0,not set,not set,not set,not set,not set,not set,0,not set,5.05,4.47,164,4.45,42,16,40,15,high,normal,on,on,0.965,0.945,0.95,0.945
2018-01-04,06:24,not set,not set,not set,not set,0,not set,,,not set,not set,0,not set,BathroomLightCommanded,16.2,70.0,not set,not set,not set,not set,not set,not set,0,not set,5.05,4.47,164,4.45,42,16,39,15,high,normal,on,on,0.96,0.945,0.945,0.955
2018-01-04,06:25,not set,not set,not set,not set,0,not set,,,not set,not set,0,not set,BathroomLightCommanded,16.2,69.9,not set,not set,not set,not set,not set,not set,0,not set,5.05,4.47,164,4.45,42,16,39,15,high,normal,on,on,0.955,0.955,0.965,0.955
2018-01-04,06:25,not set,not set,not set,not set,0,not set,,,not set,not set,0,not set,BathroomLightCommanded,16.2,70.0,not set,not set,not set,not set,not set,not set,0,not set,5.05,4.47,164,4.45,42,17,39,15,high,normal,on,on,0.96,0.955,0.955,0.95
2018-01-04,06:25,not set,not set,not set,not set,0,not set,,,not set,not set,0,not set,BathroomLightCommanded,16.2,69.9,not set,not set,not set,not set,not set,not set,0,not set,5.05,4.47,164,4.45,42,16,39,15,high,normal,on,on,0.955,0.95,0.945,0.955
2018-01-04,06:26,not set,not set,not set,not set,0,not set,,,not set,not set,0,not set,BathroomLightCommanded,16.2,70.0,not set,not set,not set,not set,not set,not set,0,not set,5.05,4.47,164,4.45,42,17,39,15,high,normal,on,on,0.95,0.945,0.945,0.965
2018-01-04,06:26,not set,not set,not set,not set,0,not set,,,not set,not set,0,not set,BathroomLightCommanded,16.2,70.0,not set,not set,not set,not set,not set,not set,0,not set,5.05,4.47,164,4.45,42,17,39,15,high,normal,on,on,0.94,0.945,0.95,0.965
2018-01-04,06:27,not set,not set,not set,not set,0,not set,,,not set,not set,0,not set,BathroomLightCommanded,16.2,70.0,not set,not set,not set,not set,not set,not set,0,not set,5.05,4.47,164,4.45,43,17,39,15,high,normal,on,on,0.94,0.945,0.94,0.945
2018-01-04,06:27,not set,not set,not set,not set,0,not set,,,not set,not set,0,not set,BathroomLightCommanded,16.2,70.0,not set,not set,not set,not set,not set,not set,0,not set,5.05,4.47,164,4.45,43,16,39,15,high,normal,on,on,0.935,0.955,0.94,0.955
2018-01-04,06:27,not set,not set,not set,not set,0,not set,,,not set,not set,0,not set,BathroomLightCommanded,16.2,69.9,not set,not set,not set,not set,not set,not set,0,not set,5.05,4.47,164,4.45,42,16,39,15,high,normal,on,on,0.95,0.945,0.935,0.945
2018-01-04,06:28,not set,not set,not set,not set,0,not set,,,not set,not set,0,not set,BathroomLightCommanded,16.2,69.9,not set,not set,not set,not set,not set,not set,0,not set,5.05,4.47,164,4.45,42,16,39,15,high,normal,on,on,0.96,0.95,0.95,0.95
2018-01-04,06:28,not set,not set,not set,not set,0,not set,,,not set,not set,0,not set,BathroomLightCommanded,16.2,70.0,not set,not set,not set,not set,not set,not set,0,not set,5.05,4.47,164,4.45,42,17,39,15,high,normal,on,on,0.945,0.95,0.955,0.925
2018-01-04,06:29,not set,not set,not set,not set,0,not set,,,not set,not set,0,not set,BathroomLightCommanded,16.2,70.0,not set,not set,not set,not set,not set,not set,0,not set,5.05,4.47,164,4.45,42,16,39,15,high,normal,on,on,0.95,0.945,0.94,0.95
2018-01-04,06:29,not set,not set,not set,not set,0,not set,,,not set,not set,0,not set,BathroomLightCommanded,16.2,69.9,not set,not set,not set,not set,not set,not set,0,not set,5.05,4.47,164,4.45,42,16,39,15,high,normal,on,on,0.955,0.95,0.955,0.95
2018-01-04,06:29,not set,not set,not set,not set,0,not set,,,not set,not set,0,not set,BathroomLightCommanded,16.2,70.0,not set,not set,not set,not set,not set,not set,0,not set,5.05,4.47,164,4.45,42,16,39,15,high,normal,on,on,0.955,0.945,0.95,0.97
2018-01-04,06:30,not set,not set,not set,not set,0,not set,,,not set,not set,0,not set,BathroomLightCommanded,16.2,70.0,not set,not set,not set,not set,not set,not set,0,not set,5.05,4.47,164,4.45,42,16,39,14,high,normal,on,on,0.945,0.94,0.945,0.95
2018-01-04,06:30,not set,not set,not set,not set,0,not set,,,not set,not set,0,not set,BathroomLightCommanded,16.2,70.0,not set,not set,not set,not set,not set,not set,0,not set,5.05,4.47,164,4.45,42,16,39,15,high,normal,on,on,0.97,0.945,0.955,0.96
2018-01-04,06:30,not set,not set,not set,not set,0,not set,,,not set,not set,0,not set,BathroomLightCommanded,16.2,70.0,not set,not set,not set,not set,not set,not set,0,not set,5.05,4.47,164,4.45,42,17,39,15,high,normal,on,on,0.96,0.955,0.94,0.955
2018-01-04,06:31,not set,not set,not set,not set,0,not set,,,not set,not set,0,not set,BathroomLightCommanded,16.2,70.0,not set,not set,not set,not set,not set,not set,0,not set,5.05,4.47,164,4.45,42,16,39,14,high,normal,on,on,0.94,0.96,0.95,0.95
2018-01-04,06:31,not set,not set,not set,not set,0,not set,,,not set,not set,0,not set,BathroomLightCommanded,16.2,70.0,not set,not set,not set,not set,not set,not set,0,not set,5.05,4.47,164,4.45,41,16,39,15,high,normal,on,on,0.955,0.945,0.95,0.96
2018-01-04,06:32,not set,not set,not set,not set,0,not set,,,not set,not set,0,not set,BathroomLightCommanded,16.2,69.9,not set,not set,not set,not set,not set,not set,0,not set,5.05,4.47,164,4.45,42,17,39,14,high,normal,on,on,0.945,0.965,0.945,0.955
2018-01-04,06:32,not set,not set,not set,not set,0,not set,,,not set,not set,0,not set,BathroomLightCommanded,16.2,70.0,not set,not set,not set,not set,not set,not set,0,not set,5.05,4.47,164,4.45,42,16,39,15,high,normal,on,on,0.95,0.95,0.94,0.95
2018-01-04,06:32,not set,not set,not set,not set,0,not set,,,not set,not set,0,not set,BathroomLightCommanded,16.2,70.0,not set,not set,not set,not set,not set,not set,0,not set,5.05,4.47,164,4.45,42,16,39,15,high,normal,on,on,0.955,0.955,0.93,0.95
2018-01-04,06:33,not set,not set,not set,not set,0,not set,,,not set,not set,0,not set,BathroomLightCommanded,16.2,70.0,not set,not set,not set,not set,not set,not set,0,not set,5.05,4.47,164,4.45,42,16,39,15,high,normal,on,on,0.93,0.95,0.93,0.95
2018-01-04,06:33,not set,not set,not set,not set,0,not set,,,not set,not set,0,not set,BathroomLightCommanded,16.2,70.0,not set,not set,not set,not set,not set,not set,0,not set,5.05,4.47,164,4.45,42,16,39,14,high,normal,on,on,0.945,0.935,0.95,0.94
2018-01-04,06:34,not set,not set,not set,not set,0,not set,,,not set,not set,0,not set,BathroomLightCommanded,16.2,70.0,not set,not set,not set,not set,not set,not set,0,not set,5.05,4.47,164,4.45,42,16,40,15,high,normal,on,on,0.95,0.95,0.94,0.96
2018-01-04,06:34,not set,not set,not set,not set,0,not set,,,not set,not set,0,not set,BathroomLightCommanded,16.2,70.0,not set,not set,not set,not set,not set,not set,0,not set,5.05,4.47,164,4.45,42,16,39,15,high,normal,on,on,0.945,0.95,0.945,0.945
2018-01-04,06:34,not set,not set,not set,not set,0,not set,,,not set,not set,0,not set,BathroomLightCommanded,16.2,70.0,not set,not set,not set,not set,not set,not set,0,not set,5.05,4.47,164,4.45,42,16,39,15,high,normal,on,on,0.955,0.94,0.935,0.945
2018-01-04,06:35,not set,not set,not set,not set,0,not set,,,not set,not set,0,not set,BathroomLightCommanded,16.2,70.0,not set,not set,not set,not set,not set,not set,0,not set,5.05,4.47,164,4.45,43,17,39,15,high,normal,on,on,0.945,0.945,0.94,0.94
2018-01-04,06:35,not set,not set,not set,not set,0,not set,,,not set,not set,0,not set,BathroomLightCommanded,16.2,70.0,not set,not set,not set,not set,not set,not set,0,not set,5.05,4.47,164,4.45,42,16,39,15,high,normal,on,on,0.935,0.945,0.945,0.95
2018-01-04,06:35,not set,not set,not set,not set,0,not set,,,not set,not set,0,not set,BathroomLightCommanded,16.2,70.0,not set,not set,not set,not set,not set,not set,0,not set,5.05,4.47,164,4.45,43,16,39,15,high,normal,on,on,0.95,0.945,0.935,0.95
2018-01-04,06:36,not set,not set,not set,not set,0,not set,,,not set,not set,0,not set,BathroomLightCommanded,16.2,70.1,not set,not set,not set,not set,not set,not set,0,not set,5.05,4.47,164,4.45,42,17,39,15,high,normal,on,on,0.945,0.945,0.94,0.95
2018-01-04,06:36,not set,not set,not set,not set,0,not set,,,not set,not set,0,not set,BathroomLightCommanded,16.2,70.1,not set,not set,not set,not set,not set,not set,0,not set,5.05,4.47,164,4.45,42,16,39,15,high,normal,on,on,0.955,0.96,0.94,0.955
2018-01-04,06:37,not set,not set,not set,not set,0,not set,,,not set,not set,0,not set,BathroomLightCommanded,16.2,70.1,not set,not set,not set,not set,not set,not set,0,not set,5.05,4.47,164,4.45,42,16,40,15,high,normal,on,on,0.93,0.94,0.95,0.95
2018-01-04,06:37,not set,not set,not set,not set,0,not set,,,not set,not set,0,not set,BathroomLightCommanded,16.2,70.1,not set,not set,not set,not set,not set,not set,0,not set,5.05,4.47,164,4.45,42,17,39,15,high,normal,on,on,0.95,0.955,0.965,0.95
2018-01-04,06:37,not set,not set,not set,not set,0,not set,,,not set,not set,0,not set,BathroomLightCommanded,16.2,70.1,not set,not set,not set,not set,not set,not set,0,not set,5.05,4.47,164,4.45,42,16,39,15,high,normal,on,on,0.945,0.945,0.945,0.95
2018-01-04,06:38,not set,not set,not set,not set,0,not set,,,not set,not set,0,not set,BathroomLightCommanded,16.2,70.1,not set,not set,not set,not set,not set,not set,0,not set,5.05,4.47,164,4.45,42,16,39,15,high,normal,on,on,0.95,0.94,0.945,0.945
2018-01-04,06:38,not set,not set,not set,not set,0,not set,,,not set,not set,0,not set,BathroomLightCommanded,16.2,70.1,not set,not set,not set,not set,not set,not set,0,not set,5.05,4.47,164,4.45,42,16,39,15,high,normal,on,on,0.955,0.945,0.96,0.935
2018-01-04,06:39,not set,not set,not set,not set,0,not set,,,not set,not set,0,not set,BathroomLightCommanded,16.2,70.1,not set,not set,not set,not set,not set,not set,0,not set,5.05,4.47,164,4.45,42,16,39,15,high,normal,on,on,0.955,0.95,0.95,0.955
2018-01-04,06:39,not set,not set,not set,not set,0,not set,,,not set,not set,0,not set,BathroomLightCommanded,16.2,70.1,not set,not set,not set,not set,not set,not set,0,not set,5.05,4.47,164,4.45,42,17,39,15,high,normal,on,on,0.95,0.945,0.94,0.96
2018-01-04,06:39,not set,not set,not set,not set,0,not set,,,not set,not set,0,not set,BathroomLightCommanded,16.2,70.1,not set,not set,not set,not set,not set,not set,0,not set,5.05,4.47,164,4.45,42,16,39,15,high,normal,on,on,0.95,0.955,0.96,0.955
2018-01-04,06:40,not set,not set,not set,not set,0,not set,,,not set,not set,0,not set,BathroomLightCommanded,16.2,70.1,not set,not set,not set,not set,not set,not set,0,not set,5.05,4.47,164,4.45,42,16,39,15,high,normal,on,on,0.945,0.955,0.95,0.955
2018-01-04,06:40,not set,not set,not set,not set,0,not set,,,not set,not set,0,not set,BathroomLightCommanded,16.1,70.0,not set,not set,not set,not set,not set,not set,0,not set,5.05,4.47,164,4.45,42,16,39,15,high,normal,on,on,0.945,0.945,0.95,0.955
2018-01-04,06:41,not set,not set,not set,not set,0,not set,,,not set,not set,0,not set,BathroomLightCommanded,16.2,70.0,not set,not set,not set,not set,not set,not set,0,not set,5.05,4.47,164,4.45,42,16,39,15,high,normal,on,on,0.945,0.945,0.95,0.95
2018-01-04,06:41,not set,not set,not set,not set,0,not set,,,not set,not set,0,not set,BathroomLightCommanded,16.2,70.1,not set,not set,not set,not set,not set,not set,0,not set,5.05,4.47,164,4.45,43,17,39,15,high,normal,on,on,0.955,0.95,0.95,0.955
2018-01-04,06:41,not set,not set,not set,not set,0,not set,,,not set,not set,0,not set,BathroomLightCommanded,16.2,70.0,not set,not set,not set,not set,not set,not set,0,not set,5.05,4.47,164,4.45,42,16,39,15,high,normal,on,on,0.955,0.95,0.94,0.95
2018-01-04,06:42,not set,not set,not set,not set,0,not set,,,not set,not set,0,not set,BathroomLightCommanded,16.2,70.1,not set,not set,not set,not set,not set,not set,0,not set,5.05,4.47,164,4.45,42,16,39,15,high,normal,on,on,0.975,0.975,0.97,0.975
2018-01-04,06:42,not set,not set,not set,not set,295,not set,,,not set,not set,362,not set,BathroomLightCommanded,16.1,70.1,not set,not set,not set,not set,not set,not set,0,not set,5.05,4.47,164,4.45,42,16,39,15,high,normal,on,on,1.02,1.02,1.005,1.015
2018-01-04,06:42,not set,not set,not set,not set,301,not set,,,not set,not set,369,not set,BathroomLightCommanded,16.1,70.1,not set,not set,not set,not set,not set,not set,0,not set,5.05,4.47,164,4.45,42,17,39,15,high,normal,on,on,1.01,1.015,1.015,1.02
2018-01-04,06:43,not set,not set,not set,not set,299,not set,,,not set,not set,367,not set,BathroomLightCommanded,16.2,70.7,not set,not set,not set,not set,not set,not set,0,not set,5.05,4.47,164,4.45,42,17,39,15,high,normal,on,on,1.005,1.02,1.015,1.025
2018-01-04,06:43,not set,not set,not set,not set,306,not set,,,not set,not set,369,not set,BathroomLightCommanded,16.3,71.4,not set,not set,not set,not set,not set,not set,0,not set,5.05,4.47,164,4.45,42,17,39,14,high,normal,on,on,1.025,1.03,1.015,1.01
2018-01-04,06:44,not set,not set,not set,not set,305,not set,,,not set,not set,367,not set,BathroomLightCommanded,16.3,70.9,not set,not set,not set,not set,not set,not set,0,not set,5.05,4.47,164,4.45,41,17,39,15,high,normal,on,on,1.0,1.01,1.01,1.025
2018-01-04,06:44,not set,not set,not set,not set,285,not set,,,not set,not set,365,not set,BathroomLightCommanded,16.4,70.3,not set,not set,not set,not set,not set,not set,0,not set,5.05,4.47,164,4.45,43,16,39,15,high,normal,on,on,1.01,1.025,1.015,1.025
2018-01-04,06:44,not set,not set,not set,not set,299,not set,,,not set,not set,362,not set,BathroomLightCommanded,16.4,70.0,not set,not set,not set,not set,not set,not set,0,not set,5.05,4.47,164,4.45,42,16,39,14,high,normal,on,on,1.03,1.015,1.005,1.015
2018-01-04,06:45,not set,not set,not set,not set,296,not set,,,not set,not set,363,not set,BathroomLightCommanded,16.4,69.8,not set,not set,not set,not set,not set,not set,0,not set,5.05,4.47,164,4.45,46,16,39,15,high,normal,on,on,15.27,15.11,15.145,15.06
2018-01-04,06:45,not set,not set,not set,not set,294,not set,,,not set,not set,361,not set,BathroomLightCommanded,16.5,69.8,not set,not set,not set,not set,not set,not set,0,not set,5.05,4.47,164,4.45,48,14,38,14,high,normal,on,on,15.015,15.045,14.87,15.055
2018-01-04,06:45,not set,not set,not set,not set,295,not set,,,not set,not set,359,not set,BathroomLightCommanded,16.8,83.0,not set,not set,not set,not set,not set,not set,0,not set,5.05,4.47,164,4.45,49,11,38,14,high,normal,on,on,15.05,14.94,14.98,15.12
2018-01-04,06:46,not set,not set,not set,not set,295,not set,,,not set,not set,357,not set,BathroomLightCommanded,17.4,99.9,not set,not set,not set,not set,not set,not set,0,not set,5.05,4.47,164,4.45,50,11,38,15,high,normal,on,on,15.175,15.015,15.085,14.985
2018-01-04,06:46,not set,not set,not set,not set,286,not set,,,not set,not set,355,not set,BathroomLightCommanded,17.8,99.9,not set,not set,not set,not set,not set,not set,0,not set,5.05,4.47,164,4.45,50,11,39,15,high,normal,on,on,15.0,15.095,14.96,15.065
2018-01-04,06:47,not set,not set,not set,not set,289,not set,,,not set,not set,354,not set,BathroomLightCommanded,18.0,99.9,not set,not set,not set,not set,not set,not set,0,not set,5.05,4.47,164,4.45,50,11,38,15,high,normal,on,on,14.98,14.845,14.92,14.89
2018-01-04,06:47,not set,not set,not set,not set,292,not set,,,not set,not set,353,not set,BathroomLightCommanded,18.1,99.9,not set,not set,not set,not set,not set,not set,0,not set,5.05,4.47,164,4.45,49,11,37,15,high,normal,on,on,14.86,14.98,14.765,14.8
2018-01-04,06:47,not set,not set,not set,not set,292,not set,,,not set,not set,353,not set,BathroomLightCommanded,18.0,99.9,not set,not set,not set,not set,not set,not set,0,not set,5.05,4.47,164,4.45,49,11,37,15,high,normal,on,on,14.82,14.97,14.86,14.855
2018-01-04,06:48,not set,not set,not set,not set,292,not set,,,not set,not set,352,not set,BathroomLightCommanded,17.9,99.9,not set,not set,not set,not set,not set,not set,0,not set,5.05,4.47,164,4.45,49,11,36,14,high,normal,on,on,14.89,14.855,14.83,14.77
2018-01-04,06:48,not set,not set,not set,not set,292,not set,,,not set,not set,351,not set,BathroomLightCommanded,17.7,99.9,not set,not set,not set,not set,not set,not set,0,not set,5.05,4.47,164,4.45,49,11,36,14,high,normal,on,on,14.885,14.885,14.915,14.88
2018-01-04,06:48,not set,not set,not set,not set,8,not set,,,not set,not set,353,not set,BathroomLightCommanded,17.7,98.1,not set,not set,not set,not set,not set,not set,0,not set,5.05,4.47,164,4.45,49,11,36,14,high,normal,on,on,14.88,15.04,14.775,14.895
2018-01-04,06:49,not set,not set,not set,not set,1,not set,,,not set,not set,0,not set,BathroomLightCommanded,17.6,95.4,not set,not set,not set,not set,not set,not set,0,not set,5.05,4.47,164,4.45,49,11,36,15,high,normal,on,on,14.61,14.89,14.725,14.985
2018-01-04,06:49,not set,not set,not set,not set,0,not set,,,not set,not set,0,not set,BathroomLightCommanded,17.6,93.3,not set,not set,not set,not set,not set,not set,0,not set,5.05,4.47,164,4.45,48,12,35,15,high,normal,on,on,14.88,15.045,14.885,14.83
2018-01-04,06:50,not set,not set,not set,not set,1,not set,,,not set,not set,0,not set,BathroomLightCommanded,17.5,90.7,not set,not set,not set,not set,not set,not set,0,not set,5.05,4.47,164,4.45,48,11,35,14,high,normal,on,on,14.885,14.705,14.765,14.89
2018-01-04,06:50,not set,not set,not set,not set,0,not set,,,not set,not set,0,not set,BathroomLightCommanded,17.4,89.1,not set,not set,not set,not set,not set,not set,0,not set,5.05,4.47,164,4.45,48,11,35,14,high,normal,on,on,14.815,15.0,14.89,14.8
2018-01-04,06:50,not set,not set,not set,not set,0,not set,,,not set,not set,0,not set,BathroomLightCommanded,17.4,88.3,not set,not set,not set,not set,not set,not set,0,not set,5.05,4.47,164,4.45,48,11,35,14,high,normal,on,on,14.78,14.855,14.835,14.72
2018-01-04,06:51,not set,not set,not set,not set,0,not set,,,not set,not set,0,not set,BathroomLightCommanded,17.3,86.8,not set,not set,not set,not set,not set,not set,0,not set,5.05,4.47,164,4.45,48,11,35,15,high,normal,on,on,14.735,14.865,14.9,14.795
2018-01-04,06:51,not set,not set,not set,not set,0,not set,,,not set,not set,0,not set,BathroomLightCommanded,17.3,86.2,not set,not set,not set,not set,not set,not set,0,not set,5.05,4.47,164,4.45,47,12,35,14,high,normal,on,on,16.855,16.75,16.68,16.65
2018-01-04,06:51,not set,not set,not set,not set,0,not set,,,not set,not set,0,not set,BathroomLightCommanded,17.2,85.8,not set,not set,not set,not set,not set,not set,0,not set,5.05,4.47,164,4.45,47,11,35,14,high,normal,on,on,15.885,15.63,15.26,16.175
2018-01-04,06:52,not set,not set,not set,not set,0,not set,,,not set,not set,0,not set,BathroomLightCommanded,17.2,84.3,not set,not set,not set,not set,not set,not set,0,not set,5.05,4.47,164,4.45,47,12,36,15,high,normal,on,on,14.79,16.145,15.32,14.65
2018-01-04,06:52,not set,not set,not set,not set,0,not set,,,not set,not set,0,not set,BathroomLightCommanded,17.1,84.6,not set,not set,not set,not set,not set,not set,0,not set,5.05,4.47,164,4.45,47,12,36,15,high,normal,on,on,14.745,15.07,15.93,16.035
2018-01-04,06:53,not set,not set,not set,not set,0,not set,,,not set,not set,0,not set,BathroomLightCommanded,17.1,84.3,not set,not set,not set,not set,not set,not set,0,not set,5.05,4.47,164,4.45,47,12,36,14,high,normal,on,on,15.205,15.035,14.745,15.69
2018-01-04,06:53,not set,not set,not set,not set,0,not set,,,not set,not set,0,not set,BathroomLightCommanded,17.0,83.7,not set,not set,not set,not set,not set,not set,0,not set,5.05,4.47,164,4.45,47,12,37,15,high,normal,on,on,14.795,15.93,14.79,14.965
2018-01-04,06:53,not set,not set,not set,not set,0,not set,,,not set,not set,0,not set,BathroomLightCommanded,17.0,83.5,not set,not set,not set,not set,not set,not set,0,not set,5.05,4.47,164,4.45,48,12,38,15,high,normal,on,on,14.84,15.795,14.89,14.85
2018-01-04,06:54,not set,not set,not set,not set,0,not set,,,not set,not set,0,not set,BathroomLightCommanded,17.0,83.6,not set,not set,not set,not set,not set,not set,0,not set,5.05,4.47,164,4.45,47,12,38,15,high,normal,on,on,14.845,14.985,14.74,16.185
2018-01-04,06:54,not set,not set,not set,not set,0,not set,,,not set,not set,0,not set,BathroomLightCommanded,16.9,83.2,not set,not set,not set,not set,not set,not set,0,not set,5.05,4.47,164,4.45,46,12,38,14,high,normal,on,on,15.93,15.5,14.845,14.805
2018-01-04,06:54,not set,not set,not set,not set,1,not set,,,not set,not set,0,not set,BathroomLightCommanded,16.9,83.7,not set,not set,not set,not set,not set,not set,0,not set,5.05,4.47,164,4.45,46,13,38,15,high,normal,on,on,15.795,14.89,14.875,15.07
2018-01-04,06:55,not set,not set,not set,not set,0,not set,,,not set,not set,0,not set,BathroomLightCommanded,16.9,83.6,not set,not set,not set,not set,not set,not set,0,not set,5.05,4.47,164,4.45,46,12,39,15,high,normal,on,on,14.94,16.195,14.95,15.625
2018-01-04,06:55,not set,not set,not set,not set,0,not set,,,not set,not set,0,not set,BathroomLightCommanded,16.8,83.4,not set,not set,not set,not set,not set,not set,0,not set,5.05,4.47,164,4.45,46,12,39,15,high,normal,on,on,14.885,16.44,15.3,14.985
2018-01-04,06:56,not set,not set,not set,not set,0,not set,,,not set,not set,0,not set,BathroomLightCommanded,16.8,83.1,not set,not set,not set,not set,not set,not set,0,not set,5.05,4.47,164,4.45,46,12,39,15,high,normal,on,on,16.28,15.61,14.84,15.675
2018-01-04,06:56,not set,not set,not set,not set,0,not set,,,not set,not set,0,not set,BathroomLightCommanded,16.8,82.8,not set,not set,not set,not set,not set,not set,0,not set,5.05,4.47,164,4.45,46,12,40,15,high,normal,on,on,2.245,0.985,1.65,0.99
2018-01-04,06:56,not set,not set,not set,not set,1,not set,,,not set,not set,0,not set,BathroomLightCommanded,16.8,82.7,not set,not set,not set,not set,not set,not set,0,not set,5.05,4.47,164,4.45,46,12,40,14,high,normal,on,on,0.98,0.985,2.12,0.98
2018-01-04,06:57,not set,not set,not set,not set,0,not set,,,not set,not set,0,not set,BathroomLightCommanded,16.8,83.1,not set,not set,not set,not set,not set,not set,0,not set,5.05,4.47,164,4.45,46,13,41,15,high,normal,on,on,0.985,0.97,1.32,2.255
2018-01-04,06:57,not set,not set,not set,not set,0,not set,,,not set,not set,0,not set,BathroomLightCommanded,16.8,83.3,not set,not set,not set,not set,not set,not set,0,not set,5.05,4.47,164,4.45,45,13,41,14,high,normal,on,on,1.815,1.0,0.98,0.985
2018-01-04,06:57,not set,not set,not set,not set,0,not set,,,not set,not set,0,not set,BathroomLightCommanded,16.7,83.1,not set,not set,not set,not set,not set,not set,0,not set,5.05,4.47,164,4.45,46,13,41,15,high,normal,on,on,2.115,2.135,1.505,1.0
2018-01-04,06:58,not set,not set,not set,not set,0,not set,,,not set,not set,0,not set,BathroomLightCommanded,16.7,83.0,not set,not set,not set,not set,not set,not set,0,not set,5.05,4.47,164,4.45,46,13,41,15,high,normal,on,on,0.99,0.985,0.98,0.975
2018-01-04,06:58,not set,not set,not set,not set,264,not set,,,not set,not set,321,not set,BathroomLightCommanded,16.7,83.4,not set,not set,not set,not set,not set,not set,0,not set,5.05,4.47,164,4.45,46,13,42,15,high,normal,on,on,1.22,1.055,1.015,1.02
2018-01-04,06:59,not set,not set,not set,not set,288,not set,,,not set,not set,357,not set,BathroomLightCommanded,16.7,83.2,not set,not set,not set,not set,not set,not set,0,not set,5.05,4.47,164,4.45,47,13,42,14,high,normal,on,on,1.02,1.035,1.015,1.02
2018-01-04,06:59,not set,not set,not set,not set,289,not set,,,not set,not set,354,not set,BathroomLightCommanded,16.7,82.8,not set,not set,not set,not set,not set,not set,0,not set,5.05,4.47,164,4.45,49,13,42,14,high,normal,on,on,1.965,1.98,1.905,1.96
2018-01-04,06:59,not set,not set,not set,not set,287,not set,,,not set,not set,353,not set,BathroomLightCommanded,16.7,80.8,not set,not set,not set,not set,not set,not set,0,not set,5.05,4.47,164,4.45,50,12,42,14,high,normal,on,on,15.25,15.175,15.155,15.365
2018-01-04,07:00,not set,not set,not set,not set,278,not set,,,not set,not set,352,not set,BathroomLightCommanded,16.8,82.0,not set,not set,not set,not set,not set,not set,0,not set,5.05,4.47,164,4.45,50,11,42,15,high,normal,on,on,16.605,16.44,16.015,16.365
2018-01-04,07:00,not set,not set,not set,not set,292,not set,,,not set,not set,357,not set,BathroomLightCommanded,16.8,81.8,not set,not set,not set,not set,not set,not set,0,not set,5.05,4.47,164,4.45,51,11,41,14,high,normal,on,on,15.8,15.885,15.775,15.905
2018-01-04,07:00,not set,not set,not set,not set,293,not set,,,not set,not set,355,not set,BathroomLightCommanded,16.8,81.3,not set,not set,not set,not set,not set,not set,0,not set,5.05,4.47,164,4.45,50,11,41,15,high,normal,on,on,15.9,15.915,15.83,15.965
2018-01-04,07:01,not set,not set,not set,not set,293,not set,,,not set,not set,354,not set,BathroomLightCommanded,16.8,80.5,not set,not set,not set,not set,not set,not set,0,not set,5.05,4.47,164,4.45,50,11,41,15,high,normal,on,on,17.085,16.795,16.105,15.93
2018-01-04,07:01,not set,not set,not set,not set,294,not set,,,not set,not set,353,not set,BathroomLightCommanded,16.9,80.3,not set,not set,not set,not set,not set,not set,0,not set,5.05,4.47,164,4.45,50,11,41,15,high,normal,on,on,15.79,15.89,15.865,15.905
2018-01-04,07:02,not set,not set,not set,not set,293,not set,,,not set,not set,353,not set,BathroomLightCommanded,16.8,79.8,not set,not set,not set,not set,not set,not set,0,not set,5.05,4.47,164,4.45,50,11,40,14,high,normal,on,on,17.295,16.77,16.225,15.905
2018-01-04,07:02,not set,not set,not set,not set,46,not set,,,not set,not set,361,not set,BathroomLightCommanded,16.8,79.8,not set,not set,not set,not set,not set,not set,0,not set,5.05,4.47,164,4.45,50,11,40,14,high,normal,on,on,15.73,15.96,15.72,15.955
2018-01-04,07:02,not set,not set,not set,not set,0,not set,,,not set,not set,361,not set,BathroomLightCommanded,16.8,80.0,not set,not set,not set,not set,not set,not set,0,not set,5.05,4.47,164,4.45,49,11,41,15,high,normal,on,on,15.95,15.795,15.835,15.94
2018-01-04,07:03,not set,not set,not set,not set,0,not set,,,not set,not set,360,not set,BathroomLightCommanded,16.8,79.8,not set,not set,not set,not set,not set,not set,0,not set,5.05,4.47,164,4.45,49,12,41,15,high,normal,on,on,17.105,16.515,15.695,15.88
2018-01-04,07:03,not set,not set,not set,not set,0,not set,,,not set,not set,358,not set,BathroomLightCommanded,16.8,79.7,not set,not set,not set,not set,not set,not set,0,not set,5.05,4.47,164,4.45,49,12,41,14,high,normal,on,on,15.83,16.295,17.27,17.07
2018-01-04,07:03,not set,not set,not set,not set,0,not set,,,not set,not set,357,not set,BathroomLightCommanded,16.8,80.1,not set,not set,not set,not set,not set,not set,0,not set,5.05,4.47,164,4.45,49,11,41,14,high,normal,on,on,15.955,15.98,16.395,17.09
2018-01-04,07:04,not set,not set,not set,not set,0,not set,,,not set,not set,357,not set,BathroomLightCommanded,16.7,80.1,not set,not set,not set,not set,not set,not set,0,not set,5.05,4.47,164,4.45,49,12,41,15,high,normal,on,on,15.125,15.2,14.99,15.97
2018-01-04,07:04,not set,not set,not set,not set,0,not set,,,not set,not set,0,not set,BathroomLightCommanded,16.7,80.4,not set,not set,not set,not set,not set,not set,0,not set,5.05,4.47,164,4.45,48,12,42,14,high,normal,on,on,15.12,15.025,15.19,16.1
2018-01-04,07:05,not set,not set,not set,not set,1,not set,,,not set,not set,0,not set,BathroomLightCommanded,16.7,80.6,not set,not set,not set,not set,not set,not set,0,not set,5.05,4.47,164,4.45,48,12,42,14,high,normal,on,on,14.865,15.115,14.995,15.96
2018-01-04,07:05,not set,not set,not set,not set,0,not set,,,not set,not set,0,not set,BathroomLightCommanded,16.7,80.9,not set,not set,not set,not set,not set,not set,0,not set,5.05,4.47,164,4.45,49,12,42,14,high,normal,on,on,14.92,14.98,14.92,15.52
2018-01-04,07:05,not set,not set,not set,not set,0,not set,,,not set,not set,0,not set,BathroomLightCommanded,16.7,81.2,not set,not set,not set,not set,not set,not set,0,not set,5.05,4.47,164,4.45,48,12,42,15,high,normal,on,on,15.065,14.74,15.0,15.115
2018-01-04,07:06,not set,not set,not set,not set,0,not set,,,not set,not set,0,not set,BathroomLightCommanded,16.7,81.1,not set,not set,not set,not set,not set,not set,0,not set,5.05,4.47,164,4.45,48,12,42,14,high,normal,on,on,15.015,15.095,14.93,14.845
2018-01-04,07:06,not set,not set,not set,not set,0,not set,,,not set,not set,0,not set,BathroomLightCommanded,16.7,81.4,not set,not set,not set,not set,not set,not set,0,not set,5.05,4.47,164,4.45,48,12,42,14,high,normal,on,on,15.095,14.965,15.085,15.87
2018-01-04,07:06,not set,not set,not set,not set,0,not set,,,not set,not set,0,not set,BathroomLightCommanded,16.7,81.4,not set,not set,not set,not set,not set,not set,0,not set,5.05,4.47,164,4.45,49,12,43,15,high,normal,on,on,15.555,15.485,15.86,16.64
2018-01-04,07:07,not set,not set,not set,not set,0,not set,,,not set,not set,0,not set,BathroomLightCommanded,16.6,81.4,not set,not set,not set,not set,not set,not set,0,not set,5.05,4.47,164,4.45,48,12,43,15,high,normal,on,on,15.495,15.52,15.585,16.23
2018-01-04,07:07,not set,not set,not set,not set,2,not set,,,not set,not set,0,not set,BathroomLightCommanded,16.6,81.6,not set,not set,not set,not set,not set,not set,0,not set,5.05,4.47,164,4.45,48,12,43,15,high,normal,on,on,15.465,15.565,15.35,15.95
2018-01-04,07:08,not set,not set,not set,not set,1,not set,,,not set,not set,0,not set,BathroomLightCommanded,16.6,81.5,not set,not set,not set,not set,not set,not set,0,not set,5.05,4.47,164,4.45,48,13,43,15,high,normal,on,on,15.41,15.57,15.4,16.22
2018-01-04,07:08,not set,not set,not set,not set,1,not set,,,not set,not set,0,not set,BathroomLightCommanded,16.6,81.7,not set,not set,not set,not set,not set,not set,0,not set,5.05,4.47,164,4.45,48,12,44,15,high,normal,on,on,15.37,15.5,15.37,16.245
2018-01-04,07:08,not set,not set,not set,not set,0,not set,,,not set,not set,0,not set,BathroomLightCommanded,16.6,81.7,not set,not set,not set,not set,not set,not set,0,not set,5.05,4.47,164,4.45,48,12,44,15,high,normal,on,on,15.485,15.605,15.39,16.125
2018-01-04,07:09,not set,not set,not set,not set,1,not set,,,not set,not set,0,not set,BathroomLightCommanded,16.6,81.9,not set,not set,not set,not set,not set,not set,0,not set,5.05,4.47,164,4.45,48,12,44,15,high,normal,on,on,15.345,15.465,15.51,16.235
2018-01-04,07:09,not set,not set,not set,not set,0,not set,,,not set,not set,0,not set,BathroomLightCommanded,16.6,81.9,not set,not set,not set,not set,not set,not set,0,not set,5.05,4.47,164,4.45,47,13,44,15,high,normal,on,on,15.635,15.875,16.68,16.47
2018-01-04,07:09,not set,not set,not set,not set,0,not set,,,not set,not set,0,not set,BathroomLightCommanded,16.6,82.1,not set,not set,not set,not set,not set,not set,0,not set,5.05,4.47,164,4.45,47,13,45,14,high,normal,on,on,15.7,16.51,16.545,15.96
2018-01-04,07:10,not set,not set,not set,not set,0,not set,,,not set,not set,0,not set,BathroomLightCommanded,16.6,82.4,not set,not set,not set,not set,not set,not set,0,not set,5.05,4.47,164,4.45,48,13,45,14,high,normal,on,on,16.565,16.585,15.905,15.48
2018-01-04,07:10,not set,not set,not set,not set,0,not set,,,not set,not set,0,not set,BathroomLightCommanded,16.6,82.4,not set,not set,not set,not set,not set,not set,0,not set,5.05,4.47,164,4.45,48,13,45,14,high,normal,on,on,15.475,15.485,15.64,15.39
2018-01-04,07:11,not set,not set,not set,not set,0,not set,,,not set,not set,0,not set,BathroomLightCommanded,16.6,82.1,not set,not set,not set,not set,not set,not set,0,not set,5.05,4.47,164,4.45,48,13,46,14,high,normal,on,on,15.525,15.425,15.425,15.55
2018-01-04,07:11,not set,not set,not set,not set,0,not set,,,not set,not set,0,not set,BathroomLightCommanded,16.6,82.5,not set,not set,not set,not set,not set,not set,0,not set,5.05,4.47,164,4.45,48,13,46,15,high,normal,on,on,15.42,15.425,15.335,15.49
2018-01-04,07:11,not set,not set,not set,not set,0,not set,,,not set,not set,0,not set,BathroomLightCommanded,16.6,82.3,not set,not set,not set,not set,not set,not set,0,not set,5.05,4.47,164,4.45,48,13,46,15,high,normal,on,on,15.225,15.47,15.445,15.395
2018-01-04,07:12,not set,not set,not set,not set,0,not set,,,not set,not set,0,not set,BathroomLightCommanded,16.6,82.4,not set,not set,not set,not set,not set,not set,0,not set,5.05,4.47,164,4.45,48,13,46,15,high,normal,on,on,15.435,15.43,15.965,16.83
2018-01-04,07:12,not set,not set,not set,not set,0,not set,,,not set,not set,0,not set,BathroomLightCommanded,16.6,82.6,not set,not set,not set,not set,not set,not set,0,not set,5.05,4.47,164,4.45,48,13,46,15,high,normal,on,on,16.105,16.805,15.63,15.4
2018-01-04,07:12,not set,not set,not set,not set,0,not set,,,not set,not set,0,not set,BathroomLightCommanded,16.6,82.5,not set,not set,not set,not set,not set,not set,0,not set,5.05,4.47,164,4.45,48,13,47,15,high,normal,on,on,15.705,15.61,15.155,15.55
2018-01-04,07:13,not set,not set,not set,not set,0,not set,,,not set,not set,0,not set,BathroomLightCommanded,16.6,82.4,not set,not set,not set,not set,not set,not set,0,not set,5.05,4.47,164,4.45,48,13,47,15,high,normal,on,on,15.3,15.365,15.405,15.35
2018-01-04,07:13,not set,not set,not set,not set,0,not set,,,not set,not set,0,not set,BathroomLightCommanded,16.6,82.7,not set,not set,not set,not set,not set,not set,0,not set,5.05,4.47,164,4.45,48,14,47,15,high,normal,on,on,14.74,1.035,1.045,1.04
2018-01-04,07:14,not set,not set,not set,not set,1,not set,,,not set,not set,0,not set,BathroomLightCommanded,16.5,82.7,not set,not set,not set,not set,not set,not set,0,not set,5.05,4.47,164,4.45,48,13,47,15,high,normal,on,on,1.68,1.045,1.035,1.045
2018-01-04,07:14,not set,not set,not set,not set,1,not set,,,not set,not set,0,not set,BathroomLightCommanded,16.5,82.8,not set,not set,not set,not set,not set,not set,0,not set,5.05,4.47,164,4.45,48,13,47,14,high,normal,on,on,1.06,1.695,2.335,2.565
2018-01-04,07:14,not set,not set,not set,not set,0,not set,,,not set,not set,0,not set,BathroomLightCommanded,16.5,82.8,not set,not set,not set,not set,not set,not set,0,not set,5.05,4.47,164,4.45,48,13,48,15,high,normal,on,on,1.04,1.06,1.04,1.04
2018-01-04,07:15,not set,not set,not set,not set,0,not set,,,not set,not set,0,not set,BathroomLightCommanded,16.5,82.6,not set,not set,not set,not set,not set,not set,0,not set,5.05,4.47,164,4.45,48,13,48,16,high,normal,on,on,1.045,1.05,1.035,1.04
2018-01-04,07:15,not set,not set,not set,not set,0,not set,,,not set,not set,0,not set,BathroomLightCommanded,16.5,82.7,not set,not set,not set,not set,not set,not set,0,not set,5.05,4.47,164,4.45,48,13,48,14,high,normal,on,on,2.185,1.48,1.05,1.05
2018-01-04,07:15,not set,not set,not set,not set,0,not set,,,not set,not set,0,not set,BathroomLightCommanded,16.5,82.8,not set,not set,not set,not set,not set,not set,0,not set,5.05,4.47,164,4.45,48,14,48,15,high,normal,on,on,1.455,2.18,2.55,2.1
2018-01-04,07:16,not set,not set,not set,not set,1,not set,,,not set,not set,0,not set,BathroomLightCommanded,16.5,83.0,not set,not set,not set,not set,not set,not set,0,not set,5.05,4.47,164,4.45,48,13,48,14,high,normal,on,on,1.045,1.04,1.035,1.295
2018-01-04,07:16,not set,not set,not set,not set,0,not set,,,not set,not set,0,not set,BathroomLightCommanded,16.5,83.0,not set,not set,not set,not set,not set,not set,0,not set,5.05,4.47,164,4.45,48,13,48,14,high,normal,on,on,1.035,1.04,1.04,1.045
2018-01-04,07:17,not set,not set,not set,not set,0,not set,,,not set,not set,0,not set,BathroomLightCommanded,16.5,82.9,not set,not set,not set,not set,not set,not set,0,not set,5.05,4.47,164,4.45,48,13,48,15,high,normal,on,on,1.05,1.04,1.03,1.04
2018-01-04,07:17,not set,not set,not set,not set,1,not set,,,not set,not set,0,not set,BathroomLightCommanded,16.5,83.2,not set,not set,not set,not set,not set,not set,0,not set,5.05,4.47,164,4.45,48,13,48,15,high,normal,on,on,1.04,1.045,1.035,1.045
2018-01-04,07:17,not set,not set,not set,not set,0,not set,,,not set,not set,0,not set,BathroomLightCommanded,16.5,83.3,not set,not set,not set,not set,not set,not set,0,not set,5.05,4.47,164,4.45,48,14,48,15,high,normal,on,on,1.045,1.05,1.04,1.04
2018-01-04,07:18,not set,not set,not set,not set,0,not set,,,not set,not set,0,not set,BathroomLightCommanded,16.5,83.1,not set,not set,not set,not set,not set,not set,0,not set,5.05,4.47,164,4.45,48,13,48,15,high,normal,on,on,1.045,1.04,1.045,1.045
2018-01-04,07:18,not set,not set,not set,not set,0,not set,,,not set,not set,0,not set,BathroomLightCommanded,16.5,83.0,not set,not set,not set,not set,not set,not set,0,not set,5.05,4.47,164,4.45,48,13,48,15,high,normal,on,on,1.77,1.05,1.04,1.05
2018-01-04,07:19,not set,not set,not set,not set,0,not set,,,not set,not set,0,not set,BathroomLightCommanded,16.5,83.0,not set,not set,not set,not set,not set,not set,0,not set,5.05,4.47,164,4.45,48,13,48,14,high,normal,on,on,1.965,1.125,1.03,1.045
2018-01-04,07:19,not set,not set,not set,not set,0,not set,,,not set,not set,0,not set,BathroomLightCommanded,16.5,82.9,not set,not set,not set,not set,not set,not set,0,not set,5.05,4.47,164,4.45,48,13,48,15,high,normal,on,on,2.21,2.56,2.05,1.045
2018-01-04,07:19,not set,not set,not set,not set,1,not set,,,not set,not set,0,not set,BathroomLightCommanded,16.5,83.2,not set,not set,not set,not set,not set,not set,0,not set,5.05,4.47,164,4.45,49,14,48,15,high,normal,on,on,1.045,1.24,1.995,2.56
2018-01-04,07:20,not set,not set,not set,not set,0,not set,,,not set,not set,0,not set,BathroomLightCommanded,16.5,83.2,not set,not set,not set,not set,not set,not set,0,not set,5.05,4.47,164,4.45,48,14,48,14,high,normal,on,on,1.05,1.055,1.035,1.045
2018-01-04,07:20,not set,not set,not set,not set,0,not set,,,not set,not set,0,not set,BathroomLightCommanded,16.5,83.2,not set,not set,not set,not set,not set,not set,0,not set,5.05,4.47,164,4.45,48,13,48,15,high,normal,on,on,1.05,1.05,1.03,1.06
2018-01-04,07:20,not set,not set,not set,not set,0,not set,,,not set,not set,0,not set,BathroomLightCommanded,16.5,83.2,not set,not set,not set,not set,not set,not set,0,not set,5.05,4.47,164,4.45,48,14,48,15,high,normal,on,on,2.465,2.435,1.83,1.07
2018-01-04,07:21,not set,not set,not set,not set,0,not set,,,not set,not set,0,not set,BathroomLightCommanded,16.5,83.2,not set,not set,not set,not set,not set,not set,0,not set,5.05,4.47,164,4.45,48,14,48,15,high,normal,on,on,1.045,1.045,1.055,1.455
2018-01-04,07:21,not set,not set,not set,not set,0,not set,,,not set,not set,0,not set,BathroomLightCommanded,16.5,83.2,not set,not set,not set,not set,not set,not set,0,not set,5.05,4.47,164,4.45,48,14,48,15,high,normal,on,on,1.035,1.045,1.04,1.07
2018-01-04,07:22,not set,not set,not set,not set,0,not set,,,not set,not set,0,not set,BathroomLightCommanded,16.5,83.3,not set,not set,not set,not set,not set,not set,0,not set,5.05,4.47,164,4.45,48,14,48,14,high,normal,on,on,1.055,1.04,1.05,1.045
2018-01-04,07:22,not set,not set,not set,not set,0,not set,,,not set,not set,0,not set,BathroomLightCommanded,16.5,83.4,not set,not set,not set,not set,not set,not set,0,not set,5.05,4.47,164,4.45,48,14,48,15,high,normal,on,on,1.045,1.045,1.03,1.055
2018-01-04,07:22,not set,not set,not set,not set,2,not set,,,not set,not set,0,not set,BathroomLightCommanded,16.5,83.4,not set,not set,not set,not set,not set,not set,0,not set,5.05,4.47,164,4.45,48,14,48,14,high,normal,on,on,1.8,1.055,1.06,1.06
2018-01-04,07:23,not set,not set,not set,not set,2,not set,,,not set,not set,0,not set,BathroomLightCommanded,16.5,83.5,not set,not set,not set,not set,not set,not set,0,not set,5.05,4.47,164,4.45,48,14,47,15,high,normal,on,on,2.475,2.335,1.51,1.05
2018-01-04,07:23,not set,not set,not set,not set,0,not set,,,not set,not set,0,not set,BathroomLightCommanded,16.5,83.4,not set,not set,not set,not set,not set,not set,0,not set,5.05,4.47,164,4.45,48,14,47,14,high,normal,on,on,1.07,2.08,2.545,2.16
2018-01-04,07:23,not set,not set,not set,not set,0,not set,,,not set,not set,0,not set,BathroomLightCommanded,16.5,83.5,not set,not set,not set,not set,not set,not set,0,not set,5.05,4.47,164,4.45,48,14,47,15,high,normal,on,on,1.025,1.07,1.145,2.0
2018-01-04,07:24,not set,not set,not set,not set,0,not set,,,not set,not set,0,not set,BathroomLightCommanded,16.5,83.8,not set,not set,not set,not set,not set,not set,0,not set,5.05,4.47,164,4.45,48,14,47,14,high,normal,on,on,1.04,1.045,1.05,1.06
2018-01-04,07:24,not set,not set,not set,not set,0,not set,,,not set,not set,0,not set,BathroomLightCommanded,16.5,83.6,not set,not set,not set,not set,not set,not set,0,not set,5.05,4.47,164,4.45,48,14,47,14,high,normal,on,on,1.055,1.055,1.065,1.045
2018-01-04,07:25,not set,not set,not set,not set,0,not set,,,not set,not set,0,not set,BathroomLightCommanded,16.5,83.5,not set,not set,not set,not set,not set,not set,0,not set,5.05,4.47,164,4.45,49,14,47,14,high,normal,on,on,1.74,1.05,1.035,1.045
2018-01-04,07:25,not set,not set,not set,not set,1,not set,,,not set,not set,0,not set,BathroomLightCommanded,16.5,83.4,not set,not set,not set,not set,not set,not set,0,not set,5.05,4.47,164,4.45,48,14,47,15,high,normal,on,on,1.73,2.405,2.455,1.82
2018-01-04,07:25,not set,not set,not set,not set,0,not set,,,not set,not set,0,not set,BathroomLightCommanded,16.4,83.3,not set,not set,not set,not set,not set,not set,0,not set,5.05,4.47,164,4.45,48,14,47,14,high,normal,on,on,1.05,1.045,1.28,2.06
2018-01-04,07:26,not set,not set,not set,not set,0,not set,,,not set,not set,0,not set,BathroomLightCommanded,16.4,83.2,not set,not set,not set,not set,not set,not set,0,not set,5.05,4.47,164,4.45,48,14,47,15,high,normal,on,on,1.045,1.045,1.04,1.04
2018-01-04,07:26,not set,not set,not set,not set,1,not set,,,not set,not set,0,not set,BathroomLightCommanded,16.4,83.3,not set,not set,not set,not set,not set,not set,0,not set,5.05,4.47,164,4.45,48,14,47,14,high,normal,on,on,1.035,1.055,1.045,1.055
2018-01-04,07:27,not set,not set,not set,not set,1,not set,,,not set,not set,0,not set,BathroomLightCommanded,16.4,83.5,not set,not set,not set,not set,not set,not set,0,not set,5.05,4.47,164,4.45,48,15,47,14,high,normal,on,on,2.38,1.705,1.055,1.05
2018-01-04,07:27,not set,not set,not set,not set,0,not set,,,not set,not set,0,not set,BathroomLightCommanded,16.4,83.3,not set,not set,not set,not set,not set,not set,0,not set,5.05,4.47,164,4.45,48,14,47,14,high,normal,on,on,1.035,1.035,1.06,1.685
2018-01-04,07:27,not set,not set,not set,not set,1,not set,,,not set,not set,0,not set,BathroomLightCommanded,16.4,82.9,not set,not set,not set,not set,not set,not set,0,not set,5.05,4.47,164,4.45,48,14,47,14,high,normal,on,on,1.045,1.05,1.045,1.045
2018-01-04,07:28,not set,not set,not set,not set,0,not set,,,not set,not set,0,not set,BathroomLightCommanded,16.4,83.1,not set,not set,not set,not set,not set,not set,0,not set,5.05,4.47,164,4.45,48,14,48,14,high,normal,on,on,2.32,2.55,2.205,1.69
2018-01-04,07:28,not set,not set,not set,not set,2,not set,,,not set,not set,0,not set,BathroomLightCommanded,16.4,83.3,not set,not set,not set,not set,not set,not set,0,not set,5.05,4.47,164,4.45,48,14,47,14,high,normal,on,on,1.035,1.04,1.05,1.04
2018-01-04,07:28,not set,not set,not set,not set,0,not set,,,not set,not set,0,not set,BathroomLightCommanded,16.4,83.5,not set,not set,not set,not set,not set,not set,0,not set,5.05,4.47,164,4.45,48,15,46,14,high,normal,on,on,1.67,1.055,1.045,1.05
2018-01-04,07:29,not set,not set,not set,not set,0,not set,,,not set,not set,0,not set,BathroomLightCommanded,16.4,83.3,not set,not set,not set,not set,not set,not set,0,not set,5.05,4.47,164,4.45,48,14,46,15,high,normal,on,on,1.04,1.045,1.035,1.06
2018-01-04,07:29,not set,not set,not set,not set,2,not set,,,not set,not set,0,not set,BathroomLightCommanded,16.4,83.0,not set,not set,not set,not set,not set,not set,0,not set,5.05,4.47,164,4.45,48,14,47,14,high,normal,on,on,1.035,1.03,1.04,1.05
2018-01-04,07:30,not set,not set,not set,not set,0,not set,,,not set,not set,0,not set,BathroomLightCommanded,16.4,83.1,not set,not set,not set,not set,not set,not set,0,not set,5.05,4.47,164,4.45,48,14,46,14,high,normal,on,on,1.045,1.09,1.8,2.325
2018-01-04,07:30,not set,not set,not set,not set,0,not set,,,not set,not set,0,not set,BathroomLightCommanded,16.4,83.1,not set,not set,not set,not set,not set,not set,0,not set,5.05,4.47,164,4.45,48,14,46,15,high,normal,on,on,1.03,1.04,1.03,1.045
2018-01-04,07:30,not set,not set,not set,not set,0,not set,,,not set,not set,0,not set,BathroomLightCommanded,16.4,83.2,not set,not set,not set,not set,not set,not set,0,not set,5.05,4.47,164,4.45,48,14,47,15,high,normal,on,on,1.03,1.04,1.03,1.035
2018-01-04,07:31,not set,not set,not set,not set,0,not set,,,not set,not set,0,not set,BathroomLightCommanded,16.4,83.4,not set,not set,not set,not set,not set,not set,0,not set,5.05,4.47,164,4.45,48,14,46,15,high,normal,on,on,2.53,2.215,1.675,1.03
2018-01-04,07:31,not set,not set,not set,not set,0,not set,,,not set,not set,0,not set,BathroomLightCommanded,16.4,83.3,not set,not set,not set,not set,not set,not set,0,not set,5.05,4.47,164,4.45,48,14,46,15,high,normal,on,on,1.03,1.04,1.03,1.035
2018-01-04,07:32,not set,not set,not set,not set,0,not set,,,not set,not set,0,not set,BathroomLightCommanded,16.4,83.2,not set,not set,not set,not set,not set,not set,0,not set,5.05,4.47,164,4.45,48,14,46,14,high,normal,on,on,1.04,1.035,1.035,1.02
2018-01-04,07:32,not set,not set,not set,not set,0,not set,,,not set,not set,0,not set,BathroomLightCommanded,16.4,83.2,not set,not set,not set,not set,not set,not set,0,not set,5.05,4.47,164,4.45,48,14,46,15,high,normal,on,on,1.625,1.03,1.03,1.04
2018-01-04,07:32,not set,not set,not set,not set,0,not set,,,not set,not set,0,not set,BathroomLightCommanded,16.4,83.2,not set,not set,not set,not set,not set,not set,0,not set,5.05,4.47,164,4.45,47,14,46,14,high,normal,on,on,2.095,2.555,2.115,1.36
2018-01-04,07:33,not set,not set,not set,not set,0,not set,,,not set,not set,0,not set,BathroomLightCommanded,16.4,83.3,not set,not set,not set,not set,not set,not set,0,not set,5.05,4.47,164,4.45,48,14,46,15,high,normal,on,on,1.025,1.645,2.325,2.39
2018-01-04,07:33,not set,not set,not set,not set,0,not set,,,not set,not set,0,not set,BathroomLightCommanded,16.4,83.3,not set,not set,not set,not set,not set,not set,0,not set,5.05,4.47,164,4.45,48,14,46,15,high,normal,on,on,1.025,1.025,1.735,2.515
2018-01-04,07:33,not set,not set,not set,not set,1,not set,,,not set,not set,0,not set,BathroomLightCommanded,16.4,83.5,not set,not set,not set,not set,not set,not set,0,not set,5.05,4.47,164,4.45,47,15,46,15,high,normal,on,on,1.015,1.025,1.06,2.015
2018-01-04,07:34,not set,not set,not set,not set,0,not set,,,not set,not set,0,not set,BathroomLightCommanded,16.4,83.5,not set,not set,not set,not set,not set,not set,0,not set,5.05,4.47,164,4.45,48,14,46,15,high,normal,on,on,1.03,1.03,1.025,1.04
2018-01-04,07:34,not set,not set,not set,not set,0,not set,,,not set,not set,0,not set,BathroomLightCommanded,16.4,83.2,not set,not set,not set,not set,not set,not set,0,not set,5.05,4.47,164,4.45,48,14,47,14,high,normal,on,on,1.03,1.02,1.015,1.03
2018-01-04,07:35,not set,not set,not set,not set,2,not set,,,not set,not set,0,not set,BathroomLightCommanded,16.4,83.3,not set,not set,not set,not set,not set,not set,0,not set,5.05,4.47,164,4.45,47,14,46,14,high,normal,on,on,1.035,1.02,1.025,1.04
2018-01-04,07:35,not set,not set,not set,not set,0,not set,,,not set,not set,0,not set,BathroomLightCommanded,16.3,83.1,not set,not set,not set,not set,not set,not set,0,not set,5.05,4.47,164,4.45,48,15,47,14,high,normal,on,on,1.27,1.025,1.03,1.03
2018-01-04,07:35,not set,not set,not set,not set,2,not set,,,not set,not set,0,not set,BathroomLightCommanded,16.4,83.3,not set,not set,not set,not set,not set,not set,0,not set,5.05,4.47,164,4.45,48,14,45,14,high,normal,on,on,1.33,1.98,2.515,2.29
2018-01-04,07:36,not set,not set,not set,not set,1,not set,,,not set,not set,0,not set,BathroomLightCommanded,16.3,83.2,not set,not set,not set,not set,not set,not set,0,not set,5.05,4.47,164,4.45,48,15,46,15,high,normal,on,on,1.02,1.025,1.03,1.035
2018-01-04,07:36,not set,not set,not set,not set,0,not set,,,not set,not set,0,not set,BathroomLightCommanded,16.3,83.2,not set,not set,not set,not set,not set,not set,0,not set,5.05,4.47,164,4.45,48,14,46,14,high,normal,on,on,1.025,1.025,1.03,1.02
2018-01-04,07:37,not set,not set,not set,not set,0,not set,,,not set,not set,0,not set,BathroomLightCommanded,16.4,83.2,not set,not set,not set,not set,not set,not set,0,not set,5.05,4.47,164,4.45,49,14,46,14,high,normal,on,on,2.51,2.06,1.425,1.03
2018-01-04,07:37,not set,not set,not set,not set,0,not set,,,not set,not set,0,not set,BathroomLightCommanded,16.3,83.3,not set,not set,not set,not set,not set,not set,0,not set,5.05,4.47,164,4.45,48,14,46,15,high,normal,on,on,1.02,1.03,1.1,1.955
2018-01-04,07:37,not set,not set,not set,not set,0,not set,,,not set,not set,0,not set,BathroomLightCommanded,16.4,83.4,not set,not set,not set,not set,not set,not set,0,not set,5.05,4.47,164,4.45,48,14,45,14,high,normal,on,on,1.02,1.035,1.02,1.02
2018-01-04,07:38,not set,not set,not set,not set,0,not set,,,not set,not set,0,not set,BathroomLightCommanded,16.3,83.1,not set,not set,not set,not set,not set,not set,0,not set,5.05,4.47,164,4.45,48,14,45,15,high,normal,on,on,1.02,1.025,1.02,1.035
2018-01-04,07:38,not set,not set,not set,not set,1,not set,,,not set,not set,0,not set,BathroomLightCommanded,16.3,83.2,not set,not set,not set,not set,not set,not set,0,not set,5.05,4.47,164,4.45,48,15,45,15,high,normal,on,on,1.015,1.03,1.025,1.025
2018-01-04,07:38,not set,not set,not set,not set,0,not set,,,not set,not set,0,not set,BathroomLightCommanded,16.3,83.1,not set,not set,not set,not set,not set,not set,0,not set,5.05,4.47,164,4.45,48,14,45,14,high,normal,on,on,2.415,2.22,1.5,1.015
2018-01-04,07:39,not set,not set,not set,not set,2,not set,,,not set,not set,0,not set,BathroomLightCommanded,16.4,83.3,not set,not set,not set,not set,not set,not set,0,not set,5.05,4.47,164,4.45,48,14,45,14,high,normal,on,on,2.53,2.295,1.435,1.02
2018-01-04,07:39,not set,not set,not set,not set,0,not set,,,not set,not set,0,not set,BathroomLightCommanded,16.3,83.0,not set,not set,not set,not set,not set,not set,0,not set,5.05,4.47,164,4.45,48,15,46,14,high,normal,on,on,2.17,2.52,1.965,1.015
2018-01-04,07:40,not set,not set,not set,not set,0,not set,,,not set,not set,0,not set,BathroomLightCommanded,16.3,83.2,not set,not set,not set,not set,not set,not set,0,not set,5.05,4.47,164,4.45,48,14,45,14,high,normal,on,on,1.6,2.4,2.365,1.73
2018-01-04,07:40,not set,not set,not set,not set,0,not set,,,not set,not set,0,not set,BathroomLightCommanded,16.3,83.0,not set,not set,not set,not set,not set,not set,0,not set,5.05,4.47,164,4.45,48,14,45,14,high,normal,on,on,1.005,1.475,2.085,2.535
2018-01-04,07:40,not set,not set,not set,not set,0,not set,,,not set,not set,0,not set,BathroomLightCommanded,16.3,83.1,not set,not set,not set,not set,not set,not set,0,not set,5.05,4.47,164,4.45,47,14,46,14,high,normal,on,on,1.01,1.015,1.01,1.275
2018-01-04,07:41,not set,not set,not set,not set,0,not set,,,not set,not set,0,not set,BathroomLightCommanded,16.3,83.1,not set,not set,not set,not set,not set,not set,0,not set,5.05,4.47,164,4.45,48,14,45,14,high,normal,on,on,1.025,1.015,1.01,1.02
2018-01-04,07:41,not set,not set,not set,not set,1,not set,,,not set,not set,0,not set,BathroomLightCommanded,16.3,83.2,not set,not set,not set,not set,not set,not set,0,not set,5.05,4.47,164,4.45,48,15,45,14,high,normal,on,on,1.025,1.005,1.005,1.005
2018-01-04,07:42,not set,not set,not set,not set,0,not set,,,not set,not set,0,not set,BathroomLightCommanded,16.3,83.3,not set,not set,not set,not set,not set,not set,0,not set,5.05,4.47,164,4.45,48,14,45,14,high,normal,on,on,1.425,1.015,1.01,1.01
2018-01-04,07:42,not set,not set,not set,not set,1,not set,,,not set,not set,0,not set,BathroomLightCommanded,16.3,83.2,not set,not set,not set,not set,not set,not set,0,not set,5.05,4.47,164,4.45,47,15,45,14,high,normal,on,on,0.995,1.01,1.0,1.0
2018-01-04,07:42,not set,not set,not set,not set,0,not set,,,not set,not set,0,not set,BathroomLightCommanded,16.3,83.0,not set,not set,not set,not set,not set,not set,0,not set,5.05,4.47,164,4.45,47,14,45,15,high,normal,on,on,1.77,2.53,1.43,1.015
2018-01-04,07:43,not set,not set,not set,not set,0,not set,,,not set,not set,0,not set,BathroomLightCommanded,16.3,83.2,not set,not set,not set,not set,not set,not set,0,not set,5.05,4.47,164,4.45,48,14,45,14,high,normal,on,on,0.99,1.0,0.995,0.995
2018-01-04,07:43,not set,not set,not set,not set,0,not set,,,not set,not set,0,not set,BathroomLightCommanded,16.3,83.1,not set,not set,not set,not set,not set,not set,0,not set,5.05,4.47,164,4.45,48,15,45,15,high,normal,on,on,2.445,1.295,1.0,1.01
2018-01-04,07:43,not set,not set,not set,not set,1,not set,,,not set,not set,0,not set,BathroomLightCommanded,16.3,82.9,not set,not set,not set,not set,not set,not set,0,not set,5.05,4.47,164,4.45,49,15,45,15,high,normal,on,on,0.99,0.995,1.0,1.515
2018-01-04,07:44,not set,not set,not set,not set,0,not set,,,not set,not set,0,not set,BathroomLightCommanded,16.3,82.9,not set,not set,not set,not set,not set,not set,0,not set,5.05,4.47,164,4.45,47,15,45,15,high,normal,on,on,2.335,1.0,0.99,1.005
2018-01-04,07:44,not set,not set,not set,not set,1,not set,,,not set,not set,0,not set,BathroomLightCommanded,16.3,82.7,not set,not set,not set,not set,not set,not set,0,not set,5.05,4.47,164,4.45,47,14,45,14,high,normal,on,on,0.995,1.0,0.985,1.955
2018-01-04,07:45,not set,not set,not set,not set,0,not set,,,not set,not set,0,not set,BathroomLightCommanded,16.3,83.1,not set,not set,not set,not set,not set,not set,0,not set,5.05,4.47,164,4.45,47,15,45,14,high,normal,on,on,0.99,1.005,1.0,0.995
2018-01-04,07:45,not set,not set,not set,not set,0,not set,,,not set,not set,0,not set,BathroomLightCommanded,16.3,83.0,not set,not set,not set,not set,not set,not set,0,not set,5.05,4.47,164,4.45,47,15,45,15,high,normal,on,on,0.99,0.99,1.005,2.08
2018-01-04,07:45,not set,not set,not set,not set,0,not set,,,not set,not set,0,not set,BathroomLightCommanded,16.3,83.0,not set,not set,not set,not set,not set,not set,0,not set,5.05,4.47,164,4.45,48,15,45,14,high,normal,on,on,2.45,1.285,1.0,1.005
2018-01-04,07:46,not set,not set,not set,not set,0,not set,,,not set,not set,0,not set,BathroomLightCommanded,16.3,82.8,not set,not set,not set,not set,not set,not set,0,not set,5.05,4.47,164,4.45,47,15,45,14,high,normal,on,on,0.995,0.995,0.985,1.0
2018-01-04,07:46,not set,not set,not set,not set,0,not set,,,not set,not set,0,not set,BathroomLightCommanded,16.3,82.8,not set,not set,not set,not set,not set,not set,0,not set,5.05,4.47,164,4.45,48,15,45,14,high,normal,on,on,0.99,2.035,2.48,1.415
2018-01-04,07:47,not set,not set,not set,not set,0,not set,,,not set,not set,0,not set,BathroomLightCommanded,16.3,82.7,not set,not set,not set,not set,not set,not set,0,not set,5.05,4.47,164,4.45,47,15,45,14,high,normal,on,on,1.0,0.995,0.99,0.99
2018-01-04,07:47,not set,not set,not set,not set,0,not set,,,not set,not set,0,not set,BathroomLightCommanded,16.3,82.9,not set,not set,not set,not set,not set,not set,0,not set,5.05,4.47,164,4.45,47,15,45,14,high,normal,on,on,1.0,0.99,1.025,2.305
2018-01-04,07:47,not set,not set,not set,not set,0,not set,,,not set,not set,0,not set,BathroomLightCommanded,16.3,83.0,not set,not set,not set,not set,not set,not set,0,not set,5.05,4.47,164,4.45,47,15,45,14,high,normal,on,on,2.16,0.995,0.99,0.995
2018-01-04,07:48,not set,not set,not set,not set,0,not set,,,not set,not set,0,not set,BathroomLightCommanded,16.3,82.9,not set,not set,not set,not set,not set,not set,0,not set,5.05,4.47,164,4.45,47,15,45,14,high,normal,on,on,0.99,0.99,0.985,1.015
2018-01-04,07:48,not set,not set,not set,not set,2,not set,,,not set,not set,0,not set,BathroomLightCommanded,16.3,82.7,not set,not set,not set,not set,not set,not set,0,not set,5.05,4.47,164,4.45,48,15,44,14,high,normal,on,on,2.18,1.2,0.975,0.975
2018-01-04,07:48,not set,not set,not set,not set,1,not set,,,not set,not set,0,not set,BathroomLightCommanded,16.3,82.7,not set,not set,not set,not set,not set,not set,0,not set,5.05,4.47,164,4.45,47,15,44,15,high,normal,on,on,0.985,0.98,0.96,1.485
2018-01-04,07:49,not set,not set,not set,not set,0,not set,,,not set,not set,0,not set,BathroomLightCommanded,16.3,82.8,not set,not set,not set,not set,not set,not set,0,not set,5.05,4.47,164,4.45,47,15,44,14,high,normal,on,on,2.025,0.97,0.965,0.985
2018-01-04,07:49,not set,not set,not set,not set,0,not set,,,not set,not set,0,not set,BathroomLightCommanded,16.3,83.0,not set,not set,not set,not set,not set,not set,0,not set,5.05,4.47,164,4.45,47,15,45,14,high,normal,on,on,0.96,1.0,0.97,1.025
2018-01-04,07:50,not set,not set,not set,not set,2,not set,,,not set,not set,0,not set,BathroomLightCommanded,16.3,83.2,not set,not set,not set,not set,not set,not set,0,not set,5.05,4.47,164,4.45,47,15,44,15,high,normal,on,on,1.985,0.975,0.975,0.98
2018-01-04,07:50,not set,not set,not set,not set,0,not set,,,not set,not set,0,not set,BathroomLightCommanded,16.3,83.3,not set,not set,not set,not set,not set,not set,0,not set,5.05,4.47,164,4.45,47,15,44,14,high,normal,on,on,0.99,0.985,1.035,1.985
2018-01-04,07:50,not set,not set,not set,not set,0,not set,,,not set,not set,0,not set,BathroomLightCommanded,16.3,82.8,not set,not set,not set,not set,not set,not set,0,not set,5.05,4.47,164,4.45,47,15,44,15,high,normal,on,on,1.79,0.98,0.975,0.98
2018-01-04,07:51,not set,not set,not set,not set,0,not set,,,not set,not set,0,not set,BathroomLightCommanded,16.3,82.7,not set,not set,not set,not set,not set,not set,0,not set,5.05,4.47,164,4.45,48,15,44,15,high,normal,on,on,0.97,0.97,0.97,1.91
2018-01-04,07:51,not set,not set,not set,not set,0,not set,,,not set,not set,0,not set,BathroomLightCommanded,16.3,82.5,not set,not set,not set,not set,not set,not set,0,not set,5.05,4.47,164,4.45,47,15,44,15,high,normal,on,on,1.195,0.995,0.975,0.99
2018-01-04,07:52,not set,not set,not set,not set,2,not set,,,not set,not set,0,not set,BathroomLightCommanded,16.3,82.7,not set,not set,not set,not set,not set,not set,0,not set,5.05,4.47,164,4.45,47,15,44,14,high,normal,on,on,0.97,0.99,2.04,1.945
2018-01-04,07:52,not set,not set,not set,not set,0,not set,,,not set,not set,0,not set,BathroomLightCommanded,16.3,82.6,not set,not set,not set,not set,not set,not set,0,not set,5.05,4.47,164,4.45,47,15,44,14,high,normal,on,on,0.975,0.99,0.965,0.985
2018-01-04,07:52,not set,not set,not set,not set,2,not set,,,not set,not set,0,not set,BathroomLightCommanded,16.3,82.3,not set,not set,not set,not set,not set,not set,0,not set,5.05,4.47,164,4.45,47,15,44,14,high,normal,on,on,1.03,2.19,1.66,0.985
2018-01-04,07:53,not set,not set,not set,not set,0,not set,,,not set,not set,0,not set,BathroomLightCommanded,16.3,82.5,not set,not set,not set,not set,not set,not set,0,not set,5.05,4.47,164,4.45,47,15,44,14,high,normal,on,on,0.985,0.995,0.97,0.985
2018-01-04,07:53,not set,not set,not set,not set,3,not set,,,not set,not set,0,not set,BathroomLightCommanded,16.3,82.5,not set,not set,not set,not set,not set,not set,0,not set,5.05,4.47,164,4.45,48,15,44,14,high,normal,on,on,2.005,0.97,0.975,0.985
2018-01-04,07:53,not set,not set,not set,not set,0,not set,,,not set,not set,0,not set,BathroomLightCommanded,16.3,82.8,not set,not set,not set,not set,not set,not set,0,not set,5.05,4.47,164,4.45,47,15,44,14,high,normal,on,on,0.975,0.98,2.175,1.62
2018-01-04,07:54,not set,not set,not set,not set,3,not set,,,not set,not set,0,not set,BathroomLightCommanded,16.3,82.6,not set,not set,not set,not set,not set,not set,0,not set,5.05,4.47,164,4.45,47,15,44,15,high,normal,on,on,0.98,0.97,0.97,1.375
2018-01-04,07:54,not set,not set,not set,not set,3,not set,,,not set,not set,0,not set,BathroomLightCommanded,16.3,82.5,not set,not set,not set,not set,not set,not set,0,not set,5.05,4.47,164,4.45,47,15,44,14,high,normal,on,on,0.97,0.975,0.975,0.97
2018-01-04,07:55,not set,not set,not set,not set,3,not set,,,not set,not set,0,not set,BathroomLightCommanded,16.3,82.6,not set,not set,not set,not set,not set,not set,0,not set,5.05,4.47,164,4.45,47,15,44,14,high,normal,on,on,1.78,0.975,0.975,0.98
2018-01-04,07:55,not set,not set,not set,not set,1,not set,,,not set,not set,0,not set,BathroomLightCommanded,16.3,82.5,not set,not set,not set,not set,not set,not set,0,not set,5.05,4.47,164,4.45,47,15,44,14,high,normal,on,on,1.2,2.3,1.305,0.985
2018-01-04,07:55,not set,not set,not set,not set,0,not set,,,not set,not set,0,not set,BathroomLightCommanded,16.3,82.5,not set,not set,not set,not set,not set,not set,0,not set,5.05,4.47,164,4.45,47,15,44,14,high,normal,on,on,0.97,0.985,1.59,2.195
2018-01-04,07:56,not set,not set,not set,not set,4,not set,,,not set,not set,0,not set,BathroomLightCommanded,16.3,82.5,not set,not set,not set,not set,not set,not set,0,not set,5.05,4.47,164,4.45,47,15,44,15,high,normal,on,on,0.975,0.975,0.98,0.965
2018-01-04,07:56,not set,not set,not set,not set,1,not set,,,not set,not set,0,not set,BathroomLightCommanded,16.3,82.5,not set,not set,not set,not set,not set,not set,0,not set,5.05,4.47,164,4.45,47,15,44,14,high,normal,on,on,0.975,0.985,0.965,0.97
2018-01-04,07:57,not set,not set,not set,not set,2,not set,,,not set,not set,0,not set,BathroomLightCommanded,16.3,82.5,not set,not set,not set,not set,not set,not set,0,not set,5.05,4.47,164,4.45,48,15,44,15,high,normal,on,on,2.19,0.97,0.97,0.98
2018-01-04,07:57,not set,not set,not set,not set,0,not set,,,not set,not set,0,not set,BathroomLightCommanded,16.3,82.7,not set,not set,not set,not set,not set,not set,0,not set,5.05,4.47,164,4.45,47,15,44,14,high,normal,on,on,0.98,1.785,1.99,0.98
2018-01-04,07:57,not set,not set,not set,not set,1,not set,,,not set,not set,0,not set,BathroomLightCommanded,16.3,82.6,not set,not set,not set,not set,not set,not set,0,not set,5.05,4.47,164,4.45,47,15,44,15,high,normal,on,on,0.98,0.975,0.985,1.745
2018-01-04,07:58,not set,not set,not set,not set,1,not set,,,not set,not set,0,not set,BathroomLightCommanded,16.3,82.4,not set,not set,not set,not set,not set,not set,0,not set,5.05,4.47,164,4.45,47,15,44,14,high,normal,on,on,0.97,0.985,0.955,0.975
2018-01-04,07:58,not set,not set,not set,not set,4,not set,,,not set,not set,0,not set,BathroomLightCommanded,16.3,82.5,not set,not set,not set,not set,not set,not set,0,not set,5.05,4.47,164,4.45,47,16,44,15,high,normal,on,on,1.56,2.185,0.975,0.975
2018-01-04,07:58,not set,not set,not set,not set,3,not set,,,not set,not set,0,not set,BathroomLightCommanded,16.3,82.5,not set,not set,not set,not set,not set,not set,0,not set,5.05,4.47,164,4.45,47,15,44,14,high,normal,on,on,0.995,0.975,1.005,2.165
2018-01-04,07:59,not set,not set,not set,not set,0,not set,,,not set,not set,0,not set,BathroomLightCommanded,16.3,82.5,not set,not set,not set,not set,not set,not set,0,not set,5.05,4.47,164,4.45,47,15,44,15,high,normal,on,on,0.98,0.985,0.965,0.96
2018-01-04,07:59,not set,not set,not set,not set,4,not set,,,not set,not set,0,not set,BathroomLightCommanded,16.3,82.4,not set,not set,not set,not set,not set,not set,0,not set,5.05,4.47,164,4.45,47,15,44,14,high,normal,on,on,1.875,1.895,0.975,0.98
2018-01-04,08:00,not set,not set,not set,not set,5,not set,,,not set,not set,0,not set,BathroomLightCommanded,16.3,82.5,not set,not set,not set,not set,not set,not set,0,not set,5.05,4.47,164,4.45,47,15,43,14,high,normal,on,on,0.975,0.98,1.495,2.265
2018-01-04,08:00,not set,not set,not set,not set,2,not set,,,not set,not set,0,not set,BathroomLightCommanded,16.3,82.5,not set,not set,not set,not set,not set,not set,0,not set,5.05,4.47,164,4.45,47,15,44,14,high,normal,on,on,0.975,0.97,0.975,0.97
2018-01-04,08:00,not set,not set,not set,not set,2,not set,,,not set,not set,0,not set,BathroomLightCommanded,16.3,82.3,not set,not set,not set,not set,not set,not set,0,not set,5.05,4.47,164,4.45,47,15,43,14,high,normal,on,on,1.815,0.995,0.975,0.975
2018-01-04,08:01,not set,not set,not set,not set,3,not set,,,not set,not set,0,not set,BathroomLightCommanded,16.3,82.4,not set,not set,not set,not set,not set,not set,0,not set,5.05,4.47,164,4.45,47,15,43,15,high,normal,on,on,0.98,1.49,2.225,0.995
2018-01-04,08:01,not set,not set,not set,not set,3,not set,,,not set,not set,0,not set,BathroomLightCommanded,16.3,82.4,not set,not set,not set,not set,not set,not set,0,not set,5.05,4.47,164,4.45,47,15,43,14,high,normal,on,on,0.975,0.98,0.98,0.98
2018-01-04,08:02,not set,not set,not set,not set,5,not set,,,not set,not set,0,not set,BathroomLightCommanded,16.3,82.7,not set,not set,not set,not set,not set,not set,0,not set,5.05,4.47,164,4.45,47,16,43,15,high,normal,on,on,0.97,0.975,0.975,0.98
2018-01-04,08:02,not set,not set,not set,not set,4,not set,,,not set,not set,0,not set,BathroomLightCommanded,16.2,82.4,not set,not set,not set,not set,not set,not set,0,not set,5.05,4.47,164,4.45,47,16,43,14,high,normal,on,on,1.245,2.27,1.365,0.985
2018-01-04,08:02,not set,not set,not set,not set,0,not set,,,not set,not set,0,not set,BathroomLightCommanded,16.2,82.4,not set,not set,not set,not set,not set,not set,0,not set,5.05,4.47,164,4.45,47,15,44,14,high,normal,on,on,0.97,0.97,0.98,1.2
2018-01-04,08:03,not set,not set,not set,not set,7,not set,,,not set,not set,0,not set,BathroomLightCommanded,16.2,82.4,not set,not set,not set,not set,not set,not set,0,not set,5.05,4.47,164,4.45,47,15,43,14,high,normal,on,on,0.97,0.98,0.985,0.965
2018-01-04,08:03,not set,not set,not set,not set,3,not set,,,not set,not set,0,not set,BathroomLightCommanded,16.3,82.6,not set,not set,not set,not set,not set,not set,0,not set,5.05,4.47,164,4.45,47,15,43,14,high,normal,on,on,0.965,0.975,0.955,0.98
2018-01-04,08:03,not set,not set,not set,not set,4,not set,,,not set,not set,0,not set,BathroomLightCommanded,16.3,82.7,not set,not set,not set,not set,not set,not set,0,not set,5.05,4.47,164,4.45,47,15,43,14,high,normal,on,on,0.98,0.98,0.99,0.97
2018-01-04,08:04,not set,not set,not set,not set,2,not set,,,not set,not set,0,not set,BathroomLightCommanded,16.2,82.6,not set,not set,not set,not set,not set,not set,0,not set,5.05,4.47,164,4.45,47,15,43,14,high,normal,on,on,0.985,0.97,0.97,0.985
2018-01-04,08:04,not set,not set,not set,not set,5,not set,,,not set,not set,0,not set,BathroomLightCommanded,16.2,82.3,not set,not set,not set,not set,not set,not set,0,not set,5.05,4.47,164,4.45,47,15,43,15,high,normal,on,on,0.965,0.965,0.965,0.975
2018-01-04,08:05,not set,not set,not set,not set,1,not set,,,not set,not set,0,not set,BathroomLightCommanded,16.2,82.4,not set,not set,not set,not set,not set,not set,0,not set,5.05,4.47,164,4.45,47,15,43,15,high,normal,on,on,0.965,0.975,0.98,0.97
2018-01-04,08:05,not set,not set,not set,not set,6,not set,,,not set,not set,0,not set,BathroomLightCommanded,16.3,82.5,not set,not set,not set,not set,not set,not set,0,not set,5.05,4.47,164,4.45,47,15,43,15,high,normal,on,on,0.98,0.975,0.965,0.98
2018-01-04,08:05,not set,not set,not set,not set,6,not set,,,not set,not set,0,not set,BathroomLightCommanded,16.2,82.5,not set,not set,not set,not set,not set,not set,0,not set,5.05,4.47,164,4.45,47,16,43,14,high,normal,on,on,0.965,0.96,0.985,0.97
2018-01-04,08:06,not set,not set,not set,not set,5,not set,,,not set,not set,0,not set,BathroomLightCommanded,16.2,82.5,not set,not set,not set,not set,not set,not set,0,not set,5.05,4.47,164,4.45,47,16,43,15,high,normal,on,on,0.975,0.96,0.98,0.975
2018-01-04,08:06,not set,not set,not set,not set,4,not set,,,not set,not set,0,not set,BathroomLightCommanded,16.2,82.3,not set,not set,not set,not set,not set,not set,0,not set,5.05,4.47,164,4.45,47,16,43,15,high,normal,on,on,0.975,0.985,0.98,0.98
2018-01-04,08:07,not set,not set,not set,not set,7,not set,,,not set,not set,0,not set,BathroomLightCommanded,16.2,82.5,not set,not set,not set,not set,not set,not set,0,not set,5.05,4.47,164,4.45,47,15,43,15,high,normal,on,on,0.975,0.98,0.97,0.98
2018-01-04,08:07,not set,not set,not set,not set,5,not set,,,not set,not set,0,not set,BathroomLightCommanded,16.2,82.3,not set,not set,not set,not set,not set,not set,0,not set,5.05,4.47,164,4.45,47,16,43,14,high,normal,on,on,0.985,0.98,0.98,0.98
2018-01-04,08:07,not set,not set,not set,not set,9,not set,,,not set,not set,0,not set,BathroomLightCommanded,16.2,82.3,not set,not set,not set,not set,not set,not set,0,not set,5.05,4.47,164,4.45,47,16,43,14,high,normal,on,on,0.97,0.975,0.97,0.965
2018-01-04,08:08,not set,not set,not set,not set,8,not set,,,not set,not set,0,not set,BathroomLightCommanded,16.2,82.3,not set,not set,not set,not set,not set,not set,0,not set,5.05,4.47,164,4.45,47,16,43,14,high,normal,on,on,0.99,0.975,0.98,0.985
2018-01-04,08:08,not set,not set,not set,not set,7,not set,,,not set,not set,0,not set,BathroomLightCommanded,16.2,82.4,not set,not set,not set,not set,not set,not set,0,not set,5.05,4.47,164,4.45,47,16,43,15,high,normal,on,on,0.97,0.98,0.96,0.985
2018-01-04,08:08,not set,not set,not set,not set,9,not set,,,not set,not set,0,not set,BathroomLightCommanded,16.2,82.4,not set,not set,not set,not set,not set,not set,0,not set,5.05,4.47,164,4.45,47,15,43,15,high,normal,on,on,0.985,0.975,0.97,0.985
2018-01-04,08:09,not set,not set,not set,not set,10,not set,,,not set,not set,0,not set,BathroomLightCommanded,16.2,82.1,not set,not set,not set,not set,not set,not set,0,not set,5.05,4.47,164,4.45,48,16,43,14,high,normal,on,on,0.985,0.97,0.98,0.975
2018-01-04,08:09,not set,not set,not set,not set,11,not set,,,not set,not set,0,not set,BathroomLightCommanded,16.2,82.0,not set,not set,not set,not set,not set,not set,0,not set,5.05,4.47,164,4.45,47,16,43,14,high,normal,on,on,0.98,0.985,0.98,0.975
2018-01-04,08:10,not set,not set,not set,not set,11,not set,,,not set,not set,0,not set,BathroomLightCommanded,16.2,82.2,not set,not set,not set,not set,not set,not set,0,not set,5.05,4.47,164,4.45,47,16,43,15,high,normal,on,on,0.975,0.985,0.98,0.99
2018-01-04,08:10,not set,not set,not set,not set,12,not set,,,not set,not set,0,not set,BathroomLightCommanded,16.2,82.3,not set,not set,not set,not set,not set,not set,0,not set,5.05,4.47,164,4.45,47,16,43,14,high,normal,on,on,0.965,0.975,0.98,0.98
2018-01-04,08:10,not set,not set,not set,not set,7,not set,,,not set,not set,0,not set,BathroomLightCommanded,16.2,82.1,not set,not set,not set,not set,not set,not set,0,not set,5.05,4.47,164,4.45,47,16,43,14,high,normal,on,on,0.975,0.985,0.975,0.98
2018-01-04,08:11,not set,not set,not set,not set,10,not set,,,not set,not set,0,not set,BathroomLightCommanded,16.2,82.3,not set,not set,not set,not set,not set,not set,0,not set,5.05,4.47,164,4.45,47,16,43,14,high,normal,on,on,0.98,0.98,0.97,0.975
2018-01-04,08:11,not set,not set,not set,not set,10,not set,,,not set,not set,0,not set,BathroomLightCommanded,16.2,82.2,not set,not set,not set,not set,not set,not set,0,not set,5.05,4.47,164,4.45,47,16,43,14,high,normal,on,on,0.985,0.975,0.975,0.98
2018-01-04,08:12,not set,not set,not set,not set,10,not set,,,not set,not set,0,not set,BathroomLightCommanded,16.2,82.1,not set,not set,not set,not set,not set,not set,0,not set,5.05,4.47,164,4.45,47,16,43,14,high,normal,on,on,0.985,0.99,0.985,0.985
2018-01-04,08:12,not set,not set,not set,not set,11,not set,,,not set,not set,0,not set,BathroomLightCommanded,16.2,82.0,not set,not set,not set,not set,not set,not set,0,not set,5.05,4.47,164,4.45,47,16,43,14,high,normal,on,on,0.98,0.98,0.975,0.995
2018-01-04,08:12,not set,not set,not set,not set,13,not set,,,not set,not set,0,not set,BathroomLightCommanded,16.2,82.2,not set,not set,not set,not set,not set,not set,0,not set,5.05,4.47,164,4.45,47,16,43,15,high,normal,on,on,0.98,0.98,0.98,0.985
2018-01-04,08:13,not set,not set,not set,not set,12,not set,,,not set,not set,0,not set,BathroomLightCommanded,16.2,82.0,not set,not set,not set,not set,not set,not set,0,not set,5.05,4.47,164,4.45,47,16,43,14,high,normal,on,on,0.98,0.985,0.99,0.985
2018-01-04,08:13,not set,not set,not set,not set,14,not set,,,not set,not set,0,not set,BathroomLightCommanded,16.2,82.2,not set,not set,not set,not set,not set,not set,0,not set,5.05,4.47,164,4.45,48,16,43,14,high,normal,on,on,0.975,0.98,0.98,0.975
2018-01-04,08:13,not set,not set,not set,not set,15,not set,,,not set,not set,0,not set,BathroomLightCommanded,16.2,82.1,not set,not set,not set,not set,not set,not set,0,not set,5.05,4.47,164,4.45,47,16,43,14,high,normal,on,on,0.985,0.98,0.985,0.985
2018-01-04,08:14,not set,not set,not set,not set,14,not set,,,not set,not set,0,not set,BathroomLightCommanded,16.2,82.0,not set,not set,not set,not set,not set,not set,0,not set,5.05,4.47,164,4.45,47,16,43,15,high,normal,on,on,0.98,0.975,0.965,0.98
2018-01-04,08:14,not set,not set,not set,not set,16,not set,,,not set,not set,0,not set,BathroomLightCommanded,16.2,81.9,not set,not set,not set,not set,not set,not set,0,not set,5.05,4.47,164,4.45,47,16,43,14,high,normal,on,on,0.98,0.985,0.975,0.98
2018-01-04,08:15,not set,not set,not set,not set,18,not set,,,not set,not set,0,not set,BathroomLightCommanded,16.2,82.1,not set,not set,not set,not set,not set,not set,0,not set,5.05,4.47,164,4.45,46,16,43,15,high,normal,on,on,0.985,0.985,0.98,0.98
2018-01-04,08:15,not set,not set,not set,not set,16,not set,,,not set,not set,0,not set,BathroomLightCommanded,16.2,82.2,not set,not set,not set,not set,not set,not set,0,not set,5.05,4.47,164,4.45,47,16,43,14,high,normal,on,on,0.975,0.985,0.985,0.975
2018-01-04,08:15,not set,not set,not set,not set,18,not set,,,not set,not set,0,not set,BathroomLightCommanded,16.2,82.0,not set,not set,not set,not set,not set,not set,0,not set,5.05,4.47,164,4.45,46,16,42,14,high,normal,on,on,0.99,0.975,0.965,0.97
2018-01-04,08:16,not set,not set,not set,not set,22,not set,,,not set,not set,0,not set,BathroomLightCommanded,16.2,81.9,not set,not set,not set,not set,not set,not set,0,not set,5.05,4.47,164,4.45,47,16,42,14,high,normal,on,on,0.98,0.985,0.975,0.98
2018-01-04,08:16,not set,not set,not set,not set,19,not set,,,not set,not set,0,not set,BathroomLightCommanded,16.2,81.9,not set,not set,not set,not set,not set,not set,0,not set,5.05,4.47,164,4.45,47,16,43,14,high,normal,on,on,0.975,0.98,0.97,0.975
2018-01-04,08:17,not set,not set,not set,not set,20,not set,,,not set,not set,0,not set,BathroomLightCommanded,16.2,82.1,not set,not set,not set,not set,not set,not set,0,not set,5.05,4.47,164,4.45,48,16,42,14,high,normal,on,on,0.99,0.975,0.97,0.99
2018-01-04,08:17,not set,not set,not set,not set,20,not set,,,not set,not set,0,not set,BathroomLightCommanded,16.2,82.0,not set,not set,not set,not set,not set,not set,0,not set,5.05,4.47,164,4.45,47,16,42,14,high,normal,on,on,0.985,1.005,0.98,0.99
2018-01-04,08:17,not set,not set,not set,not set,24,not set,,,not set,not set,0,not set,BathroomLightCommanded,16.2,82.1,not set,not set,not set,not set,not set,not set,0,not set,5.05,4.47,164,4.45,47,16,43,14,high,normal,on,on,0.99,1.0,0.975,0.985
2018-01-04,08:18,not set,not set,not set,not set,25,not set,,,not set,not set,0,not set,BathroomLightCommanded,16.2,82.0,not set,not set,not set,not set,not set,not set,0,not set,5.05,4.47,164,4.45,47,16,42,14,high,normal,on,on,0.995,0.985,0.985,0.985
2018-01-04,08:18,not set,not set,not set,not set,26,not set,,,not set,not set,0,not set,BathroomLightCommanded,16.2,82.0,not set,not set,not set,not set,not set,not set,0,not set,5.05,4.47,164,4.45,47,16,43,14,high,normal,on,on,0.975,0.975,0.975,0.975
2018-01-04,08:18,not set,not set,not set,not set,25,not set,,,not set,not set,0,not set,BathroomLightCommanded,16.2,82.0,not set,not set,not set,not set,not set,not set,0,not set,5.05,4.47,164,4.45,47,16,43,14,high,normal,on,on,0.985,0.98,0.98,0.98
2018-01-04,08:19,not set,not set,not set,not set,22,not set,,,not set,not set,0,not set,BathroomLightCommanded,16.2,82.0,not set,not set,not set,not set,not set,not set,0,not set,5.05,4.47,164,4.45,47,16,42,14,high,normal,on,on,0.99,0.98,0.975,0.985
2018-01-04,08:19,not set,not set,not set,not set,26,not set,,,not set,not set,0,not set,BathroomLightCommanded,16.2,82.1,not set,not set,not set,not set,not set,not set,0,not set,5.05,4.47,164,4.45,47,16,42,14,high,normal,on,on,0.98,0.985,0.98,0.98
2018-01-04,08:20,not set,not set,not set,not set,24,not set,,,not set,not set,0,not set,BathroomLightCommanded,16.2,82.0,not set,not set,not set,not set,not set,not set,0,not set,5.05,4.47,164,4.45,47,16,42,14,high,normal,on,on,0.98,0.985,0.985,0.97
2018-01-04,08:20,not set,not set,not set,not set,28,not set,,,not set,not set,0,not set,BathroomLightCommanded,16.2,82.1,not set,not set,not set,not set,not set,not set,0,not set,5.05,4.47,164,4.45,47,16,43,14,high,normal,on,on,0.98,0.98,0.975,0.98
2018-01-04,08:20,not set,not set,not set,not set,29,not set,,,not set,not set,0,not set,BathroomLightCommanded,16.2,82.0,not set,not set,not set,not set,not set,not set,0,not set,5.05,4.47,164,4.45,47,16,42,15,high,normal,on,on,0.975,0.97,0.98,0.975
2018-01-04,08:21,not set,not set,not set,not set,25,not set,,,not set,not set,0,not set,BathroomLightCommanded,16.2,82.1,not set,not set,not set,not set,not set,not set,0,not set,5.05,4.47,164,4.45,47,16,42,14,high,normal,on,on,0.985,0.98,0.995,0.99
2018-01-04,08:21,not set,not set,not set,not set,25,not set,,,not set,not set,0,not set,BathroomLightCommanded,16.2,82.0,not set,not set,not set,not set,not set,not set,0,not set,5.05,4.47,164,4.45,47,16,42,14,high,normal,on,on,0.98,0.975,0.975,0.98
2018-01-04,08:22,not set,not set,not set,not set,27,not set,,,not set,not set,0,not set,BathroomLightCommanded,16.2,81.8,not set,not set,not set,not set,not set,not set,0,not set,5.05,4.47,164,4.45,47,16,42,14,high,normal,on,on,0.975,0.985,0.965,0.985
2018-01-04,08:22,not set,not set,not set,not set,26,not set,,,not set,not set,0,not set,BathroomLightCommanded,16.2,81.7,not set,not set,not set,not set,not set,not set,0,not set,5.05,4.47,164,4.45,46,16,42,14,high,normal,on,on,0.975,0.985,0.975,0.975
2018-01-04,08:22,not set,not set,not set,not set,26,not set,,,not set,not set,0,not set,BathroomLightCommanded,16.2,81.7,not set,not set,not set,not set,not set,not set,0,not set,5.05,4.47,164,4.45,47,17,42,14,high,normal,on,on,0.985,0.98,0.985,0.985
2018-01-04,08:23,not set,not set,not set,not set,27,not set,,,not set,not set,0,not set,BathroomLightCommanded,16.2,81.7,not set,not set,not set,not set,not set,not set,0,not set,5.05,4.47,164,4.45,47,16,43,14,high,normal,on,on,0.975,0.985,0.975,0.975
2018-01-04,08:23,not set,not set,not set,not set,30,not set,,,not set,not set,0,not set,BathroomLightCommanded,16.2,81.8,not set,not set,not set,not set,not set,not set,0,not set,5.05,4.47,164,4.45,47,17,42,14,high,normal,on,on,0.975,0.995,0.975,0.98
2018-01-04,08:23,not set,not set,not set,not set,26,not set,,,not set,not set,0,not set,BathroomLightCommanded,16.2,81.7,not set,not set,not set,not set,not set,not set,0,not set,5.05,4.47,164,4.45,46,16,42,15,high,normal,on,on,0.975,0.975,0.98,0.995
2018-01-04,08:24,not set,not set,not set,not set,31,not set,,,not set,not set,0,not set,BathroomLightCommanded,16.2,81.7,not set,not set,not set,not set,not set,not set,0,not set,5.05,4.47,164,4.45,46,16,42,14,high,normal,on,on,0.98,0.99,0.97,0.98
2018-01-04,08:24,not set,not set,not set,not set,29,not set,,,not set,not set,0,not set,BathroomLightCommanded,16.2,81.9,not set,not set,not set,not set,not set,not set,0,not set,5.05,4.47,164,4.45,46,16,42,14,high,normal,on,on,0.985,0.98,0.975,0.98
2018-01-04,08:25,not set,not set,not set,not set,27,not set,,,not set,not set,0,not set,BathroomLightCommanded,16.2,81.8,not set,not set,not set,not set,not set,not set,0,not set,5.05,4.47,164,4.45,46,16,42,14,high,normal,on,on,0.985,0.985,0.995,0.99
2018-01-04,08:25,not set,not set,not set,not set,30,not set,,,not set,not set,0,not set,BathroomLightCommanded,16.2,81.8,not set,not set,not set,not set,not set,not set,0,not set,5.05,4.47,164,4.45,46,16,42,14,high,normal,on,on,0.98,0.98,0.985,0.97
2018-01-04,08:25,not set,not set,not set,not set,32,not set,,,not set,not set,0,not set,BathroomLightCommanded,16.2,81.6,not set,not set,not set,not set,not set,not set,0,not set,5.05,4.47,164,4.45,46,16,42,14,high,normal,on,on,0.975,0.985,0.96,0.975
2018-01-04,08:26,not set,not set,not set,not set,31,not set,,,not set,not set,0,not set,BathroomLightCommanded,16.2,81.7,not set,not set,not set,not set,not set,not set,0,not set,5.05,4.47,164,4.45,46,16,42,14,high,normal,on,on,0.965,0.99,0.98,0.98
2018-01-04,08:26,not set,not set,not set,not set,28,not set,,,not set,not set,0,not set,BathroomLightCommanded,16.2,81.8,not set,not set,not set,not set,not set,not set,0,not set,5.05,4.47,164,4.45,46,16,42,14,high,normal,on,on,0.995,0.975,0.99,0.98
2018-01-04,08:27,not set,not set,not set,not set,30,not set,,,not set,not set,0,not set,BathroomLightCommanded,16.2,81.7,not set,not set,not set,not set,not set,not set,0,not set,5.05,4.47,164,4.45,48,16,42,14,high,normal,on,on,0.98,0.99,0.985,0.985
2018-01-04,08:27,not set,not set,not set,not set,33,not set,,,not set,not set,0,not set,BathroomLightCommanded,16.2,81.5,not set,not set,not set,not set,not set,not set,0,not set,5.05,4.47,164,4.45,46,16,42,14,high,normal,on,on,1.005,0.99,0.99,0.985
2018-01-04,08:27,not set,not set,not set,not set,34,not set,,,not set,not set,0,not set,BathroomLightCommanded,16.2,81.5,not set,not set,not set,not set,not set,not set,0,not set,5.05,4.47,164,4.45,46,16,42,14,high,normal,on,on,0.98,0.98,0.97,0.99
2018-01-04,08:28,not set,not set,not set,not set,35,not set,,,not set,not set,0,not set,BathroomLightCommanded,16.2,81.6,not set,not set,not set,not set,not set,not set,0,not set,5.05,4.47,164,4.45,46,16,42,14,high,normal,on,on,0.98,0.995,0.985,0.985
2018-01-04,08:28,not set,not set,not set,not set,35,not set,,,not set,not set,0,not set,BathroomLightCommanded,16.2,81.6,not set,not set,not set,not set,not set,not set,0,not set,5.05,4.47,164,4.45,47,16,42,14,high,normal,on,on,0.98,0.99,0.98,0.98
2018-01-04,08:28,not set,not set,not set,not set,34,not set,,,not set,not set,0,not set,BathroomLightCommanded,16.2,81.7,not set,not set,not set,not set,not set,not set,0,not set,5.05,4.47,164,4.45,46,16,42,14,high,normal,on,on,0.98,0.98,0.975,0.975
2018-01-04,08:29,not set,not set,not set,not set,35,not set,,,not set,not set,0,not set,BathroomLightCommanded,16.2,81.6,not set,not set,not set,not set,not set,not set,0,not set,5.05,4.47,164,4.45,46,16,42,14,high,normal,on,on,0.99,0.99,0.995,0.995
2018-01-04,08:29,not set,not set,not set,not set,38,not set,,,not set,not set,0,not set,BathroomLightCommanded,16.2,81.3,not set,not set,not set,not set,not set,not set,0,not set,5.05,4.47,164,4.45,47,16,42,14,high,normal,on,on,0.985,0.97,0.98,0.99
2018-01-04,08:30,not set,not set,not set,not set,37,not set,,,not set,not set,0,not set,BathroomLightCommanded,16.2,81.5,not set,not set,not set,not set,not set,not set,0,not set,5.05,4.47,164,4.45,47,16,43,14,high,normal,on,on,0.965,0.995,0.97,0.985
2018-01-04,08:30,not set,not set,not set,not set,35,not set,,,not set,not set,0,not set,BathroomLightCommanded,16.2,81.5,not set,not set,not set,not set,not set,not set,0,not set,5.05,4.47,164,4.45,46,16,42,14,high,normal,on,on,0.985,0.98,0.975,0.98
2018-01-04,08:30,not set,not set,not set,not set,35,not set,,,not set,not set,0,not set,BathroomLightCommanded,16.2,81.6,not set,not set,not set,not set,not set,not set,0,not set,5.05,4.47,164,4.45,46,16,42,14,high,normal,on,on,0.99,0.985,0.98,0.98
2018-01-04,08:31,not set,not set,not set,not set,35,not set,,,not set,not set,0,not set,BathroomLightCommanded,16.2,81.6,not set,not set,not set,not set,not set,not set,0,not set,5.05,4.47,164,4.45,46,16,42,14,high,normal,on,on,0.98,0.98,0.99,0.99
2018-01-04,08:31,not set,not set,not set,not set,39,not set,,,not set,not set,0,not set,BathroomLightCommanded,16.2,81.4,not set,not set,not set,not set,not set,not set,0,not set,5.05,4.47,164,4.45,46,16,42,14,high,normal,on,on,0.975,0.99,0.99,0.99
2018-01-04,08:32,not set,not set,not set,not set,35,not set,,,not set,not set,0,not set,BathroomLightCommanded,16.2,81.3,not set,not set,not set,not set,not set,not set,0,not set,5.05,4.47,164,4.45,46,16,41,14,high,normal,on,on,0.995,0.985,0.985,0.975
2018-01-04,08:32,not set,not set,not set,not set,32,not set,,,not set,not set,0,not set,BathroomLightCommanded,16.2,81.5,not set,not set,not set,not set,not set,not set,0,not set,5.05,4.47,164,4.45,46,16,42,15,high,normal,on,on,0.98,0.985,0.985,0.995
2018-01-04,08:32,not set,not set,not set,not set,32,not set,,,not set,not set,0,not set,BathroomLightCommanded,16.2,81.5,not set,not set,not set,not set,not set,not set,0,not set,5.05,4.47,164,4.45,46,16,42,15,high,normal,on,on,0.97,0.975,0.975,0.98
2018-01-04,08:33,not set,not set,not set,not set,34,not set,,,not set,not set,0,not set,BathroomLightCommanded,16.2,81.5,not set,not set,not set,not set,not set,not set,0,not set,5.05,4.47,164,4.45,46,16,42,15,high,normal,on,on,0.97,0.985,0.97,0.975
2018-01-04,08:33,not set,not set,not set,not set,32,not set,,,not set,not set,0,not set,BathroomLightCommanded,16.2,81.6,not set,not set,not set,not set,not set,not set,0,not set,5.05,4.47,164,4.45,46,16,42,14,high,normal,on,on,0.985,0.98,0.97,0.985
2018-01-04,08:33,not set,not set,not set,not set,32,not set,,,not set,not set,0,not set,BathroomLightCommanded,16.1,81.5,not set,not set,not set,not set,not set,not set,0,not set,5.05,4.47,164,4.45,47,16,42,14,high,normal,on,on,0.98,0.975,0.98,0.985
2018-01-04,08:34,not set,not set,not set,not set,34,not set,,,not set,not set,0,not set,BathroomLightCommanded,16.2,81.6,not set,not set,not set,not set,not set,not set,0,not set,5.05,4.47,164,4.45,47,16,41,15,high,normal,on,on,0.98,0.98,0.985,0.985
2018-01-04,08:34,not set,not set,not set,not set,35,not set,,,not set,not set,0,not set,BathroomLightCommanded,16.2,81.5,not set,not set,not set,not set,not set,not set,0,not set,5.05,4.47,164,4.45,48,16,43,14,high,normal,on,on,0.98,0.985,0.985,0.99
2018-01-04,08:35,not set,not set,not set,not set,33,not set,,,not set,not set,0,not set,BathroomLightCommanded,16.2,81.4,not set,not set,not set,not set,not set,not set,0,not set,5.05,4.47,164,4.45,46,16,42,14,high,normal,on,on,0.99,0.985,0.98,0.985
2018-01-04,08:35,not set,not set,not set,not set,36,not set,,,not set,not set,0,not set,BathroomLightCommanded,16.2,81.3,not set,not set,not set,not set,not set,not set,0,not set,5.05,4.47,164,4.45,46,16,41,14,high,normal,on,on,0.985,0.985,0.985,0.995
2018-01-04,08:35,not set,not set,not set,not set,40,not set,,,not set,not set,0,not set,BathroomLightCommanded,16.2,81.3,not set,not set,not set,not set,not set,not set,0,not set,5.05,4.47,164,4.45,46,16,42,15,high,normal,on,on,0.99,0.97,0.985,0.99
2018-01-04,08:36,not set,not set,not set,not set,42,not set,,,not set,not set,0,not set,BathroomLightCommanded,16.2,81.2,not set,not set,not set,not set,not set,not set,0,not set,5.05,4.47,164,4.45,46,16,42,14,high,normal,on,on,0.98,0.985,0.98,0.99
2018-01-04,08:36,not set,not set,not set,not set,45,not set,,,not set,not set,0,not set,BathroomLightCommanded,16.2,81.3,not set,not set,not set,not set,not set,not set,0,not set,5.05,4.47,164,4.45,47,16,42,14,high,normal,on,on,0.965,0.985,0.97,0.985
2018-01-04,08:37,not set,not set,not set,not set,43,not set,,,not set,not set,0,not set,BathroomLightCommanded,16.2,81.3,not set,not set,not set,not set,not set,not set,0,not set,5.05,4.47,164,4.45,46,16,41,15,high,normal,on,on,0.975,0.98,0.99,0.98
2018-01-04,08:37,not set,not set,not set,not set,49,not set,,,not set,not set,0,not set,BathroomLightCommanded,16.1,81.1,not set,not set,not set,not set,not set,not set,0,not set,5.05,4.47,164,4.45,46,16,41,14,high,normal,on,on,0.985,0.97,0.985,0.985
2018-01-04,08:37,not set,not set,not set,not set,49,not set,,,not set,not set,0,not set,BathroomLightCommanded,16.2,81.4,not set,not set,not set,not set,not set,not set,0,not set,5.05,4.47,164,4.45,46,16,41,14,high,normal,on,on,0.98,0.99,0.97,0.985
2018-01-04,08:38,not set,not set,not set,not set,47,not set,,,not set,not set,0,not set,BathroomLightCommanded,16.1,81.0,not set,not set,not set,not set,not set,not set,0,not set,5.05,4.47,164,4.45,46,16,41,14,high,normal,on,on,0.98,0.985,0.975,0.985
2018-01-04,08:38,not set,not set,not set,not set,49,not set,,,not set,not set,0,not set,BathroomLightCommanded,16.1,81.3,not set,not set,not set,not set,not set,not set,0,not set,5.05,4.47,164,4.45,46,16,41,15,high,normal,on,on,0.985,0.97,0.99,0.99
2018-01-04,08:38,not set,not set,not set,not set,42,not set,,,not set,not set,0,not set,BathroomLightCommanded,16.1,81.0,not set,not set,not set,not set,not set,not set,0,not set,5.05,4.47,164,4.45,46,16,41,14,high,normal,on,on,0.98,0.98,0.985,0.985
2018-01-04,08:39,not set,not set,not set,not set,42,not set,,,not set,not set,0,not set,BathroomLightCommanded,16.2,81.3,not set,not set,not set,not set,not set,not set,0,not set,5.05,4.47,164,4.45,46,16,41,14,high,normal,on,on,0.975,0.99,0.985,0.985
2018-01-04,08:39,not set,not set,not set,not set,44,not set,,,not set,not set,0,not set,BathroomLightCommanded,16.1,81.3,not set,not set,not set,not set,not set,not set,0,not set,5.05,4.47,164,4.45,46,16,41,15,high,normal,on,on,0.97,0.985,0.98,0.98
2018-01-04,08:40,not set,not set,not set,not set,47,not set,,,not set,not set,0,not set,BathroomLightCommanded,16.1,81.2,not set,not set,not set,not set,not set,not set,0,not set,5.05,4.47,164,4.45,48,16,42,14,high,normal,on,on,0.975,0.97,0.975,0.98
2018-01-04,08:40,not set,not set,not set,not set,49,not set,,,not set,not set,0,not set,BathroomLightCommanded,16.1,81.3,not set,not set,not set,not set,not set,not set,0,not set,5.05,4.47,164,4.45,46,16,41,14,high,normal,on,on,0.99,0.975,0.98,0.99
2018-01-04,08:40,not set,not set,not set,not set,52,not set,,,not set,not set,0,not set,BathroomLightCommanded,16.1,81.1,not set,not set,not set,not set,not set,not set,0,not set,5.05,4.47,164,4.45,47,16,42,15,high,normal,on,on,0.985,0.985,0.97,0.985
2018-01-04,08:41,not set,not set,not set,not set,56,not set,,,not set,not set,0,not set,BathroomLightCommanded,16.1,81.0,not set,not set,not set,not set,not set,not set,0,not set,5.05,4.47,164,4.45,46,16,41,14,high,normal,on,on,0.985,0.97,0.98,0.98
2018-01-04,08:41,not set,not set,not set,not set,59,not set,,,not set,not set,0,not set,BathroomLightCommanded,16.1,81.1,not set,not set,not set,not set,not set,not set,0,not set,5.05,4.47,164,4.45,46,16,41,14,high,normal,on,on,0.975,0.99,0.975,0.98
2018-01-04,08:42,not set,not set,not set,not set,65,not set,,,not set,not set,0,not set,BathroomLightCommanded,16.1,81.0,not set,not set,not set,not set,not set,not set,0,not set,5.05,4.47,164,4.45,46,16,41,14,high,normal,on,on,0.98,0.975,0.975,0.975
2018-01-04,08:42,not set,not set,not set,not set,65,not set,,,not set,not set,0,not set,BathroomLightCommanded,16.1,81.0,not set,not set,not set,not set,not set,not set,0,not set,5.05,4.47,164,4.45,47,16,41,14,high,normal,on,on,0.975,0.97,0.975,0.99
2018-01-04,08:42,not set,not set,not set,not set,70,not set,,,not set,not set,0,not set,BathroomLightCommanded,16.1,81.1,not set,not set,not set,not set,not set,not set,0,not set,5.05,4.47,164,4.45,46,16,42,15,high,normal,on,on,0.985,0.98,0.975,0.99
2018-01-04,08:43,not set,not set,not set,not set,69,not set,,,not set,not set,0,not set,BathroomLightCommanded,16.1,81.4,not set,not set,not set,not set,not set,not set,0,not set,5.05,4.47,164,4.45,47,16,41,14,high,normal,on,on,0.98,0.98,0.97,0.985
2018-01-04,08:43,not set,not set,not set,not set,74,not set,,,not set,not set,0,not set,BathroomLightCommanded,16.1,81.0,not set,not set,not set,not set,not set,not set,0,not set,5.05,4.47,164,4.45,46,16,41,14,high,normal,on,on,0.99,0.975,0.975,0.985
2018-01-04,08:43,not set,not set,not set,not set,77,not set,,,not set,not set,0,not set,BathroomLightCommanded,16.1,81.0,not set,not set,not set,not set,not set,not set,0,not set,5.05,4.47,164,4.45,46,16,41,14,high,normal,on,on,0.98,0.975,0.975,0.98
2018-01-04,08:44,not set,not set,not set,not set,76,not set,,,not set,not set,0,not set,BathroomLightCommanded,16.1,80.9,not set,not set,not set,not set,not set,not set,0,not set,5.05,4.47,164,4.45,47,16,41,14,high,normal,on,on,0.965,0.965,0.975,0.975
2018-01-04,08:44,not set,not set,not set,not set,79,not set,,,not set,not set,0,not set,BathroomLightCommanded,16.1,81.0,not set,not set,not set,not set,not set,not set,0,not set,5.05,4.47,164,4.45,47,16,41,14,high,normal,on,on,0.985,0.995,0.98,0.985
2018-01-04,08:45,not set,not set,not set,not set,80,not set,,,not set,not set,0,not set,BathroomLightCommanded,16.1,80.9,not set,not set,not set,not set,not set,not set,0,not set,5.05,4.47,164,4.45,46,16,41,14,high,normal,on,on,0.98,0.995,1.0,0.99
2018-01-04,08:45,not set,not set,not set,not set,84,not set,,,not set,not set,0,not set,BathroomLightCommanded,16.1,80.9,not set,not set,not set,not set,not set,not set,0,not set,5.05,4.47,164,4.45,46,16,41,14,high,normal,on,on,0.975,0.99,0.985,0.98
2018-01-04,08:45,not set,not set,not set,not set,87,not set,,,not set,not set,0,not set,BathroomLightCommanded,16.1,80.9,not set,not set,not set,not set,not set,not set,0,not set,5.05,4.47,164,4.45,46,16,41,14,high,normal,on,on,0.985,0.98,0.98,0.99
2018-01-04,08:46,not set,not set,not set,not set,94,not set,,,not set,not set,0,not set,BathroomLightCommanded,16.1,80.9,not set,not set,not set,not set,not set,not set,0,not set,5.05,4.47,164,4.45,46,16,41,14,high,normal,on,on,0.985,0.98,0.975,0.995
2018-01-04,08:46,not set,not set,not set,not set,98,not set,,,not set,not set,0,not set,BathroomLightCommanded,16.1,80.9,not set,not set,not set,not set,not set,not set,0,not set,5.05,4.47,164,4.45,46,16,41,14,high,normal,on,on,0.97,0.98,0.98,0.98
2018-01-04,08:47,not set,not set,not set,not set,99,not set,,,not set,not set,0,not set,BathroomLightCommanded,16.1,81.1,not set,not set,not set,not set,not set,not set,0,not set,5.05,4.47,164,4.45,46,16,41,14,high,normal,on,on,0.98,0.98,0.975,0.985
2018-01-04,08:47,not set,not set,not set,not set,100,not set,,,not set,not set,0,not set,BathroomLightCommanded,16.1,81.0,not set,not set,not set,not set,not set,not set,0,not set,5.05,4.47,164,4.45,46,16,41,15,high,normal,on,on,0.975,0.99,0.965,0.98
2018-01-04,08:47,not set,not set,not set,not set,98,not set,,,not set,not set,0,not set,BathroomLightCommanded,16.1,81.0,not set,not set,not set,not set,not set,not set,0,not set,5.05,4.47,164,4.45,46,16,41,14,high,normal,on,on,0.985,0.975,0.985,0.975
2018-01-04,08:48,not set,not set,not set,not set,96,not set,,,not set,not set,0,not set,BathroomLightCommanded,16.1,80.8,not set,not set,not set,not set,not set,not set,0,not set,5.05,4.47,164,4.45,46,16,41,14,high,normal,on,on,0.97,0.99,0.99,0.985
2018-01-04,08:48,not set,not set,not set,not set,94,not set,,,not set,not set,0,not set,BathroomLightCommanded,16.1,80.9,not set,not set,not set,not set,not set,not set,0,not set,5.05,4.47,164,4.45,46,16,41,15,high,normal,on,on,0.99,0.98,0.985,0.99
2018-01-04,08:48,not set,not set,not set,not set,93,not set,,,not set,not set,0,not set,BathroomLightCommanded,16.1,80.8,not set,not set,not set,not set,not set,not set,0,not set,5.05,4.47,164,4.45,46,16,41,14,high,normal,on,on,0.985,0.975,0.98,0.97
2018-01-04,08:49,not set,not set,not set,not set,94,not set,,,not set,not set,0,not set,BathroomLightCommanded,16.1,80.7,not set,not set,not set,not set,not set,not set,0,not set,5.05,4.47,164,4.45,47,16,41,14,high,normal,on,on,0.985,0.98,0.98,0.98
2018-01-04,08:49,not set,not set,not set,not set,93,not set,,,not set,not set,0,not set,BathroomLightCommanded,16.1,80.7,not set,not set,not set,not set,not set,not set,0,not set,5.05,4.47,164,4.45,46,16,41,15,high,normal,on,on,0.98,0.98,0.955,0.975
2018-01-04,08:50,not set,not set,not set,not set,99,not set,,,not set,not set,0,not set,BathroomLightCommanded,16.1,80.8,not set,not set,not set,not set,not set,not set,0,not set,5.05,4.47,164,4.45,46,16,41,14,high,normal,on,on,0.975,0.98,0.975,0.98
2018-01-04,08:50,not set,not set,not set,not set,98,not set,,,not set,not set,0,not set,BathroomLightCommanded,16.1,80.8,not set,not set,not set,not set,not set,not set,0,not set,5.05,4.47,164,4.45,46,17,41,14,high,normal,on,on,0.98,0.975,0.985,0.975
2018-01-04,08:50,not set,not set,not set,not set,107,not set,,,not set,not set,0,not set,BathroomLightCommanded,16.1,80.8,not set,not set,not set,not set,not set,not set,0,not set,5.05,4.47,164,4.45,46,16,41,14,high,normal,on,on,0.97,0.97,0.98,0.98
2018-01-04,08:51,not set,not set,not set,not set,102,not set,,,not set,not set,0,not set,BathroomLightCommanded,16.1,80.8,not set,not set,not set,not set,not set,not set,0,not set,5.05,4.47,164,4.45,46,16,41,14,high,normal,on,on,0.98,0.99,0.995,0.99
2018-01-04,08:51,not set,not set,not set,not set,104,not set,,,not set,not set,0,not set,BathroomLightCommanded,16.1,80.6,not set,not set,not set,not set,not set,not set,0,not set,5.05,4.47,164,4.45,46,16,41,14,high,normal,on,on,0.98,0.985,0.985,0.99
2018-01-04,08:52,not set,not set,not set,not set,106,not set,,,not set,not set,0,not set,BathroomLightCommanded,16.1,80.6,not set,not set,not set,not set,not set,not set,0,not set,5.05,4.47,164,4.45,46,16,41,14,high,normal,on,on,0.97,0.98,0.96,0.975
2018-01-04,08:52,not set,not set,not set,not set,114,not set,,,not set,not set,0,not set,BathroomLightCommanded,16.1,80.7,not set,not set,not set,not set,not set,not set,0,not set,5.05,4.47,164,4.45,46,16,41,14,high,normal,on,on,0.975,0.98,0.965,0.98
2018-01-04,08:52,not set,not set,not set,not set,116,not set,,,not set,not set,0,not set,BathroomLightCommanded,16.1,80.7,not set,not set,not set,not set,not set,not set,0,not set,5.05,4.47,164,4.45,46,16,41,14,high,normal,on,on,0.975,0.98,0.975,0.99
2018-01-04,08:53,not set,not set,not set,not set,119,not set,,,not set,not set,0,not set,BathroomLightCommanded,16.1,80.7,not set,not set,not set,not set,not set,not set,0,not set,5.05,4.47,164,4.45,47,16,41,14,high,normal,on,on,0.975,0.965,0.98,0.975
2018-01-04,08:53,not set,not set,not set,not set,122,not set,,,not set,not set,0,not set,BathroomLightCommanded,16.1,80.7,not set,not set,not set,not set,not set,not set,0,not set,5.05,4.47,164,4.45,47,16,41,14,high,normal,on,on,0.98,0.975,0.965,0.98
2018-01-04,08:53,not set,not set,not set,not set,126,not set,,,not set,not set,0,not set,BathroomLightCommanded,16.1,80.8,not set,not set,not set,not set,not set,not set,0,not set,5.05,4.47,164,4.45,46,16,41,14,high,normal,on,on,0.98,0.98,0.97,0.975
2018-01-04,08:54,not set,not set,not set,not set,131,not set,,,not set,not set,0,not set,BathroomLightCommanded,16.1,80.8,not set,not set,not set,not set,not set,not set,0,not set,5.05,4.47,164,4.45,46,16,42,14,high,normal,on,on,0.965,0.975,0.975,0.99
2018-01-04,08:54,not set,not set,not set,not set,129,not set,,,not set,not set,0,not set,BathroomLightCommanded,16.1,80.8,not set,not set,not set,not set,not set,not set,0,not set,5.05,4.47,164,4.45,46,16,41,14,high,normal,on,on,0.975,0.99,0.995,0.985
2018-01-04,08:55,not set,not set,not set,not set,129,not set,,,not set,not set,0,not set,BathroomLightCommanded,16.1,80.7,not set,not set,not set,not set,not set,not set,0,not set,5.05,4.47,164,4.45,46,16,41,14,high,normal,on,on,0.98,0.97,0.985,0.98
2018-01-04,08:55,not set,not set,not set,not set,130,not set,,,not set,not set,0,not set,BathroomLightCommanded,16.1,80.7,not set,not set,not set,not set,not set,not set,0,not set,5.05,4.47,164,4.45,46,17,41,14,high,normal,on,on,0.98,0.99,0.975,0.98
2018-01-04,08:55,not set,not set,not set,not set,125,not set,,,not set,not set,0,not set,BathroomLightCommanded,16.1,80.7,not set,not set,not set,not set,not set,not set,0,not set,5.05,4.47,164,4.45,46,16,41,14,high,normal,on,on,0.98,0.99,0.98,0.975
2018-01-04,08:56,not set,not set,not set,not set,130,not set,,,not set,not set,0,not set,BathroomLightCommanded,16.1,80.8,not set,not set,not set,not set,not set,not set,0,not set,5.05,4.47,164,4.45,46,16,41,14,high,normal,on,on,0.98,0.99,1.0,0.98
2018-01-04,08:56,not set,not set,not set,not set,128,not set,,,not set,not set,0,not set,BathroomLightCommanded,16.1,80.7,not set,not set,not set,not set,not set,not set,0,not set,5.05,4.47,164,4.45,46,16,41,15,high,normal,on,on,0.98,0.985,0.975,0.975
2018-01-04,08:57,not set,not set,not set,not set,128,not set,,,not set,not set,0,not set,BathroomLightCommanded,16.1,80.7,not set,not set,not set,not set,not set,not set,0,not set,5.05,4.47,164,4.45,47,16,40,15,high,normal,on,on,0.97,0.975,0.98,0.975
2018-01-04,08:57,not set,not set,not set,not set,129,not set,,,not set,not set,0,not set,BathroomLightCommanded,16.1,80.6,not set,not set,not set,not set,not set,not set,0,not set,5.05,4.47,164,4.45,46,16,41,14,high,normal,on,on,0.98,0.985,0.98,0.98
2018-01-04,08:57,not set,not set,not set,not set,127,not set,,,not set,not set,0,not set,BathroomLightCommanded,16.1,80.6,not set,not set,not set,not set,not set,not set,0,not set,5.05,4.47,164,4.45,46,16,42,15,high,normal,on,on,0.99,0.97,0.985,0.985
2018-01-04,08:58,not set,not set,not set,not set,126,not set,,,not set,not set,0,not set,BathroomLightCommanded,16.1,80.7,not set,not set,not set,not set,not set,not set,0,not set,5.05,4.47,164,4.45,46,16,42,14,high,normal,on,on,0.98,0.975,0.97,0.99
2018-01-04,08:58,not set,not set,not set,not set,126,not set,,,not set,not set,0,not set,BathroomLightCommanded,16.1,80.5,not set,not set,not set,not set,not set,not set,0,not set,5.05,4.47,164,4.45,47,16,40,14,high,normal,on,on,1.115,1.065,1.09,1.105
2018-01-04,08:58,not set,not set,not set,not set,127,not set,,,not set,not set,0,not set,BathroomLightCommanded,16.1,80.4,not set,not set,not set,not set,not set,not set,0,not set,5.05,4.47,164,4.45,46,16,41,14,high,normal,on,on,1.11,1.1,1.095,1.09
2018-01-04,08:59,not set,not set,not set,not set,128,not set,,,not set,not set,0,not set,BathroomLightCommanded,16.1,80.3,not set,not set,not set,not set,not set,not set,0,not set,5.05,4.47,164,4.45,46,16,41,14,high,normal,on,on,1.09,1.065,1.085,1.095
2018-01-04,08:59,not set,not set,not set,not set,128,not set,,,not set,not set,0,not set,BathroomLightCommanded,16.1,80.5,not set,not set,not set,not set,not set,not set,0,not set,5.05,4.47,164,4.45,46,16,41,15,high,normal,on,on,1.085,1.085,1.095,1.095
2018-01-04,09:00,not set,not set,not set,not set,128,not set,,,not set,not set,0,not set,BathroomLightCommanded,16.1,80.4,not set,not set,not set,not set,not set,not set,0,not set,5.05,4.47,164,4.45,46,17,41,14,high,normal,on,on,1.08,1.065,1.075,1.07
2018-01-04,09:00,not set,not set,not set,not set,128,not set,,,not set,not set,0,not set,BathroomLightCommanded,16.1,80.6,not set,not set,not set,not set,not set,not set,0,not set,5.05,4.47,164,4.45,46,16,41,14,high,normal,on,on,1.07,1.075,1.06,1.065
2018-01-04,09:00,not set,not set,not set,not set,131,not set,,,not set,not set,0,not set,BathroomLightCommanded,16.1,80.5,not set,not set,not set,not set,not set,not set,0,not set,5.05,4.47,164,4.45,46,16,40,14,high,normal,on,on,1.055,1.05,1.045,1.065
2018-01-04,09:01,not set,not set,not set,not set,134,not set,,,not set,not set,0,not set,BathroomLightCommanded,16.1,80.5,not set,not set,not set,not set,not set,not set,0,not set,5.05,4.47,164,4.45,46,16,40,14,high,normal,on,on,1.05,1.045,1.035,1.05
2018-01-04,09:01,not set,not set,not set,not set,132,not set,,,not set,not set,0,not set,BathroomLightCommanded,16.1,80.5,not set,not set,not set,not set,not set,not set,0,not set,5.05,4.47,164,4.45,46,16,40,14,high,normal,on,on,1.05,1.035,1.04,1.04
2018-01-04,09:02,not set,not set,not set,not set,134,not set,,,not set,not set,0,not set,BathroomLightCommanded,16.1,80.3,not set,not set,not set,not set,not set,not set,0,not set,5.05,4.47,164,4.45,46,16,40,15,high,normal,on,on,1.035,1.04,1.025,1.04
2018-01-04,09:02,not set,not set,not set,not set,131,not set,,,not set,not set,0,not set,BathroomLightCommanded,16.1,80.4,not set,not set,not set,not set,not set,not set,0,not set,5.05,4.47,164,4.45,47,16,41,14,high,normal,on,on,1.035,1.025,1.03,1.035
2018-01-04,09:02,not set,not set,not set,not set,132,not set,,,not set,not set,0,not set,BathroomLightCommanded,16.1,80.5,not set,not set,not set,not set,not set,not set,0,not set,5.05,4.47,164,4.45,46,16,41,14,high,normal,on,on,1.02,1.035,1.025,1.04
2018-01-04,09:03,not set,not set,not set,not set,134,not set,,,not set,not set,0,not set,BathroomLightCommanded,16.1,80.6,not set,not set,not set,not set,not set,not set,0,not set,5.05,4.47,164,4.45,46,17,40,14,high,normal,on,on,1.025,1.025,1.015,1.02
2018-01-04,09:03,not set,not set,not set,not set,135,not set,,,not set,not set,0,not set,BathroomLightCommanded,16.1,80.4,not set,not set,not set,not set,not set,not set,0,not set,5.05,4.47,164,4.45,46,16,40,14,high,normal,on,on,1.02,1.025,1.02,1.035
2018-01-04,09:03,not set,not set,not set,not set,138,not set,,,not set,not set,0,not set,BathroomLightCommanded,16.1,80.4,not set,not set,not set,not set,not set,not set,0,not set,5.05,4.47,164,4.45,46,16,40,15,high,normal,on,on,1.015,1.025,1.015,1.03
2018-01-04,09:04,not set,not set,not set,not set,138,not set,,,not set,not set,0,not set,BathroomLightCommanded,16.1,80.4,not set,not set,not set,not set,not set,not set,0,not set,5.05,4.47,164,4.45,46,16,41,15,high,normal,on,on,1.01,1.025,1.015,1.03
2018-01-04,09:04,not set,not set,not set,not set,146,not set,,,not set,not set,0,not set,BathroomLightCommanded,16.1,80.4,not set,not set,not set,not set,not set,not set,0,not set,5.05,4.47,164,4.45,46,16,40,14,high,normal,on,on,1.005,1.035,1.015,1.025
2018-01-04,09:05,not set,not set,not set,not set,153,not set,,,not set,not set,0,not set,BathroomLightCommanded,16.1,80.2,not set,not set,not set,not set,not set,not set,0,not set,5.05,4.47,164,4.45,46,16,40,14,high,normal,on,on,1.015,1.025,1.025,1.03
2018-01-04,09:05,not set,not set,not set,not set,155,not set,,,not set,not set,0,not set,BathroomLightCommanded,16.1,80.0,not set,not set,not set,not set,not set,not set,0,not set,5.05,4.47,164,4.45,46,16,40,14,high,normal,on,on,1.03,1.02,1.02,1.02
2018-01-04,09:05,not set,not set,not set,not set,157,not set,,,not set,not set,0,not set,BathroomLightCommanded,16.1,80.4,not set,not set,not set,not set,not set,not set,0,not set,5.05,4.47,164,4.45,46,16,41,14,high,normal,on,on,1.035,1.035,1.025,1.04
2018-01-04,09:06,not set,not set,not set,not set,155,not set,,,not set,not set,0,not set,BathroomLightCommanded,16.1,80.4,not set,not set,not set,not set,not set,not set,0,not set,5.05,4.47,164,4.45,46,16,40,15,high,normal,on,on,1.025,1.025,1.02,1.035
2018-01-04,09:06,not set,not set,not set,not set,156,not set,,,not set,not set,0,not set,BathroomLightCommanded,16.1,80.1,not set,not set,not set,not set,not set,not set,0,not set,5.05,4.47,164,4.45,46,16,40,15,high,normal,on,on,1.04,1.025,1.015,1.015
2018-01-04,09:07,not set,not set,not set,not set,159,not set,,,not set,not set,0,not set,BathroomLightCommanded,16.1,80.3,not set,not set,not set,not set,not set,not set,0,not set,5.05,4.47,164,4.45,46,16,40,14,high,normal,on,on,1.03,1.02,1.015,1.025
2018-01-04,09:07,not set,not set,not set,not set,153,not set,,,not set,not set,0,not set,BathroomLightCommanded,16.1,80.2,not set,not set,not set,not set,not set,not set,0,not set,5.05,4.47,164,4.45,46,16,40,14,high,normal,on,on,1.03,1.03,1.025,1.015
2018-01-04,09:07,not set,not set,not set,not set,149,not set,,,not set,not set,0,not set,BathroomLightCommanded,16.1,80.5,not set,not set,not set,not set,not set,not set,0,not set,5.05,4.47,164,4.45,47,16,40,15,high,normal,on,on,1.03,1.025,1.015,1.01
2018-01-04,09:08,not set,not set,not set,not set,150,not set,,,not set,not set,0,not set,BathroomLightCommanded,16.1,80.3,not set,not set,not set,not set,not set,not set,0,not set,5.05,4.47,164,4.45,46,16,40,14,high,normal,on,on,1.015,1.01,1.01,1.02
2018-01-04,09:08,not set,not set,not set,not set,145,not set,,,not set,not set,0,not set,BathroomLightCommanded,16.1,80.3,not set,not set,not set,not set,not set,not set,0,not set,5.05,4.47,164,4.45,46,16,41,14,high,normal,on,on,1.01,1.01,1.015,1.025
2018-01-04,09:08,not set,not set,not set,not set,143,not set,,,not set,not set,0,not set,BathroomLightCommanded,16.1,80.0,not set,not set,not set,not set,not set,not set,0,not set,5.05,4.47,164,4.45,46,16,40,14,high,normal,on,on,1.02,1.02,1.015,1.02
2018-01-04,09:09,not set,not set,not set,not set,137,not set,,,not set,not set,0,not set,BathroomLightCommanded,16.1,80.0,not set,not set,not set,not set,not set,not set,0,not set,5.05,4.47,164,4.45,46,16,40,14,high,normal,on,on,1.005,1.015,1.01,1.015
2018-01-04,09:09,not set,not set,not set,not set,132,not set,,,not set,not set,0,not set,BathroomLightCommanded,16.1,80.2,not set,not set,not set,not set,not set,not set,0,not set,5.05,4.47,164,4.45,46,16,40,14,high,normal,on,on,1.02,1.02,1.02,1.03
2018-01-04,09:10,not set,not set,not set,not set,134,not set,,,not set,not set,0,not set,BathroomLightCommanded,16.1,80.3,not set,not set,not set,not set,not set,not set,0,not set,5.05,4.47,164,4.45,46,16,41,15,high,normal,on,on,1.02,1.025,1.02,1.025
2018-01-04,09:10,not set,not set,not set,not set,133,not set,,,not set,not set,0,not set,BathroomLightCommanded,16.1,80.0,not set,not set,not set,not set,not set,not set,0,not set,5.05,4.47,164,4.45,46,16,40,15,high,normal,on,on,1.005,1.02,1.015,1.035
2018-01-04,09:10,not set,not set,not set,not set,131,not set,,,not set,not set,0,not set,BathroomLightCommanded,16.1,80.0,not set,not set,not set,not set,not set,not set,0,not set,5.05,4.47,164,4.45,46,16,41,14,high,normal,on,on,1.02,1.035,1.025,1.03
2018-01-04,09:11,not set,not set,not set,not set,134,not set,,,not set,not set,0,not set,BathroomLightCommanded,16.1,80.2,not set,not set,not set,not set,not set,not set,0,not set,5.05,4.47,164,4.45,46,17,40,15,high,normal,on,on,1.02,1.02,1.02,1.015
2018-01-04,09:11,not set,not set,not set,not set,134,not set,,,not set,not set,0,not set,BathroomLightCommanded,16.1,80.2,not set,not set,not set,not set,not set,not set,0,not set,5.05,4.47,164,4.45,46,16,40,14,high,normal,on,on,1.035,1.02,1.025,1.025
2018-01-04,09:12,not set,not set,not set,not set,132,not set,,,not set,not set,0,not set,BathroomLightCommanded,16.1,80.0,not set,not set,not set,not set,not set,not set,0,not set,5.05,4.47,164,4.45,46,17,40,14,high,normal,on,on,1.02,1.025,1.015,1.025
2018-01-04,09:12,not set,not set,not set,not set,136,not set,,,not set,not set,0,not set,BathroomLightCommanded,16.1,80.0,not set,not set,not set,not set,not set,not set,0,not set,5.05,4.47,164,4.45,46,16,40,14,high,normal,on,on,1.03,1.0,1.02,1.03
2018-01-04,09:12,not set,not set,not set,not set,135,not set,,,not set,not set,0,not set,BathroomLightCommanded,16.1,80.0,not set,not set,not set,not set,not set,not set,0,not set,5.05,4.47,164,4.45,46,16,41,15,high,normal,on,on,1.02,1.03,1.025,1.03
2018-01-04,09:13,not set,not set,not set,not set,136,not set,,,not set,not set,0,not set,BathroomLightCommanded,16.1,80.3,not set,not set,not set,not set,not set,not set,0,not set,5.05,4.47,164,4.45,46,16,40,15,high,normal,on,on,1.03,1.035,1.015,1.035
2018-01-04,09:13,not set,not set,not set,not set,141,not set,,,not set,not set,0,not set,BathroomLightCommanded,16.1,80.1,not set,not set,not set,not set,not set,not set,0,not set,5.05,4.47,164,4.45,46,16,40,15,high,normal,on,on,1.025,1.03,1.03,1.025
2018-01-04,09:13,not set,not set,not set,not set,144,not set,,,not set,not set,0,not set,BathroomLightCommanded,16.1,80.1,not set,not set,not set,not set,not set,not set,0,not set,5.05,4.47,164,4.45,46,16,41,14,high,normal,on,on,1.015,1.03,1.03,1.025
2018-01-04,09:14,not set,not set,not set,not set,143,not set,,,not set,not set,0,not set,BathroomLightCommanded,16.1,80.0,not set,not set,not set,not set,not set,not set,0,not set,5.05,4.47,164,4.45,46,16,40,15,high,normal,on,on,1.025,1.035,1.03,1.025
2018-01-04,09:14,not set,not set,not set,not set,147,not set,,,not set,not set,0,not set,BathroomLightCommanded,16.1,80.1,not set,not set,not set,not set,not set,not set,0,not set,5.05,4.47,164,4.45,46,17,41,14,high,normal,on,on,1.025,1.03,1.02,1.05
2018-01-04,09:15,not set,not set,not set,not set,143,not set,,,not set,not set,0,not set,BathroomLightCommanded,16.1,79.7,not set,not set,not set,not set,not set,not set,0,not set,5.05,4.47,164,4.45,46,16,40,14,high,normal,on,on,1.025,1.035,1.035,1.045
2018-01-04,09:15,not set,not set,not set,not set,140,not set,,,not set,not set,0,not set,BathroomLightCommanded,16.1,79.8,not set,not set,not set,not set,not set,not set,0,not set,5.05,4.47,164,4.45,46,16,40,14,high,normal,on,on,1.035,1.035,1.035,1.05
2018-01-04,09:15,not set,not set,not set,not set,141,not set,,,not set,not set,0,not set,BathroomLightCommanded,16.1,80.0,not set,not set,not set,not set,not set,not set,0,not set,5.05,4.47,164,4.45,46,17,41,14,high,normal,on,on,1.03,1.04,1.03,1.015
2018-01-04,09:16,not set,not set,not set,not set,142,not set,,,not set,not set,0,not set,BathroomLightCommanded,16.1,80.1,not set,not set,not set,not set,not set,not set,0,not set,5.05,4.47,164,4.45,47,16,41,14,high,normal,on,on,1.025,1.03,1.035,1.035
2018-01-04,09:16,not set,not set,not set,not set,137,not set,,,not set,not set,0,not set,BathroomLightCommanded,16.1,80.1,not set,not set,not set,not set,not set,not set,0,not set,5.05,4.47,164,4.45,46,16,40,14,high,normal,on,on,1.015,1.035,1.03,1.04
2018-01-04,09:17,not set,not set,not set,not set,137,not set,,,not set,not set,0,not set,BathroomLightCommanded,16.1,79.9,not set,not set,not set,not set,not set,not set,0,not set,5.05,4.47,164,4.45,46,16,40,14,high,normal,on,on,1.025,1.025,1.025,1.03
2018-01-04,09:17,not set,not set,not set,not set,135,not set,,,not set,not set,0,not set,BathroomLightCommanded,16.1,80.0,not set,not set,not set,not set,not set,not set,0,not set,5.05,4.47,164,4.45,46,16,40,15,high,normal,on,on,1.025,1.025,1.02,1.03
2018-01-04,09:17,not set,not set,not set,not set,135,not set,,,not set,not set,0,not set,BathroomLightCommanded,16.0,79.8,not set,not set,not set,not set,not set,not set,0,not set,5.05,4.47,164,4.45,46,17,40,14,high,normal,on,on,1.03,1.025,1.03,1.035
2018-01-04,09:18,not set,not set,not set,not set,132,not set,,,not set,not set,0,not set,BathroomLightCommanded,16.0,80.0,not set,not set,not set,not set,not set,not set,0,not set,5.05,4.47,164,4.45,46,16,40,14,high,normal,on,on,1.035,1.025,1.01,1.03
2018-01-04,09:18,not set,not set,not set,not set,131,not set,,,not set,not set,0,not set,BathroomLightCommanded,16.1,80.1,not set,not set,not set,not set,not set,not set,0,not set,5.05,4.47,164,4.45,46,16,40,15,high,normal,on,on,1.03,1.03,1.015,1.03
2018-01-04,09:19,not set,not set,not set,not set,129,not set,,,not set,not set,0,not set,BathroomLightCommanded,16.0,79.9,not set,not set,not set,not set,not set,not set,0,not set,5.05,4.47,164,4.45,46,17,40,14,high,normal,on,on,1.025,1.04,1.025,1.02
2018-01-04,09:19,not set,not set,not set,not set,131,not set,,,not set,not set,0,not set,BathroomLightCommanded,16.0,79.8,not set,not set,not set,not set,not set,not set,0,not set,5.05,4.47,164,4.45,46,16,40,14,high,normal,on,on,1.025,1.025,1.03,1.025
2018-01-04,09:19,not set,not set,not set,not set,134,not set,,,not set,not set,0,not set,BathroomLightCommanded,16.0,79.7,not set,not set,not set,not set,not set,not set,0,not set,5.05,4.47,164,4.45,46,16,40,14,high,normal,on,on,1.01,1.025,1.02,1.025
2018-01-04,09:20,not set,not set,not set,not set,132,not set,,,not set,not set,0,not set,BathroomLightCommanded,16.0,79.7,not set,not set,not set,not set,not set,not set,0,not set,5.05,4.47,164,4.45,46,16,40,14,high,normal,on,on,1.03,1.02,1.02,1.03
2018-01-04,09:20,not set,not set,not set,not set,131,not set,,,not set,not set,0,not set,BathroomLightCommanded,16.0,79.9,not set,not set,not set,not set,not set,not set,0,not set,5.05,4.47,164,4.45,47,16,40,15,high,normal,on,on,1.015,1.025,1.025,1.02
2018-01-04,09:20,not set,not set,not set,not set,136,not set,,,not set,not set,0,not set,BathroomLightCommanded,16.0,79.8,not set,not set,not set,not set,not set,not set,0,not set,5.05,4.47,164,4.45,46,16,40,15,high,normal,on,on,1.015,1.015,1.02,1.01
2018-01-04,09:21,not set,not set,not set,not set,130,not set,,,not set,not set,0,not set,BathroomLightCommanded,16.0,79.8,not set,not set,not set,not set,not set,not set,0,not set,5.05,4.47,164,4.45,46,17,40,15,high,normal,on,on,1.025,1.025,1.015,1.015
2018-01-04,09:21,not set,not set,not set,not set,132,not set,,,not set,not set,0,not set,BathroomLightCommanded,16.0,79.8,not set,not set,not set,not set,not set,not set,0,not set,5.05,4.47,164,4.45,46,17,40,15,high,normal,on,on,1.015,1.015,1.015,1.02
2018-01-04,09:22,not set,not set,not set,not set,131,not set,,,not set,not set,0,not set,BathroomLightCommanded,16.0,79.9,not set,not set,not set,not set,not set,not set,0,not set,5.05,4.47,164,4.45,46,16,40,14,high,normal,on,on,1.01,1.0,1.005,1.015
2018-01-04,09:22,not set,not set,not set,not set,133,not set,,,not set,not set,0,not set,BathroomLightCommanded,16.0,79.8,not set,not set,not set,not set,not set,not set,0,not set,5.05,4.47,164,4.45,46,16,40,14,high,normal,on,on,1.01,1.015,1.02,1.025
2018-01-04,09:22,not set,not set,not set,not set,133,not set,,,not set,not set,0,not set,BathroomLightCommanded,16.0,79.8,not set,not set,not set,not set,not set,not set,0,not set,5.05,4.47,164,4.45,46,17,40,14,high,normal,on,on,1.025,1.02,1.01,1.015
2018-01-04,09:23,not set,not set,not set,not set,145,not set,,,not set,not set,0,not set,BathroomLightCommanded,16.0,79.7,not set,not set,not set,not set,not set,not set,0,not set,5.05,4.47,164,4.45,46,16,40,14,high,normal,on,on,1.01,0.995,1.02,1.015
2018-01-04,09:23,not set,not set,not set,not set,151,not set,,,not set,not set,0,not set,BathroomLightCommanded,16.0,79.6,not set,not set,not set,not set,not set,not set,0,not set,5.05,4.47,164,4.45,46,16,40,14,high,normal,on,on,1.015,1.025,1.025,1.03
2018-01-04,09:24,not set,not set,not set,not set,155,not set,,,not set,not set,0,not set,BathroomLightCommanded,16.0,79.7,not set,not set,not set,not set,not set,not set,0,not set,5.05,4.47,164,4.45,46,16,40,14,high,normal,on,on,1.01,1.005,1.015,1.025
2018-01-04,09:24,not set,not set,not set,not set,157,not set,,,not set,not set,0,not set,BathroomLightCommanded,16.0,79.7,not set,not set,not set,not set,not set,not set,0,not set,5.05,4.47,164,4.45,46,17,40,14,high,normal,on,on,1.02,1.015,1.01,1.02
2018-01-04,09:24,not set,not set,not set,not set,166,not set,,,not set,not set,0,not set,BathroomLightCommanded,16.0,79.8,not set,not set,not set,not set,not set,not set,0,not set,5.05,4.47,164,4.45,46,16,40,14,high,normal,on,on,1.01,1.0,1.015,1.01
2018-01-04,09:25,not set,not set,not set,not set,175,not set,,,not set,not set,0,not set,BathroomLightCommanded,16.0,79.7,not set,not set,not set,not set,not set,not set,0,not set,5.05,4.47,164,4.45,46,16,40,14,high,normal,on,on,1.01,1.02,1.01,1.03
2018-01-04,09:25,not set,not set,not set,not set,186,not set,,,not set,not set,0,not set,BathroomLightCommanded,16.0,79.7,not set,not set,not set,not set,not set,not set,0,not set,5.05,4.47,164,4.45,46,17,41,14,high,normal,on,on,1.01,1.02,1.005,1.015
2018-01-04,09:25,not set,not set,not set,not set,183,not set,,,not set,not set,0,not set,BathroomLightCommanded,16.0,79.8,not set,not set,not set,not set,not set,not set,0,not set,5.05,4.47,164,4.45,46,16,41,15,high,normal,on,on,1.015,1.015,1.015,1.015
2018-01-04,09:26,not set,not set,not set,not set,172,not set,,,not set,not set,0,not set,BathroomLightCommanded,16.0,79.8,not set,not set,not set,not set,not set,not set,0,not set,5.05,4.47,164,4.45,46,16,40,14,high,normal,on,on,1.005,1.01,0.995,1.015
2018-01-04,09:26,not set,not set,not set,not set,168,not set,,,not set,not set,0,not set,BathroomLightCommanded,16.0,79.8,not set,not set,not set,not set,not set,not set,0,not set,5.05,4.47,164,4.45,46,16,40,14,high,normal,on,on,1.015,1.005,0.995,1.005
2018-01-04,09:27,not set,not set,not set,not set,166,not set,,,not set,not set,0,not set,BathroomLightCommanded,16.0,79.7,not set,not set,not set,not set,not set,not set,0,not set,5.05,4.47,164,4.45,46,16,40,15,high,normal,on,on,1.02,1.005,1.01,1.015
2018-01-04,09:27,not set,not set,not set,not set,168,not set,,,not set,not set,0,not set,BathroomLightCommanded,16.0,79.7,not set,not set,not set,not set,not set,not set,0,not set,5.05,4.47,164,4.45,46,16,40,14,high,normal,on,on,1.005,1.01,1.01,1.02
2018-01-04,09:27,not set,not set,not set,not set,176,not set,,,not set,not set,0,not set,BathroomLightCommanded,16.0,79.8,not set,not set,not set,not set,not set,not set,0,not set,5.05,4.47,164,4.45,46,16,40,14,high,normal,on,on,1.0,1.005,1.0,1.015
2018-01-04,09:28,not set,not set,not set,not set,181,not set,,,not set,not set,0,not set,BathroomLightCommanded,16.0,79.8,not set,not set,not set,not set,not set,not set,0,not set,5.05,4.47,164,4.45,46,16,39,14,high,normal,on,on,1.0,1.02,1.02,1.015
2018-01-04,09:28,not set,not set,not set,not set,186,not set,,,not set,not set,0,not set,BathroomLightCommanded,16.0,79.7,not set,not set,not set,not set,not set,not set,0,not set,5.05,4.47,164,4.45,46,16,40,14,high,normal,on,on,1.005,1.005,1.0,1.005
2018-01-04,09:29,not set,not set,not set,not set,201,not set,,,not set,not set,0,not set,BathroomLightCommanded,16.0,79.7,not set,not set,not set,not set,not set,not set,0,not set,5.05,4.47,164,4.45,46,16,40,14,high,normal,on,on,1.0,1.015,1.02,1.01
2018-01-04,09:29,not set,not set,not set,not set,210,not set,,,not set,not set,0,not set,BathroomLightCommanded,16.0,79.7,not set,not set,not set,not set,not set,not set,0,not set,5.05,4.47,164,4.45,46,16,39,14,high,normal,on,on,1.025,1.02,0.995,1.0
2018-01-04,09:29,not set,not set,not set,not set,221,not set,,,not set,not set,0,not set,BathroomLightCommanded,16.0,79.7,not set,not set,not set,not set,not set,not set,0,not set,5.05,4.47,164,4.45,46,17,40,15,high,normal,on,on,1.005,1.005,0.99,1.01
2018-01-04,09:30,not set,not set,not set,not set,234,not set,,,not set,not set,0,not set,BathroomLightCommanded,16.0,79.7,not set,not set,not set,not set,not set,not set,0,not set,5.05,4.47,164,4.45,46,16,39,15,high,normal,on,on,1.005,1.015,1.0,1.01
2018-01-04,09:30,not set,not set,not set,not set,244,not set,,,not set,not set,0,not set,BathroomLightCommanded,16.0,79.8,not set,not set,not set,not set,not set,not set,0,not set,5.05,4.47,164,4.45,46,16,40,14,high,normal,on,on,1.005,1.0,1.01,1.015
2018-01-04,09:30,not set,not set,not set,not set,248,not set,,,not set,not set,0,not set,BathroomLightCommanded,16.0,79.7,not set,not set,not set,not set,not set,not set,0,not set,5.05,4.47,164,4.45,46,16,40,14,high,normal,on,on,1.005,1.005,1.005,1.01
2018-01-04,09:31,not set,not set,not set,not set,250,not set,,,not set,not set,0,not set,BathroomLightCommanded,16.0,79.6,not set,not set,not set,not set,not set,not set,0,not set,5.05,4.47,164,4.45,46,16,40,14,high,normal,on,on,1.005,1.015,1.005,1.005
2018-01-04,09:31,not set,not set,not set,not set,255,not set,,,not set,not set,0,not set,BathroomLightCommanded,16.0,79.5,not set,not set,not set,not set,not set,not set,0,not set,5.05,4.47,164,4.45,46,17,40,14,high,normal,on,on,1.015,1.005,0.995,1.01
2018-01-04,09:32,not set,not set,not set,not set,256,not set,,,not set,not set,0,not set,BathroomLightCommanded,16.0,79.5,not set,not set,not set,not set,not set,not set,0,not set,5.05,4.47,164,4.45,46,16,39,14,high,normal,on,on,1.01,1.0,1.0,1.0
2018-01-04,09:32,not set,not set,not set,not set,257,not set,,,not set,not set,0,not set,BathroomLightCommanded,16.0,79.5,not set,not set,not set,not set,not set,not set,0,not set,5.05,4.47,164,4.45,46,16,39,14,high,normal,on,on,1.01,1.005,1.005,1.01
2018-01-04,09:32,not set,not set,not set,not set,262,not set,,,not set,not set,0,not set,BathroomLightCommanded,16.0,79.5,not set,not set,not set,not set,not set,not set,0,not set,5.05,4.47,164,4.45,46,16,40,14,high,normal,on,on,1.0,1.01,1.005,1.005
2018-01-04,09:33,not set,not set,not set,not set,269,not set,,,not set,not set,0,not set,BathroomLightCommanded,16.0,79.5,not set,not set,not set,not set,not set,not set,0,not set,5.05,4.47,164,4.45,46,16,39,15,high,normal,on,on,1.005,1.01,0.995,1.045
2018-01-04,09:33,not set,not set,not set,not set,274,not set,,,not set,not set,0,not set,BathroomLightCommanded,16.0,79.6,not set,not set,not set,not set,not set,not set,0,not set,5.05,4.47,164,4.45,46,17,39,14,high,normal,on,on,1.01,1.0,1.0,1.005
2018-01-04,09:34,not set,not set,not set,not set,276,not set,,,not set,not set,0,not set,BathroomLightCommanded,16.0,79.6,not set,not set,not set,not set,not set,not set,0,not set,5.05,4.47,164,4.45,46,16,40,14,high,normal,on,on,0.995,1.015,1.005,1.01
2018-01-04,09:34,not set,not set,not set,not set,275,not set,,,not set,not set,0,not set,BathroomLightCommanded,16.0,79.7,not set,not set,not set,not set,not set,not set,0,not set,5.05,4.47,164,4.45,46,16,40,14,high,normal,on,on,1.0,1.005,1.0,1.005
2018-01-04,09:34,not set,not set,not set,not set,289,not set,,,not set,not set,0,not set,BathroomLightCommanded,16.0,79.5,not set,not set,not set,not set,not set,not set,0,not set,5.05,4.47,164,4.45,46,17,39,14,high,normal,on,on,0.99,0.995,0.985,1.0
2018-01-04,09:35,not set,not set,not set,not set,292,not set,,,not set,not set,0,not set,BathroomLightCommanded,16.0,79.5,not set,not set,not set,not set,not set,not set,0,not set,5.05,4.47,164,4.45,46,16,39,14,high,normal,on,on,0.985,0.995,0.995,1.0
2018-01-04,09:35,not set,not set,not set,not set,286,not set,,,not set,not set,0,not set,BathroomLightCommanded,16.0,79.5,not set,not set,not set,not set,not set,not set,0,not set,5.05,4.47,164,4.45,47,16,40,14,high,normal,on,on,0.995,0.995,0.995,0.995
2018-01-04,09:35,not set,not set,not set,not set,280,not set,,,not set,not set,0,not set,BathroomLightCommanded,16.0,79.6,not set,not set,not set,not set,not set,not set,0,not set,5.05,4.47,164,4.45,46,16,39,15,high,normal,on,on,0.985,1.0,0.985,0.99
2018-01-04,09:36,not set,not set,not set,not set,287,not set,,,not set,not set,0,not set,BathroomLightCommanded,16.0,79.6,not set,not set,not set,not set,not set,not set,0,not set,5.05,4.47,164,4.45,46,17,39,14,high,normal,on,on,0.99,0.995,0.985,0.99
2018-01-04,09:36,not set,not set,not set,not set,288,not set,,,not set,not set,0,not set,BathroomLightCommanded,16.0,79.5,not set,not set,not set,not set,not set,not set,0,not set,5.05,4.47,164,4.45,46,16,39,14,high,normal,on,on,0.985,0.995,0.99,1.005
2018-01-04,09:37,not set,not set,not set,not set,291,not set,,,not set,not set,0,not set,BathroomLightCommanded,16.0,79.5,not set,not set,not set,not set,not set,not set,0,not set,5.05,4.47,164,4.45,46,16,39,14,high,normal,on,on,0.975,0.99,0.99,0.985
2018-01-04,09:37,not set,not set,not set,not set,286,not set,,,not set,not set,0,not set,BathroomLightCommanded,16.0,79.4,not set,not set,not set,not set,not set,not set,0,not set,5.05,4.47,164,4.45,46,16,39,14,high,normal,on,on,0.99,0.975,0.99,0.99
2018-01-04,09:37,not set,not set,not set,not set,284,not set,,,not set,not set,0,not set,BathroomLightCommanded,16.0,79.5,not set,not set,not set,not set,not set,not set,0,not set,5.05,4.47,164,4.45,46,16,39,14,high,normal,on,on,0.99,0.985,0.985,0.99
2018-01-04,09:38,not set,not set,not set,not set,283,not set,,,not set,not set,0,not set,BathroomLightCommanded,16.0,79.4,not set,not set,not set,not set,not set,not set,0,not set,5.05,4.47,164,4.45,46,16,40,14,high,normal,on,on,1.0,0.99,0.98,0.98
2018-01-04,09:38,not set,not set,not set,not set,284,not set,,,not set,not set,0,not set,BathroomLightCommanded,16.0,79.5,not set,not set,not set,not set,not set,not set,0,not set,5.05,4.47,164,4.45,46,16,39,14,high,normal,on,on,0.985,0.995,0.98,0.99
2018-01-04,09:39,not set,not set,not set,not set,279,not set,,,not set,not set,0,not set,BathroomLightCommanded,16.0,79.6,not set,not set,not set,not set,not set,not set,0,not set,5.05,4.47,164,4.45,46,16,39,15,high,normal,on,on,0.985,0.995,0.98,0.995
2018-01-04,09:39,not set,not set,not set,not set,270,not set,,,not set,not set,0,not set,BathroomLightCommanded,16.0,79.5,not set,not set,not set,not set,not set,not set,0,not set,5.05,4.47,164,4.45,46,16,39,14,high,normal,on,on,0.985,0.995,0.98,0.985
2018-01-04,09:39,not set,not set,not set,not set,258,not set,,,not set,not set,0,not set,BathroomLightCommanded,16.0,79.4,not set,not set,not set,not set,not set,not set,0,not set,5.05,4.47,164,4.45,46,16,39,14,high,normal,on,on,0.975,0.98,0.975,0.99
2018-01-04,09:40,not set,not set,not set,not set,248,not set,,,not set,not set,0,not set,BathroomLightCommanded,16.0,79.5,not set,not set,not set,not set,not set,not set,0,not set,5.05,4.47,164,4.45,46,16,39,14,high,normal,on,on,0.985,0.99,0.98,0.98
2018-01-04,09:40,not set,not set,not set,not set,236,not set,,,not set,not set,0,not set,BathroomLightCommanded,16.0,79.3,not set,not set,not set,not set,not set,not set,0,not set,5.05,4.47,164,4.45,46,16,40,14,high,normal,on,on,0.98,0.99,0.975,0.99
2018-01-04,09:40,not set,not set,not set,not set,229,not set,,,not set,not set,0,not set,BathroomLightCommanded,16.0,79.3,not set,not set,not set,not set,not set,not set,0,not set,5.05,4.47,164,4.45,46,16,39,14,high,normal,on,on,0.98,0.985,0.995,0.98
2018-01-04,09:41,not set,not set,not set,not set,209,not set,,,not set,not set,0,not set,BathroomLightCommanded,16.0,79.4,not set,not set,not set,not set,not set,not set,0,not set,5.05,4.47,164,4.45,46,16,39,14,high,normal,on,on,0.99,0.975,0.975,0.995
2018-01-04,09:41,not set,not set,not set,not set,183,not set,,,not set,not set,0,not set,BathroomLightCommanded,16.0,79.4,not set,not set,not set,not set,not set,not set,0,not set,5.05,4.47,164,4.45,46,16,40,14,high,normal,on,on,0.985,0.975,0.98,0.98
2018-01-04,09:42,not set,not set,not set,not set,162,not set,,,not set,not set,0,not set,BathroomLightCommanded,16.0,79.4,not set,not set,not set,not set,not set,not set,0,not set,5.05,4.47,164,4.45,46,16,39,14,high,normal,on,on,0.98,0.975,0.985,0.99
2018-01-04,09:42,not set,not set,not set,not set,155,not set,,,not set,not set,0,not set,BathroomLightCommanded,16.0,79.2,not set,not set,not set,not set,not set,not set,0,not set,5.05,4.47,164,4.45,46,16,39,14,high,normal,on,on,0.99,0.985,0.965,0.985
2018-01-04,09:42,not set,not set,not set,not set,156,not set,,,not set,not set,0,not set,BathroomLightCommanded,16.0,79.4,not set,not set,not set,not set,not set,not set,0,not set,5.05,4.47,164,4.45,46,16,39,14,high,normal,on,on,0.985,0.98,0.975,0.98
2018-01-04,09:43,not set,not set,not set,not set,171,not set,,,not set,not set,0,not set,BathroomLightCommanded,16.0,79.5,not set,not set,not set,not set,not set,not set,0,not set,5.05,4.47,164,4.45,47,16,39,15,high,normal,on,on,0.98,0.985,0.985,0.985
2018-01-04,09:43,not set,not set,not set,not set,195,not set,,,not set,not set,0,not set,BathroomLightCommanded,16.0,79.5,not set,not set,not set,not set,not set,not set,0,not set,5.05,4.47,164,4.45,46,17,39,15,high,normal,on,on,0.98,0.985,0.975,0.99
2018-01-04,09:44,not set,not set,not set,not set,203,not set,,,not set,not set,0,not set,BathroomLightCommanded,16.0,79.4,not set,not set,not set,not set,not set,not set,0,not set,5.05,4.47,164,4.45,46,16,40,14,high,normal,on,on,0.995,0.97,0.98,0.985
2018-01-04,09:44,not set,not set,not set,not set,203,not set,,,not set,not set,0,not set,BathroomLightCommanded,16.0,79.3,not set,not set,not set,not set,not set,not set,0,not set,5.05,4.47,164,4.45,46,16,39,14,high,normal,on,on,0.98,0.98,0.975,0.975
2018-01-04,09:44,not set,not set,not set,not set,214,not set,,,not set,not set,0,not set,BathroomLightCommanded,16.0,79.5,not set,not set,not set,not set,not set,not set,0,not set,5.05,4.47,164,4.45,46,16,39,14,high,normal,on,on,0.99,0.99,0.99,0.99
2018-01-04,09:45,not set,not set,not set,not set,239,not set,,,not set,not set,0,not set,BathroomLightCommanded,16.0,79.3,not set,not set,not set,not set,not set,not set,0,not set,5.05,4.47,164,4.45,46,16,39,14,high,normal,on,on,0.99,0.985,0.995,0.99
2018-01-04,09:45,not set,not set,not set,not set,268,not set,,,not set,not set,0,not set,BathroomLightCommanded,16.0,79.3,not set,not set,not set,not set,not set,not set,0,not set,5.05,4.47,164,4.45,46,16,40,14,high,normal,on,on,0.99,0.99,0.975,0.98
2018-01-04,09:45,not set,not set,not set,not set,282,not set,,,not set,not set,0,not set,BathroomLightCommanded,16.0,79.5,not set,not set,not set,not set,not set,not set,0,not set,5.05,4.47,164,4.45,46,16,39,14,high,normal,on,on,0.98,0.985,0.985,0.985
2018-01-04,09:46,not set,not set,not set,not set,288,not set,,,not set,not set,0,not set,BathroomLightCommanded,16.0,79.4,not set,not set,not set,not set,not set,not set,0,not set,5.05,4.47,164,4.45,45,16,39,15,high,normal,on,on,0.985,0.99,0.985,0.98
2018-01-04,09:46,not set,not set,not set,not set,294,not set,,,not set,not set,0,not set,BathroomLightCommanded,16.0,79.3,not set,not set,not set,not set,not set,not set,0,not set,5.05,4.47,164,4.45,46,16,39,14,high,normal,on,on,0.98,0.98,0.985,0.99
2018-01-04,09:47,not set,not set,not set,not set,299,not set,,,not set,not set,0,not set,BathroomLightCommanded,16.0,79.3,not set,not set,not set,not set,not set,not set,0,not set,5.05,4.47,164,4.45,45,16,39,14,high,normal,on,on,0.98,0.98,0.985,0.99
2018-01-04,09:47,not set,not set,not set,not set,301,not set,,,not set,not set,0,not set,BathroomLightCommanded,16.0,79.2,not set,not set,not set,not set,not set,not set,0,not set,5.05,4.47,164,4.45,45,16,39,14,high,normal,on,on,0.975,0.98,0.98,0.99
2018-01-04,09:47,not set,not set,not set,not set,311,not set,,,not set,not set,0,not set,BathroomLightCommanded,16.0,79.2,not set,not set,not set,not set,not set,not set,0,not set,5.05,4.47,164,4.45,45,16,40,14,high,normal,on,on,0.99,0.98,0.99,0.98
2018-01-04,09:48,not set,not set,not set,not set,313,not set,,,not set,not set,0,not set,BathroomLightCommanded,16.0,79.4,not set,not set,not set,not set,not set,not set,0,not set,5.05,4.47,164,4.45,45,16,40,14,high,normal,on,on,0.98,0.97,0.985,0.99
2018-01-04,09:48,not set,not set,not set,not set,318,not set,,,not set,not set,0,not set,BathroomLightCommanded,16.0,79.3,not set,not set,not set,not set,not set,not set,0,not set,5.05,4.47,164,4.45,45,16,39,14,high,normal,on,on,0.985,0.995,0.985,0.99
2018-01-04,09:49,not set,not set,not set,not set,328,not set,,,not set,not set,0,not set,BathroomLightCommanded,16.0,79.3,not set,not set,not set,not set,not set,not set,0,not set,5.05,4.47,164,4.45,45,16,39,14,high,normal,on,on,0.985,0.99,0.98,0.985
2018-01-04,09:49,not set,not set,not set,not set,340,not set,,,not set,not set,0,not set,BathroomLightCommanded,16.0,79.2,not set,not set,not set,not set,not set,not set,0,not set,5.05,4.47,164,4.45,45,16,39,14,high,normal,on,on,1.005,0.99,0.985,0.985
2018-01-04,09:49,not set,not set,not set,not set,349,not set,,,not set,not set,0,not set,BathroomLightCommanded,16.0,79.0,not set,not set,not set,not set,not set,not set,0,not set,5.05,4.47,164,4.45,46,16,39,14,high,normal,on,on,0.98,0.985,0.99,0.995
2018-01-04,09:50,not set,not set,not set,not set,360,not set,,,not set,not set,0,not set,BathroomLightCommanded,16.0,79.3,not set,not set,not set,not set,not set,not set,0,not set,5.05,4.47,164,4.45,45,16,39,14,high,normal,on,on,0.995,0.985,0.99,1.0
2018-01-04,09:50,not set,not set,not set,not set,365,not set,,,not set,not set,0,not set,BathroomLightCommanded,16.0,79.3,not set,not set,not set,not set,not set,not set,0,not set,5.05,4.47,164,4.45,47,16,39,14,high,normal,on,on,0.99,0.98,0.975,0.985
2018-01-04,09:50,not set,not set,not set,not set,367,not set,,,not set,not set,0,not set,BathroomLightCommanded,16.0,79.3,not set,not set,not set,not set,not set,not set,0,not set,5.05,4.47,164,4.45,46,16,39,14,high,normal,on,on,0.98,0.99,0.98,0.975
2018-01-04,09:51,not set,not set,not set,not set,366,not set,,,not set,not set,0,not set,BathroomLightCommanded,16.0,79.3,not set,not set,not set,not set,not set,not set,0,not set,5.05,4.47,164,4.45,45,16,39,15,high,normal,on,on,0.98,0.985,0.985,0.985
2018-01-04,09:51,not set,not set,not set,not set,367,not set,,,not set,not set,0,not set,BathroomLightCommanded,16.0,79.2,not set,not set,not set,not set,not set,not set,0,not set,5.05,4.47,164,4.45,46,16,39,14,high,normal,on,on,0.985,0.995,0.965,0.99
2018-01-04,09:52,not set,not set,not set,not set,370,not set,,,not set,not set,0,not set,BathroomLightCommanded,16.0,79.2,not set,not set,not set,not set,not set,not set,0,not set,5.05,4.47,164,4.45,46,16,40,14,high,normal,on,on,0.985,0.995,0.995,0.99
2018-01-04,09:52,not set,not set,not set,not set,367,not set,,,not set,not set,0,not set,BathroomLightCommanded,16.0,79.2,not set,not set,not set,not set,not set,not set,0,not set,5.05,4.47,164,4.45,46,17,39,15,high,normal,on,on,0.985,0.985,0.99,0.985
2018-01-04,09:52,not set,not set,not set,not set,363,not set,,,not set,not set,0,not set,BathroomLightCommanded,16.0,79.1,not set,not set,not set,not set,not set,not set,0,not set,5.05,4.47,164,4.45,45,16,39,15,high,normal,on,on,0.985,0.985,0.985,0.98
2018-01-04,09:53,not set,not set,not set,not set,367,not set,,,not set,not set,0,not set,BathroomLightCommanded,16.0,79.2,not set,not set,not set,not set,not set,not set,0,not set,5.05,4.47,164,4.45,47,16,39,14,high,normal,on,on,0.995,0.985,0.985,0.975
2018-01-04,09:53,not set,not set,not set,not set,367,not set,,,not set,not set,0,not set,BathroomLightCommanded,16.0,79.0,not set,not set,not set,not set,not set,not set,0,not set,5.05,4.47,164,4.45,45,16,39,14,high,normal,on,on,0.975,0.98,0.975,0.985
2018-01-04,09:54,not set,not set,not set,not set,366,not set,,,not set,not set,0,not set,BathroomLightCommanded,16.0,79.2,not set,not set,not set,not set,not set,not set,0,not set,5.05,4.47,164,4.45,45,16,39,14,high,normal,on,on,0.985,0.99,0.985,0.99
2018-01-04,09:54,not set,not set,not set,not set,363,not set,,,not set,not set,0,not set,BathroomLightCommanded,16.0,79.1,not set,not set,not set,not set,not set,not set,0,not set,5.05,4.47,164,4.45,45,17,39,14,high,normal,on,on,0.995,1.0,0.995,1.0
2018-01-04,09:54,not set,not set,not set,not set,362,not set,,,not set,not set,0,not set,BathroomLightCommanded,16.0,79.1,not set,not set,not set,not set,not set,not set,0,not set,5.05,4.47,164,4.45,45,16,39,14,high,normal,on,on,0.985,0.985,0.98,0.98
2018-01-04,09:55,not set,not set,not set,not set,356,not set,,,not set,not set,0,not set,BathroomLightCommanded,16.0,78.9,not set,not set,not set,not set,not set,not set,0,not set,5.05,4.47,164,4.45,45,16,39,14,high,normal,on,on,0.985,0.985,0.98,0.98
2018-01-04,09:55,not set,not set,not set,not set,352,not set,,,not set,not set,0,not set,BathroomLightCommanded,16.0,78.9,not set,not set,not set,not set,not set,not set,0,not set,5.05,4.47,164,4.45,46,16,39,14,high,normal,on,on,0.97,0.975,0.98,0.985
2018-01-04,09:55,not set,not set,not set,not set,340,not set,,,not set,not set,0,not set,BathroomLightCommanded,16.0,79.1,not set,not set,not set,not set,not set,not set,0,not set,5.05,4.47,164,4.45,45,16,39,14,high,normal,on,on,0.975,0.98,0.975,0.965
2018-01-04,09:56,not set,not set,not set,not set,332,not set,,,not set,not set,0,not set,BathroomLightCommanded,16.0,79.1,not set,not set,not set,not set,not set,not set,0,not set,5.05,4.47,164,4.45,47,16,39,14,high,normal,on,on,0.99,0.985,0.98,1.0
2018-01-04,09:56,not set,not set,not set,not set,313,not set,,,not set,not set,0,not set,BathroomLightCommanded,16.0,79.3,not set,not set,not set,not set,not set,not set,0,not set,5.05,4.47,164,4.45,45,16,39,14,high,normal,on,on,0.98,0.985,0.98,0.965
2018-01-04,09:57,not set,not set,not set,not set,298,not set,,,not set,not set,0,not set,BathroomLightCommanded,16.0,79.1,not set,not set,not set,not set,not set,not set,0,not set,5.05,4.47,164,4.45,45,16,40,14,high,normal,on,on,0.99,0.975,0.98,0.98
2018-01-04,09:57,not set,not set,not set,not set,286,not set,,,not set,not set,0,not set,BathroomLightCommanded,16.0,79.2,not set,not set,not set,not set,not set,not set,0,not set,5.05,4.47,164,4.45,45,16,39,14,high,normal,on,on,0.97,0.98,0.975,0.99
2018-01-04,09:57,not set,not set,not set,not set,279,not set,,,not set,not set,0,not set,BathroomLightCommanded,16.0,79.2,not set,not set,not set,not set,not set,not set,0,not set,5.05,4.47,164,4.45,45,16,39,15,high,normal,on,on,0.985,0.97,0.985,0.975
2018-01-04,09:58,not set,not set,not set,not set,273,not set,,,not set,not set,0,not set,BathroomLightCommanded,16.0,79.1,not set,not set,not set,not set,not set,not set,0,not set,5.05,4.47,164,4.45,46,16,39,14,high,normal,on,on,0.98,0.98,0.98,0.985
2018-01-04,09:58,not set,not set,not set,not set,269,not set,,,not set,not set,0,not set,BathroomLightCommanded,16.0,79.0,not set,not set,not set,not set,not set,not set,0,not set,5.05,4.47,164,4.45,45,17,39,14,high,normal,on,on,0.975,0.98,0.98,0.975
2018-01-04,09:59,not set,not set,not set,not set,261,not set,,,not set,not set,0,not set,BathroomLightCommanded,16.0,79.1,not set,not set,not set,not set,not set,not set,0,not set,5.05,4.47,164,4.45,45,16,39,14,high,normal,on,on,0.98,0.985,0.985,0.965
2018-01-04,09:59,not set,not set,not set,not set,252,not set,,,not set,not set,0,not set,BathroomLightCommanded,16.0,79.1,not set,not set,not set,not set,not set,not set,0,not set,5.05,4.47,164,4.45,45,16,39,14,high,normal,on,on,0.985,0.98,0.965,0.995
2018-01-04,09:59,not set,not set,not set,not set,251,not set,,,not set,not set,0,not set,BathroomLightCommanded,16.0,78.9,not set,not set,not set,not set,not set,not set,0,not set,5.05,4.47,164,4.45,45,16,39,14,high,normal,on,on,0.98,0.98,0.98,0.98
2018-01-04,10:00,not set,not set,not set,not set,253,not set,,,not set,not set,0,not set,BathroomLightCommanded,16.0,79.0,not set,not set,not set,not set,not set,not set,0,not set,5.05,4.47,164,4.45,45,16,39,14,high,normal,on,on,0.975,0.985,0.98,0.98
2018-01-04,10:00,not set,not set,not set,not set,264,not set,,,not set,not set,0,not set,BathroomLightCommanded,16.0,78.9,not set,not set,not set,not set,not set,not set,0,not set,5.05,4.47,164,4.45,45,16,39,14,high,normal,on,on,0.975,0.985,0.98,0.98
2018-01-04,10:00,not set,not set,not set,not set,277,not set,,,not set,not set,0,not set,BathroomLightCommanded,16.0,79.1,not set,not set,not set,not set,not set,not set,0,not set,5.05,4.47,164,4.45,45,16,39,14,high,normal,on,on,0.985,0.975,0.98,0.98
2018-01-04,10:01,not set,not set,not set,not set,291,not set,,,not set,not set,0,not set,BathroomLightCommanded,16.0,79.1,not set,not set,not set,not set,not set,not set,0,not set,5.05,4.47,164,4.45,45,16,39,14,high,normal,on,on,0.985,0.975,0.985,0.99
2018-01-04,10:01,not set,not set,not set,not set,306,not set,,,not set,not set,0,not set,BathroomLightCommanded,16.0,79.0,not set,not set,not set,not set,not set,not set,0,not set,5.05,4.47,164,4.45,45,17,39,14,high,normal,on,on,0.975,0.98,0.975,0.985
2018-01-04,10:02,not set,not set,not set,not set,321,not set,,,not set,not set,0,not set,BathroomLightCommanded,16.0,79.1,not set,not set,not set,not set,not set,not set,0,not set,5.05,4.47,164,4.45,46,16,39,14,high,normal,on,on,0.975,0.975,0.985,0.985
2018-01-04,10:02,not set,not set,not set,not set,335,not set,,,not set,not set,0,not set,BathroomLightCommanded,16.0,78.8,not set,not set,not set,not set,not set,not set,0,not set,5.05,4.47,164,4.45,45,16,39,15,high,normal,on,on,0.98,0.98,0.98,0.99
2018-01-04,10:02,not set,not set,not set,not set,345,not set,,,not set,not set,0,not set,BathroomLightCommanded,16.0,78.9,not set,not set,not set,not set,not set,not set,0,not set,5.05,4.47,164,4.45,46,16,39,14,high,normal,on,on,0.985,0.985,0.98,0.98
2018-01-04,10:03,not set,not set,not set,not set,353,not set,,,not set,not set,0,not set,BathroomLightCommanded,16.0,78.9,not set,not set,not set,not set,not set,not set,0,not set,5.05,4.47,164,4.45,45,16,39,14,high,normal,on,on,0.98,0.98,0.97,0.985
2018-01-04,10:03,not set,not set,not set,not set,360,not set,,,not set,not set,0,not set,BathroomLightCommanded,16.0,78.9,not set,not set,not set,not set,not set,not set,0,not set,5.05,4.47,164,4.45,45,16,39,14,high,normal,on,on,0.985,0.975,0.975,0.98
2018-01-04,10:04,not set,not set,not set,not set,364,not set,,,not set,not set,0,not set,BathroomLightCommanded,16.0,79.1,not set,not set,not set,not set,not set,not set,0,not set,5.05,4.47,164,4.45,45,16,39,15,high,normal,on,on,0.97,0.98,0.97,0.99
2018-01-04,10:04,not set,not set,not set,not set,366,not set,,,not set,not set,0,not set,BathroomLightCommanded,16.0,78.9,not set,not set,not set,not set,not set,not set,0,not set,5.05,4.47,164,4.45,45,16,39,14,high,normal,on,on,0.98,0.98,0.97,0.97
2018-01-04,10:04,not set,not set,not set,not set,364,not set,,,not set,not set,0,not set,BathroomLightCommanded,16.0,78.8,not set,not set,not set,not set,not set,not set,0,not set,5.05,4.47,164,4.45,46,16,39,14,high,normal,on,on,0.98,0.98,0.985,0.985
2018-01-04,10:05,not set,not set,not set,not set,364,not set,,,not set,not set,0,not set,BathroomLightCommanded,16.0,78.9,not set,not set,not set,not set,not set,not set,0,not set,5.05,4.47,164,4.45,45,16,39,14,high,normal,on,on,0.98,0.98,0.98,0.98
2018-01-04,10:05,not set,not set,not set,not set,365,not set,,,not set,not set,0,not set,BathroomLightCommanded,16.0,78.8,not set,not set,not set,not set,not set,not set,0,not set,5.05,4.47,164,4.45,45,16,39,14,high,normal,on,on,0.975,0.975,0.985,0.985
2018-01-04,10:05,not set,not set,not set,not set,363,not set,,,not set,not set,0,not set,BathroomLightCommanded,16.0,78.9,not set,not set,not set,not set,not set,not set,0,not set,5.05,4.47,164,4.45,45,16,39,15,high,normal,on,on,0.975,0.99,0.975,0.99
2018-01-04,10:06,not set,not set,not set,not set,364,not set,,,not set,not set,0,not set,BathroomLightCommanded,15.9,78.7,not set,not set,not set,not set,not set,not set,0,not set,5.05,4.47,164,4.45,45,16,39,14,high,normal,on,on,0.975,0.98,0.98,0.97
2018-01-04,10:06,not set,not set,not set,not set,361,not set,,,not set,not set,0,not set,BathroomLightCommanded,15.9,78.7,not set,not set,not set,not set,not set,not set,0,not set,5.05,4.47,164,4.45,45,16,39,14,high,normal,on,on,1.0,0.985,0.985,0.985
2018-01-04,10:07,not set,not set,not set,not set,361,not set,,,not set,not set,0,not set,BathroomLightCommanded,16.0,79.0,not set,not set,not set,not set,not set,not set,0,not set,5.05,4.47,164,4.45,46,16,39,14,high,normal,on,on,0.985,0.995,1.0,0.965
2018-01-04,10:07,not set,not set,not set,not set,361,not set,,,not set,not set,0,not set,BathroomLightCommanded,16.0,79.0,not set,not set,not set,not set,not set,not set,0,not set,5.05,4.47,164,4.45,45,16,39,14,high,normal,on,on,0.97,0.985,0.975,0.99
2018-01-04,10:07,not set,not set,not set,not set,362,not set,,,not set,not set,0,not set,BathroomLightCommanded,16.0,78.9,not set,not set,not set,not set,not set,not set,0,not set,5.05,4.47,164,4.45,45,17,40,14,high,normal,on,on,0.975,0.98,0.975,0.98
2018-01-04,10:08,not set,not set,not set,not set,364,not set,,,not set,not set,0,not set,BathroomLightCommanded,16.0,78.8,not set,not set,not set,not set,not set,not set,0,not set,5.05,4.47,164,4.45,46,16,39,14,high,normal,on,on,0.97,0.975,0.97,0.985
2018-01-04,10:08,not set,not set,not set,not set,366,not set,,,not set,not set,0,not set,BathroomLightCommanded,16.0,78.8,not set,not set,not set,not set,not set,not set,0,not set,5.05,4.47,164,4.45,45,16,39,14,high,normal,on,on,0.965,0.98,0.98,0.97
2018-01-04,10:09,not set,not set,not set,not set,368,not set,,,not set,not set,0,not set,BathroomLightCommanded,16.0,78.7,not set,not set,not set,not set,not set,not set,0,not set,5.05,4.47,164,4.45,45,16,39,14,high,normal,on,on,0.97,0.975,0.975,0.98
2018-01-04,10:09,not set,not set,not set,not set,368,not set,,,not set,not set,0,not set,BathroomLightCommanded,16.0,78.6,not set,not set,not set,not set,not set,not set,0,not set,5.05,4.47,164,4.45,45,16,39,14,high,normal,on,on,0.97,0.985,0.97,0.98
2018-01-04,10:09,not set,not set,not set,not set,365,not set,,,not set,not set,0,not set,BathroomLightCommanded,16.0,78.6,not set,not set,not set,not set,not set,not set,0,not set,5.05,4.47,164,4.45,45,17,39,14,high,normal,on,on,0.97,0.975,0.98,0.985
2018-01-04,10:10,not set,not set,not set,not set,366,not set,,,not set,not set,0,not set,BathroomLightCommanded,16.0,78.8,not set,not set,not set,not set,not set,not set,0,not set,5.05,4.47,164,4.45,46,16,39,14,high,normal,on,on,0.98,0.995,0.975,0.985
2018-01-04,10:10,not set,not set,not set,not set,364,not set,,,not set,not set,0,not set,BathroomLightCommanded,16.0,78.8,not set,not set,not set,not set,not set,not set,0,not set,5.05,4.47,164,4.45,45,16,39,15,high,normal,on,on,0.985,0.98,0.985,0.98
2018-01-04,10:10,not set,not set,not set,not set,366,not set,,,not set,not set,0,not set,BathroomLightCommanded,16.0,78.6,not set,not set,not set,not set,not set,not set,0,not set,5.05,4.47,164,4.45,45,17,39,14,high,normal,on,on,0.98,0.985,0.99,0.985
2018-01-04,10:11,not set,not set,not set,not set,364,not set,,,not set,not set,0,not set,BathroomLightCommanded,16.0,78.6,not set,not set,not set,not set,not set,not set,0,not set,5.05,4.47,164,4.45,45,16,39,14,high,normal,on,on,0.975,0.98,0.98,0.965
2018-01-04,10:11,not set,not set,not set,not set,361,not set,,,not set,not set,0,not set,BathroomLightCommanded,16.0,78.7,not set,not set,not set,not set,not set,not set,0,not set,5.05,4.47,164,4.45,45,16,39,14,high,normal,on,on,0.975,0.975,0.98,0.985
2018-01-04,10:12,not set,not set,not set,not set,359,not set,,,not set,not set,0,not set,BathroomLightCommanded,16.0,78.7,not set,not set,not set,not set,not set,not set,0,not set,5.05,4.47,164,4.45,45,16,39,14,high,normal,on,on,0.975,0.99,0.99,0.985
2018-01-04,10:12,not set,not set,not set,not set,360,not set,,,not set,not set,0,not set,BathroomLightCommanded,16.0,78.7,not set,not set,not set,not set,not set,not set,0,not set,5.05,4.47,164,4.45,45,16,39,14,high,normal,on,on,0.97,0.97,0.98,0.98
2018-01-04,10:12,not set,not set,not set,not set,367,not set,,,not set,not set,0,not set,BathroomLightCommanded,16.0,78.7,not set,not set,not set,not set,not set,not set,0,not set,5.05,4.47,164,4.45,45,16,39,14,high,normal,on,on,0.985,0.98,0.99,0.98
2018-01-04,10:13,not set,not set,not set,not set,368,not set,,,not set,not set,0,not set,BathroomLightCommanded,16.0,78.5,not set,not set,not set,not set,not set,not set,0,not set,5.05,4.47,164,4.45,45,16,39,14,high,normal,on,on,0.985,0.985,0.975,0.985
2018-01-04,10:13,not set,not set,not set,not set,366,not set,,,not set,not set,0,not set,BathroomLightCommanded,16.0,78.6,not set,not set,not set,not set,not set,not set,0,not set,5.05,4.47,164,4.45,45,16,38,15,high,normal,on,on,0.98,0.985,0.975,0.99
2018-01-04,10:14,not set,not set,not set,not set,366,not set,,,not set,not set,0,not set,BathroomLightCommanded,16.0,78.4,not set,not set,not set,not set,not set,not set,0,not set,5.05,4.47,164,4.45,45,16,39,14,high,normal,on,on,0.98,0.99,0.98,0.99
2018-01-04,10:14,not set,not set,not set,not set,362,not set,,,not set,not set,0,not set,BathroomLightCommanded,16.0,78.6,not set,not set,not set,not set,not set,not set,0,not set,5.05,4.47,164,4.45,45,16,39,14,high,normal,on,on,0.975,0.985,0.98,0.975
2018-01-04,10:14,not set,not set,not set,not set,361,not set,,,not set,not set,0,not set,BathroomLightCommanded,16.0,78.5,not set,not set,not set,not set,not set,not set,0,not set,5.05,4.47,164,4.45,45,16,39,14,high,normal,on,on,0.985,0.98,0.975,0.985
2018-01-04,10:15,not set,not set,not set,not set,360,not set,,,not set,not set,0,not set,BathroomLightCommanded,16.0,78.5,not set,not set,not set,not set,not set,not set,0,not set,5.05,4.47,164,4.45,45,16,39,14,high,normal,on,on,0.99,0.985,0.98,0.97
2018-01-04,10:15,not set,not set,not set,not set,361,not set,,,not set,not set,0,not set,BathroomLightCommanded,16.0,78.4,not set,not set,not set,not set,not set,not set,0,not set,5.05,4.47,164,4.45,45,17,38,14,high,normal,on,on,0.985,0.975,0.975,0.975
2018-01-04,10:15,not set,not set,not set,not set,364,not set,,,not set,not set,0,not set,BathroomLightCommanded,16.0,78.4,not set,not set,not set,not set,not set,not set,0,not set,5.05,4.47,164,4.45,45,16,39,14,high,normal,on,on,0.975,0.985,0.98,0.985
2018-01-04,10:16,not set,not set,not set,not set,368,not set,,,not set,not set,0,not set,BathroomLightCommanded,16.0,78.5,not set,not set,not set,not set,not set,not set,0,not set,5.05,4.47,164,4.45,45,16,39,14,high,normal,on,on,0.97,0.98,0.995,0.985
2018-01-04,10:16,not set,not set,not set,not set,368,not set,,,not set,not set,0,not set,BathroomLightCommanded,16.0,78.6,not set,not set,not set,not set,not set,not set,0,not set,5.05,4.47,164,4.45,46,16,38,14,high,normal,on,on,0.98,0.98,0.965,0.98
2018-01-04,10:17,not set,not set,not set,not set,372,not set,,,not set,not set,0,not set,BathroomLightCommanded,16.0,78.5,not set,not set,not set,not set,not set,not set,0,not set,5.05,4.47,164,4.45,45,16,39,14,high,normal,on,on,0.97,0.985,0.975,0.985
2018-01-04,10:17,not set,not set,not set,not set,369,not set,,,not set,not set,0,not set,BathroomLightCommanded,16.0,78.3,not set,not set,not set,not set,not set,not set,0,not set,5.05,4.47,164,4.45,45,16,39,14,high,normal,on,on,0.98,0.98,0.98,0.98
2018-01-04,10:17,not set,not set,not set,not set,369,not set,,,not set,not set,0,not set,BathroomLightCommanded,16.0,78.4,not set,not set,not set,not set,not set,not set,0,not set,5.05,4.47,164,4.45,45,16,38,15,high,normal,on,on,0.985,0.98,0.985,0.975
2018-01-04,10:18,not set,not set,not set,not set,369,not set,,,not set,not set,0,not set,BathroomLightCommanded,16.0,78.5,not set,not set,not set,not set,not set,not set,0,not set,5.05,4.47,164,4.45,45,17,39,14,high,normal,on,on,0.99,0.98,0.975,0.98
2018-01-04,10:18,not set,not set,not set,not set,361,not set,,,not set,not set,0,not set,BathroomLightCommanded,16.0,78.4,not set,not set,not set,not set,not set,not set,0,not set,5.05,4.47,164,4.45,45,16,39,14,high,normal,on,on,0.975,0.99,0.98,0.98
2018-01-04,10:19,not set,not set,not set,not set,357,not set,,,not set,not set,0,not set,BathroomLightCommanded,16.0,78.3,not set,not set,not set,not set,not set,not set,0,not set,5.05,4.47,164,4.45,45,16,38,14,high,normal,on,on,0.985,0.985,0.985,0.975
2018-01-04,10:19,not set,not set,not set,not set,350,not set,,,not set,not set,0,not set,BathroomLightCommanded,16.0,78.2,not set,not set,not set,not set,not set,not set,0,not set,5.05,4.47,164,4.45,45,16,38,14,high,normal,on,on,0.975,0.985,0.975,0.985
2018-01-04,10:19,not set,not set,not set,not set,339,not set,,,not set,not set,0,not set,BathroomLightCommanded,16.0,78.3,not set,not set,not set,not set,not set,not set,0,not set,5.05,4.47,164,4.45,45,16,39,14,high,normal,on,on,0.98,0.975,0.975,0.97
2018-01-04,10:20,not set,not set,not set,not set,327,not set,,,not set,not set,0,not set,BathroomLightCommanded,16.0,78.2,not set,not set,not set,not set,not set,not set,0,not set,5.05,4.47,164,4.45,45,16,39,14,high,normal,on,on,0.99,0.98,0.985,0.98
2018-01-04,10:20,not set,not set,not set,not set,320,not set,,,not set,not set,0,not set,BathroomLightCommanded,16.0,78.2,not set,not set,not set,not set,not set,not set,0,not set,5.05,4.47,164,4.45,45,16,38,15,high,normal,on,on,0.975,0.985,0.98,1.0
2018-01-04,10:20,not set,not set,not set,not set,312,not set,,,not set,not set,0,not set,BathroomLightCommanded,16.0,78.2,not set,not set,not set,not set,not set,not set,0,not set,5.05,4.47,164,4.45,45,16,39,14,high,normal,on,on,0.985,0.99,0.98,0.99
2018-01-04,10:21,not set,not set,not set,not set,307,not set,,,not set,not set,0,not set,BathroomLightCommanded,16.0,78.2,not set,not set,not set,not set,not set,not set,0,not set,5.05,4.47,164,4.45,45,16,38,14,high,normal,on,on,0.995,0.99,0.99,0.985
2018-01-04,10:21,not set,not set,not set,not set,301,not set,,,not set,not set,0,not set,BathroomLightCommanded,16.0,78.5,not set,not set,not set,not set,not set,not set,0,not set,5.05,4.47,164,4.45,45,16,38,15,high,normal,on,on,0.995,0.985,0.975,0.99
2018-01-04,10:22,not set,not set,not set,not set,298,not set,,,not set,not set,0,not set,BathroomLightCommanded,16.0,78.6,not set,not set,not set,not set,not set,not set,0,not set,5.05,4.47,164,4.45,45,17,38,14,high,normal,on,on,0.98,0.99,0.985,0.98
2018-01-04,10:22,not set,not set,not set,not set,297,not set,,,not set,not set,0,not set,BathroomLightCommanded,16.0,78.5,not set,not set,not set,not set,not set,not set,0,not set,5.05,4.47,164,4.45,45,16,39,14,high,normal,on,on,0.995,0.975,0.98,0.975
2018-01-04,10:22,not set,not set,not set,not set,299,not set,,,not set,not set,0,not set,BathroomLightCommanded,16.0,78.4,not set,not set,not set,not set,not set,not set,0,not set,5.05,4.47,164,4.45,45,16,38,14,high,normal,on,on,0.985,0.99,0.98,0.99
2018-01-04,10:23,not set,not set,not set,not set,295,not set,,,not set,not set,0,not set,BathroomLightCommanded,16.0,78.3,not set,not set,not set,not set,not set,not set,0,not set,5.05,4.47,164,4.45,45,16,39,14,high,normal,on,on,0.98,0.985,0.98,0.975
2018-01-04,10:23,not set,not set,not set,not set,299,not set,,,not set,not set,0,not set,BathroomLightCommanded,16.0,78.1,not set,not set,not set,not set,not set,not set,0,not set,5.05,4.47,164,4.45,46,16,38,14,high,normal,on,on,0.98,0.98,0.975,0.985
2018-01-04,10:24,not set,not set,not set,not set,310,not set,,,not set,not set,0,not set,BathroomLightCommanded,16.0,78.3,not set,not set,not set,not set,not set,not set,0,not set,5.05,4.47,164,4.45,45,16,38,14,high,normal,on,on,0.985,0.985,0.975,0.99
2018-01-04,10:24,not set,not set,not set,not set,320,not set,,,not set,not set,0,not set,BathroomLightCommanded,16.0,78.1,not set,not set,not set,not set,not set,not set,0,not set,5.05,4.47,164,4.45,45,16,38,15,high,normal,on,on,0.99,0.985,0.975,0.98
2018-01-04,10:24,not set,not set,not set,not set,337,not set,,,not set,not set,0,not set,BathroomLightCommanded,16.0,78.2,not set,not set,not set,not set,not set,not set,0,not set,5.05,4.47,164,4.45,45,16,38,15,high,normal,on,on,0.98,0.975,0.98,0.995
2018-01-04,10:25,not set,not set,not set,not set,346,not set,,,not set,not set,0,not set,BathroomLightCommanded,16.0,78.3,not set,not set,not set,not set,not set,not set,0,not set,5.05,4.47,164,4.45,45,17,38,14,high,normal,on,on,0.985,0.985,0.975,0.985
2018-01-04,10:25,not set,not set,not set,not set,348,not set,,,not set,not set,0,not set,BathroomLightCommanded,16.0,78.3,not set,not set,not set,not set,not set,not set,0,not set,5.05,4.47,164,4.45,46,16,38,14,high,normal,on,on,0.985,0.97,0.98,0.98
2018-01-04,10:25,not set,not set,not set,not set,351,not set,,,not set,not set,0,not set,BathroomLightCommanded,16.0,78.1,not set,not set,not set,not set,not set,not set,0,not set,5.05,4.47,164,4.45,45,16,38,14,high,normal,on,on,0.985,0.98,0.985,0.98
2018-01-04,10:26,not set,not set,not set,not set,351,not set,,,not set,not set,0,not set,BathroomLightCommanded,16.0,78.2,not set,not set,not set,not set,not set,not set,0,not set,5.05,4.47,164,4.45,45,17,38,15,high,normal,on,on,0.98,0.98,0.98,0.99
2018-01-04,10:26,not set,not set,not set,not set,345,not set,,,not set,not set,0,not set,BathroomLightCommanded,16.0,78.3,not set,not set,not set,not set,not set,not set,0,not set,5.05,4.47,164,4.45,45,16,38,14,high,normal,on,on,0.975,0.99,0.98,0.98
2018-01-04,10:27,not set,not set,not set,not set,348,not set,,,not set,not set,0,not set,BathroomLightCommanded,16.0,78.2,not set,not set,not set,not set,not set,not set,0,not set,5.05,4.47,164,4.45,45,16,38,15,high,normal,on,on,0.975,0.975,0.98,0.985
2018-01-04,10:27,not set,not set,not set,not set,346,not set,,,not set,not set,0,not set,BathroomLightCommanded,16.0,78.1,not set,not set,not set,not set,not set,not set,0,not set,5.05,4.47,164,4.45,45,16,38,14,high,normal,on,on,0.98,0.985,0.98,0.985
2018-01-04,10:27,not set,not set,not set,not set,344,not set,,,not set,not set,0,not set,BathroomLightCommanded,16.0,78.2,not set,not set,not set,not set,not set,not set,0,not set,5.05,4.47,164,4.45,45,16,38,14,high,normal,on,on,0.99,0.98,0.98,0.985
2018-01-04,10:28,not set,not set,not set,not set,342,not set,,,not set,not set,0,not set,BathroomLightCommanded,16.0,78.2,not set,not set,not set,not set,not set,not set,0,not set,5.05,4.47,164,4.45,46,16,38,14,high,normal,on,on,0.98,0.985,0.975,0.985
2018-01-04,10:28,not set,not set,not set,not set,334,not set,,,not set,not set,0,not set,BathroomLightCommanded,16.0,78.1,not set,not set,not set,not set,not set,not set,0,not set,5.05,4.47,164,4.45,45,16,39,14,high,normal,on,on,0.97,0.985,0.985,0.99
2018-01-04,10:29,not set,not set,not set,not set,328,not set,,,not set,not set,0,not set,BathroomLightCommanded,16.0,78.0,not set,not set,not set,not set,not set,not set,0,not set,5.05,4.47,164,4.45,45,16,38,15,high,normal,on,on,0.985,0.985,0.985,0.975
2018-01-04,10:29,not set,not set,not set,not set,323,not set,,,not set,not set,0,not set,BathroomLightCommanded,16.0,78.0,not set,not set,not set,not set,not set,not set,0,not set,5.05,4.47,164,4.45,45,16,38,15,high,normal,on,on,0.975,0.985,0.975,0.99
2018-01-04,10:29,not set,not set,not set,not set,317,not set,,,not set,not set,0,not set,BathroomLightCommanded,16.0,78.1,not set,not set,not set,not set,not set,not set,0,not set,5.05,4.47,164,4.45,46,16,39,14,high,normal,on,on,0.98,0.99,0.98,0.985
2018-01-04,10:30,not set,not set,not set,not set,309,not set,,,not set,not set,0,not set,BathroomLightCommanded,16.0,78.0,not set,not set,not set,not set,not set,not set,0,not set,5.05,4.47,164,4.45,45,16,38,14,high,normal,on,on,0.995,0.97,0.985,0.98
2018-01-04,10:30,not set,not set,not set,not set,312,not set,,,not set,not set,0,not set,BathroomLightCommanded,16.0,77.8,not set,not set,not set,not set,not set,not set,0,not set,5.05,4.47,164,4.45,46,16,39,14,high,normal,on,on,0.98,0.975,0.97,0.98
2018-01-04,10:30,not set,not set,not set,not set,320,not set,,,not set,not set,0,not set,BathroomLightCommanded,16.0,78.1,not set,not set,not set,not set,not set,not set,0,not set,5.05,4.47,164,4.45,45,16,38,14,high,normal,on,on,0.98,0.99,0.97,0.975
2018-01-04,10:31,not set,not set,not set,not set,324,not set,,,not set,not set,0,not set,BathroomLightCommanded,16.0,77.9,not set,not set,not set,not set,not set,not set,0,not set,5.05,4.47,164,4.45,45,17,38,14,high,normal,on,on,0.995,0.985,0.99,0.985
2018-01-04,10:31,not set,not set,not set,not set,326,not set,,,not set,not set,0,not set,BathroomLightCommanded,16.0,77.9,not set,not set,not set,not set,not set,not set,0,not set,5.05,4.47,164,4.45,45,16,38,14,high,normal,on,on,0.995,0.995,0.98,0.99
2018-01-04,10:32,not set,not set,not set,not set,332,not set,,,not set,not set,0,not set,BathroomLightCommanded,16.0,77.8,not set,not set,not set,not set,not set,not set,0,not set,5.05,4.47,164,4.45,45,17,38,14,high,normal,on,on,0.98,0.985,0.975,0.965
2018-01-04,10:32,not set,not set,not set,not set,334,not set,,,not set,not set,0,not set,BathroomLightCommanded,16.0,77.9,not set,not set,not set,not set,not set,not set,0,not set,5.05,4.47,164,4.45,46,17,38,14,high,normal,on,on,0.98,0.985,0.985,0.98
2018-01-04,10:32,not set,not set,not set,not set,337,not set,,,not set,not set,0,not set,BathroomLightCommanded,16.0,77.8,not set,not set,not set,not set,not set,not set,0,not set,5.05,4.47,164,4.45,45,16,38,14,high,normal,on,on,0.985,0.985,0.99,0.985
2018-01-04,10:33,not set,not set,not set,not set,340,not set,,,not set,not set,0,not set,BathroomLightCommanded,16.0,77.8,not set,not set,not set,not set,not set,not set,0,not set,5.05,4.47,164,4.45,45,16,39,14,high,normal,on,on,0.98,0.98,0.97,0.98
2018-01-04,10:33,not set,not set,not set,not set,346,not set,,,not set,not set,0,not set,BathroomLightCommanded,16.0,77.9,not set,not set,not set,not set,not set,not set,0,not set,5.05,4.47,164,4.45,45,16,39,15,high,normal,on,on,0.985,0.985,0.98,0.985
2018-01-04,10:34,not set,not set,not set,not set,349,not set,,,not set,not set,0,not set,BathroomLightCommanded,16.0,78.0,not set,not set,not set,not set,not set,not set,0,not set,5.05,4.47,164,4.45,45,16,38,14,high,normal,on,on,0.985,0.98,0.985,0.98
2018-01-04,10:34,not set,not set,not set,not set,354,not set,,,not set,not set,0,not set,BathroomLightCommanded,16.0,78.0,not set,not set,not set,not set,not set,not set,0,not set,5.05,4.47,164,4.45,45,16,38,14,high,normal,on,on,0.98,0.985,0.985,0.98
2018-01-04,10:34,not set,not set,not set,not set,357,not set,,,not set,not set,0,not set,BathroomLightCommanded,16.0,78.0,not set,not set,not set,not set,not set,not set,0,not set,5.05,4.47,164,4.45,46,16,38,14,high,normal,on,on,0.985,0.98,0.975,0.98
2018-01-04,10:35,not set,not set,not set,not set,355,not set,,,not set,not set,0,not set,BathroomLightCommanded,16.0,78.1,not set,not set,not set,not set,not set,not set,0,not set,5.05,4.47,164,4.45,45,16,38,15,high,normal,on,on,0.98,0.97,0.98,0.985
2018-01-04,10:35,not set,not set,not set,not set,356,not set,,,not set,not set,0,not set,BathroomLightCommanded,16.0,78.0,not set,not set,not set,not set,not set,not set,0,not set,5.05,4.47,164,4.45,45,16,38,14,high,normal,on,on,0.985,0.98,0.98,0.99
2018-01-04,10:35,not set,not set,not set,not set,355,not set,,,not set,not set,0,not set,BathroomLightCommanded,16.0,78.0,not set,not set,not set,not set,not set,not set,0,not set,5.05,4.47,164,4.45,45,16,38,15,high,normal,on,on,0.98,0.99,0.985,0.985
2018-01-04,10:36,not set,not set,not set,not set,350,not set,,,not set,not set,0,not set,BathroomLightCommanded,16.0,77.9,not set,not set,not set,not set,not set,not set,0,not set,5.05,4.47,164,4.45,45,16,38,15,high,normal,on,on,0.99,0.995,0.99,0.98
2018-01-04,10:36,not set,not set,not set,not set,349,not set,,,not set,not set,0,not set,BathroomLightCommanded,16.0,78.1,not set,not set,not set,not set,not set,not set,0,not set,5.05,4.47,164,4.45,46,16,38,14,high,normal,on,on,0.98,0.98,0.98,0.985
2018-01-04,10:37,not set,not set,not set,not set,345,not set,,,not set,not set,0,not set,BathroomLightCommanded,16.0,78.0,not set,not set,not set,not set,not set,not set,0,not set,5.05,4.47,164,4.45,45,17,38,14,high,normal,on,on,0.99,0.985,0.985,0.99
2018-01-04,10:37,not set,not set,not set,not set,345,not set,,,not set,not set,0,not set,BathroomLightCommanded,16.0,77.9,not set,not set,not set,not set,not set,not set,0,not set,5.05,4.47,164,4.45,45,16,38,14,high,normal,on,on,0.985,0.99,0.98,0.985
2018-01-04,10:37,not set,not set,not set,not set,345,not set,,,not set,not set,0,not set,BathroomLightCommanded,16.0,78.0,not set,not set,not set,not set,not set,not set,0,not set,5.05,4.47,164,4.45,45,16,38,14,high,normal,on,on,0.985,0.985,0.975,0.98
2018-01-04,10:38,not set,not set,not set,not set,343,not set,,,not set,not set,0,not set,BathroomLightCommanded,16.0,77.8,not set,not set,not set,not set,not set,not set,0,not set,5.05,4.47,164,4.45,45,16,38,14,high,normal,on,on,0.98,0.995,0.99,0.985
2018-01-04,10:38,not set,not set,not set,not set,349,not set,,,not set,not set,0,not set,BathroomLightCommanded,16.0,77.9,not set,not set,not set,not set,not set,not set,0,not set,5.05,4.47,164,4.45,45,17,38,15,high,normal,on,on,0.98,0.985,0.98,0.995
2018-01-04,10:39,not set,not set,not set,not set,350,not set,,,not set,not set,0,not set,BathroomLightCommanded,16.0,77.8,not set,not set,not set,not set,not set,not set,0,not set,5.05,4.47,164,4.45,46,16,38,14,high,normal,on,on,0.975,0.98,0.985,0.985
2018-01-04,10:39,not set,not set,not set,not set,352,not set,,,not set,not set,0,not set,BathroomLightCommanded,16.0,77.9,not set,not set,not set,not set,not set,not set,0,not set,5.05,4.47,164,4.45,45,16,38,15,high,normal,on,on,0.98,0.98,0.98,0.99
2018-01-04,10:39,not set,not set,not set,not set,353,not set,,,not set,not set,0,not set,BathroomLightCommanded,16.0,78.0,not set,not set,not set,not set,not set,not set,0,not set,5.05,4.47,164,4.45,45,16,38,14,high,normal,on,on,0.98,0.985,0.985,0.995
2018-01-04,10:40,not set,not set,not set,not set,350,not set,,,not set,not set,0,not set,BathroomLightCommanded,16.0,78.0,not set,not set,not set,not set,not set,not set,0,not set,5.05,4.47,164,4.45,45,16,38,14,high,normal,on,on,0.99,0.99,0.985,0.98
2018-01-04,10:40,not set,not set,not set,not set,354,not set,,,not set,not set,0,not set,BathroomLightCommanded,15.9,78.0,not set,not set,not set,not set,not set,not set,0,not set,5.05,4.47,164,4.45,45,16,39,15,high,normal,on,on,0.98,0.98,0.985,0.995
2018-01-04,10:40,not set,not set,not set,not set,354,not set,,,not set,not set,0,not set,BathroomLightCommanded,16.0,78.1,not set,not set,not set,not set,not set,not set,0,not set,5.05,4.47,164,4.45,46,16,38,15,high,normal,on,on,0.975,0.99,0.985,0.995
2018-01-04,10:41,not set,not set,not set,not set,357,not set,,,not set,not set,0,not set,BathroomLightCommanded,16.0,77.9,not set,not set,not set,not set,not set,not set,0,not set,5.05,4.47,164,4.45,45,16,38,14,high,normal,on,on,0.985,0.995,0.985,0.985
2018-01-04,10:41,not set,not set,not set,not set,360,not set,,,not set,not set,0,not set,BathroomLightCommanded,16.0,77.9,not set,not set,not set,not set,not set,not set,0,not set,5.05,4.47,164,4.45,45,17,38,14,high,normal,on,on,0.99,0.995,0.985,0.985
2018-01-04,10:42,not set,not set,not set,not set,367,not set,,,not set,not set,0,not set,BathroomLightCommanded,16.0,77.8,not set,not set,not set,not set,not set,not set,0,not set,5.05,4.47,164,4.45,45,17,38,14,high,normal,on,on,0.98,0.975,0.99,0.985
2018-01-04,10:42,not set,not set,not set,not set,369,not set,,,not set,not set,0,not set,BathroomLightCommanded,16.0,77.8,not set,not set,not set,not set,not set,not set,0,not set,5.05,4.47,164,4.45,45,16,38,14,high,normal,on,on,0.985,0.975,0.98,0.985
2018-01-04,10:42,not set,not set,not set,not set,370,not set,,,not set,not set,0,not set,BathroomLightCommanded,16.0,77.9,not set,not set,not set,not set,not set,not set,0,not set,5.05,4.47,164,4.45,45,17,38,14,high,normal,on,on,0.99,0.985,0.99,0.99
2018-01-04,10:43,not set,not set,not set,not set,368,not set,,,not set,not set,0,not set,BathroomLightCommanded,16.0,78.0,not set,not set,not set,not set,not set,not set,0,not set,5.05,4.47,164,4.45,45,16,38,14,high,normal,on,on,0.99,0.99,0.985,0.995
2018-01-04,10:43,not set,not set,not set,not set,367,not set,,,not set,not set,0,not set,BathroomLightCommanded,16.0,77.9,not set,not set,not set,not set,not set,not set,0,not set,5.05,4.47,164,4.45,45,17,38,14,high,normal,on,on,0.99,0.98,0.97,0.99
2018-01-04,10:44,not set,not set,not set,not set,361,not set,,,not set,not set,0,not set,BathroomLightCommanded,16.0,77.9,not set,not set,not set,not set,not set,not set,0,not set,5.05,4.47,164,4.45,46,16,38,14,high,normal,on,on,0.98,0.995,0.985,0.98
2018-01-04,10:44,not set,not set,not set,not set,361,not set,,,not set,not set,0,not set,BathroomLightCommanded,16.0,77.7,not set,not set,not set,not set,not set,not set,0,not set,5.05,4.47,164,4.45,45,16,38,14,high,normal,on,on,0.995,0.985,0.98,0.985
2018-01-04,10:44,not set,not set,not set,not set,359,not set,,,not set,not set,0,not set,BathroomLightCommanded,16.0,77.8,not set,not set,not set,not set,not set,not set,0,not set,5.05,4.47,164,4.45,45,17,38,14,high,normal,on,on,0.975,0.985,0.985,0.99
2018-01-04,10:45,not set,not set,not set,not set,358,not set,,,not set,not set,0,not set,BathroomLightCommanded,16.0,77.9,not set,not set,not set,not set,not set,not set,0,not set,5.05,4.47,164,4.45,45,16,38,14,high,normal,on,on,0.98,0.985,0.99,0.98
2018-01-04,10:45,not set,not set,not set,not set,361,not set,,,not set,not set,0,not set,BathroomLightCommanded,16.0,77.6,not set,not set,not set,not set,not set,not set,0,not set,5.05,4.47,164,4.45,45,16,38,14,high,normal,on,on,0.985,0.995,0.97,0.985
2018-01-04,10:46,not set,not set,not set,not set,362,not set,,,not set,not set,0,not set,BathroomLightCommanded,16.0,77.5,not set,not set,not set,not set,not set,not set,0,not set,5.05,4.47,164,4.45,46,16,38,14,high,normal,on,on,0.985,0.985,0.985,0.995
2018-01-04,10:46,not set,not set,not set,not set,356,not set,,,not set,not set,0,not set,BathroomLightCommanded,16.0,77.6,not set,not set,not set,not set,not set,not set,0,not set,5.05,4.47,164,4.45,46,16,38,14,high,normal,on,on,0.98,0.985,0.98,0.99
2018-01-04,10:46,not set,not set,not set,not set,348,not set,,,not set,not set,0,not set,BathroomLightCommanded,16.0,77.6,not set,not set,not set,not set,not set,not set,0,not set,5.05,4.47,164,4.45,45,16,38,14,high,normal,on,on,0.985,0.985,0.98,0.98
2018-01-04,10:47,not set,not set,not set,not set,341,not set,,,not set,not set,0,not set,BathroomLightCommanded,16.0,77.7,not set,not set,not set,not set,not set,not set,0,not set,5.05,4.47,164,4.45,45,16,38,14,high,normal,on,on,0.99,0.99,0.98,0.985
2018-01-04,10:47,not set,not set,not set,not set,335,not set,,,not set,not set,0,not set,BathroomLightCommanded,16.0,77.7,not set,not set,not set,not set,not set,not set,0,not set,5.05,4.47,164,4.45,45,16,38,14,high,normal,on,on,0.985,0.99,0.975,0.975
2018-01-04,10:47,not set,not set,not set,not set,329,not set,,,not set,not set,0,not set,BathroomLightCommanded,16.0,77.6,not set,not set,not set,not set,not set,not set,0,not set,5.05,4.47,164,4.45,45,16,38,14,high,normal,on,on,0.99,0.995,0.985,0.985
2018-01-04,10:48,not set,not set,not set,not set,327,not set,,,not set,not set,0,not set,BathroomLightCommanded,16.0,77.5,not set,not set,not set,not set,not set,not set,0,not set,5.05,4.47,164,4.45,45,16,38,14,high,normal,on,on,0.99,0.99,0.98,0.98
2018-01-04,10:48,not set,not set,not set,not set,333,not set,,,not set,not set,0,not set,BathroomLightCommanded,16.0,77.5,not set,not set,not set,not set,not set,not set,0,not set,5.05,4.47,164,4.45,45,16,38,14,high,normal,on,on,0.985,0.98,0.98,0.99
2018-01-04,10:49,not set,not set,not set,not set,341,not set,,,not set,not set,0,not set,BathroomLightCommanded,16.0,77.7,not set,not set,not set,not set,not set,not set,0,not set,5.05,4.47,164,4.45,46,16,38,14,high,normal,on,on,0.975,0.99,0.975,0.985
2018-01-04,10:49,not set,not set,not set,not set,351,not set,,,not set,not set,0,not set,BathroomLightCommanded,16.0,77.6,not set,not set,not set,not set,not set,not set,0,not set,5.05,4.47,164,4.45,45,17,38,14,high,normal,on,on,0.98,0.985,0.975,0.985
2018-01-04,10:49,not set,not set,not set,not set,360,not set,,,not set,not set,0,not set,BathroomLightCommanded,16.0,77.4,not set,not set,not set,not set,not set,not set,0,not set,5.05,4.47,164,4.45,45,16,38,14,high,normal,on,on,0.985,0.995,0.99,0.985
2018-01-04,10:50,not set,not set,not set,not set,363,not set,,,not set,not set,0,not set,BathroomLightCommanded,16.0,77.6,not set,not set,not set,not set,not set,not set,0,not set,5.05,4.47,164,4.45,45,17,39,14,high,normal,on,on,0.985,0.99,0.985,0.995
2018-01-04,10:50,not set,not set,not set,not set,368,not set,,,not set,not set,0,not set,BathroomLightCommanded,16.0,77.6,not set,not set,not set,not set,not set,not set,0,not set,5.05,4.47,164,4.45,45,16,38,14,high,normal,on,on,0.985,1.4,1.1,1.1
2018-01-04,10:51,not set,not set,not set,not set,371,not set,,,not set,not set,0,not set,BathroomLightCommanded,16.0,77.5,not set,not set,not set,not set,not set,not set,0,not set,5.05,4.47,164,4.45,45,16,38,14,high,normal,on,on,1.115,1.115,1.115,1.115
2018-01-04,10:51,not set,not set,not set,not set,373,not set,,,not set,not set,0,not set,BathroomLightCommanded,16.0,77.6,not set,not set,not set,not set,not set,not set,0,not set,5.05,4.47,164,4.45,45,16,38,15,high,normal,on,on,1.095,1.095,1.095,1.105
2018-01-04,10:51,not set,not set,not set,not set,375,not set,,,not set,not set,0,not set,BathroomLightCommanded,16.0,77.6,not set,not set,not set,not set,not set,not set,0,not set,5.05,4.47,164,4.45,45,16,38,14,high,normal,on,on,1.105,1.1,1.105,1.1
2018-01-04,10:52,not set,not set,not set,not set,380,not set,,,not set,not set,0,not set,BathroomLightCommanded,16.0,77.3,not set,not set,not set,not set,not set,not set,0,not set,5.05,4.47,164,4.45,45,16,38,14,high,normal,on,on,1.1,1.1,1.085,1.09
2018-01-04,10:52,not set,not set,not set,not set,384,not set,,,not set,not set,0,not set,BathroomLightCommanded,16.0,77.5,not set,not set,not set,not set,not set,not set,0,not set,5.05,4.47,164,4.45,45,16,38,14,high,normal,on,on,1.07,1.07,1.085,1.08
2018-01-04,10:52,not set,not set,not set,not set,381,not set,,,not set,not set,0,not set,BathroomLightCommanded,16.0,77.3,not set,not set,not set,not set,not set,not set,0,not set,5.05,4.47,164,4.45,46,16,38,14,high,normal,on,on,1.06,1.07,1.065,1.07
2018-01-04,10:53,not set,not set,not set,not set,381,not set,,,not set,not set,0,not set,BathroomLightCommanded,16.0,77.1,not set,not set,not set,not set,not set,not set,0,not set,5.05,4.47,164,4.45,45,16,38,14,high,normal,on,on,1.06,1.06,1.055,1.05
2018-01-04,10:53,not set,not set,not set,not set,382,not set,,,not set,not set,0,not set,BathroomLightCommanded,16.0,77.3,not set,not set,not set,not set,not set,not set,0,not set,5.05,4.47,164,4.45,45,16,38,14,high,normal,on,on,1.055,1.055,1.06,1.05
2018-01-04,10:54,not set,not set,not set,not set,379,not set,,,not set,not set,0,not set,BathroomLightCommanded,16.0,77.5,not set,not set,not set,not set,not set,not set,0,not set,5.05,4.47,164,4.45,45,16,38,14,high,normal,on,on,1.045,1.045,1.055,1.055
2018-01-04,10:54,not set,not set,not set,not set,380,not set,,,not set,not set,0,not set,BathroomLightCommanded,16.0,77.3,not set,not set,not set,not set,not set,not set,0,not set,5.05,4.47,164,4.45,45,17,38,14,high,normal,on,on,1.055,1.045,1.04,1.05
2018-01-04,10:54,not set,not set,not set,not set,378,not set,,,not set,not set,0,not set,BathroomLightCommanded,16.0,77.2,not set,not set,not set,not set,not set,not set,0,not set,5.05,4.47,164,4.45,45,16,38,15,high,normal,on,on,1.045,1.04,1.04,1.03
2018-01-04,10:55,not set,not set,not set,not set,378,not set,,,not set,not set,0,not set,BathroomLightCommanded,16.0,77.1,not set,not set,not set,not set,not set,not set,0,not set,5.05,4.47,164,4.45,45,16,38,14,high,normal,on,on,1.03,1.04,1.035,1.045
2018-01-04,10:55,not set,not set,not set,not set,376,not set,,,not set,not set,0,not set,BathroomLightCommanded,16.0,77.1,not set,not set,not set,not set,not set,not set,0,not set,5.05,4.47,164,4.45,45,16,38,15,high,normal,on,on,1.045,1.025,1.03,1.045
2018-01-04,10:56,not set,not set,not set,not set,374,not set,,,not set,not set,0,not set,BathroomLightCommanded,16.0,77.1,not set,not set,not set,not set,not set,not set,0,not set,5.05,4.47,164,4.45,46,16,38,14,high,normal,on,on,1.04,1.045,1.035,1.03
2018-01-04,10:56,not set,not set,not set,not set,374,not set,,,not set,not set,0,not set,BathroomLightCommanded,16.0,77.3,not set,not set,not set,not set,not set,not set,0,not set,5.05,4.47,164,4.45,45,16,38,14,high,normal,on,on,1.045,1.045,1.035,1.04
2018-01-04,10:56,not set,not set,not set,not set,373,not set,,,not set,not set,0,not set,BathroomLightCommanded,16.0,77.4,not set,not set,not set,not set,not set,not set,0,not set,5.05,4.47,164,4.45,45,16,38,14,high,normal,on,on,1.02,1.05,1.03,1.03
2018-01-04,10:57,not set,not set,not set,not set,372,not set,,,not set,not set,0,not set,BathroomLightCommanded,16.0,77.1,not set,not set,not set,not set,not set,not set,0,not set,5.05,4.47,164,4.45,45,16,39,14,high,normal,on,on,1.035,1.04,1.025,1.035
2018-01-04,10:57,not set,not set,not set,not set,373,not set,,,not set,not set,0,not set,BathroomLightCommanded,16.0,77.3,not set,not set,not set,not set,not set,not set,0,not set,5.05,4.47,164,4.45,45,17,38,15,high,normal,on,on,1.04,1.035,1.04,1.03
2018-01-04,10:57,not set,not set,not set,not set,372,not set,,,not set,not set,0,not set,BathroomLightCommanded,16.0,77.1,not set,not set,not set,not set,not set,not set,0,not set,5.05,4.47,164,4.45,45,17,38,14,high,normal,on,on,1.04,1.035,1.04,1.02
2018-01-04,10:58,not set,not set,not set,not set,369,not set,,,not set,not set,0,not set,BathroomLightCommanded,16.0,77.1,not set,not set,not set,not set,not set,not set,0,not set,5.05,4.47,164,4.45,45,16,38,14,high,normal,on,on,1.03,1.035,1.03,1.035
2018-01-04,10:58,not set,not set,not set,not set,372,not set,,,not set,not set,0,not set,BathroomLightCommanded,16.0,77.1,not set,not set,not set,not set,not set,not set,0,not set,5.05,4.47,164,4.45,45,16,38,14,high,normal,on,on,1.03,1.04,1.035,1.04
2018-01-04,10:59,not set,not set,not set,not set,370,not set,,,not set,not set,0,not set,BathroomLightCommanded,16.0,77.3,not set,not set,not set,not set,not set,not set,0,not set,5.05,4.47,164,4.45,45,16,38,14,high,normal,on,on,1.03,1.03,1.03,1.035
2018-01-04,10:59,not set,not set,not set,not set,371,not set,,,not set,not set,0,not set,BathroomLightCommanded,16.0,77.1,not set,not set,not set,not set,not set,not set,0,not set,5.05,4.47,164,4.45,45,17,38,15,high,normal,on,on,1.03,1.025,1.03,1.035
2018-01-04,10:59,not set,not set,not set,not set,375,not set,,,not set,not set,0,not set,BathroomLightCommanded,15.9,77.2,not set,not set,not set,not set,not set,not set,0,not set,5.05,4.47,164,4.45,45,16,38,14,high,normal,on,on,1.04,1.035,1.05,1.03
2018-01-04,11:00,not set,not set,not set,not set,381,not set,,,not set,not set,0,not set,BathroomLightCommanded,16.0,77.2,not set,not set,not set,not set,not set,not set,0,not set,5.05,4.47,164,4.45,45,16,38,14,high,normal,on,on,1.02,1.04,1.025,1.045
2018-01-04,11:00,not set,not set,not set,not set,382,not set,,,not set,not set,0,not set,BathroomLightCommanded,16.0,77.1,not set,not set,not set,not set,not set,not set,0,not set,5.05,4.47,164,4.45,45,16,38,14,high,normal,on,on,1.03,1.025,1.025,1.035
2018-01-04,11:01,not set,not set,not set,not set,383,not set,,,not set,not set,0,not set,BathroomLightCommanded,16.0,77.1,not set,not set,not set,not set,not set,not set,0,not set,5.05,4.47,164,4.45,45,17,38,14,high,normal,on,on,1.04,1.03,1.025,1.02
2018-01-04,11:01,not set,not set,not set,not set,383,not set,,,not set,not set,0,not set,BathroomLightCommanded,16.0,77.4,not set,not set,not set,not set,not set,not set,0,not set,5.05,4.47,164,4.45,45,16,38,14,high,normal,on,on,1.035,1.035,1.035,1.04
2018-01-04,11:01,not set,not set,not set,not set,384,not set,,,not set,not set,0,not set,BathroomLightCommanded,16.0,77.1,not set,not set,not set,not set,not set,not set,0,not set,5.05,4.47,164,4.45,45,17,37,14,high,normal,on,on,1.045,1.035,1.03,1.035
2018-01-04,11:02,not set,not set,not set,not set,380,not set,,,not set,not set,0,not set,BathroomLightCommanded,16.0,77.1,not set,not set,not set,not set,not set,not set,0,not set,5.05,4.47,164,4.45,45,16,38,14,high,normal,on,on,1.03,1.03,1.03,1.02
2018-01-04,11:02,not set,not set,not set,not set,373,not set,,,not set,not set,0,not set,BathroomLightCommanded,16.0,77.1,not set,not set,not set,not set,not set,not set,0,not set,5.05,4.47,164,4.45,45,16,38,14,high,normal,on,on,1.035,1.025,1.02,1.035
2018-01-04,11:02,not set,not set,not set,not set,373,not set,,,not set,not set,0,not set,BathroomLightCommanded,15.9,77.3,not set,not set,not set,not set,not set,not set,0,not set,5.05,4.47,164,4.45,45,16,38,15,high,normal,on,on,1.035,1.03,1.03,1.04
2018-01-04,11:03,not set,not set,not set,not set,370,not set,,,not set,not set,0,not set,BathroomLightCommanded,16.0,77.4,not set,not set,not set,not set,not set,not set,0,not set,5.05,4.47,164,4.45,45,16,38,14,high,normal,on,on,1.02,1.035,1.025,1.03
2018-01-04,11:03,not set,not set,not set,not set,373,not set,,,not set,not set,0,not set,BathroomLightCommanded,16.0,77.3,not set,not set,not set,not set,not set,not set,0,not set,5.05,4.47,164,4.45,45,16,37,14,high,normal,on,on,1.025,1.035,1.04,1.035
2018-01-04,11:04,not set,not set,not set,not set,375,not set,,,not set,not set,0,not set,BathroomLightCommanded,16.0,77.1,not set,not set,not set,not set,not set,not set,0,not set,5.05,4.47,164,4.45,45,17,38,14,high,normal,on,on,1.025,1.03,1.025,1.03
2018-01-04,11:04,not set,not set,not set,not set,372,not set,,,not set,not set,0,not set,BathroomLightCommanded,16.0,77.1,not set,not set,not set,not set,not set,not set,0,not set,5.05,4.47,164,4.45,45,17,38,14,high,normal,on,on,1.035,1.035,1.025,1.035
2018-01-04,11:04,not set,not set,not set,not set,370,not set,,,not set,not set,0,not set,BathroomLightCommanded,16.0,77.1,not set,not set,not set,not set,not set,not set,0,not set,5.05,4.47,164,4.45,45,16,38,14,high,normal,on,on,1.045,1.04,1.04,1.03
2018-01-04,11:05,not set,not set,not set,not set,368,not set,,,not set,not set,0,not set,BathroomLightCommanded,16.0,77.1,not set,not set,not set,not set,not set,not set,0,not set,5.05,4.47,164,4.45,45,16,38,14,high,normal,on,on,1.045,1.045,1.03,1.035
2018-01-04,11:05,not set,not set,not set,not set,368,not set,,,not set,not set,0,not set,BathroomLightCommanded,16.0,77.0,not set,not set,not set,not set,not set,not set,0,not set,5.05,4.47,164,4.45,45,16,38,14,high,normal,on,on,1.035,1.04,1.035,1.035
2018-01-04,11:06,not set,not set,not set,not set,361,not set,,,not set,not set,0,not set,BathroomLightCommanded,16.0,76.9,not set,not set,not set,not set,not set,not set,0,not set,5.05,4.47,164,4.45,45,16,38,14,high,normal,on,on,1.04,1.035,1.03,1.03
2018-01-04,11:06,not set,not set,not set,not set,357,not set,,,not set,not set,0,not set,BathroomLightCommanded,16.0,77.1,not set,not set,not set,not set,not set,not set,0,not set,5.05,4.47,164,4.45,45,16,38,14,high,normal,on,on,1.035,1.04,1.04,1.025
2018-01-04,11:06,not set,not set,not set,not set,352,not set,,,not set,not set,0,not set,BathroomLightCommanded,16.0,77.0,not set,not set,not set,not set,not set,not set,0,not set,5.05,4.47,164,4.45,45,16,38,14,high,normal,on,on,1.04,1.055,1.04,1.045
2018-01-04,11:07,not set,not set,not set,not set,347,not set,,,not set,not set,0,not set,BathroomLightCommanded,16.0,77.0,not set,not set,not set,not set,not set,not set,0,not set,5.05,4.47,164,4.45,45,16,38,14,high,normal,on,on,1.035,1.04,1.03,1.04
2018-01-04,11:07,not set,not set,not set,not set,354,not set,,,not set,not set,0,not set,BathroomLightCommanded,16.0,76.9,not set,not set,not set,not set,not set,not set,0,not set,5.05,4.47,164,4.45,45,16,38,14,high,normal,on,on,15.475,15.235,15.33,15.235
2018-01-04,11:07,not set,not set,not set,not set,363,not set,,,not set,not set,0,not set,BathroomLightCommanded,16.0,77.0,not set,not set,not set,not set,not set,not set,0,not set,5.05,4.47,164,4.45,45,16,38,14,high,normal,on,on,15.33,15.295,15.325,15.175
2018-01-04,11:08,not set,not set,not set,not set,373,not set,,,not set,not set,0,not set,BathroomLightCommanded,16.0,77.0,not set,not set,not set,not set,not set,not set,0,not set,5.05,4.47,164,4.45,45,16,38,14,high,normal,on,on,15.275,15.41,15.38,15.37
2018-01-04,11:08,not set,not set,not set,not set,381,not set,,,not set,not set,0,not set,BathroomLightCommanded,16.0,76.9,not set,not set,not set,not set,not set,not set,0,not set,5.05,4.47,164,4.45,45,16,38,14,high,normal,on,on,15.205,15.395,15.285,15.35
2018-01-04,11:09,not set,not set,not set,not set,381,not set,,,not set,not set,0,not set,BathroomLightCommanded,16.0,76.9,not set,not set,not set,not set,not set,not set,0,not set,5.05,4.47,164,4.45,45,16,38,14,high,normal,on,on,15.35,15.445,15.39,15.43
2018-01-04,11:09,not set,not set,not set,not set,377,not set,,,not set,not set,0,not set,BathroomLightCommanded,16.0,77.0,not set,not set,not set,not set,not set,not set,0,not set,5.05,4.47,164,4.45,45,16,38,14,high,normal,on,on,15.39,1.08,1.04,1.045
2018-01-04,11:09,not set,not set,not set,not set,376,not set,,,not set,not set,0,not set,BathroomLightCommanded,16.0,77.1,not set,not set,not set,not set,not set,not set,0,not set,5.05,4.47,164,4.45,45,16,38,14,high,normal,on,on,1.055,1.035,1.04,1.04
2018-01-04,11:10,not set,not set,not set,not set,378,not set,,,not set,not set,0,not set,BathroomLightCommanded,16.0,77.1,not set,not set,not set,not set,not set,not set,0,not set,5.05,4.47,164,4.45,46,16,39,14,high,normal,on,on,1.03,1.055,1.03,1.04
2018-01-04,11:10,not set,not set,not set,not set,389,not set,,,not set,not set,0,not set,BathroomLightCommanded,16.0,77.0,not set,not set,not set,not set,not set,not set,0,not set,5.05,4.47,164,4.45,45,16,39,14,high,normal,on,on,1.04,1.035,1.025,1.055
2018-01-04,11:10,not set,not set,not set,not set,392,not set,,,not set,not set,0,not set,BathroomLightCommanded,16.0,77.1,not set,not set,not set,not set,not set,not set,0,not set,5.05,4.47,164,4.45,45,16,39,14,high,normal,on,on,1.035,1.035,1.01,1.035
2018-01-04,11:11,not set,not set,not set,not set,401,not set,,,not set,not set,0,not set,BathroomLightCommanded,15.9,77.0,not set,not set,not set,not set,not set,not set,0,not set,5.05,4.47,164,4.45,45,16,40,14,high,normal,on,on,1.035,1.04,1.025,1.04
2018-01-04,11:11,not set,not set,not set,not set,409,not set,,,not set,not set,0,not set,BathroomLightCommanded,16.0,77.0,not set,not set,not set,not set,not set,not set,0,not set,5.05,4.47,164,4.45,45,16,40,14,high,normal,on,on,1.04,1.03,1.04,1.035
2018-01-04,11:12,not set,not set,not set,not set,411,not set,,,not set,not set,0,not set,BathroomLightCommanded,16.0,76.8,not set,not set,not set,not set,not set,not set,0,not set,5.05,4.47,164,4.45,45,16,41,14,high,normal,on,on,1.04,1.035,1.025,1.05
2018-01-04,11:12,not set,not set,not set,not set,420,not set,,,not set,not set,0,not set,BathroomLightCommanded,16.0,76.9,not set,not set,not set,not set,not set,not set,0,not set,5.05,4.47,164,4.45,45,16,40,14,high,normal,on,on,1.02,1.035,1.03,1.045
2018-01-04,11:12,not set,not set,not set,not set,418,not set,,,not set,not set,0,not set,BathroomLightCommanded,16.0,77.1,not set,not set,not set,not set,not set,not set,0,not set,5.05,4.47,164,4.45,45,16,41,15,high,normal,on,on,1.025,1.03,1.035,1.035
2018-01-04,11:13,not set,not set,not set,not set,418,not set,,,not set,not set,0,not set,BathroomLightCommanded,16.0,77.0,not set,not set,not set,not set,not set,not set,0,not set,5.05,4.47,164,4.45,45,16,41,14,high,normal,on,on,1.03,1.035,1.04,1.03
2018-01-04,11:13,not set,not set,not set,not set,407,not set,,,not set,not set,0,not set,BathroomLightCommanded,16.0,77.1,not set,not set,not set,not set,not set,not set,0,not set,5.05,4.47,164,4.45,45,16,41,14,high,normal,on,on,1.03,1.03,1.025,1.025
2018-01-04,11:14,not set,not set,not set,not set,392,not set,,,not set,not set,0,not set,BathroomLightCommanded,16.0,76.9,not set,not set,not set,not set,not set,not set,0,not set,5.05,4.47,164,4.45,45,16,41,14,high,normal,on,on,1.02,1.03,1.035,1.03
2018-01-04,11:14,not set,not set,not set,not set,382,not set,,,not set,not set,0,not set,BathroomLightCommanded,16.0,76.9,not set,not set,not set,not set,not set,not set,0,not set,5.05,4.47,164,4.45,45,16,41,15,high,normal,on,on,1.01,1.025,1.025,1.03
2018-01-04,11:14,not set,not set,not set,not set,382,not set,,,not set,not set,0,not set,BathroomLightCommanded,16.0,76.9,not set,not set,not set,not set,not set,not set,0,not set,5.05,4.47,164,4.45,45,16,41,14,high,normal,on,on,1.03,1.04,1.03,1.02
2018-01-04,11:15,not set,not set,not set,not set,393,not set,,,not set,not set,0,not set,BathroomLightCommanded,16.0,77.1,not set,not set,not set,not set,not set,not set,0,not set,5.05,4.47,164,4.45,45,16,41,14,high,normal,on,on,1.025,1.025,1.025,1.025
2018-01-04,11:15,not set,not set,not set,not set,388,not set,,,not set,not set,0,not set,BathroomLightCommanded,16.0,77.1,not set,not set,not set,not set,not set,not set,0,not set,5.05,4.47,164,4.45,45,16,41,14,high,normal,on,on,1.03,1.025,1.025,1.025
2018-01-04,11:15,not set,not set,not set,not set,375,not set,,,not set,not set,0,not set,BathroomLightCommanded,16.0,77.0,not set,not set,not set,not set,not set,not set,0,not set,5.05,4.47,164,4.45,45,16,41,15,high,normal,on,on,1.03,1.025,1.025,1.03
2018-01-04,11:16,not set,not set,not set,not set,363,not set,,,not set,not set,0,not set,BathroomLightCommanded,16.0,77.0,not set,not set,not set,not set,not set,not set,0,not set,5.05,4.47,164,4.45,45,16,41,14,high,normal,on,on,1.025,1.015,1.025,1.015
2018-01-04,11:16,not set,not set,not set,not set,365,not set,,,not set,not set,0,not set,BathroomLightCommanded,16.0,77.1,not set,not set,not set,not set,not set,not set,0,not set,5.05,4.47,164,4.45,45,16,41,15,high,normal,on,on,1.02,1.02,1.0,1.025
2018-01-04,11:17,not set,not set,not set,not set,375,not set,,,not set,not set,0,not set,BathroomLightCommanded,16.0,77.0,not set,not set,not set,not set,not set,not set,0,not set,5.05,4.47,164,4.45,45,16,41,14,high,normal,on,on,1.025,1.03,1.03,1.01
2018-01-04,11:17,not set,not set,not set,not set,376,not set,,,not set,not set,0,not set,BathroomLightCommanded,15.9,77.1,not set,not set,not set,not set,not set,not set,0,not set,5.05,4.47,164,4.45,45,16,42,14,high,normal,on,on,1.025,1.025,1.03,1.03
2018-01-04,11:17,not set,not set,not set,not set,368,not set,,,not set,not set,0,not set,BathroomLightCommanded,15.9,77.1,not set,not set,not set,not set,not set,not set,0,not set,5.05,4.47,164,4.45,46,16,42,14,high,normal,on,on,1.02,1.02,1.02,1.02
2018-01-04,11:18,not set,not set,not set,not set,356,not set,,,not set,not set,0,not set,BathroomLightCommanded,16.0,77.1,not set,not set,not set,not set,not set,not set,0,not set,5.05,4.47,164,4.45,45,16,41,14,high,normal,on,on,1.015,1.025,1.015,1.035
2018-01-04,11:18,not set,not set,not set,not set,349,not set,,,not set,not set,0,not set,BathroomLightCommanded,16.0,76.9,not set,not set,not set,not set,not set,not set,0,not set,5.05,4.47,164,4.45,45,17,41,14,high,normal,on,on,1.015,1.01,1.015,1.015
2018-01-04,11:19,not set,not set,not set,not set,344,not set,,,not set,not set,0,not set,BathroomLightCommanded,15.9,76.8,not set,not set,not set,not set,not set,not set,0,not set,5.05,4.47,164,4.45,46,16,42,14,high,normal,on,on,1.025,1.02,1.005,1.015
2018-01-04,11:19,not set,not set,not set,not set,333,not set,,,not set,not set,0,not set,BathroomLightCommanded,15.9,76.7,not set,not set,not set,not set,not set,not set,0,not set,5.05,4.47,164,4.45,45,16,42,15,high,normal,on,on,1.025,1.025,1.03,1.025
2018-01-04,11:19,not set,not set,not set,not set,334,not set,,,not set,not set,0,not set,BathroomLightCommanded,15.9,77.1,not set,not set,not set,not set,not set,not set,0,not set,5.05,4.47,164,4.45,45,16,42,14,high,normal,on,on,1.03,1.025,1.01,1.015
2018-01-04,11:20,not set,not set,not set,not set,349,not set,,,not set,not set,0,not set,BathroomLightCommanded,15.9,77.0,not set,not set,not set,not set,not set,not set,0,not set,5.05,4.47,164,4.45,45,16,42,15,high,normal,on,on,1.02,1.015,1.01,1.03
2018-01-04,11:20,not set,not set,not set,not set,366,not set,,,not set,not set,0,not set,BathroomLightCommanded,15.9,77.0,not set,not set,not set,not set,not set,not set,0,not set,5.05,4.47,164,4.45,45,16,41,14,high,normal,on,on,1.015,1.03,1.025,1.015
2018-01-04,11:20,not set,not set,not set,not set,369,not set,,,not set,not set,0,not set,BathroomLightCommanded,15.9,77.0,not set,not set,not set,not set,not set,not set,0,not set,5.05,4.47,164,4.45,45,16,42,14,high,normal,on,on,1.025,1.025,1.02,1.025
2018-01-04,11:21,not set,not set,not set,not set,365,not set,,,not set,not set,0,not set,BathroomLightCommanded,15.9,77.1,not set,not set,not set,not set,not set,not set,0,not set,5.05,4.47,164,4.45,45,16,41,14,high,normal,on,on,1.02,1.025,1.03,1.03
2018-01-04,11:21,not set,not set,not set,not set,355,not set,,,not set,not set,0,not set,BathroomLightCommanded,15.9,77.1,not set,not set,not set,not set,not set,not set,0,not set,5.05,4.47,164,4.45,45,16,42,14,high,normal,on,on,1.015,1.025,1.015,1.02
2018-01-04,11:22,not set,not set,not set,not set,353,not set,,,not set,not set,0,not set,BathroomLightCommanded,15.9,77.1,not set,not set,not set,not set,not set,not set,0,not set,5.05,4.47,164,4.45,45,16,42,14,high,normal,on,on,1.02,1.015,1.015,1.02
2018-01-04,11:22,not set,not set,not set,not set,359,not set,,,not set,not set,0,not set,BathroomLightCommanded,15.9,77.0,not set,not set,not set,not set,not set,not set,0,not set,5.05,4.47,164,4.45,45,16,41,15,high,normal,on,on,1.015,1.01,1.01,1.02
2018-01-04,11:22,not set,not set,not set,not set,375,not set,,,not set,not set,0,not set,BathroomLightCommanded,15.9,76.8,not set,not set,not set,not set,not set,not set,0,not set,5.05,4.47,164,4.45,45,16,41,14,high,normal,on,on,1.005,1.02,1.02,1.03
2018-01-04,11:23,not set,not set,not set,not set,382,not set,,,not set,not set,0,not set,BathroomLightCommanded,15.9,76.9,not set,not set,not set,not set,not set,not set,0,not set,5.05,4.47,164,4.45,45,16,42,15,high,normal,on,on,1.01,1.005,1.01,1.025
2018-01-04,11:23,not set,not set,not set,not set,390,not set,,,not set,not set,0,not set,BathroomLightCommanded,15.9,77.0,not set,not set,not set,not set,not set,not set,0,not set,5.05,4.47,164,4.45,45,16,41,14,high,normal,on,on,1.02,1.015,1.005,0.995
2018-01-04,11:24,not set,not set,not set,not set,402,not set,,,not set,not set,0,not set,BathroomLightCommanded,15.9,77.0,not set,not set,not set,not set,not set,not set,0,not set,5.05,4.47,164,4.45,45,16,42,14,high,normal,on,on,1.015,1.015,1.02,1.015
2018-01-04,11:24,not set,not set,not set,not set,408,not set,,,not set,not set,0,not set,BathroomLightCommanded,15.9,77.0,not set,not set,not set,not set,not set,not set,0,not set,5.05,4.47,164,4.45,45,16,41,14,high,normal,on,on,1.02,1.025,1.01,1.01
2018-01-04,11:24,not set,not set,not set,not set,409,not set,,,not set,not set,0,not set,BathroomLightCommanded,16.0,77.0,not set,not set,not set,not set,not set,not set,0,not set,5.05,4.47,164,4.45,45,16,42,15,high,normal,on,on,0.995,1.015,1.015,1.02
2018-01-04,11:25,not set,not set,not set,not set,414,not set,,,not set,not set,0,not set,BathroomLightCommanded,16.0,76.9,not set,not set,not set,not set,not set,not set,0,not set,5.05,4.47,164,4.45,45,16,42,15,high,normal,on,on,1.005,1.025,1.02,1.015
2018-01-04,11:25,not set,not set,not set,not set,421,not set,,,not set,not set,0,not set,BathroomLightCommanded,15.9,76.9,not set,not set,not set,not set,not set,not set,0,not set,5.05,4.47,164,4.45,45,16,41,14,high,normal,on,on,1.025,0.995,1.01,1.02
2018-01-04,11:25,not set,not set,not set,not set,429,not set,,,not set,not set,0,not set,BathroomLightCommanded,15.9,76.8,not set,not set,not set,not set,not set,not set,0,not set,5.05,4.47,164,4.45,45,16,41,14,high,normal,on,on,0.995,1.015,1.02,1.015
2018-01-04,11:26,not set,not set,not set,not set,437,not set,,,not set,not set,0,not set,BathroomLightCommanded,15.9,76.9,not set,not set,not set,not set,not set,not set,0,not set,5.05,4.47,164,4.45,45,16,41,14,high,normal,on,on,1.01,1.015,1.005,1.005
2018-01-04,11:26,not set,not set,not set,not set,442,not set,,,not set,not set,0,not set,BathroomLightCommanded,15.9,76.9,not set,not set,not set,not set,not set,not set,0,not set,5.05,4.47,164,4.45,45,16,41,14,high,normal,on,on,1.015,1.03,1.0,0.995
2018-01-04,11:27,not set,not set,not set,not set,445,not set,,,not set,not set,0,not set,BathroomLightCommanded,15.9,77.0,not set,not set,not set,not set,not set,not set,0,not set,5.05,4.47,164,4.45,45,16,41,15,high,normal,on,on,1.015,1.0,1.01,1.005
2018-01-04,11:27,not set,not set,not set,not set,451,not set,,,not set,not set,0,not set,BathroomLightCommanded,15.9,76.8,not set,not set,not set,not set,not set,not set,0,not set,5.05,4.47,164,4.45,45,16,41,14,high,normal,on,on,1.0,1.01,0.995,1.015
2018-01-04,11:27,not set,not set,not set,not set,454,not set,,,not set,not set,0,not set,BathroomLightCommanded,15.9,76.7,not set,not set,not set,not set,not set,not set,0,not set,5.05,4.47,164,4.45,44,16,41,15,high,normal,on,on,1.015,1.015,0.995,1.015
2018-01-04,11:28,not set,not set,not set,not set,454,not set,,,not set,not set,0,not set,BathroomLightCommanded,15.9,76.6,not set,not set,not set,not set,not set,not set,0,not set,5.05,4.47,164,4.45,44,16,41,14,high,normal,on,on,1.01,1.01,1.01,1.01
2018-01-04,11:28,not set,not set,not set,not set,451,not set,,,not set,not set,0,not set,BathroomLightCommanded,15.9,76.7,not set,not set,not set,not set,not set,not set,0,not set,5.05,4.47,164,4.45,45,16,41,14,high,normal,on,on,1.01,1.025,1.01,1.015
2018-01-04,11:29,not set,not set,not set,not set,453,not set,,,not set,not set,0,not set,BathroomLightCommanded,16.0,76.8,not set,not set,not set,not set,not set,not set,0,not set,5.05,4.47,164,4.45,45,16,42,14,high,normal,on,on,0.985,1.01,1.005,1.01
2018-01-04,11:29,not set,not set,not set,not set,458,not set,,,not set,not set,0,not set,BathroomLightCommanded,16.0,76.8,not set,not set,not set,not set,not set,not set,0,not set,5.05,4.47,164,4.45,45,16,41,14,high,normal,on,on,1.01,1.005,1.01,1.0
2018-01-04,11:29,not set,not set,not set,not set,460,not set,,,not set,not set,0,not set,BathroomLightCommanded,16.0,76.8,not set,not set,not set,not set,not set,not set,0,not set,5.05,4.47,164,4.45,45,17,41,15,high,normal,on,on,1.005,1.0,1.0,1.005
2018-01-04,11:30,not set,not set,not set,not set,469,not set,,,not set,not set,0,not set,BathroomLightCommanded,15.9,76.8,not set,not set,not set,not set,not set,not set,0,not set,5.05,4.47,164,4.45,45,16,41,15,high,normal,on,on,1.01,1.015,1.01,1.01
2018-01-04,11:30,not set,not set,not set,not set,467,not set,,,not set,not set,0,not set,BathroomLightCommanded,15.9,76.8,not set,not set,not set,not set,not set,not set,0,not set,5.05,4.47,164,4.45,45,16,41,15,high,normal,on,on,1.015,1.005,1.005,0.985
2018-01-04,11:30,not set,not set,not set,not set,478,not set,,,not set,not set,0,not set,BathroomLightCommanded,15.9,76.7,not set,not set,not set,not set,not set,not set,0,not set,5.05,4.47,164,4.45,45,16,41,14,high,normal,on,on,0.985,0.99,0.975,0.985
2018-01-04,11:31,not set,not set,not set,not set,486,not set,,,not set,not set,0,not set,BathroomLightCommanded,15.9,76.6,not set,not set,not set,not set,not set,not set,0,not set,5.05,4.47,164,4.45,45,16,41,14,high,normal,on,on,0.985,0.99,0.99,1.0
2018-01-04,11:31,not set,not set,not set,not set,490,not set,,,not set,not set,0,not set,BathroomLightCommanded,15.9,76.7,not set,not set,not set,not set,not set,not set,0,not set,5.05,4.47,164,4.45,45,16,41,14,high,normal,on,on,0.97,0.975,0.97,0.98
2018-01-04,11:32,not set,not set,not set,not set,495,not set,,,not set,not set,0,not set,BathroomLightCommanded,15.9,76.8,not set,not set,not set,not set,not set,not set,0,not set,5.05,4.47,164,4.45,45,16,41,14,high,normal,on,on,0.985,0.985,0.98,0.995
2018-01-04,11:32,not set,not set,not set,not set,499,not set,,,not set,not set,0,not set,BathroomLightCommanded,15.9,76.6,not set,not set,not set,not set,not set,not set,0,not set,5.05,4.47,164,4.45,45,16,41,14,high,normal,on,on,0.975,0.975,0.985,0.98
2018-01-04,11:32,not set,not set,not set,not set,507,not set,,,not set,not set,0,not set,BathroomLightCommanded,15.9,76.6,not set,not set,not set,not set,not set,not set,0,not set,5.05,4.47,164,4.45,45,16,41,15,high,normal,on,on,0.98,0.985,0.99,0.99
2018-01-04,11:33,not set,not set,not set,not set,509,not set,,,not set,not set,0,not set,BathroomLightCommanded,15.9,76.8,not set,not set,not set,not set,not set,not set,0,not set,5.05,4.47,164,4.45,45,17,41,14,high,normal,on,on,0.985,1.0,0.985,0.98
2018-01-04,11:33,not set,not set,not set,not set,516,not set,,,not set,not set,0,not set,BathroomLightCommanded,15.9,76.7,not set,not set,not set,not set,not set,not set,0,not set,5.05,4.47,164,4.45,44,16,41,14,high,normal,on,on,0.985,0.99,0.98,0.985
2018-01-04,11:34,not set,not set,not set,not set,522,not set,,,not set,not set,0,not set,BathroomLightCommanded,15.9,76.7,not set,not set,not set,not set,not set,not set,0,not set,5.05,4.47,164,4.45,45,17,41,15,high,normal,on,on,0.98,0.975,0.985,0.985
2018-01-04,11:34,not set,not set,not set,not set,527,not set,,,not set,not set,0,not set,BathroomLightCommanded,15.9,76.7,not set,not set,not set,not set,not set,not set,0,not set,5.05,4.47,164,4.45,45,16,41,14,high,normal,on,on,0.985,0.985,0.99,0.985
2018-01-04,11:34,not set,not set,not set,not set,528,not set,,,not set,not set,0,not set,BathroomLightCommanded,15.9,76.8,not set,not set,not set,not set,not set,not set,0,not set,5.05,4.47,164,4.45,44,16,41,14,high,normal,on,on,0.98,0.975,0.975,0.98
2018-01-04,11:35,not set,not set,not set,not set,532,not set,,,not set,not set,0,not set,BathroomLightCommanded,15.9,76.6,not set,not set,not set,not set,not set,not set,0,not set,5.05,4.47,164,4.45,45,16,41,15,high,normal,on,on,0.97,0.99,0.985,0.985
2018-01-04,11:35,not set,not set,not set,not set,533,not set,,,not set,not set,0,not set,BathroomLightCommanded,15.9,76.7,not set,not set,not set,not set,not set,not set,0,not set,5.05,4.47,164,4.45,45,16,41,14,high,normal,on,on,0.99,0.98,0.99,0.985
2018-01-04,11:35,not set,not set,not set,not set,540,not set,,,not set,not set,0,not set,BathroomLightCommanded,15.9,76.5,not set,not set,not set,not set,not set,not set,0,not set,5.05,4.47,164,4.45,45,16,41,14,high,normal,on,on,0.985,0.985,0.98,0.985
2018-01-04,11:36,not set,not set,not set,not set,544,not set,,,not set,not set,0,not set,BathroomLightCommanded,15.9,76.6,not set,not set,not set,not set,not set,not set,0,not set,5.05,4.47,164,4.45,45,16,41,14,high,normal,on,on,0.98,1.0,0.97,0.98
2018-01-04,11:36,not set,not set,not set,not set,541,not set,,,not set,not set,0,not set,BathroomLightCommanded,15.9,76.7,not set,not set,not set,not set,not set,not set,0,not set,5.05,4.47,164,4.45,45,16,41,14,high,normal,on,on,0.985,0.98,0.98,0.985
2018-01-04,11:37,not set,not set,not set,not set,543,not set,,,not set,not set,0,not set,BathroomLightCommanded,15.9,76.6,not set,not set,not set,not set,not set,not set,0,not set,5.05,4.47,164,4.45,45,16,41,15,high,normal,on,on,0.985,0.985,0.98,0.995
2018-01-04,11:37,not set,not set,not set,not set,540,not set,,,not set,not set,0,not set,BathroomLightCommanded,15.9,76.6,not set,not set,not set,not set,not set,not set,0,not set,5.05,4.47,164,4.45,45,16,41,15,high,normal,on,on,0.975,0.99,0.985,0.99
2018-01-04,11:37,not set,not set,not set,not set,539,not set,,,not set,not set,0,not set,BathroomLightCommanded,16.0,76.6,not set,not set,not set,not set,not set,not set,0,not set,5.05,4.47,164,4.45,45,16,41,14,high,normal,on,on,1.0,0.98,0.985,0.975
2018-01-04,11:38,not set,not set,not set,not set,534,not set,,,not set,not set,0,not set,BathroomLightCommanded,15.9,76.7,not set,not set,not set,not set,not set,not set,0,not set,5.05,4.47,164,4.45,45,16,41,14,high,normal,on,on,0.99,0.975,0.985,0.985
2018-01-04,11:38,not set,not set,not set,not set,534,not set,,,not set,not set,0,not set,BathroomLightCommanded,15.9,76.5,not set,not set,not set,not set,not set,not set,0,not set,5.05,4.47,164,4.45,45,16,41,15,high,normal,on,on,0.985,0.98,0.985,0.99
2018-01-04,11:39,not set,not set,not set,not set,535,not set,,,not set,not set,0,not set,BathroomLightCommanded,15.9,76.5,not set,not set,not set,not set,not set,not set,0,not set,5.05,4.47,164,4.45,45,16,41,14,high,normal,on,on,0.985,0.985,0.99,0.975
2018-01-04,11:39,not set,not set,not set,not set,527,not set,,,not set,not set,0,not set,BathroomLightCommanded,15.9,76.6,not set,not set,not set,not set,not set,not set,0,not set,5.05,4.47,164,4.45,45,16,41,15,high,normal,on,on,0.985,0.99,0.98,0.975
2018-01-04,11:39,not set,not set,not set,not set,526,not set,,,not set,not set,0,not set,BathroomLightCommanded,15.9,76.6,not set,not set,not set,not set,not set,not set,0,not set,5.05,4.47,164,4.45,45,16,41,14,high,normal,on,on,0.985,0.99,0.98,1.0
2018-01-04,11:40,not set,not set,not set,not set,527,not set,,,not set,not set,0,not set,BathroomLightCommanded,15.9,76.5,not set,not set,not set,not set,not set,not set,0,not set,5.05,4.47,164,4.45,45,16,41,14,high,normal,on,on,0.98,0.99,0.985,0.985
2018-01-04,11:40,not set,not set,not set,not set,526,not set,,,not set,not set,0,not set,BathroomLightCommanded,16.0,76.5,not set,not set,not set,not set,not set,not set,0,not set,5.05,4.47,164,4.45,45,16,40,15,high,normal,on,on,0.98,0.99,0.98,0.985
2018-01-04,11:40,not set,not set,not set,not set,521,not set,,,not set,not set,0,not set,BathroomLightCommanded,15.9,76.5,not set,not set,not set,not set,not set,not set,0,not set,5.05,4.47,164,4.45,45,16,41,14,high,normal,on,on,0.985,0.98,0.98,0.985
2018-01-04,11:41,not set,not set,not set,not set,520,not set,,,not set,not set,0,not set,BathroomLightCommanded,16.0,76.5,not set,not set,not set,not set,not set,not set,0,not set,5.05,4.47,164,4.45,45,17,41,14,high,normal,on,on,0.99,0.98,0.98,0.995
2018-01-04,11:41,not set,not set,not set,not set,513,not set,,,not set,not set,0,not set,BathroomLightCommanded,15.9,76.4,not set,not set,not set,not set,not set,not set,0,not set,5.05,4.47,164,4.45,46,16,40,14,high,normal,on,on,0.985,0.975,0.99,0.99
2018-01-04,11:42,not set,not set,not set,not set,510,not set,,,not set,not set,0,not set,BathroomLightCommanded,15.9,76.5,not set,not set,not set,not set,not set,not set,0,not set,5.05,4.47,164,4.45,45,16,41,15,high,normal,on,on,0.995,0.99,0.995,0.99
2018-01-04,11:42,not set,not set,not set,not set,506,not set,,,not set,not set,0,not set,BathroomLightCommanded,16.0,76.6,not set,not set,not set,not set,not set,not set,0,not set,5.05,4.47,164,4.45,45,16,41,15,high,normal,on,on,0.98,1.0,0.99,0.99
2018-01-04,11:42,not set,not set,not set,not set,506,not set,,,not set,not set,0,not set,BathroomLightCommanded,15.9,76.6,not set,not set,not set,not set,not set,not set,0,not set,5.05,4.47,164,4.45,45,16,40,14,high,normal,on,on,0.995,0.985,0.995,0.99
2018-01-04,11:43,not set,not set,not set,not set,505,not set,,,not set,not set,0,not set,BathroomLightCommanded,15.9,76.6,not set,not set,not set,not set,not set,not set,0,not set,5.05,4.47,164,4.45,45,16,40,15,high,normal,on,on,0.99,0.99,0.98,0.995
2018-01-04,11:43,not set,not set,not set,not set,509,not set,,,not set,not set,0,not set,BathroomLightCommanded,15.9,76.5,not set,not set,not set,not set,not set,not set,0,not set,5.05,4.47,164,4.45,45,16,41,14,high,normal,on,on,0.995,0.985,0.995,0.99
2018-01-04,11:44,not set,not set,not set,not set,506,not set,,,not set,not set,0,not set,BathroomLightCommanded,15.9,76.6,not set,not set,not set,not set,not set,not set,0,not set,5.05,4.47,164,4.45,45,16,41,14,high,normal,on,on,0.975,0.985,0.975,0.99
2018-01-04,11:44,not set,not set,not set,not set,510,not set,,,not set,not set,0,not set,BathroomLightCommanded,15.9,76.5,not set,not set,not set,not set,not set,not set,0,not set,5.05,4.47,164,4.45,44,17,41,14,high,normal,on,on,0.985,0.985,0.98,0.985
2018-01-04,11:44,not set,not set,not set,not set,506,not set,,,not set,not set,0,not set,BathroomLightCommanded,15.9,76.4,not set,not set,not set,not set,not set,not set,0,not set,5.05,4.47,164,4.45,45,16,41,14,high,normal,on,on,0.985,0.995,0.98,0.99
2018-01-04,11:45,not set,not set,not set,not set,505,not set,,,not set,not set,0,not set,BathroomLightCommanded,15.9,76.3,not set,not set,not set,not set,not set,not set,0,not set,5.05,4.47,164,4.45,45,16,41,14,high,normal,on,on,0.99,0.985,0.99,0.98
2018-01-04,11:45,not set,not set,not set,not set,507,not set,,,not set,not set,0,not set,BathroomLightCommanded,16.0,76.3,not set,not set,not set,not set,not set,not set,0,not set,5.05,4.47,164,4.45,45,16,41,14,high,normal,on,on,0.995,0.985,0.98,0.99
2018-01-04,11:45,not set,not set,not set,not set,504,not set,,,not set,not set,0,not set,BathroomLightCommanded,15.9,76.3,not set,not set,not set,not set,not set,not set,0,not set,5.05,4.47,164,4.45,44,16,40,14,high,normal,on,on,0.995,0.99,0.985,0.985
2018-01-04,11:46,not set,not set,not set,not set,500,not set,,,not set,not set,0,not set,BathroomLightCommanded,16.0,76.5,not set,not set,not set,not set,not set,not set,0,not set,5.05,4.47,164,4.45,45,16,41,14,high,normal,on,on,0.985,0.99,0.985,0.97
2018-01-04,11:46,not set,not set,not set,not set,493,not set,,,not set,not set,0,not set,BathroomLightCommanded,15.9,76.5,not set,not set,not set,not set,not set,not set,0,not set,5.05,4.47,164,4.45,45,16,41,14,high,normal,on,on,0.995,0.99,0.985,0.995
2018-01-04,11:47,not set,not set,not set,not set,487,not set,,,not set,not set,0,not set,BathroomLightCommanded,16.0,76.3,not set,not set,not set,not set,not set,not set,0,not set,5.05,4.47,164,4.45,45,16,41,15,high,normal,on,on,0.99,0.98,0.99,0.99
2018-01-04,11:47,not set,not set,not set,not set,487,not set,,,not set,not set,0,not set,BathroomLightCommanded,16.0,76.4,not set,not set,not set,not set,not set,not set,0,not set,5.05,4.47,164,4.45,45,16,41,14,high,normal,on,on,0.99,0.985,0.985,0.995
2018-01-04,11:47,not set,not set,not set,not set,482,not set,,,not set,not set,0,not set,BathroomLightCommanded,16.0,76.4,not set,not set,not set,not set,not set,not set,0,not set,5.05,4.47,164,4.45,44,16,40,14,high,normal,on,on,0.99,0.985,0.99,0.985
2018-01-04,11:48,not set,not set,not set,not set,480,not set,,,not set,not set,0,not set,BathroomLightCommanded,15.9,76.4,not set,not set,not set,not set,not set,not set,0,not set,5.05,4.47,164,4.45,44,16,41,14,high,normal,on,on,0.985,0.98,0.985,0.995
2018-01-04,11:48,not set,not set,not set,not set,478,not set,,,not set,not set,0,not set,BathroomLightCommanded,15.9,76.4,not set,not set,not set,not set,not set,not set,0,not set,5.05,4.47,164,4.45,45,16,40,14,high,normal,on,on,0.995,0.975,0.985,0.975
2018-01-04,11:49,not set,not set,not set,not set,480,not set,,,not set,not set,0,not set,BathroomLightCommanded,15.9,76.4,not set,not set,not set,not set,not set,not set,0,not set,5.05,4.47,164,4.45,45,16,40,14,high,normal,on,on,0.985,1.0,0.985,0.99
2018-01-04,11:49,not set,not set,not set,not set,488,not set,,,not set,not set,0,not set,BathroomLightCommanded,16.0,76.2,not set,not set,not set,not set,not set,not set,0,not set,5.05,4.47,164,4.45,44,17,40,14,high,normal,on,on,0.99,0.97,0.99,0.99
2018-01-04,11:49,not set,not set,not set,not set,490,not set,,,not set,not set,0,not set,BathroomLightCommanded,15.9,76.2,not set,not set,not set,not set,not set,not set,0,not set,5.05,4.47,164,4.45,44,16,40,14,high,normal,on,on,0.995,0.99,0.98,0.985
2018-01-04,11:50,not set,not set,not set,not set,499,not set,,,not set,not set,0,not set,BathroomLightCommanded,16.0,76.4,not set,not set,not set,not set,not set,not set,0,not set,5.05,4.47,164,4.45,45,16,40,14,high,normal,on,on,0.985,0.99,0.98,0.99
2018-01-04,11:50,not set,not set,not set,not set,506,not set,,,not set,not set,0,not set,BathroomLightCommanded,16.0,76.3,not set,not set,not set,not set,not set,not set,0,not set,5.05,4.47,164,4.45,44,16,40,15,high,normal,on,on,0.98,0.99,0.98,0.99
2018-01-04,11:50,not set,not set,not set,not set,500,not set,,,not set,not set,0,not set,BathroomLightCommanded,16.0,76.0,not set,not set,not set,not set,not set,not set,0,not set,5.05,4.47,164,4.45,44,16,40,14,high,normal,on,on,0.98,0.985,0.975,0.98
2018-01-04,11:51,not set,not set,not set,not set,495,not set,,,not set,not set,0,not set,BathroomLightCommanded,16.0,76.1,not set,not set,not set,not set,not set,not set,0,not set,5.05,4.47,164,4.45,45,16,40,14,high,normal,on,on,0.985,0.97,0.98,0.99
2018-01-04,11:51,not set,not set,not set,not set,492,not set,,,not set,not set,0,not set,BathroomLightCommanded,16.0,76.2,not set,not set,not set,not set,not set,not set,0,not set,5.05,4.47,164,4.45,45,16,41,14,high,normal,on,on,1.0,0.995,0.995,0.995
2018-01-04,11:52,not set,not set,not set,not set,500,not set,,,not set,not set,0,not set,BathroomLightCommanded,15.9,76.2,not set,not set,not set,not set,not set,not set,0,not set,5.05,4.47,164,4.45,45,17,41,15,high,normal,on,on,0.985,1.0,1.0,0.995
2018-01-04,11:52,not set,not set,not set,not set,504,not set,,,not set,not set,0,not set,BathroomLightCommanded,16.0,76.2,not set,not set,not set,not set,not set,not set,0,not set,5.05,4.47,164,4.45,45,17,40,15,high,normal,on,on,0.98,0.99,0.98,0.985
2018-01-04,11:52,not set,not set,not set,not set,504,not set,,,not set,not set,0,not set,BathroomLightCommanded,16.0,76.1,not set,not set,not set,not set,not set,not set,0,not set,5.05,4.47,164,4.45,45,16,40,14,high,normal,on,on,0.98,0.99,0.98,0.99
2018-01-04,11:53,not set,not set,not set,not set,504,not set,,,not set,not set,0,not set,BathroomLightCommanded,16.0,76.2,not set,not set,not set,not set,not set,not set,0,not set,5.05,4.47,164,4.45,44,17,40,14,high,normal,on,on,0.98,0.985,0.975,0.985
2018-01-04,11:53,not set,not set,not set,not set,499,not set,,,not set,not set,0,not set,BathroomLightCommanded,16.0,76.2,not set,not set,not set,not set,not set,not set,0,not set,5.05,4.47,164,4.45,44,16,40,14,high,normal,on,on,0.985,0.99,0.98,0.995
2018-01-04,11:54,not set,not set,not set,not set,494,not set,,,not set,not set,0,not set,BathroomLightCommanded,16.0,76.1,not set,not set,not set,not set,not set,not set,0,not set,5.05,4.47,164,4.45,44,16,40,14,high,normal,on,on,0.98,0.985,0.975,1.0
2018-01-04,11:54,not set,not set,not set,not set,494,not set,,,not set,not set,0,not set,BathroomLightCommanded,16.0,76.0,not set,not set,not set,not set,not set,not set,0,not set,5.05,4.47,164,4.45,44,16,40,15,high,normal,on,on,0.98,0.98,0.985,0.97
2018-01-04,11:54,not set,not set,not set,not set,489,not set,,,not set,not set,0,not set,BathroomLightCommanded,15.9,76.0,not set,not set,not set,not set,not set,not set,0,not set,5.05,4.47,164,4.45,45,16,40,14,high,normal,on,on,0.985,0.975,0.98,0.98
2018-01-04,11:55,not set,not set,not set,not set,487,not set,,,not set,not set,0,not set,BathroomLightCommanded,16.0,76.1,not set,not set,not set,not set,not set,not set,0,not set,5.05,4.47,164,4.45,44,16,40,14,high,normal,on,on,0.975,0.985,0.98,0.985
2018-01-04,11:55,not set,not set,not set,not set,482,not set,,,not set,not set,0,not set,BathroomLightCommanded,16.0,76.2,not set,not set,not set,not set,not set,not set,0,not set,5.05,4.47,164,4.45,45,16,40,14,high,normal,on,on,0.99,0.975,0.99,0.985
2018-01-04,11:55,not set,not set,not set,not set,473,not set,,,not set,not set,0,not set,BathroomLightCommanded,16.0,76.2,not set,not set,not set,not set,not set,not set,0,not set,5.05,4.47,164,4.45,45,16,40,14,high,normal,on,on,0.995,0.985,0.98,0.99
2018-01-04,11:56,not set,not set,not set,not set,465,not set,,,not set,not set,0,not set,BathroomLightCommanded,16.0,76.1,not set,not set,not set,not set,not set,not set,0,not set,5.05,4.47,164,4.45,44,16,40,14,high,normal,on,on,0.98,0.985,0.985,0.99
2018-01-04,11:56,not set,not set,not set,not set,466,not set,,,not set,not set,0,not set,BathroomLightCommanded,15.9,76.0,not set,not set,not set,not set,not set,not set,0,not set,5.05,4.47,164,4.45,44,17,40,14,high,normal,on,on,0.98,0.975,0.985,0.995
2018-01-04,11:57,not set,not set,not set,not set,463,not set,,,not set,not set,0,not set,BathroomLightCommanded,15.9,75.8,not set,not set,not set,not set,not set,not set,0,not set,5.05,4.47,164,4.45,45,16,40,14,high,normal,on,on,0.975,0.98,0.975,0.985
2018-01-04,11:57,not set,not set,not set,not set,462,not set,,,not set,not set,0,not set,BathroomLightCommanded,15.9,76.1,not set,not set,not set,not set,not set,not set,0,not set,5.05,4.47,164,4.45,44,16,40,14,high,normal,on,on,0.98,0.99,0.98,0.99
2018-01-04,11:57,not set,not set,not set,not set,464,not set,,,not set,not set,0,not set,BathroomLightCommanded,15.9,76.1,not set,not set,not set,not set,not set,not set,0,not set,5.05,4.47,164,4.45,44,16,40,14,high,normal,on,on,0.985,0.975,0.98,0.98
2018-01-04,11:58,not set,not set,not set,not set,464,not set,,,not set,not set,0,not set,BathroomLightCommanded,15.9,76.1,not set,not set,not set,not set,not set,not set,0,not set,5.05,4.47,164,4.45,44,16,40,15,high,normal,on,on,0.97,0.985,0.98,0.985
2018-01-04,11:58,not set,not set,not set,not set,467,not set,,,not set,not set,0,not set,BathroomLightCommanded,15.9,75.9,not set,not set,not set,not set,not set,not set,0,not set,5.05,4.47,164,4.45,45,16,40,14,high,normal,on,on,0.98,0.985,0.98,0.995
2018-01-04,11:59,not set,not set,not set,not set,464,not set,,,not set,not set,0,not set,BathroomLightCommanded,15.9,75.9,not set,not set,not set,not set,not set,not set,0,not set,5.05,4.47,164,4.45,44,16,40,14,high,normal,on,on,0.99,0.98,0.98,0.98
2018-01-04,11:59,not set,not set,not set,not set,461,not set,,,not set,not set,0,not set,BathroomLightCommanded,15.9,76.0,not set,not set,not set,not set,not set,not set,0,not set,5.05,4.47,164,4.45,44,17,40,15,high,normal,on,on,0.99,0.99,0.98,0.98
2018-01-04,11:59,not set,not set,not set,not set,463,not set,,,not set,not set,0,not set,BathroomLightCommanded,15.9,76.1,not set,not set,not set,not set,not set,not set,0,not set,5.05,4.47,164,4.45,44,16,40,14,high,normal,on,on,0.98,0.995,0.985,0.98
2018-01-04,12:00,not set,not set,not set,not set,466,not set,,,not set,not set,0,not set,BathroomLightCommanded,15.9,75.9,not set,not set,not set,not set,not set,not set,0,not set,5.05,4.47,164,4.45,44,16,40,15,high,normal,on,on,0.98,0.98,0.975,0.99
2018-01-04,12:00,not set,not set,not set,not set,479,not set,,,not set,not set,0,not set,BathroomLightCommanded,16.0,76.0,not set,not set,not set,not set,not set,not set,0,not set,5.05,4.47,164,4.45,45,16,40,14,high,normal,on,on,0.985,0.99,0.98,1.0
2018-01-04,12:00,not set,not set,not set,not set,492,not set,,,not set,not set,0,not set,BathroomLightCommanded,16.0,76.1,not set,not set,not set,not set,not set,not set,0,not set,5.05,4.47,164,4.45,44,17,40,14,high,normal,on,on,0.98,0.98,0.975,0.985
2018-01-04,12:01,not set,not set,not set,not set,499,not set,,,not set,not set,0,not set,BathroomLightCommanded,15.9,76.0,not set,not set,not set,not set,not set,not set,0,not set,5.05,4.47,164,4.45,44,16,40,15,high,normal,on,on,0.975,0.985,0.985,0.99
2018-01-04,12:01,not set,not set,not set,not set,500,not set,,,not set,not set,0,not set,BathroomLightCommanded,15.9,75.8,not set,not set,not set,not set,not set,not set,0,not set,5.05,4.47,164,4.45,44,16,40,14,high,normal,on,on,0.985,0.99,0.985,0.995
2018-01-04,12:02,not set,not set,not set,not set,500,not set,,,not set,not set,0,not set,BathroomLightCommanded,15.9,75.7,not set,not set,not set,not set,not set,not set,0,not set,5.05,4.47,164,4.45,44,17,40,14,high,normal,on,on,0.995,0.975,0.985,0.985
2018-01-04,12:02,not set,not set,not set,not set,507,not set,,,not set,not set,0,not set,BathroomLightCommanded,15.9,75.8,not set,not set,not set,not set,not set,not set,0,not set,5.05,4.47,164,4.45,45,16,40,14,high,normal,on,on,0.99,0.98,0.985,0.995
2018-01-04,12:02,not set,not set,not set,not set,512,not set,,,not set,not set,0,not set,BathroomLightCommanded,15.9,76.0,not set,not set,not set,not set,not set,not set,0,not set,5.05,4.47,164,4.45,44,16,40,14,high,normal,on,on,0.985,0.985,0.98,0.99
2018-01-04,12:03,not set,not set,not set,not set,512,not set,,,not set,not set,0,not set,BathroomLightCommanded,15.9,76.0,not set,not set,not set,not set,not set,not set,0,not set,5.05,4.47,164,4.45,44,17,40,14,high,normal,on,on,0.98,0.985,0.985,0.985
2018-01-04,12:03,not set,not set,not set,not set,515,not set,,,not set,not set,0,not set,BathroomLightCommanded,16.0,75.9,not set,not set,not set,not set,not set,not set,0,not set,5.05,4.47,164,4.45,44,16,40,14,high,normal,on,on,0.99,0.975,0.99,0.985
2018-01-04,12:04,not set,not set,not set,not set,520,not set,,,not set,not set,0,not set,BathroomLightCommanded,16.0,75.9,not set,not set,not set,not set,not set,not set,0,not set,5.05,4.47,164,4.45,44,17,40,14,high,normal,on,on,0.99,0.98,0.985,0.99
2018-01-04,12:04,not set,not set,not set,not set,525,not set,,,not set,not set,0,not set,BathroomLightCommanded,16.0,75.8,not set,not set,not set,not set,not set,not set,0,not set,5.05,4.47,164,4.45,45,16,40,14,high,normal,on,on,0.995,0.985,0.985,0.99
2018-01-04,12:04,not set,not set,not set,not set,529,not set,,,not set,not set,0,not set,BathroomLightCommanded,15.9,75.9,not set,not set,not set,not set,not set,not set,0,not set,5.05,4.47,164,4.45,44,16,40,14,high,normal,on,on,0.985,0.99,0.985,0.99
2018-01-04,12:05,not set,not set,not set,not set,530,not set,,,not set,not set,0,not set,BathroomLightCommanded,16.0,76.0,not set,not set,not set,not set,not set,not set,0,not set,5.05,4.47,164,4.45,44,17,40,14,high,normal,on,on,0.995,0.97,1.0,1.0
2018-01-04,12:05,not set,not set,not set,not set,530,not set,,,not set,not set,0,not set,BathroomLightCommanded,16.0,75.9,not set,not set,not set,not set,not set,not set,0,not set,5.05,4.47,164,4.45,44,16,40,15,high,normal,on,on,1.01,1.005,0.995,0.995
2018-01-04,12:05,not set,not set,not set,not set,530,not set,,,not set,not set,0,not set,BathroomLightCommanded,16.0,75.9,not set,not set,not set,not set,not set,not set,0,not set,5.05,4.47,164,4.45,44,17,40,15,high,normal,on,on,0.98,0.995,0.985,0.98
2018-01-04,12:06,not set,not set,not set,not set,531,not set,,,not set,not set,0,not set,BathroomLightCommanded,16.0,75.7,not set,not set,not set,not set,not set,not set,0,not set,5.05,4.47,164,4.45,44,16,40,15,high,normal,on,on,0.99,0.985,0.985,0.985
2018-01-04,12:06,not set,not set,not set,not set,530,not set,,,not set,not set,0,not set,BathroomLightCommanded,16.0,75.7,not set,not set,not set,not set,not set,not set,0,not set,5.05,4.47,164,4.45,44,16,40,14,high,normal,on,on,0.985,0.985,0.99,1.005
2018-01-04,12:07,not set,not set,not set,not set,530,not set,,,not set,not set,0,not set,BathroomLightCommanded,16.0,75.8,not set,not set,not set,not set,not set,not set,0,not set,5.05,4.47,164,4.45,44,16,40,14,high,normal,on,on,0.995,0.99,0.98,0.99
2018-01-04,12:07,not set,not set,not set,not set,529,not set,,,not set,not set,0,not set,BathroomLightCommanded,15.9,75.8,not set,not set,not set,not set,not set,not set,0,not set,5.05,4.47,164,4.45,44,16,40,14,high,normal,on,on,0.995,0.99,0.98,0.995
2018-01-04,12:07,not set,not set,not set,not set,527,not set,,,not set,not set,0,not set,BathroomLightCommanded,15.9,75.8,not set,not set,not set,not set,not set,not set,0,not set,5.05,4.47,164,4.45,44,17,40,15,high,normal,on,on,0.995,0.99,0.99,0.995
2018-01-04,12:08,not set,not set,not set,not set,529,not set,,,not set,not set,0,not set,BathroomLightCommanded,15.9,75.8,not set,not set,not set,not set,not set,not set,0,not set,5.05,4.47,164,4.45,44,16,40,14,high,normal,on,on,0.995,0.995,0.985,1.0
2018-01-04,12:08,not set,not set,not set,not set,530,not set,,,not set,not set,0,not set,BathroomLightCommanded,15.9,75.8,not set,not set,not set,not set,not set,not set,0,not set,5.05,4.47,164,4.45,44,16,40,14,high,normal,on,on,0.99,0.985,0.985,1.0
2018-01-04,12:09,not set,not set,not set,not set,537,not set,,,not set,not set,0,not set,BathroomLightCommanded,15.9,75.9,not set,not set,not set,not set,not set,not set,0,not set,5.05,4.47,164,4.45,44,16,40,14,high,normal,on,on,0.985,0.995,0.98,0.985
2018-01-04,12:09,not set,not set,not set,not set,538,not set,,,not set,not set,0,not set,BathroomLightCommanded,16.0,75.9,not set,not set,not set,not set,not set,not set,0,not set,5.05,4.47,164,4.45,44,16,40,14,high,normal,on,on,0.99,0.99,0.985,0.985
2018-01-04,12:09,not set,not set,not set,not set,532,not set,,,not set,not set,0,not set,BathroomLightCommanded,15.9,75.8,not set,not set,not set,not set,not set,not set,0,not set,5.05,4.47,164,4.45,44,16,40,14,high,normal,on,on,0.98,0.99,0.985,0.985
2018-01-04,12:10,not set,not set,not set,not set,530,not set,,,not set,not set,0,not set,BathroomLightCommanded,15.9,75.8,not set,not set,not set,not set,not set,not set,0,not set,5.05,4.47,164,4.45,44,16,40,15,high,normal,on,on,0.985,0.99,0.985,0.99
2018-01-04,12:10,not set,not set,not set,not set,529,not set,,,not set,not set,0,not set,BathroomLightCommanded,16.0,75.8,not set,not set,not set,not set,not set,not set,0,not set,5.05,4.47,164,4.45,44,16,39,15,high,normal,on,on,0.99,0.99,0.975,0.985
2018-01-04,12:10,not set,not set,not set,not set,528,not set,,,not set,not set,0,not set,BathroomLightCommanded,16.0,75.7,not set,not set,not set,not set,not set,not set,0,not set,5.05,4.47,164,4.45,44,16,40,14,high,normal,on,on,0.985,0.985,0.99,0.985
2018-01-04,12:11,not set,not set,not set,not set,525,not set,,,not set,not set,0,not set,BathroomLightCommanded,16.0,75.7,not set,not set,not set,not set,not set,not set,0,not set,5.05,4.47,164,4.45,45,16,40,14,high,normal,on,on,0.985,0.985,0.98,0.985
2018-01-04,12:11,not set,not set,not set,not set,529,not set,,,not set,not set,0,not set,BathroomLightCommanded,15.9,75.7,not set,not set,not set,not set,not set,not set,0,not set,5.05,4.47,164,4.45,44,16,39,15,high,normal,on,on,0.995,0.985,0.985,0.985
2018-01-04,12:12,not set,not set,not set,not set,525,not set,,,not set,not set,0,not set,BathroomLightCommanded,15.9,75.8,not set,not set,not set,not set,not set,not set,0,not set,5.05,4.47,164,4.45,44,17,40,14,high,normal,on,on,0.99,0.985,0.99,0.985
2018-01-04,12:12,not set,not set,not set,not set,525,not set,,,not set,not set,0,not set,BathroomLightCommanded,15.9,75.7,not set,not set,not set,not set,not set,not set,0,not set,5.05,4.47,164,4.45,44,17,40,14,high,normal,on,on,0.975,0.985,0.99,0.99
2018-01-04,12:12,not set,not set,not set,not set,524,not set,,,not set,not set,0,not set,BathroomLightCommanded,15.9,75.7,not set,not set,not set,not set,not set,not set,0,not set,5.05,4.47,164,4.45,44,16,40,14,high,normal,on,on,0.985,0.985,0.995,0.99
2018-01-04,12:13,not set,not set,not set,not set,522,not set,,,not set,not set,0,not set,BathroomLightCommanded,15.9,75.7,not set,not set,not set,not set,not set,not set,0,not set,5.05,4.47,164,4.45,44,16,39,14,high,normal,on,on,0.98,0.98,0.99,0.99
2018-01-04,12:13,not set,not set,not set,not set,520,not set,,,not set,not set,0,not set,BathroomLightCommanded,15.9,75.9,not set,not set,not set,not set,not set,not set,0,not set,5.05,4.47,164,4.45,44,16,40,15,high,normal,on,on,0.98,0.985,0.99,0.995
2018-01-04,12:14,not set,not set,not set,not set,524,not set,,,not set,not set,0,not set,BathroomLightCommanded,15.9,75.7,not set,not set,not set,not set,not set,not set,0,not set,5.05,4.47,164,4.45,44,16,40,14,high,normal,on,on,0.995,0.99,0.99,0.995
2018-01-04,12:14,not set,not set,not set,not set,529,not set,,,not set,not set,0,not set,BathroomLightCommanded,15.9,75.7,not set,not set,not set,not set,not set,not set,0,not set,5.05,4.47,164,4.45,45,17,39,14,high,normal,on,on,0.985,0.99,0.97,0.995
2018-01-04,12:14,not set,not set,not set,not set,528,not set,,,not set,not set,0,not set,BathroomLightCommanded,15.9,75.8,not set,not set,not set,not set,not set,not set,0,not set,5.05,4.47,164,4.45,44,16,39,15,high,normal,on,on,0.99,0.99,0.99,1.005
2018-01-04,12:15,not set,not set,not set,not set,526,not set,,,not set,not set,0,not set,BathroomLightCommanded,15.9,75.8,not set,not set,not set,not set,not set,not set,0,not set,5.05,4.47,164,4.45,45,16,39,15,high,normal,on,on,0.985,0.995,0.99,0.99
2018-01-04,12:15,not set,not set,not set,not set,525,not set,,,not set,not set,0,not set,BathroomLightCommanded,15.9,75.8,not set,not set,not set,not set,not set,not set,0,not set,5.05,4.47,164,4.45,44,17,39,14,high,normal,on,on,0.995,0.99,0.985,0.985
2018-01-04,12:15,not set,not set,not set,not set,525,not set,,,not set,not set,0,not set,BathroomLightCommanded,15.9,75.7,not set,not set,not set,not set,not set,not set,0,not set,5.05,4.47,164,4.45,44,17,40,14,high,normal,on,on,0.99,0.99,0.98,0.985
2018-01-04,12:16,not set,not set,not set,not set,522,not set,,,not set,not set,0,not set,BathroomLightCommanded,15.9,75.6,not set,not set,not set,not set,not set,not set,0,not set,5.05,4.47,164,4.45,44,16,40,14,high,normal,on,on,0.995,1.0,0.99,0.99
2018-01-04,12:16,not set,not set,not set,not set,518,not set,,,not set,not set,0,not set,BathroomLightCommanded,15.9,75.7,not set,not set,not set,not set,not set,not set,0,not set,5.05,4.47,164,4.45,44,17,40,14,high,normal,on,on,0.98,0.995,0.985,0.99
2018-01-04,12:17,not set,not set,not set,not set,518,not set,,,not set,not set,0,not set,BathroomLightCommanded,15.9,75.8,not set,not set,not set,not set,not set,not set,0,not set,5.05,4.47,164,4.45,44,17,39,14,high,normal,on,on,0.985,0.99,0.985,0.99
2018-01-04,12:17,not set,not set,not set,not set,518,not set,,,not set,not set,0,not set,BathroomLightCommanded,15.9,75.8,not set,not set,not set,not set,not set,not set,0,not set,5.05,4.47,164,4.45,44,17,39,15,high,normal,on,on,0.985,0.98,0.985,1.005
2018-01-04,12:17,not set,not set,not set,not set,511,not set,,,not set,not set,0,not set,BathroomLightCommanded,15.9,75.8,not set,not set,not set,not set,not set,not set,0,not set,5.05,4.47,164,4.45,44,16,39,14,high,normal,on,on,0.995,0.99,0.99,0.985
2018-01-04,12:18,not set,not set,not set,not set,505,not set,,,not set,not set,0,not set,BathroomLightCommanded,15.9,75.9,not set,not set,not set,not set,not set,not set,0,not set,5.05,4.47,164,4.45,45,16,39,14,high,normal,on,on,1.0,0.99,0.99,0.99
2018-01-04,12:18,not set,not set,not set,not set,500,not set,,,not set,not set,0,not set,BathroomLightCommanded,15.9,75.9,not set,not set,not set,not set,not set,not set,0,not set,5.05,4.47,164,4.45,44,17,40,14,high,normal,on,on,0.985,0.99,0.985,0.99
2018-01-04,12:19,not set,not set,not set,not set,495,not set,,,not set,not set,0,not set,BathroomLightCommanded,15.9,75.8,not set,not set,not set,not set,not set,not set,0,not set,5.05,4.47,164,4.45,44,16,39,15,high,normal,on,on,0.99,0.985,0.985,0.99
2018-01-04,12:19,not set,not set,not set,not set,495,not set,,,not set,not set,0,not set,BathroomLightCommanded,15.9,75.8,not set,not set,not set,not set,not set,not set,0,not set,5.05,4.47,164,4.45,44,16,39,14,high,normal,on,on,0.98,0.995,0.99,0.995
2018-01-04,12:19,not set,not set,not set,not set,494,not set,,,not set,not set,0,not set,BathroomLightCommanded,15.9,75.9,not set,not set,not set,not set,not set,not set,0,not set,5.05,4.47,164,4.45,44,17,40,14,high,normal,on,on,0.99,0.99,0.985,1.0
2018-01-04,12:20,not set,not set,not set,not set,489,not set,,,not set,not set,0,not set,BathroomLightCommanded,15.9,75.9,not set,not set,not set,not set,not set,not set,0,not set,5.05,4.47,164,4.45,44,16,39,15,high,normal,on,on,0.985,0.99,0.985,0.99
2018-01-04,12:20,not set,not set,not set,not set,485,not set,,,not set,not set,0,not set,BathroomLightCommanded,15.9,75.7,not set,not set,not set,not set,not set,not set,0,not set,5.05,4.47,164,4.45,44,16,39,15,high,normal,on,on,0.995,1.0,0.985,1.005
2018-01-04,12:21,not set,not set,not set,not set,484,not set,,,not set,not set,0,not set,BathroomLightCommanded,15.9,75.6,not set,not set,not set,not set,not set,not set,0,not set,5.05,4.47,164,4.45,44,16,39,15,high,normal,on,on,0.98,0.99,0.98,0.99
2018-01-04,12:21,not set,not set,not set,not set,476,not set,,,not set,not set,0,not set,BathroomLightCommanded,15.9,75.8,not set,not set,not set,not set,not set,not set,0,not set,5.05,4.47,164,4.45,44,16,39,15,high,normal,on,on,0.995,0.985,0.98,0.985
2018-01-04,12:21,not set,not set,not set,not set,477,not set,,,not set,not set,0,not set,BathroomLightCommanded,15.9,75.8,not set,not set,not set,not set,not set,not set,0,not set,5.05,4.47,164,4.45,45,17,39,14,high,normal,on,on,0.99,0.985,1.0,0.985
2018-01-04,12:22,not set,not set,not set,not set,473,not set,,,not set,not set,0,not set,BathroomLightCommanded,15.9,75.7,not set,not set,not set,not set,not set,not set,0,not set,5.05,4.47,164,4.45,44,16,39,14,high,normal,on,on,0.985,0.99,0.98,0.995
2018-01-04,12:22,not set,not set,not set,not set,469,not set,,,not set,not set,0,not set,BathroomLightCommanded,15.9,75.6,not set,not set,not set,not set,not set,not set,0,not set,5.05,4.47,164,4.45,44,16,39,15,high,normal,on,on,0.98,0.99,0.985,0.995
2018-01-04,12:22,not set,not set,not set,not set,460,not set,,,not set,not set,0,not set,BathroomLightCommanded,15.9,75.7,not set,not set,not set,not set,not set,not set,0,not set,5.05,4.47,164,4.45,45,16,39,15,high,normal,on,on,0.98,0.985,0.985,0.99
2018-01-04,12:23,not set,not set,not set,not set,454,not set,,,not set,not set,0,not set,BathroomLightCommanded,15.9,75.6,not set,not set,not set,not set,not set,not set,0,not set,5.05,4.47,164,4.45,44,16,39,14,high,normal,on,on,0.99,0.995,0.98,0.985
2018-01-04,12:23,not set,not set,not set,not set,446,not set,,,not set,not set,0,not set,BathroomLightCommanded,15.9,75.7,not set,not set,not set,not set,not set,not set,0,not set,5.05,4.47,164,4.45,44,16,39,15,high,normal,on,on,0.995,0.995,0.99,0.99
2018-01-04,12:24,not set,not set,not set,not set,432,not set,,,not set,not set,0,not set,BathroomLightCommanded,15.9,75.8,not set,not set,not set,not set,not set,not set,0,not set,5.05,4.47,164,4.45,44,16,39,14,high,normal,on,on,0.985,0.99,0.985,0.98
2018-01-04,12:24,not set,not set,not set,not set,427,not set,,,not set,not set,0,not set,BathroomLightCommanded,15.9,75.8,not set,not set,not set,not set,not set,not set,0,not set,5.05,4.47,164,4.45,44,17,39,14,high,normal,on,on,0.985,0.99,0.99,0.985
2018-01-04,12:24,not set,not set,not set,not set,422,not set,,,not set,not set,0,not set,BathroomLightCommanded,15.9,75.7,not set,not set,not set,not set,not set,not set,0,not set,5.05,4.47,164,4.45,44,16,39,15,high,normal,on,on,0.995,0.985,0.985,0.995
2018-01-04,12:25,not set,not set,not set,not set,424,not set,,,not set,not set,0,not set,BathroomLightCommanded,15.9,75.8,not set,not set,not set,not set,not set,not set,0,not set,5.05,4.47,164,4.45,45,16,39,14,high,normal,on,on,0.985,0.985,0.98,1.0
2018-01-04,12:25,not set,not set,not set,not set,439,not set,,,not set,not set,0,not set,BathroomLightCommanded,15.9,75.7,not set,not set,not set,not set,not set,not set,0,not set,5.05,4.47,164,4.45,44,17,39,14,high,normal,on,on,0.99,0.99,0.98,0.995
2018-01-04,12:26,not set,not set,not set,not set,441,not set,,,not set,not set,0,not set,BathroomLightCommanded,15.9,75.7,not set,not set,not set,not set,not set,not set,0,not set,5.05,4.47,164,4.45,44,16,39,14,high,normal,on,on,0.985,0.985,0.98,0.99
2018-01-04,12:26,not set,not set,not set,not set,427,not set,,,not set,not set,0,not set,BathroomLightCommanded,15.9,75.6,not set,not set,not set,not set,not set,not set,0,not set,5.05,4.47,164,4.45,44,17,39,14,high,normal,on,on,0.99,0.995,0.985,1.0
2018-01-04,12:26,not set,not set,not set,not set,416,not set,,,not set,not set,0,not set,BathroomLightCommanded,15.9,75.7,not set,not set,not set,not set,not set,not set,0,not set,5.05,4.47,164,4.45,44,17,39,15,high,normal,on,on,0.985,0.985,1.0,0.99
2018-01-04,12:27,not set,not set,not set,not set,405,not set,,,not set,not set,0,not set,BathroomLightCommanded,15.9,75.6,not set,not set,not set,not set,not set,not set,0,not set,5.05,4.47,164,4.45,44,16,39,14,high,normal,on,on,0.99,0.995,0.99,0.985
2018-01-04,12:27,not set,not set,not set,not set,403,not set,,,not set,not set,0,not set,BathroomLightCommanded,15.9,75.5,not set,not set,not set,not set,not set,not set,0,not set,5.05,4.47,164,4.45,44,17,39,15,high,normal,on,on,0.98,0.995,1.0,0.985
2018-01-04,12:27,not set,not set,not set,not set,408,not set,,,not set,not set,0,not set,BathroomLightCommanded,15.9,75.5,not set,not set,not set,not set,not set,not set,0,not set,5.05,4.47,164,4.45,44,16,39,15,high,normal,on,on,0.99,0.995,0.985,0.99
2018-01-04,12:28,not set,not set,not set,not set,414,not set,,,not set,not set,0,not set,BathroomLightCommanded,15.9,75.5,not set,not set,not set,not set,not set,not set,0,not set,5.05,4.47,164,4.45,44,16,39,14,high,normal,on,on,0.97,0.99,0.985,0.99
2018-01-04,12:28,not set,not set,not set,not set,410,not set,,,not set,not set,0,not set,BathroomLightCommanded,15.9,75.5,not set,not set,not set,not set,not set,not set,0,not set,5.05,4.47,164,4.45,44,16,39,15,high,normal,on,on,0.99,0.98,0.985,0.995
2018-01-04,12:29,not set,not set,not set,not set,402,not set,,,not set,not set,0,not set,BathroomLightCommanded,16.0,75.7,not set,not set,not set,not set,not set,not set,0,not set,5.05,4.47,164,4.45,44,16,39,14,high,normal,on,on,0.985,0.995,0.985,0.985
2018-01-04,12:29,not set,not set,not set,not set,397,not set,,,not set,not set,0,not set,BathroomLightCommanded,16.0,75.5,not set,not set,not set,not set,not set,not set,0,not set,5.05,4.47,164,4.45,44,17,39,14,high,normal,on,on,0.99,0.975,0.99,0.995
2018-01-04,12:29,not set,not set,not set,not set,390,not set,,,not set,not set,0,not set,BathroomLightCommanded,15.9,75.5,not set,not set,not set,not set,not set,not set,0,not set,5.05,4.47,164,4.45,44,16,39,14,high,normal,on,on,0.995,0.985,0.975,0.99
2018-01-04,12:30,not set,not set,not set,not set,386,not set,,,not set,not set,0,not set,BathroomLightCommanded,15.9,75.6,not set,not set,not set,not set,not set,not set,0,not set,5.05,4.47,164,4.45,44,16,39,15,high,normal,on,on,0.99,0.985,0.975,0.99
2018-01-04,12:30,not set,not set,not set,not set,390,not set,,,not set,not set,0,not set,BathroomLightCommanded,15.9,75.4,not set,not set,not set,not set,not set,not set,0,not set,5.05,4.47,164,4.45,44,16,39,14,high,normal,on,on,0.985,0.985,0.995,0.995
2018-01-04,12:31,not set,not set,not set,not set,407,not set,,,not set,not set,0,not set,BathroomLightCommanded,15.9,75.3,not set,not set,not set,not set,not set,not set,0,not set,5.05,4.47,164,4.45,44,17,39,14,high,normal,on,on,0.98,1.0,0.985,0.985
2018-01-04,12:31,not set,not set,not set,not set,426,not set,,,not set,not set,0,not set,BathroomLightCommanded,15.9,75.5,not set,not set,not set,not set,not set,not set,0,not set,5.05,4.47,164,4.45,44,17,39,15,high,normal,on,on,0.98,0.995,0.975,1.0
2018-01-04,12:31,not set,not set,not set,not set,435,not set,,,not set,not set,0,not set,BathroomLightCommanded,15.9,75.5,not set,not set,not set,not set,not set,not set,0,not set,5.05,4.47,164,4.45,44,16,39,15,high,normal,on,on,0.98,0.99,0.99,0.975
2018-01-04,12:32,not set,not set,not set,not set,442,not set,,,not set,not set,0,not set,BathroomLightCommanded,15.9,75.3,not set,not set,not set,not set,not set,not set,0,not set,5.05,4.47,164,4.45,44,17,39,14,high,normal,on,on,0.985,0.985,0.985,0.975
2018-01-04,12:32,not set,not set,not set,not set,452,not set,,,not set,not set,0,not set,BathroomLightCommanded,15.9,75.3,not set,not set,not set,not set,not set,not set,0,not set,5.05,4.47,164,4.45,44,16,39,15,high,normal,on,on,0.98,0.99,0.985,0.98
2018-01-04,12:32,not set,not set,not set,not set,453,not set,,,not set,not set,0,not set,BathroomLightCommanded,15.9,75.3,not set,not set,not set,not set,not set,not set,0,not set,5.05,4.47,164,4.45,44,16,39,15,high,normal,on,on,0.98,0.985,0.985,0.99
2018-01-04,12:33,not set,not set,not set,not set,452,not set,,,not set,not set,0,not set,BathroomLightCommanded,15.9,75.3,not set,not set,not set,not set,not set,not set,0,not set,5.05,4.47,164,4.45,44,16,39,14,high,normal,on,on,0.99,0.99,0.98,0.99
2018-01-04,12:33,not set,not set,not set,not set,454,not set,,,not set,not set,0,not set,BathroomLightCommanded,15.9,75.6,not set,not set,not set,not set,not set,not set,0,not set,5.05,4.47,164,4.45,44,16,39,14,high,normal,on,on,0.98,0.995,0.985,0.985
2018-01-04,12:34,not set,not set,not set,not set,449,not set,,,not set,not set,0,not set,BathroomLightCommanded,15.9,75.5,not set,not set,not set,not set,not set,not set,0,not set,5.05,4.47,164,4.45,44,16,39,15,high,normal,on,on,0.98,0.97,0.98,0.985
2018-01-04,12:34,not set,not set,not set,not set,443,not set,,,not set,not set,0,not set,BathroomLightCommanded,15.9,75.5,not set,not set,not set,not set,not set,not set,0,not set,5.05,4.47,164,4.45,44,16,39,14,high,normal,on,on,0.985,0.98,0.985,0.985
2018-01-04,12:34,not set,not set,not set,not set,441,not set,,,not set,not set,0,not set,BathroomLightCommanded,15.9,75.6,not set,not set,not set,not set,not set,not set,0,not set,5.05,4.47,164,4.45,44,17,39,15,high,normal,on,on,0.985,0.995,0.98,0.965
2018-01-04,12:35,not set,not set,not set,not set,435,not set,,,not set,not set,0,not set,BathroomLightCommanded,16.0,75.6,not set,not set,not set,not set,not set,not set,0,not set,5.05,4.47,164,4.45,44,16,39,14,high,normal,on,on,0.97,0.98,0.98,0.97
2018-01-04,12:35,not set,not set,not set,not set,430,not set,,,not set,not set,0,not set,BathroomLightCommanded,15.9,75.2,not set,not set,not set,not set,not set,not set,0,not set,5.05,4.47,164,4.45,44,17,39,14,high,normal,on,on,0.99,0.99,0.98,0.985
2018-01-04,12:36,not set,not set,not set,not set,433,not set,,,not set,not set,0,not set,BathroomLightCommanded,15.9,75.5,not set,not set,not set,not set,not set,not set,0,not set,5.05,4.47,164,4.45,44,17,39,14,high,normal,on,on,0.975,0.985,0.985,0.995
2018-01-04,12:36,not set,not set,not set,not set,435,not set,,,not set,not set,0,not set,BathroomLightCommanded,15.9,75.4,not set,not set,not set,not set,not set,not set,0,not set,5.05,4.47,164,4.45,44,16,39,14,high,normal,on,on,0.98,0.995,0.985,0.985
2018-01-04,12:36,not set,not set,not set,not set,440,not set,,,not set,not set,0,not set,BathroomLightCommanded,15.9,75.5,not set,not set,not set,not set,not set,not set,0,not set,5.05,4.47,164,4.45,44,16,39,14,high,normal,on,on,0.985,0.97,0.985,0.975
2018-01-04,12:37,not set,not set,not set,not set,440,not set,,,not set,not set,0,not set,BathroomLightCommanded,15.9,75.5,not set,not set,not set,not set,not set,not set,0,not set,5.05,4.47,164,4.45,44,16,39,14,high,normal,on,on,0.98,0.985,0.985,0.98
2018-01-04,12:37,not set,not set,not set,not set,436,not set,,,not set,not set,0,not set,BathroomLightCommanded,15.9,75.4,not set,not set,not set,not set,not set,not set,0,not set,5.05,4.47,164,4.45,44,17,39,14,high,normal,on,on,0.98,0.985,0.985,0.985
2018-01-04,12:37,not set,not set,not set,not set,433,not set,,,not set,not set,0,not set,BathroomLightCommanded,15.9,75.3,not set,not set,not set,not set,not set,not set,0,not set,5.05,4.47,164,4.45,44,16,39,14,high,normal,on,on,0.98,0.985,0.985,0.985
2018-01-04,12:38,not set,not set,not set,not set,433,not set,,,not set,not set,0,not set,BathroomLightCommanded,15.9,75.3,not set,not set,not set,not set,not set,not set,0,not set,5.05,4.47,164,4.45,44,17,39,15,high,normal,on,on,0.98,0.995,0.98,1.0
2018-01-04,12:38,not set,not set,not set,not set,428,not set,,,not set,not set,0,not set,BathroomLightCommanded,15.9,75.5,not set,not set,not set,not set,not set,not set,0,not set,5.05,4.47,164,4.45,44,17,39,14,high,normal,on,on,0.985,0.985,0.975,0.995
2018-01-04,12:39,not set,not set,not set,not set,415,not set,,,not set,not set,0,not set,BathroomLightCommanded,15.9,75.5,not set,not set,not set,not set,not set,not set,0,not set,5.05,4.47,164,4.45,44,16,39,15,high,normal,on,on,0.98,0.98,0.985,0.985
2018-01-04,12:39,not set,not set,not set,not set,400,not set,,,not set,not set,0,not set,BathroomLightCommanded,15.9,75.5,not set,not set,not set,not set,not set,not set,0,not set,5.05,4.47,164,4.45,44,16,39,14,high,normal,on,on,0.98,0.985,0.98,0.995
2018-01-04,12:39,not set,not set,not set,not set,396,not set,,,not set,not set,0,not set,BathroomLightCommanded,15.9,75.6,not set,not set,not set,not set,not set,not set,0,not set,5.05,4.47,164,4.45,44,17,39,15,high,normal,on,on,0.985,0.975,0.985,0.98
2018-01-04,12:40,not set,not set,not set,not set,394,not set,,,not set,not set,0,not set,BathroomLightCommanded,15.9,75.5,not set,not set,not set,not set,not set,not set,0,not set,5.05,4.47,164,4.45,44,16,39,14,high,normal,on,on,0.985,0.98,0.985,0.985
2018-01-04,12:40,not set,not set,not set,not set,390,not set,,,not set,not set,0,not set,BathroomLightCommanded,15.9,75.3,not set,not set,not set,not set,not set,not set,0,not set,5.05,4.47,164,4.45,44,16,39,14,high,normal,on,on,0.985,0.975,0.98,0.99
2018-01-04,12:41,not set,not set,not set,not set,392,not set,,,not set,not set,0,not set,BathroomLightCommanded,15.9,75.5,not set,not set,not set,not set,not set,not set,0,not set,5.05,4.47,164,4.45,44,16,39,14,high,normal,on,on,0.985,0.98,0.99,0.98
2018-01-04,12:41,not set,not set,not set,not set,399,not set,,,not set,not set,0,not set,BathroomLightCommanded,15.9,75.4,not set,not set,not set,not set,not set,not set,0,not set,5.05,4.47,164,4.45,44,16,39,14,high,normal,on,on,0.98,0.98,0.975,0.985
2018-01-04,12:41,not set,not set,not set,not set,412,not set,,,not set,not set,0,not set,BathroomLightCommanded,15.9,75.4,not set,not set,not set,not set,not set,not set,0,not set,5.05,4.47,164,4.45,44,16,39,15,high,normal,on,on,0.97,0.98,0.98,0.99
2018-01-04,12:42,not set,not set,not set,not set,419,not set,,,not set,not set,0,not set,BathroomLightCommanded,15.9,75.5,not set,not set,not set,not set,not set,not set,0,not set,5.05,4.47,164,4.45,44,16,39,14,high,normal,on,on,1.07,1.095,1.09,1.095
2018-01-04,12:42,not set,not set,not set,not set,426,not set,,,not set,not set,0,not set,BathroomLightCommanded,15.9,75.5,not set,not set,not set,not set,not set,not set,0,not set,5.05,4.47,164,4.45,44,17,39,14,high,normal,on,on,1.11,1.09,1.1,1.095
2018-01-04,12:42,not set,not set,not set,not set,427,not set,,,not set,not set,0,not set,BathroomLightCommanded,15.9,75.4,not set,not set,not set,not set,not set,not set,0,not set,5.05,4.47,164,4.45,44,16,39,14,high,normal,on,on,1.085,1.095,1.09,1.09
2018-01-04,12:43,not set,not set,not set,not set,418,not set,,,not set,not set,0,not set,BathroomLightCommanded,15.9,75.4,not set,not set,not set,not set,not set,not set,0,not set,5.05,4.47,164,4.45,45,16,39,14,high,normal,on,on,1.085,1.09,1.065,1.09
2018-01-04,12:43,not set,not set,not set,not set,411,not set,,,not set,not set,0,not set,BathroomLightCommanded,15.9,75.5,not set,not set,not set,not set,not set,not set,0,not set,5.05,4.47,164,4.45,44,16,40,15,high,normal,on,on,1.07,1.08,1.075,1.075
2018-01-04,12:44,not set,not set,not set,not set,410,not set,,,not set,not set,0,not set,BathroomLightCommanded,15.9,75.3,not set,not set,not set,not set,not set,not set,0,not set,5.05,4.47,164,4.45,44,17,39,14,high,normal,on,on,1.055,1.055,1.06,1.065
2018-01-04,12:44,not set,not set,not set,not set,413,not set,,,not set,not set,0,not set,BathroomLightCommanded,15.9,75.2,not set,not set,not set,not set,not set,not set,0,not set,5.05,4.47,164,4.45,44,17,39,15,high,normal,on,on,1.05,1.05,1.045,1.055
2018-01-04,12:44,not set,not set,not set,not set,421,not set,,,not set,not set,0,not set,BathroomLightCommanded,15.9,75.1,not set,not set,not set,not set,not set,not set,0,not set,5.05,4.47,164,4.45,44,16,39,14,high,normal,on,on,1.055,1.055,1.045,1.055
2018-01-04,12:45,not set,not set,not set,not set,426,not set,,,not set,not set,0,not set,BathroomLightCommanded,15.9,75.3,not set,not set,not set,not set,not set,not set,0,not set,5.05,4.47,164,4.45,44,16,39,14,high,normal,on,on,1.025,1.045,1.035,1.045
2018-01-04,12:45,not set,not set,not set,not set,421,not set,,,not set,not set,0,not set,BathroomLightCommanded,15.9,75.2,not set,not set,not set,not set,not set,not set,0,not set,5.05,4.47,164,4.45,44,16,39,14,high,normal,on,on,1.035,1.03,1.04,1.04
2018-01-04,12:46,not set,not set,not set,not set,423,not set,,,not set,not set,0,not set,BathroomLightCommanded,15.9,75.1,not set,not set,not set,not set,not set,not set,0,not set,5.05,4.47,164,4.45,44,17,39,15,high,normal,on,on,1.035,1.04,1.015,1.04
2018-01-04,12:46,not set,not set,not set,not set,422,not set,,,not set,not set,0,not set,BathroomLightCommanded,15.9,75.1,not set,not set,not set,not set,not set,not set,0,not set,5.05,4.47,164,4.45,44,16,39,14,high,normal,on,on,0.995,0.98,0.985,0.995
2018-01-04,12:46,not set,not set,not set,not set,424,not set,,,not set,not set,0,not set,BathroomLightCommanded,15.9,75.2,not set,not set,not set,not set,not set,not set,0,not set,5.05,4.47,164,4.45,44,17,39,14,high,normal,on,on,0.965,0.985,0.97,0.975
2018-01-04,12:47,not set,not set,not set,not set,422,not set,,,not set,not set,0,not set,BathroomLightCommanded,15.9,75.1,not set,not set,not set,not set,not set,not set,0,not set,5.05,4.47,164,4.45,45,16,39,14,high,normal,on,on,0.995,0.98,0.975,0.985
2018-01-04,12:47,not set,not set,not set,not set,419,not set,,,not set,not set,0,not set,BathroomLightCommanded,15.9,75.3,not set,not set,not set,not set,not set,not set,0,not set,5.05,4.47,164,4.45,44,17,39,14,high,normal,on,on,0.985,0.975,0.97,0.99
2018-01-04,12:47,not set,not set,not set,not set,423,not set,,,not set,not set,0,not set,BathroomLightCommanded,15.9,75.2,not set,not set,not set,not set,not set,not set,0,not set,5.05,4.47,164,4.45,44,16,39,15,high,normal,on,on,0.975,0.975,0.98,0.985
2018-01-04,12:48,not set,not set,not set,not set,417,not set,,,not set,not set,0,not set,BathroomLightCommanded,15.9,75.3,not set,not set,not set,not set,not set,not set,0,not set,5.05,4.47,164,4.45,44,16,39,14,high,normal,on,on,0.98,0.97,0.975,0.965
2018-01-04,12:48,not set,not set,not set,not set,410,not set,,,not set,not set,0,not set,BathroomLightCommanded,15.9,75.4,not set,not set,not set,not set,not set,not set,0,not set,5.05,4.47,164,4.45,44,17,39,14,high,normal,on,on,0.975,0.98,0.98,0.99
2018-01-04,12:49,not set,not set,not set,not set,401,not set,,,not set,not set,0,not set,BathroomLightCommanded,15.9,75.3,not set,not set,not set,not set,not set,not set,0,not set,5.05,4.47,164,4.45,44,16,39,14,high,normal,on,on,1.0,0.985,0.975,0.97
2018-01-04,12:49,not set,not set,not set,not set,391,not set,,,not set,not set,0,not set,BathroomLightCommanded,15.9,75.3,not set,not set,not set,not set,not set,not set,0,not set,5.05,4.47,164,4.45,44,17,39,14,high,normal,on,on,0.98,0.98,0.965,0.98
2018-01-04,12:49,not set,not set,not set,not set,386,not set,,,not set,not set,0,not set,BathroomLightCommanded,15.9,75.3,not set,not set,not set,not set,not set,not set,0,not set,5.05,4.47,164,4.45,44,16,39,14,high,normal,on,on,0.98,0.985,0.98,0.98
2018-01-04,12:50,not set,not set,not set,not set,393,not set,,,not set,not set,0,not set,BathroomLightCommanded,15.9,75.3,not set,not set,not set,not set,not set,not set,0,not set,5.05,4.47,164,4.45,44,17,39,14,high,normal,on,on,0.98,0.98,0.97,0.99
2018-01-04,12:50,not set,not set,not set,not set,413,not set,,,not set,not set,0,not set,BathroomLightCommanded,15.9,75.3,not set,not set,not set,not set,not set,not set,0,not set,5.05,4.47,164,4.45,44,16,39,14,high,normal,on,on,0.975,0.985,0.97,0.975
2018-01-04,12:51,not set,not set,not set,not set,419,not set,,,not set,not set,0,not set,BathroomLightCommanded,15.9,75.2,not set,not set,not set,not set,not set,not set,0,not set,5.05,4.47,164,4.45,44,16,40,14,high,normal,on,on,0.98,0.98,0.98,0.975
2018-01-04,12:51,not set,not set,not set,not set,413,not set,,,not set,not set,0,not set,BathroomLightCommanded,15.9,75.2,not set,not set,not set,not set,not set,not set,0,not set,5.05,4.47,164,4.45,44,17,39,14,high,normal,on,on,0.98,0.985,0.98,0.99
2018-01-04,12:51,not set,not set,not set,not set,404,not set,,,not set,not set,0,not set,BathroomLightCommanded,15.9,75.3,not set,not set,not set,not set,not set,not set,0,not set,5.05,4.47,164,4.45,44,16,39,14,high,normal,on,on,0.98,0.985,0.98,0.99
2018-01-04,12:52,not set,not set,not set,not set,398,not set,,,not set,not set,0,not set,BathroomLightCommanded,15.9,75.2,not set,not set,not set,not set,not set,not set,0,not set,5.05,4.47,164,4.45,44,17,39,14,high,normal,on,on,0.98,0.975,0.99,0.98
2018-01-04,12:52,not set,not set,not set,not set,390,not set,,,not set,not set,0,not set,BathroomLightCommanded,15.9,75.2,not set,not set,not set,not set,not set,not set,0,not set,5.05,4.47,164,4.45,44,16,39,15,high,normal,on,on,0.975,0.98,0.99,1.0
2018-01-04,12:52,not set,not set,not set,not set,377,not set,,,not set,not set,0,not set,BathroomLightCommanded,15.9,75.1,not set,not set,not set,not set,not set,not set,0,not set,5.05,4.47,164,4.45,44,16,39,14,high,normal,on,on,0.97,0.97,0.975,0.975
2018-01-04,12:53,not set,not set,not set,not set,375,not set,,,not set,not set,0,not set,BathroomLightCommanded,15.9,75.3,not set,not set,not set,not set,not set,not set,0,not set,5.05,4.47,164,4.45,44,16,39,14,high,normal,on,on,0.975,0.975,0.985,0.985
2018-01-04,12:53,not set,not set,not set,not set,377,not set,,,not set,not set,0,not set,BathroomLightCommanded,15.9,75.1,not set,not set,not set,not set,not set,not set,0,not set,5.05,4.47,164,4.45,44,17,39,14,high,normal,on,on,0.98,0.985,0.985,0.98
2018-01-04,12:54,not set,not set,not set,not set,377,not set,,,not set,not set,0,not set,BathroomLightCommanded,15.9,75.1,not set,not set,not set,not set,not set,not set,0,not set,5.05,4.47,164,4.45,44,17,39,14,high,normal,on,on,0.97,0.98,0.97,0.985
2018-01-04,12:54,not set,not set,not set,not set,370,not set,,,not set,not set,0,not set,BathroomLightCommanded,15.9,75.2,not set,not set,not set,not set,not set,not set,0,not set,5.05,4.47,164,4.45,44,16,39,15,high,normal,on,on,0.98,0.98,0.985,0.99
2018-01-04,12:54,not set,not set,not set,not set,369,not set,,,not set,not set,0,not set,BathroomLightCommanded,15.9,75.2,not set,not set,not set,not set,not set,not set,0,not set,5.05,4.47,164,4.45,44,17,39,14,high,normal,on,on,0.985,0.985,0.965,0.985
2018-01-04,12:55,not set,not set,not set,not set,361,not set,,,not set,not set,0,not set,BathroomLightCommanded,15.9,75.1,not set,not set,not set,not set,not set,not set,0,not set,5.05,4.47,164,4.45,44,16,39,14,high,normal,on,on,0.98,0.98,0.98,0.975
2018-01-04,12:55,not set,not set,not set,not set,345,not set,,,not set,not set,0,not set,BathroomLightCommanded,15.9,75.2,not set,not set,not set,not set,not set,not set,0,not set,5.05,4.47,164,4.45,44,16,39,15,high,normal,on,on,0.985,0.985,0.985,0.985
2018-01-04,12:56,not set,not set,not set,not set,336,not set,,,not set,not set,0,not set,BathroomLightCommanded,15.9,75.3,not set,not set,not set,not set,not set,not set,0,not set,5.05,4.47,164,4.45,44,16,39,15,high,normal,on,on,0.985,0.985,0.995,0.99
2018-01-04,12:56,not set,not set,not set,not set,330,not set,,,not set,not set,0,not set,BathroomLightCommanded,15.9,75.2,not set,not set,not set,not set,not set,not set,0,not set,5.05,4.47,164,4.45,45,16,39,14,high,normal,on,on,0.985,0.98,0.975,0.985
2018-01-04,12:56,not set,not set,not set,not set,330,not set,,,not set,not set,0,not set,BathroomLightCommanded,15.9,75.3,not set,not set,not set,not set,not set,not set,0,not set,5.05,4.47,164,4.45,44,16,39,15,high,normal,on,on,0.975,0.98,0.98,0.985
2018-01-04,12:57,not set,not set,not set,not set,336,not set,,,not set,not set,0,not set,BathroomLightCommanded,15.9,75.3,not set,not set,not set,not set,not set,not set,0,not set,5.05,4.47,164,4.45,44,16,38,14,high,normal,on,on,0.975,0.975,0.98,0.99
2018-01-04,12:57,not set,not set,not set,not set,352,not set,,,not set,not set,0,not set,BathroomLightCommanded,15.9,75.2,not set,not set,not set,not set,not set,not set,0,not set,5.05,4.47,164,4.45,44,16,38,15,high,normal,on,on,0.99,0.98,0.98,0.98
2018-01-04,12:57,not set,not set,not set,not set,369,not set,,,not set,not set,0,not set,BathroomLightCommanded,15.9,75.1,not set,not set,not set,not set,not set,not set,0,not set,5.05,4.47,164,4.45,44,17,39,14,high,normal,on,on,0.975,1.0,0.985,0.99
2018-01-04,12:58,not set,not set,not set,not set,378,not set,,,not set,not set,0,not set,BathroomLightCommanded,15.9,75.1,not set,not set,not set,not set,not set,not set,0,not set,5.05,4.47,164,4.45,44,16,39,14,high,normal,on,on,0.985,0.99,0.985,0.995
2018-01-04,12:58,not set,not set,not set,not set,375,not set,,,not set,not set,0,not set,BathroomLightCommanded,15.9,74.9,not set,not set,not set,not set,not set,not set,0,not set,5.05,4.47,164,4.45,44,17,39,14,high,normal,on,on,0.995,0.995,0.995,0.985
2018-01-04,12:59,not set,not set,not set,not set,364,not set,,,not set,not set,0,not set,BathroomLightCommanded,15.9,74.7,not set,not set,not set,not set,not set,not set,0,not set,5.05,4.47,164,4.45,44,16,39,14,high,normal,on,on,0.98,0.985,0.985,0.995
2018-01-04,12:59,not set,not set,not set,not set,360,not set,,,not set,not set,0,not set,BathroomLightCommanded,15.9,75.0,not set,not set,not set,not set,not set,not set,0,not set,5.05,4.47,164,4.45,44,17,38,14,high,normal,on,on,0.985,0.985,0.985,0.99
2018-01-04,12:59,not set,not set,not set,not set,361,not set,,,not set,not set,0,not set,BathroomLightCommanded,15.9,75.0,not set,not set,not set,not set,not set,not set,0,not set,5.05,4.47,164,4.45,44,17,39,14,high,normal,on,on,0.98,0.98,0.985,0.99
2018-01-04,13:00,not set,not set,not set,not set,367,not set,,,not set,not set,0,not set,BathroomLightCommanded,15.9,74.8,not set,not set,not set,not set,not set,not set,0,not set,5.05,4.47,164,4.45,44,17,39,15,high,normal,on,on,0.99,0.985,0.985,0.98
2018-01-04,13:00,not set,not set,not set,not set,378,not set,,,not set,not set,0,not set,BathroomLightCommanded,15.9,75.0,not set,not set,not set,not set,not set,not set,0,not set,5.05,4.47,164,4.45,44,17,38,14,high,normal,on,on,0.995,0.985,0.985,0.995
2018-01-04,13:01,not set,not set,not set,not set,391,not set,,,not set,not set,0,not set,BathroomLightCommanded,15.9,74.9,not set,not set,not set,not set,not set,not set,0,not set,5.05,4.47,164,4.45,44,17,39,14,high,normal,on,on,0.985,0.985,0.975,0.985
2018-01-04,13:01,not set,not set,not set,not set,396,not set,,,not set,not set,0,not set,BathroomLightCommanded,15.9,74.9,not set,not set,not set,not set,not set,not set,0,not set,5.05,4.47,164,4.45,44,16,38,14,high,normal,on,on,0.975,0.99,0.985,0.985
2018-01-04,13:01,not set,not set,not set,not set,390,not set,,,not set,not set,0,not set,BathroomLightCommanded,15.9,74.8,not set,not set,not set,not set,not set,not set,0,not set,5.05,4.47,164,4.45,44,16,39,14,high,normal,on,on,1.0,0.995,0.985,0.99
2018-01-04,13:02,not set,not set,not set,not set,384,not set,,,not set,not set,0,not set,BathroomLightCommanded,15.9,74.9,not set,not set,not set,not set,not set,not set,0,not set,5.05,4.47,164,4.45,44,16,39,14,high,normal,on,on,0.985,0.985,0.99,0.99
2018-01-04,13:02,not set,not set,not set,not set,383,not set,,,not set,not set,0,not set,BathroomLightCommanded,15.9,74.8,not set,not set,not set,not set,not set,not set,0,not set,5.05,4.47,164,4.45,44,17,39,15,high,normal,on,on,0.985,0.98,0.97,0.98
2018-01-04,13:02,not set,not set,not set,not set,387,not set,,,not set,not set,0,not set,BathroomLightCommanded,15.9,75.0,not set,not set,not set,not set,not set,not set,0,not set,5.05,4.47,164,4.45,44,16,39,15,high,normal,on,on,0.975,0.985,0.985,0.97
2018-01-04,13:03,not set,not set,not set,not set,391,not set,,,not set,not set,0,not set,BathroomLightCommanded,15.9,74.9,not set,not set,not set,not set,not set,not set,0,not set,5.05,4.47,164,4.45,44,16,39,15,high,normal,on,on,0.99,0.98,0.98,0.985
2018-01-04,13:03,not set,not set,not set,not set,393,not set,,,not set,not set,0,not set,BathroomLightCommanded,15.9,75.0,not set,not set,not set,not set,not set,not set,0,not set,5.05,4.47,164,4.45,44,16,39,14,high,normal,on,on,0.98,0.98,0.975,0.97
2018-01-04,13:04,not set,not set,not set,not set,398,not set,,,not set,not set,0,not set,BathroomLightCommanded,15.9,74.9,not set,not set,not set,not set,not set,not set,0,not set,5.05,4.47,164,4.45,44,17,39,14,high,normal,on,on,0.975,0.975,0.975,0.98
2018-01-04,13:04,not set,not set,not set,not set,411,not set,,,not set,not set,0,not set,BathroomLightCommanded,15.9,75.0,not set,not set,not set,not set,not set,not set,0,not set,5.05,4.47,164,4.45,44,17,38,14,high,normal,on,on,0.975,0.98,0.975,0.985
2018-01-04,13:04,not set,not set,not set,not set,418,not set,,,not set,not set,0,not set,BathroomLightCommanded,15.9,74.9,not set,not set,not set,not set,not set,not set,0,not set,5.05,4.47,164,4.45,44,17,38,14,high,normal,on,on,0.99,0.985,0.975,0.98
2018-01-04,13:05,not set,not set,not set,not set,420,not set,,,not set,not set,0,not set,BathroomLightCommanded,15.9,75.1,not set,not set,not set,not set,not set,not set,0,not set,5.05,4.47,164,4.45,44,16,38,14,high,normal,on,on,0.975,0.98,0.97,0.985
2018-01-04,13:05,not set,not set,not set,not set,414,not set,,,not set,not set,0,not set,BathroomLightCommanded,15.9,75.0,not set,not set,not set,not set,not set,not set,0,not set,5.05,4.47,164,4.45,45,16,38,14,high,normal,on,on,0.98,0.98,0.985,0.985
2018-01-04,13:06,not set,not set,not set,not set,410,not set,,,not set,not set,0,not set,BathroomLightCommanded,15.9,75.0,not set,not set,not set,not set,not set,not set,0,not set,5.05,4.47,164,4.45,44,17,38,14,high,normal,on,on,0.965,0.98,0.975,0.98
2018-01-04,13:06,not set,not set,not set,not set,406,not set,,,not set,not set,0,not set,BathroomLightCommanded,15.9,74.8,not set,not set,not set,not set,not set,not set,0,not set,5.05,4.47,164,4.45,44,16,38,15,high,normal,on,on,0.97,0.98,0.97,0.975
2018-01-04,13:06,not set,not set,not set,not set,409,not set,,,not set,not set,0,not set,BathroomLightCommanded,15.9,74.6,not set,not set,not set,not set,not set,not set,0,not set,5.05,4.47,164,4.45,44,16,39,14,high,normal,on,on,0.965,0.975,0.975,0.975
2018-01-04,13:07,not set,not set,not set,not set,412,not set,,,not set,not set,0,not set,BathroomLightCommanded,15.9,74.7,not set,not set,not set,not set,not set,not set,0,not set,5.05,4.47,164,4.45,44,17,38,14,high,normal,on,on,0.975,0.975,0.975,0.985
2018-01-04,13:07,not set,not set,not set,not set,409,not set,,,not set,not set,0,not set,BathroomLightCommanded,15.9,74.9,not set,not set,not set,not set,not set,not set,0,not set,5.05,4.47,164,4.45,44,16,38,14,high,normal,on,on,0.975,0.97,0.98,0.985
2018-01-04,13:07,not set,not set,not set,not set,404,not set,,,not set,not set,0,not set,BathroomLightCommanded,15.9,74.9,not set,not set,not set,not set,not set,not set,0,not set,5.05,4.47,164,4.45,44,17,39,14,high,normal,on,on,0.98,0.98,0.97,0.975
2018-01-04,13:08,not set,not set,not set,not set,404,not set,,,not set,not set,0,not set,BathroomLightCommanded,15.9,74.9,not set,not set,not set,not set,not set,not set,0,not set,5.05,4.47,164,4.45,44,17,39,14,high,normal,on,on,0.975,0.96,0.97,0.975
2018-01-04,13:08,not set,not set,not set,not set,408,not set,,,not set,not set,0,not set,BathroomLightCommanded,15.9,74.8,not set,not set,not set,not set,not set,not set,0,not set,5.05,4.47,164,4.45,44,17,38,14,high,normal,on,on,0.975,0.975,0.96,0.97
2018-01-04,13:09,not set,not set,not set,not set,407,not set,,,not set,not set,0,not set,BathroomLightCommanded,15.9,74.8,not set,not set,not set,not set,not set,not set,0,not set,5.05,4.47,164,4.45,44,17,38,14,high,normal,on,on,0.97,0.965,0.965,0.97
2018-01-04,13:09,not set,not set,not set,not set,408,not set,,,not set,not set,0,not set,BathroomLightCommanded,15.9,74.9,not set,not set,not set,not set,not set,not set,0,not set,5.05,4.47,164,4.45,44,17,38,15,high,normal,on,on,0.965,0.97,0.975,0.98
2018-01-04,13:09,not set,not set,not set,not set,409,not set,,,not set,not set,0,not set,BathroomLightCommanded,15.9,74.9,not set,not set,not set,not set,not set,not set,0,not set,5.05,4.47,164,4.45,44,16,38,14,high,normal,on,on,0.97,1.69,1.695,1.695
2018-01-04,13:10,not set,not set,not set,not set,405,not set,,,not set,not set,0,not set,BathroomLightCommanded,15.9,74.8,not set,not set,not set,not set,not set,not set,0,not set,5.05,4.47,164,4.45,44,17,38,14,high,normal,on,on,16.375,16.315,16.345,16.385
2018-01-04,13:10,not set,not set,not set,not set,409,not set,,,not set,not set,0,not set,BathroomLightCommanded,15.9,74.7,not set,not set,not set,not set,not set,not set,0,not set,5.05,4.47,164,4.45,48,18,38,15,high,normal,on,on,16.165,16.31,16.175,16.255
2018-01-04,13:11,not set,not set,not set,not set,405,not set,,,not set,not set,0,not set,BathroomLightCommanded,15.9,74.6,not set,not set,not set,not set,not set,not set,0,not set,5.05,4.47,164,4.45,50,17,38,14,high,normal,on,on,17.005,16.85,16.605,16.895
2018-01-04,13:11,not set,not set,not set,not set,401,not set,,,not set,not set,0,not set,BathroomLightCommanded,15.9,74.4,not set,not set,not set,not set,not set,not set,0,not set,5.05,4.47,164,4.45,50,17,38,14,high,normal,on,on,17.3,17.265,17.1,17.12
2018-01-04,13:11,not set,not set,not set,not set,405,not set,,,not set,not set,0,not set,BathroomLightCommanded,15.9,74.7,not set,not set,not set,not set,not set,not set,0,not set,5.05,4.47,164,4.45,51,17,38,14,high,normal,on,on,17.185,17.155,17.22,17.195
2018-01-04,13:12,not set,not set,not set,not set,378,not set,,,not set,not set,368,not set,BathroomLightCommanded,15.9,74.7,not set,not set,not set,not set,not set,not set,0,not set,5.05,4.47,164,4.45,50,17,38,14,high,normal,on,on,16.905,16.95,16.905,16.98
2018-01-04,13:12,not set,not set,not set,not set,470,not set,,,not set,not set,466,not set,BathroomLightCommanded,15.9,74.6,not set,not set,not set,not set,not set,not set,0,not set,5.05,4.47,164,4.45,50,17,38,14,high,normal,on,on,2.86,2.9,2.815,2.705
2018-01-04,13:12,not set,not set,not set,not set,428,not set,,,not set,not set,462,not set,BathroomLightCommanded,15.9,74.5,not set,not set,not set,not set,not set,not set,0,not set,5.05,4.47,164,4.45,49,17,38,14,high,normal,on,on,2.885,2.905,2.875,2.685
2018-01-04,13:13,not set,not set,not set,not set,442,not set,,,not set,not set,470,not set,BathroomLightCommanded,16.0,73.8,not set,not set,not set,not set,not set,not set,0,not set,5.05,4.47,164,4.45,51,17,38,14,high,normal,on,on,2.86,2.71,17.255,17.26
2018-01-04,13:13,not set,not set,not set,not set,440,not set,,,not set,not set,469,not set,BathroomLightCommanded,16.3,72.1,not set,not set,not set,not set,not set,not set,0,not set,5.05,4.47,164,4.45,52,14,38,15,high,normal,on,on,17.09,17.055,17.015,17.115
2018-01-04,13:14,not set,not set,not set,not set,438,not set,,,not set,not set,462,not set,BathroomLightCommanded,16.3,71.9,not set,not set,not set,not set,not set,not set,0,not set,5.05,4.47,164,4.45,52,13,38,14,high,normal,on,on,17.045,17.005,16.96,17.015
2018-01-04,13:14,not set,not set,not set,not set,443,not set,,,not set,not set,459,not set,BathroomLightCommanded,17.3,91.3,not set,not set,not set,not set,not set,not set,0,not set,5.05,4.47,164,4.45,53,12,38,14,high,normal,on,on,17.03,17.245,17.055,17.21
2018-01-04,13:14,not set,not set,not set,not set,437,not set,,,not set,not set,458,not set,BathroomLightCommanded,18.5,99.9,not set,not set,not set,not set,not set,not set,0,not set,5.05,4.47,164,4.45,53,11,39,14,high,normal,on,on,17.175,17.165,17.195,17.015
2018-01-04,13:15,not set,not set,not set,not set,439,not set,,,not set,not set,456,not set,BathroomLightCommanded,20.7,99.9,not set,not set,not set,not set,not set,not set,0,not set,5.05,4.47,164,4.45,53,11,37,15,high,normal,on,on,16.74,17.015,16.945,17.14
2018-01-04,13:15,not set,not set,not set,not set,436,not set,,,not set,not set,460,not set,BathroomLightCommanded,21.8,99.9,not set,not set,not set,not set,not set,not set,0,not set,5.05,4.47,164,4.45,53,12,37,14,high,normal,on,on,17.165,17.065,17.215,17.155
2018-01-04,13:15,not set,not set,not set,not set,431,not set,,,not set,not set,460,not set,BathroomLightCommanded,22.3,99.9,not set,not set,not set,not set,not set,not set,0,not set,5.05,4.47,164,4.45,53,11,37,14,high,normal,on,on,16.305,16.29,16.225,16.33
2018-01-04,13:16,not set,not set,not set,not set,429,not set,,,not set,not set,461,not set,BathroomLightCommanded,22.7,99.9,not set,not set,not set,not set,not set,not set,0,not set,5.05,4.47,164,4.45,53,11,37,14,high,normal,on,on,16.565,16.455,16.305,16.41
2018-01-04,13:16,not set,not set,not set,not set,374,not set,,,not set,not set,271,not set,BathroomLightCommanded,22.4,99.9,not set,not set,not set,not set,not set,not set,0,not set,5.05,4.47,164,4.45,53,11,35,14,high,normal,on,on,16.27,16.325,16.27,16.355
2018-01-04,13:16,not set,not set,not set,not set,373,not set,,,not set,not set,278,not set,BathroomLightCommanded,22.2,99.9,not set,not set,not set,not set,not set,not set,0,not set,5.05,4.47,164,4.45,53,11,35,14,high,normal,on,on,16.005,16.255,15.985,16.03
2018-01-04,13:17,not set,not set,not set,not set,368,not set,,,not set,not set,274,not set,BathroomLightCommanded,22.6,99.9,not set,not set,not set,not set,not set,not set,0,not set,5.05,4.47,164,4.45,53,11,34,14,high,normal,on,on,16.15,16.28,16.255,16.37
2018-01-04,13:17,not set,not set,not set,not set,423,not set,,,not set,not set,458,not set,BathroomLightCommanded,23.2,99.9,not set,not set,not set,not set,not set,not set,0,not set,5.05,4.47,164,4.45,53,11,33,14,high,normal,on,on,16.27,16.29,16.275,16.245
2018-01-04,13:18,not set,not set,not set,not set,424,not set,,,not set,not set,458,not set,BathroomLightCommanded,22.5,99.9,not set,not set,not set,not set,not set,not set,0,not set,5.05,4.47,164,4.45,53,11,32,14,high,normal,on,on,16.27,16.185,16.005,16.295
2018-01-04,13:18,not set,not set,not set,not set,418,not set,,,not set,not set,454,not set,BathroomLightCommanded,23.1,99.9,not set,not set,not set,not set,not set,not set,0,not set,5.05,4.47,164,4.45,53,11,32,14,high,normal,on,on,16.315,16.21,16.175,16.25
2018-01-04,13:18,not set,not set,not set,not set,414,not set,,,not set,not set,451,not set,BathroomLightCommanded,23.3,99.9,not set,not set,not set,not set,not set,not set,0,not set,5.05,4.47,164,4.45,52,10,31,14,high,normal,on,on,16.225,16.35,16.155,16.28
2018-01-04,13:19,not set,not set,not set,not set,412,not set,,,not set,not set,453,not set,BathroomLightCommanded,24.0,99.9,not set,not set,not set,not set,not set,not set,0,not set,5.05,4.47,164,4.45,53,11,30,14,high,normal,on,on,16.295,16.205,16.13,16.345
2018-01-04,13:19,not set,not set,not set,not set,357,not set,,,not set,not set,454,not set,BathroomLightCommanded,23.2,99.9,not set,not set,not set,not set,not set,not set,0,not set,5.05,4.47,164,4.45,52,11,29,14,high,normal,on,on,16.105,16.135,16.265,16.0
2018-01-04,13:19,not set,not set,not set,not set,349,not set,,,not set,not set,275,not set,BathroomLightCommanded,24.3,99.9,not set,not set,not set,not set,not set,not set,0,not set,5.05,4.47,164,4.45,51,11,28,14,high,normal,on,on,15.885,16.125,16.095,16.15
2018-01-04,13:20,not set,not set,not set,not set,343,not set,,,not set,not set,276,not set,BathroomLightCommanded,24.2,99.9,not set,not set,not set,not set,not set,not set,0,not set,5.05,4.47,164,4.45,49,11,28,14,high,normal,on,on,16.06,16.315,16.265,16.35
2018-01-04,13:20,not set,not set,not set,not set,340,not set,,,not set,not set,276,not set,BathroomLightCommanded,24.0,99.9,not set,not set,not set,not set,not set,not set,0,not set,5.05,4.47,164,4.45,48,10,27,15,high,normal,on,on,16.21,16.04,16.02,16.31
2018-01-04,13:21,not set,not set,not set,not set,336,not set,,,not set,not set,278,not set,BathroomLightCommanded,24.7,99.9,not set,not set,not set,not set,not set,not set,0,not set,5.05,4.47,164,4.45,47,10,26,14,high,normal,on,on,16.365,15.57,15.67,15.815
2018-01-04,13:21,not set,not set,not set,not set,333,not set,,,not set,not set,274,not set,BathroomLightCommanded,25.0,99.9,not set,not set,not set,not set,not set,not set,0,not set,5.05,4.47,164,4.45,45,11,26,14,high,normal,on,on,15.775,15.915,15.83,15.955
2018-01-04,13:21,not set,not set,not set,not set,329,not set,,,not set,not set,275,not set,BathroomLightCommanded,25.3,99.9,not set,not set,not set,not set,not set,not set,0,not set,5.05,4.47,164,4.45,43,10,25,14,high,normal,on,on,15.915,16.01,16.01,16.12
2018-01-04,13:22,not set,not set,not set,not set,326,not set,,,not set,not set,275,not set,BathroomLightCommanded,24.9,99.9,not set,not set,not set,not set,not set,not set,0,not set,5.05,4.47,164,4.45,41,10,25,14,high,normal,on,on,15.97,15.825,15.915,15.885
2018-01-04,13:22,not set,not set,not set,not set,320,not set,,,not set,not set,272,not set,BathroomLightCommanded,25.0,99.9,not set,not set,not set,not set,not set,not set,0,not set,5.05,4.47,164,4.45,37,10,24,14,high,normal,on,on,15.695,15.915,15.705,15.915
2018-01-04,13:22,not set,not set,not set,not set,383,not set,,,not set,not set,454,not set,BathroomLightCommanded,24.7,99.9,not set,not set,not set,not set,not set,not set,0,not set,5.05,4.47,164,4.45,35,10,24,14,high,normal,on,on,15.77,15.835,15.78,15.945
2018-01-04,13:23,not set,not set,not set,not set,388,not set,,,not set,not set,453,not set,BathroomLightCommanded,24.1,99.9,not set,not set,not set,not set,not set,not set,0,not set,5.05,4.47,164,4.45,34,11,24,14,high,normal,on,on,15.9,15.795,15.855,15.785
2018-01-04,13:23,not set,not set,not set,not set,382,not set,,,not set,not set,446,not set,BathroomLightCommanded,23.0,99.9,not set,not set,not set,not set,not set,not set,0,not set,5.05,4.47,164,4.45,33,10,23,14,high,normal,on,on,15.625,15.725,15.69,15.725
2018-01-04,13:24,not set,not set,not set,not set,380,not set,,,not set,not set,448,not set,BathroomLightCommanded,21.7,99.9,not set,not set,not set,not set,not set,not set,0,not set,5.05,4.47,164,4.45,33,10,23,13,high,normal,on,on,15.825,15.905,15.735,15.86
2018-01-04,13:24,not set,not set,not set,not set,378,not set,,,not set,not set,452,not set,BathroomLightCommanded,21.2,99.9,not set,not set,not set,not set,not set,not set,0,not set,5.05,4.47,164,4.45,33,10,23,14,high,normal,on,on,15.92,15.945,15.92,15.975
2018-01-04,13:24,not set,not set,not set,not set,373,not set,,,not set,not set,448,not set,BathroomLightCommanded,20.5,99.9,not set,not set,not set,not set,not set,not set,0,not set,5.05,4.47,164,4.45,33,11,22,13,high,normal,on,on,15.74,15.995,15.77,15.9
2018-01-04,13:25,not set,not set,not set,not set,370,not set,,,not set,not set,450,not set,BathroomLightCommanded,19.6,99.9,not set,not set,not set,not set,not set,not set,0,not set,5.05,4.47,164,4.45,33,11,23,13,high,normal,on,on,15.78,16.07,15.765,15.915
2018-01-04,13:25,not set,not set,not set,not set,364,not set,,,not set,not set,446,not set,BathroomLightCommanded,19.3,99.9,not set,not set,not set,not set,not set,not set,0,not set,5.05,4.47,164,4.45,33,11,22,14,high,normal,on,on,15.775,15.84,15.85,15.75
2018-01-04,13:25,not set,not set,not set,not set,358,not set,,,not set,not set,446,not set,BathroomLightCommanded,19.1,99.9,not set,not set,not set,not set,not set,not set,0,not set,5.05,4.47,164,4.45,33,11,22,13,high,normal,on,on,15.81,15.795,15.8,15.57
2018-01-04,13:26,not set,not set,not set,not set,356,not set,,,not set,not set,449,not set,BathroomLightCommanded,18.2,99.9,not set,not set,not set,not set,not set,not set,0,not set,5.05,4.47,164,4.45,33,11,22,13,high,normal,on,on,16.2,15.985,16.185,15.97
2018-01-04,13:26,not set,not set,not set,not set,401,not set,,,not set,not set,452,not set,BathroomLightCommanded,18.4,99.9,not set,not set,not set,not set,not set,not set,0,not set,5.05,4.47,164,4.45,33,11,22,13,high,normal,on,on,15.82,15.89,16.09,15.975
2018-01-04,13:27,not set,not set,not set,not set,443,not set,,,not set,not set,452,not set,BathroomLightCommanded,18.2,99.9,not set,not set,not set,not set,not set,not set,0,not set,5.05,4.47,164,4.45,32,11,21,13,high,normal,on,on,16.03,15.935,15.83,16.08
2018-01-04,13:27,not set,not set,not set,not set,443,not set,,,not set,not set,448,not set,BathroomLightCommanded,17.9,99.9,not set,not set,not set,not set,not set,not set,0,not set,5.05,4.47,164,4.45,33,11,21,13,high,normal,on,on,15.925,15.78,15.8,16.1
2018-01-04,13:27,not set,not set,not set,not set,418,not set,,,not set,not set,450,not set,BathroomLightCommanded,17.5,99.9,not set,not set,not set,not set,not set,not set,0,not set,5.05,4.47,164,4.45,32,11,22,14,high,normal,on,on,15.79,15.91,15.965,15.845
2018-01-04,13:28,not set,not set,not set,not set,420,not set,,,not set,not set,443,not set,BathroomLightCommanded,17.4,99.9,not set,not set,not set,not set,not set,not set,0,not set,5.05,4.47,164,4.45,32,11,21,13,high,normal,on,on,15.89,15.86,16.03,16.115
2018-01-04,13:28,not set,not set,not set,not set,396,not set,,,not set,not set,439,not set,BathroomLightCommanded,17.5,99.9,not set,not set,not set,not set,not set,not set,0,not set,5.05,4.47,164,4.45,32,12,21,13,high,normal,on,on,15.77,15.88,15.705,15.805
2018-01-04,13:28,not set,not set,not set,not set,442,not set,,,not set,not set,446,not set,BathroomLightCommanded,17.6,99.9,not set,not set,not set,not set,not set,not set,0,not set,5.05,4.47,164,4.45,32,11,22,13,high,normal,on,on,30.265,30.39,29.735,30.16
2018-01-04,13:29,not set,not set,not set,not set,448,not set,,,not set,not set,445,not set,BathroomLightCommanded,17.2,99.9,not set,not set,not set,not set,not set,not set,0,not set,5.05,4.47,164,4.45,33,11,21,13,high,normal,on,on,16.48,16.53,16.59,16.705
2018-01-04,13:29,not set,not set,not set,not set,449,not set,,,not set,not set,446,not set,BathroomLightCommanded,17.3,99.9,not set,not set,not set,not set,not set,not set,0,not set,5.05,4.47,164,4.45,32,11,22,13,high,normal,on,on,16.63,16.5,16.54,16.72
2018-01-04,13:30,not set,not set,not set,not set,454,not set,,,not set,not set,446,not set,BathroomLightCommanded,17.1,99.9,not set,not set,not set,not set,not set,not set,0,not set,5.05,4.47,164,4.45,32,11,22,13,high,normal,on,on,16.695,16.795,16.895,17.135
2018-01-04,13:30,not set,not set,not set,not set,459,not set,,,not set,not set,447,not set,BathroomLightCommanded,16.7,99.9,not set,not set,not set,not set,not set,not set,0,not set,5.05,4.47,164,4.45,32,11,22,13,high,normal,on,on,17.33,17.36,17.11,17.21
2018-01-04,13:30,not set,not set,not set,not set,358,not set,,,not set,not set,274,not set,BathroomLightCommanded,16.4,99.9,not set,not set,not set,not set,not set,not set,0,not set,5.05,4.47,164,4.45,32,11,23,13,high,normal,on,on,17.29,17.34,16.97,17.055
2018-01-04,13:31,not set,not set,not set,not set,361,not set,,,not set,not set,276,not set,BathroomLightCommanded,16.4,99.9,not set,not set,not set,not set,not set,not set,0,not set,5.05,4.47,164,4.45,32,12,22,13,high,normal,on,on,16.9,16.845,16.91,17.1
2018-01-04,13:31,not set,not set,not set,not set,366,not set,,,not set,not set,273,not set,BathroomLightCommanded,16.4,99.9,not set,not set,not set,not set,not set,not set,0,not set,5.05,4.47,164,4.45,32,11,22,13,high,normal,on,on,17.09,17.06,17.06,17.31
2018-01-04,13:31,not set,not set,not set,not set,368,not set,,,not set,not set,277,not set,BathroomLightCommanded,16.4,99.9,not set,not set,not set,not set,not set,not set,0,not set,5.05,4.47,164,4.45,32,11,22,13,high,normal,on,on,17.035,17.14,17.045,17.05
2018-01-04,13:32,not set,not set,not set,not set,368,not set,,,not set,not set,278,not set,BathroomLightCommanded,16.4,99.9,not set,not set,not set,not set,not set,not set,0,not set,5.05,4.47,164,4.45,32,11,22,13,high,normal,on,on,16.875,17.04,16.87,16.935
2018-01-04,13:32,not set,not set,not set,not set,366,not set,,,not set,not set,274,not set,BathroomLightCommanded,16.5,99.9,not set,not set,not set,not set,not set,not set,0,not set,5.05,4.47,164,4.45,32,12,22,13,high,normal,on,on,16.755,17.09,16.895,16.785
2018-01-04,13:32,not set,not set,not set,not set,366,not set,,,not set,not set,273,not set,BathroomLightCommanded,16.2,99.9,not set,not set,not set,not set,not set,not set,0,not set,5.05,4.47,164,4.45,31,12,22,13,high,normal,on,on,16.985,17.055,16.855,16.87
2018-01-04,13:33,not set,not set,not set,not set,370,not set,,,not set,not set,273,not set,BathroomLightCommanded,16.9,99.9,not set,not set,not set,not set,not set,not set,0,not set,5.05,4.47,164,4.45,32,11,22,13,high,normal,on,on,16.085,16.16,16.185,16.255
2018-01-04,13:33,not set,not set,not set,not set,373,not set,,,not set,not set,275,not set,BathroomLightCommanded,16.8,99.9,not set,not set,not set,not set,not set,not set,0,not set,5.05,4.47,164,4.45,31,12,23,13,high,normal,on,on,16.115,16.34,16.275,16.15
2018-01-04,13:34,not set,not set,not set,not set,369,not set,,,not set,not set,279,not set,BathroomLightCommanded,16.9,99.9,not set,not set,not set,not set,not set,not set,0,not set,5.05,4.47,164,4.45,31,12,23,13,high,normal,on,on,16.115,16.185,16.14,16.17
2018-01-04,13:34,not set,not set,not set,not set,369,not set,,,not set,not set,277,not set,BathroomLightCommanded,16.9,99.9,not set,not set,not set,not set,not set,not set,0,not set,5.05,4.47,164,4.45,31,12,23,13,high,normal,on,on,16.445,16.35,16.185,16.22
2018-01-04,13:34,not set,not set,not set,not set,369,not set,,,not set,not set,275,not set,BathroomLightCommanded,17.0,99.9,not set,not set,not set,not set,not set,not set,0,not set,5.05,4.47,164,4.45,31,12,23,13,high,normal,on,on,16.425,16.39,16.36,16.36
2018-01-04,13:35,not set,not set,not set,not set,363,not set,,,not set,not set,268,not set,BathroomLightCommanded,17.0,99.9,not set,not set,not set,not set,not set,not set,0,not set,5.05,4.47,164,4.45,31,12,23,13,high,normal,on,on,16.22,16.13,16.04,16.21
2018-01-04,13:35,not set,not set,not set,not set,359,not set,,,not set,not set,274,not set,BathroomLightCommanded,17.1,99.9,not set,not set,not set,not set,not set,not set,0,not set,5.05,4.47,164,4.45,31,12,24,14,high,normal,on,on,16.025,16.19,16.115,16.195
2018-01-04,13:35,not set,not set,not set,not set,365,not set,,,not set,not set,272,not set,BathroomLightCommanded,17.0,99.9,not set,not set,not set,not set,not set,not set,0,not set,5.05,4.47,164,4.45,31,12,24,13,high,normal,on,on,16.19,16.175,15.885,16.06
2018-01-04,13:36,not set,not set,not set,not set,363,not set,,,not set,not set,271,not set,BathroomLightCommanded,17.1,99.9,not set,not set,not set,not set,not set,not set,0,not set,5.05,4.47,164,4.45,31,12,24,13,high,normal,on,on,16.105,16.13,16.03,16.1
2018-01-04,13:36,not set,not set,not set,not set,357,not set,,,not set,not set,271,not set,BathroomLightCommanded,17.1,99.9,not set,not set,not set,not set,not set,not set,0,not set,5.05,4.47,164,4.45,31,12,24,13,high,normal,on,on,16.27,16.465,16.23,16.18
2018-01-04,13:37,not set,not set,not set,not set,355,not set,,,not set,not set,271,not set,BathroomLightCommanded,17.0,99.9,not set,not set,not set,not set,not set,not set,0,not set,5.05,4.47,164,4.45,32,12,25,13,high,normal,on,on,16.045,16.065,16.22,16.19
2018-01-04,13:37,not set,not set,not set,not set,358,not set,,,not set,not set,274,not set,BathroomLightCommanded,17.2,99.9,not set,not set,not set,not set,not set,not set,0,not set,5.05,4.47,164,4.45,31,12,24,13,high,normal,on,on,16.185,16.19,16.165,16.025
2018-01-04,13:37,not set,not set,not set,not set,355,not set,,,not set,not set,270,not set,BathroomLightCommanded,17.3,99.9,not set,not set,not set,not set,not set,not set,0,not set,5.05,4.47,164,4.45,31,12,25,13,high,normal,on,on,16.295,16.24,16.16,16.265
2018-01-04,13:38,not set,not set,not set,not set,352,not set,,,not set,not set,277,not set,BathroomLightCommanded,17.4,99.9,not set,not set,not set,not set,not set,not set,0,not set,5.05,4.47,164,4.45,31,12,25,13,high,normal,on,on,16.24,16.215,16.315,16.195
2018-01-04,13:38,not set,not set,not set,not set,351,not set,,,not set,not set,275,not set,BathroomLightCommanded,17.3,99.9,not set,not set,not set,not set,not set,not set,0,not set,5.05,4.47,164,4.45,31,12,25,12,high,normal,on,on,16.535,16.32,16.285,16.425
2018-01-04,13:38,not set,not set,not set,not set,355,not set,,,not set,not set,268,not set,BathroomLightCommanded,17.3,99.9,not set,not set,not set,not set,not set,not set,0,not set,5.05,4.47,164,4.45,31,12,25,12,high,normal,on,on,16.085,16.145,16.155,16.095
2018-01-04,13:39,not set,not set,not set,not set,367,not set,,,not set,not set,265,not set,BathroomLightCommanded,17.2,99.9,not set,not set,not set,not set,not set,not set,0,not set,5.05,4.47,164,4.45,30,12,25,13,high,normal,on,on,16.145,16.25,16.16,16.185
2018-01-04,13:39,not set,not set,not set,not set,349,not set,,,not set,not set,274,not set,BathroomLightCommanded,17.2,99.9,not set,not set,not set,not set,not set,not set,0,not set,5.05,4.47,164,4.45,31,12,25,12,high,normal,on,on,16.005,16.055,16.145,16.11
2018-01-04,13:40,not set,not set,not set,not set,349,not set,,,not set,not set,267,not set,BathroomLightCommanded,17.2,99.9,not set,not set,not set,not set,not set,not set,0,not set,5.05,4.47,164,4.45,30,13,26,13,high,normal,on,on,16.06,16.05,16.065,16.095
2018-01-04,13:40,not set,not set,not set,not set,348,not set,,,not set,not set,268,not set,BathroomLightCommanded,17.3,99.9,not set,not set,not set,not set,not set,not set,0,not set,5.05,4.47,164,4.45,30,12,26,13,high,normal,on,on,16.05,15.935,16.08,16.115
2018-01-04,13:40,not set,not set,not set,not set,346,not set,,,not set,not set,272,not set,BathroomLightCommanded,17.4,99.9,not set,not set,not set,not set,not set,not set,0,not set,5.05,4.47,164,4.45,30,12,26,13,high,normal,on,on,15.84,16.055,16.0,16.245
2018-01-04,13:41,not set,not set,not set,not set,352,not set,,,not set,not set,269,not set,BathroomLightCommanded,17.1,99.9,not set,not set,not set,not set,not set,not set,0,not set,5.05,4.47,164,4.45,30,12,26,14,high,normal,on,on,16.19,16.145,16.02,16.09
2018-01-04,13:41,not set,not set,not set,not set,349,not set,,,not set,not set,272,not set,BathroomLightCommanded,17.1,99.9,not set,not set,not set,not set,not set,not set,0,not set,5.05,4.47,164,4.45,30,12,27,12,high,normal,on,on,16.15,16.18,16.095,16.285
2018-01-04,13:41,not set,not set,not set,not set,358,not set,,,not set,not set,267,not set,BathroomLightCommanded,17.1,99.9,not set,not set,not set,not set,not set,not set,0,not set,5.05,4.47,164,4.45,30,12,26,12,high,normal,on,on,16.3,16.275,16.44,16.12
2018-01-04,13:42,not set,not set,not set,not set,357,not set,,,not set,not set,277,not set,BathroomLightCommanded,17.1,99.9,not set,not set,not set,not set,not set,not set,0,not set,5.05,4.47,164,4.45,30,12,27,12,high,normal,on,on,16.32,16.37,16.185,16.175
2018-01-04,13:42,not set,not set,not set,not set,359,not set,,,not set,not set,271,not set,BathroomLightCommanded,17.0,99.9,not set,not set,not set,not set,not set,not set,0,not set,5.05,4.47,164,4.45,30,12,27,13,high,normal,on,on,16.055,16.15,16.14,16.19
2018-01-04,13:43,not set,not set,not set,not set,355,not set,,,not set,not set,266,not set,BathroomLightCommanded,17.2,99.9,not set,not set,not set,not set,not set,not set,0,not set,5.05,4.47,164,4.45,30,12,27,13,high,normal,on,on,16.185,16.1,15.895,16.16
2018-01-04,13:43,not set,not set,not set,not set,349,not set,,,not set,not set,264,not set,BathroomLightCommanded,17.1,99.9,not set,not set,not set,not set,not set,not set,0,not set,5.05,4.47,164,4.45,29,12,27,13,high,normal,on,on,16.18,16.1,16.03,16.14
2018-01-04,13:43,not set,not set,not set,not set,343,not set,,,not set,not set,272,not set,BathroomLightCommanded,17.2,99.9,not set,not set,not set,not set,not set,not set,0,not set,5.05,4.47,164,4.45,29,12,27,12,high,normal,on,on,16.055,16.085,16.13,16.11
2018-01-04,13:44,not set,not set,not set,not set,341,not set,,,not set,not set,272,not set,BathroomLightCommanded,17.1,99.9,not set,not set,not set,not set,not set,not set,0,not set,5.05,4.47,164,4.45,29,12,28,13,high,normal,on,on,16.12,16.18,15.97,16.09
2018-01-04,13:44,not set,not set,not set,not set,343,not set,,,not set,not set,270,not set,BathroomLightCommanded,17.1,98.6,not set,not set,not set,not set,not set,not set,0,not set,5.05,4.47,164,4.45,29,12,28,13,high,normal,on,on,16.13,16.095,16.14,16.25
2018-01-04,13:44,not set,not set,not set,not set,349,not set,,,not set,not set,276,not set,BathroomLightCommanded,17.0,96.7,not set,not set,not set,not set,not set,not set,0,not set,5.05,4.47,164,4.45,29,13,28,12,high,normal,on,on,16.16,16.075,16.095,16.27
2018-01-04,13:45,not set,not set,not set,not set,347,not set,,,not set,not set,278,not set,BathroomLightCommanded,17.0,97.6,not set,not set,not set,not set,not set,not set,0,not set,5.05,4.47,164,4.45,29,12,28,12,high,normal,on,on,16.18,16.28,16.19,16.165
2018-01-04,13:45,not set,not set,not set,not set,352,not set,,,not set,not set,276,not set,BathroomLightCommanded,17.0,98.6,not set,not set,not set,not set,not set,not set,0,not set,5.05,4.47,164,4.45,29,12,28,12,high,normal,on,on,16.115,16.215,16.165,16.41
2018-01-04,13:46,not set,not set,not set,not set,351,not set,,,not set,not set,280,not set,BathroomLightCommanded,17.0,97.9,not set,not set,not set,not set,not set,not set,0,not set,5.05,4.47,164,4.45,29,12,28,12,high,normal,on,on,16.235,16.305,16.18,16.29
2018-01-04,13:46,not set,not set,not set,not set,354,not set,,,not set,not set,272,not set,BathroomLightCommanded,17.0,98.4,not set,not set,not set,not set,not set,not set,0,not set,5.05,4.47,164,4.45,29,12,29,13,high,normal,on,on,16.21,16.305,16.15,16.23
2018-01-04,13:46,not set,not set,not set,not set,353,not set,,,not set,not set,271,not set,BathroomLightCommanded,17.0,98.3,not set,not set,not set,not set,not set,not set,0,not set,5.05,4.47,164,4.45,29,12,29,13,high,normal,on,on,16.19,16.15,16.09,16.27
2018-01-04,13:47,not set,not set,not set,not set,352,not set,,,not set,not set,275,not set,BathroomLightCommanded,17.0,95.2,not set,not set,not set,not set,not set,not set,0,not set,5.05,4.47,164,4.45,29,12,29,13,high,normal,on,on,16.295,16.265,16.205,16.33
2018-01-04,13:47,not set,not set,not set,not set,363,not set,,,not set,not set,271,not set,BathroomLightCommanded,17.0,96.2,not set,not set,not set,not set,not set,not set,0,not set,5.05,4.47,164,4.45,29,12,29,12,high,normal,on,on,16.165,16.325,16.24,16.135
2018-01-04,13:47,not set,not set,not set,not set,367,not set,,,not set,not set,278,not set,BathroomLightCommanded,17.1,99.9,not set,not set,not set,not set,not set,not set,0,not set,5.05,4.47,164,4.45,29,12,29,12,high,normal,on,on,16.335,16.205,16.165,16.28
2018-01-04,13:48,not set,not set,not set,not set,366,not set,,,not set,not set,276,not set,BathroomLightCommanded,17.0,94.9,not set,not set,not set,not set,not set,not set,0,not set,5.05,4.47,164,4.45,29,12,29,12,high,normal,on,on,16.31,16.27,16.395,16.56
2018-01-04,13:48,not set,not set,not set,not set,365,not set,,,not set,not set,277,not set,BathroomLightCommanded,17.0,96.5,not set,not set,not set,not set,not set,not set,0,not set,5.05,4.47,164,4.45,30,12,30,13,high,normal,on,on,16.285,16.315,16.175,16.185
2018-01-04,13:49,not set,not set,not set,not set,370,not set,,,not set,not set,273,not set,BathroomLightCommanded,17.0,95.2,not set,not set,not set,not set,not set,not set,0,not set,5.05,4.47,164,4.45,29,12,30,12,high,normal,on,on,16.145,16.33,16.155,16.2
2018-01-04,13:49,not set,not set,not set,not set,357,not set,,,not set,not set,272,not set,BathroomLightCommanded,16.9,93.4,not set,not set,not set,not set,not set,not set,0,not set,5.05,4.47,164,4.45,29,12,30,13,high,normal,on,on,16.06,16.185,16.1,16.445
2018-01-04,13:49,not set,not set,not set,not set,354,not set,,,not set,not set,277,not set,BathroomLightCommanded,16.9,93.4,not set,not set,not set,not set,not set,not set,0,not set,5.05,4.47,164,4.45,30,12,30,12,high,normal,on,on,16.295,16.185,16.18,16.3
2018-01-04,13:50,not set,not set,not set,not set,350,not set,,,not set,not set,270,not set,BathroomLightCommanded,16.9,93.3,not set,not set,not set,not set,not set,not set,0,not set,5.05,4.47,164,4.45,30,13,30,12,high,normal,on,on,16.2,16.28,16.205,16.36
2018-01-04,13:50,not set,not set,not set,not set,347,not set,,,not set,not set,266,not set,BathroomLightCommanded,17.0,93.8,not set,not set,not set,not set,not set,not set,0,not set,5.05,4.47,164,4.45,30,12,30,13,high,normal,on,on,16.175,16.17,16.095,16.165
2018-01-04,13:50,not set,not set,not set,not set,353,not set,,,not set,not set,273,not set,BathroomLightCommanded,16.9,93.8,not set,not set,not set,not set,not set,not set,0,not set,5.05,4.47,164,4.45,30,12,31,13,high,normal,on,on,16.505,16.245,16.11,16.015
2018-01-04,13:51,not set,not set,not set,not set,352,not set,,,not set,not set,273,not set,BathroomLightCommanded,16.9,93.6,not set,not set,not set,not set,not set,not set,0,not set,5.05,4.47,164,4.45,30,12,31,12,high,normal,on,on,16.155,16.255,15.995,16.4
2018-01-04,13:51,not set,not set,not set,not set,358,not set,,,not set,not set,268,not set,BathroomLightCommanded,17.0,94.5,not set,not set,not set,not set,not set,not set,0,not set,5.05,4.47,164,4.45,30,12,31,12,high,normal,on,on,16.15,16.24,16.075,16.215
2018-01-04,13:51,not set,not set,not set,not set,354,not set,,,not set,not set,269,not set,BathroomLightCommanded,16.9,93.3,not set,not set,not set,not set,not set,not set,0,not set,5.05,4.47,164,4.45,30,12,31,12,high,normal,on,on,16.2,16.255,15.93,16.2
2018-01-04,13:52,not set,not set,not set,not set,359,not set,,,not set,not set,274,not set,BathroomLightCommanded,17.0,97.2,not set,not set,not set,not set,not set,not set,0,not set,5.05,4.47,164,4.45,30,12,31,12,high,normal,on,on,16.115,16.205,16.06,16.21
2018-01-04,13:52,not set,not set,not set,not set,357,not set,,,not set,not set,272,not set,BathroomLightCommanded,17.0,94.9,not set,not set,not set,not set,not set,not set,0,not set,5.05,4.47,164,4.45,30,12,31,12,high,normal,on,on,16.105,16.08,16.14,16.16
2018-01-04,13:53,not set,not set,not set,not set,368,not set,,,not set,not set,272,not set,BathroomLightCommanded,16.9,93.3,not set,not set,not set,not set,not set,not set,0,not set,5.05,4.47,164,4.45,30,13,32,13,high,normal,on,on,16.105,16.02,16.19,16.15
2018-01-04,13:53,not set,not set,not set,not set,369,not set,,,not set,not set,265,not set,BathroomLightCommanded,16.9,92.8,not set,not set,not set,not set,not set,not set,0,not set,5.05,4.47,164,4.45,30,12,32,12,high,normal,on,on,16.205,16.09,16.135,16.105
2018-01-04,13:53,not set,not set,not set,not set,364,not set,,,not set,not set,272,not set,BathroomLightCommanded,17.0,96.0,not set,not set,not set,not set,not set,not set,0,not set,5.05,4.47,164,4.45,30,12,32,13,high,normal,on,on,16.265,16.375,16.165,16.04
2018-01-04,13:54,not set,not set,not set,not set,379,not set,,,not set,not set,267,not set,BathroomLightCommanded,17.0,94.6,not set,not set,not set,not set,not set,not set,0,not set,5.05,4.47,164,4.45,31,12,32,13,high,normal,on,on,16.1,16.245,16.295,16.14
2018-01-04,13:54,not set,not set,not set,not set,383,not set,,,not set,not set,270,not set,BathroomLightCommanded,16.9,91.8,not set,not set,not set,not set,not set,not set,0,not set,5.05,4.47,164,4.45,31,12,32,12,high,normal,on,on,16.15,16.145,16.1,16.265
2018-01-04,13:54,not set,not set,not set,not set,369,not set,,,not set,not set,269,not set,BathroomLightCommanded,17.0,94.4,not set,not set,not set,not set,not set,not set,0,not set,5.05,4.47,164,4.45,31,12,32,12,high,normal,on,on,16.155,16.065,16.045,16.125
2018-01-04,13:55,not set,not set,not set,not set,363,not set,,,not set,not set,269,not set,BathroomLightCommanded,17.0,94.1,not set,not set,not set,not set,not set,not set,0,not set,5.05,4.47,164,4.45,31,12,33,12,high,normal,on,on,15.895,16.06,16.065,16.21
2018-01-04,13:55,not set,not set,not set,not set,363,not set,,,not set,not set,270,not set,BathroomLightCommanded,16.9,90.1,not set,not set,not set,not set,not set,not set,0,not set,5.05,4.47,164,4.45,31,12,33,12,high,normal,on,on,16.115,16.25,16.145,16.4
2018-01-04,13:56,not set,not set,not set,not set,366,not set,,,not set,not set,270,not set,BathroomLightCommanded,16.9,95.0,not set,not set,not set,not set,not set,not set,0,not set,5.05,4.47,164,4.45,31,12,33,14,high,normal,on,on,15.89,16.14,16.135,16.24
2018-01-04,13:56,not set,not set,not set,not set,359,not set,,,not set,not set,270,not set,BathroomLightCommanded,16.9,93.7,not set,not set,not set,not set,not set,not set,0,not set,5.05,4.47,164,4.45,31,12,33,12,high,normal,on,on,15.975,16.06,15.93,16.125
2018-01-04,13:56,not set,not set,not set,not set,361,not set,,,not set,not set,275,not set,BathroomLightCommanded,16.9,91.3,not set,not set,not set,not set,not set,not set,0,not set,5.05,4.47,164,4.45,31,12,33,12,high,normal,on,on,16.18,16.235,16.22,16.08
2018-01-04,13:57,not set,not set,not set,not set,367,not set,,,not set,not set,270,not set,BathroomLightCommanded,16.9,91.1,not set,not set,not set,not set,not set,not set,0,not set,5.05,4.47,164,4.45,31,12,33,12,high,normal,on,on,16.16,16.17,16.175,16.225
2018-01-04,13:57,not set,not set,not set,not set,372,not set,,,not set,not set,271,not set,BathroomLightCommanded,17.0,96.5,not set,not set,not set,not set,not set,not set,0,not set,5.05,4.47,164,4.45,31,12,34,12,high,normal,on,on,15.9,16.1,16.14,16.37
2018-01-04,13:57,not set,not set,not set,not set,374,not set,,,not set,not set,276,not set,BathroomLightCommanded,16.9,94.5,not set,not set,not set,not set,not set,not set,0,not set,5.05,4.47,164,4.45,32,12,34,12,high,normal,on,on,16.125,16.165,16.185,16.28
2018-01-04,13:58,not set,not set,not set,not set,372,not set,,,not set,not set,275,not set,BathroomLightCommanded,16.9,90.5,not set,not set,not set,not set,not set,not set,0,not set,5.05,4.47,164,4.45,32,12,34,12,high,normal,on,on,16.08,16.385,16.075,16.01
2018-01-04,13:58,not set,not set,not set,not set,371,not set,,,not set,not set,272,not set,BathroomLightCommanded,16.9,90.1,not set,not set,not set,not set,not set,not set,0,not set,5.05,4.47,164,4.45,32,12,34,12,high,normal,on,on,16.035,16.28,16.145,16.285
2018-01-04,13:59,not set,not set,not set,not set,367,not set,,,not set,not set,266,not set,BathroomLightCommanded,16.9,92.8,not set,not set,not set,not set,not set,not set,0,not set,5.05,4.47,164,4.45,32,12,34,13,high,normal,on,on,16.185,16.135,15.865,16.24
2018-01-04,13:59,not set,not set,not set,not set,369,not set,,,not set,not set,267,not set,BathroomLightCommanded,16.8,90.7,not set,not set,not set,not set,not set,not set,0,not set,5.05,4.47,164,4.45,32,12,34,13,high,normal,on,on,16.115,16.16,15.9,16.175
2018-01-04,13:59,not set,not set,not set,not set,364,not set,,,not set,not set,264,not set,BathroomLightCommanded,16.8,89.0,not set,not set,not set,not set,not set,not set,0,not set,5.05,4.47,164,4.45,32,12,34,13,high,normal,on,on,16.09,16.3,16.015,16.07
2018-01-04,14:00,not set,not set,not set,not set,362,not set,,,not set,not set,264,not set,BathroomLightCommanded,16.9,92.3,not set,not set,not set,not set,not set,not set,0,not set,5.05,4.47,164,4.45,33,12,34,13,high,normal,on,on,16.045,16.16,15.925,16.115
2018-01-04,14:00,not set,not set,not set,not set,366,not set,,,not set,not set,268,not set,BathroomLightCommanded,16.9,92.6,not set,not set,not set,not set,not set,not set,0,not set,5.05,4.47,164,4.45,32,12,35,13,high,normal,on,on,16.1,15.975,16.07,16.1
2018-01-04,14:00,not set,not set,not set,not set,367,not set,,,not set,not set,272,not set,BathroomLightCommanded,16.8,91.0,not set,not set,not set,not set,not set,not set,0,not set,5.05,4.47,164,4.45,32,12,35,12,high,normal,on,on,16.12,16.125,15.96,16.06
2018-01-04,14:01,not set,not set,not set,not set,366,not set,,,not set,not set,271,not set,BathroomLightCommanded,16.8,90.2,not set,not set,not set,not set,not set,not set,0,not set,5.05,4.47,164,4.45,33,12,35,12,high,normal,on,on,16.21,16.075,16.03,16.125
2018-01-04,14:01,not set,not set,not set,not set,365,not set,,,not set,not set,272,not set,BathroomLightCommanded,16.8,91.5,not set,not set,not set,not set,not set,not set,0,not set,5.05,4.47,164,4.45,34,12,35,13,high,normal,on,on,16.065,15.99,16.255,16.105
2018-01-04,14:02,not set,not set,not set,not set,361,not set,,,not set,not set,268,not set,BathroomLightCommanded,16.8,91.6,not set,not set,not set,not set,not set,not set,0,not set,5.05,4.47,164,4.45,33,12,35,12,high,normal,on,on,16.21,16.135,16.08,16.145
2018-01-04,14:02,not set,not set,not set,not set,358,not set,,,not set,not set,273,not set,BathroomLightCommanded,16.8,91.2,not set,not set,not set,not set,not set,not set,0,not set,5.05,4.47,164,4.45,33,12,36,13,high,normal,on,on,15.885,16.125,16.085,16.035
2018-01-04,14:02,not set,not set,not set,not set,354,not set,,,not set,not set,267,not set,BathroomLightCommanded,16.8,91.2,not set,not set,not set,not set,not set,not set,0,not set,5.05,4.47,164,4.45,33,12,36,13,high,normal,on,on,16.12,16.14,16.2,16.295
2018-01-04,14:03,not set,not set,not set,not set,353,not set,,,not set,not set,270,not set,BathroomLightCommanded,16.8,91.9,not set,not set,not set,not set,not set,not set,0,not set,5.05,4.47,164,4.45,33,12,36,13,high,normal,on,on,16.135,15.99,16.18,16.025
2018-01-04,14:03,not set,not set,not set,not set,354,not set,,,not set,not set,268,not set,BathroomLightCommanded,16.8,92.1,not set,not set,not set,not set,not set,not set,0,not set,5.05,4.47,164,4.45,34,12,36,13,high,normal,on,on,16.17,16.22,15.805,16.04
2018-01-04,14:03,not set,not set,not set,not set,363,not set,,,not set,not set,271,not set,BathroomLightCommanded,16.8,92.5,not set,not set,not set,not set,not set,not set,0,not set,5.05,4.47,164,4.45,34,12,36,13,high,normal,on,on,16.245,16.045,16.035,16.23
2018-01-04,14:04,not set,not set,not set,not set,368,not set,,,not set,not set,271,not set,BathroomLightCommanded,16.8,90.5,not set,not set,not set,not set,not set,not set,0,not set,5.05,4.47,164,4.45,34,12,36,13,high,normal,on,on,16.05,16.085,16.265,16.14
2018-01-04,14:04,not set,not set,not set,not set,360,not set,,,not set,not set,265,not set,BathroomLightCommanded,16.8,88.4,not set,not set,not set,not set,not set,not set,0,not set,5.05,4.47,164,4.45,34,12,36,12,high,normal,on,on,16.035,16.195,16.095,16.13
2018-01-04,14:05,not set,not set,not set,not set,360,not set,,,not set,not set,270,not set,BathroomLightCommanded,16.8,90.2,not set,not set,not set,not set,not set,not set,0,not set,5.05,4.47,164,4.45,34,12,36,12,high,normal,on,on,16.29,16.29,16.06,16.12
2018-01-04,14:05,not set,not set,not set,not set,363,not set,,,not set,not set,274,not set,BathroomLightCommanded,16.8,91.9,not set,not set,not set,not set,not set,not set,0,not set,5.05,4.47,164,4.45,34,12,37,12,high,normal,on,on,16.19,16.185,16.125,16.215
2018-01-04,14:05,not set,not set,not set,not set,364,not set,,,not set,not set,270,not set,BathroomLightCommanded,16.8,92.1,not set,not set,not set,not set,not set,not set,0,not set,5.05,4.47,164,4.45,34,12,37,12,high,normal,on,on,15.96,16.07,16.09,16.14
2018-01-04,14:06,not set,not set,not set,not set,368,not set,,,not set,not set,266,not set,BathroomLightCommanded,16.8,88.6,not set,not set,not set,not set,not set,not set,0,not set,5.05,4.47,164,4.45,35,12,37,13,high,normal,on,on,16.08,16.07,16.09,16.305
2018-01-04,14:06,not set,not set,not set,not set,367,not set,,,not set,not set,272,not set,BathroomLightCommanded,16.8,91.4,not set,not set,not set,not set,not set,not set,0,not set,5.05,4.47,164,4.45,35,12,37,12,high,normal,on,on,16.07,16.115,16.155,16.145
2018-01-04,14:06,not set,not set,not set,not set,373,not set,,,not set,not set,265,not set,BathroomLightCommanded,16.8,91.1,not set,not set,not set,not set,not set,not set,0,not set,5.05,4.47,164,4.45,35,12,37,12,high,normal,on,on,16.13,16.225,16.125,16.135
2018-01-04,14:07,not set,not set,not set,not set,380,not set,,,not set,not set,267,not set,BathroomLightCommanded,16.8,94.1,not set,not set,not set,not set,not set,not set,0,not set,5.05,4.47,164,4.45,35,12,37,12,high,normal,on,on,16.305,16.17,16.1,16.265
2018-01-04,14:07,not set,not set,not set,not set,384,not set,,,not set,not set,271,not set,BathroomLightCommanded,16.8,90.1,not set,not set,not set,not set,not set,not set,0,not set,5.05,4.47,164,4.45,35,12,38,13,high,normal,on,on,16.255,16.13,16.28,16.205
2018-01-04,14:07,not set,not set,not set,not set,372,not set,,,not set,not set,273,not set,BathroomLightCommanded,16.8,93.0,not set,not set,not set,not set,not set,not set,0,not set,5.05,4.47,164,4.45,35,12,38,12,high,normal,on,on,16.17,16.275,16.155,16.19
2018-01-04,14:08,not set,not set,not set,not set,366,not set,,,not set,not set,275,not set,BathroomLightCommanded,16.8,90.9,not set,not set,not set,not set,not set,not set,0,not set,5.05,4.47,164,4.45,35,12,38,13,high,normal,on,on,16.285,16.21,16.195,16.2
2018-01-04,14:08,not set,not set,not set,not set,364,not set,,,not set,not set,268,not set,BathroomLightCommanded,16.8,90.5,not set,not set,not set,not set,not set,not set,0,not set,5.05,4.47,164,4.45,35,12,38,13,high,normal,on,on,16.185,16.155,16.145,16.035
2018-01-04,14:09,not set,not set,not set,not set,364,not set,,,not set,not set,268,not set,BathroomLightCommanded,16.8,90.8,not set,not set,not set,not set,not set,not set,0,not set,5.05,4.47,164,4.45,35,12,38,12,high,normal,on,on,16.08,16.115,16.06,16.1
2018-01-04,14:09,not set,not set,not set,not set,363,not set,,,not set,not set,272,not set,BathroomLightCommanded,16.8,91.7,not set,not set,not set,not set,not set,not set,0,not set,5.05,4.47,164,4.45,35,12,38,12,high,normal,on,on,15.99,16.18,16.08,16.375
2018-01-04,14:09,not set,not set,not set,not set,366,not set,,,not set,not set,274,not set,BathroomLightCommanded,16.8,90.2,not set,not set,not set,not set,not set,not set,0,not set,5.05,4.47,164,4.45,36,12,38,12,high,normal,on,on,15.86,16.15,16.215,16.185
2018-01-04,14:10,not set,not set,not set,not set,372,not set,,,not set,not set,268,not set,BathroomLightCommanded,16.7,89.6,not set,not set,not set,not set,not set,not set,0,not set,5.05,4.47,164,4.45,36,12,39,13,high,normal,on,on,16.27,16.475,16.11,16.295
2018-01-04,14:10,not set,not set,not set,not set,370,not set,,,not set,not set,267,not set,BathroomLightCommanded,16.8,93.1,not set,not set,not set,not set,not set,not set,0,not set,5.05,4.47,164,4.45,36,12,39,13,high,normal,on,on,16.01,16.1,16.075,16.18
2018-01-04,14:10,not set,not set,not set,not set,369,not set,,,not set,not set,266,not set,BathroomLightCommanded,16.8,92.5,not set,not set,not set,not set,not set,not set,0,not set,5.05,4.47,164,4.45,36,12,39,13,high,normal,on,on,16.075,16.1,16.365,16.14
2018-01-04,14:11,not set,not set,not set,not set,365,not set,,,not set,not set,273,not set,BathroomLightCommanded,16.8,93.3,not set,not set,not set,not set,not set,not set,0,not set,5.05,4.47,164,4.45,36,12,39,13,high,normal,on,on,16.405,16.495,16.435,16.205
2018-01-04,14:11,not set,not set,not set,not set,368,not set,,,not set,not set,276,not set,BathroomLightCommanded,16.8,92.8,not set,not set,not set,not set,not set,not set,0,not set,5.05,4.47,164,4.45,36,12,40,12,high,normal,on,on,16.41,16.275,16.175,16.215
2018-01-04,14:12,not set,not set,not set,not set,369,not set,,,not set,not set,275,not set,BathroomLightCommanded,16.8,92.0,not set,not set,not set,not set,not set,not set,0,not set,5.05,4.47,164,4.45,36,12,39,13,high,normal,on,on,16.455,16.495,16.46,16.41
2018-01-04,14:12,not set,not set,not set,not set,372,not set,,,not set,not set,275,not set,BathroomLightCommanded,16.7,91.5,not set,not set,not set,not set,not set,not set,0,not set,5.05,4.47,164,4.45,36,12,40,13,high,normal,on,on,16.325,16.155,16.005,16.325
2018-01-04,14:12,not set,not set,not set,not set,370,not set,,,not set,not set,275,not set,BathroomLightCommanded,16.7,92.1,not set,not set,not set,not set,not set,not set,0,not set,5.05,4.47,164,4.45,37,12,40,12,high,normal,on,on,16.22,16.11,16.085,16.365
2018-01-04,14:13,not set,not set,not set,not set,365,not set,,,not set,not set,273,not set,BathroomLightCommanded,16.7,91.5,not set,not set,not set,not set,not set,not set,0,not set,5.05,4.47,164,4.45,37,12,40,13,high,normal,on,on,16.185,16.125,16.295,16.33
2018-01-04,14:13,not set,not set,not set,not set,359,not set,,,not set,not set,272,not set,BathroomLightCommanded,16.7,92.0,not set,not set,not set,not set,not set,not set,0,not set,5.05,4.47,164,4.45,37,12,40,12,high,normal,on,on,16.375,16.425,15.89,15.9
2018-01-04,14:13,not set,not set,not set,not set,360,not set,,,not set,not set,270,not set,BathroomLightCommanded,16.8,92.8,not set,not set,not set,not set,not set,not set,0,not set,5.05,4.47,164,4.45,37,12,40,12,high,normal,on,on,16.985,17.035,16.835,17.0
2018-01-04,14:14,not set,not set,not set,not set,361,not set,,,not set,not set,273,not set,BathroomLightCommanded,16.7,90.0,not set,not set,not set,not set,not set,not set,0,not set,5.05,4.47,164,4.45,37,12,40,13,high,normal,on,on,17.135,17.045,16.995,16.72
2018-01-04,14:14,not set,not set,not set,not set,360,not set,,,not set,not set,272,not set,BathroomLightCommanded,16.7,89.8,not set,not set,not set,not set,not set,not set,0,not set,5.05,4.47,164,4.45,38,12,41,13,high,normal,on,on,16.935,17.17,16.91,16.795
2018-01-04,14:15,not set,not set,not set,not set,363,not set,,,not set,not set,271,not set,BathroomLightCommanded,16.7,90.6,not set,not set,not set,not set,not set,not set,0,not set,5.05,4.47,164,4.45,37,12,41,13,high,normal,on,on,16.895,16.885,16.83,16.975
2018-01-04,14:15,not set,not set,not set,not set,365,not set,,,not set,not set,274,not set,BathroomLightCommanded,16.7,91.4,not set,not set,not set,not set,not set,not set,0,not set,5.05,4.47,164,4.45,38,12,41,13,high,normal,on,on,16.965,16.9,16.91,16.71
2018-01-04,14:15,not set,not set,not set,not set,368,not set,,,not set,not set,273,not set,BathroomLightCommanded,16.7,89.9,not set,not set,not set,not set,not set,not set,0,not set,5.05,4.47,164,4.45,38,13,41,13,high,normal,on,on,16.825,16.72,17.0,17.195
2018-01-04,14:16,not set,not set,not set,not set,371,not set,,,not set,not set,276,not set,BathroomLightCommanded,16.7,91.5,not set,not set,not set,not set,not set,not set,0,not set,5.05,4.47,164,4.45,38,12,41,13,high,normal,on,on,16.92,17.21,16.9,17.07
2018-01-04,14:16,not set,not set,not set,not set,372,not set,,,not set,not set,271,not set,BathroomLightCommanded,16.7,84.6,not set,not set,not set,not set,not set,not set,0,not set,5.05,4.47,164,4.45,38,12,41,12,high,normal,on,on,16.95,16.985,17.135,17.0
2018-01-04,14:16,not set,not set,not set,not set,365,not set,,,not set,not set,276,not set,BathroomLightCommanded,16.7,85.5,not set,not set,not set,not set,not set,not set,0,not set,5.05,4.47,164,4.45,38,12,41,12,high,normal,on,on,16.895,17.19,16.915,16.92
2018-01-04,14:17,not set,not set,not set,not set,370,not set,,,not set,not set,269,not set,BathroomLightCommanded,16.7,92.7,not set,not set,not set,not set,not set,not set,0,not set,5.05,4.47,164,4.45,38,12,42,12,high,normal,on,on,17.085,16.87,16.745,16.985
2018-01-04,14:17,not set,not set,not set,not set,369,not set,,,not set,not set,273,not set,BathroomLightCommanded,16.7,85.9,not set,not set,not set,not set,not set,not set,0,not set,5.05,4.47,164,4.45,38,12,42,13,high,normal,on,on,16.88,16.915,17.01,16.995
2018-01-04,14:18,not set,not set,not set,not set,368,not set,,,not set,not set,276,not set,BathroomLightCommanded,16.7,86.4,not set,not set,not set,not set,not set,not set,0,not set,5.05,4.47,164,4.45,39,12,43,13,high,normal,on,on,16.645,17.06,17.005,16.795
2018-01-04,14:18,not set,not set,not set,not set,372,not set,,,not set,not set,271,not set,BathroomLightCommanded,16.7,85.8,not set,not set,not set,not set,not set,not set,0,not set,5.05,4.47,164,4.45,39,12,42,13,high,normal,on,on,17.145,17.06,16.93,17.06
2018-01-04,14:18,not set,not set,not set,not set,367,not set,,,not set,not set,273,not set,BathroomLightCommanded,16.7,89.3,not set,not set,not set,not set,not set,not set,0,not set,5.05,4.47,164,4.45,39,12,42,13,high,normal,on,on,16.165,16.175,16.195,16.29
2018-01-04,14:19,not set,not set,not set,not set,375,not set,,,not set,not set,278,not set,BathroomLightCommanded,16.7,84.2,not set,not set,not set,not set,not set,not set,0,not set,5.05,4.47,164,4.45,40,12,43,13,high,normal,on,on,16.145,16.14,16.18,16.24
2018-01-04,14:19,not set,not set,not set,not set,369,not set,,,not set,not set,279,not set,BathroomLightCommanded,16.7,86.5,not set,not set,not set,not set,not set,not set,0,not set,5.05,4.47,164,4.45,39,12,43,13,high,normal,on,on,16.28,16.2,16.18,16.52
2018-01-04,14:19,not set,not set,not set,not set,370,not set,,,not set,not set,271,not set,BathroomLightCommanded,16.7,90.8,not set,not set,not set,not set,not set,not set,0,not set,5.05,4.47,164,4.45,39,12,43,12,high,normal,on,on,16.235,16.13,16.335,16.33
2018-01-04,14:20,not set,not set,not set,not set,372,not set,,,not set,not set,278,not set,BathroomLightCommanded,16.7,88.7,not set,not set,not set,not set,not set,not set,0,not set,5.05,4.47,164,4.45,39,12,43,13,high,normal,on,on,16.2,16.31,16.115,16.18
2018-01-04,14:20,not set,not set,not set,not set,371,not set,,,not set,not set,278,not set,BathroomLightCommanded,16.7,86.0,not set,not set,not set,not set,not set,not set,0,not set,5.05,4.47,164,4.45,40,12,43,13,high,normal,on,on,16.16,16.26,16.095,16.285
2018-01-04,14:21,not set,not set,not set,not set,372,not set,,,not set,not set,280,not set,BathroomLightCommanded,16.7,88.4,not set,not set,not set,not set,not set,not set,0,not set,5.05,4.47,164,4.45,40,12,43,13,high,normal,on,on,16.03,16.22,16.46,16.235
2018-01-04,14:21,not set,not set,not set,not set,368,not set,,,not set,not set,276,not set,BathroomLightCommanded,16.7,89.6,not set,not set,not set,not set,not set,not set,0,not set,5.05,4.47,164,4.45,40,12,44,13,high,normal,on,on,16.22,16.235,16.195,15.92
2018-01-04,14:21,not set,not set,not set,not set,371,not set,,,not set,not set,271,not set,BathroomLightCommanded,16.7,88.1,not set,not set,not set,not set,not set,not set,0,not set,5.05,4.47,164,4.45,40,12,44,13,high,normal,on,on,16.26,16.24,16.05,16.36
2018-01-04,14:22,not set,not set,not set,not set,377,not set,,,not set,not set,274,not set,BathroomLightCommanded,16.7,91.7,not set,not set,not set,not set,not set,not set,0,not set,5.05,4.47,164,4.45,40,12,44,13,high,normal,on,on,16.21,16.285,16.06,16.305
2018-01-04,14:22,not set,not set,not set,not set,369,not set,,,not set,not set,273,not set,BathroomLightCommanded,16.7,90.3,not set,not set,not set,not set,not set,not set,0,not set,5.05,4.47,164,4.45,40,12,44,13,high,normal,on,on,16.03,16.265,1.965,1.92
2018-01-04,14:22,not set,not set,not set,not set,366,not set,,,not set,not set,280,not set,BathroomLightCommanded,16.6,91.2,not set,not set,not set,not set,not set,not set,0,not set,5.05,4.47,164,4.45,41,12,44,13,high,normal,on,on,1.965,2.035,1.96,1.89
2018-01-04,14:23,not set,not set,not set,not set,367,not set,,,not set,not set,283,not set,BathroomLightCommanded,16.6,90.5,not set,not set,not set,not set,not set,not set,0,not set,5.05,4.47,164,4.45,41,12,44,13,high,normal,on,on,1.955,2.13,1.885,2.045
2018-01-04,14:23,not set,not set,not set,not set,367,not set,,,not set,not set,275,not set,BathroomLightCommanded,16.6,90.8,not set,not set,not set,not set,not set,not set,0,not set,5.05,4.47,164,4.45,41,12,44,13,high,normal,on,on,2.7,2.615,2.635,2.61
2018-01-04,14:24,not set,not set,not set,not set,369,not set,,,not set,not set,274,not set,BathroomLightCommanded,16.6,89.1,not set,not set,not set,not set,not set,not set,0,not set,5.05,4.47,164,4.45,46,13,44,13,high,normal,on,on,2.61,2.665,2.65,2.68
2018-01-04,14:24,not set,not set,not set,not set,366,not set,,,not set,not set,278,not set,BathroomLightCommanded,16.6,88.3,not set,not set,not set,not set,not set,not set,0,not set,5.05,4.47,164,4.45,49,14,45,13,high,normal,on,on,2.75,2.675,2.63,2.625
2018-01-04,14:24,not set,not set,not set,not set,368,not set,,,not set,not set,281,not set,BathroomLightCommanded,16.6,90.4,not set,not set,not set,not set,not set,not set,0,not set,5.05,4.47,164,4.45,51,15,45,13,high,normal,on,on,2.635,2.72,2.765,17.575
2018-01-04,14:25,not set,not set,not set,not set,361,not set,,,not set,not set,278,not set,BathroomLightCommanded,16.6,88.9,not set,not set,not set,not set,not set,not set,0,not set,5.05,4.47,164,4.45,51,15,45,13,high,normal,on,on,17.24,17.46,17.3,17.24
2018-01-04,14:25,not set,not set,not set,not set,456,not set,,,not set,not set,460,not set,BathroomLightCommanded,16.6,90.5,not set,not set,not set,not set,not set,not set,0,not set,5.05,4.47,164,4.45,51,15,45,13,high,normal,on,on,17.41,17.44,17.265,17.3
2018-01-04,14:25,not set,not set,not set,not set,474,not set,,,not set,not set,455,not set,BathroomLightCommanded,16.6,84.7,not set,not set,not set,not set,not set,not set,0,not set,5.05,4.47,164,4.45,52,16,45,13,high,normal,on,on,17.35,17.04,17.475,17.26
2018-01-04,14:26,not set,not set,not set,not set,475,not set,,,not set,not set,455,not set,BathroomLightCommanded,16.6,83.3,not set,not set,not set,not set,not set,not set,0,not set,5.05,4.47,164,4.45,52,16,45,12,high,normal,on,on,2.7,2.705,2.655,2.715
2018-01-04,14:26,not set,not set,not set,not set,475,not set,,,not set,not set,460,not set,BathroomLightCommanded,16.6,79.5,not set,not set,not set,not set,not set,not set,0,not set,5.05,4.47,164,4.45,53,15,45,13,high,normal,on,on,2.79,2.77,2.71,2.675
2018-01-04,14:27,not set,not set,not set,not set,474,not set,,,not set,not set,459,not set,BathroomLightCommanded,16.6,81.8,not set,not set,not set,not set,not set,not set,0,not set,5.05,4.47,164,4.45,52,15,44,13,high,normal,on,on,2.62,2.75,2.685,2.76
2018-01-04,14:27,not set,not set,not set,not set,474,not set,,,not set,not set,457,not set,BathroomLightCommanded,16.6,84.7,not set,not set,not set,not set,not set,not set,0,not set,5.05,4.47,164,4.45,52,15,44,12,high,normal,on,on,2.64,2.755,2.62,2.655
2018-01-04,14:27,not set,not set,not set,not set,471,not set,,,not set,not set,457,not set,BathroomLightCommanded,16.6,82.2,not set,not set,not set,not set,not set,not set,0,not set,5.05,4.47,164,4.45,52,15,44,13,high,normal,on,on,2.685,2.65,2.745,2.62
2018-01-04,14:28,not set,not set,not set,not set,362,not set,,,not set,not set,278,not set,BathroomLightCommanded,16.6,83.5,not set,not set,not set,not set,not set,not set,0,not set,5.05,4.47,164,4.45,51,16,45,13,high,normal,on,on,2.62,2.68,2.625,2.61
2018-01-04,14:28,not set,not set,not set,not set,360,not set,,,not set,not set,274,not set,BathroomLightCommanded,16.6,81.9,not set,not set,not set,not set,not set,not set,0,not set,5.05,4.47,164,4.45,51,16,44,13,high,normal,on,on,2.705,2.65,2.625,2.63
2018-01-04,14:28,not set,not set,not set,not set,364,not set,,,not set,not set,278,not set,BathroomLightCommanded,16.6,83.9,not set,not set,not set,not set,not set,not set,0,not set,5.05,4.47,164,4.45,51,15,44,13,high,normal,on,on,2.59,2.725,2.65,2.675
2018-01-04,14:29,not set,not set,not set,not set,362,not set,,,not set,not set,276,not set,BathroomLightCommanded,16.6,81.5,not set,not set,not set,not set,not set,not set,0,not set,5.05,4.47,164,4.45,51,15,44,13,high,normal,on,on,2.62,2.86,2.615,2.63
2018-01-04,14:29,not set,not set,not set,not set,359,not set,,,not set,not set,279,not set,BathroomLightCommanded,16.6,81.0,not set,not set,not set,not set,not set,not set,0,not set,5.05,4.47,164,4.45,50,15,44,13,high,normal,on,on,2.695,2.645,2.775,2.625
2018-01-04,14:30,not set,not set,not set,not set,362,not set,,,not set,not set,274,not set,BathroomLightCommanded,16.6,83.1,not set,not set,not set,not set,not set,not set,0,not set,5.05,4.47,164,4.45,50,15,45,13,high,normal,on,on,3.105,3.31,3.05,3.275
2018-01-04,14:30,not set,not set,not set,not set,364,not set,,,not set,not set,278,not set,BathroomLightCommanded,16.6,83.1,not set,not set,not set,not set,not set,not set,0,not set,5.05,4.47,164,4.45,51,15,44,13,high,normal,on,on,2.38,2.305,2.365,2.275
2018-01-04,14:30,not set,not set,not set,not set,367,not set,,,not set,not set,273,not set,BathroomLightCommanded,16.6,82.2,not set,not set,not set,not set,not set,not set,0,not set,5.05,4.47,164,4.45,50,15,44,13,high,normal,on,on,3.09,3.33,3.15,3.08
2018-01-04,14:31,not set,not set,not set,not set,368,not set,,,not set,not set,275,not set,BathroomLightCommanded,16.6,81.5,not set,not set,not set,not set,not set,not set,0,not set,5.05,4.47,164,4.45,51,15,44,12,high,normal,on,on,3.095,3.105,3.12,3.12
2018-01-04,14:31,not set,not set,not set,not set,365,not set,,,not set,not set,280,not set,BathroomLightCommanded,16.6,83.6,not set,not set,not set,not set,not set,not set,0,not set,5.05,4.47,164,4.45,51,15,44,13,high,normal,on,on,3.215,3.185,3.085,3.17
2018-01-04,14:31,not set,not set,not set,not set,369,not set,,,not set,not set,278,not set,BathroomLightCommanded,16.6,83.7,not set,not set,not set,not set,not set,not set,0,not set,5.05,4.47,164,4.45,52,15,44,13,high,normal,on,on,3.055,3.09,3.055,3.185
2018-01-04,14:32,not set,not set,not set,not set,364,not set,,,not set,not set,277,not set,BathroomLightCommanded,16.6,85.7,not set,not set,not set,not set,not set,not set,0,not set,5.05,4.47,164,4.45,51,15,43,13,high,normal,on,on,3.11,3.045,3.08,3.05
2018-01-04,14:32,not set,not set,not set,not set,360,not set,,,not set,not set,278,not set,BathroomLightCommanded,16.6,85.4,not set,not set,not set,not set,not set,not set,0,not set,5.05,4.47,164,4.45,51,15,44,13,high,normal,on,on,3.07,3.0,3.04,3.105
2018-01-04,14:33,not set,not set,not set,not set,360,not set,,,not set,not set,279,not set,BathroomLightCommanded,16.6,86.2,not set,not set,not set,not set,not set,not set,0,not set,5.05,4.47,164,4.45,50,15,44,13,high,normal,on,on,3.15,3.075,3.02,3.015
2018-01-04,14:33,not set,not set,not set,not set,366,not set,,,not set,not set,270,not set,BathroomLightCommanded,16.6,84.6,not set,not set,not set,not set,not set,not set,0,not set,5.05,4.47,164,4.45,50,15,43,13,high,normal,on,on,3.065,3.065,3.075,3.08
2018-01-04,14:33,not set,not set,not set,not set,367,not set,,,not set,not set,276,not set,BathroomLightCommanded,16.6,83.5,not set,not set,not set,not set,not set,not set,0,not set,5.05,4.47,164,4.45,50,15,43,13,high,normal,on,on,3.0,3.06,3.0,3.02
2018-01-04,14:34,not set,not set,not set,not set,363,not set,,,not set,not set,276,not set,BathroomLightCommanded,16.6,82.3,not set,not set,not set,not set,not set,not set,0,not set,5.05,4.47,164,4.45,50,15,44,13,high,normal,on,on,3.125,3.0,3.05,3.25
2018-01-04,14:34,not set,not set,not set,not set,360,not set,,,not set,not set,274,not set,BathroomLightCommanded,16.6,82.8,not set,not set,not set,not set,not set,not set,0,not set,5.05,4.47,164,4.45,49,15,43,13,high,normal,on,on,2.255,2.335,2.245,2.325
2018-01-04,14:35,not set,not set,not set,not set,362,not set,,,not set,not set,279,not set,BathroomLightCommanded,16.6,84.8,not set,not set,not set,not set,not set,not set,0,not set,5.05,4.47,164,4.45,49,15,43,13,high,normal,on,on,2.32,2.275,2.265,2.25
2018-01-04,14:35,not set,not set,not set,not set,358,not set,,,not set,not set,273,not set,BathroomLightCommanded,16.6,83.3,not set,not set,not set,not set,not set,not set,0,not set,5.05,4.47,164,4.45,49,15,43,13,high,normal,on,on,2.26,2.35,2.295,2.38
2018-01-04,14:35,not set,not set,not set,not set,355,not set,,,not set,not set,275,not set,BathroomLightCommanded,16.6,83.2,not set,not set,not set,not set,not set,not set,0,not set,5.05,4.47,164,4.45,49,15,43,13,high,normal,on,on,2.255,2.415,2.235,2.26
2018-01-04,14:36,not set,not set,not set,not set,357,not set,,,not set,not set,268,not set,BathroomLightCommanded,16.6,82.9,not set,not set,not set,not set,not set,not set,0,not set,5.05,4.47,164,4.45,49,16,43,13,high,normal,on,on,2.315,2.245,2.29,2.265
2018-01-04,14:36,not set,not set,not set,not set,364,not set,,,not set,not set,277,not set,BathroomLightCommanded,16.6,84.1,not set,not set,not set,not set,not set,not set,0,not set,5.05,4.47,164,4.45,48,15,43,13,high,normal,on,on,2.315,2.275,2.25,2.28
2018-01-04,14:36,not set,not set,not set,not set,364,not set,,,not set,not set,269,not set,BathroomLightCommanded,16.6,84.0,not set,not set,not set,not set,not set,not set,0,not set,5.05,4.47,164,4.45,48,15,43,13,high,normal,on,on,2.25,2.245,2.395,2.31
2018-01-04,14:37,not set,not set,not set,not set,356,not set,,,not set,not set,272,not set,BathroomLightCommanded,16.6,83.1,not set,not set,not set,not set,not set,not set,0,not set,5.05,4.47,164,4.45,48,15,43,13,high,normal,on,on,2.43,2.245,2.36,2.275
2018-01-04,14:37,not set,not set,not set,not set,366,not set,,,not set,not set,275,not set,BathroomLightCommanded,16.6,83.4,not set,not set,not set,not set,not set,not set,0,not set,5.05,4.47,164,4.45,48,16,42,12,high,normal,on,on,2.245,2.495,2.255,2.35
2018-01-04,14:38,not set,not set,not set,not set,362,not set,,,not set,not set,275,not set,BathroomLightCommanded,16.6,85.3,not set,not set,not set,not set,not set,not set,0,not set,5.05,4.47,164,4.45,48,15,43,13,high,normal,on,on,2.275,2.265,2.25,2.255
2018-01-04,14:38,not set,not set,not set,not set,359,not set,,,not set,not set,277,not set,BathroomLightCommanded,16.5,85.1,not set,not set,not set,not set,not set,not set,0,not set,5.05,4.47,164,4.45,49,15,43,13,high,normal,on,on,2.26,2.295,2.43,2.375
2018-01-04,14:38,not set,not set,not set,not set,363,not set,,,not set,not set,275,not set,BathroomLightCommanded,16.6,84.4,not set,not set,not set,not set,not set,not set,0,not set,5.05,4.47,164,4.45,49,16,42,13,high,normal,on,on,2.265,2.4,2.25,2.275
2018-01-04,14:39,not set,not set,not set,not set,363,not set,,,not set,not set,277,not set,BathroomLightCommanded,16.6,84.6,not set,not set,not set,not set,not set,not set,0,not set,5.05,4.47,164,4.45,48,15,42,13,high,normal,on,on,2.3,2.26,2.29,2.28
2018-01-04,14:39,not set,not set,not set,not set,357,not set,,,not set,not set,276,not set,BathroomLightCommanded,16.6,83.5,not set,not set,not set,not set,not set,not set,0,not set,5.05,4.47,164,4.45,48,15,42,13,high,normal,on,on,2.3,2.245,2.25,2.3
2018-01-04,14:39,not set,not set,not set,not set,356,not set,,,not set,not set,278,not set,BathroomLightCommanded,16.6,83.1,not set,not set,not set,not set,not set,not set,0,not set,5.05,4.47,164,4.45,48,15,43,13,high,normal,on,on,2.255,2.255,2.365,2.29
2018-01-04,14:40,not set,not set,not set,not set,359,not set,,,not set,not set,277,not set,BathroomLightCommanded,16.6,84.6,not set,not set,not set,not set,not set,not set,0,not set,5.05,4.47,164,4.45,48,15,42,13,high,normal,on,on,2.455,2.265,2.29,2.25
2018-01-04,14:40,not set,not set,not set,not set,360,not set,,,not set,not set,278,not set,BathroomLightCommanded,16.6,83.7,not set,not set,not set,not set,not set,not set,0,not set,5.05,4.47,164,4.45,47,15,42,13,high,normal,on,on,2.27,2.3,2.21,2.315
2018-01-04,14:41,not set,not set,not set,not set,360,not set,,,not set,not set,274,not set,BathroomLightCommanded,16.6,83.8,not set,not set,not set,not set,not set,not set,0,not set,5.05,4.47,164,4.45,47,15,42,13,high,normal,on,on,2.46,2.265,2.4,2.245
2018-01-04,14:41,not set,not set,not set,not set,362,not set,,,not set,not set,270,not set,BathroomLightCommanded,16.6,83.3,not set,not set,not set,not set,not set,not set,0,not set,5.05,4.47,164,4.45,47,16,42,13,high,normal,on,on,2.26,2.3,2.3,2.365
2018-01-04,14:41,not set,not set,not set,not set,357,not set,,,not set,not set,279,not set,BathroomLightCommanded,16.6,82.7,not set,not set,not set,not set,not set,not set,0,not set,5.05,4.47,164,4.45,47,15,42,13,high,normal,on,on,2.305,2.41,2.225,2.39
2018-01-04,14:42,not set,not set,not set,not set,361,not set,,,not set,not set,275,not set,BathroomLightCommanded,16.6,83.8,not set,not set,not set,not set,not set,not set,0,not set,5.05,4.47,164,4.45,47,15,42,13,high,normal,on,on,2.275,2.25,2.245,2.265
2018-01-04,14:42,not set,not set,not set,not set,358,not set,,,not set,not set,279,not set,BathroomLightCommanded,16.6,83.2,not set,not set,not set,not set,not set,not set,0,not set,5.05,4.47,164,4.45,48,15,42,13,high,normal,on,on,2.37,2.255,2.295,2.255
2018-01-04,14:43,not set,not set,not set,not set,361,not set,,,not set,not set,272,not set,BathroomLightCommanded,16.6,82.8,not set,not set,not set,not set,not set,not set,0,not set,5.05,4.47,164,4.45,47,16,42,13,high,normal,on,on,2.24,2.235,2.355,2.29
2018-01-04,14:43,not set,not set,not set,not set,359,not set,,,not set,not set,276,not set,BathroomLightCommanded,16.6,82.5,not set,not set,not set,not set,not set,not set,0,not set,5.05,4.47,164,4.45,47,15,43,13,high,normal,on,on,2.375,2.28,2.39,2.235
2018-01-04,14:43,not set,not set,not set,not set,355,not set,,,not set,not set,278,not set,BathroomLightCommanded,16.6,83.7,not set,not set,not set,not set,not set,not set,0,not set,5.05,4.47,164,4.45,46,15,43,13,high,normal,on,on,2.255,2.315,2.245,2.33
2018-01-04,14:44,not set,not set,not set,not set,357,not set,,,not set,not set,276,not set,BathroomLightCommanded,16.6,81.8,not set,not set,not set,not set,not set,not set,0,not set,5.05,4.47,164,4.45,47,16,43,13,high,normal,on,on,2.315,2.235,2.25,2.26
2018-01-04,14:44,not set,not set,not set,not set,355,not set,,,not set,not set,278,not set,BathroomLightCommanded,16.6,84.4,not set,not set,not set,not set,not set,not set,0,not set,5.05,4.47,164,4.45,47,16,42,13,high,normal,on,on,2.265,2.305,2.295,2.37
2018-01-04,14:44,not set,not set,not set,not set,356,not set,,,not set,not set,277,not set,BathroomLightCommanded,16.6,84.4,not set,not set,not set,not set,not set,not set,0,not set,5.05,4.47,164,4.45,47,15,43,13,high,normal,on,on,2.275,2.44,2.245,2.28
2018-01-04,14:45,not set,not set,not set,not set,363,not set,,,not set,not set,274,not set,BathroomLightCommanded,16.6,84.0,not set,not set,not set,not set,not set,not set,0,not set,5.05,4.47,164,4.45,47,15,43,13,high,normal,on,on,2.34,2.285,2.46,2.26
2018-01-04,14:45,not set,not set,not set,not set,362,not set,,,not set,not set,277,not set,BathroomLightCommanded,16.6,85.2,not set,not set,not set,not set,not set,not set,0,not set,5.05,4.47,164,4.45,47,16,42,13,high,normal,on,on,2.32,2.265,2.255,2.255
2018-01-04,14:46,not set,not set,not set,not set,367,not set,,,not set,not set,273,not set,BathroomLightCommanded,16.6,82.0,not set,not set,not set,not set,not set,not set,0,not set,5.05,4.47,164,4.45,46,15,42,13,high,normal,on,on,2.26,2.27,2.45,2.33
2018-01-04,14:46,not set,not set,not set,not set,359,not set,,,not set,not set,272,not set,BathroomLightCommanded,16.6,81.6,not set,not set,not set,not set,not set,not set,0,not set,5.05,4.47,164,4.45,46,15,42,13,high,normal,on,on,2.39,2.25,2.35,2.255
2018-01-04,14:46,not set,not set,not set,not set,361,not set,,,not set,not set,279,not set,BathroomLightCommanded,16.6,83.2,not set,not set,not set,not set,not set,not set,0,not set,5.05,4.47,164,4.45,46,15,42,12,high,normal,on,on,2.245,2.315,2.275,2.325
2018-01-04,14:47,not set,not set,not set,not set,367,not set,,,not set,not set,274,not set,BathroomLightCommanded,16.5,81.7,not set,not set,not set,not set,not set,not set,0,not set,5.05,4.47,164,4.45,46,15,42,13,high,normal,on,on,2.355,2.3,2.255,2.25
2018-01-04,14:47,not set,not set,not set,not set,365,not set,,,not set,not set,279,not set,BathroomLightCommanded,16.5,82.5,not set,not set,not set,not set,not set,not set,0,not set,5.05,4.47,164,4.45,46,15,41,13,high,normal,on,on,2.265,2.285,2.3,2.35
2018-01-04,14:47,not set,not set,not set,not set,363,not set,,,not set,not set,281,not set,BathroomLightCommanded,16.6,82.6,not set,not set,not set,not set,not set,not set,0,not set,5.05,4.47,164,4.45,46,16,41,13,high,normal,on,on,2.255,2.47,2.25,2.265
2018-01-04,14:48,not set,not set,not set,not set,362,not set,,,not set,not set,275,not set,BathroomLightCommanded,16.5,82.7,not set,not set,not set,not set,not set,not set,0,not set,5.05,4.47,164,4.45,46,15,41,13,high,normal,on,on,2.33,2.27,2.245,2.26
2018-01-04,14:48,not set,not set,not set,not set,361,not set,,,not set,not set,277,not set,BathroomLightCommanded,16.5,82.4,not set,not set,not set,not set,not set,not set,0,not set,5.05,4.47,164,4.45,46,16,41,13,high,normal,on,on,2.295,2.415,2.27,2.32
2018-01-04,14:49,not set,not set,not set,not set,363,not set,,,not set,not set,274,not set,BathroomLightCommanded,16.5,82.1,not set,not set,not set,not set,not set,not set,0,not set,5.05,4.47,164,4.45,46,15,41,13,high,normal,on,on,2.265,2.26,2.4,2.33
2018-01-04,14:49,not set,not set,not set,not set,364,not set,,,not set,not set,274,not set,BathroomLightCommanded,16.6,82.3,not set,not set,not set,not set,not set,not set,0,not set,5.05,4.47,164,4.45,46,15,41,13,high,normal,on,on,2.375,2.26,2.335,2.265
2018-01-04,14:49,not set,not set,not set,not set,363,not set,,,not set,not set,276,not set,BathroomLightCommanded,16.6,81.2,not set,not set,not set,not set,not set,not set,0,not set,5.05,4.47,164,4.45,47,15,41,13,high,normal,on,on,2.25,2.315,2.245,2.325
2018-01-04,14:50,not set,not set,not set,not set,356,not set,,,not set,not set,277,not set,BathroomLightCommanded,16.6,81.8,not set,not set,not set,not set,not set,not set,0,not set,5.05,4.47,164,4.45,46,15,41,13,high,normal,on,on,2.325,2.275,2.27,2.255
2018-01-04,14:50,not set,not set,not set,not set,360,not set,,,not set,not set,279,not set,BathroomLightCommanded,16.6,82.0,not set,not set,not set,not set,not set,not set,0,not set,5.05,4.47,164,4.45,46,15,41,13,high,normal,on,on,2.23,2.29,2.32,2.335
2018-01-04,14:51,not set,not set,not set,not set,365,not set,,,not set,not set,273,not set,BathroomLightCommanded,16.6,81.1,not set,not set,not set,not set,not set,not set,0,not set,5.05,4.47,164,4.45,46,15,41,13,high,normal,on,on,2.255,2.395,2.23,2.26
2018-01-04,14:51,not set,not set,not set,not set,364,not set,,,not set,not set,280,not set,BathroomLightCommanded,16.6,80.0,not set,not set,not set,not set,not set,not set,0,not set,5.05,4.47,164,4.45,46,15,41,13,high,normal,on,on,2.435,2.25,2.25,2.26
2018-01-04,14:51,not set,not set,not set,not set,357,not set,,,not set,not set,276,not set,BathroomLightCommanded,16.6,80.0,not set,not set,not set,not set,not set,not set,0,not set,5.05,4.47,164,4.45,46,15,41,13,high,normal,on,on,2.3,2.25,2.255,2.28
2018-01-04,14:52,not set,not set,not set,not set,354,not set,,,not set,not set,273,not set,BathroomLightCommanded,16.6,81.4,not set,not set,not set,not set,not set,not set,0,not set,5.05,4.47,164,4.45,46,15,41,13,high,normal,on,on,2.355,2.265,2.475,2.305
2018-01-04,14:52,not set,not set,not set,not set,358,not set,,,not set,not set,277,not set,BathroomLightCommanded,16.6,80.6,not set,not set,not set,not set,not set,not set,0,not set,5.05,4.47,164,4.45,45,15,41,13,high,normal,on,on,2.445,2.26,2.34,2.28
2018-01-04,14:52,not set,not set,not set,not set,356,not set,,,not set,not set,276,not set,BathroomLightCommanded,16.6,82.6,not set,not set,not set,not set,not set,not set,0,not set,5.05,4.47,164,4.45,46,16,41,13,high,normal,on,on,2.435,2.34,2.285,2.44
2018-01-04,14:53,not set,not set,not set,not set,355,not set,,,not set,not set,274,not set,BathroomLightCommanded,16.5,82.5,not set,not set,not set,not set,not set,not set,0,not set,5.05,4.47,164,4.45,46,15,41,13,high,normal,on,on,2.285,2.215,2.245,2.245
2018-01-04,14:53,not set,not set,not set,not set,362,not set,,,not set,not set,273,not set,BathroomLightCommanded,16.6,81.1,not set,not set,not set,not set,not set,not set,0,not set,5.05,4.47,164,4.45,46,15,41,13,high,normal,on,on,2.31,2.325,2.3,2.36
2018-01-04,14:54,not set,not set,not set,not set,359,not set,,,not set,not set,279,not set,BathroomLightCommanded,16.6,81.9,not set,not set,not set,not set,not set,not set,0,not set,5.05,4.47,164,4.45,46,15,41,13,high,normal,on,on,2.26,2.385,2.24,2.255
2018-01-04,14:54,not set,not set,not set,not set,362,not set,,,not set,not set,278,not set,BathroomLightCommanded,16.6,83.9,not set,not set,not set,not set,not set,not set,0,not set,5.05,4.47,164,4.45,46,15,41,13,high,normal,on,on,2.3,2.245,2.245,2.265
2018-01-04,14:54,not set,not set,not set,not set,364,not set,,,not set,not set,279,not set,BathroomLightCommanded,16.6,81.3,not set,not set,not set,not set,not set,not set,0,not set,5.05,4.47,164,4.45,46,15,41,13,high,normal,on,on,2.275,2.245,2.23,2.29
2018-01-04,14:55,not set,not set,not set,not set,367,not set,,,not set,not set,278,not set,BathroomLightCommanded,16.6,81.2,not set,not set,not set,not set,not set,not set,0,not set,5.05,4.47,164,4.45,45,15,41,13,high,normal,on,on,2.435,2.255,2.385,2.29
2018-01-04,14:55,not set,not set,not set,not set,367,not set,,,not set,not set,282,not set,BathroomLightCommanded,16.6,80.8,not set,not set,not set,not set,not set,not set,0,not set,5.05,4.47,164,4.45,46,15,41,13,high,normal,on,on,2.45,2.2,2.345,2.255
2018-01-04,14:55,not set,not set,not set,not set,363,not set,,,not set,not set,275,not set,BathroomLightCommanded,16.6,80.1,not set,not set,not set,not set,not set,not set,0,not set,5.05,4.47,164,4.45,46,15,40,13,high,normal,on,on,2.245,2.265,2.225,2.41
2018-01-04,14:56,not set,not set,not set,not set,361,not set,,,not set,not set,278,not set,BathroomLightCommanded,16.6,80.0,not set,not set,not set,not set,not set,not set,0,not set,5.05,4.47,164,4.45,45,16,41,13,high,normal,on,on,2.265,2.275,2.24,2.245
2018-01-04,14:56,not set,not set,not set,not set,360,not set,,,not set,not set,280,not set,BathroomLightCommanded,16.6,81.5,not set,not set,not set,not set,not set,not set,0,not set,5.05,4.47,164,4.45,46,15,41,13,high,normal,on,on,2.235,2.315,2.285,2.335
2018-01-04,14:57,not set,not set,not set,not set,361,not set,,,not set,not set,276,not set,BathroomLightCommanded,16.6,80.6,not set,not set,not set,not set,not set,not set,0,not set,5.05,4.47,164,4.45,45,15,41,12,high,normal,on,on,2.235,2.39,2.2,2.24
2018-01-04,14:57,not set,not set,not set,not set,357,not set,,,not set,not set,276,not set,BathroomLightCommanded,16.6,79.8,not set,not set,not set,not set,not set,not set,0,not set,5.05,4.47,164,4.45,45,15,41,13,high,normal,on,on,2.295,2.235,2.275,2.23
2018-01-04,14:57,not set,not set,not set,not set,355,not set,,,not set,not set,277,not set,BathroomLightCommanded,16.6,80.7,not set,not set,not set,not set,not set,not set,0,not set,5.05,4.47,164,4.45,46,16,41,13,high,normal,on,on,2.235,2.235,2.265,2.29
2018-01-04,14:58,not set,not set,not set,not set,175,not set,,,not set,not set,6,not set,BathroomLightCommanded,16.6,80.8,not set,not set,not set,not set,not set,not set,0,not set,5.05,4.47,164,4.45,45,15,40,13,high,normal,on,on,1.615,1.635,1.705,1.685
2018-01-04,14:58,not set,not set,not set,not set,182,not set,,,not set,not set,4,not set,BathroomLightCommanded,16.6,80.5,not set,not set,not set,not set,not set,not set,0,not set,5.05,4.47,164,4.45,45,16,40,14,high,normal,on,on,1.675,1.625,1.78,1.635
2018-01-04,14:59,not set,not set,not set,not set,188,not set,,,not set,not set,4,not set,BathroomLightCommanded,16.6,81.0,not set,not set,not set,not set,not set,not set,0,not set,5.05,4.47,164,4.45,46,15,40,12,high,normal,on,on,1.63,1.67,1.615,1.67
2018-01-04,14:59,not set,not set,not set,not set,185,not set,,,not set,not set,3,not set,BathroomLightCommanded,16.6,79.9,not set,not set,not set,not set,not set,not set,0,not set,5.05,4.47,164,4.45,45,15,40,13,high,normal,on,on,1.635,1.62,1.7,1.69
2018-01-04,14:59,not set,not set,not set,not set,179,not set,,,not set,not set,5,not set,BathroomLightCommanded,16.6,79.3,not set,not set,not set,not set,not set,not set,0,not set,5.05,4.47,164,4.45,45,15,40,12,high,normal,on,on,1.79,1.61,1.74,1.605
2018-01-04,15:00,not set,not set,not set,not set,174,not set,,,not set,not set,5,not set,BathroomLightCommanded,16.6,78.9,not set,not set,not set,not set,not set,not set,0,not set,5.05,4.47,164,4.45,45,15,40,13,high,normal,on,on,1.6,1.605,1.6,1.69
2018-01-04,15:00,not set,not set,not set,not set,176,not set,,,not set,not set,4,not set,BathroomLightCommanded,16.6,79.0,not set,not set,not set,not set,not set,not set,0,not set,5.05,4.47,164,4.45,45,15,40,12,high,normal,on,on,1.62,1.765,1.7,1.705
2018-01-04,15:00,not set,not set,not set,not set,177,not set,,,not set,not set,4,not set,BathroomLightCommanded,16.6,78.9,not set,not set,not set,not set,not set,not set,0,not set,5.05,4.47,164,4.45,45,16,40,13,high,normal,on,on,1.605,1.605,1.765,1.63
2018-01-04,15:01,not set,not set,not set,not set,177,not set,,,not set,not set,5,not set,BathroomLightCommanded,16.6,79.4,not set,not set,not set,not set,not set,not set,0,not set,5.05,4.47,164,4.45,45,15,40,12,high,normal,on,on,1.635,1.62,1.6,1.665
2018-01-04,15:01,not set,not set,not set,not set,173,not set,,,not set,not set,4,not set,BathroomLightCommanded,16.6,79.6,not set,not set,not set,not set,not set,not set,0,not set,5.05,4.47,164,4.45,46,15,40,13,high,normal,on,on,1.63,1.625,1.735,1.66
2018-01-04,15:02,not set,not set,not set,not set,173,not set,,,not set,not set,5,not set,BathroomLightCommanded,16.6,79.0,not set,not set,not set,not set,not set,not set,0,not set,5.05,4.47,164,4.45,45,15,40,13,high,normal,on,on,1.665,1.61,1.75,1.62
2018-01-04,15:02,not set,not set,not set,not set,178,not set,,,not set,not set,4,not set,BathroomLightCommanded,16.6,78.9,not set,not set,not set,not set,not set,not set,0,not set,5.05,4.47,164,4.45,45,15,40,13,high,normal,on,on,1.69,1.6,1.605,1.675
2018-01-04,15:02,not set,not set,not set,not set,179,not set,,,not set,not set,6,not set,BathroomLightCommanded,16.6,79.0,not set,not set,not set,not set,not set,not set,0,not set,5.05,4.47,164,4.45,45,15,41,13,high,normal,on,on,1.615,1.615,1.715,1.67
2018-01-04,15:03,not set,not set,not set,not set,177,not set,,,not set,not set,6,not set,BathroomLightCommanded,16.6,78.7,not set,not set,not set,not set,not set,not set,0,not set,5.05,4.47,164,4.45,46,15,41,13,high,normal,on,on,2.41,2.34,2.505,2.365
2018-01-04,15:03,not set,not set,not set,not set,172,not set,,,not set,not set,5,not set,BathroomLightCommanded,16.6,79.1,not set,not set,not set,not set,not set,not set,0,not set,5.05,4.47,164,4.45,45,15,40,13,high,normal,on,on,2.325,2.405,2.28,2.355
2018-01-04,15:04,not set,not set,not set,not set,164,not set,,,not set,not set,4,not set,BathroomLightCommanded,16.6,79.4,not set,not set,not set,not set,not set,not set,0,not set,5.05,4.47,164,4.45,45,15,41,13,high,normal,on,on,2.46,2.47,2.56,2.34
2018-01-04,15:04,not set,not set,not set,not set,228,not set,,,not set,not set,366,not set,BathroomLightCommanded,16.6,79.6,not set,not set,not set,not set,not set,not set,0,not set,5.05,4.47,164,4.45,45,15,40,13,high,normal,on,on,2.39,2.37,2.39,2.49
2018-01-04,15:04,not set,not set,not set,not set,231,not set,,,not set,not set,364,not set,BathroomLightCommanded,16.6,79.8,not set,not set,not set,not set,not set,not set,0,not set,5.05,4.47,164,4.45,45,15,40,13,high,normal,on,on,2.355,2.575,2.395,2.4
2018-01-04,15:05,not set,not set,not set,not set,298,not set,,,not set,not set,365,not set,BathroomLightCommanded,16.6,79.0,not set,not set,not set,not set,not set,not set,0,not set,5.05,4.47,164,4.45,45,15,40,13,high,normal,on,on,2.43,2.375,2.38,2.38
2018-01-04,15:05,not set,not set,not set,not set,310,not set,,,not set,not set,365,not set,BathroomLightCommanded,16.6,79.2,not set,not set,not set,not set,not set,not set,0,not set,5.05,4.47,164,4.45,46,15,40,13,high,normal,on,on,2.4,2.365,2.415,2.375
2018-01-04,15:05,not set,not set,not set,not set,314,not set,,,not set,not set,364,not set,BathroomLightCommanded,16.6,80.2,not set,not set,not set,not set,not set,not set,0,not set,5.05,4.47,164,4.45,45,15,40,12,high,normal,on,on,2.355,2.39,2.45,2.445
2018-01-04,15:06,not set,not set,not set,not set,305,not set,,,not set,not set,1,not set,BathroomLightCommanded,16.6,81.2,not set,not set,not set,not set,not set,not set,0,not set,5.05,4.47,164,4.45,45,15,40,13,high,normal,on,on,2.495,2.32,2.39,2.315
2018-01-04,15:06,not set,not set,not set,not set,305,not set,,,not set,not set,0,not set,BathroomLightCommanded,16.6,81.2,not set,not set,not set,not set,not set,not set,0,not set,5.05,4.47,164,4.45,45,16,40,13,high,normal,on,on,2.34,2.345,2.34,2.515
2018-01-04,15:07,not set,not set,not set,not set,305,not set,,,not set,not set,0,not set,BathroomLightCommanded,16.5,80.2,not set,not set,not set,not set,not set,not set,0,not set,5.05,4.47,164,4.45,45,15,40,13,high,normal,on,on,2.32,2.34,2.36,2.34
2018-01-04,15:07,not set,not set,not set,not set,304,not set,,,not set,not set,0,not set,BathroomLightCommanded,16.6,81.1,not set,not set,not set,not set,not set,not set,0,not set,5.05,4.47,164,4.45,45,16,40,13,high,normal,on,on,2.515,2.455,2.39,2.37
2018-01-04,15:07,not set,not set,not set,not set,305,not set,,,not set,not set,0,not set,BathroomLightCommanded,16.5,79.7,not set,not set,not set,not set,not set,not set,0,not set,5.05,4.47,164,4.45,45,15,40,13,high,normal,on,on,2.32,2.39,2.335,2.295
2018-01-04,15:08,not set,not set,not set,not set,304,not set,,,not set,not set,0,not set,BathroomLightCommanded,16.5,80.7,not set,not set,not set,not set,not set,not set,0,not set,5.05,4.47,164,4.45,45,15,40,13,high,normal,on,on,2.365,2.415,2.435,2.345
2018-01-04,15:08,not set,not set,not set,not set,301,not set,,,not set,not set,0,not set,BathroomLightCommanded,16.5,80.8,not set,not set,not set,not set,not set,not set,0,not set,5.05,4.47,164,4.45,45,15,40,13,high,normal,on,on,2.325,2.36,2.325,2.39
2018-01-04,15:08,not set,not set,not set,not set,299,not set,,,not set,not set,0,not set,BathroomLightCommanded,16.5,80.5,not set,not set,not set,not set,not set,not set,0,not set,5.05,4.47,164,4.45,45,15,40,13,high,normal,on,on,1.67,1.785,1.715,1.73
2018-01-04,15:09,not set,not set,not set,not set,295,not set,,,not set,not set,0,not set,BathroomLightCommanded,16.5,80.6,not set,not set,not set,not set,not set,not set,0,not set,5.05,4.47,164,4.45,45,16,40,13,high,normal,on,on,1.745,1.59,1.685,1.605
2018-01-04,15:09,not set,not set,not set,not set,296,not set,,,not set,not set,0,not set,BathroomLightCommanded,16.5,81.6,not set,not set,not set,not set,not set,not set,0,not set,5.05,4.47,164,4.45,45,15,40,12,high,normal,on,on,1.6,1.64,1.59,1.665
2018-01-04,15:10,not set,not set,not set,not set,300,not set,,,not set,not set,0,not set,BathroomLightCommanded,16.5,81.3,not set,not set,not set,not set,not set,not set,0,not set,5.05,4.47,164,4.45,45,16,39,13,high,normal,on,on,1.715,1.67,2.4,2.36
2018-01-04,15:10,not set,not set,not set,not set,297,not set,,,not set,not set,0,not set,BathroomLightCommanded,16.5,81.3,not set,not set,not set,not set,not set,not set,0,not set,5.05,4.47,164,4.45,45,15,40,13,high,normal,on,on,2.485,2.31,2.32,2.075
2018-01-04,15:10,not set,not set,not set,not set,297,not set,,,not set,not set,0,not set,BathroomLightCommanded,16.5,82.1,not set,not set,not set,not set,not set,not set,0,not set,5.05,4.47,164,4.45,46,15,39,13,high,normal,on,on,2.05,2.1,2.03,2.26
2018-01-04,15:11,not set,not set,not set,not set,295,not set,,,not set,not set,0,not set,BathroomLightCommanded,16.5,80.8,not set,not set,not set,not set,not set,not set,0,not set,5.05,4.47,164,4.45,49,16,40,13,high,normal,on,on,16.555,16.355,16.58,16.375
2018-01-04,15:11,not set,not set,not set,not set,283,not set,,,not set,not set,0,not set,BathroomLightCommanded,16.5,80.8,not set,not set,not set,not set,not set,not set,0,not set,5.05,4.47,164,4.45,50,16,39,13,high,normal,on,on,16.32,16.62,16.345,16.525
2018-01-04,15:11,not set,not set,not set,not set,281,not set,,,not set,not set,0,not set,BathroomLightCommanded,16.5,81.9,not set,not set,not set,not set,not set,not set,0,not set,5.05,4.47,164,4.45,50,16,39,13,high,normal,on,on,16.49,16.47,2.09,2.07
2018-01-04,15:12,not set,not set,not set,not set,280,not set,,,not set,not set,0,not set,BathroomLightCommanded,16.5,82.1,not set,not set,not set,not set,not set,not set,0,not set,5.05,4.47,164,4.45,51,16,39,13,high,normal,on,on,2.065,2.085,2.04,2.205
2018-01-04,15:12,not set,not set,not set,not set,280,not set,,,not set,not set,0,not set,BathroomLightCommanded,16.5,82.5,not set,not set,not set,not set,not set,not set,0,not set,5.05,4.47,164,4.45,51,16,40,13,high,normal,on,on,2.06,2.045,2.12,2.075
2018-01-04,15:13,not set,not set,not set,not set,280,not set,,,not set,not set,0,not set,BathroomLightCommanded,16.5,81.9,not set,not set,not set,not set,not set,not set,0,not set,5.05,4.47,164,4.45,50,16,39,13,high,normal,on,on,2.05,2.165,2.11,2.13
2018-01-04,15:13,not set,not set,not set,not set,277,not set,,,not set,not set,0,not set,BathroomLightCommanded,16.5,81.9,not set,not set,not set,not set,not set,not set,0,not set,5.05,4.47,164,4.45,50,16,40,13,high,normal,on,on,2.065,2.115,2.045,2.03
2018-01-04,15:13,not set,not set,not set,not set,281,not set,,,not set,not set,0,not set,BathroomLightCommanded,16.5,82.0,not set,not set,not set,not set,not set,not set,0,not set,5.05,4.47,164,4.45,50,16,39,12,high,normal,on,on,2.11,2.065,2.085,2.065
2018-01-04,15:14,not set,not set,not set,not set,274,not set,,,not set,not set,0,not set,BathroomLightCommanded,16.5,82.0,not set,not set,not set,not set,not set,not set,0,not set,5.05,4.47,164,4.45,50,16,39,13,high,normal,on,on,2.195,2.045,2.055,2.1
2018-01-04,15:14,not set,not set,not set,not set,275,not set,,,not set,not set,0,not set,BathroomLightCommanded,16.5,82.1,not set,not set,not set,not set,not set,not set,0,not set,5.05,4.47,164,4.45,50,16,39,13,high,normal,on,on,2.07,2.07,2.185,2.085
2018-01-04,15:15,not set,not set,not set,not set,270,not set,,,not set,not set,0,not set,BathroomLightCommanded,16.5,82.0,not set,not set,not set,not set,not set,not set,0,not set,5.05,4.47,164,4.45,49,16,39,13,high,normal,on,on,2.28,2.055,2.1,2.05
2018-01-04,15:15,not set,not set,not set,not set,263,not set,,,not set,not set,0,not set,BathroomLightCommanded,16.4,82.2,not set,not set,not set,not set,not set,not set,0,not set,5.05,4.47,164,4.45,49,16,39,13,high,normal,on,on,1.46,1.495,1.45,1.495
2018-01-04,15:15,not set,not set,not set,not set,256,not set,,,not set,not set,0,not set,BathroomLightCommanded,16.5,82.8,not set,not set,not set,not set,not set,not set,0,not set,5.05,4.47,164,4.45,49,16,39,13,high,normal,on,on,1.535,1.505,1.54,1.51
2018-01-04,15:16,not set,not set,not set,not set,246,not set,,,not set,not set,0,not set,BathroomLightCommanded,16.4,82.7,not set,not set,not set,not set,not set,not set,0,not set,5.05,4.47,164,4.45,49,16,39,13,high,normal,on,on,1.61,1.455,1.615,1.46
2018-01-04,15:16,not set,not set,not set,not set,242,not set,,,not set,not set,0,not set,BathroomLightCommanded,16.5,82.8,not set,not set,not set,not set,not set,not set,0,not set,5.05,4.47,164,4.45,49,16,39,13,high,normal,on,on,1.47,1.51,1.45,1.475
2018-01-04,15:16,not set,not set,not set,not set,247,not set,,,not set,not set,0,not set,BathroomLightCommanded,16.4,82.5,not set,not set,not set,not set,not set,not set,0,not set,5.05,4.47,164,4.45,48,16,39,13,high,normal,on,on,1.52,1.5,1.53,1.485
2018-01-04,15:17,not set,not set,not set,not set,261,not set,,,not set,not set,0,not set,BathroomLightCommanded,16.5,82.9,not set,not set,not set,not set,not set,not set,0,not set,5.05,4.47,164,4.45,48,17,39,13,high,normal,on,on,1.59,1.47,1.515,1.565
2018-01-04,15:17,not set,not set,not set,not set,256,not set,,,not set,not set,0,not set,BathroomLightCommanded,16.5,83.2,not set,not set,not set,not set,not set,not set,0,not set,5.05,4.47,164,4.45,48,16,39,13,high,normal,on,on,1.495,1.5,1.45,1.48
2018-01-04,15:18,not set,not set,not set,not set,243,not set,,,not set,not set,0,not set,BathroomLightCommanded,16.5,82.5,not set,not set,not set,not set,not set,not set,0,not set,5.05,4.47,164,4.45,48,16,39,13,high,normal,on,on,1.52,1.5,1.545,1.5
2018-01-04,15:18,not set,not set,not set,not set,240,not set,,,not set,not set,0,not set,BathroomLightCommanded,16.5,82.6,not set,not set,not set,not set,not set,not set,0,not set,5.05,4.47,164,4.45,48,16,39,13,high,normal,on,on,1.555,1.45,1.585,1.46
2018-01-04,15:18,not set,not set,not set,not set,241,not set,,,not set,not set,0,not set,BathroomLightCommanded,16.4,82.3,not set,not set,not set,not set,not set,not set,0,not set,5.05,4.47,164,4.45,48,16,39,13,high,normal,on,on,1.46,1.47,1.46,1.505
2018-01-04,15:19,not set,not set,not set,not set,244,not set,,,not set,not set,0,not set,BathroomLightCommanded,16.5,83.7,not set,not set,not set,not set,not set,not set,0,not set,5.05,4.47,164,4.45,47,16,39,13,high,normal,on,on,1.45,1.625,1.595,1.515
2018-01-04,15:19,not set,not set,not set,not set,248,not set,,,not set,not set,0,not set,BathroomLightCommanded,16.5,82.9,not set,not set,not set,not set,not set,not set,0,not set,5.05,4.47,164,4.45,47,16,39,12,high,normal,on,on,1.515,1.45,1.615,1.455
2018-01-04,15:20,not set,not set,not set,not set,252,not set,,,not set,not set,0,not set,BathroomLightCommanded,16.4,83.0,not set,not set,not set,not set,not set,not set,0,not set,5.05,4.47,164,4.45,47,16,39,13,high,normal,on,on,1.51,1.465,1.47,1.495
2018-01-04,15:20,not set,not set,not set,not set,243,not set,,,not set,not set,0,not set,BathroomLightCommanded,16.4,82.6,not set,not set,not set,not set,not set,not set,0,not set,5.05,4.47,164,4.45,47,16,39,13,high,normal,on,on,1.455,1.485,1.555,1.505
2018-01-04,15:20,not set,not set,not set,not set,242,not set,,,not set,not set,0,not set,BathroomLightCommanded,16.4,82.8,not set,not set,not set,not set,not set,not set,0,not set,5.05,4.47,164,4.45,47,16,39,13,high,normal,on,on,1.495,1.48,1.61,1.46
2018-01-04,15:21,not set,not set,not set,not set,243,not set,,,not set,not set,0,not set,BathroomLightCommanded,16.4,83.0,not set,not set,not set,not set,not set,not set,0,not set,5.05,4.47,164,4.45,47,16,39,13,high,normal,on,on,1.46,1.46,1.455,1.52
2018-01-04,15:21,not set,not set,not set,not set,240,not set,,,not set,not set,0,not set,BathroomLightCommanded,16.4,83.2,not set,not set,not set,not set,not set,not set,0,not set,5.05,4.47,164,4.45,47,16,39,13,high,normal,on,on,1.46,1.45,1.555,1.495
2018-01-04,15:21,not set,not set,not set,not set,244,not set,,,not set,not set,0,not set,BathroomLightCommanded,16.4,83.3,not set,not set,not set,not set,not set,not set,0,not set,5.05,4.47,164,4.45,46,16,38,13,high,normal,on,on,1.47,1.45,1.565,1.46
2018-01-04,15:22,not set,not set,not set,not set,250,not set,,,not set,not set,0,not set,BathroomLightCommanded,16.4,83.1,not set,not set,not set,not set,not set,not set,0,not set,5.05,4.47,164,4.45,47,16,39,13,high,normal,on,on,1.475,1.465,1.45,1.49
2018-01-04,15:22,not set,not set,not set,not set,251,not set,,,not set,not set,0,not set,BathroomLightCommanded,16.4,83.0,not set,not set,not set,not set,not set,not set,0,not set,5.05,4.47,164,4.45,48,16,39,13,high,normal,on,on,1.455,1.47,1.485,1.585
2018-01-04,15:23,not set,not set,not set,not set,248,not set,,,not set,not set,0,not set,BathroomLightCommanded,16.4,83.4,not set,not set,not set,not set,not set,not set,0,not set,5.05,4.47,164,4.45,47,16,38,13,high,normal,on,on,1.495,1.465,1.47,1.46
2018-01-04,15:23,not set,not set,not set,not set,253,not set,,,not set,not set,0,not set,BathroomLightCommanded,16.4,82.9,not set,not set,not set,not set,not set,not set,0,not set,5.05,4.47,164,4.45,46,16,39,13,high,normal,on,on,1.485,1.52,1.56,1.49
2018-01-04,15:23,not set,not set,not set,not set,251,not set,,,not set,not set,0,not set,BathroomLightCommanded,16.4,82.7,not set,not set,not set,not set,not set,not set,0,not set,5.05,4.47,164,4.45,46,16,38,13,high,normal,on,on,1.455,1.46,1.46,1.475
2018-01-04,15:24,not set,not set,not set,not set,242,not set,,,not set,not set,0,not set,BathroomLightCommanded,16.4,82.6,not set,not set,not set,not set,not set,not set,0,not set,5.05,4.47,164,4.45,46,16,38,13,high,normal,on,on,1.49,1.46,1.545,1.46
2018-01-04,15:24,not set,not set,not set,not set,240,not set,,,not set,not set,0,not set,BathroomLightCommanded,16.4,82.7,not set,not set,not set,not set,not set,not set,0,not set,5.05,4.47,164,4.45,46,16,38,13,high,normal,on,on,1.51,1.445,1.47,1.46
2018-01-04,15:25,not set,not set,not set,not set,234,not set,,,not set,not set,0,not set,BathroomLightCommanded,16.4,82.5,not set,not set,not set,not set,not set,not set,0,not set,5.05,4.47,164,4.45,46,16,39,13,high,normal,on,on,1.46,1.505,1.47,1.48
2018-01-04,15:25,not set,not set,not set,not set,241,not set,,,not set,not set,0,not set,BathroomLightCommanded,16.4,82.8,not set,not set,not set,not set,not set,not set,0,not set,5.05,4.47,164,4.45,46,16,39,13,high,normal,on,on,1.51,1.465,1.48,1.46
2018-01-04,15:25,not set,not set,not set,not set,240,not set,,,not set,not set,0,not set,BathroomLightCommanded,16.4,83.0,not set,not set,not set,not set,not set,not set,0,not set,5.05,4.47,164,4.45,46,15,39,13,high,normal,on,on,1.51,1.485,1.47,1.46
2018-01-04,15:26,not set,not set,not set,not set,240,not set,,,not set,not set,0,not set,BathroomLightCommanded,16.4,83.5,not set,not set,not set,not set,not set,not set,0,not set,5.05,4.47,164,4.45,46,16,38,12,high,normal,on,on,1.45,1.5,1.445,1.47
2018-01-04,15:26,not set,not set,not set,not set,243,not set,,,not set,not set,0,not set,BathroomLightCommanded,16.4,82.9,not set,not set,not set,not set,not set,not set,0,not set,5.05,4.47,164,4.45,46,16,38,13,high,normal,on,on,1.515,1.46,1.455,1.46
2018-01-04,15:26,not set,not set,not set,not set,239,not set,,,not set,not set,0,not set,BathroomLightCommanded,16.4,82.9,not set,not set,not set,not set,not set,not set,0,not set,5.05,4.47,164,4.45,46,16,38,13,high,normal,on,on,1.495,1.525,1.455,1.445
2018-01-04,15:27,not set,not set,not set,not set,232,not set,,,not set,not set,0,not set,BathroomLightCommanded,16.4,82.9,not set,not set,not set,not set,not set,not set,0,not set,5.05,4.47,164,4.45,46,16,38,13,high,normal,on,on,1.44,1.525,1.435,1.45
2018-01-04,15:27,not set,not set,not set,not set,214,not set,,,not set,not set,0,not set,BathroomLightCommanded,16.4,83.1,not set,not set,not set,not set,not set,not set,0,not set,5.05,4.47,164,4.45,46,16,38,13,high,normal,on,on,2.095,2.085,2.195,2.065
2018-01-04,15:28,not set,not set,not set,not set,330,not set,,,not set,not set,0,not set,BathroomLightCommanded,16.4,83.2,not set,not set,not set,not set,not set,not set,0,not set,5.05,4.47,164,4.45,45,16,38,13,high,normal,on,on,16.42,16.475,16.535,16.77
2018-01-04,15:28,not set,not set,not set,not set,321,not set,,,not set,not set,361,not set,BathroomLightCommanded,16.4,83.0,not set,not set,not set,not set,not set,not set,0,not set,5.05,4.47,164,4.45,45,16,38,13,high,normal,on,on,2.125,2.11,2.17,2.12
2018-01-04,15:28,not set,not set,not set,not set,210,not set,,,not set,not set,362,not set,BathroomLightCommanded,16.4,82.6,not set,not set,not set,not set,not set,not set,0,not set,5.05,4.47,164,4.45,45,16,38,13,high,normal,on,on,2.095,2.09,2.095,2.145
2018-01-04,15:29,not set,not set,not set,not set,216,not set,,,not set,not set,368,not set,BathroomLightCommanded,16.6,81.6,not set,not set,not set,not set,not set,not set,0,not set,5.05,4.47,164,4.45,46,16,38,13,high,normal,on,on,2.17,2.13,2.205,2.175
2018-01-04,15:29,not set,not set,not set,not set,216,not set,,,not set,not set,367,not set,BathroomLightCommanded,16.6,80.1,not set,not set,not set,not set,not set,not set,0,not set,5.05,4.47,164,4.45,48,16,38,13,high,normal,on,on,2.26,2.095,2.12,2.115
2018-01-04,15:29,not set,not set,not set,not set,220,not set,,,not set,not set,364,not set,BathroomLightCommanded,16.6,79.7,not set,not set,not set,not set,not set,not set,0,not set,5.05,4.47,164,4.45,48,16,38,13,high,normal,on,on,2.105,2.12,2.105,2.275
2018-01-04,15:30,not set,not set,not set,not set,217,not set,,,not set,not set,362,not set,BathroomLightCommanded,16.6,79.6,not set,not set,not set,not set,not set,not set,0,not set,5.05,4.47,164,4.45,48,16,38,13,high,normal,on,on,16.35,16.235,16.405,16.295
2018-01-04,15:30,not set,not set,not set,not set,211,not set,,,not set,not set,362,not set,BathroomLightCommanded,16.6,79.9,not set,not set,not set,not set,not set,not set,0,not set,5.05,4.47,164,4.45,48,16,38,13,high,normal,on,on,16.135,16.265,16.15,16.26
2018-01-04,15:31,not set,not set,not set,not set,205,not set,,,not set,not set,0,not set,BathroomLightCommanded,16.5,80.3,not set,not set,not set,not set,not set,not set,0,not set,5.05,4.47,164,4.45,48,16,38,13,high,normal,on,on,16.235,16.25,16.425,16.14
2018-01-04,15:31,not set,not set,not set,not set,205,not set,,,not set,not set,0,not set,BathroomLightCommanded,16.6,80.6,not set,not set,not set,not set,not set,not set,0,not set,5.05,4.47,164,4.45,48,16,38,13,high,normal,on,on,16.08,16.325,16.115,16.305
2018-01-04,15:31,not set,not set,not set,not set,204,not set,,,not set,not set,0,not set,BathroomLightCommanded,16.5,80.4,not set,not set,not set,not set,not set,not set,0,not set,5.05,4.47,164,4.45,48,16,38,13,high,normal,on,on,16.265,16.07,16.015,16.07
2018-01-04,15:32,not set,not set,not set,not set,204,not set,,,not set,not set,0,not set,BathroomLightCommanded,16.5,80.6,not set,not set,not set,not set,not set,not set,0,not set,5.05,4.47,164,4.45,48,16,39,13,high,normal,on,on,2.075,2.185,2.035,2.06
2018-01-04,15:32,not set,not set,not set,not set,198,not set,,,not set,not set,0,not set,BathroomLightCommanded,16.5,80.8,not set,not set,not set,not set,not set,not set,0,not set,5.05,4.47,164,4.45,47,16,39,13,high,normal,on,on,1.935,1.47,1.48,1.46
2018-01-04,15:32,not set,not set,not set,not set,199,not set,,,not set,not set,0,not set,BathroomLightCommanded,16.5,81.1,not set,not set,not set,not set,not set,not set,0,not set,5.05,4.47,164,4.45,47,16,39,12,high,normal,on,on,1.515,1.53,1.445,1.475
2018-01-04,15:33,not set,not set,not set,not set,201,not set,,,not set,not set,0,not set,BathroomLightCommanded,16.5,81.1,not set,not set,not set,not set,not set,not set,0,not set,5.05,4.47,164,4.45,47,16,39,13,high,normal,on,on,1.465,1.52,1.46,1.45
2018-01-04,15:33,not set,not set,not set,not set,198,not set,,,not set,not set,0,not set,BathroomLightCommanded,16.5,81.3,not set,not set,not set,not set,not set,not set,0,not set,5.05,4.47,164,4.45,47,16,40,13,high,normal,on,on,2.22,2.05,2.205,2.065
2018-01-04,15:34,not set,not set,not set,not set,191,not set,,,not set,not set,0,not set,BathroomLightCommanded,16.4,81.4,not set,not set,not set,not set,not set,not set,0,not set,5.05,4.47,164,4.45,47,16,40,12,high,normal,on,on,2.05,2.05,2.06,2.1
2018-01-04,15:34,not set,not set,not set,not set,193,not set,,,not set,not set,0,not set,BathroomLightCommanded,16.4,81.7,not set,not set,not set,not set,not set,not set,0,not set,5.05,4.47,164,4.45,46,16,40,13,high,normal,on,on,2.105,2.11,2.29,2.12
2018-01-04,15:34,not set,not set,not set,not set,192,not set,,,not set,not set,0,not set,BathroomLightCommanded,16.4,81.5,not set,not set,not set,not set,not set,not set,0,not set,5.05,4.47,164,4.45,47,16,40,13,high,normal,on,on,2.21,2.045,2.1,2.07
2018-01-04,15:35,not set,not set,not set,not set,193,not set,,,not set,not set,0,not set,BathroomLightCommanded,16.4,81.7,not set,not set,not set,not set,not set,not set,0,not set,5.05,4.47,164,4.45,46,16,40,13,high,normal,on,on,2.055,2.09,2.09,2.18
2018-01-04,15:35,not set,not set,not set,not set,187,not set,,,not set,not set,0,not set,BathroomLightCommanded,16.4,82.0,not set,not set,not set,not set,not set,not set,0,not set,5.05,4.47,164,4.45,46,16,41,12,high,normal,on,on,2.04,2.055,2.06,2.05
2018-01-04,15:36,not set,not set,not set,not set,183,not set,,,not set,not set,0,not set,BathroomLightCommanded,16.4,82.0,not set,not set,not set,not set,not set,not set,0,not set,5.05,4.47,164,4.45,46,16,41,13,high,normal,on,on,2.055,2.155,2.095,2.16
2018-01-04,15:36,not set,not set,not set,not set,178,not set,,,not set,not set,0,not set,BathroomLightCommanded,16.4,82.3,not set,not set,not set,not set,not set,not set,0,not set,5.05,4.47,164,4.45,47,16,41,13,high,normal,on,on,2.025,2.22,2.05,2.065
2018-01-04,15:36,not set,not set,not set,not set,173,not set,,,not set,not set,0,not set,BathroomLightCommanded,16.4,82.3,not set,not set,not set,not set,not set,not set,0,not set,5.05,4.47,164,4.45,46,15,41,14,high,normal,on,on,2.075,2.04,2.075,2.06
2018-01-04,15:37,not set,not set,not set,not set,171,not set,,,not set,not set,0,not set,BathroomLightCommanded,16.4,82.3,not set,not set,not set,not set,not set,not set,0,not set,5.05,4.47,164,4.45,46,16,41,13,high,normal,on,on,2.17,2.13,2.055,2.075
2018-01-04,15:37,not set,not set,not set,not set,168,not set,,,not set,not set,0,not set,BathroomLightCommanded,16.4,82.7,not set,not set,not set,not set,not set,not set,0,not set,5.05,4.47,164,4.45,45,16,41,13,high,normal,on,on,2.085,2.045,2.18,2.1
2018-01-04,15:37,not set,not set,not set,not set,168,not set,,,not set,not set,0,not set,BathroomLightCommanded,16.4,82.8,not set,not set,not set,not set,not set,not set,0,not set,5.05,4.47,164,4.45,45,16,41,13,high,normal,on,on,2.235,2.225,2.18,2.19
2018-01-04,15:38,not set,not set,not set,not set,169,not set,,,not set,not set,0,not set,BathroomLightCommanded,16.4,82.5,not set,not set,not set,not set,not set,not set,0,not set,5.05,4.47,164,4.45,47,16,41,13,high,normal,on,on,1.46,1.52,1.745,1.515
2018-01-04,15:38,not set,not set,not set,not set,168,not set,,,not set,not set,0,not set,BathroomLightCommanded,16.4,82.6,not set,not set,not set,not set,not set,not set,0,not set,5.05,4.47,164,4.45,46,16,41,13,high,normal,on,on,1.54,1.61,1.615,1.54
2018-01-04,15:39,not set,not set,not set,not set,162,not set,,,not set,not set,0,not set,BathroomLightCommanded,16.4,82.5,not set,not set,not set,not set,not set,not set,0,not set,5.05,4.47,164,4.45,45,16,41,14,high,normal,on,on,1.57,1.46,1.525,1.46
2018-01-04,15:39,not set,not set,not set,not set,156,not set,,,not set,not set,0,not set,BathroomLightCommanded,16.4,82.8,not set,not set,not set,not set,not set,not set,0,not set,5.05,4.47,164,4.45,45,16,41,13,high,normal,on,on,1.5,1.495,1.585,1.495
2018-01-04,15:39,not set,not set,not set,not set,153,not set,,,not set,not set,0,not set,BathroomLightCommanded,16.4,82.8,not set,not set,not set,not set,not set,not set,0,not set,5.05,4.47,164,4.45,45,16,41,13,high,normal,on,on,1.47,1.6,1.56,1.515
2018-01-04,15:40,not set,not set,not set,not set,154,not set,,,not set,not set,0,not set,BathroomLightCommanded,16.4,82.9,not set,not set,not set,not set,not set,not set,0,not set,5.05,4.47,164,4.45,46,15,42,13,high,normal,on,on,1.56,1.61,1.555,1.46
2018-01-04,15:40,not set,not set,not set,not set,148,not set,,,not set,not set,0,not set,BathroomLightCommanded,16.3,83.1,not set,not set,not set,not set,not set,not set,0,not set,5.05,4.47,164,4.45,46,15,41,13,high,normal,on,on,1.455,1.495,1.47,1.535
2018-01-04,15:41,not set,not set,not set,not set,142,not set,,,not set,not set,0,not set,BathroomLightCommanded,16.4,82.9,not set,not set,not set,not set,not set,not set,0,not set,5.05,4.47,164,4.45,45,15,41,14,high,normal,on,on,1.495,1.485,1.65,1.52
2018-01-04,15:41,not set,not set,not set,not set,139,not set,,,not set,not set,0,not set,BathroomLightCommanded,16.3,83.4,not set,not set,not set,not set,not set,not set,0,not set,5.05,4.47,164,4.45,45,16,41,12,high,normal,on,on,1.62,1.465,1.6,1.465
2018-01-04,15:41,not set,not set,not set,not set,135,not set,,,not set,not set,0,not set,BathroomLightCommanded,16.3,83.4,not set,not set,not set,not set,not set,not set,0,not set,5.05,4.47,164,4.45,45,16,41,13,high,normal,on,on,1.47,1.48,1.47,1.5
2018-01-04,15:42,not set,not set,not set,not set,136,not set,,,not set,not set,0,not set,BathroomLightCommanded,16.3,83.4,not set,not set,not set,not set,not set,not set,0,not set,5.05,4.47,164,4.45,45,16,41,13,high,normal,on,on,2.09,2.135,2.215,2.135
2018-01-04,15:42,not set,not set,not set,not set,117,not set,,,not set,not set,0,not set,BathroomLightCommanded,16.3,83.5,not set,not set,not set,not set,not set,not set,0,not set,5.05,4.47,164,4.45,45,16,41,13,high,normal,on,on,2.255,2.075,2.08,2.08
2018-01-04,15:42,not set,not set,not set,not set,135,not set,,,not set,not set,0,not set,BathroomLightCommanded,16.3,83.6,not set,not set,not set,not set,not set,not set,0,not set,5.05,4.47,164,4.45,45,15,41,13,high,normal,on,on,2.22,2.11,2.085,2.275
2018-01-04,15:43,not set,not set,not set,not set,99,not set,,,not set,not set,0,not set,BathroomLightCommanded,16.3,83.1,not set,not set,not set,not set,not set,not set,0,not set,5.05,4.47,164,4.45,45,15,41,13,high,normal,on,on,2.075,2.065,2.06,2.065
2018-01-04,15:43,not set,not set,not set,not set,131,not set,,,not set,not set,0,not set,BathroomLightCommanded,16.3,83.4,not set,not set,not set,not set,not set,not set,0,not set,5.05,4.47,164,4.45,45,16,41,13,high,normal,on,on,2.12,2.16,2.11,2.175
2018-01-04,15:44,not set,not set,not set,not set,130,not set,,,not set,not set,0,not set,BathroomLightCommanded,16.3,83.7,not set,not set,not set,not set,not set,not set,0,not set,5.05,4.47,164,4.45,45,16,41,13,high,normal,on,on,2.07,2.23,2.06,2.08
2018-01-04,15:44,not set,not set,not set,not set,120,not set,,,not set,not set,0,not set,BathroomLightCommanded,16.3,83.2,not set,not set,not set,not set,not set,not set,0,not set,5.05,4.47,164,4.45,45,15,41,13,high,normal,on,on,2.125,2.07,2.155,2.075
2018-01-04,15:44,not set,not set,not set,not set,116,not set,,,not set,not set,0,not set,BathroomLightCommanded,16.3,83.4,not set,not set,not set,not set,not set,not set,0,not set,5.05,4.47,164,4.45,45,15,41,13,high,normal,on,on,2.105,2.08,2.065,2.125
2018-01-04,15:45,not set,not set,not set,not set,112,not set,,,not set,not set,0,not set,BathroomLightCommanded,16.3,83.3,not set,not set,not set,not set,not set,not set,0,not set,5.05,4.47,164,4.45,45,16,41,13,high,normal,on,on,2.085,2.065,2.215,2.14
2018-01-04,15:45,not set,not set,not set,not set,111,not set,,,not set,not set,0,not set,BathroomLightCommanded,16.3,83.4,not set,not set,not set,not set,not set,not set,0,not set,5.05,4.47,164,4.45,45,16,41,12,high,normal,on,on,2.275,2.085,2.18,2.08
2018-01-04,15:45,not set,not set,not set,not set,108,not set,,,not set,not set,0,not set,BathroomLightCommanded,16.3,83.7,not set,not set,not set,not set,not set,not set,0,not set,5.05,4.47,164,4.45,46,16,41,13,high,normal,on,on,2.07,2.125,2.065,2.165
2018-01-04,15:46,not set,not set,not set,not set,109,not set,,,not set,not set,0,not set,BathroomLightCommanded,16.3,83.9,not set,not set,not set,not set,not set,not set,0,not set,5.05,4.47,164,4.45,48,16,41,13,high,normal,on,on,2.325,2.19,2.07,2.08
2018-01-04,15:46,not set,not set,not set,not set,109,not set,,,not set,not set,0,not set,BathroomLightCommanded,16.3,83.6,not set,not set,not set,not set,not set,not set,0,not set,5.05,4.47,164,4.45,49,16,41,13,high,normal,on,on,2.065,2.12,2.1,2.19
2018-01-04,15:47,not set,not set,not set,not set,106,not set,,,not set,not set,0,not set,BathroomLightCommanded,16.3,83.3,not set,not set,not set,not set,not set,not set,0,not set,5.05,4.47,164,4.45,49,16,41,13,high,normal,on,on,2.075,2.26,2.085,2.265
2018-01-04,15:47,not set,not set,not set,not set,102,not set,,,not set,not set,0,not set,BathroomLightCommanded,16.3,83.9,not set,not set,not set,not set,not set,not set,0,not set,5.05,4.47,164,4.45,49,17,41,13,high,normal,on,on,2.08,2.05,2.13,2.065
2018-01-04,15:47,not set,not set,not set,not set,108,not set,,,not set,not set,0,not set,BathroomLightCommanded,16.3,83.6,not set,not set,not set,not set,not set,not set,0,not set,5.05,4.47,164,4.45,49,16,41,13,high,normal,on,on,2.21,2.08,2.115,2.075
2018-01-04,15:48,not set,not set,not set,not set,110,not set,,,not set,not set,0,not set,BathroomLightCommanded,16.3,83.5,not set,not set,not set,not set,not set,not set,0,not set,5.05,4.47,164,4.45,48,16,41,13,high,normal,on,on,2.06,2.08,2.215,2.13
2018-01-04,15:48,not set,not set,not set,not set,114,not set,,,not set,not set,0,not set,BathroomLightCommanded,16.3,83.6,not set,not set,not set,not set,not set,not set,0,not set,5.05,4.47,164,4.45,48,16,41,13,high,normal,on,on,2.21,2.045,2.215,2.085
2018-01-04,15:49,not set,not set,not set,not set,109,not set,,,not set,not set,0,not set,BathroomLightCommanded,16.3,84.0,not set,not set,not set,not set,not set,not set,0,not set,5.05,4.47,164,4.45,49,16,41,13,high,normal,on,on,2.075,2.105,2.055,2.07
2018-01-04,15:49,not set,not set,not set,not set,105,not set,,,not set,not set,0,not set,BathroomLightCommanded,16.3,84.1,not set,not set,not set,not set,not set,not set,0,not set,5.05,4.47,164,4.45,48,16,41,13,high,normal,on,on,2.185,2.12,2.32,2.205
2018-01-04,15:49,not set,not set,not set,not set,103,not set,,,not set,not set,0,not set,BathroomLightCommanded,16.3,84.1,not set,not set,not set,not set,not set,not set,0,not set,5.05,4.47,164,4.45,47,16,41,12,high,normal,on,on,1.555,1.46,1.5,1.52
2018-01-04,15:50,not set,not set,not set,not set,97,not set,,,not set,not set,0,not set,BathroomLightCommanded,16.3,84.2,not set,not set,not set,not set,not set,not set,0,not set,5.05,4.47,164,4.45,47,16,40,13,high,normal,on,on,1.46,1.515,1.465,1.57
2018-01-04,15:50,not set,not set,not set,not set,93,not set,,,not set,not set,0,not set,BathroomLightCommanded,16.3,84.1,not set,not set,not set,not set,not set,not set,0,not set,5.05,4.47,164,4.45,47,16,40,13,high,normal,on,on,1.565,1.555,1.535,1.605
2018-01-04,15:50,not set,not set,not set,not set,93,not set,,,not set,not set,0,not set,BathroomLightCommanded,16.3,84.2,not set,not set,not set,not set,not set,not set,0,not set,5.05,4.47,164,4.45,47,16,41,13,high,normal,on,on,1.555,1.465,1.52,1.475
2018-01-04,15:51,not set,not set,not set,not set,91,not set,,,not set,not set,0,not set,BathroomLightCommanded,16.3,83.9,not set,not set,not set,not set,not set,not set,0,not set,5.05,4.47,164,4.45,47,16,40,13,high,normal,on,on,1.495,1.505,1.645,1.585
2018-01-04,15:51,not set,not set,not set,not set,93,not set,,,not set,not set,0,not set,BathroomLightCommanded,16.3,84.1,not set,not set,not set,not set,not set,not set,0,not set,5.05,4.47,164,4.45,47,16,40,13,high,normal,on,on,2.16,2.105,2.03,2.045
2018-01-04,15:52,not set,not set,not set,not set,91,not set,,,not set,not set,0,not set,BathroomLightCommanded,16.3,84.2,not set,not set,not set,not set,not set,not set,0,not set,5.05,4.47,164,4.45,46,17,41,13,high,normal,on,on,2.075,2.27,2.055,2.27
2018-01-04,15:52,not set,not set,not set,not set,93,not set,,,not set,not set,0,not set,BathroomLightCommanded,16.3,84.1,not set,not set,not set,not set,not set,not set,0,not set,5.05,4.47,164,4.45,46,16,40,13,high,normal,on,on,2.065,2.21,2.06,2.135
2018-01-04,15:52,not set,not set,not set,not set,298,not set,,,not set,not set,354,not set,BathroomLightCommanded,16.3,84.4,not set,not set,not set,not set,not set,not set,0,not set,5.05,4.47,164,4.45,46,16,40,13,high,normal,on,on,2.115,2.085,2.165,2.1
2018-01-04,15:53,not set,not set,not set,not set,317,not set,,,not set,not set,357,not set,BathroomLightCommanded,16.3,83.7,not set,not set,not set,not set,not set,not set,0,not set,5.05,4.47,164,4.45,47,16,40,13,high,normal,on,on,2.125,2.15,2.085,2.105
2018-01-04,15:53,not set,not set,not set,not set,328,not set,,,not set,not set,360,not set,BathroomLightCommanded,16.4,82.6,not set,not set,not set,not set,not set,not set,0,not set,5.05,4.47,164,4.45,50,16,40,13,high,normal,on,on,2.1,2.255,2.36,2.275
2018-01-04,15:54,not set,not set,not set,not set,328,not set,,,not set,not set,358,not set,BathroomLightCommanded,16.5,81.9,not set,not set,not set,not set,not set,not set,0,not set,5.05,4.47,164,4.45,51,16,40,13,high,normal,on,on,2.205,2.085,2.26,2.08
2018-01-04,15:54,not set,not set,not set,not set,84,not set,,,not set,not set,366,not set,BathroomLightCommanded,16.5,81.4,not set,not set,not set,not set,not set,not set,0,not set,5.05,4.47,164,4.45,51,16,40,13,high,normal,on,on,2.1,2.15,2.105,2.185
2018-01-04,15:54,not set,not set,not set,not set,254,not set,,,not set,not set,355,not set,BathroomLightCommanded,16.5,80.5,not set,not set,not set,not set,not set,not set,0,not set,5.05,4.47,164,4.45,51,16,40,13,high,normal,on,on,2.22,2.265,2.245,2.105
2018-01-04,15:55,not set,not set,not set,not set,306,not set,,,not set,not set,352,not set,BathroomLightCommanded,16.5,79.8,not set,not set,not set,not set,not set,not set,0,not set,5.05,4.47,164,4.45,51,16,40,13,high,normal,on,on,2.115,2.11,2.09,2.205
2018-01-04,15:55,not set,not set,not set,not set,301,not set,,,not set,not set,353,not set,BathroomLightCommanded,16.5,78.8,not set,not set,not set,not set,not set,not set,0,not set,5.05,4.47,164,4.45,50,16,40,13,high,normal,on,on,2.095,2.31,2.095,2.205
2018-01-04,15:55,not set,not set,not set,not set,246,not set,,,not set,not set,353,not set,BathroomLightCommanded,16.6,78.5,not set,not set,not set,not set,not set,not set,0,not set,5.05,4.47,164,4.45,50,16,40,13,high,normal,on,on,2.145,2.08,2.15,2.09
2018-01-04,15:56,not set,not set,not set,not set,320,not set,,,not set,not set,353,not set,BathroomLightCommanded,16.7,78.4,not set,not set,not set,not set,not set,not set,0,not set,5.05,4.47,164,4.45,50,16,40,13,high,normal,on,on,2.155,2.115,2.1,2.105
2018-01-04,15:56,not set,not set,not set,not set,320,not set,,,not set,not set,352,not set,BathroomLightCommanded,16.8,77.9,not set,not set,not set,not set,not set,not set,0,not set,5.05,4.47,164,4.45,50,16,40,13,high,normal,on,on,2.085,2.1,2.175,2.145
2018-01-04,15:57,not set,not set,not set,not set,317,not set,,,not set,not set,352,not set,BathroomLightCommanded,16.7,76.9,not set,not set,not set,not set,not set,not set,0,not set,5.05,4.47,164,4.45,50,15,40,12,high,normal,on,on,2.25,2.105,2.28,2.115
2018-01-04,15:57,not set,not set,not set,not set,291,not set,,,not set,not set,348,not set,BathroomLightCommanded,16.7,75.9,not set,not set,not set,not set,not set,not set,0,not set,5.05,4.47,164,4.45,49,15,40,13,high,normal,on,on,2.155,2.165,2.11,2.165
2018-01-04,15:57,not set,not set,not set,not set,306,not set,,,not set,not set,346,not set,BathroomLightCommanded,16.7,75.9,not set,not set,not set,not set,not set,not set,0,not set,5.05,4.47,164,4.45,49,15,40,13,high,normal,on,on,2.42,2.14,2.085,2.075
2018-01-04,15:58,not set,not set,not set,not set,310,not set,,,not set,not set,343,not set,BathroomLightCommanded,16.7,75.9,not set,not set,not set,not set,not set,not set,0,not set,5.05,4.47,164,4.45,49,15,40,12,high,normal,on,on,2.12,2.245,2.09,2.34
2018-01-04,15:58,not set,not set,not set,not set,302,not set,,,not set,not set,347,not set,BathroomLightCommanded,16.8,76.5,not set,not set,not set,not set,not set,not set,0,not set,5.05,4.47,164,4.45,49,15,40,13,high,normal,on,on,2.08,2.315,2.1,2.15
2018-01-04,15:58,not set,not set,not set,not set,305,not set,,,not set,not set,342,not set,BathroomLightCommanded,16.8,76.4,not set,not set,not set,not set,not set,not set,0,not set,5.05,4.47,164,4.45,48,15,40,13,high,normal,on,on,2.135,2.09,2.275,2.095
2018-01-04,15:59,not set,not set,not set,not set,293,not set,,,not set,not set,344,not set,BathroomLightCommanded,17.0,77.4,not set,not set,not set,not set,not set,not set,0,not set,5.05,4.47,164,4.45,48,15,39,13,high,normal,on,on,2.14,2.135,2.1,2.125
2018-01-04,15:59,not set,not set,not set,not set,78,not set,,,not set,not set,347,not set,BathroomLightCommanded,17.0,76.6,not set,not set,not set,not set,not set,not set,0,not set,5.05,4.47,164,4.45,48,15,40,13,high,normal,on,on,2.105,2.115,2.225,2.255
2018-01-04,16:00,not set,not set,not set,not set,95,not set,,,not set,not set,350,not set,BathroomLightCommanded,17.0,75.9,not set,not set,not set,not set,not set,not set,0,not set,5.05,4.47,164,4.45,48,15,40,13,high,normal,on,on,2.235,2.115,2.215,2.12
2018-01-04,16:00,not set,not set,not set,not set,93,not set,,,not set,not set,351,not set,BathroomLightCommanded,16.9,75.0,not set,not set,not set,not set,not set,not set,0,not set,5.05,4.47,164,4.45,48,15,39,13,high,normal,on,on,2.12,2.14,2.135,2.185
2018-01-04,16:00,not set,not set,not set,not set,225,not set,,,not set,not set,345,not set,BathroomLightCommanded,16.9,74.8,not set,not set,not set,not set,not set,not set,0,not set,5.05,4.47,164,4.45,48,16,39,13,high,normal,on,on,2.18,2.11,2.105,2.115
2018-01-04,16:01,not set,not set,not set,not set,85,not set,,,not set,not set,351,not set,BathroomLightCommanded,16.9,75.3,not set,not set,not set,not set,not set,not set,0,not set,5.05,4.47,164,4.45,48,15,39,13,high,normal,on,on,2.1,2.11,2.1,2.24
2018-01-04,16:01,not set,not set,not set,not set,84,not set,,,not set,not set,350,not set,BathroomLightCommanded,16.8,75.3,not set,not set,not set,not set,not set,not set,0,not set,5.05,4.47,164,4.45,48,15,39,13,high,normal,on,on,2.11,2.37,2.09,2.155
2018-01-04,16:02,not set,not set,not set,not set,80,not set,,,not set,not set,351,not set,BathroomLightCommanded,16.8,75.4,not set,not set,not set,not set,not set,not set,0,not set,5.05,4.47,164,4.45,47,15,39,13,high,normal,on,on,2.15,2.105,2.125,2.105
2018-01-04,16:02,not set,not set,not set,not set,83,not set,,,not set,not set,349,not set,BathroomLightCommanded,16.7,76.2,not set,not set,not set,not set,not set,not set,0,not set,5.05,4.47,164,4.45,47,15,39,13,high,normal,on,on,2.225,2.22,2.1,2.25
2018-01-04,16:02,not set,not set,not set,not set,277,not set,,,not set,not set,342,not set,BathroomLightCommanded,16.6,77.4,not set,not set,not set,not set,not set,not set,0,not set,5.05,4.47,164,4.45,47,15,39,13,high,normal,on,on,2.12,2.105,2.215,2.15
2018-01-04,16:03,not set,not set,not set,not set,289,not set,,,not set,not set,342,not set,BathroomLightCommanded,16.6,76.6,not set,not set,not set,not set,not set,not set,0,not set,5.05,4.47,164,4.45,47,15,39,13,high,normal,on,on,2.2,2.1,2.23,2.23
2018-01-04,16:03,not set,not set,not set,not set,291,not set,,,not set,not set,343,not set,BathroomLightCommanded,16.6,76.7,not set,not set,not set,not set,not set,not set,0,not set,5.05,4.47,164,4.45,47,15,39,12,high,normal,on,on,2.1,2.175,2.085,2.17
2018-01-04,16:03,not set,not set,not set,not set,78,not set,,,not set,not set,348,not set,BathroomLightCommanded,16.7,77.2,not set,not set,not set,not set,not set,not set,0,not set,5.05,4.47,164,4.45,47,15,39,13,high,normal,on,on,2.22,2.12,2.48,2.29
2018-01-04,16:04,not set,not set,not set,not set,76,not set,,,not set,not set,349,not set,BathroomLightCommanded,16.7,77.1,not set,not set,not set,not set,not set,not set,0,not set,5.05,4.47,164,4.45,47,15,39,12,high,normal,on,on,2.065,2.045,2.065,2.04
2018-01-04,16:04,not set,not set,not set,not set,76,not set,,,not set,not set,349,not set,BathroomLightCommanded,16.8,76.7,not set,not set,not set,not set,not set,not set,0,not set,5.05,4.47,164,4.45,47,15,39,13,high,normal,on,on,1.5,1.515,1.495,1.51
2018-01-04,16:05,not set,not set,not set,not set,76,not set,,,not set,not set,349,not set,BathroomLightCommanded,16.7,76.6,not set,not set,not set,not set,not set,not set,0,not set,3.02,4.47,164,4.45,47,15,39,13,high,normal,on,on,,1.51,1.51,1.51
2018-01-04,16:05,not set,not set,not set,not set,75,not set,,,not set,not set,348,not set,BathroomLightCommanded,16.7,76.8,not set,not set,not set,not set,not set,not set,0,not set,3.02,4.47,164,4.45,46,15,39,12,high,normal,on,on,1.52,1.53,1.52,1.525
2018-01-04,16:05,not set,not set,not set,not set,54,not set,,,not set,not set,2,not set,BathroomLightCommanded,16.7,76.8,not set,not set,not set,not set,not set,not set,0,not set,3.02,4.47,164,4.45,47,15,39,13,high,normal,on,on,1.485,1.48,1.485,1.495
2018-01-04,16:06,not set,not set,not set,not set,70,not set,,,not set,not set,0,not set,BathroomLightCommanded,16.7,77.0,not set,not set,not set,not set,not set,not set,0,not set,3.02,4.47,164,4.45,46,15,39,13,high,normal,on,on,1.46,1.46,1.47,1.465
2018-01-04,16:06,not set,not set,not set,not set,267,not set,,,not set,not set,326,not set,BathroomLightCommanded,16.6,77.1,not set,not set,not set,not set,not set,not set,0,not set,3.02,4.47,164,4.45,46,15,39,13,high,normal,on,on,1.52,1.51,1.505,1.505
2018-01-04,16:06,not set,not set,not set,not set,246,not set,,,not set,not set,340,not set,BathroomLightCommanded,16.6,77.5,not set,not set,not set,not set,not set,not set,0,not set,3.02,4.47,164,4.45,46,15,39,13,high,normal,on,on,1.51,1.515,1.52,1.51
2018-01-04,16:07,not set,not set,not set,not set,289,not set,,,not set,not set,336,not set,BathroomLightCommanded,16.6,77.0,not set,not set,not set,not set,not set,not set,0,not set,3.02,4.47,164,4.45,48,15,39,12,high,normal,on,on,1.525,1.505,1.5,1.49
2018-01-04,16:07,not set,not set,not set,not set,278,not set,,,not set,not set,339,not set,BathroomLightCommanded,16.6,77.5,not set,not set,not set,not set,not set,not set,0,not set,3.02,4.47,164,4.45,50,13,39,13,high,normal,on,on,15.47,15.565,15.57,15.56
2018-01-04,16:08,not set,not set,not set,not set,71,not set,,,not set,not set,347,not set,BathroomLightCommanded,16.6,77.1,not set,not set,not set,not set,not set,not set,0,not set,3.02,4.47,164,4.45,51,13,39,13,high,normal,on,on,15.56,15.745,15.575,15.735
2018-01-04,16:08,not set,not set,not set,not set,63,not set,,,not set,not set,346,not set,BathroomLightCommanded,16.6,77.4,not set,not set,not set,not set,not set,not set,0,not set,3.02,4.47,164,4.45,52,12,39,13,high,normal,on,on,15.57,15.695,15.68,15.695
2018-01-04,16:08,not set,not set,not set,not set,61,not set,,,not set,not set,346,not set,BathroomLightCommanded,16.6,77.4,not set,not set,not set,not set,not set,not set,0,not set,3.02,4.47,164,4.45,51,13,39,13,high,normal,on,on,15.695,15.675,15.605,15.75
2018-01-04,16:09,not set,not set,not set,not set,60,not set,,,not set,not set,348,not set,BathroomLightCommanded,16.6,77.4,not set,not set,not set,not set,not set,not set,0,not set,3.02,4.47,164,4.45,51,12,39,13,high,normal,on,on,15.445,15.59,15.675,15.64
2018-01-04,16:09,not set,not set,not set,not set,60,not set,,,not set,not set,346,not set,BathroomLightCommanded,16.6,77.5,not set,not set,not set,not set,not set,not set,0,not set,3.02,4.47,164,4.45,51,12,39,13,high,normal,on,on,14.865,14.965,14.78,14.975
2018-01-04,16:09,not set,not set,not set,not set,56,not set,,,not set,not set,346,not set,BathroomLightCommanded,16.6,78.0,not set,not set,not set,not set,not set,not set,0,not set,3.02,4.47,164,4.45,51,13,39,13,high,normal,on,on,14.81,14.835,14.84,14.88
2018-01-04,16:10,not set,not set,not set,not set,52,not set,,,not set,not set,0,not set,BathroomLightCommanded,16.6,78.6,not set,not set,not set,not set,not set,not set,0,not set,3.02,4.47,164,4.45,51,12,39,13,high,normal,on,on,0.985,0.98,0.975,0.98
2018-01-04,16:10,not set,not set,not set,not set,55,not set,,,not set,not set,0,not set,BathroomLightCommanded,16.5,78.7,not set,not set,not set,not set,not set,not set,0,not set,3.02,4.47,164,4.45,50,13,39,13,high,normal,on,on,0.98,0.975,0.97,0.97
2018-01-04,16:11,not set,not set,not set,not set,55,not set,,,not set,not set,0,not set,BathroomLightCommanded,16.5,78.7,not set,not set,not set,not set,not set,not set,0,not set,3.02,4.47,164,4.45,50,13,40,13,high,normal,on,on,0.975,0.97,0.975,0.975
2018-01-04,16:11,not set,not set,not set,not set,52,not set,,,not set,not set,0,not set,BathroomLightCommanded,16.5,78.5,not set,not set,not set,not set,not set,not set,0,not set,3.02,4.47,164,4.45,50,13,41,12,high,normal,on,on,0.975,0.985,0.965,0.975
2018-01-04,16:11,not set,not set,not set,not set,53,not set,,,not set,not set,0,not set,BathroomLightCommanded,16.5,78.4,not set,not set,not set,not set,not set,not set,0,not set,3.02,4.47,164,4.45,51,13,41,13,high,normal,on,on,0.97,0.97,0.97,0.975
2018-01-04,16:12,not set,not set,not set,not set,50,not set,,,not set,not set,0,not set,BathroomLightCommanded,16.5,78.5,not set,not set,not set,not set,not set,not set,0,not set,3.02,4.47,164,4.45,50,13,41,13,high,normal,on,on,0.975,0.97,0.97,0.975
2018-01-04,16:12,not set,not set,not set,not set,48,not set,,,not set,not set,0,not set,BathroomLightCommanded,16.4,78.4,not set,not set,not set,not set,not set,not set,0,not set,3.02,4.47,164,4.45,49,13,41,13,high,normal,on,on,0.97,0.98,0.965,0.965
2018-01-04,16:13,not set,not set,not set,not set,44,not set,,,not set,not set,0,not set,BathroomLightCommanded,16.4,78.7,not set,not set,not set,not set,not set,not set,0,not set,3.02,4.47,164,4.45,49,13,41,12,high,normal,on,on,0.98,0.975,0.965,0.975
2018-01-04,16:13,not set,not set,not set,not set,47,not set,,,not set,not set,0,not set,BathroomLightCommanded,16.4,78.5,not set,not set,not set,not set,not set,not set,0,not set,3.02,4.47,164,4.45,49,13,41,13,high,normal,on,on,0.975,0.975,0.97,0.985
2018-01-04,16:13,not set,not set,not set,not set,47,not set,,,not set,not set,0,not set,BathroomLightCommanded,16.4,78.5,not set,not set,not set,not set,not set,not set,0,not set,3.02,4.47,164,4.45,49,13,41,13,high,normal,on,on,0.975,0.97,0.975,0.97
2018-01-04,16:14,not set,not set,not set,not set,44,not set,,,not set,not set,0,not set,BathroomLightCommanded,16.4,78.8,not set,not set,not set,not set,not set,not set,0,not set,3.02,4.47,164,4.45,49,13,41,13,high,normal,on,on,0.975,0.975,0.97,0.98
2018-01-04,16:14,not set,not set,not set,not set,41,not set,,,not set,not set,0,not set,BathroomLightCommanded,16.4,78.7,not set,not set,not set,not set,not set,not set,0,not set,3.02,4.47,164,4.45,49,13,41,13,high,normal,on,on,0.96,0.97,0.97,0.97
2018-01-04,16:14,not set,not set,not set,not set,39,not set,,,not set,not set,0,not set,BathroomLightCommanded,16.4,79.0,not set,not set,not set,not set,not set,not set,0,not set,3.02,4.47,164,4.45,48,13,41,13,high,normal,on,on,0.965,0.98,0.97,0.975
2018-01-04,16:15,not set,not set,not set,not set,39,not set,,,not set,not set,0,not set,BathroomLightCommanded,16.4,79.1,not set,not set,not set,not set,not set,not set,0,not set,3.02,4.47,164,4.45,48,13,42,13,high,normal,on,on,0.97,0.975,0.97,0.98
2018-01-04,16:15,not set,not set,not set,not set,35,not set,,,not set,not set,0,not set,BathroomLightCommanded,16.4,79.2,not set,not set,not set,not set,not set,not set,0,not set,3.02,4.47,164,4.45,48,13,41,13,high,normal,on,on,0.98,0.97,0.97,0.965
2018-01-04,16:16,not set,not set,not set,not set,37,not set,,,not set,not set,0,not set,BathroomLightCommanded,16.3,79.0,not set,not set,not set,not set,not set,not set,0,not set,3.02,4.47,164,4.45,48,13,42,13,high,normal,on,on,0.96,0.975,0.96,0.975
2018-01-04,16:16,not set,not set,not set,not set,38,not set,,,not set,not set,0,not set,BathroomLightCommanded,16.3,79.3,not set,not set,not set,not set,not set,not set,0,not set,3.02,4.47,164,4.45,48,13,42,13,high,normal,on,on,0.97,0.975,0.96,0.97
2018-01-04,16:16,not set,not set,not set,not set,34,not set,,,not set,not set,0,not set,BathroomLightCommanded,16.3,79.6,not set,not set,not set,not set,not set,not set,0,not set,3.02,4.47,164,4.45,48,13,42,14,high,normal,on,on,0.965,0.96,0.97,0.98
2018-01-04,16:17,not set,not set,not set,not set,32,not set,,,not set,not set,0,not set,BathroomLightCommanded,16.3,79.8,not set,not set,not set,not set,not set,not set,0,not set,3.02,4.47,164,4.45,48,13,42,13,high,normal,on,on,0.975,0.97,0.97,0.98
2018-01-04,16:17,not set,not set,not set,not set,31,not set,,,not set,not set,0,not set,BathroomLightCommanded,16.3,80.1,not set,not set,not set,not set,not set,not set,0,not set,3.02,4.47,164,4.45,48,13,42,13,high,normal,on,on,0.975,0.965,0.965,0.975
2018-01-04,16:18,not set,not set,not set,not set,29,not set,,,not set,not set,0,not set,BathroomLightCommanded,16.3,79.8,not set,not set,not set,not set,not set,not set,0,not set,3.02,4.47,164,4.45,48,13,42,13,high,normal,on,on,0.975,0.97,0.975,0.98
2018-01-04,16:18,not set,not set,not set,not set,29,not set,,,not set,not set,0,not set,BathroomLightCommanded,16.3,80.0,not set,not set,not set,not set,not set,not set,0,not set,3.02,4.47,164,4.45,47,13,42,13,high,normal,on,on,0.965,0.97,0.96,0.97
2018-01-04,16:18,not set,not set,not set,not set,28,not set,,,not set,not set,0,not set,BathroomLightCommanded,16.3,80.3,not set,not set,not set,not set,not set,not set,0,not set,3.02,4.47,164,4.45,47,13,41,13,high,normal,on,on,0.975,0.97,0.97,0.97
2018-01-04,16:19,not set,not set,not set,not set,28,not set,,,not set,not set,0,not set,BathroomLightCommanded,16.3,80.2,not set,not set,not set,not set,not set,not set,0,not set,3.02,4.47,164,4.45,47,13,42,13,high,normal,on,on,0.975,0.975,0.97,0.975
2018-01-04,16:19,not set,not set,not set,not set,27,not set,,,not set,not set,0,not set,BathroomLightCommanded,16.3,80.1,not set,not set,not set,not set,not set,not set,0,not set,3.02,4.47,164,4.45,47,14,42,13,high,normal,on,on,0.975,0.98,0.965,0.97
2018-01-04,16:19,not set,not set,not set,not set,23,not set,,,not set,not set,0,not set,BathroomLightCommanded,16.3,80.5,not set,not set,not set,not set,not set,not set,0,not set,3.02,4.47,164,4.45,47,13,42,13,high,normal,on,on,1.09,1.1,1.095,1.09
2018-01-04,16:20,not set,not set,not set,not set,27,not set,,,not set,not set,0,not set,BathroomLightCommanded,16.3,80.3,not set,not set,not set,not set,not set,not set,0,not set,3.02,4.47,164,4.45,48,13,41,13,high,normal,on,on,1.065,1.08,1.07,1.065
2018-01-04,16:20,not set,not set,not set,not set,21,not set,,,not set,not set,0,not set,BathroomLightCommanded,16.3,80.7,not set,not set,not set,not set,not set,not set,0,not set,3.02,4.47,164,4.45,48,14,41,13,high,normal,on,on,1.07,1.08,1.075,1.085
2018-01-04,16:21,not set,not set,not set,not set,21,not set,,,not set,not set,0,not set,BathroomLightCommanded,16.3,80.8,not set,not set,not set,not set,not set,not set,0,not set,3.02,4.47,164,4.45,47,13,41,12,high,normal,on,on,1.08,1.07,1.075,1.07
2018-01-04,16:21,not set,not set,not set,not set,23,not set,,,not set,not set,0,not set,BathroomLightCommanded,16.3,80.6,not set,not set,not set,not set,not set,not set,0,not set,3.02,4.47,164,4.45,47,14,42,13,high,normal,on,on,1.055,1.06,1.06,1.065
2018-01-04,16:21,not set,not set,not set,not set,20,not set,,,not set,not set,0,not set,BathroomLightCommanded,16.3,80.7,not set,not set,not set,not set,not set,not set,0,not set,3.02,4.47,164,4.45,47,14,41,13,high,normal,on,on,1.06,1.055,1.05,1.05
2018-01-04,16:22,not set,not set,not set,not set,19,not set,,,not set,not set,0,not set,BathroomLightCommanded,16.3,80.9,not set,not set,not set,not set,not set,not set,0,not set,3.02,4.47,164,4.45,47,13,41,13,high,normal,on,on,1.045,1.045,1.04,1.045
2018-01-04,16:22,not set,not set,not set,not set,16,not set,,,not set,not set,0,not set,BathroomLightCommanded,16.3,81.1,not set,not set,not set,not set,not set,not set,0,not set,3.02,4.47,164,4.45,47,14,41,13,high,normal,on,on,1.04,1.035,1.03,1.045
2018-01-04,16:23,not set,not set,not set,not set,20,not set,,,not set,not set,0,not set,BathroomLightCommanded,16.3,81.0,not set,not set,not set,not set,not set,not set,0,not set,3.02,4.47,164,4.45,47,14,41,13,high,normal,on,on,1.04,1.03,1.025,1.035
2018-01-04,16:23,not set,not set,not set,not set,19,not set,,,not set,not set,0,not set,BathroomLightCommanded,16.3,80.8,not set,not set,not set,not set,not set,not set,0,not set,3.02,4.47,164,4.45,46,13,41,13,high,normal,on,on,1.03,1.035,1.03,1.04
2018-01-04,16:23,not set,not set,not set,not set,18,not set,,,not set,not set,0,not set,BathroomLightCommanded,16.3,81.0,not set,not set,not set,not set,not set,not set,0,not set,3.02,4.47,164,4.45,47,14,41,13,high,normal,on,on,1.035,1.035,1.035,1.035
2018-01-04,16:24,not set,not set,not set,not set,16,not set,,,not set,not set,0,not set,BathroomLightCommanded,16.3,81.3,not set,not set,not set,not set,not set,not set,0,not set,3.02,4.47,164,4.45,47,14,41,13,high,normal,on,on,1.035,1.04,1.035,1.04
2018-01-04,16:24,not set,not set,not set,not set,15,not set,,,not set,not set,0,not set,BathroomLightCommanded,16.3,81.2,not set,not set,not set,not set,not set,not set,0,not set,3.02,4.47,164,4.45,46,14,41,13,high,normal,on,on,1.035,1.05,1.035,1.045
2018-01-04,16:24,not set,not set,not set,not set,15,not set,,,not set,not set,0,not set,BathroomLightCommanded,16.3,81.4,not set,not set,not set,not set,not set,not set,0,not set,3.02,4.47,164,4.45,46,14,41,13,high,normal,on,on,1.035,1.055,1.05,1.06
2018-01-04,16:25,not set,not set,not set,not set,13,not set,,,not set,not set,0,not set,BathroomLightCommanded,16.3,81.4,not set,not set,not set,not set,not set,not set,0,not set,3.02,4.47,164,4.45,47,14,41,13,high,normal,on,on,1.055,1.055,1.055,1.06
2018-01-04,16:25,not set,not set,not set,not set,14,not set,,,not set,not set,0,not set,BathroomLightCommanded,16.3,81.2,not set,not set,not set,not set,not set,not set,0,not set,3.02,4.47,164,4.45,46,14,41,13,high,normal,on,on,1.035,1.04,1.03,1.035
2018-01-04,16:26,not set,not set,not set,not set,11,not set,,,not set,not set,0,not set,BathroomLightCommanded,16.3,81.3,not set,not set,not set,not set,not set,not set,0,not set,3.02,4.47,164,4.45,47,14,41,13,high,normal,on,on,1.025,1.045,1.04,1.04
2018-01-04,16:26,not set,not set,not set,not set,12,not set,,,not set,not set,0,not set,BathroomLightCommanded,16.3,81.2,not set,not set,not set,not set,not set,not set,0,not set,3.02,4.47,164,4.45,46,14,41,13,high,normal,on,on,1.04,1.045,1.045,1.04
2018-01-04,16:26,not set,not set,not set,not set,9,not set,,,not set,not set,0,not set,BathroomLightCommanded,16.3,81.2,not set,not set,not set,not set,not set,not set,0,not set,3.02,4.47,164,4.45,46,14,42,13,high,normal,on,on,1.04,1.04,1.045,1.045
2018-01-04,16:27,not set,not set,not set,not set,11,not set,,,not set,not set,0,not set,BathroomLightCommanded,16.2,80.9,not set,not set,not set,not set,not set,not set,0,not set,3.02,4.47,164,4.45,46,14,41,13,high,normal,on,on,1.05,1.04,1.03,1.045
2018-01-04,16:27,not set,not set,not set,not set,6,not set,,,not set,not set,0,not set,BathroomLightCommanded,16.3,81.2,not set,not set,not set,not set,not set,not set,0,not set,3.02,4.47,164,4.45,46,14,41,13,high,normal,on,on,1.035,1.035,1.04,1.045
2018-01-04,16:28,not set,not set,not set,not set,8,not set,,,not set,not set,0,not set,BathroomLightCommanded,16.3,81.9,not set,not set,not set,not set,not set,not set,0,not set,3.02,4.47,164,4.45,46,14,41,13,high,normal,on,on,1.045,1.04,1.04,1.045
2018-01-04,16:28,not set,not set,not set,not set,10,not set,,,not set,not set,0,not set,BathroomLightCommanded,16.3,81.7,not set,not set,not set,not set,not set,not set,0,not set,3.02,4.47,164,4.45,46,15,41,13,high,normal,on,on,1.05,1.045,1.045,1.035
2018-01-04,16:28,not set,not set,not set,not set,6,not set,,,not set,not set,0,not set,BathroomLightCommanded,16.3,81.5,not set,not set,not set,not set,not set,not set,0,not set,3.02,4.47,164,4.45,46,14,41,13,high,normal,on,on,1.045,1.05,1.045,1.055
2018-01-04,16:29,not set,not set,not set,not set,7,not set,,,not set,not set,0,not set,BathroomLightCommanded,16.3,81.7,not set,not set,not set,not set,not set,not set,0,not set,3.02,4.47,164,4.45,46,14,41,13,high,normal,on,on,1.055,1.04,1.04,1.03
2018-01-04,16:29,not set,not set,not set,not set,9,not set,,,not set,not set,0,not set,BathroomLightCommanded,16.3,81.7,not set,not set,not set,not set,not set,not set,0,not set,3.02,4.47,164,4.45,45,14,40,13,high,normal,on,on,1.035,1.045,1.035,1.04
2018-01-04,16:29,not set,not set,not set,not set,5,not set,,,not set,not set,0,not set,BathroomLightCommanded,16.3,81.7,not set,not set,not set,not set,not set,not set,0,not set,3.02,4.47,164,4.45,46,14,41,13,high,normal,on,on,1.045,1.045,1.045,1.05
2018-01-04,16:30,not set,not set,not set,not set,8,not set,,,not set,not set,0,not set,BathroomLightCommanded,16.3,81.7,not set,not set,not set,not set,not set,not set,0,not set,3.02,4.47,164,4.45,46,14,41,13,high,normal,on,on,1.035,1.045,1.035,1.045
2018-01-04,16:30,not set,not set,not set,not set,8,not set,,,not set,not set,0,not set,BathroomLightCommanded,16.2,81.5,not set,not set,not set,not set,not set,not set,0,not set,3.02,4.47,164,4.45,46,14,41,13,high,normal,on,on,1.04,1.04,1.035,1.05
2018-01-04,16:31,not set,not set,not set,not set,6,not set,,,not set,not set,0,not set,BathroomLightCommanded,16.2,81.6,not set,not set,not set,not set,not set,not set,0,not set,3.02,4.47,164,4.45,45,14,41,13,high,normal,on,on,1.035,1.04,1.025,1.035
2018-01-04,16:31,not set,not set,not set,not set,6,not set,,,not set,not set,0,not set,BathroomLightCommanded,16.2,81.4,not set,not set,not set,not set,not set,not set,0,not set,3.02,4.47,164,4.45,45,14,40,13,high,normal,on,on,1.04,1.04,1.03,1.025
2018-01-04,16:31,not set,not set,not set,not set,5,not set,,,not set,not set,0,not set,BathroomLightCommanded,16.2,81.2,not set,not set,not set,not set,not set,not set,0,not set,3.02,4.47,164,4.45,46,14,40,13,high,normal,on,on,1.015,1.025,1.03,1.035
2018-01-04,16:32,not set,not set,not set,not set,2,not set,,,not set,not set,0,not set,BathroomLightCommanded,16.2,81.3,not set,not set,not set,not set,not set,not set,0,not set,3.02,4.47,164,4.45,45,14,41,13,high,normal,on,on,1.03,1.035,1.03,1.03
2018-01-04,16:32,not set,not set,not set,not set,4,not set,,,not set,not set,0,not set,BathroomLightCommanded,16.2,81.3,not set,not set,not set,not set,not set,not set,0,not set,3.02,4.47,164,4.45,46,14,40,13,high,normal,on,on,1.015,1.015,1.015,1.04
2018-01-04,16:33,not set,not set,not set,not set,2,not set,,,not set,not set,0,not set,BathroomLightCommanded,16.2,81.2,not set,not set,not set,not set,not set,not set,0,not set,3.02,4.47,164,4.45,46,14,41,13,high,normal,on,on,1.025,1.025,1.02,1.035
2018-01-04,16:33,not set,not set,not set,not set,6,not set,,,not set,not set,0,not set,BathroomLightCommanded,16.2,81.3,not set,not set,not set,not set,not set,not set,0,not set,3.02,4.47,164,4.45,46,14,41,13,high,normal,on,on,1.03,1.035,1.035,1.025
2018-01-04,16:33,not set,not set,not set,not set,5,not set,,,not set,not set,0,not set,BathroomLightCommanded,16.2,81.2,not set,not set,not set,not set,not set,not set,0,not set,3.02,4.47,164,4.45,46,14,40,13,high,normal,on,on,1.03,1.02,1.035,1.035
2018-01-04,16:34,not set,not set,not set,not set,4,not set,,,not set,not set,0,not set,BathroomLightCommanded,16.2,81.5,not set,not set,not set,not set,not set,not set,0,not set,3.02,4.47,164,4.45,46,14,40,13,high,normal,on,on,1.03,1.03,1.03,1.03
2018-01-04,16:34,not set,not set,not set,not set,5,not set,,,not set,not set,0,not set,BathroomLightCommanded,16.2,81.6,not set,not set,not set,not set,not set,not set,0,not set,3.02,4.47,164,4.45,46,14,40,13,high,normal,on,on,1.03,1.02,1.03,1.03
2018-01-04,16:34,not set,not set,not set,not set,3,not set,,,not set,not set,0,not set,BathroomLightCommanded,16.2,81.7,not set,not set,not set,not set,not set,not set,0,not set,3.02,4.47,164,4.45,46,14,40,13,high,normal,on,on,1.03,1.025,1.025,1.025
2018-01-04,16:35,not set,not set,not set,not set,1,not set,,,not set,not set,0,not set,BathroomLightCommanded,16.2,82.4,not set,not set,not set,not set,not set,not set,0,not set,3.02,4.47,164,4.45,45,14,40,12,high,normal,on,on,1.04,1.05,1.045,1.04
2018-01-04,16:35,not set,not set,not set,not set,1,not set,,,not set,not set,0,not set,BathroomLightCommanded,16.2,82.1,not set,not set,not set,not set,not set,not set,0,not set,3.02,4.47,164,4.45,45,14,40,13,high,normal,on,on,1.025,1.03,1.02,1.025
2018-01-04,16:36,not set,not set,not set,not set,3,not set,,,not set,not set,0,not set,BathroomLightCommanded,16.2,81.9,not set,not set,not set,not set,not set,not set,0,not set,3.02,4.47,164,4.45,45,14,40,13,high,normal,on,on,1.03,1.01,1.015,1.015
2018-01-04,16:36,not set,not set,not set,not set,1,not set,,,not set,not set,0,not set,BathroomLightCommanded,16.2,81.9,not set,not set,not set,not set,not set,not set,0,not set,3.02,4.47,164,4.45,45,14,40,13,high,normal,on,on,1.02,1.015,1.02,1.025
2018-01-04,16:36,not set,not set,not set,not set,0,not set,,,not set,not set,0,not set,BathroomLightCommanded,16.2,81.8,not set,not set,not set,not set,not set,not set,0,not set,3.02,4.47,164,4.45,45,14,40,13,high,normal,on,on,1.01,1.02,1.01,1.015
2018-01-04,16:37,not set,not set,not set,not set,0,not set,,,not set,not set,0,not set,BathroomLightCommanded,16.2,81.8,not set,not set,not set,not set,not set,not set,0,not set,3.02,4.47,164,4.45,45,14,40,13,high,normal,on,on,1.02,1.03,1.01,1.02
2018-01-04,16:37,not set,not set,not set,not set,3,not set,,,not set,not set,0,not set,BathroomLightCommanded,16.2,81.7,not set,not set,not set,not set,not set,not set,0,not set,3.02,4.47,164,4.45,46,14,40,13,high,normal,on,on,1.005,1.015,1.015,1.01
2018-01-04,16:38,not set,not set,not set,not set,1,not set,,,not set,not set,0,not set,BathroomLightCommanded,16.2,81.9,not set,not set,not set,not set,not set,not set,0,not set,3.02,4.47,164,4.45,45,14,40,13,high,normal,on,on,1.01,1.01,1.005,1.01
2018-01-04,16:38,not set,not set,not set,not set,3,not set,,,not set,not set,0,not set,BathroomLightCommanded,16.2,81.9,not set,not set,not set,not set,not set,not set,0,not set,3.02,4.47,164,4.45,45,14,40,13,high,normal,on,on,1.015,1.02,1.015,1.02
2018-01-04,16:38,not set,not set,not set,not set,0,not set,,,not set,not set,0,not set,BathroomLightCommanded,16.2,81.8,not set,not set,not set,not set,not set,not set,0,not set,3.02,4.47,164,4.45,45,14,40,13,high,normal,on,on,1.01,1.015,1.025,1.02
2018-01-04,16:39,not set,not set,not set,not set,0,not set,,,not set,not set,0,not set,BathroomLightCommanded,16.2,81.7,not set,not set,not set,not set,not set,not set,0,not set,3.02,4.47,164,4.45,45,14,40,13,high,normal,on,on,1.01,1.01,1.01,1.01
2018-01-04,16:39,not set,not set,not set,not set,3,not set,,,not set,not set,0,not set,BathroomLightCommanded,16.2,82.1,not set,not set,not set,not set,not set,not set,0,not set,3.02,4.47,164,4.45,45,14,40,13,high,normal,on,on,1.005,1.01,1.0,1.02
2018-01-04,16:39,not set,not set,not set,not set,2,not set,,,not set,not set,0,not set,BathroomLightCommanded,16.2,81.9,not set,not set,not set,not set,not set,not set,0,not set,3.02,4.47,164,4.45,45,14,40,13,high,normal,on,on,1.01,1.025,1.01,1.01
2018-01-04,16:40,not set,not set,not set,not set,0,not set,,,not set,not set,0,not set,BathroomLightCommanded,16.2,82.0,not set,not set,not set,not set,not set,not set,0,not set,3.02,4.47,164,4.45,45,14,40,13,high,normal,on,on,1.01,1.005,1.01,1.01
2018-01-04,16:40,not set,not set,not set,not set,0,not set,,,not set,not set,0,not set,BathroomLightCommanded,16.2,82.3,not set,not set,not set,not set,not set,not set,0,not set,3.02,4.47,164,4.45,45,15,40,13,high,normal,on,on,1.01,1.005,1.005,1.01
2018-01-04,16:41,not set,not set,not set,not set,3,not set,,,not set,not set,0,not set,BathroomLightCommanded,16.2,81.9,not set,not set,not set,not set,not set,not set,0,not set,3.02,4.47,164,4.45,45,14,40,13,high,normal,on,on,1.02,1.01,1.01,1.01
2018-01-04,16:41,not set,not set,not set,not set,0,not set,,,not set,not set,0,not set,BathroomLightCommanded,16.2,81.8,not set,not set,not set,not set,not set,not set,0,not set,3.02,4.47,164,4.45,45,14,40,13,high,normal,on,on,1.0,1.015,1.01,1.015
2018-01-04,16:41,not set,not set,not set,not set,0,not set,,,not set,not set,0,not set,BathroomLightCommanded,16.2,81.7,not set,not set,not set,not set,not set,not set,0,not set,3.02,4.47,164,4.45,45,15,40,13,high,normal,on,on,1.005,1.005,1.0,1.005
2018-01-04,16:42,not set,not set,not set,not set,0,not set,,,not set,not set,0,not set,BathroomLightCommanded,16.2,82.4,not set,not set,not set,not set,not set,not set,0,not set,3.02,4.47,164,4.45,45,14,40,13,high,normal,on,on,1.0,1.015,1.015,1.01
2018-01-04,16:42,not set,not set,not set,not set,0,not set,,,not set,not set,0,not set,BathroomLightCommanded,16.2,81.8,not set,not set,not set,not set,not set,not set,0,not set,3.02,4.47,164,4.45,46,14,40,13,high,normal,on,on,1.0,0.995,1.005,1.005
2018-01-04,16:43,not set,not set,not set,not set,0,not set,,,not set,not set,0,not set,BathroomLightCommanded,16.2,81.9,not set,not set,not set,not set,not set,not set,0,not set,3.02,4.47,164,4.45,45,14,40,13,high,normal,on,on,1.0,1.015,1.01,1.0
2018-01-04,16:43,not set,not set,not set,not set,0,not set,,,not set,not set,0,not set,BathroomLightCommanded,16.2,81.7,not set,not set,not set,not set,not set,not set,0,not set,3.02,4.47,164,4.45,45,15,40,13,high,normal,on,on,1.005,1.01,1.01,1.015
2018-01-04,16:43,not set,not set,not set,not set,0,not set,,,not set,not set,0,not set,BathroomLightCommanded,16.2,81.6,not set,not set,not set,not set,not set,not set,0,not set,3.02,4.47,164,4.45,45,14,39,13,high,normal,on,on,0.995,1.005,1.0,1.005
2018-01-04,16:44,not set,not set,not set,not set,0,not set,,,not set,not set,0,not set,BathroomLightCommanded,16.2,81.6,not set,not set,not set,not set,not set,not set,0,not set,3.02,4.47,164,4.45,45,15,40,13,high,normal,on,on,1.0,0.995,0.995,1.005
2018-01-04,16:44,not set,not set,not set,not set,1,not set,,,not set,not set,0,not set,BathroomLightCommanded,16.2,82.0,not set,not set,not set,not set,not set,not set,0,not set,3.02,4.47,164,4.45,45,15,40,13,high,normal,on,on,1.005,1.005,1.005,1.0
2018-01-04,16:44,not set,not set,not set,not set,0,not set,,,not set,not set,0,not set,BathroomLightCommanded,16.2,82.0,not set,not set,not set,not set,not set,not set,0,not set,3.02,4.47,164,4.45,45,14,40,13,high,normal,on,on,1.0,1.0,0.985,0.995
2018-01-04,16:45,not set,not set,not set,not set,0,not set,,,not set,not set,0,not set,BathroomLightCommanded,16.2,82.1,not set,not set,not set,not set,not set,not set,0,not set,3.02,4.47,164,4.45,45,14,39,13,high,normal,on,on,1.005,1.0,0.99,1.0
2018-01-04,16:45,not set,not set,not set,not set,0,not set,,,not set,not set,0,not set,BathroomLightCommanded,16.2,81.6,not set,not set,not set,not set,not set,not set,0,not set,3.02,4.47,164,4.45,45,15,40,13,high,normal,on,on,1.01,1.01,1.0,1.005
2018-01-04,16:46,not set,not set,not set,not set,0,not set,,,not set,not set,0,not set,BathroomLightCommanded,16.2,81.6,not set,not set,not set,not set,not set,not set,0,not set,3.02,4.47,164,4.45,45,14,39,13,high,normal,on,on,0.995,1.01,0.995,1.005
2018-01-04,16:46,not set,not set,not set,not set,0,not set,,,not set,not set,0,not set,BathroomLightCommanded,16.2,81.8,not set,not set,not set,not set,not set,not set,0,not set,3.02,4.47,164,4.45,45,15,39,13,high,normal,on,on,1.005,1.02,1.0,1.01
2018-01-04,16:46,not set,not set,not set,not set,2,not set,,,not set,not set,0,not set,BathroomLightCommanded,16.2,82.0,not set,not set,not set,not set,not set,not set,0,not set,3.02,4.47,164,4.45,45,15,39,13,high,normal,on,on,1.005,1.0,1.01,1.005
2018-01-04,16:47,not set,not set,not set,not set,1,not set,,,not set,not set,0,not set,BathroomLightCommanded,16.2,82.0,not set,not set,not set,not set,not set,not set,0,not set,3.02,4.47,164,4.45,45,15,39,13,high,normal,on,on,1.015,1.005,1.0,0.995
2018-01-04,16:47,not set,not set,not set,not set,2,not set,,,not set,not set,0,not set,BathroomLightCommanded,16.2,81.8,not set,not set,not set,not set,not set,not set,0,not set,3.02,4.47,164,4.45,45,16,39,13,high,normal,on,on,0.995,0.975,0.985,0.99
2018-01-04,16:48,not set,not set,not set,not set,1,not set,,,not set,not set,0,not set,BathroomLightCommanded,16.2,81.9,not set,not set,not set,not set,not set,not set,0,not set,3.02,4.47,164,4.45,45,15,39,13,high,normal,on,on,1.0,1.005,1.0,1.0
2018-01-04,16:48,not set,not set,not set,not set,0,not set,,,not set,not set,0,not set,BathroomLightCommanded,16.1,81.5,not set,not set,not set,not set,not set,not set,0,not set,3.02,4.47,164,4.45,45,15,39,13,high,normal,on,on,0.99,0.995,0.975,0.995
2018-01-04,16:48,not set,not set,not set,not set,0,not set,,,not set,not set,0,not set,BathroomLightCommanded,16.2,81.6,not set,not set,not set,not set,not set,not set,0,not set,3.02,4.47,164,4.45,45,15,39,13,high,normal,on,on,0.99,0.995,1.0,0.99
2018-01-04,16:49,not set,not set,not set,not set,0,not set,,,not set,not set,0,not set,BathroomLightCommanded,16.1,81.7,not set,not set,not set,not set,not set,not set,0,not set,3.02,4.47,164,4.45,44,15,39,13,high,normal,on,on,1.005,1.01,0.995,0.98
2018-01-04,16:49,not set,not set,not set,not set,0,not set,,,not set,not set,0,not set,BathroomLightCommanded,16.1,81.8,not set,not set,not set,not set,not set,not set,0,not set,3.02,4.47,164,4.45,45,15,39,13,high,normal,on,on,1.0,1.0,0.995,0.985
2018-01-04,16:49,not set,not set,not set,not set,1,not set,,,not set,not set,0,not set,BathroomLightCommanded,16.1,81.6,not set,not set,not set,not set,not set,not set,0,not set,3.02,4.47,164,4.45,45,15,39,13,high,normal,on,on,0.99,0.995,0.99,1.0
2018-01-04,16:50,not set,not set,not set,not set,1,not set,,,not set,not set,0,not set,BathroomLightCommanded,16.1,81.9,not set,not set,not set,not set,not set,not set,0,not set,3.02,4.47,164,4.45,45,16,39,13,high,normal,on,on,0.99,1.0,1.0,0.995
2018-01-04,16:50,not set,not set,not set,not set,2,not set,,,not set,not set,0,not set,BathroomLightCommanded,16.1,81.4,not set,not set,not set,not set,not set,not set,0,not set,3.02,4.47,164,4.45,44,15,39,13,high,normal,on,on,0.985,0.99,0.98,0.99
2018-01-04,16:51,not set,not set,not set,not set,0,not set,,,not set,not set,0,not set,BathroomLightCommanded,16.1,81.4,not set,not set,not set,not set,not set,not set,0,not set,3.02,4.47,164,4.45,45,15,39,13,high,normal,on,on,0.985,0.99,0.985,0.99
2018-01-04,16:51,not set,not set,not set,not set,0,not set,,,not set,not set,0,not set,BathroomLightCommanded,16.1,81.9,not set,not set,not set,not set,not set,not set,0,not set,3.02,4.47,164,4.45,45,15,39,13,high,normal,on,on,0.98,0.975,1.0,0.995
2018-01-04,16:51,not set,not set,not set,not set,0,not set,,,not set,not set,0,not set,BathroomLightCommanded,16.1,82.1,not set,not set,not set,not set,not set,not set,0,not set,3.02,4.47,164,4.45,45,15,39,13,high,normal,on,on,0.995,0.985,0.985,0.985
2018-01-04,16:52,not set,not set,not set,not set,2,not set,,,not set,not set,0,not set,BathroomLightCommanded,16.1,81.8,not set,not set,not set,not set,not set,not set,0,not set,3.02,4.47,164,4.45,45,15,39,13,high,normal,on,on,0.99,0.98,0.985,0.99
2018-01-04,16:52,not set,not set,not set,not set,0,not set,,,not set,not set,0,not set,BathroomLightCommanded,16.1,81.7,not set,not set,not set,not set,not set,not set,0,not set,3.02,4.47,164,4.45,45,15,39,13,high,normal,on,on,0.99,0.985,0.985,1.005
2018-01-04,16:53,not set,not set,not set,not set,0,not set,,,not set,not set,0,not set,BathroomLightCommanded,16.1,81.8,not set,not set,not set,not set,not set,not set,0,not set,3.02,4.47,164,4.45,45,15,39,13,high,normal,on,on,0.985,0.995,0.99,0.975
2018-01-04,16:53,not set,not set,not set,not set,0,not set,,,not set,not set,0,not set,BathroomLightCommanded,16.1,81.8,not set,not set,not set,not set,not set,not set,0,not set,3.02,4.47,164,4.45,45,15,39,13,high,normal,on,on,0.98,0.99,0.975,0.985
2018-01-04,16:53,not set,not set,not set,not set,0,not set,,,not set,not set,0,not set,BathroomLightCommanded,16.1,82.0,not set,not set,not set,not set,not set,not set,0,not set,3.02,4.47,164,4.45,45,15,39,12,high,normal,on,on,0.985,0.995,0.99,0.99
2018-01-04,16:54,not set,not set,not set,not set,0,not set,,,not set,not set,0,not set,BathroomLightCommanded,16.1,81.9,not set,not set,not set,not set,not set,not set,0,not set,3.02,4.47,164,4.45,45,15,39,13,high,normal,on,on,0.98,0.99,0.98,0.99
2018-01-04,16:54,not set,not set,not set,not set,0,not set,,,not set,not set,0,not set,BathroomLightCommanded,16.1,82.0,not set,not set,not set,not set,not set,not set,0,not set,3.02,4.47,164,4.45,45,15,39,13,high,normal,on,on,0.985,0.985,0.985,0.99
2018-01-04,16:54,not set,not set,not set,not set,0,not set,,,not set,not set,0,not set,BathroomLightCommanded,16.1,81.9,not set,not set,not set,not set,not set,not set,0,not set,3.02,4.47,164,4.45,45,15,39,13,high,normal,on,on,0.975,0.99,0.98,0.98
2018-01-04,16:55,not set,not set,not set,not set,0,not set,,,not set,not set,0,not set,BathroomLightCommanded,16.1,81.8,not set,not set,not set,not set,not set,not set,0,not set,3.02,4.47,164,4.45,45,15,39,13,high,normal,on,on,0.985,0.995,0.97,0.97
2018-01-04,16:55,not set,not set,not set,not set,0,not set,,,not set,not set,0,not set,BathroomLightCommanded,16.1,81.7,not set,not set,not set,not set,not set,not set,0,not set,3.02,4.47,164,4.45,45,15,39,13,high,normal,on,on,0.985,0.985,0.985,0.985
2018-01-04,16:56,not set,not set,not set,not set,2,not set,,,not set,not set,0,not set,BathroomLightCommanded,16.1,81.5,not set,not set,not set,not set,not set,not set,0,not set,3.02,4.47,164,4.45,45,16,40,13,high,normal,on,on,0.98,0.98,0.975,0.98
2018-01-04,16:56,not set,not set,not set,not set,0,not set,,,not set,not set,0,not set,BathroomLightCommanded,16.1,81.7,not set,not set,not set,not set,not set,not set,0,not set,3.02,4.47,164,4.45,45,15,39,13,high,normal,on,on,0.97,0.985,0.98,0.97
2018-01-04,16:56,not set,not set,not set,not set,0,not set,,,not set,not set,0,not set,BathroomLightCommanded,16.1,81.8,not set,not set,not set,not set,not set,not set,0,not set,3.02,4.47,164,4.45,44,15,39,13,high,normal,on,on,0.985,0.995,0.98,0.975
2018-01-04,16:57,not set,not set,not set,not set,1,not set,,,not set,not set,0,not set,BathroomLightCommanded,16.1,82.1,not set,not set,not set,not set,not set,not set,0,not set,3.02,4.47,164,4.45,46,15,39,13,high,normal,on,on,0.98,0.985,0.97,0.985
2018-01-04,16:57,not set,not set,not set,not set,0,not set,,,not set,not set,0,not set,BathroomLightCommanded,16.1,81.7,not set,not set,not set,not set,not set,not set,0,not set,3.02,4.47,164,4.45,45,15,39,13,high,normal,on,on,0.97,0.97,0.955,0.975
2018-01-04,16:58,not set,not set,not set,not set,0,not set,,,not set,not set,0,not set,BathroomLightCommanded,16.1,81.7,not set,not set,not set,not set,not set,not set,0,not set,3.02,4.47,164,4.45,46,15,39,13,high,normal,on,on,0.965,0.965,0.97,0.975
2018-01-04,16:58,not set,not set,not set,not set,0,not set,,,not set,not set,0,not set,BathroomLightCommanded,16.1,81.7,not set,not set,not set,not set,not set,not set,0,not set,3.02,4.47,164,4.45,45,15,39,13,high,normal,on,on,0.965,0.97,0.975,0.97
2018-01-04,16:58,not set,not set,not set,not set,0,not set,,,not set,not set,0,not set,BathroomLightCommanded,16.1,82.0,not set,not set,not set,not set,not set,not set,0,not set,3.02,4.47,164,4.45,44,15,39,13,high,normal,on,on,0.97,0.97,0.97,0.97
2018-01-04,16:59,not set,not set,not set,not set,0,not set,,,not set,not set,0,not set,BathroomLightCommanded,16.1,81.8,not set,not set,not set,not set,not set,not set,0,not set,3.02,4.47,164,4.45,44,15,39,13,high,normal,on,on,0.97,0.975,0.97,0.965
2018-01-04,16:59,not set,not set,not set,not set,0,not set,,,not set,not set,0,not set,BathroomLightCommanded,16.1,81.9,not set,not set,not set,not set,not set,not set,0,not set,3.02,4.47,164,4.45,44,15,39,13,high,normal,on,on,0.975,0.97,0.97,0.975
2018-01-04,16:59,not set,not set,not set,not set,0,not set,,,not set,not set,0,not set,BathroomLightCommanded,16.1,81.6,not set,not set,not set,not set,not set,not set,0,not set,3.02,4.47,164,4.45,44,15,39,13,high,normal,on,on,0.975,0.975,0.975,0.975
2018-01-04,17:00,not set,not set,not set,not set,0,not set,,,not set,not set,0,not set,BathroomLightCommanded,16.1,81.5,not set,not set,not set,not set,not set,not set,0,not set,3.02,4.47,164,4.45,44,15,39,13,high,normal,on,on,0.98,0.975,0.97,0.975
2018-01-04,17:00,not set,not set,not set,not set,0,not set,,,not set,not set,0,not set,BathroomLightCommanded,16.1,81.7,not set,not set,not set,not set,not set,not set,0,not set,3.02,4.47,164,4.45,45,15,39,13,high,normal,on,on,0.975,0.975,0.97,0.975
2018-01-04,17:01,not set,not set,not set,not set,0,not set,,,not set,not set,0,not set,BathroomLightCommanded,16.1,81.3,not set,not set,not set,not set,not set,not set,0,not set,3.02,4.47,164,4.45,44,15,39,13,high,normal,on,on,0.97,0.975,0.97,0.975
2018-01-04,17:01,not set,not set,not set,not set,0,not set,,,not set,not set,0,not set,BathroomLightCommanded,16.1,81.8,not set,not set,not set,not set,not set,not set,0,not set,3.02,4.47,164,4.45,44,15,38,13,high,normal,on,on,0.975,0.98,0.97,0.975
2018-01-04,17:01,not set,not set,not set,not set,0,not set,,,not set,not set,0,not set,BathroomLightCommanded,16.1,81.9,not set,not set,not set,not set,not set,not set,0,not set,3.02,4.47,164,4.45,44,15,39,13,high,normal,on,on,0.975,0.965,0.975,0.975
2018-01-04,17:02,not set,not set,not set,not set,0,not set,,,not set,not set,0,not set,BathroomLightCommanded,16.1,81.7,not set,not set,not set,not set,not set,not set,0,not set,3.02,4.47,164,4.45,44,15,38,13,high,normal,on,on,0.97,0.98,0.96,0.975
2018-01-04,17:02,not set,not set,not set,not set,0,not set,,,not set,not set,0,not set,BathroomLightCommanded,16.1,81.9,not set,not set,not set,not set,not set,not set,0,not set,3.02,4.47,164,4.45,44,15,39,13,high,normal,on,on,0.98,0.97,0.97,0.975
2018-01-04,17:03,not set,not set,not set,not set,0,not set,,,not set,not set,0,not set,BathroomLightCommanded,16.1,81.6,not set,not set,not set,not set,not set,not set,0,not set,3.02,4.47,164,4.45,44,15,39,13,high,normal,on,on,0.975,0.98,0.965,0.975
2018-01-04,17:03,not set,not set,not set,not set,3,not set,,,not set,not set,0,not set,BathroomLightCommanded,16.1,81.9,not set,not set,not set,not set,not set,not set,0,not set,3.02,4.47,164,4.45,44,15,38,13,high,normal,on,on,0.965,0.975,0.97,0.97
2018-01-04,17:03,not set,not set,not set,not set,0,not set,,,not set,not set,0,not set,BathroomLightCommanded,16.1,81.5,not set,not set,not set,not set,not set,not set,0,not set,3.02,4.47,164,4.45,44,15,39,13,high,normal,on,on,0.965,0.975,0.965,0.97
2018-01-04,17:04,not set,not set,not set,not set,0,not set,,,not set,not set,0,not set,BathroomLightCommanded,16.1,81.8,not set,not set,not set,not set,not set,not set,0,not set,3.02,4.47,164,4.45,44,15,38,13,high,normal,on,on,0.965,0.975,0.97,0.96
2018-01-04,17:04,not set,not set,not set,not set,0,not set,,,not set,not set,0,not set,BathroomLightCommanded,16.1,81.5,not set,not set,not set,not set,not set,not set,0,not set,3.02,4.47,164,4.45,44,15,38,13,high,normal,on,on,0.965,0.975,0.97,0.975
2018-01-04,17:04,not set,not set,not set,not set,1,not set,,,not set,not set,0,not set,BathroomLightCommanded,16.1,81.3,not set,not set,not set,not set,not set,not set,0,not set,3.02,4.47,164,4.45,44,15,39,13,high,normal,on,on,0.975,0.97,0.975,0.975
2018-01-04,17:05,not set,not set,not set,not set,1,not set,,,not set,not set,0,not set,BathroomLightCommanded,16.1,81.4,not set,not set,not set,not set,not set,not set,0,not set,3.02,4.47,164,4.45,44,15,38,13,high,normal,on,on,0.97,0.97,0.975,0.96
2018-01-04,17:05,not set,not set,not set,not set,0,not set,,,not set,not set,0,not set,BathroomLightCommanded,16.1,81.8,not set,not set,not set,not set,not set,not set,0,not set,3.02,4.47,164,4.45,44,15,38,13,high,normal,on,on,0.975,0.98,0.965,0.975
2018-01-04,17:06,not set,not set,not set,not set,0,not set,,,not set,not set,0,not set,BathroomLightCommanded,16.1,81.5,not set,not set,not set,not set,not set,not set,0,not set,3.02,4.47,164,4.45,44,16,39,13,high,normal,on,on,0.965,0.97,0.97,0.97
2018-01-04,17:06,not set,not set,not set,not set,1,not set,,,not set,not set,0,not set,BathroomLightCommanded,16.1,81.5,not set,not set,not set,not set,not set,not set,0,not set,3.02,4.47,164,4.45,44,15,39,13,high,normal,on,on,0.975,0.975,0.97,0.965
2018-01-04,17:06,not set,not set,not set,not set,0,not set,,,not set,not set,0,not set,BathroomLightCommanded,16.1,81.4,not set,not set,not set,not set,not set,not set,0,not set,3.02,4.47,164,4.45,44,15,38,13,high,normal,on,on,0.98,0.975,0.97,0.975
2018-01-04,17:07,not set,not set,not set,not set,0,not set,,,not set,not set,0,not set,BathroomLightCommanded,16.1,81.4,not set,not set,not set,not set,not set,not set,0,not set,3.02,4.47,164,4.45,44,15,38,13,high,normal,on,on,0.97,0.99,0.975,0.98
2018-01-04,17:07,not set,not set,not set,not set,0,not set,,,not set,not set,0,not set,BathroomLightCommanded,16.1,81.4,not set,not set,not set,not set,not set,not set,0,not set,3.02,4.47,164,4.45,44,15,38,13,high,normal,on,on,0.975,0.98,0.97,0.975
2018-01-04,17:08,not set,not set,not set,not set,0,not set,,,not set,not set,0,not set,BathroomLightCommanded,16.1,81.4,not set,not set,not set,not set,not set,not set,0,not set,3.02,4.47,164,4.45,44,15,38,13,high,normal,on,on,0.98,0.975,0.975,0.97
2018-01-04,17:08,not set,not set,not set,not set,0,not set,,,not set,not set,0,not set,BathroomLightCommanded,16.1,81.6,not set,not set,not set,not set,not set,not set,0,not set,3.02,4.47,164,4.45,44,15,38,13,high,normal,on,on,0.965,0.98,0.97,0.985
2018-01-04,17:08,not set,not set,not set,not set,1,not set,,,not set,not set,0,not set,BathroomLightCommanded,16.1,81.5,not set,not set,not set,not set,not set,not set,0,not set,3.02,4.47,164,4.45,44,15,38,13,high,normal,on,on,0.97,0.975,0.96,0.985
2018-01-04,17:09,not set,not set,not set,not set,0,not set,,,not set,not set,0,not set,BathroomLightCommanded,16.1,81.6,not set,not set,not set,not set,not set,not set,0,not set,3.02,4.47,164,4.45,44,15,38,13,high,normal,on,on,0.97,0.97,0.97,0.98
2018-01-04,17:09,not set,not set,not set,not set,0,not set,,,not set,not set,0,not set,BathroomLightCommanded,16.1,81.4,not set,not set,not set,not set,not set,not set,0,not set,3.02,4.47,164,4.45,44,15,38,13,high,normal,on,on,0.975,0.96,0.97,0.96
2018-01-04,17:09,not set,not set,not set,not set,2,not set,,,not set,not set,0,not set,BathroomLightCommanded,16.1,81.2,not set,not set,not set,not set,not set,not set,0,not set,3.02,4.47,164,4.45,44,15,38,13,high,normal,on,on,0.97,0.965,0.96,0.97
2018-01-04,17:10,not set,not set,not set,not set,1,not set,,,not set,not set,0,not set,BathroomLightCommanded,16.1,81.2,not set,not set,not set,not set,not set,not set,0,not set,3.02,4.47,164,4.45,44,15,38,13,high,normal,on,on,0.975,0.97,0.96,0.975
2018-01-04,17:10,not set,not set,not set,not set,0,not set,,,not set,not set,0,not set,BathroomLightCommanded,16.1,81.2,not set,not set,not set,not set,not set,not set,0,not set,3.02,4.47,164,4.45,44,15,38,13,high,normal,on,on,0.97,0.975,0.97,0.97
2018-01-04,17:11,not set,not set,not set,not set,0,not set,,,not set,not set,0,not set,BathroomLightCommanded,16.1,81.4,not set,not set,not set,not set,not set,not set,0,not set,3.02,4.47,164,4.45,44,15,38,13,high,normal,on,on,0.98,0.97,0.975,0.975
2018-01-04,17:11,not set,not set,not set,not set,0,not set,,,not set,not set,0,not set,BathroomLightCommanded,16.1,81.5,not set,not set,not set,not set,not set,not set,0,not set,3.02,4.47,164,4.45,44,15,38,13,high,normal,on,on,0.965,0.97,0.975,0.975
2018-01-04,17:11,not set,not set,not set,not set,1,not set,,,not set,not set,0,not set,BathroomLightCommanded,16.1,81.3,not set,not set,not set,not set,not set,not set,0,not set,3.02,4.47,164,4.45,44,15,38,13,high,normal,on,on,0.98,0.975,0.975,0.975
2018-01-04,17:12,not set,not set,not set,not set,0,not set,,,not set,not set,0,not set,BathroomLightCommanded,16.1,81.2,not set,not set,not set,not set,not set,not set,0,not set,3.02,4.47,164,4.45,44,15,38,13,high,normal,on,on,0.98,0.975,0.98,0.975
2018-01-04,17:12,not set,not set,not set,not set,1,not set,,,not set,not set,0,not set,BathroomLightCommanded,16.1,81.3,not set,not set,not set,not set,not set,not set,0,not set,3.02,4.47,164,4.45,44,15,38,13,high,normal,on,on,0.98,0.975,0.975,0.965
2018-01-04,17:13,not set,not set,not set,not set,0,not set,,,not set,not set,0,not set,BathroomLightCommanded,16.1,81.1,not set,not set,not set,not set,not set,not set,0,not set,3.02,4.47,164,4.45,45,15,38,13,high,normal,on,on,0.96,0.975,0.965,0.965
2018-01-04,17:13,not set,not set,not set,not set,0,not set,,,not set,not set,0,not set,BathroomLightCommanded,16.1,81.4,not set,not set,not set,not set,not set,not set,0,not set,3.02,4.47,164,4.45,44,15,38,13,high,normal,on,on,0.965,0.97,0.98,0.975
2018-01-04,17:13,not set,not set,not set,not set,0,not set,,,not set,not set,0,not set,BathroomLightCommanded,16.1,81.5,not set,not set,not set,not set,not set,not set,0,not set,3.02,4.47,164,4.45,44,15,38,13,high,normal,on,on,0.97,0.97,0.98,0.97
2018-01-04,17:14,not set,not set,not set,not set,1,not set,,,not set,not set,0,not set,BathroomLightCommanded,16.1,81.5,not set,not set,not set,not set,not set,not set,0,not set,3.02,4.47,164,4.45,44,15,38,13,high,normal,on,on,0.98,0.975,0.965,0.975
2018-01-04,17:14,not set,not set,not set,not set,0,not set,,,not set,not set,0,not set,BathroomLightCommanded,16.1,81.3,not set,not set,not set,not set,not set,not set,0,not set,3.02,4.47,164,4.45,44,15,38,13,high,normal,on,on,0.97,0.975,0.955,0.97
2018-01-04,17:14,not set,not set,not set,not set,0,not set,,,not set,not set,0,not set,BathroomLightCommanded,16.1,81.0,not set,not set,not set,not set,not set,not set,0,not set,3.02,4.47,164,4.45,44,15,38,13,high,normal,on,on,0.97,0.965,0.965,0.975
2018-01-04,17:15,not set,not set,not set,not set,0,not set,,,not set,not set,0,not set,BathroomLightCommanded,16.1,81.6,not set,not set,not set,not set,not set,not set,0,not set,3.02,4.47,164,4.45,44,15,38,13,high,normal,on,on,0.965,0.97,0.965,0.98
2018-01-04,17:15,not set,not set,not set,not set,0,not set,,,not set,not set,0,not set,BathroomLightCommanded,16.1,81.1,not set,not set,not set,not set,not set,not set,0,not set,3.02,4.47,164,4.45,44,15,38,13,high,normal,on,on,0.97,0.975,0.96,0.975
2018-01-04,17:16,not set,not set,not set,not set,1,not set,,,not set,not set,0,not set,BathroomLightCommanded,16.1,81.4,not set,not set,not set,not set,not set,not set,0,not set,3.02,4.47,164,4.45,44,16,38,13,high,normal,on,on,0.965,0.955,0.97,0.97
2018-01-04,17:16,not set,not set,not set,not set,2,not set,,,not set,not set,0,not set,BathroomLightCommanded,16.1,81.2,not set,not set,not set,not set,not set,not set,0,not set,3.02,4.47,164,4.45,44,15,38,13,high,normal,on,on,0.97,0.965,0.955,0.965
2018-01-04,17:16,not set,not set,not set,not set,0,not set,,,not set,not set,0,not set,BathroomLightCommanded,16.1,81.4,not set,not set,not set,not set,not set,not set,0,not set,3.02,4.47,164,4.45,44,15,38,13,high,normal,on,on,0.97,0.97,0.97,0.975
2018-01-04,17:17,not set,not set,not set,not set,2,not set,,,not set,not set,0,not set,BathroomLightCommanded,16.1,81.2,not set,not set,not set,not set,not set,not set,0,not set,3.02,4.47,164,4.45,44,16,38,13,high,normal,on,on,0.965,0.96,0.97,0.965
2018-01-04,17:17,not set,not set,not set,not set,0,not set,,,not set,not set,0,not set,BathroomLightCommanded,16.1,81.3,not set,not set,not set,not set,not set,not set,0,not set,3.02,4.47,164,4.45,43,15,38,13,high,normal,on,on,14.955,14.88,14.89,14.815
2018-01-04,17:18,not set,not set,not set,not set,0,not set,,,not set,not set,0,not set,BathroomLightCommanded,16.1,81.4,not set,not set,not set,not set,not set,not set,0,not set,3.02,4.47,164,4.45,43,16,38,13,high,normal,on,on,14.81,14.765,14.49,14.845
2018-01-04,17:18,not set,not set,not set,not set,0,not set,,,not set,not set,0,not set,BathroomLightCommanded,16.1,81.4,not set,not set,not set,not set,not set,not set,0,not set,3.02,4.47,164,4.45,44,15,38,13,high,normal,on,on,14.7,14.71,14.775,14.77
2018-01-04,17:18,not set,not set,not set,not set,0,not set,,,not set,not set,0,not set,BathroomLightCommanded,16.1,81.4,not set,not set,not set,not set,not set,not set,0,not set,3.02,4.47,164,4.45,44,15,38,13,high,normal,on,on,14.76,14.76,14.78,14.8
2018-01-04,17:19,not set,not set,not set,not set,0,not set,,,not set,not set,0,not set,BathroomLightCommanded,16.1,81.6,not set,not set,not set,not set,not set,not set,0,not set,3.02,4.47,164,4.45,44,15,38,13,high,normal,on,on,14.765,14.69,14.755,14.9
2018-01-04,17:19,not set,not set,not set,not set,0,not set,,,not set,not set,0,not set,BathroomLightCommanded,16.1,81.3,not set,not set,not set,not set,not set,not set,0,not set,3.02,4.47,164,4.45,44,15,38,13,high,normal,on,on,14.74,14.705,14.755,14.77
2018-01-04,17:19,not set,not set,not set,not set,0,not set,,,not set,not set,0,not set,BathroomLightCommanded,16.1,81.3,not set,not set,not set,not set,not set,not set,0,not set,3.02,4.47,164,4.45,44,15,39,13,high,normal,on,on,14.725,14.65,14.705,14.68
2018-01-04,17:20,not set,not set,not set,not set,0,not set,,,not set,not set,0,not set,BathroomLightCommanded,16.1,81.2,not set,not set,not set,not set,not set,not set,0,not set,3.02,4.47,164,4.45,44,15,39,13,high,normal,on,on,14.63,14.705,14.57,14.775
2018-01-04,17:20,not set,not set,not set,not set,0,not set,,,not set,not set,0,not set,BathroomLightCommanded,16.1,81.1,not set,not set,not set,not set,not set,not set,0,not set,3.02,4.47,164,4.45,44,15,39,13,high,normal,on,on,14.815,14.79,14.685,14.78
2018-01-04,17:21,not set,not set,not set,not set,0,not set,,,not set,not set,0,not set,BathroomLightCommanded,16.1,81.0,not set,not set,not set,not set,not set,not set,0,not set,3.02,4.47,164,4.45,44,16,40,13,high,normal,on,on,0.97,0.97,0.975,0.97
2018-01-04,17:21,not set,not set,not set,not set,0,not set,,,not set,not set,0,not set,BathroomLightCommanded,16.1,81.5,not set,not set,not set,not set,not set,not set,0,not set,3.02,4.47,164,4.45,44,15,40,13,high,normal,on,on,0.98,0.97,0.965,0.97
2018-01-04,17:21,not set,not set,not set,not set,0,not set,,,not set,not set,0,not set,BathroomLightCommanded,16.1,80.8,not set,not set,not set,not set,not set,not set,0,not set,3.02,4.47,164,4.45,44,15,41,13,high,normal,on,on,0.96,0.975,0.96,0.965
2018-01-04,17:22,not set,not set,not set,not set,0,not set,,,not set,not set,0,not set,BathroomLightCommanded,16.1,80.7,not set,not set,not set,not set,not set,not set,0,not set,3.02,4.47,164,4.45,44,14,41,13,high,normal,on,on,0.97,0.97,0.965,0.98
2018-01-04,17:22,not set,not set,not set,not set,0,not set,,,not set,not set,0,not set,BathroomLightCommanded,16.0,80.8,not set,not set,not set,not set,not set,not set,0,not set,3.02,4.47,164,4.45,44,14,42,13,high,normal,on,on,0.965,0.97,0.97,0.96
2018-01-04,17:22,not set,not set,not set,not set,0,not set,,,not set,not set,0,not set,BathroomLightCommanded,16.0,80.8,not set,not set,not set,not set,not set,not set,0,not set,3.02,4.47,164,4.45,43,14,41,13,high,normal,on,on,0.98,0.975,0.98,0.975
2018-01-04,17:23,not set,not set,not set,not set,0,not set,,,not set,not set,0,not set,BathroomLightCommanded,16.0,80.4,not set,not set,not set,not set,not set,not set,0,not set,3.02,4.47,164,4.45,44,14,42,13,high,normal,on,on,0.97,0.97,0.965,0.97
2018-01-04,17:23,not set,not set,not set,not set,0,not set,,,not set,not set,0,not set,BathroomLightCommanded,16.0,80.7,not set,not set,not set,not set,not set,not set,0,not set,3.02,4.47,164,4.45,43,14,42,14,high,normal,on,on,0.96,0.97,0.975,0.97
2018-01-04,17:24,not set,not set,not set,not set,1,not set,,,not set,not set,0,not set,BathroomLightCommanded,16.0,80.7,not set,not set,not set,not set,not set,not set,0,not set,3.02,4.47,164,4.45,44,14,42,13,high,normal,on,on,0.97,0.97,0.96,0.97
2018-01-04,17:24,not set,not set,not set,not set,0,not set,,,not set,not set,0,not set,BathroomLightCommanded,16.1,80.8,not set,not set,not set,not set,not set,not set,0,not set,3.02,4.47,164,4.45,43,14,42,13,high,normal,on,on,0.97,0.97,0.97,0.97
2018-01-04,17:24,not set,not set,not set,not set,1,not set,,,not set,not set,0,not set,BathroomLightCommanded,16.0,80.7,not set,not set,not set,not set,not set,not set,0,not set,3.02,4.47,164,4.45,44,14,42,13,high,normal,on,on,0.965,0.975,0.965,0.97
2018-01-04,17:25,not set,not set,not set,not set,0,not set,,,not set,not set,0,not set,BathroomLightCommanded,16.1,81.0,not set,not set,not set,not set,not set,not set,0,not set,3.02,4.47,164,4.45,43,14,43,13,high,normal,on,on,0.96,0.97,0.97,0.97
2018-01-04,17:25,not set,not set,not set,not set,0,not set,,,not set,not set,0,not set,BathroomLightCommanded,16.0,80.8,not set,not set,not set,not set,not set,not set,0,not set,3.02,4.47,164,4.45,44,14,43,13,high,normal,on,on,0.975,0.96,0.975,0.97
2018-01-04,17:26,not set,not set,not set,not set,0,not set,,,not set,not set,0,not set,BathroomLightCommanded,16.0,80.8,not set,not set,not set,not set,not set,not set,0,not set,3.02,4.47,164,4.45,44,14,43,13,high,normal,on,on,0.97,0.97,0.965,0.98
2018-01-04,17:26,not set,not set,not set,not set,0,not set,,,not set,not set,0,not set,BathroomLightCommanded,16.0,80.5,not set,not set,not set,not set,not set,not set,0,not set,3.02,4.47,164,4.45,44,14,43,13,high,normal,on,on,0.98,0.975,0.96,0.965
2018-01-04,17:26,not set,not set,not set,not set,0,not set,,,not set,not set,0,not set,BathroomLightCommanded,16.0,80.4,not set,not set,not set,not set,not set,not set,0,not set,3.02,4.47,164,4.45,44,14,43,13,high,normal,on,on,0.965,0.975,0.97,0.975
2018-01-04,17:27,not set,not set,not set,not set,0,not set,,,not set,not set,0,not set,BathroomLightCommanded,16.0,80.8,not set,not set,not set,not set,not set,not set,0,not set,3.02,4.47,164,4.45,44,14,43,13,high,normal,on,on,0.975,0.965,0.975,0.96
2018-01-04,17:27,not set,not set,not set,not set,2,not set,,,not set,not set,0,not set,BathroomLightCommanded,16.0,80.7,not set,not set,not set,not set,not set,not set,0,not set,3.02,4.47,164,4.45,44,14,43,13,high,normal,on,on,0.965,0.97,0.975,0.97
2018-01-04,17:27,not set,not set,not set,not set,0,not set,,,not set,not set,0,not set,BathroomLightCommanded,16.0,80.7,not set,not set,not set,not set,not set,not set,0,not set,3.02,4.47,164,4.45,43,14,43,13,high,normal,on,on,0.97,0.975,0.96,0.97
2018-01-04,17:28,not set,not set,not set,not set,0,not set,,,not set,not set,0,not set,BathroomLightCommanded,16.0,80.9,not set,not set,not set,not set,not set,not set,0,not set,3.02,4.47,164,4.45,44,14,43,13,high,normal,on,on,0.965,0.97,0.98,0.97
2018-01-04,17:28,not set,not set,not set,not set,0,not set,,,not set,not set,0,not set,BathroomLightCommanded,16.0,80.7,not set,not set,not set,not set,not set,not set,0,not set,3.02,4.47,164,4.45,44,14,43,13,high,normal,on,on,0.97,0.97,0.96,0.965
2018-01-04,17:29,not set,not set,not set,not set,0,not set,,,not set,not set,0,not set,BathroomLightCommanded,16.0,81.0,not set,not set,not set,not set,not set,not set,0,not set,3.02,4.47,164,4.45,44,15,43,13,high,normal,on,on,0.97,0.97,0.97,0.97
2018-01-04,17:29,not set,not set,not set,not set,0,not set,,,not set,not set,0,not set,BathroomLightCommanded,16.0,80.8,not set,not set,not set,not set,not set,not set,0,not set,3.02,4.47,164,4.45,44,14,43,13,high,normal,on,on,0.97,0.95,0.98,0.98
2018-01-04,17:29,not set,not set,not set,not set,0,not set,,,not set,not set,0,not set,BathroomLightCommanded,16.0,80.7,not set,not set,not set,not set,not set,not set,0,not set,3.02,4.47,164,4.45,44,15,43,13,high,normal,on,on,0.97,0.97,0.965,0.975
2018-01-04,17:30,not set,not set,not set,not set,0,not set,,,not set,not set,0,not set,BathroomLightCommanded,16.0,80.3,not set,not set,not set,not set,not set,not set,0,not set,3.02,4.47,164,4.45,44,14,43,13,high,normal,on,on,0.97,0.965,0.97,0.97
2018-01-04,17:30,not set,not set,not set,not set,0,not set,,,not set,not set,0,not set,BathroomLightCommanded,16.0,80.4,not set,not set,not set,not set,not set,not set,0,not set,3.02,4.47,164,4.45,44,15,43,13,high,normal,on,on,0.97,0.98,0.97,0.97
2018-01-04,17:31,not set,not set,not set,not set,0,not set,,,not set,not set,0,not set,BathroomLightCommanded,16.0,80.4,not set,not set,not set,not set,not set,not set,0,not set,3.02,4.47,164,4.45,44,15,43,13,high,normal,on,on,0.97,0.965,0.975,0.965
2018-01-04,17:31,not set,not set,not set,not set,1,not set,,,not set,not set,0,not set,BathroomLightCommanded,16.0,80.4,not set,not set,not set,not set,not set,not set,0,not set,3.02,4.47,164,4.45,44,15,43,14,high,normal,on,on,0.975,0.97,0.965,0.985
2018-01-04,17:31,not set,not set,not set,not set,0,not set,,,not set,not set,0,not set,BathroomLightCommanded,16.0,80.3,not set,not set,not set,not set,not set,not set,0,not set,3.02,4.47,164,4.45,44,14,43,13,high,normal,on,on,0.97,0.965,0.97,0.97
2018-01-04,17:32,not set,not set,not set,not set,2,not set,,,not set,not set,0,not set,BathroomLightCommanded,16.0,80.5,not set,not set,not set,not set,not set,not set,0,not set,3.02,4.47,164,4.45,44,15,43,13,high,normal,on,on,0.975,0.965,0.97,0.975
2018-01-04,17:32,not set,not set,not set,not set,1,not set,,,not set,not set,0,not set,BathroomLightCommanded,16.0,80.6,not set,not set,not set,not set,not set,not set,0,not set,3.02,4.47,164,4.45,44,14,43,13,high,normal,on,on,0.965,0.97,0.97,0.97
2018-01-04,17:32,not set,not set,not set,not set,1,not set,,,not set,not set,0,not set,BathroomLightCommanded,16.0,80.5,not set,not set,not set,not set,not set,not set,0,not set,3.02,4.47,164,4.45,44,15,42,13,high,normal,on,on,0.965,0.97,0.96,0.98
2018-01-04,17:33,not set,not set,not set,not set,0,not set,,,not set,not set,0,not set,BathroomLightCommanded,16.0,80.4,not set,not set,not set,not set,not set,not set,0,not set,3.02,4.47,164,4.45,44,15,43,13,high,normal,on,on,0.98,0.975,0.965,0.97
2018-01-04,17:33,not set,not set,not set,not set,0,not set,,,not set,not set,0,not set,BathroomLightCommanded,16.0,80.6,not set,not set,not set,not set,not set,not set,0,not set,3.02,4.47,164,4.45,44,15,43,13,high,normal,on,on,0.975,0.965,0.97,0.97
2018-01-04,17:34,not set,not set,not set,not set,2,not set,,,not set,not set,0,not set,BathroomLightCommanded,16.0,80.2,not set,not set,not set,not set,not set,not set,0,not set,3.02,4.47,164,4.45,44,15,43,13,high,normal,on,on,0.975,0.975,0.965,0.98
2018-01-04,17:34,not set,not set,not set,not set,0,not set,,,not set,not set,0,not set,BathroomLightCommanded,16.0,80.2,not set,not set,not set,not set,not set,not set,0,not set,3.02,4.47,164,4.45,44,15,42,13,high,normal,on,on,0.97,0.985,0.98,0.97
2018-01-04,17:34,not set,not set,not set,not set,1,not set,,,not set,not set,0,not set,BathroomLightCommanded,16.0,80.4,not set,not set,not set,not set,not set,not set,0,not set,3.02,4.47,164,4.45,44,15,42,13,high,normal,on,on,0.975,0.97,0.965,0.97
2018-01-04,17:35,not set,not set,not set,not set,0,not set,,,not set,not set,0,not set,BathroomLightCommanded,16.0,80.2,not set,not set,not set,not set,not set,not set,0,not set,3.02,4.47,164,4.45,44,15,43,13,high,normal,on,on,0.975,0.965,0.97,0.97
2018-01-04,17:35,not set,not set,not set,not set,0,not set,,,not set,not set,0,not set,BathroomLightCommanded,16.0,80.0,not set,not set,not set,not set,not set,not set,0,not set,3.02,4.47,164,4.45,44,15,43,13,high,normal,on,on,0.975,0.97,0.965,0.98
2018-01-04,17:36,not set,not set,not set,not set,1,not set,,,not set,not set,0,not set,BathroomLightCommanded,16.0,80.4,not set,not set,not set,not set,not set,not set,0,not set,3.02,4.47,164,4.45,44,15,42,13,high,normal,on,on,0.97,0.98,0.97,0.98
2018-01-04,17:36,not set,not set,not set,not set,0,not set,,,not set,not set,0,not set,BathroomLightCommanded,16.0,80.3,not set,not set,not set,not set,not set,not set,0,not set,3.02,4.47,164,4.45,44,15,42,14,high,normal,on,on,0.97,0.985,0.975,0.98
2018-01-04,17:36,not set,not set,not set,not set,0,not set,,,not set,not set,0,not set,BathroomLightCommanded,16.0,80.1,not set,not set,not set,not set,not set,not set,0,not set,3.02,4.47,164,4.45,44,15,42,13,high,normal,on,on,0.975,0.97,0.97,0.97
2018-01-04,17:37,not set,not set,not set,not set,0,not set,,,not set,not set,0,not set,BathroomLightCommanded,16.0,80.4,not set,not set,not set,not set,not set,not set,0,not set,3.02,4.47,164,4.45,44,15,43,13,high,normal,on,on,0.965,0.97,0.965,0.975
2018-01-04,17:37,not set,not set,not set,not set,0,not set,,,not set,not set,0,not set,BathroomLightCommanded,16.0,80.5,not set,not set,not set,not set,not set,not set,0,not set,3.02,4.47,164,4.45,44,15,42,13,high,normal,on,on,0.97,0.97,0.955,0.965
2018-01-04,17:37,not set,not set,not set,not set,1,not set,,,not set,not set,0,not set,BathroomLightCommanded,16.0,80.3,not set,not set,not set,not set,not set,not set,0,not set,3.02,4.47,164,4.45,44,15,42,13,high,normal,on,on,0.97,0.975,0.97,0.97
2018-01-04,17:38,not set,not set,not set,not set,0,not set,,,not set,not set,0,not set,BathroomLightCommanded,16.0,80.5,not set,not set,not set,not set,not set,not set,0,not set,3.02,4.47,164,4.45,44,15,42,12,high,normal,on,on,0.965,0.97,0.975,0.97
2018-01-04,17:38,not set,not set,not set,not set,0,not set,,,not set,not set,0,not set,BathroomLightCommanded,16.0,80.2,not set,not set,not set,not set,not set,not set,0,not set,3.02,4.47,164,4.45,44,15,42,13,high,normal,on,on,0.99,0.99,0.98,0.985
2018-01-04,17:39,not set,not set,not set,not set,0,not set,,,not set,not set,0,not set,BathroomLightCommanded,16.0,80.1,not set,not set,not set,not set,not set,not set,0,not set,3.02,4.47,164,4.45,44,15,42,13,high,normal,on,on,1.425,1.45,1.435,1.445
2018-01-04,17:39,not set,not set,not set,not set,0,not set,,,not set,not set,0,not set,BathroomLightCommanded,16.0,79.8,not set,not set,not set,not set,not set,not set,0,not set,3.02,4.47,164,4.45,44,15,42,13,high,normal,on,on,1.415,1.43,1.43,2.08
2018-01-04,17:39,not set,not set,not set,not set,1,not set,,,not set,not set,0,not set,BathroomLightCommanded,16.0,80.1,not set,not set,not set,not set,not set,not set,0,not set,3.02,4.47,164,4.45,45,15,42,13,high,normal,on,on,2.095,2.11,2.09,2.125
2018-01-04,17:40,not set,not set,not set,not set,1,not set,,,not set,not set,0,not set,BathroomLightCommanded,16.0,80.0,not set,not set,not set,not set,not set,not set,0,not set,3.02,4.47,164,4.45,43,16,42,13,high,normal,on,on,2.105,2.11,2.115,2.11
2018-01-04,17:40,not set,not set,not set,not set,1,not set,,,not set,not set,0,not set,BathroomLightCommanded,16.0,80.1,not set,not set,not set,not set,not set,not set,0,not set,3.02,4.47,164,4.45,44,15,42,13,high,normal,on,on,2.11,2.13,2.105,2.1
2018-01-04,17:41,not set,not set,not set,not set,1,not set,,,not set,not set,0,not set,BathroomLightCommanded,16.0,80.3,not set,not set,not set,not set,not set,not set,0,not set,3.02,4.47,164,4.45,44,15,42,14,high,normal,on,on,2.125,2.12,2.12,2.1
2018-01-04,17:41,not set,not set,not set,not set,1,not set,,,not set,not set,0,not set,BathroomLightCommanded,16.0,80.3,not set,not set,not set,not set,not set,not set,0,not set,3.02,4.47,164,4.45,44,15,42,13,high,normal,on,on,2.11,2.09,2.085,2.115
2018-01-04,17:41,not set,not set,not set,not set,1,not set,,,not set,not set,0,not set,BathroomLightCommanded,16.0,80.2,not set,not set,not set,not set,not set,not set,0,not set,3.02,4.47,164,4.45,44,15,42,13,high,normal,on,on,2.115,2.11,2.095,2.11
2018-01-04,17:42,not set,not set,not set,not set,2,not set,,,not set,not set,0,not set,BathroomLightCommanded,16.0,80.2,not set,not set,not set,not set,not set,not set,0,not set,3.02,4.47,164,4.45,43,15,42,13,high,normal,on,on,2.12,2.1,2.09,2.115
2018-01-04,17:42,not set,not set,not set,not set,5,not set,,,not set,not set,0,not set,BathroomLightCommanded,16.0,80.0,not set,not set,not set,not set,not set,not set,0,not set,3.02,4.47,164,4.45,43,15,42,13,high,normal,on,on,2.125,2.105,2.08,2.1
2018-01-04,17:42,not set,not set,not set,not set,1,not set,,,not set,not set,0,not set,BathroomLightCommanded,16.0,79.9,not set,not set,not set,not set,not set,not set,0,not set,3.02,4.47,164,4.45,43,15,42,13,high,normal,on,on,2.12,2.095,2.09,2.105
2018-01-04,17:43,not set,not set,not set,not set,4,not set,,,not set,not set,0,not set,BathroomLightCommanded,15.9,79.7,not set,not set,not set,not set,not set,not set,0,not set,3.02,4.47,164,4.45,43,15,42,13,high,normal,on,on,2.105,2.085,2.1,2.115
2018-01-04,17:43,not set,not set,not set,not set,0,not set,,,not set,not set,0,not set,BathroomLightCommanded,16.0,80.1,not set,not set,not set,not set,not set,not set,0,not set,3.02,4.47,164,4.45,43,15,42,13,high,normal,on,on,1.425,1.415,1.415,1.43
2018-01-04,17:44,not set,not set,not set,not set,2,not set,,,not set,not set,0,not set,BathroomLightCommanded,16.0,79.7,not set,not set,not set,not set,not set,not set,0,not set,3.02,4.47,164,4.45,43,15,42,13,high,normal,on,on,1.415,1.42,1.43,1.415
2018-01-04,17:44,not set,not set,not set,not set,1,not set,,,not set,not set,0,not set,BathroomLightCommanded,16.0,80.0,not set,not set,not set,not set,not set,not set,0,not set,3.02,4.47,164,4.45,44,15,42,13,high,normal,on,on,1.41,1.42,1.415,1.42
2018-01-04,17:44,not set,not set,not set,not set,2,not set,,,not set,not set,0,not set,BathroomLightCommanded,16.0,80.2,not set,not set,not set,not set,not set,not set,0,not set,3.02,4.47,164,4.45,44,15,42,13,high,normal,on,on,1.415,1.42,1.42,1.415
2018-01-04,17:45,not set,not set,not set,not set,3,not set,,,not set,not set,0,not set,BathroomLightCommanded,16.0,80.1,not set,not set,not set,not set,not set,not set,0,not set,3.02,4.47,164,4.45,44,15,41,13,high,normal,on,on,1.425,1.41,1.42,1.415
2018-01-04,17:45,not set,not set,not set,not set,5,not set,,,not set,not set,0,not set,BathroomLightCommanded,16.0,80.3,not set,not set,not set,not set,not set,not set,0,not set,3.02,4.47,164,4.45,44,15,42,13,high,normal,on,on,1.41,1.42,1.415,1.42
2018-01-04,17:46,not set,not set,not set,not set,3,not set,,,not set,not set,0,not set,BathroomLightCommanded,16.0,80.2,not set,not set,not set,not set,not set,not set,0,not set,3.02,4.47,164,4.45,44,15,42,13,high,normal,on,on,1.415,1.42,1.39,1.42
2018-01-04,17:46,not set,not set,not set,not set,6,not set,,,not set,not set,0,not set,BathroomLightCommanded,16.0,80.0,not set,not set,not set,not set,not set,not set,0,not set,3.02,4.47,164,4.45,44,15,41,13,high,normal,on,on,1.41,1.395,1.42,1.42
2018-01-04,17:46,not set,not set,not set,not set,1,not set,,,not set,not set,0,not set,BathroomLightCommanded,16.0,80.0,not set,not set,not set,not set,not set,not set,0,not set,3.02,4.47,164,4.45,44,15,42,13,high,normal,on,on,1.41,1.415,1.41,1.4
2018-01-04,17:47,not set,not set,not set,not set,2,not set,,,not set,not set,0,not set,BathroomLightCommanded,15.9,79.9,not set,not set,not set,not set,not set,not set,0,not set,3.02,4.47,164,4.45,44,15,42,13,high,normal,on,on,1.425,1.425,1.415,1.42
2018-01-04,17:47,not set,not set,not set,not set,0,not set,,,not set,not set,0,not set,BathroomLightCommanded,16.0,80.0,not set,not set,not set,not set,not set,not set,0,not set,3.02,4.47,164,4.45,44,15,41,13,high,normal,on,on,1.425,1.415,1.42,1.425
2018-01-04,17:47,not set,not set,not set,not set,1,not set,,,not set,not set,0,not set,BathroomLightCommanded,16.0,80.3,not set,not set,not set,not set,not set,not set,0,not set,3.02,4.47,164,4.45,44,15,42,13,high,normal,on,on,1.435,1.43,1.44,1.445
2018-01-04,17:48,not set,not set,not set,not set,0,not set,,,not set,not set,0,not set,BathroomLightCommanded,16.0,80.0,not set,not set,not set,not set,not set,not set,0,not set,3.02,4.47,164,4.45,44,15,41,14,high,normal,on,on,1.425,1.44,1.45,1.445
2018-01-04,17:48,not set,not set,not set,not set,0,not set,,,not set,not set,0,not set,BathroomLightCommanded,16.0,80.0,not set,not set,not set,not set,not set,not set,0,not set,3.02,4.47,164,4.45,44,15,42,13,high,normal,on,on,1.41,1.41,1.415,1.42
2018-01-04,17:49,not set,not set,not set,not set,4,not set,,,not set,not set,0,not set,BathroomLightCommanded,16.0,80.0,not set,not set,not set,not set,not set,not set,0,not set,3.02,4.47,164,4.45,43,15,41,13,high,normal,on,on,1.41,1.415,1.425,1.435
2018-01-04,17:49,not set,not set,not set,not set,3,not set,,,not set,not set,0,not set,BathroomLightCommanded,16.0,80.1,not set,not set,not set,not set,not set,not set,0,not set,3.02,4.47,164,4.45,43,15,41,13,high,normal,on,on,1.4,1.42,1.415,1.44
2018-01-04,17:49,not set,not set,not set,not set,4,not set,,,not set,not set,0,not set,BathroomLightCommanded,15.9,79.9,not set,not set,not set,not set,not set,not set,0,not set,3.02,4.47,164,4.45,43,15,41,13,high,normal,on,on,1.415,1.42,1.415,1.42
2018-01-04,17:50,not set,not set,not set,not set,2,not set,,,not set,not set,0,not set,BathroomLightCommanded,16.0,79.9,not set,not set,not set,not set,not set,not set,0,not set,3.02,4.47,164,4.45,43,15,41,13,high,normal,on,on,1.415,1.415,1.42,1.42
2018-01-04,17:50,not set,not set,not set,not set,2,not set,,,not set,not set,0,not set,BathroomLightCommanded,16.0,80.0,not set,not set,not set,not set,not set,not set,0,not set,3.02,4.47,164,4.45,43,15,41,13,high,normal,on,on,1.42,1.415,1.42,1.425
2018-01-04,17:50,not set,not set,not set,not set,3,not set,,,not set,not set,0,not set,BathroomLightCommanded,15.9,79.7,not set,not set,not set,not set,not set,not set,0,not set,3.02,4.47,164,4.45,44,15,41,13,high,normal,on,on,1.415,1.42,1.415,1.41
2018-01-04,17:51,not set,not set,not set,not set,2,not set,,,not set,not set,0,not set,BathroomLightCommanded,15.9,79.6,not set,not set,not set,not set,not set,not set,0,not set,3.02,4.47,164,4.45,43,15,41,14,high,normal,on,on,1.425,1.42,1.415,1.425
2018-01-04,17:51,not set,not set,not set,not set,0,not set,,,not set,not set,0,not set,BathroomLightCommanded,15.9,79.9,not set,not set,not set,not set,not set,not set,0,not set,3.02,4.47,164,4.45,43,15,41,13,high,normal,on,on,1.425,1.425,1.42,1.415
2018-01-04,17:52,not set,not set,not set,not set,3,not set,,,not set,not set,0,not set,BathroomLightCommanded,15.9,80.1,not set,not set,not set,not set,not set,not set,0,not set,3.02,4.47,164,4.45,43,15,42,13,high,normal,on,on,1.4,1.415,1.415,1.42
2018-01-04,17:52,not set,not set,not set,not set,1,not set,,,not set,not set,0,not set,BathroomLightCommanded,16.0,80.1,not set,not set,not set,not set,not set,not set,0,not set,3.02,4.47,164,4.45,43,16,41,13,high,normal,on,on,1.415,1.42,1.405,1.42
2018-01-04,17:52,not set,not set,not set,not set,3,not set,,,not set,not set,0,not set,BathroomLightCommanded,15.9,79.8,not set,not set,not set,not set,not set,not set,0,not set,3.02,4.47,164,4.45,43,15,41,13,high,normal,on,on,1.42,1.42,1.41,1.43
2018-01-04,17:53,not set,not set,not set,not set,1,not set,,,not set,not set,0,not set,BathroomLightCommanded,16.0,79.9,not set,not set,not set,not set,not set,not set,0,not set,3.02,4.47,164,4.45,43,15,41,13,high,normal,on,on,1.415,1.43,1.41,1.425
2018-01-04,17:53,not set,not set,not set,not set,2,not set,,,not set,not set,0,not set,BathroomLightCommanded,16.0,79.7,not set,not set,not set,not set,not set,not set,0,not set,3.02,4.47,164,4.45,43,15,41,13,high,normal,on,on,1.415,1.43,1.425,1.42
2018-01-04,17:54,not set,not set,not set,not set,3,not set,,,not set,not set,0,not set,BathroomLightCommanded,15.9,79.6,not set,not set,not set,not set,not set,not set,0,not set,3.02,4.47,164,4.45,43,15,41,13,high,normal,on,on,1.425,1.425,1.415,1.415
2018-01-04,17:54,not set,not set,not set,not set,5,not set,,,not set,not set,0,not set,BathroomLightCommanded,15.9,80.0,not set,not set,not set,not set,not set,not set,0,not set,3.02,4.47,164,4.45,43,15,41,13,high,normal,on,on,1.42,1.435,1.415,1.435
2018-01-04,17:54,not set,not set,not set,not set,0,not set,,,not set,not set,0,not set,BathroomLightCommanded,15.9,80.0,not set,not set,not set,not set,not set,not set,0,not set,3.02,4.47,164,4.45,43,15,41,13,high,normal,on,on,1.42,1.43,1.41,1.43
2018-01-04,17:55,not set,not set,not set,not set,4,not set,,,not set,not set,0,not set,BathroomLightCommanded,15.9,79.8,not set,not set,not set,not set,not set,not set,0,not set,3.02,4.47,164,4.45,43,15,41,13,high,normal,on,on,1.425,1.44,1.425,1.45
2018-01-04,17:55,not set,not set,not set,not set,1,not set,,,not set,not set,0,not set,BathroomLightCommanded,15.9,79.8,not set,not set,not set,not set,not set,not set,0,not set,3.02,4.47,164,4.45,44,15,41,13,high,normal,on,on,1.45,1.435,1.435,1.425
2018-01-04,17:55,not set,not set,not set,not set,3,not set,,,not set,not set,0,not set,BathroomLightCommanded,15.9,80.0,not set,not set,not set,not set,not set,not set,0,not set,3.02,4.47,164,4.45,44,15,41,13,high,normal,on,on,1.425,1.435,1.395,1.4
2018-01-04,17:56,not set,not set,not set,not set,0,not set,,,not set,not set,0,not set,BathroomLightCommanded,15.9,79.8,not set,not set,not set,not set,not set,not set,0,not set,3.02,4.47,164,4.45,44,15,41,13,high,normal,on,on,1.42,1.42,1.42,1.42
2018-01-04,17:56,not set,not set,not set,not set,3,not set,,,not set,not set,0,not set,BathroomLightCommanded,15.9,79.7,not set,not set,not set,not set,not set,not set,0,not set,3.02,4.47,164,4.45,43,15,41,13,high,normal,on,on,1.41,1.42,1.415,1.42
2018-01-04,17:57,not set,not set,not set,not set,3,not set,,,not set,not set,0,not set,BathroomLightCommanded,15.9,79.6,not set,not set,not set,not set,not set,not set,0,not set,3.02,4.47,164,4.45,43,15,41,13,high,normal,on,on,1.445,1.435,1.435,1.43
2018-01-04,17:57,not set,not set,not set,not set,1,not set,,,not set,not set,0,not set,BathroomLightCommanded,15.9,79.9,not set,not set,not set,not set,not set,not set,0,not set,3.02,4.47,164,4.45,44,15,41,13,high,normal,on,on,1.395,1.415,1.42,1.425
2018-01-04,17:57,not set,not set,not set,not set,3,not set,,,not set,not set,0,not set,BathroomLightCommanded,15.9,80.1,not set,not set,not set,not set,not set,not set,0,not set,3.02,4.47,164,4.45,44,15,41,13,high,normal,on,on,1.4,1.42,1.415,1.43
2018-01-04,17:58,not set,not set,not set,not set,1,not set,,,not set,not set,0,not set,BathroomLightCommanded,15.9,80.0,not set,not set,not set,not set,not set,not set,0,not set,3.02,4.47,164,4.45,44,16,41,13,high,normal,on,on,1.425,1.42,1.42,1.42
2018-01-04,17:58,not set,not set,not set,not set,5,not set,,,not set,not set,0,not set,BathroomLightCommanded,15.9,79.8,not set,not set,not set,not set,not set,not set,0,not set,3.02,4.47,164,4.45,43,15,41,13,high,normal,on,on,1.41,1.43,1.42,1.42
2018-01-04,17:59,not set,not set,not set,not set,4,not set,,,not set,not set,0,not set,BathroomLightCommanded,15.9,79.8,not set,not set,not set,not set,not set,not set,0,not set,3.02,4.47,164,4.45,43,16,41,13,high,normal,on,on,1.415,1.405,1.415,1.42
2018-01-04,17:59,not set,not set,not set,not set,4,not set,,,not set,not set,0,not set,BathroomLightCommanded,15.9,80.0,not set,not set,not set,not set,not set,not set,0,not set,3.02,4.47,164,4.45,43,15,41,13,high,normal,on,on,1.41,1.415,1.415,1.425
2018-01-04,17:59,not set,not set,not set,not set,4,not set,,,not set,not set,0,not set,BathroomLightCommanded,15.9,79.8,not set,not set,not set,not set,not set,not set,0,not set,3.02,4.47,164,4.45,43,15,41,13,high,normal,on,on,1.405,1.43,1.41,1.42
2018-01-04,18:00,not set,not set,not set,not set,2,not set,,,not set,not set,0,not set,BathroomLightCommanded,15.9,79.7,not set,not set,not set,not set,not set,not set,0,not set,3.02,4.47,164,4.45,43,15,41,13,high,normal,on,on,1.43,1.43,1.415,1.425
2018-01-04,18:00,not set,not set,not set,not set,291,not set,,,not set,not set,357,not set,BathroomLightCommanded,15.9,79.8,not set,not set,not set,not set,not set,not set,0,not set,3.02,4.47,164,4.45,43,16,41,13,high,normal,on,on,1.47,1.465,1.465,1.47
2018-01-04,18:00,not set,not set,not set,not set,301,not set,,,not set,not set,369,not set,BathroomLightCommanded,15.9,79.7,not set,not set,not set,not set,not set,not set,0,not set,3.02,4.47,164,4.45,44,15,41,13,high,normal,on,on,1.465,1.46,1.455,1.47
2018-01-04,18:01,not set,not set,not set,not set,305,not set,,,not set,not set,369,not set,BathroomLightCommanded,16.0,79.1,not set,not set,not set,not set,not set,not set,0,not set,3.02,4.47,164,4.45,44,15,41,13,high,normal,on,on,1.46,1.46,1.47,1.47
2018-01-04,18:01,not set,not set,not set,not set,305,not set,,,not set,not set,367,not set,BathroomLightCommanded,16.2,79.0,not set,not set,not set,not set,not set,not set,0,not set,3.02,4.47,164,4.45,49,14,40,13,high,normal,on,on,15.585,15.8,15.835,15.89
2018-01-04,18:02,not set,not set,not set,not set,304,not set,,,not set,not set,354,not set,BathroomLightCommanded,16.3,79.2,not set,not set,not set,not set,not set,not set,0,not set,3.02,4.47,164,4.45,51,12,40,13,high,normal,on,on,15.66,15.625,15.665,15.85
2018-01-04,18:02,not set,not set,not set,not set,301,not set,,,not set,not set,365,not set,BathroomLightCommanded,17.1,99.9,not set,not set,not set,not set,not set,not set,0,not set,3.02,4.47,164,4.45,51,11,40,13,high,normal,on,on,15.63,15.74,15.495,15.67
2018-01-04,18:02,not set,not set,not set,not set,265,not set,,,not set,not set,362,not set,BathroomLightCommanded,17.5,99.9,not set,not set,not set,not set,not set,not set,0,not set,3.02,4.47,164,4.45,52,11,40,13,high,normal,on,on,15.66,15.655,15.6,15.485
2018-01-04,18:03,not set,not set,not set,not set,13,not set,,,not set,not set,370,not set,BathroomLightCommanded,17.7,99.9,not set,not set,not set,not set,not set,not set,0,not set,3.02,4.47,164,4.45,52,11,40,13,high,normal,on,on,15.575,15.61,15.635,15.7
2018-01-04,18:03,not set,not set,not set,not set,15,not set,,,not set,not set,365,not set,BathroomLightCommanded,17.6,99.9,not set,not set,not set,not set,not set,not set,0,not set,3.02,4.47,164,4.45,52,12,39,13,high,normal,on,on,15.58,15.63,15.69,15.74
2018-01-04,18:03,not set,not set,not set,not set,15,not set,,,not set,not set,368,not set,BathroomLightCommanded,17.4,99.9,not set,not set,not set,not set,not set,not set,0,not set,3.02,4.47,164,4.45,51,11,38,13,high,normal,on,on,15.785,15.755,15.665,15.78
2018-01-04,18:04,not set,not set,not set,not set,12,not set,,,not set,not set,368,not set,BathroomLightCommanded,17.4,99.9,not set,not set,not set,not set,not set,not set,0,not set,3.02,4.47,164,4.45,51,11,37,13,high,normal,on,on,15.77,15.74,15.695,15.825
2018-01-04,18:04,not set,not set,not set,not set,11,not set,,,not set,not set,366,not set,BathroomLightCommanded,17.4,99.9,not set,not set,not set,not set,not set,not set,0,not set,3.02,4.47,164,4.45,51,11,37,13,high,normal,on,on,15.755,15.66,15.705,15.835
2018-01-04,18:05,not set,not set,not set,not set,11,not set,,,not set,not set,358,not set,BathroomLightCommanded,17.4,99.9,not set,not set,not set,not set,not set,not set,0,not set,3.02,4.47,164,4.45,51,11,36,13,high,normal,on,on,15.74,15.75,15.78,15.77
2018-01-04,18:05,not set,not set,not set,not set,3,not set,,,not set,not set,0,not set,BathroomLightCommanded,17.4,99.9,not set,not set,not set,not set,not set,not set,0,not set,3.02,4.47,164,4.45,51,11,36,13,high,normal,on,on,15.515,15.775,15.715,15.75
2018-01-04,18:05,not set,not set,not set,not set,3,not set,,,not set,not set,0,not set,BathroomLightCommanded,17.3,99.9,not set,not set,not set,not set,not set,not set,0,not set,3.02,4.47,164,4.45,50,11,36,13,high,normal,on,on,15.805,15.865,15.74,15.815
2018-01-04,18:06,not set,not set,not set,not set,3,not set,,,not set,not set,0,not set,BathroomLightCommanded,17.3,99.9,not set,not set,not set,not set,not set,not set,0,not set,3.02,4.47,164,4.45,50,12,36,13,high,normal,on,on,16.43,16.255,16.39,16.625
2018-01-04,18:06,not set,not set,not set,not set,3,not set,,,not set,not set,0,not set,BathroomLightCommanded,17.3,99.9,not set,not set,not set,not set,not set,not set,0,not set,3.02,4.47,164,4.45,51,12,36,13,high,normal,on,on,16.625,16.46,16.45,16.48
2018-01-04,18:06,not set,not set,not set,not set,5,not set,,,not set,not set,0,not set,BathroomLightCommanded,17.2,99.9,not set,not set,not set,not set,not set,not set,0,not set,3.02,4.47,164,4.45,52,11,36,13,high,normal,on,on,30.48,30.5,30.405,30.42
2018-01-04,18:07,not set,not set,not set,not set,2,not set,,,not set,not set,0,not set,BathroomLightCommanded,17.2,99.9,not set,not set,not set,not set,not set,not set,0,not set,3.02,4.47,164,4.45,52,11,36,13,high,normal,on,on,30.68,30.445,30.775,30.655
2018-01-04,18:07,not set,not set,not set,not set,2,not set,,,not set,not set,0,not set,BathroomLightCommanded,17.2,99.9,not set,not set,not set,not set,not set,not set,0,not set,3.02,4.47,164,4.45,52,11,36,13,high,normal,on,on,30.675,30.66,30.605,30.6
2018-01-04,18:08,not set,not set,not set,not set,2,not set,,,not set,not set,0,not set,BathroomLightCommanded,17.1,99.9,not set,not set,not set,not set,not set,not set,0,not set,3.02,4.47,164,4.45,51,11,37,13,high,normal,on,on,30.325,30.395,24.58,16.28
2018-01-04,18:08,not set,not set,not set,not set,1,not set,,,not set,not set,0,not set,BathroomLightCommanded,17.0,99.9,not set,not set,not set,not set,not set,not set,0,not set,3.02,4.47,164,4.45,51,11,36,13,high,normal,on,on,16.36,16.435,16.49,16.375
2018-01-04,18:08,not set,not set,not set,not set,2,not set,,,not set,not set,0,not set,BathroomLightCommanded,17.0,99.9,not set,not set,not set,not set,not set,not set,0,not set,3.02,4.47,164,4.45,51,11,37,13,high,normal,on,on,16.335,16.44,16.295,16.345
2018-01-04,18:09,not set,not set,not set,not set,1,not set,,,not set,not set,0,not set,BathroomLightCommanded,17.0,99.9,not set,not set,not set,not set,not set,not set,0,not set,3.02,4.47,164,4.45,51,11,37,13,high,normal,on,on,16.36,16.245,16.325,16.345
2018-01-04,18:09,not set,not set,not set,not set,0,not set,,,not set,not set,0,not set,BathroomLightCommanded,16.9,99.9,not set,not set,not set,not set,not set,not set,0,not set,3.02,4.47,164,4.45,51,11,37,13,high,normal,on,on,16.29,16.275,16.125,16.325
2018-01-04,18:09,not set,not set,not set,not set,2,not set,,,not set,not set,0,not set,BathroomLightCommanded,16.9,99.9,not set,not set,not set,not set,not set,not set,0,not set,3.02,4.47,164,4.45,50,11,38,13,high,normal,on,on,16.27,16.23,16.16,16.185
2018-01-04,18:10,not set,not set,not set,not set,0,not set,,,not set,not set,0,not set,BathroomLightCommanded,16.9,99.9,not set,not set,not set,not set,not set,not set,0,not set,3.02,4.47,164,4.45,50,12,38,13,high,normal,on,on,16.79,16.715,16.725,16.63
2018-01-04,18:10,not set,not set,not set,not set,0,not set,,,not set,not set,0,not set,BathroomLightCommanded,16.9,99.9,not set,not set,not set,not set,not set,not set,0,not set,3.02,4.47,164,4.45,50,12,38,13,high,normal,on,on,16.925,16.98,16.84,16.85
2018-01-04,18:10,not set,not set,not set,not set,0,not set,,,not set,not set,0,not set,BathroomLightCommanded,16.8,99.8,not set,not set,not set,not set,not set,not set,0,not set,3.02,4.47,164,4.45,50,12,39,13,high,normal,on,on,16.76,16.68,16.765,16.875
2018-01-04,18:11,not set,not set,not set,not set,0,not set,,,not set,not set,0,not set,BathroomLightCommanded,16.8,99.8,not set,not set,not set,not set,not set,not set,0,not set,3.02,4.47,164,4.45,50,12,39,13,high,normal,on,on,16.82,16.76,16.72,16.895
2018-01-04,18:11,not set,not set,not set,not set,0,not set,,,not set,not set,0,not set,BathroomLightCommanded,16.8,99.6,not set,not set,not set,not set,not set,not set,0,not set,3.02,4.47,164,4.45,50,12,39,13,high,normal,on,on,16.645,16.68,16.7,16.815
2018-01-04,18:12,not set,not set,not set,not set,1,not set,,,not set,not set,0,not set,BathroomLightCommanded,16.8,99.4,not set,not set,not set,not set,not set,not set,0,not set,3.02,4.47,164,4.45,49,12,40,13,high,normal,on,on,15.885,15.98,15.9,16.025
2018-01-04,18:12,not set,not set,not set,not set,0,not set,,,not set,not set,0,not set,BathroomLightCommanded,16.8,99.2,not set,not set,not set,not set,not set,not set,0,not set,3.02,4.47,164,4.45,49,12,40,13,high,normal,on,on,15.88,16.08,15.865,16.1
2018-01-04,18:12,not set,not set,not set,not set,1,not set,,,not set,not set,0,not set,BathroomLightCommanded,16.7,99.4,not set,not set,not set,not set,not set,not set,0,not set,3.02,4.47,164,4.45,49,13,41,13,high,normal,on,on,15.9,16.04,15.955,16.0
2018-01-04,18:13,not set,not set,not set,not set,0,not set,,,not set,not set,0,not set,BathroomLightCommanded,16.7,99.1,not set,not set,not set,not set,not set,not set,0,not set,3.02,4.47,164,4.45,49,12,41,13,high,normal,on,on,16.09,15.965,15.845,15.875
2018-01-04,18:13,not set,not set,not set,not set,0,not set,,,not set,not set,0,not set,BathroomLightCommanded,16.7,99.2,not set,not set,not set,not set,not set,not set,0,not set,3.02,4.47,164,4.45,49,12,41,13,high,normal,on,on,15.935,15.83,15.915,15.9
2018-01-04,18:13,not set,not set,not set,not set,0,not set,,,not set,not set,0,not set,BathroomLightCommanded,16.7,99.1,not set,not set,not set,not set,not set,not set,0,not set,3.02,4.47,164,4.45,49,12,42,13,high,normal,on,on,15.89,15.885,16.01,16.025
2018-01-04,18:14,not set,not set,not set,not set,0,not set,,,not set,not set,0,not set,BathroomLightCommanded,16.7,98.8,not set,not set,not set,not set,not set,not set,0,not set,3.02,4.47,164,4.45,49,12,42,13,high,normal,on,on,15.995,15.995,15.84,15.905
2018-01-04,18:14,not set,not set,not set,not set,0,not set,,,not set,not set,0,not set,BathroomLightCommanded,16.7,98.5,not set,not set,not set,not set,not set,not set,0,not set,3.02,4.47,164,4.45,50,12,43,13,high,normal,on,on,15.75,15.92,15.89,15.89
2018-01-04,18:15,not set,not set,not set,not set,0,not set,,,not set,not set,0,not set,BathroomLightCommanded,16.7,98.7,not set,not set,not set,not set,not set,not set,0,not set,3.02,4.47,164,4.45,48,12,43,13,high,normal,on,on,15.86,16.01,15.815,16.02
2018-01-04,18:15,not set,not set,not set,not set,0,not set,,,not set,not set,0,not set,BathroomLightCommanded,16.7,98.5,not set,not set,not set,not set,not set,not set,0,not set,3.02,4.47,164,4.45,49,12,43,13,high,normal,on,on,16.005,15.985,15.91,15.98
2018-01-04,18:15,not set,not set,not set,not set,1,not set,,,not set,not set,0,not set,BathroomLightCommanded,16.6,98.2,not set,not set,not set,not set,not set,not set,0,not set,3.02,4.47,164,4.45,49,13,45,13,high,normal,on,on,15.875,16.075,15.91,16.02
2018-01-04,18:16,not set,not set,not set,not set,0,not set,,,not set,not set,0,not set,BathroomLightCommanded,16.6,98.1,not set,not set,not set,not set,not set,not set,0,not set,3.02,4.47,164,4.45,48,12,45,13,high,normal,on,on,1.34,1.385,1.365,1.455
2018-01-04,18:16,not set,not set,not set,not set,0,not set,,,not set,not set,0,not set,BathroomLightCommanded,16.6,98.0,not set,not set,not set,not set,not set,not set,0,not set,3.02,4.47,164,4.45,48,12,44,13,high,normal,on,on,1.38,1.33,1.315,1.335
2018-01-04,18:16,not set,not set,not set,not set,0,not set,,,not set,not set,0,not set,BathroomLightCommanded,16.6,97.8,not set,not set,not set,not set,not set,not set,0,not set,3.02,4.47,164,4.45,48,12,44,13,high,normal,on,on,1.345,1.335,1.36,1.355
2018-01-04,18:17,not set,not set,not set,not set,0,not set,,,not set,not set,0,not set,BathroomLightCommanded,16.6,97.5,not set,not set,not set,not set,not set,not set,0,not set,3.02,4.47,164,4.45,48,12,44,13,high,normal,on,on,1.34,1.34,1.325,1.345
2018-01-04,18:17,not set,not set,not set,not set,0,not set,,,not set,not set,0,not set,BathroomLightCommanded,16.5,97.6,not set,not set,not set,not set,not set,not set,0,not set,3.02,4.47,164,4.45,48,12,45,13,high,normal,on,on,1.295,1.315,1.38,1.37
2018-01-04,18:18,not set,not set,not set,not set,0,not set,,,not set,not set,0,not set,BathroomLightCommanded,16.5,97.8,not set,not set,not set,not set,not set,not set,0,not set,3.02,4.47,164,4.45,48,12,45,13,high,normal,on,on,1.315,1.35,1.32,1.32
2018-01-04,18:18,not set,not set,not set,not set,0,not set,,,not set,not set,0,not set,BathroomLightCommanded,16.5,97.5,not set,not set,not set,not set,not set,not set,0,not set,3.02,4.47,164,4.45,48,12,45,13,high,normal,on,on,1.32,1.33,1.325,1.32
2018-01-04,18:18,not set,not set,not set,not set,0,not set,,,not set,not set,0,not set,BathroomLightCommanded,16.5,96.7,not set,not set,not set,not set,not set,not set,0,not set,3.02,4.47,164,4.45,48,12,45,13,high,normal,on,on,1.31,1.335,1.37,1.4
2018-01-04,18:19,not set,not set,not set,not set,2,not set,,,not set,not set,0,not set,BathroomLightCommanded,16.5,96.6,not set,not set,not set,not set,not set,not set,0,not set,3.02,4.47,164,4.45,48,12,45,13,high,normal,on,on,1.325,1.32,1.36,1.35
2018-01-04,18:19,not set,not set,not set,not set,1,not set,,,not set,not set,0,not set,BathroomLightCommanded,16.5,97.0,not set,not set,not set,not set,not set,not set,0,not set,3.02,4.47,164,4.45,48,12,45,13,high,normal,on,on,1.29,1.31,1.3,1.32
2018-01-04,18:20,not set,not set,not set,not set,0,not set,,,not set,not set,0,not set,BathroomLightCommanded,16.5,97.0,not set,not set,not set,not set,not set,not set,0,not set,3.02,4.47,164,4.45,48,14,45,14,high,normal,on,on,1.31,1.305,1.305,1.335
2018-01-04,18:20,not set,not set,not set,not set,0,not set,,,not set,not set,0,not set,BathroomLightCommanded,16.5,96.5,not set,not set,not set,not set,not set,not set,0,not set,3.02,4.47,164,4.45,48,12,46,13,high,normal,on,on,1.31,1.315,1.32,1.32
2018-01-04,18:20,not set,not set,not set,not set,0,not set,,,not set,not set,0,not set,BathroomLightCommanded,16.5,96.2,not set,not set,not set,not set,not set,not set,0,not set,3.02,4.47,164,4.45,48,12,45,13,high,normal,on,on,1.375,1.325,1.36,1.31
2018-01-04,18:21,not set,not set,not set,not set,0,not set,,,not set,not set,0,not set,BathroomLightCommanded,16.5,96.2,not set,not set,not set,not set,not set,not set,0,not set,3.02,4.47,164,4.45,48,13,45,13,high,normal,on,on,1.51,1.53,1.495,1.37
2018-01-04,18:21,not set,not set,not set,not set,0,not set,,,not set,not set,0,not set,BathroomLightCommanded,16.5,96.2,not set,not set,not set,not set,not set,not set,0,not set,3.02,4.47,164,4.45,48,12,45,13,high,normal,on,on,1.3,1.3,1.3,1.28
2018-01-04,18:21,not set,not set,not set,not set,1,not set,,,not set,not set,0,not set,BathroomLightCommanded,16.5,96.0,not set,not set,not set,not set,not set,not set,0,not set,3.02,4.47,164,4.45,48,12,46,13,high,normal,on,on,1.295,1.295,1.29,1.295
2018-01-04,18:22,not set,not set,not set,not set,0,not set,,,not set,not set,0,not set,BathroomLightCommanded,16.5,95.3,not set,not set,not set,not set,not set,not set,0,not set,3.02,4.47,164,4.45,48,12,45,13,high,normal,on,on,1.29,1.295,1.295,1.3
2018-01-04,18:22,not set,not set,not set,not set,1,not set,,,not set,not set,0,not set,BathroomLightCommanded,16.5,95.9,not set,not set,not set,not set,not set,not set,0,not set,3.02,4.47,164,4.45,48,13,45,13,high,normal,on,on,1.28,1.385,1.295,1.29
2018-01-04,18:23,not set,not set,not set,not set,0,not set,,,not set,not set,0,not set,BathroomLightCommanded,16.4,95.1,not set,not set,not set,not set,not set,not set,0,not set,3.02,4.47,164,4.45,49,12,45,13,high,normal,on,on,1.28,1.28,1.3,1.285
2018-01-04,18:23,not set,not set,not set,not set,0,not set,,,not set,not set,0,not set,BathroomLightCommanded,16.5,95.3,not set,not set,not set,not set,not set,not set,0,not set,3.02,4.47,164,4.45,48,13,45,13,high,normal,on,on,1.29,1.29,1.27,1.28
2018-01-04,18:23,not set,not set,not set,not set,1,not set,,,not set,not set,0,not set,BathroomLightCommanded,16.5,95.0,not set,not set,not set,not set,not set,not set,0,not set,3.02,4.47,164,4.45,48,13,45,13,high,normal,on,on,1.265,1.28,1.285,1.29
2018-01-04,18:24,not set,not set,not set,not set,1,not set,,,not set,not set,0,not set,BathroomLightCommanded,16.5,95.1,not set,not set,not set,not set,not set,not set,0,not set,3.02,4.47,164,4.45,48,13,45,13,high,normal,on,on,1.275,1.285,1.29,1.28
2018-01-04,18:24,not set,not set,not set,not set,0,not set,,,not set,not set,0,not set,BathroomLightCommanded,16.5,95.0,not set,not set,not set,not set,not set,not set,0,not set,3.02,4.47,164,4.45,48,13,46,13,high,normal,on,on,1.28,1.3,1.275,1.275
2018-01-04,18:25,not set,not set,not set,not set,1,not set,,,not set,not set,0,not set,BathroomLightCommanded,16.5,94.6,not set,not set,not set,not set,not set,not set,0,not set,3.02,4.47,164,4.45,47,13,45,13,high,normal,on,on,1.285,1.25,1.275,1.265
2018-01-04,18:25,not set,not set,not set,not set,1,not set,,,not set,not set,0,not set,BathroomLightCommanded,16.4,94.3,not set,not set,not set,not set,not set,not set,0,not set,3.02,4.47,164,4.45,48,13,45,13,high,normal,on,on,1.29,1.275,1.28,1.295
2018-01-04,18:25,not set,not set,not set,not set,0,not set,,,not set,not set,0,not set,BathroomLightCommanded,16.4,93.8,not set,not set,not set,not set,not set,not set,0,not set,3.02,4.47,164,4.45,48,13,45,13,high,normal,on,on,1.28,1.27,1.27,1.275
2018-01-04,18:26,not set,not set,not set,not set,0,not set,,,not set,not set,0,not set,BathroomLightCommanded,16.4,94.5,not set,not set,not set,not set,not set,not set,0,not set,3.02,4.47,164,4.45,48,13,45,13,high,normal,on,on,1.31,1.27,1.28,1.29
2018-01-04,18:26,not set,not set,not set,not set,0,not set,,,not set,not set,0,not set,BathroomLightCommanded,16.4,93.8,not set,not set,not set,not set,not set,not set,0,not set,3.02,4.47,164,4.45,47,13,45,13,high,normal,on,on,1.28,1.285,1.295,1.29
2018-01-04,18:26,not set,not set,not set,not set,1,not set,,,not set,not set,0,not set,BathroomLightCommanded,16.4,93.7,not set,not set,not set,not set,not set,not set,0,not set,3.02,4.47,164,4.45,47,13,45,13,high,normal,on,on,1.275,1.29,1.265,1.29
2018-01-04,18:27,not set,not set,not set,not set,0,not set,,,not set,not set,0,not set,BathroomLightCommanded,16.4,93.9,not set,not set,not set,not set,not set,not set,0,not set,3.02,4.47,164,4.45,47,13,45,13,high,normal,on,on,1.265,1.28,1.275,1.28
2018-01-04,18:27,not set,not set,not set,not set,0,not set,,,not set,not set,0,not set,BathroomLightCommanded,16.4,93.8,not set,not set,not set,not set,not set,not set,0,not set,3.02,4.47,164,4.45,47,13,45,13,high,normal,on,on,1.26,1.275,1.255,1.26
2018-01-04,18:28,not set,not set,not set,not set,0,not set,,,not set,not set,0,not set,BathroomLightCommanded,16.4,93.1,not set,not set,not set,not set,not set,not set,0,not set,3.02,4.47,164,4.45,47,13,45,13,high,normal,on,on,1.5,1.45,1.47,1.5
2018-01-04,18:28,not set,not set,not set,not set,0,not set,,,not set,not set,0,not set,BathroomLightCommanded,16.4,92.7,not set,not set,not set,not set,not set,not set,0,not set,3.02,4.47,164,4.45,47,13,44,13,high,normal,on,on,1.435,1.395,1.485,1.445
2018-01-04,18:28,not set,not set,not set,not set,1,not set,,,not set,not set,0,not set,BathroomLightCommanded,16.4,92.7,not set,not set,not set,not set,not set,not set,0,not set,3.02,4.47,164,4.45,48,13,44,13,high,normal,on,on,1.37,1.355,1.36,1.365
2018-01-04,18:29,not set,not set,not set,not set,0,not set,,,not set,not set,0,not set,BathroomLightCommanded,16.4,92.7,not set,not set,not set,not set,not set,not set,0,not set,3.02,4.47,164,4.45,47,13,44,13,high,normal,on,on,1.35,1.355,1.35,1.345
2018-01-04,18:29,not set,not set,not set,not set,0,not set,,,not set,not set,0,not set,BathroomLightCommanded,16.4,92.4,not set,not set,not set,not set,not set,not set,0,not set,3.02,4.47,164,4.45,47,14,45,13,high,normal,on,on,1.38,1.335,1.335,1.345
2018-01-04,18:30,not set,not set,not set,not set,0,not set,,,not set,not set,0,not set,BathroomLightCommanded,16.4,92.6,not set,not set,not set,not set,not set,not set,0,not set,3.02,4.47,164,4.45,47,13,45,13,high,normal,on,on,1.335,1.315,1.33,1.325
2018-01-04,18:30,not set,not set,not set,not set,0,not set,,,not set,not set,0,not set,BathroomLightCommanded,16.4,92.2,not set,not set,not set,not set,not set,not set,0,not set,3.02,4.47,164,4.45,47,13,44,13,high,normal,on,on,1.32,1.355,1.32,1.335
2018-01-04,18:30,not set,not set,not set,not set,0,not set,,,not set,not set,0,not set,BathroomLightCommanded,16.4,91.9,not set,not set,not set,not set,not set,not set,0,not set,3.02,4.47,164,4.45,47,13,45,13,high,normal,on,on,1.32,1.305,1.325,1.31
2018-01-04,18:31,not set,not set,not set,not set,2,not set,,,not set,not set,0,not set,BathroomLightCommanded,16.4,91.7,not set,not set,not set,not set,not set,not set,0,not set,3.02,4.47,164,4.45,47,13,45,13,high,normal,on,on,1.305,1.325,1.3,1.315
2018-01-04,18:31,not set,not set,not set,not set,1,not set,,,not set,not set,0,not set,BathroomLightCommanded,16.4,91.9,not set,not set,not set,not set,not set,not set,0,not set,3.02,4.47,164,4.45,47,13,44,13,high,normal,on,on,1.29,1.325,1.325,1.345
2018-01-04,18:31,not set,not set,not set,not set,0,not set,,,not set,not set,0,not set,BathroomLightCommanded,16.4,91.4,not set,not set,not set,not set,not set,not set,0,not set,3.02,4.47,164,4.45,47,13,44,13,high,normal,on,on,1.32,1.335,1.305,1.31
2018-01-04,18:32,not set,not set,not set,not set,0,not set,,,not set,not set,0,not set,BathroomLightCommanded,16.4,91.9,not set,not set,not set,not set,not set,not set,0,not set,3.02,4.47,164,4.45,47,13,44,13,high,normal,on,on,1.315,1.315,1.305,1.315
2018-01-04,18:32,not set,not set,not set,not set,1,not set,,,not set,not set,0,not set,BathroomLightCommanded,16.3,91.4,not set,not set,not set,not set,not set,not set,0,not set,3.02,4.47,164,4.45,48,13,44,13,high,normal,on,on,1.29,1.33,1.31,1.31
2018-01-04,18:33,not set,not set,not set,not set,0,not set,,,not set,not set,0,not set,BathroomLightCommanded,16.3,91.4,not set,not set,not set,not set,not set,not set,0,not set,3.02,4.47,164,4.45,47,13,44,13,high,normal,on,on,1.24,1.275,1.285,1.255
2018-01-04,18:33,not set,not set,not set,not set,0,not set,,,not set,not set,0,not set,BathroomLightCommanded,16.3,91.7,not set,not set,not set,not set,not set,not set,0,not set,3.02,4.47,164,4.45,47,13,44,13,high,normal,on,on,1.25,1.265,1.255,1.265
2018-01-04,18:33,not set,not set,not set,not set,0,not set,,,not set,not set,0,not set,BathroomLightCommanded,16.3,91.8,not set,not set,not set,not set,not set,not set,0,not set,3.02,4.47,164,4.45,47,14,43,13,high,normal,on,on,1.26,1.255,1.265,1.255
2018-01-04,18:34,not set,not set,not set,not set,0,not set,,,not set,not set,0,not set,BathroomLightCommanded,16.3,91.7,not set,not set,not set,not set,not set,not set,0,not set,3.02,4.47,164,4.45,47,13,44,13,high,normal,on,on,1.26,1.25,1.25,1.27
2018-01-04,18:34,not set,not set,not set,not set,0,not set,,,not set,not set,0,not set,BathroomLightCommanded,16.3,90.9,not set,not set,not set,not set,not set,not set,0,not set,3.02,4.47,164,4.45,47,13,44,13,high,normal,on,on,1.26,1.265,1.245,1.235
2018-01-04,18:35,not set,not set,not set,not set,0,not set,,,not set,not set,0,not set,BathroomLightCommanded,16.3,91.3,not set,not set,not set,not set,not set,not set,0,not set,3.02,4.47,164,4.45,47,13,44,13,high,normal,on,on,1.255,1.25,1.25,1.25
2018-01-04,18:35,not set,not set,not set,not set,0,not set,,,not set,not set,0,not set,BathroomLightCommanded,16.3,91.2,not set,not set,not set,not set,not set,not set,0,not set,3.02,4.47,164,4.45,47,13,43,13,high,normal,on,on,1.235,1.265,1.155,1.26
2018-01-04,18:35,not set,not set,not set,not set,1,not set,,,not set,not set,0,not set,BathroomLightCommanded,16.3,91.3,not set,not set,not set,not set,not set,not set,0,not set,3.02,4.47,164,4.45,47,14,44,13,high,normal,on,on,1.235,1.24,1.255,1.25
2018-01-04,18:36,not set,not set,not set,not set,2,not set,,,not set,not set,0,not set,BathroomLightCommanded,16.3,91.4,not set,not set,not set,not set,not set,not set,0,not set,3.02,4.47,164,4.45,47,14,44,13,high,normal,on,on,1.24,1.24,1.25,1.25
2018-01-04,18:36,not set,not set,not set,not set,1,not set,,,not set,not set,0,not set,BathroomLightCommanded,16.3,91.2,not set,not set,not set,not set,not set,not set,0,not set,3.02,4.47,164,4.45,47,14,43,13,high,normal,on,on,1.255,1.245,1.24,1.24
2018-01-04,18:36,not set,not set,not set,not set,0,not set,,,not set,not set,0,not set,BathroomLightCommanded,16.3,90.7,not set,not set,not set,not set,not set,not set,0,not set,3.02,4.47,164,4.45,47,14,43,13,high,normal,on,on,1.255,1.24,1.25,1.265
2018-01-04,18:37,not set,not set,not set,not set,1,not set,,,not set,not set,0,not set,BathroomLightCommanded,16.3,90.6,not set,not set,not set,not set,not set,not set,0,not set,3.02,4.47,164,4.45,47,13,43,13,high,normal,on,on,1.235,1.26,1.235,1.24
2018-01-04,18:37,not set,not set,not set,not set,0,not set,,,not set,not set,0,not set,BathroomLightCommanded,16.3,90.9,not set,not set,not set,not set,not set,not set,0,not set,3.02,4.47,164,4.45,46,14,43,13,high,normal,on,on,1.215,1.23,1.235,1.225
2018-01-04,18:38,not set,not set,not set,not set,0,not set,,,not set,not set,0,not set,BathroomLightCommanded,16.3,90.9,not set,not set,not set,not set,not set,not set,0,not set,3.02,4.47,164,4.45,47,14,43,13,high,normal,on,on,1.23,1.23,1.23,1.23
2018-01-04,18:38,not set,not set,not set,not set,1,not set,,,not set,not set,0,not set,BathroomLightCommanded,16.3,90.8,not set,not set,not set,not set,not set,not set,0,not set,3.02,4.47,164,4.45,47,14,43,13,high,normal,on,on,1.225,1.24,1.25,1.25
2018-01-04,18:38,not set,not set,not set,not set,0,not set,,,not set,not set,0,not set,BathroomLightCommanded,16.3,90.8,not set,not set,not set,not set,not set,not set,0,not set,3.02,4.47,164,4.45,47,14,43,13,high,normal,on,on,1.24,1.235,1.225,1.255
2018-01-04,18:39,not set,not set,not set,not set,1,not set,,,not set,not set,0,not set,BathroomLightCommanded,16.2,90.5,not set,not set,not set,not set,not set,not set,0,not set,3.02,4.47,164,4.45,47,14,43,13,high,normal,on,on,1.23,1.23,1.23,1.21
2018-01-04,18:39,not set,not set,not set,not set,0,not set,,,not set,not set,0,not set,BathroomLightCommanded,16.3,90.6,not set,not set,not set,not set,not set,not set,0,not set,3.02,4.47,164,4.45,47,14,43,13,high,normal,on,on,1.23,1.21,1.235,1.24
2018-01-04,18:40,not set,not set,not set,not set,0,not set,,,not set,not set,0,not set,BathroomLightCommanded,16.3,90.6,not set,not set,not set,not set,not set,not set,0,not set,3.02,4.47,164,4.45,47,14,43,13,high,normal,on,on,1.225,1.225,1.215,1.24
2018-01-04,18:40,not set,not set,not set,not set,0,not set,,,not set,not set,0,not set,BathroomLightCommanded,16.3,90.7,not set,not set,not set,not set,not set,not set,0,not set,3.02,4.47,164,4.45,47,14,43,13,high,normal,on,on,1.245,1.23,1.235,1.23
2018-01-04,18:40,not set,not set,not set,not set,0,not set,,,not set,not set,0,not set,BathroomLightCommanded,16.3,90.6,not set,not set,not set,not set,not set,not set,0,not set,3.02,4.47,164,4.45,47,14,43,13,high,normal,on,on,1.225,1.31,1.235,1.235
2018-01-04,18:41,not set,not set,not set,not set,0,not set,,,not set,not set,0,not set,BathroomLightCommanded,16.3,90.2,not set,not set,not set,not set,not set,not set,0,not set,3.02,4.47,164,4.45,46,14,43,13,high,normal,on,on,1.215,1.18,1.125,1.17
2018-01-04,18:41,not set,not set,not set,not set,0,not set,,,not set,not set,0,not set,BathroomLightCommanded,16.3,90.1,not set,not set,not set,not set,not set,not set,0,not set,3.02,4.47,164,4.45,47,14,43,13,high,normal,on,on,1.14,1.13,1.19,1.11
2018-01-04,18:41,not set,not set,not set,not set,0,not set,,,not set,not set,0,not set,BathroomLightCommanded,16.3,90.2,not set,not set,not set,not set,not set,not set,0,not set,3.02,4.47,164,4.45,46,14,43,13,high,normal,on,on,1.125,1.115,1.23,1.265
2018-01-04,18:42,not set,not set,not set,not set,0,not set,,,not set,not set,0,not set,BathroomLightCommanded,16.2,90.2,not set,not set,not set,not set,not set,not set,0,not set,3.02,4.47,164,4.45,46,14,43,13,high,normal,on,on,1.135,1.195,1.1,1.175
2018-01-04,18:42,not set,not set,not set,not set,0,not set,,,not set,not set,0,not set,BathroomLightCommanded,16.3,90.0,not set,not set,not set,not set,not set,not set,0,not set,3.02,4.47,164,4.45,47,14,43,13,high,normal,on,on,1.045,1.045,1.06,1.055
2018-01-04,18:43,not set,not set,not set,not set,0,not set,,,not set,not set,0,not set,BathroomLightCommanded,16.3,90.0,not set,not set,not set,not set,not set,not set,0,not set,3.02,4.47,164,4.45,46,14,43,13,high,normal,on,on,1.07,1.05,1.045,1.02
2018-01-04,18:43,not set,not set,not set,not set,1,not set,,,not set,not set,0,not set,BathroomLightCommanded,16.3,89.5,not set,not set,not set,not set,not set,not set,0,not set,3.02,4.47,164,4.45,47,15,42,14,high,normal,on,on,1.01,1.025,1.025,1.015
2018-01-04,18:43,not set,not set,not set,not set,1,not set,,,not set,not set,0,not set,BathroomLightCommanded,16.3,90.0,not set,not set,not set,not set,not set,not set,0,not set,3.02,4.47,164,4.45,46,14,43,13,high,normal,on,on,1.02,1.02,1.01,1.035
2018-01-04,18:44,not set,not set,not set,not set,0,not set,,,not set,not set,0,not set,BathroomLightCommanded,16.3,89.5,not set,not set,not set,not set,not set,not set,0,not set,3.02,4.47,164,4.45,46,14,42,13,high,normal,on,on,1.02,1.025,1.005,1.025
2018-01-04,18:44,not set,not set,not set,not set,0,not set,,,not set,not set,0,not set,BathroomLightCommanded,16.3,89.9,not set,not set,not set,not set,not set,not set,0,not set,3.02,4.47,164,4.45,46,14,42,13,high,normal,on,on,1.02,1.01,1.015,1.02
2018-01-04,18:45,not set,not set,not set,not set,1,not set,,,not set,not set,0,not set,BathroomLightCommanded,16.3,89.9,not set,not set,not set,not set,not set,not set,0,not set,3.02,4.47,164,4.45,46,14,42,14,high,normal,on,on,1.03,1.015,1.025,1.03
2018-01-04,18:45,not set,not set,not set,not set,0,not set,,,not set,not set,0,not set,BathroomLightCommanded,16.3,89.7,not set,not set,not set,not set,not set,not set,0,not set,3.02,4.47,164,4.45,46,14,43,13,high,normal,on,on,1.0,1.035,1.02,1.015
2018-01-04,18:45,not set,not set,not set,not set,0,not set,,,not set,not set,0,not set,BathroomLightCommanded,16.3,89.7,not set,not set,not set,not set,not set,not set,0,not set,3.02,4.47,164,4.45,47,14,42,13,high,normal,on,on,1.03,1.03,1.02,1.03
2018-01-04,18:46,not set,not set,not set,not set,0,not set,,,not set,not set,0,not set,BathroomLightCommanded,16.3,89.2,not set,not set,not set,not set,not set,not set,0,not set,3.02,4.47,164,4.45,47,14,42,13,high,normal,on,on,1.015,1.02,1.015,1.02
2018-01-04,18:46,not set,not set,not set,not set,0,not set,,,not set,not set,0,not set,BathroomLightCommanded,16.2,89.2,not set,not set,not set,not set,not set,not set,0,not set,3.02,4.47,164,4.45,46,14,42,13,high,normal,on,on,1.015,1.005,1.015,1.01
2018-01-04,18:46,not set,not set,not set,not set,0,not set,,,not set,not set,0,not set,BathroomLightCommanded,16.3,89.4,not set,not set,not set,not set,not set,not set,0,not set,3.02,4.47,164,4.45,46,14,42,13,high,normal,on,on,0.995,1.01,1.0,1.01
2018-01-04,18:47,not set,not set,not set,not set,0,not set,,,not set,not set,0,not set,BathroomLightCommanded,16.2,89.2,not set,not set,not set,not set,not set,not set,0,not set,3.02,4.47,164,4.45,46,14,42,13,high,normal,on,on,1.02,1.01,1.015,1.015
2018-01-04,18:47,not set,not set,not set,not set,1,not set,,,not set,not set,0,not set,BathroomLightCommanded,16.2,88.9,not set,not set,not set,not set,not set,not set,0,not set,3.02,4.47,164,4.45,46,15,42,13,high,normal,on,on,1.005,1.015,1.015,1.005
2018-01-04,18:48,not set,not set,not set,not set,1,not set,,,not set,not set,0,not set,BathroomLightCommanded,16.2,89.3,not set,not set,not set,not set,not set,not set,0,not set,3.02,4.47,164,4.45,46,14,42,13,high,normal,on,on,1.01,1.015,1.01,1.005
2018-01-04,18:48,not set,not set,not set,not set,0,not set,,,not set,not set,0,not set,BathroomLightCommanded,16.2,89.1,not set,not set,not set,not set,not set,not set,0,not set,3.02,4.47,164,4.45,46,14,42,13,high,normal,on,on,1.01,1.03,1.0,1.01
2018-01-04,18:48,not set,not set,not set,not set,0,not set,,,not set,not set,0,not set,BathroomLightCommanded,16.2,89.0,not set,not set,not set,not set,not set,not set,0,not set,3.02,4.47,164,4.45,46,14,42,13,high,normal,on,on,1.015,1.005,1.0,1.005
2018-01-04,18:49,not set,not set,not set,not set,0,not set,,,not set,not set,0,not set,BathroomLightCommanded,16.2,88.7,not set,not set,not set,not set,not set,not set,0,not set,3.02,4.47,164,4.45,46,14,42,13,high,normal,on,on,1.015,1.005,1.005,1.02
2018-01-04,18:49,not set,not set,not set,not set,0,not set,,,not set,not set,0,not set,BathroomLightCommanded,16.2,88.8,not set,not set,not set,not set,not set,not set,0,not set,3.02,4.47,164,4.45,46,14,42,13,high,normal,on,on,1.005,1.01,1.0,1.025
2018-01-04,18:50,not set,not set,not set,not set,0,not set,,,not set,not set,0,not set,BathroomLightCommanded,16.2,88.5,not set,not set,not set,not set,not set,not set,0,not set,3.02,4.47,164,4.45,46,14,42,13,high,normal,on,on,1.01,1.005,1.01,1.02
2018-01-04,18:50,not set,not set,not set,not set,0,not set,,,not set,not set,0,not set,BathroomLightCommanded,16.2,88.3,not set,not set,not set,not set,not set,not set,0,not set,3.02,4.47,164,4.45,46,15,43,13,high,normal,on,on,1.01,1.01,0.995,1.0
2018-01-04,18:50,not set,not set,not set,not set,0,not set,,,not set,not set,0,not set,BathroomLightCommanded,16.2,88.6,not set,not set,not set,not set,not set,not set,0,not set,3.02,4.47,164,4.45,46,14,42,13,high,normal,on,on,1.025,1.01,1.01,1.015
2018-01-04,18:51,not set,not set,not set,not set,1,not set,,,not set,not set,0,not set,BathroomLightCommanded,16.2,88.2,not set,not set,not set,not set,not set,not set,0,not set,3.02,4.47,164,4.45,47,14,42,13,high,normal,on,on,1.01,1.01,1.02,1.02
2018-01-04,18:51,not set,not set,not set,not set,4,not set,,,not set,not set,0,not set,BathroomLightCommanded,16.2,88.5,not set,not set,not set,not set,not set,not set,0,not set,3.02,4.47,164,4.45,46,14,42,13,high,normal,on,on,1.51,1.505,1.51,1.52
2018-01-04,18:51,not set,not set,not set,not set,2,not set,,,not set,not set,0,not set,BathroomLightCommanded,16.2,88.3,not set,not set,not set,not set,not set,not set,0,not set,3.02,4.47,164,4.45,46,15,42,13,high,normal,on,on,1.505,1.51,1.51,1.495
2018-01-04,18:52,not set,not set,not set,not set,4,not set,,,not set,not set,0,not set,BathroomLightCommanded,16.2,88.2,not set,not set,not set,not set,not set,not set,0,not set,3.02,4.47,164,4.45,46,14,41,13,high,normal,on,on,1.51,1.52,1.51,1.52
2018-01-04,18:52,not set,not set,not set,not set,2,not set,,,not set,not set,0,not set,BathroomLightCommanded,16.1,88.2,not set,not set,not set,not set,not set,not set,0,not set,3.02,4.47,164,4.45,46,14,41,13,high,normal,on,on,1.505,1.52,1.505,1.515
2018-01-04,18:53,not set,not set,not set,not set,1,not set,,,not set,not set,0,not set,BathroomLightCommanded,16.1,87.9,not set,not set,not set,not set,not set,not set,0,not set,3.02,4.47,164,4.45,46,14,42,13,high,normal,on,on,1.5,1.505,1.5,1.505
2018-01-04,18:53,not set,not set,not set,not set,4,not set,,,not set,not set,0,not set,BathroomLightCommanded,16.1,87.9,not set,not set,not set,not set,not set,not set,0,not set,3.02,4.47,164,4.45,46,15,42,14,high,normal,on,on,1.5,1.495,1.505,1.51
2018-01-04,18:53,not set,not set,not set,not set,3,not set,,,not set,not set,0,not set,BathroomLightCommanded,16.1,88.0,not set,not set,not set,not set,not set,not set,0,not set,3.02,4.47,164,4.45,46,15,42,13,high,normal,on,on,1.515,1.515,1.51,1.51
2018-01-04,18:54,not set,not set,not set,not set,1,not set,,,not set,not set,0,not set,BathroomLightCommanded,16.2,88.1,not set,not set,not set,not set,not set,not set,0,not set,3.02,4.47,164,4.45,46,15,41,13,high,normal,on,on,1.51,1.495,1.51,1.51
2018-01-04,18:54,not set,not set,not set,not set,0,not set,,,not set,not set,0,not set,BathroomLightCommanded,16.1,88.1,not set,not set,not set,not set,not set,not set,0,not set,3.02,4.47,164,4.45,46,15,42,13,high,normal,on,on,1.52,1.51,1.5,1.52
2018-01-04,18:55,not set,not set,not set,not set,0,not set,,,not set,not set,0,not set,BathroomLightCommanded,16.1,88.0,not set,not set,not set,not set,not set,not set,0,not set,3.02,4.47,164,4.45,46,14,42,13,high,normal,on,on,1.5,1.51,1.51,1.505
2018-01-04,18:55,not set,not set,not set,not set,3,not set,,,not set,not set,0,not set,BathroomLightCommanded,16.1,87.5,not set,not set,not set,not set,not set,not set,0,not set,3.02,4.47,164,4.45,46,15,42,13,high,normal,on,on,1.5,1.51,1.495,1.51
2018-01-04,18:55,not set,not set,not set,not set,1,not set,,,not set,not set,0,not set,BathroomLightCommanded,16.1,87.6,not set,not set,not set,not set,not set,not set,0,not set,3.02,4.47,164,4.45,46,15,42,13,high,normal,on,on,1.485,1.505,1.51,1.495
2018-01-04,18:56,not set,not set,not set,not set,3,not set,,,not set,not set,0,not set,BathroomLightCommanded,16.1,87.4,not set,not set,not set,not set,not set,not set,0,not set,3.02,4.47,164,4.45,46,14,42,13,high,normal,on,on,1.495,1.49,1.485,1.505
2018-01-04,18:56,not set,not set,not set,not set,0,not set,,,not set,not set,0,not set,BathroomLightCommanded,16.1,87.5,not set,not set,not set,not set,not set,not set,0,not set,3.02,4.47,164,4.45,46,15,41,14,high,normal,on,on,1.505,1.495,1.49,1.505
2018-01-04,18:56,not set,not set,not set,not set,5,not set,,,not set,not set,0,not set,BathroomLightCommanded,16.1,88.0,not set,not set,not set,not set,not set,not set,0,not set,3.02,4.47,164,4.45,46,15,41,14,high,normal,on,on,1.48,1.275,0.99,0.995
2018-01-04,18:57,not set,not set,not set,not set,0,not set,,,not set,not set,0,not set,BathroomLightCommanded,16.1,87.9,not set,not set,not set,not set,not set,not set,0,not set,3.02,4.47,164,4.45,46,15,41,13,high,normal,on,on,1.01,1.015,1.01,1.005
2018-01-04,18:57,not set,not set,not set,not set,0,not set,,,not set,not set,0,not set,BathroomLightCommanded,16.1,87.6,not set,not set,not set,not set,not set,not set,0,not set,3.02,4.47,164,4.45,46,14,42,13,high,normal,on,on,1.01,1.0,1.01,1.02
2018-01-04,18:58,not set,not set,not set,not set,0,not set,,,not set,not set,0,not set,BathroomLightCommanded,16.1,87.6,not set,not set,not set,not set,not set,not set,0,not set,3.02,4.47,164,4.45,46,15,41,13,high,normal,on,on,0.995,1.0,0.99,1.01
2018-01-04,18:58,not set,not set,not set,not set,2,not set,,,not set,not set,0,not set,BathroomLightCommanded,16.1,87.3,not set,not set,not set,not set,not set,not set,0,not set,3.02,4.47,164,4.45,46,15,41,13,high,normal,on,on,1.0,1.01,1.01,1.01
2018-01-04,18:58,not set,not set,not set,not set,0,not set,,,not set,not set,0,not set,BathroomLightCommanded,16.1,87.2,not set,not set,not set,not set,not set,not set,0,not set,3.02,4.47,164,4.45,46,15,41,13,high,normal,on,on,1.0,1.02,1.0,1.0
2018-01-04,18:59,not set,not set,not set,not set,1,not set,,,not set,not set,0,not set,BathroomLightCommanded,16.1,87.3,not set,not set,not set,not set,not set,not set,0,not set,3.02,4.47,164,4.45,46,14,41,13,high,normal,on,on,0.995,1.01,0.985,1.01
2018-01-04,18:59,not set,not set,not set,not set,0,not set,,,not set,not set,0,not set,BathroomLightCommanded,16.1,87.0,not set,not set,not set,not set,not set,not set,0,not set,3.02,4.47,164,4.45,46,15,41,13,high,normal,on,on,1.01,1.005,1.01,1.015
2018-01-04,19:00,not set,not set,not set,not set,0,not set,,,not set,not set,0,not set,BathroomLightCommanded,16.1,86.9,not set,not set,not set,not set,not set,not set,0,not set,3.02,4.47,164,4.45,47,14,41,13,high,normal,on,on,1.005,1.005,1.015,1.005
2018-01-04,19:00,not set,not set,not set,not set,0,not set,,,not set,not set,0,not set,BathroomLightCommanded,16.1,87.3,not set,not set,not set,not set,not set,not set,0,not set,3.02,4.47,164,4.45,46,15,41,13,high,normal,on,on,1.01,1.01,1.005,1.02
2018-01-04,19:00,not set,not set,not set,not set,0,not set,,,not set,not set,0,not set,BathroomLightCommanded,16.1,87.5,not set,not set,not set,not set,not set,not set,0,not set,3.02,4.47,164,4.45,46,15,41,13,high,normal,on,on,1.0,1.005,0.99,1.01
2018-01-04,19:01,not set,not set,not set,not set,2,not set,,,not set,not set,0,not set,BathroomLightCommanded,16.1,87.3,not set,not set,not set,not set,not set,not set,0,not set,3.02,4.47,164,4.45,46,15,41,13,high,normal,on,on,1.01,0.99,1.01,1.01
2018-01-04,19:01,not set,not set,not set,not set,0,not set,,,not set,not set,0,not set,BathroomLightCommanded,16.1,87.2,not set,not set,not set,not set,not set,not set,0,not set,3.02,4.47,164,4.45,46,15,41,13,high,normal,on,on,1.005,1.005,1.005,1.015
2018-01-04,19:01,not set,not set,not set,not set,0,not set,,,not set,not set,0,not set,BathroomLightCommanded,16.1,86.9,not set,not set,not set,not set,not set,not set,0,not set,3.02,4.47,164,4.45,47,15,41,13,high,normal,on,on,1.005,1.02,1.0,1.015
2018-01-04,19:02,not set,not set,not set,not set,0,not set,,,not set,not set,0,not set,BathroomLightCommanded,16.1,87.0,not set,not set,not set,not set,not set,not set,0,not set,3.02,4.47,164,4.45,46,15,41,13,high,normal,on,on,1.01,1.01,1.005,1.015
2018-01-04,19:02,not set,not set,not set,not set,0,not set,,,not set,not set,0,not set,BathroomLightCommanded,16.1,87.4,not set,not set,not set,not set,not set,not set,0,not set,3.02,4.47,164,4.45,46,15,41,13,high,normal,on,on,1.0,1.0,0.995,1.0
2018-01-04,19:03,not set,not set,not set,not set,0,not set,,,not set,not set,0,not set,BathroomLightCommanded,16.1,87.0,not set,not set,not set,not set,not set,not set,0,not set,3.02,4.47,164,4.45,46,15,41,13,high,normal,on,on,1.005,1.005,1.005,1.005
2018-01-04,19:03,not set,not set,not set,not set,0,not set,,,not set,not set,0,not set,BathroomLightCommanded,16.1,86.8,not set,not set,not set,not set,not set,not set,0,not set,3.02,4.47,164,4.45,46,15,41,13,high,normal,on,on,1.005,0.995,0.995,1.005
2018-01-04,19:03,not set,not set,not set,not set,0,not set,,,not set,not set,0,not set,BathroomLightCommanded,16.1,86.6,not set,not set,not set,not set,not set,not set,0,not set,3.02,4.47,164,4.45,46,15,41,13,high,normal,on,on,1.0,0.995,1.0,1.02
2018-01-04,19:04,not set,not set,not set,not set,0,not set,,,not set,not set,0,not set,BathroomLightCommanded,16.1,86.7,not set,not set,not set,not set,not set,not set,0,not set,3.02,4.47,164,4.45,46,15,41,13,high,normal,on,on,1.0,1.005,1.005,1.01
2018-01-04,19:04,not set,not set,not set,not set,0,not set,,,not set,not set,0,not set,BathroomLightCommanded,16.1,87.2,not set,not set,not set,not set,not set,not set,0,not set,3.02,4.47,164,4.45,46,15,42,13,high,normal,on,on,0.995,1.01,1.005,1.0
2018-01-04,19:05,not set,not set,not set,not set,1,not set,,,not set,not set,0,not set,BathroomLightCommanded,16.1,86.5,not set,not set,not set,not set,not set,not set,0,not set,3.02,4.47,164,4.45,46,15,41,13,high,normal,on,on,1.005,1.0,1.0,0.995
2018-01-04,19:05,not set,not set,not set,not set,0,not set,,,not set,not set,0,not set,BathroomLightCommanded,16.1,87.1,not set,not set,not set,not set,not set,not set,0,not set,3.02,4.47,164,4.45,45,16,41,13,high,normal,on,on,1.005,1.005,0.99,1.01
2018-01-04,19:05,not set,not set,not set,not set,0,not set,,,not set,not set,0,not set,BathroomLightCommanded,16.1,86.5,not set,not set,not set,not set,not set,not set,0,not set,3.02,4.47,164,4.45,46,15,41,13,high,normal,on,on,1.0,0.995,0.995,0.985
2018-01-04,19:06,not set,not set,not set,not set,0,not set,,,not set,not set,0,not set,BathroomLightCommanded,16.1,86.5,not set,not set,not set,not set,not set,not set,0,not set,3.02,4.47,164,4.45,46,15,41,13,high,normal,on,on,1.005,1.005,1.01,0.995
2018-01-04,19:06,not set,not set,not set,not set,0,not set,,,not set,not set,0,not set,BathroomLightCommanded,16.1,87.0,not set,not set,not set,not set,not set,not set,0,not set,3.02,4.47,164,4.45,46,15,40,13,high,normal,on,on,0.98,1.005,1.0,1.005
2018-01-04,19:06,not set,not set,not set,not set,0,not set,,,not set,not set,0,not set,BathroomLightCommanded,16.1,86.6,not set,not set,not set,not set,not set,not set,0,not set,3.02,4.47,164,4.45,46,15,40,13,high,normal,on,on,1.0,0.995,0.985,1.01
2018-01-04,19:07,not set,not set,not set,not set,1,not set,,,not set,not set,0,not set,BathroomLightCommanded,16.1,86.2,not set,not set,not set,not set,not set,not set,0,not set,3.02,4.47,164,4.45,46,15,40,13,high,normal,on,on,1.01,1.005,1.005,1.005
2018-01-04,19:07,not set,not set,not set,not set,1,not set,,,not set,not set,0,not set,BathroomLightCommanded,16.1,86.1,not set,not set,not set,not set,not set,not set,0,not set,3.02,4.47,164,4.45,46,15,41,13,high,normal,on,on,1.0,1.0,1.005,1.005
2018-01-04,19:08,not set,not set,not set,not set,0,not set,,,not set,not set,0,not set,BathroomLightCommanded,16.1,86.2,not set,not set,not set,not set,not set,not set,0,not set,3.02,4.47,164,4.45,46,15,41,13,high,normal,on,on,0.995,1.01,0.995,1.01
2018-01-04,19:08,not set,not set,not set,not set,0,not set,,,not set,not set,0,not set,BathroomLightCommanded,16.1,86.5,not set,not set,not set,not set,not set,not set,0,not set,3.02,4.47,164,4.45,45,15,40,13,high,normal,on,on,1.0,0.995,0.975,1.0
2018-01-04,19:08,not set,not set,not set,not set,0,not set,,,not set,not set,0,not set,BathroomLightCommanded,16.1,86.7,not set,not set,not set,not set,not set,not set,0,not set,3.02,4.47,164,4.45,46,15,41,13,high,normal,on,on,1.0,1.0,0.99,1.005
2018-01-04,19:09,not set,not set,not set,not set,0,not set,,,not set,not set,0,not set,BathroomLightCommanded,16.1,86.2,not set,not set,not set,not set,not set,not set,0,not set,3.02,4.47,164,4.45,46,15,40,13,high,normal,on,on,1.0,1.0,0.99,1.0
2018-01-04,19:09,not set,not set,not set,not set,0,not set,,,not set,not set,0,not set,BathroomLightCommanded,16.1,86.1,not set,not set,not set,not set,not set,not set,0,not set,3.02,4.47,164,4.45,46,15,40,13,high,normal,on,on,0.98,0.99,0.995,1.01
2018-01-04,19:10,not set,not set,not set,not set,0,not set,,,not set,not set,0,not set,BathroomLightCommanded,16.1,85.9,not set,not set,not set,not set,not set,not set,0,not set,3.02,4.47,164,4.45,46,15,40,13,high,normal,on,on,1.005,0.99,1.0,1.005
2018-01-04,19:10,not set,not set,not set,not set,1,not set,,,not set,not set,0,not set,BathroomLightCommanded,16.1,86.1,not set,not set,not set,not set,not set,not set,0,not set,3.02,4.47,164,4.45,46,15,41,13,high,normal,on,on,0.99,1.005,0.99,1.0
2018-01-04,19:10,not set,not set,not set,not set,0,not set,,,not set,not set,0,not set,BathroomLightCommanded,16.1,86.6,not set,not set,not set,not set,not set,not set,0,not set,3.02,4.47,164,4.45,46,15,40,13,high,normal,on,on,0.995,0.985,0.985,0.99
2018-01-04,19:11,not set,not set,not set,not set,1,not set,,,not set,not set,0,not set,BathroomLightCommanded,16.1,85.6,not set,not set,not set,not set,not set,not set,0,not set,3.02,4.47,164,4.45,46,15,40,13,high,normal,on,on,0.995,1.0,0.99,0.99
2018-01-04,19:11,not set,not set,not set,not set,0,not set,,,not set,not set,0,not set,BathroomLightCommanded,16.1,85.6,not set,not set,not set,not set,not set,not set,0,not set,3.02,4.47,164,4.45,46,15,40,13,high,normal,on,on,0.985,1.0,0.98,0.995
2018-01-04,19:11,not set,not set,not set,not set,0,not set,,,not set,not set,0,not set,BathroomLightCommanded,16.1,85.7,not set,not set,not set,not set,not set,not set,0,not set,3.02,4.47,164,4.45,45,15,41,13,high,normal,on,on,0.985,1.0,0.99,0.98
2018-01-04,19:12,not set,not set,not set,not set,0,not set,,,not set,not set,0,not set,BathroomLightCommanded,16.1,85.5,not set,not set,not set,not set,not set,not set,0,not set,3.02,4.47,164,4.45,45,15,40,13,high,normal,on,on,0.995,1.0,0.995,0.975
2018-01-04,19:12,not set,not set,not set,not set,1,not set,,,not set,not set,0,not set,BathroomLightCommanded,16.1,85.6,not set,not set,not set,not set,not set,not set,0,not set,3.02,4.47,164,4.45,45,15,40,13,high,normal,on,on,0.995,0.985,0.985,0.99
2018-01-04,19:13,not set,not set,not set,not set,0,not set,,,not set,not set,0,not set,BathroomLightCommanded,16.1,85.5,not set,not set,not set,not set,not set,not set,0,not set,3.02,4.47,164,4.45,45,15,40,13,high,normal,on,on,0.99,1.005,0.995,0.995
2018-01-04,19:13,not set,not set,not set,not set,2,not set,,,not set,not set,0,not set,BathroomLightCommanded,16.1,85.5,not set,not set,not set,not set,not set,not set,0,not set,3.02,4.47,164,4.45,45,16,40,13,high,normal,on,on,0.995,0.985,0.99,1.01
2018-01-04,19:13,not set,not set,not set,not set,0,not set,,,not set,not set,0,not set,BathroomLightCommanded,16.1,85.5,not set,not set,not set,not set,not set,not set,0,not set,3.02,4.47,164,4.45,46,15,40,14,high,normal,on,on,0.98,0.99,0.995,1.005
2018-01-04,19:14,not set,not set,not set,not set,0,not set,,,not set,not set,0,not set,BathroomLightCommanded,16.0,85.2,not set,not set,not set,not set,not set,not set,0,not set,3.02,4.47,164,4.45,45,15,40,13,high,normal,on,on,0.99,0.99,0.985,0.99
2018-01-04,19:14,not set,not set,not set,not set,0,not set,,,not set,not set,0,not set,BathroomLightCommanded,16.0,85.4,not set,not set,not set,not set,not set,not set,0,not set,3.02,4.47,164,4.45,45,15,40,13,high,normal,on,on,0.98,0.99,0.985,1.005
2018-01-04,19:15,not set,not set,not set,not set,0,not set,,,not set,not set,0,not set,BathroomLightCommanded,16.0,85.2,not set,not set,not set,not set,not set,not set,0,not set,3.02,4.47,164,4.45,45,15,40,13,high,normal,on,on,0.985,0.975,0.99,0.985
2018-01-04,19:15,not set,not set,not set,not set,0,not set,,,not set,not set,0,not set,BathroomLightCommanded,16.0,85.1,not set,not set,not set,not set,not set,not set,0,not set,3.02,4.47,164,4.45,45,15,40,13,high,normal,on,on,0.985,0.99,0.995,0.995
2018-01-04,19:15,not set,not set,not set,not set,1,not set,,,not set,not set,0,not set,BathroomLightCommanded,16.0,85.4,not set,not set,not set,not set,not set,not set,0,not set,3.02,4.47,164,4.45,46,15,40,13,high,normal,on,on,0.985,1.0,0.995,0.985
2018-01-04,19:16,not set,not set,not set,not set,1,not set,,,not set,not set,0,not set,BathroomLightCommanded,16.0,85.3,not set,not set,not set,not set,not set,not set,0,not set,3.02,4.47,164,4.45,45,15,41,13,high,normal,on,on,0.975,0.98,0.99,0.995
2018-01-04,19:16,not set,not set,not set,not set,0,not set,,,not set,not set,0,not set,BathroomLightCommanded,16.0,85.4,not set,not set,not set,not set,not set,not set,0,not set,3.02,4.47,164,4.45,45,15,40,13,high,normal,on,on,0.98,1.005,1.0,1.005
2018-01-04,19:16,not set,not set,not set,not set,2,not set,,,not set,not set,0,not set,BathroomLightCommanded,16.0,85.0,not set,not set,not set,not set,not set,not set,0,not set,3.02,4.47,164,4.45,45,15,40,13,high,normal,on,on,1.025,1.0,0.995,0.98
2018-01-04,19:17,not set,not set,not set,not set,0,not set,,,not set,not set,0,not set,BathroomLightCommanded,16.0,85.1,not set,not set,not set,not set,not set,not set,0,not set,3.02,4.47,164,4.45,45,15,39,13,high,normal,on,on,0.97,1.0,0.98,0.98
2018-01-04,19:17,not set,not set,not set,not set,0,not set,,,not set,not set,0,not set,BathroomLightCommanded,16.0,84.8,not set,not set,not set,not set,not set,not set,0,not set,3.02,4.47,164,4.45,45,15,39,13,high,normal,on,on,0.985,1.0,0.98,0.995
2018-01-04,19:18,not set,not set,not set,not set,0,not set,,,not set,not set,0,not set,BathroomLightCommanded,16.0,84.8,not set,not set,not set,not set,not set,not set,0,not set,3.02,4.47,164,4.45,45,15,40,13,high,normal,on,on,0.985,0.975,0.99,0.995
2018-01-04,19:18,not set,not set,not set,not set,2,not set,,,not set,not set,0,not set,BathroomLightCommanded,16.0,85.2,not set,not set,not set,not set,not set,not set,0,not set,3.02,4.47,164,4.45,45,15,40,13,high,normal,on,on,0.99,0.98,0.975,0.995
2018-01-04,19:18,not set,not set,not set,not set,0,not set,,,not set,not set,0,not set,BathroomLightCommanded,16.0,85.0,not set,not set,not set,not set,not set,not set,0,not set,3.02,4.47,164,4.45,45,15,40,13,high,normal,on,on,0.99,0.995,0.975,0.995
2018-01-04,19:19,not set,not set,not set,not set,0,not set,,,not set,not set,0,not set,BathroomLightCommanded,16.0,84.6,not set,not set,not set,not set,not set,not set,0,not set,3.02,4.47,164,4.45,45,15,40,13,high,normal,on,on,0.985,0.99,0.98,0.99
2018-01-04,19:19,not set,not set,not set,not set,1,not set,,,not set,not set,0,not set,BathroomLightCommanded,16.0,84.4,not set,not set,not set,not set,not set,not set,0,not set,3.02,4.47,164,4.45,45,15,40,13,high,normal,on,on,0.985,0.975,0.995,1.0
2018-01-04,19:20,not set,not set,not set,not set,1,not set,,,not set,not set,0,not set,BathroomLightCommanded,16.0,84.7,not set,not set,not set,not set,not set,not set,0,not set,3.02,4.47,164,4.45,45,15,39,13,high,normal,on,on,0.985,0.995,0.98,1.0
2018-01-04,19:20,not set,not set,not set,not set,0,not set,,,not set,not set,0,not set,BathroomLightCommanded,16.0,84.9,not set,not set,not set,not set,not set,not set,0,not set,3.02,4.47,164,4.45,45,15,40,14,high,normal,on,on,0.99,0.995,0.985,0.985
2018-01-04,19:20,not set,not set,not set,not set,0,not set,,,not set,not set,0,not set,BathroomLightCommanded,16.0,84.6,not set,not set,not set,not set,not set,not set,0,not set,3.02,4.47,164,4.45,45,15,39,13,high,normal,on,on,0.985,0.99,0.97,0.98
2018-01-04,19:21,not set,not set,not set,not set,0,not set,,,not set,not set,0,not set,BathroomLightCommanded,16.0,84.2,not set,not set,not set,not set,not set,not set,0,not set,3.02,4.47,164,4.45,45,15,40,13,high,normal,on,on,0.975,0.98,0.995,0.99
2018-01-04,19:21,not set,not set,not set,not set,0,not set,,,not set,not set,0,not set,BathroomLightCommanded,16.0,84.3,not set,not set,not set,not set,not set,not set,0,not set,3.02,4.47,164,4.45,45,15,39,13,high,normal,on,on,0.975,0.99,0.975,0.99
2018-01-04,19:21,not set,not set,not set,not set,1,not set,,,not set,not set,0,not set,BathroomLightCommanded,16.0,84.6,not set,not set,not set,not set,not set,not set,0,not set,3.02,4.47,164,4.45,45,15,40,13,high,normal,on,on,0.99,0.995,0.98,0.99
2018-01-04,19:22,not set,not set,not set,not set,0,not set,,,not set,not set,0,not set,BathroomLightCommanded,16.0,84.3,not set,not set,not set,not set,not set,not set,0,not set,3.02,4.47,164,4.45,45,15,39,14,high,normal,on,on,0.965,0.97,0.975,0.98
2018-01-04,19:22,not set,not set,not set,not set,0,not set,,,not set,not set,0,not set,BathroomLightCommanded,16.0,83.4,not set,not set,not set,not set,not set,not set,0,not set,3.02,4.47,164,4.45,45,15,39,13,high,normal,on,on,0.955,0.96,0.955,0.96
2018-01-04,19:23,not set,not set,not set,not set,0,not set,,,not set,not set,0,not set,BathroomLightCommanded,16.0,83.6,not set,not set,not set,not set,not set,not set,0,not set,3.02,4.47,164,4.45,45,15,39,13,high,normal,on,on,0.96,0.96,0.955,0.965
2018-01-04,19:23,not set,not set,not set,not set,0,not set,,,not set,not set,0,not set,BathroomLightCommanded,16.0,83.8,not set,not set,not set,not set,not set,not set,0,not set,3.02,4.47,164,4.45,45,15,40,13,high,normal,on,on,0.96,0.96,0.985,0.96
2018-01-04,19:23,not set,not set,not set,not set,0,not set,,,not set,not set,0,not set,BathroomLightCommanded,16.0,83.6,not set,not set,not set,not set,not set,not set,0,not set,3.02,4.47,164,4.45,45,15,39,13,high,normal,on,on,0.96,0.955,0.965,0.95
2018-01-04,19:24,not set,not set,not set,not set,0,not set,,,not set,not set,0,not set,BathroomLightCommanded,16.0,83.7,not set,not set,not set,not set,not set,not set,0,not set,3.02,4.47,164,4.45,45,15,39,13,high,normal,on,on,0.95,0.96,0.96,0.975
2018-01-04,19:24,not set,not set,not set,not set,1,not set,,,not set,not set,0,not set,BathroomLightCommanded,16.0,83.8,not set,not set,not set,not set,not set,not set,0,not set,3.02,4.47,164,4.45,45,15,39,13,high,normal,on,on,0.955,0.965,0.965,0.975
2018-01-04,19:25,not set,not set,not set,not set,0,not set,,,not set,not set,0,not set,BathroomLightCommanded,16.0,84.2,not set,not set,not set,not set,not set,not set,0,not set,3.02,4.47,164,4.45,45,15,39,13,high,normal,on,on,0.96,0.96,0.96,0.96
2018-01-04,19:25,not set,not set,not set,not set,1,not set,,,not set,not set,0,not set,BathroomLightCommanded,16.0,83.6,not set,not set,not set,not set,not set,not set,0,not set,3.02,4.47,164,4.45,45,15,39,13,high,normal,on,on,0.965,0.955,0.955,0.98
2018-01-04,19:25,not set,not set,not set,not set,0,not set,,,not set,not set,0,not set,BathroomLightCommanded,16.0,83.5,not set,not set,not set,not set,not set,not set,0,not set,3.02,4.47,164,4.45,46,15,39,13,high,normal,on,on,0.985,0.965,0.955,0.965
2018-01-04,19:26,not set,not set,not set,not set,0,not set,,,not set,not set,0,not set,BathroomLightCommanded,16.0,83.4,not set,not set,not set,not set,not set,not set,0,not set,3.02,4.47,164,4.45,45,15,39,13,high,normal,on,on,0.96,0.955,0.96,0.965
2018-01-04,19:26,not set,not set,not set,not set,0,not set,,,not set,not set,0,not set,BathroomLightCommanded,16.0,83.2,not set,not set,not set,not set,not set,not set,0,not set,3.02,4.47,164,4.45,45,15,39,13,high,normal,on,on,0.98,0.975,0.975,0.97
2018-01-04,19:26,not set,not set,not set,not set,2,not set,,,not set,not set,0,not set,BathroomLightCommanded,16.0,83.4,not set,not set,not set,not set,not set,not set,0,not set,3.02,4.47,164,4.45,45,15,39,13,high,normal,on,on,1.505,1.51,1.51,1.515
2018-01-04,19:27,not set,not set,not set,not set,0,not set,,,not set,not set,0,not set,BathroomLightCommanded,16.0,83.3,not set,not set,not set,not set,not set,not set,0,not set,3.02,4.47,164,4.45,45,15,39,13,high,normal,on,on,1.48,1.485,1.475,1.495
2018-01-04,19:27,not set,not set,not set,not set,0,not set,,,not set,not set,0,not set,BathroomLightCommanded,16.0,83.6,not set,not set,not set,not set,not set,not set,0,not set,3.02,4.47,164,4.45,45,15,39,13,high,normal,on,on,1.46,1.475,1.48,1.5
2018-01-04,19:28,not set,not set,not set,not set,2,not set,,,not set,not set,0,not set,BathroomLightCommanded,16.0,83.3,not set,not set,not set,not set,not set,not set,0,not set,3.02,4.47,164,4.45,45,15,39,13,high,normal,on,on,1.495,1.51,1.5,1.5
2018-01-04,19:28,not set,not set,not set,not set,2,not set,,,not set,not set,0,not set,BathroomLightCommanded,16.0,83.5,not set,not set,not set,not set,not set,not set,0,not set,3.02,4.47,164,4.45,45,15,39,13,high,normal,on,on,1.49,1.5,1.48,1.485
2018-01-04,19:28,not set,not set,not set,not set,1,not set,,,not set,not set,0,not set,BathroomLightCommanded,16.0,83.1,not set,not set,not set,not set,not set,not set,0,not set,3.02,4.47,164,4.45,45,15,39,13,high,normal,on,on,1.46,1.45,1.485,1.48
2018-01-04,19:29,not set,not set,not set,not set,0,not set,,,not set,not set,0,not set,BathroomLightCommanded,16.0,83.3,not set,not set,not set,not set,not set,not set,0,not set,3.02,4.47,164,4.45,45,15,39,13,high,normal,on,on,1.47,1.49,1.48,1.465
2018-01-04,19:29,not set,not set,not set,not set,1,not set,,,not set,not set,0,not set,BathroomLightCommanded,16.0,83.0,not set,not set,not set,not set,not set,not set,0,not set,3.02,4.47,164,4.45,45,15,39,13,high,normal,on,on,1.48,1.485,1.475,1.49
2018-01-04,19:30,not set,not set,not set,not set,0,not set,,,not set,not set,0,not set,BathroomLightCommanded,16.0,83.2,not set,not set,not set,not set,not set,not set,0,not set,3.02,4.47,164,4.45,45,15,39,13,high,normal,on,on,1.48,1.475,1.47,1.49
2018-01-04,19:30,not set,not set,not set,not set,0,not set,,,not set,not set,0,not set,BathroomLightCommanded,16.0,83.7,not set,not set,not set,not set,not set,not set,0,not set,3.02,4.47,164,4.45,45,15,40,13,high,normal,on,on,1.48,1.47,1.475,1.485
2018-01-04,19:30,not set,not set,not set,not set,2,not set,,,not set,not set,0,not set,BathroomLightCommanded,16.0,83.8,not set,not set,not set,not set,not set,not set,0,not set,3.02,4.47,164,4.45,45,15,39,13,high,normal,on,on,1.475,1.49,1.475,1.48
2018-01-04,19:31,not set,not set,not set,not set,3,not set,,,not set,not set,0,not set,BathroomLightCommanded,16.0,83.7,not set,not set,not set,not set,not set,not set,0,not set,3.02,4.47,164,4.45,45,15,39,13,high,normal,on,on,1.46,1.485,1.475,1.47
2018-01-04,19:31,not set,not set,not set,not set,0,not set,,,not set,not set,0,not set,BathroomLightCommanded,16.0,83.3,not set,not set,not set,not set,not set,not set,0,not set,3.02,4.47,164,4.45,45,16,39,13,high,normal,on,on,1.475,1.48,1.475,1.47
2018-01-04,19:31,not set,not set,not set,not set,0,not set,,,not set,not set,0,not set,BathroomLightCommanded,16.0,83.0,not set,not set,not set,not set,not set,not set,0,not set,3.02,4.47,164,4.45,45,16,39,13,high,normal,on,on,1.48,1.47,1.46,1.49
2018-01-04,19:32,not set,not set,not set,not set,1,not set,,,not set,not set,0,not set,BathroomLightCommanded,16.0,83.3,not set,not set,not set,not set,not set,not set,0,not set,3.02,4.47,164,4.45,45,15,39,13,high,normal,on,on,1.475,1.48,1.48,1.47
2018-01-04,19:32,not set,not set,not set,not set,1,not set,,,not set,not set,0,not set,BathroomLightCommanded,16.0,83.5,not set,not set,not set,not set,not set,not set,0,not set,3.02,4.47,164,4.45,45,15,39,13,high,normal,on,on,1.48,1.475,1.475,1.49
2018-01-04,19:33,not set,not set,not set,not set,1,not set,,,not set,not set,0,not set,BathroomLightCommanded,16.0,83.2,not set,not set,not set,not set,not set,not set,0,not set,3.02,4.47,164,4.45,45,15,39,13,high,normal,on,on,1.47,1.475,1.455,1.485
2018-01-04,19:33,not set,not set,not set,not set,0,not set,,,not set,not set,0,not set,BathroomLightCommanded,15.9,82.9,not set,not set,not set,not set,not set,not set,0,not set,3.02,4.47,164,4.45,51,16,40,13,high,normal,on,on,15.895,16.11,15.98,16.035
2018-01-04,19:33,not set,not set,not set,not set,1,not set,,,not set,not set,0,not set,BathroomLightCommanded,15.9,83.2,not set,not set,not set,not set,not set,not set,0,not set,3.02,4.47,164,4.45,52,16,39,13,high,normal,on,on,15.94,16.225,15.97,16.025
2018-01-04,19:34,not set,not set,not set,not set,1,not set,,,not set,not set,0,not set,BathroomLightCommanded,16.0,83.2,not set,not set,not set,not set,not set,not set,0,not set,3.02,4.47,164,4.45,54,15,39,13,high,normal,on,on,16.055,16.01,16.045,16.09
2018-01-04,19:34,not set,not set,not set,not set,0,not set,,,not set,not set,0,not set,BathroomLightCommanded,16.0,82.7,not set,not set,not set,not set,not set,not set,0,not set,3.02,4.47,164,4.45,53,15,39,13,high,normal,on,on,15.925,16.085,15.985,16.125
2018-01-04,19:34,not set,not set,not set,not set,0,not set,,,not set,not set,0,not set,BathroomLightCommanded,15.9,82.9,not set,not set,not set,not set,not set,not set,0,not set,3.02,4.47,164,4.45,53,15,39,13,high,normal,on,on,15.945,16.025,16.13,16.105
2018-01-04,19:35,not set,not set,not set,not set,1,not set,,,not set,not set,0,not set,BathroomLightCommanded,16.0,83.7,not set,not set,not set,not set,not set,not set,0,not set,3.02,4.47,164,4.45,53,15,39,13,high,normal,on,on,16.04,16.065,15.99,16.02
2018-01-04,19:35,not set,not set,not set,not set,2,not set,,,not set,not set,0,not set,BathroomLightCommanded,15.9,83.1,not set,not set,not set,not set,not set,not set,0,not set,3.02,4.47,164,4.45,54,15,39,13,high,normal,on,on,15.915,15.93,15.885,15.92
2018-01-04,19:36,not set,not set,not set,not set,0,not set,,,not set,not set,0,not set,BathroomLightCommanded,15.9,83.0,not set,not set,not set,not set,not set,not set,0,not set,3.02,4.47,164,4.45,53,15,40,13,high,normal,on,on,1.48,1.48,1.505,1.485
2018-01-04,19:36,not set,not set,not set,not set,1,not set,,,not set,not set,0,not set,BathroomLightCommanded,15.9,83.3,not set,not set,not set,not set,not set,not set,0,not set,3.02,4.47,164,4.45,53,15,40,13,high,normal,on,on,1.48,1.47,1.48,1.495
2018-01-04,19:36,not set,not set,not set,not set,0,not set,,,not set,not set,0,not set,BathroomLightCommanded,15.9,82.9,not set,not set,not set,not set,not set,not set,0,not set,3.02,4.47,164,4.45,52,15,40,13,high,normal,on,on,1.47,1.485,1.465,1.48
2018-01-04,19:37,not set,not set,not set,not set,0,not set,,,not set,not set,0,not set,BathroomLightCommanded,15.9,82.8,not set,not set,not set,not set,not set,not set,0,not set,3.02,4.47,164,4.45,52,15,40,13,high,normal,on,on,1.47,1.47,1.465,1.48
2018-01-04,19:37,not set,not set,not set,not set,1,not set,,,not set,not set,0,not set,BathroomLightCommanded,15.9,83.0,not set,not set,not set,not set,not set,not set,0,not set,3.02,4.47,164,4.45,53,15,41,13,high,normal,on,on,1.48,1.48,1.485,1.485
2018-01-04,19:38,not set,not set,not set,not set,0,not set,,,not set,not set,0,not set,BathroomLightCommanded,15.9,82.9,not set,not set,not set,not set,not set,not set,0,not set,3.02,4.47,164,4.45,51,15,41,14,high,normal,on,on,1.47,1.47,1.475,1.475
2018-01-04,19:38,not set,not set,not set,not set,3,not set,,,not set,not set,0,not set,BathroomLightCommanded,15.9,83.3,not set,not set,not set,not set,not set,not set,0,not set,3.02,4.47,164,4.45,51,15,41,13,high,normal,on,on,1.475,1.485,1.46,1.47
2018-01-04,19:38,not set,not set,not set,not set,0,not set,,,not set,not set,0,not set,BathroomLightCommanded,15.9,82.9,not set,not set,not set,not set,not set,not set,0,not set,3.02,4.47,164,4.45,53,15,41,13,high,normal,on,on,1.48,1.48,1.46,1.485
2018-01-04,19:39,not set,not set,not set,not set,0,not set,,,not set,not set,0,not set,BathroomLightCommanded,15.9,82.8,not set,not set,not set,not set,not set,not set,0,not set,3.02,4.47,164,4.45,54,14,42,13,high,normal,on,on,26.185,26.195,26.22,26.275
2018-01-04,19:39,not set,not set,not set,not set,0,not set,,,not set,not set,0,not set,BathroomLightCommanded,15.9,82.7,not set,not set,not set,not set,not set,not set,0,not set,3.02,4.47,164,4.45,54,13,42,13,high,normal,on,on,15.9,15.81,15.88,15.945
2018-01-04,19:39,not set,not set,not set,not set,0,not set,,,not set,not set,0,not set,BathroomLightCommanded,15.9,82.9,not set,not set,not set,not set,not set,not set,0,not set,3.02,4.47,164,4.45,54,13,41,13,high,normal,on,on,15.805,16.105,15.875,16.03
2018-01-04,19:40,not set,not set,not set,not set,0,not set,,,not set,not set,0,not set,BathroomLightCommanded,15.9,82.6,not set,not set,not set,not set,not set,not set,0,not set,3.02,4.47,164,4.45,54,13,41,13,high,normal,on,on,15.99,15.825,15.88,15.955
2018-01-04,19:40,not set,not set,not set,not set,0,not set,,,not set,not set,0,not set,BathroomLightCommanded,15.9,82.8,not set,not set,not set,not set,not set,not set,0,not set,3.02,4.47,164,4.45,53,13,41,13,high,normal,on,on,16.0,16.03,26.25,26.15
2018-01-04,19:41,not set,not set,not set,not set,1,not set,,,not set,not set,0,not set,BathroomLightCommanded,15.9,82.9,not set,not set,not set,not set,not set,not set,0,not set,3.02,4.47,164,4.45,53,13,41,13,high,normal,on,on,16.065,16.105,16.085,16.05
2018-01-04,19:41,not set,not set,not set,not set,3,not set,,,not set,not set,0,not set,BathroomLightCommanded,15.9,83.4,not set,not set,not set,not set,not set,not set,0,not set,3.02,4.47,164,4.45,53,13,41,13,high,normal,on,on,26.425,26.615,26.675,26.545
2018-01-04,19:41,not set,not set,not set,not set,1,not set,,,not set,not set,0,not set,BathroomLightCommanded,15.9,82.9,not set,not set,not set,not set,not set,not set,0,not set,3.02,4.47,164,4.45,53,13,41,13,high,normal,on,on,16.88,16.93,16.715,16.9
2018-01-04,19:42,not set,not set,not set,not set,0,not set,,,not set,not set,0,not set,BathroomLightCommanded,15.9,83.2,not set,not set,not set,not set,not set,not set,0,not set,3.02,4.47,164,4.45,53,13,42,13,high,normal,on,on,27.405,27.53,27.43,24.89
2018-01-04,19:42,not set,not set,not set,not set,0,not set,,,not set,not set,0,not set,BathroomLightCommanded,15.9,83.0,not set,not set,not set,not set,not set,not set,0,not set,3.02,4.47,164,4.45,52,13,42,13,high,normal,on,on,16.89,17.02,17.01,17.01
2018-01-04,19:42,not set,not set,not set,not set,0,not set,,,not set,not set,0,not set,BathroomLightCommanded,15.9,82.7,not set,not set,not set,not set,not set,not set,0,not set,3.02,4.47,164,4.45,52,14,42,13,high,normal,on,on,27.195,17.06,16.86,16.85
2018-01-04,19:43,not set,not set,not set,not set,0,not set,,,not set,not set,0,not set,BathroomLightCommanded,15.9,82.5,not set,not set,not set,not set,not set,not set,0,not set,3.02,4.47,164,4.45,52,13,42,14,high,normal,on,on,16.75,16.865,16.76,16.67
2018-01-04,19:43,not set,not set,not set,not set,3,not set,,,not set,not set,0,not set,BathroomLightCommanded,15.9,82.4,not set,not set,not set,not set,not set,not set,0,not set,3.02,4.47,164,4.45,52,13,44,13,high,normal,on,on,16.9,17.055,16.605,16.835
2018-01-04,19:43,not set,not set,not set,not set,0,not set,,,not set,not set,0,not set,BathroomLightCommanded,15.9,83.0,not set,not set,not set,not set,not set,not set,0,not set,3.02,4.47,164,4.45,52,13,43,13,high,normal,on,on,16.475,16.405,16.55,16.83
2018-01-04,19:44,not set,not set,not set,not set,0,not set,,,not set,not set,0,not set,BathroomLightCommanded,15.9,82.9,not set,not set,not set,not set,not set,not set,0,not set,3.02,4.47,164,4.45,51,13,44,13,high,normal,on,on,16.71,16.665,16.695,16.62
2018-01-04,19:44,not set,not set,not set,not set,2,not set,,,not set,not set,0,not set,BathroomLightCommanded,15.9,82.4,not set,not set,not set,not set,not set,not set,0,not set,3.02,4.47,164,4.45,51,13,44,13,high,normal,on,on,16.665,27.325,26.965,26.615
2018-01-04,19:45,not set,not set,not set,not set,0,not set,,,not set,not set,0,not set,BathroomLightCommanded,15.9,82.5,not set,not set,not set,not set,not set,not set,0,not set,3.02,4.47,164,4.45,51,14,45,13,high,normal,on,on,15.65,16.085,15.9,15.635
2018-01-04,19:45,not set,not set,not set,not set,0,not set,,,not set,not set,0,not set,BathroomLightCommanded,15.9,83.0,not set,not set,not set,not set,not set,not set,0,not set,3.02,4.47,164,4.45,51,13,45,13,high,normal,on,on,25.875,26.19,26.26,26.315
2018-01-04,19:45,not set,not set,not set,not set,0,not set,,,not set,not set,0,not set,BathroomLightCommanded,15.9,82.5,not set,not set,not set,not set,not set,not set,0,not set,3.02,4.47,164,4.45,51,14,45,13,high,normal,on,on,1.68,1.66,1.52,1.515
2018-01-04,19:46,not set,not set,not set,not set,3,not set,,,not set,not set,0,not set,BathroomLightCommanded,15.9,82.8,not set,not set,not set,not set,not set,not set,0,not set,3.02,4.47,164,4.45,51,14,45,13,high,normal,on,on,11.365,11.43,1.525,1.52
2018-01-04,19:46,not set,not set,not set,not set,0,not set,,,not set,not set,0,not set,BathroomLightCommanded,15.9,82.8,not set,not set,not set,not set,not set,not set,0,not set,3.02,4.47,164,4.45,51,13,46,13,high,normal,on,on,1.495,1.52,1.51,1.495
2018-01-04,19:46,not set,not set,not set,not set,0,not set,,,not set,not set,0,not set,BathroomLightCommanded,15.9,82.6,not set,not set,not set,not set,not set,not set,0,not set,3.02,4.47,164,4.45,51,13,46,13,high,normal,on,on,1.695,1.72,1.525,1.77
2018-01-04,19:47,not set,not set,not set,not set,0,not set,,,not set,not set,0,not set,BathroomLightCommanded,15.9,82.3,not set,not set,not set,not set,not set,not set,0,not set,3.02,4.47,164,4.45,51,13,46,13,high,normal,on,on,1.625,1.69,1.69,1.52
2018-01-04,19:47,not set,not set,not set,not set,0,not set,,,not set,not set,0,not set,BathroomLightCommanded,15.9,82.9,not set,not set,not set,not set,not set,not set,0,not set,3.02,4.47,164,4.45,52,13,46,13,high,normal,on,on,1.505,1.5,1.505,1.5
2018-01-04,19:48,not set,not set,not set,not set,0,not set,,,not set,not set,0,not set,BathroomLightCommanded,15.9,82.7,not set,not set,not set,not set,not set,not set,0,not set,3.02,4.47,164,4.45,51,13,46,14,high,normal,on,on,11.175,11.74,11.335,11.605
2018-01-04,19:48,not set,not set,not set,not set,0,not set,,,not set,not set,0,not set,BathroomLightCommanded,15.9,82.5,not set,not set,not set,not set,not set,not set,0,not set,3.02,4.47,164,4.45,51,13,46,13,high,normal,on,on,1.52,1.505,1.5,1.51
2018-01-04,19:48,not set,not set,not set,not set,2,not set,,,not set,not set,0,not set,BathroomLightCommanded,15.9,82.4,not set,not set,not set,not set,not set,not set,0,not set,3.02,4.47,164,4.45,50,13,46,13,high,normal,on,on,11.555,11.47,11.48,11.355
2018-01-04,19:49,not set,not set,not set,not set,1,not set,,,not set,not set,0,not set,BathroomLightCommanded,15.9,82.6,not set,not set,not set,not set,not set,not set,0,not set,3.02,4.47,164,4.45,50,14,47,14,high,normal,on,on,1.51,1.515,1.495,1.53
2018-01-04,19:49,not set,not set,not set,not set,2,not set,,,not set,not set,0,not set,BathroomLightCommanded,15.9,82.5,not set,not set,not set,not set,not set,not set,0,not set,3.02,4.47,164,4.45,50,13,47,13,high,normal,on,on,11.625,1.64,1.74,1.505
2018-01-04,19:50,not set,not set,not set,not set,0,not set,,,not set,not set,0,not set,BathroomLightCommanded,15.9,82.7,not set,not set,not set,not set,not set,not set,0,not set,3.02,4.47,164,4.45,50,13,47,13,high,normal,on,on,1.49,1.62,1.57,1.515
2018-01-04,19:50,not set,not set,not set,not set,0,not set,,,not set,not set,0,not set,BathroomLightCommanded,15.9,82.4,not set,not set,not set,not set,not set,not set,0,not set,3.02,4.47,164,4.45,50,13,46,13,high,normal,on,on,1.645,1.515,1.515,1.515
2018-01-04,19:50,not set,not set,not set,not set,0,not set,,,not set,not set,0,not set,BathroomLightCommanded,15.9,82.4,not set,not set,not set,not set,not set,not set,0,not set,3.02,4.47,164,4.45,50,13,47,13,high,normal,on,on,1.57,1.52,6.86,11.85
2018-01-04,19:51,not set,not set,not set,not set,0,not set,,,not set,not set,0,not set,BathroomLightCommanded,15.9,82.3,not set,not set,not set,not set,not set,not set,0,not set,3.02,4.47,164,4.45,50,13,46,13,high,normal,on,on,1.75,1.78,2.025,1.845
2018-01-04,19:51,not set,not set,not set,not set,1,not set,,,not set,not set,0,not set,BathroomLightCommanded,15.9,82.6,not set,not set,not set,not set,not set,not set,0,not set,3.02,4.47,164,4.45,50,13,46,13,high,normal,on,on,12.965,12.955,12.95,12.875
2018-01-04,19:51,not set,not set,not set,not set,0,not set,,,not set,not set,0,not set,BathroomLightCommanded,15.9,82.7,not set,not set,not set,not set,not set,not set,0,not set,3.02,4.47,164,4.45,53,14,46,13,high,normal,on,on,2.485,2.5,2.515,2.53
2018-01-04,19:52,not set,not set,not set,not set,2,not set,,,not set,not set,0,not set,BathroomLightCommanded,15.9,82.7,not set,not set,not set,not set,not set,not set,0,not set,3.02,4.47,164,4.45,55,13,46,13,high,normal,on,on,12.64,12.8,12.715,2.495
2018-01-04,19:52,not set,not set,not set,not set,2,not set,,,not set,not set,0,not set,BathroomLightCommanded,15.9,82.1,not set,not set,not set,not set,not set,not set,0,not set,3.02,4.47,164,4.45,56,13,46,13,high,normal,on,on,2.52,2.475,2.46,2.505
2018-01-04,19:53,not set,not set,not set,not set,3,not set,,,not set,not set,0,not set,BathroomLightCommanded,15.9,82.4,not set,not set,not set,not set,not set,not set,0,not set,3.02,4.47,164,4.45,56,12,46,13,high,normal,on,on,2.46,2.485,2.475,2.7
2018-01-04,19:53,not set,not set,not set,not set,0,not set,,,not set,not set,0,not set,BathroomLightCommanded,15.9,82.4,not set,not set,not set,not set,not set,not set,0,not set,3.02,4.47,164,4.45,56,12,46,13,high,normal,on,on,2.525,2.45,2.565,2.42
2018-01-04,19:53,not set,not set,not set,not set,0,not set,,,not set,not set,0,not set,BathroomLightCommanded,15.9,82.7,not set,not set,not set,not set,not set,not set,0,not set,3.02,4.47,164,4.45,56,12,45,13,high,normal,on,on,2.475,2.445,2.465,2.485
2018-01-04,19:54,not set,not set,not set,not set,2,not set,,,not set,not set,0,not set,BathroomLightCommanded,15.9,82.4,not set,not set,not set,not set,not set,not set,0,not set,3.02,4.47,164,4.45,55,12,45,13,high,normal,on,on,2.475,2.495,12.86,12.815
2018-01-04,19:54,not set,not set,not set,not set,3,not set,,,not set,not set,0,not set,BathroomLightCommanded,15.9,82.7,not set,not set,not set,not set,not set,not set,0,not set,3.02,4.47,164,4.45,55,12,44,13,high,normal,on,on,2.44,2.49,2.465,2.465
2018-01-04,19:54,not set,not set,not set,not set,1,not set,,,not set,not set,0,not set,BathroomLightCommanded,15.9,82.4,not set,not set,not set,not set,not set,not set,0,not set,3.02,4.47,164,4.45,55,12,44,13,high,normal,on,on,12.66,12.765,12.66,12.605
2018-01-04,19:55,not set,not set,not set,not set,0,not set,,,not set,not set,0,not set,BathroomLightCommanded,15.9,82.6,not set,not set,not set,not set,not set,not set,0,not set,3.02,4.47,164,4.45,55,12,43,14,high,normal,on,on,2.47,2.485,2.455,2.43
2018-01-04,19:55,not set,not set,not set,not set,0,not set,,,not set,not set,0,not set,BathroomLightCommanded,15.9,82.2,not set,not set,not set,not set,not set,not set,0,not set,3.02,4.47,164,4.45,55,12,43,13,high,normal,on,on,12.68,12.57,2.495,2.46
2018-01-04,19:56,not set,not set,not set,not set,1,not set,,,not set,not set,0,not set,BathroomLightCommanded,15.9,82.5,not set,not set,not set,not set,not set,not set,0,not set,3.02,4.47,164,4.45,54,12,42,13,high,normal,on,on,2.47,2.455,2.455,2.485
2018-01-04,19:56,not set,not set,not set,not set,0,not set,,,not set,not set,0,not set,BathroomLightCommanded,15.9,82.2,not set,not set,not set,not set,not set,not set,0,not set,3.02,4.47,164,4.45,54,12,42,13,high,normal,on,on,2.46,2.46,1.73,1.735
2018-01-04,19:56,not set,not set,not set,not set,1,not set,,,not set,not set,0,not set,BathroomLightCommanded,15.9,82.0,not set,not set,not set,not set,not set,not set,0,not set,3.02,4.47,164,4.45,54,13,42,13,high,normal,on,on,1.865,1.785,1.785,1.87
2018-01-04,19:57,not set,not set,not set,not set,0,not set,,,not set,not set,0,not set,BathroomLightCommanded,15.9,82.1,not set,not set,not set,not set,not set,not set,0,not set,3.02,4.47,164,4.45,54,12,42,13,high,normal,on,on,1.73,1.75,1.7,1.74
2018-01-04,19:57,not set,not set,not set,not set,2,not set,,,not set,not set,0,not set,BathroomLightCommanded,15.9,81.9,not set,not set,not set,not set,not set,not set,0,not set,3.02,4.47,164,4.45,54,13,41,13,high,normal,on,on,1.745,12.075,11.795,12.005
2018-01-04,19:58,not set,not set,not set,not set,2,not set,,,not set,not set,0,not set,BathroomLightCommanded,15.9,82.0,not set,not set,not set,not set,not set,not set,0,not set,3.02,4.47,164,4.45,53,13,41,14,high,normal,on,on,1.73,1.725,1.72,1.73
2018-01-04,19:58,not set,not set,not set,not set,3,not set,,,not set,not set,0,not set,BathroomLightCommanded,15.9,82.3,not set,not set,not set,not set,not set,not set,0,not set,3.02,4.47,164,4.45,53,13,41,13,high,normal,on,on,11.96,11.82,11.945,11.945
2018-01-04,19:58,not set,not set,not set,not set,0,not set,,,not set,not set,0,not set,BathroomLightCommanded,15.9,82.1,not set,not set,not set,not set,not set,not set,0,not set,3.02,4.47,164,4.45,53,13,41,13,high,normal,on,on,1.82,1.73,1.73,1.725
2018-01-04,19:59,not set,not set,not set,not set,1,not set,,,not set,not set,0,not set,BathroomLightCommanded,15.9,81.8,not set,not set,not set,not set,not set,not set,0,not set,3.02,4.47,164,4.45,53,13,41,13,high,normal,on,on,26.505,16.43,16.205,16.275
2018-01-04,19:59,not set,not set,not set,not set,0,not set,,,not set,not set,0,not set,BathroomLightCommanded,15.9,82.1,not set,not set,not set,not set,not set,not set,0,not set,3.02,4.47,164,4.45,53,13,41,13,high,normal,on,on,16.475,16.165,16.445,16.285
2018-01-04,19:59,not set,not set,not set,not set,0,not set,,,not set,not set,0,not set,BathroomLightCommanded,15.9,82.1,not set,not set,not set,not set,not set,not set,0,not set,3.02,4.47,164,4.45,54,13,40,13,high,normal,on,on,16.325,16.28,16.175,16.21
2018-01-04,20:00,not set,not set,not set,not set,0,not set,,,not set,not set,0,not set,BathroomLightCommanded,15.9,81.9,not set,not set,not set,not set,not set,not set,0,not set,3.02,4.47,164,4.45,52,13,40,13,high,normal,on,on,16.995,17.03,17.06,17.13
2018-01-04,20:00,not set,not set,not set,not set,0,not set,,,not set,not set,0,not set,BathroomLightCommanded,15.9,82.0,not set,not set,not set,not set,not set,not set,0,not set,3.02,4.47,164,4.45,52,13,41,13,high,normal,on,on,17.115,16.995,17.185,17.04
2018-01-04,20:01,not set,not set,not set,not set,4,not set,,,not set,not set,0,not set,BathroomLightCommanded,15.9,81.5,not set,not set,not set,not set,not set,not set,0,not set,3.02,4.47,164,4.45,52,13,41,13,high,normal,on,on,17.105,19.885,27.535,27.67
2018-01-04,20:01,not set,not set,not set,not set,0,not set,,,not set,not set,0,not set,BathroomLightCommanded,15.9,81.6,not set,not set,not set,not set,not set,not set,0,not set,3.02,4.47,164,4.45,52,13,41,13,high,normal,on,on,17.055,16.99,16.915,17.015
2018-01-04,20:01,not set,not set,not set,not set,0,not set,,,not set,not set,0,not set,BathroomLightCommanded,15.9,81.8,not set,not set,not set,not set,not set,not set,0,not set,3.02,4.47,164,4.45,52,13,42,13,high,normal,on,on,27.26,27.385,27.18,27.205
2018-01-04,20:02,not set,not set,not set,not set,0,not set,,,not set,not set,0,not set,BathroomLightCommanded,15.9,82.0,not set,not set,not set,not set,not set,not set,0,not set,3.02,4.47,164,4.45,52,13,42,13,high,normal,on,on,17.05,17.35,17.07,17.27
2018-01-04,20:02,not set,not set,not set,not set,0,not set,,,not set,not set,0,not set,BathroomLightCommanded,15.9,81.5,not set,not set,not set,not set,not set,not set,0,not set,3.02,4.47,164,4.45,51,13,42,13,high,normal,on,on,27.515,27.62,27.385,17.27
2018-01-04,20:02,not set,not set,not set,not set,2,not set,,,not set,not set,0,not set,BathroomLightCommanded,15.9,82.0,not set,not set,not set,not set,not set,not set,0,not set,3.02,4.47,164,4.45,51,13,43,13,high,normal,on,on,17.005,17.125,17.06,17.26
2018-01-04,20:03,not set,not set,not set,not set,4,not set,,,not set,not set,0,not set,BathroomLightCommanded,15.9,81.7,not set,not set,not set,not set,not set,not set,0,not set,3.02,4.47,164,4.45,51,14,43,13,high,normal,on,on,21.225,16.97,17.11,17.18
2018-01-04,20:03,not set,not set,not set,not set,3,not set,,,not set,not set,0,not set,BathroomLightCommanded,15.9,81.9,not set,not set,not set,not set,not set,not set,0,not set,3.02,4.47,164,4.45,51,13,45,13,high,normal,on,on,17.055,17.09,17.015,17.055
2018-01-04,20:03,not set,not set,not set,not set,4,not set,,,not set,not set,0,not set,BathroomLightCommanded,15.9,81.8,not set,not set,not set,not set,not set,not set,0,not set,3.02,4.47,164,4.45,51,13,44,13,high,normal,on,on,2.515,2.455,2.46,2.48
2018-01-04,20:04,not set,not set,not set,not set,0,not set,,,not set,not set,0,not set,BathroomLightCommanded,15.9,81.6,not set,not set,not set,not set,not set,not set,0,not set,3.02,4.47,164,4.45,51,13,45,13,high,normal,on,on,1.72,1.745,1.735,12.305
2018-01-04,20:04,not set,not set,not set,not set,0,not set,,,not set,not set,0,not set,BathroomLightCommanded,15.9,81.7,not set,not set,not set,not set,not set,not set,0,not set,3.02,4.47,164,4.45,52,14,45,13,high,normal,on,on,1.775,1.71,1.965,1.87
2018-01-04,20:05,not set,not set,not set,not set,0,not set,,,not set,not set,0,not set,BathroomLightCommanded,15.9,81.5,not set,not set,not set,not set,not set,not set,0,not set,3.02,4.47,164,4.45,52,13,45,13,high,normal,on,on,12.15,11.895,11.71,11.97
2018-01-04,20:05,not set,not set,not set,not set,3,not set,,,not set,not set,0,not set,BathroomLightCommanded,15.9,81.7,not set,not set,not set,not set,not set,not set,0,not set,3.02,4.47,164,4.45,51,13,45,13,high,normal,on,on,1.93,1.725,1.895,1.92
2018-01-04,20:05,not set,not set,not set,not set,0,not set,,,not set,not set,0,not set,BathroomLightCommanded,15.9,81.6,not set,not set,not set,not set,not set,not set,0,not set,3.02,4.47,164,4.45,51,13,46,13,high,normal,on,on,11.95,11.92,12.155,1.78
2018-01-04,20:06,not set,not set,not set,not set,1,not set,,,not set,not set,0,not set,BathroomLightCommanded,15.9,81.6,not set,not set,not set,not set,not set,not set,0,not set,3.02,4.47,164,4.45,51,13,47,13,high,normal,on,on,1.95,1.76,1.825,1.915
2018-01-04,20:06,not set,not set,not set,not set,0,not set,,,not set,not set,0,not set,BathroomLightCommanded,15.9,81.7,not set,not set,not set,not set,not set,not set,0,not set,3.02,4.47,164,4.45,51,13,46,13,high,normal,on,on,1.85,1.955,1.89,1.77
2018-01-04,20:07,not set,not set,not set,not set,3,not set,,,not set,not set,0,not set,BathroomLightCommanded,15.9,81.6,not set,not set,not set,not set,not set,not set,0,not set,3.02,4.47,164,4.45,51,13,47,13,high,normal,on,on,1.76,2.52,2.52,2.57
2018-01-04,20:07,not set,not set,not set,not set,0,not set,,,not set,not set,0,not set,BathroomLightCommanded,15.9,81.6,not set,not set,not set,not set,not set,not set,0,not set,3.02,4.47,164,4.45,51,13,46,13,high,normal,on,on,2.48,2.485,2.42,2.485
2018-01-04,20:07,not set,not set,not set,not set,0,not set,,,not set,not set,0,not set,BathroomLightCommanded,15.9,81.6,not set,not set,not set,not set,not set,not set,0,not set,3.02,4.47,164,4.45,51,13,46,14,high,normal,on,on,2.515,2.5,12.865,12.79
2018-01-04,20:08,not set,not set,not set,not set,291,not set,,,not set,not set,364,not set,BathroomLightCommanded,15.9,81.7,not set,not set,not set,not set,not set,not set,0,not set,3.02,4.47,164,4.45,51,13,46,13,high,normal,on,on,2.525,2.465,2.535,2.515
2018-01-04,20:08,not set,not set,not set,not set,294,not set,,,not set,not set,366,not set,BathroomLightCommanded,15.9,81.4,not set,not set,not set,not set,not set,not set,0,not set,3.02,4.47,164,4.45,52,13,46,14,high,normal,on,on,12.6,12.71,12.41,12.635
2018-01-04,20:08,not set,not set,not set,not set,314,not set,,,not set,not set,368,not set,BathroomLightCommanded,16.0,80.3,not set,not set,not set,not set,not set,not set,0,not set,3.02,4.47,164,4.45,54,13,46,13,high,normal,on,on,2.52,2.52,2.52,2.515
2018-01-04,20:09,not set,not set,not set,not set,312,not set,,,not set,not set,366,not set,BathroomLightCommanded,16.0,79.6,not set,not set,not set,not set,not set,not set,0,not set,3.02,4.47,164,4.45,55,13,48,13,high,normal,on,on,12.72,12.59,9.46,2.5
2018-01-04,20:09,not set,not set,not set,not set,299,not set,,,not set,not set,362,not set,BathroomLightCommanded,16.0,79.1,not set,not set,not set,not set,not set,not set,0,not set,3.02,4.47,164,4.45,55,13,46,13,high,normal,on,on,2.55,2.61,2.53,2.515
2018-01-04,20:10,not set,not set,not set,not set,313,not set,,,not set,not set,361,not set,BathroomLightCommanded,16.1,78.8,not set,not set,not set,not set,not set,not set,0,not set,3.02,4.47,164,4.45,55,14,46,13,high,normal,on,on,2.5,2.505,2.505,2.52
2018-01-04,20:10,not set,not set,not set,not set,310,not set,,,not set,not set,363,not set,BathroomLightCommanded,16.1,78.6,not set,not set,not set,not set,not set,not set,0,not set,3.02,4.47,164,4.45,56,13,46,13,high,normal,on,on,12.65,12.585,12.865,12.84
2018-01-04,20:10,not set,not set,not set,not set,312,not set,,,not set,not set,358,not set,BathroomLightCommanded,16.1,78.2,not set,not set,not set,not set,not set,not set,0,not set,3.02,4.47,164,4.45,55,14,47,13,high,normal,on,on,2.495,2.52,2.535,2.525
2018-01-04,20:11,not set,not set,not set,not set,308,not set,,,not set,not set,359,not set,BathroomLightCommanded,16.1,78.5,not set,not set,not set,not set,not set,not set,0,not set,3.02,4.47,164,4.45,56,14,46,13,high,normal,on,on,2.515,2.485,2.52,2.485
2018-01-04,20:11,not set,not set,not set,not set,311,not set,,,not set,not set,357,not set,BathroomLightCommanded,16.1,78.6,not set,not set,not set,not set,not set,not set,0,not set,3.02,4.47,164,4.45,55,14,46,13,high,normal,on,on,12.79,12.79,12.63,12.695
2018-01-04,20:11,not set,not set,not set,not set,3,not set,,,not set,not set,0,not set,BathroomLightCommanded,16.1,78.7,not set,not set,not set,not set,not set,not set,0,not set,3.02,4.47,164,4.45,54,14,46,13,high,normal,on,on,2.45,12.82,12.76,12.495
2018-01-04,20:12,not set,not set,not set,not set,0,not set,,,not set,not set,0,not set,BathroomLightCommanded,16.1,78.3,not set,not set,not set,not set,not set,not set,0,not set,3.02,4.47,164,4.45,54,14,46,13,high,normal,on,on,2.45,2.51,2.45,2.455
2018-01-04,20:12,not set,not set,not set,not set,0,not set,,,not set,not set,0,not set,BathroomLightCommanded,16.1,78.0,not set,not set,not set,not set,not set,not set,0,not set,3.02,4.47,164,4.45,54,14,46,13,high,normal,on,on,2.445,2.47,2.455,2.465
2018-01-04,20:13,not set,not set,not set,not set,1,not set,,,not set,not set,0,not set,BathroomLightCommanded,16.1,77.9,not set,not set,not set,not set,not set,not set,0,not set,3.02,4.47,164,4.45,54,14,46,13,high,normal,on,on,12.62,2.745,2.44,2.65
2018-01-04,20:13,not set,not set,not set,not set,1,not set,,,not set,not set,0,not set,BathroomLightCommanded,16.1,77.9,not set,not set,not set,not set,not set,not set,0,not set,3.02,4.47,164,4.45,53,14,46,13,high,normal,on,on,12.545,12.515,12.54,12.495
2018-01-04,20:13,not set,not set,not set,not set,1,not set,,,not set,not set,0,not set,BathroomLightCommanded,16.1,77.6,not set,not set,not set,not set,not set,not set,0,not set,3.02,4.47,164,4.45,53,14,46,13,high,normal,on,on,2.465,2.485,12.66,12.665
2018-01-04,20:14,not set,not set,not set,not set,0,not set,,,not set,not set,0,not set,BathroomLightCommanded,16.1,77.5,not set,not set,not set,not set,not set,not set,0,not set,3.02,4.47,164,4.45,54,14,46,13,high,normal,on,on,3.085,3.07,3.03,3.08
2018-01-04,20:14,not set,not set,not set,not set,0,not set,,,not set,not set,0,not set,BathroomLightCommanded,16.1,77.2,not set,not set,not set,not set,not set,not set,0,not set,3.02,4.47,164,4.45,53,14,46,13,high,normal,on,on,2.995,2.985,3.005,3.06
2018-01-04,20:14,not set,not set,not set,not set,1,not set,,,not set,not set,0,not set,BathroomLightCommanded,16.1,77.4,not set,not set,not set,not set,not set,not set,0,not set,3.02,4.47,164,4.45,54,14,46,13,high,normal,on,on,13.085,3.03,2.98,2.99
2018-01-04,20:15,not set,not set,not set,not set,0,not set,,,not set,not set,0,not set,BathroomLightCommanded,16.2,77.4,not set,not set,not set,not set,not set,not set,0,not set,3.02,4.47,164,4.45,52,14,46,13,high,normal,on,on,13.24,14.44,15.29,20.445
2018-01-04,20:15,not set,not set,not set,not set,0,not set,,,not set,not set,0,not set,BathroomLightCommanded,16.2,77.4,not set,not set,not set,not set,not set,not set,0,not set,3.02,4.47,164,4.45,53,14,47,13,high,normal,on,on,10.575,10.73,16.18,20.8
2018-01-04,20:16,not set,not set,not set,not set,1,not set,,,not set,not set,0,not set,BathroomLightCommanded,16.2,77.4,not set,not set,not set,not set,not set,not set,0,not set,3.02,4.47,164,4.45,52,14,45,13,high,normal,on,on,10.475,10.63,10.505,10.55
2018-01-04,20:16,not set,not set,not set,not set,3,not set,,,not set,not set,0,not set,BathroomLightCommanded,16.2,77.2,not set,not set,not set,not set,not set,not set,0,not set,3.02,4.47,164,4.45,52,14,45,13,high,normal,on,on,10.53,10.625,10.25,10.41
2018-01-04,20:16,not set,not set,not set,not set,4,not set,,,not set,not set,0,not set,BathroomLightCommanded,16.2,77.3,not set,not set,not set,not set,not set,not set,0,not set,3.02,4.47,164,4.45,52,14,46,13,high,normal,on,on,20.62,20.58,15.7,10.565
2018-01-04,20:17,not set,not set,not set,not set,3,not set,,,not set,not set,0,not set,BathroomLightCommanded,16.2,77.2,not set,not set,not set,not set,not set,not set,0,not set,3.02,4.47,164,4.45,52,15,46,13,high,normal,on,on,20.48,20.53,20.61,20.585
2018-01-04,20:17,not set,not set,not set,not set,2,not set,,,not set,not set,0,not set,BathroomLightCommanded,16.2,77.3,not set,not set,not set,not set,not set,not set,0,not set,3.02,4.47,164,4.45,54,14,45,13,high,normal,on,on,10.59,10.52,10.51,3.16
2018-01-04,20:17,not set,not set,not set,not set,1,not set,,,not set,not set,0,not set,BathroomLightCommanded,16.2,77.3,not set,not set,not set,not set,not set,not set,0,not set,3.02,4.47,164,4.45,55,14,46,13,high,normal,on,on,3.26,3.305,3.33,3.345
2018-01-04,20:18,not set,not set,not set,not set,0,not set,,,not set,not set,0,not set,BathroomLightCommanded,16.1,77.4,not set,not set,not set,not set,not set,not set,0,not set,3.02,4.47,164,4.45,56,14,45,13,high,normal,on,on,3.31,3.36,3.325,3.33
2018-01-04,20:18,not set,not set,not set,not set,0,not set,,,not set,not set,0,not set,BathroomLightCommanded,16.2,77.4,not set,not set,not set,not set,not set,not set,0,not set,3.02,4.47,164,4.45,56,14,45,13,high,normal,on,on,3.19,3.15,3.165,3.21
2018-01-04,20:19,not set,not set,not set,not set,3,not set,,,not set,not set,0,not set,BathroomLightCommanded,16.2,77.5,not set,not set,not set,not set,not set,not set,0,not set,3.02,4.47,164,4.45,55,14,45,13,high,normal,on,on,2.975,3.09,2.955,3.005
2018-01-04,20:19,not set,not set,not set,not set,3,not set,,,not set,not set,0,not set,BathroomLightCommanded,16.2,77.4,not set,not set,not set,not set,not set,not set,0,not set,3.02,4.47,164,4.45,55,14,45,13,high,normal,on,on,2.95,2.97,2.985,2.965
2018-01-04,20:19,not set,not set,not set,not set,3,not set,,,not set,not set,0,not set,BathroomLightCommanded,16.2,77.3,not set,not set,not set,not set,not set,not set,0,not set,3.02,4.47,164,4.45,55,14,45,13,high,normal,on,on,3.105,3.085,3.005,2.96
2018-01-04,20:20,not set,not set,not set,not set,2,not set,,,not set,not set,0,not set,BathroomLightCommanded,16.2,77.4,not set,not set,not set,not set,not set,not set,0,not set,3.02,4.47,164,4.45,55,14,45,13,high,normal,on,on,4.905,8.44,10.015,10.205
2018-01-04,20:20,not set,not set,not set,not set,1,not set,,,not set,not set,0,not set,BathroomLightCommanded,16.2,77.5,not set,not set,not set,not set,not set,not set,0,not set,3.02,4.47,164,4.45,55,14,45,13,high,normal,on,on,10.47,10.335,10.5,10.42
2018-01-04,20:20,not set,not set,not set,not set,0,not set,,,not set,not set,0,not set,BathroomLightCommanded,16.2,77.6,not set,not set,not set,not set,not set,not set,0,not set,3.02,4.47,164,4.45,55,14,45,13,high,normal,on,on,10.72,10.56,10.53,10.5
2018-01-04,20:21,not set,not set,not set,not set,278,not set,,,not set,not set,0,not set,BathroomLightCommanded,16.2,77.5,not set,not set,not set,not set,not set,not set,0,not set,3.02,4.47,164,4.45,54,14,44,13,high,normal,on,on,10.765,10.81,10.655,10.515
2018-01-04,20:21,not set,not set,not set,not set,302,not set,,,not set,not set,362,not set,BathroomLightCommanded,16.2,77.5,not set,not set,not set,not set,not set,not set,0,not set,3.02,4.47,164,4.45,54,14,44,13,high,normal,on,on,9.66,9.545,9.705,9.715
2018-01-04,20:22,not set,not set,not set,not set,310,not set,,,not set,not set,364,not set,BathroomLightCommanded,16.2,77.2,not set,not set,not set,not set,not set,not set,0,not set,3.02,4.47,164,4.45,54,15,45,13,high,normal,on,on,9.655,9.62,9.7,9.635
2018-01-04,20:22,not set,not set,not set,not set,309,not set,,,not set,not set,361,not set,BathroomLightCommanded,16.3,77.3,not set,not set,not set,not set,not set,not set,0,not set,3.02,4.47,164,4.45,53,14,45,13,high,normal,on,on,9.58,9.475,2.59,2.63
2018-01-04,20:22,not set,not set,not set,not set,309,not set,,,not set,not set,359,not set,BathroomLightCommanded,16.4,76.6,not set,not set,not set,not set,not set,not set,0,not set,3.02,4.47,164,4.45,53,14,44,13,high,normal,on,on,2.605,2.605,2.605,2.62
2018-01-04,20:23,not set,not set,not set,not set,311,not set,,,not set,not set,358,not set,BathroomLightCommanded,16.4,76.3,not set,not set,not set,not set,not set,not set,0,not set,3.02,4.47,164,4.45,53,14,44,13,high,normal,on,on,2.575,2.725,2.705,2.605
2018-01-04,20:23,not set,not set,not set,not set,309,not set,,,not set,not set,356,not set,BathroomLightCommanded,16.4,76.3,not set,not set,not set,not set,not set,not set,0,not set,3.02,4.47,164,4.45,54,14,44,13,high,normal,on,on,2.455,2.465,2.435,2.49
2018-01-04,20:24,not set,not set,not set,not set,309,not set,,,not set,not set,358,not set,BathroomLightCommanded,16.4,76.2,not set,not set,not set,not set,not set,not set,0,not set,3.02,4.47,164,4.45,53,15,44,13,high,normal,on,on,2.455,2.495,2.425,2.475
2018-01-04,20:24,not set,not set,not set,not set,0,not set,,,not set,not set,0,not set,BathroomLightCommanded,16.4,76.3,not set,not set,not set,not set,not set,not set,0,not set,3.02,4.47,164,4.45,53,14,44,13,high,normal,on,on,2.435,2.46,2.46,2.425
2018-01-04,20:24,not set,not set,not set,not set,0,not set,,,not set,not set,0,not set,BathroomLightCommanded,16.4,76.4,not set,not set,not set,not set,not set,not set,0,not set,3.02,4.47,164,4.45,53,14,44,13,high,normal,on,on,2.39,2.44,2.445,2.485
2018-01-04,20:25,not set,not set,not set,not set,0,not set,,,not set,not set,0,not set,BathroomLightCommanded,16.3,76.4,not set,not set,not set,not set,not set,not set,0,not set,3.02,4.47,164,4.45,52,14,44,13,high,normal,on,on,2.63,2.52,2.625,2.45
2018-01-04,20:25,not set,not set,not set,not set,2,not set,,,not set,not set,0,not set,BathroomLightCommanded,16.4,76.4,not set,not set,not set,not set,not set,not set,0,not set,3.02,4.47,164,4.45,52,14,44,13,high,normal,on,on,2.425,2.415,2.43,2.435
2018-01-04,20:25,not set,not set,not set,not set,2,not set,,,not set,not set,0,not set,BathroomLightCommanded,16.4,76.4,not set,not set,not set,not set,not set,not set,0,not set,3.02,4.47,164,4.45,52,14,44,13,high,normal,on,on,2.44,2.425,2.405,2.45
2018-01-04,20:26,not set,not set,not set,not set,1,not set,,,not set,not set,0,not set,BathroomLightCommanded,16.4,76.3,not set,not set,not set,not set,not set,not set,0,not set,3.02,4.47,164,4.45,52,14,44,13,high,normal,on,on,2.43,2.43,2.41,2.425
2018-01-04,20:26,not set,not set,not set,not set,1,not set,,,not set,not set,0,not set,BathroomLightCommanded,16.4,76.4,not set,not set,not set,not set,not set,not set,0,not set,3.02,4.47,164,4.45,52,14,44,13,high,normal,on,on,2.595,2.45,2.6,2.42
2018-01-04,20:27,not set,not set,not set,not set,1,not set,,,not set,not set,0,not set,BathroomLightCommanded,16.4,76.3,not set,not set,not set,not set,not set,not set,0,not set,3.02,4.47,164,4.45,52,14,44,13,high,normal,on,on,1.715,1.7,1.825,1.72
2018-01-04,20:27,not set,not set,not set,not set,0,not set,,,not set,not set,0,not set,BathroomLightCommanded,16.4,76.3,not set,not set,not set,not set,not set,not set,0,not set,3.02,4.47,164,4.45,53,14,44,13,high,normal,on,on,1.85,1.71,1.715,1.88
2018-01-04,20:27,not set,not set,not set,not set,0,not set,,,not set,not set,0,not set,BathroomLightCommanded,16.4,76.5,not set,not set,not set,not set,not set,not set,0,not set,3.02,4.47,164,4.45,52,14,44,13,high,normal,on,on,1.705,1.7,1.695,1.71
2018-01-04,20:28,not set,not set,not set,not set,0,not set,,,not set,not set,0,not set,BathroomLightCommanded,16.5,76.5,not set,not set,not set,not set,not set,not set,0,not set,3.02,4.47,164,4.45,51,15,43,13,high,normal,on,on,1.71,1.695,1.68,1.795
2018-01-04,20:28,not set,not set,not set,not set,2,not set,,,not set,not set,0,not set,BathroomLightCommanded,16.5,76.5,not set,not set,not set,not set,not set,not set,0,not set,3.02,4.47,164,4.45,51,14,44,13,high,normal,on,on,1.685,1.7,1.71,1.71
2018-01-04,20:28,not set,not set,not set,not set,1,not set,,,not set,not set,0,not set,BathroomLightCommanded,16.5,76.6,not set,not set,not set,not set,not set,not set,0,not set,3.02,4.47,164,4.45,51,14,43,13,high,normal,on,on,1.68,1.675,1.7,1.785
2018-01-04,20:29,not set,not set,not set,not set,1,not set,,,not set,not set,0,not set,BathroomLightCommanded,16.5,76.4,not set,not set,not set,not set,not set,not set,0,not set,3.02,4.47,164,4.45,51,14,43,13,high,normal,on,on,1.71,1.69,1.705,1.7
2018-01-04,20:29,not set,not set,not set,not set,0,not set,,,not set,not set,0,not set,BathroomLightCommanded,16.5,76.3,not set,not set,not set,not set,not set,not set,0,not set,3.02,4.47,164,4.45,51,14,43,13,high,normal,on,on,1.68,1.71,1.7,1.69
2018-01-04,20:30,not set,not set,not set,not set,0,not set,,,not set,not set,0,not set,BathroomLightCommanded,16.5,76.3,not set,not set,not set,not set,not set,not set,0,not set,3.02,4.47,164,4.45,51,14,43,13,high,normal,on,on,1.7,1.8,1.715,1.715
2018-01-04,20:30,not set,not set,not set,not set,0,not set,,,not set,not set,0,not set,BathroomLightCommanded,16.5,76.2,not set,not set,not set,not set,not set,not set,0,not set,3.02,4.47,164,4.45,51,14,43,14,high,normal,on,on,1.68,1.705,1.73,1.715
2018-01-04,20:30,not set,not set,not set,not set,2,not set,,,not set,not set,0,not set,BathroomLightCommanded,16.5,76.1,not set,not set,not set,not set,not set,not set,0,not set,3.02,4.47,164,4.45,50,14,43,13,high,normal,on,on,1.815,1.79,1.695,1.715
2018-01-04,20:31,not set,not set,not set,not set,1,not set,,,not set,not set,0,not set,BathroomLightCommanded,16.5,76.2,not set,not set,not set,not set,not set,not set,0,not set,3.02,4.47,164,4.45,51,14,43,13,high,normal,on,on,1.7,1.695,1.695,1.545
2018-01-04,20:31,not set,not set,not set,not set,0,not set,,,not set,not set,0,not set,BathroomLightCommanded,16.5,76.0,not set,not set,not set,not set,not set,not set,0,not set,3.02,4.47,164,4.45,50,14,43,13,high,normal,on,on,1.545,1.69,1.515,1.675
2018-01-04,20:32,not set,not set,not set,not set,0,not set,,,not set,not set,0,not set,BathroomLightCommanded,16.5,76.0,not set,not set,not set,not set,not set,not set,0,not set,3.02,4.47,164,4.45,50,14,43,13,high,normal,on,on,1.56,1.56,1.54,1.555
2018-01-04,20:32,not set,not set,not set,not set,2,not set,,,not set,not set,0,not set,BathroomLightCommanded,16.5,75.9,not set,not set,not set,not set,not set,not set,0,not set,3.02,4.47,164,4.45,50,15,43,13,high,normal,on,on,1.655,1.56,1.605,1.56
2018-01-04,20:32,not set,not set,not set,not set,0,not set,,,not set,not set,0,not set,BathroomLightCommanded,16.5,75.9,not set,not set,not set,not set,not set,not set,0,not set,3.02,4.47,164,4.45,50,15,43,13,high,normal,on,on,1.545,1.545,1.545,1.555
2018-01-04,20:33,not set,not set,not set,not set,0,not set,,,not set,not set,0,not set,BathroomLightCommanded,16.5,75.8,not set,not set,not set,not set,not set,not set,0,not set,3.02,4.47,164,4.45,50,15,43,13,high,normal,on,on,1.545,1.555,1.545,1.57
2018-01-04,20:33,not set,not set,not set,not set,0,not set,,,not set,not set,0,not set,BathroomLightCommanded,16.5,75.8,not set,not set,not set,not set,not set,not set,0,not set,3.02,4.47,164,4.45,50,15,43,13,high,normal,on,on,1.535,1.565,1.545,1.565
2018-01-04,20:33,not set,not set,not set,not set,0,not set,,,not set,not set,0,not set,BathroomLightCommanded,16.5,75.7,not set,not set,not set,not set,not set,not set,0,not set,3.02,4.47,164,4.45,50,15,43,13,high,normal,on,on,1.54,1.54,1.555,1.54
2018-01-04,20:34,not set,not set,not set,not set,0,not set,,,not set,not set,0,not set,BathroomLightCommanded,16.5,75.7,not set,not set,not set,not set,not set,not set,0,not set,3.02,4.47,164,4.45,50,14,43,13,high,normal,on,on,2.165,2.325,2.175,2.17
2018-01-04,20:34,not set,not set,not set,not set,3,not set,,,not set,not set,0,not set,BathroomLightCommanded,16.5,75.4,not set,not set,not set,not set,not set,not set,0,not set,3.02,4.47,164,4.45,50,15,43,13,high,normal,on,on,2.175,2.145,2.17,2.165
2018-01-04,20:35,not set,not set,not set,not set,3,not set,,,not set,not set,0,not set,BathroomLightCommanded,16.5,75.4,not set,not set,not set,not set,not set,not set,0,not set,3.02,4.47,164,4.45,50,15,43,13,high,normal,on,on,2.94,2.875,2.165,2.165
2018-01-04,20:35,not set,not set,not set,not set,1,not set,,,not set,not set,0,not set,BathroomLightCommanded,16.5,75.3,not set,not set,not set,not set,not set,not set,0,not set,3.02,4.47,164,4.45,50,15,43,13,high,normal,on,on,2.145,2.175,2.15,2.195
2018-01-04,20:35,not set,not set,not set,not set,3,not set,,,not set,not set,0,not set,BathroomLightCommanded,16.5,75.3,not set,not set,not set,not set,not set,not set,0,not set,3.02,4.47,164,4.45,50,15,43,13,high,normal,on,on,2.865,3.03,2.87,2.855
2018-01-04,20:36,not set,not set,not set,not set,4,not set,,,not set,not set,0,not set,BathroomLightCommanded,16.5,75.4,not set,not set,not set,not set,not set,not set,0,not set,3.02,4.47,164,4.45,50,15,42,13,high,normal,on,on,2.84,2.84,2.88,2.845
2018-01-04,20:36,not set,not set,not set,not set,4,not set,,,not set,not set,0,not set,BathroomLightCommanded,16.5,75.2,not set,not set,not set,not set,not set,not set,0,not set,3.02,4.47,164,4.45,50,15,43,13,high,normal,on,on,2.845,2.91,2.835,2.885
2018-01-04,20:36,not set,not set,not set,not set,3,not set,,,not set,not set,0,not set,BathroomLightCommanded,16.5,75.2,not set,not set,not set,not set,not set,not set,0,not set,3.02,4.47,164,4.45,51,15,43,13,high,normal,on,on,2.82,2.855,2.845,2.83
2018-01-04,20:37,not set,not set,not set,not set,6,not set,,,not set,not set,0,not set,BathroomLightCommanded,16.4,75.3,not set,not set,not set,not set,not set,not set,0,not set,3.02,4.47,164,4.45,50,15,43,13,high,normal,on,on,2.86,2.835,2.835,2.85
2018-01-04,20:37,not set,not set,not set,not set,0,not set,,,not set,not set,0,not set,BathroomLightCommanded,16.4,74.8,not set,not set,not set,not set,not set,not set,0,not set,3.02,4.47,164,4.45,50,15,43,13,high,normal,on,on,2.92,2.855,2.86,2.845
2018-01-04,20:38,not set,not set,not set,not set,6,not set,,,not set,not set,0,not set,BathroomLightCommanded,16.4,74.5,not set,not set,not set,not set,not set,not set,0,not set,3.02,4.47,164,4.45,49,15,43,13,high,normal,on,on,2.84,2.855,2.825,2.86
2018-01-04,20:38,not set,not set,not set,not set,4,not set,,,not set,not set,0,not set,BathroomLightCommanded,16.4,74.5,not set,not set,not set,not set,not set,not set,0,not set,3.02,4.47,164,4.45,50,15,42,14,high,normal,on,on,2.96,2.855,2.82,2.845
2018-01-04,20:38,not set,not set,not set,not set,7,not set,,,not set,not set,0,not set,BathroomLightCommanded,16.4,74.6,not set,not set,not set,not set,not set,not set,0,not set,3.02,4.47,164,4.45,50,15,42,13,high,normal,on,on,2.86,2.87,2.82,2.16
2018-01-04,20:39,not set,not set,not set,not set,2,not set,,,not set,not set,0,not set,BathroomLightCommanded,16.4,74.3,not set,not set,not set,not set,not set,not set,0,not set,3.02,4.47,164,4.45,50,15,42,13,high,normal,on,on,2.155,2.245,2.14,2.31
2018-01-04,20:39,not set,not set,not set,not set,7,not set,,,not set,not set,0,not set,BathroomLightCommanded,16.5,74.1,not set,not set,not set,not set,not set,not set,0,not set,3.02,4.47,164,4.45,49,15,42,13,high,normal,on,on,2.17,2.145,2.13,2.16
2018-01-04,20:40,not set,not set,not set,not set,6,not set,,,not set,not set,0,not set,BathroomLightCommanded,16.5,74.2,not set,not set,not set,not set,not set,not set,0,not set,3.02,4.47,164,4.45,49,15,42,13,high,normal,on,on,2.26,2.15,2.17,2.135
2018-01-04,20:40,not set,not set,not set,not set,1,not set,,,not set,not set,0,not set,BathroomLightCommanded,16.5,74.0,not set,not set,not set,not set,not set,not set,0,not set,3.02,4.47,164,4.45,49,15,42,13,high,normal,on,on,2.145,2.135,2.13,2.14
2018-01-04,20:40,not set,not set,not set,not set,4,not set,,,not set,not set,0,not set,BathroomLightCommanded,16.4,73.7,not set,not set,not set,not set,not set,not set,0,not set,3.02,4.47,164,4.45,49,15,42,13,high,normal,on,on,2.155,2.16,2.14,2.15
2018-01-04,20:41,not set,not set,not set,not set,2,not set,,,not set,not set,0,not set,BathroomLightCommanded,16.5,73.8,not set,not set,not set,not set,not set,not set,0,not set,3.02,4.47,164,4.45,49,15,42,13,high,normal,on,on,2.18,2.15,2.15,2.11
2018-01-04,20:41,not set,not set,not set,not set,4,not set,,,not set,not set,0,not set,BathroomLightCommanded,16.5,73.7,not set,not set,not set,not set,not set,not set,0,not set,3.02,4.47,164,4.45,49,15,43,13,high,normal,on,on,2.16,2.145,2.13,2.135
2018-01-04,20:41,not set,not set,not set,not set,6,not set,,,not set,not set,0,not set,BathroomLightCommanded,16.5,73.7,not set,not set,not set,not set,not set,not set,0,not set,3.02,4.47,164,4.45,49,15,42,13,high,normal,on,on,2.155,2.17,2.12,2.14
2018-01-04,20:42,not set,not set,not set,not set,4,not set,,,not set,not set,0,not set,BathroomLightCommanded,16.5,73.7,not set,not set,not set,not set,not set,not set,0,not set,3.02,4.47,164,4.45,49,15,42,13,high,normal,on,on,2.14,2.15,2.125,2.175
2018-01-04,20:42,not set,not set,not set,not set,3,not set,,,not set,not set,0,not set,BathroomLightCommanded,16.5,73.6,not set,not set,not set,not set,not set,not set,0,not set,3.02,4.47,164,4.45,49,15,42,13,high,normal,on,on,2.245,2.18,2.145,2.145
2018-01-04,20:43,not set,not set,not set,not set,2,not set,,,not set,not set,0,not set,BathroomLightCommanded,16.4,73.3,not set,not set,not set,not set,not set,not set,0,not set,3.02,4.47,164,4.45,49,15,42,13,high,normal,on,on,2.13,2.15,2.13,2.16
2018-01-04,20:43,not set,not set,not set,not set,5,not set,,,not set,not set,0,not set,BathroomLightCommanded,16.5,73.5,not set,not set,not set,not set,not set,not set,0,not set,3.02,4.47,164,4.45,49,15,42,13,high,normal,on,on,2.16,2.305,2.16,2.215
2018-01-04,20:43,not set,not set,not set,not set,4,not set,,,not set,not set,0,not set,BathroomLightCommanded,16.5,73.3,not set,not set,not set,not set,not set,not set,0,not set,3.02,4.47,164,4.45,49,15,42,13,high,normal,on,on,2.145,2.135,2.17,2.14
2018-01-04,20:44,not set,not set,not set,not set,5,not set,,,not set,not set,0,not set,BathroomLightCommanded,16.4,73.3,not set,not set,not set,not set,not set,not set,0,not set,3.02,4.47,164,4.45,49,15,42,13,high,normal,on,on,2.15,2.19,2.11,2.135
2018-01-04,20:44,not set,not set,not set,not set,6,not set,,,not set,not set,0,not set,BathroomLightCommanded,16.5,73.5,not set,not set,not set,not set,not set,not set,0,not set,3.02,4.47,164,4.45,49,15,42,13,high,normal,on,on,2.13,2.115,2.145,2.14
2018-01-04,20:44,not set,not set,not set,not set,6,not set,,,not set,not set,0,not set,BathroomLightCommanded,16.5,73.3,not set,not set,not set,not set,not set,not set,0,not set,3.02,4.47,164,4.45,49,15,42,13,high,normal,on,on,2.125,2.145,2.145,2.165
2018-01-04,20:45,not set,not set,not set,not set,4,not set,,,not set,not set,0,not set,BathroomLightCommanded,16.4,73.2,not set,not set,not set,not set,not set,not set,0,not set,3.02,4.47,164,4.45,49,15,41,13,high,normal,on,on,2.13,2.15,2.135,2.125
2018-01-04,20:45,not set,not set,not set,not set,2,not set,,,not set,not set,0,not set,BathroomLightCommanded,16.5,73.4,not set,not set,not set,not set,not set,not set,0,not set,3.02,4.47,164,4.45,49,15,42,13,high,normal,on,on,2.13,2.165,2.13,2.15
2018-01-04,20:46,not set,not set,not set,not set,1,not set,,,not set,not set,0,not set,BathroomLightCommanded,16.5,73.4,not set,not set,not set,not set,not set,not set,0,not set,3.02,4.47,164,4.45,50,15,42,13,high,normal,on,on,2.125,2.13,2.45,2.14
2018-01-04,20:46,not set,not set,not set,not set,1,not set,,,not set,not set,0,not set,BathroomLightCommanded,16.4,73.3,not set,not set,not set,not set,not set,not set,0,not set,3.02,4.47,164,4.45,49,15,42,13,high,normal,on,on,2.155,2.125,2.145,2.155
2018-01-04,20:46,not set,not set,not set,not set,2,not set,,,not set,not set,0,not set,BathroomLightCommanded,16.4,73.2,not set,not set,not set,not set,not set,not set,0,not set,3.02,4.47,164,4.45,49,15,42,13,high,normal,on,on,2.15,2.13,2.295,2.145
2018-01-04,20:47,not set,not set,not set,not set,6,not set,,,not set,not set,0,not set,BathroomLightCommanded,16.4,73.2,not set,not set,not set,not set,not set,not set,0,not set,3.02,4.47,164,4.45,49,15,42,13,high,normal,on,on,2.13,2.14,2.13,2.13
2018-01-04,20:47,not set,not set,not set,not set,5,not set,,,not set,not set,0,not set,BathroomLightCommanded,16.5,73.3,not set,not set,not set,not set,not set,not set,0,not set,3.02,4.47,164,4.45,49,15,42,13,high,normal,on,on,1.79,1.845,1.78,1.875
2018-01-04,20:48,not set,not set,not set,not set,3,not set,,,not set,not set,0,not set,BathroomLightCommanded,16.4,73.2,not set,not set,not set,not set,not set,not set,0,not set,3.02,4.47,164,4.45,49,15,42,13,high,normal,on,on,1.77,1.785,1.79,1.805
2018-01-04,20:48,not set,not set,not set,not set,1,not set,,,not set,not set,0,not set,BathroomLightCommanded,16.4,73.2,not set,not set,not set,not set,not set,not set,0,not set,3.02,4.47,164,4.45,49,15,42,13,high,normal,on,on,1.79,1.805,1.815,1.775
2018-01-04,20:48,not set,not set,not set,not set,2,not set,,,not set,not set,0,not set,BathroomLightCommanded,16.4,73.1,not set,not set,not set,not set,not set,not set,0,not set,3.02,4.47,164,4.45,48,15,42,13,high,normal,on,on,1.795,1.79,1.775,1.81
2018-01-04,20:49,not set,not set,not set,not set,2,not set,,,not set,not set,0,not set,BathroomLightCommanded,16.4,73.2,not set,not set,not set,not set,not set,not set,0,not set,3.02,4.47,164,4.45,49,15,41,13,high,normal,on,on,2.525,2.51,2.495,2.52
2018-01-04,20:49,not set,not set,not set,not set,3,not set,,,not set,not set,0,not set,BathroomLightCommanded,16.4,73.1,not set,not set,not set,not set,not set,not set,0,not set,3.02,4.47,164,4.45,48,15,41,13,high,normal,on,on,2.5,2.885,2.64,2.795
2018-01-04,20:49,not set,not set,not set,not set,3,not set,,,not set,not set,0,not set,BathroomLightCommanded,16.4,73.1,not set,not set,not set,not set,not set,not set,0,not set,3.02,4.47,164,4.45,48,15,42,14,high,normal,on,on,3.05,3.02,3.08,3.125
2018-01-04,20:50,not set,not set,not set,not set,6,not set,,,not set,not set,0,not set,BathroomLightCommanded,16.4,73.1,not set,not set,not set,not set,not set,not set,0,not set,3.02,4.47,164,4.45,48,15,41,13,high,normal,on,on,3.195,3.0,3.17,3.09
2018-01-04,20:50,not set,not set,not set,not set,6,not set,,,not set,not set,0,not set,BathroomLightCommanded,16.4,73.0,not set,not set,not set,not set,not set,not set,0,not set,3.02,4.47,164,4.45,48,15,41,13,high,normal,on,on,3.225,3.165,3.22,3.15
2018-01-04,20:51,not set,not set,not set,not set,4,not set,,,not set,not set,0,not set,BathroomLightCommanded,16.4,73.0,not set,not set,not set,not set,not set,not set,0,not set,3.02,4.47,164,4.45,48,15,41,13,high,normal,on,on,2.955,3.29,3.19,3.405
2018-01-04,20:51,not set,not set,not set,not set,4,not set,,,not set,not set,0,not set,BathroomLightCommanded,16.5,73.0,not set,not set,not set,not set,not set,not set,0,not set,3.02,4.47,164,4.45,48,15,41,14,high,normal,on,on,3.125,3.325,3.135,3.095
2018-01-04,20:51,not set,not set,not set,not set,7,not set,,,not set,not set,0,not set,BathroomLightCommanded,16.5,72.9,not set,not set,not set,not set,not set,not set,0,not set,3.02,4.47,164,4.45,48,15,41,13,high,normal,on,on,3.335,3.125,3.09,3.33
2018-01-04,20:52,not set,not set,not set,not set,5,not set,,,not set,not set,0,not set,BathroomLightCommanded,16.4,72.6,not set,not set,not set,not set,not set,not set,0,not set,3.02,4.47,164,4.45,48,15,41,13,high,normal,on,on,3.045,2.97,3.225,3.265
2018-01-04,20:52,not set,not set,not set,not set,2,not set,,,not set,not set,0,not set,BathroomLightCommanded,16.5,72.7,not set,not set,not set,not set,not set,not set,0,not set,3.02,4.47,164,4.45,48,15,41,13,high,normal,on,on,3.29,3.215,3.175,3.17
2018-01-04,20:52,not set,not set,not set,not set,1,not set,,,not set,not set,0,not set,BathroomLightCommanded,16.5,72.7,not set,not set,not set,not set,not set,not set,0,not set,3.02,4.47,164,4.45,48,15,41,14,high,normal,on,on,2.685,2.595,2.43,2.585
2018-01-04,20:53,not set,not set,not set,not set,3,not set,,,not set,not set,0,not set,BathroomLightCommanded,16.5,72.5,not set,not set,not set,not set,not set,not set,0,not set,3.02,4.47,164,4.45,48,15,41,13,high,normal,on,on,2.65,2.375,2.34,2.395
2018-01-04,20:53,not set,not set,not set,not set,3,not set,,,not set,not set,0,not set,BathroomLightCommanded,16.5,72.6,not set,not set,not set,not set,not set,not set,0,not set,3.02,4.47,164,4.45,49,15,41,13,high,normal,on,on,2.44,2.38,2.545,2.39
2018-01-04,20:54,not set,not set,not set,not set,0,not set,,,not set,not set,0,not set,BathroomLightCommanded,16.5,72.5,not set,not set,not set,not set,not set,not set,0,not set,3.02,4.47,164,4.45,48,15,41,13,high,normal,on,on,2.34,2.395,2.375,2.385
2018-01-04,20:54,not set,not set,not set,not set,3,not set,,,not set,not set,0,not set,BathroomLightCommanded,16.5,72.5,not set,not set,not set,not set,not set,not set,0,not set,3.02,4.47,164,4.45,48,15,41,13,high,normal,on,on,2.415,2.415,2.505,2.405
2018-01-04,20:54,not set,not set,not set,not set,4,not set,,,not set,not set,0,not set,BathroomLightCommanded,16.5,72.5,not set,not set,not set,not set,not set,not set,0,not set,3.02,4.47,164,4.45,48,15,41,13,high,normal,on,on,2.395,2.41,2.395,2.42
2018-01-04,20:55,not set,not set,not set,not set,6,not set,,,not set,not set,0,not set,BathroomLightCommanded,16.5,72.5,not set,not set,not set,not set,not set,not set,0,not set,3.02,4.47,164,4.45,48,15,41,13,high,normal,on,on,2.37,2.46,2.36,2.425
2018-01-04,20:55,not set,not set,not set,not set,6,not set,,,not set,not set,0,not set,BathroomLightCommanded,16.5,72.5,not set,not set,not set,not set,not set,not set,0,not set,3.02,4.47,164,4.45,48,15,41,13,high,normal,on,on,2.515,2.44,2.345,2.38
2018-01-04,20:56,not set,not set,not set,not set,6,not set,,,not set,not set,0,not set,BathroomLightCommanded,16.5,72.5,not set,not set,not set,not set,not set,not set,0,not set,3.02,4.47,164,4.45,48,15,41,13,high,normal,on,on,2.515,2.5,2.52,2.535
2018-01-04,20:56,not set,not set,not set,not set,6,not set,,,not set,not set,0,not set,BathroomLightCommanded,16.5,72.5,not set,not set,not set,not set,not set,not set,0,not set,3.02,4.47,164,4.45,49,15,41,13,high,normal,on,on,2.465,2.5,2.405,2.49
2018-01-04,20:56,not set,not set,not set,not set,2,not set,,,not set,not set,0,not set,BathroomLightCommanded,16.5,72.5,not set,not set,not set,not set,not set,not set,0,not set,3.02,4.47,164,4.45,48,15,41,13,high,normal,on,on,2.51,2.495,2.505,2.525
2018-01-04,20:57,not set,not set,not set,not set,6,not set,,,not set,not set,0,not set,BathroomLightCommanded,16.5,72.5,not set,not set,not set,not set,not set,not set,0,not set,3.02,4.47,164,4.45,48,16,41,13,high,normal,on,on,2.51,2.545,2.525,2.545
2018-01-04,20:57,not set,not set,not set,not set,2,not set,,,not set,not set,0,not set,BathroomLightCommanded,16.5,72.5,not set,not set,not set,not set,not set,not set,0,not set,3.02,4.47,164,4.45,48,15,41,13,high,normal,on,on,2.51,2.555,2.475,2.485
2018-01-04,20:57,not set,not set,not set,not set,3,not set,,,not set,not set,0,not set,BathroomLightCommanded,16.5,72.6,not set,not set,not set,not set,not set,not set,0,not set,3.02,4.47,164,4.45,48,15,41,13,high,normal,on,on,2.7,2.625,2.765,2.565
2018-01-04,20:58,not set,not set,not set,not set,3,not set,,,not set,not set,0,not set,BathroomLightCommanded,16.4,72.4,not set,not set,not set,not set,not set,not set,0,not set,3.02,4.47,164,4.45,48,15,41,13,high,normal,on,on,2.385,2.44,2.495,2.375
2018-01-04,20:58,not set,not set,not set,not set,2,not set,,,not set,not set,0,not set,BathroomLightCommanded,16.4,72.3,not set,not set,not set,not set,not set,not set,0,not set,3.02,4.47,164,4.45,48,15,41,13,high,normal,on,on,2.465,2.475,2.43,2.61
2018-01-04,20:59,not set,not set,not set,not set,5,not set,,,not set,not set,0,not set,BathroomLightCommanded,16.5,72.6,not set,not set,not set,not set,not set,not set,0,not set,3.02,4.47,164,4.45,48,15,42,13,high,normal,on,on,2.45,2.435,2.43,2.46
2018-01-04,20:59,not set,not set,not set,not set,7,not set,,,not set,not set,0,not set,BathroomLightCommanded,16.4,72.5,not set,not set,not set,not set,not set,not set,0,not set,3.02,4.47,164,4.45,48,15,41,13,high,normal,on,on,2.485,2.405,2.42,2.435
2018-01-04,20:59,not set,not set,not set,not set,6,not set,,,not set,not set,0,not set,BathroomLightCommanded,16.5,72.5,not set,not set,not set,not set,not set,not set,0,not set,3.02,4.47,164,4.45,48,15,41,14,high,normal,on,on,2.43,2.355,2.35,2.425
2018-01-04,21:00,not set,not set,not set,not set,2,not set,,,not set,not set,0,not set,BathroomLightCommanded,16.5,72.5,not set,not set,not set,not set,not set,not set,0,not set,3.02,4.47,164,4.45,48,15,41,13,high,normal,on,on,2.4,2.545,2.38,2.395
2018-01-04,21:00,not set,not set,not set,not set,3,not set,,,not set,not set,0,not set,BathroomLightCommanded,16.5,72.5,not set,not set,not set,not set,not set,not set,0,not set,3.02,4.47,164,4.45,48,15,41,13,high,normal,on,on,2.375,2.365,2.375,2.4
2018-01-04,21:00,not set,not set,not set,not set,6,not set,,,not set,not set,0,not set,BathroomLightCommanded,16.4,72.4,not set,not set,not set,not set,not set,not set,0,not set,3.02,4.47,164,4.45,48,15,41,13,high,normal,on,on,2.41,2.405,2.465,2.455
2018-01-04,21:01,not set,not set,not set,not set,4,not set,,,not set,not set,0,not set,BathroomLightCommanded,16.5,72.5,not set,not set,not set,not set,not set,not set,0,not set,3.02,4.47,164,4.45,48,15,41,14,high,normal,on,on,2.45,2.425,2.49,2.48
2018-01-04,21:01,not set,not set,not set,not set,1,not set,,,not set,not set,0,not set,BathroomLightCommanded,16.5,72.4,not set,not set,not set,not set,not set,not set,0,not set,3.02,4.47,164,4.45,49,15,41,13,high,normal,on,on,2.45,2.495,2.44,2.46
2018-01-04,21:02,not set,not set,not set,not set,6,not set,,,not set,not set,0,not set,BathroomLightCommanded,16.4,72.4,not set,not set,not set,not set,not set,not set,0,not set,3.02,4.47,164,4.45,48,15,41,13,high,normal,on,on,2.605,2.43,2.6,2.565
2018-01-04,21:02,not set,not set,not set,not set,1,not set,,,not set,not set,0,not set,BathroomLightCommanded,16.5,72.5,not set,not set,not set,not set,not set,not set,0,not set,3.02,4.47,164,4.45,48,15,41,13,high,normal,on,on,2.41,2.395,2.495,2.525
2018-01-04,21:02,not set,not set,not set,not set,3,not set,,,not set,not set,0,not set,BathroomLightCommanded,16.5,72.4,not set,not set,not set,not set,not set,not set,0,not set,3.02,4.47,164,4.45,48,15,41,13,high,normal,on,on,2.5,2.48,2.44,2.66
2018-01-04,21:03,not set,not set,not set,not set,4,not set,,,not set,not set,0,not set,BathroomLightCommanded,16.5,72.4,not set,not set,not set,not set,not set,not set,0,not set,3.02,4.47,164,4.45,48,15,41,13,high,normal,on,on,2.82,2.53,2.455,2.395
2018-01-04,21:03,not set,not set,not set,not set,2,not set,,,not set,not set,0,not set,BathroomLightCommanded,16.5,72.4,not set,not set,not set,not set,not set,not set,0,not set,3.02,4.47,164,4.45,48,15,41,13,high,normal,on,on,2.475,2.47,2.445,2.49
2018-01-04,21:04,not set,not set,not set,not set,2,not set,,,not set,not set,0,not set,BathroomLightCommanded,16.5,72.4,not set,not set,not set,not set,not set,not set,0,not set,3.02,4.47,164,4.45,48,16,40,13,high,normal,on,on,2.56,2.53,2.475,2.42
2018-01-04,21:04,not set,not set,not set,not set,3,not set,,,not set,not set,0,not set,BathroomLightCommanded,16.5,72.4,not set,not set,not set,not set,not set,not set,0,not set,3.02,4.47,164,4.45,48,15,41,13,high,normal,on,on,2.445,2.435,2.475,2.43
2018-01-04,21:04,not set,not set,not set,not set,0,not set,,,not set,not set,0,not set,BathroomLightCommanded,16.5,72.5,not set,not set,not set,not set,not set,not set,0,not set,3.02,4.47,164,4.45,48,15,40,13,high,normal,on,on,2.51,2.495,2.51,2.47
2018-01-04,21:05,not set,not set,not set,not set,2,not set,,,not set,not set,0,not set,BathroomLightCommanded,16.4,72.4,not set,not set,not set,not set,not set,not set,0,not set,3.02,4.47,164,4.45,48,15,40,13,high,normal,on,on,2.51,2.6,2.515,2.44
2018-01-04,21:05,not set,not set,not set,not set,0,not set,,,not set,not set,0,not set,BathroomLightCommanded,16.4,72.5,not set,not set,not set,not set,not set,not set,0,not set,3.02,4.47,164,4.45,48,15,40,14,high,normal,on,on,2.585,2.565,2.55,2.54
2018-01-04,21:05,not set,not set,not set,not set,2,not set,,,not set,not set,0,not set,BathroomLightCommanded,16.4,72.5,not set,not set,not set,not set,not set,not set,0,not set,3.02,4.47,164,4.45,48,15,40,13,high,normal,on,on,17.33,17.115,17.135,17.145
2018-01-04,21:06,not set,not set,not set,not set,1,not set,,,not set,not set,0,not set,BathroomLightCommanded,16.4,72.4,not set,not set,not set,not set,not set,not set,0,not set,3.02,4.47,164,4.45,48,15,40,14,high,normal,on,on,17.34,17.41,17.055,17.48
2018-01-04,21:06,not set,not set,not set,not set,3,not set,,,not set,not set,0,not set,BathroomLightCommanded,16.5,72.5,not set,not set,not set,not set,not set,not set,0,not set,3.02,4.47,164,4.45,48,15,40,13,high,normal,on,on,17.53,17.445,17.395,17.555
2018-01-04,21:07,not set,not set,not set,not set,0,not set,,,not set,not set,0,not set,BathroomLightCommanded,16.4,72.4,not set,not set,not set,not set,not set,not set,0,not set,3.02,4.47,164,4.45,48,15,40,13,high,normal,on,on,17.405,17.375,17.345,17.595
2018-01-04,21:07,not set,not set,not set,not set,0,not set,,,not set,not set,0,not set,BathroomLightCommanded,16.4,72.3,not set,not set,not set,not set,not set,not set,0,not set,3.02,4.47,164,4.45,48,15,40,14,high,normal,on,on,17.265,17.225,17.39,17.595
2018-01-04,21:07,not set,not set,not set,not set,0,not set,,,not set,not set,0,not set,BathroomLightCommanded,16.4,72.4,not set,not set,not set,not set,not set,not set,0,not set,3.02,4.47,164,4.45,48,15,40,13,high,normal,on,on,17.32,17.39,17.18,17.385
2018-01-04,21:08,not set,not set,not set,not set,1,not set,,,not set,not set,0,not set,BathroomLightCommanded,16.5,72.5,not set,not set,not set,not set,not set,not set,0,not set,3.02,4.47,164,4.45,48,15,40,13,high,normal,on,on,2.455,2.41,2.54,2.44
2018-01-04,21:08,not set,not set,not set,not set,2,not set,,,not set,not set,0,not set,BathroomLightCommanded,16.4,72.4,not set,not set,not set,not set,not set,not set,0,not set,3.02,4.47,164,4.45,48,15,40,13,high,normal,on,on,2.435,2.43,2.375,2.425
2018-01-04,21:08,not set,not set,not set,not set,1,not set,,,not set,not set,0,not set,BathroomLightCommanded,16.5,72.4,not set,not set,not set,not set,not set,not set,0,not set,3.02,4.47,164,4.45,48,15,40,13,high,normal,on,on,2.58,2.485,2.455,2.635
2018-01-04,21:09,not set,not set,not set,not set,1,not set,,,not set,not set,0,not set,BathroomLightCommanded,16.4,72.3,not set,not set,not set,not set,not set,not set,0,not set,3.02,4.47,164,4.45,48,16,41,13,high,normal,on,on,2.49,2.455,2.505,2.455
2018-01-04,21:09,not set,not set,not set,not set,1,not set,,,not set,not set,0,not set,BathroomLightCommanded,16.5,72.5,not set,not set,not set,not set,not set,not set,0,not set,3.02,4.47,164,4.45,47,15,40,13,high,normal,on,on,2.44,2.42,2.615,2.465
2018-01-04,21:10,not set,not set,not set,not set,0,not set,,,not set,not set,0,not set,BathroomLightCommanded,16.4,72.3,not set,not set,not set,not set,not set,not set,0,not set,3.02,4.47,164,4.45,49,15,40,13,high,normal,on,on,2.275,2.565,2.43,2.59
2018-01-04,21:10,not set,not set,not set,not set,0,not set,,,not set,not set,0,not set,BathroomLightCommanded,16.5,72.4,not set,not set,not set,not set,not set,not set,0,not set,3.02,4.47,164,4.45,48,15,40,13,high,normal,on,on,2.555,2.44,2.54,2.335
2018-01-04,21:10,not set,not set,not set,not set,1,not set,,,not set,not set,0,not set,BathroomLightCommanded,16.5,72.4,not set,not set,not set,not set,not set,not set,0,not set,3.02,4.47,164,4.45,48,15,40,13,high,normal,on,on,2.39,2.39,2.46,2.515
2018-01-04,21:11,not set,not set,not set,not set,0,not set,,,not set,not set,0,not set,BathroomLightCommanded,16.5,72.4,not set,not set,not set,not set,not set,not set,0,not set,3.02,4.47,164,4.45,48,15,40,13,high,normal,on,on,2.48,2.48,2.375,2.385
2018-01-04,21:11,not set,not set,not set,not set,1,not set,,,not set,not set,0,not set,BathroomLightCommanded,16.5,72.4,not set,not set,not set,not set,not set,not set,0,not set,3.02,4.47,164,4.45,48,15,40,13,high,normal,on,on,2.225,2.365,2.45,2.295
2018-01-04,21:11,not set,not set,not set,not set,0,not set,,,not set,not set,0,not set,BathroomLightCommanded,16.5,72.4,not set,not set,not set,not set,not set,not set,0,not set,3.02,4.47,164,4.45,48,15,40,13,high,normal,on,on,2.33,2.415,2.36,2.26
2018-01-04,21:12,not set,not set,not set,not set,0,not set,,,not set,not set,0,not set,BathroomLightCommanded,16.5,72.5,not set,not set,not set,not set,not set,not set,0,not set,3.02,4.47,164,4.45,48,15,40,13,high,normal,on,on,2.36,2.39,2.635,2.39
2018-01-04,21:12,not set,not set,not set,not set,1,not set,,,not set,not set,0,not set,BathroomLightCommanded,16.4,72.3,not set,not set,not set,not set,not set,not set,0,not set,3.02,4.47,164,4.45,47,15,40,13,high,normal,on,on,2.385,2.315,2.425,1.735
2018-01-04,21:13,not set,not set,not set,not set,1,not set,,,not set,not set,0,not set,BathroomLightCommanded,16.5,72.5,not set,not set,not set,not set,not set,not set,0,not set,3.02,4.47,164,4.45,48,15,40,13,high,normal,on,on,1.755,1.64,1.68,1.735
2018-01-04,21:13,not set,not set,not set,not set,2,not set,,,not set,not set,0,not set,BathroomLightCommanded,16.5,72.6,not set,not set,not set,not set,not set,not set,0,not set,3.02,4.47,164,4.45,48,15,40,13,high,normal,on,on,1.68,1.7,1.69,1.745
2018-01-04,21:13,not set,not set,not set,not set,0,not set,,,not set,not set,0,not set,BathroomLightCommanded,16.5,72.5,not set,not set,not set,not set,not set,not set,0,not set,3.02,4.47,164,4.45,48,15,40,13,high,normal,on,on,1.695,1.655,1.75,1.78
2018-01-04,21:14,not set,not set,not set,not set,0,not set,,,not set,not set,0,not set,BathroomLightCommanded,16.5,72.5,not set,not set,not set,not set,not set,not set,0,not set,3.02,4.47,164,4.45,47,15,40,13,high,normal,on,on,1.69,1.815,1.9,1.865
2018-01-04,21:14,not set,not set,not set,not set,0,not set,,,not set,not set,0,not set,BathroomLightCommanded,16.5,72.6,not set,not set,not set,not set,not set,not set,0,not set,3.02,4.47,164,4.45,48,15,40,13,high,normal,on,on,1.865,1.645,2.08,1.895
2018-01-04,21:15,not set,not set,not set,not set,0,not set,,,not set,not set,0,not set,BathroomLightCommanded,16.5,72.6,not set,not set,not set,not set,not set,not set,0,not set,3.02,4.47,164,4.45,48,15,40,13,high,normal,on,on,1.745,1.66,1.73,1.76
2018-01-04,21:15,not set,not set,not set,not set,2,not set,,,not set,not set,0,not set,BathroomLightCommanded,16.5,72.6,not set,not set,not set,not set,not set,not set,0,not set,3.02,4.47,164,4.45,48,15,40,13,high,normal,on,on,1.73,1.695,1.715,1.855
2018-01-04,21:15,not set,not set,not set,not set,0,not set,,,not set,not set,0,not set,BathroomLightCommanded,16.5,72.7,not set,not set,not set,not set,not set,not set,0,not set,3.02,4.47,164,4.45,48,16,40,13,high,normal,on,on,1.94,1.925,1.86,2.17
2018-01-04,21:16,not set,not set,not set,not set,1,not set,,,not set,not set,0,not set,BathroomLightCommanded,16.5,72.8,not set,not set,not set,not set,not set,not set,0,not set,3.02,4.47,164,4.45,48,15,40,14,high,normal,on,on,1.855,1.915,2.12,2.02
2018-01-04,21:16,not set,not set,not set,not set,0,not set,,,not set,not set,0,not set,BathroomLightCommanded,16.5,72.6,not set,not set,not set,not set,not set,not set,0,not set,3.02,4.47,164,4.45,48,15,40,14,high,normal,on,on,2.125,2.115,2.165,2.1
2018-01-04,21:16,not set,not set,not set,not set,0,not set,,,not set,not set,0,not set,BathroomLightCommanded,16.5,72.6,not set,not set,not set,not set,not set,not set,0,not set,3.02,4.47,164,4.45,48,16,40,13,high,normal,on,on,1.77,1.87,1.76,1.945
2018-01-04,21:17,not set,not set,not set,not set,0,not set,,,not set,not set,0,not set,BathroomLightCommanded,16.5,72.6,not set,not set,not set,not set,not set,not set,0,not set,3.02,4.47,164,4.45,48,16,40,13,high,normal,on,on,1.705,1.725,1.84,1.735
2018-01-04,21:17,not set,not set,not set,not set,1,not set,,,not set,not set,0,not set,BathroomLightCommanded,16.5,72.6,not set,not set,not set,not set,not set,not set,0,not set,3.02,4.47,164,4.45,47,15,40,14,high,normal,on,on,2.185,2.045,2.02,2.145
2018-01-04,21:18,not set,not set,not set,not set,0,not set,,,not set,not set,0,not set,BathroomLightCommanded,16.5,72.6,not set,not set,not set,not set,not set,not set,0,not set,3.02,4.47,164,4.45,48,16,41,13,high,normal,on,on,2.2,2.255,2.27,2.315
2018-01-04,21:18,not set,not set,not set,not set,1,not set,,,not set,not set,0,not set,BathroomLightCommanded,16.5,72.6,not set,not set,not set,not set,not set,not set,0,not set,3.02,4.47,164,4.45,48,16,40,13,high,normal,on,on,2.235,2.335,2.16,2.17
2018-01-04,21:18,not set,not set,not set,not set,0,not set,,,not set,not set,0,not set,BathroomLightCommanded,16.5,72.5,not set,not set,not set,not set,not set,not set,0,not set,3.02,4.47,164,4.45,47,15,39,13,high,normal,on,on,2.26,2.37,2.32,2.28
2018-01-04,21:19,not set,not set,not set,not set,0,not set,,,not set,not set,0,not set,BathroomLightCommanded,16.5,72.5,not set,not set,not set,not set,not set,not set,0,not set,3.02,4.47,164,4.45,47,16,40,13,high,normal,on,on,2.265,2.36,2.28,2.215
2018-01-04,21:19,not set,not set,not set,not set,0,not set,,,not set,not set,0,not set,BathroomLightCommanded,16.5,72.5,not set,not set,not set,not set,not set,not set,0,not set,3.02,4.47,164,4.45,47,15,40,13,high,normal,on,on,2.315,2.375,2.51,2.46
2018-01-04,21:19,not set,not set,not set,not set,1,not set,,,not set,not set,0,not set,BathroomLightCommanded,16.5,72.5,not set,not set,not set,not set,not set,not set,0,not set,3.02,4.47,164,4.45,47,15,40,13,high,normal,on,on,2.32,2.32,2.4,2.275
2018-01-04,21:20,not set,not set,not set,not set,0,not set,,,not set,not set,0,not set,BathroomLightCommanded,16.5,72.4,not set,not set,not set,not set,not set,not set,0,not set,3.02,4.47,164,4.45,47,15,40,13,high,normal,on,on,2.38,2.37,2.645,2.485
2018-01-04,21:20,not set,not set,not set,not set,0,not set,,,not set,not set,0,not set,BathroomLightCommanded,16.5,72.5,not set,not set,not set,not set,not set,not set,0,not set,3.02,4.47,164,4.45,48,15,40,13,high,normal,on,on,2.48,2.61,2.34,2.49
2018-01-04,21:21,not set,not set,not set,not set,0,not set,,,not set,not set,0,not set,BathroomLightCommanded,16.5,72.4,not set,not set,not set,not set,not set,not set,0,not set,3.02,4.47,164,4.45,48,16,39,13,high,normal,on,on,2.515,2.46,2.44,2.565
2018-01-04,21:21,not set,not set,not set,not set,0,not set,,,not set,not set,0,not set,BathroomLightCommanded,16.5,72.5,not set,not set,not set,not set,not set,not set,0,not set,3.02,4.47,164,4.45,47,15,40,13,high,normal,on,on,2.345,2.365,2.36,2.465
2018-01-04,21:21,not set,not set,not set,not set,1,not set,,,not set,not set,0,not set,BathroomLightCommanded,16.5,72.5,not set,not set,not set,not set,not set,not set,0,not set,3.02,4.47,164,4.45,47,16,40,14,high,normal,on,on,2.475,2.555,2.72,2.705
2018-01-04,21:22,not set,not set,not set,not set,0,not set,,,not set,not set,0,not set,BathroomLightCommanded,16.5,72.4,not set,not set,not set,not set,not set,not set,0,not set,3.02,4.47,164,4.45,49,15,39,13,high,normal,on,on,2.555,2.545,2.55,2.49
2018-01-04,21:22,not set,not set,not set,not set,0,not set,,,not set,not set,0,not set,BathroomLightCommanded,16.5,72.5,not set,not set,not set,not set,not set,not set,0,not set,3.02,4.47,164,4.45,47,15,40,13,high,normal,on,on,2.41,2.405,2.365,2.505
2018-01-04,21:23,not set,not set,not set,not set,2,not set,,,not set,not set,0,not set,BathroomLightCommanded,16.5,72.5,not set,not set,not set,not set,not set,not set,0,not set,3.02,4.47,164,4.45,47,15,40,13,high,normal,on,on,2.475,2.44,2.365,2.45
2018-01-04,21:23,not set,not set,not set,not set,0,not set,,,not set,not set,0,not set,BathroomLightCommanded,16.6,72.4,not set,not set,not set,not set,not set,not set,0,not set,3.02,4.47,164,4.45,47,15,40,13,high,normal,on,on,2.465,2.47,2.515,2.58
2018-01-04,21:23,not set,not set,not set,not set,0,not set,,,not set,not set,0,not set,BathroomLightCommanded,16.6,72.3,not set,not set,not set,not set,not set,not set,0,not set,3.02,4.47,164,4.45,47,16,40,13,high,normal,on,on,2.385,2.505,2.325,2.275
2018-01-04,21:24,not set,not set,not set,not set,0,not set,,,not set,not set,0,not set,BathroomLightCommanded,16.6,72.2,not set,not set,not set,not set,not set,not set,0,not set,3.02,4.47,164,4.45,47,16,40,13,high,normal,on,on,2.55,2.59,2.58,2.555
2018-01-04,21:24,not set,not set,not set,not set,1,not set,,,not set,not set,0,not set,BathroomLightCommanded,16.6,72.2,not set,not set,not set,not set,not set,not set,0,not set,3.02,4.47,164,4.45,47,15,39,13,high,normal,on,on,2.37,2.305,2.365,2.36
2018-01-04,21:24,not set,not set,not set,not set,0,not set,,,not set,not set,0,not set,BathroomLightCommanded,16.6,72.1,not set,not set,not set,not set,not set,not set,0,not set,3.02,4.47,164,4.45,47,16,39,13,high,normal,on,on,2.42,2.45,2.545,2.46
2018-01-04,21:25,not set,not set,not set,not set,0,not set,,,not set,not set,0,not set,BathroomLightCommanded,16.6,72.2,not set,not set,not set,not set,not set,not set,0,not set,3.02,4.47,164,4.45,48,15,39,13,high,normal,on,on,2.605,2.655,2.52,2.555
2018-01-04,21:25,not set,not set,not set,not set,2,not set,,,not set,not set,0,not set,BathroomLightCommanded,16.6,72.2,not set,not set,not set,not set,not set,not set,0,not set,3.02,4.47,164,4.45,47,15,39,13,high,normal,on,on,2.36,2.595,2.485,2.565
2018-01-04,21:26,not set,not set,not set,not set,0,not set,,,not set,not set,0,not set,BathroomLightCommanded,16.6,72.2,not set,not set,not set,not set,not set,not set,0,not set,3.02,4.47,164,4.45,47,15,39,13,high,normal,on,on,2.565,2.57,2.47,2.425
2018-01-04,21:26,not set,not set,not set,not set,0,not set,,,not set,not set,0,not set,BathroomLightCommanded,16.6,72.1,not set,not set,not set,not set,not set,not set,0,not set,3.02,4.47,164,4.45,47,15,39,13,high,normal,on,on,2.38,2.43,2.54,2.52
2018-01-04,21:26,not set,not set,not set,not set,0,not set,,,not set,not set,0,not set,BathroomLightCommanded,16.6,72.0,not set,not set,not set,not set,not set,not set,0,not set,3.02,4.47,164,4.45,48,15,40,13,high,normal,on,on,2.66,2.48,2.545,2.4
2018-01-04,21:27,not set,not set,not set,not set,0,not set,,,not set,not set,0,not set,BathroomLightCommanded,16.6,72.0,not set,not set,not set,not set,not set,not set,0,not set,3.02,4.47,164,4.45,48,15,40,13,high,normal,on,on,2.5,2.595,2.515,2.56
2018-01-04,21:27,not set,not set,not set,not set,0,not set,,,not set,not set,0,not set,BathroomLightCommanded,16.6,72.0,not set,not set,not set,not set,not set,not set,0,not set,3.02,4.47,164,4.45,48,16,39,13,high,normal,on,on,2.415,2.5,2.45,2.53
2018-01-04,21:27,not set,not set,not set,not set,0,not set,,,not set,not set,0,not set,BathroomLightCommanded,16.6,71.9,not set,not set,not set,not set,not set,not set,0,not set,3.02,4.47,164,4.45,47,16,39,13,high,normal,on,on,2.47,2.48,2.51,2.525
2018-01-04,21:28,not set,not set,not set,not set,2,not set,,,not set,not set,0,not set,BathroomLightCommanded,16.6,71.8,not set,not set,not set,not set,not set,not set,0,not set,3.02,4.47,164,4.45,47,16,40,13,high,normal,on,on,2.685,2.65,2.635,2.585
2018-01-04,21:28,not set,not set,not set,not set,2,not set,,,not set,not set,0,not set,BathroomLightCommanded,16.6,71.8,not set,not set,not set,not set,not set,not set,0,not set,3.02,4.47,164,4.45,47,15,39,13,high,normal,on,on,2.605,2.425,2.495,2.5
2018-01-04,21:29,not set,not set,not set,not set,2,not set,,,not set,not set,0,not set,BathroomLightCommanded,16.6,71.7,not set,not set,not set,not set,not set,not set,0,not set,3.02,4.47,164,4.45,48,15,39,13,high,normal,on,on,2.41,2.455,2.33,2.475
2018-01-04,21:29,not set,not set,not set,not set,2,not set,,,not set,not set,0,not set,BathroomLightCommanded,16.6,71.7,not set,not set,not set,not set,not set,not set,0,not set,3.02,4.47,164,4.45,47,16,39,13,high,normal,on,on,2.45,2.59,2.31,2.42
2018-01-04,21:29,not set,not set,not set,not set,0,not set,,,not set,not set,0,not set,BathroomLightCommanded,16.6,71.8,not set,not set,not set,not set,not set,not set,0,not set,3.02,4.47,164,4.45,47,15,39,13,high,normal,on,on,2.47,2.6,2.575,2.415
2018-01-04,21:30,not set,not set,not set,not set,0,not set,,,not set,not set,0,not set,BathroomLightCommanded,16.6,71.7,not set,not set,not set,not set,not set,not set,0,not set,3.02,4.47,164,4.45,48,16,39,13,high,normal,on,on,2.45,2.655,2.65,2.555
2018-01-04,21:30,not set,not set,not set,not set,0,not set,,,not set,not set,0,not set,BathroomLightCommanded,16.6,71.7,not set,not set,not set,not set,not set,not set,0,not set,3.02,4.47,164,4.45,47,15,39,14,high,normal,on,on,2.635,2.515,2.58,2.64
2018-01-04,21:31,not set,not set,not set,not set,0,not set,,,not set,not set,0,not set,BathroomLightCommanded,16.6,71.7,not set,not set,not set,not set,not set,not set,0,not set,3.02,4.47,164,4.45,47,15,39,13,high,normal,on,on,2.565,2.565,2.65,2.6
2018-01-04,21:31,not set,not set,not set,not set,0,not set,,,not set,not set,0,not set,BathroomLightCommanded,16.6,71.7,not set,not set,not set,not set,not set,not set,0,not set,3.02,4.47,164,4.45,47,15,40,13,high,normal,on,on,2.215,2.065,2.16,2.11
2018-01-04,21:31,not set,not set,not set,not set,1,not set,,,not set,not set,0,not set,BathroomLightCommanded,16.6,71.7,not set,not set,not set,not set,not set,not set,0,not set,3.02,4.47,164,4.45,47,15,39,13,high,normal,on,on,1.9,1.905,1.815,1.885
2018-01-04,21:32,not set,not set,not set,not set,0,not set,,,not set,not set,0,not set,BathroomLightCommanded,16.6,71.6,not set,not set,not set,not set,not set,not set,0,not set,3.02,4.47,164,4.45,47,15,39,13,high,normal,on,on,2.175,2.155,2.2,2.62
2018-01-04,21:32,not set,not set,not set,not set,2,not set,,,not set,not set,0,not set,BathroomLightCommanded,16.6,71.6,not set,not set,not set,not set,not set,not set,0,not set,3.02,4.47,164,4.45,49,16,39,13,high,normal,on,on,2.71,2.705,2.75,2.67
2018-01-04,21:32,not set,not set,not set,not set,0,not set,,,not set,not set,0,not set,BathroomLightCommanded,16.6,71.6,not set,not set,not set,not set,not set,not set,0,not set,3.02,4.47,164,4.45,47,16,39,13,high,normal,on,on,2.715,2.81,2.585,2.82
2018-01-04,21:33,not set,not set,not set,not set,0,not set,,,not set,not set,0,not set,BathroomLightCommanded,16.6,71.6,not set,not set,not set,not set,not set,not set,0,not set,3.02,4.47,164,4.45,47,15,39,13,high,normal,on,on,2.545,2.6,2.75,2.72
2018-01-04,21:33,not set,not set,not set,not set,0,not set,,,not set,not set,0,not set,BathroomLightCommanded,16.6,71.6,not set,not set,not set,not set,not set,not set,0,not set,3.02,4.47,164,4.45,47,16,39,13,high,normal,on,on,2.645,2.805,2.86,2.81
2018-01-04,21:34,not set,not set,not set,not set,0,not set,,,not set,not set,0,not set,BathroomLightCommanded,16.7,71.7,not set,not set,not set,not set,not set,not set,0,not set,3.02,4.47,164,4.45,47,15,39,14,high,normal,on,on,2.775,2.75,2.635,2.63
2018-01-04,21:34,not set,not set,not set,not set,0,not set,,,not set,not set,0,not set,BathroomLightCommanded,16.6,71.5,not set,not set,not set,not set,not set,not set,0,not set,3.02,4.47,164,4.45,47,15,39,13,high,normal,on,on,2.85,2.835,2.74,3.055
2018-01-04,21:34,not set,not set,not set,not set,1,not set,,,not set,not set,0,not set,BathroomLightCommanded,16.6,71.4,not set,not set,not set,not set,not set,not set,0,not set,3.02,4.47,164,4.45,47,16,39,13,high,normal,on,on,3.01,2.835,2.86,2.91
2018-01-04,21:35,not set,not set,not set,not set,0,not set,,,not set,not set,0,not set,BathroomLightCommanded,16.7,71.7,not set,not set,not set,not set,not set,not set,0,not set,3.02,4.47,164,4.45,47,15,39,14,high,normal,on,on,2.805,2.8,2.605,2.63
2018-01-04,21:35,not set,not set,not set,not set,0,not set,,,not set,not set,0,not set,BathroomLightCommanded,16.7,71.6,not set,not set,not set,not set,not set,not set,0,not set,3.02,4.47,164,4.45,47,15,39,13,high,normal,on,on,2.93,2.745,2.8,2.76
2018-01-04,21:35,not set,not set,not set,not set,2,not set,,,not set,not set,0,not set,BathroomLightCommanded,16.7,71.5,not set,not set,not set,not set,not set,not set,0,not set,3.02,4.47,164,4.45,47,15,39,13,high,normal,on,on,2.96,2.83,2.79,2.905
2018-01-04,21:36,not set,not set,not set,not set,1,not set,,,not set,not set,0,not set,BathroomLightCommanded,16.7,71.6,not set,not set,not set,not set,not set,not set,0,not set,3.02,4.47,164,4.45,47,15,39,13,high,normal,on,on,2.76,2.77,2.785,2.8
2018-01-04,21:36,not set,not set,not set,not set,0,not set,,,not set,not set,0,not set,BathroomLightCommanded,16.6,71.5,not set,not set,not set,not set,not set,not set,0,not set,3.02,4.47,164,4.45,47,15,39,13,high,normal,on,on,2.87,2.69,2.865,2.815
2018-01-04,21:37,not set,not set,not set,not set,0,not set,,,not set,not set,0,not set,BathroomLightCommanded,16.7,71.6,not set,not set,not set,not set,not set,not set,0,not set,3.02,4.47,164,4.45,48,15,39,13,high,normal,on,on,2.84,2.72,2.78,2.805
2018-01-04,21:37,not set,not set,not set,not set,0,not set,,,not set,not set,0,not set,BathroomLightCommanded,16.7,71.5,not set,not set,not set,not set,not set,not set,0,not set,3.02,4.47,164,4.45,47,15,39,13,high,normal,on,on,2.76,2.685,2.715,2.77
2018-01-04,21:37,not set,not set,not set,not set,0,not set,,,not set,not set,0,not set,BathroomLightCommanded,16.7,71.5,not set,not set,not set,not set,not set,not set,0,not set,3.02,4.47,164,4.45,47,15,39,13,high,normal,on,on,2.85,2.75,2.685,2.75
2018-01-04,21:38,not set,not set,not set,not set,1,not set,,,not set,not set,0,not set,BathroomLightCommanded,16.7,71.5,not set,not set,not set,not set,not set,not set,0,not set,3.02,4.47,164,4.45,47,16,39,13,high,normal,on,on,2.71,2.67,2.74,2.81
2018-01-04,21:38,not set,not set,not set,not set,0,not set,,,not set,not set,0,not set,BathroomLightCommanded,16.6,71.3,not set,not set,not set,not set,not set,not set,0,not set,3.02,4.47,164,4.45,47,16,39,13,high,normal,on,on,2.835,2.72,2.75,2.805
2018-01-04,21:38,not set,not set,not set,not set,0,not set,,,not set,not set,0,not set,BathroomLightCommanded,16.7,71.5,not set,not set,not set,not set,not set,not set,0,not set,3.02,4.47,164,4.45,47,16,39,13,high,normal,on,on,2.675,2.695,2.65,2.645
2018-01-04,21:39,not set,not set,not set,not set,0,not set,,,not set,not set,0,not set,BathroomLightCommanded,16.7,71.5,not set,not set,not set,not set,not set,not set,0,not set,3.02,4.47,164,4.45,47,15,39,13,high,normal,on,on,2.74,2.75,2.73,2.72
2018-01-04,21:39,not set,not set,not set,not set,0,not set,,,not set,not set,0,not set,BathroomLightCommanded,16.7,71.4,not set,not set,not set,not set,not set,not set,0,not set,3.02,4.47,164,4.45,47,16,39,13,high,normal,on,on,2.97,3.135,3.08,3.195
2018-01-04,21:40,not set,not set,not set,not set,1,not set,,,not set,not set,0,not set,BathroomLightCommanded,16.7,71.3,not set,not set,not set,not set,not set,not set,0,not set,3.02,4.47,164,4.45,47,16,39,13,high,normal,on,on,3.255,3.275,3.11,3.14
2018-01-04,21:40,not set,not set,not set,not set,2,not set,,,not set,not set,0,not set,BathroomLightCommanded,16.7,71.3,not set,not set,not set,not set,not set,not set,0,not set,3.02,4.47,164,4.45,47,15,39,13,high,normal,on,on,3.125,3.22,3.085,3.105
2018-01-04,21:40,not set,not set,not set,not set,1,not set,,,not set,not set,0,not set,BathroomLightCommanded,16.7,71.2,not set,not set,not set,not set,not set,not set,0,not set,3.02,4.47,164,4.45,47,16,39,13,high,normal,on,on,3.025,3.055,2.98,2.94
2018-01-04,21:41,not set,not set,not set,not set,0,not set,,,not set,not set,0,not set,BathroomLightCommanded,16.7,71.2,not set,not set,not set,not set,not set,not set,0,not set,3.02,4.47,164,4.45,47,15,39,13,high,normal,on,on,2.885,2.885,2.97,2.88
2018-01-04,21:41,not set,not set,not set,not set,0,not set,,,not set,not set,0,not set,BathroomLightCommanded,16.6,71.1,not set,not set,not set,not set,not set,not set,0,not set,3.02,4.47,164,4.45,47,15,39,13,high,normal,on,on,2.91,2.97,2.88,3.015
2018-01-04,21:42,not set,not set,not set,not set,0,not set,,,not set,not set,0,not set,BathroomLightCommanded,16.7,71.2,not set,not set,not set,not set,not set,not set,0,not set,3.02,4.47,164,4.45,47,16,39,13,high,normal,on,on,3.055,3.085,3.15,3.14
2018-01-04,21:42,not set,not set,not set,not set,0,not set,,,not set,not set,0,not set,BathroomLightCommanded,16.7,71.1,not set,not set,not set,not set,not set,not set,0,not set,3.02,4.47,164,4.45,47,15,38,13,high,normal,on,on,2.92,3.135,3.1,3.14
2018-01-04,21:42,not set,not set,not set,not set,2,not set,,,not set,not set,0,not set,BathroomLightCommanded,16.7,71.0,not set,not set,not set,not set,not set,not set,0,not set,3.02,4.47,164,4.45,47,15,39,13,high,normal,on,on,2.925,2.995,2.835,2.87
2018-01-04,21:43,not set,not set,not set,not set,1,not set,,,not set,not set,0,not set,BathroomLightCommanded,16.7,70.9,not set,not set,not set,not set,not set,not set,0,not set,3.02,4.47,164,4.45,47,15,39,13,high,normal,on,on,2.975,3.055,3.045,2.97
2018-01-04,21:43,not set,not set,not set,not set,0,not set,,,not set,not set,0,not set,BathroomLightCommanded,16.7,71.0,not set,not set,not set,not set,not set,not set,0,not set,3.02,4.47,164,4.45,47,16,39,13,high,normal,on,on,3.065,3.18,3.245,3.23
2018-01-04,21:43,not set,not set,not set,not set,0,not set,,,not set,not set,0,not set,BathroomLightCommanded,16.7,70.9,not set,not set,not set,not set,not set,not set,0,not set,3.02,4.47,164,4.45,48,16,39,13,high,normal,on,on,3.16,3.175,3.135,3.22
2018-01-04,21:44,not set,not set,not set,not set,0,not set,,,not set,not set,0,not set,BathroomLightCommanded,16.7,71.0,not set,not set,not set,not set,not set,not set,0,not set,3.02,4.47,164,4.45,48,16,39,13,high,normal,on,on,3.245,3.04,3.155,3.155
2018-01-04,21:44,not set,not set,not set,not set,0,not set,,,not set,not set,0,not set,BathroomLightCommanded,16.7,71.0,not set,not set,not set,not set,not set,not set,0,not set,3.02,4.47,164,4.45,47,15,38,13,high,normal,on,on,3.155,3.195,3.2,3.12
2018-01-04,21:45,not set,not set,not set,not set,2,not set,,,not set,not set,0,not set,BathroomLightCommanded,16.7,71.0,not set,not set,not set,not set,not set,not set,0,not set,3.02,4.47,164,4.45,47,17,39,13,high,normal,on,on,3.205,3.12,3.105,3.195
2018-01-04,21:45,not set,not set,not set,not set,0,not set,,,not set,not set,0,not set,BathroomLightCommanded,16.7,70.9,not set,not set,not set,not set,not set,not set,0,not set,3.02,4.47,164,4.45,47,16,39,13,high,normal,on,on,3.14,3.13,3.275,3.155
2018-01-04,21:45,not set,not set,not set,not set,0,not set,,,not set,not set,0,not set,BathroomLightCommanded,16.7,70.9,not set,not set,not set,not set,not set,not set,0,not set,3.02,4.47,164,4.45,47,16,39,13,high,normal,on,on,3.075,3.185,3.17,3.145
2018-01-04,21:46,not set,not set,not set,not set,0,not set,,,not set,not set,0,not set,BathroomLightCommanded,16.7,70.8,not set,not set,not set,not set,not set,not set,0,not set,3.02,4.47,164,4.45,47,16,39,13,high,normal,on,on,3.05,3.15,3.145,3.065
2018-01-04,21:46,not set,not set,not set,not set,0,not set,,,not set,not set,0,not set,BathroomLightCommanded,16.7,70.9,not set,not set,not set,not set,not set,not set,0,not set,3.02,4.47,164,4.45,47,16,39,13,high,normal,on,on,3.16,3.105,3.075,3.075
2018-01-04,21:46,not set,not set,not set,not set,0,not set,,,not set,not set,0,not set,BathroomLightCommanded,16.7,70.9,not set,not set,not set,not set,not set,not set,0,not set,3.02,4.47,164,4.45,47,15,38,13,high,normal,on,on,3.26,3.175,3.25,3.195
2018-01-04,21:47,not set,not set,not set,not set,0,not set,,,not set,not set,0,not set,BathroomLightCommanded,16.7,70.8,not set,not set,not set,not set,not set,not set,0,not set,3.02,4.47,164,4.45,47,16,38,13,high,normal,on,on,3.185,3.17,3.01,3.225
2018-01-04,21:47,not set,not set,not set,not set,0,not set,,,not set,not set,0,not set,BathroomLightCommanded,16.7,70.8,not set,not set,not set,not set,not set,not set,0,not set,3.02,4.47,164,4.45,47,15,38,13,high,normal,on,on,3.15,3.1,3.11,3.26
2018-01-04,21:48,not set,not set,not set,not set,2,not set,,,not set,not set,0,not set,BathroomLightCommanded,16.7,70.8,not set,not set,not set,not set,not set,not set,0,not set,3.02,4.47,164,4.45,47,15,39,13,high,normal,on,on,3.3,3.34,3.365,2.965
2018-01-04,21:48,not set,not set,not set,not set,0,not set,,,not set,not set,0,not set,BathroomLightCommanded,16.8,70.8,not set,not set,not set,not set,not set,not set,0,not set,3.02,4.47,164,4.45,48,15,39,13,high,normal,on,on,3.31,3.135,3.29,3.39
2018-01-04,21:48,not set,not set,not set,not set,0,not set,,,not set,not set,0,not set,BathroomLightCommanded,16.8,70.6,not set,not set,not set,not set,not set,not set,0,not set,3.02,4.47,164,4.45,47,15,39,13,high,normal,on,on,3.21,3.285,3.34,3.265
2018-01-04,21:49,not set,not set,not set,not set,0,not set,,,not set,not set,0,not set,BathroomLightCommanded,16.8,70.6,not set,not set,not set,not set,not set,not set,0,not set,3.02,4.47,164,4.45,47,15,38,14,high,normal,on,on,3.295,3.275,3.205,3.295
2018-01-04,21:49,not set,not set,not set,not set,2,not set,,,not set,not set,0,not set,BathroomLightCommanded,16.8,70.6,not set,not set,not set,not set,not set,not set,0,not set,3.02,4.47,164,4.45,47,16,38,13,high,normal,on,on,3.25,3.345,3.285,3.23
2018-01-04,21:50,not set,not set,not set,not set,0,not set,,,not set,not set,0,not set,BathroomLightCommanded,16.8,70.6,not set,not set,not set,not set,not set,not set,0,not set,3.02,4.47,164,4.45,47,16,38,13,high,normal,on,on,3.255,3.205,3.19,3.17
2018-01-04,21:50,not set,not set,not set,not set,0,not set,,,not set,not set,0,not set,BathroomLightCommanded,16.8,70.5,not set,not set,not set,not set,not set,not set,0,not set,3.02,4.47,164,4.45,47,17,39,13,high,normal,on,on,3.095,3.17,3.065,3.185
2018-01-04,21:50,not set,not set,not set,not set,0,not set,,,not set,not set,0,not set,BathroomLightCommanded,16.8,70.5,not set,not set,not set,not set,not set,not set,0,not set,3.02,4.47,164,4.45,47,16,38,14,high,normal,on,on,3.275,3.2,3.135,3.12
2018-01-04,21:51,not set,not set,not set,not set,0,not set,,,not set,not set,0,not set,BathroomLightCommanded,16.8,70.5,not set,not set,not set,not set,not set,not set,0,not set,3.02,4.47,164,4.45,47,15,38,14,high,normal,on,on,3.2,3.255,3.325,3.285
2018-01-04,21:51,not set,not set,not set,not set,2,not set,,,not set,not set,0,not set,BathroomLightCommanded,16.8,70.4,not set,not set,not set,not set,not set,not set,0,not set,3.02,4.47,164,4.45,47,15,38,13,high,normal,on,on,3.195,3.17,3.11,3.22
2018-01-04,21:51,not set,not set,not set,not set,0,not set,,,not set,not set,0,not set,BathroomLightCommanded,16.8,70.4,not set,not set,not set,not set,not set,not set,0,not set,3.02,4.47,164,4.45,47,16,38,13,high,normal,on,on,3.24,3.27,3.24,3.265
2018-01-04,21:52,not set,not set,not set,not set,0,not set,,,not set,not set,0,not set,BathroomLightCommanded,16.8,70.4,not set,not set,not set,not set,not set,not set,0,not set,3.02,4.47,164,4.45,47,15,38,13,high,normal,on,on,3.28,3.375,3.175,3.205
2018-01-04,21:52,not set,not set,not set,not set,0,not set,,,not set,not set,0,not set,BathroomLightCommanded,16.8,70.3,not set,not set,not set,not set,not set,not set,0,not set,3.02,4.47,164,4.45,47,15,38,13,high,normal,on,on,3.33,2.97,3.3,3.21
2018-01-04,21:53,not set,not set,not set,not set,0,not set,,,not set,not set,0,not set,BathroomLightCommanded,16.8,70.3,not set,not set,not set,not set,not set,not set,0,not set,3.02,4.47,164,4.45,47,16,38,13,high,normal,on,on,3.355,3.33,3.395,3.45
2018-01-04,21:53,not set,not set,not set,not set,1,not set,,,not set,not set,0,not set,BathroomLightCommanded,16.8,70.3,not set,not set,not set,not set,not set,not set,0,not set,3.02,4.47,164,4.45,47,16,38,13,high,normal,on,on,2.84,3.255,3.25,3.255
2018-01-04,21:53,not set,not set,not set,not set,1,not set,,,not set,not set,0,not set,BathroomLightCommanded,16.8,70.3,not set,not set,not set,not set,not set,not set,0,not set,3.02,4.47,164,4.45,47,16,38,13,high,normal,on,on,3.275,3.205,3.31,3.13
2018-01-04,21:54,not set,not set,not set,not set,0,not set,,,not set,not set,0,not set,BathroomLightCommanded,16.8,70.2,not set,not set,not set,not set,not set,not set,0,not set,3.02,4.47,164,4.45,47,16,38,13,high,normal,on,on,3.335,3.295,3.285,3.26
2018-01-04,21:54,not set,not set,not set,not set,0,not set,,,not set,not set,0,not set,BathroomLightCommanded,16.8,70.2,not set,not set,not set,not set,not set,not set,0,not set,3.02,4.47,164,4.45,47,15,38,13,high,normal,on,on,3.225,3.235,3.275,3.225
2018-01-04,21:54,not set,not set,not set,not set,0,not set,,,not set,not set,0,not set,BathroomLightCommanded,16.8,70.2,not set,not set,not set,not set,not set,not set,0,not set,3.02,4.47,164,4.45,47,16,38,13,high,normal,on,on,3.35,3.26,3.22,3.26
2018-01-04,21:55,not set,not set,not set,not set,0,not set,,,not set,not set,0,not set,BathroomLightCommanded,16.8,70.2,not set,not set,not set,not set,not set,not set,0,not set,3.02,4.47,164,4.45,47,16,39,13,high,normal,on,on,3.215,3.255,3.3,3.32
2018-01-04,21:55,not set,not set,not set,not set,0,not set,,,not set,not set,0,not set,BathroomLightCommanded,16.8,70.1,not set,not set,not set,not set,not set,not set,0,not set,3.02,4.47,164,4.45,47,16,39,13,high,normal,on,on,3.295,3.3,3.285,3.245
2018-01-04,21:56,not set,not set,not set,not set,0,not set,,,not set,not set,0,not set,BathroomLightCommanded,16.8,70.1,not set,not set,not set,not set,not set,not set,0,not set,3.02,4.47,164,4.45,47,16,39,13,high,normal,on,on,3.33,2.985,3.185,3.28
2018-01-04,21:56,not set,not set,not set,not set,0,not set,,,not set,not set,0,not set,BathroomLightCommanded,16.8,70.0,not set,not set,not set,not set,not set,not set,0,not set,3.02,4.47,164,4.45,47,16,38,14,high,normal,on,on,3.23,3.235,3.22,3.205
2018-01-04,21:56,not set,not set,not set,not set,0,not set,,,not set,not set,0,not set,BathroomLightCommanded,16.8,70.1,not set,not set,not set,not set,not set,not set,0,not set,3.02,4.47,164,4.45,47,15,38,13,high,normal,on,on,3.125,3.065,3.215,3.29
2018-01-04,21:57,not set,not set,not set,not set,1,not set,,,not set,not set,0,not set,BathroomLightCommanded,16.8,70.0,not set,not set,not set,not set,not set,not set,0,not set,3.02,4.47,164,4.45,48,16,38,13,high,normal,on,on,3.14,3.245,3.365,3.365
2018-01-04,21:57,not set,not set,not set,not set,0,not set,,,not set,not set,0,not set,BathroomLightCommanded,16.8,70.0,not set,not set,not set,not set,not set,not set,0,not set,3.02,4.47,164,4.45,47,16,38,13,high,normal,on,on,3.38,3.26,3.24,3.2
2018-01-04,21:57,not set,not set,not set,not set,2,not set,,,not set,not set,0,not set,BathroomLightCommanded,16.9,70.0,not set,not set,not set,not set,not set,not set,0,not set,3.02,4.47,164,4.45,47,16,38,13,high,normal,on,on,3.015,3.25,2.76,3.245
2018-01-04,21:58,not set,not set,not set,not set,2,not set,,,not set,not set,0,not set,BathroomLightCommanded,16.9,70.0,not set,not set,not set,not set,not set,not set,0,not set,3.02,4.47,164,4.45,47,15,38,13,high,normal,on,on,3.285,3.19,3.31,3.17
2018-01-04,21:58,not set,not set,not set,not set,2,not set,,,not set,not set,0,not set,BathroomLightCommanded,16.9,70.0,not set,not set,not set,not set,not set,not set,0,not set,3.02,4.47,164,4.45,47,16,38,13,high,normal,on,on,3.325,3.32,3.315,3.325
2018-01-04,21:59,not set,not set,not set,not set,3,not set,,,not set,not set,0,not set,BathroomLightCommanded,16.9,69.9,not set,not set,not set,not set,not set,not set,0,not set,3.02,4.47,164,4.45,47,16,38,13,high,normal,on,on,3.33,3.14,3.25,3.32
2018-01-04,21:59,not set,not set,not set,not set,0,not set,,,not set,not set,0,not set,BathroomLightCommanded,16.9,70.0,not set,not set,not set,not set,not set,not set,0,not set,3.02,4.47,164,4.45,47,16,38,13,high,normal,on,on,3.28,3.305,3.32,3.31
2018-01-04,21:59,not set,not set,not set,not set,2,not set,,,not set,not set,0,not set,BathroomLightCommanded,16.9,69.9,not set,not set,not set,not set,not set,not set,0,not set,3.02,4.47,164,4.45,47,16,38,13,high,normal,on,on,3.185,3.04,3.305,3.215
2018-01-04,22:00,not set,not set,not set,not set,0,not set,,,not set,not set,0,not set,BathroomLightCommanded,16.9,69.8,not set,not set,not set,not set,not set,not set,0,not set,3.02,4.47,164,4.45,47,16,38,13,high,normal,on,on,3.185,3.15,3.195,3.085
2018-01-04,22:00,not set,not set,not set,not set,2,not set,,,not set,not set,0,not set,BathroomLightCommanded,16.9,69.8,not set,not set,not set,not set,not set,not set,0,not set,3.02,4.47,164,4.45,47,15,38,13,high,normal,on,on,3.03,3.295,3.08,3.21
2018-01-04,22:01,not set,not set,not set,not set,0,not set,,,not set,not set,0,not set,BathroomLightCommanded,16.9,69.8,not set,not set,not set,not set,not set,not set,0,not set,3.02,4.47,164,4.45,46,16,38,13,high,normal,on,on,3.25,3.215,3.29,3.165
2018-01-04,22:01,not set,not set,not set,not set,0,not set,,,not set,not set,0,not set,BathroomLightCommanded,16.9,69.8,not set,not set,not set,not set,not set,not set,0,not set,3.02,4.47,164,4.45,47,16,38,13,high,normal,on,on,3.015,3.185,3.125,2.955
2018-01-04,22:01,not set,not set,not set,not set,0,not set,,,not set,not set,0,not set,BathroomLightCommanded,16.9,69.7,not set,not set,not set,not set,not set,not set,0,not set,3.02,4.47,164,4.45,46,15,38,13,high,normal,on,on,3.015,3.225,3.12,3.18
2018-01-04,22:02,not set,not set,not set,not set,2,not set,,,not set,not set,0,not set,BathroomLightCommanded,16.9,69.6,not set,not set,not set,not set,not set,not set,0,not set,3.02,4.47,164,4.45,47,16,38,13,high,normal,on,on,3.045,3.135,3.21,3.215
2018-01-04,22:02,not set,not set,not set,not set,0,not set,,,not set,not set,0,not set,BathroomLightCommanded,16.9,69.7,not set,not set,not set,not set,not set,not set,0,not set,3.02,4.47,164,4.45,47,15,38,13,high,normal,on,on,3.18,3.24,3.18,3.125
2018-01-04,22:02,not set,not set,not set,not set,2,not set,,,not set,not set,0,not set,BathroomLightCommanded,16.9,69.7,not set,not set,not set,not set,not set,not set,0,not set,3.02,4.47,164,4.45,47,16,38,14,high,normal,on,on,3.0,2.72,3.07,3.155
2018-01-04,22:03,not set,not set,not set,not set,0,not set,,,not set,not set,0,not set,BathroomLightCommanded,16.9,69.7,not set,not set,not set,not set,not set,not set,0,not set,3.02,4.47,164,4.45,47,16,38,14,high,normal,on,on,3.145,3.155,3.145,3.06
2018-01-04,22:03,not set,not set,not set,not set,1,not set,,,not set,not set,0,not set,BathroomLightCommanded,16.9,69.6,not set,not set,not set,not set,not set,not set,0,not set,3.02,4.47,164,4.45,47,16,38,13,high,normal,on,on,17.92,18.055,18.035,18.04
2018-01-04,22:04,not set,not set,not set,not set,0,not set,,,not set,not set,0,not set,BathroomLightCommanded,16.9,69.6,not set,not set,not set,not set,not set,not set,0,not set,3.02,4.47,164,4.45,47,16,38,13,high,normal,on,on,17.93,18.035,17.855,17.925
2018-01-04,22:04,not set,not set,not set,not set,0,not set,,,not set,not set,0,not set,BathroomLightCommanded,16.9,69.7,not set,not set,not set,not set,not set,not set,0,not set,3.02,4.47,164,4.45,48,16,38,13,high,normal,on,on,17.915,17.89,18.14,18.12
2018-01-04,22:04,not set,not set,not set,not set,0,not set,,,not set,not set,0,not set,BathroomLightCommanded,16.9,69.6,not set,not set,not set,not set,not set,not set,0,not set,3.02,4.47,164,4.45,46,16,38,14,high,normal,on,on,17.705,17.76,17.575,17.815
2018-01-04,22:05,not set,not set,not set,not set,0,not set,,,not set,not set,0,not set,BathroomLightCommanded,16.9,69.7,not set,not set,not set,not set,not set,not set,0,not set,3.02,4.47,164,4.45,47,15,38,13,high,normal,on,on,17.795,17.76,17.795,17.715
2018-01-04,22:05,not set,not set,not set,not set,2,not set,,,not set,not set,0,not set,BathroomLightCommanded,16.9,69.6,not set,not set,not set,not set,not set,not set,0,not set,3.02,4.47,164,4.45,47,15,39,13,high,normal,on,on,17.86,18.02,17.895,17.77
2018-01-04,22:05,not set,not set,not set,not set,0,not set,,,not set,not set,0,not set,BathroomLightCommanded,16.9,69.6,not set,not set,not set,not set,not set,not set,0,not set,3.02,4.47,164,4.45,47,15,39,13,high,normal,on,on,17.685,17.57,17.855,17.99
2018-01-04,22:06,not set,not set,not set,not set,0,not set,,,not set,not set,0,not set,BathroomLightCommanded,16.9,69.6,not set,not set,not set,not set,not set,not set,0,not set,3.02,4.47,164,4.45,47,15,40,14,high,normal,on,on,17.75,17.73,17.76,17.84
2018-01-04,22:06,not set,not set,not set,not set,0,not set,,,not set,not set,0,not set,BathroomLightCommanded,17.0,69.5,not set,not set,not set,not set,not set,not set,0,not set,3.02,4.47,164,4.45,47,15,40,13,high,normal,on,on,17.775,17.905,17.79,17.875
2018-01-04,22:07,not set,not set,not set,not set,2,not set,,,not set,not set,0,not set,BathroomLightCommanded,16.9,69.5,not set,not set,not set,not set,not set,not set,0,not set,3.02,4.47,164,4.45,47,16,41,13,high,normal,on,on,17.795,17.81,17.895,17.82
2018-01-04,22:07,not set,not set,not set,not set,0,not set,,,not set,not set,0,not set,BathroomLightCommanded,16.9,69.5,not set,not set,not set,not set,not set,not set,0,not set,3.02,4.47,164,4.45,47,15,41,13,high,normal,on,on,17.945,17.91,17.785,17.935
2018-01-04,22:07,not set,not set,not set,not set,2,not set,,,not set,not set,0,not set,BathroomLightCommanded,17.0,69.5,not set,not set,not set,not set,not set,not set,0,not set,3.02,4.47,164,4.45,47,15,42,13,high,normal,on,on,17.81,18.0,17.84,18.12
2018-01-04,22:08,not set,not set,not set,not set,0,not set,,,not set,not set,0,not set,BathroomLightCommanded,17.0,69.5,not set,not set,not set,not set,not set,not set,0,not set,3.02,4.47,164,4.45,46,15,42,13,high,normal,on,on,17.9,17.925,17.93,17.875
2018-01-04,22:08,not set,not set,not set,not set,0,not set,,,not set,not set,0,not set,BathroomLightCommanded,17.0,69.5,not set,not set,not set,not set,not set,not set,0,not set,3.02,4.47,164,4.45,46,15,43,14,high,normal,on,on,3.26,3.13,3.195,3.15
2018-01-04,22:08,not set,not set,not set,not set,0,not set,,,not set,not set,0,not set,BathroomLightCommanded,17.0,69.4,not set,not set,not set,not set,not set,not set,0,not set,3.02,4.47,164,4.45,46,15,44,13,high,normal,on,on,2.79,2.86,3.14,2.98
2018-01-04,22:09,not set,not set,not set,not set,2,not set,,,not set,not set,0,not set,BathroomLightCommanded,17.0,69.5,not set,not set,not set,not set,not set,not set,0,not set,3.02,4.47,164,4.45,46,15,44,13,high,normal,on,on,3.14,3.04,2.735,3.045
2018-01-04,22:09,not set,not set,not set,not set,1,not set,,,not set,not set,0,not set,BathroomLightCommanded,17.0,69.5,not set,not set,not set,not set,not set,not set,0,not set,3.02,4.47,164,4.45,46,15,45,13,high,normal,on,on,3.335,3.22,3.16,3.24
2018-01-04,22:10,not set,not set,not set,not set,0,not set,,,not set,not set,0,not set,BathroomLightCommanded,16.9,69.4,not set,not set,not set,not set,not set,not set,0,not set,3.02,4.47,164,4.45,46,14,45,13,high,normal,on,on,3.125,3.15,3.14,3.22
2018-01-04,22:10,not set,not set,not set,not set,2,not set,,,not set,not set,0,not set,BathroomLightCommanded,16.9,69.4,not set,not set,not set,not set,not set,not set,0,not set,3.02,4.47,164,4.45,46,15,45,14,high,normal,on,on,3.195,3.15,3.16,3.0
2018-01-04,22:10,not set,not set,not set,not set,0,not set,,,not set,not set,0,not set,BathroomLightCommanded,16.9,69.4,not set,not set,not set,not set,not set,not set,0,not set,3.02,4.47,164,4.45,46,14,45,13,high,normal,on,on,3.16,3.12,3.085,3.08
2018-01-04,22:11,not set,not set,not set,not set,0,not set,,,not set,not set,0,not set,BathroomLightCommanded,16.9,69.4,not set,not set,not set,not set,not set,not set,0,not set,3.02,4.47,164,4.45,46,15,46,13,high,normal,on,on,3.09,3.05,3.205,3.17
2018-01-04,22:11,not set,not set,not set,not set,2,not set,,,not set,not set,0,not set,BathroomLightCommanded,16.9,69.4,not set,not set,not set,not set,not set,not set,0,not set,3.02,4.47,164,4.45,46,15,45,13,high,normal,on,on,3.175,3.045,3.05,2.975
2018-01-04,22:11,not set,not set,not set,not set,0,not set,,,not set,not set,0,not set,BathroomLightCommanded,16.9,69.4,not set,not set,not set,not set,not set,not set,0,not set,3.02,4.47,164,4.45,47,15,47,13,high,normal,on,on,2.99,2.995,2.91,3.085
2018-01-04,22:12,not set,not set,not set,not set,0,not set,,,not set,not set,0,not set,BathroomLightCommanded,17.0,69.4,not set,not set,not set,not set,not set,not set,0,not set,3.02,4.47,164,4.45,47,14,46,13,high,normal,on,on,3.135,3.075,3.21,3.185
2018-01-04,22:12,not set,not set,not set,not set,1,not set,,,not set,not set,0,not set,BathroomLightCommanded,16.9,69.4,not set,not set,not set,not set,not set,not set,0,not set,3.02,4.47,164,4.45,47,14,46,13,high,normal,on,on,3.12,3.155,3.245,3.11
2018-01-04,22:13,not set,not set,not set,not set,0,not set,,,not set,not set,0,not set,BathroomLightCommanded,16.9,69.4,not set,not set,not set,not set,not set,not set,0,not set,3.02,4.47,164,4.45,47,14,46,14,high,normal,on,on,4.02,3.955,3.83,3.715
2018-01-04,22:13,not set,not set,not set,not set,1,not set,,,not set,not set,365,not set,BathroomLightCommanded,16.9,69.3,not set,not set,not set,not set,not set,not set,0,not set,3.02,4.47,164,4.45,47,14,46,14,high,normal,on,on,3.94,4.015,3.925,3.93
2018-01-04,22:13,not set,not set,not set,not set,2,not set,,,not set,not set,374,not set,BathroomLightCommanded,17.0,69.2,not set,not set,not set,not set,not set,not set,0,not set,3.02,4.47,164,4.45,47,14,46,13,high,normal,on,on,4.05,3.965,4.045,3.945
2018-01-04,22:14,not set,not set,not set,not set,0,not set,,,not set,not set,373,not set,BathroomLightCommanded,17.0,69.7,not set,not set,not set,not set,not set,not set,0,not set,3.02,4.47,164,4.45,47,14,46,13,high,normal,on,on,3.995,4.075,3.95,4.07
2018-01-04,22:14,not set,not set,not set,not set,2,not set,,,not set,not set,370,not set,BathroomLightCommanded,17.0,70.6,not set,not set,not set,not set,not set,not set,0,not set,3.02,4.47,164,4.45,47,14,47,13,high,normal,on,on,3.94,3.965,4.015,3.97
2018-01-04,22:14,not set,not set,not set,not set,0,not set,,,not set,not set,371,not set,BathroomLightCommanded,17.0,70.9,not set,not set,not set,not set,not set,not set,0,not set,3.02,4.47,164,4.45,47,14,46,14,high,normal,on,on,3.99,3.955,4.015,3.965
2018-01-04,22:15,not set,not set,not set,not set,0,not set,,,not set,not set,369,not set,BathroomLightCommanded,17.0,71.7,not set,not set,not set,not set,not set,not set,0,not set,3.02,4.47,164,4.45,47,14,46,14,high,normal,on,on,3.875,3.845,3.825,4.025
2018-01-04,22:15,not set,not set,not set,not set,1,not set,,,not set,not set,366,not set,BathroomLightCommanded,17.1,71.8,not set,not set,not set,not set,not set,not set,0,not set,3.02,4.47,164,4.45,47,15,46,14,high,normal,on,on,4.01,4.015,4.0,3.99
2018-01-04,22:16,not set,not set,not set,not set,1,not set,,,not set,not set,366,not set,BathroomLightCommanded,17.1,71.7,not set,not set,not set,not set,not set,not set,0,not set,3.02,4.47,164,4.45,47,14,47,13,high,normal,on,on,3.955,3.95,3.92,3.975
2018-01-04,22:16,not set,not set,not set,not set,0,not set,,,not set,not set,365,not set,BathroomLightCommanded,17.1,71.8,not set,not set,not set,not set,not set,not set,0,not set,3.02,4.47,164,4.45,47,15,47,14,high,normal,on,on,3.955,3.865,3.97,4.055
2018-01-04,22:16,not set,not set,not set,not set,0,not set,,,not set,not set,0,not set,BathroomLightCommanded,17.2,71.7,not set,not set,not set,not set,not set,not set,0,not set,3.02,4.47,164,4.45,47,14,47,13,high,normal,on,on,3.245,3.24,3.255,3.24
2018-01-04,22:17,not set,not set,not set,not set,0,not set,,,not set,not set,365,not set,BathroomLightCommanded,17.2,71.6,not set,not set,not set,not set,not set,not set,0,not set,3.02,4.47,164,4.45,47,14,47,13,high,normal,on,on,3.26,3.27,3.265,3.295
2018-01-04,22:17,not set,not set,not set,not set,0,not set,,,not set,not set,364,not set,BathroomLightCommanded,17.2,71.6,not set,not set,not set,not set,not set,not set,0,not set,3.02,4.47,164,4.45,47,15,47,13,high,normal,on,on,3.09,3.09,3.085,3.16
2018-01-04,22:17,not set,not set,not set,not set,0,not set,,,not set,not set,358,not set,BathroomLightCommanded,17.2,71.7,not set,not set,not set,not set,not set,not set,0,not set,3.02,4.47,164,4.45,49,15,47,13,high,normal,on,on,3.02,2.965,2.97,2.995
2018-01-04,22:18,not set,not set,not set,not set,285,not set,,,not set,not set,359,not set,BathroomLightCommanded,17.3,72.3,not set,not set,not set,not set,not set,not set,0,not set,3.02,4.47,164,4.45,53,16,47,13,high,normal,on,on,3.72,3.735,3.745,3.66
2018-01-04,22:18,not set,not set,not set,not set,289,not set,,,not set,not set,360,not set,BathroomLightCommanded,17.3,72.6,not set,not set,not set,not set,not set,not set,0,not set,3.02,4.47,164,4.45,55,17,46,13,high,normal,on,on,3.8,3.775,3.73,3.775
2018-01-04,22:19,not set,not set,not set,not set,291,not set,,,not set,not set,358,not set,BathroomLightCommanded,17.3,72.1,not set,not set,not set,not set,not set,not set,0,not set,3.02,4.47,164,4.45,56,17,47,14,high,normal,on,on,3.625,3.845,3.715,3.845
2018-01-04,22:19,not set,not set,not set,not set,291,not set,,,not set,not set,356,not set,BathroomLightCommanded,17.3,71.8,not set,not set,not set,not set,not set,not set,0,not set,3.02,4.47,164,4.45,56,17,46,14,high,normal,on,on,3.865,3.89,3.84,3.855
2018-01-04,22:19,not set,not set,not set,not set,291,not set,,,not set,not set,357,not set,BathroomLightCommanded,17.2,71.5,not set,not set,not set,not set,not set,not set,0,not set,3.02,4.47,164,4.45,56,17,47,14,high,normal,on,on,3.78,3.695,3.835,3.865
2018-01-04,22:20,not set,not set,not set,not set,288,not set,,,not set,not set,357,not set,BathroomLightCommanded,17.2,71.5,not set,not set,not set,not set,not set,not set,0,not set,3.02,4.47,164,4.45,56,17,46,14,high,normal,on,on,3.785,3.73,3.84,3.755
2018-01-04,22:20,not set,not set,not set,not set,0,not set,,,not set,not set,0,not set,BathroomLightCommanded,17.1,71.4,not set,not set,not set,not set,not set,not set,0,not set,3.02,4.47,164,4.45,55,17,46,13,high,normal,on,on,3.91,3.745,3.715,3.72
2018-01-04,22:21,not set,not set,not set,not set,0,not set,,,not set,not set,0,not set,BathroomLightCommanded,17.1,71.9,not set,not set,not set,not set,not set,not set,0,not set,3.02,4.47,164,4.45,55,17,46,13,high,normal,on,on,3.585,3.555,3.55,3.61
2018-01-04,22:21,not set,not set,not set,not set,0,not set,,,not set,not set,0,not set,BathroomLightCommanded,17.0,72.0,not set,not set,not set,not set,not set,not set,0,not set,3.02,4.47,164,4.45,55,17,46,13,high,normal,on,on,3.6,3.8,3.66,3.695
2018-01-04,22:21,not set,not set,not set,not set,0,not set,,,not set,not set,0,not set,BathroomLightCommanded,17.0,72.2,not set,not set,not set,not set,not set,not set,0,not set,3.02,4.47,164,4.45,56,17,46,13,high,normal,on,on,3.65,3.675,3.535,3.665
2018-01-04,22:22,not set,not set,not set,not set,0,not set,,,not set,not set,0,not set,BathroomLightCommanded,16.9,72.5,not set,not set,not set,not set,not set,not set,0,not set,3.02,4.47,164,4.45,55,17,45,13,high,normal,on,on,2.86,2.955,2.905,2.82
2018-01-04,22:22,not set,not set,not set,not set,0,not set,,,not set,not set,0,not set,BathroomLightCommanded,16.9,72.7,not set,not set,not set,not set,not set,not set,0,not set,3.02,4.47,164,4.45,54,17,46,13,high,normal,on,on,2.84,2.835,2.775,2.865
2018-01-04,22:22,not set,not set,not set,not set,0,not set,,,not set,not set,0,not set,BathroomLightCommanded,16.8,72.6,not set,not set,not set,not set,not set,not set,0,not set,3.02,4.47,164,4.45,54,17,46,13,high,normal,on,on,2.85,2.885,2.81,2.885
2018-01-04,22:23,not set,not set,not set,not set,1,not set,,,not set,not set,0,not set,BathroomLightCommanded,16.8,72.9,not set,not set,not set,not set,not set,not set,0,not set,3.02,4.47,164,4.45,54,17,45,14,high,normal,on,on,3.03,2.97,2.93,2.985
2018-01-04,22:23,not set,not set,not set,not set,0,not set,,,not set,not set,0,not set,BathroomLightCommanded,16.7,73.1,not set,not set,not set,not set,not set,not set,0,not set,3.02,4.47,164,4.45,54,17,45,14,high,normal,on,on,3.085,2.945,3.025,2.915
2018-01-04,22:24,not set,not set,not set,not set,0,not set,,,not set,not set,0,not set,BathroomLightCommanded,16.7,73.3,not set,not set,not set,not set,not set,not set,0,not set,3.02,4.47,164,4.45,54,17,45,13,high,normal,on,on,2.6,2.52,2.62,2.58
2018-01-04,22:24,not set,not set,not set,not set,0,not set,,,not set,not set,0,not set,BathroomLightCommanded,16.6,73.6,not set,not set,not set,not set,not set,not set,0,not set,3.02,4.47,164,4.45,54,17,45,14,high,normal,on,on,2.61,2.575,2.69,2.665
2018-01-04,22:24,not set,not set,not set,not set,0,not set,,,not set,not set,0,not set,BathroomLightCommanded,16.6,73.8,not set,not set,not set,not set,not set,not set,0,not set,3.02,4.47,164,4.45,53,17,45,14,high,normal,on,on,2.735,2.42,2.505,2.615
2018-01-04,22:25,not set,not set,not set,not set,0,not set,,,not set,not set,0,not set,BathroomLightCommanded,16.5,74.0,not set,not set,not set,not set,not set,not set,0,not set,3.02,4.47,164,4.45,53,17,45,13,high,normal,on,on,2.615,2.675,2.755,2.715
2018-01-04,22:25,not set,not set,not set,not set,0,not set,,,not set,not set,0,not set,BathroomLightCommanded,16.5,74.3,not set,not set,not set,not set,not set,not set,0,not set,3.02,4.47,164,4.45,53,17,45,13,high,normal,on,on,2.64,2.595,2.665,2.765
2018-01-04,22:25,not set,not set,not set,not set,0,not set,,,not set,not set,0,not set,BathroomLightCommanded,16.4,74.1,not set,not set,not set,not set,not set,not set,0,not set,3.02,4.47,164,4.45,53,17,45,13,high,normal,on,on,2.685,2.695,2.535,2.565
2018-01-04,22:26,not set,not set,not set,not set,0,not set,,,not set,not set,0,not set,BathroomLightCommanded,16.4,74.2,not set,not set,not set,not set,not set,not set,0,not set,3.02,4.47,164,4.45,53,17,45,13,high,normal,on,on,2.565,2.725,2.73,2.735
2018-01-04,22:26,not set,not set,not set,not set,0,not set,,,not set,not set,0,not set,BathroomLightCommanded,16.4,74.4,not set,not set,not set,not set,not set,not set,0,not set,3.02,4.47,164,4.45,53,17,45,13,high,normal,on,on,2.72,2.8,2.655,2.605
2018-01-04,22:27,not set,not set,not set,not set,0,not set,,,not set,not set,0,not set,BathroomLightCommanded,16.4,74.6,not set,not set,not set,not set,not set,not set,0,not set,3.02,4.47,164,4.45,52,17,45,14,high,normal,on,on,2.505,2.64,2.655,2.71
2018-01-04,22:27,not set,not set,not set,not set,0,not set,,,not set,not set,0,not set,BathroomLightCommanded,16.3,74.6,not set,not set,not set,not set,not set,not set,0,not set,3.02,4.47,164,4.45,52,16,45,13,high,normal,on,on,2.69,2.645,2.595,2.74
2018-01-04,22:27,not set,not set,not set,not set,0,not set,,,not set,not set,0,not set,BathroomLightCommanded,16.3,74.8,not set,not set,not set,not set,not set,not set,0,not set,3.02,4.47,164,4.45,52,17,45,13,high,normal,on,on,2.785,2.71,2.755,2.795
2018-01-04,22:28,not set,not set,not set,not set,0,not set,,,not set,not set,0,not set,BathroomLightCommanded,16.3,74.9,not set,not set,not set,not set,not set,not set,0,not set,3.02,4.47,164,4.45,52,17,44,13,high,normal,on,on,2.6,2.64,2.595,2.755
2018-01-04,22:28,not set,not set,not set,not set,0,not set,,,not set,not set,0,not set,BathroomLightCommanded,16.3,75.1,not set,not set,not set,not set,not set,not set,0,not set,3.02,4.47,164,4.45,53,17,44,13,high,normal,on,on,2.73,2.8,2.735,2.815
2018-01-04,22:29,not set,not set,not set,not set,0,not set,,,not set,not set,0,not set,BathroomLightCommanded,16.3,75.0,not set,not set,not set,not set,not set,not set,0,not set,3.02,4.47,164,4.45,52,17,45,13,high,normal,on,on,2.745,2.605,2.69,2.675
2018-01-04,22:29,not set,not set,not set,not set,0,not set,,,not set,not set,0,not set,BathroomLightCommanded,16.3,75.0,not set,not set,not set,not set,not set,not set,0,not set,3.02,4.47,164,4.45,52,17,45,13,high,normal,on,on,2.785,2.79,2.665,2.62
2018-01-04,22:29,not set,not set,not set,not set,0,not set,,,not set,not set,0,not set,BathroomLightCommanded,16.3,75.0,not set,not set,not set,not set,not set,not set,0,not set,3.02,4.47,164,4.45,52,17,44,13,high,normal,on,on,2.87,2.76,2.84,2.74
2018-01-04,22:30,not set,not set,not set,not set,0,not set,,,not set,not set,0,not set,BathroomLightCommanded,16.3,75.0,not set,not set,not set,not set,not set,not set,0,not set,3.02,4.47,164,4.45,52,17,44,13,high,normal,on,on,2.835,2.75,2.715,2.79
2018-01-04,22:30,not set,not set,not set,not set,0,not set,,,not set,not set,0,not set,BathroomLightCommanded,16.3,74.9,not set,not set,not set,not set,not set,not set,0,not set,3.02,4.47,164,4.45,51,17,45,13,high,normal,on,on,2.615,2.635,2.65,2.71
2018-01-04,22:30,not set,not set,not set,not set,1,not set,,,not set,not set,0,not set,BathroomLightCommanded,16.3,75.0,not set,not set,not set,not set,not set,not set,0,not set,3.02,4.47,164,4.45,51,16,45,13,high,normal,on,on,2.81,2.675,2.58,2.715
2018-01-04,22:31,not set,not set,not set,not set,0,not set,,,not set,not set,0,not set,BathroomLightCommanded,16.2,75.1,not set,not set,not set,not set,not set,not set,0,not set,3.02,4.47,164,4.45,52,16,44,14,high,normal,on,on,2.62,2.68,2.635,2.695
2018-01-04,22:31,not set,not set,not set,not set,0,not set,,,not set,not set,0,not set,BathroomLightCommanded,16.3,75.4,not set,not set,not set,not set,not set,not set,0,not set,3.02,4.47,164,4.45,51,17,44,13,high,normal,on,on,2.725,2.6,2.675,2.64
2018-01-04,22:32,not set,not set,not set,not set,0,not set,,,not set,not set,0,not set,BathroomLightCommanded,16.2,75.3,not set,not set,not set,not set,not set,not set,0,not set,3.02,4.47,164,4.45,51,17,45,13,high,normal,on,on,2.76,2.715,2.705,2.8
2018-01-04,22:32,not set,not set,not set,not set,0,not set,,,not set,not set,0,not set,BathroomLightCommanded,16.2,75.0,not set,not set,not set,not set,not set,not set,0,not set,3.02,4.47,164,4.45,51,17,44,13,high,normal,on,on,2.68,2.655,2.675,2.87
2018-01-04,22:32,not set,not set,not set,not set,0,not set,,,not set,not set,0,not set,BathroomLightCommanded,16.2,75.0,not set,not set,not set,not set,not set,not set,0,not set,3.02,4.47,164,4.45,51,16,44,14,high,normal,on,on,2.62,2.75,2.835,2.83
2018-01-04,22:33,not set,not set,not set,not set,0,not set,,,not set,not set,0,not set,BathroomLightCommanded,16.2,74.8,not set,not set,not set,not set,not set,not set,0,not set,3.02,4.47,164,4.45,51,16,45,13,high,normal,on,on,2.775,2.77,2.86,2.875
2018-01-04,22:33,not set,not set,not set,not set,0,not set,,,not set,not set,0,not set,BathroomLightCommanded,16.2,75.0,not set,not set,not set,not set,not set,not set,0,not set,3.02,4.47,164,4.45,51,16,44,13,high,normal,on,on,2.835,2.81,2.81,2.845
2018-01-04,22:33,not set,not set,not set,not set,0,not set,,,not set,not set,0,not set,BathroomLightCommanded,16.2,75.0,not set,not set,not set,not set,not set,not set,0,not set,3.02,4.47,164,4.45,51,16,44,14,high,normal,on,on,2.82,2.87,2.785,2.84
2018-01-04,22:34,not set,not set,not set,not set,0,not set,,,not set,not set,0,not set,BathroomLightCommanded,16.2,74.9,not set,not set,not set,not set,not set,not set,0,not set,3.02,4.47,164,4.45,51,16,44,13,high,normal,on,on,2.81,2.845,2.825,2.78
2018-01-04,22:34,not set,not set,not set,not set,0,not set,,,not set,not set,0,not set,BathroomLightCommanded,16.2,75.0,not set,not set,not set,not set,not set,not set,0,not set,3.02,4.47,164,4.45,50,16,45,14,high,normal,on,on,2.75,2.52,2.575,2.485
2018-01-04,22:35,not set,not set,not set,not set,0,not set,,,not set,not set,0,not set,BathroomLightCommanded,16.2,75.2,not set,not set,not set,not set,not set,not set,0,not set,3.02,4.47,164,4.45,50,16,44,13,high,normal,on,on,2.675,2.69,2.57,2.765
2018-01-04,22:35,not set,not set,not set,not set,0,not set,,,not set,not set,0,not set,BathroomLightCommanded,16.2,75.1,not set,not set,not set,not set,not set,not set,0,not set,3.02,4.47,164,4.45,50,16,44,13,high,normal,on,on,2.745,2.645,2.655,2.6
2018-01-04,22:35,not set,not set,not set,not set,0,not set,,,not set,not set,0,not set,BathroomLightCommanded,16.2,75.3,not set,not set,not set,not set,not set,not set,0,not set,3.02,4.47,164,4.45,50,16,44,13,high,normal,on,on,2.745,2.73,2.68,2.765
2018-01-04,22:36,not set,not set,not set,not set,0,not set,,,not set,not set,0,not set,BathroomLightCommanded,16.2,75.1,not set,not set,not set,not set,not set,not set,0,not set,3.02,4.47,164,4.45,50,16,44,13,high,normal,on,on,2.7,2.735,2.705,2.63
2018-01-04,22:36,not set,not set,not set,not set,0,not set,,,not set,not set,0,not set,BathroomLightCommanded,16.2,75.0,not set,not set,not set,not set,not set,not set,0,not set,3.02,4.47,164,4.45,50,16,44,14,high,normal,on,on,2.74,2.695,2.725,2.66
2018-01-04,22:36,not set,not set,not set,not set,0,not set,,,not set,not set,0,not set,BathroomLightCommanded,16.2,74.8,not set,not set,not set,not set,not set,not set,0,not set,3.02,4.47,164,4.45,50,16,44,14,high,normal,on,on,2.765,2.8,2.7,2.75
2018-01-04,22:37,not set,not set,not set,not set,1,not set,,,not set,not set,0,not set,BathroomLightCommanded,16.1,74.9,not set,not set,not set,not set,not set,not set,0,not set,3.02,4.47,164,4.45,50,17,44,13,high,normal,on,on,2.77,2.805,2.72,2.73
2018-01-04,22:37,not set,not set,not set,not set,0,not set,,,not set,not set,0,not set,BathroomLightCommanded,16.1,74.8,not set,not set,not set,not set,not set,not set,0,not set,3.02,4.47,164,4.45,50,16,44,14,high,normal,on,on,2.775,2.78,2.765,2.805
2018-01-04,22:38,not set,not set,not set,not set,0,not set,,,not set,not set,0,not set,BathroomLightCommanded,16.1,74.9,not set,not set,not set,not set,not set,not set,0,not set,3.02,4.47,164,4.45,50,16,44,13,high,normal,on,on,2.805,2.83,2.745,2.81
2018-01-04,22:38,not set,not set,not set,not set,1,not set,,,not set,not set,0,not set,BathroomLightCommanded,16.1,74.9,not set,not set,not set,not set,not set,not set,0,not set,3.02,4.47,164,4.45,50,17,43,14,high,normal,on,on,2.75,2.73,2.75,2.785
2018-01-04,22:38,not set,not set,not set,not set,0,not set,,,not set,not set,0,not set,BathroomLightCommanded,16.1,74.8,not set,not set,not set,not set,not set,not set,0,not set,3.02,4.47,164,4.45,50,16,43,13,high,normal,on,on,2.815,2.715,2.795,2.775
2018-01-04,22:39,not set,not set,not set,not set,0,not set,,,not set,not set,0,not set,BathroomLightCommanded,16.1,75.0,not set,not set,not set,not set,not set,not set,0,not set,3.02,4.47,164,4.45,50,16,44,13,high,normal,on,on,2.83,2.86,2.835,2.655
2018-01-04,22:39,not set,not set,not set,not set,0,not set,,,not set,not set,0,not set,BathroomLightCommanded,16.1,75.0,not set,not set,not set,not set,not set,not set,0,not set,3.02,4.47,164,4.45,50,16,43,13,high,normal,on,on,2.75,2.87,2.8,2.8
2018-01-04,22:40,not set,not set,not set,not set,0,not set,,,not set,not set,0,not set,BathroomLightCommanded,16.1,74.9,not set,not set,not set,not set,not set,not set,0,not set,3.02,4.47,164,4.45,50,16,43,13,high,normal,on,on,2.865,2.88,2.865,2.925
2018-01-04,22:40,not set,not set,not set,not set,0,not set,,,not set,not set,0,not set,BathroomLightCommanded,16.1,74.8,not set,not set,not set,not set,not set,not set,0,not set,3.02,4.47,164,4.45,50,16,43,13,high,normal,on,on,2.72,2.625,2.65,2.655
2018-01-04,22:40,not set,not set,not set,not set,0,not set,,,not set,not set,0,not set,BathroomLightCommanded,16.1,74.7,not set,not set,not set,not set,not set,not set,0,not set,3.02,4.47,164,4.45,49,16,43,13,high,normal,on,on,2.625,2.635,2.635,2.785
2018-01-04,22:41,not set,not set,not set,not set,1,not set,,,not set,not set,0,not set,BathroomLightCommanded,16.1,74.7,not set,not set,not set,not set,not set,not set,0,not set,3.02,4.47,164,4.45,50,16,43,13,high,normal,on,on,2.64,2.63,2.705,2.575
2018-01-04,22:41,not set,not set,not set,not set,0,not set,,,not set,not set,0,not set,BathroomLightCommanded,16.1,74.7,not set,not set,not set,not set,not set,not set,0,not set,3.02,4.47,164,4.45,49,16,43,13,high,normal,on,on,2.67,2.655,2.63,2.58
2018-01-04,22:41,not set,not set,not set,not set,0,not set,,,not set,not set,0,not set,BathroomLightCommanded,16.1,74.8,not set,not set,not set,not set,not set,not set,0,not set,3.02,4.47,164,4.45,51,16,43,13,high,normal,on,on,2.68,2.78,2.875,2.785
2018-01-04,22:42,not set,not set,not set,not set,0,not set,,,not set,not set,0,not set,BathroomLightCommanded,16.1,74.7,not set,not set,not set,not set,not set,not set,0,not set,3.02,4.47,164,4.45,49,16,43,13,high,normal,on,on,2.71,2.585,2.675,2.585
2018-01-04,22:42,not set,not set,not set,not set,0,not set,,,not set,not set,0,not set,BathroomLightCommanded,16.1,74.7,not set,not set,not set,not set,not set,not set,0,not set,3.02,4.47,164,4.45,50,16,43,13,high,normal,on,on,2.54,2.815,2.84,2.7
2018-01-04,22:43,not set,not set,not set,not set,0,not set,,,not set,not set,0,not set,BathroomLightCommanded,16.1,74.7,not set,not set,not set,not set,not set,not set,0,not set,3.02,4.47,164,4.45,50,16,44,13,high,normal,on,on,2.78,2.75,2.82,2.825
2018-01-04,22:43,not set,not set,not set,not set,0,not set,,,not set,not set,0,not set,BathroomLightCommanded,16.1,74.6,not set,not set,not set,not set,not set,not set,0,not set,3.02,4.47,164,4.45,50,16,43,13,high,normal,on,on,2.71,2.675,2.795,2.79
2018-01-04,22:43,not set,not set,not set,not set,0,not set,,,not set,not set,0,not set,BathroomLightCommanded,16.1,74.7,not set,not set,not set,not set,not set,not set,0,not set,3.02,4.47,164,4.45,49,16,43,13,high,normal,on,on,2.9,2.68,2.695,2.86
2018-01-04,22:44,not set,not set,not set,not set,1,not set,,,not set,not set,0,not set,BathroomLightCommanded,16.1,74.6,not set,not set,not set,not set,not set,not set,0,not set,3.02,4.47,164,4.45,49,16,43,14,high,normal,on,on,2.72,2.73,2.74,2.695
2018-01-04,22:44,not set,not set,not set,not set,0,not set,,,not set,not set,0,not set,BathroomLightCommanded,16.1,74.7,not set,not set,not set,not set,not set,not set,0,not set,3.02,4.47,164,4.45,49,16,43,14,high,normal,on,on,2.675,2.71,2.71,2.705
2018-01-04,22:44,not set,not set,not set,not set,0,not set,,,not set,not set,0,not set,BathroomLightCommanded,16.1,74.6,not set,not set,not set,not set,not set,not set,0,not set,3.02,4.47,164,4.45,49,16,43,13,high,normal,on,on,2.835,2.835,2.8,2.65
2018-01-04,22:45,not set,not set,not set,not set,0,not set,,,not set,not set,0,not set,BathroomLightCommanded,16.1,74.6,not set,not set,not set,not set,not set,not set,0,not set,3.02,4.47,164,4.45,49,16,43,13,high,normal,on,on,2.885,2.84,2.675,2.765
2018-01-04,22:45,not set,not set,not set,not set,0,not set,,,not set,not set,0,not set,BathroomLightCommanded,16.1,74.6,not set,not set,not set,not set,not set,not set,0,not set,3.02,4.47,164,4.45,49,16,43,13,high,normal,on,on,2.705,2.745,2.71,2.745
2018-01-04,22:46,not set,not set,not set,not set,0,not set,,,not set,not set,0,not set,BathroomLightCommanded,16.1,74.7,not set,not set,not set,not set,not set,not set,0,not set,3.02,4.47,164,4.45,49,16,43,13,high,normal,on,on,2.845,2.7,2.71,2.76
2018-01-04,22:46,not set,not set,not set,not set,0,not set,,,not set,not set,0,not set,BathroomLightCommanded,16.1,74.6,not set,not set,not set,not set,not set,not set,0,not set,3.02,4.47,164,4.45,49,16,43,13,high,normal,on,on,2.735,2.735,2.73,2.71
2018-01-04,22:46,not set,not set,not set,not set,0,not set,,,not set,not set,0,not set,BathroomLightCommanded,16.1,74.6,not set,not set,not set,not set,not set,not set,0,not set,3.02,4.47,164,4.45,50,17,43,14,high,normal,on,on,2.735,2.8,2.735,2.75
2018-01-04,22:47,not set,not set,not set,not set,0,not set,,,not set,not set,0,not set,BathroomLightCommanded,16.1,74.6,not set,not set,not set,not set,not set,not set,0,not set,3.02,4.47,164,4.45,49,16,43,14,high,normal,on,on,2.7,2.685,2.73,2.535
2018-01-04,22:47,not set,not set,not set,not set,0,not set,,,not set,not set,0,not set,BathroomLightCommanded,16.1,74.5,not set,not set,not set,not set,not set,not set,0,not set,3.02,4.47,164,4.45,49,16,43,13,high,normal,on,on,2.765,2.765,2.73,2.68
2018-01-04,22:48,not set,not set,not set,not set,1,not set,,,not set,not set,0,not set,BathroomLightCommanded,16.1,74.5,not set,not set,not set,not set,not set,not set,0,not set,3.02,4.47,164,4.45,49,16,43,13,high,normal,on,on,2.605,2.65,2.66,2.865
2018-01-04,22:48,not set,not set,not set,not set,0,not set,,,not set,not set,0,not set,BathroomLightCommanded,16.1,74.4,not set,not set,not set,not set,not set,not set,0,not set,3.02,4.47,164,4.45,49,16,43,13,high,normal,on,on,2.61,2.725,2.68,2.755
2018-01-04,22:48,not set,not set,not set,not set,0,not set,,,not set,not set,0,not set,BathroomLightCommanded,16.1,74.3,not set,not set,not set,not set,not set,not set,0,not set,3.02,4.47,164,4.45,49,16,43,13,high,normal,on,on,2.665,2.69,2.715,2.715
2018-01-04,22:49,not set,not set,not set,not set,0,not set,,,not set,not set,0,not set,BathroomLightCommanded,16.1,74.4,not set,not set,not set,not set,not set,not set,0,not set,3.02,4.47,164,4.45,49,16,43,14,high,normal,on,on,2.615,2.585,2.66,2.585
2018-01-04,22:49,not set,not set,not set,not set,0,not set,,,not set,not set,0,not set,BathroomLightCommanded,16.1,74.5,not set,not set,not set,not set,not set,not set,0,not set,3.02,4.47,164,4.45,49,16,43,13,high,normal,on,on,2.67,2.775,2.765,2.73
2018-01-04,22:49,not set,not set,not set,not set,0,not set,,,not set,not set,0,not set,BathroomLightCommanded,16.0,74.3,not set,not set,not set,not set,not set,not set,0,not set,3.02,4.47,164,4.45,49,16,43,14,high,normal,on,on,2.805,2.775,2.685,2.85
2018-01-04,22:50,not set,not set,not set,not set,0,not set,,,not set,not set,0,not set,BathroomLightCommanded,16.1,74.5,not set,not set,not set,not set,not set,not set,0,not set,3.02,4.47,164,4.45,49,16,43,14,high,normal,on,on,2.275,2.685,2.63,2.755
2018-01-04,22:50,not set,not set,not set,not set,0,not set,,,not set,not set,0,not set,BathroomLightCommanded,16.0,74.3,not set,not set,not set,not set,not set,not set,0,not set,3.02,4.47,164,4.45,49,16,43,13,high,normal,on,on,2.72,2.68,2.595,2.81
2018-01-04,22:51,not set,not set,not set,not set,0,not set,,,not set,not set,0,not set,BathroomLightCommanded,16.0,74.3,not set,not set,not set,not set,not set,not set,0,not set,3.02,4.47,164,4.45,49,16,43,13,high,normal,on,on,2.88,2.75,2.735,2.735
2018-01-04,22:51,not set,not set,not set,not set,0,not set,,,not set,not set,0,not set,BathroomLightCommanded,16.0,74.4,not set,not set,not set,not set,not set,not set,0,not set,3.02,4.47,164,4.45,49,16,43,13,high,normal,on,on,2.815,2.815,2.795,2.695
2018-01-04,22:51,not set,not set,not set,not set,0,not set,,,not set,not set,0,not set,BathroomLightCommanded,16.0,74.3,not set,not set,not set,not set,not set,not set,0,not set,3.02,4.47,164,4.45,50,16,42,13,high,normal,on,on,2.63,2.72,2.75,2.665
2018-01-04,22:52,not set,not set,not set,not set,0,not set,,,not set,not set,0,not set,BathroomLightCommanded,16.0,74.3,not set,not set,not set,not set,not set,not set,0,not set,3.02,4.47,164,4.45,49,16,42,14,high,normal,on,on,2.73,2.71,2.795,2.82
2018-01-04,22:52,not set,not set,not set,not set,0,not set,,,not set,not set,0,not set,BathroomLightCommanded,16.0,74.3,not set,not set,not set,not set,not set,not set,0,not set,3.02,4.47,164,4.45,49,16,42,13,high,normal,on,on,2.715,2.72,2.805,2.765
2018-01-04,22:52,not set,not set,not set,not set,0,not set,,,not set,not set,0,not set,BathroomLightCommanded,16.0,74.2,not set,not set,not set,not set,not set,not set,0,not set,3.02,4.47,164,4.45,49,16,42,13,high,normal,on,on,2.82,2.77,2.84,2.79
2018-01-04,22:53,not set,not set,not set,not set,0,not set,,,not set,not set,0,not set,BathroomLightCommanded,16.0,74.2,not set,not set,not set,not set,not set,not set,0,not set,3.02,4.47,164,4.45,49,16,43,13,high,normal,on,on,2.8,2.775,2.765,2.765
2018-01-04,22:53,not set,not set,not set,not set,0,not set,,,not set,not set,0,not set,BathroomLightCommanded,16.0,74.2,not set,not set,not set,not set,not set,not set,0,not set,3.02,4.47,164,4.45,49,16,42,14,high,normal,on,on,2.74,2.765,2.675,2.815
2018-01-04,22:54,not set,not set,not set,not set,0,not set,,,not set,not set,0,not set,BathroomLightCommanded,16.0,74.3,not set,not set,not set,not set,not set,not set,0,not set,3.02,4.47,164,4.45,49,16,42,13,high,normal,on,on,2.755,2.705,2.8,2.49
2018-01-04,22:54,not set,not set,not set,not set,1,not set,,,not set,not set,0,not set,BathroomLightCommanded,16.0,74.3,not set,not set,not set,not set,not set,not set,0,not set,3.02,4.47,164,4.45,49,16,42,14,high,normal,on,on,2.73,2.775,2.69,2.73
2018-01-04,22:54,not set,not set,not set,not set,0,not set,,,not set,not set,0,not set,BathroomLightCommanded,16.0,74.1,not set,not set,not set,not set,not set,not set,0,not set,3.02,4.47,164,4.45,49,16,43,13,high,normal,on,on,2.61,2.755,2.67,2.625
2018-01-04,22:55,not set,not set,not set,not set,0,not set,,,not set,not set,0,not set,BathroomLightCommanded,16.0,74.1,not set,not set,not set,not set,not set,not set,0,not set,3.02,4.47,164,4.45,48,16,42,13,high,normal,on,on,2.625,2.67,2.65,2.715
2018-01-04,22:55,not set,not set,not set,not set,0,not set,,,not set,not set,0,not set,BathroomLightCommanded,16.0,74.1,not set,not set,not set,not set,not set,not set,0,not set,3.02,4.47,164,4.45,49,16,42,13,high,normal,on,on,2.685,2.695,2.65,2.595
2018-01-04,22:55,not set,not set,not set,not set,0,not set,,,not set,not set,0,not set,BathroomLightCommanded,16.0,74.1,not set,not set,not set,not set,not set,not set,0,not set,3.02,4.47,164,4.45,49,16,42,14,high,normal,on,on,2.76,2.775,2.655,2.86
2018-01-04,22:56,not set,not set,not set,not set,0,not set,,,not set,not set,0,not set,BathroomLightCommanded,16.0,74.1,not set,not set,not set,not set,not set,not set,0,not set,3.02,4.47,164,4.45,49,16,42,13,high,normal,on,on,2.665,2.605,2.575,2.66
2018-01-04,22:56,not set,not set,not set,not set,0,not set,,,not set,not set,0,not set,BathroomLightCommanded,16.0,74.2,not set,not set,not set,not set,not set,not set,0,not set,3.02,4.47,164,4.45,49,16,42,13,high,normal,on,on,2.59,2.505,2.645,2.78
2018-01-04,22:57,not set,not set,not set,not set,0,not set,,,not set,not set,0,not set,BathroomLightCommanded,16.0,74.1,not set,not set,not set,not set,not set,not set,0,not set,3.02,4.47,164,4.45,48,16,42,13,high,normal,on,on,2.595,2.555,2.615,2.575
2018-01-04,22:57,not set,not set,not set,not set,0,not set,,,not set,not set,0,not set,BathroomLightCommanded,16.0,74.0,not set,not set,not set,not set,not set,not set,0,not set,3.02,4.47,164,4.45,49,16,42,14,high,normal,on,on,2.64,2.595,2.615,2.67
2018-01-04,22:57,not set,not set,not set,not set,0,not set,,,not set,not set,0,not set,BathroomLightCommanded,16.0,74.0,not set,not set,not set,not set,not set,not set,0,not set,3.02,4.47,164,4.45,49,16,42,13,high,normal,on,on,2.64,2.645,2.615,2.725
2018-01-04,22:58,not set,not set,not set,not set,0,not set,,,not set,not set,0,not set,BathroomLightCommanded,16.0,74.1,not set,not set,not set,not set,not set,not set,0,not set,3.02,4.47,164,4.45,48,16,42,13,high,normal,on,on,2.54,2.565,2.52,2.48
2018-01-04,22:58,not set,not set,not set,not set,0,not set,,,not set,not set,0,not set,BathroomLightCommanded,16.0,74.1,not set,not set,not set,not set,not set,not set,0,not set,3.02,4.47,164,4.45,48,16,42,14,high,normal,on,on,2.685,2.665,2.635,2.745
2018-01-04,22:59,not set,not set,not set,not set,0,not set,,,not set,not set,0,not set,BathroomLightCommanded,16.0,74.1,not set,not set,not set,not set,not set,not set,0,not set,3.02,4.47,164,4.45,48,16,42,13,high,normal,on,on,2.715,2.685,2.695,2.685
2018-01-04,22:59,not set,not set,not set,not set,0,not set,,,not set,not set,0,not set,BathroomLightCommanded,16.0,74.0,not set,not set,not set,not set,not set,not set,0,not set,3.02,4.47,164,4.45,48,16,42,14,high,normal,on,on,2.66,2.485,2.6,2.58
2018-01-04,22:59,not set,not set,not set,not set,0,not set,,,not set,not set,0,not set,BathroomLightCommanded,16.0,74.0,not set,not set,not set,not set,not set,not set,0,not set,3.02,4.47,164,4.45,48,16,42,13,high,normal,on,on,2.79,2.725,2.71,2.76
2018-01-04,23:00,not set,not set,not set,not set,0,not set,,,not set,not set,0,not set,BathroomLightCommanded,16.0,74.1,not set,not set,not set,not set,not set,not set,0,not set,3.02,4.47,164,4.45,48,16,42,13,high,normal,on,on,2.625,2.655,2.63,2.71
2018-01-04,23:00,not set,not set,not set,not set,0,not set,,,not set,not set,0,not set,BathroomLightCommanded,16.0,74.0,not set,not set,not set,not set,not set,not set,0,not set,3.02,4.47,164,4.45,48,16,42,13,high,normal,on,on,2.735,2.645,2.71,2.625
2018-01-04,23:00,not set,not set,not set,not set,0,not set,,,not set,not set,0,not set,BathroomLightCommanded,16.0,74.0,not set,not set,not set,not set,not set,not set,0,not set,3.02,4.47,164,4.45,48,16,42,13,high,normal,on,on,2.765,2.73,2.685,2.86
2018-01-04,23:01,not set,not set,not set,not set,0,not set,,,not set,not set,0,not set,BathroomLightCommanded,16.0,73.9,not set,not set,not set,not set,not set,not set,0,not set,3.02,4.47,164,4.45,48,16,42,13,high,normal,on,on,2.45,2.64,2.635,2.74
2018-01-04,23:01,not set,not set,not set,not set,0,not set,,,not set,not set,0,not set,BathroomLightCommanded,16.0,74.0,not set,not set,not set,not set,not set,not set,0,not set,3.02,4.47,164,4.45,48,16,42,13,high,normal,on,on,2.47,2.765,2.715,2.69
2018-01-04,23:02,not set,not set,not set,not set,0,not set,,,not set,not set,0,not set,BathroomLightCommanded,16.0,74.0,not set,not set,not set,not set,not set,not set,0,not set,3.02,4.47,164,4.45,49,16,43,13,high,normal,on,on,2.59,2.645,2.625,2.77
2018-01-04,23:02,not set,not set,not set,not set,0,not set,,,not set,not set,0,not set,BathroomLightCommanded,16.0,74.1,not set,not set,not set,not set,not set,not set,0,not set,3.02,4.47,164,4.45,48,16,42,13,high,normal,on,on,2.75,2.515,2.735,2.73
2018-01-04,23:02,not set,not set,not set,not set,0,not set,,,not set,not set,0,not set,BathroomLightCommanded,16.0,74.1,not set,not set,not set,not set,not set,not set,0,not set,3.02,4.47,164,4.45,48,16,42,13,high,normal,on,on,2.765,2.675,2.73,2.735
2018-01-04,23:03,not set,not set,not set,not set,0,not set,,,not set,not set,0,not set,BathroomLightCommanded,16.0,74.0,not set,not set,not set,not set,not set,not set,0,not set,3.02,4.47,164,4.45,48,16,42,14,high,normal,on,on,2.74,2.61,2.77,2.7
2018-01-04,23:03,not set,not set,not set,not set,0,not set,,,not set,not set,0,not set,BathroomLightCommanded,16.0,74.0,not set,not set,not set,not set,not set,not set,0,not set,3.02,4.47,164,4.45,48,16,42,13,high,normal,on,on,2.69,2.64,2.63,2.62
2018-01-04,23:03,not set,not set,not set,not set,1,not set,,,not set,not set,0,not set,BathroomLightCommanded,16.0,74.0,not set,not set,not set,not set,not set,not set,0,not set,3.02,4.47,164,4.45,48,16,42,13,high,normal,on,on,2.61,2.56,2.68,2.855
2018-01-04,23:04,not set,not set,not set,not set,0,not set,,,not set,not set,0,not set,BathroomLightCommanded,16.0,74.0,not set,not set,not set,not set,not set,not set,0,not set,3.02,4.47,164,4.45,48,16,42,13,high,normal,on,on,2.685,2.67,2.66,2.9
2018-01-04,23:04,not set,not set,not set,not set,0,not set,,,not set,not set,0,not set,BathroomLightCommanded,15.9,74.0,not set,not set,not set,not set,not set,not set,0,not set,3.02,4.47,164,4.45,48,16,42,13,high,normal,on,on,2.645,2.655,2.68,2.64
2018-01-04,23:05,not set,not set,not set,not set,1,not set,,,not set,not set,0,not set,BathroomLightCommanded,16.0,73.9,not set,not set,not set,not set,not set,not set,0,not set,3.02,4.47,164,4.45,48,16,42,13,high,normal,on,on,2.82,2.675,2.615,2.74
2018-01-04,23:05,not set,not set,not set,not set,0,not set,,,not set,not set,0,not set,BathroomLightCommanded,16.0,73.9,not set,not set,not set,not set,not set,not set,0,not set,3.02,4.47,164,4.45,48,16,42,13,high,normal,on,on,2.745,2.805,2.71,2.84
2018-01-04,23:05,not set,not set,not set,not set,0,not set,,,not set,not set,0,not set,BathroomLightCommanded,15.9,73.9,not set,not set,not set,not set,not set,not set,0,not set,3.02,4.47,164,4.45,48,16,42,13,high,normal,on,on,2.715,2.645,2.66,2.62
2018-01-04,23:06,not set,not set,not set,not set,0,not set,,,not set,not set,0,not set,BathroomLightCommanded,15.9,73.9,not set,not set,not set,not set,not set,not set,0,not set,3.02,4.47,164,4.45,49,16,42,13,high,normal,on,on,2.745,2.805,2.73,2.635
2018-01-04,23:06,not set,not set,not set,not set,0,not set,,,not set,not set,0,not set,BathroomLightCommanded,16.0,73.9,not set,not set,not set,not set,not set,not set,0,not set,3.02,4.47,164,4.45,48,16,42,13,high,normal,on,on,2.68,2.755,2.72,2.77
2018-01-04,23:07,not set,not set,not set,not set,0,not set,,,not set,not set,0,not set,BathroomLightCommanded,16.0,73.9,not set,not set,not set,not set,not set,not set,0,not set,3.02,4.47,164,4.45,48,16,42,13,high,normal,on,on,2.71,2.69,2.665,2.73
2018-01-04,23:07,not set,not set,not set,not set,0,not set,,,not set,not set,0,not set,BathroomLightCommanded,15.9,73.9,not set,not set,not set,not set,not set,not set,0,not set,3.02,4.47,164,4.45,48,16,42,14,high,normal,on,on,2.725,2.77,2.665,2.605
2018-01-04,23:07,not set,not set,not set,not set,0,not set,,,not set,not set,0,not set,BathroomLightCommanded,15.9,73.8,not set,not set,not set,not set,not set,not set,0,not set,3.02,4.47,164,4.45,48,17,42,13,high,normal,on,on,2.74,2.77,2.75,2.68
2018-01-04,23:08,not set,not set,not set,not set,0,not set,,,not set,not set,0,not set,BathroomLightCommanded,15.9,73.8,not set,not set,not set,not set,not set,not set,0,not set,3.02,4.47,164,4.45,48,16,42,13,high,normal,on,on,2.77,2.755,2.79,2.655
2018-01-04,23:08,not set,not set,not set,not set,0,not set,,,not set,not set,0,not set,BathroomLightCommanded,15.9,73.8,not set,not set,not set,not set,not set,not set,0,not set,3.02,4.47,164,4.45,49,16,42,13,high,normal,on,on,2.785,2.795,2.61,2.73
2018-01-04,23:08,not set,not set,not set,not set,0,not set,,,not set,not set,0,not set,BathroomLightCommanded,15.9,73.8,not set,not set,not set,not set,not set,not set,0,not set,3.02,4.47,164,4.45,48,16,41,13,high,normal,on,on,2.73,2.74,2.73,2.655
2018-01-04,23:09,not set,not set,not set,not set,0,not set,,,not set,not set,0,not set,BathroomLightCommanded,15.9,73.8,not set,not set,not set,not set,not set,not set,0,not set,3.02,4.47,164,4.45,48,16,41,14,high,normal,on,on,2.705,2.765,2.78,2.695
2018-01-04,23:09,not set,not set,not set,not set,0,not set,,,not set,not set,0,not set,BathroomLightCommanded,15.9,73.8,not set,not set,not set,not set,not set,not set,0,not set,3.02,4.47,164,4.45,48,16,42,13,high,normal,on,on,2.66,2.685,2.67,2.575
2018-01-04,23:10,not set,not set,not set,not set,0,not set,,,not set,not set,0,not set,BathroomLightCommanded,15.9,73.7,not set,not set,not set,not set,not set,not set,0,not set,3.02,4.47,164,4.45,48,16,41,13,high,normal,on,on,2.705,2.55,3.745,3.585
2018-01-04,23:10,not set,not set,not set,not set,0,not set,,,not set,not set,0,not set,BathroomLightCommanded,15.9,73.8,not set,not set,not set,not set,not set,not set,0,not set,3.02,4.47,164,4.45,48,16,42,14,high,normal,on,on,3.125,3.17,3.2,3.305
2018-01-04,23:10,not set,not set,not set,not set,1,not set,,,not set,not set,0,not set,BathroomLightCommanded,15.9,73.8,not set,not set,not set,not set,not set,not set,0,not set,3.02,4.47,164,4.45,48,16,41,13,high,normal,on,on,3.385,3.19,3.335,3.16
2018-01-04,23:11,not set,not set,not set,not set,0,not set,,,not set,not set,0,not set,BathroomLightCommanded,15.9,73.9,not set,not set,not set,not set,not set,not set,0,not set,3.02,4.47,164,4.45,48,16,42,13,high,normal,on,on,3.845,3.84,3.71,3.95
2018-01-04,23:11,not set,not set,not set,not set,0,not set,,,not set,not set,0,not set,BathroomLightCommanded,15.9,73.8,not set,not set,not set,not set,not set,not set,0,not set,3.02,4.47,164,4.45,48,16,41,13,high,normal,on,on,3.785,3.82,3.985,3.7
2018-01-04,23:11,not set,not set,not set,not set,0,not set,,,not set,not set,0,not set,BathroomLightCommanded,15.9,73.7,not set,not set,not set,not set,not set,not set,0,not set,3.02,4.47,164,4.45,48,16,41,14,high,normal,on,on,3.805,3.725,3.745,3.855
2018-01-04,23:12,not set,not set,not set,not set,0,not set,,,not set,not set,0,not set,BathroomLightCommanded,15.9,73.7,not set,not set,not set,not set,not set,not set,0,not set,3.02,4.47,164,4.45,48,16,42,14,high,normal,on,on,3.765,3.84,3.87,3.74
2018-01-04,23:12,not set,not set,not set,not set,0,not set,,,not set,not set,0,not set,BathroomLightCommanded,15.9,73.6,not set,not set,not set,not set,not set,not set,0,not set,3.02,4.47,164,4.45,48,16,42,13,high,normal,on,on,3.73,3.905,3.82,3.775
2018-01-04,23:13,not set,not set,not set,not set,0,not set,,,not set,not set,0,not set,BathroomLightCommanded,15.9,73.6,not set,not set,not set,not set,not set,not set,0,not set,3.02,4.47,164,4.45,48,16,42,13,high,normal,on,on,3.735,3.72,3.62,3.97
2018-01-04,23:13,not set,not set,not set,not set,0,not set,,,not set,not set,0,not set,BathroomLightCommanded,15.9,73.7,not set,not set,not set,not set,not set,not set,0,not set,3.02,4.47,164,4.45,48,16,41,13,high,normal,on,on,3.605,3.565,3.605,3.61
2018-01-04,23:13,not set,not set,not set,not set,0,not set,,,not set,not set,0,not set,BathroomLightCommanded,15.9,73.7,not set,not set,not set,not set,not set,not set,0,not set,3.02,4.47,164,4.45,48,16,41,13,high,normal,on,on,3.745,3.655,3.66,3.81
2018-01-04,23:14,not set,not set,not set,not set,0,not set,,,not set,not set,0,not set,BathroomLightCommanded,15.9,73.7,not set,not set,not set,not set,not set,not set,0,not set,3.02,4.47,164,4.45,48,16,41,14,high,normal,on,on,3.725,3.71,3.805,3.865
2018-01-04,23:14,not set,not set,not set,not set,0,not set,,,not set,not set,0,not set,BathroomLightCommanded,15.9,73.7,not set,not set,not set,not set,not set,not set,0,not set,3.02,4.47,164,4.45,48,16,41,13,high,normal,on,on,3.64,3.76,3.73,3.725
2018-01-04,23:14,not set,not set,not set,not set,0,not set,,,not set,not set,0,not set,BathroomLightCommanded,15.9,73.7,not set,not set,not set,not set,not set,not set,0,not set,3.02,4.47,164,4.45,48,16,41,13,high,normal,on,on,2.94,2.945,2.85,3.275
2018-01-04,23:15,not set,not set,not set,not set,0,not set,,,not set,not set,0,not set,BathroomLightCommanded,15.9,73.6,not set,not set,not set,not set,not set,not set,0,not set,3.02,4.47,164,4.45,47,17,41,13,high,normal,on,on,2.735,2.71,2.79,2.735
2018-01-04,23:15,not set,not set,not set,not set,0,not set,,,not set,not set,0,not set,BathroomLightCommanded,15.9,73.7,not set,not set,not set,not set,not set,not set,0,not set,3.02,4.47,164,4.45,48,16,41,13,high,normal,on,on,2.975,3.005,2.95,2.92
2018-01-04,23:16,not set,not set,not set,not set,0,not set,,,not set,not set,0,not set,BathroomLightCommanded,15.9,73.7,not set,not set,not set,not set,not set,not set,0,not set,3.02,4.47,164,4.45,48,16,41,13,high,normal,on,on,2.71,2.71,2.8,2.7
2018-01-04,23:16,not set,not set,not set,not set,0,not set,,,not set,not set,0,not set,BathroomLightCommanded,15.9,73.6,not set,not set,not set,not set,not set,not set,0,not set,3.02,4.47,164,4.45,48,17,41,13,high,normal,on,on,2.83,2.79,2.745,2.75
2018-01-04,23:16,not set,not set,not set,not set,0,not set,,,not set,not set,0,not set,BathroomLightCommanded,15.9,73.5,not set,not set,not set,not set,not set,not set,0,not set,3.02,4.47,164,4.45,47,16,41,13,high,normal,on,on,2.715,2.7,2.79,2.825
2018-01-04,23:17,not set,not set,not set,not set,0,not set,,,not set,not set,0,not set,BathroomLightCommanded,15.9,73.7,not set,not set,not set,not set,not set,not set,0,not set,3.02,4.47,164,4.45,48,16,41,13,high,normal,on,on,2.81,2.71,2.82,2.745
2018-01-04,23:17,not set,not set,not set,not set,1,not set,,,not set,not set,0,not set,BathroomLightCommanded,15.9,73.7,not set,not set,not set,not set,not set,not set,0,not set,3.02,4.47,164,4.45,47,16,41,14,high,normal,on,on,2.81,2.8,2.73,2.775
2018-01-04,23:18,not set,not set,not set,not set,0,not set,,,not set,not set,0,not set,BathroomLightCommanded,15.9,73.6,not set,not set,not set,not set,not set,not set,0,not set,3.02,4.47,164,4.45,48,16,41,13,high,normal,on,on,3.43,3.445,3.56,3.395
2018-01-04,23:18,not set,not set,not set,not set,0,not set,,,not set,not set,0,not set,BathroomLightCommanded,15.9,73.6,not set,not set,not set,not set,not set,not set,0,not set,3.02,4.47,164,4.45,48,16,41,13,high,normal,on,on,3.45,3.385,3.385,3.53
2018-01-04,23:18,not set,not set,not set,not set,1,not set,,,not set,not set,0,not set,BathroomLightCommanded,15.9,73.6,not set,not set,not set,not set,not set,not set,0,not set,3.02,4.47,164,4.45,48,16,41,13,high,normal,on,on,3.435,3.57,3.43,3.365
2018-01-04,23:19,not set,not set,not set,not set,3,not set,,,not set,not set,0,not set,BathroomLightCommanded,15.9,73.7,not set,not set,not set,not set,not set,not set,0,not set,3.02,4.47,164,4.45,48,16,41,13,high,normal,on,on,3.42,3.42,3.5,3.525
2018-01-04,23:19,not set,not set,not set,not set,2,not set,,,not set,not set,0,not set,BathroomLightCommanded,15.9,73.5,not set,not set,not set,not set,not set,not set,0,not set,3.02,4.47,164,4.45,47,16,41,13,high,normal,on,on,3.485,3.445,3.395,3.405
2018-01-04,23:19,not set,not set,not set,not set,2,not set,,,not set,not set,0,not set,BathroomLightCommanded,15.9,72.8,not set,not set,not set,not set,not set,not set,0,not set,3.02,4.47,164,4.45,48,16,41,13,high,normal,on,on,3.42,3.375,3.51,3.405
2018-01-04,23:20,not set,not set,not set,not set,5,not set,,,not set,not set,0,not set,BathroomLightCommanded,15.9,72.9,not set,not set,not set,not set,not set,not set,0,not set,3.02,4.47,164,4.45,48,16,41,14,high,normal,on,on,3.38,3.425,3.415,3.405
2018-01-04,23:20,not set,not set,not set,not set,5,not set,,,not set,not set,0,not set,BathroomLightCommanded,15.9,73.0,not set,not set,not set,not set,not set,not set,0,not set,3.02,4.47,164,4.45,48,16,41,13,high,normal,on,on,3.36,3.38,3.505,3.38
2018-01-04,23:21,not set,not set,not set,not set,4,not set,,,not set,not set,0,not set,BathroomLightCommanded,15.9,72.9,not set,not set,not set,not set,not set,not set,0,not set,3.02,4.47,164,4.45,48,16,41,13,high,normal,on,on,3.475,3.385,3.335,3.525
2018-01-04,23:21,not set,not set,not set,not set,4,not set,,,not set,not set,0,not set,BathroomLightCommanded,15.9,73.1,not set,not set,not set,not set,not set,not set,0,not set,3.02,4.47,164,4.45,48,16,41,13,high,normal,on,on,3.425,3.53,3.45,3.385
2018-01-04,23:21,not set,not set,not set,not set,7,not set,,,not set,not set,0,not set,BathroomLightCommanded,15.9,73.5,not set,not set,not set,not set,not set,not set,0,not set,3.02,4.47,164,4.45,48,16,41,13,high,normal,on,on,3.45,3.395,3.375,3.5
2018-01-04,23:22,not set,not set,not set,not set,4,not set,,,not set,not set,0,not set,BathroomLightCommanded,15.9,73.5,not set,not set,not set,not set,not set,not set,0,not set,3.02,4.47,164,4.45,48,16,41,14,high,normal,on,on,3.415,3.53,3.48,3.39
2018-01-04,23:22,not set,not set,not set,not set,1,not set,,,not set,not set,0,not set,BathroomLightCommanded,15.9,73.5,not set,not set,not set,not set,not set,not set,0,not set,3.02,4.47,164,4.45,47,16,42,13,high,normal,on,on,3.405,3.44,3.44,3.415
2018-01-04,23:22,not set,not set,not set,not set,4,not set,,,not set,not set,0,not set,BathroomLightCommanded,15.9,73.5,not set,not set,not set,not set,not set,not set,0,not set,3.02,4.47,164,4.45,48,16,41,14,high,normal,on,on,3.41,3.475,3.365,3.465
2018-01-04,23:23,not set,not set,not set,not set,6,not set,,,not set,not set,0,not set,BathroomLightCommanded,15.9,73.5,not set,not set,not set,not set,not set,not set,0,not set,3.02,4.47,164,4.45,48,16,41,13,high,normal,on,on,3.37,3.41,3.525,3.44
2018-01-04,23:23,not set,not set,not set,not set,5,not set,,,not set,not set,0,not set,BathroomLightCommanded,15.9,73.5,not set,not set,not set,not set,not set,not set,0,not set,3.02,4.47,164,4.45,47,17,41,13,high,normal,on,on,3.49,3.385,3.43,3.495
2018-01-04,23:24,not set,not set,not set,not set,2,not set,,,not set,not set,0,not set,BathroomLightCommanded,15.9,73.5,not set,not set,not set,not set,not set,not set,0,not set,3.02,4.47,164,4.45,48,16,41,13,high,normal,on,on,3.42,3.51,3.46,3.43
2018-01-04,23:24,not set,not set,not set,not set,5,not set,,,not set,not set,0,not set,BathroomLightCommanded,15.9,73.8,not set,not set,not set,not set,not set,not set,0,not set,3.02,4.47,164,4.45,47,16,41,13,high,normal,on,on,3.42,3.38,3.42,3.455
2018-01-04,23:24,not set,not set,not set,not set,6,not set,,,not set,not set,0,not set,BathroomLightCommanded,15.9,73.6,not set,not set,not set,not set,not set,not set,0,not set,3.02,4.47,164,4.45,48,16,41,13,high,normal,on,on,4.115,4.215,4.16,4.185
2018-01-04,23:25,not set,not set,not set,not set,6,not set,,,not set,not set,0,not set,BathroomLightCommanded,15.9,73.3,not set,not set,not set,not set,not set,not set,0,not set,3.02,4.47,164,4.45,48,16,41,13,high,normal,on,on,4.11,4.14,4.155,4.08
2018-01-04,23:25,not set,not set,not set,not set,3,not set,,,not set,not set,0,not set,BathroomLightCommanded,15.9,73.3,not set,not set,not set,not set,not set,not set,0,not set,3.02,4.47,164,4.45,48,16,41,13,high,normal,on,on,4.165,4.175,4.11,4.165
2018-01-04,23:25,not set,not set,not set,not set,5,not set,,,not set,not set,0,not set,BathroomLightCommanded,15.9,72.4,not set,not set,not set,not set,not set,not set,0,not set,3.02,4.47,164,4.45,48,16,41,13,high,normal,on,on,3.95,3.86,3.945,3.96
2018-01-04,23:26,not set,not set,not set,not set,2,not set,,,not set,not set,0,not set,BathroomLightCommanded,15.9,72.4,not set,not set,not set,not set,not set,not set,0,not set,3.02,4.47,164,4.45,47,16,41,13,high,normal,on,on,3.78,3.91,3.85,3.93
2018-01-04,23:26,not set,not set,not set,not set,2,not set,,,not set,not set,0,not set,BathroomLightCommanded,15.9,72.6,not set,not set,not set,not set,not set,not set,0,not set,3.02,4.47,164,4.45,47,16,41,13,high,normal,on,on,3.93,3.855,3.875,3.86
2018-01-04,23:27,not set,not set,not set,not set,4,not set,,,not set,not set,0,not set,BathroomLightCommanded,16.0,72.7,not set,not set,not set,not set,not set,not set,0,not set,3.02,4.47,164,4.45,47,15,41,13,high,normal,on,on,5.36,4.075,4.65,4.72
2018-01-04,23:27,not set,not set,not set,not set,3,not set,,,not set,not set,0,not set,BathroomLightCommanded,16.0,72.6,not set,not set,not set,not set,not set,not set,0,not set,3.02,4.47,164,4.45,47,16,41,13,high,normal,on,on,3.81,3.94,3.86,3.865
2018-01-04,23:27,not set,not set,not set,not set,5,not set,,,not set,not set,0,not set,BathroomLightCommanded,16.0,73.2,not set,not set,not set,not set,not set,not set,0,not set,3.02,4.47,164,4.45,48,16,41,13,high,normal,on,on,3.79,3.835,3.95,3.945
2018-01-04,23:28,not set,not set,not set,not set,7,not set,,,not set,not set,0,not set,BathroomLightCommanded,16.0,73.5,not set,not set,not set,not set,not set,not set,0,not set,3.02,4.47,164,4.45,47,15,40,13,high,normal,on,on,5.145,5.135,4.375,3.91
2018-01-04,23:28,not set,not set,not set,not set,1,not set,,,not set,not set,0,not set,BathroomLightCommanded,16.0,73.5,not set,not set,not set,not set,not set,not set,0,not set,3.02,4.47,164,4.45,48,15,41,13,high,normal,on,on,3.89,3.85,3.795,3.84
2018-01-04,23:28,not set,not set,not set,not set,5,not set,,,not set,not set,0,not set,BathroomLightCommanded,16.0,73.4,not set,not set,not set,not set,not set,not set,0,not set,3.02,4.47,164,4.45,47,16,41,13,high,normal,on,on,4.385,4.835,3.815,3.865
2018-01-04,23:29,not set,not set,not set,not set,0,not set,,,not set,not set,0,not set,BathroomLightCommanded,16.0,73.5,not set,not set,not set,not set,not set,not set,0,not set,3.02,4.47,164,4.45,47,15,41,13,high,normal,on,on,4.105,3.815,3.86,3.78
2018-01-04,23:29,not set,not set,not set,not set,2,not set,,,not set,not set,0,not set,BathroomLightCommanded,16.0,73.3,not set,not set,not set,not set,not set,not set,0,not set,3.02,4.47,164,4.45,47,15,40,13,high,normal,on,on,3.105,3.115,3.07,6.25
2018-01-04,23:30,not set,not set,not set,not set,3,not set,,,not set,not set,0,not set,BathroomLightCommanded,16.0,73.3,not set,not set,not set,not set,not set,not set,0,not set,3.02,4.47,164,4.45,47,15,41,13,high,normal,on,on,4.985,5.83,5.0,4.03
2018-01-04,23:30,not set,not set,not set,not set,6,not set,,,not set,not set,0,not set,BathroomLightCommanded,16.0,73.3,not set,not set,not set,not set,not set,not set,0,not set,3.02,4.47,164,4.45,47,15,41,13,high,normal,on,on,6.415,3.125,3.035,3.135
2018-01-04,23:30,not set,not set,not set,not set,6,not set,,,not set,not set,0,not set,BathroomLightCommanded,15.9,73.1,not set,not set,not set,not set,not set,not set,0,not set,3.02,4.47,164,4.45,47,15,41,13,high,normal,on,on,12.785,14.43,13.695,11.72
2018-01-04,23:31,not set,not set,not set,not set,1,not set,,,not set,not set,0,not set,BathroomLightCommanded,16.0,73.1,not set,not set,not set,not set,not set,not set,0,not set,3.02,4.47,164,4.45,47,15,40,13,high,normal,on,on,14.22,13.66,13.475,12.72
2018-01-04,23:31,not set,not set,not set,not set,6,not set,,,not set,not set,0,not set,BathroomLightCommanded,15.9,73.2,not set,not set,not set,not set,not set,not set,0,not set,3.02,4.47,164,4.45,47,15,40,13,high,normal,on,on,12.525,12.61,13.985,14.08
2018-01-04,23:31,not set,not set,not set,not set,5,not set,,,not set,not set,0,not set,BathroomLightCommanded,16.0,73.2,not set,not set,not set,not set,not set,not set,0,not set,3.02,4.47,164,4.45,47,15,40,13,high,normal,on,on,15.14,14.445,13.435,13.16
2018-01-04,23:32,not set,not set,not set,not set,5,not set,,,not set,not set,0,not set,BathroomLightCommanded,15.9,73.3,not set,not set,not set,not set,not set,not set,0,not set,3.02,4.47,164,4.45,47,15,41,13,high,normal,on,on,13.0,13.02,13.565,14.535
2018-01-04,23:32,not set,not set,not set,not set,2,not set,,,not set,not set,0,not set,BathroomLightCommanded,16.0,73.4,not set,not set,not set,not set,not set,not set,0,not set,3.02,4.47,164,4.45,47,16,40,13,high,normal,on,on,3.48,3.63,3.475,3.555
2018-01-04,23:33,not set,not set,not set,not set,6,not set,,,not set,not set,0,not set,BathroomLightCommanded,15.9,73.3,not set,not set,not set,not set,not set,not set,0,not set,3.02,4.47,164,4.45,47,15,40,13,high,normal,on,on,14.915,14.595,14.92,14.76
2018-01-04,23:33,not set,not set,not set,not set,4,not set,,,not set,not set,0,not set,BathroomLightCommanded,15.9,73.5,not set,not set,not set,not set,not set,not set,0,not set,3.02,4.47,164,4.45,47,16,41,13,high,normal,on,on,15.115,14.8,12.925,13.15
2018-01-04,23:33,not set,not set,not set,not set,3,not set,,,not set,not set,0,not set,BathroomLightCommanded,15.9,73.5,not set,not set,not set,not set,not set,not set,0,not set,3.02,4.47,164,4.45,47,16,41,14,high,normal,on,on,13.07,13.065,15.445,14.525
2018-01-04,23:34,not set,not set,not set,not set,4,not set,,,not set,not set,0,not set,BathroomLightCommanded,15.9,73.7,not set,not set,not set,not set,not set,not set,0,not set,3.02,4.47,164,4.45,47,16,40,13,high,normal,on,on,14.925,14.8,14.77,14.28
2018-01-04,23:34,not set,not set,not set,not set,3,not set,,,not set,not set,0,not set,BathroomLightCommanded,15.9,73.7,not set,not set,not set,not set,not set,not set,0,not set,3.02,4.47,164,4.45,47,15,40,14,high,normal,on,on,15.075,14.945,14.485,14.645
2018-01-04,23:34,not set,not set,not set,not set,3,not set,,,not set,not set,0,not set,BathroomLightCommanded,15.9,73.7,not set,not set,not set,not set,not set,not set,0,not set,3.02,4.47,164,4.45,47,15,40,13,high,normal,on,on,15.23,3.495,3.465,3.475
2018-01-04,23:35,not set,not set,not set,not set,7,not set,,,not set,not set,0,not set,BathroomLightCommanded,15.9,73.7,not set,not set,not set,not set,not set,not set,0,not set,3.02,4.47,164,4.45,47,15,40,13,high,normal,on,on,13.105,13.195,14.77,14.98
2018-01-04,23:35,not set,not set,not set,not set,2,not set,,,not set,not set,0,not set,BathroomLightCommanded,15.9,73.7,not set,not set,not set,not set,not set,not set,0,not set,3.02,4.47,164,4.45,48,16,40,14,high,normal,on,on,15.07,14.855,15.22,12.89
2018-01-04,23:36,not set,not set,not set,not set,5,not set,,,not set,not set,0,not set,BathroomLightCommanded,15.9,73.8,not set,not set,not set,not set,not set,not set,0,not set,3.02,4.47,164,4.45,47,15,40,13,high,normal,on,on,12.945,13.195,13.765,15.155
2018-01-04,23:36,not set,not set,not set,not set,7,not set,,,not set,not set,0,not set,BathroomLightCommanded,15.9,73.8,not set,not set,not set,not set,not set,not set,0,not set,3.02,4.47,164,4.45,47,15,40,13,high,normal,on,on,14.8,14.57,14.96,14.72
2018-01-04,23:36,not set,not set,not set,not set,4,not set,,,not set,not set,0,not set,BathroomLightCommanded,15.9,73.9,not set,not set,not set,not set,not set,not set,0,not set,3.02,4.47,164,4.45,47,15,40,13,high,normal,on,on,13.81,14.875,14.875,14.635
2018-01-04,23:37,not set,not set,not set,not set,5,not set,,,not set,not set,0,not set,BathroomLightCommanded,15.9,73.9,not set,not set,not set,not set,not set,not set,0,not set,3.02,4.47,164,4.45,47,15,40,13,high,normal,on,on,14.87,14.865,14.815,14.87
2018-01-04,23:37,not set,not set,not set,not set,3,not set,,,not set,not set,0,not set,BathroomLightCommanded,15.9,73.9,not set,not set,not set,not set,not set,not set,0,not set,3.02,4.47,164,4.45,47,15,40,13,high,normal,on,on,14.71,14.765,14.485,14.83
2018-01-04,23:37,not set,not set,not set,not set,2,not set,,,not set,not set,0,not set,BathroomLightCommanded,15.9,73.9,not set,not set,not set,not set,not set,not set,0,not set,3.02,4.47,164,4.45,47,16,40,13,high,normal,on,on,14.835,14.86,14.715,13.015
2018-01-04,23:38,not set,not set,not set,not set,6,not set,,,not set,not set,0,not set,BathroomLightCommanded,15.9,74.0,not set,not set,not set,not set,not set,not set,0,not set,3.02,4.47,164,4.45,47,15,41,13,high,normal,on,on,12.805,13.025,12.905,13.3
2018-01-04,23:38,not set,not set,not set,not set,4,not set,,,not set,not set,0,not set,BathroomLightCommanded,15.9,74.0,not set,not set,not set,not set,not set,not set,0,not set,3.02,4.47,164,4.45,48,15,41,13,high,normal,on,on,15.49,14.89,14.62,14.62
2018-01-04,23:39,not set,not set,not set,not set,4,not set,,,not set,not set,0,not set,BathroomLightCommanded,15.9,74.0,not set,not set,not set,not set,not set,not set,0,not set,3.02,4.47,164,4.45,47,15,40,13,high,normal,on,on,14.6,14.88,14.78,14.63
2018-01-04,23:39,not set,not set,not set,not set,5,not set,,,not set,not set,0,not set,BathroomLightCommanded,15.9,74.0,not set,not set,not set,not set,not set,not set,0,not set,3.02,4.47,164,4.45,47,15,40,13,high,normal,on,on,14.51,14.45,14.43,13.09
2018-01-04,23:39,not set,not set,not set,not set,4,not set,,,not set,not set,0,not set,BathroomLightCommanded,15.9,74.0,not set,not set,not set,not set,not set,not set,0,not set,3.02,4.47,164,4.45,47,15,40,13,high,normal,on,on,3.475,3.43,3.515,8.47
2018-01-04,23:40,not set,not set,not set,not set,5,not set,,,not set,not set,0,not set,BathroomLightCommanded,15.9,73.9,not set,not set,not set,not set,not set,not set,0,not set,3.02,4.47,164,4.45,48,15,40,13,high,normal,on,on,6.7,6.065,6.03,6.31
2018-01-04,23:40,not set,not set,not set,not set,5,not set,,,not set,not set,0,not set,BathroomLightCommanded,15.9,74.0,not set,not set,not set,not set,not set,not set,0,not set,3.02,4.47,164,4.45,47,16,40,14,high,normal,on,on,6.23,6.085,6.1,6.145
2018-01-04,23:40,not set,not set,not set,not set,6,not set,,,not set,not set,0,not set,BathroomLightCommanded,15.9,74.0,not set,not set,not set,not set,not set,not set,0,not set,3.02,4.47,164,4.45,47,15,40,13,high,normal,on,on,6.055,5.875,3.405,3.475
2018-01-04,23:41,not set,not set,not set,not set,1,not set,,,not set,not set,0,not set,BathroomLightCommanded,15.9,74.1,not set,not set,not set,not set,not set,not set,0,not set,3.02,4.47,164,4.45,47,15,40,14,high,normal,on,on,3.41,3.635,7.36,6.365
2018-01-04,23:41,not set,not set,not set,not set,7,not set,,,not set,not set,0,not set,BathroomLightCommanded,15.9,74.1,not set,not set,not set,not set,not set,not set,0,not set,3.02,4.47,164,4.45,47,15,40,14,high,normal,on,on,6.135,6.35,6.27,6.165
2018-01-04,23:42,not set,not set,not set,not set,6,not set,,,not set,not set,0,not set,BathroomLightCommanded,15.9,74.2,not set,not set,not set,not set,not set,not set,0,not set,3.02,4.47,164,4.45,47,15,40,13,high,normal,on,on,6.355,5.985,6.005,4.65
2018-01-04,23:42,not set,not set,not set,not set,4,not set,,,not set,not set,0,not set,BathroomLightCommanded,15.9,74.1,not set,not set,not set,not set,not set,not set,0,not set,3.02,4.47,164,4.45,48,15,41,14,high,normal,on,on,3.44,3.455,3.8,6.84
2018-01-04,23:42,not set,not set,not set,not set,7,not set,,,not set,not set,0,not set,BathroomLightCommanded,15.9,74.2,not set,not set,not set,not set,not set,not set,0,not set,3.02,4.47,164,4.45,47,16,40,13,high,normal,on,on,6.28,6.065,6.395,6.38
2018-01-04,23:43,not set,not set,not set,not set,6,not set,,,not set,not set,0,not set,BathroomLightCommanded,15.9,74.2,not set,not set,not set,not set,not set,not set,0,not set,3.02,4.47,164,4.45,47,15,40,14,high,normal,on,on,6.14,5.94,6.3,6.145
2018-01-04,23:43,not set,not set,not set,not set,7,not set,,,not set,not set,0,not set,BathroomLightCommanded,15.9,74.1,not set,not set,not set,not set,not set,not set,0,not set,3.02,4.47,164,4.45,47,16,40,13,high,normal,on,on,3.39,3.45,3.54,3.415
2018-01-04,23:43,not set,not set,not set,not set,7,not set,,,not set,not set,0,not set,BathroomLightCommanded,15.9,74.2,not set,not set,not set,not set,not set,not set,0,not set,3.02,4.47,164,4.45,47,15,40,13,high,normal,on,on,13.905,15.105,14.825,14.91
2018-01-04,23:44,not set,not set,not set,not set,3,not set,,,not set,not set,0,not set,BathroomLightCommanded,15.9,74.2,not set,not set,not set,not set,not set,not set,0,not set,3.02,4.47,164,4.45,47,15,40,14,high,normal,on,on,14.565,14.775,14.69,14.74
2018-01-04,23:44,not set,not set,not set,not set,3,not set,,,not set,not set,0,not set,BathroomLightCommanded,15.9,74.2,not set,not set,not set,not set,not set,not set,0,not set,3.02,4.47,164,4.45,47,15,40,14,high,normal,on,on,14.595,14.7,14.67,12.92
2018-01-04,23:45,not set,not set,not set,not set,4,not set,,,not set,not set,0,not set,BathroomLightCommanded,15.9,74.2,not set,not set,not set,not set,not set,not set,0,not set,3.02,4.47,164,4.45,47,15,40,13,high,normal,on,on,12.82,12.845,13.06,15.445
2018-01-04,23:45,not set,not set,not set,not set,5,not set,,,not set,not set,0,not set,BathroomLightCommanded,15.9,74.2,not set,not set,not set,not set,not set,not set,0,not set,3.02,4.47,164,4.45,47,16,40,13,high,normal,on,on,6.55,6.315,6.515,6.175
2018-01-04,23:45,not set,not set,not set,not set,3,not set,,,not set,not set,0,not set,BathroomLightCommanded,15.9,74.1,not set,not set,not set,not set,not set,not set,0,not set,3.02,4.47,164,4.45,47,16,40,13,high,normal,on,on,6.205,6.065,6.39,6.28
2018-01-04,23:46,not set,not set,not set,not set,5,not set,,,not set,not set,0,not set,BathroomLightCommanded,15.9,74.2,not set,not set,not set,not set,not set,not set,0,not set,3.02,4.47,164,4.45,47,15,40,13,high,normal,on,on,6.0,3.43,3.495,3.515
2018-01-04,23:46,not set,not set,not set,not set,4,not set,,,not set,not set,0,not set,BathroomLightCommanded,15.9,74.2,not set,not set,not set,not set,not set,not set,0,not set,3.02,4.47,164,4.45,47,15,40,13,high,normal,on,on,3.465,7.605,6.135,6.46
2018-01-04,23:46,not set,not set,not set,not set,3,not set,,,not set,not set,0,not set,BathroomLightCommanded,15.9,74.1,not set,not set,not set,not set,not set,not set,0,not set,3.02,4.47,164,4.45,47,16,40,13,high,normal,on,on,6.305,5.985,6.145,6.375
2018-01-04,23:47,not set,not set,not set,not set,3,not set,,,not set,not set,0,not set,BathroomLightCommanded,15.9,74.2,not set,not set,not set,not set,not set,not set,0,not set,3.02,4.47,164,4.45,47,15,40,14,high,normal,on,on,6.17,5.975,6.46,3.51
2018-01-04,23:47,not set,not set,not set,not set,5,not set,,,not set,not set,0,not set,BathroomLightCommanded,15.9,74.3,not set,not set,not set,not set,not set,not set,0,not set,3.02,4.47,164,4.45,47,15,40,13,high,normal,on,on,13.03,13.005,13.055,14.29
2018-01-04,23:48,not set,not set,not set,not set,6,not set,,,not set,not set,0,not set,BathroomLightCommanded,15.9,74.2,not set,not set,not set,not set,not set,not set,0,not set,3.02,4.47,164,4.45,47,16,40,14,high,normal,on,on,15.57,14.72,14.7,14.81
2018-01-04,23:48,not set,not set,not set,not set,7,not set,,,not set,not set,0,not set,BathroomLightCommanded,15.9,74.2,not set,not set,not set,not set,not set,not set,0,not set,3.02,4.47,164,4.45,47,16,40,13,high,normal,on,on,5.885,6.385,6.42,6.005
2018-01-04,23:48,not set,not set,not set,not set,4,not set,,,not set,not set,0,not set,BathroomLightCommanded,15.9,74.3,not set,not set,not set,not set,not set,not set,0,not set,3.02,4.47,164,4.45,47,16,40,13,high,normal,on,on,6.25,6.215,3.42,3.405
2018-01-04,23:49,not set,not set,not set,not set,5,not set,,,not set,not set,0,not set,BathroomLightCommanded,15.9,74.2,not set,not set,not set,not set,not set,not set,0,not set,3.02,4.47,164,4.45,47,15,40,13,high,normal,on,on,3.375,6.71,6.61,6.315
2018-01-04,23:49,not set,not set,not set,not set,3,not set,,,not set,not set,0,not set,BathroomLightCommanded,15.9,74.2,not set,not set,not set,not set,not set,not set,0,not set,3.02,4.47,164,4.45,47,15,40,14,high,normal,on,on,6.025,5.825,5.96,5.635
2018-01-04,23:49,not set,not set,not set,not set,2,not set,,,not set,not set,0,not set,BathroomLightCommanded,15.9,74.3,not set,not set,not set,not set,not set,not set,0,not set,3.02,4.47,164,4.45,47,15,40,13,high,normal,on,on,6.35,6.875,5.935,3.4
2018-01-04,23:50,not set,not set,not set,not set,4,not set,,,not set,not set,0,not set,BathroomLightCommanded,15.9,74.2,not set,not set,not set,not set,not set,not set,0,not set,3.02,4.47,164,4.45,47,15,40,13,high,normal,on,on,3.435,3.42,3.495,6.25
2018-01-04,23:50,not set,not set,not set,not set,3,not set,,,not set,not set,0,not set,BathroomLightCommanded,15.9,74.3,not set,not set,not set,not set,not set,not set,0,not set,3.02,4.47,164,4.45,47,15,40,13,high,normal,on,on,7.32,6.25,6.14,6.28
2018-01-04,23:51,not set,not set,not set,not set,3,not set,,,not set,not set,0,not set,BathroomLightCommanded,15.9,74.3,not set,not set,not set,not set,not set,not set,0,not set,3.02,4.47,164,4.45,47,16,40,13,high,normal,on,on,6.18,6.33,6.305,6.245
2018-01-04,23:51,not set,not set,not set,not set,2,not set,,,not set,not set,0,not set,BathroomLightCommanded,15.9,74.2,not set,not set,not set,not set,not set,not set,0,not set,3.02,4.47,164,4.45,47,16,40,13,high,normal,on,on,6.35,5.215,3.46,3.41
2018-01-04,23:51,not set,not set,not set,not set,6,not set,,,not set,not set,0,not set,BathroomLightCommanded,15.9,74.3,not set,not set,not set,not set,not set,not set,0,not set,3.02,4.47,164,4.45,47,15,41,14,high,normal,on,on,3.445,4.005,7.21,6.345
2018-01-04,23:52,not set,not set,not set,not set,6,not set,,,not set,not set,0,not set,BathroomLightCommanded,15.9,74.3,not set,not set,not set,not set,not set,not set,0,not set,3.02,4.47,164,4.45,47,16,40,13,high,normal,on,on,6.39,6.55,6.125,6.11
2018-01-04,23:52,not set,not set,not set,not set,1,not set,,,not set,not set,0,not set,BathroomLightCommanded,15.9,74.3,not set,not set,not set,not set,not set,not set,0,not set,3.02,4.47,164,4.45,47,16,40,14,high,normal,on,on,5.845,6.495,5.86,6.165
2018-01-04,23:52,not set,not set,not set,not set,3,not set,,,not set,not set,0,not set,BathroomLightCommanded,15.9,74.2,not set,not set,not set,not set,not set,not set,0,not set,3.02,4.47,164,4.45,47,16,40,13,high,normal,on,on,3.42,3.52,3.42,3.61
2018-01-04,23:53,not set,not set,not set,not set,7,not set,,,not set,not set,0,not set,BathroomLightCommanded,15.9,74.1,not set,not set,not set,not set,not set,not set,0,not set,3.02,4.47,164,4.45,47,16,40,13,high,normal,on,on,4.815,6.67,6.15,6.655
2018-01-04,23:53,not set,not set,not set,not set,6,not set,,,not set,not set,0,not set,BathroomLightCommanded,15.9,74.3,not set,not set,not set,not set,not set,not set,0,not set,3.02,4.47,164,4.45,47,16,40,13,high,normal,on,on,6.14,6.36,6.14,5.795
2018-01-04,23:54,not set,not set,not set,not set,4,not set,,,not set,not set,0,not set,BathroomLightCommanded,15.9,74.2,not set,not set,not set,not set,not set,not set,0,not set,3.02,4.47,164,4.45,47,16,40,14,high,normal,on,on,6.065,6.295,3.855,3.405
2018-01-04,23:54,not set,not set,not set,not set,5,not set,,,not set,not set,0,not set,BathroomLightCommanded,15.9,74.2,not set,not set,not set,not set,not set,not set,0,not set,3.02,4.47,164,4.45,46,16,40,13,high,normal,on,on,3.47,3.405,6.13,6.22
2018-01-04,23:54,not set,not set,not set,not set,5,not set,,,not set,not set,0,not set,BathroomLightCommanded,15.9,74.2,not set,not set,not set,not set,not set,not set,0,not set,3.02,4.47,164,4.45,47,15,40,13,high,normal,on,on,6.11,6.135,6.275,5.98
2018-01-04,23:55,not set,not set,not set,not set,2,not set,,,not set,not set,0,not set,BathroomLightCommanded,15.9,74.3,not set,not set,not set,not set,not set,not set,0,not set,3.02,4.47,164,4.45,46,15,39,14,high,normal,on,on,6.355,6.215,6.23,6.15
2018-01-04,23:55,not set,not set,not set,not set,1,not set,,,not set,not set,0,not set,BathroomLightCommanded,15.9,74.2,not set,not set,not set,not set,not set,not set,0,not set,3.02,4.47,164,4.45,47,16,40,13,high,normal,on,on,3.95,3.465,3.375,3.44
2018-01-04,23:55,not set,not set,not set,not set,4,not set,,,not set,not set,0,not set,BathroomLightCommanded,15.9,74.3,not set,not set,not set,not set,not set,not set,0,not set,3.02,4.47,164,4.45,46,16,40,13,high,normal,on,on,5.27,6.87,6.275,6.31
2018-01-04,23:56,not set,not set,not set,not set,4,not set,,,not set,not set,0,not set,BathroomLightCommanded,15.9,74.4,not set,not set,not set,not set,not set,not set,0,not set,3.02,4.47,164,4.45,47,16,40,13,high,normal,on,on,6.14,6.495,6.685,6.425
2018-01-04,23:56,not set,not set,not set,not set,294,not set,,,not set,not set,367,not set,BathroomLightCommanded,15.9,74.0,not set,not set,not set,not set,not set,not set,0,not set,3.02,4.47,164,4.45,47,16,40,13,high,normal,on,on,5.995,5.88,6.23,3.525
2018-01-04,23:57,not set,not set,not set,not set,294,not set,,,not set,not set,369,not set,BathroomLightCommanded,15.9,73.1,not set,not set,not set,not set,not set,not set,0,not set,3.02,4.47,164,4.45,47,16,40,13,high,normal,on,on,3.455,3.455,3.48,7.095
2018-01-04,23:57,not set,not set,not set,not set,291,not set,,,not set,not set,364,not set,BathroomLightCommanded,16.0,74.6,not set,not set,not set,not set,not set,not set,0,not set,3.02,4.47,164,4.45,48,16,41,14,high,normal,on,on,6.64,6.23,6.07,6.295
2018-01-04,23:57,not set,not set,not set,not set,298,not set,,,not set,not set,367,not set,BathroomLightCommanded,16.1,74.8,not set,not set,not set,not set,not set,not set,0,not set,3.02,4.47,164,4.45,53,15,40,13,high,normal,on,on,6.165,6.3,6.185,6.28
2018-01-04,23:58,not set,not set,not set,not set,297,not set,,,not set,not set,366,not set,BathroomLightCommanded,16.2,74.4,not set,not set,not set,not set,not set,not set,0,not set,3.02,4.47,164,4.45,54,15,39,13,high,normal,on,on,6.075,6.4,3.43,3.5
2018-01-04,23:58,not set,not set,not set,not set,298,not set,,,not set,not set,366,not set,BathroomLightCommanded,16.3,73.8,not set,not set,not set,not set,not set,not set,0,not set,3.02,4.47,164,4.45,55,14,40,13,high,normal,on,on,2.875,2.825,7.38,6.0
2018-01-04,23:58,not set,not set,not set,not set,293,not set,,,not set,not set,365,not set,BathroomLightCommanded,16.3,73.3,not set,not set,not set,not set,not set,not set,0,not set,3.02,4.47,164,4.45,56,14,39,13,high,normal,on,on,5.38,5.445,5.82,5.57
2018-01-04,23:59,not set,not set,not set,not set,292,not set,,,not set,not set,364,not set,BathroomLightCommanded,16.3,72.9,not set,not set,not set,not set,not set,not set,0,not set,3.02,4.47,164,4.45,55,14,39,14,high,normal,on,on,5.625,5.8,5.61,5.705
2018-01-04,23:59,not set,not set,not set,not set,293,not set,,,not set,not set,363,not set,BathroomLightCommanded,16.3,73.0,not set,not set,not set,not set,not set,not set,0,not set,3.02,4.47,164,4.45,54,14,40,13,high,normal,on,on,2.7,2.795,2.725,2.945
