2018-01-08,00:00,not set,not set,not set,not set,0,not set,,,not set,not set,0,not set,not set,15.5,76.9,not set,not set,not set,not set,not set,not set,0,not set,12,18.30,47.80,0,42,14,38,12,high,normal,on,on,1.965,1.985,1.955,1.995
2018-01-08,00:00,not set,not set,not set,not set,0,not set,,,not set,not set,0,not set,not set,15.5,76.7,not set,not set,not set,not set,not set,not set,0,not set,32,18.30,48.10,0,41,15,38,12,high,normal,on,on,2.125,2.125,2.095,2.12
2018-01-08,00:01,not set,not set,not set,not set,0,not set,,,not set,not set,0,not set,not set,15.5,76.5,not set,not set,not set,not set,not set,not set,0,not set,3,18.30,48.00,0,42,15,38,12,high,normal,on,on,2.18,1.98,2.155,2.29
2018-01-08,00:01,not set,not set,not set,not set,0,not set,,,not set,not set,0,not set,not set,15.5,76.7,not set,not set,not set,not set,not set,not set,0,not set,39,18.30,48.00,0,42,14,38,12,high,normal,on,on,2.0,1.965,1.965,1.95
2018-01-08,00:01,not set,not set,not set,not set,0,not set,,,not set,not set,0,not set,not set,15.5,76.7,not set,not set,not set,not set,not set,not set,0,not set,32,18.30,48.00,0,41,15,38,12,high,normal,on,on,1.96,1.975,1.97,1.955
2018-01-08,00:02,not set,not set,not set,not set,0,not set,,,not set,not set,0,not set,not set,15.5,76.9,not set,not set,not set,not set,not set,not set,0,not set,23,18.30,48.20,0,41,15,38,12,high,normal,on,on,2.01,2.005,1.955,1.965
2018-01-08,00:02,not set,not set,not set,not set,0,not set,,,not set,not set,0,not set,not set,15.5,76.7,not set,not set,not set,not set,not set,not set,0,not set,12,18.30,48.20,0,42,15,38,12,high,normal,on,on,1.975,1.96,1.975,1.97
2018-01-08,00:03,not set,not set,not set,not set,0,not set,,,not set,not set,0,not set,not set,15.5,76.8,not set,not set,not set,not set,not set,not set,0,not set,11,18.30,48.20,0,41,15,39,12,high,normal,on,on,1.985,1.98,1.97,1.98
2018-01-08,00:03,not set,not set,not set,not set,0,not set,,,not set,not set,0,not set,not set,15.5,76.9,not set,not set,not set,not set,not set,not set,0,not set,59,18.30,48.20,0,42,15,38,12,high,normal,on,on,2.0,2.005,1.985,2.005
2018-01-08,00:04,not set,not set,not set,not set,0,not set,,,not set,not set,0,not set,not set,15.5,76.8,not set,not set,not set,not set,not set,not set,0,not set,0,18.30,48.10,0,41,15,38,12,high,normal,on,on,2.015,1.995,2.01,2.045
2018-01-08,00:04,not set,not set,not set,not set,0,not set,,,not set,not set,0,not set,not set,15.5,76.8,not set,not set,not set,not set,not set,not set,0,not set,25,18.30,48.20,0,42,15,37,12,high,normal,on,on,2.045,1.98,2.0,1.99
2018-01-08,00:05,not set,not set,not set,not set,0,not set,,,not set,not set,0,not set,not set,15.5,76.7,not set,not set,not set,not set,not set,not set,0,not set,19,18.30,48.00,0,42,15,38,12,high,normal,on,on,2.01,2.005,1.98,2.01
2018-01-08,00:05,not set,not set,not set,not set,0,not set,,,not set,not set,0,not set,not set,15.4,76.5,not set,not set,not set,not set,not set,not set,0,not set,34,18.30,48.10,0,41,15,38,12,high,normal,on,on,1.97,1.975,1.96,1.975
2018-01-08,00:05,not set,not set,not set,not set,0,not set,,,not set,not set,0,not set,not set,15.4,76.6,not set,not set,not set,not set,not set,not set,0,not set,14,18.30,48.00,0,42,14,37,12,high,normal,on,on,1.95,2.15,2.29,2.165
2018-01-08,00:06,not set,not set,not set,not set,0,not set,,,not set,not set,0,not set,not set,15.4,76.7,not set,not set,not set,not set,not set,not set,0,not set,25,18.30,47.90,0,42,15,38,12,high,normal,on,on,1.98,1.965,1.96,1.98
2018-01-08,00:06,not set,not set,not set,not set,0,not set,,,not set,not set,0,not set,not set,15.4,76.7,not set,not set,not set,not set,not set,not set,0,not set,24,18.30,47.90,0,41,14,38,12,high,normal,on,on,1.995,2.02,2.005,1.975
2018-01-08,00:07,not set,not set,not set,not set,0,not set,,,not set,not set,0,not set,not set,15.4,76.8,not set,not set,not set,not set,not set,not set,0,not set,18,18.30,47.90,0,41,15,38,12,high,normal,on,on,2.005,2.0,2.03,2.055
2018-01-08,00:07,not set,not set,not set,not set,0,not set,,,not set,not set,0,not set,not set,15.4,76.8,not set,not set,not set,not set,not set,not set,0,not set,32,18.30,47.90,0,42,15,37,12,high,normal,on,on,1.925,1.96,1.98,2.005
2018-01-08,00:08,not set,not set,not set,not set,0,not set,,,not set,not set,0,not set,not set,15.4,76.7,not set,not set,not set,not set,not set,not set,0,not set,34,18.40,47.90,0,42,15,37,12,high,normal,on,on,1.955,1.995,1.945,2.01
2018-01-08,00:08,not set,not set,not set,not set,0,not set,,,not set,not set,0,not set,not set,15.4,76.7,not set,not set,not set,not set,not set,not set,0,not set,12,18.40,47.80,0,42,15,38,12,high,normal,on,on,1.965,1.945,1.965,2.02
2018-01-08,00:09,not set,not set,not set,not set,0,not set,,,not set,not set,0,not set,not set,15.4,76.6,not set,not set,not set,not set,not set,not set,0,not set,22,18.40,47.70,0,42,14,37,12,high,normal,on,on,1.97,1.925,1.955,1.95
2018-01-08,00:09,not set,not set,not set,not set,0,not set,,,not set,not set,0,not set,not set,15.4,76.7,not set,not set,not set,not set,not set,not set,0,not set,23,18.40,47.80,0,42,14,38,12,high,normal,on,on,2.035,1.98,1.945,2.025
2018-01-08,00:09,not set,not set,not set,not set,0,not set,,,not set,not set,0,not set,not set,15.4,76.7,not set,not set,not set,not set,not set,not set,0,not set,34,18.40,47.80,0,43,15,37,12,high,normal,on,on,1.94,1.995,1.94,1.95
2018-01-08,00:10,not set,not set,not set,not set,0,not set,,,not set,not set,0,not set,not set,15.4,76.6,not set,not set,not set,not set,not set,not set,0,not set,17,18.40,47.70,0,41,15,38,12,high,normal,on,on,1.98,1.98,1.935,1.995
2018-01-08,00:10,not set,not set,not set,not set,0,not set,,,not set,not set,0,not set,not set,15.4,76.6,not set,not set,not set,not set,not set,not set,0,not set,14,18.40,47.60,0,42,15,37,13,high,normal,on,on,1.93,1.955,1.94,1.97
2018-01-08,00:11,not set,not set,not set,not set,0,not set,,,not set,not set,0,not set,not set,15.4,76.6,not set,not set,not set,not set,not set,not set,0,not set,9,18.50,47.70,0,41,15,37,12,high,normal,on,on,1.945,1.92,1.915,2.005
2018-01-08,00:11,not set,not set,not set,not set,0,not set,,,not set,not set,0,not set,not set,15.4,76.7,not set,not set,not set,not set,not set,not set,0,not set,27,18.50,47.70,0,42,15,37,12,high,normal,on,on,1.935,1.98,1.96,1.99
2018-01-08,00:12,not set,not set,not set,not set,0,not set,,,not set,not set,0,not set,not set,15.4,76.8,not set,not set,not set,not set,not set,not set,0,not set,21,18.50,47.60,0,42,15,37,12,high,normal,on,on,1.94,2.02,2.07,1.935
2018-01-08,00:12,not set,not set,not set,not set,0,not set,,,not set,not set,0,not set,not set,15.4,76.7,not set,not set,not set,not set,not set,not set,0,not set,25,18.50,47.60,0,42,15,37,12,high,normal,on,on,1.91,1.975,1.91,1.975
2018-01-08,00:13,not set,not set,not set,not set,0,not set,,,not set,not set,0,not set,not set,15.4,76.9,not set,not set,not set,not set,not set,not set,0,not set,21,18.50,47.60,0,41,15,37,13,high,normal,on,on,1.965,1.925,1.97,1.93
2018-01-08,00:13,not set,not set,not set,not set,0,not set,,,not set,not set,0,not set,not set,15.4,76.8,not set,not set,not set,not set,not set,not set,0,not set,20,18.50,47.50,0,41,15,37,12,high,normal,on,on,1.92,1.935,1.965,1.94
2018-01-08,00:13,not set,not set,not set,not set,0,not set,,,not set,not set,0,not set,not set,15.4,76.8,not set,not set,not set,not set,not set,not set,0,not set,21,18.50,47.40,0,41,15,37,12,high,normal,on,on,1.93,1.945,1.935,1.935
2018-01-08,00:14,not set,not set,not set,not set,0,not set,,,not set,not set,0,not set,not set,15.4,76.9,not set,not set,not set,not set,not set,not set,0,not set,13,18.50,47.40,0,41,15,37,12,high,normal,on,on,1.995,1.945,1.905,1.93
2018-01-08,00:14,not set,not set,not set,not set,1,not set,,,not set,not set,0,not set,not set,15.4,76.8,not set,not set,not set,not set,not set,not set,0,not set,7,18.60,47.60,0,43,15,37,12,high,normal,on,on,1.945,1.945,1.92,2.06
2018-01-08,00:15,not set,not set,not set,not set,0,not set,,,not set,not set,0,not set,not set,15.4,76.7,not set,not set,not set,not set,not set,not set,0,not set,34,18.60,47.50,0,42,14,38,12,high,normal,on,on,1.955,1.895,1.92,1.91
2018-01-08,00:15,not set,not set,not set,not set,0,not set,,,not set,not set,0,not set,not set,15.4,76.7,not set,not set,not set,not set,not set,not set,0,not set,7,18.60,47.40,0,41,16,37,13,high,normal,on,on,1.93,1.935,1.88,2.005
2018-01-08,00:16,not set,not set,not set,not set,0,not set,,,not set,not set,0,not set,not set,15.3,76.7,not set,not set,not set,not set,not set,not set,0,not set,12,18.60,47.40,0,42,15,37,12,high,normal,on,on,1.92,1.915,1.995,1.925
2018-01-08,00:16,not set,not set,not set,not set,0,not set,,,not set,not set,0,not set,not set,15.3,76.7,not set,not set,not set,not set,not set,not set,0,not set,7,18.60,47.20,0,42,15,37,12,high,normal,on,on,1.935,1.935,1.9,1.9
2018-01-08,00:17,not set,not set,not set,not set,0,not set,,,not set,not set,0,not set,not set,15.3,76.7,not set,not set,not set,not set,not set,not set,0,not set,19,18.60,47.10,0,42,15,37,12,high,normal,on,on,1.96,1.95,1.91,1.935
2018-01-08,00:17,not set,not set,not set,not set,0,not set,,,not set,not set,0,not set,not set,15.3,76.8,not set,not set,not set,not set,not set,not set,0,not set,14,18.60,47.10,0,41,15,37,12,high,normal,on,on,2.08,2.03,1.925,1.935
2018-01-08,00:17,not set,not set,not set,not set,0,not set,,,not set,not set,0,not set,not set,15.3,76.8,not set,not set,not set,not set,not set,not set,0,not set,32,18.60,47.10,0,42,16,37,12,high,normal,on,on,1.89,1.91,1.91,1.935
2018-01-08,00:18,not set,not set,not set,not set,0,not set,,,not set,not set,0,not set,not set,15.3,77.0,not set,not set,not set,not set,not set,not set,0,not set,19,18.60,47.10,0,42,15,38,12,high,normal,on,on,2.02,1.935,1.955,1.95
2018-01-08,00:18,not set,not set,not set,not set,0,not set,,,not set,not set,0,not set,not set,15.3,77.0,not set,not set,not set,not set,not set,not set,0,not set,28,18.70,47.20,0,41,15,37,12,high,normal,on,on,1.975,1.895,1.92,1.87
2018-01-08,00:19,not set,not set,not set,not set,0,not set,,,not set,not set,0,not set,not set,15.3,76.9,not set,not set,not set,not set,not set,not set,0,not set,63,18.70,47.10,0,42,15,37,12,high,normal,on,on,1.925,1.91,1.905,1.925
2018-01-08,00:19,not set,not set,not set,not set,0,not set,,,not set,not set,0,not set,not set,15.3,77.0,not set,not set,not set,not set,not set,not set,0,not set,25,18.70,47.10,0,42,14,37,12,high,normal,on,on,2.01,1.97,1.94,1.88
2018-01-08,00:20,not set,not set,not set,not set,0,not set,,,not set,not set,0,not set,not set,15.3,76.9,not set,not set,not set,not set,not set,not set,0,not set,27,18.70,47.00,0,41,15,37,12,high,normal,on,on,2.075,1.915,1.91,1.905
2018-01-08,00:20,not set,not set,not set,not set,0,not set,,,not set,not set,0,not set,not set,15.3,76.7,not set,not set,not set,not set,not set,not set,0,not set,7,18.70,47.00,0,42,15,37,12,high,normal,on,on,1.9,1.905,1.91,1.935
2018-01-08,00:21,not set,not set,not set,not set,0,not set,,,not set,not set,0,not set,not set,15.3,76.7,not set,not set,not set,not set,not set,not set,0,not set,24,18.70,46.90,0,42,15,37,12,high,normal,on,on,2.11,2.08,2.165,2.055
2018-01-08,00:21,not set,not set,not set,not set,0,not set,,,not set,not set,0,not set,not set,15.3,76.9,not set,not set,not set,not set,not set,not set,0,not set,17,18.70,46.90,0,41,15,37,12,high,normal,on,on,2.095,2.145,2.06,2.105
2018-01-08,00:21,not set,not set,not set,not set,0,not set,,,not set,not set,0,not set,not set,15.3,76.8,not set,not set,not set,not set,not set,not set,0,not set,36,18.70,46.80,0,42,15,38,12,high,normal,on,on,16.525,16.605,16.595,16.755
2018-01-08,00:22,not set,not set,not set,not set,0,not set,,,not set,not set,0,not set,not set,15.3,76.8,not set,not set,not set,not set,not set,not set,0,not set,8,18.70,46.80,0,41,15,37,12,high,normal,on,on,16.525,16.49,16.535,16.63
2018-01-08,00:22,not set,not set,not set,not set,0,not set,,,not set,not set,0,not set,not set,15.3,76.8,not set,not set,not set,not set,not set,not set,0,not set,33.38,0,18.70,27,41,15,37,12,high,normal,on,on,16.49,16.5,16.555,
2018-01-08,00:23,not set,not set,not set,not set,0,not set,,,not set,not set,76.80,not set,not set,57.4,15.3,not set,not set,not set,not set,not set,not set,0,not set,0,0,18.70,33.41,0,41,15,37,high,normal,on,on,6.0,16.41,16.435,16.555
2018-01-08,00:23,not set,not set,not set,not set,0,not set,,,not set,not set,76.80,not set,not set,57.5,15.3,not set,not set,not set,not set,not set,not set,0,not set,7,0,18.80,32.86,0,41,15,37,high,normal,on,on,6.5,16.635,16.6,16.545
2018-01-08,00:24,not set,not set,not set,not set,0,not set,,,not set,not set,76.70,not set,not set,57.4,15.3,not set,not set,not set,not set,not set,not set,0,not set,25,0,18.80,33.14,0,41,15,39,high,normal,on,on,6.0,16.98,16.635,16.545
2018-01-08,00:24,not set,not set,not set,not set,0,not set,,,not set,not set,76.90,not set,not set,57.5,15.3,not set,not set,not set,not set,not set,not set,0,not set,190,0,18.80,34.56,0,41,15,40,high,normal,on,on,6.0,17.255,17.205,17.31
2018-01-08,00:24,not set,not set,not set,not set,0,not set,,,not set,not set,76.80,not set,not set,57.4,15.3,not set,not set,not set,not set,not set,not set,369,not set,191,0,18.80,34.87,280,41,15,39,high,normal,on,on,6.0,17.42,17.445,17.265
2018-01-08,00:25,not set,not set,not set,not set,0,not set,,,not set,not set,76.60,not set,not set,57.4,15.3,not set,not set,not set,not set,not set,not set,374,not set,215,0,18.80,34.92,0,41,14,39,high,normal,on,on,6.0,17.48,17.455,17.43
2018-01-08,00:25,not set,not set,not set,not set,0,not set,,,not set,not set,372,not set,not set,15.3,74.3,not set,not set,not set,not set,not set,not set,0,not set,191,18.80,46.70,0,41,14,39,12,high,normal,on,on,17.4,17.345,17.37,17.265
2018-01-08,00:26,not set,not set,not set,not set,0,not set,,,not set,not set,372,not set,not set,15.3,74.4,not set,not set,not set,not set,not set,not set,0,not set,194,18.80,46.70,0,41,14,40,13,high,normal,on,on,17.28,17.225,17.19,17.38
2018-01-08,00:26,not set,not set,not set,not set,0,not set,,,not set,not set,368,not set,not set,15.3,74.5,not set,not set,not set,not set,not set,not set,0,not set,186,18.80,46.70,0,41,14,40,12,high,normal,on,on,17.33,17.315,17.505,17.385
2018-01-08,00:27,not set,not set,not set,not set,0,not set,,,not set,not set,0,not set,not set,15.3,74.9,not set,not set,not set,not set,not set,not set,0,not set,183,18.80,46.60,0,41,14,41,13,high,normal,on,on,17.195,17.31,17.135,17.36
2018-01-08,00:27,not set,not set,not set,not set,0,not set,,,not set,not set,0,not set,not set,15.3,76.2,not set,not set,not set,not set,not set,not set,0,not set,191,18.80,46.60,0,41,14,41,12,high,normal,on,on,17.435,17.17,17.435,17.495
2018-01-08,00:27,not set,not set,not set,not set,0,not set,,,not set,not set,0,not set,not set,15.3,76.4,not set,not set,not set,not set,not set,not set,0,not set,199,18.80,46.60,0,41,14,42,12,high,normal,on,on,17.37,17.49,17.255,17.245
2018-01-08,00:28,not set,not set,not set,not set,0,not set,,,not set,not set,0,not set,not set,15.3,76.7,not set,not set,not set,not set,not set,not set,0,not set,5.21,0,18.80,191,41,42,14,42,high,normal,on,on,6.0,2.655,2.545,2.575
2018-01-08,00:28,not set,not set,not set,not set,0,not set,,,not set,not set,76.70,not set,not set,57.3,15.3,not set,not set,not set,not set,not set,not set,0,not set,24,0,18.80,3.77,0,42,14,43,high,normal,on,on,6.0,1.895,1.955,1.865
2018-01-08,00:29,not set,not set,not set,not set,0,not set,,,not set,not set,76.60,not set,not set,57.2,15.3,not set,not set,not set,not set,not set,not set,0,not set,24,0,18.80,3.77,0,42,14,43,high,normal,on,on,6.0,1.865,1.87,1.85
2018-01-08,00:29,not set,not set,not set,not set,0,not set,,,not set,not set,76.50,not set,not set,57.3,15.3,not set,not set,not set,not set,not set,not set,0,not set,15,0,18.80,3.71,0,42,14,43,high,normal,on,on,6.0,1.88,1.865,1.85
2018-01-08,00:29,not set,not set,not set,not set,0,not set,,,not set,not set,76.30,not set,not set,57.3,15.3,not set,not set,not set,not set,not set,not set,0,not set,24,0,18.80,3.76,0,42,14,43,high,normal,on,on,6.5,1.855,2.005,1.87
2018-01-08,00:30,not set,not set,not set,not set,0,not set,,,not set,not set,76.20,not set,not set,57.3,15.3,not set,not set,not set,not set,not set,not set,0,not set,24,0,18.80,3.72,0,42,14,43,high,normal,on,on,6.0,1.885,1.885,1.845
2018-01-08,00:30,not set,not set,not set,not set,0,not set,,,not set,not set,76.50,not set,not set,57.3,15.3,not set,not set,not set,not set,not set,not set,0,not set,168,0,18.80,5.25,0,42,13,43,high,normal,on,on,6.5,1.875,1.905,1.9
2018-01-08,00:31,not set,not set,not set,not set,0,not set,,,not set,not set,76.30,not set,not set,57.3,15.3,not set,not set,not set,not set,not set,not set,0,not set,187,0,18.80,6.30,0,42,13,43,high,normal,on,on,6.0,2.8,2.63,3.12
2018-01-08,00:31,not set,not set,not set,not set,0,not set,,,not set,not set,76.00,not set,not set,57.4,15.3,not set,not set,not set,not set,not set,not set,362,not set,188,0,18.80,6.56,347,42,13,43,high,normal,on,on,6.0,3.2,3.125,3.16
2018-01-08,00:32,not set,not set,not set,not set,300,not set,,,not set,not set,368,not set,not set,15.3,76.1,not set,not set,not set,not set,not set,not set,0,not set,188,18.80,46.50,0,42,13,45,13,high,normal,on,on,3.15,3.165,3.155,3.215
2018-01-08,00:32,not set,not set,not set,not set,250,not set,,,not set,not set,368,not set,not set,15.3,75.8,not set,not set,not set,not set,not set,not set,0,not set,187,0,18.80,6.36,42,42,13,43,high,normal,on,on,6.0,3.15,3.175,3.17
2018-01-08,00:32,not set,not set,not set,not set,0,not set,,,not set,not set,73.30,not set,not set,57.4,15.4,not set,not set,not set,not set,not set,not set,367,not set,193,0,18.80,6.37,258,43,13,43,high,normal,on,on,6.0,3.12,3.165,3.12
2018-01-08,00:33,not set,not set,not set,not set,263,not set,,,not set,not set,365,not set,not set,15.4,74.0,not set,not set,not set,not set,not set,not set,0,not set,184,18.80,46.70,0,42,13,43,13,high,normal,on,on,3.195,3.125,3.145,3.165
2018-01-08,00:33,not set,not set,not set,not set,252,not set,,,not set,not set,366,not set,not set,15.4,73.9,not set,not set,not set,not set,not set,not set,0,not set,187,0,18.70,6.28,42,42,13,44,high,normal,on,on,6.5,3.225,3.15,3.165
2018-01-08,00:34,not set,not set,not set,not set,0,not set,,,not set,not set,74.70,not set,not set,57.4,15.4,not set,not set,not set,not set,not set,not set,0,not set,200,0,18.70,6.43,277,42,13,43,high,normal,on,on,6.5,3.235,3.17,3.23
2018-01-08,00:34,not set,not set,not set,not set,262,not set,,,not set,not set,0,not set,not set,15.4,75.3,not set,not set,not set,not set,not set,not set,0,not set,182,18.70,46.70,0,42,13,44,12,high,normal,on,on,3.155,3.16,3.135,3.175
2018-01-08,00:35,not set,not set,not set,not set,308,not set,,,not set,not set,0,not set,not set,15.4,75.5,not set,not set,not set,not set,not set,not set,0,not set,192,0,18.80,6.16,42,42,13,44,high,normal,on,on,6.5,3.11,3.11,3.145
2018-01-08,00:35,not set,not set,not set,not set,0,not set,,,not set,not set,75.50,not set,not set,57.5,15.4,not set,not set,not set,not set,not set,not set,0,not set,188,0,18.80,5.73,317,43,13,44,high,normal,on,on,7.0,2.79,2.86,2.775
2018-01-08,00:35,not set,not set,not set,not set,0,not set,,,not set,not set,75.60,not set,not set,57.5,15.4,not set,not set,not set,not set,not set,not set,0,not set,5.60,0,18.70,200,317,43,13,44,high,normal,on,on,6.5,2.815,2.81,2.815
2018-01-08,00:36,not set,not set,not set,not set,0,not set,,,not set,not set,75.60,not set,not set,57.5,15.3,not set,not set,not set,not set,not set,not set,0,not set,200,0,18.80,5.73,314,42,14,44,high,normal,on,on,6.5,2.84,2.84,2.845
2018-01-08,00:36,not set,not set,not set,not set,0,not set,,,not set,not set,75.70,not set,not set,57.5,15.3,not set,not set,not set,not set,not set,not set,0,not set,201,0,18.80,7.14,312,43,12,44,high,normal,on,on,6.0,3.51,3.55,3.585
2018-01-08,00:37,not set,not set,not set,not set,0,not set,,,not set,not set,76.00,not set,not set,57.4,15.4,not set,not set,not set,not set,not set,not set,0,not set,225,0,18.80,7.15,317,43,13,45,high,normal,on,on,6.0,3.59,3.58,3.51
2018-01-08,00:37,not set,not set,not set,not set,0,not set,,,not set,not set,75.60,not set,not set,57.4,15.3,not set,not set,not set,not set,not set,not set,0,not set,199,0,18.80,36.70,314,43,13,44,high,normal,on,on,6.0,3.53,18.46,18.595
2018-01-08,00:37,not set,not set,not set,not set,0,not set,,,not set,not set,76.20,not set,not set,57.4,15.3,not set,not set,not set,not set,not set,not set,363,not set,191,0,18.80,36.64,356,43,13,44,high,normal,on,on,6.0,18.355,18.435,18.43
2018-01-08,00:38,not set,not set,not set,not set,0,not set,,,not set,not set,75.40,not set,not set,57.5,15.3,not set,not set,not set,not set,not set,not set,361,not set,207,0,18.90,5.84,353,42,13,44,high,normal,on,on,6.5,3.58,2.915,2.915
2018-01-08,00:38,not set,not set,not set,not set,0,not set,,,not set,not set,75.00,not set,not set,57.5,15.5,not set,not set,not set,not set,not set,not set,362,not set,167,0,18.80,35.55,355,43,13,44,high,normal,on,on,6.5,17.625,17.575,17.675
2018-01-08,00:39,not set,not set,not set,not set,0,not set,,,not set,not set,72.20,not set,not set,57.5,15.6,not set,not set,not set,not set,not set,not set,360,not set,196,0,18.80,5.73,357,44,14,44,high,normal,on,on,7.0,17.805,17.625,11.815
2018-01-08,00:39,not set,not set,not set,not set,0,not set,,,not set,not set,68.20,not set,not set,57.5,15.8,not set,not set,not set,not set,not set,not set,358,not set,194,0,18.90,35.15,358,44,13,43,high,normal,on,on,6.0,17.85,17.675,17.505
2018-01-08,00:40,not set,not set,not set,not set,359,not set,,,not set,not set,356,not set,not set,16.0,65.8,not set,not set,not set,not set,not set,not set,0,not set,200,18.80,46.00,0,44,14,44,13,high,normal,on,on,17.775,17.83,17.715,17.645
2018-01-08,00:40,not set,not set,not set,not set,352,not set,,,not set,not set,357,not set,not set,16.2,64.6,not set,not set,not set,not set,not set,not set,0,not set,192,18.90,45.90,0,44,13,43,13,high,normal,on,on,17.73,17.7,17.7,17.645
2018-01-08,00:40,not set,not set,not set,not set,352,not set,,,not set,not set,354,not set,not set,16.4,63.6,not set,not set,not set,not set,not set,not set,0,not set,200,18.90,45.90,0,45,14,44,12,high,normal,on,on,17.655,17.735,17.45,17.78
2018-01-08,00:41,not set,not set,not set,not set,354,not set,,,not set,not set,355,not set,not set,16.6,63.2,not set,not set,not set,not set,not set,not set,0,not set,200,18.90,46.10,0,44,14,44,12,high,normal,on,on,17.81,17.73,17.635,17.46
2018-01-08,00:41,not set,not set,not set,not set,353,not set,,,not set,not set,355,not set,not set,16.8,62.0,not set,not set,not set,not set,not set,not set,0,not set,197,18.90,46.60,0,44,14,44,12,high,normal,on,on,17.775,17.66,17.615,17.635
2018-01-08,00:42,not set,not set,not set,not set,344,not set,,,not set,not set,354,not set,not set,17.2,61.2,not set,not set,not set,not set,not set,not set,0,not set,200,18.90,46.70,0,44,14,43,13,high,normal,on,on,17.82,17.81,17.735,17.595
2018-01-08,00:42,not set,not set,not set,not set,150,not set,,,not set,not set,0,not set,not set,17.5,59.9,not set,not set,not set,not set,not set,not set,0,not set,198,18.90,46.70,0,44,14,43,12,high,normal,on,on,17.81,17.66,17.54,17.62
2018-01-08,00:43,not set,not set,not set,not set,153,not set,,,not set,not set,0,not set,not set,17.7,59.0,not set,not set,not set,not set,not set,not set,0,not set,200,18.80,46.60,0,44,14,44,13,high,normal,on,on,17.64,17.67,17.75,17.605
2018-01-08,00:43,not set,not set,not set,not set,155,not set,,,not set,not set,0,not set,not set,17.8,58.3,not set,not set,not set,not set,not set,not set,0,not set,0,18.80,46.80,0,45,14,43,12,high,normal,on,on,17.49,17.645,16.92,16.765
2018-01-08,00:44,not set,not set,not set,not set,147,not set,,,not set,not set,0,not set,not set,18.0,57.7,not set,not set,not set,not set,not set,not set,0,not set,24,18.90,46.90,0,44,15,44,12,high,normal,on,on,16.795,16.755,16.815,17.035
2018-01-08,00:44,not set,not set,not set,not set,133,not set,,,not set,not set,0,not set,not set,18.2,57.1,not set,not set,not set,not set,not set,not set,0,not set,32,18.90,47.00,0,44,14,43,13,high,normal,on,on,16.755,16.795,17.055,16.885
2018-01-08,00:44,not set,not set,not set,not set,386,not set,,,not set,not set,356,not set,not set,18.3,56.6,not set,not set,not set,not set,not set,not set,0,not set,22,18.90,47.00,0,43,14,43,12,high,normal,on,on,16.815,16.935,16.685,17.035
2018-01-08,00:45,not set,not set,not set,not set,299,not set,,,not set,not set,357,not set,not set,18.4,56.2,not set,not set,not set,not set,not set,not set,0,not set,0,18.90,46.80,0,43,14,43,12,high,normal,on,on,16.865,16.695,16.76,16.98
2018-01-08,00:45,not set,not set,not set,not set,295,not set,,,not set,not set,356,not set,not set,18.3,56.3,not set,not set,not set,not set,not set,not set,0,not set,24,18.90,46.80,0,43,14,43,12,high,normal,on,on,16.9,16.82,16.815,16.775
2018-01-08,00:46,not set,not set,not set,not set,297,not set,,,not set,not set,357,not set,not set,18.1,56.7,not set,not set,not set,not set,not set,not set,0,not set,7,18.90,46.90,0,43,14,43,13,high,normal,on,on,16.775,16.615,16.88,16.865
2018-01-08,00:46,not set,not set,not set,not set,325,not set,,,not set,not set,356,not set,not set,17.9,57.2,not set,not set,not set,not set,not set,not set,0,not set,10,18.90,47.10,0,43,14,43,12,high,normal,on,on,16.685,16.835,16.05,16.275
2018-01-08,00:47,not set,not set,not set,not set,7,not set,,,not set,not set,0,not set,not set,17.8,57.7,not set,not set,not set,not set,not set,not set,0,not set,28,18.90,47.00,0,44,14,43,12,high,normal,on,on,16.13,16.17,16.25,16.25
2018-01-08,00:47,not set,not set,not set,not set,4,not set,,,not set,not set,0,not set,not set,17.6,58.2,not set,not set,not set,not set,not set,not set,0,not set,184,18.90,47.00,0,43,14,43,12,high,normal,on,on,8.86,8.75,8.895,8.885
2018-01-08,00:48,not set,not set,not set,not set,7,not set,,,not set,not set,0,not set,not set,17.4,58.8,not set,not set,not set,not set,not set,not set,0,not set,187,19.00,46.90,0,43,14,43,12,high,normal,on,on,9.62,9.63,9.59,9.52
2018-01-08,00:48,not set,not set,not set,not set,6,not set,,,not set,not set,0,not set,not set,17.2,59.4,not set,not set,not set,not set,not set,not set,0,not set,19.00,0,18.90,192,43,44,14,43,high,normal,on,on,6.5,9.575,9.56,9.595
2018-01-08,00:48,not set,not set,not set,not set,0,not set,,,not set,not set,60.20,not set,not set,58.2,17.0,not set,not set,not set,not set,not set,not set,0,not set,200,0,18.90,19.29,4,43,14,43,high,normal,on,on,6.0,9.535,9.515,9.53
2018-01-08,00:49,not set,not set,not set,not set,4,not set,,,not set,not set,0,not set,not set,16.8,61.1,not set,not set,not set,not set,not set,not set,0,not set,162,18.90,47.10,0,43,14,43,13,high,normal,on,on,9.605,9.47,9.585,9.51
2018-01-08,00:49,not set,not set,not set,not set,7,not set,,,not set,not set,0,not set,not set,16.6,62.4,not set,not set,not set,not set,not set,not set,0,not set,182,18.90,46.80,0,43,14,44,12,high,normal,on,on,9.575,9.625,9.61,9.58
2018-01-08,00:50,not set,not set,not set,not set,3,not set,,,not set,not set,0,not set,not set,16.5,63.4,not set,not set,not set,not set,not set,not set,0,not set,193,18.90,46.90,0,43,14,43,13,high,normal,on,on,9.625,9.56,9.52,9.55
2018-01-08,00:50,not set,not set,not set,not set,2,not set,,,not set,not set,0,not set,not set,16.3,64.1,not set,not set,not set,not set,not set,not set,0,not set,192,18.90,47.20,0,43,14,43,12,high,normal,on,on,9.515,9.59,9.575,9.63
2018-01-08,00:51,not set,not set,not set,not set,4,not set,,,not set,not set,0,not set,not set,16.2,64.7,not set,not set,not set,not set,not set,not set,0,not set,192,18.90,46.50,0,43,14,43,12,high,normal,on,on,9.615,9.515,9.465,9.6
2018-01-08,00:51,not set,not set,not set,not set,7,not set,,,not set,not set,0,not set,not set,16.1,65.6,not set,not set,not set,not set,not set,not set,0,not set,183,18.90,46.50,0,44,14,43,12,high,normal,on,on,9.585,9.505,9.455,9.505
2018-01-08,00:52,not set,not set,not set,not set,4,not set,,,not set,not set,0,not set,not set,16.0,66.5,not set,not set,not set,not set,not set,not set,0,not set,180,18.80,47.00,0,43,14,43,13,high,normal,on,on,9.52,9.5,9.505,9.485
2018-01-08,00:52,not set,not set,not set,not set,3,not set,,,not set,not set,0,not set,not set,15.9,67.0,not set,not set,not set,not set,not set,not set,0,not set,188,18.80,47.00,0,43,14,43,12,high,normal,on,on,9.395,9.52,9.57,9.62
2018-01-08,00:53,not set,not set,not set,not set,7,not set,,,not set,not set,0,not set,not set,15.8,67.5,not set,not set,not set,not set,not set,not set,0,not set,188,18.80,47.30,0,43,14,43,13,high,normal,on,on,9.475,9.55,9.525,9.61
2018-01-08,00:53,not set,not set,not set,not set,3,not set,,,not set,not set,0,not set,not set,15.7,68.0,not set,not set,not set,not set,not set,not set,0,not set,183,18.80,47.30,0,43,14,43,13,high,normal,on,on,9.535,9.435,9.475,9.55
2018-01-08,00:54,not set,not set,not set,not set,4,not set,,,not set,not set,0,not set,not set,15.7,68.9,not set,not set,not set,not set,not set,not set,0,not set,195,18.80,47.20,0,43,15,43,13,high,normal,on,on,9.63,9.515,9.41,9.495
2018-01-08,00:54,not set,not set,not set,not set,3,not set,,,not set,not set,0,not set,not set,15.7,69.8,not set,not set,not set,not set,not set,not set,0,not set,188,18.70,47.20,0,43,14,43,12,high,normal,on,on,9.575,9.455,9.785,9.805
2018-01-08,00:55,not set,not set,not set,not set,3,not set,,,not set,not set,0,not set,not set,15.6,69.6,not set,not set,not set,not set,not set,not set,0,not set,16,18.70,47.20,0,43,14,43,13,high,normal,on,on,8.9,8.975,8.925,8.985
2018-01-08,00:55,not set,not set,not set,not set,2,not set,,,not set,not set,0,not set,not set,15.6,70.1,not set,not set,not set,not set,not set,not set,0,not set,3,18.70,47.50,0,43,14,42,13,high,normal,on,on,1.725,1.705,1.73,1.71
2018-01-08,00:56,not set,not set,not set,not set,1,not set,,,not set,not set,0,not set,not set,15.6,71.2,not set,not set,not set,not set,not set,not set,0,not set,8,18.70,47.30,0,43,14,43,12,high,normal,on,on,1.735,1.71,1.715,1.725
2018-01-08,00:56,not set,not set,not set,not set,6,not set,,,not set,not set,0,not set,not set,15.5,71.2,not set,not set,not set,not set,not set,not set,0,not set,9,18.70,47.50,0,43,14,43,12,high,normal,on,on,1.72,1.725,1.735,1.73
2018-01-08,00:57,not set,not set,not set,not set,3,not set,,,not set,not set,0,not set,not set,15.5,72.3,not set,not set,not set,not set,not set,not set,0,not set,4,18.60,47.30,0,43,14,43,12,high,normal,on,on,1.705,1.77,1.715,1.71
2018-01-08,00:57,not set,not set,not set,not set,6,not set,,,not set,not set,0,not set,not set,15.5,72.1,not set,not set,not set,not set,not set,not set,0,not set,3,18.60,47.10,0,43,14,43,12,high,normal,on,on,1.71,1.745,1.71,1.71
2018-01-08,00:58,not set,not set,not set,not set,4,not set,,,not set,not set,0,not set,not set,15.5,71.9,not set,not set,not set,not set,not set,not set,0,not set,4,18.60,46.80,0,43,15,42,13,high,normal,on,on,1.72,1.815,1.745,1.715
2018-01-08,00:58,not set,not set,not set,not set,4,not set,,,not set,not set,0,not set,not set,15.5,72.3,not set,not set,not set,not set,not set,not set,0,not set,19,18.60,47.40,0,43,14,43,12,high,normal,on,on,1.7,1.74,1.705,1.705
2018-01-08,00:59,not set,not set,not set,not set,5,not set,,,not set,not set,0,not set,not set,15.5,72.6,not set,not set,not set,not set,not set,not set,0,not set,12,18.60,47.20,0,43,15,43,12,high,normal,on,on,1.705,1.695,1.71,1.76
2018-01-08,00:59,not set,not set,not set,not set,7,not set,,,not set,not set,0,not set,not set,15.4,72.5,not set,not set,not set,not set,not set,not set,0,not set,179,18.60,47.20,0,44,15,42,12,high,normal,on,on,2.335,2.335,2.365,2.32
2018-01-08,01:00,not set,not set,not set,not set,3,not set,,,not set,not set,0,not set,not set,15.4,72.6,not set,not set,not set,not set,not set,not set,0,not set,179,18.50,47.30,0,43,14,43,12,high,normal,on,on,2.335,2.36,2.32,2.335
2018-01-08,01:00,not set,not set,not set,not set,2,not set,,,not set,not set,0,not set,not set,15.4,72.8,not set,not set,not set,not set,not set,not set,0,not set,190,18.50,47.30,0,43,15,42,13,high,normal,on,on,2.365,2.38,2.49,2.525
2018-01-08,01:01,not set,not set,not set,not set,4,not set,,,not set,not set,0,not set,not set,15.4,73.2,not set,not set,not set,not set,not set,not set,0,not set,188,18.50,47.10,0,43,14,42,12,high,normal,on,on,2.46,2.52,2.54,2.56
2018-01-08,01:01,not set,not set,not set,not set,5,not set,,,not set,not set,0,not set,not set,15.4,72.8,not set,not set,not set,not set,not set,not set,0,not set,185,18.40,47.30,0,43,15,43,12,high,normal,on,on,2.34,2.325,2.345,2.355
2018-01-08,01:02,not set,not set,not set,not set,5,not set,,,not set,not set,0,not set,not set,15.4,72.8,not set,not set,not set,not set,not set,not set,0,not set,197,18.40,47.20,0,43,15,42,12,high,normal,on,on,2.345,2.33,2.36,2.325
2018-01-08,01:02,not set,not set,not set,not set,2,not set,,,not set,not set,0,not set,not set,15.4,73.2,not set,not set,not set,not set,not set,not set,0,not set,12,18.40,47.40,0,43,15,42,12,high,normal,on,on,2.325,2.31,1.73,1.73
2018-01-08,01:03,not set,not set,not set,not set,5,not set,,,not set,not set,0,not set,not set,15.4,73.0,not set,not set,not set,not set,not set,not set,0,not set,12,18.40,47.40,0,43,14,42,12,high,normal,on,on,1.74,1.705,1.71,1.71
2018-01-08,01:03,not set,not set,not set,not set,3,not set,,,not set,not set,0,not set,not set,15.4,73.3,not set,not set,not set,not set,not set,not set,0,not set,16,18.30,47.30,0,43,14,42,12,high,normal,on,on,1.73,1.695,1.78,1.715
2018-01-08,01:04,not set,not set,not set,not set,3,not set,,,not set,not set,0,not set,not set,15.4,73.5,not set,not set,not set,not set,not set,not set,0,not set,17,0,18.30,3.47,43,43,15,43,high,normal,on,on,6.0,1.815,1.765,1.72
2018-01-08,01:04,not set,not set,not set,not set,5,not set,,,not set,not set,0,not set,not set,15.4,73.7,not set,not set,not set,not set,not set,not set,0,not set,3,0,18.30,3.54,43,43,15,43,high,normal,on,on,6.5,1.71,1.765,1.73
2018-01-08,01:04,not set,not set,not set,not set,2,not set,,,not set,not set,0,not set,not set,15.4,73.5,not set,not set,not set,not set,not set,not set,0,not set,8,18.30,47.30,0,43,14,42,12,high,normal,on,on,1.72,1.745,1.725,1.705
2018-01-08,01:05,not set,not set,not set,not set,5,not set,,,not set,not set,0,not set,not set,15.4,73.9,not set,not set,not set,not set,not set,not set,0,not set,17,18.30,47.60,0,42,15,42,12,high,normal,on,on,1.72,1.71,1.73,1.72
2018-01-08,01:05,not set,not set,not set,not set,2,not set,,,not set,not set,0,not set,not set,15.3,73.8,not set,not set,not set,not set,not set,not set,0,not set,12,18.20,47.50,0,43,14,42,12,high,normal,on,on,1.75,1.77,1.74,1.755
2018-01-08,01:06,not set,not set,not set,not set,3,not set,,,not set,not set,0,not set,not set,15.4,74.0,not set,not set,not set,not set,not set,not set,0,not set,8,18.20,47.60,0,43,15,42,12,high,normal,on,on,1.725,1.715,1.755,1.87
2018-01-08,01:14,not set,not set,not set,not set,2,not set,,,not set,not set,0,not set,not set,15.3,74.6,not set,10.0,not set,not set,16.4,57.8,0,not set,2,18.00,47.90,0,43,15,42,13,high,normal,on,on,1.745,1.73,1.75,1.725
2018-01-08,01:18,not set,not set,not set,not set,2,not set,,,not set,not set,0,not set,not set,15.3,74.2,not set,10.0,not set,not set,16.4,57.6,0,not set,22.0,17.8,49.3,1,17.80,47.90,0,43,15,41,13,high,normal,on,on,1.83,1.855,1.855,1.81
2018-01-08,01:19,not set,not set,not set,not set,2,not set,,,not set,not set,0,not set,not set,15.3,74.7,not set,9.0,not set,not set,16.3,57.6,0,not set,23.0,17.9,49.4,8,17.90,48.10,0,43,15,42,12,high,normal,on,on,1.7,1.735,1.74,1.71
2018-01-08,01:19,not set,not set,not set,not set,2,not set,,,not set,not set,0,not set,not set,15.3,74.9,not set,10.0,not set,not set,16.3,57.6,0,not set,23.0,17.8,49.5,8,17.80,47.90,0,43,15,41,12,high,normal,on,on,1.725,1.71,1.76,1.705
2018-01-08,01:20,not set,not set,not set,not set,5,not set,,,not set,not set,0,not set,not set,15.3,74.7,not set,10.0,not set,not set,16.3,57.6,0,not set,29.0,17.8,49.5,12,17.80,48.10,0,43,15,41,12,high,normal,on,on,1.71,1.75,1.865,1.71
2018-01-08,01:20,not set,not set,not set,not set,6,not set,,,not set,not set,0,not set,not set,15.3,74.8,not set,9.0,not set,not set,16.3,57.6,0,not set,33.0,17.8,49.5,6,17.80,48.00,0,43,15,41,12,high,normal,on,on,1.735,1.735,1.825,1.715
2018-01-08,01:21,not set,not set,not set,not set,4,not set,,,not set,not set,0,not set,not set,15.3,74.7,not set,9.0,not set,not set,16.3,57.6,0,not set,31.0,17.8,49.7,8,17.80,48.10,0,43,15,41,13,high,normal,on,on,1.73,1.72,1.73,1.72
2018-01-08,01:21,not set,not set,not set,not set,6,not set,,,not set,not set,0,not set,not set,15.3,74.6,not set,10.0,not set,not set,16.3,57.7,0,not set,21.0,17.7,49.6,17,17.80,48.10,0,43,15,41,12,high,normal,on,on,1.71,1.72,1.74,1.72
2018-01-08,01:21,not set,not set,not set,not set,5,not set,,,not set,not set,0,not set,not set,15.3,74.8,not set,10.0,not set,not set,16.3,57.7,0,not set,28.0,17.7,49.7,12,17.80,48.00,0,43,15,41,12,high,normal,on,on,1.74,1.72,1.735,1.69
2018-01-08,01:22,not set,not set,not set,not set,2,not set,,,not set,not set,0,not set,not set,15.3,74.7,not set,10.0,not set,not set,16.3,57.6,0,not set,42.0,17.7,49.7,8,17.70,47.90,0,43,15,41,12,high,normal,on,on,1.74,1.78,1.715,1.79
2018-01-08,01:23,not set,not set,not set,not set,5,not set,,,not set,not set,0,not set,not set,15.3,74.6,not set,10.0,not set,not set,16.3,57.5,0,not set,32.0,17.7,49.3,3,17.70,48.00,0,43,15,41,13,high,normal,on,on,1.73,1.725,1.745,1.74
2018-01-08,01:23,not set,not set,not set,not set,4,not set,,,not set,not set,0,not set,not set,15.2,74.4,not set,9.0,not set,not set,16.3,57.6,0,not set,37.0,17.8,49.3,17,17.70,48.00,0,43,14,42,12,high,normal,on,on,1.725,1.715,1.71,1.705
2018-01-08,01:24,not set,not set,not set,not set,4,not set,,,not set,not set,0,not set,not set,15.2,74.4,not set,9.0,not set,not set,16.3,57.6,0,not set,35.0,17.8,49.4,12,17.70,48.10,0,43,15,41,13,high,normal,on,on,1.72,1.76,1.74,1.73
2018-01-08,01:24,not set,not set,not set,not set,6,not set,,,not set,not set,0,not set,not set,15.3,74.7,not set,10.0,not set,not set,16.2,57.5,0,not set,42.0,17.7,49.5,12,17.70,48.00,0,43,15,41,12,high,normal,on,on,1.815,1.865,1.825,1.79
2018-01-08,01:24,not set,not set,not set,not set,5,not set,,,not set,not set,0,not set,not set,15.2,74.5,not set,10.0,not set,not set,16.2,57.5,0,not set,33.0,17.7,49.4,12,17.70,47.90,0,43,15,41,12,high,normal,on,on,1.755,1.735,1.705,1.715
2018-01-08,01:25,not set,not set,not set,not set,7,not set,,,not set,not set,0,not set,not set,15.3,74.7,not set,10.0,not set,not set,16.2,57.5,0,not set,23.0,17.8,49.5,33,17.70,47.90,0,43,15,41,12,high,normal,on,on,1.695,1.765,1.73,1.725
2018-01-08,01:25,not set,not set,not set,not set,2,not set,,,not set,not set,0,not set,not set,15.3,74.7,not set,10.0,not set,not set,16.2,57.5,0,not set,21.0,17.8,49.5,16,17.70,48.10,0,43,15,41,12,high,normal,on,on,1.87,1.73,1.71,1.745
2018-01-08,01:26,not set,not set,not set,not set,6,not set,,,not set,not set,0,not set,not set,15.3,74.6,not set,10.0,not set,not set,16.2,57.5,0,not set,16.0,17.7,49.3,16,17.70,48.10,0,43,15,41,13,high,normal,on,on,1.735,1.695,1.725,1.7
2018-01-08,01:26,not set,not set,not set,not set,3,not set,,,not set,not set,0,not set,not set,15.2,74.6,not set,10.0,not set,not set,16.3,57.6,0,not set,18.0,17.7,49.1,6,17.70,48.10,0,43,15,41,12,high,normal,on,on,1.725,1.755,1.735,1.75
2018-01-08,01:27,not set,not set,not set,not set,2,not set,,,not set,not set,0,not set,not set,15.3,74.7,not set,10.0,not set,not set,16.2,57.5,0,not set,19.0,17.7,49.2,12,17.70,48.10,0,43,15,41,12,high,normal,on,on,1.74,1.76,1.725,1.735
2018-01-08,01:27,not set,not set,not set,not set,3,not set,,,not set,not set,0,not set,not set,15.3,74.5,not set,10.0,not set,not set,16.3,57.6,0,not set,19.0,17.7,49.1,2,17.60,48.00,0,43,14,42,12,high,normal,on,on,1.76,1.715,1.715,1.71
2018-01-08,01:28,not set,not set,not set,not set,3,not set,,,not set,not set,0,not set,not set,15.3,74.5,not set,10.0,not set,not set,16.2,57.5,0,not set,19.0,17.8,49.1,4,17.60,48.00,0,43,15,41,12,high,normal,on,on,1.765,1.755,1.72,1.75
2018-01-08,01:28,not set,not set,not set,not set,2,not set,,,not set,not set,0,not set,not set,15.2,74.5,not set,10.0,not set,not set,16.2,57.5,0,not set,16.0,17.7,49.3,17,17.60,47.90,0,43,15,41,13,high,normal,on,on,1.73,1.71,1.745,1.78
2018-01-08,01:28,not set,not set,not set,not set,1,not set,,,not set,not set,0,not set,not set,15.2,74.6,not set,9.0,not set,not set,16.2,57.4,0,not set,19.0,17.7,49.1,12,17.60,47.90,0,43,15,41,12,high,normal,on,on,1.71,1.74,1.765,1.745
2018-01-08,01:29,not set,not set,not set,not set,1,not set,,,not set,not set,0,not set,not set,15.2,74.4,not set,10.0,not set,not set,16.2,57.5,0,not set,18.0,17.7,49.2,4,17.60,48.00,0,43,15,41,12,high,normal,on,on,1.755,1.75,1.75,1.725
2018-01-08,01:29,not set,not set,not set,not set,3,not set,,,not set,not set,0,not set,not set,15.2,74.4,not set,10.0,not set,not set,16.2,57.4,0,not set,16.0,17.7,49.5,8,17.60,48.10,0,43,16,41,13,high,normal,on,on,1.75,1.715,1.725,1.76
2018-01-08,01:30,not set,not set,not set,not set,3,not set,,,not set,not set,0,not set,not set,15.2,74.4,not set,9.0,not set,not set,16.2,57.5,0,not set,16.0,17.7,49.3,12,17.60,48.20,0,43,15,41,12,high,normal,on,on,1.765,1.725,1.78,1.74
2018-01-08,01:30,not set,not set,not set,not set,2,not set,,,not set,not set,0,not set,not set,15.2,74.5,not set,10.0,not set,not set,16.2,57.5,0,not set,18.0,17.7,49.2,8,17.60,48.20,0,43,15,41,12,high,normal,on,on,1.725,1.735,1.705,1.745
2018-01-08,01:31,not set,not set,not set,not set,1,not set,,,not set,not set,0,not set,not set,15.2,74.7,not set,9.0,not set,not set,16.2,57.5,0,not set,21.0,17.7,49.0,3,17.60,48.10,0,43,15,41,12,high,normal,on,on,1.7,1.745,1.7,1.695
2018-01-08,01:31,not set,not set,not set,not set,3,not set,,,not set,not set,0,not set,not set,15.2,74.6,not set,10.0,not set,not set,16.2,57.5,0,not set,17.0,17.7,49.1,2,17.60,48.10,0,43,15,41,12,high,normal,on,on,1.685,1.71,1.775,1.745
2018-01-08,01:32,not set,not set,not set,not set,2,not set,,,not set,not set,0,not set,not set,15.2,74.6,not set,9.0,not set,not set,16.2,57.5,0,not set,19.0,17.7,49.1,8,17.60,48.00,0,43,15,41,12,high,normal,on,on,1.73,1.76,1.725,1.76
2018-01-08,01:32,not set,not set,not set,not set,10,not set,,,not set,not set,0,not set,not set,15.2,74.4,not set,10.0,not set,not set,16.2,57.4,0,not set,20.0,17.7,49.4,20,17.60,48.00,0,43,15,42,12,high,normal,on,on,1.73,1.72,1.71,2.43
2018-01-08,01:32,not set,not set,not set,not set,294,not set,,,not set,not set,0,not set,not set,15.2,74.6,not set,10.0,not set,not set,16.2,57.4,0,not set,721.0,17.7,49.8,185,17.60,48.10,0,43,15,41,12,high,normal,on,on,2.825,2.84,2.81,2.88
2018-01-08,01:33,not set,not set,not set,not set,264,not set,,,not set,not set,0,not set,not set,15.2,74.5,not set,515.0,not set,not set,16.2,57.4,0,not set,716.0,17.7,50.5,192,17.60,48.10,0,42,15,41,12,high,normal,on,on,2.82,2.86,2.805,2.825
2018-01-08,01:33,not set,not set,not set,not set,289,not set,,,not set,not set,0,not set,not set,15.2,74.5,not set,518.0,not set,not set,16.2,57.4,0,not set,713.0,17.7,49.8,196,17.60,47.90,0,43,15,41,12,high,normal,on,on,2.79,2.82,2.775,2.79
2018-01-08,01:34,not set,not set,not set,not set,292,not set,,,not set,not set,0,not set,not set,15.2,74.4,not set,524.0,not set,not set,16.2,57.4,0,not set,707.0,17.7,49.4,183,17.50,48.10,0,43,15,41,12,high,normal,on,on,2.955,2.83,2.82,2.825
2018-01-08,01:34,not set,not set,not set,not set,295,not set,,,not set,not set,0,not set,not set,15.2,74.6,not set,513.0,not set,not set,16.2,57.5,0,not set,720.0,17.7,49.4,200,17.50,47.70,0,43,43,15,41,high,normal,on,on,6.0,2.82,2.835,2.815
2018-01-08,01:35,not set,not set,not set,not set,0,not set,,,not set,not set,74.60,not set,not set,57.3,15.2,not set,47.9,not set,not set,0.0,16.2,0,not set,706.0,5.63,17.7,49.30,0,17.50,187,298,43,16,41,high,normal,on,on,6.0,2.785,2.84,2.795
2018-01-08,01:35,not set,not set,not set,not set,297,not set,,,not set,not set,0,not set,not set,15.2,74.6,not set,47.8,not set,not set,16.2,57.3,0,not set,706.0,5.61,17.6,49.40,0,17.50,196,43,15,40,12,high,normal,on,on,2.805,2.775,2.785,2.81
2018-01-08,01:35,not set,not set,not set,not set,298,not set,,,not set,not set,0,not set,not set,15.2,74.7,not set,511.0,not set,not set,16.2,57.3,0,not set,714.0,17.6,49.4,196,17.60,47.90,0,43,43,15,41,high,normal,on,on,6.0,2.82,2.82,2.13
2018-01-08,01:36,not set,not set,not set,not set,0,not set,,,not set,not set,74.60,not set,not set,57.4,15.2,not set,47.8,not set,not set,0.0,16.3,0,not set,710.0,4.27,17.6,49.50,0,17.50,33,301,43,15,41,high,normal,on,on,6.0,2.095,2.145,2.15
2018-01-08,01:36,not set,not set,not set,not set,0,not set,,,not set,not set,74.60,not set,not set,57.5,15.2,not set,47.7,not set,not set,0.0,16.3,0,not set,707.0,4.29,17.6,49.50,0,17.50,15,301,42,15,41,high,normal,on,on,6.0,2.26,2.145,2.145
2018-01-08,01:37,not set,not set,not set,not set,304,not set,,,not set,not set,0,not set,not set,15.2,74.4,not set,47.7,not set,not set,16.3,57.5,0,not set,706.0,4.3,17.6,49.50,0,17.50,28,43,15,41,12,high,normal,on,on,2.135,2.14,2.13,2.14
2018-01-08,01:37,not set,not set,not set,not set,301,not set,,,not set,not set,0,not set,not set,15.2,74.5,not set,513.0,not set,not set,16.3,57.5,0,not set,698.0,17.5,49.4,19,17.50,47.70,0,43,15,41,12,high,normal,on,on,2.125,2.145,2.135,2.135
2018-01-08,01:38,not set,not set,not set,not set,291,not set,,,not set,not set,0,not set,not set,15.2,74.4,not set,504.0,not set,not set,16.3,57.6,0,not set,701.0,17.5,49.6,24,17.50,47.70,0,43,15,40,12,high,normal,on,on,2.175,2.23,2.18,2.16
2018-01-08,01:38,not set,not set,not set,not set,355,not set,,,not set,not set,366,not set,not set,15.2,74.3,not set,506.0,not set,not set,16.3,57.6,0,not set,698.0,17.5,49.6,49,17.50,47.90,0,43,15,41,13,high,normal,on,on,2.175,2.185,2.18,2.17
2018-01-08,01:38,not set,not set,not set,not set,274,not set,,,not set,not set,372,not set,not set,15.2,74.3,not set,510.0,not set,not set,16.3,57.6,0,not set,711.0,17.5,49.7,14,17.50,47.80,0,46,15,42,12,high,normal,on,on,2.155,2.145,2.165,2.165
2018-01-08,01:39,not set,not set,not set,not set,297,not set,,,not set,not set,371,not set,not set,15.3,71.0,not set,509.0,not set,not set,16.3,57.6,0,not set,708.0,17.5,49.7,25,17.50,47.80,0,46,15,41,13,high,normal,on,on,2.145,2.175,2.16,2.175
2018-01-08,01:39,not set,not set,not set,not set,306,not set,,,not set,not set,368,not set,not set,15.3,71.2,not set,503.0,not set,not set,16.3,57.6,0,not set,705.0,17.5,49.8,11,17.50,47.70,0,46,16,41,12,high,normal,on,on,2.175,2.18,2.19,2.165
2018-01-08,01:40,not set,not set,not set,not set,310,not set,,,not set,not set,366,not set,not set,15.4,70.9,not set,517.0,not set,not set,16.3,57.6,0,not set,693.0,17.5,49.7,28,17.50,47.80,0,46,15,40,12,high,normal,on,on,2.215,2.175,2.165,2.14
2018-01-08,01:40,not set,not set,not set,not set,302,not set,,,not set,not set,367,not set,not set,15.4,71.4,not set,513.0,not set,not set,16.3,57.6,0,not set,700.0,17.5,49.6,24,17.40,47.70,0,46,15,40,12,high,normal,on,on,2.145,2.145,2.215,2.135
2018-01-08,01:41,not set,not set,not set,not set,303,not set,,,not set,not set,0,not set,not set,15.4,71.9,not set,505.0,not set,not set,16.4,57.7,0,not set,705.0,17.5,49.5,57,17.40,47.60,0,45,16,41,12,high,normal,on,on,2.14,2.14,2.17,2.14
2018-01-08,01:41,not set,not set,not set,not set,301,not set,,,not set,not set,0,not set,not set,15.4,72.4,not set,503.0,not set,not set,16.3,57.6,0,not set,706.0,17.4,49.5,24,17.40,47.60,0,46,15,40,12,high,normal,on,on,2.165,2.145,2.14,2.155
2018-01-08,01:42,not set,not set,not set,not set,302,not set,,,not set,not set,0,not set,not set,15.4,72.8,not set,511.0,not set,not set,16.3,57.6,0,not set,706.0,17.4,49.7,19,17.40,47.90,0,45,15,40,13,high,normal,on,on,2.14,2.155,2.105,2.195
2018-01-08,01:42,not set,not set,not set,not set,304,not set,,,not set,not set,0,not set,not set,15.3,73.1,not set,502.0,not set,not set,16.4,57.7,0,not set,701.0,17.4,49.8,11,17.40,48.00,0,45,15,41,12,high,normal,on,on,2.17,2.115,2.125,2.145
2018-01-08,01:42,not set,not set,not set,not set,304,not set,,,not set,not set,0,not set,not set,15.3,73.0,not set,510.0,not set,not set,16.3,57.6,0,not set,691.0,17.4,49.8,28,17.40,47.80,0,45,15,40,12,high,normal,on,on,2.14,2.125,2.13,2.12
2018-01-08,01:43,not set,not set,not set,not set,302,not set,,,not set,not set,0,not set,not set,15.3,73.0,not set,513.0,not set,not set,16.4,57.7,0,not set,699.0,17.4,49.8,25,17.40,47.90,0,44,16,41,12,high,normal,on,on,2.105,2.115,2.125,2.15
2018-01-08,01:43,not set,not set,not set,not set,386,not set,,,not set,not set,0,not set,not set,15.3,73.5,not set,507.0,not set,not set,16.4,57.7,0,not set,688.0,17.4,49.9,0,17.40,47.80,0,44,15,41,12,high,normal,on,on,2.135,2.12,2.125,2.155
2018-01-08,01:44,not set,not set,not set,not set,306,not set,,,not set,not set,0,not set,not set,15.3,73.3,not set,511.0,not set,not set,16.3,57.6,0,not set,689.0,17.4,50.0,24,17.40,47.70,0,44,15,40,12,high,normal,on,on,3.265,3.22,,3.265
2018-01-08,01:44,not set,not set,not set,not set,0,not set,,,not set,not set,73.80,not set,not set,57.7,15.3,not set,48.0,not set,not set,0.0,16.4,0,not set,6.53,707.0,17.4,49.90,0,17.40,188,278,44,15,40,high,normal,on,on,6.0,3.27,3.195,3.215
2018-01-08,01:45,not set,not set,not set,not set,0,not set,,,not set,not set,73.50,not set,not set,57.7,15.3,not set,48.1,not set,not set,1.0,16.4,0,not set,703.0,6.37,17.4,49.80,0,17.40,188,302,44,16,40,high,normal,on,on,,6.0,3.17,
2018-01-08,01:45,not set,not set,not set,not set,74.10,not set,,,not set,not set,57.50,not set,not set,1.0,16.4,not set,0.0,not set,not set,47.9,510.0,15.20,not set,6.44,699.0,6.35,17.40,49.80,182,6.54,0,0,303,44,high,normal,on,on,7.5,20.0,6.0,3.21
2018-01-08,01:45,not set,not set,not set,not set,74.00,not set,,,not set,not set,57.50,not set,not set,0.0,16.4,not set,0.0,not set,not set,47.7,510.0,15.30,not set,6.41,6.39,695.0,6.31,49.80,189,17.40,0,0,301,44,high,normal,on,on,7.5,20.5,6.5,3.15
2018-01-08,01:46,not set,not set,not set,not set,73.90,not set,,,not set,not set,57.40,not set,not set,0.0,16.4,not set,0.0,not set,not set,47.5,504.0,15.20,not set,6.43,6.32,6.32,707,49.80,188,17.40,0,0,299,44,high,normal,on,on,7.5,20.0,6.0,3.26
2018-01-08,01:46,not set,not set,not set,not set,73.90,not set,,,not set,not set,57.30,not set,not set,0.0,16.4,not set,0.0,not set,not set,47.5,506.0,15.20,not set,6.3,6.43,706.0,6.40,49.50,191,17.40,0,0,298,44,high,normal,on,on,8.0,20.0,6.5,3.21
2018-01-08,01:47,not set,not set,not set,not set,74.10,not set,,,not set,not set,57.40,not set,not set,0.0,16.4,not set,0.0,not set,not set,47.5,508.0,15.20,not set,6.37,6.26,688.0,6.33,49.40,190,17.30,0,0,304,44,high,normal,on,on,7.5,20.0,6.0,2.81
2018-01-08,01:47,not set,not set,not set,not set,74.00,not set,,,not set,not set,57.40,not set,not set,0.0,16.4,not set,0.0,not set,not set,47.5,500.0,15.20,not set,5.51,5.57,687.0,5.99,49.50,196,17.30,0,0,298,44,high,normal,on,on,7.5,20.0,6.0,2.775
2018-01-08,01:47,not set,not set,not set,not set,74.00,not set,,,not set,not set,57.40,not set,not set,0.0,16.4,not set,0.0,not set,not set,47.5,507.0,15.20,not set,5.46,5.52,703.0,5.48,49.60,19,17.30,0,0,301,43,high,normal,on,on,7.5,20.0,6.0,2.02
2018-01-08,01:48,not set,not set,not set,not set,74.30,not set,,,not set,not set,57.40,not set,not set,0.0,16.4,not set,0.0,not set,not set,47.4,508.0,15.20,not set,4.01,3.95,686.0,4.04,49.70,11,17.30,0,0,379,44,high,normal,on,on,8.0,20.5,6.5,2.095
2018-01-08,01:48,not set,not set,not set,not set,74.60,not set,,,not set,not set,57.40,not set,not set,0.0,16.4,not set,0.0,not set,not set,47.4,510.0,15.20,not set,4.26,4.24,702.0,4.18,49.70,26,17.30,0,0,759,44,high,normal,on,on,7.5,20.0,6.0,2.115
2018-01-08,01:49,not set,not set,not set,not set,74.40,not set,,,not set,not set,57.40,not set,not set,0.0,16.4,not set,0.0,not set,not set,47.3,501.0,15.20,not set,4.22,4.21,700.0,4.23,49.70,28,17.30,0,0,372,44,high,normal,on,on,7.5,20.0,6.5,1.995
2018-01-08,01:49,not set,not set,not set,not set,74.40,not set,,,not set,not set,57.40,not set,not set,0.0,16.4,not set,0.0,not set,not set,47.4,12.0,15.20,not set,3.99,686.0,2.96,3.01,49.70,32,17.30,0,0,6,43,high,normal,on,on,7.5,20.0,6.0,1.485
2018-01-08,01:49,not set,not set,not set,not set,74.60,not set,,,not set,not set,57.40,not set,not set,0.0,16.4,not set,0.0,not set,not set,47.4,12.0,15.20,not set,2.96,2.94,687.0,4.46,49.80,168,17.30,0,0,3,44,high,normal,on,on,7.5,20.5,6.0,17.135
2018-01-08,01:50,not set,not set,not set,not set,0,not set,,,not set,not set,15.20,not set,not set,0.0,57.3,not set,0.0,not set,not set,47.5,13.0,74.70,not set,34.05,34.11,34.28,696,49.80,191,17.30,0,6,44,15,high,normal,on,on,20.0,6.0,16.87,16.82
2018-01-08,01:50,not set,not set,not set,not set,0,not set,,,not set,not set,15.20,not set,not set,16.3,57.4,not set,17.5,not set,not set,12.0,0.0,74.60,not set,33.78,692.0,34.14,17.30,187,0,49.80,0,4,45,15,high,normal,on,on,20.0,6.0,16.855,16.825
2018-01-08,01:51,not set,not set,not set,not set,0,not set,,,not set,not set,74.20,not set,not set,57.3,15.2,not set,17.5,not set,not set,13.0,0.0,0,not set,33.71,33.86,690.0,17.30,183,0,49.90,3,43,16,41,high,normal,on,on,6.0,16.76,16.815,16.795
2018-01-08,01:51,not set,not set,not set,not set,0,not set,,,not set,not set,74.30,not set,not set,57.3,15.2,not set,47.9,not set,not set,0.0,16.3,0,not set,689.0,33.92,17.3,49.80,0,17.50,184,1,43,15,40,high,normal,on,on,6.5,16.78,16.925,16.93
2018-01-08,01:51,not set,not set,not set,not set,0,not set,,,not set,not set,74.70,not set,not set,57.4,15.2,not set,47.9,not set,not set,0.0,16.3,0,not set,686.0,34.26,17.3,49.70,0,17.50,186,5,44,15,40,high,normal,on,on,6.0,2.21,2.2,2.195
2018-01-08,01:52,not set,not set,not set,not set,0,not set,,,not set,not set,74.60,not set,not set,57.4,15.2,not set,47.7,not set,not set,0.0,16.3,0,not set,689.0,4.43,17.3,49.70,0,17.40,179,6,44,15,40,high,normal,on,on,6.0,2.205,2.2,2.19
2018-01-08,01:52,not set,not set,not set,not set,4,not set,,,not set,not set,0,not set,not set,15.2,74.5,not set,47.9,not set,not set,0.0,16.3,0,not set,700.0,4.5,17.3,49.70,0,17.40,166,43,15,40,13,high,normal,on,on,1.89,1.91,1.9,1.935
2018-01-08,01:53,not set,not set,not set,not set,6,not set,,,not set,not set,0,not set,not set,15.2,74.4,not set,12.0,not set,not set,16.3,57.4,0,not set,687.0,17.3,49.6,177,17.50,47.60,0,43,15,41,13,high,normal,on,on,1.91,1.89,1.92,1.895
2018-01-08,01:53,not set,not set,not set,not set,3,not set,,,not set,not set,0,not set,not set,15.2,74.7,not set,12.0,not set,not set,16.3,57.4,0,not set,693.0,17.3,49.6,200,17.50,48.00,0,43,15,40,12,high,normal,on,on,1.905,1.915,1.89,1.915
2018-01-08,01:54,not set,not set,not set,not set,4,not set,,,not set,not set,0,not set,not set,15.2,74.9,not set,13.0,not set,not set,16.3,57.5,0,not set,700.0,17.3,49.6,221,17.50,47.90,0,43,15,41,13,high,normal,on,on,1.92,1.91,1.89,1.89
2018-01-08,01:54,not set,not set,not set,not set,6,not set,,,not set,not set,0,not set,not set,15.2,74.8,not set,12.0,not set,not set,16.3,57.5,0,not set,690.0,17.3,49.7,188,17.50,48.00,0,43,15,40,12,high,normal,on,on,1.89,2.045,1.92,1.89
2018-01-08,01:55,not set,not set,not set,not set,7,not set,,,not set,not set,0,not set,not set,15.1,74.8,not set,12.0,not set,not set,16.2,57.4,0,not set,695.0,17.3,49.7,211,17.50,48.20,0,43,15,41,12,high,normal,on,on,1.9,1.935,1.89,1.9
2018-01-08,01:55,not set,not set,not set,not set,5,not set,,,not set,not set,0,not set,not set,15.1,74.6,not set,13.0,not set,not set,16.2,57.4,0,not set,694.0,17.3,49.6,184,17.50,48.30,0,43,15,40,12,high,normal,on,on,1.925,1.895,1.905,1.91
2018-01-08,01:55,not set,not set,not set,not set,2,not set,,,not set,not set,0,not set,not set,15.1,74.9,not set,14.0,not set,not set,16.2,57.4,0,not set,683.0,17.3,49.6,186,17.50,48.40,0,43,15,40,13,high,normal,on,on,1.9,1.915,1.895,1.915
2018-01-08,01:56,not set,not set,not set,not set,3,not set,,,not set,not set,0,not set,not set,15.2,75.1,not set,13.0,not set,not set,16.2,57.4,0,not set,701.0,17.3,49.6,213,17.50,48.80,0,43,16,40,12,high,normal,on,on,1.905,1.91,1.91,1.89
2018-01-08,01:56,not set,not set,not set,not set,6,not set,,,not set,not set,0,not set,not set,15.2,75.0,not set,11.0,not set,not set,16.2,57.4,0,not set,683.0,17.3,49.7,188,17.60,48.30,0,43,15,40,12,high,normal,on,on,1.915,1.895,1.885,1.895
2018-01-08,01:57,not set,not set,not set,not set,5,not set,,,not set,not set,0,not set,not set,15.1,74.9,not set,13.0,not set,not set,16.2,57.5,0,not set,682.0,17.2,49.8,183,17.60,48.30,0,43,15,40,12,high,normal,on,on,1.91,1.93,1.915,1.885
2018-01-08,01:57,not set,not set,not set,not set,5,not set,,,not set,not set,0,not set,not set,15.2,75.0,not set,13.0,not set,not set,16.2,57.3,0,not set,682.0,17.2,50.1,175,17.60,48.10,0,48,15,40,12,high,normal,on,on,1.88,1.9,1.89,1.915
2018-01-08,01:58,not set,not set,not set,not set,2,not set,,,not set,not set,0,not set,not set,15.1,74.8,not set,13.0,not set,not set,16.2,57.4,0,not set,682.0,17.2,50.3,178,17.60,48.20,0,51,13,41,12,high,normal,on,on,1.92,1.92,1.915,1.935
2018-01-08,01:58,not set,not set,not set,not set,6,not set,,,not set,not set,0,not set,not set,15.1,74.8,not set,12.0,not set,not set,16.2,57.4,0,not set,689.0,17.3,50.2,223,17.60,48.20,0,51,13,40,12,high,normal,on,on,16.43,16.425,16.25,16.35
2018-01-08,01:58,not set,not set,not set,not set,6,not set,,,not set,not set,0,not set,not set,15.1,75.1,not set,13.0,not set,not set,16.2,57.3,0,not set,698.0,17.2,50.1,188,17.60,48.00,0,52,11,39,13,high,normal,on,on,16.19,16.255,16.345,16.27
2018-01-08,01:59,not set,not set,not set,not set,3,not set,,,not set,not set,0,not set,not set,15.1,75.2,not set,13.0,not set,not set,16.2,57.3,0,not set,687.0,17.2,50.1,179,17.60,48.40,0,52,11,39,12,high,normal,on,on,16.355,16.21,16.195,16.375
2018-01-08,01:59,not set,not set,not set,not set,6,not set,,,not set,not set,0,not set,not set,15.1,75.2,not set,12.0,not set,not set,16.2,57.3,0,not set,689.0,17.2,50.2,182,17.60,48.70,0,51,11,39,12,high,normal,on,on,16.26,16.215,16.37,16.235
2018-01-08,02:00,not set,not set,not set,not set,5,not set,,,not set,not set,0,not set,not set,15.1,75.4,not set,13.0,not set,not set,16.2,57.3,0,not set,692.0,17.2,50.3,188,17.70,48.30,0,51,11,39,12,high,normal,on,on,16.27,16.165,16.34,16.14
2018-01-08,02:00,not set,not set,not set,not set,3,not set,,,not set,not set,0,not set,not set,15.1,75.4,not set,12.0,not set,not set,16.2,57.3,0,not set,699.0,17.1,50.1,172,17.60,48.20,0,51,11,38,12,high,normal,on,on,16.335,16.19,16.235,16.4
2018-01-08,02:01,not set,not set,not set,not set,7,not set,,,not set,not set,0,not set,not set,15.1,75.1,not set,12.0,not set,not set,16.2,57.2,0,not set,692.0,17.2,50.3,172,17.70,48.80,0,51,11,38,12,high,normal,on,on,16.235,17.575,17.065,17.1
2018-01-08,02:01,not set,not set,not set,not set,6,not set,,,not set,not set,0,not set,not set,15.1,75.4,not set,13.0,not set,not set,16.1,57.2,0,not set,681.0,17.1,50.3,193,17.70,50.30,0,51,11,38,12,high,normal,on,on,16.47,16.585,16.52,16.47
2018-01-08,02:02,not set,not set,not set,not set,5,not set,,,not set,not set,0,not set,not set,15.1,75.1,not set,12.0,not set,not set,16.2,57.2,0,not set,699.0,17.2,50.5,195,17.70,49.30,0,50,11,39,12,high,normal,on,on,16.485,16.45,16.58,16.535
2018-01-08,02:02,not set,not set,not set,not set,3,not set,,,not set,not set,0,not set,not set,15.1,74.9,not set,13.0,not set,not set,16.1,57.0,0,not set,687.0,17.1,50.4,192,17.70,48.80,0,50,11,38,12,high,normal,on,on,16.435,16.66,16.19,16.17
2018-01-08,02:03,not set,not set,not set,not set,4,not set,,,not set,not set,0,not set,not set,15.1,75.0,not set,13.0,not set,not set,16.1,57.1,0,not set,682.0,17.1,50.5,200,17.70,48.60,0,50,11,39,12,high,normal,on,on,2.705,2.705,2.715,2.75
2018-01-08,02:03,not set,not set,not set,not set,5,not set,,,not set,not set,0,not set,not set,15.1,75.3,not set,13.0,not set,not set,16.2,57.2,0,not set,680.0,17.1,50.5,188,17.70,48.50,0,50,11,39,12,high,normal,on,on,16.985,16.955,16.855,16.905
2018-01-08,02:03,not set,not set,not set,not set,6,not set,,,not set,not set,0,not set,not set,15.1,75.3,not set,13.0,not set,not set,16.1,57.1,0,not set,680.0,17.1,50.5,189,17.80,48.60,0,49,11,39,12,high,normal,on,on,16.795,16.975,16.85,16.84
2018-01-08,02:04,not set,not set,not set,not set,4,not set,,,not set,not set,0,not set,not set,15.1,75.2,not set,13.0,not set,not set,16.1,57.1,0,not set,679.0,17.1,50.7,179,17.70,48.60,0,49,11,39,12,high,normal,on,on,16.8,16.725,16.88,16.89
2018-01-08,02:04,not set,not set,not set,not set,5,not set,,,not set,not set,0,not set,not set,15.1,75.2,not set,13.0,not set,not set,16.2,57.2,0,not set,697.0,17.1,50.6,192,17.70,48.80,0,50,11,40,12,high,normal,on,on,2.205,2.22,2.21,2.235
2018-01-08,02:05,not set,not set,not set,not set,5,not set,,,not set,not set,0,not set,not set,15.1,75.0,not set,13.0,not set,not set,16.1,57.2,0,not set,690.0,17.1,50.7,182,17.80,49.10,0,52,11,40,12,high,normal,on,on,2.22,2.215,2.235,2.265
2018-01-08,02:05,not set,not set,not set,not set,4,not set,,,not set,not set,0,not set,not set,15.1,75.3,not set,13.0,not set,not set,16.1,57.2,0,not set,694.0,17.1,50.6,183,17.80,49.20,0,51,11,40,13,high,normal,on,on,2.225,2.24,2.245,2.205
2018-01-08,02:06,not set,not set,not set,not set,6,not set,,,not set,not set,0,not set,not set,15.1,75.4,not set,13.0,not set,not set,16.1,57.2,0,not set,681.0,17.1,50.8,192,17.80,52.10,0,51,11,40,13,high,normal,on,on,2.225,2.21,2.225,2.25
2018-01-08,02:06,not set,not set,not set,not set,5,not set,,,not set,not set,0,not set,not set,15.1,75.1,not set,13.0,not set,not set,16.1,57.3,0,not set,697.0,17.1,50.8,179,17.80,51.70,0,53,11,41,13,high,normal,on,on,2.185,2.21,2.205,2.235
2018-01-08,02:07,not set,not set,not set,not set,6,not set,,,not set,not set,0,not set,not set,15.1,75.2,not set,13.0,not set,not set,16.1,57.3,0,not set,695.0,17.1,50.9,194,17.80,50.80,0,51,11,41,12,high,normal,on,on,2.205,2.25,2.205,2.245
2018-01-08,02:07,not set,not set,not set,not set,5,not set,,,not set,not set,0,not set,not set,15.1,75.1,not set,12.0,not set,not set,16.1,57.3,0,not set,696.0,17.1,50.9,196,17.80,50.60,0,51,11,41,12,high,normal,on,on,2.31,2.31,2.29,2.27
2018-01-08,02:07,not set,not set,not set,not set,5,not set,,,not set,not set,0,not set,not set,15.1,75.0,not set,13.0,not set,not set,16.1,57.4,0,not set,678.0,17.1,51.1,111,17.80,49.60,0,51,11,41,12,high,normal,on,on,2.335,2.305,2.295,2.29
2018-01-08,02:08,not set,not set,not set,not set,5,not set,,,not set,not set,0,not set,not set,15.1,75.0,not set,14.0,not set,not set,16.1,57.4,0,not set,689.0,17.1,51.3,110,17.80,50.80,0,51,11,41,13,high,normal,on,on,16.85,16.81,16.725,16.81
2018-01-08,02:08,not set,not set,not set,not set,4,not set,,,not set,not set,0,not set,not set,15.1,75.0,not set,12.0,not set,not set,16.1,57.5,0,not set,695.0,17.1,51.5,108,17.80,50.80,0,51,11,42,12,high,normal,on,on,16.555,16.54,16.535,16.575
2018-01-08,02:09,not set,not set,not set,not set,7,not set,,,not set,not set,0,not set,not set,15.1,75.0,not set,13.0,not set,not set,16.1,57.5,0,not set,679.0,17.1,51.4,110,17.80,50.30,0,51,11,40,12,high,normal,on,on,16.57,16.69,16.55,16.685
2018-01-08,02:09,not set,not set,not set,not set,6,not set,,,not set,not set,0,not set,not set,15.1,74.9,not set,13.0,not set,not set,16.1,57.5,0,not set,680.0,17.1,51.6,116,17.80,50.10,0,51,11,40,12,high,normal,on,on,16.63,16.565,16.45,16.595
2018-01-08,02:10,not set,not set,not set,not set,4,not set,,,not set,not set,0,not set,not set,15.1,75.0,not set,12.0,not set,not set,16.1,57.6,0,not set,686.0,17.1,51.7,81,17.80,50.10,0,51,11,40,12,high,normal,on,on,16.615,16.75,16.62,16.56
2018-01-08,02:10,not set,not set,not set,not set,2,not set,,,not set,not set,0,not set,not set,15.1,75.0,not set,13.0,not set,not set,16.1,57.6,0,not set,693.0,17.1,51.7,110,17.80,50.40,0,52,11,40,12,high,normal,on,on,16.625,16.64,16.54,16.515
2018-01-08,02:11,not set,not set,not set,not set,3,not set,,,not set,not set,0,not set,not set,15.1,75.0,not set,13.0,not set,not set,16.1,57.7,0,not set,682.0,17.1,51.7,120,17.80,50.70,0,51,11,40,12,high,normal,on,on,16.405,16.59,16.495,16.59
2018-01-08,02:11,not set,not set,not set,not set,2,not set,,,not set,not set,0,not set,not set,15.1,75.1,not set,13.0,not set,not set,16.1,57.7,0,not set,695.0,17.0,51.7,192,17.80,50.70,0,52,11,40,12,high,normal,on,on,16.39,16.56,16.685,16.57
2018-01-08,02:11,not set,not set,not set,not set,3,not set,,,not set,not set,0,not set,not set,15.0,74.9,not set,13.0,not set,not set,16.1,57.7,0,not set,696.0,17.1,51.8,191,17.80,50.40,0,52,11,41,12,high,normal,on,on,16.595,16.71,16.35,16.55
2018-01-08,02:12,not set,not set,not set,not set,5,not set,,,not set,not set,0,not set,not set,15.0,75.2,not set,14.0,not set,not set,16.1,57.8,0,not set,680.0,17.0,51.7,192,17.80,51.40,0,53,10,41,13,high,normal,on,on,16.655,16.49,16.63,16.59
2018-01-08,02:12,not set,not set,not set,not set,6,not set,,,not set,not set,0,not set,not set,15.0,75.4,not set,13.0,not set,not set,16.0,57.8,0,not set,677.0,17.0,51.7,197,17.80,51.10,0,52,10,40,12,high,normal,on,on,16.25,16.695,16.565,16.545
2018-01-08,02:13,not set,not set,not set,not set,6,not set,,,not set,not set,0,not set,not set,15.0,75.1,not set,12.0,not set,not set,16.1,57.8,0,not set,678.0,17.0,51.8,189,17.80,51.30,0,53,10,40,14,high,normal,on,on,16.59,16.63,16.45,16.605
2018-01-08,02:13,not set,not set,not set,not set,0,not set,,,not set,not set,0,not set,not set,15.0,75.0,not set,13.0,not set,not set,16.0,57.8,0,not set,694.0,17.0,51.9,181,17.80,51.20,0,52,10,40,12,high,normal,on,on,15.885,15.89,15.69,15.985
2018-01-08,02:14,not set,not set,not set,not set,0,not set,,,not set,not set,0,not set,not set,15.0,75.1,not set,13.0,not set,not set,16.0,57.8,0,not set,686.0,17.0,51.9,32,17.80,51.60,0,52,10,39,12,high,normal,on,on,16.22,16.2,16.145,16.265
2018-01-08,02:14,not set,not set,not set,not set,0,not set,,,not set,not set,0,not set,not set,15.0,75.2,not set,12.0,not set,not set,16.1,57.9,0,not set,11.0,17.0,52.2,6,17.80,52.00,0,51,11,39,13,high,normal,on,on,16.145,16.2,16.125,16.305
2018-01-08,02:15,not set,not set,not set,not set,1,not set,,,not set,not set,0,not set,not set,15.0,75.1,not set,13.0,not set,not set,16.0,57.9,0,not set,11.0,17.0,52.0,16,17.80,51.90,0,51,11,39,12,high,normal,on,on,16.41,16.225,16.135,16.225
2018-01-08,02:15,not set,not set,not set,not set,0,not set,,,not set,not set,0,not set,not set,15.0,75.5,not set,12.0,not set,not set,16.0,57.9,0,not set,13.0,17.0,51.7,2,17.80,51.10,0,51,12,39,12,high,normal,on,on,27.735,27.61,27.82,27.64
2018-01-08,02:16,not set,not set,not set,not set,0,not set,,,not set,not set,0,not set,not set,15.0,75.4,not set,13.0,not set,not set,16.1,58.0,0,not set,14.0,17.1,51.8,2,17.70,51.40,0,51,11,40,12,high,normal,on,on,27.435,27.835,27.525,28.01
2018-01-08,02:16,not set,not set,not set,not set,0,not set,,,not set,not set,0,not set,not set,15.0,75.5,not set,12.0,not set,not set,16.0,57.9,0,not set,11.0,17.0,51.7,12,17.70,51.20,0,51,11,40,12,high,normal,on,on,27.27,27.605,27.48,27.52
2018-01-08,02:16,not set,not set,not set,not set,0,not set,,,not set,not set,0,not set,not set,15.0,75.2,not set,13.0,not set,not set,16.0,58.0,0,not set,10.0,17.1,51.9,4,17.70,51.00,0,51,11,40,12,high,normal,on,on,27.54,27.57,27.4,27.83
2018-01-08,02:17,not set,not set,not set,not set,1,not set,,,not set,not set,0,not set,not set,15.0,75.4,not set,13.0,not set,not set,16.0,58.0,0,not set,23.0,17.1,52.0,8,17.70,51.00,0,50,11,41,12,high,normal,on,on,27.78,27.905,27.73,28.085
2018-01-08,02:17,not set,not set,not set,not set,2,not set,,,not set,not set,0,not set,not set,14.9,75.2,not set,13.0,not set,not set,16.0,58.0,0,not set,32.0,17.1,51.9,16,17.70,50.80,0,50,11,41,12,high,normal,on,on,27.525,27.505,27.49,27.75
2018-01-08,02:18,not set,not set,not set,not set,1,not set,,,not set,not set,0,not set,not set,14.9,75.3,not set,11.0,not set,not set,16.0,58.1,0,not set,25.0,17.1,51.8,12,17.60,51.10,0,50,11,42,13,high,normal,on,on,13.135,13.34,13.055,13.335
2018-01-08,02:18,not set,not set,not set,not set,2,not set,,,not set,not set,0,not set,not set,15.0,75.4,not set,13.0,not set,not set,16.0,58.1,0,not set,27.0,17.1,51.8,8,17.60,51.10,0,50,11,42,12,high,normal,on,on,13.065,13.235,13.22,13.44
2018-01-08,02:19,not set,not set,not set,not set,0,not set,,,not set,not set,0,not set,not set,14.9,75.5,not set,12.0,not set,not set,16.0,58.1,0,not set,13.0,17.1,51.8,17,17.60,51.00,0,49,11,43,12,high,normal,on,on,13.79,13.84,13.74,13.88
2018-01-08,02:19,not set,not set,not set,not set,2,not set,,,not set,not set,0,not set,not set,14.9,75.4,not set,12.0,not set,not set,16.0,58.1,0,not set,13.0,17.1,51.8,16,17.60,50.90,0,49,11,42,13,high,normal,on,on,13.91,13.695,13.695,13.975
2018-01-08,02:20,not set,not set,not set,not set,2,not set,,,not set,not set,0,not set,not set,15.0,75.5,not set,13.0,not set,not set,16.0,58.1,0,not set,13.0,17.1,51.7,9,17.60,50.50,0,49,11,43,13,high,normal,on,on,13.36,13.725,13.425,13.53
2018-01-08,02:20,not set,not set,not set,not set,0,not set,,,not set,not set,0,not set,not set,14.9,75.4,not set,13.0,not set,not set,16.0,58.1,0,not set,15.0,17.1,51.6,8,17.60,50.70,0,51,11,43,12,high,normal,on,on,14.17,14.095,14.035,14.085
2018-01-08,02:20,not set,not set,not set,not set,2,not set,,,not set,not set,0,not set,not set,15.0,75.7,not set,13.0,not set,not set,16.0,58.1,0,not set,16.0,17.1,51.7,12,17.50,50.70,0,49,12,43,12,high,normal,on,on,13.885,14.045,14.075,14.075
2018-01-08,02:21,not set,not set,not set,not set,0,not set,,,not set,not set,0,not set,not set,15.0,75.5,not set,13.0,not set,not set,16.0,58.2,0,not set,16.0,17.2,51.8,17,17.60,51.00,0,49,11,43,12,high,normal,on,on,14.08,14.21,14.18,14.07
2018-01-08,02:21,not set,not set,not set,not set,0,not set,,,not set,not set,0,not set,not set,15.0,75.3,not set,13.0,not set,not set,16.0,58.2,0,not set,15.0,17.2,51.8,16,17.50,50.70,0,49,11,43,13,high,normal,on,on,14.085,13.89,14.01,14.0
2018-01-08,02:22,not set,not set,not set,not set,0,not set,,,not set,not set,0,not set,not set,15.0,75.4,not set,13.0,not set,not set,16.0,58.2,0,not set,16.0,17.1,51.6,17,17.50,50.40,0,48,11,43,12,high,normal,on,on,13.915,14.025,13.95,13.98
2018-01-08,02:22,not set,not set,not set,not set,1,not set,,,not set,not set,0,not set,not set,14.9,75.1,not set,14.0,not set,not set,16.0,58.3,0,not set,17.0,17.1,51.6,9,17.50,50.70,0,49,12,44,13,high,normal,on,on,13.745,14.07,14.015,14.135
2018-01-08,02:23,not set,not set,not set,not set,0,not set,,,not set,not set,0,not set,not set,14.9,75.2,not set,13.0,not set,not set,16.0,58.3,0,not set,17.0,17.2,51.7,4,17.50,50.30,0,49,11,43,13,high,normal,on,on,14.115,14.255,14.26,14.21
2018-01-08,02:23,not set,not set,not set,not set,2,not set,,,not set,not set,0,not set,not set,14.9,75.3,not set,13.0,not set,not set,16.0,58.3,0,not set,23.0,17.2,51.7,8,17.50,50.70,0,48,12,44,13,high,normal,on,on,13.86,14.06,13.88,13.95
2018-01-08,02:24,not set,not set,not set,not set,0,not set,,,not set,not set,0,not set,not set,14.9,75.3,not set,13.0,not set,not set,16.0,58.3,0,not set,16.0,17.2,51.9,8,17.50,50.40,0,48,12,44,12,high,normal,on,on,13.96,14.065,13.91,14.19
2018-01-08,02:24,not set,not set,not set,not set,0,not set,,,not set,not set,0,not set,not set,14.9,75.3,not set,13.0,not set,not set,16.0,58.3,0,not set,18.0,17.2,51.8,2,17.50,50.60,0,48,12,43,13,high,normal,on,on,13.94,13.905,13.82,14.065
2018-01-08,02:25,not set,not set,not set,not set,2,not set,,,not set,not set,0,not set,not set,14.9,75.2,not set,12.0,not set,not set,16.0,58.3,0,not set,18.0,17.2,51.7,2,17.50,50.50,0,48,12,44,12,high,normal,on,on,13.89,13.855,13.95,14.03
2018-01-08,02:25,not set,not set,not set,not set,0,not set,,,not set,not set,0,not set,not set,15.0,75.2,not set,14.0,not set,not set,16.0,58.3,0,not set,19.0,17.2,51.6,2,17.50,50.80,0,48,12,44,13,high,normal,on,on,14.0,13.87,14.05,13.935
2018-01-08,02:25,not set,not set,not set,not set,1,not set,,,not set,not set,0,not set,not set,14.9,75.1,not set,13.0,not set,not set,16.0,58.3,0,not set,12.0,17.2,51.6,8,17.50,50.60,0,48,13,43,12,high,normal,on,on,13.88,14.035,13.855,14.08
2018-01-08,02:26,not set,not set,not set,not set,0,not set,,,not set,not set,0,not set,not set,14.9,75.1,not set,13.0,not set,not set,16.0,58.3,0,not set,14.0,17.3,51.7,4,17.50,50.90,0,48,12,43,13,high,normal,on,on,13.98,14.06,13.895,14.15
2018-01-08,02:26,not set,not set,not set,not set,1,not set,,,not set,not set,0,not set,not set,14.9,75.2,not set,13.0,not set,not set,16.0,58.3,0,not set,16.0,17.2,51.6,17,17.60,51.00,0,48,12,43,13,high,normal,on,on,13.835,13.95,13.92,13.86
2018-01-08,02:27,not set,not set,not set,not set,0,not set,,,not set,not set,0,not set,not set,14.9,75.1,not set,13.0,not set,not set,16.0,58.3,0,not set,18.0,17.2,51.5,7,17.60,51.10,0,48,12,43,13,high,normal,on,on,13.895,13.965,13.985,13.85
2018-01-08,02:27,not set,not set,not set,not set,0,not set,,,not set,not set,0,not set,not set,14.9,75.2,not set,12.0,not set,not set,16.0,58.3,0,not set,13.0,17.2,51.4,4,17.60,51.10,0,47,12,43,13,high,normal,on,on,13.765,13.96,13.885,13.855
2018-01-08,02:28,not set,not set,not set,not set,0,not set,,,not set,not set,0,not set,not set,14.9,75.1,not set,13.0,not set,not set,16.0,58.3,0,not set,17.0,17.3,51.6,9,17.60,50.90,0,48,12,43,13,high,normal,on,on,13.88,14.075,13.975,14.105
2018-01-08,02:28,not set,not set,not set,not set,0,not set,,,not set,not set,0,not set,not set,14.9,75.1,not set,13.0,not set,not set,16.0,58.3,0,not set,15.0,17.3,51.6,12,17.60,50.90,0,49,12,43,13,high,normal,on,on,14.02,13.945,13.765,14.125
2018-01-08,02:29,not set,not set,not set,not set,2,not set,,,not set,not set,0,not set,not set,14.9,75.0,not set,13.0,not set,not set,15.9,58.3,0,not set,18.0,17.3,51.6,17,17.60,50.80,0,47,12,43,12,high,normal,on,on,2.55,2.625,2.74,2.815
2018-01-08,02:29,not set,not set,not set,not set,0,not set,,,not set,not set,0,not set,not set,14.9,74.9,not set,13.0,not set,not set,16.0,58.3,0,not set,18.0,17.3,51.8,2,17.60,50.90,0,48,12,42,13,high,normal,on,on,2.725,2.635,2.62,2.63
2018-01-08,02:29,not set,not set,not set,not set,0,not set,,,not set,not set,0,not set,not set,14.9,75.0,not set,13.0,not set,not set,16.0,58.3,0,not set,17.0,17.3,51.7,11,17.70,50.90,0,47,12,43,12,high,normal,on,on,2.65,2.54,2.53,2.635
2018-01-08,02:30,not set,not set,not set,not set,0,not set,,,not set,not set,0,not set,not set,14.9,75.0,not set,13.0,not set,not set,15.9,58.3,0,not set,16.0,17.3,51.6,8,17.70,50.80,0,47,12,43,12,high,normal,on,on,2.545,2.59,2.485,2.49
2018-01-08,02:30,not set,not set,not set,not set,0,not set,,,not set,not set,0,not set,not set,14.9,75.1,not set,13.0,not set,not set,15.9,58.3,0,not set,15.0,17.3,51.6,17,17.70,50.80,0,47,12,43,12,high,normal,on,on,2.555,2.51,2.52,2.49
2018-01-08,02:31,not set,not set,not set,not set,0,not set,,,not set,not set,0,not set,not set,14.9,75.1,not set,13.0,not set,not set,15.9,58.3,0,not set,17.0,17.2,51.5,17,17.70,50.90,0,47,12,42,12,high,normal,on,on,2.56,2.6,2.675,2.625
2018-01-08,02:31,not set,not set,not set,not set,1,not set,,,not set,not set,0,not set,not set,14.9,74.7,not set,12.0,not set,not set,15.9,58.3,0,not set,15.0,17.2,51.5,32,17.70,50.80,0,47,12,42,12,high,normal,on,on,2.72,2.36,2.535,2.395
2018-01-08,02:32,not set,not set,not set,not set,0,not set,,,not set,not set,0,not set,not set,14.9,75.2,not set,13.0,not set,not set,15.9,58.3,0,not set,33.0,17.3,51.6,11,17.70,50.40,0,47,13,43,12,high,normal,on,on,2.34,2.39,2.335,2.355
2018-01-08,02:32,not set,not set,not set,not set,0,not set,,,not set,not set,0,not set,not set,14.9,75.2,not set,13.0,not set,not set,15.9,58.3,0,not set,30.0,17.3,51.5,17,17.70,50.50,0,47,12,42,12,high,normal,on,on,2.64,2.595,2.595,2.585
2018-01-08,02:33,not set,not set,not set,not set,2,not set,,,not set,not set,0,not set,not set,15.0,75.0,not set,12.0,not set,not set,15.9,58.3,0,not set,10.0,17.3,51.4,12,17.70,50.30,0,47,13,42,13,high,normal,on,on,2.41,2.38,2.375,2.38
2018-01-08,02:33,not set,not set,not set,not set,2,not set,,,not set,not set,0,not set,not set,14.9,75.1,not set,13.0,not set,not set,15.9,58.3,0,not set,13.0,17.3,51.5,11,17.70,50.20,0,47,13,42,12,high,normal,on,on,2.41,2.385,2.375,2.345
2018-01-08,02:33,not set,not set,not set,not set,1,not set,,,not set,not set,0,not set,not set,15.0,75.1,not set,13.0,not set,not set,15.9,58.3,0,not set,24.0,17.3,51.4,8,17.70,50.10,0,47,13,42,12,high,normal,on,on,13.605,13.53,13.375,13.465
2018-01-08,02:34,not set,not set,not set,not set,3,not set,,,not set,not set,0,not set,not set,14.9,75.0,not set,13.0,not set,not set,15.9,58.3,0,not set,13.0,17.3,51.3,17,17.80,50.50,0,47,12,42,13,high,normal,on,on,13.86,14.13,13.86,13.925
2018-01-08,02:34,not set,not set,not set,not set,0,not set,,,not set,not set,0,not set,not set,14.9,75.0,not set,13.0,not set,not set,15.9,58.3,0,not set,20.0,17.3,51.3,12,17.80,50.20,0,47,13,42,12,high,normal,on,on,13.4,13.535,13.48,13.51
2018-01-08,02:35,not set,not set,not set,not set,0,not set,,,not set,not set,0,not set,not set,14.9,75.0,not set,12.0,not set,not set,15.9,58.3,0,not set,13.0,17.3,51.4,16,17.80,50.20,0,48,13,42,13,high,normal,on,on,13.525,13.6,13.35,13.525
2018-01-08,02:35,not set,not set,not set,not set,3,not set,,,not set,not set,0,not set,not set,14.9,74.8,not set,13.0,not set,not set,15.9,58.3,0,not set,14.0,17.3,51.3,9,17.80,49.80,0,47,13,42,12,high,normal,on,on,13.67,13.645,13.69,13.805
2018-01-08,02:36,not set,not set,not set,not set,0,not set,,,not set,not set,0,not set,not set,14.9,74.9,not set,12.0,not set,not set,15.9,58.3,0,not set,24.0,17.3,51.3,16,17.80,49.80,0,47,13,42,12,high,normal,on,on,13.8,13.625,13.48,13.755
2018-01-08,02:36,not set,not set,not set,not set,0,not set,,,not set,not set,0,not set,not set,14.9,74.9,not set,13.0,not set,not set,15.9,58.3,0,not set,32.0,17.3,51.4,2,17.80,49.90,0,46,13,42,12,high,normal,on,on,13.415,13.485,13.535,13.645
2018-01-08,02:37,not set,not set,not set,not set,1,not set,,,not set,not set,0,not set,not set,14.9,74.8,not set,13.0,not set,not set,15.9,58.3,0,not set,13.0,17.3,51.4,8,17.90,49.70,0,47,13,41,12,high,normal,on,on,13.53,13.655,13.685,13.69
2018-01-08,02:37,not set,not set,not set,not set,0,not set,,,not set,not set,0,not set,not set,14.9,74.9,not set,12.0,not set,not set,15.9,58.3,0,not set,28.0,17.3,51.4,12,17.90,49.80,0,47,46,14,42,high,normal,on,on,6.5,2.205,2.485,2.485
2018-01-08,02:38,not set,not set,not set,not set,0,not set,,,not set,not set,74.70,not set,not set,58.3,14.9,not set,49.9,not set,not set,0.0,15.9,0,not set,11.0,4.93,17.3,51.30,0,17.90,8,1,46,13,42,high,normal,on,on,6.0,2.75,2.625,2.42
2018-01-08,02:38,not set,not set,not set,not set,0,not set,,,not set,not set,74.90,not set,not set,58.3,14.9,not set,49.9,not set,not set,0.0,15.9,0,not set,13.0,4.92,17.3,51.40,0,17.90,4,0,46,13,41,high,normal,on,on,6.5,2.255,2.195,2.3
2018-01-08,02:38,not set,not set,not set,not set,0,not set,,,not set,not set,75.00,not set,not set,58.3,14.9,not set,49.9,not set,not set,0.0,15.9,0,not set,25.0,4.53,17.3,51.40,0,17.90,17,0,46,13,42,high,normal,on,on,6.0,2.22,2.27,2.39
2018-01-08,02:39,not set,not set,not set,not set,0,not set,,,not set,not set,74.90,not set,not set,58.3,14.9,not set,49.7,not set,not set,0.0,15.9,0,not set,15.0,4.4,17.3,51.40,0,17.90,12,0,47,13,41,high,normal,on,on,6.0,2.555,2.455,2.4
2018-01-08,02:39,not set,not set,not set,not set,0,not set,,,not set,not set,74.90,not set,not set,58.3,14.9,not set,49.7,not set,not set,0.0,15.9,0,not set,14.0,4.76,17.3,51.30,0,17.90,8,1,46,13,42,high,normal,on,on,6.5,2.345,2.335,2.375
2018-01-08,02:40,not set,not set,not set,not set,0,not set,,,not set,not set,75.00,not set,not set,58.3,14.9,not set,49.6,not set,not set,0.0,15.9,0,not set,28.0,4.62,17.3,51.40,0,17.90,12,0,46,13,41,high,normal,on,on,6.0,2.16,2.175,2.265
2018-01-08,02:40,not set,not set,not set,not set,0,not set,,,not set,not set,74.90,not set,not set,58.3,15.0,not set,49.6,not set,not set,0.0,15.9,0,not set,13.0,4.43,17.3,51.50,0,18.00,12,2,46,13,41,high,normal,on,on,6.0,2.285,2.34,2.32
2018-01-08,02:40,not set,not set,not set,not set,0,not set,,,not set,not set,74.80,not set,not set,58.3,14.9,not set,49.6,not set,not set,0.0,15.9,1,not set,9.0,4.76,17.3,51.60,0,18.00,8,0,46,13,41,high,normal,on,on,6.5,2.16,2.155,2.19
2018-01-08,02:41,not set,not set,not set,not set,0,not set,,,not set,not set,0,not set,not set,14.9,74.8,not set,49.6,not set,not set,0.0,15.9,0,not set,4.37,11.0,17.3,51.50,0,18.00,8,46,13,41,12,high,normal,on,on,2.17,2.345,2.175,2.18
2018-01-08,02:41,not set,not set,not set,not set,0,not set,,,not set,not set,0,not set,not set,15.0,74.9,not set,13.0,not set,not set,15.9,58.3,0,not set,12.0,17.3,51.6,2,18.00,49.50,0,46,13,41,12,high,normal,on,on,2.22,2.2,2.2,2.365
2018-01-08,02:42,not set,not set,not set,not set,0,not set,,,not set,not set,0,not set,not set,15.0,74.8,not set,12.0,not set,not set,15.9,58.3,0,not set,19.0,17.2,51.6,4,18.00,49.40,0,47,14,41,12,high,normal,on,on,2.225,2.15,2.16,2.355
2018-01-08,02:42,not set,not set,not set,not set,2,not set,,,not set,not set,0,not set,not set,15.0,74.6,not set,13.0,not set,not set,15.9,58.3,0,not set,13.0,17.2,51.7,32,18.00,49.30,0,46,13,41,12,high,normal,on,on,2.185,2.18,2.255,2.18
2018-01-08,02:43,not set,not set,not set,not set,1,not set,,,not set,not set,0,not set,not set,15.0,74.6,not set,13.0,not set,not set,15.9,58.3,0,not set,18.0,17.3,51.6,4,18.00,49.30,0,46,13,41,12,high,normal,on,on,2.145,2.19,2.18,2.205
2018-01-08,02:43,not set,not set,not set,not set,1,not set,,,not set,not set,0,not set,not set,15.0,74.7,not set,12.0,not set,not set,15.9,58.3,0,not set,20.0,17.2,51.8,8,18.00,49.20,0,46,13,41,13,high,normal,on,on,2.18,2.16,2.15,2.21
2018-01-08,02:43,not set,not set,not set,not set,1,not set,,,not set,not set,0,not set,not set,15.0,74.6,not set,12.0,not set,not set,15.9,58.3,0,not set,19.0,17.2,51.8,4,18.10,49.20,0,46,14,41,12,high,normal,on,on,2.785,2.8,2.77,2.735
2018-01-08,02:44,not set,not set,not set,not set,0,not set,,,not set,not set,0,not set,not set,15.0,74.6,not set,13.0,not set,not set,15.9,58.3,0,not set,23.0,17.2,51.6,12,18.10,49.20,0,46,14,42,13,high,normal,on,on,2.84,2.815,2.865,2.845
2018-01-08,02:44,not set,not set,not set,not set,0,not set,,,not set,not set,0,not set,not set,15.0,74.5,not set,12.0,not set,not set,15.9,58.3,0,not set,17.0,17.2,51.6,8,18.10,49.10,0,46,14,42,13,high,normal,on,on,2.505,2.55,2.525,2.585
2018-01-08,02:45,not set,not set,not set,not set,2,not set,,,not set,not set,0,not set,not set,15.0,74.6,not set,13.0,not set,not set,15.9,58.3,0,not set,18.0,17.3,51.6,12,18.10,49.00,0,46,13,41,13,high,normal,on,on,2.475,2.47,2.465,2.5
2018-01-08,02:45,not set,not set,not set,not set,3,not set,,,not set,not set,0,not set,not set,15.0,74.5,not set,13.0,not set,not set,15.9,58.3,0,not set,18.0,17.2,51.4,8,18.10,49.00,0,46,14,42,12,high,normal,on,on,2.465,2.5,2.455,2.495
2018-01-08,02:46,not set,not set,not set,not set,1,not set,,,not set,not set,0,not set,not set,15.0,74.7,not set,13.0,not set,not set,15.9,58.3,0,not set,18.0,17.3,51.6,3,18.20,49.10,0,46,14,41,12,high,normal,on,on,2.425,2.465,2.485,2.43
2018-01-08,02:46,not set,not set,not set,not set,2,not set,,,not set,not set,0,not set,not set,15.0,74.5,not set,12.0,not set,not set,15.9,58.3,0,not set,17.0,17.2,51.4,12,18.10,48.90,0,47,13,40,12,high,normal,on,on,2.505,2.475,2.455,2.445
2018-01-08,02:46,not set,not set,not set,not set,2,not set,,,not set,not set,0,not set,not set,15.0,74.5,not set,13.0,not set,not set,15.9,58.3,0,not set,17.0,17.3,51.5,17,18.10,48.80,0,46,14,41,12,high,normal,on,on,2.44,2.435,2.515,2.48
2018-01-08,02:47,not set,not set,not set,not set,2,not set,,,not set,not set,0,not set,not set,15.0,74.6,not set,13.0,not set,not set,15.9,58.3,0,not set,19.0,17.2,51.5,3,18.20,48.90,0,46,14,40,13,high,normal,on,on,2.58,2.62,2.62,2.84
2018-01-08,02:47,not set,not set,not set,not set,0,not set,,,not set,not set,0,not set,not set,15.0,74.5,not set,13.0,not set,not set,15.9,58.3,0,not set,22.0,17.2,51.3,4,18.20,48.80,0,46,14,40,12,high,normal,on,on,2.535,2.5,2.515,2.505
2018-01-08,02:48,not set,not set,not set,not set,3,not set,,,not set,not set,0,not set,not set,15.0,74.5,not set,13.0,not set,not set,15.9,58.3,0,not set,26.0,17.2,51.4,8,18.20,48.70,0,45,14,40,12,high,normal,on,on,2.56,2.55,2.595,2.505
2018-01-08,02:48,not set,not set,not set,not set,0,not set,,,not set,not set,0,not set,not set,15.0,74.5,not set,12.0,not set,not set,15.9,58.3,0,not set,25.0,17.2,51.4,4,18.20,48.80,0,46,14,40,12,high,normal,on,on,2.495,2.54,2.53,2.555
2018-01-08,02:49,not set,not set,not set,not set,0,not set,,,not set,not set,0,not set,not set,15.0,74.6,not set,13.0,not set,not set,15.9,58.3,0,not set,15.0,17.2,51.4,8,18.20,48.70,0,46,13,40,12,high,normal,on,on,2.66,2.69,2.605,2.64
2018-01-08,02:49,not set,not set,not set,not set,0,not set,,,not set,not set,0,not set,not set,15.0,74.6,not set,13.0,not set,not set,15.9,58.3,0,not set,24.0,17.2,51.5,16,18.20,48.60,0,46,14,40,13,high,normal,on,on,2.5,2.56,2.61,2.715
2018-01-08,02:50,not set,not set,not set,not set,0,not set,,,not set,not set,0,not set,not set,15.0,74.5,not set,13.0,not set,not set,15.9,58.3,0,not set,30.0,17.2,51.6,17,18.20,48.70,0,46,13,40,12,high,normal,on,on,2.63,2.455,2.555,2.54
2018-01-08,02:50,not set,not set,not set,not set,1,not set,,,not set,not set,0,not set,not set,15.0,74.6,not set,13.0,not set,not set,15.9,58.3,0,not set,28.0,17.2,51.6,19,18.30,48.80,0,45,14,40,13,high,normal,on,on,2.645,2.69,2.725,2.745
2018-01-08,02:50,not set,not set,not set,not set,0,not set,,,not set,not set,0,not set,not set,15.0,74.4,not set,12.0,not set,not set,15.9,58.3,0,not set,13.0,17.3,51.6,12,18.30,48.60,0,46,15,40,13,high,normal,on,on,2.725,2.735,2.67,2.695
2018-01-08,02:51,not set,not set,not set,not set,4,not set,,,not set,not set,0,not set,not set,15.0,74.3,not set,13.0,not set,not set,15.9,58.3,0,not set,11.0,17.3,51.7,6,18.30,48.70,0,47,14,40,12,high,normal,on,on,2.665,2.65,2.585,2.545
2018-01-08,02:51,not set,not set,not set,not set,2,not set,,,not set,not set,0,not set,not set,15.0,74.4,not set,13.0,not set,not set,15.8,58.3,0,not set,21.0,17.2,51.7,11,18.30,48.60,0,46,14,40,12,high,normal,on,on,2.68,2.7,2.81,2.675
2018-01-08,02:52,not set,not set,not set,not set,0,not set,,,not set,not set,0,not set,not set,15.0,74.3,not set,13.0,not set,not set,15.8,58.3,0,not set,22.0,17.3,52.0,0,18.30,48.60,0,45,13,41,12,high,normal,on,on,2.415,2.625,2.295,2.27
2018-01-08,02:52,not set,not set,not set,not set,0,not set,,,not set,not set,0,not set,not set,15.0,74.4,not set,12.0,not set,not set,15.8,58.3,0,not set,23.0,17.3,51.8,17,18.30,48.60,0,47,14,40,13,high,normal,on,on,2.46,2.415,2.325,2.3
2018-01-08,02:53,not set,not set,not set,not set,0,not set,,,not set,not set,0,not set,not set,15.0,74.5,not set,13.0,not set,not set,15.8,58.3,0,not set,27.0,17.3,51.9,8,18.30,48.70,0,45,13,40,12,high,normal,on,on,2.42,2.26,2.275,2.37
2018-01-08,02:53,not set,not set,not set,not set,0,not set,,,not set,not set,0,not set,not set,15.0,74.4,not set,13.0,not set,not set,15.9,58.3,0,not set,13.0,17.3,51.8,17,18.30,48.60,0,46,14,40,12,high,normal,on,on,2.145,2.15,2.15,2.175
2018-01-08,02:54,not set,not set,not set,not set,0,not set,,,not set,not set,0,not set,not set,15.0,74.4,not set,13.0,not set,not set,15.9,58.3,0,not set,13.0,17.3,51.8,2,18.40,48.70,0,46,14,40,12,high,normal,on,on,2.14,2.215,2.175,2.17
2018-01-08,02:54,not set,not set,not set,not set,1,not set,,,not set,not set,0,not set,not set,15.0,74.4,not set,13.0,not set,not set,15.9,58.3,0,not set,14.0,17.3,51.8,3,18.40,48.70,0,45,14,40,13,high,normal,on,on,2.125,2.135,2.255,2.15
2018-01-08,02:54,not set,not set,not set,not set,2,not set,,,not set,not set,0,not set,not set,15.0,74.3,not set,13.0,not set,not set,15.9,58.3,0,not set,17.0,17.3,51.7,17,18.40,48.60,0,45,14,40,13,high,normal,on,on,2.25,2.29,2.28,2.3
2018-01-08,02:55,not set,not set,not set,not set,1,not set,,,not set,not set,0,not set,not set,15.0,74.3,not set,13.0,not set,not set,15.8,58.3,0,not set,23.0,17.3,51.5,12,18.30,48.40,0,46,14,41,12,high,normal,on,on,2.29,2.255,2.3,2.32
2018-01-08,02:55,not set,not set,not set,not set,2,not set,,,not set,not set,0,not set,not set,15.0,74.4,not set,13.0,not set,not set,15.8,58.3,0,not set,37.0,17.3,51.6,8,18.40,48.50,0,46,14,40,12,high,normal,on,on,2.145,2.15,2.125,2.165
2018-01-08,02:56,not set,not set,not set,not set,2,not set,,,not set,not set,0,not set,not set,15.0,74.4,not set,12.0,not set,not set,15.8,58.3,0,not set,33.0,17.3,51.6,17,18.30,48.30,0,46,14,40,12,high,normal,on,on,2.435,2.235,2.27,2.165
2018-01-08,02:56,not set,not set,not set,not set,0,not set,,,not set,not set,0,not set,not set,15.0,74.3,not set,13.0,not set,not set,15.9,58.3,0,not set,26.0,17.2,51.5,4,18.30,48.30,0,46,13,40,12,high,normal,on,on,2.105,2.15,2.105,2.145
2018-01-08,02:57,not set,not set,not set,not set,2,not set,,,not set,not set,0,not set,not set,15.0,74.3,not set,13.0,not set,not set,15.8,58.3,0,not set,33.0,17.2,51.3,16,18.40,48.40,0,46,14,41,12,high,normal,on,on,2.3,2.305,2.14,2.26
2018-01-08,02:57,not set,not set,not set,not set,0,not set,,,not set,not set,0,not set,not set,15.0,74.4,not set,13.0,not set,not set,15.8,58.3,0,not set,28.0,17.3,51.5,16,18.40,48.50,0,45,14,40,12,high,normal,on,on,2.355,2.34,2.335,2.325
2018-01-08,02:58,not set,not set,not set,not set,3,not set,,,not set,not set,0,not set,not set,15.0,74.5,not set,13.0,not set,not set,15.8,58.3,0,not set,31.0,17.3,51.4,8,18.40,48.30,0,45,14,41,12,high,normal,on,on,2.11,2.15,2.195,2.095
2018-01-08,02:58,not set,not set,not set,not set,0,not set,,,not set,not set,0,not set,not set,15.0,74.4,not set,13.0,not set,not set,15.8,58.3,0,not set,38.0,17.3,51.4,2,18.40,48.30,0,45,14,39,12,high,normal,on,on,2.505,2.305,2.23,2.365
2018-01-08,02:58,not set,not set,not set,not set,0,not set,,,not set,not set,0,not set,not set,15.0,74.3,not set,13.0,not set,not set,15.8,58.3,0,not set,16.0,17.2,51.5,8,18.40,48.20,0,45,15,39,12,high,normal,on,on,2.125,2.16,2.095,2.145
2018-01-08,02:59,not set,not set,not set,not set,0,not set,,,not set,not set,0,not set,not set,15.0,74.4,not set,13.0,not set,not set,15.8,58.3,0,not set,15.0,17.2,51.5,8,18.40,48.30,0,45,14,40,12,high,normal,on,on,2.3,2.36,2.32,2.275
2018-01-08,02:59,not set,not set,not set,not set,2,not set,,,not set,not set,0,not set,not set,15.0,74.3,not set,13.0,not set,not set,15.8,58.3,3,not set,31.0,17.2,51.5,7,18.40,48.40,0,45,14,39,13,high,normal,on,on,2.315,2.295,2.31,2.345
2018-01-08,03:00,not set,not set,not set,not set,4,not set,,,not set,not set,0,not set,not set,15.0,74.4,not set,13.0,not set,not set,15.8,58.3,0,not set,30.0,17.3,51.6,11,18.40,48.40,0,45,14,39,12,high,normal,on,on,2.595,2.495,2.575,2.54
2018-01-08,03:00,not set,not set,not set,not set,3,not set,,,not set,not set,0,not set,not set,15.0,74.2,not set,13.0,not set,not set,15.8,58.3,0,not set,17.0,17.2,51.6,2,18.40,48.30,0,45,14,39,12,high,normal,on,on,2.265,2.365,2.265,2.325
2018-01-08,03:01,not set,not set,not set,not set,0,not set,,,not set,not set,0,not set,not set,15.0,74.2,not set,13.0,not set,not set,15.8,58.3,0,not set,17.0,17.2,51.6,8,18.40,48.20,0,45,14,39,12,high,normal,on,on,2.14,2.12,2.19,2.165
2018-01-08,03:01,not set,not set,not set,not set,0,not set,,,not set,not set,0,not set,not set,15.0,74.0,not set,13.0,not set,not set,15.8,58.3,0,not set,21.0,17.2,51.4,12,18.40,48.20,0,45,14,39,12,high,normal,on,on,2.13,2.15,2.13,2.105
2018-01-08,03:02,not set,not set,not set,not set,0,not set,,,not set,not set,0,not set,not set,15.0,74.0,not set,13.0,not set,not set,15.8,58.3,0,not set,16.0,17.2,51.4,27,18.40,48.30,0,45,14,39,12,high,normal,on,on,2.135,2.295,2.165,2.13
2018-01-08,03:02,not set,not set,not set,not set,1,not set,,,not set,not set,0,not set,not set,15.0,74.1,not set,13.0,not set,not set,15.8,58.3,0,not set,15.0,17.2,51.4,8,18.40,48.10,0,45,14,39,12,high,normal,on,on,2.085,2.135,2.135,2.15
2018-01-08,03:02,not set,not set,not set,not set,2,not set,,,not set,not set,0,not set,not set,15.0,74.2,not set,13.0,not set,not set,15.8,58.3,0,not set,15.0,17.2,51.4,8,18.40,48.30,0,45,14,39,12,high,normal,on,on,2.555,2.28,2.24,2.275
2018-01-08,03:03,not set,not set,not set,not set,0,not set,,,not set,not set,0,not set,not set,15.0,74.1,not set,13.0,not set,not set,15.8,58.3,0,not set,13.0,17.3,51.5,4,18.40,48.10,0,45,14,39,13,high,normal,on,on,2.62,2.705,2.63,2.625
2018-01-08,03:03,not set,not set,not set,not set,0,not set,,,not set,not set,0,not set,not set,15.0,74.0,not set,12.0,not set,not set,15.8,58.3,0,not set,12.0,17.2,51.5,2,18.40,48.10,0,45,14,39,12,high,normal,on,on,2.705,2.73,2.66,2.65
2018-01-08,03:04,not set,not set,not set,not set,2,not set,,,not set,not set,0,not set,not set,15.0,74.1,not set,13.0,not set,not set,15.8,58.3,1,not set,23.0,17.2,51.4,17,18.40,48.10,0,45,14,39,12,high,normal,on,on,2.505,2.44,2.395,2.4
2018-01-08,03:04,not set,not set,not set,not set,0,not set,,,not set,not set,0,not set,not set,15.0,74.2,not set,13.0,not set,not set,15.8,58.3,0,not set,22.0,17.2,51.4,12,18.40,47.90,0,45,14,39,12,high,normal,on,on,2.37,2.495,2.47,2.43
2018-01-08,03:05,not set,not set,not set,not set,0,not set,,,not set,not set,0,not set,not set,15.0,74.2,not set,13.0,not set,not set,15.8,58.3,0,not set,22.0,17.2,51.5,8,18.50,48.00,0,45,14,39,12,high,normal,on,on,2.485,2.405,2.445,2.5
2018-01-08,03:05,not set,not set,not set,not set,0,not set,,,not set,not set,0,not set,not set,15.0,74.2,not set,13.0,not set,not set,15.8,58.3,0,not set,20.0,17.2,51.5,0,18.40,48.10,0,45,15,39,12,high,normal,on,on,2.495,2.47,2.41,2.43
2018-01-08,03:06,not set,not set,not set,not set,2,not set,,,not set,not set,0,not set,not set,15.0,74.2,not set,14.0,not set,not set,15.8,58.3,0,not set,21.0,17.2,51.4,4,18.40,48.00,0,45,14,39,12,high,normal,on,on,2.635,2.635,2.675,2.66
2018-01-08,03:06,not set,not set,not set,not set,0,not set,,,not set,not set,0,not set,not set,15.0,74.1,not set,13.0,not set,not set,15.8,58.3,0,not set,22.0,17.2,51.2,2,18.40,48.00,0,45,14,39,13,high,normal,on,on,2.455,2.565,2.405,2.49
2018-01-08,03:06,not set,not set,not set,not set,2,not set,,,not set,not set,0,not set,not set,15.0,74.1,not set,13.0,not set,not set,15.8,58.3,0,not set,17.0,17.2,51.3,17,18.40,47.90,0,45,14,39,13,high,normal,on,on,2.675,2.7,2.595,2.735
2018-01-08,03:07,not set,not set,not set,not set,3,not set,,,not set,not set,0,not set,not set,15.0,74.1,not set,13.0,not set,not set,15.8,58.3,0,not set,18.0,17.2,51.3,8,18.40,47.90,0,45,14,39,12,high,normal,on,on,2.415,2.375,2.395,2.445
2018-01-08,03:07,not set,not set,not set,not set,0,not set,,,not set,not set,0,not set,not set,15.0,74.2,not set,13.0,not set,not set,15.8,58.3,0,not set,13.0,17.2,51.3,6,18.40,47.90,0,45,14,39,12,high,normal,on,on,2.435,2.435,2.425,2.43
2018-01-08,03:08,not set,not set,not set,not set,0,not set,,,not set,not set,0,not set,not set,15.0,74.3,not set,13.0,not set,not set,15.8,58.3,0,not set,21.0,17.2,51.2,8,18.50,47.90,0,45,14,39,12,high,normal,on,on,2.465,2.57,2.465,2.445
2018-01-08,03:08,not set,not set,not set,not set,0,not set,,,not set,not set,0,not set,not set,15.0,74.2,not set,13.0,not set,not set,15.8,58.3,0,not set,22.0,17.2,51.2,8,18.50,47.90,0,45,14,39,12,high,normal,on,on,2.46,2.445,2.41,2.41
2018-01-08,03:09,not set,not set,not set,not set,0,not set,,,not set,not set,0,not set,not set,15.0,74.1,not set,13.0,not set,not set,15.8,58.3,0,not set,23.0,17.2,51.2,17,18.50,47.80,0,45,15,39,12,high,normal,on,on,2.48,2.435,2.405,2.47
2018-01-08,03:09,not set,not set,not set,not set,1,not set,,,not set,not set,0,not set,not set,15.0,74.3,not set,12.0,not set,not set,15.7,58.2,0,not set,17.0,17.3,51.2,16,18.50,47.80,0,45,14,39,13,high,normal,on,on,3.16,2.94,2.525,2.51
2018-01-08,03:10,not set,not set,not set,not set,0,not set,,,not set,not set,0,not set,not set,15.0,74.3,not set,13.0,not set,not set,15.8,58.3,0,not set,18.0,17.3,51.3,2,18.50,47.80,0,45,14,39,12,high,normal,on,on,2.275,2.275,2.19,2.17
2018-01-08,03:10,not set,not set,not set,not set,0,not set,,,not set,not set,0,not set,not set,15.0,74.2,not set,13.0,not set,not set,15.8,58.3,0,not set,23.0,17.3,51.1,7,18.50,47.70,0,45,14,39,13,high,normal,on,on,2.15,2.185,2.155,2.225
2018-01-08,03:10,not set,not set,not set,not set,0,not set,,,not set,not set,0,not set,not set,15.0,73.9,not set,13.0,not set,not set,15.8,58.3,0,not set,24.0,17.3,51.0,32,18.50,47.70,0,45,14,38,13,high,normal,on,on,2.165,2.17,2.27,2.2
2018-01-08,03:11,not set,not set,not set,not set,0,not set,,,not set,not set,0,not set,not set,15.0,74.0,not set,12.0,not set,not set,15.7,58.2,0,not set,14.0,17.3,51.1,17,18.50,47.60,0,45,14,39,12,high,normal,on,on,2.04,2.055,2.03,2.07
2018-01-08,03:11,not set,not set,not set,not set,3,not set,,,not set,not set,0,not set,not set,15.0,74.2,not set,13.0,not set,not set,15.8,58.3,0,not set,35.0,17.3,51.1,17,18.50,47.60,0,45,14,38,13,high,normal,on,on,2.01,2.105,2.04,1.895
2018-01-08,03:12,not set,not set,not set,not set,3,not set,,,not set,not set,0,not set,not set,15.0,74.2,not set,13.0,not set,not set,15.8,58.3,0,not set,33.0,17.3,51.2,16,18.50,47.50,0,45,14,38,12,high,normal,on,on,1.9,1.905,1.9,1.885
2018-01-08,03:12,not set,not set,not set,not set,0,not set,,,not set,not set,0,not set,not set,15.0,74.4,not set,12.0,not set,not set,15.7,58.2,0,not set,34.0,17.3,51.2,3,18.50,47.60,0,45,14,38,12,high,normal,on,on,2.09,2.045,2.02,2.045
2018-01-08,03:13,not set,not set,not set,not set,3,not set,,,not set,not set,0,not set,not set,15.0,74.1,not set,13.0,not set,not set,15.7,58.2,0,not set,14.0,17.3,51.1,12,18.50,47.60,0,45,14,39,12,high,normal,on,on,1.89,1.86,1.895,1.9
2018-01-08,03:13,not set,not set,not set,not set,0,not set,,,not set,not set,0,not set,not set,15.0,74.2,not set,12.0,not set,not set,15.7,58.2,0,not set,14.0,17.3,51.0,8,18.50,47.50,0,44,14,38,12,high,normal,on,on,1.915,1.89,1.92,1.91
2018-01-08,03:13,not set,not set,not set,not set,3,not set,,,not set,not set,0,not set,not set,15.0,74.1,not set,13.0,not set,not set,15.7,58.2,0,not set,15.0,17.3,50.9,8,18.50,47.40,0,45,14,39,13,high,normal,on,on,2.04,2.06,2.225,1.91
2018-01-08,03:14,not set,not set,not set,not set,0,not set,,,not set,not set,0,not set,not set,15.0,74.2,not set,13.0,not set,not set,15.8,58.3,0,not set,34.0,17.3,50.9,17,18.50,47.40,0,45,14,38,12,high,normal,on,on,2.07,2.305,2.345,2.06
2018-01-08,03:14,not set,not set,not set,not set,3,not set,,,not set,not set,0,not set,not set,15.0,74.0,not set,12.0,not set,not set,15.8,58.3,0,not set,14.0,17.3,51.0,8,18.60,47.50,0,46,14,39,12,high,normal,on,on,1.915,1.915,1.98,1.99
2018-01-08,03:15,not set,not set,not set,not set,3,not set,,,not set,not set,0,not set,not set,15.0,74.0,not set,13.0,not set,not set,15.8,58.3,0,not set,31.0,17.3,51.0,2,18.50,47.40,0,45,14,38,12,high,normal,on,on,1.84,1.86,1.84,1.885
2018-01-08,03:15,not set,not set,not set,not set,3,not set,,,not set,not set,0,not set,not set,15.0,73.9,not set,13.0,not set,not set,15.8,58.3,0,not set,13.0,17.3,51.1,2,18.50,47.40,0,45,14,38,13,high,normal,on,on,2.06,1.965,1.99,2.04
2018-01-08,03:16,not set,not set,not set,not set,3,not set,,,not set,not set,0,not set,not set,15.0,73.9,not set,13.0,not set,not set,15.8,58.3,0,not set,32.0,17.3,50.9,16,18.60,47.50,0,45,14,38,12,high,normal,on,on,2.03,2.25,2.185,2.255
2018-01-08,03:16,not set,not set,not set,not set,2,not set,,,not set,not set,0,not set,not set,15.0,73.8,not set,13.0,not set,not set,15.7,58.2,0,not set,13.0,17.3,51.0,16,18.60,47.40,0,45,14,38,12,high,normal,on,on,2.48,2.095,1.965,1.845
2018-01-08,03:17,not set,not set,not set,not set,0,not set,,,not set,not set,1,not set,not set,15.0,73.9,not set,12.0,not set,not set,15.7,58.2,0,not set,33.0,17.3,51.1,8,18.60,47.40,0,45,14,38,12,high,normal,on,on,1.88,1.885,1.9,1.89
2018-01-08,03:17,not set,not set,not set,not set,0,not set,,,not set,not set,0,not set,not set,15.0,73.9,not set,13.0,not set,not set,15.8,58.3,0,not set,14.0,17.3,51.1,4,18.60,47.40,0,45,14,38,12,high,normal,on,on,1.77,1.82,1.85,1.97
2018-01-08,03:17,not set,not set,not set,not set,1,not set,,,not set,not set,0,not set,not set,15.0,73.8,not set,13.0,not set,not set,15.7,58.2,0,not set,30.0,17.3,51.0,9,18.50,47.40,0,45,14,38,12,high,normal,on,on,1.835,1.85,1.82,1.87
2018-01-08,03:18,not set,not set,not set,not set,2,not set,,,not set,not set,0,not set,not set,15.0,73.9,not set,13.0,not set,not set,15.7,58.2,0,not set,12.0,17.2,51.1,8,18.50,47.30,0,45,14,39,13,high,normal,on,on,2.155,2.155,2.2,2.135
2018-01-08,03:18,not set,not set,not set,not set,3,not set,,,not set,not set,0,not set,not set,15.0,73.9,not set,13.0,not set,not set,15.7,58.2,0,not set,14.0,17.3,51.0,8,18.50,47.40,0,45,14,38,12,high,normal,on,on,1.94,1.935,2.055,2.0
2018-01-08,03:19,not set,not set,not set,not set,3,not set,,,not set,not set,0,not set,not set,15.0,73.9,not set,13.0,not set,not set,15.8,58.2,0,not set,14.0,17.2,51.0,12,18.50,47.30,0,45,15,38,12,high,normal,on,on,1.79,1.81,1.805,1.805
2018-01-08,03:19,not set,not set,not set,not set,0,not set,,,not set,not set,0,not set,not set,15.0,73.9,not set,12.0,not set,not set,15.7,58.2,0,not set,17.0,17.3,51.1,16,18.50,47.40,0,45,15,38,13,high,normal,on,on,1.785,1.785,1.875,2.04
2018-01-08,03:20,not set,not set,not set,not set,0,not set,,,not set,not set,0,not set,not set,15.0,73.8,not set,12.0,not set,not set,15.8,58.3,0,not set,12.0,17.3,51.0,9,18.50,47.30,0,45,15,38,12,high,normal,on,on,2.225,2.22,2.19,2.215
2018-01-08,03:20,not set,not set,not set,not set,3,not set,,,not set,not set,0,not set,not set,15.0,73.7,not set,13.0,not set,not set,15.7,58.2,0,not set,14.0,17.2,51.0,16,18.50,47.30,0,46,14,38,12,high,normal,on,on,2.175,2.16,2.085,2.17
2018-01-08,03:21,not set,not set,not set,not set,0,not set,,,not set,not set,0,not set,not set,15.0,73.8,not set,12.0,not set,not set,15.7,58.2,0,not set,13.0,17.2,51.1,8,18.50,47.30,0,45,14,38,12,high,normal,on,on,2.11,2.125,2.16,2.14
2018-01-08,03:21,not set,not set,not set,not set,1,not set,,,not set,not set,0,not set,not set,15.0,73.8,not set,13.0,not set,not set,15.8,58.3,0,not set,11.0,17.2,51.0,8,18.50,47.20,0,45,14,39,12,high,normal,on,on,2.15,2.145,2.095,2.12
2018-01-08,03:21,not set,not set,not set,not set,3,not set,,,not set,not set,0,not set,not set,15.0,73.7,not set,13.0,not set,not set,15.8,58.2,0,not set,14.0,17.2,51.0,0,18.50,47.30,0,45,14,39,12,high,normal,on,on,2.24,2.325,2.415,2.4
2018-01-08,03:22,not set,not set,not set,not set,0,not set,,,not set,not set,0,not set,not set,15.0,73.8,not set,13.0,not set,not set,15.8,58.3,0,not set,33.0,17.2,50.9,17,18.50,47.30,0,45,14,38,12,high,normal,on,on,2.115,2.065,2.13,2.085
2018-01-08,03:22,not set,not set,not set,not set,1,not set,,,not set,not set,0,not set,not set,15.0,73.8,not set,13.0,not set,not set,15.7,58.1,0,not set,43.0,17.2,51.0,17,18.50,47.20,0,44,14,38,12,high,normal,on,on,2.23,2.245,2.32,2.24
2018-01-08,03:23,not set,not set,not set,not set,0,not set,,,not set,not set,0,not set,not set,15.0,73.8,not set,13.0,not set,not set,15.7,58.1,0,not set,34.0,17.2,51.0,2,18.50,47.20,0,45,15,38,12,high,normal,on,on,2.305,2.245,2.28,2.265
2018-01-08,03:23,not set,not set,not set,not set,0,not set,,,not set,not set,0,not set,not set,15.0,73.8,not set,13.0,not set,not set,15.7,58.1,0,not set,20.0,17.2,51.1,8,18.50,47.10,0,45,44,14,38,high,normal,on,on,6.0,16.815,16.915,16.755
2018-01-08,03:24,not set,not set,not set,not set,0,not set,,,not set,not set,73.70,not set,not set,58.1,15.0,not set,47.1,not set,not set,0.0,15.7,0,not set,33.55,30.0,17.2,51.20,0,18.50,6,0,45,14,38,high,normal,on,on,6.0,16.695,17.025,16.675
2018-01-08,03:24,not set,not set,not set,not set,0,not set,,,not set,not set,73.70,not set,not set,58.2,15.0,not set,47.2,not set,not set,0.0,15.8,0,not set,32.0,33.7,17.2,51.10,0,18.50,12,2,45,14,38,high,normal,on,on,6.0,17.035,16.965,16.865
2018-01-08,03:24,not set,not set,not set,not set,0,not set,,,not set,not set,73.80,not set,not set,58.0,15.0,not set,47.2,not set,not set,0.0,15.7,0,not set,31.0,33.81,17.2,51.00,0,18.50,6,0,45,14,39,high,normal,on,on,6.5,16.57,16.795,16.72
2018-01-08,03:25,not set,not set,not set,not set,0,not set,,,not set,not set,73.80,not set,not set,58.1,15.0,not set,47.3,not set,not set,0.0,15.7,0,not set,34.0,33.39,17.2,51.20,0,18.50,4,0,45,14,39,high,normal,on,on,6.0,2.225,2.235,2.345
2018-01-08,03:25,not set,not set,not set,not set,0,not set,,,not set,not set,73.80,not set,not set,58.1,15.0,not set,47.2,not set,not set,0.0,15.8,0,not set,27.0,5.44,17.2,51.20,0,18.60,12,1,45,14,39,high,normal,on,on,6.0,2.09,2.145,2.08
2018-01-08,03:26,not set,not set,not set,not set,0,not set,,,not set,not set,73.90,not set,not set,58.1,15.0,not set,47.1,not set,not set,0.0,15.8,0,not set,15.0,4.16,17.2,51.20,0,18.50,8,0,45,14,39,high,normal,on,on,6.5,2.235,2.275,2.28
2018-01-08,03:26,not set,not set,not set,not set,0,not set,,,not set,not set,73.80,not set,not set,58.1,15.0,not set,47.1,not set,not set,0.0,15.8,0,not set,27.0,4.61,17.2,51.20,0,18.50,2,0,44,14,39,high,normal,on,on,6.0,2.085,2.08,2.09
2018-01-08,03:26,not set,not set,not set,not set,0,not set,,,not set,not set,73.80,not set,not set,58.0,15.0,not set,47.2,not set,not set,0.0,15.7,0,not set,16.0,4.27,17.2,51.30,0,18.50,33,0,44,14,40,high,normal,on,on,6.0,2.115,2.125,2.105
2018-01-08,03:27,not set,not set,not set,not set,0,not set,,,not set,not set,73.80,not set,not set,58.1,15.0,not set,47.3,not set,not set,0.0,15.7,0,not set,14.0,4.18,17.2,51.30,0,18.60,8,1,44,14,40,high,normal,on,on,6.0,2.3,2.115,1.88
2018-01-08,03:27,not set,not set,not set,not set,0,not set,,,not set,not set,73.80,not set,not set,58.1,15.0,not set,47.3,not set,not set,0.0,15.7,0,not set,13.0,3.75,17.2,51.30,0,18.50,16,0,44,14,40,high,normal,on,on,6.0,2.35,2.39,2.365
2018-01-08,03:28,not set,not set,not set,not set,0,not set,,,not set,not set,73.80,not set,not set,58.1,15.0,not set,47.2,not set,not set,0.0,15.7,0,not set,10.0,4.76,17.2,51.40,0,18.50,17,4,44,14,41,high,normal,on,on,6.0,2.01,2.265,2.0
2018-01-08,03:28,not set,not set,not set,not set,3,not set,,,not set,not set,0,not set,not set,15.0,73.7,not set,47.2,not set,not set,0.0,15.7,0,not set,30.0,4.03,17.2,51.20,0,18.50,4,44,15,41,13,high,normal,on,on,1.975,1.94,1.96,1.945
2018-01-08,03:29,not set,not set,not set,not set,4,not set,,,not set,not set,0,not set,not set,15.0,73.8,not set,13.0,not set,not set,15.7,58.1,0,not set,30.0,17.2,51.2,7,18.50,47.20,0,45,14,41,12,high,normal,on,on,1.785,1.87,1.795,1.805
2018-01-08,03:29,not set,not set,not set,not set,0,not set,,,not set,not set,0,not set,not set,15.0,73.6,not set,13.0,not set,not set,15.7,58.1,0,not set,39.0,17.2,51.1,16,18.50,47.10,0,45,14,42,12,high,normal,on,on,1.915,1.925,1.945,1.995
2018-01-08,03:29,not set,not set,not set,not set,3,not set,,,not set,not set,0,not set,not set,15.0,73.7,not set,13.0,not set,not set,15.7,58.1,0,not set,36.0,17.2,51.0,8,18.50,47.10,0,45,14,41,13,high,normal,on,on,1.78,1.795,1.8,1.77
2018-01-08,03:30,not set,not set,not set,not set,0,not set,,,not set,not set,0,not set,not set,15.0,73.6,not set,12.0,not set,not set,15.7,58.1,0,not set,19.0,17.2,51.0,17,18.50,47.00,0,45,14,41,12,high,normal,on,on,1.78,2.085,1.99,1.945
2018-01-08,03:30,not set,not set,not set,not set,1,not set,,,not set,not set,0,not set,not set,15.0,73.5,not set,12.0,not set,not set,15.7,58.1,0,not set,32.0,17.2,51.0,4,18.50,47.10,0,45,14,41,12,high,normal,on,on,2.21,2.225,2.315,2.415
2018-01-08,03:31,not set,not set,not set,not set,0,not set,,,not set,not set,0,not set,not set,15.0,73.5,not set,13.0,not set,not set,15.7,58.1,0,not set,28.0,17.2,51.2,3,18.50,47.10,0,45,14,41,12,high,normal,on,on,2.135,2.155,2.07,2.505
2018-01-08,03:31,not set,not set,not set,not set,0,not set,,,not set,not set,0,not set,not set,15.0,73.5,not set,13.0,not set,not set,15.7,58.1,0,not set,24.0,17.2,51.0,16,18.50,47.10,0,45,14,41,13,high,normal,on,on,2.56,2.36,2.35,2.445
2018-01-08,03:32,not set,not set,not set,not set,3,not set,,,not set,not set,0,not set,not set,15.0,73.4,not set,13.0,not set,not set,15.7,58.1,0,not set,31.0,17.2,50.9,0,18.50,47.10,0,46,14,41,12,high,normal,on,on,2.255,2.54,2.55,2.635
2018-01-08,03:32,not set,not set,not set,not set,3,not set,,,not set,not set,0,not set,not set,15.0,73.6,not set,13.0,not set,not set,15.7,58.1,0,not set,25.0,17.2,50.9,0,18.50,47.00,0,45,15,41,13,high,normal,on,on,2.24,2.09,2.16,2.15
2018-01-08,03:33,not set,not set,not set,not set,1,not set,,,not set,not set,0,not set,not set,15.0,73.5,not set,14.0,not set,not set,15.7,58.1,0,not set,13.0,17.2,51.0,17,18.50,47.00,0,45,14,41,12,high,normal,on,on,2.065,2.09,2.12,2.155
2018-01-08,03:33,not set,not set,not set,not set,1,not set,,,not set,not set,0,not set,not set,15.0,73.5,not set,13.0,not set,not set,15.7,58.1,0,not set,34.0,17.2,51.0,17,18.50,47.10,0,44,14,41,13,high,normal,on,on,2.055,2.08,2.115,2.05
2018-01-08,03:33,not set,not set,not set,not set,0,not set,,,not set,not set,0,not set,not set,15.0,73.4,not set,13.0,not set,not set,15.7,58.1,0,not set,19.0,17.2,50.9,2,18.50,47.10,0,44,14,42,12,high,normal,on,on,2.13,2.125,2.04,2.08
2018-01-08,03:34,not set,not set,not set,not set,0,not set,,,not set,not set,0,not set,not set,15.0,73.5,not set,13.0,not set,not set,15.7,58.1,0,not set,17.0,17.2,51.0,8,18.50,47.00,0,44,14,41,12,high,normal,on,on,2.09,2.19,2.085,2.095
2018-01-08,03:34,not set,not set,not set,not set,2,not set,,,not set,not set,0,not set,not set,15.0,73.5,not set,13.0,not set,not set,15.7,58.1,0,not set,11.0,17.2,51.1,17,18.50,47.00,0,45,14,41,13,high,normal,on,on,2.125,2.115,2.12,2.125
2018-01-08,03:35,not set,not set,not set,not set,4,not set,,,not set,not set,0,not set,not set,15.0,73.6,not set,12.0,not set,not set,15.7,58.1,0,not set,70.0,17.2,50.9,19,18.50,47.00,0,44,15,41,12,high,normal,on,on,2.145,2.105,2.115,2.125
2018-01-08,03:35,not set,not set,not set,not set,0,not set,,,not set,not set,0,not set,not set,15.0,73.4,not set,12.0,not set,not set,15.7,58.1,0,not set,74.0,17.2,50.9,19,18.50,47.00,0,44,14,42,13,high,normal,on,on,2.075,2.09,2.135,2.105
2018-01-08,03:36,not set,not set,not set,not set,1,not set,,,not set,not set,0,not set,not set,15.0,73.3,not set,13.0,not set,not set,15.7,58.1,0,not set,78.0,17.2,50.9,24,18.50,46.90,0,45,14,42,14,high,normal,on,on,2.215,2.13,2.12,2.125
2018-01-08,03:36,not set,not set,not set,not set,0,not set,,,not set,not set,0,not set,not set,15.0,73.4,not set,12.0,not set,not set,15.7,58.1,0,not set,67.0,17.2,51.0,17,18.50,46.90,0,46,14,41,12,high,normal,on,on,2.08,2.11,2.125,2.075
2018-01-08,03:37,not set,not set,not set,not set,1,not set,,,not set,not set,0,not set,not set,15.0,73.4,not set,12.0,not set,not set,15.7,58.1,0,not set,71.0,17.2,50.9,14,18.50,46.90,0,44,14,41,12,high,normal,on,on,2.14,2.12,2.275,2.14
2018-01-08,03:37,not set,not set,not set,not set,3,not set,,,not set,not set,0,not set,not set,15.0,73.4,not set,13.0,not set,not set,15.7,58.1,0,not set,71.0,17.2,50.9,11,18.50,46.90,0,44,15,41,12,high,normal,on,on,2.12,2.32,2.3,2.32
2018-01-08,03:37,not set,not set,not set,not set,0,not set,,,not set,not set,0,not set,not set,15.0,73.3,not set,13.0,not set,not set,15.7,58.1,0,not set,82.0,17.2,50.9,12,18.50,46.80,0,44,14,41,13,high,normal,on,on,2.06,2.075,2.09,2.86
2018-01-08,03:38,not set,not set,not set,not set,6,not set,,,not set,not set,0,not set,not set,15.0,73.3,not set,13.0,not set,not set,15.7,58.0,0,not set,71.0,17.2,50.8,24,18.50,46.90,0,44,14,41,12,high,normal,on,on,2.015,2.055,2.04,2.055
2018-01-08,03:38,not set,not set,not set,not set,3,not set,,,not set,not set,0,not set,not set,15.0,73.3,not set,13.0,not set,not set,15.7,58.0,0,not set,69.0,17.2,50.8,3,18.50,46.80,0,44,14,42,12,high,normal,on,on,1.895,1.835,1.865,1.845
2018-01-08,03:39,not set,not set,not set,not set,1,not set,,,not set,not set,0,not set,not set,15.0,73.3,not set,13.0,not set,not set,15.7,58.1,0,not set,67.0,17.2,50.9,7,18.50,46.90,0,44,14,41,13,high,normal,on,on,1.815,1.9,1.81,1.785
2018-01-08,03:39,not set,not set,not set,not set,1,not set,,,not set,not set,0,not set,not set,15.0,73.3,not set,13.0,not set,not set,15.7,58.1,0,not set,72.0,17.2,50.9,24,18.50,46.80,0,45,14,41,12,high,normal,on,on,1.805,1.84,1.83,1.81
2018-01-08,03:40,not set,not set,not set,not set,0,not set,,,not set,not set,0,not set,not set,15.0,73.3,not set,13.0,not set,not set,15.7,58.1,0,not set,76.0,17.2,50.8,24,18.50,46.90,0,44,14,41,12,high,normal,on,on,1.84,1.835,1.795,1.875
2018-01-08,03:40,not set,not set,not set,not set,4,not set,,,not set,not set,0,not set,not set,15.0,73.3,not set,13.0,not set,not set,15.7,58.0,0,not set,75.0,17.2,50.8,32,18.50,46.80,0,44,14,41,12,high,normal,on,on,1.86,1.805,1.83,1.81
2018-01-08,03:41,not set,not set,not set,not set,0,not set,,,not set,not set,0,not set,not set,15.0,73.4,not set,13.0,not set,not set,15.7,58.1,0,not set,72.0,17.2,50.9,3,18.50,46.80,0,44,14,41,12,high,normal,on,on,1.795,1.805,1.855,1.815
2018-01-08,03:41,not set,not set,not set,not set,2,not set,,,not set,not set,0,not set,not set,15.0,73.4,not set,13.0,not set,not set,15.7,58.0,0,not set,81.0,17.2,51.0,11,18.50,46.80,0,44,15,41,12,high,normal,on,on,2.125,2.085,2.105,2.245
2018-01-08,03:41,not set,not set,not set,not set,4,not set,,,not set,not set,0,not set,not set,15.0,73.3,not set,13.0,not set,not set,15.6,58.0,0,not set,82.0,17.2,51.2,19,18.50,46.80,0,45,14,41,12,high,normal,on,on,2.115,2.13,2.1,2.12
2018-01-08,03:42,not set,not set,not set,not set,1,not set,,,not set,not set,0,not set,not set,15.0,73.4,not set,13.0,not set,not set,15.7,58.1,0,not set,73.0,17.1,51.2,17,18.50,46.90,0,44,14,41,13,high,normal,on,on,2.09,2.17,2.145,2.085
2018-01-08,03:42,not set,not set,not set,not set,3,not set,,,not set,not set,0,not set,not set,15.0,73.3,not set,13.0,not set,not set,15.7,58.0,0,not set,70.0,17.1,51.2,17,18.50,46.80,0,44,14,41,12,high,normal,on,on,12.455,14.045,13.795,13.86
2018-01-08,03:43,not set,not set,not set,not set,0,not set,,,not set,not set,0,not set,not set,15.0,73.3,not set,13.0,not set,not set,15.6,58.0,0,not set,72.0,17.1,51.2,12,18.50,47.00,0,44,14,41,12,high,normal,on,on,13.6,13.77,13.735,13.625
2018-01-08,03:43,not set,not set,not set,not set,0,not set,,,not set,not set,0,not set,not set,15.0,73.3,not set,13.0,not set,not set,15.6,58.0,0,not set,78.0,17.1,51.4,17,18.50,46.90,0,44,14,41,12,high,normal,on,on,13.765,13.6,13.7,13.76
2018-01-08,03:44,not set,not set,not set,not set,2,not set,,,not set,not set,0,not set,not set,15.0,73.2,not set,13.0,not set,not set,15.7,58.0,0,not set,74.0,17.1,51.5,16,18.50,46.90,0,44,15,41,13,high,normal,on,on,13.68,13.62,13.6,13.635
2018-01-08,03:44,not set,not set,not set,not set,0,not set,,,not set,not set,0,not set,not set,15.0,73.2,not set,13.0,not set,not set,15.6,58.0,0,not set,69.0,17.1,51.6,6,18.50,46.90,0,44,15,41,12,high,normal,on,on,13.445,13.665,13.52,13.475
2018-01-08,03:45,not set,not set,not set,not set,1,not set,,,not set,not set,0,not set,not set,15.0,73.2,not set,13.0,not set,not set,15.7,58.0,0,not set,69.0,17.1,51.5,17,18.50,46.90,0,44,14,41,12,high,normal,on,on,13.63,13.16,13.215,13.215
2018-01-08,03:45,not set,not set,not set,not set,0,not set,,,not set,not set,0,not set,not set,15.0,73.4,not set,13.0,not set,not set,15.6,58.0,0,not set,69.0,17.1,51.5,12,18.50,46.90,0,45,15,42,13,high,normal,on,on,13.06,13.205,13.145,13.3
2018-01-08,03:45,not set,not set,not set,not set,0,not set,,,not set,not set,0,not set,not set,15.0,73.3,not set,13.0,not set,not set,15.7,58.1,0,not set,71.0,17.1,51.5,15,18.50,46.90,0,44,15,42,13,high,normal,on,on,13.185,13.08,13.22,13.12
2018-01-08,03:46,not set,not set,not set,not set,4,not set,,,not set,not set,0,not set,not set,15.0,73.2,not set,13.0,not set,not set,15.6,58.0,0,not set,67.0,17.1,51.5,7,18.50,46.90,0,45,15,41,12,high,normal,on,on,13.22,13.265,13.265,13.285
2018-01-08,03:46,not set,not set,not set,not set,0,not set,,,not set,not set,0,not set,not set,15.0,73.3,not set,13.0,not set,not set,15.7,58.1,0,not set,66.0,17.1,51.5,17,18.50,46.80,0,44,14,41,12,high,normal,on,on,13.23,13.175,13.195,13.255
2018-01-08,03:47,not set,not set,not set,not set,0,not set,,,not set,not set,0,not set,not set,15.0,73.3,not set,13.0,not set,not set,15.7,58.1,0,not set,74.0,17.1,51.5,14,18.50,46.70,0,44,14,41,12,high,normal,on,on,13.285,13.1,13.185,13.325
2018-01-08,03:47,not set,not set,not set,not set,2,not set,,,not set,not set,0,not set,not set,15.0,73.1,not set,14.0,not set,not set,15.7,58.1,1,not set,72.0,17.1,51.4,15,18.50,46.80,0,44,14,40,13,high,normal,on,on,13.17,13.215,13.145,13.225
2018-01-08,03:48,not set,not set,not set,not set,0,not set,,,not set,not set,0,not set,not set,15.0,73.3,not set,13.0,not set,not set,15.6,58.0,0,not set,80.0,17.1,51.4,14,18.50,46.70,0,44,14,40,12,high,normal,on,on,13.175,13.205,13.215,13.12
2018-01-08,03:48,not set,not set,not set,not set,2,not set,,,not set,not set,0,not set,not set,15.0,73.2,not set,12.0,not set,not set,15.6,58.0,0,not set,76.0,17.1,51.5,20,18.50,46.80,0,44,15,42,12,high,normal,on,on,13.1,13.195,13.17,13.165
2018-01-08,03:49,not set,not set,not set,not set,2,not set,,,not set,not set,0,not set,not set,15.0,73.3,not set,13.0,not set,not set,15.6,58.0,0,not set,68.0,17.1,51.5,17,18.50,46.70,0,44,14,40,13,high,normal,on,on,13.21,13.28,13.19,13.285
2018-01-08,03:49,not set,not set,not set,not set,1,not set,,,not set,not set,0,not set,not set,15.0,73.3,not set,13.0,not set,not set,15.6,58.0,0,not set,72.0,17.1,51.4,12,18.50,46.60,0,44,14,41,13,high,normal,on,on,13.26,13.245,13.255,13.235
2018-01-08,03:50,not set,not set,not set,not set,4,not set,,,not set,not set,0,not set,not set,15.0,73.2,not set,13.0,not set,not set,15.6,58.0,0,not set,73.0,17.1,51.4,21,18.50,46.60,0,44,15,40,13,high,normal,on,on,13.23,13.155,13.28,13.27
2018-01-08,03:50,not set,not set,not set,not set,2,not set,,,not set,not set,0,not set,not set,15.0,73.2,not set,13.0,not set,not set,15.6,58.0,0,not set,73.0,17.1,51.4,7,18.50,46.40,0,44,15,40,12,high,normal,on,on,13.28,13.255,13.3,13.295
2018-01-08,03:50,not set,not set,not set,not set,2,not set,,,not set,not set,0,not set,not set,15.0,73.1,not set,12.0,not set,not set,15.6,58.0,0,not set,64.0,17.1,51.4,15,18.50,46.30,0,44,15,40,12,high,normal,on,on,13.155,13.22,13.3,13.24
2018-01-08,03:51,not set,not set,not set,not set,2,not set,,,not set,not set,0,not set,not set,15.0,73.1,not set,12.0,not set,not set,15.6,58.0,0,not set,65.0,17.1,51.3,3,18.50,46.20,0,45,15,40,12,high,normal,on,on,13.335,13.405,13.31,13.25
2018-01-08,03:51,not set,not set,not set,not set,3,not set,,,not set,not set,0,not set,not set,15.0,73.2,not set,13.0,not set,not set,15.6,58.0,0,not set,61.0,17.1,51.2,19,18.60,46.30,0,44,14,41,13,high,normal,on,on,13.325,13.275,13.345,13.555
2018-01-08,03:52,not set,not set,not set,not set,0,not set,,,not set,not set,0,not set,not set,15.0,73.2,not set,13.0,not set,not set,15.6,58.0,0,not set,70.0,17.1,51.2,24,18.50,46.30,0,44,14,40,12,high,normal,on,on,13.175,13.235,13.295,13.28
2018-01-08,03:52,not set,not set,not set,not set,3,not set,,,not set,not set,0,not set,not set,15.0,73.2,not set,13.0,not set,not set,15.6,58.0,0,not set,94.0,17.1,51.2,7,18.50,46.10,0,44,15,40,12,high,normal,on,on,13.175,13.015,13.345,13.395
2018-01-08,03:53,not set,not set,not set,not set,0,not set,,,not set,not set,0,not set,not set,15.0,73.2,not set,13.0,not set,not set,15.6,58.0,0,not set,86.0,17.1,51.2,33,18.60,46.30,0,44,15,40,13,high,normal,on,on,13.26,13.195,13.275,13.185
2018-01-08,03:53,not set,not set,not set,not set,3,not set,,,not set,not set,0,not set,not set,15.0,73.0,not set,13.0,not set,not set,15.6,58.0,0,not set,86.0,17.1,51.3,14,18.50,46.30,0,44,15,40,12,high,normal,on,on,13.195,13.225,13.2,13.29
2018-01-08,03:54,not set,not set,not set,not set,0,not set,,,not set,not set,0,not set,not set,15.0,73.0,not set,13.0,not set,not set,15.6,58.0,0,not set,90.0,17.1,51.3,3,18.50,46.30,0,44,14,40,12,high,normal,on,on,13.32,13.42,13.25,13.26
2018-01-08,03:54,not set,not set,not set,not set,2,not set,,,not set,not set,0,not set,not set,15.0,73.2,not set,13.0,not set,not set,15.6,58.0,0,not set,92.0,17.1,51.3,7,18.50,46.40,0,45,15,41,13,high,normal,on,on,13.38,13.335,13.25,13.225
2018-01-08,03:54,not set,not set,not set,not set,0,not set,,,not set,not set,0,not set,not set,15.0,73.1,not set,14.0,not set,not set,15.6,58.0,0,not set,69.0,17.1,51.2,3,18.50,46.30,0,44,15,40,13,high,normal,on,on,13.08,13.185,13.27,13.23
2018-01-08,03:55,not set,not set,not set,not set,2,not set,,,not set,not set,0,not set,not set,15.0,73.1,not set,13.0,not set,not set,15.6,58.0,0,not set,75.0,17.1,51.2,3,18.50,46.20,0,44,14,40,13,high,normal,on,on,13.21,13.205,13.21,13.23
2018-01-08,03:55,not set,not set,not set,not set,2,not set,,,not set,not set,0,not set,not set,15.0,73.1,not set,13.0,not set,not set,15.6,58.0,0,not set,71.0,17.1,51.3,24,18.50,46.20,0,44,15,40,13,high,normal,on,on,13.185,13.175,13.07,13.15
2018-01-08,03:56,not set,not set,not set,not set,4,not set,,,not set,not set,0,not set,not set,15.0,73.0,not set,13.0,not set,not set,15.6,58.0,0,not set,86.0,17.1,51.3,20,18.50,46.20,0,44,14,41,13,high,normal,on,on,13.305,13.13,13.17,13.2
2018-01-08,03:56,not set,not set,not set,not set,2,not set,,,not set,not set,0,not set,not set,15.0,73.0,not set,13.0,not set,not set,15.6,58.0,0,not set,82.0,17.1,51.4,15,18.50,46.20,0,44,14,39,13,high,normal,on,on,13.335,13.325,13.265,13.22
2018-01-08,03:57,not set,not set,not set,not set,3,not set,,,not set,not set,0,not set,not set,15.0,73.1,not set,13.0,not set,not set,15.6,58.0,0,not set,100.0,17.1,51.3,3,18.50,46.20,0,44,15,40,12,high,normal,on,on,13.235,13.105,13.105,13.26
2018-01-08,03:57,not set,not set,not set,not set,2,not set,,,not set,not set,0,not set,not set,15.0,73.2,not set,12.0,not set,not set,15.6,58.0,0,not set,84.0,17.1,51.3,20,18.50,46.10,0,45,15,40,12,high,normal,on,on,20.86,20.85,20.785,20.81
2018-01-08,03:58,not set,not set,not set,not set,285,not set,,,not set,not set,0,not set,not set,15.0,73.1,not set,13.0,not set,not set,15.6,58.0,0,not set,86.0,17.1,51.3,22,18.50,46.10,0,43,15,39,12,high,normal,on,on,21.4,21.365,21.32,21.385
2018-01-08,03:58,not set,not set,not set,not set,341,not set,,,not set,not set,367,not set,not set,15.0,72.9,not set,520.0,not set,not set,15.6,58.0,0,not set,89.0,17.0,51.4,32,18.50,46.60,0,44,15,39,13,high,normal,on,on,21.54,21.31,21.49,21.45
2018-01-08,03:59,not set,not set,not set,not set,308,not set,,,not set,not set,376,not set,not set,15.0,72.8,not set,511.0,not set,not set,15.6,57.9,0,not set,89.0,17.0,51.4,33,18.50,46.60,0,44,15,40,12,high,normal,on,on,21.38,21.375,21.195,21.28
2018-01-08,03:59,not set,not set,not set,not set,304,not set,,,not set,not set,373,not set,not set,15.2,72.2,not set,511.0,not set,not set,15.6,57.9,0,not set,88.0,17.1,51.5,7,18.50,46.10,0,44,15,40,12,high,normal,on,on,21.475,21.42,21.4,21.465
2018-01-08,03:59,not set,not set,not set,not set,307,not set,,,not set,not set,370,not set,not set,15.2,70.0,not set,506.0,not set,not set,15.7,57.9,0,not set,88.0,17.1,51.6,49,18.50,46.30,0,44,14,39,14,high,normal,on,on,21.22,21.34,21.085,21.45
2018-01-08,04:00,not set,not set,not set,not set,301,not set,,,not set,not set,369,not set,not set,15.3,70.6,not set,512.0,not set,not set,15.6,57.8,0,not set,89.0,17.1,51.8,34,18.50,46.20,0,44,15,40,12,high,normal,on,on,21.085,21.335,21.235,21.335
2018-01-08,04:00,not set,not set,not set,not set,298,not set,,,not set,not set,369,not set,not set,15.3,71.1,not set,504.0,not set,not set,15.6,57.8,0,not set,89.0,17.0,51.9,3,18.50,46.30,0,44,15,40,12,high,normal,on,on,21.105,21.255,21.195,21.11
2018-01-08,04:01,not set,not set,not set,not set,305,not set,,,not set,not set,0,not set,not set,15.3,71.8,not set,510.0,not set,not set,15.7,57.8,0,not set,88.0,17.0,52.0,3,18.50,46.30,0,44,15,39,13,high,normal,on,on,9.85,9.88,9.595,9.43
2018-01-08,04:01,not set,not set,not set,not set,301,not set,,,not set,not set,0,not set,not set,15.3,72.1,not set,499.0,not set,not set,15.7,57.8,0,not set,87.0,17.0,51.9,20,18.50,46.10,0,44,15,40,12,high,normal,on,on,9.64,9.7,9.735,9.62
2018-01-08,04:02,not set,not set,not set,not set,4,not set,,,not set,not set,0,not set,not set,15.2,71.6,not set,506.0,not set,not set,15.7,57.8,0,not set,89.0,17.0,52.0,7,18.50,46.30,0,44,44,15,40,high,normal,on,on,6.5,8.945,9.01,9.07
2018-01-08,04:02,not set,not set,not set,not set,0,not set,,,not set,not set,71.50,not set,not set,57.8,15.2,not set,46.4,not set,not set,0.0,15.7,0,not set,17.86,86.0,17.0,52.10,0,18.60,3,0,44,15,40,high,normal,on,on,6.0,9.14,9.0,9.03
2018-01-08,04:03,not set,not set,not set,not set,0,not set,,,not set,not set,71.50,not set,not set,57.8,15.2,not set,46.7,not set,not set,0.0,15.7,0,not set,86.0,18.06,17.0,52.30,0,18.50,6,2,44,15,40,high,normal,on,on,6.0,9.08,8.99,9.075
2018-01-08,04:03,not set,not set,not set,not set,0,not set,,,not set,not set,71.60,not set,not set,57.8,15.2,not set,46.8,not set,not set,0.0,15.7,0,not set,87.0,18.29,17.0,52.10,0,18.50,7,1,44,15,40,high,normal,on,on,6.5,9.06,9.145,9.115
2018-01-08,04:03,not set,not set,not set,not set,0,not set,,,not set,not set,71.70,not set,not set,57.8,15.2,not set,46.8,not set,not set,0.0,15.7,0,not set,87.0,18.38,17.0,52.00,0,18.60,12,0,49,14,40,high,normal,on,on,7.0,9.07,9.16,9.105
2018-01-08,04:04,not set,not set,not set,not set,0,not set,,,not set,not set,71.90,not set,not set,57.9,15.2,not set,47.0,not set,not set,0.0,15.8,0,not set,88.0,18.22,17.0,51.90,0,18.60,14,1,51,14,39,high,normal,on,on,6.0,9.18,9.245,9.15
2018-01-08,04:04,not set,not set,not set,not set,0,not set,,,not set,not set,72.00,not set,not set,57.8,15.2,not set,46.6,not set,not set,0.0,15.7,0,not set,87.0,18.37,17.0,52.10,0,18.60,7,0,52,14,41,high,normal,on,on,6.5,8.84,9.075,9.11
2018-01-08,04:05,not set,not set,not set,not set,0,not set,,,not set,not set,72.00,not set,not set,57.9,15.2,not set,46.9,not set,not set,0.0,15.8,0,not set,88.0,18.33,17.0,52.20,0,18.60,20,3,53,13,39,high,normal,on,on,6.0,8.945,8.96,9.025
2018-01-08,04:05,not set,not set,not set,not set,0,not set,,,not set,not set,71.80,not set,not set,57.8,15.2,not set,46.8,not set,not set,0.0,15.7,0,not set,83.0,20.09,17.0,52.30,0,18.60,19,3,52,13,39,high,normal,on,on,6.0,10.1,10.38,9.46
2018-01-08,04:05,not set,not set,not set,not set,0,not set,,,not set,not set,72.10,not set,not set,57.8,15.1,not set,46.5,not set,not set,0.0,15.7,0,not set,84.0,19.95,17.1,52.40,0,18.60,24,0,52,13,39,high,normal,on,on,6.5,9.085,9.09,9.035
2018-01-08,04:06,not set,not set,not set,not set,0,not set,,,not set,not set,72.30,not set,not set,57.9,15.1,not set,46.9,not set,not set,0.0,15.7,0,not set,85.0,18.13,17.1,52.30,0,18.60,6,3,52,13,38,high,normal,on,on,6.5,9.04,9.135,9.0
2018-01-08,04:06,not set,not set,not set,not set,0,not set,,,not set,not set,72.20,not set,not set,57.9,15.1,not set,46.5,not set,not set,0.0,15.7,0,not set,80.0,18.03,17.1,52.10,0,18.60,17,1,52,14,39,high,normal,on,on,6.0,8.99,8.915,8.845
2018-01-08,04:07,not set,not set,not set,not set,0,not set,,,not set,not set,72.20,not set,not set,57.9,15.1,not set,46.4,not set,not set,0.0,15.7,0,not set,79.0,18.88,17.1,52.10,0,18.60,24,0,51,13,38,high,normal,on,on,6.0,9.95,10.03,10.07
2018-01-08,04:07,not set,not set,not set,not set,0,not set,,,not set,not set,72.30,not set,not set,57.9,15.1,not set,46.4,not set,not set,0.0,15.7,0,not set,80.0,19.15,17.1,52.20,0,18.60,6,0,51,13,38,high,normal,on,on,7.0,8.855,8.875,8.82
2018-01-08,04:07,not set,not set,not set,not set,0,not set,,,not set,not set,72.20,not set,not set,57.9,15.1,not set,46.4,not set,not set,0.0,15.7,0,not set,84.0,17.62,17.1,52.10,0,18.60,7,1,51,14,38,high,normal,on,on,6.5,9.82,9.87,8.955
2018-01-08,04:08,not set,not set,not set,not set,0,not set,,,not set,not set,72.30,not set,not set,57.9,15.1,not set,46.6,not set,not set,0.0,15.7,0,not set,78.0,18.03,17.1,52.10,0,18.60,6,0,50,13,38,high,normal,on,on,6.5,9.015,8.895,10.62
2018-01-08,04:08,not set,not set,not set,not set,0,not set,,,not set,not set,72.30,not set,not set,57.9,15.1,not set,46.8,not set,not set,0.0,15.7,0,not set,79.0,21.09,17.1,52.30,0,18.60,7,3,50,13,38,high,normal,on,on,6.0,10.585,10.695,10.085
2018-01-08,04:09,not set,not set,not set,not set,0,not set,,,not set,not set,72.30,not set,not set,57.9,15.1,not set,46.9,not set,not set,0.0,15.7,0,not set,82.0,20.33,17.1,52.40,0,18.60,14,3,50,13,38,high,normal,on,on,6.0,23.75,23.805,23.8
2018-01-08,04:09,not set,not set,not set,not set,0,not set,,,not set,not set,72.30,not set,not set,57.9,15.1,not set,47.1,not set,not set,0.0,15.7,0,not set,84.0,49.64,17.2,52.40,0,18.60,24,0,50,14,38,high,normal,on,on,6.0,24.205,24.905,24.875
2018-01-08,04:10,not set,not set,not set,not set,0,not set,,,not set,not set,72.20,not set,not set,57.9,15.1,not set,47.4,not set,not set,0.0,15.7,0,not set,79.0,46.76,17.2,52.30,0,18.70,24,4,50,13,38,high,normal,on,on,6.5,30.61,31.77,31.39
2018-01-08,04:10,not set,not set,not set,not set,0,not set,,,not set,not set,72.30,not set,not set,57.9,15.1,not set,47.0,not set,not set,0.0,15.7,0,not set,90.0,63.04,17.2,52.10,0,18.70,24,0,50,13,38,high,normal,on,on,6.0,19.77,18.41,18.235
2018-01-08,04:10,not set,not set,not set,not set,0,not set,,,not set,not set,72.30,not set,not set,58.0,15.1,not set,47.2,not set,not set,0.0,15.7,0,not set,87.0,36.95,17.2,52.00,0,18.70,15,4,50,14,39,high,normal,on,on,6.0,19.8,19.95,19.505
2018-01-08,04:11,not set,not set,not set,not set,0,not set,,,not set,not set,72.20,not set,not set,58.0,15.1,not set,47.2,not set,not set,0.0,15.7,0,not set,80.0,39.8,17.2,52.10,0,18.70,0,3,50,13,39,high,normal,on,on,6.0,19.705,9.08,8.83
2018-01-08,04:11,not set,not set,not set,not set,0,not set,,,not set,not set,72.20,not set,not set,58.0,15.1,not set,47.3,not set,not set,0.0,15.7,0,not set,88.0,17.76,17.2,52.10,0,18.70,17,0,49,13,39,high,normal,on,on,6.5,18.7,19.75,19.775
2018-01-08,04:12,not set,not set,not set,not set,0,not set,,,not set,not set,72.40,not set,not set,58.0,15.1,not set,47.2,not set,not set,0.0,15.7,0,not set,82.0,40.54,17.2,52.10,0,18.80,7,2,49,13,39,high,normal,on,on,7.0,20.005,19.9,18.66
2018-01-08,04:12,not set,not set,not set,not set,1,not set,,,not set,not set,0,not set,not set,15.1,72.4,not set,47.1,not set,not set,0.0,58.0,0,not set,84.0,37.07,17.2,52.00,0,18.70,24,49,13,39,13,high,normal,on,on,19.9,20.02,19.67,19.52
2018-01-08,04:12,not set,not set,not set,not set,3,not set,,,not set,not set,0,not set,not set,15.1,72.3,not set,13.0,not set,not set,15.7,58.0,0,not set,92.0,17.2,52.0,24,18.80,47.00,0,49,13,40,13,high,normal,on,on,18.38,18.485,19.855,19.53
2018-01-08,04:13,not set,not set,not set,not set,0,not set,,,not set,not set,0,not set,not set,15.1,72.2,not set,13.0,not set,not set,15.7,58.0,0,not set,99.0,17.2,52.0,3,18.80,47.00,0,49,13,40,12,high,normal,on,on,18.5,18.44,18.45,19.955
2018-01-08,04:13,not set,not set,not set,not set,4,not set,,,not set,not set,0,not set,not set,15.1,72.2,not set,13.0,not set,not set,15.7,58.0,0,not set,94.0,17.2,52.0,11,18.80,46.90,0,48,13,40,12,high,normal,on,on,19.375,19.305,18.495,18.345
2018-01-08,04:14,not set,not set,not set,not set,3,not set,,,not set,not set,0,not set,not set,15.1,72.4,not set,12.0,not set,not set,15.7,58.0,0,not set,86.0,17.3,52.0,19,18.80,47.20,0,49,13,41,12,high,normal,on,on,19.705,19.595,19.74,19.5
2018-01-08,04:14,not set,not set,not set,not set,2,not set,,,not set,not set,0,not set,not set,15.1,72.5,not set,12.0,not set,not set,15.7,58.0,0,not set,85.0,17.3,52.0,28,18.80,47.20,0,48,13,41,12,high,normal,on,on,19.4,19.52,19.58,19.7
2018-01-08,04:15,not set,not set,not set,not set,2,not set,,,not set,not set,0,not set,not set,15.1,72.5,not set,13.0,not set,not set,15.7,58.0,0,not set,80.0,17.3,52.0,24,18.90,47.20,0,48,13,40,13,high,normal,on,on,19.775,19.815,19.795,19.565
2018-01-08,04:15,not set,not set,not set,not set,2,not set,,,not set,not set,0,not set,not set,15.1,72.5,not set,13.0,not set,not set,15.7,58.0,0,not set,82.0,17.3,52.1,24,18.90,46.80,0,49,13,41,13,high,normal,on,on,19.39,18.385,18.32,18.305
2018-01-08,04:16,not set,not set,not set,not set,2,not set,,,not set,not set,0,not set,not set,15.1,72.5,not set,13.0,not set,not set,15.7,58.0,0,not set,80.0,17.3,52.2,14,18.90,46.90,0,48,13,41,13,high,normal,on,on,19.43,19.92,19.64,19.555
2018-01-08,04:16,not set,not set,not set,not set,0,not set,,,not set,not set,0,not set,not set,15.1,72.6,not set,13.0,not set,not set,15.7,58.0,0,not set,80.0,17.3,52.0,24,18.90,47.00,0,48,14,40,12,high,normal,on,on,19.61,19.23,18.375,18.46
2018-01-08,04:16,not set,not set,not set,not set,3,not set,,,not set,not set,0,not set,not set,15.1,72.6,not set,13.0,not set,not set,15.7,58.0,0,not set,86.0,17.3,51.8,24,18.90,46.70,0,48,13,41,12,high,normal,on,on,19.645,19.855,19.685,19.81
2018-01-08,04:17,not set,not set,not set,not set,1,not set,,,not set,not set,0,not set,not set,15.1,72.5,not set,12.0,not set,not set,15.7,58.0,0,not set,87.0,17.3,51.8,24,18.90,46.60,0,48,13,41,12,high,normal,on,on,18.56,18.58,18.305,18.735
2018-01-08,04:17,not set,not set,not set,not set,2,not set,,,not set,not set,0,not set,not set,15.1,72.6,not set,13.0,not set,not set,15.7,58.0,0,not set,88.0,17.3,51.7,21,18.90,46.60,0,47,13,41,13,high,normal,on,on,19.71,19.815,19.76,19.77
2018-01-08,04:18,not set,not set,not set,not set,1,not set,,,not set,not set,0,not set,not set,15.1,72.5,not set,12.0,not set,not set,15.7,58.0,0,not set,87.0,17.4,52.2,22,19.00,46.80,0,47,13,41,12,high,normal,on,on,18.77,18.74,19.495,20.485
2018-01-08,04:18,not set,not set,not set,not set,1,not set,,,not set,not set,0,not set,not set,15.1,72.7,not set,13.0,not set,not set,15.7,58.0,1,not set,92.0,17.4,52.0,15,19.00,46.70,0,48,14,41,12,high,normal,on,on,19.525,19.775,19.935,19.855
2018-01-08,04:19,not set,not set,not set,not set,0,not set,,,not set,not set,0,not set,not set,15.1,72.6,not set,13.0,not set,not set,15.7,58.0,0,not set,92.0,17.4,52.0,19,19.00,46.50,0,47,14,41,13,high,normal,on,on,8.785,8.85,8.77,11.61
2018-01-08,04:19,not set,not set,not set,not set,0,not set,,,not set,not set,0,not set,not set,15.1,72.6,not set,13.0,not set,not set,15.7,58.0,0,not set,89.0,17.4,52.1,15,19.00,46.80,0,47,13,41,12,high,normal,on,on,10.54,10.535,10.425,10.345
2018-01-08,04:20,not set,not set,not set,not set,2,not set,,,not set,not set,0,not set,not set,15.1,72.6,not set,13.0,not set,not set,15.7,58.0,0,not set,89.0,17.4,51.8,3,19.00,46.70,0,47,14,41,12,high,normal,on,on,8.84,8.84,10.74,10.585
2018-01-08,04:20,not set,not set,not set,not set,1,not set,,,not set,not set,0,not set,not set,15.1,72.5,not set,13.0,not set,not set,15.7,58.0,0,not set,93.0,17.4,51.9,19,19.00,46.60,0,47,13,40,12,high,normal,on,on,10.535,10.69,10.485,10.605
2018-01-08,04:20,not set,not set,not set,not set,2,not set,,,not set,not set,0,not set,not set,15.1,72.6,not set,13.0,not set,not set,15.7,58.0,0,not set,92.0,17.4,51.9,24,19.00,46.20,0,47,14,41,13,high,normal,on,on,8.9,8.84,11.67,10.845
2018-01-08,04:21,not set,not set,not set,not set,0,not set,,,not set,not set,0,not set,not set,15.0,72.6,not set,13.0,not set,not set,15.7,58.0,0,not set,93.0,17.4,51.8,19,19.00,46.60,0,47,14,42,13,high,normal,on,on,10.46,10.28,10.465,10.32
2018-01-08,04:21,not set,not set,not set,not set,0,not set,,,not set,not set,0,not set,not set,15.0,72.6,not set,13.0,not set,not set,15.7,58.1,0,not set,61.0,17.4,51.9,6,19.10,46.80,0,47,14,41,13,high,normal,on,on,8.95,11.55,10.78,10.24
2018-01-08,04:22,not set,not set,not set,not set,0,not set,,,not set,not set,0,not set,not set,15.1,72.6,not set,13.0,not set,not set,15.7,58.1,0,not set,60.0,17.4,51.7,7,19.10,46.60,0,47,13,41,12,high,normal,on,on,10.585,10.71,9.99,8.85
2018-01-08,04:22,not set,not set,not set,not set,1,not set,,,not set,not set,0,not set,not set,15.1,72.6,not set,13.0,not set,not set,15.7,58.1,0,not set,75.0,17.4,51.8,14,19.10,46.70,0,47,13,41,12,high,normal,on,on,11.185,10.6,10.45,10.365
2018-01-08,04:23,not set,not set,not set,not set,1,not set,,,not set,not set,0,not set,not set,15.1,72.6,not set,12.0,not set,not set,15.7,58.1,0,not set,75.0,17.4,51.7,7,19.10,46.40,0,47,14,41,13,high,normal,on,on,10.315,10.85,8.875,8.845
2018-01-08,04:23,not set,not set,not set,not set,2,not set,,,not set,not set,0,not set,not set,15.1,72.8,not set,12.0,not set,not set,15.7,58.1,0,not set,84.0,17.4,51.8,14,19.10,46.70,0,47,48,14,41,high,normal,on,on,6.0,10.26,10.49,10.34
2018-01-08,04:24,not set,not set,not set,not set,0,not set,,,not set,not set,0,not set,not set,15.1,72.6,not set,58.2,not set,not set,15.7,58.1,0,not set,20.61,82.0,17.5,51.90,0,19.20,15,46,14,41,12,high,normal,on,on,10.44,8.785,8.795,8.935
2018-01-08,04:24,not set,not set,not set,not set,0,not set,,,not set,not set,0,not set,not set,15.1,72.6,not set,12.0,not set,not set,15.8,58.2,0,not set,85.0,17.5,51.9,11,19.30,68.30,0,46,13,40,12,high,normal,on,on,10.39,10.43,10.3,10.525
2018-01-08,04:25,not set,not set,not set,not set,3,not set,,,not set,not set,0,not set,not set,15.1,72.6,not set,13.0,not set,not set,15.8,58.2,0,not set,81.0,17.5,51.7,7,19.40,69.10,0,46,14,41,12,high,normal,on,on,8.905,9.015,8.965,11.495
2018-01-08,04:25,not set,not set,not set,not set,1,not set,,,not set,not set,0,not set,not set,15.1,72.5,not set,13.0,not set,not set,15.7,58.1,0,not set,85.0,17.5,52.1,17,19.60,67.40,0,46,14,41,13,high,normal,on,on,10.4,10.385,10.5,10.71
2018-01-08,04:25,not set,not set,not set,not set,1,not set,,,not set,not set,0,not set,not set,15.1,72.5,not set,13.0,not set,not set,15.8,58.1,0,not set,84.0,17.5,52.0,19,19.70,65.30,0,46,14,40,12,high,normal,on,on,8.865,9.155,10.735,10.43
2018-01-08,04:26,not set,not set,not set,not set,1,not set,,,not set,not set,0,not set,not set,15.1,72.6,not set,13.0,not set,not set,15.8,58.2,0,not set,84.0,17.5,52.0,19,19.80,62.70,0,47,14,41,13,high,normal,on,on,10.445,10.465,10.65,10.33
2018-01-08,04:26,not set,not set,not set,not set,4,not set,,,not set,not set,0,not set,not set,15.1,72.5,not set,13.0,not set,not set,15.8,58.2,0,not set,91.0,17.5,52.0,3,19.90,60.30,0,46,13,40,13,high,normal,on,on,8.925,11.245,10.48,10.615
2018-01-08,04:27,not set,not set,not set,not set,0,not set,,,not set,not set,0,not set,not set,15.1,72.4,not set,13.0,not set,not set,15.8,58.3,0,not set,87.0,17.6,51.8,24,20.00,59.00,0,46,14,40,12,high,normal,on,on,10.62,10.565,10.55,10.79
2018-01-08,04:27,not set,not set,not set,not set,0,not set,,,not set,not set,0,not set,not set,15.1,72.4,not set,13.0,not set,not set,15.8,58.4,0,not set,95.0,17.6,51.9,22,20.00,57.80,0,46,14,40,12,high,normal,on,on,9.315,11.14,10.66,10.705
2018-01-08,04:28,not set,not set,not set,not set,0,not set,,,not set,not set,0,not set,not set,15.1,72.3,not set,13.0,not set,not set,15.8,58.6,0,not set,92.0,17.6,52.1,19,20.10,57.50,0,46,14,40,12,high,normal,on,on,10.425,10.575,10.81,10.84
2018-01-08,04:28,not set,not set,not set,not set,0,not set,,,not set,not set,0,not set,not set,15.1,72.4,not set,13.0,not set,not set,15.8,58.7,0,not set,94.0,17.6,52.1,21,20.10,57.00,0,46,14,40,12,high,normal,on,on,9.21,11.155,10.645,10.56
2018-01-08,04:29,not set,not set,not set,not set,1,not set,,,not set,not set,0,not set,not set,15.1,72.4,not set,13.0,not set,not set,15.8,58.8,0,not set,88.0,17.7,52.2,11,20.10,56.20,0,46,14,40,12,high,normal,on,on,10.58,10.545,10.755,9.145
2018-01-08,04:29,not set,not set,not set,not set,1,not set,,,not set,not set,0,not set,not set,15.1,72.4,not set,13.0,not set,not set,15.8,58.9,0,not set,86.0,17.7,52.1,11,20.10,55.70,0,46,14,40,13,high,normal,on,on,10.995,10.6,10.565,10.67
2018-01-08,04:29,not set,not set,not set,not set,0,not set,,,not set,not set,0,not set,not set,15.1,72.3,not set,13.0,not set,not set,15.8,59.0,0,not set,86.0,17.7,52.1,7,20.10,55.20,0,46,14,40,12,high,normal,on,on,10.62,10.685,10.73,9.135
2018-01-08,04:30,not set,not set,not set,not set,3,not set,,,not set,not set,0,not set,not set,15.1,72.3,not set,13.0,not set,not set,15.8,59.1,0,not set,93.0,17.7,52.4,28,20.10,54.90,0,46,14,40,12,high,normal,on,on,11.305,10.62,10.455,10.65
2018-01-08,04:30,not set,not set,not set,not set,4,not set,,,not set,not set,0,not set,not set,15.1,72.3,not set,12.0,not set,not set,15.8,59.1,0,not set,97.0,17.7,52.4,3,20.00,54.20,0,46,15,40,12,high,normal,on,on,10.315,10.385,8.78,8.775
2018-01-08,04:31,not set,not set,not set,not set,3,not set,,,not set,not set,1,not set,not set,15.1,72.3,not set,13.0,not set,not set,15.8,59.2,0,not set,90.0,17.7,52.4,20,20.00,53.80,0,47,14,40,12,high,normal,on,on,10.435,10.415,10.405,10.9
2018-01-08,04:31,not set,not set,not set,not set,0,not set,,,not set,not set,0,not set,not set,15.1,72.3,not set,14.0,not set,not set,15.9,59.3,0,not set,69.0,17.8,52.4,16,20.00,53.50,0,46,14,40,12,high,normal,on,on,10.72,9.055,8.9,9.08
2018-01-08,04:32,not set,not set,not set,not set,0,not set,,,not set,not set,0,not set,not set,15.1,72.4,not set,13.0,not set,not set,15.9,59.4,0,not set,58.0,17.8,52.8,24,20.00,52.90,0,46,14,40,12,high,normal,on,on,10.675,10.79,10.485,10.98
2018-01-08,04:32,not set,not set,not set,not set,1,not set,,,not set,not set,0,not set,not set,15.1,72.3,not set,13.0,not set,not set,15.9,59.4,0,not set,60.0,17.8,52.6,15,20.00,52.50,0,46,14,40,12,high,normal,on,on,10.115,8.92,8.935,8.85
2018-01-08,04:33,not set,not set,not set,not set,0,not set,,,not set,not set,0,not set,not set,15.1,72.3,not set,13.0,not set,not set,15.9,59.4,0,not set,66.0,17.8,52.5,20,19.90,52.70,0,46,14,40,12,high,normal,on,on,10.45,10.435,10.45,10.77
2018-01-08,04:33,not set,not set,not set,not set,2,not set,,,not set,not set,0,not set,not set,15.1,72.3,not set,12.0,not set,not set,15.9,59.4,0,not set,63.0,17.8,52.6,17,19.90,51.60,0,45,14,40,13,high,normal,on,on,9.335,9.09,9.055,9.22
2018-01-08,04:34,not set,not set,not set,not set,0,not set,,,not set,not set,0,not set,not set,15.1,72.3,not set,13.0,not set,not set,15.9,59.4,0,not set,62.0,17.8,52.8,14,19.90,51.30,0,46,14,40,12,high,normal,on,on,10.74,10.55,10.605,10.69
2018-01-08,04:34,not set,not set,not set,not set,2,not set,,,not set,not set,0,not set,not set,15.1,72.3,not set,13.0,not set,not set,15.9,59.4,0,not set,74.0,17.8,52.6,14,19.90,51.20,0,45,14,40,13,high,normal,on,on,9.04,9.205,9.015,9.2
2018-01-08,14:06,not set,not set,not set,not set,-,not set,on/off,on/off,not set,not set,-,not set,not set,-,-,not set,-,not set,not set,-,-,-,not set,-,-,-,-,-,-,-,-,-,-,-,high,normal,on,on,-,-,-,-
2018-01-08,14:07,not set,not set,not set,not set,-,not set,on/off,on/off,not set,not set,-,not set,not set,-,-,not set,-,not set,not set,-,-,-,not set,-,-,-,-,-,-,-,-,-,-,-,high,normal,on,on,-,-,-,-
2018-01-08,14:07,not set,not set,not set,not set,-,not set,on/off,on/off,not set,not set,-,not set,not set,-,-,not set,-,not set,not set,-,-,-,not set,-,-,-,-,-,-,-,-,-,-,-,high,normal,on,on,-,-,-,-
2018-01-08,14:08,not set,not set,not set,not set,-,not set,on/off,on/off,not set,not set,-,not set,not set,-,-,not set,-,not set,not set,-,-,-,not set,-,-,-,-,-,-,-,-,-,-,-,high,normal,on,on,-,-,-,-
2018-01-08,14:08,not set,not set,not set,not set,-,not set,on/off,on/off,not set,not set,-,not set,not set,-,-,not set,-,not set,not set,-,-,-,not set,-,-,-,-,-,-,-,-,-,-,-,high,normal,on,on,-,-,-,-
2018-01-08,14:09,not set,not set,not set,not set,-,not set,on/off,on/off,not set,not set,-,not set,not set,-,-,not set,-,not set,not set,-,-,-,not set,-,-,-,-,-,-,-,-,-,-,-,high,normal,on,on,-,-,-,-
2018-01-08,14:09,not set,not set,not set,not set,-,not set,on/off,on/off,not set,not set,-,not set,not set,-,-,not set,-,not set,not set,-,-,-,not set,-,-,-,-,-,-,-,-,-,-,-,high,normal,on,on,-,-,-,-
2018-01-08,14:10,not set,not set,not set,not set,-,not set,on/off,on/off,not set,not set,-,not set,not set,-,-,not set,-,not set,not set,-,-,-,not set,-,-,-,-,-,-,-,-,-,-,-,high,normal,on,on,-,-,-,-
2018-01-08,14:10,not set,not set,not set,not set,-,not set,on/off,on/off,not set,not set,-,not set,not set,-,-,not set,-,not set,not set,-,-,-,not set,-,-,-,-,-,-,-,-,-,-,-,high,normal,on,on,-,-,-,-
2018-01-08,14:11,not set,not set,not set,not set,-,not set,on/off,on/off,not set,not set,-,not set,not set,-,-,not set,-,not set,not set,-,-,-,not set,-,-,-,-,-,-,-,-,-,-,-,high,normal,on,on,-,-,-,-
2018-01-08,14:11,not set,not set,not set,not set,-,not set,on/off,on/off,not set,not set,-,not set,not set,-,-,not set,-,not set,not set,-,-,-,not set,-,-,-,-,-,-,-,-,-,-,-,high,normal,on,on,-,-,-,-
2018-01-08,14:12,not set,not set,not set,not set,-,not set,on/off,on/off,not set,not set,-,not set,not set,-,-,not set,-,not set,not set,-,-,-,not set,-,-,-,-,-,-,-,-,-,-,-,high,normal,on,on,-,-,-,-
2018-01-08,14:12,not set,not set,not set,not set,-,not set,on/off,on/off,not set,not set,-,not set,not set,-,-,not set,-,not set,not set,-,-,-,not set,-,-,-,-,-,-,-,-,-,-,-,high,normal,on,on,-,-,-,-
2018-01-08,14:13,not set,not set,not set,not set,-,not set,on/off,on/off,not set,not set,-,not set,not set,-,-,not set,-,not set,not set,-,-,-,not set,-,-,-,-,-,-,-,-,-,-,-,high,normal,on,on,-,-,-,-
2018-01-08,14:13,not set,not set,not set,not set,-,not set,on/off,on/off,not set,not set,-,not set,not set,-,-,not set,-,not set,not set,-,-,-,not set,-,-,-,-,-,-,-,-,-,-,-,high,normal,on,on,-,-,-,-
2018-01-08,14:14,not set,not set,not set,not set,-,not set,on/off,on/off,not set,not set,-,not set,not set,-,-,not set,-,not set,not set,-,-,-,not set,-,-,-,-,-,-,-,-,-,-,-,high,normal,on,on,-,-,-,-
2018-01-08,14:14,not set,not set,not set,not set,-,not set,on/off,on/off,not set,not set,-,not set,not set,-,-,not set,-,not set,not set,-,-,-,not set,-,-,-,-,-,-,-,-,-,-,-,high,normal,on,on,-,-,-,-
2018-01-08,14:15,not set,not set,not set,not set,-,not set,on/off,on/off,not set,not set,-,not set,not set,-,-,not set,-,not set,not set,-,-,-,not set,-,-,-,-,-,-,-,-,-,-,-,high,normal,on,on,-,-,-,-
2018-01-08,14:15,not set,not set,not set,not set,-,not set,on/off,on/off,not set,not set,-,not set,not set,-,-,not set,-,not set,not set,-,-,-,not set,-,-,-,-,-,-,-,-,-,-,-,high,normal,on,on,-,-,-,-
2018-01-08,14:16,not set,not set,not set,not set,-,not set,on/off,on/off,not set,not set,-,not set,not set,-,-,not set,-,not set,not set,-,-,-,not set,-,-,-,-,-,-,-,-,-,-,-,high,normal,on,on,-,-,-,-
2018-01-08,14:16,not set,not set,not set,not set,-,not set,on/off,on/off,not set,not set,-,not set,not set,-,-,not set,-,not set,not set,-,-,-,not set,-,-,-,-,-,-,-,-,-,-,-,high,normal,on,on,-,-,-,-
2018-01-08,14:17,not set,not set,not set,not set,-,not set,on/off,on/off,not set,not set,-,not set,not set,-,-,not set,-,not set,not set,-,-,-,not set,-,-,-,-,-,-,-,-,-,-,-,high,normal,on,on,-,-,-,-
2018-01-08,14:17,not set,not set,not set,not set,-,not set,on/off,on/off,not set,not set,-,not set,not set,-,-,not set,-,not set,not set,-,-,-,not set,-,-,-,-,-,-,-,-,-,-,-,high,normal,on,on,-,-,-,-
2018-01-08,14:18,not set,not set,not set,not set,-,not set,on/off,on/off,not set,not set,-,not set,not set,-,-,not set,-,not set,not set,-,-,-,not set,-,-,-,-,-,-,-,-,-,-,-,high,normal,on,on,-,-,-,-
2018-01-08,14:18,not set,not set,not set,not set,-,not set,on/off,on/off,not set,not set,-,not set,not set,-,-,not set,-,not set,not set,-,-,-,not set,-,-,-,-,-,-,-,-,-,-,-,high,normal,on,on,-,-,-,-
2018-01-08,14:19,not set,not set,not set,not set,-,not set,on/off,on/off,not set,not set,-,not set,not set,-,-,not set,-,not set,not set,-,-,-,not set,-,-,-,-,-,-,-,-,-,-,-,high,normal,on,on,-,-,-,-
2018-01-08,14:19,not set,not set,not set,not set,-,not set,on/off,on/off,not set,not set,-,not set,not set,-,-,not set,-,not set,not set,-,-,-,not set,-,-,-,-,-,-,-,-,-,-,-,high,normal,on,on,-,-,-,-
2018-01-08,14:20,not set,not set,not set,not set,-,not set,on/off,on/off,not set,not set,-,not set,not set,-,-,not set,-,not set,not set,-,-,-,not set,-,-,-,-,-,-,-,-,-,-,-,high,normal,on,on,-,-,-,-
2018-01-08,14:20,not set,not set,not set,not set,-,not set,on/off,on/off,not set,not set,-,not set,not set,-,-,not set,-,not set,not set,-,-,-,not set,-,-,-,-,-,-,-,-,-,-,-,high,normal,on,on,-,-,-,-
2018-01-08,14:21,not set,not set,not set,not set,-,not set,on/off,on/off,not set,not set,-,not set,not set,-,-,not set,-,not set,not set,-,-,-,not set,-,-,-,-,-,-,-,-,-,-,-,high,normal,on,on,-,-,-,-
2018-01-08,14:21,not set,not set,not set,not set,-,not set,on/off,on/off,not set,not set,-,not set,not set,-,-,not set,-,not set,not set,-,-,-,not set,-,-,-,-,-,-,-,-,-,-,-,high,normal,on,on,-,-,-,-
2018-01-08,14:22,not set,not set,not set,not set,-,not set,on/off,on/off,not set,not set,-,not set,not set,-,-,not set,-,not set,not set,-,-,-,not set,-,-,-,-,-,-,-,-,-,-,-,high,normal,on,on,-,-,-,-
2018-01-08,14:22,not set,not set,not set,not set,-,not set,on/off,on/off,not set,not set,-,not set,not set,-,-,not set,-,not set,not set,-,-,-,not set,-,-,-,-,-,-,-,-,-,-,-,high,normal,on,on,-,-,-,-
2018-01-08,14:23,not set,not set,not set,not set,-,not set,on/off,on/off,not set,not set,-,not set,not set,-,-,not set,-,not set,not set,-,-,-,not set,-,-,-,-,-,-,-,-,-,-,-,high,normal,on,on,-,-,-,-
2018-01-08,14:23,not set,not set,not set,not set,-,not set,on/off,on/off,not set,not set,-,not set,not set,-,-,not set,-,not set,not set,-,-,-,not set,-,-,-,-,-,-,-,-,-,-,-,high,normal,on,on,-,-,-,-
2018-01-08,14:24,not set,not set,not set,not set,-,not set,on/off,on/off,not set,not set,-,not set,not set,-,-,not set,-,not set,not set,-,-,-,not set,-,-,-,-,-,-,-,-,-,-,-,high,normal,on,on,-,-,-,-
2018-01-08,14:24,not set,not set,not set,not set,-,not set,on/off,on/off,not set,not set,-,not set,not set,-,-,not set,-,not set,not set,-,-,-,not set,-,-,-,-,-,-,-,-,-,-,-,high,normal,on,on,-,-,-,-
2018-01-08,14:25,not set,not set,not set,not set,-,not set,on/off,on/off,not set,not set,-,not set,not set,-,-,not set,-,not set,not set,-,-,-,not set,-,-,-,-,-,-,-,-,-,-,-,high,normal,on,on,-,-,-,-
2018-01-08,14:25,not set,not set,not set,not set,-,not set,on/off,on/off,not set,not set,-,not set,not set,-,-,not set,-,not set,not set,-,-,-,not set,-,-,-,-,-,-,-,-,-,-,-,high,normal,on,on,-,-,-,-
2018-01-08,14:26,not set,not set,not set,not set,-,not set,on/off,on/off,not set,not set,-,not set,not set,-,-,not set,-,not set,not set,-,-,-,not set,-,-,-,-,-,-,-,-,-,-,-,high,normal,on,on,-,-,-,-
2018-01-08,14:26,not set,not set,not set,not set,-,not set,on/off,on/off,not set,not set,-,not set,not set,-,-,not set,-,not set,not set,-,-,-,not set,-,-,-,-,-,-,-,-,-,-,-,high,normal,on,on,-,-,-,-
2018-01-08,14:27,not set,not set,not set,not set,-,not set,on/off,on/off,not set,not set,-,not set,not set,-,-,not set,-,not set,not set,-,-,-,not set,-,-,-,-,-,-,-,-,-,-,-,high,normal,on,on,-,-,-,-
2018-01-08,14:27,not set,not set,not set,not set,-,not set,on/off,on/off,not set,not set,-,not set,not set,-,-,not set,-,not set,not set,-,-,-,not set,-,-,-,-,-,-,-,-,-,-,-,high,normal,on,on,-,-,-,-
2018-01-08,14:27,not set,not set,not set,not set,-,not set,on/off,on/off,not set,not set,-,not set,not set,-,-,not set,-,not set,not set,-,-,-,not set,-,-,-,-,-,-,-,-,-,-,-,high,normal,on,on,-,-,-,-
2018-01-08,14:28,not set,not set,not set,not set,-,not set,on/off,on/off,not set,not set,-,not set,not set,-,-,not set,-,not set,not set,-,-,-,not set,-,-,-,-,-,-,-,-,-,-,-,high,normal,on,on,-,-,-,-
2018-01-08,14:28,not set,not set,not set,not set,-,not set,on/off,on/off,not set,not set,-,not set,not set,-,-,not set,-,not set,not set,-,-,-,not set,-,-,-,-,-,-,-,-,-,-,-,high,normal,on,on,-,-,-,-
2018-01-08,14:29,not set,not set,not set,not set,-,not set,on/off,on/off,not set,not set,-,not set,not set,-,-,not set,-,not set,not set,-,-,-,not set,-,-,-,-,-,-,-,-,-,-,-,high,normal,on,on,-,-,-,-
2018-01-08,14:29,not set,not set,not set,not set,-,not set,on/off,on/off,not set,not set,-,not set,not set,-,-,not set,-,not set,not set,-,-,-,not set,-,-,-,-,-,-,-,-,-,-,-,high,normal,on,on,-,-,-,-
2018-01-08,14:30,not set,not set,not set,not set,-,not set,on/off,on/off,not set,not set,-,not set,not set,-,-,not set,-,not set,not set,-,-,-,not set,-,-,-,-,-,-,-,-,-,-,-,high,normal,on,on,-,-,-,-
2018-01-08,14:30,not set,not set,not set,not set,-,not set,on/off,on/off,not set,not set,-,not set,not set,-,-,not set,-,not set,not set,-,-,-,not set,-,-,-,-,-,-,-,-,-,-,-,high,normal,on,on,-,-,-,-
2018-01-08,14:31,not set,not set,not set,not set,-,not set,on/off,on/off,not set,not set,-,not set,not set,-,-,not set,-,not set,not set,-,-,-,not set,-,-,-,-,-,-,-,-,-,-,-,high,normal,on,on,-,-,-,-
2018-01-08,14:31,not set,not set,not set,not set,-,not set,on/off,on/off,not set,not set,-,not set,not set,-,-,not set,-,not set,not set,-,-,-,not set,-,-,-,-,-,-,-,-,-,-,-,high,normal,on,on,-,-,-,-
2018-01-08,14:31,not set,not set,not set,not set,-,not set,on/off,on/off,not set,not set,-,not set,not set,-,-,not set,-,not set,not set,-,-,-,not set,-,-,-,-,-,-,-,-,-,-,-,high,normal,on,on,-,-,-,-
2018-01-08,14:32,not set,not set,not set,not set,-,not set,on/off,on/off,not set,not set,-,not set,not set,-,-,not set,-,not set,not set,-,-,-,not set,-,-,-,-,-,-,-,-,-,-,-,high,normal,on,on,-,-,-,-
2018-01-08,14:32,not set,not set,not set,not set,-,not set,on/off,on/off,not set,not set,-,not set,not set,-,-,not set,-,not set,not set,-,-,-,not set,-,-,-,-,-,-,-,-,-,-,-,high,normal,on,on,-,-,-,-
2018-01-08,14:33,not set,not set,not set,not set,-,not set,on/off,on/off,not set,not set,-,not set,not set,-,-,not set,-,not set,not set,-,-,-,not set,-,-,-,-,-,-,-,-,-,-,-,high,normal,on,on,-,-,-,-
2018-01-08,14:33,not set,not set,not set,not set,-,not set,on/off,on/off,not set,not set,-,not set,not set,-,-,not set,-,not set,not set,-,-,-,not set,-,-,-,-,-,-,-,-,-,-,-,high,normal,on,on,-,-,-,-
2018-01-08,14:34,not set,not set,not set,not set,-,not set,on/off,on/off,not set,not set,-,not set,not set,-,-,not set,-,not set,not set,-,-,-,not set,-,-,-,-,-,-,-,-,-,-,-,high,normal,on,on,-,-,-,-
2018-01-08,14:34,not set,not set,not set,not set,-,not set,on/off,on/off,not set,not set,-,not set,not set,-,-,not set,-,not set,not set,-,-,-,not set,-,-,-,-,-,-,-,-,-,-,-,high,normal,on,on,-,-,-,-
2018-01-08,14:35,not set,not set,not set,not set,-,not set,on/off,on/off,not set,not set,-,not set,not set,-,-,not set,-,not set,not set,-,-,-,not set,-,-,-,-,-,-,-,-,-,-,-,high,normal,on,on,-,-,-,-
2018-01-08,14:35,not set,not set,not set,not set,-,not set,on/off,on/off,not set,not set,-,not set,not set,-,-,not set,-,not set,not set,-,-,-,not set,-,-,-,-,-,-,-,-,-,-,-,high,normal,on,on,-,-,-,-
2018-01-08,14:35,not set,not set,not set,not set,-,not set,on/off,on/off,not set,not set,-,not set,not set,-,-,not set,-,not set,not set,-,-,-,not set,-,-,-,-,-,-,-,-,-,-,-,high,normal,on,on,-,-,-,-
2018-01-08,14:36,not set,not set,not set,not set,-,not set,on/off,on/off,not set,not set,-,not set,not set,-,-,not set,-,not set,not set,-,-,-,not set,-,-,-,-,-,-,-,-,-,-,-,high,normal,on,on,-,-,-,-
2018-01-08,14:36,not set,not set,not set,not set,-,not set,on/off,on/off,not set,not set,-,not set,not set,-,-,not set,-,not set,not set,-,-,-,not set,-,-,-,-,-,-,-,-,-,-,-,high,normal,on,on,-,-,-,-
2018-01-08,14:37,not set,not set,not set,not set,-,not set,on/off,on/off,not set,not set,-,not set,not set,-,-,not set,-,not set,not set,-,-,-,not set,-,-,-,-,-,-,-,-,-,-,-,high,normal,on,on,-,-,-,-
2018-01-08,14:37,not set,not set,not set,not set,-,not set,on/off,on/off,not set,not set,-,not set,not set,-,-,not set,-,not set,not set,-,-,-,not set,-,-,-,-,-,-,-,-,-,-,-,high,normal,on,on,-,-,-,-
2018-01-08,14:38,not set,not set,not set,not set,-,not set,on/off,on/off,not set,not set,-,not set,not set,-,-,not set,-,not set,not set,-,-,-,not set,-,-,-,-,-,-,-,-,-,-,-,high,normal,on,on,-,-,-,-
2018-01-08,14:38,not set,not set,not set,not set,-,not set,on/off,on/off,not set,not set,-,not set,not set,-,-,not set,-,not set,not set,-,-,-,not set,-,-,-,-,-,-,-,-,-,-,-,high,normal,on,on,-,-,-,-
2018-01-08,14:39,not set,not set,not set,not set,-,not set,on/off,on/off,not set,not set,-,not set,not set,-,-,not set,-,not set,not set,-,-,-,not set,-,-,-,-,-,-,-,-,-,-,-,high,normal,on,on,-,-,-,-
2018-01-08,14:39,not set,not set,not set,not set,-,not set,on/off,on/off,not set,not set,-,not set,not set,-,-,not set,-,not set,not set,-,-,-,not set,-,-,-,-,-,-,-,-,-,-,-,high,normal,on,on,-,-,-,-
2018-01-08,14:39,not set,not set,not set,not set,-,not set,on/off,on/off,not set,not set,-,not set,not set,-,-,not set,-,not set,not set,-,-,-,not set,-,-,-,-,-,-,-,-,-,-,-,high,normal,on,on,-,-,-,-
2018-01-08,14:40,not set,not set,not set,not set,-,not set,on/off,on/off,not set,not set,-,not set,not set,-,-,not set,-,not set,not set,-,-,-,not set,-,-,-,-,-,-,-,-,-,-,-,high,normal,on,on,-,-,-,-
2018-01-08,14:40,not set,not set,not set,not set,-,not set,on/off,on/off,not set,not set,-,not set,not set,-,-,not set,-,not set,not set,-,-,-,not set,-,-,-,-,-,-,-,-,-,-,-,high,normal,on,on,-,-,-,-
