2017-12-18,00:00,329,,,1,67.5,70.8,on,47,15,34,13
2017-12-18,00:00,331,,,0,15.6,70.0,on,43,14,36,13,,,,
2017-12-18,00:00,329,,,1,67.5,70.8,on,47,15,34,13
2017-12-18,00:00,331,,,0,15.6,70.0,on,43,14,36,13,,,,
2017-12-18,00:00,329,,,1,67.5,70.8,on,47,15,34,13
2017-12-18,00:00,331,,,0,15.6,70.0,on,43,14,36,13,,,,
2017-12-18,00:01,329,,,1,67.5,70.8,on,47,15,34,13
2017-12-18,00:01,331,,,0,15.6,70.0,on,43,14,36,13,,,,
2017-12-18,00:01,329,,,1,67.5,70.8,on,47,15,34,13
2017-12-18,00:01,331,,,0,15.6,70.0,on,43,14,36,13,,,,
2017-12-18,00:01,329,,,1,67.5,70.8,on,47,15,34,13
2017-12-18,00:01,331,,,0,15.6,70.0,on,43,14,36,13,,,,
2017-12-18,00:02,329,,,1,67.5,70.8,on,47,15,34,13
2017-12-18,00:02,331,,,0,15.6,70.0,on,43,14,36,13,,,,
2017-12-18,00:02,329,,,1,67.5,70.8,on,47,15,34,13
2017-12-18,00:02,331,,,0,15.6,70.0,on,43,14,36,13,,,,
2017-12-18,00:02,329,,,1,67.5,70.8,on,47,15,34,13
2017-12-18,00:02,331,,,0,15.6,70.0,on,43,14,36,13,,,,
2017-12-18,00:03,329,,,1,67.5,70.8,on,47,15,34,13
2017-12-18,00:03,331,,,0,15.6,70.0,on,43,14,36,13,,,,
2017-12-18,00:03,329,,,1,67.5,70.8,on,47,15,34,13
2017-12-18,00:03,331,,,0,15.6,70.0,on,43,14,36,13,,,,
2017-12-18,00:03,329,,,1,67.5,70.8,on,47,15,34,13
2017-12-18,00:03,331,,,0,15.6,70.0,on,43,14,36,13,,,,
2017-12-18,00:04,329,,,1,67.5,70.8,on,47,15,34,13
2017-12-18,00:04,331,,,0,15.6,70.0,on,43,14,36,13,,,,
2017-12-18,00:04,329,,,1,67.5,70.8,on,47,15,34,13
2017-12-18,00:04,331,,,0,15.6,70.0,on,43,14,36,13,,,,
2017-12-18,00:04,329,,,1,67.5,70.8,on,47,15,34,13
2017-12-18,00:04,331,,,0,15.6,70.0,on,43,14,36,13,,,,
2017-12-18,00:05,329,,,1,67.5,70.8,on,47,15,34,13
2017-12-18,00:05,331,,,0,15.6,70.0,on,43,14,36,13,,,,
2017-12-18,00:05,329,,,1,67.5,70.8,on,47,15,34,13
2017-12-18,00:05,331,,,0,15.6,70.0,on,43,14,36,13,,,,
2017-12-18,00:05,329,,,1,67.5,70.8,on,47,15,34,13
2017-12-18,00:05,331,,,0,15.6,70.0,on,43,14,36,13,,,,
2017-12-18,00:05,329,,,1,67.5,70.8,on,47,15,34,13
2017-12-18,00:06,331,,,0,15.6,70.0,on,43,14,36,13,,,,
2017-12-18,00:06,329,,,1,67.5,70.8,on,47,15,34,13
2017-12-18,00:06,331,,,0,15.6,70.0,on,43,14,36,13,,,,
2017-12-18,00:06,329,,,1,67.5,70.8,on,47,15,34,13
2017-12-18,00:06,331,,,0,15.6,70.0,on,43,14,36,13,,,,
2017-12-18,00:06,329,,,1,67.5,70.8,on,47,15,34,13
2017-12-18,00:07,331,,,0,15.6,70.0,on,43,14,36,13,,,,
2017-12-18,00:07,329,,,1,67.5,70.8,on,47,15,34,13
2017-12-18,00:07,331,,,0,15.6,70.0,on,43,14,36,13,,,,
2017-12-18,00:07,329,,,1,67.5,70.8,on,47,15,34,13
2017-12-18,00:07,331,,,0,15.6,70.0,on,43,14,36,13,,,,
2017-12-18,00:07,329,,,1,67.5,70.8,on,47,15,34,13
2017-12-18,00:08,331,,,0,15.6,70.0,on,43,14,36,13,,,,
2017-12-18,00:08,329,,,1,67.5,70.8,on,47,15,34,13
2017-12-18,00:08,331,,,0,15.6,70.0,on,43,14,36,13,,,,
2017-12-18,00:08,329,,,1,67.5,70.8,on,47,15,34,13
2017-12-18,00:08,331,,,0,15.6,70.0,on,43,14,36,13,,,,
2017-12-18,00:08,329,,,1,67.5,70.8,on,47,15,34,13
2017-12-18,00:08,331,,,0,15.6,70.0,on,43,14,36,13,,,,
2017-12-18,00:09,329,,,1,67.5,70.8,on,47,15,34,13
2017-12-18,00:09,331,,,0,15.6,70.0,on,43,14,36,13,,,,
2017-12-18,00:09,329,,,1,67.5,70.8,on,47,15,34,13
2017-12-18,00:09,331,,,0,15.6,70.0,on,43,14,36,13,,,,
2017-12-18,00:09,329,,,1,67.5,70.8,on,47,15,34,13
2017-12-18,00:09,331,,,0,15.6,70.0,on,43,14,36,13,,,,
2017-12-18,00:10,329,,,1,67.5,70.8,on,47,15,34,13
2017-12-18,00:10,331,,,0,15.6,70.0,on,43,14,36,13,,,,
2017-12-18,00:10,329,,,1,67.5,70.8,on,47,15,34,13
2017-12-18,00:10,331,,,0,15.6,70.0,on,43,14,36,13,,,,
2017-12-18,00:10,329,,,1,67.5,70.8,on,47,15,34,13
2017-12-18,00:10,331,,,0,15.6,70.0,on,43,14,36,13,,,,
2017-12-18,00:11,329,,,1,67.5,70.8,on,47,15,34,13
2017-12-18,00:11,331,,,0,15.6,70.0,on,43,14,36,13,,,,
2017-12-18,00:11,329,,,1,67.5,70.8,on,47,15,34,13
2017-12-18,00:11,331,,,0,15.6,70.0,on,43,14,36,13,,,,
2017-12-18,00:11,329,,,1,67.5,70.8,on,47,15,34,13
2017-12-18,00:11,331,,,0,15.6,70.0,on,43,14,36,13,,,,
2017-12-18,00:12,329,,,1,67.5,70.8,on,47,15,34,13
2017-12-18,00:12,331,,,0,15.6,70.0,on,43,14,36,13,,,,
2017-12-18,00:12,329,,,1,67.5,70.8,on,47,15,34,13
2017-12-18,00:12,331,,,0,15.6,70.0,on,43,14,36,13,,,,
2017-12-18,00:12,329,,,1,67.5,70.8,on,47,15,34,13
2017-12-18,00:12,331,,,0,15.6,70.0,on,43,14,36,13,,,,
2017-12-18,00:13,329,,,1,67.5,70.8,on,47,15,34,13
2017-12-18,00:13,331,,,0,15.6,70.0,on,43,14,36,13,,,,
2017-12-18,00:13,329,,,1,67.5,70.8,on,47,15,34,13
2017-12-18,00:13,331,,,0,15.6,70.0,on,43,14,36,13,,,,
2017-12-18,00:13,329,,,1,67.5,70.8,on,47,15,34,13
2017-12-18,00:13,331,,,0,15.6,70.0,on,43,14,36,13,,,,
2017-12-18,00:14,329,,,1,67.5,70.8,on,47,15,34,13
2017-12-18,00:14,331,,,0,15.6,70.0,on,43,14,36,13,,,,
2017-12-18,00:14,329,,,1,67.5,70.8,on,47,15,34,13
2017-12-18,00:14,331,,,0,15.6,70.0,on,43,14,36,13,,,,
2017-12-18,00:14,329,,,1,67.5,70.8,on,47,15,34,13
2017-12-18,00:14,331,,,0,15.6,70.0,on,43,14,36,13,,,,
2017-12-18,00:15,329,,,1,67.5,70.8,on,47,15,34,13
2017-12-18,00:15,331,,,0,15.6,70.0,on,43,14,36,13,,,,
2017-12-18,00:15,329,,,1,67.5,70.8,on,47,15,34,13
2017-12-18,00:15,331,,,0,15.6,70.0,on,43,14,36,13,,,,
2017-12-18,00:15,329,,,1,67.5,70.8,on,47,15,34,13
2017-12-18,00:15,331,,,0,15.6,70.0,on,43,14,36,13,,,,
2017-12-18,00:16,329,,,1,67.5,70.8,on,47,15,34,13
2017-12-18,00:16,331,,,0,15.6,70.0,on,43,14,36,13,,,,
2017-12-18,00:16,329,,,1,67.5,70.8,on,47,15,34,13
2017-12-18,00:16,331,,,0,15.6,70.0,on,43,14,36,13,,,,
2017-12-18,00:16,329,,,1,67.5,70.8,on,47,15,34,13
2017-12-18,00:16,331,,,0,15.6,70.0,on,43,14,36,13,,,,
2017-12-18,00:17,329,,,1,67.5,70.8,on,47,15,34,13
2017-12-18,00:17,331,,,0,15.6,70.0,on,43,14,36,13,,,,
2017-12-18,00:17,329,,,1,67.5,70.8,on,47,15,34,13
2017-12-18,00:17,331,,,0,15.6,70.0,on,43,14,36,13,,,,
2017-12-18,00:17,329,,,1,67.5,70.8,on,47,15,34,13
2017-12-18,00:17,331,,,0,15.6,70.0,on,43,14,36,13,,,,
2017-12-18,00:18,329,,,1,67.5,70.8,on,47,15,34,13
2017-12-18,00:18,331,,,0,15.6,70.0,on,43,14,36,13,,,,
2017-12-18,00:18,329,,,1,67.5,70.8,on,47,15,34,13
2017-12-18,00:18,331,,,0,15.6,70.0,on,43,14,36,13,,,,
2017-12-18,00:18,329,,,1,67.5,70.8,on,47,15,34,13
2017-12-18,00:18,331,,,0,15.6,70.0,on,43,14,36,13,,,,
2017-12-18,00:19,329,,,1,67.5,70.8,on,47,15,34,13
2017-12-18,00:19,331,,,0,15.6,70.0,on,43,14,36,13,,,,
2017-12-18,00:19,329,,,1,67.5,70.8,on,47,15,34,13
2017-12-18,00:19,331,,,0,15.6,70.0,on,43,14,36,13,,,,
2017-12-18,00:19,329,,,1,67.5,70.8,on,47,15,34,13
2017-12-18,00:19,331,,,0,15.6,70.0,on,43,14,36,13,,,,
2017-12-18,00:20,329,,,1,67.5,70.8,on,47,15,34,13
2017-12-18,00:20,331,,,0,15.6,70.0,on,43,14,36,13,,,,
2017-12-18,00:20,329,,,1,67.5,70.8,on,47,15,34,13
2017-12-18,00:20,331,,,0,15.6,70.0,on,43,14,36,13,,,,
2017-12-18,00:20,329,,,1,67.5,70.8,on,47,15,34,13
2017-12-18,00:20,331,,,0,15.6,70.0,on,43,14,36,13,,,,
2017-12-18,00:20,329,,,1,67.5,70.8,on,47,15,34,13
2017-12-18,00:21,331,,,0,15.6,70.0,on,43,14,36,13,,,,
2017-12-18,00:21,329,,,1,67.5,70.8,on,47,15,34,13
2017-12-18,00:21,331,,,0,15.6,70.0,on,43,14,36,13,,,,
2017-12-18,00:21,329,,,1,67.5,70.8,on,47,15,34,13
2017-12-18,00:21,331,,,0,15.6,70.0,on,43,14,36,13,,,,
2017-12-18,00:21,329,,,1,67.5,70.8,on,47,15,34,13
2017-12-18,00:22,331,,,0,15.6,70.0,on,43,14,36,13,,,,
2017-12-18,00:22,329,,,1,67.5,70.8,on,47,15,34,13
2017-12-18,00:22,331,,,0,15.6,70.0,on,43,14,36,13,,,,
2017-12-18,00:22,329,,,1,67.5,70.8,on,47,15,34,13
2017-12-18,00:22,331,,,0,15.6,70.0,on,43,14,36,13,,,,
2017-12-18,00:22,329,,,1,67.5,70.8,on,47,15,34,13
2017-12-18,00:22,331,,,0,15.6,70.0,on,43,14,36,13,,,,
2017-12-18,00:23,329,,,1,67.5,70.8,on,47,15,34,13
2017-12-18,00:23,331,,,0,15.6,70.0,on,43,14,36,13,,,,
2017-12-18,00:23,329,,,1,67.5,70.8,on,47,15,34,13
2017-12-18,00:23,331,,,0,15.6,70.0,on,43,14,36,13,,,,
2017-12-18,00:23,329,,,1,67.5,70.8,on,47,15,34,13
2017-12-18,00:23,331,,,0,15.6,70.0,on,43,14,36,13,,,,
2017-12-18,00:24,329,,,1,67.5,70.8,on,47,15,34,13
2017-12-18,00:24,331,,,0,15.6,70.0,on,43,14,36,13,,,,
2017-12-18,00:24,329,,,1,67.5,70.8,on,47,15,34,13
2017-12-18,00:24,331,,,0,15.6,70.0,on,43,14,36,13,,,,
2017-12-18,00:24,329,,,1,67.5,70.8,on,47,15,34,13
2017-12-18,00:24,331,,,0,15.6,70.0,on,43,14,36,13,,,,
2017-12-18,00:25,329,,,1,67.5,70.8,on,47,15,34,13
2017-12-18,00:25,331,,,0,15.6,70.0,on,43,14,36,13,,,,
2017-12-18,00:25,329,,,1,67.5,70.8,on,47,15,34,13
2017-12-18,00:25,331,,,0,15.6,70.0,on,43,14,36,13,,,,
2017-12-18,00:25,329,,,1,67.5,70.8,on,47,15,34,13
2017-12-18,00:25,331,,,0,15.6,70.0,on,43,14,36,13,,,,
2017-12-18,00:26,329,,,1,67.5,70.8,on,47,15,34,13
2017-12-18,00:26,331,,,0,15.6,70.0,on,43,14,36,13,,,,
2017-12-18,00:26,329,,,1,67.5,70.8,on,47,15,34,13
2017-12-18,00:26,331,,,0,15.6,70.0,on,43,14,36,13,,,,
2017-12-18,00:26,329,,,1,67.5,70.8,on,47,15,34,13
2017-12-18,00:26,331,,,0,15.6,70.0,on,43,14,36,13,,,,
2017-12-18,00:27,329,,,1,67.5,70.8,on,47,15,34,13
2017-12-18,00:27,331,,,0,15.6,70.0,on,43,14,36,13,,,,
2017-12-18,00:27,329,,,1,67.5,70.8,on,47,15,34,13
2017-12-18,00:27,331,,,0,15.6,70.0,on,43,14,36,13,,,,
2017-12-18,00:27,329,,,1,67.5,70.8,on,47,15,34,13
2017-12-18,00:27,331,,,0,15.6,70.0,on,43,14,36,13,,,,
2017-12-18,00:28,329,,,1,67.5,70.8,on,47,15,34,13
2017-12-18,00:28,331,,,0,15.6,70.0,on,43,14,36,13,,,,
2017-12-18,00:28,329,,,1,67.5,70.8,on,47,15,34,13
2017-12-18,00:28,331,,,0,15.6,70.0,on,43,14,36,13,,,,
2017-12-18,00:28,329,,,1,67.5,70.8,on,47,15,34,13
2017-12-18,00:28,331,,,0,15.6,70.0,on,43,14,36,13,,,,
2017-12-18,00:29,329,,,1,67.5,70.8,on,47,15,34,13
2017-12-18,00:29,331,,,0,15.6,70.0,on,43,14,36,13,,,,
2017-12-18,00:29,329,,,1,67.5,70.8,on,47,15,34,13
2017-12-18,00:29,331,,,0,15.6,70.0,on,43,14,36,13,,,,
2017-12-18,00:29,329,,,1,67.5,70.8,on,47,15,34,13
2017-12-18,00:29,331,,,0,15.6,70.0,on,43,14,36,13,,,,
2017-12-18,00:30,329,,,1,67.5,70.8,on,47,15,34,13
2017-12-18,00:30,331,,,0,15.6,70.0,on,43,14,36,13,,,,
2017-12-18,00:30,329,,,1,67.5,70.8,on,47,15,34,13
2017-12-18,00:30,331,,,0,15.6,70.0,on,43,14,36,13,,,,
2017-12-18,00:30,329,,,1,67.5,70.8,on,47,15,34,13
2017-12-18,00:30,331,,,0,15.6,70.0,on,43,14,36,13,,,,
2017-12-18,00:31,329,,,1,67.5,70.8,on,47,15,34,13
2017-12-18,00:31,331,,,0,15.6,70.0,on,43,14,36,13,,,,
2017-12-18,00:31,329,,,1,67.5,70.8,on,47,15,34,13
2017-12-18,00:31,331,,,0,15.6,70.0,on,43,14,36,13,,,,
2017-12-18,00:31,329,,,1,67.5,70.8,on,47,15,34,13
2017-12-18,00:31,331,,,0,15.6,70.0,on,43,14,36,13,,,,
2017-12-18,00:32,329,,,1,67.5,70.8,on,47,15,34,13
2017-12-18,00:32,331,,,0,15.6,70.0,on,43,14,36,13,,,,
2017-12-18,00:32,329,,,1,67.5,70.8,on,47,15,34,13
2017-12-18,00:32,331,,,0,15.6,70.0,on,43,14,36,13,,,,
2017-12-18,00:32,329,,,1,67.5,70.8,on,47,15,34,13
2017-12-18,00:32,331,,,0,15.6,70.0,on,43,14,36,13,,,,
2017-12-18,00:33,329,,,1,67.5,70.8,on,47,15,34,13
2017-12-18,00:33,331,,,0,15.6,70.0,on,43,14,36,13,,,,
2017-12-18,00:33,329,,,1,67.5,70.8,on,47,15,34,13
2017-12-18,00:33,331,,,0,15.6,70.0,on,43,14,36,13,,,,
2017-12-18,00:33,329,,,1,67.5,70.8,on,47,15,34,13
2017-12-18,00:33,331,,,0,15.6,70.0,on,43,14,36,13,,,,
2017-12-18,00:34,329,,,1,67.5,70.8,on,47,15,34,13
2017-12-18,00:34,331,,,0,15.6,70.0,on,43,14,36,13,,,,
2017-12-18,00:34,329,,,1,67.5,70.8,on,47,15,34,13
2017-12-18,00:34,331,,,0,15.6,70.0,on,43,14,36,13,,,,
2017-12-18,00:34,329,,,1,67.5,70.8,on,47,15,34,13
2017-12-18,00:34,331,,,0,15.6,70.0,on,43,14,36,13,,,,
2017-12-18,00:34,329,,,1,67.5,70.8,on,47,15,34,13
2017-12-18,00:35,331,,,0,15.6,70.0,on,43,14,36,13,,,,
2017-12-18,00:35,329,,,1,67.5,70.8,on,47,15,34,13
2017-12-18,00:35,331,,,0,15.6,70.0,on,43,14,36,13,,,,
2017-12-18,00:35,329,,,1,67.5,70.8,on,47,15,34,13
2017-12-18,00:35,331,,,0,15.6,70.0,on,43,14,36,13,,,,
2017-12-18,00:35,329,,,1,67.5,70.8,on,47,15,34,13
2017-12-18,00:36,331,,,0,15.6,70.0,on,43,14,36,13,,,,
2017-12-18,00:36,329,,,1,67.5,70.8,on,47,15,34,13
2017-12-18,00:36,331,,,0,15.6,70.0,on,43,14,36,13,,,,
2017-12-18,00:36,329,,,1,67.5,70.8,on,47,15,34,13
2017-12-18,00:36,331,,,0,15.6,70.0,on,43,14,36,13,,,,
2017-12-18,00:36,329,,,1,67.5,70.8,on,47,15,34,13
2017-12-18,00:37,331,,,0,15.6,70.0,on,43,14,36,13,,,,
2017-12-18,00:37,329,,,1,67.5,70.8,on,47,15,34,13
2017-12-18,00:37,331,,,0,15.6,70.0,on,43,14,36,13,,,,
2017-12-18,00:37,329,,,1,67.5,70.8,on,47,15,34,13
2017-12-18,00:37,331,,,0,15.6,70.0,on,43,14,36,13,,,,
2017-12-18,00:37,329,,,1,67.5,70.8,on,47,15,34,13
2017-12-18,00:37,331,,,0,15.6,70.0,on,43,14,36,13,,,,
2017-12-18,00:38,329,,,1,67.5,70.8,on,47,15,34,13
2017-12-18,00:38,331,,,0,15.6,70.0,on,43,14,36,13,,,,
2017-12-18,00:38,329,,,1,67.5,70.8,on,47,15,34,13
2017-12-18,00:38,331,,,0,15.6,70.0,on,43,14,36,13,,,,
2017-12-18,00:38,329,,,1,67.5,70.8,on,47,15,34,13
2017-12-18,00:38,331,,,0,15.6,70.0,on,43,14,36,13,,,,
2017-12-18,00:39,329,,,1,67.5,70.8,on,47,15,34,13
2017-12-18,00:39,331,,,0,15.6,70.0,on,43,14,36,13,,,,
2017-12-18,00:39,329,,,1,67.5,70.8,on,47,15,34,13
2017-12-18,00:39,331,,,0,15.6,70.0,on,43,14,36,13,,,,
2017-12-18,00:39,329,,,1,67.5,70.8,on,47,15,34,13
2017-12-18,00:39,331,,,0,15.6,70.0,on,43,14,36,13,,,,
2017-12-18,00:40,329,,,1,67.5,70.8,on,47,15,34,13
2017-12-18,00:40,331,,,0,15.6,70.0,on,43,14,36,13,,,,
2017-12-18,00:40,329,,,1,67.5,70.8,on,47,15,34,13
2017-12-18,00:40,331,,,0,15.6,70.0,on,43,14,36,13,,,,
2017-12-18,00:40,329,,,1,67.5,70.8,on,47,15,34,13
2017-12-18,00:40,331,,,0,15.6,70.0,on,43,14,36,13,,,,
2017-12-18,00:41,329,,,1,67.5,70.8,on,47,15,34,13
2017-12-18,00:41,331,,,0,15.6,70.0,on,43,14,36,13,,,,
2017-12-18,00:41,329,,,1,67.5,70.8,on,47,15,34,13
2017-12-18,00:41,331,,,0,15.6,70.0,on,43,14,36,13,,,,
2017-12-18,00:41,329,,,1,67.5,70.8,on,47,15,34,13
2017-12-18,00:41,331,,,0,15.6,70.0,on,43,14,36,13,,,,
2017-12-18,00:42,329,,,1,67.5,70.8,on,47,15,34,13
2017-12-18,00:42,331,,,0,15.6,70.0,on,43,14,36,13,,,,
2017-12-18,00:42,329,,,1,67.5,70.8,on,47,15,34,13
2017-12-18,00:42,331,,,0,15.6,70.0,on,43,14,36,13,,,,
2017-12-18,00:42,329,,,1,67.5,70.8,on,47,15,34,13
2017-12-18,00:42,331,,,0,15.6,70.0,on,43,14,36,13,,,,
2017-12-18,00:43,329,,,1,67.5,70.8,on,47,15,34,13
2017-12-18,00:43,331,,,0,15.6,70.0,on,43,14,36,13,,,,
2017-12-18,00:43,329,,,1,67.5,70.8,on,47,15,34,13
2017-12-18,00:43,331,,,0,15.6,70.0,on,43,14,36,13,,,,
2017-12-18,00:43,329,,,1,67.5,70.8,on,47,15,34,13
2017-12-18,00:43,331,,,0,15.6,70.0,on,43,14,36,13,,,,
2017-12-18,00:44,329,,,1,67.5,70.8,on,47,15,34,13
2017-12-18,00:44,331,,,0,15.6,70.0,on,43,14,36,13,,,,
2017-12-18,00:44,329,,,1,67.5,70.8,on,47,15,34,13
2017-12-18,00:44,331,,,0,15.6,70.0,on,43,14,36,13,,,,
2017-12-18,00:44,329,,,1,67.5,70.8,on,47,15,34,13
2017-12-18,00:44,331,,,0,15.6,70.0,on,43,14,36,13,,,,
2017-12-18,00:45,329,,,1,67.5,70.8,on,47,15,34,13
2017-12-18,00:45,331,,,0,15.6,70.0,on,43,14,36,13,,,,
2017-12-18,00:45,329,,,1,67.5,70.8,on,47,15,34,13
2017-12-18,00:45,331,,,0,15.6,70.0,on,43,14,36,13,,,,
2017-12-18,00:45,329,,,1,67.5,70.8,on,47,15,34,13
2017-12-18,00:45,331,,,0,15.6,70.0,on,43,14,36,13,,,,
2017-12-18,00:46,329,,,1,67.5,70.8,on,47,15,34,13
2017-12-18,00:46,331,,,0,15.6,70.0,on,43,14,36,13,,,,
2017-12-18,00:46,329,,,1,67.5,70.8,on,47,15,34,13
2017-12-18,00:46,331,,,0,15.6,70.0,on,43,14,36,13,,,,
2017-12-18,00:46,329,,,1,67.5,70.8,on,47,15,34,13
2017-12-18,00:46,331,,,0,15.6,70.0,on,43,14,36,13,,,,
2017-12-18,00:47,329,,,1,67.5,70.8,on,47,15,34,13
2017-12-18,00:47,331,,,0,15.6,70.0,on,43,14,36,13,,,,
2017-12-18,00:47,329,,,1,67.5,70.8,on,47,15,34,13
2017-12-18,00:47,331,,,0,15.6,70.0,on,43,14,36,13,,,,
2017-12-18,00:47,329,,,1,67.5,70.8,on,47,15,34,13
2017-12-18,00:47,331,,,0,15.6,70.0,on,43,14,36,13,,,,
2017-12-18,00:48,329,,,1,67.5,70.8,on,47,15,34,13
2017-12-18,00:48,331,,,0,15.6,70.0,on,43,14,36,13,,,,
2017-12-18,00:48,329,,,1,67.5,70.8,on,47,15,34,13
2017-12-18,00:48,331,,,0,15.6,70.0,on,43,14,36,13,,,,
2017-12-18,00:48,329,,,1,67.5,70.8,on,47,15,34,13
2017-12-18,00:48,331,,,0,15.6,70.0,on,43,14,36,13,,,,
2017-12-18,00:48,329,,,1,67.5,70.8,on,47,15,34,13
2017-12-18,00:49,331,,,0,15.6,70.0,on,43,14,36,13,,,,
2017-12-18,00:49,329,,,1,67.5,70.8,on,47,15,34,13
2017-12-18,00:49,331,,,0,15.6,70.0,on,43,14,36,13,,,,
2017-12-18,00:49,329,,,1,67.5,70.8,on,47,15,34,13
2017-12-18,00:49,331,,,0,15.6,70.0,on,43,14,36,13,,,,
2017-12-18,00:49,329,,,1,67.5,70.8,on,47,15,34,13
2017-12-18,00:50,331,,,0,15.6,70.0,on,43,14,36,13,,,,
2017-12-18,00:50,329,,,1,67.5,70.8,on,47,15,34,13
2017-12-18,00:50,331,,,0,15.6,70.0,on,43,14,36,13,,,,
2017-12-18,00:50,329,,,1,67.5,70.8,on,47,15,34,13
2017-12-18,00:50,331,,,0,15.6,70.0,on,43,14,36,13,,,,
2017-12-18,00:50,329,,,1,67.5,70.8,on,47,15,34,13
2017-12-18,00:51,331,,,0,15.6,70.0,on,43,14,36,13,,,,
2017-12-18,00:51,329,,,1,67.5,70.8,on,47,15,34,13
2017-12-18,00:51,331,,,0,15.6,70.0,on,43,14,36,13,,,,
2017-12-18,00:51,329,,,1,67.5,70.8,on,47,15,34,13
2017-12-18,00:51,331,,,0,15.6,70.0,on,43,14,36,13,,,,
2017-12-18,00:51,329,,,1,67.5,70.8,on,47,15,34,13
2017-12-18,00:51,331,,,0,15.6,70.0,on,43,14,36,13,,,,
2017-12-18,00:52,329,,,1,67.5,70.8,on,47,15,34,13
2017-12-18,00:52,331,,,0,15.6,70.0,on,43,14,36,13,,,,
2017-12-18,00:52,329,,,1,67.5,70.8,on,47,15,34,13
2017-12-18,00:52,331,,,0,15.6,70.0,on,43,14,36,13,,,,
2017-12-18,00:52,329,,,1,67.5,70.8,on,47,15,34,13
2017-12-18,00:52,331,,,0,15.6,70.0,on,43,14,36,13,,,,
2017-12-18,00:53,329,,,1,67.5,70.8,on,47,15,34,13
2017-12-18,00:53,331,,,0,15.6,70.0,on,43,14,36,13,,,,
2017-12-18,00:53,329,,,1,67.5,70.8,on,47,15,34,13
2017-12-18,00:53,331,,,0,15.6,70.0,on,43,14,36,13,,,,
2017-12-18,00:53,329,,,1,67.5,70.8,on,47,15,34,13
2017-12-18,00:53,331,,,0,15.6,70.0,on,43,14,36,13,,,,
2017-12-18,00:54,329,,,1,67.5,70.8,on,47,15,34,13
2017-12-18,00:54,331,,,0,15.6,70.0,on,43,14,36,13,,,,
2017-12-18,00:54,329,,,1,67.5,70.8,on,47,15,34,13
2017-12-18,00:54,331,,,0,15.6,70.0,on,43,14,36,13,,,,
2017-12-18,00:54,329,,,1,67.5,70.8,on,47,15,34,13
2017-12-18,00:54,331,,,0,15.6,70.0,on,43,14,36,13,,,,
2017-12-18,00:55,329,,,1,67.5,70.8,on,47,15,34,13
2017-12-18,00:55,331,,,0,15.6,70.0,on,43,14,36,13,,,,
2017-12-18,00:55,329,,,1,67.5,70.8,on,47,15,34,13
2017-12-18,00:55,331,,,0,15.6,70.0,on,43,14,36,13,,,,
2017-12-18,00:55,329,,,1,67.5,70.8,on,47,15,34,13
2017-12-18,00:55,331,,,0,15.6,70.0,on,43,14,36,13,,,,
2017-12-18,00:56,329,,,1,67.5,70.8,on,47,15,34,13
2017-12-18,00:56,331,,,0,15.6,70.0,on,43,14,36,13,,,,
2017-12-18,00:56,329,,,1,67.5,70.8,on,47,15,34,13
2017-12-18,00:56,331,,,0,15.6,70.0,on,43,14,36,13,,,,
2017-12-18,00:56,329,,,1,67.5,70.8,on,47,15,34,13
2017-12-18,00:56,331,,,0,15.6,70.0,on,43,14,36,13,,,,
2017-12-18,00:57,329,,,1,67.5,70.8,on,47,15,34,13
2017-12-18,00:57,331,,,0,15.6,70.0,on,43,14,36,13,,,,
2017-12-18,00:57,329,,,1,67.5,70.8,on,47,15,34,13
2017-12-18,00:57,331,,,0,15.6,70.0,on,43,14,36,13,,,,
2017-12-18,00:57,329,,,1,67.5,70.8,on,47,15,34,13
2017-12-18,00:57,331,,,0,15.6,70.0,on,43,14,36,13,,,,
2017-12-18,00:58,329,,,1,67.5,70.8,on,47,15,34,13
2017-12-18,00:58,331,,,0,15.6,70.0,on,43,14,36,13,,,,
2017-12-18,00:58,329,,,1,67.5,70.8,on,47,15,34,13
2017-12-18,00:58,331,,,0,15.6,70.0,on,43,14,36,13,,,,
2017-12-18,00:58,329,,,1,67.5,70.8,on,47,15,34,13
2017-12-18,00:58,331,,,0,15.6,70.0,on,43,14,36,13,,,,
2017-12-18,00:59,329,,,1,67.5,70.8,on,47,15,34,13
2017-12-18,00:59,331,,,0,15.6,70.0,on,43,14,36,13,,,,
2017-12-18,00:59,329,,,1,67.5,70.8,on,47,15,34,13
2017-12-18,00:59,331,,,0,15.6,70.0,on,43,14,36,13,,,,
2017-12-18,00:59,329,,,1,67.5,70.8,on,47,15,34,13
2017-12-18,00:59,331,,,0,15.6,70.0,on,43,14,36,13,,,,
2017-12-18,01:00,329,,,1,67.5,70.8,on,47,15,34,13
2017-12-18,01:00,331,,,0,15.6,70.0,on,43,14,36,13,,,,
2017-12-18,01:00,329,,,1,67.5,70.8,on,47,15,34,13
2017-12-18,01:00,331,,,0,15.6,70.0,on,43,14,36,13,,,,
2017-12-18,01:00,329,,,1,67.5,70.8,on,47,15,34,13
2017-12-18,01:00,331,,,0,15.6,70.0,on,43,14,36,13,,,,
2017-12-18,01:01,329,,,1,67.5,70.8,on,47,15,34,13
2017-12-18,01:01,331,,,0,15.6,70.0,on,43,14,36,13,,,,
2017-12-18,01:01,329,,,1,67.5,70.8,on,47,15,34,13
2017-12-18,01:01,331,,,0,15.6,70.0,on,43,14,36,13,,,,
2017-12-18,01:01,329,,,1,67.5,70.8,on,47,15,34,13
2017-12-18,01:01,331,,,0,15.6,70.0,on,43,14,36,13,,,,
2017-12-18,01:02,329,,,1,67.5,70.8,on,47,15,34,13
2017-12-18,01:02,331,,,0,15.6,70.0,on,43,14,36,13,,,,
2017-12-18,01:02,329,,,1,67.5,70.8,on,47,15,34,13
2017-12-18,01:02,331,,,0,15.6,70.0,on,43,14,36,13,,,,
2017-12-18,01:02,329,,,1,67.5,70.8,on,47,15,34,13
2017-12-18,01:02,331,,,0,15.6,70.0,on,43,14,36,13,,,,
2017-12-18,01:02,329,,,1,67.5,70.8,on,47,15,34,13
2017-12-18,01:03,331,,,0,15.6,70.0,on,43,14,36,13,,,,
2017-12-18,01:03,329,,,1,67.5,70.8,on,47,15,34,13
2017-12-18,01:03,331,,,0,15.6,70.0,on,43,14,36,13,,,,
2017-12-18,01:03,329,,,1,67.5,70.8,on,47,15,34,13
2017-12-18,01:03,331,,,0,15.6,70.0,on,43,14,36,13,,,,
2017-12-18,01:03,329,,,1,67.5,70.8,on,47,15,34,13
2017-12-18,01:04,331,,,0,15.6,70.0,on,43,14,36,13,,,,
2017-12-18,01:04,329,,,1,67.5,70.8,on,47,15,34,13
2017-12-18,01:04,331,,,0,15.6,70.0,on,43,14,36,13,,,,
2017-12-18,01:04,329,,,1,67.5,70.8,on,47,15,34,13
2017-12-18,01:04,331,,,0,15.6,70.0,on,43,14,36,13,,,,
2017-12-18,01:04,329,,,1,67.5,70.8,on,47,15,34,13
2017-12-18,01:05,331,,,0,15.6,70.0,on,43,14,36,13,,,,
2017-12-18,01:05,329,,,1,67.5,70.8,on,47,15,34,13
2017-12-18,01:05,331,,,0,15.6,70.0,on,43,14,36,13,,,,
2017-12-18,01:05,329,,,1,67.5,70.8,on,47,15,34,13
2017-12-18,01:05,331,,,0,15.6,70.0,on,43,14,36,13,,,,
2017-12-18,01:05,329,,,1,67.5,70.8,on,47,15,34,13
2017-12-18,01:05,331,,,0,15.6,70.0,on,43,14,36,13,,,,
2017-12-18,01:06,329,,,1,67.5,70.8,on,47,15,34,13
2017-12-18,01:06,331,,,0,15.6,70.0,on,43,14,36,13,,,,
2017-12-18,01:06,329,,,1,67.5,70.8,on,47,15,34,13
2017-12-18,01:06,331,,,0,15.6,70.0,on,43,14,36,13,,,,
2017-12-18,01:06,329,,,1,67.5,70.8,on,47,15,34,13
2017-12-18,01:06,331,,,0,15.6,70.0,on,43,14,36,13,,,,
2017-12-18,01:07,329,,,1,67.5,70.8,on,47,15,34,13
2017-12-18,01:07,331,,,0,15.6,70.0,on,43,14,36,13,,,,
2017-12-18,01:07,329,,,1,67.5,70.8,on,47,15,34,13
2017-12-18,01:07,331,,,0,15.6,70.0,on,43,14,36,13,,,,
2017-12-18,01:07,329,,,1,67.5,70.8,on,47,15,34,13
2017-12-18,01:07,331,,,0,15.6,70.0,on,43,14,36,13,,,,
2017-12-18,01:08,329,,,1,67.5,70.8,on,47,15,34,13
2017-12-18,01:08,331,,,0,15.6,70.0,on,43,14,36,13,,,,
2017-12-18,01:08,329,,,1,67.5,70.8,on,47,15,34,13
2017-12-18,01:08,331,,,0,15.6,70.0,on,43,14,36,13,,,,
2017-12-18,01:08,329,,,1,67.5,70.8,on,47,15,34,13
2017-12-18,01:08,331,,,0,15.6,70.0,on,43,14,36,13,,,,
2017-12-18,01:09,329,,,1,67.5,70.8,on,47,15,34,13
2017-12-18,01:09,331,,,0,15.6,70.0,on,43,14,36,13,,,,
2017-12-18,01:09,329,,,1,67.5,70.8,on,47,15,34,13
2017-12-18,01:09,331,,,0,15.6,70.0,on,43,14,36,13,,,,
2017-12-18,01:09,329,,,1,67.5,70.8,on,47,15,34,13
2017-12-18,01:09,331,,,0,15.6,70.0,on,43,14,36,13,,,,
2017-12-18,01:10,329,,,1,67.5,70.8,on,47,15,34,13
2017-12-18,01:10,331,,,0,15.6,70.0,on,43,14,36,13,,,,
2017-12-18,01:10,329,,,1,67.5,70.8,on,47,15,34,13
2017-12-18,01:10,331,,,0,15.6,70.0,on,43,14,36,13,,,,
2017-12-18,01:10,329,,,1,67.5,70.8,on,47,15,34,13
2017-12-18,01:10,331,,,0,15.6,70.0,on,43,14,36,13,,,,
2017-12-18,01:11,329,,,1,67.5,70.8,on,47,15,34,13
2017-12-18,01:11,331,,,0,15.6,70.0,on,43,14,36,13,,,,
2017-12-18,01:11,329,,,1,67.5,70.8,on,47,15,34,13
2017-12-18,01:11,331,,,0,15.6,70.0,on,43,14,36,13,,,,
2017-12-18,01:11,329,,,1,67.5,70.8,on,47,15,34,13
2017-12-18,01:11,331,,,0,15.6,70.0,on,43,14,36,13,,,,
2017-12-18,01:12,329,,,1,67.5,70.8,on,47,15,34,13
2017-12-18,01:12,331,,,0,15.6,70.0,on,43,14,36,13,,,,
2017-12-18,01:12,329,,,1,67.5,70.8,on,47,15,34,13
2017-12-18,01:12,331,,,0,15.6,70.0,on,43,14,36,13,,,,
2017-12-18,01:12,329,,,1,67.5,70.8,on,47,15,34,13
2017-12-18,01:12,331,,,0,15.6,70.0,on,43,14,36,13,,,,
2017-12-18,01:13,329,,,1,67.5,70.8,on,47,15,34,13
2017-12-18,01:13,331,,,0,15.6,70.0,on,43,14,36,13,,,,
2017-12-18,01:13,329,,,1,67.5,70.8,on,47,15,34,13
2017-12-18,01:13,331,,,0,15.6,70.0,on,43,14,36,13,,,,
2017-12-18,01:13,329,,,1,67.5,70.8,on,47,15,34,13
2017-12-18,01:13,331,,,0,15.6,70.0,on,43,14,36,13,,,,
2017-12-18,01:14,329,,,1,67.5,70.8,on,47,15,34,13
2017-12-18,01:14,331,,,0,15.6,70.0,on,43,14,36,13,,,,
2017-12-18,01:14,329,,,1,67.5,70.8,on,47,15,34,13
2017-12-18,01:14,331,,,0,15.6,70.0,on,43,14,36,13,,,,
2017-12-18,01:14,329,,,1,67.5,70.8,on,47,15,34,13
2017-12-18,01:14,331,,,0,15.6,70.0,on,43,14,36,13,,,,
2017-12-18,01:15,329,,,1,67.5,70.8,on,47,15,34,13
2017-12-18,01:15,331,,,0,15.6,70.0,on,43,14,36,13,,,,
2017-12-18,01:15,329,,,1,67.5,70.8,on,47,15,34,13
2017-12-18,01:15,331,,,0,15.6,70.0,on,43,14,36,13,,,,
2017-12-18,01:15,329,,,1,67.5,70.8,on,47,15,34,13
2017-12-18,01:15,331,,,0,15.6,70.0,on,43,14,36,13,,,,
2017-12-18,01:16,329,,,1,67.5,70.8,on,47,15,34,13
2017-12-18,01:16,331,,,0,15.6,70.0,on,43,14,36,13,,,,
2017-12-18,01:16,329,,,1,67.5,70.8,on,47,15,34,13
2017-12-18,01:16,331,,,0,15.6,70.0,on,43,14,36,13,,,,
2017-12-18,01:16,329,,,1,67.5,70.8,on,47,15,34,13
2017-12-18,01:16,331,,,0,15.6,70.0,on,43,14,36,13,,,,
2017-12-18,01:16,329,,,1,67.5,70.8,on,47,15,34,13
2017-12-18,01:17,331,,,0,15.6,70.0,on,43,14,36,13,,,,
2017-12-18,01:17,329,,,1,67.5,70.8,on,47,15,34,13
2017-12-18,01:17,331,,,0,15.6,70.0,on,43,14,36,13,,,,
2017-12-18,01:17,329,,,1,67.5,70.8,on,47,15,34,13
2017-12-18,01:17,331,,,0,15.6,70.0,on,43,14,36,13,,,,
2017-12-18,01:17,329,,,1,67.5,70.8,on,47,15,34,13
2017-12-18,01:18,331,,,0,15.6,70.0,on,43,14,36,13,,,,
2017-12-18,01:18,329,,,1,67.5,70.8,on,47,15,34,13
2017-12-18,01:18,331,,,0,15.6,70.0,on,43,14,36,13,,,,
2017-12-18,01:18,329,,,1,67.5,70.8,on,47,15,34,13
2017-12-18,01:18,331,,,0,15.6,70.0,on,43,14,36,13,,,,
2017-12-18,01:18,329,,,1,67.5,70.8,on,47,15,34,13
2017-12-18,01:19,331,,,0,15.6,70.0,on,43,14,36,13,,,,
2017-12-18,01:19,329,,,1,67.5,70.8,on,47,15,34,13
2017-12-18,01:19,331,,,0,15.6,70.0,on,43,14,36,13,,,,
2017-12-18,01:19,329,,,1,67.5,70.8,on,47,15,34,13
2017-12-18,01:19,331,,,0,15.6,70.0,on,43,14,36,13,,,,
2017-12-18,01:19,329,,,1,67.5,70.8,on,47,15,34,13
2017-12-18,01:19,331,,,0,15.6,70.0,on,43,14,36,13,,,,
2017-12-18,01:20,329,,,1,67.5,70.8,on,47,15,34,13
2017-12-18,01:20,331,,,0,15.6,70.0,on,43,14,36,13,,,,
2017-12-18,01:20,329,,,1,67.5,70.8,on,47,15,34,13
2017-12-18,01:20,331,,,0,15.6,70.0,on,43,14,36,13,,,,
2017-12-18,01:20,329,,,1,67.5,70.8,on,47,15,34,13
2017-12-18,01:20,331,,,0,15.6,70.0,on,43,14,36,13,,,,
2017-12-18,01:21,329,,,1,67.5,70.8,on,47,15,34,13
2017-12-18,01:21,331,,,0,15.6,70.0,on,43,14,36,13,,,,
2017-12-18,01:21,329,,,1,67.5,70.8,on,47,15,34,13
2017-12-18,01:21,331,,,0,15.6,70.0,on,43,14,36,13,,,,
2017-12-18,01:21,329,,,1,67.5,70.8,on,47,15,34,13
2017-12-18,01:21,331,,,0,15.6,70.0,on,43,14,36,13,,,,
2017-12-18,01:22,329,,,1,67.5,70.8,on,47,15,34,13
2017-12-18,01:22,331,,,0,15.6,70.0,on,43,14,36,13,,,,
2017-12-18,01:22,329,,,1,67.5,70.8,on,47,15,34,13
2017-12-18,01:22,331,,,0,15.6,70.0,on,43,14,36,13,,,,
2017-12-18,01:22,329,,,1,67.5,70.8,on,47,15,34,13
2017-12-18,01:22,331,,,0,15.6,70.0,on,43,14,36,13,,,,
2017-12-18,01:23,329,,,1,67.5,70.8,on,47,15,34,13
2017-12-18,01:23,331,,,0,15.6,70.0,on,43,14,36,13,,,,
2017-12-18,01:23,329,,,1,67.5,70.8,on,47,15,34,13
2017-12-18,01:23,331,,,0,15.6,70.0,on,43,14,36,13,,,,
2017-12-18,01:23,329,,,1,67.5,70.8,on,47,15,34,13
2017-12-18,01:23,331,,,0,15.6,70.0,on,43,14,36,13,,,,
2017-12-18,01:24,329,,,1,67.5,70.8,on,47,15,34,13
2017-12-18,01:24,331,,,0,15.6,70.0,on,43,14,36,13,,,,
2017-12-18,01:24,329,,,1,67.5,70.8,on,47,15,34,13
2017-12-18,01:24,331,,,0,15.6,70.0,on,43,14,36,13,,,,
2017-12-18,01:24,329,,,1,67.5,70.8,on,47,15,34,13
2017-12-18,01:24,331,,,0,15.6,70.0,on,43,14,36,13,,,,
2017-12-18,01:25,329,,,1,67.5,70.8,on,47,15,34,13
2017-12-18,01:25,331,,,0,15.6,70.0,on,43,14,36,13,,,,
2017-12-18,01:25,329,,,1,67.5,70.8,on,47,15,34,13
2017-12-18,01:25,331,,,0,15.6,70.0,on,43,14,36,13,,,,
2017-12-18,01:25,329,,,1,67.5,70.8,on,47,15,34,13
2017-12-18,01:25,331,,,0,15.6,70.0,on,43,14,36,13,,,,
2017-12-18,01:26,329,,,1,67.5,70.8,on,47,15,34,13
2017-12-18,01:26,331,,,0,15.6,70.0,on,43,14,36,13,,,,
2017-12-18,01:26,329,,,1,67.5,70.8,on,47,15,34,13
2017-12-18,01:26,331,,,0,15.6,70.0,on,43,14,36,13,,,,
2017-12-18,01:26,329,,,1,67.5,70.8,on,47,15,34,13
2017-12-18,01:26,331,,,0,15.6,70.0,on,43,14,36,13,,,,
2017-12-18,01:27,329,,,1,67.5,70.8,on,47,15,34,13
2017-12-18,01:27,331,,,0,15.6,70.0,on,43,14,36,13,,,,
2017-12-18,01:27,329,,,1,67.5,70.8,on,47,15,34,13
2017-12-18,01:27,331,,,0,15.6,70.0,on,43,14,36,13,,,,
2017-12-18,01:27,329,,,1,67.5,70.8,on,47,15,34,13
2017-12-18,01:27,331,,,0,15.6,70.0,on,43,14,36,13,,,,
2017-12-18,01:28,329,,,1,67.5,70.8,on,47,15,34,13
2017-12-18,01:28,331,,,0,15.6,70.0,on,43,14,36,13,,,,
2017-12-18,01:28,329,,,1,67.5,70.8,on,47,15,34,13
2017-12-18,01:28,331,,,0,15.6,70.0,on,43,14,36,13,,,,
2017-12-18,01:28,329,,,1,67.5,70.8,on,47,15,34,13
2017-12-18,01:28,331,,,0,15.6,70.0,on,43,14,36,13,,,,
2017-12-18,01:29,329,,,1,67.5,70.8,on,47,15,34,13
2017-12-18,01:29,331,,,0,15.6,70.0,on,43,14,36,13,,,,
2017-12-18,01:29,329,,,1,67.5,70.8,on,47,15,34,13
2017-12-18,01:29,331,,,0,15.6,70.0,on,43,14,36,13,,,,
2017-12-18,01:29,329,,,1,67.5,70.8,on,47,15,34,13
2017-12-18,01:29,331,,,0,15.6,70.0,on,43,14,36,13,,,,
2017-12-18,01:30,329,,,1,67.5,70.8,on,47,15,34,13
2017-12-18,01:30,331,,,0,15.6,70.0,on,43,14,36,13,,,,
2017-12-18,01:30,329,,,1,67.5,70.8,on,47,15,34,13
2017-12-18,01:30,331,,,0,15.6,70.0,on,43,14,36,13,,,,
2017-12-18,01:30,329,,,1,67.5,70.8,on,47,15,34,13
2017-12-18,01:30,331,,,0,15.6,70.0,on,43,14,36,13,,,,
2017-12-18,01:30,329,,,1,67.5,70.8,on,47,15,34,13
2017-12-18,01:31,331,,,0,15.6,70.0,on,43,14,36,13,,,,
2017-12-18,01:31,329,,,1,67.5,70.8,on,47,15,34,13
2017-12-18,01:31,331,,,0,15.6,70.0,on,43,14,36,13,,,,
2017-12-18,01:31,329,,,1,67.5,70.8,on,47,15,34,13
2017-12-18,01:31,331,,,0,15.6,70.0,on,43,14,36,13,,,,
2017-12-18,01:31,329,,,1,67.5,70.8,on,47,15,34,13
2017-12-18,01:32,331,,,0,15.6,70.0,on,43,14,36,13,,,,
2017-12-18,01:32,329,,,1,67.5,70.8,on,47,15,34,13
2017-12-18,01:32,331,,,0,15.6,70.0,on,43,14,36,13,,,,
2017-12-18,01:32,329,,,1,67.5,70.8,on,47,15,34,13
2017-12-18,01:32,331,,,0,15.6,70.0,on,43,14,36,13,,,,
2017-12-18,01:32,329,,,1,67.5,70.8,on,47,15,34,13
2017-12-18,01:33,331,,,0,15.6,70.0,on,43,14,36,13,,,,
2017-12-18,01:33,329,,,1,67.5,70.8,on,47,15,34,13
2017-12-18,01:33,331,,,0,15.6,70.0,on,43,14,36,13,,,,
2017-12-18,01:33,329,,,1,67.5,70.8,on,47,15,34,13
2017-12-18,01:33,331,,,0,15.6,70.0,on,43,14,36,13,,,,
2017-12-18,01:33,329,,,1,67.5,70.8,on,47,15,34,13
2017-12-18,01:33,331,,,0,15.6,70.0,on,43,14,36,13,,,,
2017-12-18,01:34,329,,,1,67.5,70.8,on,47,15,34,13
2017-12-18,01:34,331,,,0,15.6,70.0,on,43,14,36,13,,,,
2017-12-18,01:34,329,,,1,67.5,70.8,on,47,15,34,13
2017-12-18,01:34,331,,,0,15.6,70.0,on,43,14,36,13,,,,
2017-12-18,01:34,329,,,1,67.5,70.8,on,47,15,34,13
2017-12-18,01:34,331,,,0,15.6,70.0,on,43,14,36,13,,,,
2017-12-18,01:35,329,,,1,67.5,70.8,on,47,15,34,13
2017-12-18,01:35,331,,,0,15.6,70.0,on,43,14,36,13,,,,
2017-12-18,01:35,329,,,1,67.5,70.8,on,47,15,34,13
2017-12-18,01:35,331,,,0,15.6,70.0,on,43,14,36,13,,,,
2017-12-18,01:35,329,,,1,67.5,70.8,on,47,15,34,13
2017-12-18,01:35,331,,,0,15.6,70.0,on,43,14,36,13,,,,
2017-12-18,01:36,329,,,1,67.5,70.8,on,47,15,34,13
2017-12-18,01:36,331,,,0,15.6,70.0,on,43,14,36,13,,,,
2017-12-18,01:36,329,,,1,67.5,70.8,on,47,15,34,13
2017-12-18,01:36,331,,,0,15.6,70.0,on,43,14,36,13,,,,
2017-12-18,01:36,329,,,1,67.5,70.8,on,47,15,34,13
2017-12-18,01:36,331,,,0,15.6,70.0,on,43,14,36,13,,,,
2017-12-18,01:37,329,,,1,67.5,70.8,on,47,15,34,13
2017-12-18,01:37,331,,,0,15.6,70.0,on,43,14,36,13,,,,
2017-12-18,01:37,329,,,1,67.5,70.8,on,47,15,34,13
2017-12-18,01:37,331,,,0,15.6,70.0,on,43,14,36,13,,,,
2017-12-18,01:37,329,,,1,67.5,70.8,on,47,15,34,13
2017-12-18,01:37,331,,,0,15.6,70.0,on,43,14,36,13,,,,
2017-12-18,01:38,329,,,1,67.5,70.8,on,47,15,34,13
2017-12-18,01:38,331,,,0,15.6,70.0,on,43,14,36,13,,,,
2017-12-18,01:38,329,,,1,67.5,70.8,on,47,15,34,13
2017-12-18,01:38,331,,,0,15.6,70.0,on,43,14,36,13,,,,
2017-12-18,01:38,329,,,1,67.5,70.8,on,47,15,34,13
2017-12-18,01:38,331,,,0,15.6,70.0,on,43,14,36,13,,,,
2017-12-18,01:39,329,,,1,67.5,70.8,on,47,15,34,13
2017-12-18,01:39,331,,,0,15.6,70.0,on,43,14,36,13,,,,
2017-12-18,01:39,329,,,1,67.5,70.8,on,47,15,34,13
2017-12-18,01:39,331,,,0,15.6,70.0,on,43,14,36,13,,,,
2017-12-18,01:39,329,,,1,67.5,70.8,on,47,15,34,13
2017-12-18,01:39,331,,,0,15.6,70.0,on,43,14,36,13,,,,
2017-12-18,01:40,329,,,1,67.5,70.8,on,47,15,34,13
2017-12-18,01:40,331,,,0,15.6,70.0,on,43,14,36,13,,,,
2017-12-18,01:40,329,,,1,67.5,70.8,on,47,15,34,13
2017-12-18,01:40,331,,,0,15.6,70.0,on,43,14,36,13,,,,
2017-12-18,01:40,329,,,1,67.5,70.8,on,47,15,34,13
2017-12-18,01:40,331,,,0,15.6,70.0,on,43,14,36,13,,,,
2017-12-18,01:41,329,,,1,67.5,70.8,on,47,15,34,13
2017-12-18,01:41,331,,,0,15.6,70.0,on,43,14,36,13,,,,
2017-12-18,01:41,329,,,1,67.5,70.8,on,47,15,34,13
2017-12-18,01:41,331,,,0,15.6,70.0,on,43,14,36,13,,,,
2017-12-18,01:41,329,,,1,67.5,70.8,on,47,15,34,13
2017-12-18,01:41,331,,,0,15.6,70.0,on,43,14,36,13,,,,
2017-12-18,01:42,329,,,1,67.5,70.8,on,47,15,34,13
2017-12-18,01:42,331,,,0,15.6,70.0,on,43,14,36,13,,,,
2017-12-18,01:42,329,,,1,67.5,70.8,on,47,15,34,13
2017-12-18,01:42,331,,,0,15.6,70.0,on,43,14,36,13,,,,
2017-12-18,01:42,329,,,1,67.5,70.8,on,47,15,34,13
2017-12-18,01:42,331,,,0,15.6,70.0,on,43,14,36,13,,,,
2017-12-18,01:43,329,,,1,67.5,70.8,on,47,15,34,13
2017-12-18,01:43,331,,,0,15.6,70.0,on,43,14,36,13,,,,
2017-12-18,01:43,329,,,1,67.5,70.8,on,47,15,34,13
2017-12-18,01:43,331,,,0,15.6,70.0,on,43,14,36,13,,,,
2017-12-18,01:43,329,,,1,67.5,70.8,on,47,15,34,13
2017-12-18,01:43,331,,,0,15.6,70.0,on,43,14,36,13,,,,
2017-12-18,01:44,329,,,1,67.5,70.8,on,47,15,34,13
2017-12-18,01:44,331,,,0,15.6,70.0,on,43,14,36,13,,,,
2017-12-18,01:44,329,,,1,67.5,70.8,on,47,15,34,13
2017-12-18,01:44,331,,,0,15.6,70.0,on,43,14,36,13,,,,
2017-12-18,01:44,329,,,1,67.5,70.8,on,47,15,34,13
2017-12-18,01:44,331,,,0,15.6,70.0,on,43,14,36,13,,,,
2017-12-18,01:44,329,,,1,67.5,70.8,on,47,15,34,13
2017-12-18,01:45,331,,,0,15.6,70.0,on,43,14,36,13,,,,
2017-12-18,01:45,329,,,1,67.5,70.8,on,47,15,34,13
2017-12-18,01:45,331,,,0,15.6,70.0,on,43,14,36,13,,,,
2017-12-18,01:45,329,,,1,67.5,70.8,on,47,15,34,13
2017-12-18,01:45,331,,,0,15.6,70.0,on,43,14,36,13,,,,
2017-12-18,01:45,329,,,1,67.5,70.8,on,47,15,34,13
2017-12-18,01:46,331,,,0,15.6,70.0,on,43,14,36,13,,,,
2017-12-18,01:46,329,,,1,67.5,70.8,on,47,15,34,13
2017-12-18,01:46,331,,,0,15.6,70.0,on,43,14,36,13,,,,
2017-12-18,01:46,329,,,1,67.5,70.8,on,47,15,34,13
2017-12-18,01:46,331,,,0,15.6,70.0,on,43,14,36,13,,,,
2017-12-18,01:46,329,,,1,67.5,70.8,on,47,15,34,13
2017-12-18,01:47,331,,,0,15.6,70.0,on,43,14,36,13,,,,
2017-12-18,01:47,329,,,1,67.5,70.8,on,47,15,34,13
2017-12-18,01:47,331,,,0,15.6,70.0,on,43,14,36,13,,,,
2017-12-18,01:47,329,,,1,67.5,70.8,on,47,15,34,13
2017-12-18,01:47,331,,,0,15.6,70.0,on,43,14,36,13,,,,
2017-12-18,01:47,329,,,1,67.5,70.8,on,47,15,34,13
2017-12-18,01:47,331,,,0,15.6,70.0,on,43,14,36,13,,,,
2017-12-18,01:48,329,,,1,67.5,70.8,on,47,15,34,13
2017-12-18,01:48,331,,,0,15.6,70.0,on,43,14,36,13,,,,
2017-12-18,01:48,329,,,1,67.5,70.8,on,47,15,34,13
2017-12-18,01:48,331,,,0,15.6,70.0,on,43,14,36,13,,,,
2017-12-18,01:48,329,,,1,67.5,70.8,on,47,15,34,13
2017-12-18,01:48,331,,,0,15.6,70.0,on,43,14,36,13,,,,
2017-12-18,01:49,329,,,1,67.5,70.8,on,47,15,34,13
2017-12-18,01:49,331,,,0,15.6,70.0,on,43,14,36,13,,,,
2017-12-18,01:49,329,,,1,67.5,70.8,on,47,15,34,13
2017-12-18,01:49,331,,,0,15.6,70.0,on,43,14,36,13,,,,
2017-12-18,01:49,329,,,1,67.5,70.8,on,47,15,34,13
2017-12-18,01:49,331,,,0,15.6,70.0,on,43,14,36,13,,,,
2017-12-18,01:50,329,,,1,67.5,70.8,on,47,15,34,13
2017-12-18,01:50,331,,,0,15.6,70.0,on,43,14,36,13,,,,
2017-12-18,01:50,329,,,1,67.5,70.8,on,47,15,34,13
2017-12-18,01:50,331,,,0,15.6,70.0,on,43,14,36,13,,,,
2017-12-18,01:50,329,,,1,67.5,70.8,on,47,15,34,13
2017-12-18,01:50,331,,,0,15.6,70.0,on,43,14,36,13,,,,
2017-12-18,01:51,329,,,1,67.5,70.8,on,47,15,34,13
2017-12-18,01:51,331,,,0,15.6,70.0,on,43,14,36,13,,,,
2017-12-18,01:51,329,,,1,67.5,70.8,on,47,15,34,13
2017-12-18,01:51,331,,,0,15.6,70.0,on,43,14,36,13,,,,
2017-12-18,01:51,329,,,1,67.5,70.8,on,47,15,34,13
2017-12-18,01:51,331,,,0,15.6,70.0,on,43,14,36,13,,,,
2017-12-18,01:52,329,,,1,67.5,70.8,on,47,15,34,13
2017-12-18,01:52,331,,,0,15.6,70.0,on,43,14,36,13,,,,
2017-12-18,01:52,329,,,1,67.5,70.8,on,47,15,34,13
2017-12-18,01:52,331,,,0,15.6,70.0,on,43,14,36,13,,,,
2017-12-18,01:52,329,,,1,67.5,70.8,on,47,15,34,13
2017-12-18,01:52,331,,,0,15.6,70.0,on,43,14,36,13,,,,
2017-12-18,01:53,329,,,1,67.5,70.8,on,47,15,34,13
2017-12-18,01:53,331,,,0,15.6,70.0,on,43,14,36,13,,,,
2017-12-18,01:53,329,,,1,67.5,70.8,on,47,15,34,13
2017-12-18,01:53,331,,,0,15.6,70.0,on,43,14,36,13,,,,
2017-12-18,01:53,329,,,1,67.5,70.8,on,47,15,34,13
2017-12-18,01:53,331,,,0,15.6,70.0,on,43,14,36,13,,,,
2017-12-18,01:54,329,,,1,67.5,70.8,on,47,15,34,13
2017-12-18,01:54,331,,,0,15.6,70.0,on,43,14,36,13,,,,
2017-12-18,01:54,329,,,1,67.5,70.8,on,47,15,34,13
2017-12-18,01:54,331,,,0,15.6,70.0,on,43,14,36,13,,,,
2017-12-18,01:54,329,,,1,67.5,70.8,on,47,15,34,13
2017-12-18,01:54,331,,,0,15.6,70.0,on,43,14,36,13,,,,
2017-12-18,01:55,329,,,1,67.5,70.8,on,47,15,34,13
2017-12-18,01:55,331,,,0,15.6,70.0,on,43,14,36,13,,,,
2017-12-18,01:55,329,,,1,67.5,70.8,on,47,15,34,13
2017-12-18,01:55,331,,,0,15.6,70.0,on,43,14,36,13,,,,
2017-12-18,01:55,329,,,1,67.5,70.8,on,47,15,34,13
2017-12-18,01:55,331,,,0,15.6,70.0,on,43,14,36,13,,,,
2017-12-18,01:56,329,,,1,67.5,70.8,on,47,15,34,13
2017-12-18,01:56,331,,,0,15.6,70.0,on,43,14,36,13,,,,
2017-12-18,01:56,329,,,1,67.5,70.8,on,47,15,34,13
2017-12-18,01:56,331,,,0,15.6,70.0,on,43,14,36,13,,,,
2017-12-18,01:56,329,,,1,67.5,70.8,on,47,15,34,13
2017-12-18,01:56,331,,,0,15.6,70.0,on,43,14,36,13,,,,
2017-12-18,01:57,329,,,1,67.5,70.8,on,47,15,34,13
2017-12-18,01:57,331,,,0,15.6,70.0,on,43,14,36,13,,,,
2017-12-18,01:57,329,,,1,67.5,70.8,on,47,15,34,13
2017-12-18,01:57,331,,,0,15.6,70.0,on,43,14,36,13,,,,
2017-12-18,01:57,329,,,1,67.5,70.8,on,47,15,34,13
2017-12-18,01:57,331,,,0,15.6,70.0,on,43,14,36,13,,,,
2017-12-18,01:58,329,,,1,67.5,70.8,on,47,15,34,13
2017-12-18,01:58,331,,,0,15.6,70.0,on,43,14,36,13,,,,
2017-12-18,01:58,329,,,1,67.5,70.8,on,47,15,34,13
2017-12-18,01:58,331,,,0,15.6,70.0,on,43,14,36,13,,,,
2017-12-18,01:58,329,,,1,67.5,70.8,on,47,15,34,13
2017-12-18,01:58,331,,,0,15.6,70.0,on,43,14,36,13,,,,
2017-12-18,01:58,329,,,1,67.5,70.8,on,47,15,34,13
2017-12-18,01:59,331,,,0,15.6,70.0,on,43,14,36,13,,,,
2017-12-18,01:59,329,,,1,67.5,70.8,on,47,15,34,13
2017-12-18,01:59,331,,,0,15.6,70.0,on,43,14,36,13,,,,
2017-12-18,01:59,329,,,1,67.5,70.8,on,47,15,34,13
2017-12-18,01:59,331,,,0,15.6,70.0,on,43,14,36,13,,,,
2017-12-18,01:59,329,,,1,67.5,70.8,on,47,15,34,13
2017-12-18,02:00,331,,,0,15.6,70.0,on,43,14,36,13,,,,
2017-12-18,02:00,329,,,1,67.5,70.8,on,47,15,34,13
2017-12-18,02:00,331,,,0,15.6,70.0,on,43,14,36,13,,,,
2017-12-18,02:00,329,,,1,67.5,70.8,on,47,15,34,13
2017-12-18,02:00,331,,,0,15.6,70.0,on,43,14,36,13,,,,
2017-12-18,02:00,329,,,1,67.5,70.8,on,47,15,34,13
2017-12-18,02:01,331,,,0,15.6,70.0,on,43,14,36,13,,,,
2017-12-18,02:01,329,,,1,67.5,70.8,on,47,15,34,13
2017-12-18,02:01,331,,,0,15.6,70.0,on,43,14,36,13,,,,
2017-12-18,02:01,329,,,1,67.5,70.8,on,47,15,34,13
2017-12-18,02:01,331,,,0,15.6,70.0,on,43,14,36,13,,,,
2017-12-18,02:01,329,,,1,67.5,70.8,on,47,15,34,13
2017-12-18,02:01,331,,,0,15.6,70.0,on,43,14,36,13,,,,
2017-12-18,02:02,329,,,1,67.5,70.8,on,47,15,34,13
2017-12-18,02:02,331,,,0,15.6,70.0,on,43,14,36,13,,,,
2017-12-18,02:02,329,,,1,67.5,70.8,on,47,15,34,13
2017-12-18,02:02,331,,,0,15.6,70.0,on,43,14,36,13,,,,
2017-12-18,02:02,329,,,1,67.5,70.8,on,47,15,34,13
2017-12-18,02:02,331,,,0,15.6,70.0,on,43,14,36,13,,,,
2017-12-18,02:03,329,,,1,67.5,70.8,on,47,15,34,13
2017-12-18,02:03,331,,,0,15.6,70.0,on,43,14,36,13,,,,
2017-12-18,02:03,329,,,1,67.5,70.8,on,47,15,34,13
2017-12-18,02:03,331,,,0,15.6,70.0,on,43,14,36,13,,,,
2017-12-18,02:03,329,,,1,67.5,70.8,on,47,15,34,13
2017-12-18,02:03,331,,,0,15.6,70.0,on,43,14,36,13,,,,
2017-12-18,02:04,329,,,1,67.5,70.8,on,47,15,34,13
2017-12-18,02:04,331,,,0,15.6,70.0,on,43,14,36,13,,,,
2017-12-18,02:04,329,,,1,67.5,70.8,on,47,15,34,13
2017-12-18,02:04,331,,,0,15.6,70.0,on,43,14,36,13,,,,
2017-12-18,02:04,329,,,1,67.5,70.8,on,47,15,34,13
2017-12-18,02:04,331,,,0,15.6,70.0,on,43,14,36,13,,,,
2017-12-18,02:05,329,,,1,67.5,70.8,on,47,15,34,13
2017-12-18,02:05,331,,,0,15.6,70.0,on,43,14,36,13,,,,
2017-12-18,02:05,329,,,1,67.5,70.8,on,47,15,34,13
2017-12-18,02:05,331,,,0,15.6,70.0,on,43,14,36,13,,,,
2017-12-18,02:05,329,,,1,67.5,70.8,on,47,15,34,13
2017-12-18,02:05,331,,,0,15.6,70.0,on,43,14,36,13,,,,
2017-12-18,02:06,329,,,1,67.5,70.8,on,47,15,34,13
2017-12-18,02:06,331,,,0,15.6,70.0,on,43,14,36,13,,,,
2017-12-18,02:06,329,,,1,67.5,70.8,on,47,15,34,13
2017-12-18,02:06,331,,,0,15.6,70.0,on,43,14,36,13,,,,
2017-12-18,02:06,329,,,1,67.5,70.8,on,47,15,34,13
2017-12-18,02:06,331,,,0,15.6,70.0,on,43,14,36,13,,,,
2017-12-18,02:07,329,,,1,67.5,70.8,on,47,15,34,13
2017-12-18,02:07,331,,,0,15.6,70.0,on,43,14,36,13,,,,
2017-12-18,02:07,329,,,1,67.5,70.8,on,47,15,34,13
2017-12-18,02:07,331,,,0,15.6,70.0,on,43,14,36,13,,,,
2017-12-18,02:07,329,,,1,67.5,70.8,on,47,15,34,13
2017-12-18,02:07,331,,,0,15.6,70.0,on,43,14,36,13,,,,
2017-12-18,02:08,329,,,1,67.5,70.8,on,47,15,34,13
2017-12-18,02:08,331,,,0,15.6,70.0,on,43,14,36,13,,,,
2017-12-18,02:08,329,,,1,67.5,70.8,on,47,15,34,13
2017-12-18,02:08,331,,,0,15.6,70.0,on,43,14,36,13,,,,
2017-12-18,02:08,329,,,1,67.5,70.8,on,47,15,34,13
2017-12-18,02:08,331,,,0,15.6,70.0,on,43,14,36,13,,,,
2017-12-18,02:09,329,,,1,67.5,70.8,on,47,15,34,13
2017-12-18,02:09,331,,,0,15.6,70.0,on,43,14,36,13,,,,
2017-12-18,02:09,329,,,1,67.5,70.8,on,47,15,34,13
2017-12-18,02:09,331,,,0,15.6,70.0,on,43,14,36,13,,,,
2017-12-18,02:09,329,,,1,67.5,70.8,on,47,15,34,13
2017-12-18,02:09,331,,,0,15.6,70.0,on,43,14,36,13,,,,
2017-12-18,02:10,329,,,1,67.5,70.8,on,47,15,34,13
2017-12-18,02:10,331,,,0,15.6,70.0,on,43,14,36,13,,,,
2017-12-18,02:10,329,,,1,67.5,70.8,on,47,15,34,13
2017-12-18,02:10,331,,,0,15.6,70.0,on,43,14,36,13,,,,
2017-12-18,02:10,329,,,1,67.5,70.8,on,47,15,34,13
2017-12-18,02:10,331,,,0,15.6,70.0,on,43,14,36,13,,,,
2017-12-18,02:11,329,,,1,67.5,70.8,on,47,15,34,13
2017-12-18,02:11,331,,,0,15.6,70.0,on,43,14,36,13,,,,
2017-12-18,02:11,329,,,1,67.5,70.8,on,47,15,34,13
2017-12-18,02:11,331,,,0,15.6,70.0,on,43,14,36,13,,,,
2017-12-18,02:11,329,,,1,67.5,70.8,on,47,15,34,13
2017-12-18,02:11,331,,,0,15.6,70.0,on,43,14,36,13,,,,
2017-12-18,02:12,329,,,1,67.5,70.8,on,47,15,34,13
2017-12-18,02:12,331,,,0,15.6,70.0,on,43,14,36,13,,,,
2017-12-18,02:12,329,,,1,67.5,70.8,on,47,15,34,13
2017-12-18,02:12,331,,,0,15.6,70.0,on,43,14,36,13,,,,
2017-12-18,02:12,329,,,1,67.5,70.8,on,47,15,34,13
2017-12-18,02:12,331,,,0,15.6,70.0,on,43,14,36,13,,,,
2017-12-18,02:12,329,,,1,67.5,70.8,on,47,15,34,13
2017-12-18,02:13,331,,,0,15.6,70.0,on,43,14,36,13,,,,
2017-12-18,02:13,329,,,1,67.5,70.8,on,47,15,34,13
2017-12-18,02:13,331,,,0,15.6,70.0,on,43,14,36,13,,,,
2017-12-18,02:13,329,,,1,67.5,70.8,on,47,15,34,13
2017-12-18,02:13,331,,,0,15.6,70.0,on,43,14,36,13,,,,
2017-12-18,02:13,329,,,1,67.5,70.8,on,47,15,34,13
2017-12-18,02:14,331,,,0,15.6,70.0,on,43,14,36,13,,,,
2017-12-18,02:14,329,,,1,67.5,70.8,on,47,15,34,13
2017-12-18,02:14,331,,,0,15.6,70.0,on,43,14,36,13,,,,
2017-12-18,02:14,329,,,1,67.5,70.8,on,47,15,34,13
2017-12-18,02:14,331,,,0,15.6,70.0,on,43,14,36,13,,,,
2017-12-18,02:14,329,,,1,67.5,70.8,on,47,15,34,13
2017-12-18,02:15,331,,,0,15.6,70.0,on,43,14,36,13,,,,
2017-12-18,02:15,329,,,1,67.5,70.8,on,47,15,34,13
2017-12-18,02:15,331,,,0,15.6,70.0,on,43,14,36,13,,,,
2017-12-18,02:15,329,,,1,67.5,70.8,on,47,15,34,13
2017-12-18,02:15,331,,,0,15.6,70.0,on,43,14,36,13,,,,
2017-12-18,02:15,329,,,1,67.5,70.8,on,47,15,34,13
2017-12-18,02:15,331,,,0,15.6,70.0,on,43,14,36,13,,,,
2017-12-18,02:16,329,,,1,67.5,70.8,on,47,15,34,13
2017-12-18,02:16,331,,,0,15.6,70.0,on,43,14,36,13,,,,
2017-12-18,02:16,329,,,1,67.5,70.8,on,47,15,34,13
2017-12-18,02:16,331,,,0,15.6,70.0,on,43,14,36,13,,,,
2017-12-18,02:16,329,,,1,67.5,70.8,on,47,15,34,13
2017-12-18,02:16,331,,,0,15.6,70.0,on,43,14,36,13,,,,
2017-12-18,02:17,329,,,1,67.5,70.8,on,47,15,34,13
2017-12-18,02:17,331,,,0,15.6,70.0,on,43,14,36,13,,,,
2017-12-18,02:17,329,,,1,67.5,70.8,on,47,15,34,13
2017-12-18,02:17,331,,,0,15.6,70.0,on,43,14,36,13,,,,
2017-12-18,02:17,329,,,1,67.5,70.8,on,47,15,34,13
2017-12-18,02:17,331,,,0,15.6,70.0,on,43,14,36,13,,,,
2017-12-18,02:18,329,,,1,67.5,70.8,on,47,15,34,13
2017-12-18,02:18,331,,,0,15.6,70.0,on,43,14,36,13,,,,
2017-12-18,02:18,329,,,1,67.5,70.8,on,47,15,34,13
2017-12-18,02:18,331,,,0,15.6,70.0,on,43,14,36,13,,,,
2017-12-18,02:18,329,,,1,67.5,70.8,on,47,15,34,13
2017-12-18,02:18,331,,,0,15.6,70.0,on,43,14,36,13,,,,
2017-12-18,02:19,329,,,1,67.5,70.8,on,47,15,34,13
2017-12-18,02:19,331,,,0,15.6,70.0,on,43,14,36,13,,,,
2017-12-18,02:19,329,,,1,67.5,70.8,on,47,15,34,13
2017-12-18,02:19,331,,,0,15.6,70.0,on,43,14,36,13,,,,
2017-12-18,02:19,329,,,1,67.5,70.8,on,47,15,34,13
2017-12-18,02:19,331,,,0,15.6,70.0,on,43,14,36,13,,,,
2017-12-18,02:20,329,,,1,67.5,70.8,on,47,15,34,13
2017-12-18,02:20,331,,,0,15.6,70.0,on,43,14,36,13,,,,
2017-12-18,02:20,329,,,1,67.5,70.8,on,47,15,34,13
2017-12-18,02:20,331,,,0,15.6,70.0,on,43,14,36,13,,,,
2017-12-18,02:20,329,,,1,67.5,70.8,on,47,15,34,13
2017-12-18,02:20,331,,,0,15.6,70.0,on,43,14,36,13,,,,
2017-12-18,02:21,329,,,1,67.5,70.8,on,47,15,34,13
2017-12-18,02:21,331,,,0,15.6,70.0,on,43,14,36,13,,,,
2017-12-18,02:21,329,,,1,67.5,70.8,on,47,15,34,13
2017-12-18,02:21,331,,,0,15.6,70.0,on,43,14,36,13,,,,
2017-12-18,02:21,329,,,1,67.5,70.8,on,47,15,34,13
2017-12-18,02:21,331,,,0,15.6,70.0,on,43,14,36,13,,,,
2017-12-18,02:22,329,,,1,67.5,70.8,on,47,15,34,13
2017-12-18,02:22,331,,,0,15.6,70.0,on,43,14,36,13,,,,
2017-12-18,02:22,329,,,1,67.5,70.8,on,47,15,34,13
2017-12-18,02:22,331,,,0,15.6,70.0,on,43,14,36,13,,,,
2017-12-18,02:22,329,,,1,67.5,70.8,on,47,15,34,13
2017-12-18,02:22,331,,,0,15.6,70.0,on,43,14,36,13,,,,
2017-12-18,02:23,329,,,1,67.5,70.8,on,47,15,34,13
2017-12-18,02:23,331,,,0,15.6,70.0,on,43,14,36,13,,,,
2017-12-18,02:23,329,,,1,67.5,70.8,on,47,15,34,13
2017-12-18,02:23,331,,,0,15.6,70.0,on,43,14,36,13,,,,
2017-12-18,02:23,329,,,1,67.5,70.8,on,47,15,34,13
2017-12-18,02:23,331,,,0,15.6,70.0,on,43,14,36,13,,,,
2017-12-18,02:24,329,,,1,67.5,70.8,on,47,15,34,13
2017-12-18,02:24,331,,,0,15.6,70.0,on,43,14,36,13,,,,
2017-12-18,02:24,329,,,1,67.5,70.8,on,47,15,34,13
2017-12-18,02:24,331,,,0,15.6,70.0,on,43,14,36,13,,,,
2017-12-18,02:24,329,,,1,67.5,70.8,on,47,15,34,13
2017-12-18,02:24,331,,,0,15.6,70.0,on,43,14,36,13,,,,
2017-12-18,02:25,329,,,1,67.5,70.8,on,47,15,34,13
2017-12-18,02:25,331,,,0,15.6,70.0,on,43,14,36,13,,,,
2017-12-18,02:25,329,,,1,67.5,70.8,on,47,15,34,13
2017-12-18,02:25,331,,,0,15.6,70.0,on,43,14,36,13,,,,
2017-12-18,02:25,329,,,1,67.5,70.8,on,47,15,34,13
2017-12-18,02:25,331,,,0,15.6,70.0,on,43,14,36,13,,,,
2017-12-18,02:26,329,,,1,67.5,70.8,on,47,15,34,13
2017-12-18,02:26,331,,,0,15.6,70.0,on,43,14,36,13,,,,
2017-12-18,02:26,329,,,1,67.5,70.8,on,47,15,34,13
2017-12-18,02:26,331,,,0,15.6,70.0,on,43,14,36,13,,,,
2017-12-18,02:26,329,,,1,67.5,70.8,on,47,15,34,13
2017-12-18,02:26,331,,,0,15.6,70.0,on,43,14,36,13,,,,
2017-12-18,02:26,329,,,1,67.5,70.8,on,47,15,34,13
2017-12-18,02:27,331,,,0,15.6,70.0,on,43,14,36,13,,,,
2017-12-18,02:27,329,,,1,67.5,70.8,on,47,15,34,13
2017-12-18,02:27,331,,,0,15.6,70.0,on,43,14,36,13,,,,
2017-12-18,02:27,329,,,1,67.5,70.8,on,47,15,34,13
2017-12-18,02:27,331,,,0,15.6,70.0,on,43,14,36,13,,,,
2017-12-18,02:27,329,,,1,67.5,70.8,on,47,15,34,13
2017-12-18,02:28,331,,,0,15.6,70.0,on,43,14,36,13,,,,
2017-12-18,02:28,329,,,1,67.5,70.8,on,47,15,34,13
2017-12-18,02:28,331,,,0,15.6,70.0,on,43,14,36,13,,,,
2017-12-18,02:28,329,,,1,67.5,70.8,on,47,15,34,13
2017-12-18,02:28,331,,,0,15.6,70.0,on,43,14,36,13,,,,
2017-12-18,02:28,329,,,1,67.5,70.8,on,47,15,34,13
2017-12-18,02:29,331,,,0,15.6,70.0,on,43,14,36,13,,,,
2017-12-18,02:29,329,,,1,67.5,70.8,on,47,15,34,13
2017-12-18,02:29,331,,,0,15.6,70.0,on,43,14,36,13,,,,
2017-12-18,02:29,329,,,1,67.5,70.8,on,47,15,34,13
2017-12-18,02:29,331,,,0,15.6,70.0,on,43,14,36,13,,,,
2017-12-18,02:29,329,,,1,67.5,70.8,on,47,15,34,13
2017-12-18,02:29,331,,,0,15.6,70.0,on,43,14,36,13,,,,
2017-12-18,02:30,329,,,1,67.5,70.8,on,47,15,34,13
2017-12-18,02:30,331,,,0,15.6,70.0,on,43,14,36,13,,,,
2017-12-18,02:30,329,,,1,67.5,70.8,on,47,15,34,13
2017-12-18,02:30,331,,,0,15.6,70.0,on,43,14,36,13,,,,
2017-12-18,02:30,329,,,1,67.5,70.8,on,47,15,34,13
2017-12-18,02:30,331,,,0,15.6,70.0,on,43,14,36,13,,,,
2017-12-18,02:31,329,,,1,67.5,70.8,on,47,15,34,13
2017-12-18,02:31,331,,,0,15.6,70.0,on,43,14,36,13,,,,
2017-12-18,02:31,329,,,1,67.5,70.8,on,47,15,34,13
2017-12-18,02:31,331,,,0,15.6,70.0,on,43,14,36,13,,,,
2017-12-18,02:31,329,,,1,67.5,70.8,on,47,15,34,13
2017-12-18,02:31,331,,,0,15.6,70.0,on,43,14,36,13,,,,
2017-12-18,02:32,329,,,1,67.5,70.8,on,47,15,34,13
2017-12-18,02:32,331,,,0,15.6,70.0,on,43,14,36,13,,,,
2017-12-18,02:32,329,,,1,67.5,70.8,on,47,15,34,13
2017-12-18,02:32,331,,,0,15.6,70.0,on,43,14,36,13,,,,
2017-12-18,02:32,329,,,1,67.5,70.8,on,47,15,34,13
2017-12-18,02:32,331,,,0,15.6,70.0,on,43,14,36,13,,,,
2017-12-18,02:33,329,,,1,67.5,70.8,on,47,15,34,13
2017-12-18,02:33,331,,,0,15.6,70.0,on,43,14,36,13,,,,
2017-12-18,02:33,329,,,1,67.5,70.8,on,47,15,34,13
2017-12-18,02:33,331,,,0,15.6,70.0,on,43,14,36,13,,,,
2017-12-18,02:33,329,,,1,67.5,70.8,on,47,15,34,13
2017-12-18,02:33,331,,,0,15.6,70.0,on,43,14,36,13,,,,
2017-12-18,02:34,329,,,1,67.5,70.8,on,47,15,34,13
2017-12-18,02:34,331,,,0,15.6,70.0,on,43,14,36,13,,,,
2017-12-18,02:34,329,,,1,67.5,70.8,on,47,15,34,13
2017-12-18,02:34,331,,,0,15.6,70.0,on,43,14,36,13,,,,
2017-12-18,02:34,329,,,1,67.5,70.8,on,47,15,34,13
2017-12-18,02:34,331,,,0,15.6,70.0,on,43,14,36,13,,,,
2017-12-18,02:35,329,,,1,67.5,70.8,on,47,15,34,13
2017-12-18,02:35,331,,,0,15.6,70.0,on,43,14,36,13,,,,
2017-12-18,02:35,329,,,1,67.5,70.8,on,47,15,34,13
2017-12-18,02:35,331,,,0,15.6,70.0,on,43,14,36,13,,,,
2017-12-18,02:35,329,,,1,67.5,70.8,on,47,15,34,13
2017-12-18,02:35,331,,,0,15.6,70.0,on,43,14,36,13,,,,
2017-12-18,02:36,329,,,1,67.5,70.8,on,47,15,34,13
2017-12-18,02:36,331,,,0,15.6,70.0,on,43,14,36,13,,,,
2017-12-18,02:36,329,,,1,67.5,70.8,on,47,15,34,13
2017-12-18,02:36,331,,,0,15.6,70.0,on,43,14,36,13,,,,
2017-12-18,02:36,329,,,1,67.5,70.8,on,47,15,34,13
2017-12-18,02:36,331,,,0,15.6,70.0,on,43,14,36,13,,,,
2017-12-18,02:37,329,,,1,67.5,70.8,on,47,15,34,13
2017-12-18,02:37,331,,,0,15.6,70.0,on,43,14,36,13,,,,
2017-12-18,02:37,329,,,1,67.5,70.8,on,47,15,34,13
2017-12-18,02:37,331,,,0,15.6,70.0,on,43,14,36,13,,,,
2017-12-18,02:37,329,,,1,67.5,70.8,on,47,15,34,13
2017-12-18,02:37,331,,,0,15.6,70.0,on,43,14,36,13,,,,
2017-12-18,02:38,329,,,1,67.5,70.8,on,47,15,34,13
2017-12-18,02:38,331,,,0,15.6,70.0,on,43,14,36,13,,,,
2017-12-18,02:38,329,,,1,67.5,70.8,on,47,15,34,13
2017-12-18,02:38,331,,,0,15.6,70.0,on,43,14,36,13,,,,
2017-12-18,02:38,329,,,1,67.5,70.8,on,47,15,34,13
2017-12-18,02:38,331,,,0,15.6,70.0,on,43,14,36,13,,,,
2017-12-18,02:39,329,,,1,67.5,70.8,on,47,15,34,13
2017-12-18,02:39,331,,,0,15.6,70.0,on,43,14,36,13,,,,
2017-12-18,02:39,329,,,1,67.5,70.8,on,47,15,34,13
2017-12-18,02:39,331,,,0,15.6,70.0,on,43,14,36,13,,,,
2017-12-18,02:39,329,,,1,67.5,70.8,on,47,15,34,13
2017-12-18,02:39,331,,,0,15.6,70.0,on,43,14,36,13,,,,
2017-12-18,02:40,329,,,1,67.5,70.8,on,47,15,34,13
2017-12-18,02:40,331,,,0,15.6,70.0,on,43,14,36,13,,,,
2017-12-18,02:40,329,,,1,67.5,70.8,on,47,15,34,13
2017-12-18,02:40,331,,,0,15.6,70.0,on,43,14,36,13,,,,
2017-12-18,02:40,329,,,1,67.5,70.8,on,47,15,34,13
2017-12-18,02:40,331,,,0,15.6,70.0,on,43,14,36,13,,,,
2017-12-18,02:40,329,,,1,67.5,70.8,on,47,15,34,13
2017-12-18,02:41,331,,,0,15.6,70.0,on,43,14,36,13,,,,
2017-12-18,02:41,329,,,1,67.5,70.8,on,47,15,34,13
2017-12-18,02:41,331,,,0,15.6,70.0,on,43,14,36,13,,,,
2017-12-18,02:41,329,,,1,67.5,70.8,on,47,15,34,13
2017-12-18,02:41,331,,,0,15.6,70.0,on,43,14,36,13,,,,
2017-12-18,02:41,329,,,1,67.5,70.8,on,47,15,34,13
2017-12-18,02:42,331,,,0,15.6,70.0,on,43,14,36,13,,,,
2017-12-18,02:42,329,,,1,67.5,70.8,on,47,15,34,13
2017-12-18,02:42,331,,,0,15.6,70.0,on,43,14,36,13,,,,
2017-12-18,02:42,329,,,1,67.5,70.8,on,47,15,34,13
2017-12-18,02:42,331,,,0,15.6,70.0,on,43,14,36,13,,,,
2017-12-18,02:42,329,,,1,67.5,70.8,on,47,15,34,13
2017-12-18,02:43,331,,,0,15.6,70.0,on,43,14,36,13,,,,
2017-12-18,02:43,329,,,1,67.5,70.8,on,47,15,34,13
2017-12-18,02:43,331,,,0,15.6,70.0,on,43,14,36,13,,,,
2017-12-18,02:43,329,,,1,67.5,70.8,on,47,15,34,13
2017-12-18,02:43,331,,,0,15.6,70.0,on,43,14,36,13,,,,
2017-12-18,02:43,329,,,1,67.5,70.8,on,47,15,34,13
2017-12-18,02:43,331,,,0,15.6,70.0,on,43,14,36,13,,,,
2017-12-18,02:44,329,,,1,67.5,70.8,on,47,15,34,13
2017-12-18,02:44,331,,,0,15.6,70.0,on,43,14,36,13,,,,
2017-12-18,02:44,329,,,1,67.5,70.8,on,47,15,34,13
2017-12-18,02:44,331,,,0,15.6,70.0,on,43,14,36,13,,,,
2017-12-18,02:44,329,,,1,67.5,70.8,on,47,15,34,13
2017-12-18,02:44,331,,,0,15.6,70.0,on,43,14,36,13,,,,
2017-12-18,02:45,329,,,1,67.5,70.8,on,47,15,34,13
2017-12-18,02:45,331,,,0,15.6,70.0,on,43,14,36,13,,,,
2017-12-18,02:45,329,,,1,67.5,70.8,on,47,15,34,13
2017-12-18,02:45,331,,,0,15.6,70.0,on,43,14,36,13,,,,
2017-12-18,02:45,329,,,1,67.5,70.8,on,47,15,34,13
2017-12-18,02:45,331,,,0,15.6,70.0,on,43,14,36,13,,,,
2017-12-18,02:46,329,,,1,67.5,70.8,on,47,15,34,13
2017-12-18,02:46,331,,,0,15.6,70.0,on,43,14,36,13,,,,
2017-12-18,02:46,329,,,1,67.5,70.8,on,47,15,34,13
2017-12-18,02:46,331,,,0,15.6,70.0,on,43,14,36,13,,,,
2017-12-18,02:46,329,,,1,67.5,70.8,on,47,15,34,13
2017-12-18,02:46,331,,,0,15.6,70.0,on,43,14,36,13,,,,
2017-12-18,02:47,329,,,1,67.5,70.8,on,47,15,34,13
2017-12-18,02:47,331,,,0,15.6,70.0,on,43,14,36,13,,,,
2017-12-18,02:47,329,,,1,67.5,70.8,on,47,15,34,13
2017-12-18,02:47,331,,,0,15.6,70.0,on,43,14,36,13,,,,
2017-12-18,02:47,329,,,1,67.5,70.8,on,47,15,34,13
2017-12-18,02:47,331,,,0,15.6,70.0,on,43,14,36,13,,,,
2017-12-18,02:48,329,,,1,67.5,70.8,on,47,15,34,13
2017-12-18,02:48,331,,,0,15.6,70.0,on,43,14,36,13,,,,
2017-12-18,02:48,329,,,1,67.5,70.8,on,47,15,34,13
2017-12-18,02:48,331,,,0,15.6,70.0,on,43,14,36,13,,,,
2017-12-18,02:48,329,,,1,67.5,70.8,on,47,15,34,13
2017-12-18,02:48,331,,,0,15.6,70.0,on,43,14,36,13,,,,
2017-12-18,02:49,329,,,1,67.5,70.8,on,47,15,34,13
2017-12-18,02:49,331,,,0,15.6,70.0,on,43,14,36,13,,,,
2017-12-18,02:49,329,,,1,67.5,70.8,on,47,15,34,13
2017-12-18,02:49,331,,,0,15.6,70.0,on,43,14,36,13,,,,
2017-12-18,02:49,329,,,1,67.5,70.8,on,47,15,34,13
2017-12-18,02:49,331,,,0,15.6,70.0,on,43,14,36,13,,,,
2017-12-18,02:50,329,,,1,67.5,70.8,on,47,15,34,13
2017-12-18,02:50,331,,,0,15.6,70.0,on,43,14,36,13,,,,
2017-12-18,02:50,329,,,1,67.5,70.8,on,47,15,34,13
2017-12-18,02:50,331,,,0,15.6,70.0,on,43,14,36,13,,,,
2017-12-18,02:50,329,,,1,67.5,70.8,on,47,15,34,13
2017-12-18,02:50,331,,,0,15.6,70.0,on,43,14,36,13,,,,
2017-12-18,02:51,329,,,1,67.5,70.8,on,47,15,34,13
2017-12-18,02:51,331,,,0,15.6,70.0,on,43,14,36,13,,,,
2017-12-18,02:51,329,,,1,67.5,70.8,on,47,15,34,13
2017-12-18,02:51,331,,,0,15.6,70.0,on,43,14,36,13,,,,
2017-12-18,02:51,329,,,1,67.5,70.8,on,47,15,34,13
2017-12-18,02:51,331,,,0,15.6,70.0,on,43,14,36,13,,,,
2017-12-18,02:52,329,,,1,67.5,70.8,on,47,15,34,13
2017-12-18,02:52,331,,,0,15.6,70.0,on,43,14,36,13,,,,
2017-12-18,02:52,329,,,1,67.5,70.8,on,47,15,34,13
2017-12-18,02:52,331,,,0,15.6,70.0,on,43,14,36,13,,,,
2017-12-18,02:52,329,,,1,67.5,70.8,on,47,15,34,13
2017-12-18,02:52,331,,,0,15.6,70.0,on,43,14,36,13,,,,
2017-12-18,02:53,329,,,1,67.5,70.8,on,47,15,34,13
2017-12-18,02:53,331,,,0,15.6,70.0,on,43,14,36,13,,,,
2017-12-18,02:53,329,,,1,67.5,70.8,on,47,15,34,13
2017-12-18,02:53,331,,,0,15.6,70.0,on,43,14,36,13,,,,
2017-12-18,02:53,329,,,1,67.5,70.8,on,47,15,34,13
2017-12-18,02:53,331,,,0,15.6,70.0,on,43,14,36,13,,,,
2017-12-18,02:54,329,,,1,67.5,70.8,on,47,15,34,13
2017-12-18,02:54,331,,,0,15.6,70.0,on,43,14,36,13,,,,
2017-12-18,02:54,329,,,1,67.5,70.8,on,47,15,34,13
2017-12-18,02:54,331,,,0,15.6,70.0,on,43,14,36,13,,,,
2017-12-18,02:54,329,,,1,67.5,70.8,on,47,15,34,13
2017-12-18,02:54,331,,,0,15.6,70.0,on,43,14,36,13,,,,
2017-12-18,02:54,329,,,1,67.5,70.8,on,47,15,34,13
2017-12-18,02:55,331,,,0,15.6,70.0,on,43,14,36,13,,,,
2017-12-18,02:55,329,,,1,67.5,70.8,on,47,15,34,13
2017-12-18,02:55,331,,,0,15.6,70.0,on,43,14,36,13,,,,
2017-12-18,02:55,329,,,1,67.5,70.8,on,47,15,34,13
2017-12-18,02:55,331,,,0,15.6,70.0,on,43,14,36,13,,,,
2017-12-18,02:55,329,,,1,67.5,70.8,on,47,15,34,13
2017-12-18,02:56,331,,,0,15.6,70.0,on,43,14,36,13,,,,
2017-12-18,02:56,329,,,1,67.5,70.8,on,47,15,34,13
2017-12-18,02:56,331,,,0,15.6,70.0,on,43,14,36,13,,,,
2017-12-18,02:56,329,,,1,67.5,70.8,on,47,15,34,13
2017-12-18,02:56,331,,,0,15.6,70.0,on,43,14,36,13,,,,
2017-12-18,02:56,329,,,1,67.5,70.8,on,47,15,34,13
2017-12-18,02:57,331,,,0,15.6,70.0,on,43,14,36,13,,,,
2017-12-18,02:57,329,,,1,67.5,70.8,on,47,15,34,13
2017-12-18,02:57,331,,,0,15.6,70.0,on,43,14,36,13,,,,
2017-12-18,02:57,329,,,1,67.5,70.8,on,47,15,34,13
2017-12-18,02:57,331,,,0,15.6,70.0,on,43,14,36,13,,,,
2017-12-18,02:57,329,,,1,67.5,70.8,on,47,15,34,13
2017-12-18,02:57,331,,,0,15.6,70.0,on,43,14,36,13,,,,
2017-12-18,02:58,329,,,1,67.5,70.8,on,47,15,34,13
2017-12-18,02:58,331,,,0,15.6,70.0,on,43,14,36,13,,,,
2017-12-18,02:58,329,,,1,67.5,70.8,on,47,15,34,13
2017-12-18,02:58,331,,,0,15.6,70.0,on,43,14,36,13,,,,
2017-12-18,02:58,329,,,1,67.5,70.8,on,47,15,34,13
2017-12-18,02:58,331,,,0,15.6,70.0,on,43,14,36,13,,,,
2017-12-18,02:59,329,,,1,67.5,70.8,on,47,15,34,13
2017-12-18,02:59,331,,,0,15.6,70.0,on,43,14,36,13,,,,
2017-12-18,02:59,329,,,1,67.5,70.8,on,47,15,34,13
2017-12-18,02:59,331,,,0,15.6,70.0,on,43,14,36,13,,,,
2017-12-18,02:59,329,,,1,67.5,70.8,on,47,15,34,13
2017-12-18,02:59,331,,,0,15.6,70.0,on,43,14,36,13,,,,
2017-12-18,03:00,329,,,1,67.5,70.8,on,47,15,34,13
2017-12-18,03:00,331,,,0,15.6,70.0,on,43,14,36,13,,,,
2017-12-18,03:00,329,,,1,67.5,70.8,on,47,15,34,13
2017-12-18,03:00,331,,,0,15.6,70.0,on,43,14,36,13,,,,
2017-12-18,03:00,329,,,1,67.5,70.8,on,47,15,34,13
2017-12-18,03:00,331,,,0,15.6,70.0,on,43,14,36,13,,,,
2017-12-18,03:01,329,,,1,67.5,70.8,on,47,15,34,13
2017-12-18,03:01,331,,,0,15.6,70.0,on,43,14,36,13,,,,
2017-12-18,03:01,329,,,1,67.5,70.8,on,47,15,34,13
2017-12-18,03:01,331,,,0,15.6,70.0,on,43,14,36,13,,,,
2017-12-18,03:01,329,,,1,67.5,70.8,on,47,15,34,13
2017-12-18,03:01,331,,,0,15.6,70.0,on,43,14,36,13,,,,
2017-12-18,03:02,329,,,1,67.5,70.8,on,47,15,34,13
2017-12-18,03:02,331,,,0,15.6,70.0,on,43,14,36,13,,,,
2017-12-18,03:02,329,,,1,67.5,70.8,on,47,15,34,13
2017-12-18,03:02,331,,,0,15.6,70.0,on,43,14,36,13,,,,
2017-12-18,03:02,329,,,1,67.5,70.8,on,47,15,34,13
2017-12-18,03:02,331,,,0,15.6,70.0,on,43,14,36,13,,,,
2017-12-18,03:03,329,,,1,67.5,70.8,on,47,15,34,13
2017-12-18,03:03,331,,,0,15.6,70.0,on,43,14,36,13,,,,
2017-12-18,03:03,329,,,1,67.5,70.8,on,47,15,34,13
2017-12-18,03:03,331,,,0,15.6,70.0,on,43,14,36,13,,,,
2017-12-18,03:03,329,,,1,67.5,70.8,on,47,15,34,13
2017-12-18,03:03,331,,,0,15.6,70.0,on,43,14,36,13,,,,
2017-12-18,03:04,329,,,1,67.5,70.8,on,47,15,34,13
2017-12-18,03:04,331,,,0,15.6,70.0,on,43,14,36,13,,,,
2017-12-18,03:04,329,,,1,67.5,70.8,on,47,15,34,13
2017-12-18,03:04,331,,,0,15.6,70.0,on,43,14,36,13,,,,
2017-12-18,03:04,329,,,1,67.5,70.8,on,47,15,34,13
2017-12-18,03:04,331,,,0,15.6,70.0,on,43,14,36,13,,,,
2017-12-18,03:05,329,,,1,67.5,70.8,on,47,15,34,13
2017-12-18,03:05,331,,,0,15.6,70.0,on,43,14,36,13,,,,
2017-12-18,03:05,329,,,1,67.5,70.8,on,47,15,34,13
2017-12-18,03:05,331,,,0,15.6,70.0,on,43,14,36,13,,,,
2017-12-18,03:05,329,,,1,67.5,70.8,on,47,15,34,13
2017-12-18,03:05,331,,,0,15.6,70.0,on,43,14,36,13,,,,
2017-12-18,03:06,329,,,1,67.5,70.8,on,47,15,34,13
2017-12-18,03:06,331,,,0,15.6,70.0,on,43,14,36,13,,,,
2017-12-18,03:06,329,,,1,67.5,70.8,on,47,15,34,13
2017-12-18,03:06,331,,,0,15.6,70.0,on,43,14,36,13,,,,
2017-12-18,03:06,329,,,1,67.5,70.8,on,47,15,34,13
2017-12-18,03:06,331,,,0,15.6,70.0,on,43,14,36,13,,,,
2017-12-18,03:07,329,,,1,67.5,70.8,on,47,15,34,13
2017-12-18,03:07,331,,,0,15.6,70.0,on,43,14,36,13,,,,
2017-12-18,03:07,329,,,1,67.5,70.8,on,47,15,34,13
2017-12-18,03:07,331,,,0,15.6,70.0,on,43,14,36,13,,,,
2017-12-18,03:07,329,,,1,67.5,70.8,on,47,15,34,13
2017-12-18,03:07,331,,,0,15.6,70.0,on,43,14,36,13,,,,
2017-12-18,03:08,329,,,1,67.5,70.8,on,47,15,34,13
2017-12-18,03:08,331,,,0,15.6,70.0,on,43,14,36,13,,,,
2017-12-18,03:08,329,,,1,67.5,70.8,on,47,15,34,13
2017-12-18,03:08,331,,,0,15.6,70.0,on,43,14,36,13,,,,
2017-12-18,03:08,329,,,1,67.5,70.8,on,47,15,34,13
2017-12-18,03:08,331,,,0,15.6,70.0,on,43,14,36,13,,,,
2017-12-18,03:08,329,,,1,67.5,70.8,on,47,15,34,13
2017-12-18,03:09,331,,,0,15.6,70.0,on,43,14,36,13,,,,
2017-12-18,03:09,329,,,1,67.5,70.8,on,47,15,34,13
2017-12-18,03:09,331,,,0,15.6,70.0,on,43,14,36,13,,,,
2017-12-18,03:09,329,,,1,67.5,70.8,on,47,15,34,13
2017-12-18,03:09,331,,,0,15.6,70.0,on,43,14,36,13,,,,
2017-12-18,03:09,329,,,1,67.5,70.8,on,47,15,34,13
2017-12-18,03:10,331,,,0,15.6,70.0,on,43,14,36,13,,,,
2017-12-18,03:10,329,,,1,67.5,70.8,on,47,15,34,13
2017-12-18,03:10,331,,,0,15.6,70.0,on,43,14,36,13,,,,
2017-12-18,03:10,329,,,1,67.5,70.8,on,47,15,34,13
2017-12-18,03:10,331,,,0,15.6,70.0,on,43,14,36,13,,,,
2017-12-18,03:10,329,,,1,67.5,70.8,on,47,15,34,13
2017-12-18,03:11,331,,,0,15.6,70.0,on,43,14,36,13,,,,
2017-12-18,03:11,329,,,1,67.5,70.8,on,47,15,34,13
2017-12-18,03:11,331,,,0,15.6,70.0,on,43,14,36,13,,,,
2017-12-18,03:11,329,,,1,67.5,70.8,on,47,15,34,13
2017-12-18,03:11,331,,,0,15.6,70.0,on,43,14,36,13,,,,
2017-12-18,03:11,329,,,1,67.5,70.8,on,47,15,34,13
2017-12-18,03:11,331,,,0,15.6,70.0,on,43,14,36,13,,,,
2017-12-18,03:12,329,,,1,67.5,70.8,on,47,15,34,13
2017-12-18,03:12,331,,,0,15.6,70.0,on,43,14,36,13,,,,
2017-12-18,03:12,329,,,1,67.5,70.8,on,47,15,34,13
2017-12-18,03:12,331,,,0,15.6,70.0,on,43,14,36,13,,,,
2017-12-18,03:12,329,,,1,67.5,70.8,on,47,15,34,13
2017-12-18,03:12,331,,,0,15.6,70.0,on,43,14,36,13,,,,
2017-12-18,03:13,329,,,1,67.5,70.8,on,47,15,34,13
2017-12-18,03:13,331,,,0,15.6,70.0,on,43,14,36,13,,,,
2017-12-18,03:13,329,,,1,67.5,70.8,on,47,15,34,13
2017-12-18,03:13,331,,,0,15.6,70.0,on,43,14,36,13,,,,
2017-12-18,03:13,329,,,1,67.5,70.8,on,47,15,34,13
2017-12-18,03:13,331,,,0,15.6,70.0,on,43,14,36,13,,,,
2017-12-18,03:14,329,,,1,67.5,70.8,on,47,15,34,13
2017-12-18,03:14,331,,,0,15.6,70.0,on,43,14,36,13,,,,
2017-12-18,03:14,329,,,1,67.5,70.8,on,47,15,34,13
2017-12-18,03:14,331,,,0,15.6,70.0,on,43,14,36,13,,,,
2017-12-18,03:14,329,,,1,67.5,70.8,on,47,15,34,13
2017-12-18,03:14,331,,,0,15.6,70.0,on,43,14,36,13,,,,
2017-12-18,03:15,329,,,1,67.5,70.8,on,47,15,34,13
2017-12-18,03:15,331,,,0,15.6,70.0,on,43,14,36,13,,,,
2017-12-18,03:15,329,,,1,67.5,70.8,on,47,15,34,13
2017-12-18,03:15,331,,,0,15.6,70.0,on,43,14,36,13,,,,
2017-12-18,03:15,329,,,1,67.5,70.8,on,47,15,34,13
2017-12-18,03:15,331,,,0,15.6,70.0,on,43,14,36,13,,,,
2017-12-18,03:16,329,,,1,67.5,70.8,on,47,15,34,13
2017-12-18,03:16,331,,,0,15.6,70.0,on,43,14,36,13,,,,
2017-12-18,03:16,329,,,1,67.5,70.8,on,47,15,34,13
2017-12-18,03:16,331,,,0,15.6,70.0,on,43,14,36,13,,,,
2017-12-18,03:16,329,,,1,67.5,70.8,on,47,15,34,13
2017-12-18,03:16,331,,,0,15.6,70.0,on,43,14,36,13,,,,
2017-12-18,03:17,329,,,1,67.5,70.8,on,47,15,34,13
2017-12-18,03:17,331,,,0,15.6,70.0,on,43,14,36,13,,,,
2017-12-18,03:17,329,,,1,67.5,70.8,on,47,15,34,13
2017-12-18,03:17,331,,,0,15.6,70.0,on,43,14,36,13,,,,
2017-12-18,03:17,329,,,1,67.5,70.8,on,47,15,34,13
2017-12-18,03:17,331,,,0,15.6,70.0,on,43,14,36,13,,,,
2017-12-18,03:18,329,,,1,67.5,70.8,on,47,15,34,13
2017-12-18,03:18,331,,,0,15.6,70.0,on,43,14,36,13,,,,
2017-12-18,03:18,329,,,1,67.5,70.8,on,47,15,34,13
2017-12-18,03:18,331,,,0,15.6,70.0,on,43,14,36,13,,,,
2017-12-18,03:18,329,,,1,67.5,70.8,on,47,15,34,13
2017-12-18,03:18,331,,,0,15.6,70.0,on,43,14,36,13,,,,
2017-12-18,03:19,329,,,1,67.5,70.8,on,47,15,34,13
2017-12-18,03:19,331,,,0,15.6,70.0,on,43,14,36,13,,,,
2017-12-18,03:19,329,,,1,67.5,70.8,on,47,15,34,13
2017-12-18,03:19,331,,,0,15.6,70.0,on,43,14,36,13,,,,
2017-12-18,03:19,329,,,1,67.5,70.8,on,47,15,34,13
2017-12-18,03:19,331,,,0,15.6,70.0,on,43,14,36,13,,,,
2017-12-18,03:20,329,,,1,67.5,70.8,on,47,15,34,13
2017-12-18,03:20,331,,,0,15.6,70.0,on,43,14,36,13,,,,
2017-12-18,03:20,329,,,1,67.5,70.8,on,47,15,34,13
2017-12-18,03:20,331,,,0,15.6,70.0,on,43,14,36,13,,,,
2017-12-18,03:20,329,,,1,67.5,70.8,on,47,15,34,13
2017-12-18,03:20,331,,,0,15.6,70.0,on,43,14,36,13,,,,
2017-12-18,03:21,329,,,1,67.5,70.8,on,47,15,34,13
2017-12-18,03:21,331,,,0,15.6,70.0,on,43,14,36,13,,,,
2017-12-18,03:21,329,,,1,67.5,70.8,on,47,15,34,13
2017-12-18,03:21,331,,,0,15.6,70.0,on,43,14,36,13,,,,
2017-12-18,03:21,329,,,1,67.5,70.8,on,47,15,34,13
2017-12-18,03:21,331,,,0,15.6,70.0,on,43,14,36,13,,,,
2017-12-18,03:22,329,,,1,67.5,70.8,on,47,15,34,13
2017-12-18,03:22,331,,,0,15.6,70.0,on,43,14,36,13,,,,
2017-12-18,03:22,329,,,1,67.5,70.8,on,47,15,34,13
2017-12-18,03:22,331,,,0,15.6,70.0,on,43,14,36,13,,,,
2017-12-18,03:22,329,,,1,67.5,70.8,on,47,15,34,13
2017-12-18,03:22,331,,,0,15.6,70.0,on,43,14,36,13,,,,
2017-12-18,03:22,329,,,1,67.5,70.8,on,47,15,34,13
2017-12-18,03:23,331,,,0,15.6,70.0,on,43,14,36,13,,,,
2017-12-18,03:23,329,,,1,67.5,70.8,on,47,15,34,13
2017-12-18,03:23,331,,,0,15.6,70.0,on,43,14,36,13,,,,
2017-12-18,03:23,329,,,1,67.5,70.8,on,47,15,34,13
2017-12-18,03:23,331,,,0,15.6,70.0,on,43,14,36,13,,,,
2017-12-18,03:23,329,,,1,67.5,70.8,on,47,15,34,13
2017-12-18,03:24,331,,,0,15.6,70.0,on,43,14,36,13,,,,
2017-12-18,03:24,329,,,1,67.5,70.8,on,47,15,34,13
2017-12-18,03:24,331,,,0,15.6,70.0,on,43,14,36,13,,,,
2017-12-18,03:24,329,,,1,67.5,70.8,on,47,15,34,13
2017-12-18,03:24,331,,,0,15.6,70.0,on,43,14,36,13,,,,
2017-12-18,03:24,329,,,1,67.5,70.8,on,47,15,34,13
2017-12-18,03:25,331,,,0,15.6,70.0,on,43,14,36,13,,,,
2017-12-18,03:25,329,,,1,67.5,70.8,on,47,15,34,13
2017-12-18,03:25,331,,,0,15.6,70.0,on,43,14,36,13,,,,
2017-12-18,03:25,329,,,1,67.5,70.8,on,47,15,34,13
2017-12-18,03:25,331,,,0,15.6,70.0,on,43,14,36,13,,,,
2017-12-18,03:25,329,,,1,67.5,70.8,on,47,15,34,13
2017-12-18,03:26,331,,,0,15.6,70.0,on,43,14,36,13,,,,
2017-12-18,03:26,329,,,1,67.5,70.8,on,47,15,34,13
2017-12-18,03:26,331,,,0,15.6,70.0,on,43,14,36,13,,,,
2017-12-18,03:26,329,,,1,67.5,70.8,on,47,15,34,13
2017-12-18,03:26,331,,,0,15.6,70.0,on,43,14,36,13,,,,
2017-12-18,03:26,329,,,1,67.5,70.8,on,47,15,34,13
2017-12-18,03:26,331,,,0,15.6,70.0,on,43,14,36,13,,,,
2017-12-18,03:27,329,,,1,67.5,70.8,on,47,15,34,13
2017-12-18,03:27,331,,,0,15.6,70.0,on,43,14,36,13,,,,
2017-12-18,03:27,329,,,1,67.5,70.8,on,47,15,34,13
2017-12-18,03:27,331,,,0,15.6,70.0,on,43,14,36,13,,,,
2017-12-18,03:27,329,,,1,67.5,70.8,on,47,15,34,13
2017-12-18,03:27,331,,,0,15.6,70.0,on,43,14,36,13,,,,
2017-12-18,03:28,329,,,1,67.5,70.8,on,47,15,34,13
2017-12-18,03:28,331,,,0,15.6,70.0,on,43,14,36,13,,,,
2017-12-18,03:28,329,,,1,67.5,70.8,on,47,15,34,13
2017-12-18,03:28,331,,,0,15.6,70.0,on,43,14,36,13,,,,
2017-12-18,03:28,329,,,1,67.5,70.8,on,47,15,34,13
2017-12-18,03:28,331,,,0,15.6,70.0,on,43,14,36,13,,,,
2017-12-18,03:29,329,,,1,67.5,70.8,on,47,15,34,13
2017-12-18,03:29,331,,,0,15.6,70.0,on,43,14,36,13,,,,
2017-12-18,03:29,329,,,1,67.5,70.8,on,47,15,34,13
2017-12-18,03:29,331,,,0,15.6,70.0,on,43,14,36,13,,,,
2017-12-18,03:29,329,,,1,67.5,70.8,on,47,15,34,13
2017-12-18,03:29,331,,,0,15.6,70.0,on,43,14,36,13,,,,
2017-12-18,03:30,329,,,1,67.5,70.8,on,47,15,34,13
2017-12-18,03:30,331,,,0,15.6,70.0,on,43,14,36,13,,,,
2017-12-18,03:30,329,,,1,67.5,70.8,on,47,15,34,13
2017-12-18,03:30,331,,,0,15.6,70.0,on,43,14,36,13,,,,
2017-12-18,03:30,329,,,1,67.5,70.8,on,47,15,34,13
2017-12-18,03:30,331,,,0,15.6,70.0,on,43,14,36,13,,,,
2017-12-18,03:31,329,,,1,67.5,70.8,on,47,15,34,13
2017-12-18,03:31,331,,,0,15.6,70.0,on,43,14,36,13,,,,
2017-12-18,03:31,329,,,1,67.5,70.8,on,47,15,34,13
2017-12-18,03:31,331,,,0,15.6,70.0,on,43,14,36,13,,,,
2017-12-18,03:31,329,,,1,67.5,70.8,on,47,15,34,13
2017-12-18,03:31,331,,,0,15.6,70.0,on,43,14,36,13,,,,
2017-12-18,03:32,329,,,1,67.5,70.8,on,47,15,34,13
2017-12-18,03:32,331,,,0,15.6,70.0,on,43,14,36,13,,,,
2017-12-18,03:32,329,,,1,67.5,70.8,on,47,15,34,13
2017-12-18,03:32,331,,,0,15.6,70.0,on,43,14,36,13,,,,
2017-12-18,03:32,329,,,1,67.5,70.8,on,47,15,34,13
2017-12-18,03:32,331,,,0,15.6,70.0,on,43,14,36,13,,,,
2017-12-18,03:33,329,,,1,67.5,70.8,on,47,15,34,13
2017-12-18,03:33,331,,,0,15.6,70.0,on,43,14,36,13,,,,
2017-12-18,03:33,329,,,1,67.5,70.8,on,47,15,34,13
2017-12-18,03:33,331,,,0,15.6,70.0,on,43,14,36,13,,,,
2017-12-18,03:33,329,,,1,67.5,70.8,on,47,15,34,13
2017-12-18,03:33,331,,,0,15.6,70.0,on,43,14,36,13,,,,
2017-12-18,03:34,329,,,1,67.5,70.8,on,47,15,34,13
2017-12-18,03:34,331,,,0,15.6,70.0,on,43,14,36,13,,,,
2017-12-18,03:34,329,,,1,67.5,70.8,on,47,15,34,13
2017-12-18,03:34,331,,,0,15.6,70.0,on,43,14,36,13,,,,
2017-12-18,03:34,329,,,1,67.5,70.8,on,47,15,34,13
2017-12-18,03:34,331,,,0,15.6,70.0,on,43,14,36,13,,,,
2017-12-18,03:35,329,,,1,67.5,70.8,on,47,15,34,13
2017-12-18,03:35,331,,,0,15.6,70.0,on,43,14,36,13,,,,
2017-12-18,03:35,329,,,1,67.5,70.8,on,47,15,34,13
2017-12-18,03:35,331,,,0,15.6,70.0,on,43,14,36,13,,,,
2017-12-18,03:35,329,,,1,67.5,70.8,on,47,15,34,13
2017-12-18,03:35,331,,,0,15.6,70.0,on,43,14,36,13,,,,
2017-12-18,03:36,329,,,1,67.5,70.8,on,47,15,34,13
2017-12-18,03:36,331,,,0,15.6,70.0,on,43,14,36,13,,,,
2017-12-18,03:36,329,,,1,67.5,70.8,on,47,15,34,13
2017-12-18,03:36,331,,,0,15.6,70.0,on,43,14,36,13,,,,
2017-12-18,03:36,329,,,1,67.5,70.8,on,47,15,34,13
2017-12-18,03:36,331,,,0,15.6,70.0,on,43,14,36,13,,,,
2017-12-18,03:36,329,,,1,67.5,70.8,on,47,15,34,13
2017-12-18,03:37,331,,,0,15.6,70.0,on,43,14,36,13,,,,
2017-12-18,03:37,329,,,1,67.5,70.8,on,47,15,34,13
2017-12-18,03:37,331,,,0,15.6,70.0,on,43,14,36,13,,,,
2017-12-18,03:37,329,,,1,67.5,70.8,on,47,15,34,13
2017-12-18,03:37,331,,,0,15.6,70.0,on,43,14,36,13,,,,
2017-12-18,03:37,329,,,1,67.5,70.8,on,47,15,34,13
2017-12-18,03:38,331,,,0,15.6,70.0,on,43,14,36,13,,,,
2017-12-18,03:38,329,,,1,67.5,70.8,on,47,15,34,13
2017-12-18,03:38,331,,,0,15.6,70.0,on,43,14,36,13,,,,
2017-12-18,03:38,329,,,1,67.5,70.8,on,47,15,34,13
2017-12-18,03:38,331,,,0,15.6,70.0,on,43,14,36,13,,,,
2017-12-18,03:38,329,,,1,67.5,70.8,on,47,15,34,13
2017-12-18,03:39,331,,,0,15.6,70.0,on,43,14,36,13,,,,
2017-12-18,03:39,329,,,1,67.5,70.8,on,47,15,34,13
2017-12-18,03:39,331,,,0,15.6,70.0,on,43,14,36,13,,,,
2017-12-18,03:39,329,,,1,67.5,70.8,on,47,15,34,13
2017-12-18,03:39,331,,,0,15.6,70.0,on,43,14,36,13,,,,
2017-12-18,03:39,329,,,1,67.5,70.8,on,47,15,34,13
2017-12-18,03:40,331,,,0,15.6,70.0,on,43,14,36,13,,,,
2017-12-18,03:40,329,,,1,67.5,70.8,on,47,15,34,13
2017-12-18,03:40,331,,,0,15.6,70.0,on,43,14,36,13,,,,
2017-12-18,03:40,329,,,1,67.5,70.8,on,47,15,34,13
2017-12-18,03:40,331,,,0,15.6,70.0,on,43,14,36,13,,,,
2017-12-18,03:40,329,,,1,67.5,70.8,on,47,15,34,13
2017-12-18,03:40,331,,,0,15.6,70.0,on,43,14,36,13,,,,
2017-12-18,03:41,329,,,1,67.5,70.8,on,47,15,34,13
2017-12-18,03:41,331,,,0,15.6,70.0,on,43,14,36,13,,,,
2017-12-18,03:41,329,,,1,67.5,70.8,on,47,15,34,13
2017-12-18,03:41,331,,,0,15.6,70.0,on,43,14,36,13,,,,
2017-12-18,03:41,329,,,1,67.5,70.8,on,47,15,34,13
2017-12-18,03:41,331,,,0,15.6,70.0,on,43,14,36,13,,,,
2017-12-18,03:42,329,,,1,67.5,70.8,on,47,15,34,13
2017-12-18,03:42,331,,,0,15.6,70.0,on,43,14,36,13,,,,
2017-12-18,03:42,329,,,1,67.5,70.8,on,47,15,34,13
2017-12-18,03:42,331,,,0,15.6,70.0,on,43,14,36,13,,,,
2017-12-18,03:42,329,,,1,67.5,70.8,on,47,15,34,13
2017-12-18,03:42,331,,,0,15.6,70.0,on,43,14,36,13,,,,
2017-12-18,03:43,329,,,1,67.5,70.8,on,47,15,34,13
2017-12-18,03:43,331,,,0,15.6,70.0,on,43,14,36,13,,,,
2017-12-18,03:43,329,,,1,67.5,70.8,on,47,15,34,13
2017-12-18,03:43,331,,,0,15.6,70.0,on,43,14,36,13,,,,
2017-12-18,03:43,329,,,1,67.5,70.8,on,47,15,34,13
2017-12-18,03:43,331,,,0,15.6,70.0,on,43,14,36,13,,,,
2017-12-18,03:44,329,,,1,67.5,70.8,on,47,15,34,13
2017-12-18,03:44,331,,,0,15.6,70.0,on,43,14,36,13,,,,
2017-12-18,03:44,329,,,1,67.5,70.8,on,47,15,34,13
2017-12-18,03:44,331,,,0,15.6,70.0,on,43,14,36,13,,,,
2017-12-18,03:44,329,,,1,67.5,70.8,on,47,15,34,13
2017-12-18,03:44,331,,,0,15.6,70.0,on,43,14,36,13,,,,
2017-12-18,03:45,329,,,1,67.5,70.8,on,47,15,34,13
2017-12-18,03:45,331,,,0,15.6,70.0,on,43,14,36,13,,,,
2017-12-18,03:45,329,,,1,67.5,70.8,on,47,15,34,13
2017-12-18,03:45,331,,,0,15.6,70.0,on,43,14,36,13,,,,
2017-12-18,03:45,329,,,1,67.5,70.8,on,47,15,34,13
2017-12-18,03:45,331,,,0,15.6,70.0,on,43,14,36,13,,,,
2017-12-18,03:46,329,,,1,67.5,70.8,on,47,15,34,13
2017-12-18,03:46,331,,,0,15.6,70.0,on,43,14,36,13,,,,
2017-12-18,03:46,329,,,1,67.5,70.8,on,47,15,34,13
2017-12-18,03:46,331,,,0,15.6,70.0,on,43,14,36,13,,,,
2017-12-18,03:46,329,,,1,67.5,70.8,on,47,15,34,13
2017-12-18,03:46,331,,,0,15.6,70.0,on,43,14,36,13,,,,
2017-12-18,03:47,329,,,1,67.5,70.8,on,47,15,34,13
2017-12-18,03:47,331,,,0,15.6,70.0,on,43,14,36,13,,,,
2017-12-18,03:47,329,,,1,67.5,70.8,on,47,15,34,13
2017-12-18,03:47,331,,,0,15.6,70.0,on,43,14,36,13,,,,
2017-12-18,03:47,329,,,1,67.5,70.8,on,47,15,34,13
2017-12-18,03:47,331,,,0,15.6,70.0,on,43,14,36,13,,,,
2017-12-18,03:48,329,,,1,67.5,70.8,on,47,15,34,13
2017-12-18,03:48,331,,,0,15.6,70.0,on,43,14,36,13,,,,
2017-12-18,03:48,329,,,1,67.5,70.8,on,47,15,34,13
2017-12-18,03:48,331,,,0,15.6,70.0,on,43,14,36,13,,,,
2017-12-18,03:48,329,,,1,67.5,70.8,on,47,15,34,13
2017-12-18,03:48,331,,,0,15.6,70.0,on,43,14,36,13,,,,
2017-12-18,03:49,329,,,1,67.5,70.8,on,47,15,34,13
2017-12-18,03:49,331,,,0,15.6,70.0,on,43,14,36,13,,,,
2017-12-18,03:49,329,,,1,67.5,70.8,on,47,15,34,13
2017-12-18,03:49,331,,,0,15.6,70.0,on,43,14,36,13,,,,
2017-12-18,03:49,329,,,1,67.5,70.8,on,47,15,34,13
2017-12-18,03:49,331,,,0,15.6,70.0,on,43,14,36,13,,,,
2017-12-18,03:50,329,,,1,67.5,70.8,on,47,15,34,13
2017-12-18,03:50,331,,,0,15.6,70.0,on,43,14,36,13,,,,
2017-12-18,03:50,329,,,1,67.5,70.8,on,47,15,34,13
2017-12-18,03:50,331,,,0,15.6,70.0,on,43,14,36,13,,,,
2017-12-18,03:50,329,,,1,67.5,70.8,on,47,15,34,13
2017-12-18,03:50,331,,,0,15.6,70.0,on,43,14,36,13,,,,
2017-12-18,03:50,329,,,1,67.5,70.8,on,47,15,34,13
2017-12-18,03:51,331,,,0,15.6,70.0,on,43,14,36,13,,,,
2017-12-18,03:51,329,,,1,67.5,70.8,on,47,15,34,13
2017-12-18,03:51,331,,,0,15.6,70.0,on,43,14,36,13,,,,
2017-12-18,03:51,329,,,1,67.5,70.8,on,47,15,34,13
2017-12-18,03:51,331,,,0,15.6,70.0,on,43,14,36,13,,,,
2017-12-18,03:51,329,,,1,67.5,70.8,on,47,15,34,13
2017-12-18,03:52,331,,,0,15.6,70.0,on,43,14,36,13,,,,
2017-12-18,03:52,329,,,1,67.5,70.8,on,47,15,34,13
2017-12-18,03:52,331,,,0,15.6,70.0,on,43,14,36,13,,,,
2017-12-18,03:52,329,,,1,67.5,70.8,on,47,15,34,13
2017-12-18,03:52,331,,,0,15.6,70.0,on,43,14,36,13,,,,
2017-12-18,03:52,329,,,1,67.5,70.8,on,47,15,34,13
2017-12-18,03:53,331,,,0,15.6,70.0,on,43,14,36,13,,,,
2017-12-18,03:53,329,,,1,67.5,70.8,on,47,15,34,13
2017-12-18,03:53,331,,,0,15.6,70.0,on,43,14,36,13,,,,
2017-12-18,03:53,329,,,1,67.5,70.8,on,47,15,34,13
2017-12-18,03:53,331,,,0,15.6,70.0,on,43,14,36,13,,,,
2017-12-18,03:53,329,,,1,67.5,70.8,on,47,15,34,13
2017-12-18,03:54,331,,,0,15.6,70.0,on,43,14,36,13,,,,
2017-12-18,03:54,329,,,1,67.5,70.8,on,47,15,34,13
2017-12-18,03:54,331,,,0,15.6,70.0,on,43,14,36,13,,,,
2017-12-18,03:54,329,,,1,67.5,70.8,on,47,15,34,13
2017-12-18,03:54,331,,,0,15.6,70.0,on,43,14,36,13,,,,
2017-12-18,03:54,329,,,1,67.5,70.8,on,47,15,34,13
2017-12-18,03:54,331,,,0,15.6,70.0,on,43,14,36,13,,,,
2017-12-18,03:55,329,,,1,67.5,70.8,on,47,15,34,13
2017-12-18,03:55,331,,,0,15.6,70.0,on,43,14,36,13,,,,
2017-12-18,03:55,329,,,1,67.5,70.8,on,47,15,34,13
2017-12-18,03:55,331,,,0,15.6,70.0,on,43,14,36,13,,,,
2017-12-18,03:55,329,,,1,67.5,70.8,on,47,15,34,13
2017-12-18,03:55,331,,,0,15.6,70.0,on,43,14,36,13,,,,
2017-12-18,03:56,329,,,1,67.5,70.8,on,47,15,34,13
2017-12-18,03:56,331,,,0,15.6,70.0,on,43,14,36,13,,,,
2017-12-18,03:56,329,,,1,67.5,70.8,on,47,15,34,13
2017-12-18,03:56,331,,,0,15.6,70.0,on,43,14,36,13,,,,
2017-12-18,03:56,329,,,1,67.5,70.8,on,47,15,34,13
2017-12-18,03:56,331,,,0,15.6,70.0,on,43,14,36,13,,,,
2017-12-18,03:57,329,,,1,67.5,70.8,on,47,15,34,13
2017-12-18,03:57,331,,,0,15.6,70.0,on,43,14,36,13,,,,
2017-12-18,03:57,329,,,1,67.5,70.8,on,47,15,34,13
2017-12-18,03:57,331,,,0,15.6,70.0,on,43,14,36,13,,,,
2017-12-18,03:57,329,,,1,67.5,70.8,on,47,15,34,13
2017-12-18,03:57,331,,,0,15.6,70.0,on,43,14,36,13,,,,
2017-12-18,03:58,329,,,1,67.5,70.8,on,47,15,34,13
2017-12-18,03:58,331,,,0,15.6,70.0,on,43,14,36,13,,,,
2017-12-18,03:58,329,,,1,67.5,70.8,on,47,15,34,13
2017-12-18,03:58,331,,,0,15.6,70.0,on,43,14,36,13,,,,
2017-12-18,03:58,329,,,1,67.5,70.8,on,47,15,34,13
2017-12-18,03:58,331,,,0,15.6,70.0,on,43,14,36,13,,,,
2017-12-18,03:59,329,,,1,67.5,70.8,on,47,15,34,13
2017-12-18,03:59,331,,,0,15.6,70.0,on,43,14,36,13,,,,
2017-12-18,03:59,329,,,1,67.5,70.8,on,47,15,34,13
2017-12-18,03:59,331,,,0,15.6,70.0,on,43,14,36,13,,,,
2017-12-18,03:59,329,,,1,67.5,70.8,on,47,15,34,13
2017-12-18,03:59,331,,,0,15.6,70.0,on,43,14,36,13,,,,
2017-12-18,04:00,329,,,1,67.5,70.8,on,47,15,34,13
2017-12-18,04:00,331,,,0,15.6,70.0,on,43,14,36,13,,,,
2017-12-18,04:00,329,,,1,67.5,70.8,on,47,15,34,13
2017-12-18,04:00,331,,,0,15.6,70.0,on,43,14,36,13,,,,
2017-12-18,04:00,329,,,1,67.5,70.8,on,47,15,34,13
2017-12-18,04:00,331,,,0,15.6,70.0,on,43,14,36,13,,,,
2017-12-18,04:01,329,,,1,67.5,70.8,on,47,15,34,13
2017-12-18,04:01,331,,,0,15.6,70.0,on,43,14,36,13,,,,
2017-12-18,04:01,329,,,1,67.5,70.8,on,47,15,34,13
2017-12-18,04:01,331,,,0,15.6,70.0,on,43,14,36,13,,,,
2017-12-18,04:01,329,,,1,67.5,70.8,on,47,15,34,13
2017-12-18,04:01,331,,,0,15.6,70.0,on,43,14,36,13,,,,
2017-12-18,04:02,329,,,1,67.5,70.8,on,47,15,34,13
2017-12-18,04:02,331,,,0,15.6,70.0,on,43,14,36,13,,,,
2017-12-18,04:02,329,,,1,67.5,70.8,on,47,15,34,13
2017-12-18,04:02,331,,,0,15.6,70.0,on,43,14,36,13,,,,
2017-12-18,04:02,329,,,1,67.5,70.8,on,47,15,34,13
2017-12-18,04:02,331,,,0,15.6,70.0,on,43,14,36,13,,,,
2017-12-18,04:03,329,,,1,67.5,70.8,on,47,15,34,13
2017-12-18,04:03,331,,,0,15.6,70.0,on,43,14,36,13,,,,
2017-12-18,04:03,329,,,1,67.5,70.8,on,47,15,34,13
2017-12-18,04:03,331,,,0,15.6,70.0,on,43,14,36,13,,,,
2017-12-18,04:03,329,,,1,67.5,70.8,on,47,15,34,13
2017-12-18,04:03,331,,,0,15.6,70.0,on,43,14,36,13,,,,
2017-12-18,04:04,329,,,1,67.5,70.8,on,47,15,34,13
2017-12-18,04:04,331,,,0,15.6,70.0,on,43,14,36,13,,,,
2017-12-18,04:04,329,,,1,67.5,70.8,on,47,15,34,13
2017-12-18,04:04,331,,,0,15.6,70.0,on,43,14,36,13,,,,
2017-12-18,04:04,329,,,1,67.5,70.8,on,47,15,34,13
2017-12-18,04:04,331,,,0,15.6,70.0,on,43,14,36,13,,,,
2017-12-18,04:04,329,,,1,67.5,70.8,on,47,15,34,13
2017-12-18,04:05,331,,,0,15.6,70.0,on,43,14,36,13,,,,
2017-12-18,04:05,329,,,1,67.5,70.8,on,47,15,34,13
2017-12-18,04:05,331,,,0,15.6,70.0,on,43,14,36,13,,,,
2017-12-18,04:05,329,,,1,67.5,70.8,on,47,15,34,13
2017-12-18,04:05,331,,,0,15.6,70.0,on,43,14,36,13,,,,
2017-12-18,04:05,329,,,1,67.5,70.8,on,47,15,34,13
2017-12-18,04:06,331,,,0,15.6,70.0,on,43,14,36,13,,,,
2017-12-18,04:06,329,,,1,67.5,70.8,on,47,15,34,13
2017-12-18,04:06,331,,,0,15.6,70.0,on,43,14,36,13,,,,
2017-12-18,04:06,329,,,1,67.5,70.8,on,47,15,34,13
2017-12-18,04:06,331,,,0,15.6,70.0,on,43,14,36,13,,,,
2017-12-18,04:06,329,,,1,67.5,70.8,on,47,15,34,13
2017-12-18,04:07,331,,,0,15.6,70.0,on,43,14,36,13,,,,
2017-12-18,04:07,329,,,1,67.5,70.8,on,47,15,34,13
2017-12-18,04:07,331,,,0,15.6,70.0,on,43,14,36,13,,,,
2017-12-18,04:07,329,,,1,67.5,70.8,on,47,15,34,13
2017-12-18,04:07,331,,,0,15.6,70.0,on,43,14,36,13,,,,
2017-12-18,04:07,329,,,1,67.5,70.8,on,47,15,34,13
2017-12-18,04:08,331,,,0,15.6,70.0,on,43,14,36,13,,,,
2017-12-18,04:08,329,,,1,67.5,70.8,on,47,15,34,13
2017-12-18,04:08,331,,,0,15.6,70.0,on,43,14,36,13,,,,
2017-12-18,04:08,329,,,1,67.5,70.8,on,47,15,34,13
2017-12-18,04:08,331,,,0,15.6,70.0,on,43,14,36,13,,,,
2017-12-18,04:08,329,,,1,67.5,70.8,on,47,15,34,13
2017-12-18,04:08,331,,,0,15.6,70.0,on,43,14,36,13,,,,
2017-12-18,04:09,329,,,1,67.5,70.8,on,47,15,34,13
2017-12-18,04:09,331,,,0,15.6,70.0,on,43,14,36,13,,,,
2017-12-18,04:09,329,,,1,67.5,70.8,on,47,15,34,13
2017-12-18,04:09,331,,,0,15.6,70.0,on,43,14,36,13,,,,
2017-12-18,04:09,329,,,1,67.5,70.8,on,47,15,34,13
2017-12-18,04:09,331,,,0,15.6,70.0,on,43,14,36,13,,,,
2017-12-18,04:10,329,,,1,67.5,70.8,on,47,15,34,13
2017-12-18,04:10,331,,,0,15.6,70.0,on,43,14,36,13,,,,
2017-12-18,04:10,329,,,1,67.5,70.8,on,47,15,34,13
2017-12-18,04:10,331,,,0,15.6,70.0,on,43,14,36,13,,,,
2017-12-18,04:10,329,,,1,67.5,70.8,on,47,15,34,13
2017-12-18,04:10,331,,,0,15.6,70.0,on,43,14,36,13,,,,
2017-12-18,04:11,329,,,1,67.5,70.8,on,47,15,34,13
2017-12-18,04:11,331,,,0,15.6,70.0,on,43,14,36,13,,,,
2017-12-18,04:11,329,,,1,67.5,70.8,on,47,15,34,13
2017-12-18,04:11,331,,,0,15.6,70.0,on,43,14,36,13,,,,
2017-12-18,04:11,329,,,1,67.5,70.8,on,47,15,34,13
2017-12-18,04:11,331,,,0,15.6,70.0,on,43,14,36,13,,,,
2017-12-18,04:12,329,,,1,67.5,70.8,on,47,15,34,13
2017-12-18,04:12,331,,,0,15.6,70.0,on,43,14,36,13,,,,
2017-12-18,04:12,329,,,1,67.5,70.8,on,47,15,34,13
2017-12-18,04:12,331,,,0,15.6,70.0,on,43,14,36,13,,,,
2017-12-18,04:12,329,,,1,67.5,70.8,on,47,15,34,13
2017-12-18,04:12,331,,,0,15.6,70.0,on,43,14,36,13,,,,
2017-12-18,04:13,329,,,1,67.5,70.8,on,47,15,34,13
2017-12-18,04:13,331,,,0,15.6,70.0,on,43,14,36,13,,,,
2017-12-18,04:13,329,,,1,67.5,70.8,on,47,15,34,13
2017-12-18,04:13,331,,,0,15.6,70.0,on,43,14,36,13,,,,
2017-12-18,04:13,329,,,1,67.5,70.8,on,47,15,34,13
2017-12-18,04:13,331,,,0,15.6,70.0,on,43,14,36,13,,,,
2017-12-18,04:14,329,,,1,67.5,70.8,on,47,15,34,13
2017-12-18,04:14,331,,,0,15.6,70.0,on,43,14,36,13,,,,
2017-12-18,04:14,329,,,1,67.5,70.8,on,47,15,34,13
2017-12-18,04:14,331,,,0,15.6,70.0,on,43,14,36,13,,,,
2017-12-18,04:14,329,,,1,67.5,70.8,on,47,15,34,13
2017-12-18,04:14,331,,,0,15.6,70.0,on,43,14,36,13,,,,
2017-12-18,04:15,329,,,1,67.5,70.8,on,47,15,34,13
2017-12-18,04:15,331,,,0,15.6,70.0,on,43,14,36,13,,,,
2017-12-18,04:15,329,,,1,67.5,70.8,on,47,15,34,13
2017-12-18,04:15,331,,,0,15.6,70.0,on,43,14,36,13,,,,
2017-12-18,04:15,329,,,1,67.5,70.8,on,47,15,34,13
2017-12-18,04:15,331,,,0,15.6,70.0,on,43,14,36,13,,,,
2017-12-18,04:16,329,,,1,67.5,70.8,on,47,15,34,13
2017-12-18,04:16,331,,,0,15.6,70.0,on,43,14,36,13,,,,
2017-12-18,04:16,329,,,1,67.5,70.8,on,47,15,34,13
2017-12-18,04:16,331,,,0,15.6,70.0,on,43,14,36,13,,,,
2017-12-18,04:16,329,,,1,67.5,70.8,on,47,15,34,13
2017-12-18,04:16,331,,,0,15.6,70.0,on,43,14,36,13,,,,
2017-12-18,04:17,329,,,1,67.5,70.8,on,47,15,34,13
2017-12-18,04:17,331,,,0,15.6,70.0,on,43,14,36,13,,,,
2017-12-18,04:17,329,,,1,67.5,70.8,on,47,15,34,13
2017-12-18,04:17,331,,,0,15.6,70.0,on,43,14,36,13,,,,
2017-12-18,04:17,329,,,1,67.5,70.8,on,47,15,34,13
2017-12-18,04:17,331,,,0,15.6,70.0,on,43,14,36,13,,,,
2017-12-18,04:18,329,,,1,67.5,70.8,on,47,15,34,13
2017-12-18,04:18,331,,,0,15.6,70.0,on,43,14,36,13,,,,
2017-12-18,04:18,329,,,1,67.5,70.8,on,47,15,34,13
2017-12-18,04:18,331,,,0,15.6,70.0,on,43,14,36,13,,,,
2017-12-18,04:18,329,,,1,67.5,70.8,on,47,15,34,13
2017-12-18,04:18,331,,,0,15.6,70.0,on,43,14,36,13,,,,
2017-12-18,04:19,329,,,1,67.5,70.8,on,47,15,34,13
2017-12-18,04:19,331,,,0,15.6,70.0,on,43,14,36,13,,,,
2017-12-18,04:19,329,,,1,67.5,70.8,on,47,15,34,13
2017-12-18,04:19,331,,,0,15.6,70.0,on,43,14,36,13,,,,
2017-12-18,04:19,329,,,1,67.5,70.8,on,47,15,34,13
2017-12-18,04:19,331,,,0,15.6,70.0,on,43,14,36,13,,,,
2017-12-18,04:19,329,,,1,67.5,70.8,on,47,15,34,13
2017-12-18,04:20,331,,,0,15.6,70.0,on,43,14,36,13,,,,
2017-12-18,04:20,329,,,1,67.5,70.8,on,47,15,34,13
2017-12-18,04:20,331,,,0,15.6,70.0,on,43,14,36,13,,,,
2017-12-18,04:20,329,,,1,67.5,70.8,on,47,15,34,13
2017-12-18,04:20,331,,,0,15.6,70.0,on,43,14,36,13,,,,
2017-12-18,04:20,329,,,1,67.5,70.8,on,47,15,34,13
2017-12-18,04:21,331,,,0,15.6,70.0,on,43,14,36,13,,,,
2017-12-18,04:21,329,,,1,67.5,70.8,on,47,15,34,13
2017-12-18,04:21,331,,,0,15.6,70.0,on,43,14,36,13,,,,
2017-12-18,04:21,329,,,1,67.5,70.8,on,47,15,34,13
2017-12-18,04:21,331,,,0,15.6,70.0,on,43,14,36,13,,,,
2017-12-18,04:21,329,,,1,67.5,70.8,on,47,15,34,13
2017-12-18,04:22,331,,,0,15.6,70.0,on,43,14,36,13,,,,
2017-12-18,04:22,329,,,1,67.5,70.8,on,47,15,34,13
2017-12-18,04:22,331,,,0,15.6,70.0,on,43,14,36,13,,,,
2017-12-18,04:22,329,,,1,67.5,70.8,on,47,15,34,13
2017-12-18,04:22,331,,,0,15.6,70.0,on,43,14,36,13,,,,
2017-12-18,04:22,329,,,1,67.5,70.8,on,47,15,34,13
2017-12-18,04:22,331,,,0,15.6,70.0,on,43,14,36,13,,,,
2017-12-18,04:23,329,,,1,67.5,70.8,on,47,15,34,13
2017-12-18,04:23,331,,,0,15.6,70.0,on,43,14,36,13,,,,
2017-12-18,04:23,329,,,1,67.5,70.8,on,47,15,34,13
2017-12-18,04:23,331,,,0,15.6,70.0,on,43,14,36,13,,,,
2017-12-18,04:23,329,,,1,67.5,70.8,on,47,15,34,13
2017-12-18,04:23,331,,,0,15.6,70.0,on,43,14,36,13,,,,
2017-12-18,04:24,329,,,1,67.5,70.8,on,47,15,34,13
2017-12-18,04:24,331,,,0,15.6,70.0,on,43,14,36,13,,,,
2017-12-18,04:24,329,,,1,67.5,70.8,on,47,15,34,13
2017-12-18,04:24,331,,,0,15.6,70.0,on,43,14,36,13,,,,
2017-12-18,04:24,329,,,1,67.5,70.8,on,47,15,34,13
2017-12-18,04:24,331,,,0,15.6,70.0,on,43,14,36,13,,,,
2017-12-18,04:25,329,,,1,67.5,70.8,on,47,15,34,13
2017-12-18,04:25,331,,,0,15.6,70.0,on,43,14,36,13,,,,
2017-12-18,04:25,329,,,1,67.5,70.8,on,47,15,34,13
2017-12-18,04:25,331,,,0,15.6,70.0,on,43,14,36,13,,,,
2017-12-18,04:25,329,,,1,67.5,70.8,on,47,15,34,13
2017-12-18,04:25,331,,,0,15.6,70.0,on,43,14,36,13,,,,
2017-12-18,04:26,329,,,1,67.5,70.8,on,47,15,34,13
2017-12-18,04:26,331,,,0,15.6,70.0,on,43,14,36,13,,,,
2017-12-18,04:26,329,,,1,67.5,70.8,on,47,15,34,13
2017-12-18,04:26,331,,,0,15.6,70.0,on,43,14,36,13,,,,
2017-12-18,04:26,329,,,1,67.5,70.8,on,47,15,34,13
2017-12-18,04:26,331,,,0,15.6,70.0,on,43,14,36,13,,,,
2017-12-18,04:27,329,,,1,67.5,70.8,on,47,15,34,13
2017-12-18,04:27,331,,,0,15.6,70.0,on,43,14,36,13,,,,
2017-12-18,04:27,329,,,1,67.5,70.8,on,47,15,34,13
2017-12-18,04:27,331,,,0,15.6,70.0,on,43,14,36,13,,,,
2017-12-18,04:27,329,,,1,67.5,70.8,on,47,15,34,13
2017-12-18,04:27,331,,,0,15.6,70.0,on,43,14,36,13,,,,
2017-12-18,04:28,329,,,1,67.5,70.8,on,47,15,34,13
2017-12-18,04:28,331,,,0,15.6,70.0,on,43,14,36,13,,,,
2017-12-18,04:28,329,,,1,67.5,70.8,on,47,15,34,13
2017-12-18,04:28,331,,,0,15.6,70.0,on,43,14,36,13,,,,
2017-12-18,04:28,329,,,1,67.5,70.8,on,47,15,34,13
2017-12-18,04:28,331,,,0,15.6,70.0,on,43,14,36,13,,,,
2017-12-18,04:29,329,,,1,67.5,70.8,on,47,15,34,13
2017-12-18,04:29,331,,,0,15.6,70.0,on,43,14,36,13,,,,
2017-12-18,04:29,329,,,1,67.5,70.8,on,47,15,34,13
2017-12-18,04:29,331,,,0,15.6,70.0,on,43,14,36,13,,,,
2017-12-18,04:29,329,,,1,67.5,70.8,on,47,15,34,13
2017-12-18,04:29,331,,,0,15.6,70.0,on,43,14,36,13,,,,
2017-12-18,04:30,329,,,1,67.5,70.8,on,47,15,34,13
2017-12-18,04:30,331,,,0,15.6,70.0,on,43,14,36,13,,,,
2017-12-18,04:30,329,,,1,67.5,70.8,on,47,15,34,13
2017-12-18,04:30,331,,,0,15.6,70.0,on,43,14,36,13,,,,
2017-12-18,04:30,329,,,1,67.5,70.8,on,47,15,34,13
2017-12-18,04:30,331,,,0,15.6,70.0,on,43,14,36,13,,,,
2017-12-18,04:31,329,,,1,67.5,70.8,on,47,15,34,13
2017-12-18,04:31,331,,,0,15.6,70.0,on,43,14,36,13,,,,
2017-12-18,04:31,329,,,1,67.5,70.8,on,47,15,34,13
2017-12-18,04:31,331,,,0,15.6,70.0,on,43,14,36,13,,,,
2017-12-18,04:31,329,,,1,67.5,70.8,on,47,15,34,13
2017-12-18,04:31,331,,,0,15.6,70.0,on,43,14,36,13,,,,
2017-12-18,04:32,329,,,1,67.5,70.8,on,47,15,34,13
2017-12-18,04:32,331,,,0,15.6,70.0,on,43,14,36,13,,,,
2017-12-18,04:32,329,,,1,67.5,70.8,on,47,15,34,13
2017-12-18,04:32,331,,,0,15.6,70.0,on,43,14,36,13,,,,
2017-12-18,04:32,329,,,1,67.5,70.8,on,47,15,34,13
2017-12-18,04:32,331,,,0,15.6,70.0,on,43,14,36,13,,,,
2017-12-18,04:33,329,,,1,67.5,70.8,on,47,15,34,13
2017-12-18,04:33,331,,,0,15.6,70.0,on,43,14,36,13,,,,
2017-12-18,04:33,329,,,1,67.5,70.8,on,47,15,34,13
2017-12-18,04:33,331,,,0,15.6,70.0,on,43,14,36,13,,,,
2017-12-18,04:33,329,,,1,67.5,70.8,on,47,15,34,13
2017-12-18,04:33,331,,,0,15.6,70.0,on,43,14,36,13,,,,
2017-12-18,04:33,329,,,1,67.5,70.8,on,47,15,34,13
2017-12-18,04:34,331,,,0,15.6,70.0,on,43,14,36,13,,,,
2017-12-18,04:34,329,,,1,67.5,70.8,on,47,15,34,13
2017-12-18,04:34,331,,,0,15.6,70.0,on,43,14,36,13,,,,
2017-12-18,04:34,329,,,1,67.5,70.8,on,47,15,34,13
2017-12-18,04:34,331,,,0,15.6,70.0,on,43,14,36,13,,,,
2017-12-18,04:34,329,,,1,67.5,70.8,on,47,15,34,13
2017-12-18,04:35,331,,,0,15.6,70.0,on,43,14,36,13,,,,
2017-12-18,04:35,329,,,1,67.5,70.8,on,47,15,34,13
2017-12-18,04:35,331,,,0,15.6,70.0,on,43,14,36,13,,,,
2017-12-18,04:35,329,,,1,67.5,70.8,on,47,15,34,13
2017-12-18,04:35,331,,,0,15.6,70.0,on,43,14,36,13,,,,
2017-12-18,04:35,329,,,1,67.5,70.8,on,47,15,34,13
2017-12-18,04:36,331,,,0,15.6,70.0,on,43,14,36,13,,,,
2017-12-18,04:36,329,,,1,67.5,70.8,on,47,15,34,13
2017-12-18,04:36,331,,,0,15.6,70.0,on,43,14,36,13,,,,
2017-12-18,04:36,329,,,1,67.5,70.8,on,47,15,34,13
2017-12-18,04:36,331,,,0,15.6,70.0,on,43,14,36,13,,,,
2017-12-18,04:36,329,,,1,67.5,70.8,on,47,15,34,13
2017-12-18,04:36,331,,,0,15.6,70.0,on,43,14,36,13,,,,
2017-12-18,04:37,329,,,1,67.5,70.8,on,47,15,34,13
2017-12-18,04:37,331,,,0,15.6,70.0,on,43,14,36,13,,,,
2017-12-18,04:37,329,,,1,67.5,70.8,on,47,15,34,13
2017-12-18,04:37,331,,,0,15.6,70.0,on,43,14,36,13,,,,
2017-12-18,04:37,329,,,1,67.5,70.8,on,47,15,34,13
2017-12-18,04:37,331,,,0,15.6,70.0,on,43,14,36,13,,,,
2017-12-18,04:38,329,,,1,67.5,70.8,on,47,15,34,13
2017-12-18,04:38,331,,,0,15.6,70.0,on,43,14,36,13,,,,
2017-12-18,04:38,329,,,1,67.5,70.8,on,47,15,34,13
2017-12-18,04:38,331,,,0,15.6,70.0,on,43,14,36,13,,,,
2017-12-18,04:38,329,,,1,67.5,70.8,on,47,15,34,13
2017-12-18,04:38,331,,,0,15.6,70.0,on,43,14,36,13,,,,
2017-12-18,04:39,329,,,1,67.5,70.8,on,47,15,34,13
2017-12-18,04:39,331,,,0,15.6,70.0,on,43,14,36,13,,,,
2017-12-18,04:39,329,,,1,67.5,70.8,on,47,15,34,13
2017-12-18,04:39,331,,,0,15.6,70.0,on,43,14,36,13,,,,
2017-12-18,04:39,329,,,1,67.5,70.8,on,47,15,34,13
2017-12-18,04:39,331,,,0,15.6,70.0,on,43,14,36,13,,,,
2017-12-18,04:40,329,,,1,67.5,70.8,on,47,15,34,13
2017-12-18,04:40,331,,,0,15.6,70.0,on,43,14,36,13,,,,
2017-12-18,04:40,329,,,1,67.5,70.8,on,47,15,34,13
2017-12-18,04:40,331,,,0,15.6,70.0,on,43,14,36,13,,,,
2017-12-18,04:40,329,,,1,67.5,70.8,on,47,15,34,13
2017-12-18,04:40,331,,,0,15.6,70.0,on,43,14,36,13,,,,
2017-12-18,04:41,329,,,1,67.5,70.8,on,47,15,34,13
2017-12-18,04:41,331,,,0,15.6,70.0,on,43,14,36,13,,,,
2017-12-18,04:41,329,,,1,67.5,70.8,on,47,15,34,13
2017-12-18,04:41,331,,,0,15.6,70.0,on,43,14,36,13,,,,
2017-12-18,04:41,329,,,1,67.5,70.8,on,47,15,34,13
2017-12-18,04:41,331,,,0,15.6,70.0,on,43,14,36,13,,,,
2017-12-18,04:42,329,,,1,67.5,70.8,on,47,15,34,13
2017-12-18,04:42,331,,,0,15.6,70.0,on,43,14,36,13,,,,
2017-12-18,04:42,329,,,1,67.5,70.8,on,47,15,34,13
2017-12-18,04:42,331,,,0,15.6,70.0,on,43,14,36,13,,,,
2017-12-18,04:42,329,,,1,67.5,70.8,on,47,15,34,13
2017-12-18,04:42,331,,,0,15.6,70.0,on,43,14,36,13,,,,
2017-12-18,04:43,329,,,1,67.5,70.8,on,47,15,34,13
2017-12-18,04:43,331,,,0,15.6,70.0,on,43,14,36,13,,,,
2017-12-18,04:43,329,,,1,67.5,70.8,on,47,15,34,13
2017-12-18,04:43,331,,,0,15.6,70.0,on,43,14,36,13,,,,
2017-12-18,04:43,329,,,1,67.5,70.8,on,47,15,34,13
2017-12-18,04:43,331,,,0,15.6,70.0,on,43,14,36,13,,,,
2017-12-18,04:44,329,,,1,67.5,70.8,on,47,15,34,13
2017-12-18,04:44,331,,,0,15.6,70.0,on,43,14,36,13,,,,
2017-12-18,04:44,329,,,1,67.5,70.8,on,47,15,34,13
2017-12-18,04:44,331,,,0,15.6,70.0,on,43,14,36,13,,,,
2017-12-18,04:44,329,,,1,67.5,70.8,on,47,15,34,13
2017-12-18,04:44,331,,,0,15.6,70.0,on,43,14,36,13,,,,
2017-12-18,04:45,329,,,1,67.5,70.8,on,47,15,34,13
2017-12-18,04:45,331,,,0,15.6,70.0,on,43,14,36,13,,,,
2017-12-18,04:45,329,,,1,67.5,70.8,on,47,15,34,13
2017-12-18,04:45,331,,,0,15.6,70.0,on,43,14,36,13,,,,
2017-12-18,04:45,329,,,1,67.5,70.8,on,47,15,34,13
2017-12-18,04:45,331,,,0,15.6,70.0,on,43,14,36,13,,,,
2017-12-18,04:46,329,,,1,67.5,70.8,on,47,15,34,13
2017-12-18,04:46,331,,,0,15.6,70.0,on,43,14,36,13,,,,
2017-12-18,04:46,329,,,1,67.5,70.8,on,47,15,34,13
2017-12-18,04:46,331,,,0,15.6,70.0,on,43,14,36,13,,,,
2017-12-18,04:46,329,,,1,67.5,70.8,on,47,15,34,13
2017-12-18,04:46,331,,,0,15.6,70.0,on,43,14,36,13,,,,
2017-12-18,04:47,329,,,1,67.5,70.8,on,47,15,34,13
2017-12-18,04:47,331,,,0,15.6,70.0,on,43,14,36,13,,,,
2017-12-18,04:47,329,,,1,67.5,70.8,on,47,15,34,13
2017-12-18,04:47,331,,,0,15.6,70.0,on,43,14,36,13,,,,
2017-12-18,04:47,329,,,1,67.5,70.8,on,47,15,34,13
2017-12-18,04:47,331,,,0,15.6,70.0,on,43,14,36,13,,,,
2017-12-18,04:47,329,,,1,67.5,70.8,on,47,15,34,13
2017-12-18,04:48,331,,,0,15.6,70.0,on,43,14,36,13,,,,
2017-12-18,04:48,329,,,1,67.5,70.8,on,47,15,34,13
2017-12-18,04:48,331,,,0,15.6,70.0,on,43,14,36,13,,,,
2017-12-18,04:48,329,,,1,67.5,70.8,on,47,15,34,13
2017-12-18,04:48,331,,,0,15.6,70.0,on,43,14,36,13,,,,
2017-12-18,04:48,329,,,1,67.5,70.8,on,47,15,34,13
2017-12-18,04:49,331,,,0,15.6,70.0,on,43,14,36,13,,,,
2017-12-18,04:49,329,,,1,67.5,70.8,on,47,15,34,13
2017-12-18,04:49,331,,,0,15.6,70.0,on,43,14,36,13,,,,
2017-12-18,04:49,329,,,1,67.5,70.8,on,47,15,34,13
2017-12-18,04:49,331,,,0,15.6,70.0,on,43,14,36,13,,,,
2017-12-18,04:49,329,,,1,67.5,70.8,on,47,15,34,13
2017-12-18,04:50,331,,,0,15.6,70.0,on,43,14,36,13,,,,
2017-12-18,04:50,329,,,1,67.5,70.8,on,47,15,34,13
2017-12-18,04:50,331,,,0,15.6,70.0,on,43,14,36,13,,,,
2017-12-18,04:50,329,,,1,67.5,70.8,on,47,15,34,13
2017-12-18,04:50,331,,,0,15.6,70.0,on,43,14,36,13,,,,
2017-12-18,04:50,329,,,1,67.5,70.8,on,47,15,34,13
2017-12-18,04:50,331,,,0,15.6,70.0,on,43,14,36,13,,,,
2017-12-18,04:51,329,,,1,67.5,70.8,on,47,15,34,13
2017-12-18,04:51,331,,,0,15.6,70.0,on,43,14,36,13,,,,
2017-12-18,04:51,329,,,1,67.5,70.8,on,47,15,34,13
2017-12-18,04:51,331,,,0,15.6,70.0,on,43,14,36,13,,,,
2017-12-18,04:51,329,,,1,67.5,70.8,on,47,15,34,13
2017-12-18,04:51,331,,,0,15.6,70.0,on,43,14,36,13,,,,
2017-12-18,04:52,329,,,1,67.5,70.8,on,47,15,34,13
2017-12-18,04:52,331,,,0,15.6,70.0,on,43,14,36,13,,,,
2017-12-18,04:52,329,,,1,67.5,70.8,on,47,15,34,13
2017-12-18,04:52,331,,,0,15.6,70.0,on,43,14,36,13,,,,
2017-12-18,04:52,329,,,1,67.5,70.8,on,47,15,34,13
2017-12-18,04:52,331,,,0,15.6,70.0,on,43,14,36,13,,,,
2017-12-18,04:53,329,,,1,67.5,70.8,on,47,15,34,13
2017-12-18,04:53,331,,,0,15.6,70.0,on,43,14,36,13,,,,
2017-12-18,04:53,329,,,1,67.5,70.8,on,47,15,34,13
2017-12-18,04:53,331,,,0,15.6,70.0,on,43,14,36,13,,,,
2017-12-18,04:53,329,,,1,67.5,70.8,on,47,15,34,13
2017-12-18,04:53,331,,,0,15.6,70.0,on,43,14,36,13,,,,
2017-12-18,04:54,329,,,1,67.5,70.8,on,47,15,34,13
2017-12-18,04:54,331,,,0,15.6,70.0,on,43,14,36,13,,,,
2017-12-18,04:54,329,,,1,67.5,70.8,on,47,15,34,13
2017-12-18,04:54,331,,,0,15.6,70.0,on,43,14,36,13,,,,
2017-12-18,04:54,329,,,1,67.5,70.8,on,47,15,34,13
2017-12-18,04:54,331,,,0,15.6,70.0,on,43,14,36,13,,,,
2017-12-18,04:55,329,,,1,67.5,70.8,on,47,15,34,13
2017-12-18,04:55,331,,,0,15.6,70.0,on,43,14,36,13,,,,
2017-12-18,04:55,329,,,1,67.5,70.8,on,47,15,34,13
2017-12-18,04:55,331,,,0,15.6,70.0,on,43,14,36,13,,,,
2017-12-18,04:55,329,,,1,67.5,70.8,on,47,15,34,13
2017-12-18,04:55,331,,,0,15.6,70.0,on,43,14,36,13,,,,
2017-12-18,04:56,329,,,1,67.5,70.8,on,47,15,34,13
2017-12-18,04:56,331,,,0,15.6,70.0,on,43,14,36,13,,,,
2017-12-18,04:56,329,,,1,67.5,70.8,on,47,15,34,13
2017-12-18,04:56,331,,,0,15.6,70.0,on,43,14,36,13,,,,
2017-12-18,04:56,329,,,1,67.5,70.8,on,47,15,34,13
2017-12-18,04:56,331,,,0,15.6,70.0,on,43,14,36,13,,,,
2017-12-18,04:57,329,,,1,67.5,70.8,on,47,15,34,13
2017-12-18,04:57,331,,,0,15.6,70.0,on,43,14,36,13,,,,
2017-12-18,04:57,329,,,1,67.5,70.8,on,47,15,34,13
2017-12-18,04:57,331,,,0,15.6,70.0,on,43,14,36,13,,,,
2017-12-18,04:57,329,,,1,67.5,70.8,on,47,15,34,13
2017-12-18,04:57,331,,,0,15.6,70.0,on,43,14,36,13,,,,
2017-12-18,04:58,329,,,1,67.5,70.8,on,47,15,34,13
2017-12-18,04:58,331,,,0,15.6,70.0,on,43,14,36,13,,,,
2017-12-18,04:58,329,,,1,67.5,70.8,on,47,15,34,13
2017-12-18,04:58,331,,,0,15.6,70.0,on,43,14,36,13,,,,
2017-12-18,04:58,329,,,1,67.5,70.8,on,47,15,34,13
2017-12-18,04:58,331,,,0,15.6,70.0,on,43,14,36,13,,,,
2017-12-18,04:59,329,,,1,67.5,70.8,on,47,15,34,13
2017-12-18,04:59,331,,,0,15.6,70.0,on,43,14,36,13,,,,
2017-12-18,04:59,329,,,1,67.5,70.8,on,47,15,34,13
2017-12-18,04:59,331,,,0,15.6,70.0,on,43,14,36,13,,,,
2017-12-18,04:59,329,,,1,67.5,70.8,on,47,15,34,13
2017-12-18,04:59,331,,,0,15.6,70.0,on,43,14,36,13,,,,
2017-12-18,05:00,329,,,1,67.5,70.8,on,47,15,34,13
2017-12-18,05:00,331,,,0,15.6,70.0,on,43,14,36,13,,,,
2017-12-18,05:00,329,,,1,67.5,70.8,on,47,15,34,13
2017-12-18,05:00,331,,,0,15.6,70.0,on,43,14,36,13,,,,
2017-12-18,05:00,329,,,1,67.5,70.8,on,47,15,34,13
2017-12-18,05:00,331,,,0,15.6,70.0,on,43,14,36,13,,,,
2017-12-18,05:01,329,,,1,67.5,70.8,on,47,15,34,13
2017-12-18,05:01,331,,,0,15.6,70.0,on,43,14,36,13,,,,
2017-12-18,05:01,329,,,1,67.5,70.8,on,47,15,34,13
2017-12-18,05:01,331,,,0,15.6,70.0,on,43,14,36,13,,,,
2017-12-18,05:01,329,,,1,67.5,70.8,on,47,15,34,13
2017-12-18,05:01,331,,,0,15.6,70.0,on,43,14,36,13,,,,
2017-12-18,05:01,329,,,1,67.5,70.8,on,47,15,34,13
2017-12-18,05:02,331,,,0,15.6,70.0,on,43,14,36,13,,,,
2017-12-18,05:02,329,,,1,67.5,70.8,on,47,15,34,13
2017-12-18,05:02,331,,,0,15.6,70.0,on,43,14,36,13,,,,
2017-12-18,05:02,329,,,1,67.5,70.8,on,47,15,34,13
2017-12-18,05:02,331,,,0,15.6,70.0,on,43,14,36,13,,,,
2017-12-18,05:02,329,,,1,67.5,70.8,on,47,15,34,13
2017-12-18,05:03,331,,,0,15.6,70.0,on,43,14,36,13,,,,
2017-12-18,05:03,329,,,1,67.5,70.8,on,47,15,34,13
2017-12-18,05:03,331,,,0,15.6,70.0,on,43,14,36,13,,,,
2017-12-18,05:03,329,,,1,67.5,70.8,on,47,15,34,13
2017-12-18,05:03,331,,,0,15.6,70.0,on,43,14,36,13,,,,
2017-12-18,05:03,329,,,1,67.5,70.8,on,47,15,34,13
2017-12-18,05:04,331,,,0,15.6,70.0,on,43,14,36,13,,,,
2017-12-18,05:04,329,,,1,67.5,70.8,on,47,15,34,13
2017-12-18,05:04,331,,,0,15.6,70.0,on,43,14,36,13,,,,
2017-12-18,05:04,329,,,1,67.5,70.8,on,47,15,34,13
2017-12-18,05:04,331,,,0,15.6,70.0,on,43,14,36,13,,,,
2017-12-18,05:04,329,,,1,67.5,70.8,on,47,15,34,13
2017-12-18,05:04,331,,,0,15.6,70.0,on,43,14,36,13,,,,
2017-12-18,05:05,329,,,1,67.5,70.8,on,47,15,34,13
2017-12-18,05:05,331,,,0,15.6,70.0,on,43,14,36,13,,,,
2017-12-18,05:05,329,,,1,67.5,70.8,on,47,15,34,13
2017-12-18,05:05,331,,,0,15.6,70.0,on,43,14,36,13,,,,
2017-12-18,05:05,329,,,1,67.5,70.8,on,47,15,34,13
2017-12-18,05:05,331,,,0,15.6,70.0,on,43,14,36,13,,,,
2017-12-18,05:06,329,,,1,67.5,70.8,on,47,15,34,13
2017-12-18,05:06,331,,,0,15.6,70.0,on,43,14,36,13,,,,
2017-12-18,05:06,329,,,1,67.5,70.8,on,47,15,34,13
2017-12-18,05:06,331,,,0,15.6,70.0,on,43,14,36,13,,,,
2017-12-18,05:06,329,,,1,67.5,70.8,on,47,15,34,13
2017-12-18,05:06,331,,,0,15.6,70.0,on,43,14,36,13,,,,
2017-12-18,05:07,329,,,1,67.5,70.8,on,47,15,34,13
2017-12-18,05:07,331,,,0,15.6,70.0,on,43,14,36,13,,,,
2017-12-18,05:07,329,,,1,67.5,70.8,on,47,15,34,13
2017-12-18,05:07,331,,,0,15.6,70.0,on,43,14,36,13,,,,
2017-12-18,05:07,329,,,1,67.5,70.8,on,47,15,34,13
2017-12-18,05:07,331,,,0,15.6,70.0,on,43,14,36,13,,,,
2017-12-18,05:08,329,,,1,67.5,70.8,on,47,15,34,13
2017-12-18,05:08,331,,,0,15.6,70.0,on,43,14,36,13,,,,
2017-12-18,05:08,329,,,1,67.5,70.8,on,47,15,34,13
2017-12-18,05:08,331,,,0,15.6,70.0,on,43,14,36,13,,,,
2017-12-18,05:08,329,,,1,67.5,70.8,on,47,15,34,13
2017-12-18,05:08,331,,,0,15.6,70.0,on,43,14,36,13,,,,
2017-12-18,05:09,329,,,1,67.5,70.8,on,47,15,34,13
2017-12-18,05:09,331,,,0,15.6,70.0,on,43,14,36,13,,,,
2017-12-18,05:09,329,,,1,67.5,70.8,on,47,15,34,13
2017-12-18,05:09,331,,,0,15.6,70.0,on,43,14,36,13,,,,
2017-12-18,05:09,329,,,1,67.5,70.8,on,47,15,34,13
2017-12-18,05:09,331,,,0,15.6,70.0,on,43,14,36,13,,,,
2017-12-18,05:10,329,,,1,67.5,70.8,on,47,15,34,13
2017-12-18,05:10,331,,,0,15.6,70.0,on,43,14,36,13,,,,
2017-12-18,05:10,329,,,1,67.5,70.8,on,47,15,34,13
2017-12-18,05:10,331,,,0,15.6,70.0,on,43,14,36,13,,,,
2017-12-18,05:10,329,,,1,67.5,70.8,on,47,15,34,13
2017-12-18,05:10,331,,,0,15.6,70.0,on,43,14,36,13,,,,
2017-12-18,05:11,329,,,1,67.5,70.8,on,47,15,34,13
2017-12-18,05:11,331,,,0,15.6,70.0,on,43,14,36,13,,,,
2017-12-18,05:11,329,,,1,67.5,70.8,on,47,15,34,13
2017-12-18,05:11,331,,,0,15.6,70.0,on,43,14,36,13,,,,
2017-12-18,05:11,329,,,1,67.5,70.8,on,47,15,34,13
2017-12-18,05:11,331,,,0,15.6,70.0,on,43,14,36,13,,,,
2017-12-18,05:12,329,,,1,67.5,70.8,on,47,15,34,13
2017-12-18,05:12,331,,,0,15.6,70.0,on,43,14,36,13,,,,
2017-12-18,05:12,329,,,1,67.5,70.8,on,47,15,34,13
2017-12-18,05:12,331,,,0,15.6,70.0,on,43,14,36,13,,,,
2017-12-18,05:12,329,,,1,67.5,70.8,on,47,15,34,13
2017-12-18,05:12,331,,,0,15.6,70.0,on,43,14,36,13,,,,
2017-12-18,05:13,329,,,1,67.5,70.8,on,47,15,34,13
2017-12-18,05:13,331,,,0,15.6,70.0,on,43,14,36,13,,,,
2017-12-18,05:13,329,,,1,67.5,70.8,on,47,15,34,13
2017-12-18,05:13,331,,,0,15.6,70.0,on,43,14,36,13,,,,
2017-12-18,05:13,329,,,1,67.5,70.8,on,47,15,34,13
2017-12-18,05:13,331,,,0,15.6,70.0,on,43,14,36,13,,,,
2017-12-18,05:14,329,,,1,67.5,70.8,on,47,15,34,13
2017-12-18,05:14,331,,,0,15.6,70.0,on,43,14,36,13,,,,
2017-12-18,05:14,329,,,1,67.5,70.8,on,47,15,34,13
2017-12-18,05:14,331,,,0,15.6,70.0,on,43,14,36,13,,,,
2017-12-18,05:14,329,,,1,67.5,70.8,on,47,15,34,13
2017-12-18,05:14,331,,,0,15.6,70.0,on,43,14,36,13,,,,
2017-12-18,05:15,329,,,1,67.5,70.8,on,47,15,34,13
2017-12-18,05:15,331,,,0,15.6,70.0,on,43,14,36,13,,,,
2017-12-18,05:15,329,,,1,67.5,70.8,on,47,15,34,13
2017-12-18,05:15,331,,,0,15.6,70.0,on,43,14,36,13,,,,
2017-12-18,05:15,329,,,1,67.5,70.8,on,47,15,34,13
2017-12-18,05:15,331,,,0,15.6,70.0,on,43,14,36,13,,,,
2017-12-18,05:15,329,,,1,67.5,70.8,on,47,15,34,13
2017-12-18,05:16,331,,,0,15.6,70.0,on,43,14,36,13,,,,
2017-12-18,05:16,329,,,1,67.5,70.8,on,47,15,34,13
2017-12-18,05:16,331,,,0,15.6,70.0,on,43,14,36,13,,,,
2017-12-18,05:16,329,,,1,67.5,70.8,on,47,15,34,13
2017-12-18,05:16,331,,,0,15.6,70.0,on,43,14,36,13,,,,
2017-12-18,05:16,329,,,1,67.5,70.8,on,47,15,34,13
2017-12-18,05:17,331,,,0,15.6,70.0,on,43,14,36,13,,,,
2017-12-18,05:17,329,,,1,67.5,70.8,on,47,15,34,13
2017-12-18,05:17,331,,,0,15.6,70.0,on,43,14,36,13,,,,
2017-12-18,05:17,329,,,1,67.5,70.8,on,47,15,34,13
2017-12-18,05:17,331,,,0,15.6,70.0,on,43,14,36,13,,,,
2017-12-18,05:17,329,,,1,67.5,70.8,on,47,15,34,13
2017-12-18,05:18,331,,,0,15.6,70.0,on,43,14,36,13,,,,
2017-12-18,05:18,329,,,1,67.5,70.8,on,47,15,34,13
2017-12-18,05:18,331,,,0,15.6,70.0,on,43,14,36,13,,,,
2017-12-18,05:18,329,,,1,67.5,70.8,on,47,15,34,13
2017-12-18,05:18,331,,,0,15.6,70.0,on,43,14,36,13,,,,
2017-12-18,05:18,329,,,1,67.5,70.8,on,47,15,34,13
2017-12-18,05:19,331,,,0,15.6,70.0,on,43,14,36,13,,,,
2017-12-18,05:19,329,,,1,67.5,70.8,on,47,15,34,13
2017-12-18,05:19,331,,,0,15.6,70.0,on,43,14,36,13,,,,
2017-12-18,05:19,329,,,1,67.5,70.8,on,47,15,34,13
2017-12-18,05:19,331,,,0,15.6,70.0,on,43,14,36,13,,,,
2017-12-18,05:19,329,,,1,67.5,70.8,on,47,15,34,13
2017-12-18,05:19,331,,,0,15.6,70.0,on,43,14,36,13,,,,
2017-12-18,05:20,329,,,1,67.5,70.8,on,47,15,34,13
2017-12-18,05:20,331,,,0,15.6,70.0,on,43,14,36,13,,,,
2017-12-18,05:20,329,,,1,67.5,70.8,on,47,15,34,13
2017-12-18,05:20,331,,,0,15.6,70.0,on,43,14,36,13,,,,
2017-12-18,05:20,329,,,1,67.5,70.8,on,47,15,34,13
2017-12-18,05:20,331,,,0,15.6,70.0,on,43,14,36,13,,,,
2017-12-18,05:21,329,,,1,67.5,70.8,on,47,15,34,13
2017-12-18,05:21,331,,,0,15.6,70.0,on,43,14,36,13,,,,
2017-12-18,05:21,329,,,1,67.5,70.8,on,47,15,34,13
2017-12-18,05:21,331,,,0,15.6,70.0,on,43,14,36,13,,,,
2017-12-18,05:21,329,,,1,67.5,70.8,on,47,15,34,13
2017-12-18,05:21,331,,,0,15.6,70.0,on,43,14,36,13,,,,
2017-12-18,05:22,329,,,1,67.5,70.8,on,47,15,34,13
2017-12-18,05:22,331,,,0,15.6,70.0,on,43,14,36,13,,,,
2017-12-18,05:22,329,,,1,67.5,70.8,on,47,15,34,13
2017-12-18,05:22,331,,,0,15.6,70.0,on,43,14,36,13,,,,
2017-12-18,05:22,329,,,1,67.5,70.8,on,47,15,34,13
2017-12-18,05:22,331,,,0,15.6,70.0,on,43,14,36,13,,,,
2017-12-18,05:23,329,,,1,67.5,70.8,on,47,15,34,13
2017-12-18,05:23,331,,,0,15.6,70.0,on,43,14,36,13,,,,
2017-12-18,05:23,329,,,1,67.5,70.8,on,47,15,34,13
2017-12-18,05:23,331,,,0,15.6,70.0,on,43,14,36,13,,,,
2017-12-18,05:23,329,,,1,67.5,70.8,on,47,15,34,13
2017-12-18,05:23,331,,,0,15.6,70.0,on,43,14,36,13,,,,
2017-12-18,05:24,329,,,1,67.5,70.8,on,47,15,34,13
2017-12-18,05:24,331,,,0,15.6,70.0,on,43,14,36,13,,,,
2017-12-18,05:24,329,,,1,67.5,70.8,on,47,15,34,13
2017-12-18,05:24,331,,,0,15.6,70.0,on,43,14,36,13,,,,
2017-12-18,05:24,329,,,1,67.5,70.8,on,47,15,34,13
2017-12-18,05:24,331,,,0,15.6,70.0,on,43,14,36,13,,,,
2017-12-18,05:25,329,,,1,67.5,70.8,on,47,15,34,13
2017-12-18,05:25,331,,,0,15.6,70.0,on,43,14,36,13,,,,
2017-12-18,05:25,329,,,1,67.5,70.8,on,47,15,34,13
2017-12-18,05:25,331,,,0,15.6,70.0,on,43,14,36,13,,,,
2017-12-18,05:25,329,,,1,67.5,70.8,on,47,15,34,13
2017-12-18,05:25,331,,,0,15.6,70.0,on,43,14,36,13,,,,
2017-12-18,05:26,329,,,1,67.5,70.8,on,47,15,34,13
2017-12-18,05:26,331,,,0,15.6,70.0,on,43,14,36,13,,,,
2017-12-18,05:26,329,,,1,67.5,70.8,on,47,15,34,13
2017-12-18,05:26,331,,,0,15.6,70.0,on,43,14,36,13,,,,
2017-12-18,05:26,329,,,1,67.5,70.8,on,47,15,34,13
2017-12-18,05:26,331,,,0,15.6,70.0,on,43,14,36,13,,,,
2017-12-18,05:27,329,,,1,67.5,70.8,on,47,15,34,13
2017-12-18,05:27,331,,,0,15.6,70.0,on,43,14,36,13,,,,
2017-12-18,05:27,329,,,1,67.5,70.8,on,47,15,34,13
2017-12-18,05:27,331,,,0,15.6,70.0,on,43,14,36,13,,,,
2017-12-18,05:27,329,,,1,67.5,70.8,on,47,15,34,13
2017-12-18,05:27,331,,,0,15.6,70.0,on,43,14,36,13,,,,
2017-12-18,05:28,329,,,1,67.5,70.8,on,47,15,34,13
2017-12-18,05:28,331,,,0,15.6,70.0,on,43,14,36,13,,,,
2017-12-18,05:28,329,,,1,67.5,70.8,on,47,15,34,13
2017-12-18,05:28,331,,,0,15.6,70.0,on,43,14,36,13,,,,
2017-12-18,05:28,329,,,1,67.5,70.8,on,47,15,34,13
2017-12-18,05:28,331,,,0,15.6,70.0,on,43,14,36,13,,,,
2017-12-18,05:29,329,,,1,67.5,70.8,on,47,15,34,13
2017-12-18,05:29,331,,,0,15.6,70.0,on,43,14,36,13,,,,
2017-12-18,05:29,329,,,1,67.5,70.8,on,47,15,34,13
2017-12-18,05:29,331,,,0,15.6,70.0,on,43,14,36,13,,,,
2017-12-18,05:29,329,,,1,67.5,70.8,on,47,15,34,13
2017-12-18,05:29,331,,,0,15.6,70.0,on,43,14,36,13,,,,
2017-12-18,05:29,329,,,1,67.5,70.8,on,47,15,34,13
2017-12-18,05:30,331,,,0,15.6,70.0,on,43,14,36,13,,,,
2017-12-18,05:30,329,,,1,67.5,70.8,on,47,15,34,13
2017-12-18,05:30,331,,,0,15.6,70.0,on,43,14,36,13,,,,
2017-12-18,05:30,329,,,1,67.5,70.8,on,47,15,34,13
2017-12-18,05:30,331,,,0,15.6,70.0,on,43,14,36,13,,,,
2017-12-18,05:30,329,,,1,67.5,70.8,on,47,15,34,13
2017-12-18,05:31,331,,,0,15.6,70.0,on,43,14,36,13,,,,
2017-12-18,05:31,329,,,1,67.5,70.8,on,47,15,34,13
2017-12-18,05:31,331,,,0,15.6,70.0,on,43,14,36,13,,,,
2017-12-18,05:31,329,,,1,67.5,70.8,on,47,15,34,13
2017-12-18,05:31,331,,,0,15.6,70.0,on,43,14,36,13,,,,
2017-12-18,05:31,329,,,1,67.5,70.8,on,47,15,34,13
2017-12-18,05:32,331,,,0,15.6,70.0,on,43,14,36,13,,,,
2017-12-18,05:32,329,,,1,67.5,70.8,on,47,15,34,13
2017-12-18,05:32,331,,,0,15.6,70.0,on,43,14,36,13,,,,
2017-12-18,05:32,329,,,1,67.5,70.8,on,47,15,34,13
2017-12-18,05:32,331,,,0,15.6,70.0,on,43,14,36,13,,,,
2017-12-18,05:32,329,,,1,67.5,70.8,on,47,15,34,13
2017-12-18,05:33,331,,,0,15.6,70.0,on,43,14,36,13,,,,
2017-12-18,05:33,329,,,1,67.5,70.8,on,47,15,34,13
2017-12-18,05:33,331,,,0,15.6,70.0,on,43,14,36,13,,,,
2017-12-18,05:33,329,,,1,67.5,70.8,on,47,15,34,13
2017-12-18,05:33,331,,,0,15.6,70.0,on,43,14,36,13,,,,
2017-12-18,05:33,329,,,1,67.5,70.8,on,47,15,34,13
2017-12-18,05:33,331,,,0,15.6,70.0,on,43,14,36,13,,,,
2017-12-18,05:34,329,,,1,67.5,70.8,on,47,15,34,13
2017-12-18,05:34,331,,,0,15.6,70.0,on,43,14,36,13,,,,
2017-12-18,05:34,329,,,1,67.5,70.8,on,47,15,34,13
2017-12-18,05:34,331,,,0,15.6,70.0,on,43,14,36,13,,,,
2017-12-18,05:34,329,,,1,67.5,70.8,on,47,15,34,13
2017-12-18,05:34,331,,,0,15.6,70.0,on,43,14,36,13,,,,
2017-12-18,05:35,329,,,1,67.5,70.8,on,47,15,34,13
2017-12-18,05:35,331,,,0,15.6,70.0,on,43,14,36,13,,,,
2017-12-18,05:35,329,,,1,67.5,70.8,on,47,15,34,13
2017-12-18,05:35,331,,,0,15.6,70.0,on,43,14,36,13,,,,
2017-12-18,05:35,329,,,1,67.5,70.8,on,47,15,34,13
2017-12-18,05:35,331,,,0,15.6,70.0,on,43,14,36,13,,,,
2017-12-18,05:36,329,,,1,67.5,70.8,on,47,15,34,13
2017-12-18,05:36,331,,,0,15.6,70.0,on,43,14,36,13,,,,
2017-12-18,05:36,329,,,1,67.5,70.8,on,47,15,34,13
2017-12-18,05:36,331,,,0,15.6,70.0,on,43,14,36,13,,,,
2017-12-18,05:36,329,,,1,67.5,70.8,on,47,15,34,13
2017-12-18,05:36,331,,,0,15.6,70.0,on,43,14,36,13,,,,
2017-12-18,05:37,329,,,1,67.5,70.8,on,47,15,34,13
2017-12-18,05:37,331,,,0,15.6,70.0,on,43,14,36,13,,,,
2017-12-18,05:37,329,,,1,67.5,70.8,on,47,15,34,13
2017-12-18,05:37,331,,,0,15.6,70.0,on,43,14,36,13,,,,
2017-12-18,05:37,329,,,1,67.5,70.8,on,47,15,34,13
2017-12-18,05:37,331,,,0,15.6,70.0,on,43,14,36,13,,,,
2017-12-18,05:38,329,,,1,67.5,70.8,on,47,15,34,13
2017-12-18,05:38,331,,,0,15.6,70.0,on,43,14,36,13,,,,
2017-12-18,05:38,329,,,1,67.5,70.8,on,47,15,34,13
2017-12-18,05:38,331,,,0,15.6,70.0,on,43,14,36,13,,,,
2017-12-18,05:38,329,,,1,67.5,70.8,on,47,15,34,13
2017-12-18,05:38,331,,,0,15.6,70.0,on,43,14,36,13,,,,
2017-12-18,05:39,329,,,1,67.5,70.8,on,47,15,34,13
2017-12-18,05:39,331,,,0,15.6,70.0,on,43,14,36,13,,,,
2017-12-18,05:39,329,,,1,67.5,70.8,on,47,15,34,13
2017-12-18,05:39,331,,,0,15.6,70.0,on,43,14,36,13,,,,
2017-12-18,05:39,329,,,1,67.5,70.8,on,47,15,34,13
2017-12-18,05:39,331,,,0,15.6,70.0,on,43,14,36,13,,,,
2017-12-18,05:40,329,,,1,67.5,70.8,on,47,15,34,13
2017-12-18,05:40,331,,,0,15.6,70.0,on,43,14,36,13,,,,
2017-12-18,05:40,329,,,1,67.5,70.8,on,47,15,34,13
2017-12-18,05:40,331,,,0,15.6,70.0,on,43,14,36,13,,,,
2017-12-18,05:40,329,,,1,67.5,70.8,on,47,15,34,13
2017-12-18,05:40,331,,,0,15.6,70.0,on,43,14,36,13,,,,
2017-12-18,05:41,329,,,1,67.5,70.8,on,47,15,34,13
2017-12-18,05:41,331,,,0,15.6,70.0,on,43,14,36,13,,,,
2017-12-18,05:41,329,,,1,67.5,70.8,on,47,15,34,13
2017-12-18,05:41,331,,,0,15.6,70.0,on,43,14,36,13,,,,
2017-12-18,05:41,329,,,1,67.5,70.8,on,47,15,34,13
2017-12-18,05:41,331,,,0,15.6,70.0,on,43,14,36,13,,,,
2017-12-18,05:42,329,,,1,67.5,70.8,on,47,15,34,13
2017-12-18,05:42,331,,,0,15.6,70.0,on,43,14,36,13,,,,
2017-12-18,05:42,329,,,1,67.5,70.8,on,47,15,34,13
2017-12-18,05:42,331,,,0,15.6,70.0,on,43,14,36,13,,,,
2017-12-18,05:42,329,,,1,67.5,70.8,on,47,15,34,13
2017-12-18,05:42,331,,,0,15.6,70.0,on,43,14,36,13,,,,
2017-12-18,05:43,329,,,1,67.5,70.8,on,47,15,34,13
2017-12-18,05:43,331,,,0,15.6,70.0,on,43,14,36,13,,,,
2017-12-18,05:43,329,,,1,67.5,70.8,on,47,15,34,13
2017-12-18,05:43,331,,,0,15.6,70.0,on,43,14,36,13,,,,
2017-12-18,05:43,329,,,1,67.5,70.8,on,47,15,34,13
2017-12-18,05:43,331,,,0,15.6,70.0,on,43,14,36,13,,,,
2017-12-18,05:43,329,,,1,67.5,70.8,on,47,15,34,13
2017-12-18,05:44,331,,,0,15.6,70.0,on,43,14,36,13,,,,
2017-12-18,05:44,329,,,1,67.5,70.8,on,47,15,34,13
2017-12-18,05:44,331,,,0,15.6,70.0,on,43,14,36,13,,,,
2017-12-18,05:44,329,,,1,67.5,70.8,on,47,15,34,13
2017-12-18,05:44,331,,,0,15.6,70.0,on,43,14,36,13,,,,
2017-12-18,05:44,329,,,1,67.5,70.8,on,47,15,34,13
2017-12-18,05:45,331,,,0,15.6,70.0,on,43,14,36,13,,,,
2017-12-18,05:45,329,,,1,67.5,70.8,on,47,15,34,13
2017-12-18,05:45,331,,,0,15.6,70.0,on,43,14,36,13,,,,
2017-12-18,05:45,329,,,1,67.5,70.8,on,47,15,34,13
2017-12-18,05:45,331,,,0,15.6,70.0,on,43,14,36,13,,,,
2017-12-18,05:45,329,,,1,67.5,70.8,on,47,15,34,13
2017-12-18,05:46,331,,,0,15.6,70.0,on,43,14,36,13,,,,
2017-12-18,05:46,329,,,1,67.5,70.8,on,47,15,34,13
2017-12-18,05:46,331,,,0,15.6,70.0,on,43,14,36,13,,,,
2017-12-18,05:46,329,,,1,67.5,70.8,on,47,15,34,13
2017-12-18,05:46,331,,,0,15.6,70.0,on,43,14,36,13,,,,
2017-12-18,05:46,329,,,1,67.5,70.8,on,47,15,34,13
2017-12-18,05:47,331,,,0,15.6,70.0,on,43,14,36,13,,,,
2017-12-18,05:47,329,,,1,67.5,70.8,on,47,15,34,13
2017-12-18,05:47,331,,,0,15.6,70.0,on,43,14,36,13,,,,
2017-12-18,05:47,329,,,1,67.5,70.8,on,47,15,34,13
2017-12-18,05:47,331,,,0,15.6,70.0,on,43,14,36,13,,,,
2017-12-18,05:47,329,,,1,67.5,70.8,on,47,15,34,13
2017-12-18,05:47,331,,,0,15.6,70.0,on,43,14,36,13,,,,
2017-12-18,05:48,329,,,1,67.5,70.8,on,47,15,34,13
2017-12-18,05:48,331,,,0,15.6,70.0,on,43,14,36,13,,,,
2017-12-18,05:48,329,,,1,67.5,70.8,on,47,15,34,13
2017-12-18,05:48,331,,,0,15.6,70.0,on,43,14,36,13,,,,
2017-12-18,05:48,329,,,1,67.5,70.8,on,47,15,34,13
2017-12-18,05:48,331,,,0,15.6,70.0,on,43,14,36,13,,,,
2017-12-18,05:49,329,,,1,67.5,70.8,on,47,15,34,13
2017-12-18,05:49,331,,,0,15.6,70.0,on,43,14,36,13,,,,
2017-12-18,05:49,329,,,1,67.5,70.8,on,47,15,34,13
2017-12-18,05:49,331,,,0,15.6,70.0,on,43,14,36,13,,,,
2017-12-18,05:49,329,,,1,67.5,70.8,on,47,15,34,13
2017-12-18,05:49,331,,,0,15.6,70.0,on,43,14,36,13,,,,
2017-12-18,05:50,329,,,1,67.5,70.8,on,47,15,34,13
2017-12-18,05:50,331,,,0,15.6,70.0,on,43,14,36,13,,,,
2017-12-18,05:50,329,,,1,67.5,70.8,on,47,15,34,13
2017-12-18,05:50,331,,,0,15.6,70.0,on,43,14,36,13,,,,
2017-12-18,05:50,329,,,1,67.5,70.8,on,47,15,34,13
2017-12-18,05:50,331,,,0,15.6,70.0,on,43,14,36,13,,,,
2017-12-18,05:51,329,,,1,67.5,70.8,on,47,15,34,13
2017-12-18,05:51,331,,,0,15.6,70.0,on,43,14,36,13,,,,
2017-12-18,05:51,329,,,1,67.5,70.8,on,47,15,34,13
2017-12-18,05:51,331,,,0,15.6,70.0,on,43,14,36,13,,,,
2017-12-18,05:51,329,,,1,67.5,70.8,on,47,15,34,13
2017-12-18,05:51,331,,,0,15.6,70.0,on,43,14,36,13,,,,
2017-12-18,05:52,329,,,1,67.5,70.8,on,47,15,34,13
2017-12-18,05:52,331,,,0,15.6,70.0,on,43,14,36,13,,,,
2017-12-18,05:52,329,,,1,67.5,70.8,on,47,15,34,13
2017-12-18,05:52,331,,,0,15.6,70.0,on,43,14,36,13,,,,
2017-12-18,05:52,329,,,1,67.5,70.8,on,47,15,34,13
2017-12-18,05:52,331,,,0,15.6,70.0,on,43,14,36,13,,,,
2017-12-18,05:53,329,,,1,67.5,70.8,on,47,15,34,13
2017-12-18,05:53,331,,,0,15.6,70.0,on,43,14,36,13,,,,
2017-12-18,05:53,329,,,1,67.5,70.8,on,47,15,34,13
2017-12-18,05:53,331,,,0,15.6,70.0,on,43,14,36,13,,,,
2017-12-18,05:53,329,,,1,67.5,70.8,on,47,15,34,13
2017-12-18,05:53,331,,,0,15.6,70.0,on,43,14,36,13,,,,
2017-12-18,05:54,329,,,1,67.5,70.8,on,47,15,34,13
2017-12-18,05:54,331,,,0,15.6,70.0,on,43,14,36,13,,,,
2017-12-18,05:54,329,,,1,67.5,70.8,on,47,15,34,13
2017-12-18,05:54,331,,,0,15.6,70.0,on,43,14,36,13,,,,
2017-12-18,05:54,329,,,1,67.5,70.8,on,47,15,34,13
2017-12-18,05:54,331,,,0,15.6,70.0,on,43,14,36,13,,,,
2017-12-18,05:55,329,,,1,67.5,70.8,on,47,15,34,13
2017-12-18,05:55,331,,,0,15.6,70.0,on,43,14,36,13,,,,
2017-12-18,05:55,329,,,1,67.5,70.8,on,47,15,34,13
2017-12-18,05:55,331,,,0,15.6,70.0,on,43,14,36,13,,,,
2017-12-18,05:55,329,,,1,67.5,70.8,on,47,15,34,13
2017-12-18,05:55,331,,,0,15.6,70.0,on,43,14,36,13,,,,
2017-12-18,05:56,329,,,1,67.5,70.8,on,47,15,34,13
2017-12-18,05:56,331,,,0,15.6,70.0,on,43,14,36,13,,,,
2017-12-18,05:56,329,,,1,67.5,70.8,on,47,15,34,13
2017-12-18,05:56,331,,,0,15.6,70.0,on,43,14,36,13,,,,
2017-12-18,05:56,329,,,1,67.5,70.8,on,47,15,34,13
2017-12-18,05:56,331,,,0,15.6,70.0,on,43,14,36,13,,,,
2017-12-18,05:57,329,,,1,67.5,70.8,on,47,15,34,13
2017-12-18,05:57,331,,,0,15.6,70.0,on,43,14,36,13,,,,
2017-12-18,05:57,329,,,1,67.5,70.8,on,47,15,34,13
2017-12-18,05:57,331,,,0,15.6,70.0,on,43,14,36,13,,,,
2017-12-18,05:57,329,,,1,67.5,70.8,on,47,15,34,13
2017-12-18,05:57,331,,,0,15.6,70.0,on,43,14,36,13,,,,
2017-12-18,05:57,329,,,1,67.5,70.8,on,47,15,34,13
2017-12-18,05:58,331,,,0,15.6,70.0,on,43,14,36,13,,,,
2017-12-18,05:58,329,,,1,67.5,70.8,on,47,15,34,13
2017-12-18,05:58,331,,,0,15.6,70.0,on,43,14,36,13,,,,
2017-12-18,05:58,329,,,1,67.5,70.8,on,47,15,34,13
2017-12-18,05:58,331,,,0,15.6,70.0,on,43,14,36,13,,,,
2017-12-18,05:58,329,,,1,67.5,70.8,on,47,15,34,13
2017-12-18,05:59,331,,,0,15.6,70.0,on,43,14,36,13,,,,
2017-12-18,05:59,329,,,1,67.5,70.8,on,47,15,34,13
2017-12-18,05:59,331,,,0,15.6,70.0,on,43,14,36,13,,,,
2017-12-18,05:59,329,,,1,67.5,70.8,on,47,15,34,13
2017-12-18,05:59,331,,,0,15.6,70.0,on,43,14,36,13,,,,
2017-12-18,05:59,329,,,1,67.5,70.8,on,47,15,34,13
2017-12-18,06:00,331,,,0,15.6,70.0,on,43,14,36,13,,,,
2017-12-18,06:00,329,,,1,67.5,70.8,on,47,15,34,13
2017-12-18,06:00,331,,,0,15.6,70.0,on,43,14,36,13,,,,
2017-12-18,06:00,329,,,1,67.5,70.8,on,47,15,34,13
2017-12-18,06:00,331,,,0,15.6,70.0,on,43,14,36,13,,,,
2017-12-18,06:00,329,,,1,67.5,70.8,on,47,15,34,13
2017-12-18,06:01,331,,,0,15.6,70.0,on,43,14,36,13,,,,
2017-12-18,06:01,329,,,1,67.5,70.8,on,47,15,34,13
2017-12-18,06:01,331,,,0,15.6,70.0,on,43,14,36,13,,,,
2017-12-18,06:01,329,,,1,67.5,70.8,on,47,15,34,13
2017-12-18,06:01,331,,,0,15.6,70.0,on,43,14,36,13,,,,
2017-12-18,06:01,329,,,1,67.5,70.8,on,47,15,34,13
2017-12-18,06:01,331,,,0,15.6,70.0,on,43,14,36,13,,,,
2017-12-18,06:02,329,,,1,67.5,70.8,on,47,15,34,13
2017-12-18,06:02,331,,,0,15.6,70.0,on,43,14,36,13,,,,
2017-12-18,06:02,329,,,1,67.5,70.8,on,47,15,34,13
2017-12-18,06:02,331,,,0,15.6,70.0,on,43,14,36,13,,,,
2017-12-18,06:02,329,,,1,67.5,70.8,on,47,15,34,13
2017-12-18,06:02,331,,,0,15.6,70.0,on,43,14,36,13,,,,
2017-12-18,06:03,329,,,1,67.5,70.8,on,47,15,34,13
2017-12-18,06:03,331,,,0,15.6,70.0,on,43,14,36,13,,,,
2017-12-18,06:03,329,,,1,67.5,70.8,on,47,15,34,13
2017-12-18,06:03,331,,,0,15.6,70.0,on,43,14,36,13,,,,
2017-12-18,06:03,329,,,1,67.5,70.8,on,47,15,34,13
2017-12-18,06:03,331,,,0,15.6,70.0,on,43,14,36,13,,,,
2017-12-18,06:04,329,,,1,67.5,70.8,on,47,15,34,13
2017-12-18,06:04,331,,,0,15.6,70.0,on,43,14,36,13,,,,
2017-12-18,06:04,329,,,1,67.5,70.8,on,47,15,34,13
2017-12-18,06:04,331,,,0,15.6,70.0,on,43,14,36,13,,,,
2017-12-18,06:04,329,,,1,67.5,70.8,on,47,15,34,13
2017-12-18,06:04,331,,,0,15.6,70.0,on,43,14,36,13,,,,
2017-12-18,06:05,329,,,1,67.5,70.8,on,47,15,34,13
2017-12-18,06:05,331,,,0,15.6,70.0,on,43,14,36,13,,,,
2017-12-18,06:05,329,,,1,67.5,70.8,on,47,15,34,13
2017-12-18,06:05,331,,,0,15.6,70.0,on,43,14,36,13,,,,
2017-12-18,06:05,329,,,1,67.5,70.8,on,47,15,34,13
2017-12-18,06:05,331,,,0,15.6,70.0,on,43,14,36,13,,,,
2017-12-18,06:06,329,,,1,67.5,70.8,on,47,15,34,13
2017-12-18,06:06,331,,,0,15.6,70.0,on,43,14,36,13,,,,
2017-12-18,06:06,329,,,1,67.5,70.8,on,47,15,34,13
2017-12-18,06:06,331,,,0,15.6,70.0,on,43,14,36,13,,,,
2017-12-18,06:06,329,,,1,67.5,70.8,on,47,15,34,13
2017-12-18,06:06,331,,,0,15.6,70.0,on,43,14,36,13,,,,
2017-12-18,06:07,329,,,1,67.5,70.8,on,47,15,34,13
2017-12-18,06:07,331,,,0,15.6,70.0,on,43,14,36,13,,,,
2017-12-18,06:07,329,,,1,67.5,70.8,on,47,15,34,13
2017-12-18,06:07,331,,,0,15.6,70.0,on,43,14,36,13,,,,
2017-12-18,06:07,329,,,1,67.5,70.8,on,47,15,34,13
2017-12-18,06:07,331,,,0,15.6,70.0,on,43,14,36,13,,,,
2017-12-18,06:08,329,,,1,67.5,70.8,on,47,15,34,13
2017-12-18,06:08,331,,,0,15.6,70.0,on,43,14,36,13,,,,
2017-12-18,06:08,329,,,1,67.5,70.8,on,47,15,34,13
2017-12-18,06:08,331,,,0,15.6,70.0,on,43,14,36,13,,,,
2017-12-18,06:08,329,,,1,67.5,70.8,on,47,15,34,13
2017-12-18,06:08,331,,,0,15.6,70.0,on,43,14,36,13,,,,
2017-12-18,06:09,329,,,1,67.5,70.8,on,47,15,34,13
2017-12-18,06:09,331,,,0,15.6,70.0,on,43,14,36,13,,,,
2017-12-18,06:09,329,,,1,67.5,70.8,on,47,15,34,13
2017-12-18,06:09,331,,,0,15.6,70.0,on,43,14,36,13,,,,
2017-12-18,06:09,329,,,1,67.5,70.8,on,47,15,34,13
2017-12-18,06:09,331,,,0,15.6,70.0,on,43,14,36,13,,,,
2017-12-18,06:10,329,,,1,67.5,70.8,on,47,15,34,13
2017-12-18,06:10,331,,,0,15.6,70.0,on,43,14,36,13,,,,
2017-12-18,06:10,329,,,1,67.5,70.8,on,47,15,34,13
2017-12-18,06:10,331,,,0,15.6,70.0,on,43,14,36,13,,,,
2017-12-18,06:10,329,,,1,67.5,70.8,on,47,15,34,13
2017-12-18,06:10,331,,,0,15.6,70.0,on,43,14,36,13,,,,
2017-12-18,06:11,329,,,1,67.5,70.8,on,47,15,34,13
2017-12-18,06:11,331,,,0,15.6,70.0,on,43,14,36,13,,,,
2017-12-18,06:11,329,,,1,67.5,70.8,on,47,15,34,13
2017-12-18,06:11,331,,,0,15.6,70.0,on,43,14,36,13,,,,
2017-12-18,06:11,329,,,1,67.5,70.8,on,47,15,34,13
2017-12-18,06:11,331,,,0,15.6,70.0,on,43,14,36,13,,,,
2017-12-18,06:11,329,,,1,67.5,70.8,on,47,15,34,13
2017-12-18,06:12,331,,,0,15.6,70.0,on,43,14,36,13,,,,
2017-12-18,06:12,329,,,1,67.5,70.8,on,47,15,34,13
2017-12-18,06:12,331,,,0,15.6,70.0,on,43,14,36,13,,,,
2017-12-18,06:12,329,,,1,67.5,70.8,on,47,15,34,13
2017-12-18,06:12,331,,,0,15.6,70.0,on,43,14,36,13,,,,
2017-12-18,06:12,329,,,1,67.5,70.8,on,47,15,34,13
2017-12-18,06:13,331,,,0,15.6,70.0,on,43,14,36,13,,,,
2017-12-18,06:13,329,,,1,67.5,70.8,on,47,15,34,13
2017-12-18,06:13,331,,,0,15.6,70.0,on,43,14,36,13,,,,
2017-12-18,06:13,329,,,1,67.5,70.8,on,47,15,34,13
2017-12-18,06:13,331,,,0,15.6,70.0,on,43,14,36,13,,,,
2017-12-18,06:13,329,,,1,67.5,70.8,on,47,15,34,13
2017-12-18,06:14,331,,,0,15.6,70.0,on,43,14,36,13,,,,
2017-12-18,06:14,329,,,1,67.5,70.8,on,47,15,34,13
2017-12-18,06:14,331,,,0,15.6,70.0,on,43,14,36,13,,,,
2017-12-18,06:14,329,,,1,67.5,70.8,on,47,15,34,13
2017-12-18,06:14,331,,,0,15.6,70.0,on,43,14,36,13,,,,
2017-12-18,06:14,329,,,1,67.5,70.8,on,47,15,34,13
2017-12-18,06:15,331,,,0,15.6,70.0,on,43,14,36,13,,,,
2017-12-18,06:15,329,,,1,67.5,70.8,on,47,15,34,13
2017-12-18,06:15,331,,,0,15.6,70.0,on,43,14,36,13,,,,
2017-12-18,06:15,329,,,1,67.5,70.8,on,47,15,34,13
2017-12-18,06:15,331,,,0,15.6,70.0,on,43,14,36,13,,,,
2017-12-18,06:15,329,,,1,67.5,70.8,on,47,15,34,13
2017-12-18,06:15,331,,,0,15.6,70.0,on,43,14,36,13,,,,
2017-12-18,06:16,329,,,1,67.5,70.8,on,47,15,34,13
2017-12-18,06:16,331,,,0,15.6,70.0,on,43,14,36,13,,,,
2017-12-18,06:16,329,,,1,67.5,70.8,on,47,15,34,13
2017-12-18,06:16,331,,,0,15.6,70.0,on,43,14,36,13,,,,
2017-12-18,06:16,329,,,1,67.5,70.8,on,47,15,34,13
2017-12-18,06:16,331,,,0,15.6,70.0,on,43,14,36,13,,,,
2017-12-18,06:17,329,,,1,67.5,70.8,on,47,15,34,13
2017-12-18,06:17,331,,,0,15.6,70.0,on,43,14,36,13,,,,
2017-12-18,06:17,329,,,1,67.5,70.8,on,47,15,34,13
2017-12-18,06:17,331,,,0,15.6,70.0,on,43,14,36,13,,,,
2017-12-18,06:17,329,,,1,67.5,70.8,on,47,15,34,13
2017-12-18,06:17,331,,,0,15.6,70.0,on,43,14,36,13,,,,
2017-12-18,06:18,329,,,1,67.5,70.8,on,47,15,34,13
2017-12-18,06:18,331,,,0,15.6,70.0,on,43,14,36,13,,,,
2017-12-18,06:18,329,,,1,67.5,70.8,on,47,15,34,13
2017-12-18,06:18,331,,,0,15.6,70.0,on,43,14,36,13,,,,
2017-12-18,06:18,329,,,1,67.5,70.8,on,47,15,34,13
2017-12-18,06:18,331,,,0,15.6,70.0,on,43,14,36,13,,,,
2017-12-18,06:19,329,,,1,67.5,70.8,on,47,15,34,13
2017-12-18,06:19,331,,,0,15.6,70.0,on,43,14,36,13,,,,
2017-12-18,06:19,329,,,1,67.5,70.8,on,47,15,34,13
2017-12-18,06:19,331,,,0,15.6,70.0,on,43,14,36,13,,,,
2017-12-18,06:19,329,,,1,67.5,70.8,on,47,15,34,13
2017-12-18,06:19,331,,,0,15.6,70.0,on,43,14,36,13,,,,
2017-12-18,06:20,329,,,1,67.5,70.8,on,47,15,34,13
2017-12-18,06:20,331,,,0,15.6,70.0,on,43,14,36,13,,,,
2017-12-18,06:20,329,,,1,67.5,70.8,on,47,15,34,13
2017-12-18,06:20,331,,,0,15.6,70.0,on,43,14,36,13,,,,
2017-12-18,06:20,329,,,1,67.5,70.8,on,47,15,34,13
2017-12-18,06:20,331,,,0,15.6,70.0,on,43,14,36,13,,,,
2017-12-18,06:21,329,,,1,67.5,70.8,on,47,15,34,13
2017-12-18,06:21,331,,,0,15.6,70.0,on,43,14,36,13,,,,
2017-12-18,06:21,329,,,1,67.5,70.8,on,47,15,34,13
2017-12-18,06:21,331,,,0,15.6,70.0,on,43,14,36,13,,,,
2017-12-18,06:21,329,,,1,67.5,70.8,on,47,15,34,13
2017-12-18,06:21,331,,,0,15.6,70.0,on,43,14,36,13,,,,
2017-12-18,06:22,329,,,1,67.5,70.8,on,47,15,34,13
2017-12-18,06:22,331,,,0,15.6,70.0,on,43,14,36,13,,,,
2017-12-18,06:22,329,,,1,67.5,70.8,on,47,15,34,13
2017-12-18,06:22,331,,,0,15.6,70.0,on,43,14,36,13,,,,
2017-12-18,06:22,329,,,1,67.5,70.8,on,47,15,34,13
2017-12-18,06:22,331,,,0,15.6,70.0,on,43,14,36,13,,,,
2017-12-18,06:23,329,,,1,67.5,70.8,on,47,15,34,13
2017-12-18,06:23,331,,,0,15.6,70.0,on,43,14,36,13,,,,
2017-12-18,06:23,329,,,1,67.5,70.8,on,47,15,34,13
2017-12-18,06:23,331,,,0,15.6,70.0,on,43,14,36,13,,,,
2017-12-18,06:23,329,,,1,67.5,70.8,on,47,15,34,13
2017-12-18,06:23,331,,,0,15.6,70.0,on,43,14,36,13,,,,
2017-12-18,06:24,329,,,1,67.5,70.8,on,47,15,34,13
2017-12-18,06:24,331,,,0,15.6,70.0,on,43,14,36,13,,,,
2017-12-18,06:24,329,,,1,67.5,70.8,on,47,15,34,13
2017-12-18,06:24,331,,,0,15.6,70.0,on,43,14,36,13,,,,
2017-12-18,06:24,329,,,1,67.5,70.8,on,47,15,34,13
2017-12-18,06:24,331,,,0,15.6,70.0,on,43,14,36,13,,,,
2017-12-18,06:25,329,,,1,67.5,70.8,on,47,15,34,13
2017-12-18,06:25,331,,,0,15.6,70.0,on,43,14,36,13,,,,
2017-12-18,06:25,329,,,1,67.5,70.8,on,47,15,34,13
2017-12-18,06:25,331,,,0,15.6,70.0,on,43,14,36,13,,,,
2017-12-18,06:25,329,,,1,67.5,70.8,on,47,15,34,13
2017-12-18,06:25,331,,,0,15.6,70.0,on,43,14,36,13,,,,
2017-12-18,06:25,329,,,1,67.5,70.8,on,47,15,34,13
2017-12-18,06:26,331,,,0,15.6,70.0,on,43,14,36,13,,,,
2017-12-18,06:26,329,,,1,67.5,70.8,on,47,15,34,13
2017-12-18,06:26,331,,,0,15.6,70.0,on,43,14,36,13,,,,
2017-12-18,06:26,329,,,1,67.5,70.8,on,47,15,34,13
2017-12-18,06:26,331,,,0,15.6,70.0,on,43,14,36,13,,,,
2017-12-18,06:26,329,,,1,67.5,70.8,on,47,15,34,13
2017-12-18,06:27,331,,,0,15.6,70.0,on,43,14,36,13,,,,
2017-12-18,06:27,329,,,1,67.5,70.8,on,47,15,34,13
2017-12-18,06:27,331,,,0,15.6,70.0,on,43,14,36,13,,,,
2017-12-18,06:27,329,,,1,67.5,70.8,on,47,15,34,13
2017-12-18,06:27,331,,,0,15.6,70.0,on,43,14,36,13,,,,
2017-12-18,06:27,329,,,1,67.5,70.8,on,47,15,34,13
2017-12-18,06:28,331,,,0,15.6,70.0,on,43,14,36,13,,,,
2017-12-18,06:28,329,,,1,67.5,70.8,on,47,15,34,13
2017-12-18,06:28,331,,,0,15.6,70.0,on,43,14,36,13,,,,
2017-12-18,06:28,329,,,1,67.5,70.8,on,47,15,34,13
2017-12-18,06:28,331,,,0,15.6,70.0,on,43,14,36,13,,,,
2017-12-18,06:28,329,,,1,67.5,70.8,on,47,15,34,13
2017-12-18,06:29,331,,,0,15.6,70.0,on,43,14,36,13,,,,
2017-12-18,06:29,329,,,1,67.5,70.8,on,47,15,34,13
2017-12-18,06:29,331,,,0,15.6,70.0,on,43,14,36,13,,,,
2017-12-18,06:29,329,,,1,67.5,70.8,on,47,15,34,13
2017-12-18,06:29,331,,,0,15.6,70.0,on,43,14,36,13,,,,
2017-12-18,06:29,329,,,1,67.5,70.8,on,47,15,34,13
2017-12-18,06:29,331,,,0,15.6,70.0,on,43,14,36,13,,,,
2017-12-18,06:30,329,,,1,67.5,70.8,on,47,15,34,13
2017-12-18,06:30,331,,,0,15.6,70.0,on,43,14,36,13,,,,
2017-12-18,06:30,329,,,1,67.5,70.8,on,47,15,34,13
2017-12-18,06:30,331,,,0,15.6,70.0,on,43,14,36,13,,,,
2017-12-18,06:30,329,,,1,67.5,70.8,on,47,15,34,13
2017-12-18,06:30,331,,,0,15.6,70.0,on,43,14,36,13,,,,
2017-12-18,06:31,329,,,1,67.5,70.8,on,47,15,34,13
2017-12-18,06:31,331,,,0,15.6,70.0,on,43,14,36,13,,,,
2017-12-18,06:31,329,,,1,67.5,70.8,on,47,15,34,13
2017-12-18,06:31,331,,,0,15.6,70.0,on,43,14,36,13,,,,
2017-12-18,06:31,329,,,1,67.5,70.8,on,47,15,34,13
2017-12-18,06:31,331,,,0,15.6,70.0,on,43,14,36,13,,,,
2017-12-18,06:32,329,,,1,67.5,70.8,on,47,15,34,13
2017-12-18,06:32,331,,,0,15.6,70.0,on,43,14,36,13,,,,
2017-12-18,06:32,329,,,1,67.5,70.8,on,47,15,34,13
2017-12-18,06:32,331,,,0,15.6,70.0,on,43,14,36,13,,,,
2017-12-18,06:32,329,,,1,67.5,70.8,on,47,15,34,13
2017-12-18,06:32,331,,,0,15.6,70.0,on,43,14,36,13,,,,
2017-12-18,06:33,329,,,1,67.5,70.8,on,47,15,34,13
2017-12-18,06:33,331,,,0,15.6,70.0,on,43,14,36,13,,,,
2017-12-18,06:33,329,,,1,67.5,70.8,on,47,15,34,13
2017-12-18,06:33,331,,,0,15.6,70.0,on,43,14,36,13,,,,
2017-12-18,06:33,329,,,1,67.5,70.8,on,47,15,34,13
2017-12-18,06:33,331,,,0,15.6,70.0,on,43,14,36,13,,,,
2017-12-18,06:34,329,,,1,67.5,70.8,on,47,15,34,13
2017-12-18,06:34,331,,,0,15.6,70.0,on,43,14,36,13,,,,
2017-12-18,06:34,329,,,1,67.5,70.8,on,47,15,34,13
2017-12-18,06:34,331,,,0,15.6,70.0,on,43,14,36,13,,,,
2017-12-18,06:34,329,,,1,67.5,70.8,on,47,15,34,13
2017-12-18,06:34,331,,,0,15.6,70.0,on,43,14,36,13,,,,
2017-12-18,06:35,329,,,1,67.5,70.8,on,47,15,34,13
2017-12-18,06:35,331,,,0,15.6,70.0,on,43,14,36,13,,,,
2017-12-18,06:35,329,,,1,67.5,70.8,on,47,15,34,13
2017-12-18,06:35,331,,,0,15.6,70.0,on,43,14,36,13,,,,
2017-12-18,06:35,329,,,1,67.5,70.8,on,47,15,34,13
2017-12-18,06:35,331,,,0,15.6,70.0,on,43,14,36,13,,,,
2017-12-18,06:36,329,,,1,67.5,70.8,on,47,15,34,13
2017-12-18,06:36,331,,,0,15.6,70.0,on,43,14,36,13,,,,
2017-12-18,06:36,329,,,1,67.5,70.8,on,47,15,34,13
2017-12-18,06:36,331,,,0,15.6,70.0,on,43,14,36,13,,,,
2017-12-18,06:36,329,,,1,67.5,70.8,on,47,15,34,13
2017-12-18,06:36,331,,,0,15.6,70.0,on,43,14,36,13,,,,
2017-12-18,06:37,329,,,1,67.5,70.8,on,47,15,34,13
2017-12-18,06:37,331,,,0,15.6,70.0,on,43,14,36,13,,,,
2017-12-18,06:37,329,,,1,67.5,70.8,on,47,15,34,13
2017-12-18,06:37,331,,,0,15.6,70.0,on,43,14,36,13,,,,
2017-12-18,06:37,329,,,1,67.5,70.8,on,47,15,34,13
2017-12-18,06:37,331,,,0,15.6,70.0,on,43,14,36,13,,,,
2017-12-18,06:38,329,,,1,67.5,70.8,on,47,15,34,13
2017-12-18,06:38,331,,,0,15.6,70.0,on,43,14,36,13,,,,
2017-12-18,06:38,329,,,1,67.5,70.8,on,47,15,34,13
2017-12-18,06:38,331,,,0,15.6,70.0,on,43,14,36,13,,,,
2017-12-18,06:38,329,,,1,67.5,70.8,on,47,15,34,13
2017-12-18,06:38,331,,,0,15.6,70.0,on,43,14,36,13,,,,
2017-12-18,06:39,329,,,1,67.5,70.8,on,47,15,34,13
2017-12-18,06:39,331,,,0,15.6,70.0,on,43,14,36,13,,,,
2017-12-18,06:39,329,,,1,67.5,70.8,on,47,15,34,13
2017-12-18,06:39,331,,,0,15.6,70.0,on,43,14,36,13,,,,
2017-12-18,06:39,329,,,1,67.5,70.8,on,47,15,34,13
2017-12-18,06:39,331,,,0,15.6,70.0,on,43,14,36,13,,,,
2017-12-18,06:39,329,,,1,67.5,70.8,on,47,15,34,13
2017-12-18,06:40,331,,,0,15.6,70.0,on,43,14,36,13,,,,
2017-12-18,06:40,329,,,1,67.5,70.8,on,47,15,34,13
2017-12-18,06:40,331,,,0,15.6,70.0,on,43,14,36,13,,,,
2017-12-18,06:40,329,,,1,67.5,70.8,on,47,15,34,13
2017-12-18,06:40,331,,,0,15.6,70.0,on,43,14,36,13,,,,
2017-12-18,06:40,329,,,1,67.5,70.8,on,47,15,34,13
2017-12-18,06:41,331,,,0,15.6,70.0,on,43,14,36,13,,,,
2017-12-18,06:41,329,,,1,67.5,70.8,on,47,15,34,13
2017-12-18,06:41,331,,,0,15.6,70.0,on,43,14,36,13,,,,
2017-12-18,06:41,329,,,1,67.5,70.8,on,47,15,34,13
2017-12-18,06:41,331,,,0,15.6,70.0,on,43,14,36,13,,,,
2017-12-18,06:41,329,,,1,67.5,70.8,on,47,15,34,13
2017-12-18,06:42,331,,,0,15.6,70.0,on,43,14,36,13,,,,
2017-12-18,06:42,329,,,1,67.5,70.8,on,47,15,34,13
2017-12-18,06:42,331,,,0,15.6,70.0,on,43,14,36,13,,,,
2017-12-18,06:42,329,,,1,67.5,70.8,on,47,15,34,13
2017-12-18,06:42,331,,,0,15.6,70.0,on,43,14,36,13,,,,
2017-12-18,06:42,329,,,1,67.5,70.8,on,47,15,34,13
2017-12-18,06:43,331,,,0,15.6,70.0,on,43,14,36,13,,,,
2017-12-18,06:43,329,,,1,67.5,70.8,on,47,15,34,13
2017-12-18,06:43,331,,,0,15.6,70.0,on,43,14,36,13,,,,
2017-12-18,06:43,329,,,1,67.5,70.8,on,47,15,34,13
2017-12-18,06:43,331,,,0,15.6,70.0,on,43,14,36,13,,,,
2017-12-18,06:43,329,,,1,67.5,70.8,on,47,15,34,13
2017-12-18,06:44,331,,,0,15.6,70.0,on,43,14,36,13,,,,
2017-12-18,06:44,329,,,1,67.5,70.8,on,47,15,34,13
2017-12-18,06:44,331,,,0,15.6,70.0,on,43,14,36,13,,,,
2017-12-18,06:44,329,,,1,67.5,70.8,on,47,15,34,13
2017-12-18,06:44,331,,,0,15.6,70.0,on,43,14,36,13,,,,
2017-12-18,06:44,329,,,1,67.5,70.8,on,47,15,34,13
2017-12-18,06:44,331,,,0,15.6,70.0,on,43,14,36,13,,,,
2017-12-18,06:45,329,,,1,67.5,70.8,on,47,15,34,13
2017-12-18,06:45,331,,,0,15.6,70.0,on,43,14,36,13,,,,
2017-12-18,06:45,329,,,1,67.5,70.8,on,47,15,34,13
2017-12-18,06:45,331,,,0,15.6,70.0,on,43,14,36,13,,,,
2017-12-18,06:45,329,,,1,67.5,70.8,on,47,15,34,13
2017-12-18,06:45,331,,,0,15.6,70.0,on,43,14,36,13,,,,
2017-12-18,06:46,329,,,1,67.5,70.8,on,47,15,34,13
2017-12-18,06:46,331,,,0,15.6,70.0,on,43,14,36,13,,,,
2017-12-18,06:46,329,,,1,67.5,70.8,on,47,15,34,13
2017-12-18,06:46,331,,,0,15.6,70.0,on,43,14,36,13,,,,
2017-12-18,06:46,329,,,1,67.5,70.8,on,47,15,34,13
2017-12-18,06:46,331,,,0,15.6,70.0,on,43,14,36,13,,,,
2017-12-18,06:47,329,,,1,67.5,70.8,on,47,15,34,13
2017-12-18,06:47,331,,,0,15.6,70.0,on,43,14,36,13,,,,
2017-12-18,06:47,329,,,1,67.5,70.8,on,47,15,34,13
2017-12-18,06:47,331,,,0,15.6,70.0,on,43,14,36,13,,,,
2017-12-18,06:47,329,,,1,67.5,70.8,on,47,15,34,13
2017-12-18,06:47,331,,,0,15.6,70.0,on,43,14,36,13,,,,
2017-12-18,06:48,329,,,1,67.5,70.8,on,47,15,34,13
2017-12-18,06:48,331,,,0,15.6,70.0,on,43,14,36,13,,,,
2017-12-18,06:48,329,,,1,67.5,70.8,on,47,15,34,13
2017-12-18,06:48,331,,,0,15.6,70.0,on,43,14,36,13,,,,
2017-12-18,06:48,329,,,1,67.5,70.8,on,47,15,34,13
2017-12-18,06:48,331,,,0,15.6,70.0,on,43,14,36,13,,,,
2017-12-18,06:49,329,,,1,67.5,70.8,on,47,15,34,13
2017-12-18,06:49,331,,,0,15.6,70.0,on,43,14,36,13,,,,
2017-12-18,06:49,329,,,1,67.5,70.8,on,47,15,34,13
2017-12-18,06:49,331,,,0,15.6,70.0,on,43,14,36,13,,,,
2017-12-18,06:49,329,,,1,67.5,70.8,on,47,15,34,13
2017-12-18,06:49,331,,,0,15.6,70.0,on,43,14,36,13,,,,
2017-12-18,06:50,329,,,1,67.5,70.8,on,47,15,34,13
2017-12-18,06:50,331,,,0,15.6,70.0,on,43,14,36,13,,,,
2017-12-18,06:50,329,,,1,67.5,70.8,on,47,15,34,13
2017-12-18,06:50,331,,,0,15.6,70.0,on,43,14,36,13,,,,
2017-12-18,06:50,329,,,1,67.5,70.8,on,47,15,34,13
2017-12-18,06:50,331,,,0,15.6,70.0,on,43,14,36,13,,,,
2017-12-18,06:51,329,,,1,67.5,70.8,on,47,15,34,13
2017-12-18,06:51,331,,,0,15.6,70.0,on,43,14,36,13,,,,
2017-12-18,06:51,329,,,1,67.5,70.8,on,47,15,34,13
2017-12-18,06:51,331,,,0,15.6,70.0,on,43,14,36,13,,,,
2017-12-18,06:51,329,,,1,67.5,70.8,on,47,15,34,13
2017-12-18,06:51,331,,,0,15.6,70.0,on,43,14,36,13,,,,
2017-12-18,06:52,329,,,1,67.5,70.8,on,47,15,34,13
2017-12-18,06:52,331,,,0,15.6,70.0,on,43,14,36,13,,,,
2017-12-18,06:52,329,,,1,67.5,70.8,on,47,15,34,13
2017-12-18,06:52,331,,,0,15.6,70.0,on,43,14,36,13,,,,
2017-12-18,06:52,329,,,1,67.5,70.8,on,47,15,34,13
2017-12-18,06:52,331,,,0,15.6,70.0,on,43,14,36,13,,,,
2017-12-18,06:53,329,,,1,67.5,70.8,on,47,15,34,13
2017-12-18,06:53,331,,,0,15.6,70.0,on,43,14,36,13,,,,
2017-12-18,06:53,329,,,1,67.5,70.8,on,47,15,34,13
2017-12-18,06:53,331,,,0,15.6,70.0,on,43,14,36,13,,,,
2017-12-18,06:53,329,,,1,67.5,70.8,on,47,15,34,13
2017-12-18,06:53,331,,,0,15.6,70.0,on,43,14,36,13,,,,
2017-12-18,06:53,329,,,1,67.5,70.8,on,47,15,34,13
2017-12-18,06:54,331,,,0,15.6,70.0,on,43,14,36,13,,,,
2017-12-18,06:54,329,,,1,67.5,70.8,on,47,15,34,13
2017-12-18,06:54,331,,,0,15.6,70.0,on,43,14,36,13,,,,
2017-12-18,06:54,329,,,1,67.5,70.8,on,47,15,34,13
2017-12-18,06:54,331,,,0,15.6,70.0,on,43,14,36,13,,,,
2017-12-18,06:54,329,,,1,67.5,70.8,on,47,15,34,13
2017-12-18,06:55,331,,,0,15.6,70.0,on,43,14,36,13,,,,
2017-12-18,06:55,329,,,1,67.5,70.8,on,47,15,34,13
2017-12-18,06:55,331,,,0,15.6,70.0,on,43,14,36,13,,,,
2017-12-18,06:55,329,,,1,67.5,70.8,on,47,15,34,13
2017-12-18,06:55,331,,,0,15.6,70.0,on,43,14,36,13,,,,
2017-12-18,06:55,329,,,1,67.5,70.8,on,47,15,34,13
2017-12-18,06:56,331,,,0,15.6,70.0,on,43,14,36,13,,,,
2017-12-18,06:56,329,,,1,67.5,70.8,on,47,15,34,13
2017-12-18,06:56,331,,,0,15.6,70.0,on,43,14,36,13,,,,
2017-12-18,06:56,329,,,1,67.5,70.8,on,47,15,34,13
2017-12-18,06:56,331,,,0,15.6,70.0,on,43,14,36,13,,,,
2017-12-18,06:56,329,,,1,67.5,70.8,on,47,15,34,13
2017-12-18,06:57,331,,,0,15.6,70.0,on,43,14,36,13,,,,
2017-12-18,06:57,329,,,1,67.5,70.8,on,47,15,34,13
2017-12-18,06:57,331,,,0,15.6,70.0,on,43,14,36,13,,,,
2017-12-18,06:57,329,,,1,67.5,70.8,on,47,15,34,13
2017-12-18,06:57,331,,,0,15.6,70.0,on,43,14,36,13,,,,
2017-12-18,06:57,329,,,1,67.5,70.8,on,47,15,34,13
2017-12-18,06:58,331,,,0,15.6,70.0,on,43,14,36,13,,,,
2017-12-18,06:58,329,,,1,67.5,70.8,on,47,15,34,13
2017-12-18,06:58,331,,,0,15.6,70.0,on,43,14,36,13,,,,
2017-12-18,06:58,329,,,1,67.5,70.8,on,47,15,34,13
2017-12-18,06:58,331,,,0,15.6,70.0,on,43,14,36,13,,,,
2017-12-18,06:58,329,,,1,67.5,70.8,on,47,15,34,13
2017-12-18,06:58,331,,,0,15.6,70.0,on,43,14,36,13,,,,
2017-12-18,06:59,329,,,1,67.5,70.8,on,47,15,34,13
2017-12-18,06:59,331,,,0,15.6,70.0,on,43,14,36,13,,,,
2017-12-18,06:59,329,,,1,67.5,70.8,on,47,15,34,13
2017-12-18,06:59,331,,,0,15.6,70.0,on,43,14,36,13,,,,
2017-12-18,06:59,329,,,1,67.5,70.8,on,47,15,34,13
2017-12-18,06:59,331,,,0,15.6,70.0,on,43,14,36,13,,,,
2017-12-18,07:00,329,,,1,67.5,70.8,on,47,15,34,13
2017-12-18,07:00,331,,,0,15.6,70.0,on,43,14,36,13,,,,
2017-12-18,07:00,329,,,1,67.5,70.8,on,47,15,34,13
2017-12-18,07:00,331,,,0,15.6,70.0,on,43,14,36,13,,,,
2017-12-18,07:00,329,,,1,67.5,70.8,on,47,15,34,13
2017-12-18,07:00,331,,,0,15.6,70.0,on,43,14,36,13,,,,
2017-12-18,07:01,329,,,1,67.5,70.8,on,47,15,34,13
2017-12-18,07:01,331,,,0,15.6,70.0,on,43,14,36,13,,,,
2017-12-18,07:01,329,,,1,67.5,70.8,on,47,15,34,13
2017-12-18,07:01,331,,,0,15.6,70.0,on,43,14,36,13,,,,
2017-12-18,07:01,329,,,1,67.5,70.8,on,47,15,34,13
2017-12-18,07:01,331,,,0,15.6,70.0,on,43,14,36,13,,,,
2017-12-18,07:02,329,,,1,67.5,70.8,on,47,15,34,13
2017-12-18,07:02,331,,,0,15.6,70.0,on,43,14,36,13,,,,
2017-12-18,07:02,329,,,1,67.5,70.8,on,47,15,34,13
2017-12-18,07:02,331,,,0,15.6,70.0,on,43,14,36,13,,,,
2017-12-18,07:02,329,,,1,67.5,70.8,on,47,15,34,13
2017-12-18,07:02,331,,,0,15.6,70.0,on,43,14,36,13,,,,
2017-12-18,07:03,329,,,1,67.5,70.8,on,47,15,34,13
2017-12-18,07:03,331,,,0,15.6,70.0,on,43,14,36,13,,,,
2017-12-18,07:03,329,,,1,67.5,70.8,on,47,15,34,13
2017-12-18,07:03,331,,,0,15.6,70.0,on,43,14,36,13,,,,
2017-12-18,07:03,329,,,1,67.5,70.8,on,47,15,34,13
2017-12-18,07:03,331,,,0,15.6,70.0,on,43,14,36,13,,,,
2017-12-18,07:04,329,,,1,67.5,70.8,on,47,15,34,13
2017-12-18,07:04,331,,,0,15.6,70.0,on,43,14,36,13,,,,
2017-12-18,07:04,329,,,1,67.5,70.8,on,47,15,34,13
2017-12-18,07:04,331,,,0,15.6,70.0,on,43,14,36,13,,,,
2017-12-18,07:04,329,,,1,67.5,70.8,on,47,15,34,13
2017-12-18,07:04,331,,,0,15.6,70.0,on,43,14,36,13,,,,
2017-12-18,07:05,329,,,1,67.5,70.8,on,47,15,34,13
2017-12-18,07:05,331,,,0,15.6,70.0,on,43,14,36,13,,,,
2017-12-18,07:05,329,,,1,67.5,70.8,on,47,15,34,13
2017-12-18,07:05,331,,,0,15.6,70.0,on,43,14,36,13,,,,
2017-12-18,07:05,329,,,1,67.5,70.8,on,47,15,34,13
2017-12-18,07:05,331,,,0,15.6,70.0,on,43,14,36,13,,,,
2017-12-18,07:06,329,,,1,67.5,70.8,on,47,15,34,13
2017-12-18,07:06,331,,,0,15.6,70.0,on,43,14,36,13,,,,
2017-12-18,07:06,329,,,1,67.5,70.8,on,47,15,34,13
2017-12-18,07:06,331,,,0,15.6,70.0,on,43,14,36,13,,,,
2017-12-18,07:06,329,,,1,67.5,70.8,on,47,15,34,13
2017-12-18,07:06,331,,,0,15.6,70.0,on,43,14,36,13,,,,
2017-12-18,07:07,329,,,1,67.5,70.8,on,47,15,34,13
2017-12-18,07:07,331,,,0,15.6,70.0,on,43,14,36,13,,,,
2017-12-18,07:07,329,,,1,67.5,70.8,on,47,15,34,13
2017-12-18,07:07,331,,,0,15.6,70.0,on,43,14,36,13,,,,
2017-12-18,07:07,329,,,1,67.5,70.8,on,47,15,34,13
2017-12-18,07:07,331,,,0,15.6,70.0,on,43,14,36,13,,,,
2017-12-18,07:07,329,,,1,67.5,70.8,on,47,15,34,13
2017-12-18,07:08,331,,,0,15.6,70.0,on,43,14,36,13,,,,
2017-12-18,07:08,329,,,1,67.5,70.8,on,47,15,34,13
2017-12-18,07:08,331,,,0,15.6,70.0,on,43,14,36,13,,,,
2017-12-18,07:08,329,,,1,67.5,70.8,on,47,15,34,13
2017-12-18,07:08,331,,,0,15.6,70.0,on,43,14,36,13,,,,
2017-12-18,07:08,329,,,1,67.5,70.8,on,47,15,34,13
2017-12-18,07:09,331,,,0,15.6,70.0,on,43,14,36,13,,,,
2017-12-18,07:09,329,,,1,67.5,70.8,on,47,15,34,13
2017-12-18,07:09,331,,,0,15.6,70.0,on,43,14,36,13,,,,
2017-12-18,07:09,329,,,1,67.5,70.8,on,47,15,34,13
2017-12-18,07:09,331,,,0,15.6,70.0,on,43,14,36,13,,,,
2017-12-18,07:09,329,,,1,67.5,70.8,on,47,15,34,13
2017-12-18,07:10,331,,,0,15.6,70.0,on,43,14,36,13,,,,
2017-12-18,07:10,329,,,1,67.5,70.8,on,47,15,34,13
2017-12-18,07:10,331,,,0,15.6,70.0,on,43,14,36,13,,,,
2017-12-18,07:10,329,,,1,67.5,70.8,on,47,15,34,13
2017-12-18,07:10,331,,,0,15.6,70.0,on,43,14,36,13,,,,
2017-12-18,07:10,329,,,1,67.5,70.8,on,47,15,34,13
2017-12-18,07:11,331,,,0,15.6,70.0,on,43,14,36,13,,,,
2017-12-18,07:11,329,,,1,67.5,70.8,on,47,15,34,13
2017-12-18,07:11,331,,,0,15.6,70.0,on,43,14,36,13,,,,
2017-12-18,07:11,329,,,1,67.5,70.8,on,47,15,34,13
2017-12-18,07:11,331,,,0,15.6,70.0,on,43,14,36,13,,,,
2017-12-18,07:11,329,,,1,67.5,70.8,on,47,15,34,13
2017-12-18,07:12,331,,,0,15.6,70.0,on,43,14,36,13,,,,
2017-12-18,07:12,329,,,1,67.5,70.8,on,47,15,34,13
2017-12-18,07:12,331,,,0,15.6,70.0,on,43,14,36,13,,,,
2017-12-18,07:12,329,,,1,67.5,70.8,on,47,15,34,13
2017-12-18,07:12,331,,,0,15.6,70.0,on,43,14,36,13,,,,
2017-12-18,07:12,329,,,1,67.5,70.8,on,47,15,34,13
2017-12-18,07:12,331,,,0,15.6,70.0,on,43,14,36,13,,,,
2017-12-18,07:13,329,,,1,67.5,70.8,on,47,15,34,13
2017-12-18,07:13,331,,,0,15.6,70.0,on,43,14,36,13,,,,
2017-12-18,07:13,329,,,1,67.5,70.8,on,47,15,34,13
2017-12-18,07:13,331,,,0,15.6,70.0,on,43,14,36,13,,,,
2017-12-18,07:13,329,,,1,67.5,70.8,on,47,15,34,13
2017-12-18,07:13,331,,,0,15.6,70.0,on,43,14,36,13,,,,
2017-12-18,07:14,329,,,1,67.5,70.8,on,47,15,34,13
2017-12-18,07:14,331,,,0,15.6,70.0,on,43,14,36,13,,,,
2017-12-18,07:14,329,,,1,67.5,70.8,on,47,15,34,13
2017-12-18,07:14,331,,,0,15.6,70.0,on,43,14,36,13,,,,
2017-12-18,07:14,329,,,1,67.5,70.8,on,47,15,34,13
2017-12-18,07:14,331,,,0,15.6,70.0,on,43,14,36,13,,,,
2017-12-18,07:15,329,,,1,67.5,70.8,on,47,15,34,13
2017-12-18,07:15,331,,,0,15.6,70.0,on,43,14,36,13,,,,
2017-12-18,07:15,329,,,1,67.5,70.8,on,47,15,34,13
2017-12-18,07:15,331,,,0,15.6,70.0,on,43,14,36,13,,,,
2017-12-18,07:15,329,,,1,67.5,70.8,on,47,15,34,13
2017-12-18,07:15,331,,,0,15.6,70.0,on,43,14,36,13,,,,
2017-12-18,07:16,329,,,1,67.5,70.8,on,47,15,34,13
2017-12-18,07:16,331,,,0,15.6,70.0,on,43,14,36,13,,,,
2017-12-18,07:16,329,,,1,67.5,70.8,on,47,15,34,13
2017-12-18,07:16,331,,,0,15.6,70.0,on,43,14,36,13,,,,
2017-12-18,07:16,329,,,1,67.5,70.8,on,47,15,34,13
2017-12-18,07:16,331,,,0,15.6,70.0,on,43,14,36,13,,,,
2017-12-18,07:17,329,,,1,67.5,70.8,on,47,15,34,13
2017-12-18,07:17,331,,,0,15.6,70.0,on,43,14,36,13,,,,
2017-12-18,07:17,329,,,1,67.5,70.8,on,47,15,34,13
2017-12-18,07:17,331,,,0,15.6,70.0,on,43,14,36,13,,,,
2017-12-18,07:17,329,,,1,67.5,70.8,on,47,15,34,13
2017-12-18,07:17,331,,,0,15.6,70.0,on,43,14,36,13,,,,
2017-12-18,07:18,329,,,1,67.5,70.8,on,47,15,34,13
2017-12-18,07:18,331,,,0,15.6,70.0,on,43,14,36,13,,,,
2017-12-18,07:18,329,,,1,67.5,70.8,on,47,15,34,13
2017-12-18,07:18,331,,,0,15.6,70.0,on,43,14,36,13,,,,
2017-12-18,07:18,329,,,1,67.5,70.8,on,47,15,34,13
2017-12-18,07:18,331,,,0,15.6,70.0,on,43,14,36,13,,,,
2017-12-18,07:19,329,,,1,67.5,70.8,on,47,15,34,13
2017-12-18,07:19,331,,,0,15.6,70.0,on,43,14,36,13,,,,
2017-12-18,07:19,329,,,1,67.5,70.8,on,47,15,34,13
2017-12-18,07:19,331,,,0,15.6,70.0,on,43,14,36,13,,,,
2017-12-18,07:19,329,,,1,67.5,70.8,on,47,15,34,13
2017-12-18,07:19,331,,,0,15.6,70.0,on,43,14,36,13,,,,
2017-12-18,07:20,329,,,1,67.5,70.8,on,47,15,34,13
2017-12-18,07:20,331,,,0,15.6,70.0,on,43,14,36,13,,,,
2017-12-18,07:20,329,,,1,67.5,70.8,on,47,15,34,13
2017-12-18,07:20,331,,,0,15.6,70.0,on,43,14,36,13,,,,
2017-12-18,07:20,329,,,1,67.5,70.8,on,47,15,34,13
2017-12-18,07:20,331,,,0,15.6,70.0,on,43,14,36,13,,,,
2017-12-18,07:21,329,,,1,67.5,70.8,on,47,15,34,13
2017-12-18,07:21,331,,,0,15.6,70.0,on,43,14,36,13,,,,
2017-12-18,07:21,329,,,1,67.5,70.8,on,47,15,34,13
2017-12-18,07:21,331,,,0,15.6,70.0,on,43,14,36,13,,,,
2017-12-18,07:21,329,,,1,67.5,70.8,on,47,15,34,13
2017-12-18,07:21,331,,,0,15.6,70.0,on,43,14,36,13,,,,
2017-12-18,07:21,329,,,1,67.5,70.8,on,47,15,34,13
2017-12-18,07:22,331,,,0,15.6,70.0,on,43,14,36,13,,,,
2017-12-18,07:22,329,,,1,67.5,70.8,on,47,15,34,13
2017-12-18,07:22,331,,,0,15.6,70.0,on,43,14,36,13,,,,
2017-12-18,07:22,329,,,1,67.5,70.8,on,47,15,34,13
2017-12-18,07:22,331,,,0,15.6,70.0,on,43,14,36,13,,,,
2017-12-18,07:22,329,,,1,67.5,70.8,on,47,15,34,13
2017-12-18,07:23,331,,,0,15.6,70.0,on,43,14,36,13,,,,
2017-12-18,07:23,329,,,1,67.5,70.8,on,47,15,34,13
2017-12-18,07:23,331,,,0,15.6,70.0,on,43,14,36,13,,,,
2017-12-18,07:23,329,,,1,67.5,70.8,on,47,15,34,13
2017-12-18,07:23,331,,,0,15.6,70.0,on,43,14,36,13,,,,
2017-12-18,07:23,329,,,1,67.5,70.8,on,47,15,34,13
2017-12-18,07:24,331,,,0,15.6,70.0,on,43,14,36,13,,,,
2017-12-18,07:24,329,,,1,67.5,70.8,on,47,15,34,13
2017-12-18,07:24,331,,,0,15.6,70.0,on,43,14,36,13,,,,
2017-12-18,07:24,329,,,1,67.5,70.8,on,47,15,34,13
2017-12-18,07:24,331,,,0,15.6,70.0,on,43,14,36,13,,,,
2017-12-18,07:24,329,,,1,67.5,70.8,on,47,15,34,13
2017-12-18,07:25,331,,,0,15.6,70.0,on,43,14,36,13,,,,
2017-12-18,07:25,329,,,1,67.5,70.8,on,47,15,34,13
2017-12-18,07:25,331,,,0,15.6,70.0,on,43,14,36,13,,,,
2017-12-18,07:25,329,,,1,67.5,70.8,on,47,15,34,13
2017-12-18,07:25,331,,,0,15.6,70.0,on,43,14,36,13,,,,
2017-12-18,07:25,329,,,1,67.5,70.8,on,47,15,34,13
2017-12-18,07:26,331,,,0,15.6,70.0,on,43,14,36,13,,,,
2017-12-18,07:26,329,,,1,67.5,70.8,on,47,15,34,13
2017-12-18,07:26,331,,,0,15.6,70.0,on,43,14,36,13,,,,
2017-12-18,07:26,329,,,1,67.5,70.8,on,47,15,34,13
2017-12-18,07:26,331,,,0,15.6,70.0,on,43,14,36,13,,,,
2017-12-18,07:26,329,,,1,67.5,70.8,on,47,15,34,13
2017-12-18,07:26,331,,,0,15.6,70.0,on,43,14,36,13,,,,
2017-12-18,07:27,329,,,1,67.5,70.8,on,47,15,34,13
2017-12-18,07:27,331,,,0,15.6,70.0,on,43,14,36,13,,,,
2017-12-18,07:27,329,,,1,67.5,70.8,on,47,15,34,13
2017-12-18,07:27,331,,,0,15.6,70.0,on,43,14,36,13,,,,
2017-12-18,07:27,329,,,1,67.5,70.8,on,47,15,34,13
2017-12-18,07:27,331,,,0,15.6,70.0,on,43,14,36,13,,,,
2017-12-18,07:28,329,,,1,67.5,70.8,on,47,15,34,13
2017-12-18,07:28,331,,,0,15.6,70.0,on,43,14,36,13,,,,
2017-12-18,07:28,329,,,1,67.5,70.8,on,47,15,34,13
2017-12-18,07:28,331,,,0,15.6,70.0,on,43,14,36,13,,,,
2017-12-18,07:28,329,,,1,67.5,70.8,on,47,15,34,13
2017-12-18,07:28,331,,,0,15.6,70.0,on,43,14,36,13,,,,
2017-12-18,07:29,329,,,1,67.5,70.8,on,47,15,34,13
2017-12-18,07:29,331,,,0,15.6,70.0,on,43,14,36,13,,,,
2017-12-18,07:29,329,,,1,67.5,70.8,on,47,15,34,13
2017-12-18,07:29,331,,,0,15.6,70.0,on,43,14,36,13,,,,
2017-12-18,07:29,329,,,1,67.5,70.8,on,47,15,34,13
2017-12-18,07:29,331,,,0,15.6,70.0,on,43,14,36,13,,,,
2017-12-18,07:30,329,,,1,67.5,70.8,on,47,15,34,13
2017-12-18,07:30,331,,,0,15.6,70.0,on,43,14,36,13,,,,
2017-12-18,07:30,329,,,1,67.5,70.8,on,47,15,34,13
2017-12-18,07:30,331,,,0,15.6,70.0,on,43,14,36,13,,,,
2017-12-18,07:30,329,,,1,67.5,70.8,on,47,15,34,13
2017-12-18,07:30,331,,,0,15.6,70.0,on,43,14,36,13,,,,
2017-12-18,07:31,329,,,1,67.5,70.8,on,47,15,34,13
2017-12-18,07:31,331,,,0,15.6,70.0,on,43,14,36,13,,,,
2017-12-18,07:31,329,,,1,67.5,70.8,on,47,15,34,13
2017-12-18,07:31,331,,,0,15.6,70.0,on,43,14,36,13,,,,
2017-12-18,07:31,329,,,1,67.5,70.8,on,47,15,34,13
2017-12-18,07:31,331,,,0,15.6,70.0,on,43,14,36,13,,,,
2017-12-18,07:32,329,,,1,67.5,70.8,on,47,15,34,13
2017-12-18,07:32,331,,,0,15.6,70.0,on,43,14,36,13,,,,
2017-12-18,07:32,329,,,1,67.5,70.8,on,47,15,34,13
2017-12-18,07:32,331,,,0,15.6,70.0,on,43,14,36,13,,,,
2017-12-18,07:32,329,,,1,67.5,70.8,on,47,15,34,13
2017-12-18,07:32,331,,,0,15.6,70.0,on,43,14,36,13,,,,
2017-12-18,07:33,329,,,1,67.5,70.8,on,47,15,34,13
2017-12-18,07:33,331,,,0,15.6,70.0,on,43,14,36,13,,,,
2017-12-18,07:33,329,,,1,67.5,70.8,on,47,15,34,13
2017-12-18,07:33,331,,,0,15.6,70.0,on,43,14,36,13,,,,
2017-12-18,07:33,329,,,1,67.5,70.8,on,47,15,34,13
2017-12-18,07:33,331,,,0,15.6,70.0,on,43,14,36,13,,,,
2017-12-18,07:34,329,,,1,67.5,70.8,on,47,15,34,13
2017-12-18,07:34,331,,,0,15.6,70.0,on,43,14,36,13,,,,
2017-12-18,07:34,329,,,1,67.5,70.8,on,47,15,34,13
2017-12-18,07:34,331,,,0,15.6,70.0,on,43,14,36,13,,,,
2017-12-18,07:34,329,,,1,67.5,70.8,on,47,15,34,13
2017-12-18,07:34,331,,,0,15.6,70.0,on,43,14,36,13,,,,
2017-12-18,07:35,329,,,1,67.5,70.8,on,47,15,34,13
2017-12-18,07:35,331,,,0,15.6,70.0,on,43,14,36,13,,,,
2017-12-18,07:35,329,,,1,67.5,70.8,on,47,15,34,13
2017-12-18,07:35,331,,,0,15.6,70.0,on,43,14,36,13,,,,
2017-12-18,07:35,329,,,1,67.5,70.8,on,47,15,34,13
2017-12-18,07:35,331,,,0,15.6,70.0,on,43,14,36,13,,,,
2017-12-18,07:35,329,,,1,67.5,70.8,on,47,15,34,13
2017-12-18,07:36,331,,,0,15.6,70.0,on,43,14,36,13,,,,
2017-12-18,07:36,329,,,1,67.5,70.8,on,47,15,34,13
2017-12-18,07:36,331,,,0,15.6,70.0,on,43,14,36,13,,,,
2017-12-18,07:36,329,,,1,67.5,70.8,on,47,15,34,13
2017-12-18,07:36,331,,,0,15.6,70.0,on,43,14,36,13,,,,
2017-12-18,07:36,329,,,1,67.5,70.8,on,47,15,34,13
2017-12-18,07:37,331,,,0,15.6,70.0,on,43,14,36,13,,,,
2017-12-18,07:37,329,,,1,67.5,70.8,on,47,15,34,13
2017-12-18,07:37,331,,,0,15.6,70.0,on,43,14,36,13,,,,
2017-12-18,07:37,329,,,1,67.5,70.8,on,47,15,34,13
2017-12-18,07:37,331,,,0,15.6,70.0,on,43,14,36,13,,,,
2017-12-18,07:37,329,,,1,67.5,70.8,on,47,15,34,13
2017-12-18,07:38,331,,,0,15.6,70.0,on,43,14,36,13,,,,
2017-12-18,07:38,329,,,1,67.5,70.8,on,47,15,34,13
2017-12-18,07:38,331,,,0,15.6,70.0,on,43,14,36,13,,,,
2017-12-18,07:38,329,,,1,67.5,70.8,on,47,15,34,13
2017-12-18,07:38,331,,,0,15.6,70.0,on,43,14,36,13,,,,
2017-12-18,07:38,329,,,1,67.5,70.8,on,47,15,34,13
2017-12-18,07:39,331,,,0,15.6,70.0,on,43,14,36,13,,,,
2017-12-18,07:39,329,,,1,67.5,70.8,on,47,15,34,13
2017-12-18,07:39,331,,,0,15.6,70.0,on,43,14,36,13,,,,
2017-12-18,07:39,329,,,1,67.5,70.8,on,47,15,34,13
2017-12-18,07:39,331,,,0,15.6,70.0,on,43,14,36,13,,,,
2017-12-18,07:39,329,,,1,67.5,70.8,on,47,15,34,13
2017-12-18,07:40,331,,,0,15.6,70.0,on,43,14,36,13,,,,
2017-12-18,07:40,329,,,1,67.5,70.8,on,47,15,34,13
2017-12-18,07:40,331,,,0,15.6,70.0,on,43,14,36,13,,,,
2017-12-18,07:40,329,,,1,67.5,70.8,on,47,15,34,13
2017-12-18,07:40,331,,,0,15.6,70.0,on,43,14,36,13,,,,
2017-12-18,07:40,329,,,1,67.5,70.8,on,47,15,34,13
2017-12-18,07:40,331,,,0,15.6,70.0,on,43,14,36,13,,,,
2017-12-18,07:41,329,,,1,67.5,70.8,on,47,15,34,13
2017-12-18,07:41,331,,,0,15.6,70.0,on,43,14,36,13,,,,
2017-12-18,07:41,329,,,1,67.5,70.8,on,47,15,34,13
2017-12-18,07:41,331,,,0,15.6,70.0,on,43,14,36,13,,,,
2017-12-18,07:41,329,,,1,67.5,70.8,on,47,15,34,13
2017-12-18,07:41,331,,,0,15.6,70.0,on,43,14,36,13,,,,
2017-12-18,07:42,329,,,1,67.5,70.8,on,47,15,34,13
2017-12-18,07:42,331,,,0,15.6,70.0,on,43,14,36,13,,,,
2017-12-18,07:42,329,,,1,67.5,70.8,on,47,15,34,13
2017-12-18,07:42,331,,,0,15.6,70.0,on,43,14,36,13,,,,
2017-12-18,07:42,329,,,1,67.5,70.8,on,47,15,34,13
2017-12-18,07:42,331,,,0,15.6,70.0,on,43,14,36,13,,,,
2017-12-18,07:43,329,,,1,67.5,70.8,on,47,15,34,13
2017-12-18,07:43,331,,,0,15.6,70.0,on,43,14,36,13,,,,
2017-12-18,07:43,329,,,1,67.5,70.8,on,47,15,34,13
2017-12-18,07:43,331,,,0,15.6,70.0,on,43,14,36,13,,,,
2017-12-18,07:43,329,,,1,67.5,70.8,on,47,15,34,13
2017-12-18,07:43,331,,,0,15.6,70.0,on,43,14,36,13,,,,
2017-12-18,07:44,329,,,1,67.5,70.8,on,47,15,34,13
2017-12-18,07:44,331,,,0,15.6,70.0,on,43,14,36,13,,,,
2017-12-18,07:44,329,,,1,67.5,70.8,on,47,15,34,13
2017-12-18,07:44,331,,,0,15.6,70.0,on,43,14,36,13,,,,
2017-12-18,07:44,329,,,1,67.5,70.8,on,47,15,34,13
2017-12-18,07:44,331,,,0,15.6,70.0,on,43,14,36,13,,,,
2017-12-18,07:45,329,,,1,67.5,70.8,on,47,15,34,13
2017-12-18,07:45,331,,,0,15.6,70.0,on,43,14,36,13,,,,
2017-12-18,07:45,329,,,1,67.5,70.8,on,47,15,34,13
2017-12-18,07:45,331,,,0,15.6,70.0,on,43,14,36,13,,,,
2017-12-18,07:45,329,,,1,67.5,70.8,on,47,15,34,13
2017-12-18,07:45,331,,,0,15.6,70.0,on,43,14,36,13,,,,
2017-12-18,07:46,329,,,1,67.5,70.8,on,47,15,34,13
2017-12-18,07:46,331,,,0,15.6,70.0,on,43,14,36,13,,,,
2017-12-18,07:46,329,,,1,67.5,70.8,on,47,15,34,13
2017-12-18,07:46,331,,,0,15.6,70.0,on,43,14,36,13,,,,
2017-12-18,07:46,329,,,1,67.5,70.8,on,47,15,34,13
2017-12-18,07:46,331,,,0,15.6,70.0,on,43,14,36,13,,,,
2017-12-18,07:47,329,,,1,67.5,70.8,on,47,15,34,13
2017-12-18,07:47,331,,,0,15.6,70.0,on,43,14,36,13,,,,
2017-12-18,07:47,329,,,1,67.5,70.8,on,47,15,34,13
2017-12-18,07:47,331,,,0,15.6,70.0,on,43,14,36,13,,,,
2017-12-18,07:47,329,,,1,67.5,70.8,on,47,15,34,13
2017-12-18,07:47,331,,,0,15.6,70.0,on,43,14,36,13,,,,
2017-12-18,07:48,329,,,1,67.5,70.8,on,47,15,34,13
2017-12-18,07:48,331,,,0,15.6,70.0,on,43,14,36,13,,,,
2017-12-18,07:48,329,,,1,67.5,70.8,on,47,15,34,13
2017-12-18,07:48,331,,,0,15.6,70.0,on,43,14,36,13,,,,
2017-12-18,07:48,329,,,1,67.5,70.8,on,47,15,34,13
2017-12-18,07:48,331,,,0,15.6,70.0,on,43,14,36,13,,,,
2017-12-18,07:49,329,,,1,67.5,70.8,on,47,15,34,13
2017-12-18,07:49,331,,,0,15.6,70.0,on,43,14,36,13,,,,
2017-12-18,07:49,329,,,1,67.5,70.8,on,47,15,34,13
2017-12-18,07:49,331,,,0,15.6,70.0,on,43,14,36,13,,,,
2017-12-18,07:49,329,,,1,67.5,70.8,on,47,15,34,13
2017-12-18,07:49,331,,,0,15.6,70.0,on,43,14,36,13,,,,
2017-12-18,07:49,329,,,1,67.5,70.8,on,47,15,34,13
2017-12-18,07:50,331,,,0,15.6,70.0,on,43,14,36,13,,,,
2017-12-18,07:50,329,,,1,67.5,70.8,on,47,15,34,13
2017-12-18,07:50,331,,,0,15.6,70.0,on,43,14,36,13,,,,
2017-12-18,07:50,329,,,1,67.5,70.8,on,47,15,34,13
2017-12-18,07:50,331,,,0,15.6,70.0,on,43,14,36,13,,,,
2017-12-18,07:50,329,,,1,67.5,70.8,on,47,15,34,13
2017-12-18,07:51,331,,,0,15.6,70.0,on,43,14,36,13,,,,
2017-12-18,07:51,329,,,1,67.5,70.8,on,47,15,34,13
2017-12-18,07:51,331,,,0,15.6,70.0,on,43,14,36,13,,,,
2017-12-18,07:51,329,,,1,67.5,70.8,on,47,15,34,13
2017-12-18,07:51,331,,,0,15.6,70.0,on,43,14,36,13,,,,
2017-12-18,07:51,329,,,1,67.5,70.8,on,47,15,34,13
2017-12-18,07:52,331,,,0,15.6,70.0,on,43,14,36,13,,,,
2017-12-18,07:52,329,,,1,67.5,70.8,on,47,15,34,13
2017-12-18,07:52,331,,,0,15.6,70.0,on,43,14,36,13,,,,
2017-12-18,07:52,329,,,1,67.5,70.8,on,47,15,34,13
2017-12-18,07:52,331,,,0,15.6,70.0,on,43,14,36,13,,,,
2017-12-18,07:52,329,,,1,67.5,70.8,on,47,15,34,13
2017-12-18,07:53,331,,,0,15.6,70.0,on,43,14,36,13,,,,
2017-12-18,07:53,329,,,1,67.5,70.8,on,47,15,34,13
2017-12-18,07:53,331,,,0,15.6,70.0,on,43,14,36,13,,,,
2017-12-18,07:53,329,,,1,67.5,70.8,on,47,15,34,13
2017-12-18,07:53,331,,,0,15.6,70.0,on,43,14,36,13,,,,
2017-12-18,07:53,329,,,1,67.5,70.8,on,47,15,34,13
2017-12-18,07:54,331,,,0,15.6,70.0,on,43,14,36,13,,,,
2017-12-18,07:54,329,,,1,67.5,70.8,on,47,15,34,13
2017-12-18,07:54,331,,,0,15.6,70.0,on,43,14,36,13,,,,
2017-12-18,07:54,329,,,1,67.5,70.8,on,47,15,34,13
2017-12-18,07:54,331,,,0,15.6,70.0,on,43,14,36,13,,,,
2017-12-18,07:54,329,,,1,67.5,70.8,on,47,15,34,13
2017-12-18,07:54,331,,,0,15.6,70.0,on,43,14,36,13,,,,
2017-12-18,07:55,329,,,1,67.5,70.8,on,47,15,34,13
2017-12-18,07:55,331,,,0,15.6,70.0,on,43,14,36,13,,,,
2017-12-18,07:55,329,,,1,67.5,70.8,on,47,15,34,13
2017-12-18,07:55,331,,,0,15.6,70.0,on,43,14,36,13,,,,
2017-12-18,07:55,329,,,1,67.5,70.8,on,47,15,34,13
2017-12-18,07:55,331,,,0,15.6,70.0,on,43,14,36,13,,,,
2017-12-18,07:56,329,,,1,67.5,70.8,on,47,15,34,13
2017-12-18,07:56,331,,,0,15.6,70.0,on,43,14,36,13,,,,
2017-12-18,07:56,329,,,1,67.5,70.8,on,47,15,34,13
2017-12-18,07:56,331,,,0,15.6,70.0,on,43,14,36,13,,,,
2017-12-18,07:56,329,,,1,67.5,70.8,on,47,15,34,13
2017-12-18,07:56,331,,,0,15.6,70.0,on,43,14,36,13,,,,
2017-12-18,07:57,329,,,1,67.5,70.8,on,47,15,34,13
2017-12-18,07:57,331,,,0,15.6,70.0,on,43,14,36,13,,,,
2017-12-18,07:57,329,,,1,67.5,70.8,on,47,15,34,13
2017-12-18,07:57,331,,,0,15.6,70.0,on,43,14,36,13,,,,
2017-12-18,07:57,329,,,1,67.5,70.8,on,47,15,34,13
2017-12-18,07:57,331,,,0,15.6,70.0,on,43,14,36,13,,,,
2017-12-18,07:58,329,,,1,67.5,70.8,on,47,15,34,13
2017-12-18,07:58,331,,,0,15.6,70.0,on,43,14,36,13,,,,
2017-12-18,07:58,329,,,1,67.5,70.8,on,47,15,34,13
2017-12-18,07:58,331,,,0,15.6,70.0,on,43,14,36,13,,,,
2017-12-18,07:58,329,,,1,67.5,70.8,on,47,15,34,13
2017-12-18,07:58,331,,,0,15.6,70.0,on,43,14,36,13,,,,
2017-12-18,07:59,329,,,1,67.5,70.8,on,47,15,34,13
2017-12-18,07:59,331,,,0,15.6,70.0,on,43,14,36,13,,,,
2017-12-18,07:59,329,,,1,67.5,70.8,on,47,15,34,13
2017-12-18,07:59,331,,,0,15.6,70.0,on,43,14,36,13,,,,
2017-12-18,07:59,329,,,1,67.5,70.8,on,47,15,34,13
2017-12-18,07:59,331,,,0,15.6,70.0,on,43,14,36,13,,,,
2017-12-18,08:00,329,,,1,67.5,70.8,on,47,15,34,13
2017-12-18,08:00,331,,,0,15.6,70.0,on,43,14,36,13,,,,
2017-12-18,08:00,329,,,1,67.5,70.8,on,47,15,34,13
2017-12-18,08:00,331,,,0,15.6,70.0,on,43,14,36,13,,,,
2017-12-18,08:00,329,,,1,67.5,70.8,on,47,15,34,13
2017-12-18,08:00,331,,,0,15.6,70.0,on,43,14,36,13,,,,
2017-12-18,08:01,329,,,1,67.5,70.8,on,47,15,34,13
2017-12-18,08:01,331,,,0,15.6,70.0,on,43,14,36,13,,,,
2017-12-18,08:01,329,,,1,67.5,70.8,on,47,15,34,13
2017-12-18,08:01,331,,,0,15.6,70.0,on,43,14,36,13,,,,
2017-12-18,08:01,329,,,1,67.5,70.8,on,47,15,34,13
2017-12-18,08:01,331,,,0,15.6,70.0,on,43,14,36,13,,,,
2017-12-18,08:02,329,,,1,67.5,70.8,on,47,15,34,13
2017-12-18,08:02,331,,,0,15.6,70.0,on,43,14,36,13,,,,
2017-12-18,08:02,329,,,1,67.5,70.8,on,47,15,34,13
2017-12-18,08:02,331,,,0,15.6,70.0,on,43,14,36,13,,,,
2017-12-18,08:02,329,,,1,67.5,70.8,on,47,15,34,13
2017-12-18,08:02,331,,,0,15.6,70.0,on,43,14,36,13,,,,
2017-12-18,08:03,329,,,1,67.5,70.8,on,47,15,34,13
2017-12-18,08:03,331,,,0,15.6,70.0,on,43,14,36,13,,,,
2017-12-18,08:03,329,,,1,67.5,70.8,on,47,15,34,13
2017-12-18,08:03,331,,,0,15.6,70.0,on,43,14,36,13,,,,
2017-12-18,08:03,329,,,1,67.5,70.8,on,47,15,34,13
2017-12-18,08:03,331,,,0,15.6,70.0,on,43,14,36,13,,,,
2017-12-18,08:03,329,,,1,67.5,70.8,on,47,15,34,13
2017-12-18,08:04,331,,,0,15.6,70.0,on,43,14,36,13,,,,
2017-12-18,08:04,329,,,1,67.5,70.8,on,47,15,34,13
2017-12-18,08:04,331,,,0,15.6,70.0,on,43,14,36,13,,,,
2017-12-18,08:04,329,,,1,67.5,70.8,on,47,15,34,13
2017-12-18,08:04,331,,,0,15.6,70.0,on,43,14,36,13,,,,
2017-12-18,08:04,329,,,1,67.5,70.8,on,47,15,34,13
2017-12-18,08:05,331,,,0,15.6,70.0,on,43,14,36,13,,,,
2017-12-18,08:05,329,,,1,67.5,70.8,on,47,15,34,13
2017-12-18,08:05,331,,,0,15.6,70.0,on,43,14,36,13,,,,
2017-12-18,08:05,329,,,1,67.5,70.8,on,47,15,34,13
2017-12-18,08:05,331,,,0,15.6,70.0,on,43,14,36,13,,,,
2017-12-18,08:05,329,,,1,67.5,70.8,on,47,15,34,13
2017-12-18,08:06,331,,,0,15.6,70.0,on,43,14,36,13,,,,
2017-12-18,08:06,329,,,1,67.5,70.8,on,47,15,34,13
2017-12-18,08:06,331,,,0,15.6,70.0,on,43,14,36,13,,,,
2017-12-18,08:06,329,,,1,67.5,70.8,on,47,15,34,13
2017-12-18,08:06,331,,,0,15.6,70.0,on,43,14,36,13,,,,
2017-12-18,08:06,329,,,1,67.5,70.8,on,47,15,34,13
2017-12-18,08:07,331,,,0,15.6,70.0,on,43,14,36,13,,,,
2017-12-18,08:07,329,,,1,67.5,70.8,on,47,15,34,13
2017-12-18,08:07,331,,,0,15.6,70.0,on,43,14,36,13,,,,
2017-12-18,08:07,329,,,1,67.5,70.8,on,47,15,34,13
2017-12-18,08:07,331,,,0,15.6,70.0,on,43,14,36,13,,,,
2017-12-18,08:07,329,,,1,67.5,70.8,on,47,15,34,13
2017-12-18,08:08,331,,,0,15.6,70.0,on,43,14,36,13,,,,
2017-12-18,08:08,329,,,1,67.5,70.8,on,47,15,34,13
2017-12-18,08:08,331,,,0,15.6,70.0,on,43,14,36,13,,,,
2017-12-18,08:08,329,,,1,67.5,70.8,on,47,15,34,13
2017-12-18,08:08,331,,,0,15.6,70.0,on,43,14,36,13,,,,
2017-12-18,08:08,329,,,1,67.5,70.8,on,47,15,34,13
2017-12-18,08:08,331,,,0,15.6,70.0,on,43,14,36,13,,,,
2017-12-18,08:09,329,,,1,67.5,70.8,on,47,15,34,13
2017-12-18,08:09,331,,,0,15.6,70.0,on,43,14,36,13,,,,
2017-12-18,08:09,329,,,1,67.5,70.8,on,47,15,34,13
2017-12-18,08:09,331,,,0,15.6,70.0,on,43,14,36,13,,,,
2017-12-18,08:09,329,,,1,67.5,70.8,on,47,15,34,13
2017-12-18,08:09,331,,,0,15.6,70.0,on,43,14,36,13,,,,
2017-12-18,08:10,329,,,1,67.5,70.8,on,47,15,34,13
2017-12-18,08:10,331,,,0,15.6,70.0,on,43,14,36,13,,,,
2017-12-18,08:10,329,,,1,67.5,70.8,on,47,15,34,13
2017-12-18,08:10,331,,,0,15.6,70.0,on,43,14,36,13,,,,
2017-12-18,08:10,329,,,1,67.5,70.8,on,47,15,34,13
2017-12-18,08:10,331,,,0,15.6,70.0,on,43,14,36,13,,,,
2017-12-18,08:11,329,,,1,67.5,70.8,on,47,15,34,13
2017-12-18,08:11,331,,,0,15.6,70.0,on,43,14,36,13,,,,
2017-12-18,08:11,329,,,1,67.5,70.8,on,47,15,34,13
2017-12-18,08:11,331,,,0,15.6,70.0,on,43,14,36,13,,,,
2017-12-18,08:11,329,,,1,67.5,70.8,on,47,15,34,13
2017-12-18,08:11,331,,,0,15.6,70.0,on,43,14,36,13,,,,
2017-12-18,08:12,329,,,1,67.5,70.8,on,47,15,34,13
2017-12-18,08:12,331,,,0,15.6,70.0,on,43,14,36,13,,,,
2017-12-18,08:12,329,,,1,67.5,70.8,on,47,15,34,13
2017-12-18,08:12,331,,,0,15.6,70.0,on,43,14,36,13,,,,
2017-12-18,08:12,329,,,1,67.5,70.8,on,47,15,34,13
2017-12-18,08:12,331,,,0,15.6,70.0,on,43,14,36,13,,,,
2017-12-18,08:13,329,,,1,67.5,70.8,on,47,15,34,13
2017-12-18,08:13,331,,,0,15.6,70.0,on,43,14,36,13,,,,
2017-12-18,08:13,329,,,1,67.5,70.8,on,47,15,34,13
2017-12-18,08:13,331,,,0,15.6,70.0,on,43,14,36,13,,,,
2017-12-18,08:13,329,,,1,67.5,70.8,on,47,15,34,13
2017-12-18,08:13,331,,,0,15.6,70.0,on,43,14,36,13,,,,
2017-12-18,08:14,329,,,1,67.5,70.8,on,47,15,34,13
2017-12-18,08:14,331,,,0,15.6,70.0,on,43,14,36,13,,,,
2017-12-18,08:14,329,,,1,67.5,70.8,on,47,15,34,13
2017-12-18,08:14,331,,,0,15.6,70.0,on,43,14,36,13,,,,
2017-12-18,08:14,329,,,1,67.5,70.8,on,47,15,34,13
2017-12-18,08:14,331,,,0,15.6,70.0,on,43,14,36,13,,,,
2017-12-18,08:15,329,,,1,67.5,70.8,on,47,15,34,13
2017-12-18,08:15,331,,,0,15.6,70.0,on,43,14,36,13,,,,
2017-12-18,08:15,329,,,1,67.5,70.8,on,47,15,34,13
2017-12-18,08:15,331,,,0,15.6,70.0,on,43,14,36,13,,,,
2017-12-18,08:15,329,,,1,67.5,70.8,on,47,15,34,13
2017-12-18,08:15,331,,,0,15.6,70.0,on,43,14,36,13,,,,
2017-12-18,08:16,329,,,1,67.5,70.8,on,47,15,34,13
2017-12-18,08:16,331,,,0,15.6,70.0,on,43,14,36,13,,,,
2017-12-18,08:16,329,,,1,67.5,70.8,on,47,15,34,13
2017-12-18,08:16,331,,,0,15.6,70.0,on,43,14,36,13,,,,
2017-12-18,08:16,329,,,1,67.5,70.8,on,47,15,34,13
2017-12-18,08:16,331,,,0,15.6,70.0,on,43,14,36,13,,,,
2017-12-18,08:17,329,,,1,67.5,70.8,on,47,15,34,13
2017-12-18,08:17,331,,,0,15.6,70.0,on,43,14,36,13,,,,
2017-12-18,08:17,329,,,1,67.5,70.8,on,47,15,34,13
2017-12-18,08:17,331,,,0,15.6,70.0,on,43,14,36,13,,,,
2017-12-18,08:17,329,,,1,67.5,70.8,on,47,15,34,13
2017-12-18,08:17,331,,,0,15.6,70.0,on,43,14,36,13,,,,
2017-12-18,08:17,329,,,1,67.5,70.8,on,47,15,34,13
2017-12-18,08:18,331,,,0,15.6,70.0,on,43,14,36,13,,,,
2017-12-18,08:18,329,,,1,67.5,70.8,on,47,15,34,13
2017-12-18,08:18,331,,,0,15.6,70.0,on,43,14,36,13,,,,
2017-12-18,08:18,329,,,1,67.5,70.8,on,47,15,34,13
2017-12-18,08:18,331,,,0,15.6,70.0,on,43,14,36,13,,,,
2017-12-18,08:18,329,,,1,67.5,70.8,on,47,15,34,13
2017-12-18,08:19,331,,,0,15.6,70.0,on,43,14,36,13,,,,
2017-12-18,08:19,329,,,1,67.5,70.8,on,47,15,34,13
2017-12-18,08:19,331,,,0,15.6,70.0,on,43,14,36,13,,,,
2017-12-18,08:19,329,,,1,67.5,70.8,on,47,15,34,13
2017-12-18,08:19,331,,,0,15.6,70.0,on,43,14,36,13,,,,
2017-12-18,08:19,329,,,1,67.5,70.8,on,47,15,34,13
2017-12-18,08:20,331,,,0,15.6,70.0,on,43,14,36,13,,,,
2017-12-18,08:20,329,,,1,67.5,70.8,on,47,15,34,13
2017-12-18,08:20,331,,,0,15.6,70.0,on,43,14,36,13,,,,
2017-12-18,08:20,329,,,1,67.5,70.8,on,47,15,34,13
2017-12-18,08:20,331,,,0,15.6,70.0,on,43,14,36,13,,,,
2017-12-18,08:20,329,,,1,67.5,70.8,on,47,15,34,13
2017-12-18,08:21,331,,,0,15.6,70.0,on,43,14,36,13,,,,
2017-12-18,08:21,329,,,1,67.5,70.8,on,47,15,34,13
2017-12-18,08:21,331,,,0,15.6,70.0,on,43,14,36,13,,,,
2017-12-18,08:21,329,,,1,67.5,70.8,on,47,15,34,13
2017-12-18,08:21,331,,,0,15.6,70.0,on,43,14,36,13,,,,
2017-12-18,08:21,329,,,1,67.5,70.8,on,47,15,34,13
2017-12-18,08:22,331,,,0,15.6,70.0,on,43,14,36,13,,,,
2017-12-18,08:22,329,,,1,67.5,70.8,on,47,15,34,13
2017-12-18,08:22,331,,,0,15.6,70.0,on,43,14,36,13,,,,
2017-12-18,08:22,329,,,1,67.5,70.8,on,47,15,34,13
2017-12-18,08:22,331,,,0,15.6,70.0,on,43,14,36,13,,,,
2017-12-18,08:22,329,,,1,67.5,70.8,on,47,15,34,13
2017-12-18,08:23,331,,,0,15.6,70.0,on,43,14,36,13,,,,
2017-12-18,08:23,329,,,1,67.5,70.8,on,47,15,34,13
2017-12-18,08:23,331,,,0,15.6,70.0,on,43,14,36,13,,,,
2017-12-18,08:23,329,,,1,67.5,70.8,on,47,15,34,13
2017-12-18,08:23,331,,,0,15.6,70.0,on,43,14,36,13,,,,
2017-12-18,08:23,329,,,1,67.5,70.8,on,47,15,34,13
2017-12-18,08:23,331,,,0,15.6,70.0,on,43,14,36,13,,,,
2017-12-18,08:24,329,,,1,67.5,70.8,on,47,15,34,13
2017-12-18,08:24,331,,,0,15.6,70.0,on,43,14,36,13,,,,
2017-12-18,08:24,329,,,1,67.5,70.8,on,47,15,34,13
2017-12-18,08:24,331,,,0,15.6,70.0,on,43,14,36,13,,,,
2017-12-18,08:24,329,,,1,67.5,70.8,on,47,15,34,13
2017-12-18,08:24,331,,,0,15.6,70.0,on,43,14,36,13,,,,
2017-12-18,08:25,329,,,1,67.5,70.8,on,47,15,34,13
2017-12-18,08:25,331,,,0,15.6,70.0,on,43,14,36,13,,,,
2017-12-18,08:25,329,,,1,67.5,70.8,on,47,15,34,13
2017-12-18,08:25,331,,,0,15.6,70.0,on,43,14,36,13,,,,
2017-12-18,08:25,329,,,1,67.5,70.8,on,47,15,34,13
2017-12-18,08:25,331,,,0,15.6,70.0,on,43,14,36,13,,,,
2017-12-18,08:26,329,,,1,67.5,70.8,on,47,15,34,13
2017-12-18,08:26,331,,,0,15.6,70.0,on,43,14,36,13,,,,
2017-12-18,08:26,329,,,1,67.5,70.8,on,47,15,34,13
2017-12-18,08:26,331,,,0,15.6,70.0,on,43,14,36,13,,,,
2017-12-18,08:26,329,,,1,67.5,70.8,on,47,15,34,13
2017-12-18,08:26,331,,,0,15.6,70.0,on,43,14,36,13,,,,
2017-12-18,08:27,329,,,1,67.5,70.8,on,47,15,34,13
2017-12-18,08:27,331,,,0,15.6,70.0,on,43,14,36,13,,,,
2017-12-18,08:27,329,,,1,67.5,70.8,on,47,15,34,13
2017-12-18,08:27,331,,,0,15.6,70.0,on,43,14,36,13,,,,
2017-12-18,08:27,329,,,1,67.5,70.8,on,47,15,34,13
2017-12-18,08:27,331,,,0,15.6,70.0,on,43,14,36,13,,,,
2017-12-18,08:28,329,,,1,67.5,70.8,on,47,15,34,13
2017-12-18,08:28,331,,,0,15.6,70.0,on,43,14,36,13,,,,
2017-12-18,08:28,329,,,1,67.5,70.8,on,47,15,34,13
2017-12-18,08:28,331,,,0,15.6,70.0,on,43,14,36,13,,,,
2017-12-18,08:28,329,,,1,67.5,70.8,on,47,15,34,13
2017-12-18,08:28,331,,,0,15.6,70.0,on,43,14,36,13,,,,
2017-12-18,08:29,329,,,1,67.5,70.8,on,47,15,34,13
2017-12-18,08:29,331,,,0,15.6,70.0,on,43,14,36,13,,,,
2017-12-18,08:29,329,,,1,67.5,70.8,on,47,15,34,13
2017-12-18,08:29,331,,,0,15.6,70.0,on,43,14,36,13,,,,
2017-12-18,08:29,329,,,1,67.5,70.8,on,47,15,34,13
2017-12-18,08:29,331,,,0,15.6,70.0,on,43,14,36,13,,,,
2017-12-18,08:30,329,,,1,67.5,70.8,on,47,15,34,13
2017-12-18,08:30,331,,,0,15.6,70.0,on,43,14,36,13,,,,
2017-12-18,08:30,329,,,1,67.5,70.8,on,47,15,34,13
2017-12-18,08:30,331,,,0,15.6,70.0,on,43,14,36,13,,,,
2017-12-18,08:30,329,,,1,67.5,70.8,on,47,15,34,13
2017-12-18,08:30,331,,,0,15.6,70.0,on,43,14,36,13,,,,
2017-12-18,08:31,329,,,1,67.5,70.8,on,47,15,34,13
2017-12-18,08:31,331,,,0,15.6,70.0,on,43,14,36,13,,,,
2017-12-18,08:31,329,,,1,67.5,70.8,on,47,15,34,13
2017-12-18,08:31,331,,,0,15.6,70.0,on,43,14,36,13,,,,
2017-12-18,08:31,329,,,1,67.5,70.8,on,47,15,34,13
2017-12-18,08:31,331,,,0,15.6,70.0,on,43,14,36,13,,,,
2017-12-18,08:31,329,,,1,67.5,70.8,on,47,15,34,13
2017-12-18,08:32,331,,,0,15.6,70.0,on,43,14,36,13,,,,
2017-12-18,08:32,329,,,1,67.5,70.8,on,47,15,34,13
2017-12-18,08:32,331,,,0,15.6,70.0,on,43,14,36,13,,,,
2017-12-18,08:32,329,,,1,67.5,70.8,on,47,15,34,13
2017-12-18,08:32,331,,,0,15.6,70.0,on,43,14,36,13,,,,
2017-12-18,08:32,329,,,1,67.5,70.8,on,47,15,34,13
2017-12-18,08:33,331,,,0,15.6,70.0,on,43,14,36,13,,,,
2017-12-18,08:33,329,,,1,67.5,70.8,on,47,15,34,13
2017-12-18,08:33,331,,,0,15.6,70.0,on,43,14,36,13,,,,
2017-12-18,08:33,329,,,1,67.5,70.8,on,47,15,34,13
2017-12-18,08:33,331,,,0,15.6,70.0,on,43,14,36,13,,,,
2017-12-18,08:33,329,,,1,67.5,70.8,on,47,15,34,13
2017-12-18,08:34,331,,,0,15.6,70.0,on,43,14,36,13,,,,
2017-12-18,08:34,329,,,1,67.5,70.8,on,47,15,34,13
2017-12-18,08:34,331,,,0,15.6,70.0,on,43,14,36,13,,,,
2017-12-18,08:34,329,,,1,67.5,70.8,on,47,15,34,13
2017-12-18,08:34,331,,,0,15.6,70.0,on,43,14,36,13,,,,
2017-12-18,08:34,329,,,1,67.5,70.8,on,47,15,34,13
2017-12-18,08:35,331,,,0,15.6,70.0,on,43,14,36,13,,,,
2017-12-18,08:35,329,,,1,67.5,70.8,on,47,15,34,13
2017-12-18,08:35,331,,,0,15.6,70.0,on,43,14,36,13,,,,
2017-12-18,08:35,329,,,1,67.5,70.8,on,47,15,34,13
2017-12-18,08:35,331,,,0,15.6,70.0,on,43,14,36,13,,,,
2017-12-18,08:35,329,,,1,67.5,70.8,on,47,15,34,13
2017-12-18,08:36,331,,,0,15.6,70.0,on,43,14,36,13,,,,
2017-12-18,08:36,329,,,1,67.5,70.8,on,47,15,34,13
2017-12-18,08:36,331,,,0,15.6,70.0,on,43,14,36,13,,,,
2017-12-18,08:36,329,,,1,67.5,70.8,on,47,15,34,13
2017-12-18,08:36,331,,,0,15.6,70.0,on,43,14,36,13,,,,
2017-12-18,08:36,329,,,1,67.5,70.8,on,47,15,34,13
2017-12-18,08:37,331,,,0,15.6,70.0,on,43,14,36,13,,,,
2017-12-18,08:37,329,,,1,67.5,70.8,on,47,15,34,13
2017-12-18,08:37,331,,,0,15.6,70.0,on,43,14,36,13,,,,
2017-12-18,08:37,329,,,1,67.5,70.8,on,47,15,34,13
2017-12-18,08:37,331,,,0,15.6,70.0,on,43,14,36,13,,,,
2017-12-18,08:37,329,,,1,67.5,70.8,on,47,15,34,13
2017-12-18,08:37,331,,,0,15.6,70.0,on,43,14,36,13,,,,
2017-12-18,08:38,329,,,1,67.5,70.8,on,47,15,34,13
2017-12-18,08:38,331,,,0,15.6,70.0,on,43,14,36,13,,,,
2017-12-18,08:38,329,,,1,67.5,70.8,on,47,15,34,13
2017-12-18,08:38,331,,,0,15.6,70.0,on,43,14,36,13,,,,
2017-12-18,08:38,329,,,1,67.5,70.8,on,47,15,34,13
2017-12-18,08:38,331,,,0,15.6,70.0,on,43,14,36,13,,,,
2017-12-18,08:39,329,,,1,67.5,70.8,on,47,15,34,13
2017-12-18,08:39,331,,,0,15.6,70.0,on,43,14,36,13,,,,
2017-12-18,08:39,329,,,1,67.5,70.8,on,47,15,34,13
2017-12-18,08:39,331,,,0,15.6,70.0,on,43,14,36,13,,,,
2017-12-18,08:39,329,,,1,67.5,70.8,on,47,15,34,13
2017-12-18,08:39,331,,,0,15.6,70.0,on,43,14,36,13,,,,
2017-12-18,08:40,329,,,1,67.5,70.8,on,47,15,34,13
2017-12-18,08:40,331,,,0,15.6,70.0,on,43,14,36,13,,,,
2017-12-18,08:40,329,,,1,67.5,70.8,on,47,15,34,13
2017-12-18,08:40,331,,,0,15.6,70.0,on,43,14,36,13,,,,
2017-12-18,08:40,329,,,1,67.5,70.8,on,47,15,34,13
2017-12-18,08:40,331,,,0,15.6,70.0,on,43,14,36,13,,,,
2017-12-18,08:41,329,,,1,67.5,70.8,on,47,15,34,13
2017-12-18,08:41,331,,,0,15.6,70.0,on,43,14,36,13,,,,
2017-12-18,08:41,329,,,1,67.5,70.8,on,47,15,34,13
2017-12-18,08:41,331,,,0,15.6,70.0,on,43,14,36,13,,,,
2017-12-18,08:41,329,,,1,67.5,70.8,on,47,15,34,13
2017-12-18,08:41,331,,,0,15.6,70.0,on,43,14,36,13,,,,
2017-12-18,08:42,329,,,1,67.5,70.8,on,47,15,34,13
2017-12-18,08:42,331,,,0,15.6,70.0,on,43,14,36,13,,,,
2017-12-18,08:42,329,,,1,67.5,70.8,on,47,15,34,13
2017-12-18,08:42,331,,,0,15.6,70.0,on,43,14,36,13,,,,
2017-12-18,08:42,329,,,1,67.5,70.8,on,47,15,34,13
2017-12-18,08:42,331,,,0,15.6,70.0,on,43,14,36,13,,,,
2017-12-18,08:43,329,,,1,67.5,70.8,on,47,15,34,13
2017-12-18,08:43,331,,,0,15.6,70.0,on,43,14,36,13,,,,
2017-12-18,08:43,329,,,1,67.5,70.8,on,47,15,34,13
2017-12-18,08:43,331,,,0,15.6,70.0,on,43,14,36,13,,,,
2017-12-18,08:43,329,,,1,67.5,70.8,on,47,15,34,13
2017-12-18,08:43,331,,,0,15.6,70.0,on,43,14,36,13,,,,
2017-12-18,08:44,329,,,1,67.5,70.8,on,47,15,34,13
2017-12-18,08:44,331,,,0,15.6,70.0,on,43,14,36,13,,,,
2017-12-18,08:44,329,,,1,67.5,70.8,on,47,15,34,13
2017-12-18,08:44,331,,,0,15.6,70.0,on,43,14,36,13,,,,
2017-12-18,08:44,329,,,1,67.5,70.8,on,47,15,34,13
2017-12-18,08:44,331,,,0,15.6,70.0,on,43,14,36,13,,,,
2017-12-18,08:45,329,,,1,67.5,70.8,on,47,15,34,13
2017-12-18,08:45,331,,,0,15.6,70.0,on,43,14,36,13,,,,
2017-12-18,08:45,329,,,1,67.5,70.8,on,47,15,34,13
2017-12-18,08:45,331,,,0,15.6,70.0,on,43,14,36,13,,,,
2017-12-18,08:45,329,,,1,67.5,70.8,on,47,15,34,13
2017-12-18,08:45,331,,,0,15.6,70.0,on,43,14,36,13,,,,
2017-12-18,08:45,329,,,1,67.5,70.8,on,47,15,34,13
2017-12-18,08:46,331,,,0,15.6,70.0,on,43,14,36,13,,,,
2017-12-18,08:46,329,,,1,67.5,70.8,on,47,15,34,13
2017-12-18,08:46,331,,,0,15.6,70.0,on,43,14,36,13,,,,
2017-12-18,08:46,329,,,1,67.5,70.8,on,47,15,34,13
2017-12-18,08:46,331,,,0,15.6,70.0,on,43,14,36,13,,,,
2017-12-18,08:46,329,,,1,67.5,70.8,on,47,15,34,13
2017-12-18,08:47,331,,,0,15.6,70.0,on,43,14,36,13,,,,
2017-12-18,08:47,329,,,1,67.5,70.8,on,47,15,34,13
2017-12-18,08:47,331,,,0,15.6,70.0,on,43,14,36,13,,,,
2017-12-18,08:47,329,,,1,67.5,70.8,on,47,15,34,13
2017-12-18,08:47,331,,,0,15.6,70.0,on,43,14,36,13,,,,
2017-12-18,08:47,329,,,1,67.5,70.8,on,47,15,34,13
2017-12-18,08:48,331,,,0,15.6,70.0,on,43,14,36,13,,,,
2017-12-18,08:48,329,,,1,67.5,70.8,on,47,15,34,13
2017-12-18,08:48,331,,,0,15.6,70.0,on,43,14,36,13,,,,
2017-12-18,08:48,329,,,1,67.5,70.8,on,47,15,34,13
2017-12-18,08:48,331,,,0,15.6,70.0,on,43,14,36,13,,,,
2017-12-18,08:48,329,,,1,67.5,70.8,on,47,15,34,13
2017-12-18,08:49,331,,,0,15.6,70.0,on,43,14,36,13,,,,
2017-12-18,08:49,329,,,1,67.5,70.8,on,47,15,34,13
2017-12-18,08:49,331,,,0,15.6,70.0,on,43,14,36,13,,,,
2017-12-18,08:49,329,,,1,67.5,70.8,on,47,15,34,13
2017-12-18,08:49,331,,,0,15.6,70.0,on,43,14,36,13,,,,
2017-12-18,08:49,329,,,1,67.5,70.8,on,47,15,34,13
2017-12-18,08:50,331,,,0,15.6,70.0,on,43,14,36,13,,,,
2017-12-18,08:50,329,,,1,67.5,70.8,on,47,15,34,13
2017-12-18,08:50,331,,,0,15.6,70.0,on,43,14,36,13,,,,
2017-12-18,08:50,329,,,1,67.5,70.8,on,47,15,34,13
2017-12-18,08:50,331,,,0,15.6,70.0,on,43,14,36,13,,,,
2017-12-18,08:50,329,,,1,67.5,70.8,on,47,15,34,13
2017-12-18,08:51,331,,,0,15.6,70.0,on,43,14,36,13,,,,
2017-12-18,08:51,329,,,1,67.5,70.8,on,47,15,34,13
2017-12-18,08:51,331,,,0,15.6,70.0,on,43,14,36,13,,,,
2017-12-18,08:51,329,,,1,67.5,70.8,on,47,15,34,13
2017-12-18,08:51,331,,,0,15.6,70.0,on,43,14,36,13,,,,
2017-12-18,08:51,329,,,1,67.5,70.8,on,47,15,34,13
2017-12-18,08:51,331,,,0,15.6,70.0,on,43,14,36,13,,,,
2017-12-18,08:52,329,,,1,67.5,70.8,on,47,15,34,13
2017-12-18,08:52,331,,,0,15.6,70.0,on,43,14,36,13,,,,
2017-12-18,08:52,329,,,1,67.5,70.8,on,47,15,34,13
2017-12-18,08:52,331,,,0,15.6,70.0,on,43,14,36,13,,,,
2017-12-18,08:52,329,,,1,67.5,70.8,on,47,15,34,13
2017-12-18,08:52,331,,,0,15.6,70.0,on,43,14,36,13,,,,
2017-12-18,08:53,329,,,1,67.5,70.8,on,47,15,34,13
2017-12-18,08:53,331,,,0,15.6,70.0,on,43,14,36,13,,,,
2017-12-18,08:53,329,,,1,67.5,70.8,on,47,15,34,13
2017-12-18,08:53,331,,,0,15.6,70.0,on,43,14,36,13,,,,
2017-12-18,08:53,329,,,1,67.5,70.8,on,47,15,34,13
2017-12-18,08:53,331,,,0,15.6,70.0,on,43,14,36,13,,,,
2017-12-18,08:54,329,,,1,67.5,70.8,on,47,15,34,13
2017-12-18,08:54,331,,,0,15.6,70.0,on,43,14,36,13,,,,
2017-12-18,08:54,329,,,1,67.5,70.8,on,47,15,34,13
2017-12-18,08:54,331,,,0,15.6,70.0,on,43,14,36,13,,,,
2017-12-18,08:54,329,,,1,67.5,70.8,on,47,15,34,13
2017-12-18,08:54,331,,,0,15.6,70.0,on,43,14,36,13,,,,
2017-12-18,08:55,329,,,1,67.5,70.8,on,47,15,34,13
2017-12-18,08:55,331,,,0,15.6,70.0,on,43,14,36,13,,,,
2017-12-18,08:55,329,,,1,67.5,70.8,on,47,15,34,13
2017-12-18,08:55,331,,,0,15.6,70.0,on,43,14,36,13,,,,
2017-12-18,08:55,329,,,1,67.5,70.8,on,47,15,34,13
2017-12-18,08:55,331,,,0,15.6,70.0,on,43,14,36,13,,,,
2017-12-18,08:56,329,,,1,67.5,70.8,on,47,15,34,13
2017-12-18,08:56,331,,,0,15.6,70.0,on,43,14,36,13,,,,
2017-12-18,08:56,329,,,1,67.5,70.8,on,47,15,34,13
2017-12-18,08:56,331,,,0,15.6,70.0,on,43,14,36,13,,,,
2017-12-18,08:56,329,,,1,67.5,70.8,on,47,15,34,13
2017-12-18,08:56,331,,,0,15.6,70.0,on,43,14,36,13,,,,
2017-12-18,08:57,329,,,1,67.5,70.8,on,47,15,34,13
2017-12-18,08:57,331,,,0,15.6,70.0,on,43,14,36,13,,,,
2017-12-18,08:57,329,,,1,67.5,70.8,on,47,15,34,13
2017-12-18,08:57,331,,,0,15.6,70.0,on,43,14,36,13,,,,
2017-12-18,08:57,329,,,1,67.5,70.8,on,47,15,34,13
2017-12-18,08:57,331,,,0,15.6,70.0,on,43,14,36,13,,,,
2017-12-18,08:58,329,,,1,67.5,70.8,on,47,15,34,13
2017-12-18,08:58,331,,,0,15.6,70.0,on,43,14,36,13,,,,
2017-12-18,08:58,329,,,1,67.5,70.8,on,47,15,34,13
2017-12-18,08:58,331,,,0,15.6,70.0,on,43,14,36,13,,,,
2017-12-18,08:58,329,,,1,67.5,70.8,on,47,15,34,13
2017-12-18,08:58,331,,,0,15.6,70.0,on,43,14,36,13,,,,
2017-12-18,08:59,329,,,1,67.5,70.8,on,47,15,34,13
2017-12-18,08:59,331,,,0,15.6,70.0,on,43,14,36,13,,,,
2017-12-18,08:59,329,,,1,67.5,70.8,on,47,15,34,13
2017-12-18,08:59,331,,,0,15.6,70.0,on,43,14,36,13,,,,
2017-12-18,08:59,329,,,1,67.5,70.8,on,47,15,34,13
2017-12-18,08:59,331,,,0,15.6,70.0,on,43,14,36,13,,,,
2017-12-18,08:59,329,,,1,67.5,70.8,on,47,15,34,13
2017-12-18,09:00,331,,,0,15.6,70.0,on,43,14,36,13,,,,
2017-12-18,09:00,329,,,1,67.5,70.8,on,47,15,34,13
2017-12-18,09:00,331,,,0,15.6,70.0,on,43,14,36,13,,,,
2017-12-18,09:00,329,,,1,67.5,70.8,on,47,15,34,13
2017-12-18,09:00,331,,,0,15.6,70.0,on,43,14,36,13,,,,
2017-12-18,09:00,329,,,1,67.5,70.8,on,47,15,34,13
2017-12-18,09:01,331,,,0,15.6,70.0,on,43,14,36,13,,,,
2017-12-18,09:01,329,,,1,67.5,70.8,on,47,15,34,13
2017-12-18,09:01,331,,,0,15.6,70.0,on,43,14,36,13,,,,
2017-12-18,09:01,329,,,1,67.5,70.8,on,47,15,34,13
2017-12-18,09:01,331,,,0,15.6,70.0,on,43,14,36,13,,,,
2017-12-18,09:01,329,,,1,67.5,70.8,on,47,15,34,13
2017-12-18,09:02,331,,,0,15.6,70.0,on,43,14,36,13,,,,
2017-12-18,09:02,329,,,1,67.5,70.8,on,47,15,34,13
2017-12-18,09:02,331,,,0,15.6,70.0,on,43,14,36,13,,,,
2017-12-18,09:02,329,,,1,67.5,70.8,on,47,15,34,13
2017-12-18,09:02,331,,,0,15.6,70.0,on,43,14,36,13,,,,
2017-12-18,09:02,329,,,1,67.5,70.8,on,47,15,34,13
2017-12-18,09:03,331,,,0,15.6,70.0,on,43,14,36,13,,,,
2017-12-18,09:03,329,,,1,67.5,70.8,on,47,15,34,13
2017-12-18,09:03,331,,,0,15.6,70.0,on,43,14,36,13,,,,
2017-12-18,09:03,329,,,1,67.5,70.8,on,47,15,34,13
2017-12-18,09:03,331,,,0,15.6,70.0,on,43,14,36,13,,,,
2017-12-18,09:03,329,,,1,67.5,70.8,on,47,15,34,13
2017-12-18,09:04,331,,,0,15.6,70.0,on,43,14,36,13,,,,
2017-12-18,09:04,329,,,1,67.5,70.8,on,47,15,34,13
2017-12-18,09:04,331,,,0,15.6,70.0,on,43,14,36,13,,,,
2017-12-18,09:04,329,,,1,67.5,70.8,on,47,15,34,13
2017-12-18,09:04,331,,,0,15.6,70.0,on,43,14,36,13,,,,
2017-12-18,09:04,329,,,1,67.5,70.8,on,47,15,34,13
2017-12-18,09:05,331,,,0,15.6,70.0,on,43,14,36,13,,,,
2017-12-18,09:05,329,,,1,67.5,70.8,on,47,15,34,13
2017-12-18,09:05,331,,,0,15.6,70.0,on,43,14,36,13,,,,
2017-12-18,09:05,329,,,1,67.5,70.8,on,47,15,34,13
2017-12-18,09:05,331,,,0,15.6,70.0,on,43,14,36,13,,,,
2017-12-18,09:05,329,,,1,67.5,70.8,on,47,15,34,13
2017-12-18,09:05,331,,,0,15.6,70.0,on,43,14,36,13,,,,
2017-12-18,09:06,329,,,1,67.5,70.8,on,47,15,34,13
2017-12-18,09:06,331,,,0,15.6,70.0,on,43,14,36,13,,,,
2017-12-18,09:06,329,,,1,67.5,70.8,on,47,15,34,13
2017-12-18,09:06,331,,,0,15.6,70.0,on,43,14,36,13,,,,
2017-12-18,09:06,329,,,1,67.5,70.8,on,47,15,34,13
2017-12-18,09:06,331,,,0,15.6,70.0,on,43,14,36,13,,,,
2017-12-18,09:07,329,,,1,67.5,70.8,on,47,15,34,13
2017-12-18,09:07,331,,,0,15.6,70.0,on,43,14,36,13,,,,
2017-12-18,09:07,329,,,1,67.5,70.8,on,47,15,34,13
2017-12-18,09:07,331,,,0,15.6,70.0,on,43,14,36,13,,,,
2017-12-18,09:07,329,,,1,67.5,70.8,on,47,15,34,13
2017-12-18,09:07,331,,,0,15.6,70.0,on,43,14,36,13,,,,
2017-12-18,09:08,329,,,1,67.5,70.8,on,47,15,34,13
2017-12-18,09:08,331,,,0,15.6,70.0,on,43,14,36,13,,,,
2017-12-18,09:08,329,,,1,67.5,70.8,on,47,15,34,13
2017-12-18,09:08,331,,,0,15.6,70.0,on,43,14,36,13,,,,
2017-12-18,09:08,329,,,1,67.5,70.8,on,47,15,34,13
2017-12-18,09:08,331,,,0,15.6,70.0,on,43,14,36,13,,,,
2017-12-18,09:09,329,,,1,67.5,70.8,on,47,15,34,13
2017-12-18,09:09,331,,,0,15.6,70.0,on,43,14,36,13,,,,
2017-12-18,09:09,329,,,1,67.5,70.8,on,47,15,34,13
2017-12-18,09:09,331,,,0,15.6,70.0,on,43,14,36,13,,,,
2017-12-18,09:09,329,,,1,67.5,70.8,on,47,15,34,13
2017-12-18,09:09,331,,,0,15.6,70.0,on,43,14,36,13,,,,
2017-12-18,09:10,329,,,1,67.5,70.8,on,47,15,34,13
2017-12-18,09:10,331,,,0,15.6,70.0,on,43,14,36,13,,,,
2017-12-18,09:10,329,,,1,67.5,70.8,on,47,15,34,13
2017-12-18,09:10,331,,,0,15.6,70.0,on,43,14,36,13,,,,
2017-12-18,09:10,329,,,1,67.5,70.8,on,47,15,34,13
2017-12-18,09:10,331,,,0,15.6,70.0,on,43,14,36,13,,,,
2017-12-18,09:11,329,,,1,67.5,70.8,on,47,15,34,13
2017-12-18,09:11,331,,,0,15.6,70.0,on,43,14,36,13,,,,
2017-12-18,09:11,329,,,1,67.5,70.8,on,47,15,34,13
2017-12-18,09:11,331,,,0,15.6,70.0,on,43,14,36,13,,,,
2017-12-18,09:11,329,,,1,67.5,70.8,on,47,15,34,13
2017-12-18,09:11,331,,,0,15.6,70.0,on,43,14,36,13,,,,
2017-12-18,09:12,329,,,1,67.5,70.8,on,47,15,34,13
2017-12-18,09:12,331,,,0,15.6,70.0,on,43,14,36,13,,,,
2017-12-18,09:12,329,,,1,67.5,70.8,on,47,15,34,13
2017-12-18,09:12,331,,,0,15.6,70.0,on,43,14,36,13,,,,
2017-12-18,09:12,329,,,1,67.5,70.8,on,47,15,34,13
2017-12-18,09:12,331,,,0,15.6,70.0,on,43,14,36,13,,,,
2017-12-18,09:13,329,,,1,67.5,70.8,on,47,15,34,13
2017-12-18,09:13,331,,,0,15.6,70.0,on,43,14,36,13,,,,
2017-12-18,09:13,329,,,1,67.5,70.8,on,47,15,34,13
2017-12-18,09:13,331,,,0,15.6,70.0,on,43,14,36,13,,,,
2017-12-18,09:13,329,,,1,67.5,70.8,on,47,15,34,13
2017-12-18,09:13,331,,,0,15.6,70.0,on,43,14,36,13,,,,
2017-12-18,09:13,329,,,1,67.5,70.8,on,47,15,34,13
2017-12-18,09:14,331,,,0,15.6,70.0,on,43,14,36,13,,,,
2017-12-18,09:14,329,,,1,67.5,70.8,on,47,15,34,13
2017-12-18,09:14,331,,,0,15.6,70.0,on,43,14,36,13,,,,
2017-12-18,09:14,329,,,1,67.5,70.8,on,47,15,34,13
2017-12-18,09:14,331,,,0,15.6,70.0,on,43,14,36,13,,,,
2017-12-18,09:14,329,,,1,67.5,70.8,on,47,15,34,13
2017-12-18,09:15,331,,,0,15.6,70.0,on,43,14,36,13,,,,
2017-12-18,09:15,329,,,1,67.5,70.8,on,47,15,34,13
2017-12-18,09:15,331,,,0,15.6,70.0,on,43,14,36,13,,,,
2017-12-18,09:15,329,,,1,67.5,70.8,on,47,15,34,13
2017-12-18,09:15,331,,,0,15.6,70.0,on,43,14,36,13,,,,
2017-12-18,09:15,329,,,1,67.5,70.8,on,47,15,34,13
2017-12-18,09:16,331,,,0,15.6,70.0,on,43,14,36,13,,,,
2017-12-18,09:16,329,,,1,67.5,70.8,on,47,15,34,13
2017-12-18,09:16,331,,,0,15.6,70.0,on,43,14,36,13,,,,
2017-12-18,09:16,329,,,1,67.5,70.8,on,47,15,34,13
2017-12-18,09:16,331,,,0,15.6,70.0,on,43,14,36,13,,,,
2017-12-18,09:16,329,,,1,67.5,70.8,on,47,15,34,13
2017-12-18,09:17,331,,,0,15.6,70.0,on,43,14,36,13,,,,
2017-12-18,09:17,329,,,1,67.5,70.8,on,47,15,34,13
2017-12-18,09:17,331,,,0,15.6,70.0,on,43,14,36,13,,,,
2017-12-18,09:17,329,,,1,67.5,70.8,on,47,15,34,13
2017-12-18,09:17,331,,,0,15.6,70.0,on,43,14,36,13,,,,
2017-12-18,09:17,329,,,1,67.5,70.8,on,47,15,34,13
2017-12-18,09:18,331,,,0,15.6,70.0,on,43,14,36,13,,,,
2017-12-18,09:18,329,,,1,67.5,70.8,on,47,15,34,13
2017-12-18,09:18,331,,,0,15.6,70.0,on,43,14,36,13,,,,
2017-12-18,09:18,329,,,1,67.5,70.8,on,47,15,34,13
2017-12-18,09:18,331,,,0,15.6,70.0,on,43,14,36,13,,,,
2017-12-18,09:18,329,,,1,67.5,70.8,on,47,15,34,13
2017-12-18,09:19,331,,,0,15.6,70.0,on,43,14,36,13,,,,
2017-12-18,09:19,329,,,1,67.5,70.8,on,47,15,34,13
2017-12-18,09:19,331,,,0,15.6,70.0,on,43,14,36,13,,,,
2017-12-18,09:19,329,,,1,67.5,70.8,on,47,15,34,13
2017-12-18,09:19,331,,,0,15.6,70.0,on,43,14,36,13,,,,
2017-12-18,09:19,329,,,1,67.5,70.8,on,47,15,34,13
2017-12-18,09:19,331,,,0,15.6,70.0,on,43,14,36,13,,,,
2017-12-18,09:20,329,,,1,67.5,70.8,on,47,15,34,13
2017-12-18,09:20,331,,,0,15.6,70.0,on,43,14,36,13,,,,
2017-12-18,09:20,329,,,1,67.5,70.8,on,47,15,34,13
2017-12-18,09:20,331,,,0,15.6,70.0,on,43,14,36,13,,,,
2017-12-18,09:20,329,,,1,67.5,70.8,on,47,15,34,13
2017-12-18,09:20,331,,,0,15.6,70.0,on,43,14,36,13,,,,
2017-12-18,09:21,329,,,1,67.5,70.8,on,47,15,34,13
2017-12-18,09:21,331,,,0,15.6,70.0,on,43,14,36,13,,,,
2017-12-18,09:21,329,,,1,67.5,70.8,on,47,15,34,13
2017-12-18,09:21,331,,,0,15.6,70.0,on,43,14,36,13,,,,
2017-12-18,09:21,329,,,1,67.5,70.8,on,47,15,34,13
2017-12-18,09:21,331,,,0,15.6,70.0,on,43,14,36,13,,,,
2017-12-18,09:22,329,,,1,67.5,70.8,on,47,15,34,13
2017-12-18,09:22,331,,,0,15.6,70.0,on,43,14,36,13,,,,
2017-12-18,09:22,329,,,1,67.5,70.8,on,47,15,34,13
2017-12-18,09:22,331,,,0,15.6,70.0,on,43,14,36,13,,,,
2017-12-18,09:22,329,,,1,67.5,70.8,on,47,15,34,13
2017-12-18,09:22,331,,,0,15.6,70.0,on,43,14,36,13,,,,
2017-12-18,09:23,329,,,1,67.5,70.8,on,47,15,34,13
2017-12-18,09:23,331,,,0,15.6,70.0,on,43,14,36,13,,,,
2017-12-18,09:23,329,,,1,67.5,70.8,on,47,15,34,13
2017-12-18,09:23,331,,,0,15.6,70.0,on,43,14,36,13,,,,
2017-12-18,09:23,329,,,1,67.5,70.8,on,47,15,34,13
2017-12-18,09:23,331,,,0,15.6,70.0,on,43,14,36,13,,,,
2017-12-18,09:24,329,,,1,67.5,70.8,on,47,15,34,13
2017-12-18,09:24,331,,,0,15.6,70.0,on,43,14,36,13,,,,
2017-12-18,09:24,329,,,1,67.5,70.8,on,47,15,34,13
2017-12-18,09:24,331,,,0,15.6,70.0,on,43,14,36,13,,,,
2017-12-18,09:24,329,,,1,67.5,70.8,on,47,15,34,13
2017-12-18,09:24,331,,,0,15.6,70.0,on,43,14,36,13,,,,
2017-12-18,09:25,329,,,1,67.5,70.8,on,47,15,34,13
2017-12-18,09:25,331,,,0,15.6,70.0,on,43,14,36,13,,,,
2017-12-18,09:25,329,,,1,67.5,70.8,on,47,15,34,13
2017-12-18,09:25,331,,,0,15.6,70.0,on,43,14,36,13,,,,
2017-12-18,09:25,329,,,1,67.5,70.8,on,47,15,34,13
2017-12-18,09:25,331,,,0,15.6,70.0,on,43,14,36,13,,,,
2017-12-18,09:26,329,,,1,67.5,70.8,on,47,15,34,13
2017-12-18,09:26,331,,,0,15.6,70.0,on,43,14,36,13,,,,
2017-12-18,09:26,329,,,1,67.5,70.8,on,47,15,34,13
2017-12-18,09:26,331,,,0,15.6,70.0,on,43,14,36,13,,,,
2017-12-18,09:26,329,,,1,67.5,70.8,on,47,15,34,13
2017-12-18,09:26,331,,,0,15.6,70.0,on,43,14,36,13,,,,
2017-12-18,09:27,329,,,1,67.5,70.8,on,47,15,34,13
2017-12-18,09:27,331,,,0,15.6,70.0,on,43,14,36,13,,,,
2017-12-18,09:27,329,,,1,67.5,70.8,on,47,15,34,13
2017-12-18,09:27,331,,,0,15.6,70.0,on,43,14,36,13,,,,
2017-12-18,09:27,329,,,1,67.5,70.8,on,47,15,34,13
2017-12-18,09:27,331,,,0,15.6,70.0,on,43,14,36,13,,,,
2017-12-18,09:27,329,,,1,67.5,70.8,on,47,15,34,13
2017-12-18,09:28,331,,,0,15.6,70.0,on,43,14,36,13,,,,
2017-12-18,09:28,329,,,1,67.5,70.8,on,47,15,34,13
2017-12-18,09:28,331,,,0,15.6,70.0,on,43,14,36,13,,,,
2017-12-18,09:28,329,,,1,67.5,70.8,on,47,15,34,13
2017-12-18,09:28,331,,,0,15.6,70.0,on,43,14,36,13,,,,
2017-12-18,09:28,329,,,1,67.5,70.8,on,47,15,34,13
2017-12-18,09:29,331,,,0,15.6,70.0,on,43,14,36,13,,,,
2017-12-18,09:29,329,,,1,67.5,70.8,on,47,15,34,13
2017-12-18,09:29,331,,,0,15.6,70.0,on,43,14,36,13,,,,
2017-12-18,09:29,329,,,1,67.5,70.8,on,47,15,34,13
2017-12-18,09:29,331,,,0,15.6,70.0,on,43,14,36,13,,,,
2017-12-18,09:29,329,,,1,67.5,70.8,on,47,15,34,13
2017-12-18,09:30,331,,,0,15.6,70.0,on,43,14,36,13,,,,
2017-12-18,09:30,329,,,1,67.5,70.8,on,47,15,34,13
2017-12-18,09:30,331,,,0,15.6,70.0,on,43,14,36,13,,,,
2017-12-18,09:30,329,,,1,67.5,70.8,on,47,15,34,13
2017-12-18,09:30,331,,,0,15.6,70.0,on,43,14,36,13,,,,
2017-12-18,09:30,329,,,1,67.5,70.8,on,47,15,34,13
2017-12-18,09:31,331,,,0,15.6,70.0,on,43,14,36,13,,,,
2017-12-18,09:31,329,,,1,67.5,70.8,on,47,15,34,13
2017-12-18,09:31,331,,,0,15.6,70.0,on,43,14,36,13,,,,
2017-12-18,09:31,329,,,1,67.5,70.8,on,47,15,34,13
2017-12-18,09:31,331,,,0,15.6,70.0,on,43,14,36,13,,,,
2017-12-18,09:31,329,,,1,67.5,70.8,on,47,15,34,13
2017-12-18,09:32,331,,,0,15.6,70.0,on,43,14,36,13,,,,
2017-12-18,09:32,329,,,1,67.5,70.8,on,47,15,34,13
2017-12-18,09:32,331,,,0,15.6,70.0,on,43,14,36,13,,,,
2017-12-18,09:32,329,,,1,67.5,70.8,on,47,15,34,13
2017-12-18,09:32,331,,,0,15.6,70.0,on,43,14,36,13,,,,
2017-12-18,09:32,329,,,1,67.5,70.8,on,47,15,34,13
2017-12-18,09:33,331,,,0,15.6,70.0,on,43,14,36,13,,,,
2017-12-18,09:33,329,,,1,67.5,70.8,on,47,15,34,13
2017-12-18,09:33,331,,,0,15.6,70.0,on,43,14,36,13,,,,
2017-12-18,09:33,329,,,1,67.5,70.8,on,47,15,34,13
2017-12-18,09:33,331,,,0,15.6,70.0,on,43,14,36,13,,,,
2017-12-18,09:33,329,,,1,67.5,70.8,on,47,15,34,13
2017-12-18,09:34,331,,,0,15.6,70.0,on,43,14,36,13,,,,
2017-12-18,09:34,329,,,1,67.5,70.8,on,47,15,34,13
2017-12-18,09:34,331,,,0,15.6,70.0,on,43,14,36,13,,,,
2017-12-18,09:34,329,,,1,67.5,70.8,on,47,15,34,13
2017-12-18,09:34,331,,,0,15.6,70.0,on,43,14,36,13,,,,
2017-12-18,09:34,329,,,1,67.5,70.8,on,47,15,34,13
2017-12-18,09:34,331,,,0,15.6,70.0,on,43,14,36,13,,,,
2017-12-18,09:35,329,,,1,67.5,70.8,on,47,15,34,13
2017-12-18,09:35,331,,,0,15.6,70.0,on,43,14,36,13,,,,
2017-12-18,09:35,329,,,1,67.5,70.8,on,47,15,34,13
2017-12-18,09:35,331,,,0,15.6,70.0,on,43,14,36,13,,,,
2017-12-18,09:35,329,,,1,67.5,70.8,on,47,15,34,13
2017-12-18,09:35,331,,,0,15.6,70.0,on,43,14,36,13,,,,
2017-12-18,09:36,329,,,1,67.5,70.8,on,47,15,34,13
2017-12-18,09:36,331,,,0,15.6,70.0,on,43,14,36,13,,,,
2017-12-18,09:36,329,,,1,67.5,70.8,on,47,15,34,13
2017-12-18,09:36,331,,,0,15.6,70.0,on,43,14,36,13,,,,
2017-12-18,09:36,329,,,1,67.5,70.8,on,47,15,34,13
2017-12-18,09:36,331,,,0,15.6,70.0,on,43,14,36,13,,,,
2017-12-18,09:37,329,,,1,67.5,70.8,on,47,15,34,13
2017-12-18,09:37,331,,,0,15.6,70.0,on,43,14,36,13,,,,
2017-12-18,09:37,329,,,1,67.5,70.8,on,47,15,34,13
2017-12-18,09:37,331,,,0,15.6,70.0,on,43,14,36,13,,,,
2017-12-18,09:37,329,,,1,67.5,70.8,on,47,15,34,13
2017-12-18,09:37,331,,,0,15.6,70.0,on,43,14,36,13,,,,
2017-12-18,09:38,329,,,1,67.5,70.8,on,47,15,34,13
2017-12-18,09:38,331,,,0,15.6,70.0,on,43,14,36,13,,,,
2017-12-18,09:38,329,,,1,67.5,70.8,on,47,15,34,13
2017-12-18,09:38,331,,,0,15.6,70.0,on,43,14,36,13,,,,
2017-12-18,09:38,329,,,1,67.5,70.8,on,47,15,34,13
2017-12-18,09:38,331,,,0,15.6,70.0,on,43,14,36,13,,,,
2017-12-18,09:39,329,,,1,67.5,70.8,on,47,15,34,13
2017-12-18,09:39,331,,,0,15.6,70.0,on,43,14,36,13,,,,
2017-12-18,09:39,329,,,1,67.5,70.8,on,47,15,34,13
2017-12-18,09:39,331,,,0,15.6,70.0,on,43,14,36,13,,,,
2017-12-18,09:39,329,,,1,67.5,70.8,on,47,15,34,13
2017-12-18,09:39,331,,,0,15.6,70.0,on,43,14,36,13,,,,
2017-12-18,09:40,329,,,1,67.5,70.8,on,47,15,34,13
2017-12-18,09:40,331,,,0,15.6,70.0,on,43,14,36,13,,,,
2017-12-18,09:40,329,,,1,67.5,70.8,on,47,15,34,13
2017-12-18,09:40,331,,,0,15.6,70.0,on,43,14,36,13,,,,
2017-12-18,09:40,329,,,1,67.5,70.8,on,47,15,34,13
2017-12-18,09:40,331,,,0,15.6,70.0,on,43,14,36,13,,,,
2017-12-18,09:41,329,,,1,67.5,70.8,on,47,15,34,13
2017-12-18,09:41,331,,,0,15.6,70.0,on,43,14,36,13,,,,
2017-12-18,09:41,329,,,1,67.5,70.8,on,47,15,34,13
2017-12-18,09:41,331,,,0,15.6,70.0,on,43,14,36,13,,,,
2017-12-18,09:41,329,,,1,67.5,70.8,on,47,15,34,13
2017-12-18,09:41,331,,,0,15.6,70.0,on,43,14,36,13,,,,
2017-12-18,09:41,329,,,1,67.5,70.8,on,47,15,34,13
2017-12-18,09:42,331,,,0,15.6,70.0,on,43,14,36,13,,,,
2017-12-18,09:42,329,,,1,67.5,70.8,on,47,15,34,13
2017-12-18,09:42,331,,,0,15.6,70.0,on,43,14,36,13,,,,
2017-12-18,09:42,329,,,1,67.5,70.8,on,47,15,34,13
2017-12-18,09:42,331,,,0,15.6,70.0,on,43,14,36,13,,,,
2017-12-18,09:42,329,,,1,67.5,70.8,on,47,15,34,13
2017-12-18,09:43,331,,,0,15.6,70.0,on,43,14,36,13,,,,
2017-12-18,09:43,329,,,1,67.5,70.8,on,47,15,34,13
2017-12-18,09:43,331,,,0,15.6,70.0,on,43,14,36,13,,,,
2017-12-18,09:43,329,,,1,67.5,70.8,on,47,15,34,13
2017-12-18,09:43,331,,,0,15.6,70.0,on,43,14,36,13,,,,
2017-12-18,09:43,329,,,1,67.5,70.8,on,47,15,34,13
2017-12-18,09:44,331,,,0,15.6,70.0,on,43,14,36,13,,,,
2017-12-18,09:44,329,,,1,67.5,70.8,on,47,15,34,13
2017-12-18,09:44,331,,,0,15.6,70.0,on,43,14,36,13,,,,
2017-12-18,09:44,329,,,1,67.5,70.8,on,47,15,34,13
2017-12-18,09:44,331,,,0,15.6,70.0,on,43,14,36,13,,,,
2017-12-18,09:44,329,,,1,67.5,70.8,on,47,15,34,13
2017-12-18,09:45,331,,,0,15.6,70.0,on,43,14,36,13,,,,
2017-12-18,09:45,329,,,1,67.5,70.8,on,47,15,34,13
2017-12-18,09:45,331,,,0,15.6,70.0,on,43,14,36,13,,,,
2017-12-18,09:45,329,,,1,67.5,70.8,on,47,15,34,13
2017-12-18,09:45,331,,,0,15.6,70.0,on,43,14,36,13,,,,
2017-12-18,09:45,329,,,1,67.5,70.8,on,47,15,34,13
2017-12-18,09:46,331,,,0,15.6,70.0,on,43,14,36,13,,,,
2017-12-18,09:46,329,,,1,67.5,70.8,on,47,15,34,13
2017-12-18,09:46,331,,,0,15.6,70.0,on,43,14,36,13,,,,
2017-12-18,09:46,329,,,1,67.5,70.8,on,47,15,34,13
2017-12-18,09:46,331,,,0,15.6,70.0,on,43,14,36,13,,,,
2017-12-18,09:46,329,,,1,67.5,70.8,on,47,15,34,13
2017-12-18,09:47,331,,,0,15.6,70.0,on,43,14,36,13,,,,
2017-12-18,09:47,329,,,1,67.5,70.8,on,47,15,34,13
2017-12-18,09:47,331,,,0,15.6,70.0,on,43,14,36,13,,,,
2017-12-18,09:47,329,,,1,67.5,70.8,on,47,15,34,13
2017-12-18,09:47,331,,,0,15.6,70.0,on,43,14,36,13,,,,
2017-12-18,09:47,329,,,1,67.5,70.8,on,47,15,34,13
2017-12-18,09:48,331,,,0,15.6,70.0,on,43,14,36,13,,,,
2017-12-18,09:48,329,,,1,67.5,70.8,on,47,15,34,13
2017-12-18,09:48,331,,,0,15.6,70.0,on,43,14,36,13,,,,
2017-12-18,09:48,329,,,1,67.5,70.8,on,47,15,34,13
2017-12-18,09:48,331,,,0,15.6,70.0,on,43,14,36,13,,,,
2017-12-18,09:48,329,,,1,67.5,70.8,on,47,15,34,13
2017-12-18,09:48,331,,,0,15.6,70.0,on,43,14,36,13,,,,
2017-12-18,09:49,329,,,1,67.5,70.8,on,47,15,34,13
2017-12-18,09:49,331,,,0,15.6,70.0,on,43,14,36,13,,,,
2017-12-18,09:49,329,,,1,67.5,70.8,on,47,15,34,13
2017-12-18,09:49,331,,,0,15.6,70.0,on,43,14,36,13,,,,
2017-12-18,09:49,329,,,1,67.5,70.8,on,47,15,34,13
2017-12-18,09:49,331,,,0,15.6,70.0,on,43,14,36,13,,,,
2017-12-18,09:50,329,,,1,67.5,70.8,on,47,15,34,13
2017-12-18,09:50,331,,,0,15.6,70.0,on,43,14,36,13,,,,
2017-12-18,09:50,329,,,1,67.5,70.8,on,47,15,34,13
2017-12-18,09:50,331,,,0,15.6,70.0,on,43,14,36,13,,,,
2017-12-18,09:50,329,,,1,67.5,70.8,on,47,15,34,13
2017-12-18,09:50,331,,,0,15.6,70.0,on,43,14,36,13,,,,
2017-12-18,09:51,329,,,1,67.5,70.8,on,47,15,34,13
2017-12-18,09:51,331,,,0,15.6,70.0,on,43,14,36,13,,,,
2017-12-18,09:51,329,,,1,67.5,70.8,on,47,15,34,13
2017-12-18,09:51,331,,,0,15.6,70.0,on,43,14,36,13,,,,
2017-12-18,09:51,329,,,1,67.5,70.8,on,47,15,34,13
2017-12-18,09:51,331,,,0,15.6,70.0,on,43,14,36,13,,,,
2017-12-18,09:52,329,,,1,67.5,70.8,on,47,15,34,13
2017-12-18,09:52,331,,,0,15.6,70.0,on,43,14,36,13,,,,
2017-12-18,09:52,329,,,1,67.5,70.8,on,47,15,34,13
2017-12-18,09:52,331,,,0,15.6,70.0,on,43,14,36,13,,,,
2017-12-18,09:52,329,,,1,67.5,70.8,on,47,15,34,13
2017-12-18,09:52,331,,,0,15.6,70.0,on,43,14,36,13,,,,
2017-12-18,09:53,329,,,1,67.5,70.8,on,47,15,34,13
2017-12-18,09:53,331,,,0,15.6,70.0,on,43,14,36,13,,,,
2017-12-18,09:53,329,,,1,67.5,70.8,on,47,15,34,13
2017-12-18,09:53,331,,,0,15.6,70.0,on,43,14,36,13,,,,
2017-12-18,09:53,329,,,1,67.5,70.8,on,47,15,34,13
2017-12-18,09:53,331,,,0,15.6,70.0,on,43,14,36,13,,,,
2017-12-18,09:54,329,,,1,67.5,70.8,on,47,15,34,13
2017-12-18,09:54,331,,,0,15.6,70.0,on,43,14,36,13,,,,
2017-12-18,09:54,329,,,1,67.5,70.8,on,47,15,34,13
2017-12-18,09:54,331,,,0,15.6,70.0,on,43,14,36,13,,,,
2017-12-18,09:54,329,,,1,67.5,70.8,on,47,15,34,13
2017-12-18,09:54,331,,,0,15.6,70.0,on,43,14,36,13,,,,
2017-12-18,09:55,329,,,1,67.5,70.8,on,47,15,34,13
2017-12-18,09:55,331,,,0,15.6,70.0,on,43,14,36,13,,,,
2017-12-18,09:55,329,,,1,67.5,70.8,on,47,15,34,13
2017-12-18,09:55,331,,,0,15.6,70.0,on,43,14,36,13,,,,
2017-12-18,09:55,329,,,1,67.5,70.8,on,47,15,34,13
2017-12-18,09:55,331,,,0,15.6,70.0,on,43,14,36,13,,,,
2017-12-18,09:55,329,,,1,67.5,70.8,on,47,15,34,13
2017-12-18,09:56,331,,,0,15.6,70.0,on,43,14,36,13,,,,
2017-12-18,09:56,329,,,1,67.5,70.8,on,47,15,34,13
2017-12-18,09:56,331,,,0,15.6,70.0,on,43,14,36,13,,,,
2017-12-18,09:56,329,,,1,67.5,70.8,on,47,15,34,13
2017-12-18,09:56,331,,,0,15.6,70.0,on,43,14,36,13,,,,
2017-12-18,09:56,329,,,1,67.5,70.8,on,47,15,34,13
2017-12-18,09:57,331,,,0,15.6,70.0,on,43,14,36,13,,,,
2017-12-18,09:57,329,,,1,67.5,70.8,on,47,15,34,13
2017-12-18,09:57,331,,,0,15.6,70.0,on,43,14,36,13,,,,
2017-12-18,09:57,329,,,1,67.5,70.8,on,47,15,34,13
2017-12-18,09:57,331,,,0,15.6,70.0,on,43,14,36,13,,,,
2017-12-18,09:57,329,,,1,67.5,70.8,on,47,15,34,13
2017-12-18,09:58,331,,,0,15.6,70.0,on,43,14,36,13,,,,
2017-12-18,09:58,329,,,1,67.5,70.8,on,47,15,34,13
2017-12-18,09:58,331,,,0,15.6,70.0,on,43,14,36,13,,,,
2017-12-18,09:58,329,,,1,67.5,70.8,on,47,15,34,13
2017-12-18,09:58,331,,,0,15.6,70.0,on,43,14,36,13,,,,
2017-12-18,09:58,329,,,1,67.5,70.8,on,47,15,34,13
2017-12-18,09:59,331,,,0,15.6,70.0,on,43,14,36,13,,,,
2017-12-18,09:59,329,,,1,67.5,70.8,on,47,15,34,13
2017-12-18,09:59,331,,,0,15.6,70.0,on,43,14,36,13,,,,
2017-12-18,09:59,329,,,1,67.5,70.8,on,47,15,34,13
2017-12-18,09:59,331,,,0,15.6,70.0,on,43,14,36,13,,,,
2017-12-18,09:59,329,,,1,67.5,70.8,on,47,15,34,13
2017-12-18,10:00,331,,,0,15.6,70.0,on,43,14,36,13,,,,
2017-12-18,10:00,329,,,1,67.5,70.8,on,47,15,34,13
2017-12-18,10:00,331,,,0,15.6,70.0,on,43,14,36,13,,,,
2017-12-18,10:00,329,,,1,67.5,70.8,on,47,15,34,13
2017-12-18,10:00,331,,,0,15.6,70.0,on,43,14,36,13,,,,
2017-12-18,10:00,329,,,1,67.5,70.8,on,47,15,34,13
2017-12-18,10:01,331,,,0,15.6,70.0,on,43,14,36,13,,,,
2017-12-18,10:01,329,,,1,67.5,70.8,on,47,15,34,13
2017-12-18,10:01,331,,,0,15.6,70.0,on,43,14,36,13,,,,
2017-12-18,10:01,329,,,1,67.5,70.8,on,47,15,34,13
2017-12-18,10:01,331,,,0,15.6,70.0,on,43,14,36,13,,,,
2017-12-18,10:01,329,,,1,67.5,70.8,on,47,15,34,13
2017-12-18,10:02,331,,,0,15.6,70.0,on,43,14,36,13,,,,
2017-12-18,10:02,329,,,1,67.5,70.8,on,47,15,34,13
2017-12-18,10:02,331,,,0,15.6,70.0,on,43,14,36,13,,,,
2017-12-18,10:02,329,,,1,67.5,70.8,on,47,15,34,13
2017-12-18,10:02,331,,,0,15.6,70.0,on,43,14,36,13,,,,
2017-12-18,10:02,329,,,1,67.5,70.8,on,47,15,34,13
2017-12-18,10:02,331,,,0,15.6,70.0,on,43,14,36,13,,,,
2017-12-18,10:03,329,,,1,67.5,70.8,on,47,15,34,13
2017-12-18,10:03,331,,,0,15.6,70.0,on,43,14,36,13,,,,
2017-12-18,10:03,329,,,1,67.5,70.8,on,47,15,34,13
2017-12-18,10:03,331,,,0,15.6,70.0,on,43,14,36,13,,,,
2017-12-18,10:03,329,,,1,67.5,70.8,on,47,15,34,13
2017-12-18,10:03,331,,,0,15.6,70.0,on,43,14,36,13,,,,
2017-12-18,10:04,329,,,1,67.5,70.8,on,47,15,34,13
2017-12-18,10:04,331,,,0,15.6,70.0,on,43,14,36,13,,,,
2017-12-18,10:04,329,,,1,67.5,70.8,on,47,15,34,13
2017-12-18,10:04,331,,,0,15.6,70.0,on,43,14,36,13,,,,
2017-12-18,10:04,329,,,1,67.5,70.8,on,47,15,34,13
2017-12-18,10:04,331,,,0,15.6,70.0,on,43,14,36,13,,,,
2017-12-18,10:05,329,,,1,67.5,70.8,on,47,15,34,13
2017-12-18,10:05,331,,,0,15.6,70.0,on,43,14,36,13,,,,
2017-12-18,10:05,329,,,1,67.5,70.8,on,47,15,34,13
2017-12-18,10:05,331,,,0,15.6,70.0,on,43,14,36,13,,,,
2017-12-18,10:05,329,,,1,67.5,70.8,on,47,15,34,13
2017-12-18,10:05,331,,,0,15.6,70.0,on,43,14,36,13,,,,
2017-12-18,10:06,329,,,1,67.5,70.8,on,47,15,34,13
2017-12-18,10:06,331,,,0,15.6,70.0,on,43,14,36,13,,,,
2017-12-18,10:06,329,,,1,67.5,70.8,on,47,15,34,13
2017-12-18,10:06,331,,,0,15.6,70.0,on,43,14,36,13,,,,
2017-12-18,10:06,329,,,1,67.5,70.8,on,47,15,34,13
2017-12-18,10:06,331,,,0,15.6,70.0,on,43,14,36,13,,,,
2017-12-18,10:07,329,,,1,67.5,70.8,on,47,15,34,13
2017-12-18,10:07,331,,,0,15.6,70.0,on,43,14,36,13,,,,
2017-12-18,10:07,329,,,1,67.5,70.8,on,47,15,34,13
2017-12-18,10:07,331,,,0,15.6,70.0,on,43,14,36,13,,,,
2017-12-18,10:07,329,,,1,67.5,70.8,on,47,15,34,13
2017-12-18,10:07,331,,,0,15.6,70.0,on,43,14,36,13,,,,
2017-12-18,10:08,329,,,1,67.5,70.8,on,47,15,34,13
2017-12-18,10:08,331,,,0,15.6,70.0,on,43,14,36,13,,,,
2017-12-18,10:08,329,,,1,67.5,70.8,on,47,15,34,13
2017-12-18,10:08,331,,,0,15.6,70.0,on,43,14,36,13,,,,
2017-12-18,10:08,329,,,1,67.5,70.8,on,47,15,34,13
2017-12-18,10:08,331,,,0,15.6,70.0,on,43,14,36,13,,,,
2017-12-18,10:09,329,,,1,67.5,70.8,on,47,15,34,13
2017-12-18,10:09,331,,,0,15.6,70.0,on,43,14,36,13,,,,
2017-12-18,10:09,329,,,1,67.5,70.8,on,47,15,34,13
2017-12-18,10:09,331,,,0,15.6,70.0,on,43,14,36,13,,,,
2017-12-18,10:09,329,,,1,67.5,70.8,on,47,15,34,13
2017-12-18,10:09,331,,,0,15.6,70.0,on,43,14,36,13,,,,
2017-12-18,10:09,329,,,1,67.5,70.8,on,47,15,34,13
2017-12-18,10:10,331,,,0,15.6,70.0,on,43,14,36,13,,,,
2017-12-18,10:10,329,,,1,67.5,70.8,on,47,15,34,13
2017-12-18,10:10,331,,,0,15.6,70.0,on,43,14,36,13,,,,
2017-12-18,10:10,329,,,1,67.5,70.8,on,47,15,34,13
2017-12-18,10:10,331,,,0,15.6,70.0,on,43,14,36,13,,,,
2017-12-18,10:10,329,,,1,67.5,70.8,on,47,15,34,13
2017-12-18,10:11,331,,,0,15.6,70.0,on,43,14,36,13,,,,
2017-12-18,10:11,329,,,1,67.5,70.8,on,47,15,34,13
2017-12-18,10:11,331,,,0,15.6,70.0,on,43,14,36,13,,,,
2017-12-18,10:11,329,,,1,67.5,70.8,on,47,15,34,13
2017-12-18,10:11,331,,,0,15.6,70.0,on,43,14,36,13,,,,
2017-12-18,10:11,329,,,1,67.5,70.8,on,47,15,34,13
2017-12-18,10:12,331,,,0,15.6,70.0,on,43,14,36,13,,,,
2017-12-18,10:12,329,,,1,67.5,70.8,on,47,15,34,13
2017-12-18,10:12,331,,,0,15.6,70.0,on,43,14,36,13,,,,
2017-12-18,10:12,329,,,1,67.5,70.8,on,47,15,34,13
2017-12-18,10:12,331,,,0,15.6,70.0,on,43,14,36,13,,,,
2017-12-18,10:12,329,,,1,67.5,70.8,on,47,15,34,13
2017-12-18,10:13,331,,,0,15.6,70.0,on,43,14,36,13,,,,
2017-12-18,10:13,329,,,1,67.5,70.8,on,47,15,34,13
2017-12-18,10:13,331,,,0,15.6,70.0,on,43,14,36,13,,,,
2017-12-18,10:13,329,,,1,67.5,70.8,on,47,15,34,13
2017-12-18,10:13,331,,,0,15.6,70.0,on,43,14,36,13,,,,
2017-12-18,10:13,329,,,1,67.5,70.8,on,47,15,34,13
2017-12-18,10:14,331,,,0,15.6,70.0,on,43,14,36,13,,,,
2017-12-18,10:14,329,,,1,67.5,70.8,on,47,15,34,13
2017-12-18,10:14,331,,,0,15.6,70.0,on,43,14,36,13,,,,
2017-12-18,10:14,329,,,1,67.5,70.8,on,47,15,34,13
2017-12-18,10:14,331,,,0,15.6,70.0,on,43,14,36,13,,,,
2017-12-18,10:14,329,,,1,67.5,70.8,on,47,15,34,13
2017-12-18,10:15,331,,,0,15.6,70.0,on,43,14,36,13,,,,
2017-12-18,10:15,329,,,1,67.5,70.8,on,47,15,34,13
2017-12-18,10:15,331,,,0,15.6,70.0,on,43,14,36,13,,,,
2017-12-18,10:15,329,,,1,67.5,70.8,on,47,15,34,13
2017-12-18,10:15,331,,,0,15.6,70.0,on,43,14,36,13,,,,
2017-12-18,10:15,329,,,1,67.5,70.8,on,47,15,34,13
2017-12-18,10:16,331,,,0,15.6,70.0,on,43,14,36,13,,,,
2017-12-18,10:16,329,,,1,67.5,70.8,on,47,15,34,13
2017-12-18,10:16,331,,,0,15.6,70.0,on,43,14,36,13,,,,
2017-12-18,10:16,329,,,1,67.5,70.8,on,47,15,34,13
2017-12-18,10:16,331,,,0,15.6,70.0,on,43,14,36,13,,,,
2017-12-18,10:16,329,,,1,67.5,70.8,on,47,15,34,13
2017-12-18,10:16,331,,,0,15.6,70.0,on,43,14,36,13,,,,
2017-12-18,10:17,329,,,1,67.5,70.8,on,47,15,34,13
2017-12-18,10:17,331,,,0,15.6,70.0,on,43,14,36,13,,,,
2017-12-18,10:17,329,,,1,67.5,70.8,on,47,15,34,13
2017-12-18,10:17,331,,,0,15.6,70.0,on,43,14,36,13,,,,
2017-12-18,10:17,329,,,1,67.5,70.8,on,47,15,34,13
2017-12-18,10:17,331,,,0,15.6,70.0,on,43,14,36,13,,,,
2017-12-18,10:18,329,,,1,67.5,70.8,on,47,15,34,13
2017-12-18,10:18,331,,,0,15.6,70.0,on,43,14,36,13,,,,
2017-12-18,10:18,329,,,1,67.5,70.8,on,47,15,34,13
2017-12-18,10:18,331,,,0,15.6,70.0,on,43,14,36,13,,,,
2017-12-18,10:18,329,,,1,67.5,70.8,on,47,15,34,13
2017-12-18,10:18,331,,,0,15.6,70.0,on,43,14,36,13,,,,
2017-12-18,10:19,329,,,1,67.5,70.8,on,47,15,34,13
2017-12-18,10:19,331,,,0,15.6,70.0,on,43,14,36,13,,,,
2017-12-18,10:19,329,,,1,67.5,70.8,on,47,15,34,13
2017-12-18,10:19,331,,,0,15.6,70.0,on,43,14,36,13,,,,
2017-12-18,10:19,329,,,1,67.5,70.8,on,47,15,34,13
2017-12-18,10:19,331,,,0,15.6,70.0,on,43,14,36,13,,,,
2017-12-18,10:20,329,,,1,67.5,70.8,on,47,15,34,13
2017-12-18,10:20,331,,,0,15.6,70.0,on,43,14,36,13,,,,
2017-12-18,10:20,329,,,1,67.5,70.8,on,47,15,34,13
2017-12-18,10:20,331,,,0,15.6,70.0,on,43,14,36,13,,,,
2017-12-18,10:20,329,,,1,67.5,70.8,on,47,15,34,13
2017-12-18,10:20,331,,,0,15.6,70.0,on,43,14,36,13,,,,
2017-12-18,10:21,329,,,1,67.5,70.8,on,47,15,34,13
2017-12-18,10:21,331,,,0,15.6,70.0,on,43,14,36,13,,,,
2017-12-18,10:21,329,,,1,67.5,70.8,on,47,15,34,13
2017-12-18,10:21,331,,,0,15.6,70.0,on,43,14,36,13,,,,
2017-12-18,10:21,329,,,1,67.5,70.8,on,47,15,34,13
2017-12-18,10:21,331,,,0,15.6,70.0,on,43,14,36,13,,,,
2017-12-18,10:22,329,,,1,67.5,70.8,on,47,15,34,13
2017-12-18,10:22,331,,,0,15.6,70.0,on,43,14,36,13,,,,
2017-12-18,10:22,329,,,1,67.5,70.8,on,47,15,34,13
2017-12-18,10:22,331,,,0,15.6,70.0,on,43,14,36,13,,,,
2017-12-18,10:22,329,,,1,67.5,70.8,on,47,15,34,13
2017-12-18,10:22,331,,,0,15.6,70.0,on,43,14,36,13,,,,
2017-12-18,10:23,329,,,1,67.5,70.8,on,47,15,34,13
2017-12-18,10:23,331,,,0,15.6,70.0,on,43,14,36,13,,,,
2017-12-18,10:23,329,,,1,67.5,70.8,on,47,15,34,13
2017-12-18,10:23,331,,,0,15.6,70.0,on,43,14,36,13,,,,
2017-12-18,10:23,329,,,1,67.5,70.8,on,47,15,34,13
2017-12-18,10:23,331,,,0,15.6,70.0,on,43,14,36,13,,,,
2017-12-18,10:23,329,,,1,67.5,70.8,on,47,15,34,13
2017-12-18,10:24,331,,,0,15.6,70.0,on,43,14,36,13,,,,
2017-12-18,10:24,329,,,1,67.5,70.8,on,47,15,34,13
2017-12-18,10:24,331,,,0,15.6,70.0,on,43,14,36,13,,,,
2017-12-18,10:24,329,,,1,67.5,70.8,on,47,15,34,13
2017-12-18,10:24,331,,,0,15.6,70.0,on,43,14,36,13,,,,
2017-12-18,10:24,329,,,1,67.5,70.8,on,47,15,34,13
2017-12-18,10:25,331,,,0,15.6,70.0,on,43,14,36,13,,,,
2017-12-18,10:25,329,,,1,67.5,70.8,on,47,15,34,13
2017-12-18,10:25,331,,,0,15.6,70.0,on,43,14,36,13,,,,
2017-12-18,10:25,329,,,1,67.5,70.8,on,47,15,34,13
2017-12-18,10:25,331,,,0,15.6,70.0,on,43,14,36,13,,,,
2017-12-18,10:25,329,,,1,67.5,70.8,on,47,15,34,13
2017-12-18,10:26,331,,,0,15.6,70.0,on,43,14,36,13,,,,
2017-12-18,10:26,329,,,1,67.5,70.8,on,47,15,34,13
2017-12-18,10:26,331,,,0,15.6,70.0,on,43,14,36,13,,,,
2017-12-18,10:26,329,,,1,67.5,70.8,on,47,15,34,13
2017-12-18,10:26,331,,,0,15.6,70.0,on,43,14,36,13,,,,
2017-12-18,10:26,329,,,1,67.5,70.8,on,47,15,34,13
2017-12-18,10:27,331,,,0,15.6,70.0,on,43,14,36,13,,,,
2017-12-18,10:27,329,,,1,67.5,70.8,on,47,15,34,13
2017-12-18,10:27,331,,,0,15.6,70.0,on,43,14,36,13,,,,
2017-12-18,10:27,329,,,1,67.5,70.8,on,47,15,34,13
2017-12-18,10:27,331,,,0,15.6,70.0,on,43,14,36,13,,,,
2017-12-18,10:27,329,,,1,67.5,70.8,on,47,15,34,13
2017-12-18,10:28,331,,,0,15.6,70.0,on,43,14,36,13,,,,
2017-12-18,10:28,329,,,1,67.5,70.8,on,47,15,34,13
2017-12-18,10:28,331,,,0,15.6,70.0,on,43,14,36,13,,,,
2017-12-18,10:28,329,,,1,67.5,70.8,on,47,15,34,13
2017-12-18,10:28,331,,,0,15.6,70.0,on,43,14,36,13,,,,
2017-12-18,10:28,329,,,1,67.5,70.8,on,47,15,34,13
2017-12-18,10:29,331,,,0,15.6,70.0,on,43,14,36,13,,,,
2017-12-18,10:29,329,,,1,67.5,70.8,on,47,15,34,13
2017-12-18,10:29,331,,,0,15.6,70.0,on,43,14,36,13,,,,
2017-12-18,10:29,329,,,1,67.5,70.8,on,47,15,34,13
2017-12-18,10:29,331,,,0,15.6,70.0,on,43,14,36,13,,,,
2017-12-18,10:29,329,,,1,67.5,70.8,on,47,15,34,13
2017-12-18,10:30,331,,,0,15.6,70.0,on,43,14,36,13,,,,
2017-12-18,10:30,329,,,1,67.5,70.8,on,47,15,34,13
2017-12-18,10:30,331,,,0,15.6,70.0,on,43,14,36,13,,,,
2017-12-18,10:30,329,,,1,67.5,70.8,on,47,15,34,13
2017-12-18,10:30,331,,,0,15.6,70.0,on,43,14,36,13,,,,
2017-12-18,10:30,329,,,1,67.5,70.8,on,47,15,34,13
2017-12-18,10:30,331,,,0,15.6,70.0,on,43,14,36,13,,,,
2017-12-18,10:31,329,,,1,67.5,70.8,on,47,15,34,13
2017-12-18,10:31,331,,,0,15.6,70.0,on,43,14,36,13,,,,
2017-12-18,10:31,329,,,1,67.5,70.8,on,47,15,34,13
2017-12-18,10:31,331,,,0,15.6,70.0,on,43,14,36,13,,,,
2017-12-18,10:31,329,,,1,67.5,70.8,on,47,15,34,13
2017-12-18,10:31,331,,,0,15.6,70.0,on,43,14,36,13,,,,
2017-12-18,10:32,329,,,1,67.5,70.8,on,47,15,34,13
2017-12-18,10:32,331,,,0,15.6,70.0,on,43,14,36,13,,,,
2017-12-18,10:32,329,,,1,67.5,70.8,on,47,15,34,13
2017-12-18,10:32,331,,,0,15.6,70.0,on,43,14,36,13,,,,
2017-12-18,10:32,329,,,1,67.5,70.8,on,47,15,34,13
2017-12-18,10:32,331,,,0,15.6,70.0,on,43,14,36,13,,,,
2017-12-18,10:33,329,,,1,67.5,70.8,on,47,15,34,13
2017-12-18,10:33,331,,,0,15.6,70.0,on,43,14,36,13,,,,
2017-12-18,10:33,329,,,1,67.5,70.8,on,47,15,34,13
2017-12-18,10:33,331,,,0,15.6,70.0,on,43,14,36,13,,,,
2017-12-18,10:33,329,,,1,67.5,70.8,on,47,15,34,13
2017-12-18,10:33,331,,,0,15.6,70.0,on,43,14,36,13,,,,
2017-12-18,10:34,329,,,1,67.5,70.8,on,47,15,34,13
2017-12-18,10:34,331,,,0,15.6,70.0,on,43,14,36,13,,,,
2017-12-18,10:34,329,,,1,67.5,70.8,on,47,15,34,13
2017-12-18,10:34,331,,,0,15.6,70.0,on,43,14,36,13,,,,
2017-12-18,10:34,329,,,1,67.5,70.8,on,47,15,34,13
2017-12-18,10:34,331,,,0,15.6,70.0,on,43,14,36,13,,,,
2017-12-18,10:35,329,,,1,67.5,70.8,on,47,15,34,13
2017-12-18,10:35,331,,,0,15.6,70.0,on,43,14,36,13,,,,
2017-12-18,10:35,329,,,1,67.5,70.8,on,47,15,34,13
2017-12-18,10:35,331,,,0,15.6,70.0,on,43,14,36,13,,,,
2017-12-18,10:35,329,,,1,67.5,70.8,on,47,15,34,13
2017-12-18,10:35,331,,,0,15.6,70.0,on,43,14,36,13,,,,
2017-12-18,10:36,329,,,1,67.5,70.8,on,47,15,34,13
2017-12-18,10:36,331,,,0,15.6,70.0,on,43,14,36,13,,,,
2017-12-18,10:36,329,,,1,67.5,70.8,on,47,15,34,13
2017-12-18,10:36,331,,,0,15.6,70.0,on,43,14,36,13,,,,
2017-12-18,10:36,329,,,1,67.5,70.8,on,47,15,34,13
2017-12-18,10:36,331,,,0,15.6,70.0,on,43,14,36,13,,,,
2017-12-18,10:37,329,,,1,67.5,70.8,on,47,15,34,13
2017-12-18,10:37,331,,,0,15.6,70.0,on,43,14,36,13,,,,
2017-12-18,10:37,329,,,1,67.5,70.8,on,47,15,34,13
2017-12-18,10:37,331,,,0,15.6,70.0,on,43,14,36,13,,,,
2017-12-18,10:37,329,,,1,67.5,70.8,on,47,15,34,13
2017-12-18,10:37,331,,,0,15.6,70.0,on,43,14,36,13,,,,
2017-12-18,10:37,329,,,1,67.5,70.8,on,47,15,34,13
2017-12-18,10:38,331,,,0,15.6,70.0,on,43,14,36,13,,,,
2017-12-18,10:38,329,,,1,67.5,70.8,on,47,15,34,13
2017-12-18,10:38,331,,,0,15.6,70.0,on,43,14,36,13,,,,
2017-12-18,10:38,329,,,1,67.5,70.8,on,47,15,34,13
2017-12-18,10:38,331,,,0,15.6,70.0,on,43,14,36,13,,,,
2017-12-18,10:38,329,,,1,67.5,70.8,on,47,15,34,13
2017-12-18,10:39,331,,,0,15.6,70.0,on,43,14,36,13,,,,
2017-12-18,10:39,329,,,1,67.5,70.8,on,47,15,34,13
2017-12-18,10:39,331,,,0,15.6,70.0,on,43,14,36,13,,,,
2017-12-18,10:39,329,,,1,67.5,70.8,on,47,15,34,13
2017-12-18,10:39,331,,,0,15.6,70.0,on,43,14,36,13,,,,
2017-12-18,10:39,329,,,1,67.5,70.8,on,47,15,34,13
2017-12-18,10:40,331,,,0,15.6,70.0,on,43,14,36,13,,,,
2017-12-18,10:40,329,,,1,67.5,70.8,on,47,15,34,13
2017-12-18,10:40,331,,,0,15.6,70.0,on,43,14,36,13,,,,
2017-12-18,10:40,329,,,1,67.5,70.8,on,47,15,34,13
2017-12-18,10:40,331,,,0,15.6,70.0,on,43,14,36,13,,,,
2017-12-18,10:40,329,,,1,67.5,70.8,on,47,15,34,13
2017-12-18,10:41,331,,,0,15.6,70.0,on,43,14,36,13,,,,
2017-12-18,10:41,329,,,1,67.5,70.8,on,47,15,34,13
2017-12-18,10:41,331,,,0,15.6,70.0,on,43,14,36,13,,,,
2017-12-18,10:41,329,,,1,67.5,70.8,on,47,15,34,13
2017-12-18,10:41,331,,,0,15.6,70.0,on,43,14,36,13,,,,
2017-12-18,10:41,329,,,1,67.5,70.8,on,47,15,34,13
2017-12-18,10:42,331,,,0,15.6,70.0,on,43,14,36,13,,,,
2017-12-18,10:42,329,,,1,67.5,70.8,on,47,15,34,13
2017-12-18,10:42,331,,,0,15.6,70.0,on,43,14,36,13,,,,
2017-12-18,10:42,329,,,1,67.5,70.8,on,47,15,34,13
2017-12-18,10:42,331,,,0,15.6,70.0,on,43,14,36,13,,,,
2017-12-18,10:42,329,,,1,67.5,70.8,on,47,15,34,13
2017-12-18,10:43,331,,,0,15.6,70.0,on,43,14,36,13,,,,
2017-12-18,10:43,329,,,1,67.5,70.8,on,47,15,34,13
2017-12-18,10:43,331,,,0,15.6,70.0,on,43,14,36,13,,,,
2017-12-18,10:43,329,,,1,67.5,70.8,on,47,15,34,13
2017-12-18,10:43,331,,,0,15.6,70.0,on,43,14,36,13,,,,
2017-12-18,10:43,329,,,1,67.5,70.8,on,47,15,34,13
2017-12-18,10:44,331,,,0,15.6,70.0,on,43,14,36,13,,,,
2017-12-18,10:44,329,,,1,67.5,70.8,on,47,15,34,13
2017-12-18,10:44,331,,,0,15.6,70.0,on,43,14,36,13,,,,
2017-12-18,10:44,329,,,1,67.5,70.8,on,47,15,34,13
2017-12-18,10:44,331,,,0,15.6,70.0,on,43,14,36,13,,,,
2017-12-18,10:44,329,,,1,67.5,70.8,on,47,15,34,13
2017-12-18,10:44,331,,,0,15.6,70.0,on,43,14,36,13,,,,
2017-12-18,10:45,329,,,1,67.5,70.8,on,47,15,34,13
2017-12-18,10:45,331,,,0,15.6,70.0,on,43,14,36,13,,,,
2017-12-18,10:45,329,,,1,67.5,70.8,on,47,15,34,13
2017-12-18,10:45,331,,,0,15.6,70.0,on,43,14,36,13,,,,
2017-12-18,10:45,329,,,1,67.5,70.8,on,47,15,34,13
2017-12-18,10:45,331,,,0,15.6,70.0,on,43,14,36,13,,,,
2017-12-18,10:46,329,,,1,67.5,70.8,on,47,15,34,13
2017-12-18,10:46,331,,,0,15.6,70.0,on,43,14,36,13,,,,
2017-12-18,10:46,329,,,1,67.5,70.8,on,47,15,34,13
2017-12-18,10:46,331,,,0,15.6,70.0,on,43,14,36,13,,,,
2017-12-18,10:46,329,,,1,67.5,70.8,on,47,15,34,13
2017-12-18,10:46,331,,,0,15.6,70.0,on,43,14,36,13,,,,
2017-12-18,10:47,329,,,1,67.5,70.8,on,47,15,34,13
2017-12-18,10:47,331,,,0,15.6,70.0,on,43,14,36,13,,,,
2017-12-18,10:47,329,,,1,67.5,70.8,on,47,15,34,13
2017-12-18,10:47,331,,,0,15.6,70.0,on,43,14,36,13,,,,
2017-12-18,10:47,329,,,1,67.5,70.8,on,47,15,34,13
2017-12-18,10:47,331,,,0,15.6,70.0,on,43,14,36,13,,,,
2017-12-18,10:48,329,,,1,67.5,70.8,on,47,15,34,13
2017-12-18,10:48,331,,,0,15.6,70.0,on,43,14,36,13,,,,
2017-12-18,10:48,329,,,1,67.5,70.8,on,47,15,34,13
2017-12-18,10:48,331,,,0,15.6,70.0,on,43,14,36,13,,,,
2017-12-18,10:48,329,,,1,67.5,70.8,on,47,15,34,13
2017-12-18,10:48,331,,,0,15.6,70.0,on,43,14,36,13,,,,
2017-12-18,10:49,329,,,1,67.5,70.8,on,47,15,34,13
2017-12-18,10:49,331,,,0,15.6,70.0,on,43,14,36,13,,,,
2017-12-18,10:49,329,,,1,67.5,70.8,on,47,15,34,13
2017-12-18,10:49,331,,,0,15.6,70.0,on,43,14,36,13,,,,
2017-12-18,10:49,329,,,1,67.5,70.8,on,47,15,34,13
2017-12-18,10:49,331,,,0,15.6,70.0,on,43,14,36,13,,,,
2017-12-18,10:50,329,,,1,67.5,70.8,on,47,15,34,13
2017-12-18,10:50,331,,,0,15.6,70.0,on,43,14,36,13,,,,
2017-12-18,10:50,329,,,1,67.5,70.8,on,47,15,34,13
2017-12-18,10:50,331,,,0,15.6,70.0,on,43,14,36,13,,,,
2017-12-18,10:50,329,,,1,67.5,70.8,on,47,15,34,13
2017-12-18,10:50,331,,,0,15.6,70.0,on,43,14,36,13,,,,
2017-12-18,10:51,329,,,1,67.5,70.8,on,47,15,34,13
2017-12-18,10:51,331,,,0,15.6,70.0,on,43,14,36,13,,,,
2017-12-18,10:51,329,,,1,67.5,70.8,on,47,15,34,13
2017-12-18,10:51,331,,,0,15.6,70.0,on,43,14,36,13,,,,
2017-12-18,10:51,329,,,1,67.5,70.8,on,47,15,34,13
2017-12-18,10:51,331,,,0,15.6,70.0,on,43,14,36,13,,,,
2017-12-18,10:51,329,,,1,67.5,70.8,on,47,15,34,13
2017-12-18,10:52,331,,,0,15.6,70.0,on,43,14,36,13,,,,
2017-12-18,10:52,329,,,1,67.5,70.8,on,47,15,34,13
2017-12-18,10:52,331,,,0,15.6,70.0,on,43,14,36,13,,,,
2017-12-18,10:52,329,,,1,67.5,70.8,on,47,15,34,13
2017-12-18,10:52,331,,,0,15.6,70.0,on,43,14,36,13,,,,
2017-12-18,10:52,329,,,1,67.5,70.8,on,47,15,34,13
2017-12-18,10:53,331,,,0,15.6,70.0,on,43,14,36,13,,,,
2017-12-18,10:53,329,,,1,67.5,70.8,on,47,15,34,13
2017-12-18,10:53,331,,,0,15.6,70.0,on,43,14,36,13,,,,
2017-12-18,10:53,329,,,1,67.5,70.8,on,47,15,34,13
2017-12-18,10:53,331,,,0,15.6,70.0,on,43,14,36,13,,,,
2017-12-18,10:53,329,,,1,67.5,70.8,on,47,15,34,13
2017-12-18,10:54,331,,,0,15.6,70.0,on,43,14,36,13,,,,
2017-12-18,10:54,329,,,1,67.5,70.8,on,47,15,34,13
2017-12-18,10:54,331,,,0,15.6,70.0,on,43,14,36,13,,,,
2017-12-18,10:54,329,,,1,67.5,70.8,on,47,15,34,13
2017-12-18,10:54,331,,,0,15.6,70.0,on,43,14,36,13,,,,
2017-12-18,10:54,329,,,1,67.5,70.8,on,47,15,34,13
2017-12-18,10:55,331,,,0,15.6,70.0,on,43,14,36,13,,,,
2017-12-18,10:55,329,,,1,67.5,70.8,on,47,15,34,13
2017-12-18,10:55,331,,,0,15.6,70.0,on,43,14,36,13,,,,
2017-12-18,10:55,329,,,1,67.5,70.8,on,47,15,34,13
2017-12-18,10:55,331,,,0,15.6,70.0,on,43,14,36,13,,,,
2017-12-18,10:55,329,,,1,67.5,70.8,on,47,15,34,13
2017-12-18,10:56,331,,,0,15.6,70.0,on,43,14,36,13,,,,
2017-12-18,10:56,329,,,1,67.5,70.8,on,47,15,34,13
2017-12-18,10:56,331,,,0,15.6,70.0,on,43,14,36,13,,,,
2017-12-18,10:56,329,,,1,67.5,70.8,on,47,15,34,13
2017-12-18,10:56,331,,,0,15.6,70.0,on,43,14,36,13,,,,
2017-12-18,10:56,329,,,1,67.5,70.8,on,47,15,34,13
2017-12-18,10:57,331,,,0,15.6,70.0,on,43,14,36,13,,,,
2017-12-18,10:57,329,,,1,67.5,70.8,on,47,15,34,13
2017-12-18,10:57,331,,,0,15.6,70.0,on,43,14,36,13,,,,
2017-12-18,10:57,329,,,1,67.5,70.8,on,47,15,34,13
2017-12-18,10:57,331,,,0,15.6,70.0,on,43,14,36,13,,,,
2017-12-18,10:57,329,,,1,67.5,70.8,on,47,15,34,13
2017-12-18,10:58,331,,,0,15.6,70.0,on,43,14,36,13,,,,
2017-12-18,10:58,329,,,1,67.5,70.8,on,47,15,34,13
2017-12-18,10:58,331,,,0,15.6,70.0,on,43,14,36,13,,,,
2017-12-18,10:58,329,,,1,67.5,70.8,on,47,15,34,13
2017-12-18,10:58,331,,,0,15.6,70.0,on,43,14,36,13,,,,
2017-12-18,10:58,329,,,1,67.5,70.8,on,47,15,34,13
2017-12-18,10:58,331,,,0,15.6,70.0,on,43,14,36,13,,,,
2017-12-18,10:59,329,,,1,67.5,70.8,on,47,15,34,13
2017-12-18,10:59,331,,,0,15.6,70.0,on,43,14,36,13,,,,
2017-12-18,10:59,329,,,1,67.5,70.8,on,47,15,34,13
2017-12-18,10:59,331,,,0,15.6,70.0,on,43,14,36,13,,,,
2017-12-18,10:59,329,,,1,67.5,70.8,on,47,15,34,13
2017-12-18,10:59,331,,,0,15.6,70.0,on,43,14,36,13,,,,
2017-12-18,11:00,329,,,1,67.5,70.8,on,47,15,34,13
2017-12-18,11:00,331,,,0,15.6,70.0,on,43,14,36,13,,,,
2017-12-18,11:00,329,,,1,67.5,70.8,on,47,15,34,13
2017-12-18,11:00,331,,,0,15.6,70.0,on,43,14,36,13,,,,
2017-12-18,11:00,329,,,1,67.5,70.8,on,47,15,34,13
2017-12-18,11:00,331,,,0,15.6,70.0,on,43,14,36,13,,,,
2017-12-18,11:01,329,,,1,67.5,70.8,on,47,15,34,13
2017-12-18,11:01,331,,,0,15.6,70.0,on,43,14,36,13,,,,
2017-12-18,11:01,329,,,1,67.5,70.8,on,47,15,34,13
2017-12-18,11:01,331,,,0,15.6,70.0,on,43,14,36,13,,,,
2017-12-18,11:01,329,,,1,67.5,70.8,on,47,15,34,13
2017-12-18,11:01,331,,,0,15.6,70.0,on,43,14,36,13,,,,
2017-12-18,11:02,329,,,1,67.5,70.8,on,47,15,34,13
2017-12-18,11:02,331,,,0,15.6,70.0,on,43,14,36,13,,,,
2017-12-18,11:02,329,,,1,67.5,70.8,on,47,15,34,13
2017-12-18,11:02,331,,,0,15.6,70.0,on,43,14,36,13,,,,
2017-12-18,11:02,329,,,1,67.5,70.8,on,47,15,34,13
2017-12-18,11:02,331,,,0,15.6,70.0,on,43,14,36,13,,,,
2017-12-18,11:03,329,,,1,67.5,70.8,on,47,15,34,13
2017-12-18,11:03,331,,,0,15.6,70.0,on,43,14,36,13,,,,
2017-12-18,11:03,329,,,1,67.5,70.8,on,47,15,34,13
2017-12-18,11:03,331,,,0,15.6,70.0,on,43,14,36,13,,,,
2017-12-18,11:03,329,,,1,67.5,70.8,on,47,15,34,13
2017-12-18,11:03,331,,,0,15.6,70.0,on,43,14,36,13,,,,
2017-12-18,11:04,329,,,1,67.5,70.8,on,47,15,34,13
2017-12-18,11:04,331,,,0,15.6,70.0,on,43,14,36,13,,,,
2017-12-18,11:04,329,,,1,67.5,70.8,on,47,15,34,13
2017-12-18,11:04,331,,,0,15.6,70.0,on,43,14,36,13,,,,
2017-12-18,11:04,329,,,1,67.5,70.8,on,47,15,34,13
2017-12-18,11:04,331,,,0,15.6,70.0,on,43,14,36,13,,,,
2017-12-18,11:05,329,,,1,67.5,70.8,on,47,15,34,13
2017-12-18,11:05,331,,,0,15.6,70.0,on,43,14,36,13,,,,
2017-12-18,11:05,329,,,1,67.5,70.8,on,47,15,34,13
2017-12-18,11:05,331,,,0,15.6,70.0,on,43,14,36,13,,,,
2017-12-18,11:05,329,,,1,67.5,70.8,on,47,15,34,13
2017-12-18,11:05,331,,,0,15.6,70.0,on,43,14,36,13,,,,
2017-12-18,11:05,329,,,1,67.5,70.8,on,47,15,34,13
2017-12-18,11:06,331,,,0,15.6,70.0,on,43,14,36,13,,,,
2017-12-18,11:06,329,,,1,67.5,70.8,on,47,15,34,13
2017-12-18,11:06,331,,,0,15.6,70.0,on,43,14,36,13,,,,
2017-12-18,11:06,329,,,1,67.5,70.8,on,47,15,34,13
2017-12-18,11:06,331,,,0,15.6,70.0,on,43,14,36,13,,,,
2017-12-18,11:06,329,,,1,67.5,70.8,on,47,15,34,13
2017-12-18,11:07,331,,,0,15.6,70.0,on,43,14,36,13,,,,
2017-12-18,11:07,329,,,1,67.5,70.8,on,47,15,34,13
2017-12-18,11:07,331,,,0,15.6,70.0,on,43,14,36,13,,,,
2017-12-18,11:07,329,,,1,67.5,70.8,on,47,15,34,13
2017-12-18,11:07,331,,,0,15.6,70.0,on,43,14,36,13,,,,
2017-12-18,11:07,329,,,1,67.5,70.8,on,47,15,34,13
2017-12-18,11:08,331,,,0,15.6,70.0,on,43,14,36,13,,,,
2017-12-18,11:08,329,,,1,67.5,70.8,on,47,15,34,13
2017-12-18,11:08,331,,,0,15.6,70.0,on,43,14,36,13,,,,
2017-12-18,11:08,329,,,1,67.5,70.8,on,47,15,34,13
2017-12-18,11:08,331,,,0,15.6,70.0,on,43,14,36,13,,,,
2017-12-18,11:08,329,,,1,67.5,70.8,on,47,15,34,13
2017-12-18,11:09,331,,,0,15.6,70.0,on,43,14,36,13,,,,
2017-12-18,11:09,329,,,1,67.5,70.8,on,47,15,34,13
2017-12-18,11:09,331,,,0,15.6,70.0,on,43,14,36,13,,,,
2017-12-18,11:09,329,,,1,67.5,70.8,on,47,15,34,13
2017-12-18,11:09,331,,,0,15.6,70.0,on,43,14,36,13,,,,
2017-12-18,11:09,329,,,1,67.5,70.8,on,47,15,34,13
2017-12-18,11:10,331,,,0,15.6,70.0,on,43,14,36,13,,,,
2017-12-18,11:10,329,,,1,67.5,70.8,on,47,15,34,13
2017-12-18,11:10,331,,,0,15.6,70.0,on,43,14,36,13,,,,
2017-12-18,11:10,329,,,1,67.5,70.8,on,47,15,34,13
2017-12-18,11:10,331,,,0,15.6,70.0,on,43,14,36,13,,,,
2017-12-18,11:10,329,,,1,67.5,70.8,on,47,15,34,13
2017-12-18,11:11,331,,,0,15.6,70.0,on,43,14,36,13,,,,
2017-12-18,11:11,329,,,1,67.5,70.8,on,47,15,34,13
2017-12-18,11:11,331,,,0,15.6,70.0,on,43,14,36,13,,,,
2017-12-18,11:11,329,,,1,67.5,70.8,on,47,15,34,13
2017-12-18,11:11,331,,,0,15.6,70.0,on,43,14,36,13,,,,
2017-12-18,11:11,329,,,1,67.5,70.8,on,47,15,34,13
2017-12-18,11:12,331,,,0,15.6,70.0,on,43,14,36,13,,,,
2017-12-18,11:12,329,,,1,67.5,70.8,on,47,15,34,13
2017-12-18,11:12,331,,,0,15.6,70.0,on,43,14,36,13,,,,
2017-12-18,11:12,329,,,1,67.5,70.8,on,47,15,34,13
2017-12-18,11:12,331,,,0,15.6,70.0,on,43,14,36,13,,,,
2017-12-18,11:12,329,,,1,67.5,70.8,on,47,15,34,13
2017-12-18,11:12,331,,,0,15.6,70.0,on,43,14,36,13,,,,
2017-12-18,11:13,329,,,1,67.5,70.8,on,47,15,34,13
2017-12-18,11:13,331,,,0,15.6,70.0,on,43,14,36,13,,,,
2017-12-18,11:13,329,,,1,67.5,70.8,on,47,15,34,13
2017-12-18,11:13,331,,,0,15.6,70.0,on,43,14,36,13,,,,
2017-12-18,11:13,329,,,1,67.5,70.8,on,47,15,34,13
2017-12-18,11:13,331,,,0,15.6,70.0,on,43,14,36,13,,,,
2017-12-18,11:14,329,,,1,67.5,70.8,on,47,15,34,13
2017-12-18,11:14,331,,,0,15.6,70.0,on,43,14,36,13,,,,
2017-12-18,11:14,329,,,1,67.5,70.8,on,47,15,34,13
2017-12-18,11:14,331,,,0,15.6,70.0,on,43,14,36,13,,,,
2017-12-18,11:14,329,,,1,67.5,70.8,on,47,15,34,13
2017-12-18,11:14,331,,,0,15.6,70.0,on,43,14,36,13,,,,
2017-12-18,11:15,329,,,1,67.5,70.8,on,47,15,34,13
2017-12-18,11:15,331,,,0,15.6,70.0,on,43,14,36,13,,,,
2017-12-18,11:15,329,,,1,67.5,70.8,on,47,15,34,13
2017-12-18,11:15,331,,,0,15.6,70.0,on,43,14,36,13,,,,
2017-12-18,11:15,329,,,1,67.5,70.8,on,47,15,34,13
2017-12-18,11:15,331,,,0,15.6,70.0,on,43,14,36,13,,,,
2017-12-18,11:16,329,,,1,67.5,70.8,on,47,15,34,13
2017-12-18,11:16,331,,,0,15.6,70.0,on,43,14,36,13,,,,
2017-12-18,11:16,329,,,1,67.5,70.8,on,47,15,34,13
2017-12-18,11:16,331,,,0,15.6,70.0,on,43,14,36,13,,,,
2017-12-18,11:16,329,,,1,67.5,70.8,on,47,15,34,13
2017-12-18,11:16,331,,,0,15.6,70.0,on,43,14,36,13,,,,
2017-12-18,11:17,329,,,1,67.5,70.8,on,47,15,34,13
2017-12-18,11:17,331,,,0,15.6,70.0,on,43,14,36,13,,,,
2017-12-18,11:17,329,,,1,67.5,70.8,on,47,15,34,13
2017-12-18,11:17,331,,,0,15.6,70.0,on,43,14,36,13,,,,
2017-12-18,11:17,329,,,1,67.5,70.8,on,47,15,34,13
2017-12-18,11:17,331,,,0,15.6,70.0,on,43,14,36,13,,,,
2017-12-18,11:18,329,,,1,67.5,70.8,on,47,15,34,13
2017-12-18,11:18,331,,,0,15.6,70.0,on,43,14,36,13,,,,
2017-12-18,11:18,329,,,1,67.5,70.8,on,47,15,34,13
2017-12-18,11:18,331,,,0,15.6,70.0,on,43,14,36,13,,,,
2017-12-18,11:18,329,,,1,67.5,70.8,on,47,15,34,13
2017-12-18,11:18,331,,,0,15.6,70.0,on,43,14,36,13,,,,
2017-12-18,11:19,329,,,1,67.5,70.8,on,47,15,34,13
2017-12-18,11:19,331,,,0,15.6,70.0,on,43,14,36,13,,,,
2017-12-18,11:19,329,,,1,67.5,70.8,on,47,15,34,13
2017-12-18,11:19,331,,,0,15.6,70.0,on,43,14,36,13,,,,
2017-12-18,11:19,329,,,1,67.5,70.8,on,47,15,34,13
2017-12-18,11:19,331,,,0,15.6,70.0,on,43,14,36,13,,,,
2017-12-18,11:20,329,,,1,67.5,70.8,on,47,15,34,13
2017-12-18,11:20,331,,,0,15.6,70.0,on,43,14,36,13,,,,
2017-12-18,11:20,329,,,1,67.5,70.8,on,47,15,34,13
2017-12-18,11:20,331,,,0,15.6,70.0,on,43,14,36,13,,,,
2017-12-18,11:20,329,,,1,67.5,70.8,on,47,15,34,13
2017-12-18,11:20,331,,,0,15.6,70.0,on,43,14,36,13,,,,
2017-12-18,11:20,329,,,1,67.5,70.8,on,47,15,34,13
2017-12-18,11:21,331,,,0,15.6,70.0,on,43,14,36,13,,,,
2017-12-18,11:21,329,,,1,67.5,70.8,on,47,15,34,13
2017-12-18,11:21,331,,,0,15.6,70.0,on,43,14,36,13,,,,
2017-12-18,11:21,329,,,1,67.5,70.8,on,47,15,34,13
2017-12-18,11:21,331,,,0,15.6,70.0,on,43,14,36,13,,,,
2017-12-18,11:21,329,,,1,67.5,70.8,on,47,15,34,13
2017-12-18,11:22,331,,,0,15.6,70.0,on,43,14,36,13,,,,
2017-12-18,11:22,329,,,1,67.5,70.8,on,47,15,34,13
2017-12-18,11:22,331,,,0,15.6,70.0,on,43,14,36,13,,,,
2017-12-18,11:22,329,,,1,67.5,70.8,on,47,15,34,13
2017-12-18,11:22,331,,,0,15.6,70.0,on,43,14,36,13,,,,
2017-12-18,11:22,329,,,1,67.5,70.8,on,47,15,34,13
2017-12-18,11:23,331,,,0,15.6,70.0,on,43,14,36,13,,,,
2017-12-18,11:23,329,,,1,67.5,70.8,on,47,15,34,13
2017-12-18,11:23,331,,,0,15.6,70.0,on,43,14,36,13,,,,
2017-12-18,11:23,329,,,1,67.5,70.8,on,47,15,34,13
2017-12-18,11:23,331,,,0,15.6,70.0,on,43,14,36,13,,,,
2017-12-18,11:23,329,,,1,67.5,70.8,on,47,15,34,13
2017-12-18,11:24,331,,,0,15.6,70.0,on,43,14,36,13,,,,
2017-12-18,11:24,329,,,1,67.5,70.8,on,47,15,34,13
2017-12-18,11:24,331,,,0,15.6,70.0,on,43,14,36,13,,,,
2017-12-18,11:24,329,,,1,67.5,70.8,on,47,15,34,13
2017-12-18,11:24,331,,,0,15.6,70.0,on,43,14,36,13,,,,
2017-12-18,11:24,329,,,1,67.5,70.8,on,47,15,34,13
2017-12-18,11:25,331,,,0,15.6,70.0,on,43,14,36,13,,,,
2017-12-18,11:25,329,,,1,67.5,70.8,on,47,15,34,13
2017-12-18,11:25,331,,,0,15.6,70.0,on,43,14,36,13,,,,
2017-12-18,11:25,329,,,1,67.5,70.8,on,47,15,34,13
2017-12-18,11:25,331,,,0,15.6,70.0,on,43,14,36,13,,,,
2017-12-18,11:25,329,,,1,67.5,70.8,on,47,15,34,13
2017-12-18,11:26,331,,,0,15.6,70.0,on,43,14,36,13,,,,
2017-12-18,11:26,329,,,1,67.5,70.8,on,47,15,34,13
2017-12-18,11:26,331,,,0,15.6,70.0,on,43,14,36,13,,,,
2017-12-18,11:26,329,,,1,67.5,70.8,on,47,15,34,13
2017-12-18,11:26,331,,,0,15.6,70.0,on,43,14,36,13,,,,
2017-12-18,11:26,329,,,1,67.5,70.8,on,47,15,34,13
2017-12-18,11:26,331,,,0,15.6,70.0,on,43,14,36,13,,,,
2017-12-18,11:27,329,,,1,67.5,70.8,on,47,15,34,13
2017-12-18,11:27,331,,,0,15.6,70.0,on,43,14,36,13,,,,
2017-12-18,11:27,329,,,1,67.5,70.8,on,47,15,34,13
2017-12-18,11:27,331,,,0,15.6,70.0,on,43,14,36,13,,,,
2017-12-18,11:27,329,,,1,67.5,70.8,on,47,15,34,13
2017-12-18,11:27,331,,,0,15.6,70.0,on,43,14,36,13,,,,
2017-12-18,11:28,329,,,1,67.5,70.8,on,47,15,34,13
2017-12-18,11:28,331,,,0,15.6,70.0,on,43,14,36,13,,,,
2017-12-18,11:28,329,,,1,67.5,70.8,on,47,15,34,13
2017-12-18,11:28,331,,,0,15.6,70.0,on,43,14,36,13,,,,
2017-12-18,11:28,329,,,1,67.5,70.8,on,47,15,34,13
2017-12-18,11:28,331,,,0,15.6,70.0,on,43,14,36,13,,,,
2017-12-18,11:29,329,,,1,67.5,70.8,on,47,15,34,13
2017-12-18,11:29,331,,,0,15.6,70.0,on,43,14,36,13,,,,
2017-12-18,11:29,329,,,1,67.5,70.8,on,47,15,34,13
2017-12-18,11:29,331,,,0,15.6,70.0,on,43,14,36,13,,,,
2017-12-18,11:29,329,,,1,67.5,70.8,on,47,15,34,13
2017-12-18,11:29,331,,,0,15.6,70.0,on,43,14,36,13,,,,
2017-12-18,11:30,329,,,1,67.5,70.8,on,47,15,34,13
2017-12-18,11:30,331,,,0,15.6,70.0,on,43,14,36,13,,,,
2017-12-18,11:30,329,,,1,67.5,70.8,on,47,15,34,13
2017-12-18,11:30,331,,,0,15.6,70.0,on,43,14,36,13,,,,
2017-12-18,11:30,329,,,1,67.5,70.8,on,47,15,34,13
2017-12-18,11:30,331,,,0,15.6,70.0,on,43,14,36,13,,,,
2017-12-18,11:31,329,,,1,67.5,70.8,on,47,15,34,13
2017-12-18,11:31,331,,,0,15.6,70.0,on,43,14,36,13,,,,
2017-12-18,11:31,329,,,1,67.5,70.8,on,47,15,34,13
2017-12-18,11:31,331,,,0,15.6,70.0,on,43,14,36,13,,,,
2017-12-18,11:31,329,,,1,67.5,70.8,on,47,15,34,13
2017-12-18,11:31,331,,,0,15.6,70.0,on,43,14,36,13,,,,
2017-12-18,11:32,329,,,1,67.5,70.8,on,47,15,34,13
2017-12-18,11:32,331,,,0,15.6,70.0,on,43,14,36,13,,,,
2017-12-18,11:32,329,,,1,67.5,70.8,on,47,15,34,13
2017-12-18,11:32,331,,,0,15.6,70.0,on,43,14,36,13,,,,
2017-12-18,11:32,329,,,1,67.5,70.8,on,47,15,34,13
2017-12-18,11:32,331,,,0,15.6,70.0,on,43,14,36,13,,,,
2017-12-18,11:33,329,,,1,67.5,70.8,on,47,15,34,13
2017-12-18,11:33,331,,,0,15.6,70.0,on,43,14,36,13,,,,
2017-12-18,11:33,329,,,1,67.5,70.8,on,47,15,34,13
2017-12-18,11:33,331,,,0,15.6,70.0,on,43,14,36,13,,,,
2017-12-18,11:33,329,,,1,67.5,70.8,on,47,15,34,13
2017-12-18,11:33,331,,,0,15.6,70.0,on,43,14,36,13,,,,
2017-12-18,11:34,329,,,1,67.5,70.8,on,47,15,34,13
2017-12-18,11:34,331,,,0,15.6,70.0,on,43,14,36,13,,,,
2017-12-18,11:34,329,,,1,67.5,70.8,on,47,15,34,13
2017-12-18,11:34,331,,,0,15.6,70.0,on,43,14,36,13,,,,
2017-12-18,11:34,329,,,1,67.5,70.8,on,47,15,34,13
2017-12-18,11:34,331,,,0,15.6,70.0,on,43,14,36,13,,,,
2017-12-18,11:34,329,,,1,67.5,70.8,on,47,15,34,13
2017-12-18,11:35,331,,,0,15.6,70.0,on,43,14,36,13,,,,
2017-12-18,11:35,329,,,1,67.5,70.8,on,47,15,34,13
2017-12-18,11:35,331,,,0,15.6,70.0,on,43,14,36,13,,,,
2017-12-18,11:35,329,,,1,67.5,70.8,on,47,15,34,13
2017-12-18,11:35,331,,,0,15.6,70.0,on,43,14,36,13,,,,
2017-12-18,11:35,329,,,1,67.5,70.8,on,47,15,34,13
2017-12-18,11:36,331,,,0,15.6,70.0,on,43,14,36,13,,,,
2017-12-18,11:36,329,,,1,67.5,70.8,on,47,15,34,13
2017-12-18,11:36,331,,,0,15.6,70.0,on,43,14,36,13,,,,
2017-12-18,11:36,329,,,1,67.5,70.8,on,47,15,34,13
2017-12-18,11:36,331,,,0,15.6,70.0,on,43,14,36,13,,,,
2017-12-18,11:36,329,,,1,67.5,70.8,on,47,15,34,13
2017-12-18,11:37,331,,,0,15.6,70.0,on,43,14,36,13,,,,
2017-12-18,11:37,329,,,1,67.5,70.8,on,47,15,34,13
2017-12-18,11:37,331,,,0,15.6,70.0,on,43,14,36,13,,,,
2017-12-18,11:37,329,,,1,67.5,70.8,on,47,15,34,13
2017-12-18,11:37,331,,,0,15.6,70.0,on,43,14,36,13,,,,
2017-12-18,11:37,329,,,1,67.5,70.8,on,47,15,34,13
2017-12-18,11:38,331,,,0,15.6,70.0,on,43,14,36,13,,,,
2017-12-18,11:38,329,,,1,67.5,70.8,on,47,15,34,13
2017-12-18,11:38,331,,,0,15.6,70.0,on,43,14,36,13,,,,
2017-12-18,11:38,329,,,1,67.5,70.8,on,47,15,34,13
2017-12-18,11:38,331,,,0,15.6,70.0,on,43,14,36,13,,,,
2017-12-18,11:38,329,,,1,67.5,70.8,on,47,15,34,13
2017-12-18,11:39,331,,,0,15.6,70.0,on,43,14,36,13,,,,
2017-12-18,11:39,329,,,1,67.5,70.8,on,47,15,34,13
2017-12-18,11:39,331,,,0,15.6,70.0,on,43,14,36,13,,,,
2017-12-18,11:39,329,,,1,67.5,70.8,on,47,15,34,13
2017-12-18,11:39,331,,,0,15.6,70.0,on,43,14,36,13,,,,
2017-12-18,11:39,329,,,1,67.5,70.8,on,47,15,34,13
2017-12-18,11:40,331,,,0,15.6,70.0,on,43,14,36,13,,,,
2017-12-18,11:40,329,,,1,67.5,70.8,on,47,15,34,13
2017-12-18,11:40,331,,,0,15.6,70.0,on,43,14,36,13,,,,
2017-12-18,11:40,329,,,1,67.5,70.8,on,47,15,34,13
2017-12-18,11:40,331,,,0,15.6,70.0,on,43,14,36,13,,,,
2017-12-18,11:40,329,,,1,67.5,70.8,on,47,15,34,13
2017-12-18,11:41,331,,,0,15.6,70.0,on,43,14,36,13,,,,
2017-12-18,11:41,329,,,1,67.5,70.8,on,47,15,34,13
2017-12-18,11:41,331,,,0,15.6,70.0,on,43,14,36,13,,,,
2017-12-18,11:41,329,,,1,67.5,70.8,on,47,15,34,13
2017-12-18,11:41,331,,,0,15.6,70.0,on,43,14,36,13,,,,
2017-12-18,11:41,329,,,1,67.5,70.8,on,47,15,34,13
2017-12-18,11:41,331,,,0,15.6,70.0,on,43,14,36,13,,,,
2017-12-18,11:42,329,,,1,67.5,70.8,on,47,15,34,13
2017-12-18,11:42,331,,,0,15.6,70.0,on,43,14,36,13,,,,
2017-12-18,11:42,329,,,1,67.5,70.8,on,47,15,34,13
2017-12-18,11:42,331,,,0,15.6,70.0,on,43,14,36,13,,,,
2017-12-18,11:42,329,,,1,67.5,70.8,on,47,15,34,13
2017-12-18,11:42,331,,,0,15.6,70.0,on,43,14,36,13,,,,
2017-12-18,11:43,329,,,1,67.5,70.8,on,47,15,34,13
2017-12-18,11:43,331,,,0,15.6,70.0,on,43,14,36,13,,,,
2017-12-18,11:43,329,,,1,67.5,70.8,on,47,15,34,13
2017-12-18,11:43,331,,,0,15.6,70.0,on,43,14,36,13,,,,
2017-12-18,11:43,329,,,1,67.5,70.8,on,47,15,34,13
2017-12-18,11:43,331,,,0,15.6,70.0,on,43,14,36,13,,,,
2017-12-18,11:44,329,,,1,67.5,70.8,on,47,15,34,13
2017-12-18,11:44,331,,,0,15.6,70.0,on,43,14,36,13,,,,
2017-12-18,11:44,329,,,1,67.5,70.8,on,47,15,34,13
2017-12-18,11:44,331,,,0,15.6,70.0,on,43,14,36,13,,,,
2017-12-18,11:44,329,,,1,67.5,70.8,on,47,15,34,13
2017-12-18,11:44,331,,,0,15.6,70.0,on,43,14,36,13,,,,
2017-12-18,11:45,329,,,1,67.5,70.8,on,47,15,34,13
2017-12-18,11:45,331,,,0,15.6,70.0,on,43,14,36,13,,,,
2017-12-18,11:45,329,,,1,67.5,70.8,on,47,15,34,13
2017-12-18,11:45,331,,,0,15.6,70.0,on,43,14,36,13,,,,
2017-12-18,11:45,329,,,1,67.5,70.8,on,47,15,34,13
2017-12-18,11:45,331,,,0,15.6,70.0,on,43,14,36,13,,,,
2017-12-18,11:46,329,,,1,67.5,70.8,on,47,15,34,13
2017-12-18,11:46,331,,,0,15.6,70.0,on,43,14,36,13,,,,
2017-12-18,11:46,329,,,1,67.5,70.8,on,47,15,34,13
2017-12-18,11:46,331,,,0,15.6,70.0,on,43,14,36,13,,,,
2017-12-18,11:46,329,,,1,67.5,70.8,on,47,15,34,13
2017-12-18,11:46,331,,,0,15.6,70.0,on,43,14,36,13,,,,
2017-12-18,11:47,329,,,1,67.5,70.8,on,47,15,34,13
2017-12-18,11:47,331,,,0,15.6,70.0,on,43,14,36,13,,,,
2017-12-18,11:47,329,,,1,67.5,70.8,on,47,15,34,13
2017-12-18,11:47,331,,,0,15.6,70.0,on,43,14,36,13,,,,
2017-12-18,11:47,329,,,1,67.5,70.8,on,47,15,34,13
2017-12-18,11:47,331,,,0,15.6,70.0,on,43,14,36,13,,,,
2017-12-18,11:48,329,,,1,67.5,70.8,on,47,15,34,13
2017-12-18,11:48,331,,,0,15.6,70.0,on,43,14,36,13,,,,
2017-12-18,11:48,329,,,1,67.5,70.8,on,47,15,34,13
2017-12-18,11:48,331,,,0,15.6,70.0,on,43,14,36,13,,,,
2017-12-18,11:48,329,,,1,67.5,70.8,on,47,15,34,13
2017-12-18,11:48,331,,,0,15.6,70.0,on,43,14,36,13,,,,
2017-12-18,11:48,329,,,1,67.5,70.8,on,47,15,34,13
2017-12-18,11:49,331,,,0,15.6,70.0,on,43,14,36,13,,,,
2017-12-18,11:49,329,,,1,67.5,70.8,on,47,15,34,13
2017-12-18,11:49,331,,,0,15.6,70.0,on,43,14,36,13,,,,
2017-12-18,11:49,329,,,1,67.5,70.8,on,47,15,34,13
2017-12-18,11:49,331,,,0,15.6,70.0,on,43,14,36,13,,,,
2017-12-18,11:49,329,,,1,67.5,70.8,on,47,15,34,13
2017-12-18,11:50,331,,,0,15.6,70.0,on,43,14,36,13,,,,
2017-12-18,11:50,329,,,1,67.5,70.8,on,47,15,34,13
2017-12-18,11:50,331,,,0,15.6,70.0,on,43,14,36,13,,,,
2017-12-18,11:50,329,,,1,67.5,70.8,on,47,15,34,13
2017-12-18,11:50,331,,,0,15.6,70.0,on,43,14,36,13,,,,
2017-12-18,11:50,329,,,1,67.5,70.8,on,47,15,34,13
2017-12-18,11:51,331,,,0,15.6,70.0,on,43,14,36,13,,,,
2017-12-18,11:51,329,,,1,67.5,70.8,on,47,15,34,13
2017-12-18,11:51,331,,,0,15.6,70.0,on,43,14,36,13,,,,
2017-12-18,11:51,329,,,1,67.5,70.8,on,47,15,34,13
2017-12-18,11:51,331,,,0,15.6,70.0,on,43,14,36,13,,,,
2017-12-18,11:51,329,,,1,67.5,70.8,on,47,15,34,13
2017-12-18,11:52,331,,,0,15.6,70.0,on,43,14,36,13,,,,
2017-12-18,11:52,329,,,1,67.5,70.8,on,47,15,34,13
2017-12-18,11:52,331,,,0,15.6,70.0,on,43,14,36,13,,,,
2017-12-18,11:52,329,,,1,67.5,70.8,on,47,15,34,13
2017-12-18,11:52,331,,,0,15.6,70.0,on,43,14,36,13,,,,
2017-12-18,11:52,329,,,1,67.5,70.8,on,47,15,34,13
2017-12-18,11:53,331,,,0,15.6,70.0,on,43,14,36,13,,,,
2017-12-18,11:53,329,,,1,67.5,70.8,on,47,15,34,13
2017-12-18,11:53,331,,,0,15.6,70.0,on,43,14,36,13,,,,
2017-12-18,11:53,329,,,1,67.5,70.8,on,47,15,34,13
2017-12-18,11:53,331,,,0,15.6,70.0,on,43,14,36,13,,,,
2017-12-18,11:53,329,,,1,67.5,70.8,on,47,15,34,13
2017-12-18,11:54,331,,,0,15.6,70.0,on,43,14,36,13,,,,
2017-12-18,11:54,329,,,1,67.5,70.8,on,47,15,34,13
2017-12-18,11:54,331,,,0,15.6,70.0,on,43,14,36,13,,,,
2017-12-18,11:54,329,,,1,67.5,70.8,on,47,15,34,13
2017-12-18,11:54,331,,,0,15.6,70.0,on,43,14,36,13,,,,
2017-12-18,11:54,329,,,1,67.5,70.8,on,47,15,34,13
2017-12-18,11:55,331,,,0,15.6,70.0,on,43,14,36,13,,,,
2017-12-18,11:55,329,,,1,67.5,70.8,on,47,15,34,13
2017-12-18,11:55,331,,,0,15.6,70.0,on,43,14,36,13,,,,
2017-12-18,11:55,329,,,1,67.5,70.8,on,47,15,34,13
2017-12-18,11:55,331,,,0,15.6,70.0,on,43,14,36,13,,,,
2017-12-18,11:55,329,,,1,67.5,70.8,on,47,15,34,13
2017-12-18,11:55,331,,,0,15.6,70.0,on,43,14,36,13,,,,
2017-12-18,11:56,329,,,1,67.5,70.8,on,47,15,34,13
2017-12-18,11:56,331,,,0,15.6,70.0,on,43,14,36,13,,,,
2017-12-18,11:56,329,,,1,67.5,70.8,on,47,15,34,13
2017-12-18,11:56,331,,,0,15.6,70.0,on,43,14,36,13,,,,
2017-12-18,11:56,329,,,1,67.5,70.8,on,47,15,34,13
2017-12-18,11:56,331,,,0,15.6,70.0,on,43,14,36,13,,,,
2017-12-18,11:57,329,,,1,67.5,70.8,on,47,15,34,13
2017-12-18,11:57,331,,,0,15.6,70.0,on,43,14,36,13,,,,
2017-12-18,11:57,329,,,1,67.5,70.8,on,47,15,34,13
2017-12-18,11:57,331,,,0,15.6,70.0,on,43,14,36,13,,,,
2017-12-18,11:57,329,,,1,67.5,70.8,on,47,15,34,13
2017-12-18,11:57,331,,,0,15.6,70.0,on,43,14,36,13,,,,
2017-12-18,11:58,329,,,1,67.5,70.8,on,47,15,34,13
2017-12-18,11:58,331,,,0,15.6,70.0,on,43,14,36,13,,,,
2017-12-18,11:58,329,,,1,67.5,70.8,on,47,15,34,13
2017-12-18,11:58,331,,,0,15.6,70.0,on,43,14,36,13,,,,
2017-12-18,11:58,329,,,1,67.5,70.8,on,47,15,34,13
2017-12-18,11:58,331,,,0,15.6,70.0,on,43,14,36,13,,,,
2017-12-18,11:59,329,,,1,67.5,70.8,on,47,15,34,13
2017-12-18,11:59,331,,,0,15.6,70.0,on,43,14,36,13,,,,
2017-12-18,11:59,329,,,1,67.5,70.8,on,47,15,34,13
2017-12-18,11:59,331,,,0,15.6,70.0,on,43,14,36,13,,,,
2017-12-18,11:59,329,,,1,67.5,70.8,on,47,15,34,13
2017-12-18,11:59,331,,,0,15.6,70.0,on,43,14,36,13,,,,
2017-12-18,12:00,329,,,1,67.5,70.8,on,47,15,34,13
2017-12-18,12:00,331,,,0,15.6,70.0,on,43,14,36,13,,,,
2017-12-18,12:00,329,,,1,67.5,70.8,on,47,15,34,13
2017-12-18,12:00,331,,,0,15.6,70.0,on,43,14,36,13,,,,
2017-12-18,12:00,329,,,1,67.5,70.8,on,47,15,34,13
2017-12-18,12:00,331,,,0,15.6,70.0,on,43,14,36,13,,,,
2017-12-18,12:01,329,,,1,67.5,70.8,on,47,15,34,13
2017-12-18,12:01,331,,,0,15.6,70.0,on,43,14,36,13,,,,
2017-12-18,12:01,329,,,1,67.5,70.8,on,47,15,34,13
2017-12-18,12:01,331,,,0,15.6,70.0,on,43,14,36,13,,,,
2017-12-18,12:01,329,,,1,67.5,70.8,on,47,15,34,13
2017-12-18,12:01,331,,,0,15.6,70.0,on,43,14,36,13,,,,
2017-12-18,12:02,329,,,1,67.5,70.8,on,47,15,34,13
2017-12-18,12:02,331,,,0,15.6,70.0,on,43,14,36,13,,,,
2017-12-18,12:02,329,,,1,67.5,70.8,on,47,15,34,13
2017-12-18,12:02,331,,,0,15.6,70.0,on,43,14,36,13,,,,
2017-12-18,12:02,329,,,1,67.5,70.8,on,47,15,34,13
2017-12-18,12:02,331,,,0,15.6,70.0,on,43,14,36,13,,,,
2017-12-18,12:02,329,,,1,67.5,70.8,on,47,15,34,13
2017-12-18,12:03,331,,,0,15.6,70.0,on,43,14,36,13,,,,
2017-12-18,12:03,329,,,1,67.5,70.8,on,47,15,34,13
2017-12-18,12:03,331,,,0,15.6,70.0,on,43,14,36,13,,,,
2017-12-18,12:03,329,,,1,67.5,70.8,on,47,15,34,13
2017-12-18,12:03,331,,,0,15.6,70.0,on,43,14,36,13,,,,
2017-12-18,12:03,329,,,1,67.5,70.8,on,47,15,34,13
2017-12-18,12:04,331,,,0,15.6,70.0,on,43,14,36,13,,,,
2017-12-18,12:04,329,,,1,67.5,70.8,on,47,15,34,13
2017-12-18,12:04,331,,,0,15.6,70.0,on,43,14,36,13,,,,
2017-12-18,12:04,329,,,1,67.5,70.8,on,47,15,34,13
2017-12-18,12:04,331,,,0,15.6,70.0,on,43,14,36,13,,,,
2017-12-18,12:04,329,,,1,67.5,70.8,on,47,15,34,13
2017-12-18,12:05,331,,,0,15.6,70.0,on,43,14,36,13,,,,
2017-12-18,12:05,329,,,1,67.5,70.8,on,47,15,34,13
2017-12-18,12:05,331,,,0,15.6,70.0,on,43,14,36,13,,,,
2017-12-18,12:05,329,,,1,67.5,70.8,on,47,15,34,13
2017-12-18,12:05,331,,,0,15.6,70.0,on,43,14,36,13,,,,
2017-12-18,12:05,329,,,1,67.5,70.8,on,47,15,34,13
2017-12-18,12:06,331,,,0,15.6,70.0,on,43,14,36,13,,,,
2017-12-18,12:06,329,,,1,67.5,70.8,on,47,15,34,13
2017-12-18,12:06,331,,,0,15.6,70.0,on,43,14,36,13,,,,
2017-12-18,12:06,329,,,1,67.5,70.8,on,47,15,34,13
2017-12-18,12:06,331,,,0,15.6,70.0,on,43,14,36,13,,,,
2017-12-18,12:06,329,,,1,67.5,70.8,on,47,15,34,13
2017-12-18,12:07,331,,,0,15.6,70.0,on,43,14,36,13,,,,
2017-12-18,12:07,329,,,1,67.5,70.8,on,47,15,34,13
2017-12-18,12:07,331,,,0,15.6,70.0,on,43,14,36,13,,,,
2017-12-18,12:07,329,,,1,67.5,70.8,on,47,15,34,13
2017-12-18,12:07,331,,,0,15.6,70.0,on,43,14,36,13,,,,
2017-12-18,12:07,329,,,1,67.5,70.8,on,47,15,34,13
2017-12-18,12:08,331,,,0,15.6,70.0,on,43,14,36,13,,,,
2017-12-18,12:08,329,,,1,67.5,70.8,on,47,15,34,13
2017-12-18,12:08,331,,,0,15.6,70.0,on,43,14,36,13,,,,
2017-12-18,12:08,329,,,1,67.5,70.8,on,47,15,34,13
2017-12-18,12:08,331,,,0,15.6,70.0,on,43,14,36,13,,,,
2017-12-18,12:08,329,,,1,67.5,70.8,on,47,15,34,13
2017-12-18,12:09,331,,,0,15.6,70.0,on,43,14,36,13,,,,
2017-12-18,12:09,329,,,1,67.5,70.8,on,47,15,34,13
2017-12-18,12:09,331,,,0,15.6,70.0,on,43,14,36,13,,,,
2017-12-18,12:09,329,,,1,67.5,70.8,on,47,15,34,13
2017-12-18,12:09,331,,,0,15.6,70.0,on,43,14,36,13,,,,
2017-12-18,12:09,329,,,1,67.5,70.8,on,47,15,34,13
2017-12-18,12:09,331,,,0,15.6,70.0,on,43,14,36,13,,,,
2017-12-18,12:10,329,,,1,67.5,70.8,on,47,15,34,13
2017-12-18,12:10,331,,,0,15.6,70.0,on,43,14,36,13,,,,
2017-12-18,12:10,329,,,1,67.5,70.8,on,47,15,34,13
2017-12-18,12:10,331,,,0,15.6,70.0,on,43,14,36,13,,,,
2017-12-18,12:10,329,,,1,67.5,70.8,on,47,15,34,13
2017-12-18,12:10,331,,,0,15.6,70.0,on,43,14,36,13,,,,
2017-12-18,12:11,329,,,1,67.5,70.8,on,47,15,34,13
2017-12-18,12:11,331,,,0,15.6,70.0,on,43,14,36,13,,,,
2017-12-18,12:11,329,,,1,67.5,70.8,on,47,15,34,13
2017-12-18,12:11,331,,,0,15.6,70.0,on,43,14,36,13,,,,
2017-12-18,12:11,329,,,1,67.5,70.8,on,47,15,34,13
2017-12-18,12:11,331,,,0,15.6,70.0,on,43,14,36,13,,,,
2017-12-18,12:12,329,,,1,67.5,70.8,on,47,15,34,13
2017-12-18,12:12,331,,,0,15.6,70.0,on,43,14,36,13,,,,
2017-12-18,12:12,329,,,1,67.5,70.8,on,47,15,34,13
2017-12-18,12:12,331,,,0,15.6,70.0,on,43,14,36,13,,,,
2017-12-18,12:12,329,,,1,67.5,70.8,on,47,15,34,13
2017-12-18,12:12,331,,,0,15.6,70.0,on,43,14,36,13,,,,
2017-12-18,12:13,329,,,1,67.5,70.8,on,47,15,34,13
2017-12-18,12:13,331,,,0,15.6,70.0,on,43,14,36,13,,,,
2017-12-18,12:13,329,,,1,67.5,70.8,on,47,15,34,13
2017-12-18,12:13,331,,,0,15.6,70.0,on,43,14,36,13,,,,
2017-12-18,12:13,329,,,1,67.5,70.8,on,47,15,34,13
2017-12-18,12:13,331,,,0,15.6,70.0,on,43,14,36,13,,,,
2017-12-18,12:14,329,,,1,67.5,70.8,on,47,15,34,13
2017-12-18,12:14,331,,,0,15.6,70.0,on,43,14,36,13,,,,
2017-12-18,12:14,329,,,1,67.5,70.8,on,47,15,34,13
2017-12-18,12:14,331,,,0,15.6,70.0,on,43,14,36,13,,,,
2017-12-18,12:14,329,,,1,67.5,70.8,on,47,15,34,13
2017-12-18,12:14,331,,,0,15.6,70.0,on,43,14,36,13,,,,
2017-12-18,12:15,329,,,1,67.5,70.8,on,47,15,34,13
2017-12-18,12:15,331,,,0,15.6,70.0,on,43,14,36,13,,,,
2017-12-18,12:15,329,,,1,67.5,70.8,on,47,15,34,13
2017-12-18,12:15,331,,,0,15.6,70.0,on,43,14,36,13,,,,
2017-12-18,12:15,329,,,1,67.5,70.8,on,47,15,34,13
2017-12-18,12:15,331,,,0,15.6,70.0,on,43,14,36,13,,,,
2017-12-18,12:16,329,,,1,67.5,70.8,on,47,15,34,13
2017-12-18,12:16,331,,,0,15.6,70.0,on,43,14,36,13,,,,
2017-12-18,12:16,329,,,1,67.5,70.8,on,47,15,34,13
2017-12-18,12:16,331,,,0,15.6,70.0,on,43,14,36,13,,,,
2017-12-18,12:16,329,,,1,67.5,70.8,on,47,15,34,13
2017-12-18,12:16,331,,,0,15.6,70.0,on,43,14,36,13,,,,
2017-12-18,12:16,329,,,1,67.5,70.8,on,47,15,34,13
2017-12-18,12:17,331,,,0,15.6,70.0,on,43,14,36,13,,,,
2017-12-18,12:17,329,,,1,67.5,70.8,on,47,15,34,13
2017-12-18,12:17,331,,,0,15.6,70.0,on,43,14,36,13,,,,
2017-12-18,12:17,329,,,1,67.5,70.8,on,47,15,34,13
2017-12-18,12:17,331,,,0,15.6,70.0,on,43,14,36,13,,,,
2017-12-18,12:17,329,,,1,67.5,70.8,on,47,15,34,13
2017-12-18,12:18,331,,,0,15.6,70.0,on,43,14,36,13,,,,
2017-12-18,12:18,329,,,1,67.5,70.8,on,47,15,34,13
2017-12-18,12:18,331,,,0,15.6,70.0,on,43,14,36,13,,,,
2017-12-18,12:18,329,,,1,67.5,70.8,on,47,15,34,13
2017-12-18,12:18,331,,,0,15.6,70.0,on,43,14,36,13,,,,
2017-12-18,12:18,329,,,1,67.5,70.8,on,47,15,34,13
2017-12-18,12:19,331,,,0,15.6,70.0,on,43,14,36,13,,,,
2017-12-18,12:19,329,,,1,67.5,70.8,on,47,15,34,13
2017-12-18,12:19,331,,,0,15.6,70.0,on,43,14,36,13,,,,
2017-12-18,12:19,329,,,1,67.5,70.8,on,47,15,34,13
2017-12-18,12:19,331,,,0,15.6,70.0,on,43,14,36,13,,,,
2017-12-18,12:19,329,,,1,67.5,70.8,on,47,15,34,13
2017-12-18,12:20,331,,,0,15.6,70.0,on,43,14,36,13,,,,
2017-12-18,12:20,329,,,1,67.5,70.8,on,47,15,34,13
2017-12-18,12:20,331,,,0,15.6,70.0,on,43,14,36,13,,,,
2017-12-18,12:20,329,,,1,67.5,70.8,on,47,15,34,13
2017-12-18,12:20,331,,,0,15.6,70.0,on,43,14,36,13,,,,
2017-12-18,12:20,329,,,1,67.5,70.8,on,47,15,34,13
2017-12-18,12:21,331,,,0,15.6,70.0,on,43,14,36,13,,,,
2017-12-18,12:21,329,,,1,67.5,70.8,on,47,15,34,13
2017-12-18,12:21,331,,,0,15.6,70.0,on,43,14,36,13,,,,
2017-12-18,12:21,329,,,1,67.5,70.8,on,47,15,34,13
2017-12-18,12:21,331,,,0,15.6,70.0,on,43,14,36,13,,,,
2017-12-18,12:21,329,,,1,67.5,70.8,on,47,15,34,13
2017-12-18,12:22,331,,,0,15.6,70.0,on,43,14,36,13,,,,
2017-12-18,12:22,329,,,1,67.5,70.8,on,47,15,34,13
2017-12-18,12:22,331,,,0,15.6,70.0,on,43,14,36,13,,,,
2017-12-18,12:22,329,,,1,67.5,70.8,on,47,15,34,13
2017-12-18,12:22,331,,,0,15.6,70.0,on,43,14,36,13,,,,
2017-12-18,12:22,329,,,1,67.5,70.8,on,47,15,34,13
2017-12-18,12:23,331,,,0,15.6,70.0,on,43,14,36,13,,,,
2017-12-18,12:23,329,,,1,67.5,70.8,on,47,15,34,13
2017-12-18,12:23,331,,,0,15.6,70.0,on,43,14,36,13,,,,
2017-12-18,12:23,329,,,1,67.5,70.8,on,47,15,34,13
2017-12-18,12:23,331,,,0,15.6,70.0,on,43,14,36,13,,,,
2017-12-18,12:23,329,,,1,67.5,70.8,on,47,15,34,13
2017-12-18,12:23,331,,,0,15.6,70.0,on,43,14,36,13,,,,
2017-12-18,12:24,329,,,1,67.5,70.8,on,47,15,34,13
2017-12-18,12:24,331,,,0,15.6,70.0,on,43,14,36,13,,,,
2017-12-18,12:24,329,,,1,67.5,70.8,on,47,15,34,13
2017-12-18,12:24,331,,,0,15.6,70.0,on,43,14,36,13,,,,
2017-12-18,12:24,329,,,1,67.5,70.8,on,47,15,34,13
2017-12-18,12:24,331,,,0,15.6,70.0,on,43,14,36,13,,,,
2017-12-18,12:25,329,,,1,67.5,70.8,on,47,15,34,13
2017-12-18,12:25,331,,,0,15.6,70.0,on,43,14,36,13,,,,
2017-12-18,12:25,329,,,1,67.5,70.8,on,47,15,34,13
2017-12-18,12:25,331,,,0,15.6,70.0,on,43,14,36,13,,,,
2017-12-18,12:25,329,,,1,67.5,70.8,on,47,15,34,13
2017-12-18,12:25,331,,,0,15.6,70.0,on,43,14,36,13,,,,
2017-12-18,12:26,329,,,1,67.5,70.8,on,47,15,34,13
2017-12-18,12:26,331,,,0,15.6,70.0,on,43,14,36,13,,,,
2017-12-18,12:26,329,,,1,67.5,70.8,on,47,15,34,13
2017-12-18,12:26,331,,,0,15.6,70.0,on,43,14,36,13,,,,
2017-12-18,12:26,329,,,1,67.5,70.8,on,47,15,34,13
2017-12-18,12:26,331,,,0,15.6,70.0,on,43,14,36,13,,,,
2017-12-18,12:27,329,,,1,67.5,70.8,on,47,15,34,13
2017-12-18,12:27,331,,,0,15.6,70.0,on,43,14,36,13,,,,
2017-12-18,12:27,329,,,1,67.5,70.8,on,47,15,34,13
2017-12-18,12:27,331,,,0,15.6,70.0,on,43,14,36,13,,,,
2017-12-18,12:27,329,,,1,67.5,70.8,on,47,15,34,13
2017-12-18,12:27,331,,,0,15.6,70.0,on,43,14,36,13,,,,
2017-12-18,12:28,329,,,1,67.5,70.8,on,47,15,34,13
2017-12-18,12:28,331,,,0,15.6,70.0,on,43,14,36,13,,,,
2017-12-18,12:28,329,,,1,67.5,70.8,on,47,15,34,13
2017-12-18,12:28,331,,,0,15.6,70.0,on,43,14,36,13,,,,
2017-12-18,12:28,329,,,1,67.5,70.8,on,47,15,34,13
2017-12-18,12:28,331,,,0,15.6,70.0,on,43,14,36,13,,,,
2017-12-18,12:29,329,,,1,67.5,70.8,on,47,15,34,13
2017-12-18,12:29,331,,,0,15.6,70.0,on,43,14,36,13,,,,
2017-12-18,12:29,329,,,1,67.5,70.8,on,47,15,34,13
2017-12-18,12:29,331,,,0,15.6,70.0,on,43,14,36,13,,,,
2017-12-18,12:29,329,,,1,67.5,70.8,on,47,15,34,13
2017-12-18,12:29,331,,,0,15.6,70.0,on,43,14,36,13,,,,
2017-12-18,12:30,329,,,1,67.5,70.8,on,47,15,34,13
2017-12-18,12:30,331,,,0,15.6,70.0,on,43,14,36,13,,,,
2017-12-18,12:30,329,,,1,67.5,70.8,on,47,15,34,13
2017-12-18,12:30,331,,,0,15.6,70.0,on,43,14,36,13,,,,
2017-12-18,12:30,329,,,1,67.5,70.8,on,47,15,34,13
2017-12-18,12:30,331,,,0,15.6,70.0,on,43,14,36,13,,,,
2017-12-18,12:30,329,,,1,67.5,70.8,on,47,15,34,13
2017-12-18,12:31,331,,,0,15.6,70.0,on,43,14,36,13,,,,
2017-12-18,12:31,329,,,1,67.5,70.8,on,47,15,34,13
2017-12-18,12:31,331,,,0,15.6,70.0,on,43,14,36,13,,,,
2017-12-18,12:31,329,,,1,67.5,70.8,on,47,15,34,13
2017-12-18,12:31,331,,,0,15.6,70.0,on,43,14,36,13,,,,
2017-12-18,12:31,329,,,1,67.5,70.8,on,47,15,34,13
2017-12-18,12:32,331,,,0,15.6,70.0,on,43,14,36,13,,,,
2017-12-18,12:32,329,,,1,67.5,70.8,on,47,15,34,13
2017-12-18,12:32,331,,,0,15.6,70.0,on,43,14,36,13,,,,
2017-12-18,12:32,329,,,1,67.5,70.8,on,47,15,34,13
2017-12-18,12:32,331,,,0,15.6,70.0,on,43,14,36,13,,,,
2017-12-18,12:32,329,,,1,67.5,70.8,on,47,15,34,13
2017-12-18,12:33,331,,,0,15.6,70.0,on,43,14,36,13,,,,
2017-12-18,12:33,329,,,1,67.5,70.8,on,47,15,34,13
2017-12-18,12:33,331,,,0,15.6,70.0,on,43,14,36,13,,,,
2017-12-18,12:33,329,,,1,67.5,70.8,on,47,15,34,13
2017-12-18,12:33,331,,,0,15.6,70.0,on,43,14,36,13,,,,
2017-12-18,12:33,329,,,1,67.5,70.8,on,47,15,34,13
2017-12-18,12:34,331,,,0,15.6,70.0,on,43,14,36,13,,,,
2017-12-18,12:34,329,,,1,67.5,70.8,on,47,15,34,13
2017-12-18,12:34,331,,,0,15.6,70.0,on,43,14,36,13,,,,
2017-12-18,12:34,329,,,1,67.5,70.8,on,47,15,34,13
2017-12-18,12:34,331,,,0,15.6,70.0,on,43,14,36,13,,,,
2017-12-18,12:34,329,,,1,67.5,70.8,on,47,15,34,13
2017-12-18,12:35,331,,,0,15.6,70.0,on,43,14,36,13,,,,
2017-12-18,12:35,329,,,1,67.5,70.8,on,47,15,34,13
2017-12-18,12:35,331,,,0,15.6,70.0,on,43,14,36,13,,,,
2017-12-18,12:35,329,,,1,67.5,70.8,on,47,15,34,13
2017-12-18,12:35,331,,,0,15.6,70.0,on,43,14,36,13,,,,
2017-12-18,12:35,329,,,1,67.5,70.8,on,47,15,34,13
2017-12-18,12:36,331,,,0,15.6,70.0,on,43,14,36,13,,,,
2017-12-18,12:36,329,,,1,67.5,70.8,on,47,15,34,13
2017-12-18,12:36,331,,,0,15.6,70.0,on,43,14,36,13,,,,
2017-12-18,12:36,329,,,1,67.5,70.8,on,47,15,34,13
2017-12-18,12:36,331,,,0,15.6,70.0,on,43,14,36,13,,,,
2017-12-18,12:36,329,,,1,67.5,70.8,on,47,15,34,13
2017-12-18,12:37,331,,,0,15.6,70.0,on,43,14,36,13,,,,
2017-12-18,12:37,329,,,1,67.5,70.8,on,47,15,34,13
2017-12-18,12:37,331,,,0,15.6,70.0,on,43,14,36,13,,,,
2017-12-18,12:37,329,,,1,67.5,70.8,on,47,15,34,13
2017-12-18,12:37,331,,,0,15.6,70.0,on,43,14,36,13,,,,
2017-12-18,12:37,329,,,1,67.5,70.8,on,47,15,34,13
2017-12-18,12:37,331,,,0,15.6,70.0,on,43,14,36,13,,,,
2017-12-18,12:38,329,,,1,67.5,70.8,on,47,15,34,13
2017-12-18,12:38,331,,,0,15.6,70.0,on,43,14,36,13,,,,
2017-12-18,12:38,329,,,1,67.5,70.8,on,47,15,34,13
2017-12-18,12:38,331,,,0,15.6,70.0,on,43,14,36,13,,,,
2017-12-18,12:38,329,,,1,67.5,70.8,on,47,15,34,13
2017-12-18,12:38,331,,,0,15.6,70.0,on,43,14,36,13,,,,
2017-12-18,12:39,329,,,1,67.5,70.8,on,47,15,34,13
2017-12-18,12:39,331,,,0,15.6,70.0,on,43,14,36,13,,,,
2017-12-18,12:39,329,,,1,67.5,70.8,on,47,15,34,13
2017-12-18,12:39,331,,,0,15.6,70.0,on,43,14,36,13,,,,
2017-12-18,12:39,329,,,1,67.5,70.8,on,47,15,34,13
2017-12-18,12:39,331,,,0,15.6,70.0,on,43,14,36,13,,,,
2017-12-18,12:40,329,,,1,67.5,70.8,on,47,15,34,13
2017-12-18,12:40,331,,,0,15.6,70.0,on,43,14,36,13,,,,
2017-12-18,12:40,329,,,1,67.5,70.8,on,47,15,34,13
2017-12-18,12:40,331,,,0,15.6,70.0,on,43,14,36,13,,,,
2017-12-18,12:40,329,,,1,67.5,70.8,on,47,15,34,13
2017-12-18,12:40,331,,,0,15.6,70.0,on,43,14,36,13,,,,
2017-12-18,12:41,329,,,1,67.5,70.8,on,47,15,34,13
2017-12-18,12:41,331,,,0,15.6,70.0,on,43,14,36,13,,,,
2017-12-18,12:41,329,,,1,67.5,70.8,on,47,15,34,13
2017-12-18,12:41,331,,,0,15.6,70.0,on,43,14,36,13,,,,
2017-12-18,12:41,329,,,1,67.5,70.8,on,47,15,34,13
2017-12-18,12:41,331,,,0,15.6,70.0,on,43,14,36,13,,,,
2017-12-18,12:42,329,,,1,67.5,70.8,on,47,15,34,13
2017-12-18,12:42,331,,,0,15.6,70.0,on,43,14,36,13,,,,
2017-12-18,12:42,329,,,1,67.5,70.8,on,47,15,34,13
2017-12-18,12:42,331,,,0,15.6,70.0,on,43,14,36,13,,,,
2017-12-18,12:42,329,,,1,67.5,70.8,on,47,15,34,13
2017-12-18,12:42,331,,,0,15.6,70.0,on,43,14,36,13,,,,
2017-12-18,12:43,329,,,1,67.5,70.8,on,47,15,34,13
2017-12-18,12:43,331,,,0,15.6,70.0,on,43,14,36,13,,,,
2017-12-18,12:43,329,,,1,67.5,70.8,on,47,15,34,13
2017-12-18,12:43,331,,,0,15.6,70.0,on,43,14,36,13,,,,
2017-12-18,12:43,329,,,1,67.5,70.8,on,47,15,34,13
2017-12-18,12:43,331,,,0,15.6,70.0,on,43,14,36,13,,,,
2017-12-18,12:44,329,,,1,67.5,70.8,on,47,15,34,13
2017-12-18,12:44,331,,,0,15.6,70.0,on,43,14,36,13,,,,
2017-12-18,12:44,329,,,1,67.5,70.8,on,47,15,34,13
2017-12-18,12:44,331,,,0,15.6,70.0,on,43,14,36,13,,,,
2017-12-18,12:44,329,,,1,67.5,70.8,on,47,15,34,13
2017-12-18,12:44,331,,,0,15.6,70.0,on,43,14,36,13,,,,
2017-12-18,12:44,329,,,1,67.5,70.8,on,47,15,34,13
2017-12-18,12:45,331,,,0,15.6,70.0,on,43,14,36,13,,,,
2017-12-18,12:45,329,,,1,67.5,70.8,on,47,15,34,13
2017-12-18,12:45,331,,,0,15.6,70.0,on,43,14,36,13,,,,
2017-12-18,12:45,329,,,1,67.5,70.8,on,47,15,34,13
2017-12-18,12:45,331,,,0,15.6,70.0,on,43,14,36,13,,,,
2017-12-18,12:45,329,,,1,67.5,70.8,on,47,15,34,13
2017-12-18,12:46,331,,,0,15.6,70.0,on,43,14,36,13,,,,
2017-12-18,12:46,329,,,1,67.5,70.8,on,47,15,34,13
2017-12-18,12:46,331,,,0,15.6,70.0,on,43,14,36,13,,,,
2017-12-18,12:46,329,,,1,67.5,70.8,on,47,15,34,13
2017-12-18,12:46,331,,,0,15.6,70.0,on,43,14,36,13,,,,
2017-12-18,12:46,329,,,1,67.5,70.8,on,47,15,34,13
2017-12-18,12:47,331,,,0,15.6,70.0,on,43,14,36,13,,,,
2017-12-18,12:47,329,,,1,67.5,70.8,on,47,15,34,13
2017-12-18,12:47,331,,,0,15.6,70.0,on,43,14,36,13,,,,
2017-12-18,12:47,329,,,1,67.5,70.8,on,47,15,34,13
2017-12-18,12:47,331,,,0,15.6,70.0,on,43,14,36,13,,,,
2017-12-18,12:47,329,,,1,67.5,70.8,on,47,15,34,13
2017-12-18,12:48,331,,,0,15.6,70.0,on,43,14,36,13,,,,
2017-12-18,12:48,329,,,1,67.5,70.8,on,47,15,34,13
2017-12-18,12:48,331,,,0,15.6,70.0,on,43,14,36,13,,,,
2017-12-18,12:48,329,,,1,67.5,70.8,on,47,15,34,13
2017-12-18,12:48,331,,,0,15.6,70.0,on,43,14,36,13,,,,
2017-12-18,12:48,329,,,1,67.5,70.8,on,47,15,34,13
2017-12-18,12:49,331,,,0,15.6,70.0,on,43,14,36,13,,,,
2017-12-18,12:49,329,,,1,67.5,70.8,on,47,15,34,13
2017-12-18,12:49,331,,,0,15.6,70.0,on,43,14,36,13,,,,
2017-12-18,12:49,329,,,1,67.5,70.8,on,47,15,34,13
2017-12-18,12:49,331,,,0,15.6,70.0,on,43,14,36,13,,,,
2017-12-18,12:49,329,,,1,67.5,70.8,on,47,15,34,13
2017-12-18,12:50,331,,,0,15.6,70.0,on,43,14,36,13,,,,
2017-12-18,12:50,329,,,1,67.5,70.8,on,47,15,34,13
2017-12-18,12:50,331,,,0,15.6,70.0,on,43,14,36,13,,,,
2017-12-18,12:50,329,,,1,67.5,70.8,on,47,15,34,13
2017-12-18,12:50,331,,,0,15.6,70.0,on,43,14,36,13,,,,
2017-12-18,12:50,329,,,1,67.5,70.8,on,47,15,34,13
2017-12-18,12:51,331,,,0,15.6,70.0,on,43,14,36,13,,,,
2017-12-18,12:51,329,,,1,67.5,70.8,on,47,15,34,13
2017-12-18,12:51,331,,,0,15.6,70.0,on,43,14,36,13,,,,
2017-12-18,12:51,329,,,1,67.5,70.8,on,47,15,34,13
2017-12-18,12:51,331,,,0,15.6,70.0,on,43,14,36,13,,,,
2017-12-18,12:51,329,,,1,67.5,70.8,on,47,15,34,13
2017-12-18,12:51,331,,,0,15.6,70.0,on,43,14,36,13,,,,
2017-12-18,12:52,329,,,1,67.5,70.8,on,47,15,34,13
2017-12-18,12:52,331,,,0,15.6,70.0,on,43,14,36,13,,,,
2017-12-18,12:52,329,,,1,67.5,70.8,on,47,15,34,13
2017-12-18,12:52,331,,,0,15.6,70.0,on,43,14,36,13,,,,
2017-12-18,12:52,329,,,1,67.5,70.8,on,47,15,34,13
2017-12-18,12:52,331,,,0,15.6,70.0,on,43,14,36,13,,,,
2017-12-18,12:53,329,,,1,67.5,70.8,on,47,15,34,13
2017-12-18,12:53,331,,,0,15.6,70.0,on,43,14,36,13,,,,
2017-12-18,12:53,329,,,1,67.5,70.8,on,47,15,34,13
2017-12-18,12:53,331,,,0,15.6,70.0,on,43,14,36,13,,,,
2017-12-18,12:53,329,,,1,67.5,70.8,on,47,15,34,13
2017-12-18,12:53,331,,,0,15.6,70.0,on,43,14,36,13,,,,
2017-12-18,12:54,329,,,1,67.5,70.8,on,47,15,34,13
2017-12-18,12:54,331,,,0,15.6,70.0,on,43,14,36,13,,,,
2017-12-18,12:54,329,,,1,67.5,70.8,on,47,15,34,13
2017-12-18,12:54,331,,,0,15.6,70.0,on,43,14,36,13,,,,
2017-12-18,12:54,329,,,1,67.5,70.8,on,47,15,34,13
2017-12-18,12:54,331,,,0,15.6,70.0,on,43,14,36,13,,,,
2017-12-18,12:55,329,,,1,67.5,70.8,on,47,15,34,13
2017-12-18,12:55,331,,,0,15.6,70.0,on,43,14,36,13,,,,
2017-12-18,12:55,329,,,1,67.5,70.8,on,47,15,34,13
2017-12-18,12:55,331,,,0,15.6,70.0,on,43,14,36,13,,,,
2017-12-18,12:55,329,,,1,67.5,70.8,on,47,15,34,13
2017-12-18,12:55,331,,,0,15.6,70.0,on,43,14,36,13,,,,
2017-12-18,12:56,329,,,1,67.5,70.8,on,47,15,34,13
2017-12-18,12:56,331,,,0,15.6,70.0,on,43,14,36,13,,,,
2017-12-18,12:56,329,,,1,67.5,70.8,on,47,15,34,13
2017-12-18,12:56,331,,,0,15.6,70.0,on,43,14,36,13,,,,
2017-12-18,12:56,329,,,1,67.5,70.8,on,47,15,34,13
2017-12-18,12:56,331,,,0,15.6,70.0,on,43,14,36,13,,,,
2017-12-18,12:57,329,,,1,67.5,70.8,on,47,15,34,13
2017-12-18,12:57,331,,,0,15.6,70.0,on,43,14,36,13,,,,
2017-12-18,12:57,329,,,1,67.5,70.8,on,47,15,34,13
2017-12-18,12:57,331,,,0,15.6,70.0,on,43,14,36,13,,,,
2017-12-18,12:57,329,,,1,67.5,70.8,on,47,15,34,13
2017-12-18,12:57,331,,,0,15.6,70.0,on,43,14,36,13,,,,
2017-12-18,12:58,329,,,1,67.5,70.8,on,47,15,34,13
2017-12-18,12:58,331,,,0,15.6,70.0,on,43,14,36,13,,,,
2017-12-18,12:58,329,,,1,67.5,70.8,on,47,15,34,13
2017-12-18,12:58,331,,,0,15.6,70.0,on,43,14,36,13,,,,
2017-12-18,12:58,329,,,1,67.5,70.8,on,47,15,34,13
2017-12-18,12:58,331,,,0,15.6,70.0,on,43,14,36,13,,,,
2017-12-18,12:58,329,,,1,67.5,70.8,on,47,15,34,13
2017-12-18,12:59,331,,,0,15.6,70.0,on,43,14,36,13,,,,
2017-12-18,12:59,329,,,1,67.5,70.8,on,47,15,34,13
2017-12-18,12:59,331,,,0,15.6,70.0,on,43,14,36,13,,,,
2017-12-18,12:59,329,,,1,67.5,70.8,on,47,15,34,13
2017-12-18,12:59,331,,,0,15.6,70.0,on,43,14,36,13,,,,
2017-12-18,12:59,329,,,1,67.5,70.8,on,47,15,34,13
2017-12-18,13:00,331,,,0,15.6,70.0,on,43,14,36,13,,,,
2017-12-18,13:00,329,,,1,67.5,70.8,on,47,15,34,13
2017-12-18,13:00,331,,,0,15.6,70.0,on,43,14,36,13,,,,
2017-12-18,13:00,329,,,1,67.5,70.8,on,47,15,34,13
2017-12-18,13:00,331,,,0,15.6,70.0,on,43,14,36,13,,,,
2017-12-18,13:00,329,,,1,67.5,70.8,on,47,15,34,13
2017-12-18,13:01,331,,,0,15.6,70.0,on,43,14,36,13,,,,
2017-12-18,13:01,329,,,1,67.5,70.8,on,47,15,34,13
2017-12-18,13:01,331,,,0,15.6,70.0,on,43,14,36,13,,,,
2017-12-18,13:01,329,,,1,67.5,70.8,on,47,15,34,13
2017-12-18,13:01,331,,,0,15.6,70.0,on,43,14,36,13,,,,
2017-12-18,13:01,329,,,1,67.5,70.8,on,47,15,34,13
2017-12-18,13:02,331,,,0,15.6,70.0,on,43,14,36,13,,,,
2017-12-18,13:02,329,,,1,67.5,70.8,on,47,15,34,13
2017-12-18,13:02,331,,,0,15.6,70.0,on,43,14,36,13,,,,
2017-12-18,13:02,329,,,1,67.5,70.8,on,47,15,34,13
2017-12-18,13:02,331,,,0,15.6,70.0,on,43,14,36,13,,,,
2017-12-18,13:02,329,,,1,67.5,70.8,on,47,15,34,13
2017-12-18,13:03,331,,,0,15.6,70.0,on,43,14,36,13,,,,
2017-12-18,13:03,329,,,1,67.5,70.8,on,47,15,34,13
2017-12-18,13:03,331,,,0,15.6,70.0,on,43,14,36,13,,,,
2017-12-18,13:03,329,,,1,67.5,70.8,on,47,15,34,13
2017-12-18,13:03,331,,,0,15.6,70.0,on,43,14,36,13,,,,
2017-12-18,13:03,329,,,1,67.5,70.8,on,47,15,34,13
2017-12-18,13:04,331,,,0,15.6,70.0,on,43,14,36,13,,,,
2017-12-18,13:04,329,,,1,67.5,70.8,on,47,15,34,13
2017-12-18,13:04,331,,,0,15.6,70.0,on,43,14,36,13,,,,
2017-12-18,13:04,329,,,1,67.5,70.8,on,47,15,34,13
2017-12-18,13:04,331,,,0,15.6,70.0,on,43,14,36,13,,,,
2017-12-18,13:04,329,,,1,67.5,70.8,on,47,15,34,13
2017-12-18,13:05,331,,,0,15.6,70.0,on,43,14,36,13,,,,
2017-12-18,13:05,329,,,1,67.5,70.8,on,47,15,34,13
2017-12-18,13:05,331,,,0,15.6,70.0,on,43,14,36,13,,,,
2017-12-18,13:05,329,,,1,67.5,70.8,on,47,15,34,13
2017-12-18,13:05,331,,,0,15.6,70.0,on,43,14,36,13,,,,
2017-12-18,13:05,329,,,1,67.5,70.8,on,47,15,34,13
2017-12-18,13:05,331,,,0,15.6,70.0,on,43,14,36,13,,,,
2017-12-18,13:06,329,,,1,67.5,70.8,on,47,15,34,13
2017-12-18,13:06,331,,,0,15.6,70.0,on,43,14,36,13,,,,
2017-12-18,13:06,329,,,1,67.5,70.8,on,47,15,34,13
2017-12-18,13:06,331,,,0,15.6,70.0,on,43,14,36,13,,,,
2017-12-18,13:06,329,,,1,67.5,70.8,on,47,15,34,13
2017-12-18,13:06,331,,,0,15.6,70.0,on,43,14,36,13,,,,
2017-12-18,13:07,329,,,1,67.5,70.8,on,47,15,34,13
2017-12-18,13:07,331,,,0,15.6,70.0,on,43,14,36,13,,,,
2017-12-18,13:07,329,,,1,67.5,70.8,on,47,15,34,13
2017-12-18,13:07,331,,,0,15.6,70.0,on,43,14,36,13,,,,
2017-12-18,13:07,329,,,1,67.5,70.8,on,47,15,34,13
2017-12-18,13:07,331,,,0,15.6,70.0,on,43,14,36,13,,,,
2017-12-18,13:08,329,,,1,67.5,70.8,on,47,15,34,13
2017-12-18,13:08,331,,,0,15.6,70.0,on,43,14,36,13,,,,
2017-12-18,13:08,329,,,1,67.5,70.8,on,47,15,34,13
2017-12-18,13:08,331,,,0,15.6,70.0,on,43,14,36,13,,,,
2017-12-18,13:08,329,,,1,67.5,70.8,on,47,15,34,13
2017-12-18,13:08,331,,,0,15.6,70.0,on,43,14,36,13,,,,
2017-12-18,13:09,329,,,1,67.5,70.8,on,47,15,34,13
2017-12-18,13:09,331,,,0,15.6,70.0,on,43,14,36,13,,,,
2017-12-18,13:09,329,,,1,67.5,70.8,on,47,15,34,13
2017-12-18,13:09,331,,,0,15.6,70.0,on,43,14,36,13,,,,
2017-12-18,13:09,329,,,1,67.5,70.8,on,47,15,34,13
2017-12-18,13:09,331,,,0,15.6,70.0,on,43,14,36,13,,,,
2017-12-18,13:10,329,,,1,67.5,70.8,on,47,15,34,13
2017-12-18,13:10,331,,,0,15.6,70.0,on,43,14,36,13,,,,
2017-12-18,13:10,329,,,1,67.5,70.8,on,47,15,34,13
2017-12-18,13:10,331,,,0,15.6,70.0,on,43,14,36,13,,,,
2017-12-18,13:10,329,,,1,67.5,70.8,on,47,15,34,13
2017-12-18,13:10,331,,,0,15.6,70.0,on,43,14,36,13,,,,
2017-12-18,13:11,329,,,1,67.5,70.8,on,47,15,34,13
2017-12-18,13:11,331,,,0,15.6,70.0,on,43,14,36,13,,,,
2017-12-18,13:11,329,,,1,67.5,70.8,on,47,15,34,13
2017-12-18,13:11,331,,,0,15.6,70.0,on,43,14,36,13,,,,
2017-12-18,13:11,329,,,1,67.5,70.8,on,47,15,34,13
2017-12-18,13:11,331,,,0,15.6,70.0,on,43,14,36,13,,,,
2017-12-18,13:12,329,,,1,67.5,70.8,on,47,15,34,13
2017-12-18,13:12,331,,,0,15.6,70.0,on,43,14,36,13,,,,
2017-12-18,13:12,329,,,1,67.5,70.8,on,47,15,34,13
2017-12-18,13:12,331,,,0,15.6,70.0,on,43,14,36,13,,,,
2017-12-18,13:12,329,,,1,67.5,70.8,on,47,15,34,13
2017-12-18,13:12,331,,,0,15.6,70.0,on,43,14,36,13,,,,
2017-12-18,13:12,329,,,1,67.5,70.8,on,47,15,34,13
2017-12-18,13:13,331,,,0,15.6,70.0,on,43,14,36,13,,,,
2017-12-18,13:13,329,,,1,67.5,70.8,on,47,15,34,13
2017-12-18,13:13,331,,,0,15.6,70.0,on,43,14,36,13,,,,
2017-12-18,13:13,329,,,1,67.5,70.8,on,47,15,34,13
2017-12-18,13:13,331,,,0,15.6,70.0,on,43,14,36,13,,,,
2017-12-18,13:13,329,,,1,67.5,70.8,on,47,15,34,13
2017-12-18,13:14,331,,,0,15.6,70.0,on,43,14,36,13,,,,
2017-12-18,13:14,329,,,1,67.5,70.8,on,47,15,34,13
2017-12-18,13:14,331,,,0,15.6,70.0,on,43,14,36,13,,,,
2017-12-18,13:14,329,,,1,67.5,70.8,on,47,15,34,13
2017-12-18,13:14,331,,,0,15.6,70.0,on,43,14,36,13,,,,
2017-12-18,13:14,329,,,1,67.5,70.8,on,47,15,34,13
2017-12-18,13:15,331,,,0,15.6,70.0,on,43,14,36,13,,,,
2017-12-18,13:15,329,,,1,67.5,70.8,on,47,15,34,13
2017-12-18,13:15,331,,,0,15.6,70.0,on,43,14,36,13,,,,
2017-12-18,13:15,329,,,1,67.5,70.8,on,47,15,34,13
2017-12-18,13:15,331,,,0,15.6,70.0,on,43,14,36,13,,,,
2017-12-18,13:15,329,,,1,67.5,70.8,on,47,15,34,13
2017-12-18,13:16,331,,,0,15.6,70.0,on,43,14,36,13,,,,
2017-12-18,13:16,329,,,1,67.5,70.8,on,47,15,34,13
2017-12-18,13:16,331,,,0,15.6,70.0,on,43,14,36,13,,,,
2017-12-18,13:16,329,,,1,67.5,70.8,on,47,15,34,13
2017-12-18,13:16,331,,,0,15.6,70.0,on,43,14,36,13,,,,
2017-12-18,13:16,329,,,1,67.5,70.8,on,47,15,34,13
2017-12-18,13:17,331,,,0,15.6,70.0,on,43,14,36,13,,,,
2017-12-18,13:17,329,,,1,67.5,70.8,on,47,15,34,13
2017-12-18,13:17,331,,,0,15.6,70.0,on,43,14,36,13,,,,
2017-12-18,13:17,329,,,1,67.5,70.8,on,47,15,34,13
2017-12-18,13:17,331,,,0,15.6,70.0,on,43,14,36,13,,,,
2017-12-18,13:17,329,,,1,67.5,70.8,on,47,15,34,13
2017-12-18,13:18,331,,,0,15.6,70.0,on,43,14,36,13,,,,
2017-12-18,13:18,329,,,1,67.5,70.8,on,47,15,34,13
2017-12-18,13:18,331,,,0,15.6,70.0,on,43,14,36,13,,,,
2017-12-18,13:18,329,,,1,67.5,70.8,on,47,15,34,13
2017-12-18,13:18,331,,,0,15.6,70.0,on,43,14,36,13,,,,
2017-12-18,13:18,329,,,1,67.5,70.8,on,47,15,34,13
2017-12-18,13:19,331,,,0,15.6,70.0,on,43,14,36,13,,,,
2017-12-18,13:19,329,,,1,67.5,70.8,on,47,15,34,13
2017-12-18,13:19,331,,,0,15.6,70.0,on,43,14,36,13,,,,
2017-12-18,13:19,329,,,1,67.5,70.8,on,47,15,34,13
2017-12-18,13:19,331,,,0,15.6,70.0,on,43,14,36,13,,,,
2017-12-18,13:19,329,,,1,67.5,70.8,on,47,15,34,13
2017-12-18,13:19,331,,,0,15.6,70.0,on,43,14,36,13,,,,
2017-12-18,13:20,329,,,1,67.5,70.8,on,47,15,34,13
2017-12-18,13:20,331,,,0,15.6,70.0,on,43,14,36,13,,,,
2017-12-18,13:20,329,,,1,67.5,70.8,on,47,15,34,13
2017-12-18,13:20,331,,,0,15.6,70.0,on,43,14,36,13,,,,
2017-12-18,13:20,329,,,1,67.5,70.8,on,47,15,34,13
2017-12-18,13:20,331,,,0,15.6,70.0,on,43,14,36,13,,,,
2017-12-18,13:21,329,,,1,67.5,70.8,on,47,15,34,13
2017-12-18,13:21,331,,,0,15.6,70.0,on,43,14,36,13,,,,
2017-12-18,13:21,329,,,1,67.5,70.8,on,47,15,34,13
2017-12-18,13:21,331,,,0,15.6,70.0,on,43,14,36,13,,,,
2017-12-18,13:21,329,,,1,67.5,70.8,on,47,15,34,13
2017-12-18,13:21,331,,,0,15.6,70.0,on,43,14,36,13,,,,
2017-12-18,13:22,329,,,1,67.5,70.8,on,47,15,34,13
2017-12-18,13:22,331,,,0,15.6,70.0,on,43,14,36,13,,,,
2017-12-18,13:22,329,,,1,67.5,70.8,on,47,15,34,13
2017-12-18,13:22,331,,,0,15.6,70.0,on,43,14,36,13,,,,
2017-12-18,13:22,329,,,1,67.5,70.8,on,47,15,34,13
2017-12-18,13:22,331,,,0,15.6,70.0,on,43,14,36,13,,,,
2017-12-18,13:23,329,,,1,67.5,70.8,on,47,15,34,13
2017-12-18,13:23,331,,,0,15.6,70.0,on,43,14,36,13,,,,
2017-12-18,13:23,329,,,1,67.5,70.8,on,47,15,34,13
2017-12-18,13:23,331,,,0,15.6,70.0,on,43,14,36,13,,,,
2017-12-18,13:23,329,,,1,67.5,70.8,on,47,15,34,13
2017-12-18,13:23,331,,,0,15.6,70.0,on,43,14,36,13,,,,
2017-12-18,13:24,329,,,1,67.5,70.8,on,47,15,34,13
2017-12-18,13:24,331,,,0,15.6,70.0,on,43,14,36,13,,,,
2017-12-18,13:24,329,,,1,67.5,70.8,on,47,15,34,13
2017-12-18,13:24,331,,,0,15.6,70.0,on,43,14,36,13,,,,
2017-12-18,13:24,329,,,1,67.5,70.8,on,47,15,34,13
2017-12-18,13:24,331,,,0,15.6,70.0,on,43,14,36,13,,,,
2017-12-18,13:25,329,,,1,67.5,70.8,on,47,15,34,13
2017-12-18,13:25,331,,,0,15.6,70.0,on,43,14,36,13,,,,
2017-12-18,13:25,329,,,1,67.5,70.8,on,47,15,34,13
2017-12-18,13:25,331,,,0,15.6,70.0,on,43,14,36,13,,,,
2017-12-18,13:25,329,,,1,67.5,70.8,on,47,15,34,13
2017-12-18,13:25,331,,,0,15.6,70.0,on,43,14,36,13,,,,
2017-12-18,13:26,329,,,1,67.5,70.8,on,47,15,34,13
2017-12-18,13:26,331,,,0,15.6,70.0,on,43,14,36,13,,,,
2017-12-18,13:26,329,,,1,67.5,70.8,on,47,15,34,13
2017-12-18,13:26,331,,,0,15.6,70.0,on,43,14,36,13,,,,
2017-12-18,13:26,329,,,1,67.5,70.8,on,47,15,34,13
2017-12-18,13:26,331,,,0,15.6,70.0,on,43,14,36,13,,,,
2017-12-18,13:26,329,,,1,67.5,70.8,on,47,15,34,13
2017-12-18,13:27,331,,,0,15.6,70.0,on,43,14,36,13,,,,
2017-12-18,13:27,329,,,1,67.5,70.8,on,47,15,34,13
2017-12-18,13:27,331,,,0,15.6,70.0,on,43,14,36,13,,,,
2017-12-18,13:27,329,,,1,67.5,70.8,on,47,15,34,13
2017-12-18,13:27,331,,,0,15.6,70.0,on,43,14,36,13,,,,
2017-12-18,13:27,329,,,1,67.5,70.8,on,47,15,34,13
2017-12-18,13:28,331,,,0,15.6,70.0,on,43,14,36,13,,,,
2017-12-18,13:28,329,,,1,67.5,70.8,on,47,15,34,13
2017-12-18,13:28,331,,,0,15.6,70.0,on,43,14,36,13,,,,
2017-12-18,13:28,329,,,1,67.5,70.8,on,47,15,34,13
2017-12-18,13:28,331,,,0,15.6,70.0,on,43,14,36,13,,,,
2017-12-18,13:28,329,,,1,67.5,70.8,on,47,15,34,13
2017-12-18,13:29,331,,,0,15.6,70.0,on,43,14,36,13,,,,
2017-12-18,13:29,329,,,1,67.5,70.8,on,47,15,34,13
2017-12-18,13:29,331,,,0,15.6,70.0,on,43,14,36,13,,,,
2017-12-18,13:29,329,,,1,67.5,70.8,on,47,15,34,13
2017-12-18,13:29,331,,,0,15.6,70.0,on,43,14,36,13,,,,
2017-12-18,13:29,329,,,1,67.5,70.8,on,47,15,34,13
2017-12-18,13:30,331,,,0,15.6,70.0,on,43,14,36,13,,,,
2017-12-18,13:30,329,,,1,67.5,70.8,on,47,15,34,13
2017-12-18,13:30,331,,,0,15.6,70.0,on,43,14,36,13,,,,
2017-12-18,13:30,329,,,1,67.5,70.8,on,47,15,34,13
2017-12-18,13:30,331,,,0,15.6,70.0,on,43,14,36,13,,,,
2017-12-18,13:30,329,,,1,67.5,70.8,on,47,15,34,13
2017-12-18,13:31,331,,,0,15.6,70.0,on,43,14,36,13,,,,
2017-12-18,13:31,329,,,1,67.5,70.8,on,47,15,34,13
2017-12-18,13:31,331,,,0,15.6,70.0,on,43,14,36,13,,,,
2017-12-18,13:31,329,,,1,67.5,70.8,on,47,15,34,13
2017-12-18,13:31,331,,,0,15.6,70.0,on,43,14,36,13,,,,
2017-12-18,13:31,329,,,1,67.5,70.8,on,47,15,34,13
2017-12-18,13:32,331,,,0,15.6,70.0,on,43,14,36,13,,,,
2017-12-18,13:32,329,,,1,67.5,70.8,on,47,15,34,13
2017-12-18,13:32,331,,,0,15.6,70.0,on,43,14,36,13,,,,
2017-12-18,13:32,329,,,1,67.5,70.8,on,47,15,34,13
2017-12-18,13:32,331,,,0,15.6,70.0,on,43,14,36,13,,,,
2017-12-18,13:32,329,,,1,67.5,70.8,on,47,15,34,13
2017-12-18,13:33,331,,,0,15.6,70.0,on,43,14,36,13,,,,
2017-12-18,13:33,329,,,1,67.5,70.8,on,47,15,34,13
2017-12-18,13:33,331,,,0,15.6,70.0,on,43,14,36,13,,,,
2017-12-18,13:33,329,,,1,67.5,70.8,on,47,15,34,13
2017-12-18,13:33,331,,,0,15.6,70.0,on,43,14,36,13,,,,
2017-12-18,13:33,329,,,1,67.5,70.8,on,47,15,34,13
2017-12-18,13:34,331,,,0,15.6,70.0,on,43,14,36,13,,,,
2017-12-18,13:34,329,,,1,67.5,70.8,on,47,15,34,13
2017-12-18,13:34,331,,,0,15.6,70.0,on,43,14,36,13,,,,
2017-12-18,13:34,329,,,1,67.5,70.8,on,47,15,34,13
2017-12-18,13:34,331,,,0,15.6,70.0,on,43,14,36,13,,,,
2017-12-18,13:34,329,,,1,67.5,70.8,on,47,15,34,13
2017-12-18,13:34,331,,,0,15.6,70.0,on,43,14,36,13,,,,
2017-12-18,13:35,329,,,1,67.5,70.8,on,47,15,34,13
2017-12-18,13:35,331,,,0,15.6,70.0,on,43,14,36,13,,,,
2017-12-18,13:35,329,,,1,67.5,70.8,on,47,15,34,13
2017-12-18,13:35,331,,,0,15.6,70.0,on,43,14,36,13,,,,
2017-12-18,13:35,329,,,1,67.5,70.8,on,47,15,34,13
2017-12-18,13:35,331,,,0,15.6,70.0,on,43,14,36,13,,,,
2017-12-18,13:36,329,,,1,67.5,70.8,on,47,15,34,13
2017-12-18,13:36,331,,,0,15.6,70.0,on,43,14,36,13,,,,
2017-12-18,13:36,329,,,1,67.5,70.8,on,47,15,34,13
2017-12-18,13:36,331,,,0,15.6,70.0,on,43,14,36,13,,,,
2017-12-18,13:36,329,,,1,67.5,70.8,on,47,15,34,13
2017-12-18,13:36,331,,,0,15.6,70.0,on,43,14,36,13,,,,
2017-12-18,13:37,329,,,1,67.5,70.8,on,47,15,34,13
2017-12-18,13:37,331,,,0,15.6,70.0,on,43,14,36,13,,,,
2017-12-18,13:37,329,,,1,67.5,70.8,on,47,15,34,13
2017-12-18,13:37,331,,,0,15.6,70.0,on,43,14,36,13,,,,
2017-12-18,13:37,329,,,1,67.5,70.8,on,47,15,34,13
2017-12-18,13:37,331,,,0,15.6,70.0,on,43,14,36,13,,,,
2017-12-18,13:38,329,,,1,67.5,70.8,on,47,15,34,13
2017-12-18,13:38,331,,,0,15.6,70.0,on,43,14,36,13,,,,
2017-12-18,13:38,329,,,1,67.5,70.8,on,47,15,34,13
2017-12-18,13:38,331,,,0,15.6,70.0,on,43,14,36,13,,,,
2017-12-18,13:38,329,,,1,67.5,70.8,on,47,15,34,13
2017-12-18,13:38,331,,,0,15.6,70.0,on,43,14,36,13,,,,
2017-12-18,13:39,329,,,1,67.5,70.8,on,47,15,34,13
2017-12-18,13:39,331,,,0,15.6,70.0,on,43,14,36,13,,,,
2017-12-18,13:39,329,,,1,67.5,70.8,on,47,15,34,13
2017-12-18,13:39,331,,,0,15.6,70.0,on,43,14,36,13,,,,
2017-12-18,13:39,329,,,1,67.5,70.8,on,47,15,34,13
2017-12-18,13:39,331,,,0,15.6,70.0,on,43,14,36,13,,,,
2017-12-18,13:40,329,,,1,67.5,70.8,on,47,15,34,13
2017-12-18,13:40,331,,,0,15.6,70.0,on,43,14,36,13,,,,
2017-12-18,13:40,329,,,1,67.5,70.8,on,47,15,34,13
2017-12-18,13:40,331,,,0,15.6,70.0,on,43,14,36,13,,,,
2017-12-18,13:40,329,,,1,67.5,70.8,on,47,15,34,13
2017-12-18,13:40,331,,,0,15.6,70.0,on,43,14,36,13,,,,
2017-12-18,13:40,329,,,1,67.5,70.8,on,47,15,34,13
2017-12-18,13:41,331,,,0,15.6,70.0,on,43,14,36,13,,,,
2017-12-18,13:41,329,,,1,67.5,70.8,on,47,15,34,13
2017-12-18,13:41,331,,,0,15.6,70.0,on,43,14,36,13,,,,
2017-12-18,13:41,329,,,1,67.5,70.8,on,47,15,34,13
2017-12-18,13:41,331,,,0,15.6,70.0,on,43,14,36,13,,,,
2017-12-18,13:41,329,,,1,67.5,70.8,on,47,15,34,13
2017-12-18,13:42,331,,,0,15.6,70.0,on,43,14,36,13,,,,
2017-12-18,13:42,329,,,1,67.5,70.8,on,47,15,34,13
2017-12-18,13:42,331,,,0,15.6,70.0,on,43,14,36,13,,,,
2017-12-18,13:42,329,,,1,67.5,70.8,on,47,15,34,13
2017-12-18,13:42,331,,,0,15.6,70.0,on,43,14,36,13,,,,
2017-12-18,13:42,329,,,1,67.5,70.8,on,47,15,34,13
2017-12-18,13:43,331,,,0,15.6,70.0,on,43,14,36,13,,,,
2017-12-18,13:43,329,,,1,67.5,70.8,on,47,15,34,13
2017-12-18,13:43,331,,,0,15.6,70.0,on,43,14,36,13,,,,
2017-12-18,13:43,329,,,1,67.5,70.8,on,47,15,34,13
2017-12-18,13:43,331,,,0,15.6,70.0,on,43,14,36,13,,,,
2017-12-18,13:43,329,,,1,67.5,70.8,on,47,15,34,13
2017-12-18,13:44,331,,,0,15.6,70.0,on,43,14,36,13,,,,
2017-12-18,13:44,329,,,1,67.5,70.8,on,47,15,34,13
2017-12-18,13:44,331,,,0,15.6,70.0,on,43,14,36,13,,,,
2017-12-18,13:44,329,,,1,67.5,70.8,on,47,15,34,13
2017-12-18,13:44,331,,,0,15.6,70.0,on,43,14,36,13,,,,
2017-12-18,13:44,329,,,1,67.5,70.8,on,47,15,34,13
2017-12-18,13:45,331,,,0,15.6,70.0,on,43,14,36,13,,,,
2017-12-18,13:45,329,,,1,67.5,70.8,on,47,15,34,13
2017-12-18,13:45,331,,,0,15.6,70.0,on,43,14,36,13,,,,
2017-12-18,13:45,329,,,1,67.5,70.8,on,47,15,34,13
2017-12-18,13:45,331,,,0,15.6,70.0,on,43,14,36,13,,,,
2017-12-18,13:45,329,,,1,67.5,70.8,on,47,15,34,13
2017-12-18,13:46,331,,,0,15.6,70.0,on,43,14,36,13,,,,
2017-12-18,13:46,329,,,1,67.5,70.8,on,47,15,34,13
2017-12-18,13:46,331,,,0,15.6,70.0,on,43,14,36,13,,,,
2017-12-18,13:46,329,,,1,67.5,70.8,on,47,15,34,13
2017-12-18,13:46,331,,,0,15.6,70.0,on,43,14,36,13,,,,
2017-12-18,13:46,329,,,1,67.5,70.8,on,47,15,34,13
2017-12-18,13:47,331,,,0,15.6,70.0,on,43,14,36,13,,,,
2017-12-18,13:47,329,,,1,67.5,70.8,on,47,15,34,13
2017-12-18,13:47,331,,,0,15.6,70.0,on,43,14,36,13,,,,
2017-12-18,13:47,329,,,1,67.5,70.8,on,47,15,34,13
2017-12-18,13:47,331,,,0,15.6,70.0,on,43,14,36,13,,,,
2017-12-18,13:47,329,,,1,67.5,70.8,on,47,15,34,13
2017-12-18,13:48,331,,,0,15.6,70.0,on,43,14,36,13,,,,
2017-12-18,13:48,329,,,1,67.5,70.8,on,47,15,34,13
2017-12-18,13:48,331,,,0,15.6,70.0,on,43,14,36,13,,,,
2017-12-18,13:48,329,,,1,67.5,70.8,on,47,15,34,13
2017-12-18,13:48,331,,,0,15.6,70.0,on,43,14,36,13,,,,
2017-12-18,13:48,329,,,1,67.5,70.8,on,47,15,34,13
2017-12-18,13:48,331,,,0,15.6,70.0,on,43,14,36,13,,,,
2017-12-18,13:49,329,,,1,67.5,70.8,on,47,15,34,13
2017-12-18,13:49,331,,,0,15.6,70.0,on,43,14,36,13,,,,
2017-12-18,13:49,329,,,1,67.5,70.8,on,47,15,34,13
2017-12-18,13:49,331,,,0,15.6,70.0,on,43,14,36,13,,,,
2017-12-18,13:49,329,,,1,67.5,70.8,on,47,15,34,13
2017-12-18,13:49,331,,,0,15.6,70.0,on,43,14,36,13,,,,
2017-12-18,13:50,329,,,1,67.5,70.8,on,47,15,34,13
2017-12-18,13:50,331,,,0,15.6,70.0,on,43,14,36,13,,,,
2017-12-18,13:50,329,,,1,67.5,70.8,on,47,15,34,13
2017-12-18,13:50,331,,,0,15.6,70.0,on,43,14,36,13,,,,
2017-12-18,13:50,329,,,1,67.5,70.8,on,47,15,34,13
2017-12-18,13:50,331,,,0,15.6,70.0,on,43,14,36,13,,,,
2017-12-18,13:51,329,,,1,67.5,70.8,on,47,15,34,13
2017-12-18,13:51,331,,,0,15.6,70.0,on,43,14,36,13,,,,
2017-12-18,13:51,329,,,1,67.5,70.8,on,47,15,34,13
2017-12-18,13:51,331,,,0,15.6,70.0,on,43,14,36,13,,,,
2017-12-18,13:51,329,,,1,67.5,70.8,on,47,15,34,13
2017-12-18,13:51,331,,,0,15.6,70.0,on,43,14,36,13,,,,
2017-12-18,13:52,329,,,1,67.5,70.8,on,47,15,34,13
2017-12-18,13:52,331,,,0,15.6,70.0,on,43,14,36,13,,,,
2017-12-18,13:52,329,,,1,67.5,70.8,on,47,15,34,13
2017-12-18,13:52,331,,,0,15.6,70.0,on,43,14,36,13,,,,
2017-12-18,13:52,329,,,1,67.5,70.8,on,47,15,34,13
2017-12-18,13:52,331,,,0,15.6,70.0,on,43,14,36,13,,,,
2017-12-18,13:53,329,,,1,67.5,70.8,on,47,15,34,13
2017-12-18,13:53,331,,,0,15.6,70.0,on,43,14,36,13,,,,
2017-12-18,13:53,329,,,1,67.5,70.8,on,47,15,34,13
2017-12-18,13:53,331,,,0,15.6,70.0,on,43,14,36,13,,,,
2017-12-18,13:53,329,,,1,67.5,70.8,on,47,15,34,13
2017-12-18,13:53,331,,,0,15.6,70.0,on,43,14,36,13,,,,
2017-12-18,13:54,329,,,1,67.5,70.8,on,47,15,34,13
2017-12-18,13:54,331,,,0,15.6,70.0,on,43,14,36,13,,,,
2017-12-18,13:54,329,,,1,67.5,70.8,on,47,15,34,13
2017-12-18,13:54,331,,,0,15.6,70.0,on,43,14,36,13,,,,
2017-12-18,13:54,329,,,1,67.5,70.8,on,47,15,34,13
2017-12-18,13:54,331,,,0,15.6,70.0,on,43,14,36,13,,,,
2017-12-18,13:54,329,,,1,67.5,70.8,on,47,15,34,13
2017-12-18,13:55,331,,,0,15.6,70.0,on,43,14,36,13,,,,
2017-12-18,13:55,329,,,1,67.5,70.8,on,47,15,34,13
2017-12-18,13:55,331,,,0,15.6,70.0,on,43,14,36,13,,,,
2017-12-18,13:55,329,,,1,67.5,70.8,on,47,15,34,13
2017-12-18,13:55,331,,,0,15.6,70.0,on,43,14,36,13,,,,
2017-12-18,13:55,329,,,1,67.5,70.8,on,47,15,34,13
2017-12-18,13:56,331,,,0,15.6,70.0,on,43,14,36,13,,,,
2017-12-18,13:56,329,,,1,67.5,70.8,on,47,15,34,13
2017-12-18,13:56,331,,,0,15.6,70.0,on,43,14,36,13,,,,
2017-12-18,13:56,329,,,1,67.5,70.8,on,47,15,34,13
2017-12-18,13:56,331,,,0,15.6,70.0,on,43,14,36,13,,,,
2017-12-18,13:56,329,,,1,67.5,70.8,on,47,15,34,13
2017-12-18,13:57,331,,,0,15.6,70.0,on,43,14,36,13,,,,
2017-12-18,13:57,329,,,1,67.5,70.8,on,47,15,34,13
2017-12-18,13:57,331,,,0,15.6,70.0,on,43,14,36,13,,,,
2017-12-18,13:57,329,,,1,67.5,70.8,on,47,15,34,13
2017-12-18,13:57,331,,,0,15.6,70.0,on,43,14,36,13,,,,
2017-12-18,13:57,329,,,1,67.5,70.8,on,47,15,34,13
2017-12-18,13:58,331,,,0,15.6,70.0,on,43,14,36,13,,,,
2017-12-18,13:58,329,,,1,67.5,70.8,on,47,15,34,13
2017-12-18,13:58,331,,,0,15.6,70.0,on,43,14,36,13,,,,
2017-12-18,13:58,329,,,1,67.5,70.8,on,47,15,34,13
2017-12-18,13:58,331,,,0,15.6,70.0,on,43,14,36,13,,,,
2017-12-18,13:58,329,,,1,67.5,70.8,on,47,15,34,13
2017-12-18,13:59,331,,,0,15.6,70.0,on,43,14,36,13,,,,
2017-12-18,13:59,329,,,1,67.5,70.8,on,47,15,34,13
2017-12-18,13:59,331,,,0,15.6,70.0,on,43,14,36,13,,,,
2017-12-18,13:59,329,,,1,67.5,70.8,on,47,15,34,13
2017-12-18,13:59,331,,,0,15.6,70.0,on,43,14,36,13,,,,
2017-12-18,13:59,329,,,1,67.5,70.8,on,47,15,34,13
2017-12-18,14:00,331,,,0,15.6,70.0,on,43,14,36,13,,,,
2017-12-18,14:00,329,,,1,67.5,70.8,on,47,15,34,13
2017-12-18,14:00,331,,,0,15.6,70.0,on,43,14,36,13,,,,
2017-12-18,14:00,329,,,1,67.5,70.8,on,47,15,34,13
2017-12-18,14:00,331,,,0,15.6,70.0,on,43,14,36,13,,,,
2017-12-18,14:00,329,,,1,67.5,70.8,on,47,15,34,13
2017-12-18,14:01,331,,,0,15.6,70.0,on,43,14,36,13,,,,
2017-12-18,14:01,329,,,1,67.5,70.8,on,47,15,34,13
2017-12-18,14:01,331,,,0,15.6,70.0,on,43,14,36,13,,,,
2017-12-18,14:01,329,,,1,67.5,70.8,on,47,15,34,13
2017-12-18,14:01,331,,,0,15.6,70.0,on,43,14,36,13,,,,
2017-12-18,14:01,329,,,1,67.5,70.8,on,47,15,34,13
2017-12-18,14:02,331,,,0,15.6,70.0,on,43,14,36,13,,,,
2017-12-18,14:02,329,,,1,67.5,70.8,on,47,15,34,13
2017-12-18,14:02,331,,,0,15.6,70.0,on,43,14,36,13,,,,
2017-12-18,14:02,329,,,1,67.5,70.8,on,47,15,34,13
2017-12-18,14:02,331,,,0,15.6,70.0,on,43,14,36,13,,,,
2017-12-18,14:02,329,,,1,67.5,70.8,on,47,15,34,13
2017-12-18,14:02,331,,,0,15.6,70.0,on,43,14,36,13,,,,
2017-12-18,14:03,329,,,1,67.5,70.8,on,47,15,34,13
2017-12-18,14:03,331,,,0,15.6,70.0,on,43,14,36,13,,,,
2017-12-18,14:03,329,,,1,67.5,70.8,on,47,15,34,13
2017-12-18,14:03,331,,,0,15.6,70.0,on,43,14,36,13,,,,
2017-12-18,14:03,329,,,1,67.5,70.8,on,47,15,34,13
2017-12-18,14:03,331,,,0,15.6,70.0,on,43,14,36,13,,,,
2017-12-18,14:04,329,,,1,67.5,70.8,on,47,15,34,13
2017-12-18,14:04,331,,,0,15.6,70.0,on,43,14,36,13,,,,
2017-12-18,14:04,329,,,1,67.5,70.8,on,47,15,34,13
2017-12-18,14:04,331,,,0,15.6,70.0,on,43,14,36,13,,,,
2017-12-18,14:04,329,,,1,67.5,70.8,on,47,15,34,13
2017-12-18,14:04,331,,,0,15.6,70.0,on,43,14,36,13,,,,
2017-12-18,14:05,329,,,1,67.5,70.8,on,47,15,34,13
2017-12-18,14:05,331,,,0,15.6,70.0,on,43,14,36,13,,,,
2017-12-18,14:05,329,,,1,67.5,70.8,on,47,15,34,13
2017-12-18,14:05,331,,,0,15.6,70.0,on,43,14,36,13,,,,
2017-12-18,14:05,329,,,1,67.5,70.8,on,47,15,34,13
2017-12-18,14:05,331,,,0,15.6,70.0,on,43,14,36,13,,,,
2017-12-18,14:06,329,,,1,67.5,70.8,on,47,15,34,13
2017-12-18,14:06,331,,,0,15.6,70.0,on,43,14,36,13,,,,
2017-12-18,14:06,329,,,1,67.5,70.8,on,47,15,34,13
2017-12-18,14:06,331,,,0,15.6,70.0,on,43,14,36,13,,,,
2017-12-18,14:06,329,,,1,67.5,70.8,on,47,15,34,13
2017-12-18,14:06,331,,,0,15.6,70.0,on,43,14,36,13,,,,
2017-12-18,14:07,329,,,1,67.5,70.8,on,47,15,34,13
2017-12-18,14:07,331,,,0,15.6,70.0,on,43,14,36,13,,,,
2017-12-18,14:07,329,,,1,67.5,70.8,on,47,15,34,13
2017-12-18,14:07,331,,,0,15.6,70.0,on,43,14,36,13,,,,
2017-12-18,14:07,329,,,1,67.5,70.8,on,47,15,34,13
2017-12-18,14:07,331,,,0,15.6,70.0,on,43,14,36,13,,,,
2017-12-18,14:08,329,,,1,67.5,70.8,on,47,15,34,13
2017-12-18,14:08,331,,,0,15.6,70.0,on,43,14,36,13,,,,
2017-12-18,14:08,329,,,1,67.5,70.8,on,47,15,34,13
2017-12-18,14:08,331,,,0,15.6,70.0,on,43,14,36,13,,,,
2017-12-18,14:08,329,,,1,67.5,70.8,on,47,15,34,13
2017-12-18,14:08,331,,,0,15.6,70.0,on,43,14,36,13,,,,
2017-12-18,14:08,329,,,1,67.5,70.8,on,47,15,34,13
2017-12-18,14:09,331,,,0,15.6,70.0,on,43,14,36,13,,,,
2017-12-18,14:09,329,,,1,67.5,70.8,on,47,15,34,13
2017-12-18,14:09,331,,,0,15.6,70.0,on,43,14,36,13,,,,
2017-12-18,14:09,329,,,1,67.5,70.8,on,47,15,34,13
2017-12-18,14:09,331,,,0,15.6,70.0,on,43,14,36,13,,,,
2017-12-18,14:09,329,,,1,67.5,70.8,on,47,15,34,13
2017-12-18,14:10,331,,,0,15.6,70.0,on,43,14,36,13,,,,
2017-12-18,14:10,329,,,1,67.5,70.8,on,47,15,34,13
2017-12-18,14:10,331,,,0,15.6,70.0,on,43,14,36,13,,,,
2017-12-18,14:10,329,,,1,67.5,70.8,on,47,15,34,13
2017-12-18,14:10,331,,,0,15.6,70.0,on,43,14,36,13,,,,
2017-12-18,14:10,329,,,1,67.5,70.8,on,47,15,34,13
2017-12-18,14:11,331,,,0,15.6,70.0,on,43,14,36,13,,,,
2017-12-18,14:11,329,,,1,67.5,70.8,on,47,15,34,13
2017-12-18,14:11,331,,,0,15.6,70.0,on,43,14,36,13,,,,
2017-12-18,14:11,329,,,1,67.5,70.8,on,47,15,34,13
2017-12-18,14:11,331,,,0,15.6,70.0,on,43,14,36,13,,,,
2017-12-18,14:11,329,,,1,67.5,70.8,on,47,15,34,13
2017-12-18,14:12,331,,,0,15.6,70.0,on,43,14,36,13,,,,
2017-12-18,14:12,329,,,1,67.5,70.8,on,47,15,34,13
2017-12-18,14:12,331,,,0,15.6,70.0,on,43,14,36,13,,,,
2017-12-18,14:12,329,,,1,67.5,70.8,on,47,15,34,13
2017-12-18,14:12,331,,,0,15.6,70.0,on,43,14,36,13,,,,
2017-12-18,14:12,329,,,1,67.5,70.8,on,47,15,34,13
2017-12-18,14:13,331,,,0,15.6,70.0,on,43,14,36,13,,,,
2017-12-18,14:13,329,,,1,67.5,70.8,on,47,15,34,13
2017-12-18,14:13,331,,,0,15.6,70.0,on,43,14,36,13,,,,
2017-12-18,14:13,329,,,1,67.5,70.8,on,47,15,34,13
2017-12-18,14:13,331,,,0,15.6,70.0,on,43,14,36,13,,,,
2017-12-18,14:13,329,,,1,67.5,70.8,on,47,15,34,13
2017-12-18,14:14,331,,,0,15.6,70.0,on,43,14,36,13,,,,
2017-12-18,14:14,329,,,1,67.5,70.8,on,47,15,34,13
2017-12-18,14:14,331,,,0,15.6,70.0,on,43,14,36,13,,,,
2017-12-18,14:14,329,,,1,67.5,70.8,on,47,15,34,13
2017-12-18,14:14,331,,,0,15.6,70.0,on,43,14,36,13,,,,
2017-12-18,14:14,329,,,1,67.5,70.8,on,47,15,34,13
2017-12-18,14:15,331,,,0,15.6,70.0,on,43,14,36,13,,,,
2017-12-18,14:15,329,,,1,67.5,70.8,on,47,15,34,13
2017-12-18,14:15,331,,,0,15.6,70.0,on,43,14,36,13,,,,
2017-12-18,14:15,329,,,1,67.5,70.8,on,47,15,34,13
2017-12-18,14:15,331,,,0,15.6,70.0,on,43,14,36,13,,,,
2017-12-18,14:15,329,,,1,67.5,70.8,on,47,15,34,13
2017-12-18,14:16,331,,,0,15.6,70.0,on,43,14,36,13,,,,
2017-12-18,14:16,329,,,1,67.5,70.8,on,47,15,34,13
2017-12-18,14:16,331,,,0,15.6,70.0,on,43,14,36,13,,,,
2017-12-18,14:16,329,,,1,67.5,70.8,on,47,15,34,13
2017-12-18,14:16,331,,,0,15.6,70.0,on,43,14,36,13,,,,
2017-12-18,14:16,329,,,1,67.5,70.8,on,47,15,34,13
2017-12-18,14:16,331,,,0,15.6,70.0,on,43,14,36,13,,,,
2017-12-18,14:17,329,,,1,67.5,70.8,on,47,15,34,13
2017-12-18,14:17,331,,,0,15.6,70.0,on,43,14,36,13,,,,
2017-12-18,14:17,329,,,1,67.5,70.8,on,47,15,34,13
2017-12-18,14:17,331,,,0,15.6,70.0,on,43,14,36,13,,,,
2017-12-18,14:17,329,,,1,67.5,70.8,on,47,15,34,13
2017-12-18,14:17,331,,,0,15.6,70.0,on,43,14,36,13,,,,
2017-12-18,14:18,329,,,1,67.5,70.8,on,47,15,34,13
2017-12-18,14:18,331,,,0,15.6,70.0,on,43,14,36,13,,,,
2017-12-18,14:18,329,,,1,67.5,70.8,on,47,15,34,13
2017-12-18,14:18,331,,,0,15.6,70.0,on,43,14,36,13,,,,
2017-12-18,14:18,329,,,1,67.5,70.8,on,47,15,34,13
2017-12-18,14:18,331,,,0,15.6,70.0,on,43,14,36,13,,,,
2017-12-18,14:19,329,,,1,67.5,70.8,on,47,15,34,13
2017-12-18,14:19,331,,,0,15.6,70.0,on,43,14,36,13,,,,
2017-12-18,14:19,329,,,1,67.5,70.8,on,47,15,34,13
2017-12-18,14:19,331,,,0,15.6,70.0,on,43,14,36,13,,,,
2017-12-18,14:19,329,,,1,67.5,70.8,on,47,15,34,13
2017-12-18,14:19,331,,,0,15.6,70.0,on,43,14,36,13,,,,
2017-12-18,14:20,329,,,1,67.5,70.8,on,47,15,34,13
2017-12-18,14:20,331,,,0,15.6,70.0,on,43,14,36,13,,,,
2017-12-18,14:20,329,,,1,67.5,70.8,on,47,15,34,13
2017-12-18,14:20,331,,,0,15.6,70.0,on,43,14,36,13,,,,
2017-12-18,14:20,329,,,1,67.5,70.8,on,47,15,34,13
2017-12-18,14:20,331,,,0,15.6,70.0,on,43,14,36,13,,,,
2017-12-18,14:21,329,,,1,67.5,70.8,on,47,15,34,13
2017-12-18,14:21,331,,,0,15.6,70.0,on,43,14,36,13,,,,
2017-12-18,14:21,329,,,1,67.5,70.8,on,47,15,34,13
2017-12-18,14:21,331,,,0,15.6,70.0,on,43,14,36,13,,,,
2017-12-18,14:21,329,,,1,67.5,70.8,on,47,15,34,13
2017-12-18,14:21,331,,,0,15.6,70.0,on,43,14,36,13,,,,
2017-12-18,14:22,329,,,1,67.5,70.8,on,47,15,34,13
2017-12-18,14:22,331,,,0,15.6,70.0,on,43,14,36,13,,,,
2017-12-18,14:22,329,,,1,67.5,70.8,on,47,15,34,13
2017-12-18,14:22,331,,,0,15.6,70.0,on,43,14,36,13,,,,
2017-12-18,14:22,329,,,1,67.5,70.8,on,47,15,34,13
2017-12-18,14:22,331,,,0,15.6,70.0,on,43,14,36,13,,,,
2017-12-18,14:22,329,,,1,67.5,70.8,on,47,15,34,13
2017-12-18,14:23,331,,,0,15.6,70.0,on,43,14,36,13,,,,
2017-12-18,14:23,329,,,1,67.5,70.8,on,47,15,34,13
2017-12-18,14:23,331,,,0,15.6,70.0,on,43,14,36,13,,,,
2017-12-18,14:23,329,,,1,67.5,70.8,on,47,15,34,13
2017-12-18,14:23,331,,,0,15.6,70.0,on,43,14,36,13,,,,
2017-12-18,14:23,329,,,1,67.5,70.8,on,47,15,34,13
2017-12-18,14:24,331,,,0,15.6,70.0,on,43,14,36,13,,,,
2017-12-18,14:24,329,,,1,67.5,70.8,on,47,15,34,13
2017-12-18,14:24,331,,,0,15.6,70.0,on,43,14,36,13,,,,
2017-12-18,14:24,329,,,1,67.5,70.8,on,47,15,34,13
2017-12-18,14:24,331,,,0,15.6,70.0,on,43,14,36,13,,,,
2017-12-18,14:24,329,,,1,67.5,70.8,on,47,15,34,13
2017-12-18,14:25,331,,,0,15.6,70.0,on,43,14,36,13,,,,
2017-12-18,14:25,329,,,1,67.5,70.8,on,47,15,34,13
2017-12-18,14:25,331,,,0,15.6,70.0,on,43,14,36,13,,,,
2017-12-18,14:25,329,,,1,67.5,70.8,on,47,15,34,13
2017-12-18,14:25,331,,,0,15.6,70.0,on,43,14,36,13,,,,
2017-12-18,14:25,329,,,1,67.5,70.8,on,47,15,34,13
2017-12-18,14:26,331,,,0,15.6,70.0,on,43,14,36,13,,,,
2017-12-18,14:26,329,,,1,67.5,70.8,on,47,15,34,13
2017-12-18,14:26,331,,,0,15.6,70.0,on,43,14,36,13,,,,
2017-12-18,14:26,329,,,1,67.5,70.8,on,47,15,34,13
2017-12-18,14:26,331,,,0,15.6,70.0,on,43,14,36,13,,,,
2017-12-18,14:26,329,,,1,67.5,70.8,on,47,15,34,13
2017-12-18,14:27,331,,,0,15.6,70.0,on,43,14,36,13,,,,
2017-12-18,14:27,329,,,1,67.5,70.8,on,47,15,34,13
2017-12-18,14:27,331,,,0,15.6,70.0,on,43,14,36,13,,,,
2017-12-18,14:27,329,,,1,67.5,70.8,on,47,15,34,13
2017-12-18,14:27,331,,,0,15.6,70.0,on,43,14,36,13,,,,
2017-12-18,14:27,329,,,1,67.5,70.8,on,47,15,34,13
2017-12-18,14:28,331,,,0,15.6,70.0,on,43,14,36,13,,,,
2017-12-18,14:28,329,,,1,67.5,70.8,on,47,15,34,13
2017-12-18,14:28,331,,,0,15.6,70.0,on,43,14,36,13,,,,
2017-12-18,14:28,329,,,1,67.5,70.8,on,47,15,34,13
2017-12-18,14:28,331,,,0,15.6,70.0,on,43,14,36,13,,,,
2017-12-18,14:28,329,,,1,67.5,70.8,on,47,15,34,13
2017-12-18,14:29,331,,,0,15.6,70.0,on,43,14,36,13,,,,
2017-12-18,14:29,329,,,1,67.5,70.8,on,47,15,34,13
2017-12-18,14:29,331,,,0,15.6,70.0,on,43,14,36,13,,,,
2017-12-18,14:29,329,,,1,67.5,70.8,on,47,15,34,13
2017-12-18,14:29,331,,,0,15.6,70.0,on,43,14,36,13,,,,
2017-12-18,14:29,329,,,1,67.5,70.8,on,47,15,34,13
2017-12-18,14:30,331,,,0,15.6,70.0,on,43,14,36,13,,,,
2017-12-18,14:30,329,,,1,67.5,70.8,on,47,15,34,13
2017-12-18,14:30,331,,,0,15.6,70.0,on,43,14,36,13,,,,
2017-12-18,14:30,329,,,1,67.5,70.8,on,47,15,34,13
2017-12-18,14:30,331,,,0,15.6,70.0,on,43,14,36,13,,,,
2017-12-18,14:30,329,,,1,67.5,70.8,on,47,15,34,13
2017-12-18,14:31,331,,,0,15.6,70.0,on,43,14,36,13,,,,
2017-12-18,14:31,329,,,1,67.5,70.8,on,47,15,34,13
2017-12-18,14:31,331,,,0,15.6,70.0,on,43,14,36,13,,,,
2017-12-18,14:31,329,,,1,67.5,70.8,on,47,15,34,13
2017-12-18,14:31,331,,,0,15.6,70.0,on,43,14,36,13,,,,
2017-12-18,14:31,329,,,1,67.5,70.8,on,47,15,34,13
2017-12-18,14:31,331,,,0,15.6,70.0,on,43,14,36,13,,,,
2017-12-18,14:32,329,,,1,67.5,70.8,on,47,15,34,13
2017-12-18,14:32,331,,,0,15.6,70.0,on,43,14,36,13,,,,
2017-12-18,14:32,329,,,1,67.5,70.8,on,47,15,34,13
2017-12-18,14:32,331,,,0,15.6,70.0,on,43,14,36,13,,,,
2017-12-18,14:32,329,,,1,67.5,70.8,on,47,15,34,13
2017-12-18,14:32,331,,,0,15.6,70.0,on,43,14,36,13,,,,
2017-12-18,14:33,329,,,1,67.5,70.8,on,47,15,34,13
2017-12-18,14:33,331,,,0,15.6,70.0,on,43,14,36,13,,,,
2017-12-18,14:33,329,,,1,67.5,70.8,on,47,15,34,13
2017-12-18,14:33,331,,,0,15.6,70.0,on,43,14,36,13,,,,
2017-12-18,14:33,329,,,1,67.5,70.8,on,47,15,34,13
2017-12-18,14:33,331,,,0,15.6,70.0,on,43,14,36,13,,,,
2017-12-18,14:34,329,,,1,67.5,70.8,on,47,15,34,13
2017-12-18,14:34,331,,,0,15.6,70.0,on,43,14,36,13,,,,
2017-12-18,14:34,329,,,1,67.5,70.8,on,47,15,34,13
2017-12-18,14:34,331,,,0,15.6,70.0,on,43,14,36,13,,,,
2017-12-18,14:34,329,,,1,67.5,70.8,on,47,15,34,13
2017-12-18,14:34,331,,,0,15.6,70.0,on,43,14,36,13,,,,
2017-12-18,14:35,329,,,1,67.5,70.8,on,47,15,34,13
2017-12-18,14:35,331,,,0,15.6,70.0,on,43,14,36,13,,,,
2017-12-18,14:35,329,,,1,67.5,70.8,on,47,15,34,13
2017-12-18,14:35,331,,,0,15.6,70.0,on,43,14,36,13,,,,
2017-12-18,14:35,329,,,1,67.5,70.8,on,47,15,34,13
2017-12-18,14:35,331,,,0,15.6,70.0,on,43,14,36,13,,,,
2017-12-18,14:36,329,,,1,67.5,70.8,on,47,15,34,13
2017-12-18,14:36,331,,,0,15.6,70.0,on,43,14,36,13,,,,
2017-12-18,14:36,329,,,1,67.5,70.8,on,47,15,34,13
2017-12-18,14:36,331,,,0,15.6,70.0,on,43,14,36,13,,,,
2017-12-18,14:36,329,,,1,67.5,70.8,on,47,15,34,13
2017-12-18,14:36,331,,,0,15.6,70.0,on,43,14,36,13,,,,
2017-12-18,14:36,329,,,1,67.5,70.8,on,47,15,34,13
2017-12-18,14:37,331,,,0,15.6,70.0,on,43,14,36,13,,,,
2017-12-18,14:37,329,,,1,67.5,70.8,on,47,15,34,13
2017-12-18,14:37,331,,,0,15.6,70.0,on,43,14,36,13,,,,
2017-12-18,14:37,329,,,1,67.5,70.8,on,47,15,34,13
2017-12-18,14:37,331,,,0,15.6,70.0,on,43,14,36,13,,,,
2017-12-18,14:37,329,,,1,67.5,70.8,on,47,15,34,13
2017-12-18,14:38,331,,,0,15.6,70.0,on,43,14,36,13,,,,
2017-12-18,14:38,329,,,1,67.5,70.8,on,47,15,34,13
2017-12-18,14:38,331,,,0,15.6,70.0,on,43,14,36,13,,,,
2017-12-18,14:38,329,,,1,67.5,70.8,on,47,15,34,13
2017-12-18,14:38,331,,,0,15.6,70.0,on,43,14,36,13,,,,
2017-12-18,14:38,329,,,1,67.5,70.8,on,47,15,34,13
2017-12-18,14:39,331,,,0,15.6,70.0,on,43,14,36,13,,,,
2017-12-18,14:39,329,,,1,67.5,70.8,on,47,15,34,13
2017-12-18,14:39,331,,,0,15.6,70.0,on,43,14,36,13,,,,
2017-12-18,14:39,329,,,1,67.5,70.8,on,47,15,34,13
2017-12-18,14:39,331,,,0,15.6,70.0,on,43,14,36,13,,,,
2017-12-18,14:39,329,,,1,67.5,70.8,on,47,15,34,13
2017-12-18,14:40,331,,,0,15.6,70.0,on,43,14,36,13,,,,
2017-12-18,14:40,329,,,1,67.5,70.8,on,47,15,34,13
2017-12-18,14:40,331,,,0,15.6,70.0,on,43,14,36,13,,,,
2017-12-18,14:40,329,,,1,67.5,70.8,on,47,15,34,13
2017-12-18,14:40,331,,,0,15.6,70.0,on,43,14,36,13,,,,
2017-12-18,14:40,329,,,1,67.5,70.8,on,47,15,34,13
2017-12-18,14:41,331,,,0,15.6,70.0,on,43,14,36,13,,,,
2017-12-18,14:41,329,,,1,67.5,70.8,on,47,15,34,13
2017-12-18,14:41,331,,,0,15.6,70.0,on,43,14,36,13,,,,
2017-12-18,14:41,329,,,1,67.5,70.8,on,47,15,34,13
2017-12-18,14:41,331,,,0,15.6,70.0,on,43,14,36,13,,,,
2017-12-18,14:41,329,,,1,67.5,70.8,on,47,15,34,13
2017-12-18,14:42,331,,,0,15.6,70.0,on,43,14,36,13,,,,
2017-12-18,14:42,329,,,1,67.5,70.8,on,47,15,34,13
2017-12-18,14:42,331,,,0,15.6,70.0,on,43,14,36,13,,,,
2017-12-18,14:42,329,,,1,67.5,70.8,on,47,15,34,13
2017-12-18,14:42,331,,,0,15.6,70.0,on,43,14,36,13,,,,
2017-12-18,14:42,329,,,1,67.5,70.8,on,47,15,34,13
2017-12-18,14:43,331,,,0,15.6,70.0,on,43,14,36,13,,,,
2017-12-18,14:43,329,,,1,67.5,70.8,on,47,15,34,13
2017-12-18,14:43,331,,,0,15.6,70.0,on,43,14,36,13,,,,
2017-12-18,14:43,329,,,1,67.5,70.8,on,47,15,34,13
2017-12-18,14:43,331,,,0,15.6,70.0,on,43,14,36,13,,,,
2017-12-18,14:43,329,,,1,67.5,70.8,on,47,15,34,13
2017-12-18,14:44,331,,,0,15.6,70.0,on,43,14,36,13,,,,
2017-12-18,14:44,329,,,1,67.5,70.8,on,47,15,34,13
2017-12-18,14:44,331,,,0,15.6,70.0,on,43,14,36,13,,,,
2017-12-18,14:44,329,,,1,67.5,70.8,on,47,15,34,13
2017-12-18,14:44,331,,,0,15.6,70.0,on,43,14,36,13,,,,
2017-12-18,14:44,329,,,1,67.5,70.8,on,47,15,34,13
2017-12-18,14:45,331,,,0,15.6,70.0,on,43,14,36,13,,,,
2017-12-18,14:45,329,,,1,67.5,70.8,on,47,15,34,13
2017-12-18,14:45,331,,,0,15.6,70.0,on,43,14,36,13,,,,
2017-12-18,14:45,329,,,1,67.5,70.8,on,47,15,34,13
2017-12-18,14:45,331,,,0,15.6,70.0,on,43,14,36,13,,,,
2017-12-18,14:45,329,,,1,67.5,70.8,on,47,15,34,13
2017-12-18,14:45,331,,,0,15.6,70.0,on,43,14,36,13,,,,
2017-12-18,14:46,329,,,1,67.5,70.8,on,47,15,34,13
2017-12-18,14:46,331,,,0,15.6,70.0,on,43,14,36,13,,,,
2017-12-18,14:46,329,,,1,67.5,70.8,on,47,15,34,13
2017-12-18,14:46,331,,,0,15.6,70.0,on,43,14,36,13,,,,
2017-12-18,14:46,329,,,1,67.5,70.8,on,47,15,34,13
2017-12-18,14:46,331,,,0,15.6,70.0,on,43,14,36,13,,,,
2017-12-18,14:47,329,,,1,67.5,70.8,on,47,15,34,13
2017-12-18,14:47,331,,,0,15.6,70.0,on,43,14,36,13,,,,
2017-12-18,14:47,329,,,1,67.5,70.8,on,47,15,34,13
2017-12-18,14:47,331,,,0,15.6,70.0,on,43,14,36,13,,,,
2017-12-18,14:47,329,,,1,67.5,70.8,on,47,15,34,13
2017-12-18,14:47,331,,,0,15.6,70.0,on,43,14,36,13,,,,
2017-12-18,14:48,329,,,1,67.5,70.8,on,47,15,34,13
2017-12-18,14:48,331,,,0,15.6,70.0,on,43,14,36,13,,,,
2017-12-18,14:48,329,,,1,67.5,70.8,on,47,15,34,13
2017-12-18,14:48,331,,,0,15.6,70.0,on,43,14,36,13,,,,
2017-12-18,14:48,329,,,1,67.5,70.8,on,47,15,34,13
2017-12-18,14:48,331,,,0,15.6,70.0,on,43,14,36,13,,,,
2017-12-18,14:49,329,,,1,67.5,70.8,on,47,15,34,13
2017-12-18,14:49,331,,,0,15.6,70.0,on,43,14,36,13,,,,
2017-12-18,14:49,329,,,1,67.5,70.8,on,47,15,34,13
2017-12-18,14:49,331,,,0,15.6,70.0,on,43,14,36,13,,,,
2017-12-18,14:49,329,,,1,67.5,70.8,on,47,15,34,13
2017-12-18,14:49,331,,,0,15.6,70.0,on,43,14,36,13,,,,
2017-12-18,14:50,329,,,1,67.5,70.8,on,47,15,34,13
2017-12-18,14:50,331,,,0,15.6,70.0,on,43,14,36,13,,,,
2017-12-18,14:50,329,,,1,67.5,70.8,on,47,15,34,13
2017-12-18,14:50,331,,,0,15.6,70.0,on,43,14,36,13,,,,
2017-12-18,14:50,329,,,1,67.5,70.8,on,47,15,34,13
2017-12-18,14:50,331,,,0,15.6,70.0,on,43,14,36,13,,,,
2017-12-18,14:50,329,,,1,67.5,70.8,on,47,15,34,13
2017-12-18,14:51,331,,,0,15.6,70.0,on,43,14,36,13,,,,
2017-12-18,14:51,329,,,1,67.5,70.8,on,47,15,34,13
2017-12-18,14:51,331,,,0,15.6,70.0,on,43,14,36,13,,,,
2017-12-18,14:51,329,,,1,67.5,70.8,on,47,15,34,13
2017-12-18,14:51,331,,,0,15.6,70.0,on,43,14,36,13,,,,
2017-12-18,14:51,329,,,1,67.5,70.8,on,47,15,34,13
2017-12-18,14:52,331,,,0,15.6,70.0,on,43,14,36,13,,,,
2017-12-18,14:52,329,,,1,67.5,70.8,on,47,15,34,13
2017-12-18,14:52,331,,,0,15.6,70.0,on,43,14,36,13,,,,
2017-12-18,14:52,329,,,1,67.5,70.8,on,47,15,34,13
2017-12-18,14:52,331,,,0,15.6,70.0,on,43,14,36,13,,,,
2017-12-18,14:52,329,,,1,67.5,70.8,on,47,15,34,13
2017-12-18,14:53,331,,,0,15.6,70.0,on,43,14,36,13,,,,
2017-12-18,14:53,329,,,1,67.5,70.8,on,47,15,34,13
2017-12-18,14:53,331,,,0,15.6,70.0,on,43,14,36,13,,,,
2017-12-18,14:53,329,,,1,67.5,70.8,on,47,15,34,13
2017-12-18,14:53,331,,,0,15.6,70.0,on,43,14,36,13,,,,
2017-12-18,14:53,329,,,1,67.5,70.8,on,47,15,34,13
2017-12-18,14:54,331,,,0,15.6,70.0,on,43,14,36,13,,,,
2017-12-18,14:54,329,,,1,67.5,70.8,on,47,15,34,13
2017-12-18,14:54,331,,,0,15.6,70.0,on,43,14,36,13,,,,
2017-12-18,14:54,329,,,1,67.5,70.8,on,47,15,34,13
2017-12-18,14:54,331,,,0,15.6,70.0,on,43,14,36,13,,,,
2017-12-18,14:54,329,,,1,67.5,70.8,on,47,15,34,13
2017-12-18,14:55,331,,,0,15.6,70.0,on,43,14,36,13,,,,
2017-12-18,14:55,329,,,1,67.5,70.8,on,47,15,34,13
2017-12-18,14:55,331,,,0,15.6,70.0,on,43,14,36,13,,,,
2017-12-18,14:55,329,,,1,67.5,70.8,on,47,15,34,13
2017-12-18,14:55,331,,,0,15.6,70.0,on,43,14,36,13,,,,
2017-12-18,14:55,329,,,1,67.5,70.8,on,47,15,34,13
2017-12-18,14:56,331,,,0,15.6,70.0,on,43,14,36,13,,,,
2017-12-18,14:56,329,,,1,67.5,70.8,on,47,15,34,13
2017-12-18,14:56,331,,,0,15.6,70.0,on,43,14,36,13,,,,
2017-12-18,14:56,329,,,1,67.5,70.8,on,47,15,34,13
2017-12-18,14:56,331,,,0,15.6,70.0,on,43,14,36,13,,,,
2017-12-18,14:56,329,,,1,67.5,70.8,on,47,15,34,13
2017-12-18,14:57,331,,,0,15.6,70.0,on,43,14,36,13,,,,
2017-12-18,14:57,329,,,1,67.5,70.8,on,47,15,34,13
2017-12-18,14:57,331,,,0,15.6,70.0,on,43,14,36,13,,,,
2017-12-18,14:57,329,,,1,67.5,70.8,on,47,15,34,13
2017-12-18,14:57,331,,,0,15.6,70.0,on,43,14,36,13,,,,
2017-12-18,14:57,329,,,1,67.5,70.8,on,47,15,34,13
2017-12-18,14:58,331,,,0,15.6,70.0,on,43,14,36,13,,,,
2017-12-18,14:58,329,,,1,67.5,70.8,on,47,15,34,13
2017-12-18,14:58,331,,,0,15.6,70.0,on,43,14,36,13,,,,
2017-12-18,14:58,329,,,1,67.5,70.8,on,47,15,34,13
2017-12-18,14:58,331,,,0,15.6,70.0,on,43,14,36,13,,,,
2017-12-18,14:58,329,,,1,67.5,70.8,on,47,15,34,13
2017-12-18,14:59,331,,,0,15.6,70.0,on,43,14,36,13,,,,
2017-12-18,14:59,329,,,1,67.5,70.8,on,47,15,34,13
2017-12-18,14:59,331,,,0,15.6,70.0,on,43,14,36,13,,,,
2017-12-18,14:59,329,,,1,67.5,70.8,on,47,15,34,13
2017-12-18,14:59,331,,,0,15.6,70.0,on,43,14,36,13,,,,
2017-12-18,14:59,329,,,1,67.5,70.8,on,47,15,34,13
2017-12-18,14:59,331,,,0,15.6,70.0,on,43,14,36,13,,,,
2017-12-18,15:00,329,,,1,67.5,70.8,on,47,15,34,13
2017-12-18,15:00,331,,,0,15.6,70.0,on,43,14,36,13,,,,
2017-12-18,15:00,329,,,1,67.5,70.8,on,47,15,34,13
2017-12-18,15:00,331,,,0,15.6,70.0,on,43,14,36,13,,,,
2017-12-18,15:00,329,,,1,67.5,70.8,on,47,15,34,13
2017-12-18,15:00,331,,,0,15.6,70.0,on,43,14,36,13,,,,
2017-12-18,15:01,329,,,1,67.5,70.8,on,47,15,34,13
2017-12-18,15:01,331,,,0,15.6,70.0,on,43,14,36,13,,,,
2017-12-18,15:01,329,,,1,67.5,70.8,on,47,15,34,13
2017-12-18,15:01,331,,,0,15.6,70.0,on,43,14,36,13,,,,
2017-12-18,15:01,329,,,1,67.5,70.8,on,47,15,34,13
2017-12-18,15:01,331,,,0,15.6,70.0,on,43,14,36,13,,,,
2017-12-18,15:02,329,,,1,67.5,70.8,on,47,15,34,13
2017-12-18,15:02,331,,,0,15.6,70.0,on,43,14,36,13,,,,
2017-12-18,15:02,329,,,1,67.5,70.8,on,47,15,34,13
2017-12-18,15:02,331,,,0,15.6,70.0,on,43,14,36,13,,,,
2017-12-18,15:02,329,,,1,67.5,70.8,on,47,15,34,13
2017-12-18,15:02,331,,,0,15.6,70.0,on,43,14,36,13,,,,
2017-12-18,15:03,329,,,1,67.5,70.8,on,47,15,34,13
2017-12-18,15:03,331,,,0,15.6,70.0,on,43,14,36,13,,,,
2017-12-18,15:03,329,,,1,67.5,70.8,on,47,15,34,13
2017-12-18,15:03,331,,,0,15.6,70.0,on,43,14,36,13,,,,
2017-12-18,15:03,329,,,1,67.5,70.8,on,47,15,34,13
2017-12-18,15:03,331,,,0,15.6,70.0,on,43,14,36,13,,,,
2017-12-18,15:04,329,,,1,67.5,70.8,on,47,15,34,13
2017-12-18,15:04,331,,,0,15.6,70.0,on,43,14,36,13,,,,
2017-12-18,15:04,329,,,1,67.5,70.8,on,47,15,34,13
2017-12-18,15:04,331,,,0,15.6,70.0,on,43,14,36,13,,,,
2017-12-18,15:04,329,,,1,67.5,70.8,on,47,15,34,13
2017-12-18,15:04,331,,,0,15.6,70.0,on,43,14,36,13,,,,
2017-12-18,15:04,329,,,1,67.5,70.8,on,47,15,34,13
2017-12-18,15:05,331,,,0,15.6,70.0,on,43,14,36,13,,,,
2017-12-18,15:05,329,,,1,67.5,70.8,on,47,15,34,13
2017-12-18,15:05,331,,,0,15.6,70.0,on,43,14,36,13,,,,
2017-12-18,15:05,329,,,1,67.5,70.8,on,47,15,34,13
2017-12-18,15:05,329,,,1,67.5,70.8,on,47,15,34,13
2017-12-18,15:05,331,,,0,15.6,70.0,on,43,14,36,13,,,,
2017-12-18,15:06,329,,,1,67.5,70.8,on,47,15,34,13
2017-12-18,15:06,331,,,0,15.6,70.0,on,43,14,36,13,,,,
2017-12-18,15:06,329,,,1,67.5,70.8,on,47,15,34,13
2017-12-18,15:06,331,,,0,15.6,70.0,on,43,14,36,13,,,,
2017-12-18,15:06,329,,,1,67.5,70.8,on,47,15,34,13
2017-12-18,15:06,331,,,0,15.6,70.0,on,43,14,36,13,,,,
2017-12-18,15:06,329,,,1,67.5,70.8,on,47,15,34,13
2017-12-18,15:07,329,,,1,67.5,70.8,on,47,15,34,13
2017-12-18,15:07,331,,,0,15.6,70.0,on,43,14,36,13,,,,
2017-12-18,15:07,329,,,1,67.5,70.8,on,47,15,34,13
2017-12-18,15:07,331,,,0,15.6,70.0,on,43,14,36,13,,,,
2017-12-18,15:07,329,,,1,67.5,70.8,on,47,15,34,13
2017-12-18,15:07,331,,,0,15.6,70.0,on,43,14,36,13,,,,
2017-12-18,15:07,329,,,1,67.5,70.8,on,47,15,34,13
2017-12-18,15:08,331,,,0,15.6,70.0,on,43,14,36,13,,,,
2017-12-18,15:08,329,,,1,67.5,70.8,on,47,15,34,13
2017-12-18,15:08,329,,,1,67.5,70.8,on,47,15,34,13
2017-12-18,15:08,331,,,0,15.6,70.0,on,43,14,36,13,,,,
2017-12-18,15:08,329,,,1,67.5,70.8,on,47,15,34,13
2017-12-18,15:08,331,,,0,15.6,70.0,on,43,14,36,13,,,,
2017-12-18,15:08,329,,,1,67.5,70.8,on,47,15,34,13
2017-12-18,15:09,331,,,0,15.6,70.0,on,43,14,36,13,,,,
2017-12-18,15:09,329,,,1,67.5,70.8,on,47,15,34,13
2017-12-18,15:09,331,,,0,15.6,70.0,on,43,14,36,13,,,,
2017-12-18,15:09,329,,,1,67.5,70.8,on,47,15,34,13
2017-12-18,15:09,329,,,1,67.5,70.8,on,47,15,34,13
2017-12-18,15:09,331,,,0,15.6,70.0,on,43,14,36,13,,,,
2017-12-18,15:09,329,,,1,67.5,70.8,on,47,15,34,13
2017-12-18,15:10,331,,,0,15.6,70.0,on,43,14,36,13,,,,
2017-12-18,15:10,329,,,1,67.5,70.8,on,47,15,34,13
2017-12-18,15:10,331,,,0,15.6,70.0,on,43,14,36,13,,,,
2017-12-18,15:10,329,,,1,67.5,70.8,on,47,15,34,13
2017-12-18,15:10,331,,,0,15.6,70.0,on,43,14,36,13,,,,
2017-12-18,15:10,329,,,1,67.5,70.8,on,47,15,34,13
2017-12-18,15:11,329,,,1,67.5,70.8,on,47,15,34,13
2017-12-18,15:11,331,,,0,15.6,70.0,on,43,14,36,13,,,,
2017-12-18,15:11,329,,,1,67.5,70.8,on,47,15,34,13
2017-12-18,15:11,331,,,0,15.6,70.0,on,43,14,36,13,,,,
2017-12-18,15:11,329,,,1,67.5,70.8,on,47,15,34,13
2017-12-18,15:11,331,,,0,15.6,70.0,on,43,14,36,13,,,,
2017-12-18,15:11,329,,,1,67.5,70.8,on,47,15,34,13
2017-12-18,15:12,331,,,0,15.6,70.0,on,43,14,36,13,,,,
2017-12-18,15:12,329,,,1,67.5,70.8,on,47,15,34,13
2017-12-18,15:12,329,,,1,67.5,70.8,on,47,15,34,13
2017-12-18,15:12,331,,,0,15.6,70.0,on,43,14,36,13,,,,
2017-12-18,15:12,329,,,1,67.5,70.8,on,47,15,34,13
2017-12-18,15:12,331,,,0,15.6,70.0,on,43,14,36,13,,,,
2017-12-18,15:12,329,,,1,67.5,70.8,on,47,15,34,13
2017-12-18,15:13,331,,,0,15.6,70.0,on,43,14,36,13,,,,
2017-12-18,15:13,329,,,1,67.5,70.8,on,47,15,34,13
2017-12-18,15:13,331,,,0,15.6,70.0,on,43,14,36,13,,,,
2017-12-18,15:13,329,,,1,67.5,70.8,on,47,15,34,13
2017-12-18,15:13,329,,,1,67.5,70.8,on,47,15,34,13
2017-12-18,15:13,331,,,0,15.6,70.0,on,43,14,36,13,,,,
2017-12-18,15:13,329,,,1,67.5,70.8,on,47,15,34,13
2017-12-18,15:13,331,,,0,15.6,70.0,on,43,14,36,13,,,,
2017-12-18,15:14,329,,,1,67.5,70.8,on,47,15,34,13
2017-12-18,15:14,331,,,0,15.6,70.0,on,43,14,36,13,,,,
2017-12-18,15:14,329,,,1,67.5,70.8,on,47,15,34,13
2017-12-18,15:14,331,,,0,15.6,70.0,on,43,14,36,13,,,,
2017-12-18,15:14,329,,,1,67.5,70.8,on,47,15,34,13
2017-12-18,15:14,329,,,1,67.5,70.8,on,47,15,34,13
2017-12-18,15:14,331,,,0,15.6,70.0,on,43,14,36,13,,,,
2017-12-18,15:15,329,,,1,67.5,70.8,on,47,15,34,13
2017-12-18,15:15,331,,,0,15.6,70.0,on,43,14,36,13,,,,
2017-12-18,15:15,329,,,1,67.5,70.8,on,47,15,34,13
2017-12-18,15:15,331,,,0,15.6,70.0,on,43,14,36,13,,,,
2017-12-18,15:15,329,,,1,67.5,70.8,on,47,15,34,13
2017-12-18,15:15,331,,,0,15.6,70.0,on,43,14,36,13,,,,
2017-12-18,15:15,329,,,1,67.5,70.8,on,47,15,34,13
2017-12-18,15:16,329,,,1,67.5,70.8,on,47,15,34,13
2017-12-18,15:16,331,,,0,15.6,70.0,on,43,14,36,13,,,,
2017-12-18,15:16,329,,,1,67.5,70.8,on,47,15,34,13
2017-12-18,15:16,331,,,0,15.6,70.0,on,43,14,36,13,,,,
2017-12-18,15:16,329,,,1,67.5,70.8,on,47,15,34,13
2017-12-18,15:16,331,,,0,15.6,70.0,on,43,14,36,13,,,,
2017-12-18,15:17,329,,,1,67.5,70.8,on,47,15,34,13
2017-12-18,15:17,331,,,0,15.6,70.0,on,43,14,36,13,,,,
2017-12-18,15:17,329,,,1,67.5,70.8,on,47,15,34,13
2017-12-18,15:17,329,,,1,67.5,70.8,on,47,15,34,13
2017-12-18,15:17,331,,,0,15.6,70.0,on,43,14,36,13,,,,
2017-12-18,15:17,329,,,1,67.5,70.8,on,47,15,34,13
2017-12-18,15:17,331,,,0,15.6,70.0,on,43,14,36,13,,,,
2017-12-18,15:18,329,,,1,67.5,70.8,on,47,15,34,13
2017-12-18,15:18,331,,,0,15.6,70.0,on,43,14,36,13,,,,
2017-12-18,15:18,329,,,1,67.5,70.8,on,47,15,34,13
2017-12-18,15:18,331,,,0,15.6,70.0,on,43,14,36,13,,,,
2017-12-18,15:18,329,,,1,67.5,70.8,on,47,15,34,13
2017-12-18,15:18,329,,,1,67.5,70.8,on,47,15,34,13
2017-12-18,15:18,331,,,0,15.6,70.0,on,43,14,36,13,,,,
2017-12-18,15:19,329,,,1,67.5,70.8,on,47,15,34,13
2017-12-18,15:19,331,,,0,15.6,70.0,on,43,14,36,13,,,,
2017-12-18,15:19,329,,,1,67.5,70.8,on,47,15,34,13
2017-12-18,15:19,331,,,0,15.6,70.0,on,43,14,36,13,,,,
2017-12-18,15:19,329,,,1,67.5,70.8,on,47,15,34,13
2017-12-18,15:19,331,,,0,15.6,70.0,on,43,14,36,13,,,,
2017-12-18,15:19,329,,,1,67.5,70.8,on,47,15,34,13
2017-12-18,15:20,329,,,1,67.5,70.8,on,47,15,34,13
2017-12-18,15:20,331,,,0,15.6,70.0,on,43,14,36,13,,,,
2017-12-18,15:20,329,,,1,67.5,70.8,on,47,15,34,13
2017-12-18,15:20,331,,,0,15.6,70.0,on,43,14,36,13,,,,
2017-12-18,15:20,329,,,1,67.5,70.8,on,47,15,34,13
2017-12-18,15:20,331,,,0,15.6,70.0,on,43,14,36,13,,,,
2017-12-18,15:20,329,,,1,67.5,70.8,on,47,15,34,13
2017-12-18,15:21,331,,,0,15.6,70.0,on,43,14,36,13,,,,
2017-12-18,15:21,329,,,1,67.5,70.8,on,47,15,34,13
2017-12-18,15:21,329,,,1,67.5,70.8,on,47,15,34,13
2017-12-18,15:21,331,,,0,15.6,70.0,on,43,14,36,13,,,,
2017-12-18,15:21,329,,,1,67.5,70.8,on,47,15,34,13
2017-12-18,15:21,331,,,0,15.6,70.0,on,43,14,36,13,,,,
2017-12-18,15:21,329,,,1,67.5,70.8,on,47,15,34,13
2017-12-18,15:22,331,,,0,15.6,70.0,on,43,14,36,13,,,,
2017-12-18,15:22,329,,,1,67.5,70.8,on,47,15,34,13
